{
  "features": [
    {
      "geometry": {
        "coordinates": [
          [
            -117.64424694551445,
            33.53497061454965
          ],
          [
            -117.64433691761384,
            33.534955169538556
          ],
          [
            -117.64442807626101,
            33.53494579324566
          ],
          [
            -117.64451983778916,
            33.534942547211124
          ],
          [
            -117.64461161570249,
            33.5349454506278
          ],
          [
            -117.64470282291471,
            33.53495448572647
          ],
          [
            -117.64479287708818,
            33.53496959501097
          ],
          [
            -117.64488120063308,
            33.5349906812581
          ],
          [
            -117.64496723150141,
            33.53501760919985
          ],
          [
            -117.64505041784659,
            33.53505020828845
          ],
          [
            -117.64512506999871,
            33.535078627922246
          ],
          [
            -117.64520279122897,
            33.53510053158314
          ],
          [
            -117.64528277246201,
            33.535115690279916
          ],
          [
            -117.64536418210297,
            33.535123948314606
          ],
          [
            -117.6454461724111,
            33.53512521780102
          ],
          [
            -117.64552789039614,
            33.535119486658076
          ],
          [
            -117.64560848635945,
            33.53510681400554
          ],
          [
            -117.64568712147414,
            33.53508733278422
          ],
          [
            -117.64576297737403,
            33.53506124333633
          ],
          [
            -117.6458352659445,
            33.53502881960736
          ],
          [
            -117.64590323451819,
            33.534990397365355
          ],
          [
            -117.64596617560821,
            33.53494637679667
          ],
          [
            -117.64602343434294,
            33.534897216110075
          ],
          [
            -117.64607441591608,
            33.53484342604246
          ],
          [
            -117.64611858984895,
            33.53478556710579
          ],
          [
            -117.64614576033972,
            33.53474564551128
          ],
          [
            -117.64614927723498,
            33.534740478011855
          ],
          [
            -117.64616394125602,
            33.53471892846308
          ],
          [
            -117.64616978202405,
            33.534710344449266
          ],
          [
            -117.6462360131014,
            33.53461042642783
          ],
          [
            -117.64629603201455,
            33.53450779354106
          ],
          [
            -117.64634968159574,
            33.53440271627218
          ],
          [
            -117.64639681983775,
            33.53429547034397
          ]
        ],
        "type": "LineString"
      },
      "id": 2840,
      "properties": {
        "Agency": "PDSD",
        "Agr_Month": "",
        "Agr_Year": "",
        "Agreement": "",
        "As_Blt_Month": "",
        "As_Blt_Year": "",
        "Base": 12,
        "City": "UNINCORPORATED",
        "Date_Entered": 1092849660000,
        "DrawingNum": "L05-701-2",
        "Ds_Strt": "HORNO CREEK RETARDING BASIN (L05B01)",
        "Ds_Sttn": "269997",
        "DwgID": 1915,
        "DwgNum": "L05-701-2",
        "Dwg_Month": "",
        "Dwg_Year": "",
        "FACILITYNAME": "HORNO CREEK CHANNEL",
        "FACILITYNUM": "L05",
        "FacilityDesc": "RCB",
        "FacilityID": 720,
        "FacilitySystem": "Regional",
        "FacilityType": "Underground Conduit",
        "FeaNote": "None",
        "File_In": "VAULT",
        "File_On": "MYLAR",
        "Firm": "HALL & FOREMAN, INC.",
        "Height": 12,
        "Info": "REGIONAL OCFCD IMPROVEMENT CONDITIONED UPON DEVELOPER (LADERA RANCH) BY TRACTS 15793 & 15990 AND PER LADERA PLANNED COMMUNITY RUNOFF MANAGEMENT PLAN.",
        "Length": 696,
        "MFDate": "",
        "MaintBy": "OCFCD",
        "Material": "Riprap",
        "Mslink": 1915,
        "OBJECTID": 2840,
        "OwnerType": "1",
        "Ownership": "DISTRICT",
        "Public_Info": "REGIONAL OCFCD IMPROVEMENT CONDITIONED UPON DEVELOPER (LADERA RANCH) BY TRACTS 15793 & 15990 AND PER LADERA PLANNED COMMUNITY RUNOFF MANAGEMENT PLAN.",
        "ROW": "EASEMENT",
        "Rack_No": "",
        "ReachDesc": "begin RCB to grade break",
        "ReachNum": "L05-05.01",
        "Sheets": "16",
        "StaDS": "35+04",
        "StaUS": "42+00",
        "Tract": "15990",
        "Type": "CONSTRUCTION",
        "Us_Strt": "JUNCTION L05P01 & L05P04",
        "Us_Sttn": "549299",
        "Watershed": "L"
      },
      "type": "Feature"
    },
    {
      "geometry": {
        "coordinates": [
          [
            -117.63588090600398,
            33.556690083714386
          ],
          [
            -117.63593846374312,
            33.556555805135275
          ],
          [
            -117.63600311510642,
            33.556423807347564
          ],
          [
            -117.63607473072267,
            33.556294355079544
          ],
          [
            -117.63615316708177,
            33.55616770419897
          ],
          [
            -117.63623826985128,
            33.556044107086606
          ],
          [
            -117.63632986951222,
            33.5559238090779
          ],
          [
            -117.63658837689833,
            33.55559942143549
          ],
          [
            -117.63665060462608,
            33.55552133558638
          ]
        ],
        "type": "LineString"
      },
      "id": 5047,
      "properties": {
        "Agency": "PDSD",
        "Agr_Month": "",
        "Agr_Year": "",
        "Agreement": "/",
        "As_Blt_Month": "",
        "As_Blt_Year": "",
        "Base": 72,
        "City": "SEE BELOW",
        "Date_Entered": 1092849660000,
        "DrawingNum": "L05P01-713-2",
        "Ds_Strt": "L05",
        "Ds_Sttn": "549299",
        "DwgID": 1891,
        "DwgNum": "L05P01-713-3",
        "Dwg_Month": "08",
        "Dwg_Year": "2001",
        "FACILITYNAME": "ACJACHEMA STORM DRAIN",
        "FACILITYNUM": "L05P01",
        "FacilityDesc": "RCP",
        "FacilityID": 259,
        "FacilitySystem": "Subregional",
        "FacilityType": "Underground Conduit",
        "FeaNote": null,
        "File_In": "VAULT",
        "File_On": "MYLAR",
        "Firm": "HALL & FOREMAN, INC.",
        "Height": 72,
        "Info": "WITHIN SIENNA PARKWAY",
        "Length": 495,
        "MFDate": "/",
        "MaintBy": "COUNTY OF ORANGE",
        "Material": "Concrete",
        "Mslink": 1891,
        "OBJECTID": 5047,
        "OwnerType": "2",
        "Ownership": "COUNTY",
        "Public_Info": "WITHIN SIENNA PARKWAY",
        "ROW": "/",
        "Rack_No": "",
        "ReachDesc": "Upstream Sellas Road",
        "ReachNum": "L05P01-21",
        "Sheets": "8",
        "StaDS": "139+73",
        "StaUS": "144+68",
        "Tract": "15987",
        "Type": "CONSTRUCTION",
        "Us_Strt": "O\u00b4NEILL DR.",
        "Us_Sttn": "872974",
        "Watershed": "L"
      },
      "type": "Feature"
    },
    {
      "geometry": {
        "coordinates": [
          [
            -117.64019770585027,
            33.53699141558236
          ],
          [
            -117.64023301380172,
            33.53693372364251
          ],
          [
            -117.6402753405396,
            33.536879444753765
          ],
          [
            -117.6403242217833,
            33.536829175618756
          ],
          [
            -117.6403791171647,
            33.536783467802294
          ],
          [
            -117.64043942633332,
            33.536742824846364
          ],
          [
            -117.64050448556907,
            33.53670769238978
          ],
          [
            -117.64057357853308,
            33.53667845714671
          ],
          [
            -117.64064594694715,
            33.53665544137729
          ],
          [
            -117.64072079586079,
            33.5366388956159
          ],
          [
            -117.64079730127268,
            33.536629003996126
          ],
          [
            -117.64087462289085,
            33.53662587418951
          ],
          [
            -117.64095191064838,
            33.53662954094018
          ],
          [
            -117.64102831543943,
            33.53663996414105
          ]
        ],
        "type": "LineString"
      },
      "id": 5064,
      "properties": {
        "Agency": "PDSD",
        "Agr_Month": "",
        "Agr_Year": "",
        "Agreement": "/",
        "As_Blt_Month": "",
        "As_Blt_Year": "",
        "Base": 114,
        "City": "SEE BELOW",
        "Date_Entered": 1092849660000,
        "DrawingNum": "L05P01-713-3",
        "Ds_Strt": "L05",
        "Ds_Sttn": "549299",
        "DwgID": 1891,
        "DwgNum": "L05P01-713-3",
        "Dwg_Month": "08",
        "Dwg_Year": "2001",
        "FACILITYNAME": "ACJACHEMA STORM DRAIN",
        "FACILITYNUM": "L05P01",
        "FacilityDesc": "RCP",
        "FacilityID": 259,
        "FacilitySystem": "Subregional",
        "FacilityType": "Underground Conduit",
        "FeaNote": null,
        "File_In": "VAULT",
        "File_On": "MYLAR",
        "Firm": "HALL & FOREMAN, INC.",
        "Height": 114,
        "Info": "WITHIN SIENNA PARKWAY",
        "Length": 307,
        "MFDate": "/",
        "MaintBy": "COUNTY OF ORANGE",
        "Material": "Concrete",
        "Mslink": 1891,
        "OBJECTID": 5064,
        "OwnerType": "2",
        "Ownership": "COUNTY",
        "Public_Info": "WITHIN SIENNA PARKWAY",
        "ROW": "/",
        "Rack_No": "",
        "ReachDesc": "Upstream L05",
        "ReachNum": "L05P01-01",
        "Sheets": "8",
        "StaDS": "54+93",
        "StaUS": "58+00",
        "Tract": "15987",
        "Type": "CONSTRUCTION",
        "Us_Strt": "O\u00b4NEILL DR.",
        "Us_Sttn": "872974",
        "Watershed": "L"
      },
      "type": "Feature"
    },
    {
      "geometry": {
        "coordinates": [
          [
            -117.64045552145869,
            33.540615264334136
          ],
          [
            -117.640494206383,
            33.5405792010588
          ],
          [
            -117.6405352118303,
            33.54053522996916
          ],
          [
            -117.64056923730128,
            33.54048726468163
          ],
          [
            -117.64059573732312,
            33.54043607775146
          ],
          [
            -117.64061428353388,
            33.54038249272455
          ],
          [
            -117.64062457741434,
            33.540327372272486
          ],
          [
            -117.64062676982506,
            33.54028424313316
          ],
          [
            -117.64062390171978,
            33.540241142562714
          ],
          [
            -117.64059311309651,
            33.5399959586335
          ],
          [
            -117.64050539906935,
            33.53929746664288
          ]
        ],
        "type": "LineString"
      },
      "id": 5058,
      "properties": {
        "Agency": "PDSD",
        "Agr_Month": "",
        "Agr_Year": "",
        "Agreement": "/",
        "As_Blt_Month": "",
        "As_Blt_Year": "",
        "Base": 114,
        "City": "SEE BELOW",
        "Date_Entered": 1092849660000,
        "DrawingNum": "L05P01-713-3",
        "Ds_Strt": "L05",
        "Ds_Sttn": "549299",
        "DwgID": 1891,
        "DwgNum": "L05P01-713-3",
        "Dwg_Month": "08",
        "Dwg_Year": "2001",
        "FACILITYNAME": "ACJACHEMA STORM DRAIN",
        "FACILITYNUM": "L05P01",
        "FacilityDesc": "RCP",
        "FacilityID": 259,
        "FacilitySystem": "Subregional",
        "FacilityType": "Underground Conduit",
        "FeaNote": null,
        "File_In": "VAULT",
        "File_On": "MYLAR",
        "Firm": "HALL & FOREMAN, INC.",
        "Height": 114,
        "Info": "WITHIN SIENNA PARKWAY",
        "Length": 500,
        "MFDate": "/",
        "MaintBy": "COUNTY OF ORANGE",
        "Material": "Concrete",
        "Mslink": 1891,
        "OBJECTID": 5058,
        "OwnerType": "2",
        "Ownership": "COUNTY",
        "Public_Info": "WITHIN SIENNA PARKWAY",
        "ROW": "/",
        "Rack_No": "",
        "ReachDesc": "Utility Right-of-way to Sienna Pkwy",
        "ReachNum": "L05P01-04",
        "Sheets": "8",
        "StaDS": "66+50",
        "StaUS": "71+50",
        "Tract": "15987",
        "Type": "CONSTRUCTION",
        "Us_Strt": "O\u00b4NEILL DR.",
        "Us_Sttn": "872974",
        "Watershed": "L"
      },
      "type": "Feature"
    },
    {
      "geometry": {
        "coordinates": [
          [
            -117.63834772451092,
            33.55251174800036
          ],
          [
            -117.63836028646774,
            33.55243979111948
          ],
          [
            -117.63836437243383,
            33.552411961122395
          ],
          [
            -117.6383733063202,
            33.55235112221721
          ],
          [
            -117.63837441271521,
            33.552321012549896
          ],
          [
            -117.63836942847769,
            33.55228423680812
          ],
          [
            -117.63835757387082,
            33.55224858004618
          ],
          [
            -117.63833914423188,
            33.552214937975805
          ],
          [
            -117.63832126430457,
            33.552178954340576
          ],
          [
            -117.63831021150233,
            33.55214109567128
          ],
          [
            -117.63830624785197,
            33.552102263465066
          ],
          [
            -117.6383065277661,
            33.55208918822987
          ],
          [
            -117.63831129162097,
            33.55205421092128
          ],
          [
            -117.63832181951311,
            33.552020127866996
          ],
          [
            -117.63833790659493,
            33.55198760230415
          ],
          [
            -117.63835923875173,
            33.5519572662259
          ],
          [
            -117.63837958181026,
            33.55192791772562
          ],
          [
            -117.6383958902339,
            33.55189685226269
          ]
        ],
        "type": "LineString"
      },
      "id": 5070,
      "properties": {
        "Agency": "PDSD",
        "Agr_Month": "",
        "Agr_Year": "",
        "Agreement": "/",
        "As_Blt_Month": "",
        "As_Blt_Year": "",
        "Base": 96,
        "City": "SEE BELOW",
        "Date_Entered": 1092849660000,
        "DrawingNum": "L05P01-713-2",
        "Ds_Strt": "L05",
        "Ds_Sttn": "549299",
        "DwgID": 1891,
        "DwgNum": "L05P01-713-3",
        "Dwg_Month": "08",
        "Dwg_Year": "2001",
        "FACILITYNAME": "ACJACHEMA STORM DRAIN",
        "FACILITYNUM": "L05P01",
        "FacilityDesc": "RCP",
        "FacilityID": 259,
        "FacilitySystem": "Subregional",
        "FacilityType": "Underground Conduit",
        "FeaNote": null,
        "File_In": "VAULT",
        "File_On": "MYLAR",
        "Firm": "HALL & FOREMAN, INC.",
        "Height": 96,
        "Info": "WITHIN SIENNA PARKWAY",
        "Length": 231,
        "MFDate": "/",
        "MaintBy": "COUNTY OF ORANGE",
        "Material": "Concrete",
        "Mslink": 1891,
        "OBJECTID": 5070,
        "OwnerType": "2",
        "Ownership": "COUNTY",
        "Public_Info": "WITHIN SIENNA PARKWAY",
        "ROW": "/",
        "Rack_No": "",
        "ReachDesc": "Dorrance-Daisy and Sienna roundabout",
        "ReachNum": "L05P01-18",
        "Sheets": "8",
        "StaDS": "125+09",
        "StaUS": "127+40",
        "Tract": "15987",
        "Type": "CONSTRUCTION",
        "Us_Strt": "O\u00b4NEILL DR.",
        "Us_Sttn": "872974",
        "Watershed": "L"
      },
      "type": "Feature"
    },
    {
      "geometry": {
        "coordinates": [
          [
            -117.64639681983775,
            33.53429547034397
          ],
          [
            -117.64643732210446,
            33.53418634030086
          ],
          [
            -117.64647108316817,
            33.534075612272126
          ],
          [
            -117.64649801191314,
            33.533963579441554
          ],
          [
            -117.64651803878483,
            33.533850536553516
          ],
          [
            -117.64655736201254,
            33.53357959585638
          ]
        ],
        "type": "LineString"
      },
      "id": 2900,
      "properties": {
        "Agency": "PDSD",
        "Agr_Month": "",
        "Agr_Year": "",
        "Agreement": "",
        "As_Blt_Month": "",
        "As_Blt_Year": "",
        "Base": 18,
        "City": "UNINCORPORATED",
        "Date_Entered": 1092849660000,
        "DrawingNum": "L05-701-2",
        "Ds_Strt": "HORNO CREEK RETARDING BASIN (L05B01)",
        "Ds_Sttn": "269997",
        "DwgID": 1915,
        "DwgNum": "L05-701-2",
        "Dwg_Month": "",
        "Dwg_Year": "",
        "FACILITYNAME": "HORNO CREEK CHANNEL",
        "FACILITYNUM": "L05",
        "FacilityDesc": "RCR",
        "FacilityID": 720,
        "FacilitySystem": "Regional",
        "FacilityType": "Concrete-Lined",
        "FeaNote": "None",
        "File_In": "VAULT",
        "File_On": "MYLAR",
        "Firm": "HALL & FOREMAN, INC.",
        "Height": 15,
        "Info": "REGIONAL OCFCD IMPROVEMENT CONDITIONED UPON DEVELOPER (LADERA RANCH) BY TRACTS 15793 & 15990 AND PER LADERA PLANNED COMMUNITY RUNOFF MANAGEMENT PLAN.",
        "Length": 254,
        "MFDate": "",
        "MaintBy": "OCFCD",
        "Material": "Concrete",
        "Mslink": 1915,
        "OBJECTID": 2900,
        "OwnerType": "1",
        "Ownership": "DISTRICT",
        "Public_Info": "REGIONAL OCFCD IMPROVEMENT CONDITIONED UPON DEVELOPER (LADERA RANCH) BY TRACTS 15793 & 15990 AND PER LADERA PLANNED COMMUNITY RUNOFF MANAGEMENT PLAN.",
        "ROW": "EASEMENT",
        "Rack_No": "",
        "ReachDesc": "u/s Horno Basin to d/s transition",
        "ReachNum": "L05-04.02",
        "Sheets": "16",
        "StaDS": "32+50",
        "StaUS": "35+04",
        "Tract": "15990",
        "Type": "CONSTRUCTION",
        "Us_Strt": "JUNCTION L05P01 & L05P04",
        "Us_Sttn": "549299",
        "Watershed": "L"
      },
      "type": "Feature"
    },
    {
      "geometry": {
        "coordinates": [
          [
            -117.6380229610933,
            33.54987736812706
          ],
          [
            -117.63802129238796,
            33.54987340476767
          ],
          [
            -117.637893969245,
            33.5495759740492
          ],
          [
            -117.63776624757698,
            33.54926425819835
          ],
          [
            -117.637724400006,
            33.54913433339623
          ],
          [
            -117.6376887769761,
            33.5490031137809
          ],
          [
            -117.63765943562136,
            33.54887080791781
          ],
          [
            -117.63764186723154,
            33.54877374050953
          ],
          [
            -117.63763286469319,
            33.548687587545345
          ],
          [
            -117.6376299570829,
            33.548601140326525
          ]
        ],
        "type": "LineString"
      },
      "id": 5050,
      "properties": {
        "Agency": "PDSD",
        "Agr_Month": "",
        "Agr_Year": "",
        "Agreement": "/",
        "As_Blt_Month": "",
        "As_Blt_Year": "",
        "Base": 96,
        "City": "SEE BELOW",
        "Date_Entered": 1092849660000,
        "DrawingNum": "L05P01-713-2",
        "Ds_Strt": "L05",
        "Ds_Sttn": "549299",
        "DwgID": 1891,
        "DwgNum": "L05P01-713-3",
        "Dwg_Month": "08",
        "Dwg_Year": "2001",
        "FACILITYNAME": "ACJACHEMA STORM DRAIN",
        "FACILITYNUM": "L05P01",
        "FacilityDesc": "RCP",
        "FacilityID": 259,
        "FacilitySystem": "Subregional",
        "FacilityType": "Underground Conduit",
        "FeaNote": null,
        "File_In": "VAULT",
        "File_On": "MYLAR",
        "Firm": "HALL & FOREMAN, INC.",
        "Height": 96,
        "Info": "WITHIN SIENNA PARKWAY",
        "Length": 482,
        "MFDate": "/",
        "MaintBy": "COUNTY OF ORANGE",
        "Material": "Concrete",
        "Mslink": 1891,
        "OBJECTID": 5050,
        "OwnerType": "2",
        "Ownership": "COUNTY",
        "Public_Info": "WITHIN SIENNA PARKWAY",
        "ROW": "/",
        "Rack_No": "",
        "ReachDesc": "Between Zinnia Street and Daisy Street",
        "ReachNum": "L05P01-16",
        "Sheets": "8",
        "StaDS": "112+81",
        "StaUS": "117+63",
        "Tract": "15987",
        "Type": "CONSTRUCTION",
        "Us_Strt": "O\u00b4NEILL DR.",
        "Us_Sttn": "872974",
        "Watershed": "L"
      },
      "type": "Feature"
    },
    {
      "geometry": {
        "coordinates": [
          [
            -117.64012575063644,
            33.54298058620933
          ],
          [
            -117.6401232010325,
            33.54293144151867
          ],
          [
            -117.6400589269382,
            33.54208854539676
          ],
          [
            -117.64005774841104,
            33.542073095062136
          ]
        ],
        "type": "LineString"
      },
      "id": 5061,
      "properties": {
        "Agency": "PDSD",
        "Agr_Month": "",
        "Agr_Year": "",
        "Agreement": "/",
        "As_Blt_Month": "",
        "As_Blt_Year": "",
        "Base": 114,
        "City": "SEE BELOW",
        "Date_Entered": 1092849660000,
        "DrawingNum": "L05P01-713-3",
        "Ds_Strt": "L05",
        "Ds_Sttn": "549299",
        "DwgID": 1891,
        "DwgNum": "L05P01-713-3",
        "Dwg_Month": "08",
        "Dwg_Year": "2001",
        "FACILITYNAME": "ACJACHEMA STORM DRAIN",
        "FACILITYNUM": "L05P01",
        "FacilityDesc": "RCP",
        "FacilityID": 259,
        "FacilitySystem": "Subregional",
        "FacilityType": "Underground Conduit",
        "FeaNote": null,
        "File_In": "VAULT",
        "File_On": "MYLAR",
        "Firm": "HALL & FOREMAN, INC.",
        "Height": 114,
        "Info": "WITHIN SIENNA PARKWAY",
        "Length": 340,
        "MFDate": "/",
        "MaintBy": "COUNTY OF ORANGE",
        "Material": "Concrete",
        "Mslink": 1891,
        "OBJECTID": 5061,
        "OwnerType": "2",
        "Ownership": "COUNTY",
        "Public_Info": "WITHIN SIENNA PARKWAY",
        "ROW": "/",
        "Rack_No": "",
        "ReachDesc": "upstream Covenant Hills Drive",
        "ReachNum": "L05P01-07",
        "Sheets": "8",
        "StaDS": "77+00",
        "StaUS": "80+40",
        "Tract": "15987",
        "Type": "CONSTRUCTION",
        "Us_Strt": "O\u00b4NEILL DR.",
        "Us_Sttn": "872974",
        "Watershed": "L"
      },
      "type": "Feature"
    },
    {
      "geometry": {
        "coordinates": [
          [
            -117.63958799824233,
            33.546391064590495
          ],
          [
            -117.63968559150582,
            33.5463242360062
          ],
          [
            -117.63977798781379,
            33.54625241395323
          ],
          [
            -117.63986482229575,
            33.54617588114515
          ],
          [
            -117.63994575407396,
            33.546094938963876
          ],
          [
            -117.64002046409549,
            33.5460099065821
          ],
          [
            -117.6400886593959,
            33.54592111821045
          ],
          [
            -117.64015006988352,
            33.545828924034446
          ],
          [
            -117.64020205256146,
            33.545738237252586
          ],
          [
            -117.64024747047011,
            33.545645111572426
          ],
          [
            -117.64028616093434,
            33.5455498797464
          ],
          [
            -117.64031798508314,
            33.54545288147403
          ],
          [
            -117.64034283001675,
            33.545354464279214
          ]
        ],
        "type": "LineString"
      },
      "id": 5067,
      "properties": {
        "Agency": "PDSD",
        "Agr_Month": "",
        "Agr_Year": "",
        "Agreement": "/",
        "As_Blt_Month": "",
        "As_Blt_Year": "",
        "Base": 120,
        "City": "SEE BELOW",
        "Date_Entered": 1092849660000,
        "DrawingNum": "L05P01-713-2",
        "Ds_Strt": "L05",
        "Ds_Sttn": "549299",
        "DwgID": 1891,
        "DwgNum": "L05P01-713-3",
        "Dwg_Month": "08",
        "Dwg_Year": "2001",
        "FACILITYNAME": "ACJACHEMA STORM DRAIN",
        "FACILITYNUM": "L05P01",
        "FacilityDesc": "RCP",
        "FacilityID": 259,
        "FacilitySystem": "Subregional",
        "FacilityType": "Underground Conduit",
        "FeaNote": null,
        "File_In": "VAULT",
        "File_On": "MYLAR",
        "Firm": "HALL & FOREMAN, INC.",
        "Height": 120,
        "Info": "WITHIN SIENNA PARKWAY",
        "Length": 453,
        "MFDate": "/",
        "MaintBy": "COUNTY OF ORANGE",
        "Material": "Concrete",
        "Mslink": 1891,
        "OBJECTID": 5067,
        "OwnerType": "2",
        "Ownership": "COUNTY",
        "Public_Info": "WITHIN SIENNA PARKWAY",
        "ROW": "/",
        "Rack_No": "",
        "ReachDesc": "Upstream O'Neill Drive",
        "ReachNum": "L05P01-11",
        "Sheets": "8",
        "StaDS": "97+41",
        "StaUS": "101+94",
        "Tract": "15987",
        "Type": "CONSTRUCTION",
        "Us_Strt": "O\u00b4NEILL DR.",
        "Us_Sttn": "872974",
        "Watershed": "L"
      },
      "type": "Feature"
    },
    {
      "geometry": {
        "coordinates": [
          [
            -117.6350114931961,
            33.56242218424783
          ],
          [
            -117.63501763640612,
            33.56240104749211
          ],
          [
            -117.6350275247765,
            33.5623670251387
          ],
          [
            -117.63504575629197,
            33.56231237717498
          ],
          [
            -117.63506617534529,
            33.56225827385683
          ],
          [
            -117.6350887602912,
            33.56220477674018
          ],
          [
            -117.63511348408579,
            33.562151946539046
          ],
          [
            -117.6351403186085,
            33.56209984397949
          ],
          [
            -117.63516923354237,
            33.56204852710673
          ],
          [
            -117.63520019641695,
            33.561998053989825
          ],
          [
            -117.63523317262253,
            33.561948483623375
          ],
          [
            -117.6352681231708,
            33.56189987054199
          ],
          [
            -117.63530501016469,
            33.56185227016987
          ],
          [
            -117.63541391702746,
            33.561716771602676
          ],
          [
            -117.63567907180331,
            33.56138686984004
          ],
          [
            -117.63583223211677,
            33.561196308813734
          ],
          [
            -117.63587245277117,
            33.561144415092784
          ],
          [
            -117.63591189227354,
            33.56108958957604
          ],
          [
            -117.63592926246932,
            33.561063503676515
          ],
          [
            -117.63594911528445,
            33.56103368772564
          ],
          [
            -117.63598408082528,
            33.56097677402097
          ],
          [
            -117.63601674896616,
            33.56091891112634
          ],
          [
            -117.63604708412788,
            33.5608601643626
          ],
          [
            -117.63607504965483,
            33.560800599062595
          ],
          [
            -117.63608972821052,
            33.560765968738934
          ],
          [
            -117.63610061647255,
            33.5607402831797
          ],
          [
            -117.63612375443012,
            33.56067928467926
          ],
          [
            -117.6361334852243,
            33.560650300019944
          ],
          [
            -117.63613595369881,
            33.56064391639292
          ]
        ],
        "type": "LineString"
      },
      "id": 5076,
      "properties": {
        "Agency": "PDSD",
        "Agr_Month": "",
        "Agr_Year": "",
        "Agreement": "NONE",
        "As_Blt_Month": "",
        "As_Blt_Year": "",
        "Base": 42,
        "City": "SEE BELOW",
        "Date_Entered": 1092849660000,
        "DrawingNum": "L05P01-713-1",
        "Ds_Strt": "",
        "Ds_Sttn": "991829",
        "DwgID": 1828,
        "DwgNum": "L05P01-713-1",
        "Dwg_Month": "11",
        "Dwg_Year": "1999",
        "FACILITYNAME": "ACJACHEMA STORM DRAIN",
        "FACILITYNUM": "L05P01",
        "FacilityDesc": "RCP",
        "FacilityID": 259,
        "FacilitySystem": "Subregional",
        "FacilityType": "Underground Conduit",
        "FeaNote": null,
        "File_In": "VAULT",
        "File_On": "MYLAR",
        "Firm": "HUITT-ZOLLARS",
        "Height": 42,
        "Info": "LADERA RANCH WITHIN TR.15884. THIS PLAN SET INCLUDE FACILITY L05P11 (STA. 10+00 TO STA. 29+00.75) WHICH IS LOCATED BETWEEN SIENNA PKWY. AND ANTONIO PKWY.",
        "Length": 735,
        "MFDate": "",
        "MaintBy": "COUNTY OF ORANGE",
        "Material": "Concrete",
        "Mslink": 1828,
        "OBJECTID": 5076,
        "OwnerType": "2",
        "Ownership": "COUNTY",
        "Public_Info": "LADERA RANCH WITHIN TR.15884. THIS PLAN SET INCLUDE FACILITY L05P11 (STA. 10+00 TO STA. 29+00.75) WHICH IS LOCATED BETWEEN SIENNA PKWY. AND ANTONIO PKWY.",
        "ROW": "",
        "Rack_No": "",
        "ReachDesc": "Sienna Pkwy between Second and Flintridge",
        "ReachNum": "L05P01-30",
        "Sheets": "8",
        "StaDS": "159+54",
        "StaUS": "166+89",
        "Tract": "15884",
        "Type": "CONSTRUCTION",
        "Us_Strt": "NORTH OF L05P11 WITHIN SIENNA PKWY.",
        "Us_Sttn": "1175125",
        "Watershed": "L"
      },
      "type": "Feature"
    },
    {
      "geometry": {
        "coordinates": [
          [
            -117.63489373056701,
            33.58581197296436
          ],
          [
            -117.63486798930496,
            33.58577071040963
          ],
          [
            -117.63484718765297,
            33.585724824000806
          ],
          [
            -117.63483225671762,
            33.58567636738998
          ],
          [
            -117.63482398640545,
            33.58562786558683
          ],
          [
            -117.6348227028851,
            33.58559138608138
          ],
          [
            -117.63482585135809,
            33.58555183479324
          ],
          [
            -117.63483343764533,
            33.58550903582496
          ],
          [
            -117.63484557242425,
            33.58546236035889
          ],
          [
            -117.63485750425147,
            33.58542638586859
          ],
          [
            -117.63486175764206,
            33.585415930210566
          ],
          [
            -117.63487157703581,
            33.585391785216935
          ],
          [
            -117.63488759691406,
            33.58535903755998
          ],
          [
            -117.6349053946349,
            33.585328475704124
          ],
          [
            -117.63492557003286,
            33.585300151590815
          ],
          [
            -117.63495132423172,
            33.58527014689026
          ],
          [
            -117.63504111707275,
            33.585181466820785
          ],
          [
            -117.63506813844374,
            33.58515643443033
          ],
          [
            -117.63509446753342,
            33.58513204272767
          ],
          [
            -117.63521131658264,
            33.58503323942071
          ],
          [
            -117.63526012145871,
            33.58498951317459
          ],
          [
            -117.63527041088335,
            33.584978766754766
          ],
          [
            -117.63531514624734,
            33.584932036176234
          ],
          [
            -117.63541238438582,
            33.584815629471535
          ],
          [
            -117.6354536509543,
            33.58476960467969
          ],
          [
            -117.63548854432189,
            33.58473616100612
          ],
          [
            -117.63550021540553,
            33.58472497449603
          ],
          [
            -117.63554672336724,
            33.584689070717
          ],
          [
            -117.63559120597466,
            33.58466172227809
          ],
          [
            -117.63570567161801,
            33.58459920253454
          ],
          [
            -117.6358169709337,
            33.5845293663108
          ],
          [
            -117.6359704082821,
            33.584426085818635
          ],
          [
            -117.63607521786075,
            33.58435425395349
          ],
          [
            -117.63614431762866,
            33.58430433043297
          ],
          [
            -117.63618196201492,
            33.58427400199188
          ],
          [
            -117.63627629604039,
            33.58419178256328
          ],
          [
            -117.63630548418459,
            33.584169315473865
          ],
          [
            -117.63633319710873,
            33.584150693433514
          ],
          [
            -117.63636859226689,
            33.58413110402109
          ],
          [
            -117.6364599503919,
            33.584088622332736
          ],
          [
            -117.63649978221659,
            33.58406714853211
          ],
          [
            -117.63653867877457,
            33.58404166713222
          ],
          [
            -117.63657979604001,
            33.58401112137275
          ],
          [
            -117.63669626485898,
            33.58391347051722
          ],
          [
            -117.63679030907127,
            33.5838257462956
          ],
          [
            -117.63683216895737,
            33.58379191177942
          ],
          [
            -117.63684998942902,
            33.58378053674789
          ],
          [
            -117.636871423937,
            33.58376927025825
          ],
          [
            -117.6369486444072,
            33.583735722797016
          ],
          [
            -117.63697654915468,
            33.58372206957188
          ],
          [
            -117.6370019437048,
            33.58370618010929
          ],
          [
            -117.63702141969675,
            33.58368915998054
          ],
          [
            -117.63703957985527,
            33.583665201453506
          ],
          [
            -117.63706815060667,
            33.583613744025996
          ],
          [
            -117.63708151843359,
            33.583593425837414
          ],
          [
            -117.63710776254358,
            33.583562397184814
          ],
          [
            -117.63714075791005,
            33.58352992095169
          ],
          [
            -117.63727024434945,
            33.58342070538128
          ],
          [
            -117.63744810572449,
            33.583261808847205
          ],
          [
            -117.63755450842673,
            33.583170340448305
          ],
          [
            -117.6376570899626,
            33.583088039777174
          ],
          [
            -117.6377536857607,
            33.583017464750554
          ],
          [
            -117.63782427533708,
            33.582971655275365
          ],
          [
            -117.63792678582286,
            33.582911063716644
          ],
          [
            -117.6379939222226,
            33.582866530659004
          ],
          [
            -117.6380552894543,
            33.58281732338966
          ],
          [
            -117.63808633638953,
            33.58278755658811
          ],
          [
            -117.63814132859638,
            33.582729047087476
          ],
          [
            -117.63822173406275,
            33.58264570361674
          ],
          [
            -117.63826807569001,
            33.582594743056326
          ],
          [
            -117.63831752140914,
            33.58253507077145
          ],
          [
            -117.63838109541231,
            33.58245287148961
          ],
          [
            -117.63846397595024,
            33.58234277461983
          ],
          [
            -117.63847635664831,
            33.58232632927669
          ],
          [
            -117.63851991048622,
            33.582267080555575
          ],
          [
            -117.63855311247399,
            33.58221820140606
          ],
          [
            -117.63858038992451,
            33.5821731610257
          ],
          [
            -117.63860227223996,
            33.58213097065796
          ],
          [
            -117.63863747044833,
            33.582056029780524
          ],
          [
            -117.63864625082955,
            33.58203113139083
          ],
          [
            -117.638651554421,
            33.58200851700625
          ],
          [
            -117.63865376941078,
            33.581983740498664
          ],
          [
            -117.6386525494742,
            33.581955686712604
          ],
          [
            -117.63863674779188,
            33.58185585291151
          ],
          [
            -117.63862867713829,
            33.581767946344655
          ],
          [
            -117.63862403317918,
            33.58174352763076
          ],
          [
            -117.63861751379717,
            33.58172230202336
          ],
          [
            -117.63860590321048,
            33.581696822116754
          ],
          [
            -117.63858958087326,
            33.58166953992537
          ],
          [
            -117.63853447030792,
            33.58159671665862
          ],
          [
            -117.63848288899983,
            33.58153736067502
          ],
          [
            -117.63841951151163,
            33.58147511183289
          ],
          [
            -117.63835263113891,
            33.581417765800495
          ],
          [
            -117.63828073120357,
            33.581364250215536
          ],
          [
            -117.63822258396252,
            33.581322363005846
          ],
          [
            -117.63811306331662,
            33.58124722980722
          ],
          [
            -117.63798157679669,
            33.58116526919841
          ],
          [
            -117.63795349901056,
            33.58114590053159
          ],
          [
            -117.63792978278514,
            33.581127315534864
          ],
          [
            -117.63785314115364,
            33.58105971650038
          ],
          [
            -117.63782498193056,
            33.581031565198224
          ],
          [
            -117.63780136218388,
            33.581005020648945
          ],
          [
            -117.63778139465568,
            33.5809789592962
          ],
          [
            -117.63776553101452,
            33.5809538053215
          ],
          [
            -117.63775366515821,
            33.58092939038791
          ],
          [
            -117.63774575364197,
            33.58090562480989
          ],
          [
            -117.63773821138776,
            33.5808642294782
          ],
          [
            -117.63773324964481,
            33.58081012110406
          ],
          [
            -117.63773106270078,
            33.58074508470331
          ],
          [
            -117.63773183870944,
            33.58067451669093
          ],
          [
            -117.63770983131464,
            33.58050885884993
          ],
          [
            -117.63771127744735,
            33.58045881971521
          ],
          [
            -117.63772835254525,
            33.580392018683554
          ],
          [
            -117.63787998689546,
            33.58020509455807
          ],
          [
            -117.63797063833391,
            33.580083737418946
          ],
          [
            -117.63803569178685,
            33.57995566190795
          ],
          [
            -117.63803319163925,
            33.57990772442814
          ],
          [
            -117.63803201705038,
            33.57988521651198
          ],
          [
            -117.63803068932584,
            33.57985978607014
          ],
          [
            -117.63801938394398,
            33.57977632301498
          ],
          [
            -117.63790654056325,
            33.57945474354878
          ],
          [
            -117.63784923423236,
            33.57922882484129
          ],
          [
            -117.63784993992884,
            33.57918154774857
          ],
          [
            -117.63785327613552,
            33.57916020146126
          ],
          [
            -117.63785951407144,
            33.57914356761939
          ],
          [
            -117.63786916260484,
            33.57912577766057
          ],
          [
            -117.63790277885315,
            33.579079900310866
          ],
          [
            -117.63792786682454,
            33.579050316225214
          ],
          [
            -117.63795247958683,
            33.57902627931447
          ],
          [
            -117.6379826382374,
            33.57900217879727
          ],
          [
            -117.63801136651097,
            33.57898405539004
          ],
          [
            -117.6380392556248,
            33.57897054092966
          ],
          [
            -117.63806583706797,
            33.578960896730194
          ],
          [
            -117.63808579992954,
            33.578956752748745
          ],
          [
            -117.63810886748274,
            33.57895531625333
          ],
          [
            -117.63818997848385,
            33.57896049432884
          ],
          [
            -117.63822066279239,
            33.57896009825514
          ],
          [
            -117.63827812740675,
            33.578955382090165
          ],
          [
            -117.63831165113035,
            33.57894819606058
          ],
          [
            -117.63833147175073,
            33.578940258344076
          ],
          [
            -117.6383615748963,
            33.57892506901127
          ],
          [
            -117.63840505863016,
            33.5789019397852
          ],
          [
            -117.63843412232322,
            33.57888276475748
          ],
          [
            -117.63846174826126,
            33.578860027779456
          ],
          [
            -117.63847934906018,
            33.578840609914735
          ],
          [
            -117.63849008636025,
            33.578822468726685
          ],
          [
            -117.63850177547621,
            33.57879474982557
          ],
          [
            -117.63851145776985,
            33.57876643111651
          ],
          [
            -117.6385183438265,
            33.5787374591822
          ],
          [
            -117.6385224314804,
            33.57870783314561
          ],
          [
            -117.63852371968588,
            33.578677554821944
          ],
          [
            -117.63854940329158,
            33.578579670543206
          ],
          [
            -117.63855774185214,
            33.57854320636716
          ],
          [
            -117.63857289577632,
            33.578457149017915
          ],
          [
            -117.63858276343908,
            33.57841834499747
          ],
          [
            -117.63859073745942,
            33.578396412270266
          ],
          [
            -117.63860010124061,
            33.57837692210052
          ],
          [
            -117.63861103932892,
            33.578359489205205
          ],
          [
            -117.63862366841113,
            33.5783439319421
          ],
          [
            -117.63864178687521,
            33.57832604839366
          ],
          [
            -117.63866317368094,
            33.57830815906307
          ],
          [
            -117.63871434724794,
            33.578273495025975
          ],
          [
            -117.6387471672756,
            33.57825683527883
          ],
          [
            -117.63878670850822,
            33.578242078927865
          ],
          [
            -117.63893420459225,
            33.578202379608925
          ],
          [
            -117.6389792586995,
            33.57818995845844
          ],
          [
            -117.63903025693965,
            33.57817799670007
          ],
          [
            -117.6392162633763,
            33.578141432032844
          ],
          [
            -117.63929007669284,
            33.57812484694015
          ],
          [
            -117.63936404901419,
            33.5781034999218
          ],
          [
            -117.63942727663249,
            33.578078973370346
          ],
          [
            -117.63948450508356,
            33.578050601204396
          ],
          [
            -117.63954363976332,
            33.57801604097612
          ],
          [
            -117.6396060402184,
            33.57797455164138
          ],
          [
            -117.63967717728697,
            33.57792251131945
          ],
          [
            -117.63979026110664,
            33.577835379208096
          ],
          [
            -117.63987850531328,
            33.57776293613813
          ],
          [
            -117.64003570645109,
            33.57762179973341
          ],
          [
            -117.64009985407942,
            33.57756660454148
          ],
          [
            -117.64020487443862,
            33.57747194350732
          ],
          [
            -117.64023593905394,
            33.57744919929842
          ],
          [
            -117.64026605941697,
            33.57743216801355
          ],
          [
            -117.64029943607048,
            33.577418636868366
          ],
          [
            -117.64033923128777,
            33.57740715037462
          ],
          [
            -117.64047846406136,
            33.577380179752375
          ],
          [
            -117.64061288371298,
            33.5773573429316
          ],
          [
            -117.64066060130983,
            33.577347428829384
          ],
          [
            -117.6407272505725,
            33.577328316022026
          ],
          [
            -117.64079955652326,
            33.57730183709432
          ],
          [
            -117.64086237198804,
            33.57727530359487
          ],
          [
            -117.64104703533643,
            33.57719276140394
          ],
          [
            -117.64111968640881,
            33.57716456338665
          ],
          [
            -117.64117204680544,
            33.57714424113079
          ],
          [
            -117.64120354060067,
            33.577129723562564
          ],
          [
            -117.64122885324059,
            33.57711548602524
          ],
          [
            -117.64124852746595,
            33.577101313264436
          ],
          [
            -117.64126516717079,
            33.57708559370293
          ],
          [
            -117.64127880738157,
            33.577068294489244
          ],
          [
            -117.64128948085599,
            33.577049375583336
          ],
          [
            -117.64130007734963,
            33.57701745221874
          ],
          [
            -117.64130399615789,
            33.57698142132635
          ],
          [
            -117.6413012811991,
            33.57694092894706
          ],
          [
            -117.64129189153118,
            33.57689529835594
          ],
          [
            -117.64127729499171,
            33.57684821646614
          ],
          [
            -117.6412563583196,
            33.57679407469329
          ],
          [
            -117.64123809244707,
            33.57675414013502
          ],
          [
            -117.64115086507933,
            33.57656342863665
          ],
          [
            -117.64112854003082,
            33.57650976311905
          ],
          [
            -117.64111123858778,
            33.576462202854536
          ],
          [
            -117.64109583102898,
            33.57640924004875
          ],
          [
            -117.64108655085576,
            33.576361142046906
          ],
          [
            -117.64108323686226,
            33.57631705493099
          ],
          [
            -117.64108586411851,
            33.57627656419459
          ],
          [
            -117.64109720118309,
            33.57620770676823
          ],
          [
            -117.64111097195234,
            33.57614129644261
          ],
          [
            -117.64112712138036,
            33.576077597130244
          ],
          [
            -117.64114560389908,
            33.576016791484
          ],
          [
            -117.64116636107408,
            33.575959065907306
          ],
          [
            -117.64118936255963,
            33.57590447664384
          ],
          [
            -117.64121457743663,
            33.575853111503505
          ],
          [
            -117.6412419701046,
            33.575805034903766
          ],
          [
            -117.6412714590451,
            33.57576080951741
          ],
          [
            -117.64130594808073,
            33.57571615225974
          ],
          [
            -117.6413457105817,
            33.575670710210474
          ],
          [
            -117.6413913091786,
            33.57562382785017
          ],
          [
            -117.64143969462363,
            33.57557816681083
          ],
          [
            -117.64149576363158,
            33.57552870217478
          ],
          [
            -117.64167200789745,
            33.57538296580864
          ],
          [
            -117.64177238208926,
            33.57530532359499
          ],
          [
            -117.6418965646883,
            33.575219076252566
          ],
          [
            -117.64211004256401,
            33.575079306337535
          ],
          [
            -117.64220125698175,
            33.57501764159979
          ],
          [
            -117.64246361540567,
            33.57483925821165
          ],
          [
            -117.64255475892001,
            33.57477473378269
          ],
          [
            -117.6426321915707,
            33.574716433781845
          ],
          [
            -117.64271607796312,
            33.574648694630426
          ],
          [
            -117.64280590667177,
            33.57457173754163
          ],
          [
            -117.64290185406203,
            33.574485748985964
          ],
          [
            -117.64304744909813,
            33.574351689606935
          ],
          [
            -117.64317494915676,
            33.574229883771
          ],
          [
            -117.64317691656171,
            33.574227884319995
          ],
          [
            -117.64327914725645,
            33.574124053420846
          ],
          [
            -117.64331230293598,
            33.57409037885916
          ],
          [
            -117.64343113646565,
            33.573964552495376
          ],
          [
            -117.6437793679983,
            33.57358920216979
          ],
          [
            -117.64395237948843,
            33.57341190726393
          ],
          [
            -117.64409032190295,
            33.57327994034331
          ],
          [
            -117.64435916388777,
            33.573033812442254
          ],
          [
            -117.64446702078092,
            33.57293284987676
          ],
          [
            -117.64457569169501,
            33.57282608372202
          ],
          [
            -117.64466921785574,
            33.57272753569854
          ],
          [
            -117.64485603643135,
            33.57251868467166
          ],
          [
            -117.64492956194229,
            33.5724325596362
          ],
          [
            -117.64499560079888,
            33.57235196201899
          ],
          [
            -117.6450570788631,
            33.572273195420216
          ],
          [
            -117.64511318524642,
            33.5721971498988
          ],
          [
            -117.64516449359294,
            33.572123051682915
          ],
          [
            -117.64521132285643,
            33.57205043462947
          ],
          [
            -117.64525763202316,
            33.57197318499487
          ],
          [
            -117.64530386577361,
            33.57189081899055
          ],
          [
            -117.64535054268511,
            33.57180242188456
          ],
          [
            -117.6453987417328,
            33.57170595003841
          ],
          [
            -117.64542895264788,
            33.571640668720875
          ],
          [
            -117.64549463610102,
            33.57148745119374
          ],
          [
            -117.64552578140656,
            33.57141904217222
          ],
          [
            -117.64561674861874,
            33.57121903294825
          ],
          [
            -117.64566071429341,
            33.57113081486683
          ],
          [
            -117.645686017593,
            33.57108596978625
          ],
          [
            -117.64571165340686,
            33.571045079474324
          ],
          [
            -117.64573810297463,
            33.57100738651311
          ],
          [
            -117.64576562635965,
            33.570972515582056
          ],
          [
            -117.64580575566019,
            33.570926983137085
          ],
          [
            -117.64584953249606,
            33.570881735316235
          ],
          [
            -117.64589664314941,
            33.57083709303311
          ],
          [
            -117.64594667071968,
            33.57079345861002
          ],
          [
            -117.64597593589589,
            33.57077051664873
          ],
          [
            -117.64600972864012,
            33.57074698110426
          ],
          [
            -117.64618271498266,
            33.57064167016644
          ],
          [
            -117.64622282149901,
            33.57061446506527
          ],
          [
            -117.64625670426797,
            33.57058828282876
          ],
          [
            -117.64631351593974,
            33.57053995815447
          ],
          [
            -117.64635633154525,
            33.57050070646562
          ],
          [
            -117.64639247821333,
            33.57046380454271
          ],
          [
            -117.64642268534045,
            33.570428385787025
          ],
          [
            -117.64644940376141,
            33.5703913019097
          ],
          [
            -117.64647547086098,
            33.57034872219991
          ],
          [
            -117.64650141057085,
            33.57030013492457
          ],
          [
            -117.64653519302524,
            33.570230604079356
          ],
          [
            -117.64655482360789,
            33.570183426571674
          ],
          [
            -117.64659366533944,
            33.570071884266056
          ],
          [
            -117.64661721018044,
            33.570020257104225
          ],
          [
            -117.6466403812146,
            33.569982159762816
          ],
          [
            -117.64669365009458,
            33.569906411279895
          ],
          [
            -117.64671490496615,
            33.56987344088716
          ],
          [
            -117.64678985326267,
            33.56973310869369
          ],
          [
            -117.64681162426199,
            33.56970096116448
          ],
          [
            -117.64683905329949,
            33.56966650672211
          ],
          [
            -117.64693600782793,
            33.569560438730065
          ],
          [
            -117.64696811192321,
            33.56952290478348
          ],
          [
            -117.64699501932503,
            33.56948655535223
          ],
          [
            -117.64701571818476,
            33.569452038396044
          ],
          [
            -117.64703328876793,
            33.56940963681478
          ],
          [
            -117.64706479079095,
            33.56930387816724
          ],
          [
            -117.64707653006896,
            33.56927718664225
          ],
          [
            -117.64709022856036,
            33.56925445688946
          ],
          [
            -117.64711384356242,
            33.56922325975694
          ],
          [
            -117.64713812483903,
            33.56919573411875
          ],
          [
            -117.64716295492768,
            33.569172011138434
          ],
          [
            -117.64718825421322,
            33.56915216384549
          ],
          [
            -117.64721440891299,
            33.56913636374043
          ],
          [
            -117.64724643328967,
            33.569121655574186
          ],
          [
            -117.64736249492674,
            33.56908128239847
          ],
          [
            -117.64741629878023,
            33.56906377708904
          ],
          [
            -117.64755601566593,
            33.569024947143234
          ],
          [
            -117.64759457799201,
            33.56901149824837
          ],
          [
            -117.64762782597029,
            33.56899719734997
          ],
          [
            -117.64767337811591,
            33.56897306408751
          ],
          [
            -117.64772120243846,
            33.5689432434759
          ],
          [
            -117.64777218819363,
            33.56890737025864
          ],
          [
            -117.64783953890806,
            33.568856148401586
          ],
          [
            -117.64788478599972,
            33.56881943332638
          ],
          [
            -117.64792964713052,
            33.56877953863048
          ],
          [
            -117.64797436126204,
            33.568736252435286
          ],
          [
            -117.6480193092127,
            33.568689207979055
          ],
          [
            -117.64806420109456,
            33.56863880075893
          ],
          [
            -117.64811067725338,
            33.568583272963366
          ],
          [
            -117.64821643011979,
            33.56844706199398
          ],
          [
            -117.64828439065869,
            33.56835548063768
          ],
          [
            -117.64832972909518,
            33.5682899376156
          ],
          [
            -117.64836710133804,
            33.56822926398072
          ],
          [
            -117.64839675092072,
            33.568172590463284
          ],
          [
            -117.6484211458439,
            33.56811663779328
          ],
          [
            -117.64844294259285,
            33.56805752133746
          ],
          [
            -117.64846209072546,
            33.567995386838696
          ],
          [
            -117.6484785235806,
            33.56793044334151
          ],
          [
            -117.6484904278846,
            33.567872948317046
          ],
          [
            -117.64849912414492,
            33.56781926657496
          ],
          [
            -117.64850475042263,
            33.56776853543317
          ],
          [
            -117.64850734906133,
            33.567720372091976
          ],
          [
            -117.64850647249952,
            33.56769242172285
          ],
          [
            -117.64850255362728,
            33.567661148450696
          ],
          [
            -117.64848081785487,
            33.56755842088526
          ],
          [
            -117.6484747237271,
            33.567521333466956
          ],
          [
            -117.6484724564975,
            33.56748544473094
          ],
          [
            -117.64847495757645,
            33.56745337619711
          ],
          [
            -117.64848288554397,
            33.56741924042133
          ],
          [
            -117.64849643058714,
            33.56738159703973
          ],
          [
            -117.64856452003622,
            33.56723662381491
          ],
          [
            -117.64858460097989,
            33.567180421976296
          ],
          [
            -117.64862435177322,
            33.567044721820636
          ],
          [
            -117.64864499971058,
            33.56698472010841
          ],
          [
            -117.64865851508154,
            33.56695282904393
          ],
          [
            -117.64867303983156,
            33.566923969912374
          ],
          [
            -117.64868886829584,
            33.56689755510009
          ],
          [
            -117.64870617692105,
            33.56687330309486
          ],
          [
            -117.64873341662043,
            33.56684104868923
          ],
          [
            -117.64876618800169,
            33.56680722088408
          ],
          [
            -117.64880512720653,
            33.566771053290424
          ],
          [
            -117.64885704998547,
            33.5667262087765
          ],
          [
            -117.64888170334223,
            33.566706854392706
          ],
          [
            -117.6489110315251,
            33.56668663234862
          ],
          [
            -117.64904816774137,
            33.56660131854531
          ],
          [
            -117.64908044017659,
            33.56657703093893
          ],
          [
            -117.64910650289876,
            33.566553143109665
          ],
          [
            -117.64912697243217,
            33.56652974732339
          ],
          [
            -117.6491454481489,
            33.56650372831577
          ],
          [
            -117.64916211749414,
            33.566474818878866
          ],
          [
            -117.64917729500628,
            33.56644248256928
          ],
          [
            -117.64920064535949,
            33.56637787150681
          ],
          [
            -117.64923623425301,
            33.56625314479562
          ],
          [
            -117.64925200030657,
            33.56620390832477
          ],
          [
            -117.6492714642618,
            33.56615508476589
          ],
          [
            -117.64929317940991,
            33.56611325031232
          ],
          [
            -117.64932541976124,
            33.5660635969916
          ],
          [
            -117.64940111874373,
            33.56595798665354
          ],
          [
            -117.64942846714365,
            33.565915347669666
          ],
          [
            -117.64947357558347,
            33.565831897889694
          ],
          [
            -117.64951648641261,
            33.56573728436669
          ],
          [
            -117.64955774209443,
            33.56563154969825
          ],
          [
            -117.64961509249171,
            33.56546909149697
          ],
          [
            -117.64964183371808,
            33.56538356763111
          ],
          [
            -117.64969550354,
            33.565185122909234
          ],
          [
            -117.64972625336007,
            33.56509320321976
          ],
          [
            -117.64977690889476,
            33.56497279026893
          ],
          [
            -117.64985332907987,
            33.564812644177984
          ],
          [
            -117.64992410617454,
            33.56466687792039
          ],
          [
            -117.64994876612352,
            33.56462213106698
          ],
          [
            -117.64997318566944,
            33.56458301358355
          ],
          [
            -117.64999989516994,
            33.56454598125659
          ],
          [
            -117.6500325768593,
            33.564506041397976
          ],
          [
            -117.6501765683139,
            33.56434658179003
          ],
          [
            -117.65031329831946,
            33.56417240658115
          ],
          [
            -117.6503474263227,
            33.564132201498815
          ],
          [
            -117.65037985566333,
            33.56409743118094
          ],
          [
            -117.65042049667917,
            33.564058560411496
          ],
          [
            -117.65046859178123,
            33.56401710987008
          ],
          [
            -117.65067436600559,
            33.56385416407625
          ],
          [
            -117.65073675466435,
            33.56379967263153
          ],
          [
            -117.65091966595159,
            33.563633666166815
          ],
          [
            -117.65098017235346,
            33.56358331838895
          ],
          [
            -117.6510367377288,
            33.56354056043238
          ],
          [
            -117.65107244275217,
            33.563516303990774
          ],
          [
            -117.65111119313748,
            33.563492410931296
          ],
          [
            -117.65119990829666,
            33.563444477860955
          ],
          [
            -117.65128753180919,
            33.56340288972406
          ],
          [
            -117.65149219309063,
            33.563311615813724
          ],
          [
            -117.65158517157481,
            33.56326613492904
          ],
          [
            -117.65166065111349,
            33.56322370844604
          ],
          [
            -117.65172548423583,
            33.5631807191517
          ],
          [
            -117.651737398119,
            33.56317194756569
          ],
          [
            -117.65188591683581,
            33.56306259349119
          ],
          [
            -117.65194064100942,
            33.56301878189833
          ],
          [
            -117.6519877593352,
            33.562977822353474
          ],
          [
            -117.6520308606087,
            33.5629362912434
          ],
          [
            -117.6520679236994,
            33.56289576497484
          ],
          [
            -117.65209938790787,
            33.562855764307415
          ],
          [
            -117.65212545795849,
            33.56281602544436
          ],
          [
            -117.65212801164597,
            33.56281119327823
          ],
          [
            -117.6521507190529,
            33.56276823799297
          ],
          [
            -117.65217248661028,
            33.56271639429799
          ],
          [
            -117.65219073254288,
            33.56266055599376
          ],
          [
            -117.65220542928513,
            33.56260081717005
          ],
          [
            -117.65221655298673,
            33.56253723490437
          ],
          [
            -117.65222406297765,
            33.56247002606609
          ],
          [
            -117.65222793245829,
            33.56239939925293
          ],
          [
            -117.65222795077716,
            33.56239316461564
          ],
          [
            -117.65222800963396,
            33.562372558049255
          ],
          [
            -117.65222814300314,
            33.56232568199371
          ],
          [
            -117.65222318724912,
            33.56226600393583
          ],
          [
            -117.65220209849232,
            33.56213931020326
          ]
        ],
        "type": "LineString"
      },
      "id": 4936,
      "properties": {
        "Agency": null,
        "Agr_Month": null,
        "Agr_Year": null,
        "Agreement": null,
        "As_Blt_Month": null,
        "As_Blt_Year": null,
        "Base": null,
        "City": null,
        "Date_Entered": null,
        "DrawingNum": "Not Available",
        "Ds_Strt": null,
        "Ds_Sttn": null,
        "DwgID": null,
        "DwgNum": null,
        "Dwg_Month": null,
        "Dwg_Year": null,
        "FACILITYNAME": "TRABUCO CREEK CHANNEL",
        "FACILITYNUM": "L02",
        "FacilityDesc": "Natural",
        "FacilityID": 250,
        "FacilitySystem": "Regional",
        "FacilityType": "Natural Watercourse",
        "FeaNote": "14-inch pier wall in channel",
        "File_In": null,
        "File_On": null,
        "Firm": null,
        "Height": null,
        "Info": null,
        "Length": 49500,
        "MFDate": null,
        "MaintBy": null,
        "Material": "Concrete",
        "Mslink": null,
        "OBJECTID": 4936,
        "OwnerType": "2",
        "Ownership": "LOCAL",
        "Public_Info": null,
        "ROW": null,
        "Rack_No": null,
        "ReachDesc": "d/s Crown Valley Parkway to u/s Oso Parkway",
        "ReachNum": "L02-16.03",
        "Sheets": null,
        "StaDS": null,
        "StaUS": null,
        "Tract": null,
        "Type": null,
        "Us_Strt": null,
        "Us_Sttn": null,
        "Watershed": "L"
      },
      "type": "Feature"
    },
    {
      "geometry": {
        "coordinates": [
          [
            -117.64044305166306,
            33.54484046679359
          ],
          [
            -117.64048679262385,
            33.544575163113194
          ],
          [
            -117.64049676033835,
            33.54448012390937
          ],
          [
            -117.64050025750952,
            33.54438476471877
          ],
          [
            -117.64049726966073,
            33.54428939228641
          ],
          [
            -117.64048780930379,
            33.544194317563566
          ],
          [
            -117.64047190610493,
            33.54409984680025
          ],
          [
            -117.6404496112629,
            33.544006286005164
          ],
          [
            -117.64042099747995,
            33.54391393914251
          ],
          [
            -117.64031530137822,
            33.543624574672776
          ],
          [
            -117.64031290809625,
            33.54361811717416
          ]
        ],
        "type": "LineString"
      },
      "id": 5053,
      "properties": {
        "Agency": "PDSD",
        "Agr_Month": "",
        "Agr_Year": "",
        "Agreement": "/",
        "As_Blt_Month": "",
        "As_Blt_Year": "",
        "Base": 120,
        "City": "SEE BELOW",
        "Date_Entered": 1092849660000,
        "DrawingNum": "L05P01-713-3",
        "Ds_Strt": "L05",
        "Ds_Sttn": "549299",
        "DwgID": 1891,
        "DwgNum": "L05P01-713-3",
        "Dwg_Month": "08",
        "Dwg_Year": "2001",
        "FACILITYNAME": "ACJACHEMA STORM DRAIN",
        "FACILITYNUM": "L05P01",
        "FacilityDesc": "RCP",
        "FacilityID": 259,
        "FacilitySystem": "Subregional",
        "FacilityType": "Underground Conduit",
        "FeaNote": null,
        "File_In": "VAULT",
        "File_On": "MYLAR",
        "Firm": "HALL & FOREMAN, INC.",
        "Height": 120,
        "Info": "WITHIN SIENNA PARKWAY",
        "Length": 444,
        "MFDate": "/",
        "MaintBy": "COUNTY OF ORANGE",
        "Material": "Concrete",
        "Mslink": 1891,
        "OBJECTID": 5053,
        "OwnerType": "2",
        "Ownership": "COUNTY",
        "Public_Info": "WITHIN SIENNA PARKWAY",
        "ROW": "/",
        "Rack_No": "",
        "ReachDesc": "downstream O'Neill Drive",
        "ReachNum": "L05P01-09",
        "Sheets": "8",
        "StaDS": "82+83",
        "StaUS": "87+27",
        "Tract": "15987",
        "Type": "CONSTRUCTION",
        "Us_Strt": "O\u00b4NEILL DR.",
        "Us_Sttn": "872974",
        "Watershed": "L"
      },
      "type": "Feature"
    },
    {
      "geometry": {
        "coordinates": [
          [
            -117.64031290809625,
            33.54361811717416
          ],
          [
            -117.64022140387186,
            33.543371188390445
          ],
          [
            -117.64018565919783,
            33.54328137915803
          ],
          [
            -117.64015799277813,
            33.54318959243268
          ],
          [
            -117.64013855483137,
            33.54309633691223
          ],
          [
            -117.64012745585333,
            33.54300212895013
          ],
          [
            -117.64012575063644,
            33.54298058620933
          ]
        ],
        "type": "LineString"
      },
      "id": 5062,
      "properties": {
        "Agency": "PDSD",
        "Agr_Month": "",
        "Agr_Year": "",
        "Agreement": "/",
        "As_Blt_Month": "",
        "As_Blt_Year": "",
        "Base": 114,
        "City": "SEE BELOW",
        "Date_Entered": 1092849660000,
        "DrawingNum": "L05P01-713-3",
        "Ds_Strt": "L05",
        "Ds_Sttn": "549299",
        "DwgID": 1891,
        "DwgNum": "L05P01-713-3",
        "Dwg_Month": "08",
        "Dwg_Year": "2001",
        "FACILITYNAME": "ACJACHEMA STORM DRAIN",
        "FACILITYNUM": "L05P01",
        "FacilityDesc": "RCP",
        "FacilityID": 259,
        "FacilitySystem": "Subregional",
        "FacilityType": "Underground Conduit",
        "FeaNote": null,
        "File_In": "VAULT",
        "File_On": "MYLAR",
        "Firm": "HALL & FOREMAN, INC.",
        "Height": 114,
        "Info": "WITHIN SIENNA PARKWAY",
        "Length": 243,
        "MFDate": "/",
        "MaintBy": "COUNTY OF ORANGE",
        "Material": "Concrete",
        "Mslink": 1891,
        "OBJECTID": 5062,
        "OwnerType": "2",
        "Ownership": "COUNTY",
        "Public_Info": "WITHIN SIENNA PARKWAY",
        "ROW": "/",
        "Rack_No": "",
        "ReachDesc": "between Covenant Hills Drive and O'Neill Drive",
        "ReachNum": "L05P01-08",
        "Sheets": "8",
        "StaDS": "80+40",
        "StaUS": "82+83",
        "Tract": "15987",
        "Type": "CONSTRUCTION",
        "Us_Strt": "O\u00b4NEILL DR.",
        "Us_Sttn": "872974",
        "Watershed": "L"
      },
      "type": "Feature"
    },
    {
      "geometry": {
        "coordinates": [
          [
            -117.63621630784603,
            33.56023039329567
          ],
          [
            -117.63621891515753,
            33.56017503896803
          ],
          [
            -117.63621936677288,
            33.56011103869576
          ],
          [
            -117.63621725646313,
            33.56004706152991
          ],
          [
            -117.63621258754732,
            33.55998318047199
          ],
          [
            -117.6362095702354,
            33.55995656312311
          ],
          [
            -117.63620536437836,
            33.55991946580671
          ],
          [
            -117.63619559564515,
            33.55985598957369
          ],
          [
            -117.63618329217596,
            33.55979282288703
          ],
          [
            -117.6361684669382,
            33.55973003593501
          ],
          [
            -117.63615438588961,
            33.55967938492575
          ],
          [
            -117.6361511383264,
            33.55966770155068
          ],
          [
            -117.63584049682792,
            33.55862936016112
          ]
        ],
        "type": "LineString"
      },
      "id": 5073,
      "properties": {
        "Agency": "PDSD",
        "Agr_Month": "",
        "Agr_Year": "",
        "Agreement": "NONE",
        "As_Blt_Month": "",
        "As_Blt_Year": "",
        "Base": 42,
        "City": "SEE BELOW",
        "Date_Entered": 1092849660000,
        "DrawingNum": "L05P01-713-1",
        "Ds_Strt": "",
        "Ds_Sttn": "991829",
        "DwgID": 1828,
        "DwgNum": "L05P01-713-1",
        "Dwg_Month": "11",
        "Dwg_Year": "1999",
        "FACILITYNAME": "ACJACHEMA STORM DRAIN",
        "FACILITYNUM": "L05P01",
        "FacilityDesc": "RCP",
        "FacilityID": 259,
        "FacilitySystem": "Subregional",
        "FacilityType": "Underground Conduit",
        "FeaNote": null,
        "File_In": "VAULT",
        "File_On": "MYLAR",
        "Firm": "HUITT-ZOLLARS",
        "Height": 42,
        "Info": "LADERA RANCH WITHIN TR.15884. THIS PLAN SET INCLUDE FACILITY L05P11 (STA. 10+00 TO STA. 29+00.75) WHICH IS LOCATED BETWEEN SIENNA PKWY. AND ANTONIO PKWY.",
        "Length": 597,
        "MFDate": "",
        "MaintBy": "COUNTY OF ORANGE",
        "Material": "Concrete",
        "Mslink": 1828,
        "OBJECTID": 5073,
        "OwnerType": "2",
        "Ownership": "COUNTY",
        "Public_Info": "LADERA RANCH WITHIN TR.15884. THIS PLAN SET INCLUDE FACILITY L05P11 (STA. 10+00 TO STA. 29+00.75) WHICH IS LOCATED BETWEEN SIENNA PKWY. AND ANTONIO PKWY.",
        "ROW": "",
        "Rack_No": "",
        "ReachDesc": "Sienna Pkwy between Windmill and Flintridge",
        "ReachNum": "L05P01-27",
        "Sheets": "8",
        "StaDS": "152+03",
        "StaUS": "158+00",
        "Tract": "15884",
        "Type": "CONSTRUCTION",
        "Us_Strt": "NORTH OF L05P11 WITHIN SIENNA PKWY.",
        "Us_Sttn": "1175125",
        "Watershed": "L"
      },
      "type": "Feature"
    },
    {
      "geometry": {
        "coordinates": [
          [
            -117.64034283001675,
            33.545354464279214
          ],
          [
            -117.64035500348295,
            33.545295876583175
          ],
          [
            -117.64035689335385,
            33.54525489875915
          ],
          [
            -117.64035126624614,
            33.54521416177112
          ],
          [
            -117.64033825701482,
            33.54517462714215
          ],
          [
            -117.64032632540352,
            33.545137032688054
          ],
          [
            -117.64032143744912,
            33.54509834966265
          ],
          [
            -117.6403237100851,
            33.54505949741038
          ],
          [
            -117.64033308908304,
            33.545021398989036
          ],
          [
            -117.64034935089092,
            33.544984961311634
          ],
          [
            -117.64037211084566,
            33.544951049807246
          ],
          [
            -117.64040082506898,
            33.54492047216886
          ],
          [
            -117.64041962727279,
            33.5448956724807
          ],
          [
            -117.64043380801428,
            33.54486880356813
          ],
          [
            -117.64044305166306,
            33.54484046679359
          ]
        ],
        "type": "LineString"
      },
      "id": 5056,
      "properties": {
        "Agency": "PDSD",
        "Agr_Month": "",
        "Agr_Year": "",
        "Agreement": "/",
        "As_Blt_Month": "",
        "As_Blt_Year": "",
        "Base": 120,
        "City": "SEE BELOW",
        "Date_Entered": 1092849660000,
        "DrawingNum": "L05P01-713-2",
        "Ds_Strt": "L05",
        "Ds_Sttn": "549299",
        "DwgID": 1891,
        "DwgNum": "L05P01-713-3",
        "Dwg_Month": "08",
        "Dwg_Year": "2001",
        "FACILITYNAME": "ACJACHEMA STORM DRAIN",
        "FACILITYNUM": "L05P01",
        "FacilityDesc": "RCP",
        "FacilityID": 259,
        "FacilitySystem": "Subregional",
        "FacilityType": "Underground Conduit",
        "FeaNote": null,
        "File_In": "VAULT",
        "File_On": "MYLAR",
        "Firm": "HALL & FOREMAN, INC.",
        "Height": 120,
        "Info": "WITHIN SIENNA PARKWAY",
        "Length": 206,
        "MFDate": "/",
        "MaintBy": "COUNTY OF ORANGE",
        "Material": "Concrete",
        "Mslink": 1891,
        "OBJECTID": 5056,
        "OwnerType": "2",
        "Ownership": "COUNTY",
        "Public_Info": "WITHIN SIENNA PARKWAY",
        "ROW": "/",
        "Rack_No": "",
        "ReachDesc": "O'Neill Drive roundabout",
        "ReachNum": "L05P01-10",
        "Sheets": "8",
        "StaDS": "95+39",
        "StaUS": "97+41",
        "Tract": "15987",
        "Type": "CONSTRUCTION",
        "Us_Strt": "O\u00b4NEILL DR.",
        "Us_Sttn": "872974",
        "Watershed": "L"
      },
      "type": "Feature"
    },
    {
      "geometry": {
        "coordinates": [
          [
            -117.64102831543943,
            33.53663996414105
          ],
          [
            -117.6418769171807,
            33.53678980657503
          ],
          [
            -117.64196854742562,
            33.53680663429006
          ],
          [
            -117.64206160613023,
            33.536816546041074
          ],
          [
            -117.64215534907555,
            33.5368194644835
          ],
          [
            -117.64224902965994,
            33.53681536550304
          ],
          [
            -117.64234189895794,
            33.53680428182143
          ],
          [
            -117.64243321647216,
            33.536786301974814
          ],
          [
            -117.64252225442618,
            33.53676156936375
          ]
        ],
        "type": "LineString"
      },
      "id": 4950,
      "properties": {
        "Agency": "PDSD",
        "Agr_Month": "",
        "Agr_Year": "",
        "Agreement": "",
        "As_Blt_Month": "",
        "As_Blt_Year": "",
        "Base": 9.3,
        "City": "UNINCORPORATED",
        "Date_Entered": 1092849660000,
        "DrawingNum": "L05-701-2",
        "Ds_Strt": "HORNO CREEK RETARDING BASIN (L05B01)",
        "Ds_Sttn": "269997",
        "DwgID": 1915,
        "DwgNum": "L05-701-2",
        "Dwg_Month": "",
        "Dwg_Year": "",
        "FACILITYNAME": "HORNO CREEK CHANNEL",
        "FACILITYNUM": "L05",
        "FacilityDesc": "2-RCB",
        "FacilityID": 720,
        "FacilitySystem": "Regional",
        "FacilityType": "Underground Conduit",
        "FeaNote": "None",
        "File_In": "VAULT",
        "File_On": "MYLAR",
        "Firm": "HALL & FOREMAN, INC.",
        "Height": 12,
        "Info": "REGIONAL OCFCD IMPROVEMENT CONDITIONED UPON DEVELOPER (LADERA RANCH) BY TRACTS 15793 & 15990 AND PER LADERA PLANNED COMMUNITY RUNOFF MANAGEMENT PLAN.",
        "Length": 211,
        "MFDate": "",
        "MaintBy": "OCFCD",
        "Material": "Concrete",
        "Mslink": 1915,
        "OBJECTID": 4950,
        "OwnerType": "1",
        "Ownership": "DISTRICT",
        "Public_Info": "REGIONAL OCFCD IMPROVEMENT CONDITIONED UPON DEVELOPER (LADERA RANCH) BY TRACTS 15793 & 15990 AND PER LADERA PLANNED COMMUNITY RUNOFF MANAGEMENT PLAN.",
        "ROW": "EASEMENT",
        "Rack_No": "",
        "ReachDesc": "u/s transition to end RCB (d/s Covenant Hills Dri*",
        "ReachNum": "L05-06",
        "Sheets": "16",
        "StaDS": "52+82",
        "StaUS": "54+93",
        "Tract": "15990",
        "Type": "CONSTRUCTION",
        "Us_Strt": "JUNCTION L05P01 & L05P04",
        "Us_Sttn": "549299",
        "Watershed": "L"
      },
      "type": "Feature"
    },
    {
      "geometry": {
        "coordinates": [
          [
            -117.64009306061605,
            33.541196869582166
          ],
          [
            -117.64009584677366,
            33.54118959320198
          ],
          [
            -117.64012716107777,
            33.541099885508636
          ],
          [
            -117.64016549348749,
            33.54101210846344
          ],
          [
            -117.64021067676417,
            33.5409266480575
          ],
          [
            -117.64026251223436,
            33.54084387710624
          ],
          [
            -117.64032077309176,
            33.54076415972147
          ],
          [
            -117.6403852032061,
            33.54068784411105
          ],
          [
            -117.64045552145869,
            33.540615264334136
          ]
        ],
        "type": "LineString"
      },
      "id": 5059,
      "properties": {
        "Agency": "PDSD",
        "Agr_Month": "",
        "Agr_Year": "",
        "Agreement": "/",
        "As_Blt_Month": "",
        "As_Blt_Year": "",
        "Base": 114,
        "City": "SEE BELOW",
        "Date_Entered": 1092849660000,
        "DrawingNum": "L05P01-713-3",
        "Ds_Strt": "L05",
        "Ds_Sttn": "549299",
        "DwgID": 1891,
        "DwgNum": "L05P01-713-3",
        "Dwg_Month": "08",
        "Dwg_Year": "2001",
        "FACILITYNAME": "ACJACHEMA STORM DRAIN",
        "FACILITYNUM": "L05P01",
        "FacilityDesc": "RCP",
        "FacilityID": 259,
        "FacilitySystem": "Subregional",
        "FacilityType": "Underground Conduit",
        "FeaNote": null,
        "File_In": "VAULT",
        "File_On": "MYLAR",
        "Firm": "HALL & FOREMAN, INC.",
        "Height": 114,
        "Info": "WITHIN SIENNA PARKWAY",
        "Length": 240,
        "MFDate": "/",
        "MaintBy": "COUNTY OF ORANGE",
        "Material": "Concrete",
        "Mslink": 1891,
        "OBJECTID": 5059,
        "OwnerType": "2",
        "Ownership": "COUNTY",
        "Public_Info": "WITHIN SIENNA PARKWAY",
        "ROW": "/",
        "Rack_No": "",
        "ReachDesc": "downstream Covenant Hills Drive",
        "ReachNum": "L05P01-05",
        "Sheets": "8",
        "StaDS": "71+50",
        "StaUS": "73+90",
        "Tract": "15987",
        "Type": "CONSTRUCTION",
        "Us_Strt": "O\u00b4NEILL DR.",
        "Us_Sttn": "872974",
        "Watershed": "L"
      },
      "type": "Feature"
    },
    {
      "geometry": {
        "coordinates": [
          [
            -117.64038480871653,
            33.53833714195036
          ],
          [
            -117.64033835306851,
            33.53796718852533
          ],
          [
            -117.64032233146243,
            33.53787196240877
          ],
          [
            -117.6402983948915,
            33.537777907634776
          ],
          [
            -117.64026666270925,
            33.537685485446076
          ],
          [
            -117.64016906394761,
            33.53743463884236
          ],
          [
            -117.64015214507228,
            33.53738150665089
          ],
          [
            -117.64014911765491,
            33.537371999409274
          ],
          [
            -117.64014725731703,
            33.53736207787303
          ],
          [
            -117.64013711172868,
            33.53730795661207
          ],
          [
            -117.64013317901566,
            33.53724321320873
          ],
          [
            -117.6401373620441,
            33.537178480178056
          ],
          [
            -117.64014961506349,
            33.53711446948302
          ],
          [
            -117.64016980391574,
            33.537051885956686
          ],
          [
            -117.64018294771206,
            33.53702340009337
          ],
          [
            -117.64019770585027,
            33.53699141558236
          ]
        ],
        "type": "LineString"
      },
      "id": 5065,
      "properties": {
        "Agency": "PDSD",
        "Agr_Month": "",
        "Agr_Year": "",
        "Agreement": "/",
        "As_Blt_Month": "",
        "As_Blt_Year": "",
        "Base": 114,
        "City": "SEE BELOW",
        "Date_Entered": 1092849660000,
        "DrawingNum": "L05P01-713-3",
        "Ds_Strt": "L05",
        "Ds_Sttn": "549299",
        "DwgID": 1891,
        "DwgNum": "L05P01-713-3",
        "Dwg_Month": "08",
        "Dwg_Year": "2001",
        "FACILITYNAME": "ACJACHEMA STORM DRAIN",
        "FACILITYNUM": "L05P01",
        "FacilityDesc": "RCP",
        "FacilityID": 259,
        "FacilitySystem": "Subregional",
        "FacilityType": "Underground Conduit",
        "FeaNote": null,
        "File_In": "VAULT",
        "File_On": "MYLAR",
        "Firm": "HALL & FOREMAN, INC.",
        "Height": 114,
        "Info": "WITHIN SIENNA PARKWAY",
        "Length": 500,
        "MFDate": "/",
        "MaintBy": "COUNTY OF ORANGE",
        "Material": "Concrete",
        "Mslink": 1891,
        "OBJECTID": 5065,
        "OwnerType": "2",
        "Ownership": "COUNTY",
        "Public_Info": "WITHIN SIENNA PARKWAY",
        "ROW": "/",
        "Rack_No": "",
        "ReachDesc": "Utility Right-of-way",
        "ReachNum": "L05P01-02",
        "Sheets": "8",
        "StaDS": "58+00",
        "StaUS": "63+00",
        "Tract": "15987",
        "Type": "CONSTRUCTION",
        "Us_Strt": "O\u00b4NEILL DR.",
        "Us_Sttn": "872974",
        "Watershed": "L"
      },
      "type": "Feature"
    },
    {
      "geometry": {
        "coordinates": [
          [
            -117.6376299570829,
            33.548601140326525
          ],
          [
            -117.6376318790717,
            33.54848736969926
          ],
          [
            -117.63764077122883,
            33.54837383158075
          ],
          [
            -117.63765661029048,
            33.54826082559696
          ],
          [
            -117.63767935247863,
            33.54814864799456
          ],
          [
            -117.63770894003316,
            33.54803759607673
          ],
          [
            -117.6377452935752,
            33.54792796197611
          ],
          [
            -117.63778831750501,
            33.547820033496784
          ],
          [
            -117.63783789895447,
            33.547714095929145
          ],
          [
            -117.63785049386792,
            33.54768419542563
          ],
          [
            -117.63785857674526,
            33.54765322077681
          ]
        ],
        "type": "LineString"
      },
      "id": 5051,
      "properties": {
        "Agency": "PDSD",
        "Agr_Month": "",
        "Agr_Year": "",
        "Agreement": "/",
        "As_Blt_Month": "",
        "As_Blt_Year": "",
        "Base": 102,
        "City": "SEE BELOW",
        "Date_Entered": 1092849660000,
        "DrawingNum": "L05P01-713-2",
        "Ds_Strt": "L05",
        "Ds_Sttn": "549299",
        "DwgID": 1891,
        "DwgNum": "L05P01-713-3",
        "Dwg_Month": "08",
        "Dwg_Year": "2001",
        "FACILITYNAME": "ACJACHEMA STORM DRAIN",
        "FACILITYNUM": "L05P01",
        "FacilityDesc": "RCP",
        "FacilityID": 259,
        "FacilitySystem": "Subregional",
        "FacilityType": "Underground Conduit",
        "FeaNote": null,
        "File_In": "VAULT",
        "File_On": "MYLAR",
        "Firm": "HALL & FOREMAN, INC.",
        "Height": 102,
        "Info": "WITHIN SIENNA PARKWAY",
        "Length": 356,
        "MFDate": "/",
        "MaintBy": "COUNTY OF ORANGE",
        "Material": "Concrete",
        "Mslink": 1891,
        "OBJECTID": 5051,
        "OwnerType": "2",
        "Ownership": "COUNTY",
        "Public_Info": "WITHIN SIENNA PARKWAY",
        "ROW": "/",
        "Rack_No": "",
        "ReachDesc": "Between Sellas Road and Zinnia Street",
        "ReachNum": "L05P01-15",
        "Sheets": "8",
        "StaDS": "109+25",
        "StaUS": "112+81",
        "Tract": "15987",
        "Type": "CONSTRUCTION",
        "Us_Strt": "O\u00b4NEILL DR.",
        "Us_Sttn": "872974",
        "Watershed": "L"
      },
      "type": "Feature"
    },
    {
      "geometry": {
        "coordinates": [
          [
            -117.63617273544723,
            33.560515283866835
          ],
          [
            -117.63617835507459,
            33.56049287604693
          ],
          [
            -117.6361915483799,
            33.560429834939434
          ],
          [
            -117.6362022117526,
            33.56036645950323
          ],
          [
            -117.63621033340692,
            33.56030282110523
          ],
          [
            -117.6362159026197,
            33.56023899019871
          ],
          [
            -117.63621630784603,
            33.56023039329567
          ]
        ],
        "type": "LineString"
      },
      "id": 5074,
      "properties": {
        "Agency": "PDSD",
        "Agr_Month": "",
        "Agr_Year": "",
        "Agreement": "NONE",
        "As_Blt_Month": "",
        "As_Blt_Year": "",
        "Base": 42,
        "City": "SEE BELOW",
        "Date_Entered": 1092849660000,
        "DrawingNum": "L05P01-713-1",
        "Ds_Strt": "",
        "Ds_Sttn": "991829",
        "DwgID": 1828,
        "DwgNum": "L05P01-713-1",
        "Dwg_Month": "11",
        "Dwg_Year": "1999",
        "FACILITYNAME": "ACJACHEMA STORM DRAIN",
        "FACILITYNUM": "L05P01",
        "FacilityDesc": "RCP",
        "FacilityID": 259,
        "FacilitySystem": "Subregional",
        "FacilityType": "Underground Conduit",
        "FeaNote": null,
        "File_In": "VAULT",
        "File_On": "MYLAR",
        "Firm": "HUITT-ZOLLARS",
        "Height": 42,
        "Info": "LADERA RANCH WITHIN TR.15884. THIS PLAN SET INCLUDE FACILITY L05P11 (STA. 10+00 TO STA. 29+00.75) WHICH IS LOCATED BETWEEN SIENNA PKWY. AND ANTONIO PKWY.",
        "Length": 105,
        "MFDate": "",
        "MaintBy": "COUNTY OF ORANGE",
        "Material": "Concrete",
        "Mslink": 1828,
        "OBJECTID": 5074,
        "OwnerType": "2",
        "Ownership": "COUNTY",
        "Public_Info": "LADERA RANCH WITHIN TR.15884. THIS PLAN SET INCLUDE FACILITY L05P11 (STA. 10+00 TO STA. 29+00.75) WHICH IS LOCATED BETWEEN SIENNA PKWY. AND ANTONIO PKWY.",
        "ROW": "",
        "Rack_No": "",
        "ReachDesc": "South of Flintridge Ave",
        "ReachNum": "L05P01-28",
        "Sheets": "8",
        "StaDS": "158+00",
        "StaUS": "159+05",
        "Tract": "15884",
        "Type": "CONSTRUCTION",
        "Us_Strt": "NORTH OF L05P11 WITHIN SIENNA PKWY.",
        "Us_Sttn": "1175125",
        "Watershed": "L"
      },
      "type": "Feature"
    },
    {
      "geometry": {
        "coordinates": [
          [
            -117.64005774841104,
            33.542073095062136
          ],
          [
            -117.6400218753591,
            33.54158980085259
          ],
          [
            -117.64002427398056,
            33.54151002738568
          ],
          [
            -117.64003263619585,
            33.54143053630079
          ],
          [
            -117.64004692928779,
            33.54135164085662
          ],
          [
            -117.64006709676791,
            33.54127364916625
          ],
          [
            -117.64009306061605,
            33.541196869582166
          ]
        ],
        "type": "LineString"
      },
      "id": 5060,
      "properties": {
        "Agency": "PDSD",
        "Agr_Month": "",
        "Agr_Year": "",
        "Agreement": "/",
        "As_Blt_Month": "",
        "As_Blt_Year": "",
        "Base": 114,
        "City": "SEE BELOW",
        "Date_Entered": 1092849660000,
        "DrawingNum": "L05P01-713-3",
        "Ds_Strt": "L05",
        "Ds_Sttn": "549299",
        "DwgID": 1891,
        "DwgNum": "L05P01-713-3",
        "Dwg_Month": "08",
        "Dwg_Year": "2001",
        "FACILITYNAME": "ACJACHEMA STORM DRAIN",
        "FACILITYNUM": "L05P01",
        "FacilityDesc": "RCP",
        "FacilityID": 259,
        "FacilitySystem": "Subregional",
        "FacilityType": "Underground Conduit",
        "FeaNote": null,
        "File_In": "VAULT",
        "File_On": "MYLAR",
        "Firm": "HALL & FOREMAN, INC.",
        "Height": 114,
        "Info": "WITHIN SIENNA PARKWAY",
        "Length": 310,
        "MFDate": "/",
        "MaintBy": "COUNTY OF ORANGE",
        "Material": "Concrete",
        "Mslink": 1891,
        "OBJECTID": 5060,
        "OwnerType": "2",
        "Ownership": "COUNTY",
        "Public_Info": "WITHIN SIENNA PARKWAY",
        "ROW": "/",
        "Rack_No": "",
        "ReachDesc": "Covenant Hills Drive",
        "ReachNum": "L05P01-06",
        "Sheets": "8",
        "StaDS": "73+90",
        "StaUS": "77+00",
        "Tract": "15987",
        "Type": "CONSTRUCTION",
        "Us_Strt": "O\u00b4NEILL DR.",
        "Us_Sttn": "872974",
        "Watershed": "L"
      },
      "type": "Feature"
    },
    {
      "geometry": {
        "coordinates": [
          [
            -117.63795862178513,
            33.54737670005513
          ],
          [
            -117.63799606301676,
            33.54735353158239
          ],
          [
            -117.63803743501055,
            33.5473356547132
          ],
          [
            -117.63807139408425,
            33.54732132484844
          ],
          [
            -117.6381027169036,
            33.547303268730424
          ],
          [
            -117.63813082294644,
            33.54728182015458
          ],
          [
            -117.63815519300529,
            33.547257376254834
          ],
          [
            -117.63823420835693,
            33.54717697688827
          ],
          [
            -117.6383178395002,
            33.547099920951425
          ]
        ],
        "type": "LineString"
      },
      "id": 5068,
      "properties": {
        "Agency": "PDSD",
        "Agr_Month": "",
        "Agr_Year": "",
        "Agreement": "/",
        "As_Blt_Month": "",
        "As_Blt_Year": "",
        "Base": 120,
        "City": "SEE BELOW",
        "Date_Entered": 1092849660000,
        "DrawingNum": "L05P01-713-2",
        "Ds_Strt": "L05",
        "Ds_Sttn": "549299",
        "DwgID": 1891,
        "DwgNum": "L05P01-713-3",
        "Dwg_Month": "08",
        "Dwg_Year": "2001",
        "FACILITYNAME": "ACJACHEMA STORM DRAIN",
        "FACILITYNUM": "L05P01",
        "FacilityDesc": "RCP",
        "FacilityID": 259,
        "FacilitySystem": "Subregional",
        "FacilityType": "Underground Conduit",
        "FeaNote": null,
        "File_In": "VAULT",
        "File_On": "MYLAR",
        "Firm": "HALL & FOREMAN, INC.",
        "Height": 120,
        "Info": "WITHIN SIENNA PARKWAY",
        "Length": 155,
        "MFDate": "/",
        "MaintBy": "COUNTY OF ORANGE",
        "Material": "Concrete",
        "Mslink": 1891,
        "OBJECTID": 5068,
        "OwnerType": "2",
        "Ownership": "COUNTY",
        "Public_Info": "WITHIN SIENNA PARKWAY",
        "ROW": "/",
        "Rack_No": "",
        "ReachDesc": "Downstream Sellas Road",
        "ReachNum": "L05P01-13",
        "Sheets": "8",
        "StaDS": "106+66",
        "StaUS": "108+21",
        "Tract": "15987",
        "Type": "CONSTRUCTION",
        "Us_Strt": "O\u00b4NEILL DR.",
        "Us_Sttn": "872974",
        "Watershed": "L"
      },
      "type": "Feature"
    },
    {
      "geometry": {
        "coordinates": [
          [
            -117.6431264688634,
            33.53625818638391
          ],
          [
            -117.64345157254589,
            33.53555650029062
          ],
          [
            -117.64348813756037,
            33.53548605657509
          ],
          [
            -117.64353129923578,
            33.535418281126276
          ],
          [
            -117.64358077910997,
            33.535353605369345
          ],
          [
            -117.64363626397241,
            33.53529244218182
          ],
          [
            -117.64369739933268,
            33.53523518145852
          ],
          [
            -117.64376379585163,
            33.53518218823627
          ],
          [
            -117.64383502931223,
            33.53513380089107
          ],
          [
            -117.64391064594503,
            33.53509032747182
          ],
          [
            -117.64399016350448,
            33.53505204568872
          ],
          [
            -117.64407307444066,
            33.53501919927084
          ],
          [
            -117.64415885128183,
            33.53499199790629
          ],
          [
            -117.64424694551445,
            33.53497061454965
          ]
        ],
        "type": "LineString"
      },
      "id": 2841,
      "properties": {
        "Agency": "PDSD",
        "Agr_Month": "",
        "Agr_Year": "",
        "Agreement": "",
        "As_Blt_Month": "",
        "As_Blt_Year": "",
        "Base": 12,
        "City": "UNINCORPORATED",
        "Date_Entered": 1092849660000,
        "DrawingNum": "L05-701-2",
        "Ds_Strt": "HORNO CREEK RETARDING BASIN (L05B01)",
        "Ds_Sttn": "269997",
        "DwgID": 1915,
        "DwgNum": "L05-701-2",
        "Dwg_Month": "",
        "Dwg_Year": "",
        "FACILITYNAME": "HORNO CREEK CHANNEL",
        "FACILITYNUM": "L05",
        "FacilityDesc": "RCB",
        "FacilityID": 720,
        "FacilitySystem": "Regional",
        "FacilityType": "Underground Conduit",
        "FeaNote": "None",
        "File_In": "VAULT",
        "File_On": "MYLAR",
        "Firm": "HALL & FOREMAN, INC.",
        "Height": 12,
        "Info": "REGIONAL OCFCD IMPROVEMENT CONDITIONED UPON DEVELOPER (LADERA RANCH) BY TRACTS 15793 & 15990 AND PER LADERA PLANNED COMMUNITY RUNOFF MANAGEMENT PLAN.",
        "Length": 600,
        "MFDate": "",
        "MaintBy": "OCFCD",
        "Material": "Concrete",
        "Mslink": 1915,
        "OBJECTID": 2841,
        "OwnerType": "1",
        "Ownership": "DISTRICT",
        "Public_Info": "REGIONAL OCFCD IMPROVEMENT CONDITIONED UPON DEVELOPER (LADERA RANCH) BY TRACTS 15793 & 15990 AND PER LADERA PLANNED COMMUNITY RUNOFF MANAGEMENT PLAN.",
        "ROW": "EASEMENT",
        "Rack_No": "",
        "ReachDesc": "grade break to grade break",
        "ReachNum": "L05-05.02",
        "Sheets": "16",
        "StaDS": "42+00",
        "StaUS": "48+00",
        "Tract": "15990",
        "Type": "CONSTRUCTION",
        "Us_Strt": "JUNCTION L05P01 & L05P04",
        "Us_Sttn": "549299",
        "Watershed": "L"
      },
      "type": "Feature"
    },
    {
      "geometry": {
        "coordinates": [
          [
            -117.63475353357339,
            33.56250547176479
          ],
          [
            -117.63484197620458,
            33.562516785826695
          ],
          [
            -117.63486417960318,
            33.562518314389095
          ],
          [
            -117.6348864081092,
            33.56251708073324
          ],
          [
            -117.63490817529706,
            33.56251311100773
          ],
          [
            -117.6349290032525,
            33.562506492583
          ],
          [
            -117.63494843545199,
            33.56249737120301
          ],
          [
            -117.6349660442301,
            33.56248594639371
          ],
          [
            -117.63498157722925,
            33.56247233367587
          ],
          [
            -117.63499451088772,
            33.56245693382152
          ],
          [
            -117.63500455771512,
            33.56244009177656
          ],
          [
            -117.6350114931961,
            33.56242218424783
          ]
        ],
        "type": "LineString"
      },
      "id": 5054,
      "properties": {
        "Agency": "PDSD",
        "Agr_Month": "",
        "Agr_Year": "",
        "Agreement": "NONE",
        "As_Blt_Month": "",
        "As_Blt_Year": "",
        "Base": 42,
        "City": "SEE BELOW",
        "Date_Entered": 1092849660000,
        "DrawingNum": "L05P01-713-1",
        "Ds_Strt": "",
        "Ds_Sttn": "991829",
        "DwgID": 1828,
        "DwgNum": "L05P01-713-1",
        "Dwg_Month": "11",
        "Dwg_Year": "1999",
        "FACILITYNAME": "ACJACHEMA STORM DRAIN",
        "FACILITYNUM": "L05P01",
        "FacilityDesc": "RCP",
        "FacilityID": 259,
        "FacilitySystem": "Subregional",
        "FacilityType": "Underground Conduit",
        "FeaNote": null,
        "File_In": "VAULT",
        "File_On": "MYLAR",
        "Firm": "HUITT-ZOLLARS",
        "Height": 42,
        "Info": "LADERA RANCH WITHIN TR.15884. THIS PLAN SET INCLUDE FACILITY L05P11 (STA. 10+00 TO STA. 29+00.75) WHICH IS LOCATED BETWEEN SIENNA PKWY. AND ANTONIO PKWY.",
        "Length": 102,
        "MFDate": "",
        "MaintBy": "COUNTY OF ORANGE",
        "Material": "Concrete",
        "Mslink": 1828,
        "OBJECTID": 5054,
        "OwnerType": "2",
        "Ownership": "COUNTY",
        "Public_Info": "LADERA RANCH WITHIN TR.15884. THIS PLAN SET INCLUDE FACILITY L05P11 (STA. 10+00 TO STA. 29+00.75) WHICH IS LOCATED BETWEEN SIENNA PKWY. AND ANTONIO PKWY.",
        "ROW": "",
        "Rack_No": "",
        "ReachDesc": "At Second Street and Sienna Pkwy.",
        "ReachNum": "L05P01-31",
        "Sheets": "8",
        "StaDS": "166+89",
        "StaUS": "167+91",
        "Tract": "15884",
        "Type": "CONSTRUCTION",
        "Us_Strt": "NORTH OF L05P11 WITHIN SIENNA PKWY.",
        "Us_Sttn": "1175125",
        "Watershed": "L"
      },
      "type": "Feature"
    },
    {
      "geometry": {
        "coordinates": [
          [
            -117.63665060462608,
            33.55552133558638
          ],
          [
            -117.63683998498881,
            33.5552981271197
          ],
          [
            -117.63687668534857,
            33.5552548708873
          ],
          [
            -117.63689156341638,
            33.555223589848396
          ],
          [
            -117.63690161282996,
            33.55519098837901
          ],
          [
            -117.63690667274504,
            33.55515758495206
          ],
          [
            -117.63690666121065,
            33.55512391519549
          ],
          [
            -117.63690703508365,
            33.55509837007005
          ],
          [
            -117.6369123228814,
            33.555073209348635
          ],
          [
            -117.6369223842909,
            33.555049091940624
          ],
          [
            -117.63693695789779,
            33.55502664654385
          ],
          [
            -117.63695566102888,
            33.55500646172746
          ],
          [
            -117.6369780055754,
            33.554989065016905
          ],
          [
            -117.63700340749772,
            33.554974911065884
          ],
          [
            -117.63703120172846,
            33.554964370669836
          ]
        ],
        "type": "LineString"
      },
      "id": 5048,
      "properties": {
        "Agency": "PDSD",
        "Agr_Month": "",
        "Agr_Year": "",
        "Agreement": "/",
        "As_Blt_Month": "",
        "As_Blt_Year": "",
        "Base": 78,
        "City": "SEE BELOW",
        "Date_Entered": 1092849660000,
        "DrawingNum": "L05P01-713-2",
        "Ds_Strt": "L05",
        "Ds_Sttn": "549299",
        "DwgID": 1891,
        "DwgNum": "L05P01-713-3",
        "Dwg_Month": "08",
        "Dwg_Year": "2001",
        "FACILITYNAME": "ACJACHEMA STORM DRAIN",
        "FACILITYNUM": "L05P01",
        "FacilityDesc": "RCP",
        "FacilityID": 259,
        "FacilitySystem": "Subregional",
        "FacilityType": "Underground Conduit",
        "FeaNote": null,
        "File_In": "VAULT",
        "File_On": "MYLAR",
        "Firm": "HALL & FOREMAN, INC.",
        "Height": 78,
        "Info": "WITHIN SIENNA PARKWAY",
        "Length": 226,
        "MFDate": "/",
        "MaintBy": "COUNTY OF ORANGE",
        "Material": "Concrete",
        "Mslink": 1891,
        "OBJECTID": 5048,
        "OwnerType": "2",
        "Ownership": "COUNTY",
        "Public_Info": "WITHIN SIENNA PARKWAY",
        "ROW": "/",
        "Rack_No": "",
        "ReachDesc": "Upstream Sellas Road roundabout",
        "ReachNum": "L05P01-20",
        "Sheets": "8",
        "StaDS": "137+47",
        "StaUS": "139+73",
        "Tract": "15987",
        "Type": "CONSTRUCTION",
        "Us_Strt": "O\u00b4NEILL DR.",
        "Us_Sttn": "872974",
        "Watershed": "L"
      },
      "type": "Feature"
    },
    {
      "geometry": {
        "coordinates": [
          [
            -117.6383958902339,
            33.55189685226269
          ],
          [
            -117.63840234817039,
            33.551881111212346
          ],
          [
            -117.63841274401287,
            33.551846177503116
          ],
          [
            -117.63841813142437,
            33.55181045924181
          ],
          [
            -117.63841843655015,
            33.55177445860423
          ],
          [
            -117.63842009074206,
            33.551743040752555
          ],
          [
            -117.63841746191382,
            33.55156759875279
          ],
          [
            -117.63840707265405,
            33.55139235869454
          ],
          [
            -117.63838893760526,
            33.5512175611703
          ],
          [
            -117.63837135318333,
            33.55108367808596
          ],
          [
            -117.63834908978507,
            33.550950284494895
          ],
          [
            -117.63832216754265,
            33.55081749378617
          ],
          [
            -117.63828027288994,
            33.550641503062494
          ],
          [
            -117.63823234867252,
            33.55046659486962
          ],
          [
            -117.63817843490452,
            33.550292913028855
          ],
          [
            -117.63811857591993,
            33.550120602214406
          ],
          [
            -117.63811005272684,
            33.55009748084896
          ],
          [
            -117.63810142228085,
            33.55007438682812
          ],
          [
            -117.6380229610933,
            33.54987736812706
          ]
        ],
        "type": "LineString"
      },
      "id": 5057,
      "properties": {
        "Agency": "PDSD",
        "Agr_Month": "",
        "Agr_Year": "",
        "Agreement": "/",
        "As_Blt_Month": "",
        "As_Blt_Year": "",
        "Base": 96,
        "City": "SEE BELOW",
        "Date_Entered": 1092849660000,
        "DrawingNum": "L05P01-713-2",
        "Ds_Strt": "L05",
        "Ds_Sttn": "549299",
        "DwgID": 1891,
        "DwgNum": "L05P01-713-3",
        "Dwg_Month": "08",
        "Dwg_Year": "2001",
        "FACILITYNAME": "ACJACHEMA STORM DRAIN",
        "FACILITYNUM": "L05P01",
        "FacilityDesc": "RCP",
        "FacilityID": 259,
        "FacilitySystem": "Subregional",
        "FacilityType": "Underground Conduit",
        "FeaNote": null,
        "File_In": "VAULT",
        "File_On": "MYLAR",
        "Firm": "HALL & FOREMAN, INC.",
        "Height": 96,
        "Info": "WITHIN SIENNA PARKWAY",
        "Length": 746,
        "MFDate": "/",
        "MaintBy": "COUNTY OF ORANGE",
        "Material": "Concrete",
        "Mslink": 1891,
        "OBJECTID": 5057,
        "OwnerType": "2",
        "Ownership": "COUNTY",
        "Public_Info": "WITHIN SIENNA PARKWAY",
        "ROW": "/",
        "Rack_No": "",
        "ReachDesc": "Between Daisy Street and Dorrance Drive",
        "ReachNum": "L05P01-17",
        "Sheets": "8",
        "StaDS": "117+63",
        "StaUS": "125+09",
        "Tract": "15987",
        "Type": "CONSTRUCTION",
        "Us_Strt": "O\u00b4NEILL DR.",
        "Us_Sttn": "872974",
        "Watershed": "L"
      },
      "type": "Feature"
    },
    {
      "geometry": {
        "coordinates": [
          [
            -117.63578426391248,
            33.55847487467174
          ],
          [
            -117.63577112946581,
            33.55845675398902
          ],
          [
            -117.63575618978247,
            33.55843964166752
          ],
          [
            -117.63573955564144,
            33.55842366361506
          ],
          [
            -117.63572134735551,
            33.55840893571448
          ],
          [
            -117.63570170021248,
            33.55839556737004
          ],
          [
            -117.63568775448981,
            33.5583857045498
          ],
          [
            -117.6356753681674,
            33.5583744763197
          ],
          [
            -117.63566473029992,
            33.55836205460661
          ],
          [
            -117.63565600329254,
            33.55834862876642
          ],
          [
            -117.63564932288692,
            33.5583344046824
          ],
          [
            -117.63564478838377,
            33.55831959946383
          ],
          [
            -117.63564246906118,
            33.55830443866929
          ],
          [
            -117.63564240197789,
            33.55828915362605
          ],
          [
            -117.63564458763756,
            33.55827397967483
          ],
          [
            -117.63564899306166,
            33.558259146216876
          ],
          [
            -117.63565554970799,
            33.55824488124544
          ],
          [
            -117.63565613087077,
            33.55824397216698
          ]
        ],
        "type": "LineString"
      },
      "id": 5071,
      "properties": {
        "Agency": "PDSD",
        "Agr_Month": "",
        "Agr_Year": "",
        "Agreement": "NONE",
        "As_Blt_Month": "",
        "As_Blt_Year": "",
        "Base": 54,
        "City": "SEE BELOW",
        "Date_Entered": 1092849660000,
        "DrawingNum": "L05P01-713-1",
        "Ds_Strt": "",
        "Ds_Sttn": "991829",
        "DwgID": 1828,
        "DwgNum": "L05P01-713-1",
        "Dwg_Month": "11",
        "Dwg_Year": "1999",
        "FACILITYNAME": "ACJACHEMA STORM DRAIN",
        "FACILITYNUM": "L05P01",
        "FacilityDesc": "RCP",
        "FacilityID": 259,
        "FacilitySystem": "Subregional",
        "FacilityType": "Underground Conduit",
        "FeaNote": null,
        "File_In": "VAULT",
        "File_On": "MYLAR",
        "Firm": "HUITT-ZOLLARS",
        "Height": 54,
        "Info": "LADERA RANCH WITHIN TR.15884. THIS PLAN SET INCLUDE FACILITY L05P11 (STA. 10+00 TO STA. 29+00.75) WHICH IS LOCATED BETWEEN SIENNA PKWY. AND ANTONIO PKWY.",
        "Length": 91,
        "MFDate": "",
        "MaintBy": "COUNTY OF ORANGE",
        "Material": "Concrete",
        "Mslink": 1828,
        "OBJECTID": 5071,
        "OwnerType": "2",
        "Ownership": "COUNTY",
        "Public_Info": "LADERA RANCH WITHIN TR.15884. THIS PLAN SET INCLUDE FACILITY L05P11 (STA. 10+00 TO STA. 29+00.75) WHICH IS LOCATED BETWEEN SIENNA PKWY. AND ANTONIO PKWY.",
        "ROW": "",
        "Rack_No": "",
        "ReachDesc": "Upstream Windmill Avenue",
        "ReachNum": "L05P01-24",
        "Sheets": "8",
        "StaDS": "150+52",
        "StaUS": "151+43",
        "Tract": "15884",
        "Type": "CONSTRUCTION",
        "Us_Strt": "NORTH OF L05P11 WITHIN SIENNA PKWY.",
        "Us_Sttn": "1175125",
        "Watershed": "L"
      },
      "type": "Feature"
    },
    {
      "geometry": {
        "coordinates": [
          [
            -117.63703120172846,
            33.554964370669836
          ],
          [
            -117.63710189945961,
            33.55493564997919
          ],
          [
            -117.63713313157797,
            33.55492207127259
          ],
          [
            -117.63716191925516,
            33.554905123944614
          ],
          [
            -117.63718774821814,
            33.55488511219205
          ],
          [
            -117.6372101567263,
            33.55486239282767
          ],
          [
            -117.63734341358182,
            33.554700149433316
          ],
          [
            -117.637469562882,
            33.554533970660316
          ],
          [
            -117.63758843686662,
            33.55436407390845
          ],
          [
            -117.63769988080156,
            33.55419068274375
          ],
          [
            -117.63780374755169,
            33.55401402425367
          ],
          [
            -117.63789990193082,
            33.5538343317037
          ],
          [
            -117.63798821630824,
            33.55365183917587
          ],
          [
            -117.6380685761071,
            33.55346678872116
          ],
          [
            -117.6381408742626,
            33.55327942050218
          ],
          [
            -117.63820501677766,
            33.55308998355165
          ],
          [
            -117.6382609203825,
            33.55289872407643
          ],
          [
            -117.63830851052425,
            33.55270589449663
          ],
          [
            -117.63834772451092,
            33.55251174800036
          ]
        ],
        "type": "LineString"
      },
      "id": 5049,
      "properties": {
        "Agency": "PDSD",
        "Agr_Month": "",
        "Agr_Year": "",
        "Agreement": "/",
        "As_Blt_Month": "",
        "As_Blt_Year": "",
        "Base": 90,
        "City": "SEE BELOW",
        "Date_Entered": 1092849660000,
        "DrawingNum": "L05P01-713-2",
        "Ds_Strt": "L05",
        "Ds_Sttn": "549299",
        "DwgID": 1891,
        "DwgNum": "L05P01-713-3",
        "Dwg_Month": "08",
        "Dwg_Year": "2001",
        "FACILITYNAME": "ACJACHEMA STORM DRAIN",
        "FACILITYNUM": "L05P01",
        "FacilityDesc": "RCP",
        "FacilityID": 259,
        "FacilitySystem": "Subregional",
        "FacilityType": "Underground Conduit",
        "FeaNote": null,
        "File_In": "VAULT",
        "File_On": "MYLAR",
        "Firm": "HALL & FOREMAN, INC.",
        "Height": 90,
        "Info": "WITHIN SIENNA PARKWAY",
        "Length": 1007,
        "MFDate": "/",
        "MaintBy": "COUNTY OF ORANGE",
        "Material": "Concrete",
        "Mslink": 1891,
        "OBJECTID": 5049,
        "OwnerType": "2",
        "Ownership": "COUNTY",
        "Public_Info": "WITHIN SIENNA PARKWAY",
        "ROW": "/",
        "Rack_No": "",
        "ReachDesc": "Upstream Daisy Street to Sellas Road",
        "ReachNum": "L05P01-19",
        "Sheets": "8",
        "StaDS": "127+40",
        "StaUS": "137+47",
        "Tract": "15987",
        "Type": "CONSTRUCTION",
        "Us_Strt": "O\u00b4NEILL DR.",
        "Us_Sttn": "872974",
        "Watershed": "L"
      },
      "type": "Feature"
    },
    {
      "geometry": {
        "coordinates": [
          [
            -117.63565589622182,
            33.55824425250469
          ],
          [
            -117.63565613087077,
            33.55824397216698
          ],
          [
            -117.63567203273433,
            33.5582210838523
          ],
          [
            -117.63568520384729,
            33.55819701131773
          ],
          [
            -117.6357004076543,
            33.55815620386724
          ],
          [
            -117.63570779772195,
            33.558113908074255
          ],
          [
            -117.6357059077685,
            33.55801846505031
          ]
        ],
        "type": "LineString"
      },
      "id": 5055,
      "properties": {
        "Agency": "PDSD",
        "Agr_Month": "",
        "Agr_Year": "",
        "Agreement": "NONE",
        "As_Blt_Month": "",
        "As_Blt_Year": "",
        "Base": 54,
        "City": "SEE BELOW",
        "Date_Entered": 1092849660000,
        "DrawingNum": "L05P01-713-1",
        "Ds_Strt": "",
        "Ds_Sttn": "991829",
        "DwgID": 1828,
        "DwgNum": "L05P01-713-1",
        "Dwg_Month": "11",
        "Dwg_Year": "1999",
        "FACILITYNAME": "ACJACHEMA STORM DRAIN",
        "FACILITYNUM": "L05P01",
        "FacilityDesc": "RCP",
        "FacilityID": 259,
        "FacilitySystem": "Subregional",
        "FacilityType": "Underground Conduit",
        "FeaNote": "",
        "File_In": "VAULT",
        "File_On": "MYLAR",
        "Firm": "HUITT-ZOLLARS",
        "Height": 54,
        "Info": "LADERA RANCH WITHIN TR.15884. THIS PLAN SET INCLUDE FACILITY L05P11 (STA. 10+00 TO STA. 29+00.75) WHICH IS LOCATED BETWEEN SIENNA PKWY. AND ANTONIO PKWY.",
        "Length": 95,
        "MFDate": "",
        "MaintBy": "COUNTY OF ORANGE",
        "Material": "Concrete",
        "Mslink": 1828,
        "OBJECTID": 5055,
        "OwnerType": "2",
        "Ownership": "COUNTY",
        "Public_Info": "LADERA RANCH WITHIN TR.15884. THIS PLAN SET INCLUDE FACILITY L05P11 (STA. 10+00 TO STA. 29+00.75) WHICH IS LOCATED BETWEEN SIENNA PKWY. AND ANTONIO PKWY.",
        "ROW": "",
        "Rack_No": "",
        "ReachDesc": "Downstream Windmill Avenue",
        "ReachNum": "L05P01-23",
        "Sheets": "8",
        "StaDS": "149+57",
        "StaUS": "150+52",
        "Tract": "15884",
        "Type": "CONSTRUCTION",
        "Us_Strt": "NORTH OF L05P11 WITHIN SIENNA PKWY.",
        "Us_Sttn": "1175125",
        "Watershed": "L"
      },
      "type": "Feature"
    },
    {
      "geometry": {
        "coordinates": [
          [
            -117.64252225442618,
            33.53676156936375
          ],
          [
            -117.64260283201097,
            33.53673250209782
          ],
          [
            -117.64268022993433,
            33.53669790315701
          ],
          [
            -117.6427539093641,
            33.536658014824475
          ],
          [
            -117.64282335573087,
            33.53661311518137
          ],
          [
            -117.64288808518775,
            33.536563518034264
          ],
          [
            -117.64294764347638,
            33.5365095693214
          ],
          [
            -117.64300161774042,
            33.536451645176086
          ],
          [
            -117.64304962896082,
            33.53639015020815
          ],
          [
            -117.64309134266396,
            33.5363255137767
          ],
          [
            -117.6431264688634,
            33.53625818638391
          ]
        ],
        "type": "LineString"
      },
      "id": 2842,
      "properties": {
        "Agency": "PDSD",
        "Agr_Month": "",
        "Agr_Year": "",
        "Agreement": "",
        "As_Blt_Month": "",
        "As_Blt_Year": "",
        "Base": 12,
        "City": "UNINCORPORATED",
        "Date_Entered": 1092849660000,
        "DrawingNum": "L05-701-2",
        "Ds_Strt": "HORNO CREEK RETARDING BASIN (L05B01)",
        "Ds_Sttn": "269997",
        "DwgID": 1915,
        "DwgNum": "L05-701-2",
        "Dwg_Month": "",
        "Dwg_Year": "",
        "FACILITYNAME": "HORNO CREEK CHANNEL",
        "FACILITYNUM": "L05",
        "FacilityDesc": "RCB",
        "FacilityID": 720,
        "FacilitySystem": "Regional",
        "FacilityType": "Underground Conduit",
        "FeaNote": "None",
        "File_In": "VAULT",
        "File_On": "MYLAR",
        "Firm": "HALL & FOREMAN, INC.",
        "Height": 12,
        "Info": "REGIONAL OCFCD IMPROVEMENT CONDITIONED UPON DEVELOPER (LADERA RANCH) BY TRACTS 15793 & 15990 AND PER LADERA PLANNED COMMUNITY RUNOFF MANAGEMENT PLAN.",
        "Length": 235,
        "MFDate": "",
        "MaintBy": "OCFCD",
        "Material": "Concrete",
        "Mslink": 1915,
        "OBJECTID": 2842,
        "OwnerType": "1",
        "Ownership": "DISTRICT",
        "Public_Info": "REGIONAL OCFCD IMPROVEMENT CONDITIONED UPON DEVELOPER (LADERA RANCH) BY TRACTS 15793 & 15990 AND PER LADERA PLANNED COMMUNITY RUNOFF MANAGEMENT PLAN.",
        "ROW": "EASEMENT",
        "Rack_No": "",
        "ReachDesc": "grade break to d/s transition",
        "ReachNum": "L05-05.03",
        "Sheets": "16",
        "StaDS": "50+47",
        "StaUS": "52+82",
        "Tract": "15990",
        "Type": "CONSTRUCTION",
        "Us_Strt": "JUNCTION L05P01 & L05P04",
        "Us_Sttn": "549299",
        "Watershed": "L"
      },
      "type": "Feature"
    },
    {
      "geometry": {
        "coordinates": [
          [
            -117.65220209849232,
            33.56213931020326
          ],
          [
            -117.65219593428128,
            33.5620841236465
          ],
          [
            -117.65219458680542,
            33.56201224628307
          ],
          [
            -117.6522012122241,
            33.56185846417982
          ],
          [
            -117.65220133503063,
            33.561791486388046
          ],
          [
            -117.65219779080992,
            33.561722789743484
          ],
          [
            -117.65219156778093,
            33.561647580442276
          ],
          [
            -117.6521683610039,
            33.561448163169146
          ],
          [
            -117.65214104934768,
            33.56125134214062
          ],
          [
            -117.65211250180813,
            33.56109223196124
          ],
          [
            -117.65209470296888,
            33.561004033975685
          ],
          [
            -117.65208105947448,
            33.56095244738032
          ],
          [
            -117.65206411377837,
            33.56089516397766
          ],
          [
            -117.65205400050819,
            33.56086668546853
          ],
          [
            -117.65204147222224,
            33.560840604746886
          ],
          [
            -117.65202686098635,
            33.56081915521983
          ],
          [
            -117.6520140133727,
            33.560805714675055
          ],
          [
            -117.65199724898869,
            33.560792237069734
          ],
          [
            -117.65192950298658,
            33.56074937403014
          ],
          [
            -117.65190462741367,
            33.560730738860784
          ],
          [
            -117.65187171916227,
            33.56070050161756
          ],
          [
            -117.65184058284146,
            33.56066873134772
          ],
          [
            -117.65181172216096,
            33.56063594267002
          ],
          [
            -117.65178552226394,
            33.560602577598004
          ],
          [
            -117.65176236824335,
            33.56056914216734
          ],
          [
            -117.65174241255352,
            33.56053587451889
          ],
          [
            -117.65172582680907,
            33.56050306577876
          ],
          [
            -117.65171272997955,
            33.56047094815251
          ],
          [
            -117.65170115287272,
            33.56042977556477
          ],
          [
            -117.65169463566399,
            33.56038524305442
          ],
          [
            -117.65169316373023,
            33.56033724528636
          ],
          [
            -117.65169672626777,
            33.56028557949708
          ],
          [
            -117.65170521226028,
            33.560230643688584
          ],
          [
            -117.6517187330654,
            33.56017119044076
          ],
          [
            -117.65173743284686,
            33.56010640568691
          ],
          [
            -117.65176261537324,
            33.560031763485604
          ],
          [
            -117.65177515212896,
            33.56000077391314
          ],
          [
            -117.65179164813578,
            33.559967305150806
          ],
          [
            -117.65187388507879,
            33.55982755551227
          ],
          [
            -117.65188078133566,
            33.55981440756971
          ],
          [
            -117.65190074338116,
            33.559737830416246
          ],
          [
            -117.65192918983008,
            33.55964613342402
          ],
          [
            -117.65196572984993,
            33.55956561399815
          ],
          [
            -117.65197670299867,
            33.55951050859047
          ],
          [
            -117.65198633714925,
            33.55947081227852
          ],
          [
            -117.65201009774492,
            33.55939872794543
          ],
          [
            -117.65204732418235,
            33.559306841897694
          ],
          [
            -117.65209815983226,
            33.559183968575354
          ],
          [
            -117.6522166142594,
            33.55885120523519
          ],
          [
            -117.65226190889025,
            33.55873146635171
          ],
          [
            -117.65233217079242,
            33.558557673603005
          ],
          [
            -117.65239273072699,
            33.558413723115294
          ],
          [
            -117.65245042149064,
            33.55828339460583
          ],
          [
            -117.65250671539921,
            33.558163469518966
          ],
          [
            -117.65256393178517,
            33.55804921840493
          ],
          [
            -117.65262167566351,
            33.55794166374499
          ],
          [
            -117.65268049494627,
            33.557839781334344
          ],
          [
            -117.65274074394429,
            33.557742965738846
          ],
          [
            -117.6528432656242,
            33.55757443413387
          ],
          [
            -117.65288897873299,
            33.55750555584477
          ],
          [
            -117.65291543373093,
            33.55747038950014
          ],
          [
            -117.65294185860515,
            33.557438979120406
          ],
          [
            -117.65296875020553,
            33.557410742913945
          ],
          [
            -117.65299637436775,
            33.557385401059825
          ],
          [
            -117.65301789180748,
            33.55736836604496
          ],
          [
            -117.65304182108149,
            33.55735195939755
          ],
          [
            -117.65309797540598,
            33.55732032493413
          ],
          [
            -117.65316263789623,
            33.55729082180631
          ],
          [
            -117.65328566409212,
            33.557241512207135
          ],
          [
            -117.6532989164335,
            33.55723620056551
          ],
          [
            -117.65335543901618,
            33.55721173946392
          ],
          [
            -117.65341166056116,
            33.5571832267282
          ],
          [
            -117.6534581014949,
            33.55715396306067
          ],
          [
            -117.65351691164152,
            33.55711075204471
          ],
          [
            -117.65357068284221,
            33.55706830563862
          ],
          [
            -117.65358104877873,
            33.55705944579908
          ],
          [
            -117.65361974062462,
            33.55702637220892
          ],
          [
            -117.65366420713404,
            33.55698484488421
          ],
          [
            -117.65370422120763,
            33.55694358324071
          ],
          [
            -117.6537397572985,
            33.55690260560504
          ],
          [
            -117.65377084291758,
            33.556861881012836
          ],
          [
            -117.65379748962617,
            33.5568213913028
          ],
          [
            -117.65381808269345,
            33.55678138551941
          ],
          [
            -117.65383515584199,
            33.556735002826656
          ],
          [
            -117.65384906247282,
            33.55668272075626
          ],
          [
            -117.65387187894018,
            33.55657336984194
          ],
          [
            -117.6538831140483,
            33.55652715034004
          ],
          [
            -117.65389826386978,
            33.55647984792995
          ],
          [
            -117.65391617382687,
            33.556439095098334
          ],
          [
            -117.65394378313759,
            33.55639090198822
          ],
          [
            -117.65397929534515,
            33.55633888487678
          ],
          [
            -117.6540162122613,
            33.55629050475429
          ],
          [
            -117.65410699092314,
            33.55617723782391
          ],
          [
            -117.65414929471551,
            33.55611981044996
          ],
          [
            -117.65419310095355,
            33.55605355097491
          ],
          [
            -117.65423821515539,
            33.555979827684446
          ],
          [
            -117.65434765474716,
            33.55578437993024
          ],
          [
            -117.654425690951,
            33.555642756009
          ],
          [
            -117.65448498349835,
            33.55554173115451
          ],
          [
            -117.65454248372397,
            33.555452415387734
          ],
          [
            -117.65459952678748,
            33.55537318138948
          ],
          [
            -117.6546579430616,
            33.555300315098506
          ],
          [
            -117.65472268920864,
            33.555226208753375
          ],
          [
            -117.65479445790058,
            33.55515007094113
          ],
          [
            -117.65487469434048,
            33.555070356941336
          ],
          [
            -117.6550275142884,
            33.55492862828704
          ],
          [
            -117.65537893689263,
            33.554617314652575
          ],
          [
            -117.65545753272485,
            33.5545447314853
          ],
          [
            -117.6555272725846,
            33.554477709901526
          ],
          [
            -117.65573481415957,
            33.5542626358918
          ],
          [
            -117.65579094542431,
            33.554209489146594
          ],
          [
            -117.65584399820537,
            33.55416434106178
          ],
          [
            -117.65593360370038,
            33.55409720767265
          ],
          [
            -117.65603478100253,
            33.5540299985611
          ],
          [
            -117.65614915765424,
            33.55396159342624
          ],
          [
            -117.65628256502107,
            33.553888490848145
          ],
          [
            -117.65633578803745,
            33.553862025928375
          ],
          [
            -117.65639694583066,
            33.553834805904025
          ],
          [
            -117.6566600421178,
            33.55372824982666
          ],
          [
            -117.65671699116551,
            33.553701980702414
          ],
          [
            -117.6567671976201,
            33.55367600052854
          ],
          [
            -117.65683333313932,
            33.55363796931409
          ],
          [
            -117.65690004948443,
            33.55359642113043
          ],
          [
            -117.65696763136937,
            33.5535511805322
          ],
          [
            -117.65703652841542,
            33.5535019466752
          ],
          [
            -117.65710660505123,
            33.553448861756316
          ],
          [
            -117.65717950477499,
            33.55339072685775
          ],
          [
            -117.65734140628311,
            33.55325312074227
          ],
          [
            -117.65747869593591,
            33.55313037330675
          ],
          [
            -117.65757897781995,
            33.553033889867244
          ],
          [
            -117.65766337847609,
            33.55294334151152
          ],
          [
            -117.65770006970097,
            33.55289967963616
          ],
          [
            -117.65773347128119,
            33.55285665007
          ],
          [
            -117.65777342862013,
            33.5527996176057
          ],
          [
            -117.65781424840533,
            33.552734696201256
          ],
          [
            -117.65785553935065,
            33.55266320046957
          ],
          [
            -117.65792102826323,
            33.55254395499071
          ],
          [
            -117.65795632376931,
            33.552476474711916
          ],
          [
            -117.65799214036552,
            33.55240130953376
          ],
          [
            -117.65813887653772,
            33.55205841645933
          ],
          [
            -117.65817626558056,
            33.55197766985987
          ],
          [
            -117.65821248854618,
            33.55190628991391
          ],
          [
            -117.6582517791248,
            33.55183561015979
          ],
          [
            -117.65829764405736,
            33.55175863421016
          ],
          [
            -117.6584973343826,
            33.551445506950046
          ],
          [
            -117.65858021007357,
            33.551306388997126
          ],
          [
            -117.65870604773832,
            33.55107897241457
          ],
          [
            -117.65874748831058,
            33.55099788942739
          ],
          [
            -117.6587824290577,
            33.55092365273779
          ],
          [
            -117.65881922448817,
            33.55083395048954
          ],
          [
            -117.65886024443813,
            33.550718010136436
          ],
          [
            -117.65890599672284,
            33.55058367805474
          ],
          [
            -117.65893873370158,
            33.55049662583291
          ],
          [
            -117.65897667421831,
            33.55040836503413
          ],
          [
            -117.6590738414074,
            33.550197672805176
          ],
          [
            -117.65911796798737,
            33.55008855833363
          ],
          [
            -117.65914425559289,
            33.55001249247908
          ],
          [
            -117.65916989053852,
            33.549931156268016
          ],
          [
            -117.65922171013209,
            33.54974450552016
          ],
          [
            -117.65925151801106,
            33.54961994165045
          ],
          [
            -117.65927899972426,
            33.54948550867986
          ],
          [
            -117.65930483950017,
            33.54933809516288
          ],
          [
            -117.65933126276406,
            33.54916505911851
          ],
          [
            -117.65935075597997,
            33.54901877151661
          ],
          [
            -117.65936702863338,
            33.54887225074594
          ],
          [
            -117.6593738648653,
            33.548786334627614
          ],
          [
            -117.6593780830068,
            33.54869073937725
          ],
          [
            -117.6593816580557,
            33.5483486595263
          ],
          [
            -117.65938649226776,
            33.54821111402268
          ],
          [
            -117.65939173724753,
            33.54813843504216
          ],
          [
            -117.65939892742811,
            33.54807057895673
          ],
          [
            -117.65941015297645,
            33.54799946889084
          ],
          [
            -117.65944600055508,
            33.54781595546204
          ],
          [
            -117.65945335899644,
            33.54776232742804
          ],
          [
            -117.65945541011676,
            33.54773509045048
          ],
          [
            -117.65945699381193,
            33.54771405354618
          ],
          [
            -117.65945671662942,
            33.5476359870965
          ],
          [
            -117.65944984397234,
            33.54755061476557
          ],
          [
            -117.65943705669753,
            33.547460285928445
          ],
          [
            -117.659436457505,
            33.54745605645352
          ],
          [
            -117.6594133393744,
            33.547329558634
          ],
          [
            -117.65939245186667,
            33.54721822224498
          ],
          [
            -117.65936528123123,
            33.547085035371495
          ],
          [
            -117.65930048869188,
            33.54681623885679
          ],
          [
            -117.65927541645505,
            33.54670168649545
          ],
          [
            -117.65927416693329,
            33.546695394943306
          ],
          [
            -117.65923162170675,
            33.54646018794608
          ],
          [
            -117.65917902733014,
            33.54612524591549
          ],
          [
            -117.65915842377592,
            33.54596581686796
          ],
          [
            -117.65913854501648,
            33.545811990984376
          ],
          [
            -117.65912717092985,
            33.54573906002094
          ],
          [
            -117.65911483648628,
            33.54567394697602
          ],
          [
            -117.65908566659941,
            33.54554693954403
          ],
          [
            -117.65908319023012,
            33.54553615780413
          ],
          [
            -117.65904596530216,
            33.545399132385725
          ],
          [
            -117.65902440474665,
            33.5452785302714
          ],
          [
            -117.65900615612617,
            33.545157626469226
          ],
          [
            -117.65898665488307,
            33.5450188900827
          ],
          [
            -117.65897782554725,
            33.5449398806886
          ],
          [
            -117.6589739402276,
            33.544880963278416
          ],
          [
            -117.65897325912769,
            33.54482701773645
          ],
          [
            -117.65897659804655,
            33.54471636289509
          ],
          [
            -117.65898388604481,
            33.54463574910389
          ],
          [
            -117.65899697078156,
            33.544564745121704
          ],
          [
            -117.65900584976832,
            33.54453260308061
          ],
          [
            -117.65901637057048,
            33.544502372130516
          ],
          [
            -117.65903675810631,
            33.54445903309348
          ],
          [
            -117.65906574349741,
            33.5444125742009
          ],
          [
            -117.65909774231532,
            33.544369210150776
          ],
          [
            -117.65918065293683,
            33.54426462049279
          ],
          [
            -117.65921924900368,
            33.54420868215858
          ],
          [
            -117.65929956723242,
            33.54408360591834
          ],
          [
            -117.65931892354128,
            33.54404557608076
          ],
          [
            -117.65933169503187,
            33.544010890395356
          ],
          [
            -117.65933903343465,
            33.54397798307316
          ],
          [
            -117.65934265512583,
            33.54394284369313
          ],
          [
            -117.65934258778147,
            33.54390525192365
          ],
          [
            -117.65933883207347,
            33.543864782147296
          ],
          [
            -117.65933178420839,
            33.54382303042456
          ],
          [
            -117.6593211220975,
            33.543776787587106
          ],
          [
            -117.6592833686574,
            33.54364855809788
          ],
          [
            -117.65926741009228,
            33.543606415792404
          ],
          [
            -117.65922182284284,
            33.54350801173517
          ],
          [
            -117.65921231257578,
            33.54348195338333
          ],
          [
            -117.65920595064276,
            33.54345814073857
          ],
          [
            -117.65919929509278,
            33.5434116676895
          ],
          [
            -117.65919820589913,
            33.54336086742475
          ],
          [
            -117.65920107023568,
            33.54331856707293
          ],
          [
            -117.65920723057174,
            33.54327145032161
          ],
          [
            -117.65923387300455,
            33.54313357487649
          ],
          [
            -117.65925365657367,
            33.54305451393008
          ],
          [
            -117.65928333231372,
            33.5429674708342
          ],
          [
            -117.65931367502712,
            33.54289219749211
          ],
          [
            -117.65941260777838,
            33.54266190108242
          ],
          [
            -117.6595093874209,
            33.54240372444382
          ],
          [
            -117.65954660120491,
            33.54230945524046
          ],
          [
            -117.65959116687144,
            33.54220841115389
          ],
          [
            -117.659636393096,
            33.5421200070407
          ],
          [
            -117.65967007294259,
            33.54206204663177
          ],
          [
            -117.65970756932732,
            33.54200290503439
          ],
          [
            -117.65978079746111,
            33.54189865264999
          ],
          [
            -117.65978238798223,
            33.54189638846533
          ],
          [
            -117.65987235134088,
            33.5417810303511
          ],
          [
            -117.65997141463372,
            33.541662935200655
          ],
          [
            -117.66016299405503,
            33.541442921650315
          ],
          [
            -117.66022715616901,
            33.54137057970816
          ],
          [
            -117.66030024803575,
            33.541291959823894
          ],
          [
            -117.66059669996739,
            33.5409875652407
          ],
          [
            -117.66072064951688,
            33.540854727569474
          ],
          [
            -117.6607521153935,
            33.54082169553245
          ],
          [
            -117.66079005282543,
            33.54078552792688
          ],
          [
            -117.66095998360491,
            33.54063509226202
          ],
          [
            -117.6609953073701,
            33.540600385234505
          ],
          [
            -117.66102493411437,
            33.540568101652454
          ],
          [
            -117.66105857952022,
            33.540525093487034
          ],
          [
            -117.66108405801802,
            33.54048339519017
          ],
          [
            -117.66110187413724,
            33.54044217597811
          ],
          [
            -117.66111220816649,
            33.54040099737996
          ],
          [
            -117.66111493710763,
            33.54035991038619
          ],
          [
            -117.66111024862464,
            33.54027276300752
          ],
          [
            -117.66111094889635,
            33.54023560884916
          ],
          [
            -117.66111168995212,
            33.5402304254976
          ],
          [
            -117.66112023739215,
            33.54017071702814
          ],
          [
            -117.66114747805338,
            33.54004458272043
          ],
          [
            -117.66116815777337,
            33.539921451542845
          ],
          [
            -117.6611840462208,
            33.53985991052741
          ],
          [
            -117.66120098233218,
            33.53981029185651
          ],
          [
            -117.66121399296011,
            33.53977782775448
          ],
          [
            -117.66122819671334,
            33.53974969640214
          ],
          [
            -117.66124379682631,
            33.53972601362035
          ],
          [
            -117.66126755533786,
            33.53970056837998
          ],
          [
            -117.66129995172909,
            33.53967584488132
          ],
          [
            -117.66133442946324,
            33.539654846217516
          ],
          [
            -117.66141837778783,
            33.53960876003425
          ],
          [
            -117.66145541885604,
            33.53958493515101
          ],
          [
            -117.66154288524898,
            33.53952594690756
          ],
          [
            -117.66157455716005,
            33.53950297637093
          ],
          [
            -117.66160553945622,
            33.53947644825586
          ],
          [
            -117.66162910422135,
            33.539450419023765
          ],
          [
            -117.66164358134986,
            33.53942848472626
          ],
          [
            -117.66165626955518,
            33.53940226591338
          ],
          [
            -117.66168860862818,
            33.53930721534506
          ],
          [
            -117.66170371383397,
            33.53927191678364
          ],
          [
            -117.6617356865125,
            33.539215878632746
          ],
          [
            -117.6617766884605,
            33.53915540443451
          ],
          [
            -117.66194426160052,
            33.53893984949774
          ],
          [
            -117.66209679205768,
            33.53874385365314
          ],
          [
            -117.66213285583588,
            33.53869292680962
          ],
          [
            -117.66216230387127,
            33.53864606509255
          ],
          [
            -117.66219491037384,
            33.53858550742788
          ],
          [
            -117.66225209518763,
            33.538467481344846
          ],
          [
            -117.6622673700489,
            33.53843637015809
          ],
          [
            -117.66238674015678,
            33.538193224152806
          ],
          [
            -117.6624573600196,
            33.53804168921758
          ],
          [
            -117.66248110816025,
            33.53800234116613
          ],
          [
            -117.66250657637254,
            33.537969944771746
          ],
          [
            -117.66253799269654,
            33.537940012007375
          ],
          [
            -117.66257748169718,
            33.53791075139735
          ],
          [
            -117.66262567730922,
            33.537881413627545
          ],
          [
            -117.66269519236832,
            33.53784431450884
          ],
          [
            -117.66275328367736,
            33.53781365880608
          ],
          [
            -117.66279385229834,
            33.537790304747595
          ],
          [
            -117.66292590494449,
            33.53771153801201
          ],
          [
            -117.663237221178,
            33.537532287768016
          ],
          [
            -117.6633761575869,
            33.53745004202438
          ],
          [
            -117.66359540603996,
            33.53731527896746
          ],
          [
            -117.66371323018242,
            33.537241183316674
          ],
          [
            -117.66377687741222,
            33.53720617276059
          ],
          [
            -117.66394250204758,
            33.537030340602314
          ],
          [
            -117.66408077883167,
            33.53695864893067
          ]
        ],
        "type": "LineString"
      },
      "id": 3641,
      "properties": {
        "Agency": null,
        "Agr_Month": null,
        "Agr_Year": null,
        "Agreement": null,
        "As_Blt_Month": null,
        "As_Blt_Year": null,
        "Base": null,
        "City": null,
        "Date_Entered": null,
        "DrawingNum": "Not Available",
        "Ds_Strt": null,
        "Ds_Sttn": null,
        "DwgID": null,
        "DwgNum": null,
        "Dwg_Month": null,
        "Dwg_Year": null,
        "FACILITYNAME": "TRABUCO CREEK CHANNEL",
        "FACILITYNUM": "L02",
        "FacilityDesc": "Natural",
        "FacilityID": 250,
        "FacilitySystem": "Regional",
        "FacilityType": "Natural Watercourse",
        "FeaNote": "14-inch pier wall in channel",
        "File_In": null,
        "File_On": null,
        "Firm": null,
        "Height": null,
        "Info": null,
        "Length": 10320,
        "MFDate": null,
        "MaintBy": null,
        "Material": "Concrete",
        "Mslink": null,
        "OBJECTID": 3641,
        "OwnerType": "2",
        "Ownership": "LOCAL",
        "Public_Info": null,
        "ROW": null,
        "Rack_No": null,
        "ReachDesc": "City Boundary to d/s Crown Valley Parkway",
        "ReachNum": "L02-16.02",
        "Sheets": null,
        "StaDS": null,
        "StaUS": null,
        "Tract": null,
        "Type": null,
        "Us_Strt": null,
        "Us_Sttn": null,
        "Watershed": "L"
      },
      "type": "Feature"
    },
    {
      "geometry": {
        "coordinates": [
          [
            -117.64695984189173,
            33.52850582860635
          ],
          [
            -117.64712107778038,
            33.52822427843132
          ],
          [
            -117.647141118618,
            33.52820240868222
          ],
          [
            -117.64716096038342,
            33.52818424722307
          ],
          [
            -117.6472021938509,
            33.528152540825246
          ],
          [
            -117.64723653695864,
            33.528132961402754
          ],
          [
            -117.6472511948017,
            33.52812752904816
          ],
          [
            -117.64726840536645,
            33.528123373726494
          ],
          [
            -117.64734241314409,
            33.52811407048339
          ],
          [
            -117.64737305146039,
            33.52810680408293
          ],
          [
            -117.64739900536071,
            33.52809490222925
          ],
          [
            -117.64745629106592,
            33.528060337451436
          ],
          [
            -117.64747176533449,
            33.52805344684526
          ],
          [
            -117.64748655774343,
            33.52804895705023
          ],
          [
            -117.64752046940433,
            33.52804500915759
          ],
          [
            -117.64753207430932,
            33.52804236488822
          ],
          [
            -117.64754718346153,
            33.52803580298982
          ],
          [
            -117.64756184322077,
            33.528026658205114
          ],
          [
            -117.64757483303185,
            33.52801569356449
          ],
          [
            -117.64758495135057,
            33.52800391805421
          ],
          [
            -117.64759375241235,
            33.527983769554325
          ],
          [
            -117.64759972069709,
            33.527946595966085
          ],
          [
            -117.64760446473352,
            33.52791150195699
          ],
          [
            -117.64760585781774,
            33.5278820326113
          ],
          [
            -117.64760401520873,
            33.52785570240301
          ],
          [
            -117.64759886777925,
            33.527832093711076
          ],
          [
            -117.64758961842281,
            33.52780802069864
          ],
          [
            -117.64757570612495,
            33.5277813255407
          ],
          [
            -117.64755391607048,
            33.52775093521438
          ],
          [
            -117.6475067317319,
            33.52769898856319
          ],
          [
            -117.64745662986418,
            33.52764853001824
          ],
          [
            -117.64743780668655,
            33.527623023432476
          ],
          [
            -117.64742361230614,
            33.52758878855529
          ],
          [
            -117.6474144554834,
            33.52754681178732
          ],
          [
            -117.64741351586501,
            33.52753007833889
          ],
          [
            -117.64741524258476,
            33.52749259168292
          ],
          [
            -117.64741393424113,
            33.52747683532687
          ],
          [
            -117.64739835924856,
            33.52742602614142
          ],
          [
            -117.64738912436805,
            33.52738515755603
          ],
          [
            -117.64738255857851,
            33.52734341950919
          ],
          [
            -117.64737269728913,
            33.52728002402697
          ],
          [
            -117.64737035735887,
            33.5272493882826
          ],
          [
            -117.64737297799583,
            33.527220800562155
          ],
          [
            -117.64738146950634,
            33.527197120814535
          ],
          [
            -117.64739526673924,
            33.52718010381341
          ],
          [
            -117.64743710993328,
            33.52714475385227
          ],
          [
            -117.64744461289654,
            33.52713566236666
          ],
          [
            -117.6474493038908,
            33.527126786397794
          ],
          [
            -117.6474522685115,
            33.52711525441209
          ],
          [
            -117.64745315977558,
            33.52710165281448
          ],
          [
            -117.64744873474113,
            33.52705045425968
          ],
          [
            -117.64744018897025,
            33.526923274526055
          ],
          [
            -117.64743854458753,
            33.52686869216702
          ],
          [
            -117.64743952507187,
            33.526834226521416
          ],
          [
            -117.64744164936903,
            33.52679716371181
          ],
          [
            -117.64744669592729,
            33.52677693653314
          ],
          [
            -117.64745330420409,
            33.526765626944766
          ],
          [
            -117.64745619391915,
            33.526762466445696
          ],
          [
            -117.64746372562465,
            33.52675423126711
          ],
          [
            -117.647507618857,
            33.52672011435554
          ],
          [
            -117.64752211864179,
            33.52670657098309
          ],
          [
            -117.64755343205782,
            33.52667182611571
          ],
          [
            -117.64756726670646,
            33.5266490818618
          ],
          [
            -117.64757238546093,
            33.52663067714
          ],
          [
            -117.64757398602227,
            33.52660953011659
          ],
          [
            -117.64757204656388,
            33.52658582408556
          ],
          [
            -117.64756660268056,
            33.52656003385243
          ],
          [
            -117.64755770646485,
            33.52653709573755
          ],
          [
            -117.64753574926404,
            33.526496578282355
          ],
          [
            -117.64748296386567,
            33.52641348243179
          ],
          [
            -117.64747303220324,
            33.52639405730543
          ],
          [
            -117.64746649249894,
            33.52637608013108
          ],
          [
            -117.64746023049031,
            33.52633912679154
          ],
          [
            -117.6474581354139,
            33.526274344743044
          ],
          [
            -117.64745893327768,
            33.526210641133986
          ],
          [
            -117.64745747256414,
            33.52618529581215
          ],
          [
            -117.64744869788336,
            33.526137386851154
          ],
          [
            -117.64743398000927,
            33.526090002679496
          ],
          [
            -117.64742313975489,
            33.52599153052346
          ],
          [
            -117.64741731506004,
            33.525892894756815
          ],
          [
            -117.64741556742105,
            33.52583165616026
          ],
          [
            -117.64741655628056,
            33.52579112094867
          ],
          [
            -117.64742052221912,
            33.525757461280435
          ],
          [
            -117.64742843325494,
            33.525720459741756
          ],
          [
            -117.64746989817719,
            33.52558583483475
          ],
          [
            -117.64748296886522,
            33.525529961920626
          ],
          [
            -117.64748809407632,
            33.525488081795196
          ],
          [
            -117.64749523245901,
            33.525385246366845
          ],
          [
            -117.64750428062828,
            33.52533265577422
          ],
          [
            -117.64751525340436,
            33.525296321389725
          ],
          [
            -117.64753079368586,
            33.52525638566126
          ],
          [
            -117.64759385248705,
            33.5251222666899
          ],
          [
            -117.64767943043992,
            33.52493486208257
          ],
          [
            -117.64771169095815,
            33.524871890853554
          ],
          [
            -117.64774347081465,
            33.52481615589089
          ],
          [
            -117.64777497091237,
            33.52476722662317
          ],
          [
            -117.6478130916121,
            33.524713892952114
          ],
          [
            -117.64797657991164,
            33.52450323528089
          ],
          [
            -117.64810806126653,
            33.52430974129146
          ],
          [
            -117.64814419759284,
            33.52426253984079
          ],
          [
            -117.64817954499256,
            33.5242222805532
          ],
          [
            -117.64822911849512,
            33.52417455032764
          ],
          [
            -117.64828954491982,
            33.524124718898854
          ],
          [
            -117.64834310624045,
            33.52408479960203
          ],
          [
            -117.64852691132396,
            33.52395329661681
          ],
          [
            -117.64867226678602,
            33.52384757719822
          ],
          [
            -117.64870793162125,
            33.52381949910893
          ],
          [
            -117.64873837258318,
            33.52379315690453
          ],
          [
            -117.6487974324343,
            33.52373507001134
          ],
          [
            -117.648866474468,
            33.52365890687349
          ],
          [
            -117.64888610071313,
            33.52363147785984
          ],
          [
            -117.64891589065769,
            33.523589840759854
          ],
          [
            -117.64896830468632,
            33.523522496579766
          ],
          [
            -117.64905115848485,
            33.5234213628087
          ],
          [
            -117.64908161496987,
            33.52338948649306
          ],
          [
            -117.64911142234256,
            33.52336272299679
          ],
          [
            -117.64914883944786,
            33.523333228317064
          ],
          [
            -117.64918305850395,
            33.523309075285724
          ],
          [
            -117.64921578717065,
            33.52328906526253
          ],
          [
            -117.64924745425135,
            33.523272949062815
          ],
          [
            -117.64928589416161,
            33.523258444738495
          ],
          [
            -117.64933152118921,
            33.52324681634439
          ],
          [
            -117.64937434423807,
            33.52323911938899
          ],
          [
            -117.6494976976276,
            33.52322074693395
          ],
          [
            -117.64964276679302,
            33.523197462889485
          ],
          [
            -117.64991496582003,
            33.52316131522015
          ],
          [
            -117.64998954871282,
            33.523152236518456
          ],
          [
            -117.65016875850118,
            33.52313472481783
          ],
          [
            -117.6502495125701,
            33.523125255532854
          ],
          [
            -117.65033397633978,
            33.52311174443783
          ],
          [
            -117.65040812683665,
            33.5230951094353
          ],
          [
            -117.6504660430942,
            33.52307865793609
          ],
          [
            -117.65052773580909,
            33.52305870312299
          ],
          [
            -117.65067326718633,
            33.52300466585644
          ],
          [
            -117.65077124010071,
            33.522967748021486
          ],
          [
            -117.65081561907586,
            33.52294954606577
          ],
          [
            -117.65085778173473,
            33.522929154413994
          ],
          [
            -117.65089279694553,
            33.52290809475894
          ],
          [
            -117.65092012498677,
            33.522888291137136
          ],
          [
            -117.65094675489897,
            33.52286644395543
          ],
          [
            -117.65097236369476,
            33.52284282105291
          ],
          [
            -117.65099660444058,
            33.522817741034984
          ],
          [
            -117.65101915092993,
            33.52279153940645
          ],
          [
            -117.65103967976094,
            33.522764592218124
          ],
          [
            -117.6510579062394,
            33.52273727238023
          ],
          [
            -117.65107358747748,
            33.52270994151187
          ],
          [
            -117.65109023327413,
            33.52267475663181
          ],
          [
            -117.65110366630269,
            33.52263848436933
          ],
          [
            -117.65111388656652,
            33.52260112472557
          ],
          [
            -117.65112089516026,
            33.52256267859061
          ],
          [
            -117.65112469208789,
            33.522523145965074
          ],
          [
            -117.65112527946306,
            33.52248252412028
          ],
          [
            -117.6511226530569,
            33.52244081761254
          ],
          [
            -117.65111681387823,
            33.52239802192155
          ],
          [
            -117.65108967024858,
            33.52171073407822
          ],
          [
            -117.65137720449135,
            33.52116830519934
          ],
          [
            -117.65172307059908,
            33.52071110837866
          ],
          [
            -117.65225598522393,
            33.51935775371075
          ],
          [
            -117.65251714716942,
            33.51873935046522
          ],
          [
            -117.65294624248338,
            33.51823455609272
          ],
          [
            -117.65299843831049,
            33.51817861387544
          ],
          [
            -117.65304410833075,
            33.51811953416804
          ],
          [
            -117.65306540567373,
            33.51808692324854
          ],
          [
            -117.65308592789117,
            33.518051095609216
          ],
          [
            -117.65312649304933,
            33.51796643119313
          ],
          [
            -117.65315990157202,
            33.517881913263494
          ],
          [
            -117.65317078163301,
            33.51784651170824
          ],
          [
            -117.65317850060522,
            33.51781349747352
          ],
          [
            -117.653182765104,
            33.51778444286068
          ],
          [
            -117.65318497303363,
            33.51775167830945
          ],
          [
            -117.65318475961007,
            33.51763534977672
          ],
          [
            -117.65318579068625,
            33.51747219079216
          ],
          [
            -117.65318232033964,
            33.51731094459989
          ],
          [
            -117.6531752105467,
            33.517161037085316
          ],
          [
            -117.65316497642392,
            33.51702477896204
          ],
          [
            -117.65315032427691,
            33.51692041129029
          ],
          [
            -117.65314864640744,
            33.516872196275045
          ],
          [
            -117.65315169894066,
            33.51684349075943
          ],
          [
            -117.65315788556978,
            33.51681165881482
          ],
          [
            -117.65318542515477,
            33.51671297966644
          ],
          [
            -117.65320024045236,
            33.51666382217239
          ],
          [
            -117.65321899190006,
            33.516609466066804
          ],
          [
            -117.65328958320181,
            33.51642617371
          ],
          [
            -117.65331847659299,
            33.51635334330981
          ],
          [
            -117.65332129487975,
            33.516346241143985
          ],
          [
            -117.65341449465994,
            33.51612430304377
          ],
          [
            -117.65343330512079,
            33.51607423752004
          ],
          [
            -117.65344042938621,
            33.51605527696367
          ],
          [
            -117.65346098951288,
            33.515992708285154
          ],
          [
            -117.65347078561382,
            33.515955324301316
          ],
          [
            -117.65349326454323,
            33.515852529860005
          ],
          [
            -117.6535023354571,
            33.5158220035199
          ],
          [
            -117.65351266069787,
            33.515795241244874
          ],
          [
            -117.65352754723258,
            33.51576467096633
          ],
          [
            -117.65354657647133,
            33.515731509315266
          ],
          [
            -117.6536101895991,
            33.515635692897625
          ],
          [
            -117.65367430895886,
            33.515546667004536
          ],
          [
            -117.65377563219336,
            33.51541854397617
          ],
          [
            -117.65387902732071,
            33.51529282762713
          ],
          [
            -117.65398638406889,
            33.51516934695082
          ],
          [
            -117.65400251280896,
            33.5151513109445
          ],
          [
            -117.65467989543235,
            33.514435551133715
          ],
          [
            -117.65488079721702,
            33.51426279705386
          ],
          [
            -117.65489847533796,
            33.514245806564944
          ],
          [
            -117.6549459025434,
            33.514216533371815
          ],
          [
            -117.65499126545808,
            33.51418594891463
          ],
          [
            -117.65503456195871,
            33.514154055023155
          ],
          [
            -117.65507579309276,
            33.51412084988422
          ],
          [
            -117.65511495993718,
            33.51408633348763
          ],
          [
            -117.6551520603689,
            33.51405050766274
          ],
          [
            -117.65518709649798,
            33.51401336968249
          ],
          [
            -117.65522006726363,
            33.51397492046215
          ],
          [
            -117.65524931537291,
            33.51393739785086
          ],
          [
            -117.65527672002183,
            33.51389870667524
          ],
          [
            -117.6553022822591,
            33.51385884512123
          ],
          [
            -117.65532600208611,
            33.513817813189945
          ],
          [
            -117.65533401705135,
            33.51379630861546
          ],
          [
            -117.65540753816201,
            33.5135990276513
          ],
          [
            -117.65588056682225,
            33.51285913145466
          ],
          [
            -117.65598403054045,
            33.512752627230185
          ],
          [
            -117.6560695045485,
            33.51261599313118
          ],
          [
            -117.6560819888924,
            33.51259603856488
          ],
          [
            -117.65613451056838,
            33.512534191257416
          ],
          [
            -117.65625728355622,
            33.512401505368125
          ],
          [
            -117.6562847907367,
            33.512368838093295
          ],
          [
            -117.65630738119076,
            33.512338545594304
          ],
          [
            -117.65633096517057,
            33.51230169987352
          ],
          [
            -117.65635445374151,
            33.51225919782359
          ],
          [
            -117.65642868307829,
            33.512104514502454
          ],
          [
            -117.65660538328365,
            33.51173702996758
          ],
          [
            -117.65673947494865,
            33.511479939421996
          ],
          [
            -117.65677033937618,
            33.511412404170045
          ],
          [
            -117.65679390624634,
            33.51135086668966
          ],
          [
            -117.65681550110928,
            33.51128291860887
          ],
          [
            -117.65683409420372,
            33.511214398495795
          ],
          [
            -117.65684959107985,
            33.511145657287656
          ],
          [
            -117.65686191634158,
            33.51107702586811
          ],
          [
            -117.65686489414104,
            33.51102579333217
          ],
          [
            -117.65686742437491,
            33.5110138015849
          ],
          [
            -117.65687162098168,
            33.51100395062569
          ],
          [
            -117.656880725822,
            33.51099247428691
          ],
          [
            -117.65689479184014,
            33.510981590205205
          ],
          [
            -117.65695059324361,
            33.510952635429305
          ],
          [
            -117.65696801000692,
            33.51094187216424
          ],
          [
            -117.65706539925256,
            33.51086117347894
          ],
          [
            -117.65712491139085,
            33.51082068332168
          ],
          [
            -117.65721736603449,
            33.5107649088965
          ],
          [
            -117.65728132319691,
            33.51073006368158
          ],
          [
            -117.6573081317483,
            33.51071288302066
          ],
          [
            -117.6573372529851,
            33.51068798451312
          ],
          [
            -117.65736541034012,
            33.510656645075485
          ],
          [
            -117.65739112027171,
            33.51062185806896
          ],
          [
            -117.6574390830939,
            33.510549912828324
          ],
          [
            -117.65748340498868,
            33.51048228831493
          ],
          [
            -117.65751787916494,
            33.51042158495809
          ],
          [
            -117.65753532342433,
            33.51038441887189
          ],
          [
            -117.6575518272786,
            33.51034193514123
          ],
          [
            -117.65760714417074,
            33.5101710174802
          ],
          [
            -117.65769034903593,
            33.50997091482256
          ],
          [
            -117.65770757441769,
            33.50991944445538
          ],
          [
            -117.65771883668454,
            33.50987260244348
          ],
          [
            -117.65772806197133,
            33.5098167220614
          ],
          [
            -117.65773175866299,
            33.50977326051253
          ],
          [
            -117.65773155635412,
            33.5097361325775
          ],
          [
            -117.65772860939886,
            33.50969861909045
          ],
          [
            -117.65772295920003,
            33.50966121823537
          ],
          [
            -117.65771467965016,
            33.509624440452775
          ],
          [
            -117.65770303912419,
            33.509591111899894
          ],
          [
            -117.65766734044041,
            33.50951597206599
          ],
          [
            -117.6576543447723,
            33.50948157766991
          ],
          [
            -117.65763628677605,
            33.50941392819492
          ],
          [
            -117.65763214950597,
            33.50938837959554
          ],
          [
            -117.65763067442525,
            33.50936524725972
          ],
          [
            -117.65763281396275,
            33.50933763937129
          ],
          [
            -117.65763974851147,
            33.50930693123236
          ],
          [
            -117.65767952576606,
            33.5091950771356
          ],
          [
            -117.65772200665953,
            33.50905515969205
          ],
          [
            -117.657752995536,
            33.50896559365333
          ],
          [
            -117.65779032694783,
            33.50887671691595
          ],
          [
            -117.6578807676989,
            33.50868427620262
          ],
          [
            -117.657995012817,
            33.50842211994155
          ],
          [
            -117.65801047650973,
            33.50840368872159
          ],
          [
            -117.65829913516556,
            33.50805965810492
          ],
          [
            -117.65831460086783,
            33.508041225919875
          ],
          [
            -117.65834513389227,
            33.50797351540888
          ],
          [
            -117.65837196554416,
            33.50790489726001
          ],
          [
            -117.65840327045231,
            33.50780736072747
          ],
          [
            -117.65842744687184,
            33.50770772539055
          ],
          [
            -117.65843371692995,
            33.50766987855788
          ],
          [
            -117.65844398554324,
            33.507585156396914
          ],
          [
            -117.65845045788885,
            33.507548907831215
          ],
          [
            -117.65846251783461,
            33.50749937677251
          ],
          [
            -117.65847678329757,
            33.50745044564601
          ],
          [
            -117.65849318802854,
            33.507402345140115
          ],
          [
            -117.658511661125,
            33.50735528435436
          ],
          [
            -117.65853088629201,
            33.50730827096046
          ],
          [
            -117.65854529303614,
            33.507282321339545
          ],
          [
            -117.65855950269128,
            33.5072647085729
          ],
          [
            -117.65857843528,
            33.50724667715312
          ],
          [
            -117.65865284113012,
            33.5071898731832
          ],
          [
            -117.65872080903345,
            33.507137011332006
          ],
          [
            -117.65882848413037,
            33.50706126780226
          ],
          [
            -117.65890633140047,
            33.506996421024226
          ],
          [
            -117.65893723261809,
            33.50697547404307
          ],
          [
            -117.65897346088194,
            33.50695405916727
          ],
          [
            -117.65909213235861,
            33.506892817760345
          ],
          [
            -117.65916702395268,
            33.50685508482645
          ],
          [
            -117.65924308471673,
            33.506818969824764
          ],
          [
            -117.65932031564243,
            33.50678446733168
          ],
          [
            -117.65939871571474,
            33.50675158096344
          ],
          [
            -117.65941667805475,
            33.50673480838349
          ],
          [
            -117.66000117854958,
            33.50618896620777
          ],
          [
            -117.66001913956751,
            33.50617219264946
          ],
          [
            -117.66005534590948,
            33.50605591369215
          ],
          [
            -117.66009429280031,
            33.50594031242385
          ],
          [
            -117.66011679157552,
            33.50588065737666
          ],
          [
            -117.66017793934876,
            33.5057308997262
          ],
          [
            -117.66020602118466,
            33.505648577895
          ],
          [
            -117.66021809766626,
            33.5056024820109
          ],
          [
            -117.66022918130123,
            33.50555062724669
          ],
          [
            -117.66026907163629,
            33.505323692935605
          ],
          [
            -117.66033246728314,
            33.50504414627506
          ],
          [
            -117.66038051771093,
            33.504838049333095
          ],
          [
            -117.66040125620741,
            33.50472893838888
          ],
          [
            -117.66040128696278,
            33.50472877663179
          ],
          [
            -117.66041526608107,
            33.50463334568895
          ],
          [
            -117.66042399532031,
            33.504558285566446
          ],
          [
            -117.66042900592954,
            33.504490371365215
          ],
          [
            -117.66043033666085,
            33.504427936261564
          ],
          [
            -117.66042850677937,
            33.504348745076896
          ],
          [
            -117.66042407912752,
            33.50428385311041
          ],
          [
            -117.66041652433724,
            33.504225607120105
          ],
          [
            -117.66040560966358,
            33.504172724786905
          ],
          [
            -117.66039443228166,
            33.50413316839866
          ],
          [
            -117.6603804965901,
            33.5040927694982
          ],
          [
            -117.66036379571389,
            33.50405150201251
          ],
          [
            -117.66034430951507,
            33.50400931837737
          ],
          [
            -117.66029691514174,
            33.50392204650153
          ],
          [
            -117.66023779080197,
            33.5038299787052
          ],
          [
            -117.66019844542862,
            33.50377682878801
          ],
          [
            -117.66015113233,
            33.50372037505223
          ],
          [
            -117.66009537086538,
            33.50365971309537
          ],
          [
            -117.6600136733712,
            33.50357582891246
          ],
          [
            -117.6599260011709,
            33.50349254257866
          ],
          [
            -117.65972112546388,
            33.50331249795464
          ],
          [
            -117.65958145872845,
            33.50318753113325
          ],
          [
            -117.65954380905963,
            33.50315137462783
          ],
          [
            -117.65951170651496,
            33.50311792808586
          ],
          [
            -117.6594436587749,
            33.5030440874314
          ],
          [
            -117.65940613553796,
            33.50299954973249
          ],
          [
            -117.65937558511874,
            33.502956493038695
          ],
          [
            -117.65935350592991,
            33.50291592744951
          ],
          [
            -117.65934011702764,
            33.502881090382644
          ],
          [
            -117.6593293835177,
            33.502840919303196
          ],
          [
            -117.65932135542238,
            33.50279804758075
          ],
          [
            -117.65930926018343,
            33.502715705667185
          ],
          [
            -117.65929934501037,
            33.50264166377908
          ],
          [
            -117.65929281489105,
            33.50256728508551
          ],
          [
            -117.65928967083482,
            33.502492565968495
          ],
          [
            -117.65928990751048,
            33.502417510095434
          ],
          [
            -117.65929304131237,
            33.50239513169022
          ],
          [
            -117.65935433030073,
            33.501957478378166
          ],
          [
            -117.65935469513272,
            33.50193299424077
          ],
          [
            -117.65935549022971,
            33.50187974293677
          ],
          [
            -117.65934866816612,
            33.50180221240766
          ],
          [
            -117.65933391321437,
            33.50172546063198
          ],
          [
            -117.65931133573007,
            33.501650055345415
          ],
          [
            -117.65928110297143,
            33.501576555522306
          ],
          [
            -117.65924343794957,
            33.50150550688026
          ],
          [
            -117.65919862037303,
            33.50143743375415
          ],
          [
            -117.65914698237188,
            33.50137284094817
          ],
          [
            -117.65908890625775,
            33.50131220835115
          ],
          [
            -117.65902482224047,
            33.50125598284718
          ],
          [
            -117.65895520527208,
            33.50120458286023
          ],
          [
            -117.6578564649713,
            33.500640140524574
          ]
        ],
        "type": "LineString"
      },
      "id": 3380,
      "properties": {
        "Agency": null,
        "Agr_Month": null,
        "Agr_Year": null,
        "Agreement": null,
        "As_Blt_Month": null,
        "As_Blt_Year": null,
        "Base": null,
        "City": null,
        "Date_Entered": null,
        "DrawingNum": "Not Available",
        "Ds_Strt": null,
        "Ds_Sttn": null,
        "DwgID": null,
        "DwgNum": null,
        "Dwg_Month": null,
        "Dwg_Year": null,
        "FACILITYNAME": "HORNO CREEK CHANNEL",
        "FACILITYNUM": "L05",
        "FacilityDesc": "Natural",
        "FacilityID": 720,
        "FacilitySystem": "Regional",
        "FacilityType": "Natural Watercourse",
        "FeaNote": "None",
        "File_In": null,
        "File_On": null,
        "Firm": null,
        "Height": null,
        "Info": null,
        "Length": 12000,
        "MFDate": null,
        "MaintBy": null,
        "Material": "Concrete",
        "Mslink": null,
        "OBJECTID": 3380,
        "OwnerType": "2",
        "Ownership": "LOCAL",
        "Public_Info": null,
        "ROW": null,
        "Rack_No": null,
        "ReachDesc": "d/s San Diego Freeway to d/s Horno Basin",
        "ReachNum": "L05-03",
        "Sheets": null,
        "StaDS": null,
        "StaUS": null,
        "Tract": null,
        "Type": null,
        "Us_Strt": null,
        "Us_Sttn": null,
        "Watershed": "L"
      },
      "type": "Feature"
    },
    {
      "geometry": {
        "coordinates": [
          [
            -117.64655736201254,
            33.53357959585638
          ],
          [
            -117.64663048845578,
            33.53307574396959
          ],
          [
            -117.64669260473062,
            33.53264775247981
          ],
          [
            -117.64669914515608,
            33.53260268524694
          ]
        ],
        "type": "LineString"
      },
      "id": 2839,
      "properties": {
        "Agency": "PDSD",
        "Agr_Month": "",
        "Agr_Year": "",
        "Agreement": "",
        "As_Blt_Month": "",
        "As_Blt_Year": "",
        "Base": 18,
        "City": "UNINCORPORATED",
        "Date_Entered": 1092849660000,
        "DrawingNum": "L05-701-2",
        "Ds_Strt": "HORNO CREEK RETARDING BASIN (L05B01)",
        "Ds_Sttn": "269997",
        "DwgID": 1915,
        "DwgNum": "L05-701-2",
        "Dwg_Month": "",
        "Dwg_Year": "",
        "FACILITYNAME": "HORNO CREEK CHANNEL",
        "FACILITYNUM": "L05",
        "FacilityDesc": "RCR",
        "FacilityID": 720,
        "FacilitySystem": "Regional",
        "FacilityType": "Concrete-Lined",
        "FeaNote": "None",
        "File_In": "VAULT",
        "File_On": "MYLAR",
        "Firm": "HALL & FOREMAN, INC.",
        "Height": 15,
        "Info": "REGIONAL OCFCD IMPROVEMENT CONDITIONED UPON DEVELOPER (LADERA RANCH) BY TRACTS 15793 & 15990 AND PER LADERA PLANNED COMMUNITY RUNOFF MANAGEMENT PLAN.",
        "Length": 376,
        "MFDate": "",
        "MaintBy": "OCFCD",
        "Material": "Riprap",
        "Mslink": 1915,
        "OBJECTID": 2839,
        "OwnerType": "1",
        "Ownership": "DISTRICT",
        "Public_Info": "REGIONAL OCFCD IMPROVEMENT CONDITIONED UPON DEVELOPER (LADERA RANCH) BY TRACTS 15793 & 15990 AND PER LADERA PLANNED COMMUNITY RUNOFF MANAGEMENT PLAN.",
        "ROW": "EASEMENT",
        "Rack_No": "",
        "ReachDesc": "u/s Horno Basin to d/s transition",
        "ReachNum": "L05-04.01",
        "Sheets": "16",
        "StaDS": "28+74",
        "StaUS": "32+50",
        "Tract": "15990",
        "Type": "CONSTRUCTION",
        "Us_Strt": "JUNCTION L05P01 & L05P04",
        "Us_Sttn": "549299",
        "Watershed": "L"
      },
      "type": "Feature"
    },
    {
      "geometry": {
        "coordinates": [
          [
            -117.63584049682792,
            33.55862936016112
          ],
          [
            -117.63582303112678,
            33.55857098034287
          ],
          [
            -117.63581234421524,
            33.55853525629486
          ]
        ],
        "type": "LineString"
      },
      "id": 5072,
      "properties": {
        "Agency": "PDSD",
        "Agr_Month": "",
        "Agr_Year": "",
        "Agreement": "NONE",
        "As_Blt_Month": "",
        "As_Blt_Year": "",
        "Base": 42,
        "City": "SEE BELOW",
        "Date_Entered": 1092849660000,
        "DrawingNum": "L05P01-713-1",
        "Ds_Strt": "",
        "Ds_Sttn": "991829",
        "DwgID": 1828,
        "DwgNum": "L05P01-713-1",
        "Dwg_Month": "11",
        "Dwg_Year": "1999",
        "FACILITYNAME": "ACJACHEMA STORM DRAIN",
        "FACILITYNUM": "L05P01",
        "FacilityDesc": "RCP",
        "FacilityID": 259,
        "FacilitySystem": "Subregional",
        "FacilityType": "Underground Conduit",
        "FeaNote": null,
        "File_In": "VAULT",
        "File_On": "MYLAR",
        "Firm": "HUITT-ZOLLARS",
        "Height": 42,
        "Info": "LADERA RANCH WITHIN TR.15884. THIS PLAN SET INCLUDE FACILITY L05P11 (STA. 10+00 TO STA. 29+00.75) WHICH IS LOCATED BETWEEN SIENNA PKWY. AND ANTONIO PKWY.",
        "Length": 30,
        "MFDate": "",
        "MaintBy": "COUNTY OF ORANGE",
        "Material": "Concrete",
        "Mslink": 1828,
        "OBJECTID": 5072,
        "OwnerType": "2",
        "Ownership": "COUNTY",
        "Public_Info": "LADERA RANCH WITHIN TR.15884. THIS PLAN SET INCLUDE FACILITY L05P11 (STA. 10+00 TO STA. 29+00.75) WHICH IS LOCATED BETWEEN SIENNA PKWY. AND ANTONIO PKWY.",
        "ROW": "",
        "Rack_No": "",
        "ReachDesc": "Upstream from 18\" junction",
        "ReachNum": "L05P01-26",
        "Sheets": "8",
        "StaDS": "151+73",
        "StaUS": "152+03",
        "Tract": "15884",
        "Type": "CONSTRUCTION",
        "Us_Strt": "NORTH OF L05P11 WITHIN SIENNA PKWY.",
        "Us_Sttn": "1175125",
        "Watershed": "L"
      },
      "type": "Feature"
    },
    {
      "geometry": {
        "coordinates": [
          [
            -117.64050539906935,
            33.53929746664288
          ],
          [
            -117.64038664119637,
            33.53835173467478
          ],
          [
            -117.64038480871653,
            33.53833714195036
          ]
        ],
        "type": "LineString"
      },
      "id": 5066,
      "properties": {
        "Agency": "PDSD",
        "Agr_Month": "",
        "Agr_Year": "",
        "Agreement": "/",
        "As_Blt_Month": "",
        "As_Blt_Year": "",
        "Base": 114,
        "City": "SEE BELOW",
        "Date_Entered": 1092849660000,
        "DrawingNum": "L05P01-713-3",
        "Ds_Strt": "L05",
        "Ds_Sttn": "549299",
        "DwgID": 1891,
        "DwgNum": "L05P01-713-3",
        "Dwg_Month": "08",
        "Dwg_Year": "2001",
        "FACILITYNAME": "ACJACHEMA STORM DRAIN",
        "FACILITYNUM": "L05P01",
        "FacilityDesc": "RCP",
        "FacilityID": 259,
        "FacilitySystem": "Subregional",
        "FacilityType": "Underground Conduit",
        "FeaNote": null,
        "File_In": "VAULT",
        "File_On": "MYLAR",
        "Firm": "HALL & FOREMAN, INC.",
        "Height": 114,
        "Info": "WITHIN SIENNA PARKWAY",
        "Length": 350,
        "MFDate": "/",
        "MaintBy": "COUNTY OF ORANGE",
        "Material": "Concrete",
        "Mslink": 1891,
        "OBJECTID": 5066,
        "OwnerType": "2",
        "Ownership": "COUNTY",
        "Public_Info": "WITHIN SIENNA PARKWAY",
        "ROW": "/",
        "Rack_No": "",
        "ReachDesc": "Utility Right-of-way",
        "ReachNum": "L05P01-03",
        "Sheets": "8",
        "StaDS": "63+00",
        "StaUS": "66+50",
        "Tract": "15987",
        "Type": "CONSTRUCTION",
        "Us_Strt": "O\u00b4NEILL DR.",
        "Us_Sttn": "872974",
        "Watershed": "L"
      },
      "type": "Feature"
    },
    {
      "geometry": {
        "coordinates": [
          [
            -117.6383178395002,
            33.547099920951425
          ],
          [
            -117.63840466927924,
            33.547027361296934
          ],
          [
            -117.6384955923909,
            33.54695840516466
          ],
          [
            -117.6385863311882,
            33.546895879329306
          ],
          [
            -117.63868043514653,
            33.546836943485054
          ],
          [
            -117.63877770169289,
            33.546781725222054
          ],
          [
            -117.63887792056153,
            33.546730342297714
          ],
          [
            -117.63944975090804,
            33.54647232962651
          ],
          [
            -117.63951989493182,
            33.54643291387453
          ],
          [
            -117.63958799824233,
            33.546391064590495
          ]
        ],
        "type": "LineString"
      },
      "id": 5052,
      "properties": {
        "Agency": "PDSD",
        "Agr_Month": "",
        "Agr_Year": "",
        "Agreement": "/",
        "As_Blt_Month": "",
        "As_Blt_Year": "",
        "Base": 120,
        "City": "SEE BELOW",
        "Date_Entered": 1092849660000,
        "DrawingNum": "L05P01-713-2",
        "Ds_Strt": "L05",
        "Ds_Sttn": "549299",
        "DwgID": 1891,
        "DwgNum": "L05P01-713-3",
        "Dwg_Month": "08",
        "Dwg_Year": "2001",
        "FACILITYNAME": "ACJACHEMA STORM DRAIN",
        "FACILITYNUM": "L05P01",
        "FacilityDesc": "RCP",
        "FacilityID": 259,
        "FacilitySystem": "Subregional",
        "FacilityType": "Underground Conduit",
        "FeaNote": null,
        "File_In": "VAULT",
        "File_On": "MYLAR",
        "Firm": "HALL & FOREMAN, INC.",
        "Height": 120,
        "Info": "WITHIN SIENNA PARKWAY",
        "Length": 472,
        "MFDate": "/",
        "MaintBy": "COUNTY OF ORANGE",
        "Material": "Concrete",
        "Mslink": 1891,
        "OBJECTID": 5052,
        "OwnerType": "2",
        "Ownership": "COUNTY",
        "Public_Info": "WITHIN SIENNA PARKWAY",
        "ROW": "/",
        "Rack_No": "",
        "ReachDesc": "Upstream Hannah Lane",
        "ReachNum": "L05P01-12",
        "Sheets": "8",
        "StaDS": "101+94",
        "StaUS": "106+66",
        "Tract": "15987",
        "Type": "CONSTRUCTION",
        "Us_Strt": "O\u00b4NEILL DR.",
        "Us_Sttn": "872974",
        "Watershed": "L"
      },
      "type": "Feature"
    },
    {
      "geometry": {
        "coordinates": [
          [
            -117.63613595369881,
            33.56064391639292
          ],
          [
            -117.63613705479088,
            33.56063966519991
          ],
          [
            -117.63614443874684,
            33.56061767056495
          ],
          [
            -117.63616264577638,
            33.56055551143468
          ],
          [
            -117.63616407297623,
            33.5605498210896
          ],
          [
            -117.63617273544723,
            33.560515283866835
          ]
        ],
        "type": "LineString"
      },
      "id": 5075,
      "properties": {
        "Agency": "PDSD",
        "Agr_Month": "",
        "Agr_Year": "",
        "Agreement": "NONE",
        "As_Blt_Month": "",
        "As_Blt_Year": "",
        "Base": 42,
        "City": "SEE BELOW",
        "Date_Entered": 1092849660000,
        "DrawingNum": "L05P01-713-1",
        "Ds_Strt": "",
        "Ds_Sttn": "991829",
        "DwgID": 1828,
        "DwgNum": "L05P01-713-1",
        "Dwg_Month": "11",
        "Dwg_Year": "1999",
        "FACILITYNAME": "ACJACHEMA STORM DRAIN",
        "FACILITYNUM": "L05P01",
        "FacilityDesc": "RCP",
        "FacilityID": 259,
        "FacilitySystem": "Subregional",
        "FacilityType": "Underground Conduit",
        "FeaNote": null,
        "File_In": "VAULT",
        "File_On": "MYLAR",
        "Firm": "HUITT-ZOLLARS",
        "Height": 42,
        "Info": "LADERA RANCH WITHIN TR.15884. THIS PLAN SET INCLUDE FACILITY L05P11 (STA. 10+00 TO STA. 29+00.75) WHICH IS LOCATED BETWEEN SIENNA PKWY. AND ANTONIO PKWY.",
        "Length": 49,
        "MFDate": "",
        "MaintBy": "COUNTY OF ORANGE",
        "Material": "Concrete",
        "Mslink": 1828,
        "OBJECTID": 5075,
        "OwnerType": "2",
        "Ownership": "COUNTY",
        "Public_Info": "LADERA RANCH WITHIN TR.15884. THIS PLAN SET INCLUDE FACILITY L05P11 (STA. 10+00 TO STA. 29+00.75) WHICH IS LOCATED BETWEEN SIENNA PKWY. AND ANTONIO PKWY.",
        "ROW": "",
        "Rack_No": "",
        "ReachDesc": "Downstream Flintridge Ave",
        "ReachNum": "L05P01-29",
        "Sheets": "8",
        "StaDS": "159+05",
        "StaUS": "159+54",
        "Tract": "15884",
        "Type": "CONSTRUCTION",
        "Us_Strt": "NORTH OF L05P11 WITHIN SIENNA PKWY.",
        "Us_Sttn": "1175125",
        "Watershed": "L"
      },
      "type": "Feature"
    },
    {
      "geometry": {
        "coordinates": [
          [
            -117.6357059077685,
            33.55801846505031
          ],
          [
            -117.6356989648711,
            33.557954596628406
          ],
          [
            -117.63568903127963,
            33.557812446149605
          ],
          [
            -117.63568666982448,
            33.55767006713428
          ],
          [
            -117.63569188601078,
            33.55752774085491
          ],
          [
            -117.63570467029668,
            33.55738575055314
          ],
          [
            -117.63572499588301,
            33.55724437785832
          ],
          [
            -117.63575282195826,
            33.55710390365233
          ],
          [
            -117.6357880947473,
            33.55696460625517
          ],
          [
            -117.6358308399307,
            33.55682647725895
          ],
          [
            -117.63588090600398,
            33.556690083714386
          ]
        ],
        "type": "LineString"
      },
      "id": 5046,
      "properties": {
        "Agency": "PDSD",
        "Agr_Month": "",
        "Agr_Year": "",
        "Agreement": "/",
        "As_Blt_Month": "",
        "As_Blt_Year": "",
        "Base": 66,
        "City": "SEE BELOW",
        "Date_Entered": 1092849660000,
        "DrawingNum": "L05P01-713-2",
        "Ds_Strt": "L05",
        "Ds_Sttn": "549299",
        "DwgID": 1891,
        "DwgNum": "L05P01-713-3",
        "Dwg_Month": "08",
        "Dwg_Year": "2001",
        "FACILITYNAME": "ACJACHEMA STORM DRAIN",
        "FACILITYNUM": "L05P01",
        "FacilityDesc": "RCP",
        "FacilityID": 259,
        "FacilitySystem": "Subregional",
        "FacilityType": "Underground Conduit",
        "FeaNote": null,
        "File_In": "VAULT",
        "File_On": "MYLAR",
        "Firm": "HALL & FOREMAN, INC.",
        "Height": 66,
        "Info": "WITHIN SIENNA PARKWAY",
        "Length": 489,
        "MFDate": "/",
        "MaintBy": "COUNTY OF ORANGE",
        "Material": "Concrete",
        "Mslink": 1891,
        "OBJECTID": 5046,
        "OwnerType": "2",
        "Ownership": "COUNTY",
        "Public_Info": "WITHIN SIENNA PARKWAY",
        "ROW": "/",
        "Rack_No": "",
        "ReachDesc": "Downstream Windmill Avenue",
        "ReachNum": "L05P01-22",
        "Sheets": "8",
        "StaDS": "144+68",
        "StaUS": "149+57",
        "Tract": "15987",
        "Type": "CONSTRUCTION",
        "Us_Strt": "O\u00b4NEILL DR.",
        "Us_Sttn": "872974",
        "Watershed": "L"
      },
      "type": "Feature"
    },
    {
      "geometry": {
        "coordinates": [
          [
            -117.63581234421524,
            33.55853525629486
          ],
          [
            -117.63581194500482,
            33.55853392259963
          ],
          [
            -117.63580474770772,
            33.55851360060075
          ],
          [
            -117.63579577265803,
            33.5584944579837
          ],
          [
            -117.63579549730446,
            33.558493870427704
          ],
          [
            -117.63578426391248,
            33.55847487467174
          ]
        ],
        "type": "LineString"
      },
      "id": 5063,
      "properties": {
        "Agency": "PDSD",
        "Agr_Month": "",
        "Agr_Year": "",
        "Agreement": "NONE",
        "As_Blt_Month": "",
        "As_Blt_Year": "",
        "Base": 42,
        "City": "SEE BELOW",
        "Date_Entered": 1092849660000,
        "DrawingNum": "L05P01-713-1",
        "Ds_Strt": "",
        "Ds_Sttn": "991829",
        "DwgID": 1828,
        "DwgNum": "L05P01-713-1",
        "Dwg_Month": "11",
        "Dwg_Year": "1999",
        "FACILITYNAME": "ACJACHEMA STORM DRAIN",
        "FACILITYNUM": "L05P01",
        "FacilityDesc": "RCP",
        "FacilityID": 259,
        "FacilitySystem": "Subregional",
        "FacilityType": "Underground Conduit",
        "FeaNote": null,
        "File_In": "VAULT",
        "File_On": "MYLAR",
        "Firm": "HUITT-ZOLLARS",
        "Height": 42,
        "Info": "LADERA RANCH WITHIN TR.15884. THIS PLAN SET INCLUDE FACILITY L05P11 (STA. 10+00 TO STA. 29+00.75) WHICH IS LOCATED BETWEEN SIENNA PKWY. AND ANTONIO PKWY.",
        "Length": 30,
        "MFDate": "",
        "MaintBy": "COUNTY OF ORANGE",
        "Material": "Concrete",
        "Mslink": 1828,
        "OBJECTID": 5063,
        "OwnerType": "2",
        "Ownership": "COUNTY",
        "Public_Info": "LADERA RANCH WITHIN TR.15884. THIS PLAN SET INCLUDE FACILITY L05P11 (STA. 10+00 TO STA. 29+00.75) WHICH IS LOCATED BETWEEN SIENNA PKWY. AND ANTONIO PKWY.",
        "ROW": "",
        "Rack_No": "",
        "ReachDesc": "to junction 18\" laterals",
        "ReachNum": "L05P01-25",
        "Sheets": "8",
        "StaDS": "151+43",
        "StaUS": "151+73",
        "Tract": "15884",
        "Type": "CONSTRUCTION",
        "Us_Strt": "NORTH OF L05P11 WITHIN SIENNA PKWY.",
        "Us_Sttn": "1175125",
        "Watershed": "L"
      },
      "type": "Feature"
    },
    {
      "geometry": {
        "coordinates": [
          [
            -117.63785857674526,
            33.54765322077681
          ],
          [
            -117.63786202483485,
            33.547621646750834
          ],
          [
            -117.6378607855428,
            33.54758995815405
          ],
          [
            -117.63785891617016,
            33.54755040553102
          ],
          [
            -117.63786471530838,
            33.54751112180615
          ],
          [
            -117.63787802923967,
            33.54747314115273
          ],
          [
            -117.63789850665238,
            33.54743746477811
          ],
          [
            -117.63792560896539,
            33.547405032856574
          ],
          [
            -117.63795862178513,
            33.54737670005513
          ]
        ],
        "type": "LineString"
      },
      "id": 5069,
      "properties": {
        "Agency": "PDSD",
        "Agr_Month": "",
        "Agr_Year": "",
        "Agreement": "/",
        "As_Blt_Month": "",
        "As_Blt_Year": "",
        "Base": 108,
        "City": "SEE BELOW",
        "Date_Entered": 1092849660000,
        "DrawingNum": "L05P01-713-2",
        "Ds_Strt": "L05",
        "Ds_Sttn": "549299",
        "DwgID": 1891,
        "DwgNum": "L05P01-713-3",
        "Dwg_Month": "08",
        "Dwg_Year": "2001",
        "FACILITYNAME": "ACJACHEMA STORM DRAIN",
        "FACILITYNUM": "L05P01",
        "FacilityDesc": "RCP",
        "FacilityID": 259,
        "FacilitySystem": "Subregional",
        "FacilityType": "Underground Conduit",
        "FeaNote": null,
        "File_In": "VAULT",
        "File_On": "MYLAR",
        "Firm": "HALL & FOREMAN, INC.",
        "Height": 108,
        "Info": "WITHIN SIENNA PARKWAY",
        "Length": 104,
        "MFDate": "/",
        "MaintBy": "COUNTY OF ORANGE",
        "Material": "Concrete",
        "Mslink": 1891,
        "OBJECTID": 5069,
        "OwnerType": "2",
        "Ownership": "COUNTY",
        "Public_Info": "WITHIN SIENNA PARKWAY",
        "ROW": "/",
        "Rack_No": "",
        "ReachDesc": "Sellas Road roundabout",
        "ReachNum": "L05P01-14",
        "Sheets": "8",
        "StaDS": "108+21",
        "StaUS": "109+25",
        "Tract": "15987",
        "Type": "CONSTRUCTION",
        "Us_Strt": "O\u00b4NEILL DR.",
        "Us_Sttn": "872974",
        "Watershed": "L"
      },
      "type": "Feature"
    }
  ],
  "type": "FeatureCollection"
}
