"STATION","DATE","SOURCE","LATITUDE","LONGITUDE","ELEVATION","NAME","REPORT_TYPE","CALL_SIGN","QUALITY_CONTROL","WND","CIG","VIS","TMP","DEW","SLP","AA1","AB1","AD1","AE1","AH1","AH2","AH3","AH4","AH5","AH6","AI1","AI2","AI3","AI4","AI5","AI6","GJ1","GK1","KA1","KA2","KB1","KB2","KB3","KD1","KD2","KE1","MG1","MH1","MK1","OE1","OE2","OE3","REM","EQD"
"72297793184","2002-01-01T07:59:00","6","33.68","-117.86639","16.5","SANTA ANA JOHN WAYNE AIRPORT, CA US","SOD  ","KSNA ","V020","999,9,9,9999,9","99999,9,9,9","999999,9,9,9","+9999,9","+9999,9","99999,9","24,0000,9,6",,,,,,,,,,,,,,,,"0000,5","000,5","240,M,+0156,5","240,N,+0117,5",,,,,,,"10159,9,99999,4",,,"1,24,00536,230,1149,5","2,24,00402,240,1151,5","3,24,00089,999,9999,5","SOD60524 HR PRECIPITATION (IN): 0.00 TOTAL SUNSHINE (MINUTES):   0 PERCENT POSSIBLE SUNSHINE:  0 24 HR MAX TEMP (F): 6024 HR MAX TEMP TIME (LST):1511 24 HR MIN TEMP (F): 5324 HR MIN TEMP TIME (LST):2217 AVERAGE STATION PRESSURE:30.00  PEAK WIND SPEED (MPH): 12 PEAK WIND DIR (DEG):230 PEAK WIND TIME (LST):1149  FASTEST 2MIN SPEED (MPH):  9FASTEST 2MIN DIR (DEG):240 FASTEST 2MIN TIME (LST):1151 AVERAGE WIND SPEED (MPH): 2.0 24 HR AVG TEMP (F):57 HOURLY INCREMENTAL PRECIPITATION VALUES (IN):.00  .00  .00  .00  .00  .00  .00  .00  .00  .00  .00  .00  .00  .00  .00  .00  .00  .00  .00  .00  .00  .00  .00  .00","R01  0.007AAP092"
"72297793184","2002-01-01T07:59:00","6","33.68","-117.86639","16.5","SANTA ANA JOHN WAYNE AIRPORT, CA US","SOM  ","KSNA ","V020","999,9,9,9999,9","99999,9,9,9","999999,9,9,9","+9999,9","+9999,9","99999,9",,"00234,9,6","00058,9,2929,9999,9999,6","07,6,04,6,99,9,00,5","005,0010,9,141344,5","010,0018,9,141346,5","015,0020,9,141346,5","020,0025,9,141346,5","030,0028,9,141346,5","045,0030,9,301716,5","060,0033,9,301722,5","080,0038,9,301722,5","100,0041,9,141346,5","120,0041,9,141346,5","150,0041,9,141346,5","180,0046,9,141346,5",,,,,"744,N,+0717,5","744,M,+1767,5","744,A,+1244,5","744,H,0322,7","744,C,0000,5","00,5,00,5,00,5,00,5",,"10159,4,10190,4","10271,130942,5,10058,141615,5",,,,"SOM806PCP MTOT: 0.92 DEPNRM: 0.00 PCP GT 24HRS: 0.23 DATE(S):29 DAYS W/PCP >=.01: 7 DAYS W/PCP >=.10: 4 DAYS W/PCP >=1.00:  MSDP AMTS W/DATE-TIME TAGS:MIN:5  .04  14/1344 MIN:10  .07  14/1346 MIN:15  .08  14/1346 MIN:20  .10  14/1346 MIN:30  .11  14/1346 MIN:45  .12  30/1716 MIN:60  .13  30/1722 MIN:80  .15  30/1722 MIN:100  .16  14/1346 MIN:120  .16  14/1346 MIN:150  .16  14/1346 MIN:180  .18  14/1346 SN GT DP ON GRND:0 DATE(S):0  AVG DLY MIN: 44.9 AVG DLY MAX: 63.8 AVG MLY TMP: 54.4 DAYS MAX <=32:  DAYS MAX >=70: 0 DAYS MAX >=90: 0 DAYS MIN <=32: 0 DAYS MIN  <=0: 0 AVG STP:30.00  AVG SLP:30.09  LWST SLP:29.70 DATE/TIME:141615 HGST SLP:30.33 DATE/TIME:130942 HDD MTH TOT: 322 DEP NORM:-255 SEASON(JUL 1-JUN 30):  467 DEP NORM:02261 CDD MTH TOT:   0 DEP NORM:-255 SEASON(JAN 1-DEC 31):  810 DEP NORM:2043","R01  0.927ABP070R02  0.237ADP081R03     77AE1100R04      7AE2103R05   3227KDH015"
"72297793184","2002-01-02T07:59:00","6","33.68","-117.86639","16.5","SANTA ANA JOHN WAYNE AIRPORT, CA US","SOD  ","KSNA ","V020","999,9,9,9999,9","99999,9,9,9","999999,9,9,9","+9999,9","+9999,9","99999,9","24,0000,9,5",,,,,,,,,,,,,,,,"0000,5","000,5","240,M,+0178,5","240,N,+0117,6",,,,,,,"10159,9,99999,4",,,"1,24,00536,280,1553,5","2,24,00447,260,1530,5","3,24,00072,999,9999,5","SOD60524 HR PRECIPITATION (IN): 0.00 TOTAL SUNSHINE (MINUTES):   0 PERCENT POSSIBLE SUNSHINE:  0 24 HR MAX TEMP (F): 6424 HR MAX TEMP TIME (LST):1505 24 HR MIN TEMP (F): 5324 HR MIN TEMP TIME (LST):0739 AVERAGE STATION PRESSURE:30.00  PEAK WIND SPEED (MPH): 12 PEAK WIND DIR (DEG):280 PEAK WIND TIME (LST):1553  FASTEST 2MIN SPEED (MPH): 10FASTEST 2MIN DIR (DEG):260 FASTEST 2MIN TIME (LST):1530 AVERAGE WIND SPEED (MPH): 1.6 24 HR AVG TEMP (F):59 HOURLY INCREMENTAL PRECIPITATION VALUES (IN):.00  .00  .00  .00  .00  .00  .00  .00  .00  .00  .00  .00  .00  .00  .00  .00  .00  .00  .00  .00  .00  .00  .00  .00","R01    537KAN014"
"72297793184","2002-01-03T07:59:00","6","33.68","-117.86639","16.5","SANTA ANA JOHN WAYNE AIRPORT, CA US","SOD  ","KSNA ","V020","999,9,9,9999,9","99999,9,9,9","999999,9,9,9","+9999,9","+9999,9","99999,9","24,0000,9,5",,,,,,,,,,,,,,,,"0000,5","000,5","240,M,+0172,5","240,N,+0122,5",,,,,,,"10163,9,99999,4",,,"1,24,00715,220,1406,5","2,24,00581,220,1411,5","3,24,00152,999,9999,5","SOD60524 HR PRECIPITATION (IN): 0.00 TOTAL SUNSHINE (MINUTES):   0 PERCENT POSSIBLE SUNSHINE:  0 24 HR MAX TEMP (F): 6324 HR MAX TEMP TIME (LST):1321 24 HR MIN TEMP (F): 5424 HR MIN TEMP TIME (LST):0632 AVERAGE STATION PRESSURE:30.01  PEAK WIND SPEED (MPH): 16 PEAK WIND DIR (DEG):220 PEAK WIND TIME (LST):1406  FASTEST 2MIN SPEED (MPH): 13FASTEST 2MIN DIR (DEG):220 FASTEST 2MIN TIME (LST):1411 AVERAGE WIND SPEED (MPH): 3.4 24 HR AVG TEMP (F):59 HOURLY INCREMENTAL PRECIPITATION VALUES (IN):.00  .00  .00  .00  .00  .00  .00  .00  .00  .00  .00  .00  .00  .00  .00  .00  .00  .00  .00  .00  .00  .00  .00  .00",
"72297793184","2002-01-04T07:59:00","6","33.68","-117.86639","16.5","SANTA ANA JOHN WAYNE AIRPORT, CA US","SOD  ","KSNA ","V020","999,9,9,9999,9","99999,9,9,9","999999,9,9,9","+9999,9","+9999,9","99999,9","24,0003,9,5",,,,,,,,,,,,,,,,"0000,5","000,5","240,M,+0172,5","240,N,+0106,5",,,,,,,"10176,9,99999,4",,,"1,24,00626,240,1417,5","2,24,00581,240,1415,5","3,24,00112,999,9999,5","SOD60524 HR PRECIPITATION (IN): 0.01 TOTAL SUNSHINE (MINUTES):   0 PERCENT POSSIBLE SUNSHINE:  0 24 HR MAX TEMP (F): 6324 HR MAX TEMP TIME (LST):1406 24 HR MIN TEMP (F): 5124 HR MIN TEMP TIME (LST):2359 AVERAGE STATION PRESSURE:30.05  PEAK WIND SPEED (MPH): 14 PEAK WIND DIR (DEG):240 PEAK WIND TIME (LST):1417  FASTEST 2MIN SPEED (MPH): 13FASTEST 2MIN DIR (DEG):240 FASTEST 2MIN TIME (LST):1415 AVERAGE WIND SPEED (MPH): 2.5 24 HR AVG TEMP (F):57 HOURLY INCREMENTAL PRECIPITATION VALUES (IN): T    T   .00   T   .00  .00  .00  .01  .00  .00  .00  .00  .00  .00  .00  .00  .00  .00  .00  .00  .00  .00  .00  .00",
"72297793184","2002-01-05T07:59:00","6","33.68","-117.86639","16.5","SANTA ANA JOHN WAYNE AIRPORT, CA US","SOD  ","KSNA ","V020","999,9,9,9999,9","99999,9,9,9","999999,9,9,9","+9999,9","+9999,9","99999,9","24,0000,9,6",,,,,,,,,,,,,,,,"0000,5","000,5","240,M,+0172,5","240,N,+0100,5",,,,,,,"10203,9,99999,4",,,"1,24,00626,260,1302,5","2,24,00536,260,1302,5","3,24,00121,999,9999,5","SOD60524 HR PRECIPITATION (IN): 0.00 TOTAL SUNSHINE (MINUTES):   0 PERCENT POSSIBLE SUNSHINE:  0 24 HR MAX TEMP (F): 6324 HR MAX TEMP TIME (LST):1546 24 HR MIN TEMP (F): 5024 HR MIN TEMP TIME (LST):2340 AVERAGE STATION PRESSURE:30.13  PEAK WIND SPEED (MPH): 14 PEAK WIND DIR (DEG):260 PEAK WIND TIME (LST):1302  FASTEST 2MIN SPEED (MPH): 12FASTEST 2MIN DIR (DEG):260 FASTEST 2MIN TIME (LST):1302 AVERAGE WIND SPEED (MPH): 2.7 24 HR AVG TEMP (F):57 HOURLY INCREMENTAL PRECIPITATION VALUES (IN):.00  .00  .00  .00  .00  .00  .00  .00  .00  .00  .00  .00  .00  .00  .00  .00  .00  .00  .00  .00  .00  .00  .00  .00","R01  0.007AAP092"
"72297793184","2002-01-06T07:59:00","6","33.68","-117.86639","16.5","SANTA ANA JOHN WAYNE AIRPORT, CA US","SOD  ","KSNA ","V020","999,9,9,9999,9","99999,9,9,9","999999,9,9,9","+9999,9","+9999,9","99999,9","24,0000,9,6",,,,,,,,,,,,,,,,"0000,5","000,5","240,M,+0211,5","240,N,+0078,5",,,,,,,"10230,9,99999,4",,,"1,24,00447,200,1605,5","2,24,00358,210,1704,5","3,24,00063,999,9999,5","SOD60524 HR PRECIPITATION (IN): 0.00 TOTAL SUNSHINE (MINUTES):   0 PERCENT POSSIBLE SUNSHINE:  0 24 HR MAX TEMP (F): 7024 HR MAX TEMP TIME (LST):1359 24 HR MIN TEMP (F): 4624 HR MIN TEMP TIME (LST):0659 AVERAGE STATION PRESSURE:30.21  PEAK WIND SPEED (MPH): 10 PEAK WIND DIR (DEG):200 PEAK WIND TIME (LST):1605  FASTEST 2MIN SPEED (MPH):  8FASTEST 2MIN DIR (DEG):210 FASTEST 2MIN TIME (LST):1704 AVERAGE WIND SPEED (MPH): 1.4 24 HR AVG TEMP (F):58 HOURLY INCREMENTAL PRECIPITATION VALUES (IN):.00  .00  .00  .00  .00  .00  .00  .00  .00  .00  .00  .00  .00  .00  .00  .00  .00  .00  .00  .00  .00  .00  .00  .00","R01  0.007AAP092"
"72297793184","2002-01-07T07:59:00","6","33.68","-117.86639","16.5","SANTA ANA JOHN WAYNE AIRPORT, CA US","SOD  ","KSNA ","V020","999,9,9,9999,9","99999,9,9,9","999999,9,9,9","+9999,9","+9999,9","99999,9","24,0000,9,6",,,,,,,,,,,,,,,,"0000,5","000,5","240,M,+0206,5","240,N,+0078,5",,,,,,,"10227,9,99999,4",,,"1,24,00447,270,1335,5","2,24,00358,260,1302,5","3,24,00089,999,9999,5","SOD60524 HR PRECIPITATION (IN): 0.00 TOTAL SUNSHINE (MINUTES):   0 PERCENT POSSIBLE SUNSHINE:  0 24 HR MAX TEMP (F): 6924 HR MAX TEMP TIME (LST):1435 24 HR MIN TEMP (F): 4624 HR MIN TEMP TIME (LST):0706 AVERAGE STATION PRESSURE:30.20  PEAK WIND SPEED (MPH): 10 PEAK WIND DIR (DEG):270 PEAK WIND TIME (LST):1335  FASTEST 2MIN SPEED (MPH):  8FASTEST 2MIN DIR (DEG):260 FASTEST 2MIN TIME (LST):1302 AVERAGE WIND SPEED (MPH): 2.0 24 HR AVG TEMP (F):58 HOURLY INCREMENTAL PRECIPITATION VALUES (IN):.00  .00  .00  .00  .00  .00  .00  .00  .00  .00  .00  .00  .00  .00  .00  .00  .00  .00  .00  .00  .00  .00  .00  .00","R01  0.007AAP092"
"72297793184","2002-01-08T07:59:00","6","33.68","-117.86639","16.5","SANTA ANA JOHN WAYNE AIRPORT, CA US","SOD  ","KSNA ","V020","999,9,9,9999,9","99999,9,9,9","999999,9,9,9","+9999,9","+9999,9","99999,9","24,0000,9,6",,,,,,,,,,,,,,,,"0000,5","000,5","240,M,+0244,5","240,N,+0089,5",,,,,,,"10193,9,99999,4",,,"1,24,00626,250,1526,5","2,24,00581,260,1526,5","3,24,00058,999,9999,5","SOD58324 HR PRECIPITATION (IN): 0.00 TOTAL SUNSHINE (MINUTES):   0 PERCENT POSSIBLE SUNSHINE:  0 24 HR MAX TEMP (F): 7624 HR MAX TEMP TIME (LST):1445 24 HR MIN TEMP (F): 4824 HR MIN TEMP TIME (LST):0659 AVERAGE STATION PRESSURE:30.10  PEAK WIND SPEED (MPH): 14 PEAK WIND DIR (DEG):250 PEAK WIND TIME (LST):1526  FASTEST 2MIN SPEED (MPH): 13FASTEST 2MIN DIR (DEG):260 FASTEST 2MIN TIME (LST):1526 AVERAGE WIND SPEED (MPH): 1.3 HOURLY INCREMENTAL PRECIPITATION VALUES (IN):.00  .00  .00  .00  .00  .00  .00  .00  .00  .00  .00  .00  .00  .00  .00  .00  .00  .00  .00  .00  .00  .00  .00  .00","R01  0.007AAP092"
"72297793184","2002-01-09T07:59:00","6","33.68","-117.86639","16.5","SANTA ANA JOHN WAYNE AIRPORT, CA US","SOD  ","KSNA ","V020","999,9,9,9999,9","99999,9,9,9","999999,9,9,9","+9999,9","+9999,9","99999,9","24,0000,9,6",,,,,,,,,,,,,,,,"0000,5","000,5","240,M,+0217,5","240,N,+0083,5",,,,,,,"10142,9,99999,4",,,"1,24,00671,260,1519,5","2,24,00581,270,1520,5","3,24,00116,999,9999,5","SOD60524 HR PRECIPITATION (IN): 0.00 TOTAL SUNSHINE (MINUTES):   0 PERCENT POSSIBLE SUNSHINE:  0 24 HR MAX TEMP (F): 7124 HR MAX TEMP TIME (LST):1356 24 HR MIN TEMP (F): 4724 HR MIN TEMP TIME (LST):0704 AVERAGE STATION PRESSURE:29.95  PEAK WIND SPEED (MPH): 15 PEAK WIND DIR (DEG):260 PEAK WIND TIME (LST):1519  FASTEST 2MIN SPEED (MPH): 13FASTEST 2MIN DIR (DEG):270 FASTEST 2MIN TIME (LST):1520 AVERAGE WIND SPEED (MPH): 2.6 24 HR AVG TEMP (F):59 HOURLY INCREMENTAL PRECIPITATION VALUES (IN):.00  .00  .00  .00  .00  .00  .00  .00  .00  .00  .00  .00  .00  .00  .00  .00  .00  .00  .00  .00  .00  .00  .00  .00","R01  0.007AAP092"
"72297793184","2002-01-10T07:59:00","6","33.68","-117.86639","16.5","SANTA ANA JOHN WAYNE AIRPORT, CA US","SOD  ","KSNA ","V020","999,9,9,9999,9","99999,9,9,9","999999,9,9,9","+9999,9","+9999,9","99999,9","24,0000,9,6",,,,,,,,,,,,,,,,"0000,5","000,5","240,M,+0178,5","240,N,+0111,5",,,,,,,"10129,9,99999,4",,,"1,24,00715,220,1451,5","2,24,00626,220,1454,5","3,24,00219,999,9999,5","SOD60524 HR PRECIPITATION (IN): 0.00 TOTAL SUNSHINE (MINUTES):   0 PERCENT POSSIBLE SUNSHINE:  0 24 HR MAX TEMP (F): 6424 HR MAX TEMP TIME (LST):1139 24 HR MIN TEMP (F): 5224 HR MIN TEMP TIME (LST):2347 AVERAGE STATION PRESSURE:29.91  PEAK WIND SPEED (MPH): 16 PEAK WIND DIR (DEG):220 PEAK WIND TIME (LST):1451  FASTEST 2MIN SPEED (MPH): 14FASTEST 2MIN DIR (DEG):220 FASTEST 2MIN TIME (LST):1454 AVERAGE WIND SPEED (MPH): 4.9 24 HR AVG TEMP (F):58 HOURLY INCREMENTAL PRECIPITATION VALUES (IN):.00  .00  .00  .00  .00  .00  .00  .00  .00  .00  .00  .00  .00  .00  .00  .00  .00  .00  .00  .00  .00  .00  .00  .00","R01  0.007AAP092"
"72297793184","2002-01-11T07:59:00","6","33.68","-117.86639","16.5","SANTA ANA JOHN WAYNE AIRPORT, CA US","SOD  ","KSNA ","V020","999,9,9,9999,9","99999,9,9,9","999999,9,9,9","+9999,9","+9999,9","99999,9","24,0000,9,6",,,,,,,,,,,,,,,,"0000,5","000,5","240,M,+0200,5","240,N,+0083,5",,,,,,,"10169,9,99999,4",,,"1,24,00715,210,1624,5","2,24,00626,210,1625,5","3,24,00156,999,9999,5","SOD60524 HR PRECIPITATION (IN): 0.00 TOTAL SUNSHINE (MINUTES):   0 PERCENT POSSIBLE SUNSHINE:  0 24 HR MAX TEMP (F): 6824 HR MAX TEMP TIME (LST):1551 24 HR MIN TEMP (F): 4724 HR MIN TEMP TIME (LST):0641 AVERAGE STATION PRESSURE:30.03  PEAK WIND SPEED (MPH): 16 PEAK WIND DIR (DEG):210 PEAK WIND TIME (LST):1624  FASTEST 2MIN SPEED (MPH): 14FASTEST 2MIN DIR (DEG):210 FASTEST 2MIN TIME (LST):1625 AVERAGE WIND SPEED (MPH): 3.5 24 HR AVG TEMP (F):58 HOURLY INCREMENTAL PRECIPITATION VALUES (IN):.00  .00  .00  .00  .00  .00  .00  .00  .00  .00  .00  .00  .00  .00  .00  .00  .00  .00  .00  .00  .00  .00  .00  .00","R01  0.007AAP092"
"72297793184","2002-01-12T07:59:00","6","33.68","-117.86639","16.5","SANTA ANA JOHN WAYNE AIRPORT, CA US","SOD  ","KSNA ","V020","999,9,9,9999,9","99999,9,9,9","999999,9,9,9","+9999,9","+9999,9","99999,9","24,0000,9,6",,,,,,,,,,,,,,,,"0000,5","000,5","240,M,+0244,5","240,N,+0061,5",,,,,,,"10196,9,99999,4",,,"1,24,00536,200,1522,5","2,24,00447,200,1523,5","3,24,00076,999,9999,5","SOD60524 HR PRECIPITATION (IN): 0.00 TOTAL SUNSHINE (MINUTES):   0 PERCENT POSSIBLE SUNSHINE:  0 24 HR MAX TEMP (F): 7624 HR MAX TEMP TIME (LST):1413 24 HR MIN TEMP (F): 4324 HR MIN TEMP TIME (LST):0654 AVERAGE STATION PRESSURE:30.11  PEAK WIND SPEED (MPH): 12 PEAK WIND DIR (DEG):200 PEAK WIND TIME (LST):1522  FASTEST 2MIN SPEED (MPH): 10FASTEST 2MIN DIR (DEG):200 FASTEST 2MIN TIME (LST):1523 AVERAGE WIND SPEED (MPH): 1.7 24 HR AVG TEMP (F):60 HOURLY INCREMENTAL PRECIPITATION VALUES (IN):.00  .00  .00  .00  .00  .00  .00  .00  .00  .00  .00  .00  .00  .00  .00  .00  .00  .00  .00  .00  .00  .00  .00  .00","R01  0.007AAP092"
"72297793184","2002-01-13T07:59:00","6","33.68","-117.86639","16.5","SANTA ANA JOHN WAYNE AIRPORT, CA US","SOD  ","KSNA ","V020","999,9,9,9999,9","99999,9,9,9","999999,9,9,9","+9999,9","+9999,9","99999,9","24,0000,9,6",,,,,,,,,,,,,,,,"0000,5","000,5","240,M,+0239,5","240,N,+0067,5",,,,,,,"10169,9,99999,4",,,"1,24,00581,210,1402,5","2,24,00447,210,1403,5","3,24,00103,999,9999,5","SOD60524 HR PRECIPITATION (IN): 0.00 TOTAL SUNSHINE (MINUTES):   0 PERCENT POSSIBLE SUNSHINE:  0 24 HR MAX TEMP (F): 7524 HR MAX TEMP TIME (LST):1233 24 HR MIN TEMP (F): 4424 HR MIN TEMP TIME (LST):0703 AVERAGE STATION PRESSURE:30.03  PEAK WIND SPEED (MPH): 13 PEAK WIND DIR (DEG):210 PEAK WIND TIME (LST):1402  FASTEST 2MIN SPEED (MPH): 10FASTEST 2MIN DIR (DEG):210 FASTEST 2MIN TIME (LST):1403 AVERAGE WIND SPEED (MPH): 2.3 24 HR AVG TEMP (F):60 HOURLY INCREMENTAL PRECIPITATION VALUES (IN):.00  .00  .00  .00  .00  .00  .00  .00  .00  .00  .00  .00  .00  .00  .00  .00  .00  .00  .00  .00  .00  .00  .00  .00","R01  0.007AAP092"
"72297793184","2002-01-14T07:59:00","6","33.68","-117.86639","16.5","SANTA ANA JOHN WAYNE AIRPORT, CA US","SOD  ","KSNA ","V020","999,9,9,9999,9","99999,9,9,9","999999,9,9,9","+9999,9","+9999,9","99999,9","24,0000,9,6",,,,,,,,,,,,,,,,"0000,5","000,5","240,M,+0200,5","240,N,+0056,5",,,,,,,"10112,9,99999,4",,,"1,24,00447,210,1511,5","2,24,00358,220,1512,5","3,24,00094,999,9999,5","SOD60524 HR PRECIPITATION (IN): 0.00 TOTAL SUNSHINE (MINUTES):   0 PERCENT POSSIBLE SUNSHINE:  0 24 HR MAX TEMP (F): 6824 HR MAX TEMP TIME (LST):1527 24 HR MIN TEMP (F): 4224 HR MIN TEMP TIME (LST):0735 AVERAGE STATION PRESSURE:29.86  PEAK WIND SPEED (MPH): 10 PEAK WIND DIR (DEG):210 PEAK WIND TIME (LST):1511  FASTEST 2MIN SPEED (MPH):  8FASTEST 2MIN DIR (DEG):220 FASTEST 2MIN TIME (LST):1512 AVERAGE WIND SPEED (MPH): 2.1 24 HR AVG TEMP (F):55 HOURLY INCREMENTAL PRECIPITATION VALUES (IN):.00  .00  .00  .00  .00  .00  .00  .00  .00  .00  .00  .00  .00  .00  .00  .00  .00  .00  .00  .00  .00  .00  .00  .00","R01  0.007AAP092"
"72297793184","2002-01-15T07:59:00","6","33.68","-117.86639","16.5","SANTA ANA JOHN WAYNE AIRPORT, CA US","SOD  ","KSNA ","V020","999,9,9,9999,9","99999,9,9,9","999999,9,9,9","+9999,9","+9999,9","99999,9","24,0000,9,6",,,,,,,,,,,,,,,,"0000,5","000,5","240,M,+0161,5","240,N,+0072,5",,,,,,,"10102,9,99999,4",,,"1,24,00805,210,1219,5","2,24,00626,180,1526,5","3,24,00264,999,9999,5","SOD60524 HR PRECIPITATION (IN): 0.00 TOTAL SUNSHINE (MINUTES):   0 PERCENT POSSIBLE SUNSHINE:  0 24 HR MAX TEMP (F): 6124 HR MAX TEMP TIME (LST):1327 24 HR MIN TEMP (F): 4524 HR MIN TEMP TIME (LST):0457 AVERAGE STATION PRESSURE:29.83  PEAK WIND SPEED (MPH): 18 PEAK WIND DIR (DEG):210 PEAK WIND TIME (LST):1219  FASTEST 2MIN SPEED (MPH): 14FASTEST 2MIN DIR (DEG):180 FASTEST 2MIN TIME (LST):1526 AVERAGE WIND SPEED (MPH): 5.9 24 HR AVG TEMP (F):53 HOURLY INCREMENTAL PRECIPITATION VALUES (IN):.00  .00  .00  .00  .00  .00  .00  .00  .00  .00  .00  .00  .00  .00  .00  .00  .00  .00  .00  .00  .00  .00  .00  .00","R01  0.007AAP092"
"72297793184","2002-01-16T07:59:00","6","33.68","-117.86639","16.5","SANTA ANA JOHN WAYNE AIRPORT, CA US","SOD  ","KSNA ","V020","999,9,9,9999,9","99999,9,9,9","999999,9,9,9","+9999,9","+9999,9","99999,9","24,0000,9,6",,,,,,,,,,,,,,,,"0000,5","000,5","240,M,+0161,5","240,N,+0111,5",,,,,,,"10112,9,99999,4",,,"1,24,00894,170,1405,5","2,24,00715,150,1340,5","3,24,00291,999,9999,5","SOD60524 HR PRECIPITATION (IN): 0.00 TOTAL SUNSHINE (MINUTES):   0 PERCENT POSSIBLE SUNSHINE:  0 24 HR MAX TEMP (F): 6124 HR MAX TEMP TIME (LST):1504 24 HR MIN TEMP (F): 5224 HR MIN TEMP TIME (LST):2318 AVERAGE STATION PRESSURE:29.86  PEAK WIND SPEED (MPH): 20 PEAK WIND DIR (DEG):170 PEAK WIND TIME (LST):1405  FASTEST 2MIN SPEED (MPH): 16FASTEST 2MIN DIR (DEG):150 FASTEST 2MIN TIME (LST):1340 AVERAGE WIND SPEED (MPH): 6.5 24 HR AVG TEMP (F):57 HOURLY INCREMENTAL PRECIPITATION VALUES (IN):.00  .00  .00  .00  .00  .00  .00  .00  .00  .00  .00  .00  .00  .00  .00  .00  .00  .00  .00  .00  .00  .00  .00  .00","R01  0.007AAP092"
"72297793184","2002-01-17T07:59:00","6","33.68","-117.86639","16.5","SANTA ANA JOHN WAYNE AIRPORT, CA US","SOD  ","KSNA ","V020","999,9,9,9999,9","99999,9,9,9","999999,9,9,9","+9999,9","+9999,9","99999,9","24,0000,9,6",,,,,,,,,,,,,,,,"0000,5","000,5","240,M,+0172,5","240,N,+0094,5",,,,,,,"10156,9,99999,4",,,"1,24,00715,190,1425,5","2,24,00581,190,1439,5","3,24,00224,999,9999,5","SOD60524 HR PRECIPITATION (IN): 0.00 TOTAL SUNSHINE (MINUTES):   0 PERCENT POSSIBLE SUNSHINE:  0 24 HR MAX TEMP (F): 6324 HR MAX TEMP TIME (LST):1332 24 HR MIN TEMP (F): 4924 HR MIN TEMP TIME (LST):2350 AVERAGE STATION PRESSURE:29.99  PEAK WIND SPEED (MPH): 16 PEAK WIND DIR (DEG):190 PEAK WIND TIME (LST):1425  FASTEST 2MIN SPEED (MPH): 13FASTEST 2MIN DIR (DEG):190 FASTEST 2MIN TIME (LST):1439 AVERAGE WIND SPEED (MPH): 5.0 24 HR AVG TEMP (F):56 HOURLY INCREMENTAL PRECIPITATION VALUES (IN):.00  .00  .00  .00  .00  .00  .00  .00  .00  .00  .00  .00  .00  .00  .00  .00  .00  .00  .00  .00  .00  .00  .00  .00","R01  0.007AAP092"
"72297793184","2002-01-18T07:59:00","6","33.68","-117.86639","16.5","SANTA ANA JOHN WAYNE AIRPORT, CA US","SOD  ","KSNA ","V020","999,9,9,9999,9","99999,9,9,9","999999,9,9,9","+9999,9","+9999,9","99999,9","24,0000,9,6",,,,,,,,,,,,,,,,,,"240,M,+0167,5","240,N,+0067,5",,,,,,,"10179,9,99999,4",,,"1,24,00715,200,1507,5","2,24,00626,200,1501,5","3,24,00165,999,9999,5","SOD54524 HR PRECIPITATION (IN): 0.00 24 HR MAX TEMP (F): 6224 HR MAX TEMP TIME (LST):1433 24 HR MIN TEMP (F): 4424 HR MIN TEMP TIME (LST):0627 AVERAGE STATION PRESSURE:30.06  PEAK WIND SPEED (MPH): 16 PEAK WIND DIR (DEG):200 PEAK WIND TIME (LST):1507  FASTEST 2MIN SPEED (MPH): 14FASTEST 2MIN DIR (DEG):200 FASTEST 2MIN TIME (LST):1501 AVERAGE WIND SPEED (MPH): 3.7 24 HR AVG TEMP (F):53 HOURLY INCREMENTAL PRECIPITATION VALUES (IN):.00  .00  .00  .00  .00  .00  .00  .00  .00  .00  .00  .00  .00  .00  .00  .00  .00  .00  .00  .00  .00  .00  .00  .00","R01  0.007AAP092"
"72297793184","2002-01-19T07:59:00","6","33.68","-117.86639","16.5","SANTA ANA JOHN WAYNE AIRPORT, CA US","SOD  ","KSNA ","V020","999,9,9,9999,9","99999,9,9,9","999999,9,9,9","+9999,9","+9999,9","99999,9","24,0000,9,6",,,,,,,,,,,,,,,,"0000,5","000,5","240,M,+0178,5","240,N,+0050,5",,,,,,,"10179,9,99999,4",,,"1,24,00671,220,1403,5","2,24,00581,220,1404,5","3,24,00161,999,9999,5","SOD60524 HR PRECIPITATION (IN): 0.00 TOTAL SUNSHINE (MINUTES):   0 PERCENT POSSIBLE SUNSHINE:  0 24 HR MAX TEMP (F): 6424 HR MAX TEMP TIME (LST):1351 24 HR MIN TEMP (F): 4124 HR MIN TEMP TIME (LST):0638 AVERAGE STATION PRESSURE:30.06  PEAK WIND SPEED (MPH): 15 PEAK WIND DIR (DEG):220 PEAK WIND TIME (LST):1403  FASTEST 2MIN SPEED (MPH): 13FASTEST 2MIN DIR (DEG):220 FASTEST 2MIN TIME (LST):1404 AVERAGE WIND SPEED (MPH): 3.6 24 HR AVG TEMP (F):53 HOURLY INCREMENTAL PRECIPITATION VALUES (IN):.00  .00  .00  .00  .00  .00  .00  .00  .00  .00  .00  .00  .00  .00  .00  .00  .00  .00  .00  .00  .00  .00  .00  .00","R01  0.007AAP092"
"72297793184","2002-01-20T07:59:00","6","33.68","-117.86639","16.5","SANTA ANA JOHN WAYNE AIRPORT, CA US","SOD  ","KSNA ","V020","999,9,9,9999,9","99999,9,9,9","999999,9,9,9","+9999,9","+9999,9","99999,9","24,0000,9,6",,,,,,,,,,,,,,,,"0000,5","000,5","240,M,+0172,5","240,N,+0050,5",,,,,,,"10149,9,99999,4",,,"1,24,00626,210,1519,5","2,24,00536,200,1617,5","3,24,00179,999,9999,5","SOD60524 HR PRECIPITATION (IN): 0.00 TOTAL SUNSHINE (MINUTES):   0 PERCENT POSSIBLE SUNSHINE:  0 24 HR MAX TEMP (F): 6324 HR MAX TEMP TIME (LST):1415 24 HR MIN TEMP (F): 4124 HR MIN TEMP TIME (LST):0413 AVERAGE STATION PRESSURE:29.97  PEAK WIND SPEED (MPH): 14 PEAK WIND DIR (DEG):210 PEAK WIND TIME (LST):1519  FASTEST 2MIN SPEED (MPH): 12FASTEST 2MIN DIR (DEG):200 FASTEST 2MIN TIME (LST):1617 AVERAGE WIND SPEED (MPH): 4.0 24 HR AVG TEMP (F):52 HOURLY INCREMENTAL PRECIPITATION VALUES (IN):.00  .00  .00  .00  .00  .00  .00  .00  .00  .00  .00  .00  .00  .00  .00  .00  .00  .00  .00  .00  .00  .00  .00  .00","R01  0.007AAP092"
"72297793184","2002-01-21T07:59:00","6","33.68","-117.86639","16.5","SANTA ANA JOHN WAYNE AIRPORT, CA US","SOD  ","KSNA ","V020","999,9,9,9999,9","99999,9,9,9","999999,9,9,9","+9999,9","+9999,9","99999,9","24,0000,9,6",,,,,,,,,,,,,,,,"0000,5","000,5","240,M,+0189,5","240,N,+0044,5",,,,,,,"10163,9,99999,4",,,"1,24,00626,250,1516,5","2,24,00536,250,1516,5","3,24,00107,999,9999,5","SOD60524 HR PRECIPITATION (IN): 0.00 TOTAL SUNSHINE (MINUTES):   0 PERCENT POSSIBLE SUNSHINE:  0 24 HR MAX TEMP (F): 6624 HR MAX TEMP TIME (LST):1455 24 HR MIN TEMP (F): 4024 HR MIN TEMP TIME (LST):0733 AVERAGE STATION PRESSURE:30.01  PEAK WIND SPEED (MPH): 14 PEAK WIND DIR (DEG):250 PEAK WIND TIME (LST):1516  FASTEST 2MIN SPEED (MPH): 12FASTEST 2MIN DIR (DEG):250 FASTEST 2MIN TIME (LST):1516 AVERAGE WIND SPEED (MPH): 2.4 24 HR AVG TEMP (F):53 HOURLY INCREMENTAL PRECIPITATION VALUES (IN):.00  .00  .00  .00  .00  .00  .00  .00  .00  .00  .00  .00  .00  .00  .00  .00  .00  .00  .00  .00  .00  .00  .00  .00","R01  0.007AAP092"
"72297793184","2002-01-22T07:59:00","6","33.68","-117.86639","16.5","SANTA ANA JOHN WAYNE AIRPORT, CA US","SOD  ","KSNA ","V020","999,9,9,9999,9","99999,9,9,9","999999,9,9,9","+9999,9","+9999,9","99999,9","24,0000,9,6",,,,,,,,,,,,,,,,"0000,5","000,5","240,M,+0183,5","240,N,+0050,5",,,,,,,"10142,9,99999,4",,,"1,24,00671,210,1515,5","2,24,00581,200,1457,5","3,24,00152,999,9999,5","SOD60524 HR PRECIPITATION (IN): 0.00 TOTAL SUNSHINE (MINUTES):   0 PERCENT POSSIBLE SUNSHINE:  0 24 HR MAX TEMP (F): 6524 HR MAX TEMP TIME (LST):1348 24 HR MIN TEMP (F): 4124 HR MIN TEMP TIME (LST):0637 AVERAGE STATION PRESSURE:29.95  PEAK WIND SPEED (MPH): 15 PEAK WIND DIR (DEG):210 PEAK WIND TIME (LST):1515  FASTEST 2MIN SPEED (MPH): 13FASTEST 2MIN DIR (DEG):200 FASTEST 2MIN TIME (LST):1457 AVERAGE WIND SPEED (MPH): 3.4 24 HR AVG TEMP (F):53 HOURLY INCREMENTAL PRECIPITATION VALUES (IN):.00  .00  .00  .00  .00  .00  .00  .00  .00  .00  .00  .00  .00  .00  .00  .00  .00  .00  .00  .00  .00  .00  .00  .00","R01  0.007AAP092"
"72297793184","2002-01-23T07:59:00","6","33.68","-117.86639","16.5","SANTA ANA JOHN WAYNE AIRPORT, CA US","SOD  ","KSNA ","V020","999,9,9,9999,9","99999,9,9,9","999999,9,9,9","+9999,9","+9999,9","99999,9","24,0000,9,6",,,,,,,,,,,,,,,,"0000,5","000,5","240,M,+0167,5","240,N,+0089,5",,,,,,,"10125,9,99999,4",,,"1,24,00715,220,1307,5","2,24,00581,210,1451,5","3,24,00206,999,9999,5","SOD60524 HR PRECIPITATION (IN): 0.00 TOTAL SUNSHINE (MINUTES):   0 PERCENT POSSIBLE SUNSHINE:  0 24 HR MAX TEMP (F): 6224 HR MAX TEMP TIME (LST):1316 24 HR MIN TEMP (F): 4824 HR MIN TEMP TIME (LST):2359 AVERAGE STATION PRESSURE:29.90  PEAK WIND SPEED (MPH): 16 PEAK WIND DIR (DEG):220 PEAK WIND TIME (LST):1307  FASTEST 2MIN SPEED (MPH): 13FASTEST 2MIN DIR (DEG):210 FASTEST 2MIN TIME (LST):1451 AVERAGE WIND SPEED (MPH): 4.6 24 HR AVG TEMP (F):55 HOURLY INCREMENTAL PRECIPITATION VALUES (IN):.00  .00  .00  .00  .00  .00  .00  .00  .00  .00  .00  .00  .00  .00  .00  .00  .00  .00  .00  .00  .00  .00  .00  .00","R01  0.007AAP092"
"72297793184","2002-01-24T07:59:00","6","33.68","-117.86639","16.5","SANTA ANA JOHN WAYNE AIRPORT, CA US","SOD  ","KSNA ","V020","999,9,9,9999,9","99999,9,9,9","999999,9,9,9","+9999,9","+9999,9","99999,9","24,0000,9,6",,,,,,,,,,,,,,,,"0000,5","000,5","240,M,+0172,5","240,N,+0056,5",,,,,,,"10179,9,99999,4",,,"1,24,01565,070,2322,5","2,24,01162,050,2323,5","3,24,00393,999,9999,5","SOD60524 HR PRECIPITATION (IN): 0.00 TOTAL SUNSHINE (MINUTES):   0 PERCENT POSSIBLE SUNSHINE:  0 24 HR MAX TEMP (F): 6324 HR MAX TEMP TIME (LST):1433 24 HR MIN TEMP (F): 4224 HR MIN TEMP TIME (LST):0559 AVERAGE STATION PRESSURE:30.06  PEAK WIND SPEED (MPH): 35 PEAK WIND DIR (DEG): 70 PEAK WIND TIME (LST):2322  FASTEST 2MIN SPEED (MPH): 26FASTEST 2MIN DIR (DEG): 50 FASTEST 2MIN TIME (LST):2323 AVERAGE WIND SPEED (MPH): 8.8 24 HR AVG TEMP (F):53 HOURLY INCREMENTAL PRECIPITATION VALUES (IN):.00  .00  .00  .00  .00  .00  .00  .00  .00  .00  .00  .00  .00  .00  .00  .00  .00  .00  .00  .00  .00  .00  .00  .00","R01  0.007AAP092"
"72297793184","2002-01-25T07:59:00","6","33.68","-117.86639","16.5","SANTA ANA JOHN WAYNE AIRPORT, CA US","SOD  ","KSNA ","V020","999,9,9,9999,9","99999,9,9,9","999999,9,9,9","+9999,9","+9999,9","99999,9","24,0000,9,6",,,,,,,,,,,,,,,,"0000,5","000,5","240,M,+0194,5","240,N,+0078,5",,,,,,,"10234,9,99999,4",,,"1,24,01296,070,0028,5","2,24,01118,060,0008,5","3,24,00264,999,9999,5","SOD60524 HR PRECIPITATION (IN): 0.00 TOTAL SUNSHINE (MINUTES):   0 PERCENT POSSIBLE SUNSHINE:  0 24 HR MAX TEMP (F): 6724 HR MAX TEMP TIME (LST):1341 24 HR MIN TEMP (F): 4624 HR MIN TEMP TIME (LST):2355 AVERAGE STATION PRESSURE:30.22  PEAK WIND SPEED (MPH): 29 PEAK WIND DIR (DEG): 70 PEAK WIND TIME (LST):0028  FASTEST 2MIN SPEED (MPH): 25FASTEST 2MIN DIR (DEG): 60 FASTEST 2MIN TIME (LST):0008 AVERAGE WIND SPEED (MPH): 5.9 24 HR AVG TEMP (F):57 HOURLY INCREMENTAL PRECIPITATION VALUES (IN):.00  .00  .00  .00  .00  .00  .00  .00  .00  .00  .00  .00  .00  .00  .00  .00  .00  .00  .00  .00  .00  .00  .00  .00","R01  0.007AAP092"
"72297793184","2002-01-26T07:59:00","6","33.68","-117.86639","16.5","SANTA ANA JOHN WAYNE AIRPORT, CA US","SOD  ","KSNA ","V020","999,9,9,9999,9","99999,9,9,9","999999,9,9,9","+9999,9","+9999,9","99999,9","24,0000,9,6",,,,,,,,,,,,,,,,"0000,5","000,5","240,M,+0217,5","240,N,+0050,5",,,,,,,"10156,9,99999,4",,,"1,24,00536,230,1424,5","2,24,00402,230,1425,5","3,24,00089,999,9999,5","SOD60524 HR PRECIPITATION (IN): 0.00 TOTAL SUNSHINE (MINUTES):   0 PERCENT POSSIBLE SUNSHINE:  0 24 HR MAX TEMP (F): 7124 HR MAX TEMP TIME (LST):1322 24 HR MIN TEMP (F): 4124 HR MIN TEMP TIME (LST):0705 AVERAGE STATION PRESSURE:29.99  PEAK WIND SPEED (MPH): 12 PEAK WIND DIR (DEG):230 PEAK WIND TIME (LST):1424  FASTEST 2MIN SPEED (MPH):  9FASTEST 2MIN DIR (DEG):230 FASTEST 2MIN TIME (LST):1425 AVERAGE WIND SPEED (MPH): 2.0 24 HR AVG TEMP (F):56 HOURLY INCREMENTAL PRECIPITATION VALUES (IN):.00  .00  .00  .00  .00  .00  .00  .00  .00  .00  .00  .00  .00  .00  .00  .00  .00  .00  .00  .00  .00  .00  .00  .00","R01  0.007AAP092"
"72297793184","2002-01-27T07:59:00","6","33.68","-117.86639","16.5","SANTA ANA JOHN WAYNE AIRPORT, CA US","SOD  ","KSNA ","V020","999,9,9,9999,9","99999,9,9,9","999999,9,9,9","+9999,9","+9999,9","99999,9","24,0000,9,6",,,,,,,,,,,,,,,,"0000,5","000,5","240,M,+0178,5","240,N,+0061,5",,,,,,,"10122,9,99999,4",,,"1,24,00671,200,1605,5","2,24,00626,210,1534,5","3,24,00183,999,9999,5","SOD60524 HR PRECIPITATION (IN): 0.00 TOTAL SUNSHINE (MINUTES):   0 PERCENT POSSIBLE SUNSHINE:  0 24 HR MAX TEMP (F): 6424 HR MAX TEMP TIME (LST):1335 24 HR MIN TEMP (F): 4324 HR MIN TEMP TIME (LST):0419 AVERAGE STATION PRESSURE:29.89  PEAK WIND SPEED (MPH): 15 PEAK WIND DIR (DEG):200 PEAK WIND TIME (LST):1605  FASTEST 2MIN SPEED (MPH): 14FASTEST 2MIN DIR (DEG):210 FASTEST 2MIN TIME (LST):1534 AVERAGE WIND SPEED (MPH): 4.1 24 HR AVG TEMP (F):54 HOURLY INCREMENTAL PRECIPITATION VALUES (IN):.00  .00  .00  .00  .00  .00  .00  .00  .00  .00  .00  .00  .00  .00  .00  .00  .00  .00  .00  .00  .00  .00  .00  .00","R01  0.007AAP092"
"72297793184","2002-01-28T07:59:00","6","33.68","-117.86639","16.5","SANTA ANA JOHN WAYNE AIRPORT, CA US","SOD  ","KSNA ","V020","999,9,9,9999,9","99999,9,9,9","999999,9,9,9","+9999,9","+9999,9","99999,9","24,0109,9,5",,,,,,,,,,,,,,,,"0000,5","000,5","240,M,+0144,5","240,N,+0089,5",,,,,,,"10125,9,99999,4",,,"1,24,01162,170,2108,5","2,24,00983,170,2108,5","3,24,00371,999,9999,5","SOD60524 HR PRECIPITATION (IN): 0.43 TOTAL SUNSHINE (MINUTES):   0 PERCENT POSSIBLE SUNSHINE:  0 24 HR MAX TEMP (F): 5824 HR MAX TEMP TIME (LST):1507 24 HR MIN TEMP (F): 4824 HR MIN TEMP TIME (LST):0552 AVERAGE STATION PRESSURE:29.90  PEAK WIND SPEED (MPH): 26 PEAK WIND DIR (DEG):170 PEAK WIND TIME (LST):2108  FASTEST 2MIN SPEED (MPH): 22FASTEST 2MIN DIR (DEG):170 FASTEST 2MIN TIME (LST):2108 AVERAGE WIND SPEED (MPH): 8.3 24 HR AVG TEMP (F):53 HOURLY INCREMENTAL PRECIPITATION VALUES (IN):.00  .00  .00  .00  .00  .00  .00  .00  .00  .00  .00  .00  .00  .00   T    T    T   .01  .01  .01  .03  .04  .16  .17",
"72297793184","2002-01-29T07:59:00","6","33.68","-117.86639","16.5","SANTA ANA JOHN WAYNE AIRPORT, CA US","SOD  ","KSNA ","V020","999,9,9,9999,9","99999,9,9,9","999999,9,9,9","+9999,9","+9999,9","99999,9","24,0010,9,5",,,,,,,,,,,,,,,,"0000,5","000,5","240,M,+0139,5","240,N,+0072,5",,,,,,,"10142,9,99999,4",,,"1,24,00805,240,1408,5","2,24,00671,250,1409,5","3,24,00219,999,9999,5","SOD60524 HR PRECIPITATION (IN): 0.04 TOTAL SUNSHINE (MINUTES):   0 PERCENT POSSIBLE SUNSHINE:  0 24 HR MAX TEMP (F): 5724 HR MAX TEMP TIME (LST):1154 24 HR MIN TEMP (F): 4524 HR MIN TEMP TIME (LST):2352 AVERAGE STATION PRESSURE:29.95  PEAK WIND SPEED (MPH): 18 PEAK WIND DIR (DEG):240 PEAK WIND TIME (LST):1408  FASTEST 2MIN SPEED (MPH): 15FASTEST 2MIN DIR (DEG):250 FASTEST 2MIN TIME (LST):1409 AVERAGE WIND SPEED (MPH): 4.9 24 HR AVG TEMP (F):51 HOURLY INCREMENTAL PRECIPITATION VALUES (IN):.01  .01   T    T    T    T   .00  .01  .00  .00  .00  .00  .00  .00  .00   T    T   .00  .00  .00   T   .00  .00  .01",
"72297793184","2002-01-30T07:59:00","6","33.68","-117.86639","16.5","SANTA ANA JOHN WAYNE AIRPORT, CA US","SOD  ","KSNA ","V020","999,9,9,9999,9","99999,9,9,9","999999,9,9,9","+9999,9","+9999,9","99999,9","24,0000,2,5",,,,,,,,,,,,,,,,"0000,5","000,5","240,M,+0122,5","240,N,+0050,5",,,,,,,"10135,9,99999,4",,,"1,24,00939,270,1358,5","2,24,00626,260,1359,5","3,24,00232,999,9999,5","SOD60524 HR PRECIPITATION (IN):  T   TOTAL SUNSHINE (MINUTES):   0 PERCENT POSSIBLE SUNSHINE:  0 24 HR MAX TEMP (F): 5424 HR MAX TEMP TIME (LST):1339 24 HR MIN TEMP (F): 4124 HR MIN TEMP TIME (LST):2359 AVERAGE STATION PRESSURE:29.93  PEAK WIND SPEED (MPH): 21 PEAK WIND DIR (DEG):270 PEAK WIND TIME (LST):1358  FASTEST 2MIN SPEED (MPH): 14FASTEST 2MIN DIR (DEG):260 FASTEST 2MIN TIME (LST):1359 AVERAGE WIND SPEED (MPH): 5.2 24 HR AVG TEMP (F):48 HOURLY INCREMENTAL PRECIPITATION VALUES (IN):.00   T   .00   T   .00   T   .00  .00  .00  .00  .00   T   .00  .00  .00  .00  .00  .00  .00  .00  .00  .00  .00  .00",
"72297793184","2002-01-31T07:59:00","6","33.68","-117.86639","16.5","SANTA ANA JOHN WAYNE AIRPORT, CA US","SOD  ","KSNA ","V020","999,9,9,9999,9","99999,9,9,9","999999,9,9,9","+9999,9","+9999,9","99999,9","24,0000,9,6",,,,,,,,,,,,,,,,"0000,5","000,5","240,M,+0139,5","240,N,+0017,5",,,,,,,"10176,9,99999,4",,,"1,24,00715,240,1237,5","2,24,00581,220,1241,5","3,24,00148,999,9999,5","SOD58324 HR PRECIPITATION (IN): 0.00 TOTAL SUNSHINE (MINUTES):   0 PERCENT POSSIBLE SUNSHINE:  0 24 HR MAX TEMP (F): 5724 HR MAX TEMP TIME (LST):1545 24 HR MIN TEMP (F): 3524 HR MIN TEMP TIME (LST):0656 AVERAGE STATION PRESSURE:30.05  PEAK WIND SPEED (MPH): 16 PEAK WIND DIR (DEG):240 PEAK WIND TIME (LST):1237  FASTEST 2MIN SPEED (MPH): 13FASTEST 2MIN DIR (DEG):220 FASTEST 2MIN TIME (LST):1241 AVERAGE WIND SPEED (MPH): 3.3 HOURLY INCREMENTAL PRECIPITATION VALUES (IN):.00  .00  .00  .00  .00  .00  .00  .00  .00  .00  .00  .00  .00  .00  .00  .00  .00  .00  .00  .00  .00  .00  .00  .00","R01  0.007AAP092"
"72297793184","2002-02-01T07:59:00","6","33.68","-117.86639","16.5","SANTA ANA JOHN WAYNE AIRPORT, CA US","SOD  ","KSNA ","V020","999,9,9,9999,9","99999,9,9,9","999999,9,9,9","+9999,9","+9999,9","99999,9","24,0000,9,6",,,,,,,,,,,,,,,,"0000,5","000,5","240,M,+0150,5","240,N,+0028,5",,,,,,,"10230,9,99999,4",,,"1,24,00671,200,1318,5","2,24,00536,230,1344,5","3,24,00143,999,9999,5","SOD60524 HR PRECIPITATION (IN): 0.00 TOTAL SUNSHINE (MINUTES):   0 PERCENT POSSIBLE SUNSHINE:  0 24 HR MAX TEMP (F): 5924 HR MAX TEMP TIME (LST):1305 24 HR MIN TEMP (F): 3724 HR MIN TEMP TIME (LST):0653 AVERAGE STATION PRESSURE:30.21  PEAK WIND SPEED (MPH): 15 PEAK WIND DIR (DEG):200 PEAK WIND TIME (LST):1318  FASTEST 2MIN SPEED (MPH): 12FASTEST 2MIN DIR (DEG):230 FASTEST 2MIN TIME (LST):1344 AVERAGE WIND SPEED (MPH): 3.2 24 HR AVG TEMP (F):48 HOURLY INCREMENTAL PRECIPITATION VALUES (IN):.00  .00  .00  .00  .00  .00  .00  .00  .00  .00  .00  .00  .00  .00  .00  .00  .00  .00  .00  .00  .00  .00  .00  .00","R01  0.007AAP092"
"72297793184","2002-02-01T07:59:00","6","33.68","-117.86639","16.5","SANTA ANA JOHN WAYNE AIRPORT, CA US","SOM  ","KSNA ","V020","999,9,9,9999,9","99999,9,9,9","999999,9,9,9","+9999,9","+9999,9","99999,9",,"00122,9,6","00117,9,2727,9999,9999,6","03,6,01,6,99,9,00,5","005,0030,9,272257,5","010,0041,9,272300,5","015,0048,9,272305,5","020,0053,9,272310,5","030,0058,9,272310,5","045,0071,9,272310,5","060,0079,9,272310,5","080,0081,9,272310,5","100,0084,9,272310,5","120,0089,9,272310,5","150,0094,9,272310,5","180,0099,9,272310,5",,,,,"744,N,+0733,5","744,M,+1817,5","744,A,+1278,5","744,H,0304,7","744,C,0000,5","00,5,00,5,00,5,00,5",,"10163,4,10196,4","10288,241011,5,10119,141638,5",,,,"SOM808PCP MTOT: 0.48 DEPNRM: 0.00 PCP GT 24HRS: 0.46 DATE(S):272+ DAYS W/PCP >=.01: 3 DAYS W/PCP >=.10: 1 DAYS W/PCP >=1.00:  MSDP AMTS W/DATE-TIME TAGS:MIN:5  .12  27/2257 MIN:10  .16  27/2300 MIN:15  .19  27/2305 MIN:20  .21  27/2310 MIN:30  .23  27/2310 MIN:45  .28  27/2310 MIN:60  .31  27/2310 MIN:80  .32  27/2310 MIN:100  .33  27/2310 MIN:120  .35  27/2310 MIN:150  .37  27/2310 MIN:180  .39  27/2310 SN GT DP ON GRND:0 DATE(S):0  AVG DLY MIN: 45.2 AVG DLY MAX: 64.7 AVG MLY TMP: 55.0 DAYS MAX <=32:  DAYS MAX >=70: 0 DAYS MAX >=90: 0 DAYS MIN <=32: 0 DAYS MIN  <=0: 0 AVG STP:30.01  AVG SLP:30.11  LWST SLP:29.88 DATE/TIME:141638 HGST SLP:30.38 DATE/TIME:241011 HDD MTH TOT: 304 DEP NORM:-255 SEASON(JUL 1-JUN 30):  771 DEP NORM:01708 CDD MTH TOT:   0 DEP NORM:-255 SEASON(JAN 1-DEC 31):    0 DEP NORM:2553","R01  0.487ABP070R02  0.467ADP081R03     37AE1100R04      7AE2103R05   3047KDH015"
"72297793184","2002-02-02T07:59:00","6","33.68","-117.86639","16.5","SANTA ANA JOHN WAYNE AIRPORT, CA US","SOD  ","KSNA ","V020","999,9,9,9999,9","99999,9,9,9","999999,9,9,9","+9999,9","+9999,9","99999,9","24,0000,9,5",,,,,,,,,,,,,,,,"0000,5","000,5","240,M,+0172,5","240,N,+0028,6",,,,,,,"10183,9,99999,4",,,"1,24,00671,190,1223,5","2,24,00581,210,1225,5","3,24,00121,999,9999,5","SOD58324 HR PRECIPITATION (IN): 0.00 TOTAL SUNSHINE (MINUTES):   0 PERCENT POSSIBLE SUNSHINE:  0 24 HR MAX TEMP (F): 6324 HR MAX TEMP TIME (LST):1452 24 HR MIN TEMP (F): 3724 HR MIN TEMP TIME (LST):0703 AVERAGE STATION PRESSURE:30.07  PEAK WIND SPEED (MPH): 15 PEAK WIND DIR (DEG):190 PEAK WIND TIME (LST):1223  FASTEST 2MIN SPEED (MPH): 13FASTEST 2MIN DIR (DEG):210 FASTEST 2MIN TIME (LST):1225 AVERAGE WIND SPEED (MPH): 2.7 HOURLY INCREMENTAL PRECIPITATION VALUES (IN):.00  .00  .00  .00  .00  .00  .00  .00  .00  .00  .00  .00  .00  .00  .00  .00  .00  .00  .00  .00  .00  .00  .00  .00","R01    377KAN014"
"72297793184","2002-02-03T07:59:00","6","33.68","-117.86639","16.5","SANTA ANA JOHN WAYNE AIRPORT, CA US","SOD  ","KSNA ","V020","999,9,9,9999,9","99999,9,9,9","999999,9,9,9","+9999,9","+9999,9","99999,9","24,0000,9,5",,,,,,,,,,,,,,,,"0000,5","000,5","240,M,+0172,5","240,N,+0033,5",,,,,,,"10173,9,99999,4",,,"1,24,00626,220,1514,5","2,24,00536,200,1506,5","3,24,00156,999,9999,5","SOD60524 HR PRECIPITATION (IN): 0.00 TOTAL SUNSHINE (MINUTES):   0 PERCENT POSSIBLE SUNSHINE:  0 24 HR MAX TEMP (F): 6324 HR MAX TEMP TIME (LST):1341 24 HR MIN TEMP (F): 3824 HR MIN TEMP TIME (LST):0532 AVERAGE STATION PRESSURE:30.04  PEAK WIND SPEED (MPH): 14 PEAK WIND DIR (DEG):220 PEAK WIND TIME (LST):1514  FASTEST 2MIN SPEED (MPH): 12FASTEST 2MIN DIR (DEG):200 FASTEST 2MIN TIME (LST):1506 AVERAGE WIND SPEED (MPH): 3.5 24 HR AVG TEMP (F):51 HOURLY INCREMENTAL PRECIPITATION VALUES (IN):.00  .00  .00  .00  .00  .00  .00  .00  .00  .00  .00  .00  .00  .00  .00  .00  .00  .00  .00  .00  .00  .00  .00  .00",
"72297793184","2002-02-04T07:59:00","6","33.68","-117.86639","16.5","SANTA ANA JOHN WAYNE AIRPORT, CA US","SOD  ","KSNA ","V020","999,9,9,9999,9","99999,9,9,9","999999,9,9,9","+9999,9","+9999,9","99999,9","24,0000,9,5",,,,,,,,,,,,,,,,"0000,5","000,5","240,M,+0189,5","240,N,+0033,5",,,,,,,"10200,9,99999,4",,,"1,24,00581,200,1243,5","2,24,00447,240,1530,5","3,24,00112,999,9999,5","SOD60524 HR PRECIPITATION (IN): 0.00 TOTAL SUNSHINE (MINUTES):   0 PERCENT POSSIBLE SUNSHINE:  0 24 HR MAX TEMP (F): 6624 HR MAX TEMP TIME (LST):1502 24 HR MIN TEMP (F): 3824 HR MIN TEMP TIME (LST):0631 AVERAGE STATION PRESSURE:30.12  PEAK WIND SPEED (MPH): 13 PEAK WIND DIR (DEG):200 PEAK WIND TIME (LST):1243  FASTEST 2MIN SPEED (MPH): 10FASTEST 2MIN DIR (DEG):240 FASTEST 2MIN TIME (LST):1530 AVERAGE WIND SPEED (MPH): 2.5 24 HR AVG TEMP (F):52 HOURLY INCREMENTAL PRECIPITATION VALUES (IN):.00  .00  .00  .00  .00  .00  .00  .00  .00  .00  .00  .00  .00  .00  .00  .00  .00  .00  .00  .00  .00  .00  .00  .00",
"72297793184","2002-02-05T07:59:00","6","33.68","-117.86639","16.5","SANTA ANA JOHN WAYNE AIRPORT, CA US","SOD  ","KSNA ","V020","999,9,9,9999,9","99999,9,9,9","999999,9,9,9","+9999,9","+9999,9","99999,9","24,0000,9,5",,,,,,,,,,,,,,,,"0000,5","000,5","240,M,+0200,5","240,N,+0056,5",,,,,,,"10179,9,99999,4",,,"1,24,00760,190,1222,5","2,24,00671,190,1222,5","3,24,00152,999,9999,5","SOD60524 HR PRECIPITATION (IN): 0.00 TOTAL SUNSHINE (MINUTES):   0 PERCENT POSSIBLE SUNSHINE:  0 24 HR MAX TEMP (F): 6824 HR MAX TEMP TIME (LST):1456 24 HR MIN TEMP (F): 4224 HR MIN TEMP TIME (LST):0653 AVERAGE STATION PRESSURE:30.06  PEAK WIND SPEED (MPH): 17 PEAK WIND DIR (DEG):190 PEAK WIND TIME (LST):1222  FASTEST 2MIN SPEED (MPH): 15FASTEST 2MIN DIR (DEG):190 FASTEST 2MIN TIME (LST):1222 AVERAGE WIND SPEED (MPH): 3.4 24 HR AVG TEMP (F):55 HOURLY INCREMENTAL PRECIPITATION VALUES (IN):.00  .00  .00  .00  .00  .00  .00  .00  .00  .00  .00  .00  .00  .00  .00  .00  .00  .00  .00  .00  .00  .00  .00  .00",
"72297793184","2002-02-06T07:59:00","6","33.68","-117.86639","16.5","SANTA ANA JOHN WAYNE AIRPORT, CA US","SOD  ","KSNA ","V020","999,9,9,9999,9","99999,9,9,9","999999,9,9,9","+9999,9","+9999,9","99999,9","24,0000,9,5",,,,,,,,,,,,,,,,"0000,5","000,5","240,M,+0206,5","240,N,+0050,5",,,,,,,"10169,9,99999,4",,,"1,24,00626,190,1537,5","2,24,00536,210,1558,5","3,24,00152,999,9999,5","SOD60524 HR PRECIPITATION (IN): 0.00 TOTAL SUNSHINE (MINUTES):   0 PERCENT POSSIBLE SUNSHINE:  0 24 HR MAX TEMP (F): 6924 HR MAX TEMP TIME (LST):1426 24 HR MIN TEMP (F): 4124 HR MIN TEMP TIME (LST):0614 AVERAGE STATION PRESSURE:30.03  PEAK WIND SPEED (MPH): 14 PEAK WIND DIR (DEG):190 PEAK WIND TIME (LST):1537  FASTEST 2MIN SPEED (MPH): 12FASTEST 2MIN DIR (DEG):210 FASTEST 2MIN TIME (LST):1558 AVERAGE WIND SPEED (MPH): 3.4 24 HR AVG TEMP (F):55 HOURLY INCREMENTAL PRECIPITATION VALUES (IN):.00  .00  .00  .00  .00  .00  .00  .00  .00  .00  .00  .00  .00  .00  .00  .00  .00  .00  .00  .00  .00  .00  .00  .00",
"72297793184","2002-02-07T07:59:00","6","33.68","-117.86639","16.5","SANTA ANA JOHN WAYNE AIRPORT, CA US","SOD  ","KSNA ","V020","999,9,9,9999,9","99999,9,9,9","999999,9,9,9","+9999,9","+9999,9","99999,9","24,0000,9,5",,,,,,,,,,,,,,,,"0000,5","000,5","240,M,+0189,5","240,N,+0050,5",,,,,,,"10193,9,99999,4",,,"1,24,00536,250,1633,5","2,24,00447,210,1333,5","3,24,00134,999,9999,5","SOD60524 HR PRECIPITATION (IN): 0.00 TOTAL SUNSHINE (MINUTES):   0 PERCENT POSSIBLE SUNSHINE:  0 24 HR MAX TEMP (F): 6624 HR MAX TEMP TIME (LST):1351 24 HR MIN TEMP (F): 4124 HR MIN TEMP TIME (LST):0647 AVERAGE STATION PRESSURE:30.10  PEAK WIND SPEED (MPH): 12 PEAK WIND DIR (DEG):250 PEAK WIND TIME (LST):1633  FASTEST 2MIN SPEED (MPH): 10FASTEST 2MIN DIR (DEG):210 FASTEST 2MIN TIME (LST):1333 AVERAGE WIND SPEED (MPH): 3.0 24 HR AVG TEMP (F):54 HOURLY INCREMENTAL PRECIPITATION VALUES (IN):.00  .00  .00  .00  .00  .00  .00  .00  .00  .00  .00  .00  .00  .00  .00  .00  .00  .00  .00  .00  .00  .00  .00  .00",
"72297793184","2002-02-08T07:59:00","6","33.68","-117.86639","16.5","SANTA ANA JOHN WAYNE AIRPORT, CA US","SOD  ","KSNA ","V020","999,9,9,9999,9","99999,9,9,9","999999,9,9,9","+9999,9","+9999,9","99999,9","24,0000,9,5",,,,,,,,,,,,,,,,,,"240,M,+0167,5","240,N,+0061,5",,,,,,,"10203,9,99999,4",,,"1,24,00536,240,1633,5","2,24,00447,250,1449,5","3,24,00152,999,9999,5","SOD54524 HR PRECIPITATION (IN): 0.00 24 HR MAX TEMP (F): 6224 HR MAX TEMP TIME (LST):1440 24 HR MIN TEMP (F): 4324 HR MIN TEMP TIME (LST):0434 AVERAGE STATION PRESSURE:30.13  PEAK WIND SPEED (MPH): 12 PEAK WIND DIR (DEG):240 PEAK WIND TIME (LST):1633  FASTEST 2MIN SPEED (MPH): 10FASTEST 2MIN DIR (DEG):250 FASTEST 2MIN TIME (LST):1449 AVERAGE WIND SPEED (MPH): 3.4 24 HR AVG TEMP (F):53 HOURLY INCREMENTAL PRECIPITATION VALUES (IN):.00  .00  .00  .00  .00  .00  .00  .00  .00  .00  .00  .00  .00  .00  .00  .00  .00  .00  .00  .00  .00  .00  .00  .00",
"72297793184","2002-02-09T07:59:00","6","33.68","-117.86639","16.5","SANTA ANA JOHN WAYNE AIRPORT, CA US","SOD  ","KSNA ","V020","999,9,9,9999,9","99999,9,9,9","999999,9,9,9","+9999,9","+9999,9","99999,9","24,0000,9,5",,,,,,,,,,,,,,,,"0000,5","000,5","240,M,+0172,5","240,N,+0106,5",,,,,,,"10196,9,99999,4",,,"1,24,00626,210,1430,5","2,24,00536,210,1344,5","3,24,00152,999,9999,5","SOD60524 HR PRECIPITATION (IN): 0.00 TOTAL SUNSHINE (MINUTES):   0 PERCENT POSSIBLE SUNSHINE:  0 24 HR MAX TEMP (F): 6324 HR MAX TEMP TIME (LST):1424 24 HR MIN TEMP (F): 5124 HR MIN TEMP TIME (LST):2359 AVERAGE STATION PRESSURE:30.11  PEAK WIND SPEED (MPH): 14 PEAK WIND DIR (DEG):210 PEAK WIND TIME (LST):1430  FASTEST 2MIN SPEED (MPH): 12FASTEST 2MIN DIR (DEG):210 FASTEST 2MIN TIME (LST):1344 AVERAGE WIND SPEED (MPH): 3.4 24 HR AVG TEMP (F):57 HOURLY INCREMENTAL PRECIPITATION VALUES (IN):.00  .00  .00  .00  .00  .00  .00  .00  .00  .00  .00  .00  .00  .00  .00  .00  .00  .00  .00  .00  .00  .00  .00  .00",
"72297793184","2002-02-10T07:59:00","6","33.68","-117.86639","16.5","SANTA ANA JOHN WAYNE AIRPORT, CA US","SOD  ","KSNA ","V020","999,9,9,9999,9","99999,9,9,9","999999,9,9,9","+9999,9","+9999,9","99999,9","24,0000,9,5",,,,,,,,,,,,,,,,"0000,5","000,5","240,M,+0244,5","240,N,+0067,5",,,,,,,"10203,9,99999,4",,,"1,24,01475,080,0842,5","2,24,01162,060,1717,5","3,24,00487,999,9999,5","SOD60524 HR PRECIPITATION (IN): 0.00 TOTAL SUNSHINE (MINUTES):   0 PERCENT POSSIBLE SUNSHINE:  0 24 HR MAX TEMP (F): 7624 HR MAX TEMP TIME (LST):1430 24 HR MIN TEMP (F): 4424 HR MIN TEMP TIME (LST):0647 AVERAGE STATION PRESSURE:30.13  PEAK WIND SPEED (MPH): 33 PEAK WIND DIR (DEG): 80 PEAK WIND TIME (LST):0842  FASTEST 2MIN SPEED (MPH): 26FASTEST 2MIN DIR (DEG): 60 FASTEST 2MIN TIME (LST):1717 AVERAGE WIND SPEED (MPH):10.9 24 HR AVG TEMP (F):60 HOURLY INCREMENTAL PRECIPITATION VALUES (IN):.00  .00  .00  .00  .00  .00  .00  .00  .00  .00  .00  .00  .00  .00  .00  .00  .00  .00  .00  .00  .00  .00  .00  .00",
"72297793184","2002-02-11T07:59:00","6","33.68","-117.86639","16.5","SANTA ANA JOHN WAYNE AIRPORT, CA US","SOD  ","KSNA ","V020","999,9,9,9999,9","99999,9,9,9","999999,9,9,9","+9999,9","+9999,9","99999,9","24,0000,9,5",,,,,,,,,,,,,,,,"0000,5","000,5","240,M,+0267,5","240,N,+0111,5",,,,,,,"10237,9,99999,4",,,"1,24,01386,030,0148,5","2,24,01118,050,0626,5","3,24,00460,999,9999,5","SOD60524 HR PRECIPITATION (IN): 0.00 TOTAL SUNSHINE (MINUTES):   0 PERCENT POSSIBLE SUNSHINE:  0 24 HR MAX TEMP (F): 8024 HR MAX TEMP TIME (LST):1445 24 HR MIN TEMP (F): 5224 HR MIN TEMP TIME (LST):2359 AVERAGE STATION PRESSURE:30.23  PEAK WIND SPEED (MPH): 31 PEAK WIND DIR (DEG): 30 PEAK WIND TIME (LST):0148  FASTEST 2MIN SPEED (MPH): 25FASTEST 2MIN DIR (DEG): 50 FASTEST 2MIN TIME (LST):0626 AVERAGE WIND SPEED (MPH):10.3 24 HR AVG TEMP (F):66 HOURLY INCREMENTAL PRECIPITATION VALUES (IN):.00  .00  .00  .00  .00  .00  .00  .00  .00  .00  .00  .00  .00  .00  .00  .00  .00  .00  .00  .00  .00  .00  .00  .00",
"72297793184","2002-02-12T07:59:00","6","33.68","-117.86639","16.5","SANTA ANA JOHN WAYNE AIRPORT, CA US","SOD  ","KSNA ","V020","999,9,9,9999,9","99999,9,9,9","999999,9,9,9","+9999,9","+9999,9","99999,9","24,0000,9,5",,,,,,,,,,,,,,,,"0000,5","000,5","240,M,+0256,5","240,N,+0067,5",,,,,,,"10196,9,99999,4",,,"1,24,00671,250,1522,5","2,24,00536,270,1613,5","3,24,00103,999,9999,5","SOD60524 HR PRECIPITATION (IN): 0.00 TOTAL SUNSHINE (MINUTES):   0 PERCENT POSSIBLE SUNSHINE:  0 24 HR MAX TEMP (F): 7824 HR MAX TEMP TIME (LST):1351 24 HR MIN TEMP (F): 4424 HR MIN TEMP TIME (LST):0529 AVERAGE STATION PRESSURE:30.11  PEAK WIND SPEED (MPH): 15 PEAK WIND DIR (DEG):250 PEAK WIND TIME (LST):1522  FASTEST 2MIN SPEED (MPH): 12FASTEST 2MIN DIR (DEG):270 FASTEST 2MIN TIME (LST):1613 AVERAGE WIND SPEED (MPH): 2.3 24 HR AVG TEMP (F):61 HOURLY INCREMENTAL PRECIPITATION VALUES (IN):.00  .00  .00  .00  .00  .00  .00  .00  .00  .00  .00  .00  .00  .00  .00  .00  .00  .00  .00  .00  .00  .00  .00  .00",
"72297793184","2002-02-13T07:59:00","6","33.68","-117.86639","16.5","SANTA ANA JOHN WAYNE AIRPORT, CA US","SOD  ","KSNA ","V020","999,9,9,9999,9","99999,9,9,9","999999,9,9,9","+9999,9","+9999,9","99999,9","24,0000,9,5",,,,,,,,,,,,,,,,"0000,5","000,5","240,M,+0217,5","240,N,+0072,5",,,,,,,"10129,9,99999,4",,,"1,24,00626,200,1145,5","2,24,00536,200,1145,5","3,24,00139,999,9999,5","SOD60524 HR PRECIPITATION (IN): 0.00 TOTAL SUNSHINE (MINUTES):   0 PERCENT POSSIBLE SUNSHINE:  0 24 HR MAX TEMP (F): 7124 HR MAX TEMP TIME (LST):1413 24 HR MIN TEMP (F): 4524 HR MIN TEMP TIME (LST):0622 AVERAGE STATION PRESSURE:29.91  PEAK WIND SPEED (MPH): 14 PEAK WIND DIR (DEG):200 PEAK WIND TIME (LST):1145  FASTEST 2MIN SPEED (MPH): 12FASTEST 2MIN DIR (DEG):200 FASTEST 2MIN TIME (LST):1145 AVERAGE WIND SPEED (MPH): 3.1 24 HR AVG TEMP (F):58 HOURLY INCREMENTAL PRECIPITATION VALUES (IN):.00  .00  .00  .00  .00  .00  .00  .00  .00  .00  .00  .00  .00  .00  .00  .00  .00  .00  .00  .00  .00  .00  .00  .00",
"72297793184","2002-02-14T07:59:00","6","33.68","-117.86639","16.5","SANTA ANA JOHN WAYNE AIRPORT, CA US","SOD  ","KSNA ","V020","999,9,9,9999,9","99999,9,9,9","999999,9,9,9","+9999,9","+9999,9","99999,9","24,0000,9,5",,,,,,,,,,,,,,,,"0000,5","000,5","240,M,+0217,5","240,N,+0078,5",,,,,,,"10129,9,99999,4",,,"1,24,00894,240,1531,5","2,24,00715,220,1514,5","3,24,00130,999,9999,5","SOD60524 HR PRECIPITATION (IN): 0.00 TOTAL SUNSHINE (MINUTES):   0 PERCENT POSSIBLE SUNSHINE:  0 24 HR MAX TEMP (F): 7124 HR MAX TEMP TIME (LST):1447 24 HR MIN TEMP (F): 4624 HR MIN TEMP TIME (LST):0535 AVERAGE STATION PRESSURE:29.91  PEAK WIND SPEED (MPH): 20 PEAK WIND DIR (DEG):240 PEAK WIND TIME (LST):1531  FASTEST 2MIN SPEED (MPH): 16FASTEST 2MIN DIR (DEG):220 FASTEST 2MIN TIME (LST):1514 AVERAGE WIND SPEED (MPH): 2.9 24 HR AVG TEMP (F):59 HOURLY INCREMENTAL PRECIPITATION VALUES (IN):.00  .00  .00  .00  .00  .00  .00  .00  .00  .00  .00  .00  .00  .00  .00  .00  .00  .00  .00  .00  .00  .00  .00  .00",
"72297793184","2002-02-15T07:59:00","6","33.68","-117.86639","16.5","SANTA ANA JOHN WAYNE AIRPORT, CA US","SOD  ","KSNA ","V020","999,9,9,9999,9","99999,9,9,9","999999,9,9,9","+9999,9","+9999,9","99999,9","24,0000,9,5",,,,,,,,,,,,,,,,"0000,5","000,5","240,M,+0178,5","240,N,+0089,5",,,,,,,"10152,9,99999,4",,,"1,24,00715,200,1326,5","2,24,00626,190,1229,5","3,24,00224,999,9999,5","SOD60524 HR PRECIPITATION (IN): 0.00 TOTAL SUNSHINE (MINUTES):   0 PERCENT POSSIBLE SUNSHINE:  0 24 HR MAX TEMP (F): 6424 HR MAX TEMP TIME (LST):1156 24 HR MIN TEMP (F): 4824 HR MIN TEMP TIME (LST):0455 AVERAGE STATION PRESSURE:29.98  PEAK WIND SPEED (MPH): 16 PEAK WIND DIR (DEG):200 PEAK WIND TIME (LST):1326  FASTEST 2MIN SPEED (MPH): 14FASTEST 2MIN DIR (DEG):190 FASTEST 2MIN TIME (LST):1229 AVERAGE WIND SPEED (MPH): 5.0 24 HR AVG TEMP (F):56 HOURLY INCREMENTAL PRECIPITATION VALUES (IN):.00  .00  .00  .00  .00  .00  .00  .00  .00  .00  .00  .00  .00  .00  .00  .00  .00  .00  .00  .00  .00  .00  .00  .00",
"72297793184","2002-02-16T07:59:00","6","33.68","-117.86639","16.5","SANTA ANA JOHN WAYNE AIRPORT, CA US","SOD  ","KSNA ","V020","999,9,9,9999,9","99999,9,9,9","999999,9,9,9","+9999,9","+9999,9","99999,9","24,0000,9,5",,,,,,,,,,,,,,,,"0000,5","000,5","240,M,+0189,5","240,N,+0106,5",,,,,,,"10166,9,99999,4",,,"1,24,00626,250,1241,5","2,24,00447,230,1711,5","3,24,00183,999,9999,5","SOD60524 HR PRECIPITATION (IN): 0.00 TOTAL SUNSHINE (MINUTES):   0 PERCENT POSSIBLE SUNSHINE:  0 24 HR MAX TEMP (F): 6624 HR MAX TEMP TIME (LST):1430 24 HR MIN TEMP (F): 5124 HR MIN TEMP TIME (LST):0707 AVERAGE STATION PRESSURE:30.02  PEAK WIND SPEED (MPH): 14 PEAK WIND DIR (DEG):250 PEAK WIND TIME (LST):1241  FASTEST 2MIN SPEED (MPH): 10FASTEST 2MIN DIR (DEG):230 FASTEST 2MIN TIME (LST):1711 AVERAGE WIND SPEED (MPH): 4.1 24 HR AVG TEMP (F):59 HOURLY INCREMENTAL PRECIPITATION VALUES (IN):.00  .00  .00  .00  .00  .00  .00  .00  .00  .00  .00  .00  .00  .00  .00  .00  .00  .00  .00  .00  .00  .00  .00  .00",
"72297793184","2002-02-17T07:59:00","6","33.68","-117.86639","16.5","SANTA ANA JOHN WAYNE AIRPORT, CA US","SOD  ","KSNA ","V020","999,9,9,9999,9","99999,9,9,9","999999,9,9,9","+9999,9","+9999,9","99999,9","24,0000,9,5",,,,,,,,,,,,,,,,"0000,5","000,5","240,M,+0156,5","240,N,+0122,5",,,,,,,"10163,9,99999,4",,,"1,24,00805,220,1306,5","2,24,00671,200,1420,5","3,24,00255,999,9999,5","SOD60524 HR PRECIPITATION (IN): 0.00 TOTAL SUNSHINE (MINUTES):   0 PERCENT POSSIBLE SUNSHINE:  0 24 HR MAX TEMP (F): 6024 HR MAX TEMP TIME (LST):1353 24 HR MIN TEMP (F): 5424 HR MIN TEMP TIME (LST):0702 AVERAGE STATION PRESSURE:30.01  PEAK WIND SPEED (MPH): 18 PEAK WIND DIR (DEG):220 PEAK WIND TIME (LST):1306  FASTEST 2MIN SPEED (MPH): 15FASTEST 2MIN DIR (DEG):200 FASTEST 2MIN TIME (LST):1420 AVERAGE WIND SPEED (MPH): 5.7 24 HR AVG TEMP (F):57 HOURLY INCREMENTAL PRECIPITATION VALUES (IN):.00  .00  .00  .00  .00  .00  .00  .00  .00  .00  .00  .00  .00  .00  .00  .00  .00  .00  .00  .00  .00  .00  .00  .00",
"72297793184","2002-02-18T07:59:00","6","33.68","-117.86639","16.5","SANTA ANA JOHN WAYNE AIRPORT, CA US","SOD  ","KSNA ","V020","999,9,9,9999,9","99999,9,9,9","999999,9,9,9","+9999,9","+9999,9","99999,9","24,0058,9,5",,,,,,,,,,,,,,,,"0000,5","000,5","240,M,+0150,5","240,N,+0094,5",,,,,,,"10125,9,99999,4",,,"1,24,00760,260,1701,5","2,24,00626,250,1702,5","3,24,00250,999,9999,5","SOD60524 HR PRECIPITATION (IN): 0.23 TOTAL SUNSHINE (MINUTES):   0 PERCENT POSSIBLE SUNSHINE:  0 24 HR MAX TEMP (F): 5924 HR MAX TEMP TIME (LST):1313 24 HR MIN TEMP (F): 4924 HR MIN TEMP TIME (LST):2359 AVERAGE STATION PRESSURE:29.90  PEAK WIND SPEED (MPH): 17 PEAK WIND DIR (DEG):260 PEAK WIND TIME (LST):1701  FASTEST 2MIN SPEED (MPH): 14FASTEST 2MIN DIR (DEG):250 FASTEST 2MIN TIME (LST):1702 AVERAGE WIND SPEED (MPH): 5.6 24 HR AVG TEMP (F):54 HOURLY INCREMENTAL PRECIPITATION VALUES (IN):.00  .00  .00  .00  .00  .00  .03  .03  .13  .02  .00  .00  .00  .01   T   .00  .01  .00  .00  .00  .00  .00  .00  .00",
"72297793184","2002-02-19T07:59:00","6","33.68","-117.86639","16.5","SANTA ANA JOHN WAYNE AIRPORT, CA US","SOD  ","KSNA ","V020","999,9,9,9999,9","99999,9,9,9","999999,9,9,9","+9999,9","+9999,9","99999,9","24,0000,9,6",,,,,,,,,,,,,,,,"0000,5","000,5","240,M,+0161,5","240,N,+0072,5",,,,,,,"10146,9,99999,4",,,"1,24,00805,240,1248,5","2,24,00581,200,1248,5","3,24,00179,999,9999,5","SOD60524 HR PRECIPITATION (IN): 0.00 TOTAL SUNSHINE (MINUTES):   0 PERCENT POSSIBLE SUNSHINE:  0 24 HR MAX TEMP (F): 6124 HR MAX TEMP TIME (LST):1423 24 HR MIN TEMP (F): 4524 HR MIN TEMP TIME (LST):0700 AVERAGE STATION PRESSURE:29.96  PEAK WIND SPEED (MPH): 18 PEAK WIND DIR (DEG):240 PEAK WIND TIME (LST):1248  FASTEST 2MIN SPEED (MPH): 13FASTEST 2MIN DIR (DEG):200 FASTEST 2MIN TIME (LST):1248 AVERAGE WIND SPEED (MPH): 4.0 24 HR AVG TEMP (F):53 HOURLY INCREMENTAL PRECIPITATION VALUES (IN):.00  .00  .00  .00  .00  .00  .00  .00  .00  .00  .00  .00  .00  .00  .00  .00  .00  .00  .00  .00  .00  .00  .00  .00","R01  0.007AAP092"
"72297793184","2002-02-20T07:59:00","6","33.68","-117.86639","16.5","SANTA ANA JOHN WAYNE AIRPORT, CA US","SOD  ","KSNA ","V020","999,9,9,9999,9","99999,9,9,9","999999,9,9,9","+9999,9","+9999,9","99999,9","24,0000,9,6",,,,,,,,,,,,,,,,"0000,5","000,5","240,M,+0167,5","240,N,+0072,5",,,,,,,"10203,9,99999,4",,,"1,24,00671,200,1248,5","2,24,00536,190,1254,5","3,24,00152,999,9999,5","SOD60524 HR PRECIPITATION (IN): 0.00 TOTAL SUNSHINE (MINUTES):   0 PERCENT POSSIBLE SUNSHINE:  0 24 HR MAX TEMP (F): 6224 HR MAX TEMP TIME (LST):1306 24 HR MIN TEMP (F): 4524 HR MIN TEMP TIME (LST):0446 AVERAGE STATION PRESSURE:30.13  PEAK WIND SPEED (MPH): 15 PEAK WIND DIR (DEG):200 PEAK WIND TIME (LST):1248  FASTEST 2MIN SPEED (MPH): 12FASTEST 2MIN DIR (DEG):190 FASTEST 2MIN TIME (LST):1254 AVERAGE WIND SPEED (MPH): 3.4 24 HR AVG TEMP (F):54 HOURLY INCREMENTAL PRECIPITATION VALUES (IN):.00  .00  .00  .00  .00  .00  .00  .00  .00  .00  .00  .00  .00  .00  .00  .00  .00  .00  .00  .00  .00  .00  .00  .00","R01  0.007AAP092"
"72297793184","2002-02-21T07:59:00","6","33.68","-117.86639","16.5","SANTA ANA JOHN WAYNE AIRPORT, CA US","SOD  ","KSNA ","V020","999,9,9,9999,9","99999,9,9,9","999999,9,9,9","+9999,9","+9999,9","99999,9","24,0000,2,5",,,,,,,,,,,,,,,,"0000,5","000,5","240,M,+0178,5","240,N,+0083,5",,,,,,,"10200,9,99999,4",,,"1,24,00626,220,1310,5","2,24,00447,220,1439,5","3,24,00134,999,9999,5","SOD60524 HR PRECIPITATION (IN):  T   TOTAL SUNSHINE (MINUTES):   0 PERCENT POSSIBLE SUNSHINE:  0 24 HR MAX TEMP (F): 6424 HR MAX TEMP TIME (LST):1432 24 HR MIN TEMP (F): 4724 HR MIN TEMP TIME (LST):0615 AVERAGE STATION PRESSURE:30.12  PEAK WIND SPEED (MPH): 14 PEAK WIND DIR (DEG):220 PEAK WIND TIME (LST):1310  FASTEST 2MIN SPEED (MPH): 10FASTEST 2MIN DIR (DEG):220 FASTEST 2MIN TIME (LST):1439 AVERAGE WIND SPEED (MPH): 3.0 24 HR AVG TEMP (F):56 HOURLY INCREMENTAL PRECIPITATION VALUES (IN):.00  .00  .00  .00  .00  .00  .00  .00  .00  .00  .00  .00   T   .00  .00  .00  .00  .00  .00  .00  .00  .00  .00  .00",
"72297793184","2002-02-22T07:59:00","6","33.68","-117.86639","16.5","SANTA ANA JOHN WAYNE AIRPORT, CA US","SOD  ","KSNA ","V020","999,9,9,9999,9","99999,9,9,9","999999,9,9,9","+9999,9","+9999,9","99999,9","24,0000,9,6",,,,,,,,,,,,,,,,"0000,5","000,5","240,M,+0317,5","240,N,+0094,5",,,,,,,"10193,9,99999,4",,,"1,24,00715,110,1332,5","2,24,00581,200,1426,5","3,24,00107,999,9999,5","SOD60524 HR PRECIPITATION (IN): 0.00 TOTAL SUNSHINE (MINUTES):   0 PERCENT POSSIBLE SUNSHINE:  0 24 HR MAX TEMP (F): 8924 HR MAX TEMP TIME (LST):1313 24 HR MIN TEMP (F): 4924 HR MIN TEMP TIME (LST):0619 AVERAGE STATION PRESSURE:30.10  PEAK WIND SPEED (MPH): 16 PEAK WIND DIR (DEG):110 PEAK WIND TIME (LST):1332  FASTEST 2MIN SPEED (MPH): 13FASTEST 2MIN DIR (DEG):200 FASTEST 2MIN TIME (LST):1426 AVERAGE WIND SPEED (MPH): 2.4 24 HR AVG TEMP (F):69 HOURLY INCREMENTAL PRECIPITATION VALUES (IN):.00  .00  .00  .00  .00  .00  .00  .00  .00  .00  .00  .00  .00  .00  .00  .00  .00  .00  .00  .00  .00  .00  .00  .00","R01  0.007AAP092"
"72297793184","2002-02-23T07:59:00","6","33.68","-117.86639","16.5","SANTA ANA JOHN WAYNE AIRPORT, CA US","SOD  ","KSNA ","V020","999,9,9,9999,9","99999,9,9,9","999999,9,9,9","+9999,9","+9999,9","99999,9","24,0000,9,6",,,,,,,,,,,,,,,,"0000,5","000,5","240,M,+0311,5","240,N,+0106,5",,,,,,,"10152,9,99999,4",,,"1,24,00581,230,1623,5","2,24,00536,220,1444,5","3,24,00130,999,9999,5","SOD58324 HR PRECIPITATION (IN): 0.00 TOTAL SUNSHINE (MINUTES):   0 PERCENT POSSIBLE SUNSHINE:  0 24 HR MAX TEMP (F): 8824 HR MAX TEMP TIME (LST):1345 24 HR MIN TEMP (F): 5124 HR MIN TEMP TIME (LST):0632 AVERAGE STATION PRESSURE:29.98  PEAK WIND SPEED (MPH): 13 PEAK WIND DIR (DEG):230 PEAK WIND TIME (LST):1623  FASTEST 2MIN SPEED (MPH): 12FASTEST 2MIN DIR (DEG):220 FASTEST 2MIN TIME (LST):1444 AVERAGE WIND SPEED (MPH): 2.9 HOURLY INCREMENTAL PRECIPITATION VALUES (IN):.00  .00  .00  .00  .00  .00  .00  .00  .00  .00  .00  .00  .00  .00  .00  .00  .00  .00  .00  .00  .00  .00  .00  .00","R01  0.007AAP092"
"72297793184","2002-02-24T07:59:00","6","33.68","-117.86639","16.5","SANTA ANA JOHN WAYNE AIRPORT, CA US","SOD  ","KSNA ","V020","999,9,9,9999,9","99999,9,9,9","999999,9,9,9","+9999,9","+9999,9","99999,9","24,0000,9,6",,,,,,,,,,,,,,,,"0000,5","000,5","240,M,+0222,5","240,N,+0122,5",,,,,,,"10122,9,99999,4",,,"1,24,00805,200,1344,5","2,24,00671,210,1245,5","3,24,00237,999,9999,5","SOD60524 HR PRECIPITATION (IN): 0.00 TOTAL SUNSHINE (MINUTES):   0 PERCENT POSSIBLE SUNSHINE:  0 24 HR MAX TEMP (F): 7224 HR MAX TEMP TIME (LST):1143 24 HR MIN TEMP (F): 5424 HR MIN TEMP TIME (LST):2359 AVERAGE STATION PRESSURE:29.89  PEAK WIND SPEED (MPH): 18 PEAK WIND DIR (DEG):200 PEAK WIND TIME (LST):1344  FASTEST 2MIN SPEED (MPH): 15FASTEST 2MIN DIR (DEG):210 FASTEST 2MIN TIME (LST):1245 AVERAGE WIND SPEED (MPH): 5.3 24 HR AVG TEMP (F):63 HOURLY INCREMENTAL PRECIPITATION VALUES (IN):.00  .00  .00  .00  .00  .00  .00  .00  .00  .00  .00  .00  .00  .00  .00  .00  .00  .00  .00  .00  .00  .00  .00  .00","R01  0.007AAP092"
"72297793184","2002-02-25T07:59:00","6","33.68","-117.86639","16.5","SANTA ANA JOHN WAYNE AIRPORT, CA US","SOD  ","KSNA ","V020","999,9,9,9999,9","99999,9,9,9","999999,9,9,9","+9999,9","+9999,9","99999,9","24,0000,9,6",,,,,,,,,,,,,,,,"0000,5","000,5","240,M,+0206,5","240,N,+0117,5",,,,,,,"10139,9,99999,4",,,"1,24,00671,200,1440,5","2,24,00581,220,1444,5","3,24,00174,999,9999,5","SOD60524 HR PRECIPITATION (IN): 0.00 TOTAL SUNSHINE (MINUTES):   0 PERCENT POSSIBLE SUNSHINE:  0 24 HR MAX TEMP (F): 6924 HR MAX TEMP TIME (LST):1431 24 HR MIN TEMP (F): 5324 HR MIN TEMP TIME (LST):0128 AVERAGE STATION PRESSURE:29.94  PEAK WIND SPEED (MPH): 15 PEAK WIND DIR (DEG):200 PEAK WIND TIME (LST):1440  FASTEST 2MIN SPEED (MPH): 13FASTEST 2MIN DIR (DEG):220 FASTEST 2MIN TIME (LST):1444 AVERAGE WIND SPEED (MPH): 3.9 24 HR AVG TEMP (F):61 HOURLY INCREMENTAL PRECIPITATION VALUES (IN):.00  .00  .00  .00  .00  .00  .00  .00  .00  .00  .00  .00  .00  .00  .00  .00  .00  .00  .00  .00  .00  .00  .00  .00","R01  0.007AAP092"
"72297793184","2002-02-26T07:59:00","6","33.68","-117.86639","16.5","SANTA ANA JOHN WAYNE AIRPORT, CA US","SOD  ","KSNA ","V020","999,9,9,9999,9","99999,9,9,9","999999,9,9,9","+9999,9","+9999,9","99999,9","24,0000,9,6",,,,,,,,,,,,,,,,"0000,5","000,5","240,M,+0228,5","240,N,+0106,5",,,,,,,"10176,9,99999,4",,,"1,24,00536,190,1109,5","2,24,00402,210,1903,5","3,24,00139,999,9999,5","SOD60524 HR PRECIPITATION (IN): 0.00 TOTAL SUNSHINE (MINUTES):   0 PERCENT POSSIBLE SUNSHINE:  0 24 HR MAX TEMP (F): 7324 HR MAX TEMP TIME (LST):1536 24 HR MIN TEMP (F): 5124 HR MIN TEMP TIME (LST):0505 AVERAGE STATION PRESSURE:30.05  PEAK WIND SPEED (MPH): 12 PEAK WIND DIR (DEG):190 PEAK WIND TIME (LST):1109  FASTEST 2MIN SPEED (MPH):  9FASTEST 2MIN DIR (DEG):210 FASTEST 2MIN TIME (LST):1903 AVERAGE WIND SPEED (MPH): 3.1 24 HR AVG TEMP (F):62 HOURLY INCREMENTAL PRECIPITATION VALUES (IN):.00  .00  .00  .00  .00  .00  .00  .00  .00  .00  .00  .00  .00  .00  .00  .00  .00  .00  .00  .00  .00  .00  .00  .00","R01  0.007AAP092"
"72297793184","2002-02-27T07:59:00","6","33.68","-117.86639","16.5","SANTA ANA JOHN WAYNE AIRPORT, CA US","SOD  ","KSNA ","V020","999,9,9,9999,9","99999,9,9,9","999999,9,9,9","+9999,9","+9999,9","99999,9","24,0000,9,6",,,,,,,,,,,,,,,,"0000,5","000,5","240,M,+0267,5","240,N,+0106,5",,,,,,,"10146,9,99999,4",,,"1,24,00626,210,1413,5","2,24,00536,210,1421,5","3,24,00156,999,9999,5","SOD60524 HR PRECIPITATION (IN): 0.00 TOTAL SUNSHINE (MINUTES):   0 PERCENT POSSIBLE SUNSHINE:  0 24 HR MAX TEMP (F): 8024 HR MAX TEMP TIME (LST):1403 24 HR MIN TEMP (F): 5124 HR MIN TEMP TIME (LST):0657 AVERAGE STATION PRESSURE:29.96  PEAK WIND SPEED (MPH): 14 PEAK WIND DIR (DEG):210 PEAK WIND TIME (LST):1413  FASTEST 2MIN SPEED (MPH): 12FASTEST 2MIN DIR (DEG):210 FASTEST 2MIN TIME (LST):1421 AVERAGE WIND SPEED (MPH): 3.5 24 HR AVG TEMP (F):66 HOURLY INCREMENTAL PRECIPITATION VALUES (IN):.00  .00  .00  .00  .00  .00  .00  .00  .00  .00  .00  .00  .00  .00  .00  .00  .00  .00  .00  .00  .00  .00  .00  .00","R01  0.007AAP092"
"72297793184","2002-02-28T07:59:00","6","33.68","-117.86639","16.5","SANTA ANA JOHN WAYNE AIRPORT, CA US","SOD  ","KSNA ","V020","999,9,9,9999,9","99999,9,9,9","999999,9,9,9","+9999,9","+9999,9","99999,9","24,0000,9,6",,,,,,,,,,,,,,,,"0000,5","000,5","240,M,+0239,5","240,N,+0111,5",,,,,,,"10102,9,99999,4",,,"1,24,00760,200,1208,5","2,24,00626,210,1525,5","3,24,00174,999,9999,5","SOD60524 HR PRECIPITATION (IN): 0.00 TOTAL SUNSHINE (MINUTES):   0 PERCENT POSSIBLE SUNSHINE:  0 24 HR MAX TEMP (F): 7524 HR MAX TEMP TIME (LST):1514 24 HR MIN TEMP (F): 5224 HR MIN TEMP TIME (LST):0644 AVERAGE STATION PRESSURE:29.83  PEAK WIND SPEED (MPH): 17 PEAK WIND DIR (DEG):200 PEAK WIND TIME (LST):1208  FASTEST 2MIN SPEED (MPH): 14FASTEST 2MIN DIR (DEG):210 FASTEST 2MIN TIME (LST):1525 AVERAGE WIND SPEED (MPH): 3.9 24 HR AVG TEMP (F):64 HOURLY INCREMENTAL PRECIPITATION VALUES (IN):.00  .00  .00  .00  .00  .00  .00  .00  .00  .00  .00  .00  .00  .00  .00  .00  .00  .00  .00  .00  .00  .00  .00  .00","R01  0.007AAP092"
"72297793184","2002-03-01T07:59:00","6","33.68","-117.86639","16.5","SANTA ANA JOHN WAYNE AIRPORT, CA US","SOD  ","KSNA ","V020","999,9,9,9999,9","99999,9,9,9","999999,9,9,9","+9999,9","+9999,9","99999,9","24,0000,9,6",,,,,,,,,,,,,,,,"0000,5","000,5","240,M,+0167,5","240,N,+0106,5",,,,,,,"10085,9,99999,4",,,"1,24,00894,210,1450,5","2,24,00760,210,1450,5","3,24,00362,999,9999,5","SOD60524 HR PRECIPITATION (IN): 0.00 TOTAL SUNSHINE (MINUTES):   0 PERCENT POSSIBLE SUNSHINE:  0 24 HR MAX TEMP (F): 6224 HR MAX TEMP TIME (LST):1405 24 HR MIN TEMP (F): 5124 HR MIN TEMP TIME (LST):0248 AVERAGE STATION PRESSURE:29.78  PEAK WIND SPEED (MPH): 20 PEAK WIND DIR (DEG):210 PEAK WIND TIME (LST):1450  FASTEST 2MIN SPEED (MPH): 17FASTEST 2MIN DIR (DEG):210 FASTEST 2MIN TIME (LST):1450 AVERAGE WIND SPEED (MPH): 8.1 24 HR AVG TEMP (F):57 HOURLY INCREMENTAL PRECIPITATION VALUES (IN):.00  .00  .00  .00  .00  .00  .00  .00  .00  .00  .00  .00  .00  .00  .00  .00  .00  .00  .00  .00  .00  .00  .00  .00","R01  0.007AAP092"
"72297793184","2002-03-01T07:59:00","6","33.68","-117.86639","16.5","SANTA ANA JOHN WAYNE AIRPORT, CA US","SOM  ","KSNA ","V020","999,9,9,9999,9","99999,9,9,9","999999,9,9,9","+9999,9","+9999,9","99999,9",,"00058,9,6","00058,9,1717,9999,9999,6","01,6,01,6,99,9,00,5","005,0008,9,170811,5","010,0013,9,170814,5","015,0018,9,170814,5","020,0020,9,170814,5","030,0023,9,170820,5","045,0028,9,170843,5","060,0033,9,170852,5","080,0038,9,170905,5","100,0041,9,170928,5","120,0043,9,170928,5","150,0046,9,170928,5","180,0051,9,170905,5",,,,,"672,N,+0828,5","672,M,+2072,5","672,A,+1450,5","672,H,0199,7","672,C,0011,6","00,5,00,5,00,5,00,5",,"10166,4,10196,4","10281,102257,5,10102,281910,5",,,,"SOM806PCP MTOT: 0.23 DEPNRM: 0.00 PCP GT 24HRS: 0.23 DATE(S):17 DAYS W/PCP >=.01: 1 DAYS W/PCP >=.10: 1 DAYS W/PCP >=1.00:  MSDP AMTS W/DATE-TIME TAGS:MIN:5  .03  17/0811 MIN:10  .05  17/0814 MIN:15  .07  17/0814 MIN:20  .08  17/0814 MIN:30  .09  17/0820 MIN:45  .11  17/0843 MIN:60  .13  17/0852 MIN:80  .15  17/0905 MIN:100  .16  17/0928 MIN:120  .17  17/0928 MIN:150  .18  17/0928 MIN:180  .20  17/0905 SN GT DP ON GRND:0 DATE(S):0  AVG DLY MIN: 46.9 AVG DLY MAX: 69.3 AVG MLY TMP: 58.1 DAYS MAX <=32:  DAYS MAX >=70: 0 DAYS MAX >=90: 0 DAYS MIN <=32: 0 DAYS MIN  <=0: 0 AVG STP:30.02  AVG SLP:30.11  LWST SLP:29.83 DATE/TIME:281910 HGST SLP:30.36 DATE/TIME:102257 HDD MTH TOT: 199 DEP NORM:-255 SEASON(JUL 1-JUN 30):  970 DEP NORM:18650 CDD MTH TOT:  11 DEP NORM:-255 SEASON(JAN 1-DEC 31):   11 DEP NORM:1445","R01  0.237ABP070R02  0.237ADP081R03     17AE1100R04      7AE2103R05   1997KDH015R06    117KDC058"
"72297793184","2002-03-02T07:59:00","6","33.68","-117.86639","16.5","SANTA ANA JOHN WAYNE AIRPORT, CA US","SOD  ","KSNA ","V020","999,9,9,9999,9","99999,9,9,9","999999,9,9,9","+9999,9","+9999,9","99999,9","24,0000,9,5",,,,,,,,,,,,,,,,"0000,5","000,5","240,M,+0217,5","240,N,+0117,6",,,,,,,"10102,9,99999,4",,,"1,24,01162,050,1127,5","2,24,00894,040,1149,5","3,24,00295,999,9999,5","SOD60524 HR PRECIPITATION (IN): 0.00 TOTAL SUNSHINE (MINUTES):   0 PERCENT POSSIBLE SUNSHINE:  0 24 HR MAX TEMP (F): 7124 HR MAX TEMP TIME (LST):1340 24 HR MIN TEMP (F): 5324 HR MIN TEMP TIME (LST):2359 AVERAGE STATION PRESSURE:29.83  PEAK WIND SPEED (MPH): 26 PEAK WIND DIR (DEG): 50 PEAK WIND TIME (LST):1127  FASTEST 2MIN SPEED (MPH): 20FASTEST 2MIN DIR (DEG): 40 FASTEST 2MIN TIME (LST):1149 AVERAGE WIND SPEED (MPH): 6.6 24 HR AVG TEMP (F):62 HOURLY INCREMENTAL PRECIPITATION VALUES (IN):.00  .00  .00  .00  .00  .00  .00  .00  .00  .00  .00  .00  .00  .00  .00  .00  .00  .00  .00  .00  .00  .00  .00  .00","R01    537KAN014"
"72297793184","2002-03-03T07:59:00","6","33.68","-117.86639","16.5","SANTA ANA JOHN WAYNE AIRPORT, CA US","SOD  ","KSNA ","V020","999,9,9,9999,9","99999,9,9,9","999999,9,9,9","+9999,9","+9999,9","99999,9","24,0000,9,5",,,,,,,,,,,,,,,,"0000,5","000,5","240,M,+0217,5","240,N,+0100,5",,,,,,,"10169,9,99999,4",,,"1,24,00894,070,2052,5","2,24,00715,070,1016,5","3,24,00232,999,9999,5","SOD60524 HR PRECIPITATION (IN): 0.00 TOTAL SUNSHINE (MINUTES):   0 PERCENT POSSIBLE SUNSHINE:  0 24 HR MAX TEMP (F): 7124 HR MAX TEMP TIME (LST):1146 24 HR MIN TEMP (F): 5024 HR MIN TEMP TIME (LST):0535 AVERAGE STATION PRESSURE:30.03  PEAK WIND SPEED (MPH): 20 PEAK WIND DIR (DEG): 70 PEAK WIND TIME (LST):2052  FASTEST 2MIN SPEED (MPH): 16FASTEST 2MIN DIR (DEG): 70 FASTEST 2MIN TIME (LST):1016 AVERAGE WIND SPEED (MPH): 5.2 24 HR AVG TEMP (F):61 HOURLY INCREMENTAL PRECIPITATION VALUES (IN):.00  .00  .00  .00  .00  .00  .00  .00  .00  .00  .00  .00  .00  .00  .00  .00  .00  .00  .00  .00  .00  .00  .00  .00",
"72297793184","2002-03-04T07:59:00","6","33.68","-117.86639","16.5","SANTA ANA JOHN WAYNE AIRPORT, CA US","SOD  ","KSNA ","V020","999,9,9,9999,9","99999,9,9,9","999999,9,9,9","+9999,9","+9999,9","99999,9","24,0000,2,5",,,,,,,,,,,,,,,,"0000,5","000,5","240,M,+0233,5","240,N,+0061,5",,,,,,,"10220,9,99999,4",,,"1,24,00939,120,0934,5","2,24,00626,200,1323,5","3,24,00156,999,9999,5","SOD60524 HR PRECIPITATION (IN):  T   TOTAL SUNSHINE (MINUTES):   0 PERCENT POSSIBLE SUNSHINE:  0 24 HR MAX TEMP (F): 7424 HR MAX TEMP TIME (LST):1434 24 HR MIN TEMP (F): 4324 HR MIN TEMP TIME (LST):0609 AVERAGE STATION PRESSURE:30.18  PEAK WIND SPEED (MPH): 21 PEAK WIND DIR (DEG):120 PEAK WIND TIME (LST):0934  FASTEST 2MIN SPEED (MPH): 14FASTEST 2MIN DIR (DEG):200 FASTEST 2MIN TIME (LST):1323 AVERAGE WIND SPEED (MPH): 3.5 24 HR AVG TEMP (F):59 HOURLY INCREMENTAL PRECIPITATION VALUES (IN):.00  .00  .00  .00  .00  .00  .00  .00  .00  .00  .00  .00  .00   T    T    T    T    T   .00  .00  .00  .00  .00  .00",
"72297793184","2002-03-05T07:59:00","6","33.68","-117.86639","16.5","SANTA ANA JOHN WAYNE AIRPORT, CA US","SOD  ","KSNA ","V020","999,9,9,9999,9","99999,9,9,9","999999,9,9,9","+9999,9","+9999,9","99999,9","24,0000,9,6",,,,,,,,,,,,,,,,"0000,5","000,5","240,M,+0244,5","240,N,+0056,5",,,,,,,"10176,9,99999,4",,,"1,24,00626,240,1522,5","2,24,00536,220,1526,5","3,24,00161,999,9999,5","SOD60524 HR PRECIPITATION (IN): 0.00 TOTAL SUNSHINE (MINUTES):   0 PERCENT POSSIBLE SUNSHINE:  0 24 HR MAX TEMP (F): 7624 HR MAX TEMP TIME (LST):1326 24 HR MIN TEMP (F): 4224 HR MIN TEMP TIME (LST):0625 AVERAGE STATION PRESSURE:30.05  PEAK WIND SPEED (MPH): 14 PEAK WIND DIR (DEG):240 PEAK WIND TIME (LST):1522  FASTEST 2MIN SPEED (MPH): 12FASTEST 2MIN DIR (DEG):220 FASTEST 2MIN TIME (LST):1526 AVERAGE WIND SPEED (MPH): 3.6 24 HR AVG TEMP (F):59 HOURLY INCREMENTAL PRECIPITATION VALUES (IN):.00  .00  .00  .00  .00  .00  .00  .00  .00  .00  .00  .00  .00  .00  .00  .00  .00  .00  .00  .00  .00  .00  .00  .00","R01  0.007AAP092"
"72297793184","2002-03-06T07:59:00","6","33.68","-117.86639","16.5","SANTA ANA JOHN WAYNE AIRPORT, CA US","SOD  ","KSNA ","V020","999,9,9,9999,9","99999,9,9,9","999999,9,9,9","+9999,9","+9999,9","99999,9","24,0000,9,6",,,,,,,,,,,,,,,,"0000,5","000,5","240,M,+0189,5","240,N,+0094,5",,,,,,,"10166,9,99999,4",,,"1,24,00715,210,1430,5","2,24,00626,210,1431,5","3,24,00241,999,9999,5","SOD60524 HR PRECIPITATION (IN): 0.00 TOTAL SUNSHINE (MINUTES):   0 PERCENT POSSIBLE SUNSHINE:  0 24 HR MAX TEMP (F): 6624 HR MAX TEMP TIME (LST):1329 24 HR MIN TEMP (F): 4924 HR MIN TEMP TIME (LST):0617 AVERAGE STATION PRESSURE:30.02  PEAK WIND SPEED (MPH): 16 PEAK WIND DIR (DEG):210 PEAK WIND TIME (LST):1430  FASTEST 2MIN SPEED (MPH): 14FASTEST 2MIN DIR (DEG):210 FASTEST 2MIN TIME (LST):1431 AVERAGE WIND SPEED (MPH): 5.4 24 HR AVG TEMP (F):58 HOURLY INCREMENTAL PRECIPITATION VALUES (IN):.00  .00  .00  .00  .00  .00  .00  .00  .00  .00  .00  .00  .00  .00  .00  .00  .00  .00  .00  .00  .00  .00  .00  .00","R01  0.007AAP092"
"72297793184","2002-03-07T07:59:00","6","33.68","-117.86639","16.5","SANTA ANA JOHN WAYNE AIRPORT, CA US","SOD  ","KSNA ","V020","999,9,9,9999,9","99999,9,9,9","999999,9,9,9","+9999,9","+9999,9","99999,9","24,0013,9,5",,,,,,,,,,,,,,,,"0000,5","000,5","240,M,+0172,5","240,N,+0100,5",,,,,,,"10152,9,99999,4",,,"1,24,00760,220,1345,5","2,24,00671,210,1333,5","3,24,00228,999,9999,5","SOD60524 HR PRECIPITATION (IN): 0.05 TOTAL SUNSHINE (MINUTES):   0 PERCENT POSSIBLE SUNSHINE:  0 24 HR MAX TEMP (F): 6324 HR MAX TEMP TIME (LST):1236 24 HR MIN TEMP (F): 5024 HR MIN TEMP TIME (LST):0451 AVERAGE STATION PRESSURE:29.98  PEAK WIND SPEED (MPH): 17 PEAK WIND DIR (DEG):220 PEAK WIND TIME (LST):1345  FASTEST 2MIN SPEED (MPH): 15FASTEST 2MIN DIR (DEG):210 FASTEST 2MIN TIME (LST):1333 AVERAGE WIND SPEED (MPH): 5.1 24 HR AVG TEMP (F):57 HOURLY INCREMENTAL PRECIPITATION VALUES (IN):.00  .00  .00  .00  .00  .00  .00  .00  .00  .00  .00  .00  .00  .00  .00   T    T    T    T    T   .00  .02  .02  .01",
"72297793184","2002-03-08T07:59:00","6","33.68","-117.86639","16.5","SANTA ANA JOHN WAYNE AIRPORT, CA US","SOD  ","KSNA ","V020","999,9,9,9999,9","99999,9,9,9","999999,9,9,9","+9999,9","+9999,9","99999,9","24,0081,9,5",,,,,,,,,,,,,,,,"0000,5","000,5","240,M,+0172,5","240,N,+0128,5",,,,,,,"10119,9,99999,4",,,"1,24,00983,300,1639,5","2,24,00715,270,1648,5","3,24,00282,999,9999,5","SOD60524 HR PRECIPITATION (IN): 0.32 TOTAL SUNSHINE (MINUTES):   0 PERCENT POSSIBLE SUNSHINE:  0 24 HR MAX TEMP (F): 6324 HR MAX TEMP TIME (LST):1510 24 HR MIN TEMP (F): 5524 HR MIN TEMP TIME (LST):0310 AVERAGE STATION PRESSURE:29.88  PEAK WIND SPEED (MPH): 22 PEAK WIND DIR (DEG):300 PEAK WIND TIME (LST):1639  FASTEST 2MIN SPEED (MPH): 16FASTEST 2MIN DIR (DEG):270 FASTEST 2MIN TIME (LST):1648 AVERAGE WIND SPEED (MPH): 6.3 24 HR AVG TEMP (F):59 HOURLY INCREMENTAL PRECIPITATION VALUES (IN):.01  .01  .02   T   .00  .01  .02  .13   T   .00  .03  .08  .00  .00  .00  .00  .00  .00  .00  .00  .00  .00  .01  .00",
"72297793184","2002-03-09T07:59:00","6","33.68","-117.86639","16.5","SANTA ANA JOHN WAYNE AIRPORT, CA US","SOD  ","KSNA ","V020","999,9,9,9999,9","99999,9,9,9","999999,9,9,9","+9999,9","+9999,9","99999,9","24,0000,9,6",,,,,,,,,,,,,,,,"0000,5","000,5","240,M,+0161,5","240,N,+0100,5",,,,,,,"10152,9,99999,4",,,"1,24,00805,220,1432,5","2,24,00715,210,1318,5","3,24,00291,999,9999,5","SOD60524 HR PRECIPITATION (IN): 0.00 TOTAL SUNSHINE (MINUTES):   0 PERCENT POSSIBLE SUNSHINE:  0 24 HR MAX TEMP (F): 6124 HR MAX TEMP TIME (LST):1456 24 HR MIN TEMP (F): 5024 HR MIN TEMP TIME (LST):2359 AVERAGE STATION PRESSURE:29.98  PEAK WIND SPEED (MPH): 18 PEAK WIND DIR (DEG):220 PEAK WIND TIME (LST):1432  FASTEST 2MIN SPEED (MPH): 16FASTEST 2MIN DIR (DEG):210 FASTEST 2MIN TIME (LST):1318 AVERAGE WIND SPEED (MPH): 6.5 24 HR AVG TEMP (F):56 HOURLY INCREMENTAL PRECIPITATION VALUES (IN):.00  .00  .00  .00  .00  .00  .00  .00  .00  .00  .00  .00  .00  .00  .00  .00  .00  .00  .00  .00  .00  .00  .00  .00","R01  0.007AAP092"
"72297793184","2002-03-10T07:59:00","6","33.68","-117.86639","16.5","SANTA ANA JOHN WAYNE AIRPORT, CA US","SOD  ","KSNA ","V020","999,9,9,9999,9","99999,9,9,9","999999,9,9,9","+9999,9","+9999,9","99999,9","24,0000,9,6",,,,,,,,,,,,,,,,"0000,5","000,5","240,M,+0211,5","240,N,+0083,5",,,,,,,"10190,9,99999,4",,,"1,24,00581,260,1629,5","2,24,00447,220,1627,5","3,24,00134,999,9999,5","SOD60524 HR PRECIPITATION (IN): 0.00 TOTAL SUNSHINE (MINUTES):   0 PERCENT POSSIBLE SUNSHINE:  0 24 HR MAX TEMP (F): 7024 HR MAX TEMP TIME (LST):1530 24 HR MIN TEMP (F): 4724 HR MIN TEMP TIME (LST):0639 AVERAGE STATION PRESSURE:30.09  PEAK WIND SPEED (MPH): 13 PEAK WIND DIR (DEG):260 PEAK WIND TIME (LST):1629  FASTEST 2MIN SPEED (MPH): 10FASTEST 2MIN DIR (DEG):220 FASTEST 2MIN TIME (LST):1627 AVERAGE WIND SPEED (MPH): 3.0 24 HR AVG TEMP (F):59 HOURLY INCREMENTAL PRECIPITATION VALUES (IN):.00  .00  .00  .00  .00  .00  .00  .00  .00  .00  .00  .00  .00  .00  .00  .00  .00  .00  .00  .00  .00  .00  .00  .00","R01  0.007AAP092"
"72297793184","2002-03-11T07:59:00","6","33.68","-117.86639","16.5","SANTA ANA JOHN WAYNE AIRPORT, CA US","SOD  ","KSNA ","V020","999,9,9,9999,9","99999,9,9,9","999999,9,9,9","+9999,9","+9999,9","99999,9","24,0000,9,6",,,,,,,,,,,,,,,,"0000,5","000,5","240,M,+0206,5","240,N,+0094,5",,,,,,,"10176,9,99999,4",,,"1,24,00671,230,1524,5","2,24,00581,220,1524,5","3,24,00192,999,9999,5","SOD60524 HR PRECIPITATION (IN): 0.00 TOTAL SUNSHINE (MINUTES):   0 PERCENT POSSIBLE SUNSHINE:  0 24 HR MAX TEMP (F): 6924 HR MAX TEMP TIME (LST):1335 24 HR MIN TEMP (F): 4924 HR MIN TEMP TIME (LST):0637 AVERAGE STATION PRESSURE:30.05  PEAK WIND SPEED (MPH): 15 PEAK WIND DIR (DEG):230 PEAK WIND TIME (LST):1524  FASTEST 2MIN SPEED (MPH): 13FASTEST 2MIN DIR (DEG):220 FASTEST 2MIN TIME (LST):1524 AVERAGE WIND SPEED (MPH): 4.3 24 HR AVG TEMP (F):59 HOURLY INCREMENTAL PRECIPITATION VALUES (IN):.00  .00  .00  .00  .00  .00  .00  .00  .00  .00  .00  .00  .00  .00  .00  .00  .00  .00  .00  .00  .00  .00  .00  .00","R01  0.007AAP092"
"72297793184","2002-03-12T07:59:00","6","33.68","-117.86639","16.5","SANTA ANA JOHN WAYNE AIRPORT, CA US","SOD  ","KSNA ","V020","999,9,9,9999,9","99999,9,9,9","999999,9,9,9","+9999,9","+9999,9","99999,9","24,0000,9,6",,,,,,,,,,,,,,,,"0000,5","000,5","240,M,+0206,5","240,N,+0106,5",,,,,,,"10169,9,99999,4",,,"1,24,00715,190,1225,5","2,24,00581,200,1301,5","3,24,00206,999,9999,5","SOD60524 HR PRECIPITATION (IN): 0.00 TOTAL SUNSHINE (MINUTES):   0 PERCENT POSSIBLE SUNSHINE:  0 24 HR MAX TEMP (F): 6924 HR MAX TEMP TIME (LST):1530 24 HR MIN TEMP (F): 5124 HR MIN TEMP TIME (LST):0459 AVERAGE STATION PRESSURE:30.03  PEAK WIND SPEED (MPH): 16 PEAK WIND DIR (DEG):190 PEAK WIND TIME (LST):1225  FASTEST 2MIN SPEED (MPH): 13FASTEST 2MIN DIR (DEG):200 FASTEST 2MIN TIME (LST):1301 AVERAGE WIND SPEED (MPH): 4.6 24 HR AVG TEMP (F):60 HOURLY INCREMENTAL PRECIPITATION VALUES (IN):.00  .00  .00  .00  .00  .00  .00  .00  .00  .00  .00  .00  .00  .00  .00  .00  .00  .00  .00  .00  .00  .00  .00  .00","R01  0.007AAP092"
"72297793184","2002-03-13T07:59:00","6","33.68","-117.86639","16.5","SANTA ANA JOHN WAYNE AIRPORT, CA US","SOD  ","KSNA ","V020","999,9,9,9999,9","99999,9,9,9","999999,9,9,9","+9999,9","+9999,9","99999,9","24,0000,9,6",,,,,,,,,,,,,,,,"0000,5","000,5","240,M,+0200,5","240,N,+0117,5",,,,,,,"10142,9,99999,4",,,"1,24,00805,210,1546,5","2,24,00715,210,1338,5","3,24,00206,999,9999,5","SOD60524 HR PRECIPITATION (IN): 0.00 TOTAL SUNSHINE (MINUTES):   0 PERCENT POSSIBLE SUNSHINE:  0 24 HR MAX TEMP (F): 6824 HR MAX TEMP TIME (LST):1305 24 HR MIN TEMP (F): 5324 HR MIN TEMP TIME (LST):0309 AVERAGE STATION PRESSURE:29.95  PEAK WIND SPEED (MPH): 18 PEAK WIND DIR (DEG):210 PEAK WIND TIME (LST):1546  FASTEST 2MIN SPEED (MPH): 16FASTEST 2MIN DIR (DEG):210 FASTEST 2MIN TIME (LST):1338 AVERAGE WIND SPEED (MPH): 4.6 24 HR AVG TEMP (F):61 HOURLY INCREMENTAL PRECIPITATION VALUES (IN):.00  .00  .00  .00  .00  .00  .00  .00  .00  .00  .00  .00  .00  .00  .00  .00  .00  .00  .00  .00  .00  .00  .00  .00","R01  0.007AAP092"
"72297793184","2002-03-14T07:59:00","6","33.68","-117.86639","16.5","SANTA ANA JOHN WAYNE AIRPORT, CA US","SOD  ","KSNA ","V020","999,9,9,9999,9","99999,9,9,9","999999,9,9,9","+9999,9","+9999,9","99999,9","24,0000,9,6",,,,,,,,,,,,,,,,"0000,5","000,5","240,M,+0194,5","240,N,+0133,5",,,,,,,"10122,9,99999,4",,,"1,24,01162,310,1621,5","2,24,00805,320,1646,5","3,24,00362,999,9999,5","SOD60524 HR PRECIPITATION (IN): 0.00 TOTAL SUNSHINE (MINUTES):   0 PERCENT POSSIBLE SUNSHINE:  0 24 HR MAX TEMP (F): 6724 HR MAX TEMP TIME (LST):1621 24 HR MIN TEMP (F): 5624 HR MIN TEMP TIME (LST):2359 AVERAGE STATION PRESSURE:29.89  PEAK WIND SPEED (MPH): 26 PEAK WIND DIR (DEG):310 PEAK WIND TIME (LST):1621  FASTEST 2MIN SPEED (MPH): 18FASTEST 2MIN DIR (DEG):320 FASTEST 2MIN TIME (LST):1646 AVERAGE WIND SPEED (MPH): 8.1 24 HR AVG TEMP (F):62 HOURLY INCREMENTAL PRECIPITATION VALUES (IN):.00  .00  .00  .00  .00  .00  .00  .00  .00  .00  .00  .00  .00  .00  .00  .00  .00  .00  .00  .00  .00  .00  .00  .00","R01  0.007AAP092"
"72297793184","2002-03-15T07:59:00","6","33.68","-117.86639","16.5","SANTA ANA JOHN WAYNE AIRPORT, CA US","SOD  ","KSNA ","V020","999,9,9,9999,9","99999,9,9,9","999999,9,9,9","+9999,9","+9999,9","99999,9","24,0000,9,6",,,,,,,,,,,,,,,,"0000,5","000,5","240,M,+0172,5","240,N,+0072,5",,,,,,,"10119,9,99999,4",,,"1,24,01118,270,1452,5","2,24,00939,270,1410,5","3,24,00255,999,9999,5","SOD60524 HR PRECIPITATION (IN): 0.00 TOTAL SUNSHINE (MINUTES):   0 PERCENT POSSIBLE SUNSHINE:  0 24 HR MAX TEMP (F): 6324 HR MAX TEMP TIME (LST):1713 24 HR MIN TEMP (F): 4524 HR MIN TEMP TIME (LST):0645 AVERAGE STATION PRESSURE:29.88  PEAK WIND SPEED (MPH): 25 PEAK WIND DIR (DEG):270 PEAK WIND TIME (LST):1452  FASTEST 2MIN SPEED (MPH): 21FASTEST 2MIN DIR (DEG):270 FASTEST 2MIN TIME (LST):1410 AVERAGE WIND SPEED (MPH): 5.7 24 HR AVG TEMP (F):54 HOURLY INCREMENTAL PRECIPITATION VALUES (IN):.00  .00  .00  .00  .00  .00  .00  .00  .00  .00  .00  .00  .00  .00  .00  .00  .00  .00  .00  .00  .00  .00  .00  .00","R01  0.007AAP092"
"72297793184","2002-03-16T07:59:00","6","33.68","-117.86639","16.5","SANTA ANA JOHN WAYNE AIRPORT, CA US","SOD  ","KSNA ","V020","999,9,9,9999,9","99999,9,9,9","999999,9,9,9","+9999,9","+9999,9","99999,9","24,0000,9,6",,,,,,,,,,,,,,,,"0000,5","000,5","240,M,+0172,5","240,N,+0061,5",,,,,,,"10129,9,99999,4",,,"1,24,00894,250,1752,5","2,24,00715,220,1645,5","3,24,00308,999,9999,5","SOD60524 HR PRECIPITATION (IN): 0.00 TOTAL SUNSHINE (MINUTES):   0 PERCENT POSSIBLE SUNSHINE:  0 24 HR MAX TEMP (F): 6324 HR MAX TEMP TIME (LST):1408 24 HR MIN TEMP (F): 4324 HR MIN TEMP TIME (LST):0550 AVERAGE STATION PRESSURE:29.91  PEAK WIND SPEED (MPH): 20 PEAK WIND DIR (DEG):250 PEAK WIND TIME (LST):1752  FASTEST 2MIN SPEED (MPH): 16FASTEST 2MIN DIR (DEG):220 FASTEST 2MIN TIME (LST):1645 AVERAGE WIND SPEED (MPH): 6.9 24 HR AVG TEMP (F):53 HOURLY INCREMENTAL PRECIPITATION VALUES (IN):.00  .00  .00  .00  .00  .00  .00  .00  .00  .00  .00  .00  .00  .00  .00  .00  .00  .00  .00  .00  .00  .00  .00  .00","R01  0.007AAP092"
"72297793184","2002-03-17T07:59:00","6","33.68","-117.86639","16.5","SANTA ANA JOHN WAYNE AIRPORT, CA US","SOD  ","KSNA ","V020","999,9,9,9999,9","99999,9,9,9","999999,9,9,9","+9999,9","+9999,9","99999,9","24,0000,9,6",,,,,,,,,,,,,,,,"0000,5","000,5","240,M,+0144,5","240,N,+0083,5",,,,,,,"10156,9,99999,4",,,"1,24,01252,270,1327,5","2,24,00939,260,1252,5","3,24,00380,999,9999,5","SOD60524 HR PRECIPITATION (IN): 0.00 TOTAL SUNSHINE (MINUTES):   0 PERCENT POSSIBLE SUNSHINE:  0 24 HR MAX TEMP (F): 5824 HR MAX TEMP TIME (LST):1423 24 HR MIN TEMP (F): 4724 HR MIN TEMP TIME (LST):0443 AVERAGE STATION PRESSURE:29.99  PEAK WIND SPEED (MPH): 28 PEAK WIND DIR (DEG):270 PEAK WIND TIME (LST):1327  FASTEST 2MIN SPEED (MPH): 21FASTEST 2MIN DIR (DEG):260 FASTEST 2MIN TIME (LST):1252 AVERAGE WIND SPEED (MPH): 8.5 24 HR AVG TEMP (F):53 HOURLY INCREMENTAL PRECIPITATION VALUES (IN):.00  .00  .00  .00  .00  .00  .00  .00  .00  .00  .00  .00  .00  .00  .00  .00  .00  .00  .00  .00  .00  .00  .00  .00","R01  0.007AAP092"
"72297793184","2002-03-18T07:59:00","6","33.68","-117.86639","16.5","SANTA ANA JOHN WAYNE AIRPORT, CA US","SOD  ","KSNA ","V020","999,9,9,9999,9","99999,9,9,9","999999,9,9,9","+9999,9","+9999,9","99999,9","24,0056,9,5",,,,,,,,,,,,,,,,"0000,5","000,5","240,M,+0144,5","240,N,+0072,5",,,,,,,"10142,9,99999,4",,,"1,24,01162,270,2037,5","2,24,00894,270,2037,5","3,24,00308,999,9999,5","SOD58324 HR PRECIPITATION (IN): 0.22 TOTAL SUNSHINE (MINUTES):   0 PERCENT POSSIBLE SUNSHINE:  0 24 HR MAX TEMP (F): 5824 HR MAX TEMP TIME (LST):1204 24 HR MIN TEMP (F): 4524 HR MIN TEMP TIME (LST):0625 AVERAGE STATION PRESSURE:29.95  PEAK WIND SPEED (MPH): 26 PEAK WIND DIR (DEG):270 PEAK WIND TIME (LST):2037  FASTEST 2MIN SPEED (MPH): 20FASTEST 2MIN DIR (DEG):270 FASTEST 2MIN TIME (LST):2037 AVERAGE WIND SPEED (MPH): 6.9 HOURLY INCREMENTAL PRECIPITATION VALUES (IN):.00  .00  .00  .00  .00  .00  .00  .00  .00  .00  .00  .00  .00  .00  .00  .00  .00  .00   T   .02  .18  .02  .00  .00",
"72297793184","2002-03-19T07:59:00","6","33.68","-117.86639","16.5","SANTA ANA JOHN WAYNE AIRPORT, CA US","SOD  ","KSNA ","V020","999,9,9,9999,9","99999,9,9,9","999999,9,9,9","+9999,9","+9999,9","99999,9","24,0000,9,6",,,,,,,,,,,,,,,,"0000,5","000,5","240,M,+0172,5","240,N,+0067,5",,,,,,,"10129,9,99999,4",,,"1,24,00939,280,1315,5","2,24,00760,220,1402,5","3,24,00237,999,9999,5","SOD60524 HR PRECIPITATION (IN): 0.00 TOTAL SUNSHINE (MINUTES):   0 PERCENT POSSIBLE SUNSHINE:  0 24 HR MAX TEMP (F): 6324 HR MAX TEMP TIME (LST):1403 24 HR MIN TEMP (F): 4424 HR MIN TEMP TIME (LST):0604 AVERAGE STATION PRESSURE:29.91  PEAK WIND SPEED (MPH): 21 PEAK WIND DIR (DEG):280 PEAK WIND TIME (LST):1315  FASTEST 2MIN SPEED (MPH): 17FASTEST 2MIN DIR (DEG):220 FASTEST 2MIN TIME (LST):1402 AVERAGE WIND SPEED (MPH): 5.3 24 HR AVG TEMP (F):54 HOURLY INCREMENTAL PRECIPITATION VALUES (IN):.00  .00  .00  .00  .00  .00  .00  .00  .00  .00  .00  .00  .00  .00  .00  .00  .00  .00  .00  .00  .00  .00  .00  .00","R01  0.007AAP092"
"72297793184","2002-03-20T07:59:00","6","33.68","-117.86639","16.5","SANTA ANA JOHN WAYNE AIRPORT, CA US","SOD  ","KSNA ","V020","999,9,9,9999,9","99999,9,9,9","999999,9,9,9","+9999,9","+9999,9","99999,9","24,0000,2,5",,,,,,,,,,,,,,,,"0000,5","000,5","240,M,+0194,5","240,N,+0067,5",,,,,,,"10193,9,99999,4",,,"1,24,00671,210,1218,5","2,24,00581,200,1403,5","3,24,00188,999,9999,5","SOD60524 HR PRECIPITATION (IN):  T   TOTAL SUNSHINE (MINUTES):   0 PERCENT POSSIBLE SUNSHINE:  0 24 HR MAX TEMP (F): 6724 HR MAX TEMP TIME (LST):1430 24 HR MIN TEMP (F): 4424 HR MIN TEMP TIME (LST):0402 AVERAGE STATION PRESSURE:30.10  PEAK WIND SPEED (MPH): 15 PEAK WIND DIR (DEG):210 PEAK WIND TIME (LST):1218  FASTEST 2MIN SPEED (MPH): 13FASTEST 2MIN DIR (DEG):200 FASTEST 2MIN TIME (LST):1403 AVERAGE WIND SPEED (MPH): 4.2 24 HR AVG TEMP (F):56 HOURLY INCREMENTAL PRECIPITATION VALUES (IN):.00  .00  .00  .00  .00  .00  .00  .00  .00  .00  .00  .00  .00  .00  .00  .00  .00  .00   T   .00  .00  .00  .00  .00",
"72297793184","2002-03-21T07:59:00","6","33.68","-117.86639","16.5","SANTA ANA JOHN WAYNE AIRPORT, CA US","SOD  ","KSNA ","V020","999,9,9,9999,9","99999,9,9,9","999999,9,9,9","+9999,9","+9999,9","99999,9","24,0000,9,6",,,,,,,,,,,,,,,,"0000,5","000,5","240,M,+0228,5","240,N,+0078,5",,,,,,,"10149,9,99999,4",,,"1,24,00581,220,1547,5","2,24,00447,220,1522,5","3,24,00170,999,9999,5","SOD60524 HR PRECIPITATION (IN): 0.00 TOTAL SUNSHINE (MINUTES):   0 PERCENT POSSIBLE SUNSHINE:  0 24 HR MAX TEMP (F): 7324 HR MAX TEMP TIME (LST):1518 24 HR MIN TEMP (F): 4624 HR MIN TEMP TIME (LST):0622 AVERAGE STATION PRESSURE:29.97  PEAK WIND SPEED (MPH): 13 PEAK WIND DIR (DEG):220 PEAK WIND TIME (LST):1547  FASTEST 2MIN SPEED (MPH): 10FASTEST 2MIN DIR (DEG):220 FASTEST 2MIN TIME (LST):1522 AVERAGE WIND SPEED (MPH): 3.8 24 HR AVG TEMP (F):60 HOURLY INCREMENTAL PRECIPITATION VALUES (IN):.00  .00  .00  .00  .00  .00  .00  .00  .00  .00  .00  .00  .00  .00  .00  .00  .00  .00  .00  .00  .00  .00  .00  .00","R01  0.007AAP092"
"72297793184","2002-03-22T07:59:00","6","33.68","-117.86639","16.5","SANTA ANA JOHN WAYNE AIRPORT, CA US","SOD  ","KSNA ","V020","999,9,9,9999,9","99999,9,9,9","999999,9,9,9","+9999,9","+9999,9","99999,9","24,0000,9,6",,,,,,,,,,,,,,,,"0000,5","000,5","240,M,+0239,5","240,N,+0100,5",,,,,,,"10125,9,99999,4",,,"1,24,00671,220,1333,5","2,24,00581,260,1325,5","3,24,00165,999,9999,5","SOD58324 HR PRECIPITATION (IN): 0.00 TOTAL SUNSHINE (MINUTES):   0 PERCENT POSSIBLE SUNSHINE:  0 24 HR MAX TEMP (F): 7524 HR MAX TEMP TIME (LST):1223 24 HR MIN TEMP (F): 5024 HR MIN TEMP TIME (LST):0425 AVERAGE STATION PRESSURE:29.90  PEAK WIND SPEED (MPH): 15 PEAK WIND DIR (DEG):220 PEAK WIND TIME (LST):1333  FASTEST 2MIN SPEED (MPH): 13FASTEST 2MIN DIR (DEG):260 FASTEST 2MIN TIME (LST):1325 AVERAGE WIND SPEED (MPH): 3.7 HOURLY INCREMENTAL PRECIPITATION VALUES (IN):.00  .00  .00  .00  .00  .00  .00  .00  .00  .00  .00  .00  .00  .00  .00  .00  .00  .00  .00  .00  .00  .00  .00  .00","R01  0.007AAP092"
"72297793184","2002-03-23T07:59:00","6","33.68","-117.86639","16.5","SANTA ANA JOHN WAYNE AIRPORT, CA US","SOD  ","KSNA ","V020","999,9,9,9999,9","99999,9,9,9","999999,9,9,9","+9999,9","+9999,9","99999,9","24,0000,9,6",,,,,,,,,,,,,,,,"0000,5","000,5","240,M,+0200,5","240,N,+0094,5",,,,,,,"10139,9,99999,4",,,"1,24,00894,220,1408,5","2,24,00626,250,1525,5","3,24,00224,999,9999,5","SOD60524 HR PRECIPITATION (IN): 0.00 TOTAL SUNSHINE (MINUTES):   0 PERCENT POSSIBLE SUNSHINE:  0 24 HR MAX TEMP (F): 6824 HR MAX TEMP TIME (LST):1320 24 HR MIN TEMP (F): 4924 HR MIN TEMP TIME (LST):0605 AVERAGE STATION PRESSURE:29.94  PEAK WIND SPEED (MPH): 20 PEAK WIND DIR (DEG):220 PEAK WIND TIME (LST):1408  FASTEST 2MIN SPEED (MPH): 14FASTEST 2MIN DIR (DEG):250 FASTEST 2MIN TIME (LST):1525 AVERAGE WIND SPEED (MPH): 5.0 24 HR AVG TEMP (F):59 HOURLY INCREMENTAL PRECIPITATION VALUES (IN):.00  .00  .00  .00  .00  .00  .00  .00  .00  .00  .00  .00  .00  .00  .00  .00  .00  .00  .00  .00  .00  .00  .00  .00","R01  0.007AAP092"
"72297793184","2002-03-24T07:59:00","6","33.68","-117.86639","16.5","SANTA ANA JOHN WAYNE AIRPORT, CA US","SOD  ","KSNA ","V020","999,9,9,9999,9","99999,9,9,9","999999,9,9,9","+9999,9","+9999,9","99999,9","24,0023,9,5",,,,,,,,,,,,,,,,"0000,5","000,5","240,M,+0178,5","240,N,+0122,5",,,,,,,"10135,9,99999,4",,,"1,24,00939,220,1457,5","2,24,00760,220,1457,5","3,24,00308,999,9999,5","SOD60524 HR PRECIPITATION (IN): 0.09 TOTAL SUNSHINE (MINUTES):   0 PERCENT POSSIBLE SUNSHINE:  0 24 HR MAX TEMP (F): 6424 HR MAX TEMP TIME (LST):1400 24 HR MIN TEMP (F): 5424 HR MIN TEMP TIME (LST):0627 AVERAGE STATION PRESSURE:29.93  PEAK WIND SPEED (MPH): 21 PEAK WIND DIR (DEG):220 PEAK WIND TIME (LST):1457  FASTEST 2MIN SPEED (MPH): 17FASTEST 2MIN DIR (DEG):220 FASTEST 2MIN TIME (LST):1457 AVERAGE WIND SPEED (MPH): 6.9 24 HR AVG TEMP (F):59 HOURLY INCREMENTAL PRECIPITATION VALUES (IN):.00  .01  .06   T   .02  .00  .00  .00  .00  .00  .00  .00  .00  .00  .00  .00  .00  .00  .00  .00  .00  .00  .00  .00",
"72297793184","2002-03-25T07:59:00","6","33.68","-117.86639","16.5","SANTA ANA JOHN WAYNE AIRPORT, CA US","SOD  ","KSNA ","V020","999,9,9,9999,9","99999,9,9,9","999999,9,9,9","+9999,9","+9999,9","99999,9","24,0000,2,5",,,,,,,,,,,,,,,,"0000,5","000,5","240,M,+0161,5","240,N,+0106,5",,,,,,,"10125,9,99999,4",,,"1,24,00894,210,1554,5","2,24,00715,200,1505,5","3,24,00331,999,9999,5","SOD60524 HR PRECIPITATION (IN):  T   TOTAL SUNSHINE (MINUTES):   0 PERCENT POSSIBLE SUNSHINE:  0 24 HR MAX TEMP (F): 6124 HR MAX TEMP TIME (LST):1536 24 HR MIN TEMP (F): 5124 HR MIN TEMP TIME (LST):0500 AVERAGE STATION PRESSURE:29.90  PEAK WIND SPEED (MPH): 20 PEAK WIND DIR (DEG):210 PEAK WIND TIME (LST):1554  FASTEST 2MIN SPEED (MPH): 16FASTEST 2MIN DIR (DEG):200 FASTEST 2MIN TIME (LST):1505 AVERAGE WIND SPEED (MPH): 7.4 24 HR AVG TEMP (F):56 HOURLY INCREMENTAL PRECIPITATION VALUES (IN): T    T   .00  .00  .00  .00  .00  .00  .00  .00  .00  .00  .00  .00  .00  .00  .00  .00  .00  .00  .00  .00  .00  .00",
"72297793184","2002-03-26T07:59:00","6","33.68","-117.86639","16.5","SANTA ANA JOHN WAYNE AIRPORT, CA US","SOD  ","KSNA ","V020","999,9,9,9999,9","99999,9,9,9","999999,9,9,9","+9999,9","+9999,9","99999,9","24,0000,9,6",,,,,,,,,,,,,,,,"0000,5","000,5","240,M,+0183,5","240,N,+0089,5",,,,,,,"10135,9,99999,4",,,"1,24,00805,220,1304,5","2,24,00581,200,1219,5","3,24,00206,999,9999,5","SOD60524 HR PRECIPITATION (IN): 0.00 TOTAL SUNSHINE (MINUTES):   0 PERCENT POSSIBLE SUNSHINE:  0 24 HR MAX TEMP (F): 6524 HR MAX TEMP TIME (LST):1458 24 HR MIN TEMP (F): 4824 HR MIN TEMP TIME (LST):0622 AVERAGE STATION PRESSURE:29.93  PEAK WIND SPEED (MPH): 18 PEAK WIND DIR (DEG):220 PEAK WIND TIME (LST):1304  FASTEST 2MIN SPEED (MPH): 13FASTEST 2MIN DIR (DEG):200 FASTEST 2MIN TIME (LST):1219 AVERAGE WIND SPEED (MPH): 4.6 24 HR AVG TEMP (F):57 HOURLY INCREMENTAL PRECIPITATION VALUES (IN):.00  .00  .00  .00  .00  .00  .00  .00  .00  .00  .00  .00  .00  .00  .00  .00  .00  .00  .00  .00  .00  .00  .00  .00","R01  0.007AAP092"
"72297793184","2002-03-27T07:59:00","6","33.68","-117.86639","16.5","SANTA ANA JOHN WAYNE AIRPORT, CA US","SOD  ","KSNA ","V020","999,9,9,9999,9","99999,9,9,9","999999,9,9,9","+9999,9","+9999,9","99999,9","24,0000,9,6",,,,,,,,,,,,,,,,"0000,5","000,5","240,M,+0200,5","240,N,+0100,5",,,,,,,"10122,9,99999,4",,,"1,24,00715,220,1345,5","2,24,00581,220,1346,5","3,24,00197,999,9999,5","SOD60524 HR PRECIPITATION (IN): 0.00 TOTAL SUNSHINE (MINUTES):   0 PERCENT POSSIBLE SUNSHINE:  0 24 HR MAX TEMP (F): 6824 HR MAX TEMP TIME (LST):1337 24 HR MIN TEMP (F): 5024 HR MIN TEMP TIME (LST):0618 AVERAGE STATION PRESSURE:29.89  PEAK WIND SPEED (MPH): 16 PEAK WIND DIR (DEG):220 PEAK WIND TIME (LST):1345  FASTEST 2MIN SPEED (MPH): 13FASTEST 2MIN DIR (DEG):220 FASTEST 2MIN TIME (LST):1346 AVERAGE WIND SPEED (MPH): 4.4 24 HR AVG TEMP (F):59 HOURLY INCREMENTAL PRECIPITATION VALUES (IN):.00  .00  .00  .00  .00  .00  .00  .00  .00  .00  .00  .00  .00  .00  .00  .00  .00  .00  .00  .00  .00  .00  .00  .00","R01  0.007AAP092"
"72297793184","2002-03-28T07:59:00","6","33.68","-117.86639","16.5","SANTA ANA JOHN WAYNE AIRPORT, CA US","SOD  ","KSNA ","V020","999,9,9,9999,9","99999,9,9,9","999999,9,9,9","+9999,9","+9999,9","99999,9","24,0000,9,6",,,,,,,,,,,,,,,,"0000,5","000,5","240,M,+0161,5","240,N,+0111,5",,,,,,,"10129,9,99999,4",,,"1,24,00671,200,1506,5","2,24,00536,210,1544,5","3,24,00291,999,9999,5","SOD60524 HR PRECIPITATION (IN): 0.00 TOTAL SUNSHINE (MINUTES):   0 PERCENT POSSIBLE SUNSHINE:  0 24 HR MAX TEMP (F): 6124 HR MAX TEMP TIME (LST):1521 24 HR MIN TEMP (F): 5224 HR MIN TEMP TIME (LST):0300 AVERAGE STATION PRESSURE:29.91  PEAK WIND SPEED (MPH): 15 PEAK WIND DIR (DEG):200 PEAK WIND TIME (LST):1506  FASTEST 2MIN SPEED (MPH): 12FASTEST 2MIN DIR (DEG):210 FASTEST 2MIN TIME (LST):1544 AVERAGE WIND SPEED (MPH): 6.5 24 HR AVG TEMP (F):57 HOURLY INCREMENTAL PRECIPITATION VALUES (IN):.00  .00  .00  .00  .00  .00  .00  .00  .00  .00  .00  .00  .00  .00  .00  .00  .00  .00  .00  .00  .00  .00  .00  .00","R01  0.007AAP092"
"72297793184","2002-03-29T07:59:00","6","33.68","-117.86639","16.5","SANTA ANA JOHN WAYNE AIRPORT, CA US","SOD  ","KSNA ","V020","999,9,9,9999,9","99999,9,9,9","999999,9,9,9","+9999,9","+9999,9","99999,9","24,0000,9,6",,,,,,,,,,,,,,,,"0000,5","000,5","240,M,+0167,5","240,N,+0128,5",,,,,,,"10125,9,99999,4",,,"1,24,00760,180,1243,5","2,24,00581,200,1557,5","3,24,00237,999,9999,5","SOD60524 HR PRECIPITATION (IN): 0.00 TOTAL SUNSHINE (MINUTES):   0 PERCENT POSSIBLE SUNSHINE:  0 24 HR MAX TEMP (F): 6224 HR MAX TEMP TIME (LST):1305 24 HR MIN TEMP (F): 5524 HR MIN TEMP TIME (LST):2359 AVERAGE STATION PRESSURE:29.90  PEAK WIND SPEED (MPH): 17 PEAK WIND DIR (DEG):180 PEAK WIND TIME (LST):1243  FASTEST 2MIN SPEED (MPH): 13FASTEST 2MIN DIR (DEG):200 FASTEST 2MIN TIME (LST):1557 AVERAGE WIND SPEED (MPH): 5.3 24 HR AVG TEMP (F):59 HOURLY INCREMENTAL PRECIPITATION VALUES (IN):.00  .00  .00  .00  .00  .00  .00  .00  .00  .00  .00  .00  .00  .00  .00  .00  .00  .00  .00  .00  .00  .00  .00  .00","R01  0.007AAP092"
"72297793184","2002-03-30T07:59:00","6","33.68","-117.86639","16.5","SANTA ANA JOHN WAYNE AIRPORT, CA US","SOD  ","KSNA ","V020","999,9,9,9999,9","99999,9,9,9","999999,9,9,9","+9999,9","+9999,9","99999,9","24,0000,2,5",,,,,,,,,,,,,,,,"0000,5","000,5","240,M,+0161,5","240,N,+0111,5",,,,,,,"10152,9,99999,4",,,"1,24,00626,200,1403,5","2,24,00447,210,1509,5","3,24,00156,999,9999,5","SOD60524 HR PRECIPITATION (IN):  T   TOTAL SUNSHINE (MINUTES):   0 PERCENT POSSIBLE SUNSHINE:  0 24 HR MAX TEMP (F): 6124 HR MAX TEMP TIME (LST):1623 24 HR MIN TEMP (F): 5224 HR MIN TEMP TIME (LST):0140 AVERAGE STATION PRESSURE:29.98  PEAK WIND SPEED (MPH): 14 PEAK WIND DIR (DEG):200 PEAK WIND TIME (LST):1403  FASTEST 2MIN SPEED (MPH): 10FASTEST 2MIN DIR (DEG):210 FASTEST 2MIN TIME (LST):1509 AVERAGE WIND SPEED (MPH): 3.5 24 HR AVG TEMP (F):57 HOURLY INCREMENTAL PRECIPITATION VALUES (IN):.00  .00  .00  .00  .00  .00  .00   T   .00  .00  .00  .00  .00  .00  .00  .00  .00  .00  .00  .00  .00  .00  .00  .00",
"72297793184","2002-03-31T07:59:00","6","33.68","-117.86639","16.5","SANTA ANA JOHN WAYNE AIRPORT, CA US","SOD  ","KSNA ","V020","999,9,9,9999,9","99999,9,9,9","999999,9,9,9","+9999,9","+9999,9","99999,9","24,0000,9,6",,,,,,,,,,,,,,,,"0000,5","000,5","240,M,+0178,5","240,N,+0122,5",,,,,,,"10146,9,99999,4",,,"1,24,00715,190,1212,5","2,24,00581,240,1520,5","3,24,00174,999,9999,5","SOD60524 HR PRECIPITATION (IN): 0.00 TOTAL SUNSHINE (MINUTES):   0 PERCENT POSSIBLE SUNSHINE:  0 24 HR MAX TEMP (F): 6424 HR MAX TEMP TIME (LST):1320 24 HR MIN TEMP (F): 5424 HR MIN TEMP TIME (LST):2120 AVERAGE STATION PRESSURE:29.96  PEAK WIND SPEED (MPH): 16 PEAK WIND DIR (DEG):190 PEAK WIND TIME (LST):1212  FASTEST 2MIN SPEED (MPH): 13FASTEST 2MIN DIR (DEG):240 FASTEST 2MIN TIME (LST):1520 AVERAGE WIND SPEED (MPH): 3.9 24 HR AVG TEMP (F):59 HOURLY INCREMENTAL PRECIPITATION VALUES (IN):.00  .00  .00  .00  .00  .00  .00  .00  .00  .00  .00  .00  .00  .00  .00  .00  .00  .00  .00  .00  .00  .00  .00  .00","R01  0.007AAP092"
"72297793184","2002-04-01T07:59:00","6","33.68","-117.86639","16.5","SANTA ANA JOHN WAYNE AIRPORT, CA US","SOD  ","KSNA ","V020","999,9,9,9999,9","99999,9,9,9","999999,9,9,9","+9999,9","+9999,9","99999,9","24,0000,9,6",,,,,,,,,,,,,,,,"0000,5","000,5","240,M,+0183,5","240,N,+0117,5",,,,,,,"10115,9,99999,4",,,"1,24,00671,190,1145,5","2,24,00581,200,1146,5","3,24,00179,999,9999,5","SOD60524 HR PRECIPITATION (IN): 0.00 TOTAL SUNSHINE (MINUTES):   0 PERCENT POSSIBLE SUNSHINE:  0 24 HR MAX TEMP (F): 6524 HR MAX TEMP TIME (LST):1306 24 HR MIN TEMP (F): 5324 HR MIN TEMP TIME (LST):0731 AVERAGE STATION PRESSURE:29.87  PEAK WIND SPEED (MPH): 15 PEAK WIND DIR (DEG):190 PEAK WIND TIME (LST):1145  FASTEST 2MIN SPEED (MPH): 13FASTEST 2MIN DIR (DEG):200 FASTEST 2MIN TIME (LST):1146 AVERAGE WIND SPEED (MPH): 4.0 24 HR AVG TEMP (F):59 HOURLY INCREMENTAL PRECIPITATION VALUES (IN):.00  .00  .00  .00  .00  .00  .00  .00  .00  .00  .00  .00  .00  .00  .00  .00  .00  .00  .00  .00  .00  .00  .00  .00","R01  0.007AAP092"
"72297793184","2002-04-01T07:59:00","6","33.68","-117.86639","16.5","SANTA ANA JOHN WAYNE AIRPORT, CA US","SOM  ","KSNA ","V020","999,9,9,9999,9","99999,9,9,9","999999,9,9,9","+9999,9","+9999,9","99999,9",,"00173,9,6","00091,9,0606,9999,9999,6","04,6,02,6,99,9,00,5","005,0013,9,172005,5","010,0020,9,070730,5","015,0025,9,070727,5","020,0028,9,070730,5","030,0033,9,172055,5","045,0041,9,172046,5","060,0048,9,172055,5","080,0053,9,172055,5","100,0053,9,172125,5","120,0056,9,172125,5","150,0056,9,172125,5","180,0056,9,172125,5",,,,,"744,N,+0967,5","744,M,+1889,5","744,A,+1428,5","744,H,0217,7","744,C,0000,5","00,5,00,5,00,5,00,5",,"10146,4,10179,4","10268,999999,5,10105,999999,5",,,,"SOM808PCP MTOT: 0.68 DEPNRM: 0.00 PCP GT 24HRS: 0.36 DATE(S): 61+ DAYS W/PCP >=.01: 4 DAYS W/PCP >=.10: 2 DAYS W/PCP >=1.00:  MSDP AMTS W/DATE-TIME TAGS:MIN:5  .05  17/2005 MIN:10  .08  07/0730 MIN:15  .10  07/0727 MIN:20  .11  07/0730 MIN:30  .13  17/2055 MIN:45  .16  17/2046 MIN:60  .19  17/2055 MIN:80  .21  17/2055 MIN:100  .21  17/2125 MIN:120  .22  17/2125 MIN:150  .22  17/2125 MIN:180  .22  17/2125 SN GT DP ON GRND:0 DATE(S):0  AVG DLY MIN: 49.4 AVG DLY MAX: 66.0 AVG MLY TMP: 57.7 DAYS MAX <=32:  DAYS MAX >=70: 0 DAYS MAX >=90: 0 DAYS MIN <=32: 0 DAYS MIN  <=0: 0 AVG STP:29.96  AVG SLP:30.06  LWST SLP:29.84 DATE/TIME: 10234 HGST SLP:30.32 DATE/TIME: 30924 HDD MTH TOT: 217 DEP NORM:-255 SEASON(JUL 1-JUN 30): 1187 DEP NORM:13113 CDD MTH TOT:   0 DEP NORM:-255 SEASON(JAN 1-DEC 31):   11 DEP NORM:1108","R01  0.687ABP070R02  0.367ADP081R03     47AE1100R04      7AE2103R05   2177KDH015"
"72297793184","2002-04-02T07:59:00","6","33.68","-117.86639","16.5","SANTA ANA JOHN WAYNE AIRPORT, CA US","SOD  ","KSNA ","V020","999,9,9,9999,9","99999,9,9,9","999999,9,9,9","+9999,9","+9999,9","99999,9","24,0000,9,5",,,,,,,,,,,,,,,,"0000,5","000,5","240,M,+0178,5","240,N,+0117,6",,,,,,,"10105,9,99999,4",,,"1,24,00805,230,1549,5","2,24,00536,200,1556,5","3,24,00197,999,9999,5","SOD60524 HR PRECIPITATION (IN): 0.00 TOTAL SUNSHINE (MINUTES):   0 PERCENT POSSIBLE SUNSHINE:  0 24 HR MAX TEMP (F): 6424 HR MAX TEMP TIME (LST):1307 24 HR MIN TEMP (F): 5324 HR MIN TEMP TIME (LST):0656 AVERAGE STATION PRESSURE:29.84  PEAK WIND SPEED (MPH): 18 PEAK WIND DIR (DEG):230 PEAK WIND TIME (LST):1549  FASTEST 2MIN SPEED (MPH): 12FASTEST 2MIN DIR (DEG):200 FASTEST 2MIN TIME (LST):1556 AVERAGE WIND SPEED (MPH): 4.4 24 HR AVG TEMP (F):59 HOURLY INCREMENTAL PRECIPITATION VALUES (IN):.00  .00  .00  .00  .00  .00  .00  .00  .00  .00  .00  .00  .00  .00  .00  .00  .00  .00  .00  .00  .00  .00  .00  .00","R01    537KAN014"
"72297793184","2002-04-03T07:59:00","6","33.68","-117.86639","16.5","SANTA ANA JOHN WAYNE AIRPORT, CA US","SOD  ","KSNA ","V020","999,9,9,9999,9","99999,9,9,9","999999,9,9,9","+9999,9","+9999,9","99999,9","24,0000,9,5",,,,,,,,,,,,,,,,"0000,5","000,5","240,M,+0167,5","240,N,+0122,5",,,,,,,"10119,9,99999,4",,,"1,24,00671,210,1421,5","2,24,00581,210,1438,5","3,24,00228,999,9999,5","SOD60524 HR PRECIPITATION (IN): 0.00 TOTAL SUNSHINE (MINUTES):   0 PERCENT POSSIBLE SUNSHINE:  0 24 HR MAX TEMP (F): 6224 HR MAX TEMP TIME (LST):1400 24 HR MIN TEMP (F): 5424 HR MIN TEMP TIME (LST):2359 AVERAGE STATION PRESSURE:29.88  PEAK WIND SPEED (MPH): 15 PEAK WIND DIR (DEG):210 PEAK WIND TIME (LST):1421  FASTEST 2MIN SPEED (MPH): 13FASTEST 2MIN DIR (DEG):210 FASTEST 2MIN TIME (LST):1438 AVERAGE WIND SPEED (MPH): 5.1 24 HR AVG TEMP (F):58 HOURLY INCREMENTAL PRECIPITATION VALUES (IN):.00  .00  .00  .00  .00  .00  .00  .00  .00  .00  .00  .00  .00  .00  .00  .00  .00  .00  .00  .00  .00  .00  .00  .00",
"72297793184","2002-04-04T07:59:00","6","33.68","-117.86639","16.5","SANTA ANA JOHN WAYNE AIRPORT, CA US","SOD  ","KSNA ","V020","999,9,9,9999,9","99999,9,9,9","999999,9,9,9","+9999,9","+9999,9","99999,9","24,0000,9,5",,,,,,,,,,,,,,,,,,"240,M,+0156,5","240,N,+0117,5",,,,,,,"10132,9,99999,4",,,"1,24,00626,220,1348,5","2,24,00447,260,1435,5","3,24,00201,999,9999,5","SOD52324 HR PRECIPITATION (IN): 0.00 24 HR MAX TEMP (F): 6024 HR MAX TEMP TIME (LST):1536 24 HR MIN TEMP (F): 5324 HR MIN TEMP TIME (LST):0721 AVERAGE STATION PRESSURE:29.92  PEAK WIND SPEED (MPH): 14 PEAK WIND DIR (DEG):220 PEAK WIND TIME (LST):1348  FASTEST 2MIN SPEED (MPH): 10FASTEST 2MIN DIR (DEG):260 FASTEST 2MIN TIME (LST):1435 AVERAGE WIND SPEED (MPH): 4.5 HOURLY INCREMENTAL PRECIPITATION VALUES (IN):.00  .00  .00  .00  .00  .00  .00  .00  .00  .00  .00  .00  .00  .00  .00  .00  .00  .00  .00  .00  .00  .00  .00  .00",
"72297793184","2002-04-05T07:59:00","6","33.68","-117.86639","16.5","SANTA ANA JOHN WAYNE AIRPORT, CA US","SOD  ","KSNA ","V020","999,9,9,9999,9","99999,9,9,9","999999,9,9,9","+9999,9","+9999,9","99999,9","24,0000,9,5",,,,,,,,,,,,,,,,,,"240,M,+0183,5","240,N,+0117,5",,,,,,,"10156,9,99999,4",,,"1,24,00760,270,1612,5","2,24,00671,220,1441,5","3,24,00228,999,9999,5","SOD54524 HR PRECIPITATION (IN): 0.00 24 HR MAX TEMP (F): 6524 HR MAX TEMP TIME (LST):1143 24 HR MIN TEMP (F): 5324 HR MIN TEMP TIME (LST):2359 AVERAGE STATION PRESSURE:29.99  PEAK WIND SPEED (MPH): 17 PEAK WIND DIR (DEG):270 PEAK WIND TIME (LST):1612  FASTEST 2MIN SPEED (MPH): 15FASTEST 2MIN DIR (DEG):220 FASTEST 2MIN TIME (LST):1441 AVERAGE WIND SPEED (MPH): 5.1 24 HR AVG TEMP (F):59 HOURLY INCREMENTAL PRECIPITATION VALUES (IN):.00  .00  .00  .00  .00  .00  .00  .00  .00  .00  .00  .00  .00  .00  .00  .00  .00  .00  .00  .00  .00  .00  .00  .00",
"72297793184","2002-04-06T07:59:00","6","33.68","-117.86639","16.5","SANTA ANA JOHN WAYNE AIRPORT, CA US","SOD  ","KSNA ","V020","999,9,9,9999,9","99999,9,9,9","999999,9,9,9","+9999,9","+9999,9","99999,9","24,0000,9,5",,,,,,,,,,,,,,,,,,"240,M,+0183,5","240,N,+0100,5",,,,,,,"10149,9,99999,4",,,"1,24,00715,220,1524,5","2,24,00536,230,1654,5","3,24,00170,999,9999,5","SOD54524 HR PRECIPITATION (IN): 0.00 24 HR MAX TEMP (F): 6524 HR MAX TEMP TIME (LST):1349 24 HR MIN TEMP (F): 5024 HR MIN TEMP TIME (LST):0554 AVERAGE STATION PRESSURE:29.97  PEAK WIND SPEED (MPH): 16 PEAK WIND DIR (DEG):220 PEAK WIND TIME (LST):1524  FASTEST 2MIN SPEED (MPH): 12FASTEST 2MIN DIR (DEG):230 FASTEST 2MIN TIME (LST):1654 AVERAGE WIND SPEED (MPH): 3.8 24 HR AVG TEMP (F):58 HOURLY INCREMENTAL PRECIPITATION VALUES (IN):.00  .00  .00  .00  .00  .00  .00  .00  .00  .00  .00  .00  .00  .00  .00  .00  .00  .00  .00  .00  .00  .00  .00  .00",
"72297793184","2002-04-07T07:59:00","6","33.68","-117.86639","16.5","SANTA ANA JOHN WAYNE AIRPORT, CA US","SOD  ","KSNA ","V020","999,9,9,9999,9","99999,9,9,9","999999,9,9,9","+9999,9","+9999,9","99999,9","24,0013,9,5",,,,,,,,,,,,,,,,,,"240,M,+0178,5","240,N,+0128,5",,,,,,,"10105,9,99999,4",,,"1,24,00760,220,1450,5","2,24,00626,210,1451,5","3,24,00308,999,9999,5","SOD54524 HR PRECIPITATION (IN): 0.05 24 HR MAX TEMP (F): 6424 HR MAX TEMP TIME (LST):1531 24 HR MIN TEMP (F): 5524 HR MIN TEMP TIME (LST):2359 AVERAGE STATION PRESSURE:29.84  PEAK WIND SPEED (MPH): 17 PEAK WIND DIR (DEG):220 PEAK WIND TIME (LST):1450  FASTEST 2MIN SPEED (MPH): 14FASTEST 2MIN DIR (DEG):210 FASTEST 2MIN TIME (LST):1451 AVERAGE WIND SPEED (MPH): 6.9 24 HR AVG TEMP (F):60 HOURLY INCREMENTAL PRECIPITATION VALUES (IN):.00   T   .05   T   .00   T   .00  .00  .00  .00  .00  .00  .00  .00  .00  .00  .00  .00  .00  .00  .00  .00  .00  .00",
"72297793184","2002-04-08T07:59:00","6","33.68","-117.86639","16.5","SANTA ANA JOHN WAYNE AIRPORT, CA US","SOD  ","KSNA ","V020","999,9,9,9999,9","99999,9,9,9","999999,9,9,9","+9999,9","+9999,9","99999,9","24,0000,9,6",,,,,,,,,,,,,,,,,,"240,M,+0183,5","240,N,+0128,5",,,,,,,"10119,9,99999,4",,,"1,24,00760,210,1610,5","2,24,00626,220,1631,5","3,24,00344,999,9999,5","SOD54524 HR PRECIPITATION (IN): 0.00 24 HR MAX TEMP (F): 6524 HR MAX TEMP TIME (LST):1419 24 HR MIN TEMP (F): 5524 HR MIN TEMP TIME (LST):0018 AVERAGE STATION PRESSURE:29.88  PEAK WIND SPEED (MPH): 17 PEAK WIND DIR (DEG):210 PEAK WIND TIME (LST):1610  FASTEST 2MIN SPEED (MPH): 14FASTEST 2MIN DIR (DEG):220 FASTEST 2MIN TIME (LST):1631 AVERAGE WIND SPEED (MPH): 7.7 24 HR AVG TEMP (F):60 HOURLY INCREMENTAL PRECIPITATION VALUES (IN):.00  .00  .00  .00  .00  .00  .00  .00  .00  .00  .00  .00  .00  .00  .00  .00  .00  .00  .00  .00  .00  .00  .00  .00","R01  0.007AAP092"
"72297793184","2002-04-09T07:59:00","6","33.68","-117.86639","16.5","SANTA ANA JOHN WAYNE AIRPORT, CA US","SOD  ","KSNA ","V020","999,9,9,9999,9","99999,9,9,9","999999,9,9,9","+9999,9","+9999,9","99999,9","24,0000,9,6",,,,,,,,,,,,,,,,"0000,5","000,5","240,M,+0189,5","240,N,+0128,5",,,,,,,"10139,9,99999,4",,,"1,24,00760,200,1111,5","2,24,00536,260,1708,5","3,24,00206,999,9999,5","SOD60524 HR PRECIPITATION (IN): 0.00 TOTAL SUNSHINE (MINUTES):   0 PERCENT POSSIBLE SUNSHINE:  0 24 HR MAX TEMP (F): 6624 HR MAX TEMP TIME (LST):1513 24 HR MIN TEMP (F): 5524 HR MIN TEMP TIME (LST):2353 AVERAGE STATION PRESSURE:29.94  PEAK WIND SPEED (MPH): 17 PEAK WIND DIR (DEG):200 PEAK WIND TIME (LST):1111  FASTEST 2MIN SPEED (MPH): 12FASTEST 2MIN DIR (DEG):260 FASTEST 2MIN TIME (LST):1708 AVERAGE WIND SPEED (MPH): 4.6 24 HR AVG TEMP (F):61 HOURLY INCREMENTAL PRECIPITATION VALUES (IN):.00  .00  .00  .00  .00  .00  .00  .00  .00  .00  .00  .00  .00  .00  .00  .00  .00  .00  .00  .00  .00  .00  .00  .00","R01  0.007AAP092"
"72297793184","2002-04-10T07:59:00","6","33.68","-117.86639","16.5","SANTA ANA JOHN WAYNE AIRPORT, CA US","SOD  ","KSNA ","V020","999,9,9,9999,9","99999,9,9,9","999999,9,9,9","+9999,9","+9999,9","99999,9","24,0000,9,6",,,,,,,,,,,,,,,,"0000,5","000,5","240,M,+0200,5","240,N,+0122,5",,,,,,,"10166,9,99999,4",,,"1,24,00671,280,1104,5","2,24,00581,270,1104,5","3,24,00201,999,9999,5","SOD60524 HR PRECIPITATION (IN): 0.00 TOTAL SUNSHINE (MINUTES):   0 PERCENT POSSIBLE SUNSHINE:  0 24 HR MAX TEMP (F): 6824 HR MAX TEMP TIME (LST):1401 24 HR MIN TEMP (F): 5424 HR MIN TEMP TIME (LST):2344 AVERAGE STATION PRESSURE:30.02  PEAK WIND SPEED (MPH): 15 PEAK WIND DIR (DEG):280 PEAK WIND TIME (LST):1104  FASTEST 2MIN SPEED (MPH): 13FASTEST 2MIN DIR (DEG):270 FASTEST 2MIN TIME (LST):1104 AVERAGE WIND SPEED (MPH): 4.5 24 HR AVG TEMP (F):61 HOURLY INCREMENTAL PRECIPITATION VALUES (IN):.00  .00  .00  .00  .00  .00  .00  .00  .00  .00  .00  .00  .00  .00  .00  .00  .00  .00  .00  .00  .00  .00  .00  .00","R01  0.007AAP092"
"72297793184","2002-04-11T07:59:00","6","33.68","-117.86639","16.5","SANTA ANA JOHN WAYNE AIRPORT, CA US","SOD  ","KSNA ","V020","999,9,9,9999,9","99999,9,9,9","999999,9,9,9","+9999,9","+9999,9","99999,9","24,0000,9,6",,,,,,,,,,,,,,,,"0000,5","000,5","240,M,+0194,5","240,N,+0117,5",,,,,,,"10152,9,99999,4",,,"1,24,00805,210,1512,5","2,24,00581,200,1608,5","3,24,00246,999,9999,5","SOD60524 HR PRECIPITATION (IN): 0.00 TOTAL SUNSHINE (MINUTES):   0 PERCENT POSSIBLE SUNSHINE:  0 24 HR MAX TEMP (F): 6724 HR MAX TEMP TIME (LST):1348 24 HR MIN TEMP (F): 5324 HR MIN TEMP TIME (LST):0207 AVERAGE STATION PRESSURE:29.98  PEAK WIND SPEED (MPH): 18 PEAK WIND DIR (DEG):210 PEAK WIND TIME (LST):1512  FASTEST 2MIN SPEED (MPH): 13FASTEST 2MIN DIR (DEG):200 FASTEST 2MIN TIME (LST):1608 AVERAGE WIND SPEED (MPH): 5.5 24 HR AVG TEMP (F):60 HOURLY INCREMENTAL PRECIPITATION VALUES (IN):.00  .00  .00  .00  .00  .00  .00  .00  .00  .00  .00  .00  .00  .00  .00  .00  .00  .00  .00  .00  .00  .00  .00  .00","R01  0.007AAP092"
"72297793184","2002-04-12T07:59:00","6","33.68","-117.86639","16.5","SANTA ANA JOHN WAYNE AIRPORT, CA US","SOD  ","KSNA ","V020","999,9,9,9999,9","99999,9,9,9","999999,9,9,9","+9999,9","+9999,9","99999,9","24,0000,9,6",,,,,,,,,,,,,,,,"0000,5","000,5","240,M,+0200,5","240,N,+0128,5",,,,,,,"10129,9,99999,4",,,"1,24,00805,200,1704,5","2,24,00581,210,1737,5","3,24,00246,999,9999,5","SOD60524 HR PRECIPITATION (IN): 0.00 TOTAL SUNSHINE (MINUTES):   0 PERCENT POSSIBLE SUNSHINE:  0 24 HR MAX TEMP (F): 6824 HR MAX TEMP TIME (LST):1159 24 HR MIN TEMP (F): 5524 HR MIN TEMP TIME (LST):0600 AVERAGE STATION PRESSURE:29.91  PEAK WIND SPEED (MPH): 18 PEAK WIND DIR (DEG):200 PEAK WIND TIME (LST):1704  FASTEST 2MIN SPEED (MPH): 13FASTEST 2MIN DIR (DEG):210 FASTEST 2MIN TIME (LST):1737 AVERAGE WIND SPEED (MPH): 5.5 24 HR AVG TEMP (F):62 HOURLY INCREMENTAL PRECIPITATION VALUES (IN):.00  .00  .00  .00  .00  .00  .00  .00  .00  .00  .00  .00  .00  .00  .00  .00  .00  .00  .00  .00  .00  .00  .00  .00","R01  0.007AAP092"
"72297793184","2002-04-13T07:59:00","6","33.68","-117.86639","16.5","SANTA ANA JOHN WAYNE AIRPORT, CA US","SOD  ","KSNA ","V020","999,9,9,9999,9","99999,9,9,9","999999,9,9,9","+9999,9","+9999,9","99999,9","24,0000,9,6",,,,,,,,,,,,,,,,"0000,5","000,5","240,M,+0178,5","240,N,+0133,5",,,,,,,"10129,9,99999,4",,,"1,24,00626,200,1602,5","2,24,00536,200,1658,5","3,24,00224,999,9999,5","SOD60524 HR PRECIPITATION (IN): 0.00 TOTAL SUNSHINE (MINUTES):   0 PERCENT POSSIBLE SUNSHINE:  0 24 HR MAX TEMP (F): 6424 HR MAX TEMP TIME (LST):1309 24 HR MIN TEMP (F): 5624 HR MIN TEMP TIME (LST):0648 AVERAGE STATION PRESSURE:29.91  PEAK WIND SPEED (MPH): 14 PEAK WIND DIR (DEG):200 PEAK WIND TIME (LST):1602  FASTEST 2MIN SPEED (MPH): 12FASTEST 2MIN DIR (DEG):200 FASTEST 2MIN TIME (LST):1658 AVERAGE WIND SPEED (MPH): 5.0 24 HR AVG TEMP (F):60 HOURLY INCREMENTAL PRECIPITATION VALUES (IN):.00  .00  .00  .00  .00  .00  .00  .00  .00  .00  .00  .00  .00  .00  .00  .00  .00  .00  .00  .00  .00  .00  .00  .00","R01  0.007AAP092"
"72297793184","2002-04-14T07:59:00","6","33.68","-117.86639","16.5","SANTA ANA JOHN WAYNE AIRPORT, CA US","SOD  ","KSNA ","V020","999,9,9,9999,9","99999,9,9,9","999999,9,9,9","+9999,9","+9999,9","99999,9","24,0000,9,6",,,,,,,,,,,,,,,,"0000,5","000,5","240,M,+0222,5","240,N,+0139,5",,,,,,,"10115,9,99999,4",,,"1,24,00715,230,1626,5","2,24,00581,210,1722,5","3,24,00250,999,9999,5","SOD60524 HR PRECIPITATION (IN): 0.00 TOTAL SUNSHINE (MINUTES):   0 PERCENT POSSIBLE SUNSHINE:  0 24 HR MAX TEMP (F): 7224 HR MAX TEMP TIME (LST):1059 24 HR MIN TEMP (F): 5724 HR MIN TEMP TIME (LST):0254 AVERAGE STATION PRESSURE:29.87  PEAK WIND SPEED (MPH): 16 PEAK WIND DIR (DEG):230 PEAK WIND TIME (LST):1626  FASTEST 2MIN SPEED (MPH): 13FASTEST 2MIN DIR (DEG):210 FASTEST 2MIN TIME (LST):1722 AVERAGE WIND SPEED (MPH): 5.6 24 HR AVG TEMP (F):65 HOURLY INCREMENTAL PRECIPITATION VALUES (IN):.00  .00  .00  .00  .00  .00  .00  .00  .00  .00  .00  .00  .00  .00  .00  .00  .00  .00  .00  .00  .00  .00  .00  .00","R01  0.007AAP092"
"72297793184","2002-04-15T07:59:00","6","33.68","-117.86639","16.5","SANTA ANA JOHN WAYNE AIRPORT, CA US","SOD  ","KSNA ","V020","999,9,9,9999,9","99999,9,9,9","999999,9,9,9","+9999,9","+9999,9","99999,9","24,0000,9,6",,,,,,,,,,,,,,,,"0000,5","000,5","240,M,+0183,5","240,N,+0133,5",,,,,,,"10078,9,99999,4",,,"1,24,00805,170,2142,5","2,24,00671,170,2143,5","3,24,00353,999,9999,5","SOD60524 HR PRECIPITATION (IN): 0.00 TOTAL SUNSHINE (MINUTES):   0 PERCENT POSSIBLE SUNSHINE:  0 24 HR MAX TEMP (F): 6524 HR MAX TEMP TIME (LST):1356 24 HR MIN TEMP (F): 5624 HR MIN TEMP TIME (LST):0530 AVERAGE STATION PRESSURE:29.76  PEAK WIND SPEED (MPH): 18 PEAK WIND DIR (DEG):170 PEAK WIND TIME (LST):2142  FASTEST 2MIN SPEED (MPH): 15FASTEST 2MIN DIR (DEG):170 FASTEST 2MIN TIME (LST):2143 AVERAGE WIND SPEED (MPH): 7.9 24 HR AVG TEMP (F):61 HOURLY INCREMENTAL PRECIPITATION VALUES (IN):.00  .00  .00  .00  .00  .00  .00  .00  .00  .00  .00  .00  .00  .00  .00  .00  .00  .00  .00  .00  .00  .00  .00  .00","R01  0.007AAP092"
"72297793184","2002-04-16T07:59:00","6","33.68","-117.86639","16.5","SANTA ANA JOHN WAYNE AIRPORT, CA US","SOD  ","KSNA ","V020","999,9,9,9999,9","99999,9,9,9","999999,9,9,9","+9999,9","+9999,9","99999,9","24,0008,9,5",,,,,,,,,,,,,,,,"0000,5","000,5","240,M,+0189,5","240,N,+0122,5",,,,,,,"10068,9,99999,4",,,"1,24,00939,190,1408,5","2,24,00760,190,1410,5","3,24,00411,999,9999,5","SOD60524 HR PRECIPITATION (IN): 0.03 TOTAL SUNSHINE (MINUTES):   0 PERCENT POSSIBLE SUNSHINE:  0 24 HR MAX TEMP (F): 6624 HR MAX TEMP TIME (LST):1316 24 HR MIN TEMP (F): 5424 HR MIN TEMP TIME (LST):2359 AVERAGE STATION PRESSURE:29.73  PEAK WIND SPEED (MPH): 21 PEAK WIND DIR (DEG):190 PEAK WIND TIME (LST):1408  FASTEST 2MIN SPEED (MPH): 17FASTEST 2MIN DIR (DEG):190 FASTEST 2MIN TIME (LST):1410 AVERAGE WIND SPEED (MPH): 9.2 24 HR AVG TEMP (F):60 HOURLY INCREMENTAL PRECIPITATION VALUES (IN):.00  .00   T   .01  .01   T   .01  .00  .00   T   .00  .00  .00  .00  .00  .00  .00  .00  .00  .00  .00  .00  .00  .00",
"72297793184","2002-04-17T07:59:00","6","33.68","-117.86639","16.5","SANTA ANA JOHN WAYNE AIRPORT, CA US","SOD  ","KSNA ","V020","999,9,9,9999,9","99999,9,9,9","999999,9,9,9","+9999,9","+9999,9","99999,9","24,0000,9,6",,,,,,,,,,,,,,,,"0000,5","000,5","240,M,+0194,5","240,N,+0117,5",,,,,,,"10125,9,99999,4",,,"1,24,00983,190,1237,5","2,24,00760,210,1339,5","3,24,00389,999,9999,5","SOD60524 HR PRECIPITATION (IN): 0.00 TOTAL SUNSHINE (MINUTES):   0 PERCENT POSSIBLE SUNSHINE:  0 24 HR MAX TEMP (F): 6724 HR MAX TEMP TIME (LST):1258 24 HR MIN TEMP (F): 5324 HR MIN TEMP TIME (LST):0551 AVERAGE STATION PRESSURE:29.90  PEAK WIND SPEED (MPH): 22 PEAK WIND DIR (DEG):190 PEAK WIND TIME (LST):1237  FASTEST 2MIN SPEED (MPH): 17FASTEST 2MIN DIR (DEG):210 FASTEST 2MIN TIME (LST):1339 AVERAGE WIND SPEED (MPH): 8.7 24 HR AVG TEMP (F):60 HOURLY INCREMENTAL PRECIPITATION VALUES (IN):.00  .00  .00  .00  .00  .00  .00  .00  .00  .00  .00  .00  .00  .00  .00  .00  .00  .00  .00  .00  .00  .00  .00  .00","R01  0.007AAP092"
"72297793184","2002-04-18T07:59:00","6","33.68","-117.86639","16.5","SANTA ANA JOHN WAYNE AIRPORT, CA US","SOD  ","KSNA ","V020","999,9,9,9999,9","99999,9,9,9","999999,9,9,9","+9999,9","+9999,9","99999,9","24,0000,2,5",,,,,,,,,,,,,,,,,,"240,M,+0178,5","240,N,+0117,5",,,,,,,"10156,9,99999,4",,,"1,24,00894,220,1538,5","2,24,00671,250,1644,5","3,24,00304,999,9999,5","SOD54524 HR PRECIPITATION (IN):  T   24 HR MAX TEMP (F): 6424 HR MAX TEMP TIME (LST):1247 24 HR MIN TEMP (F): 5324 HR MIN TEMP TIME (LST):2359 AVERAGE STATION PRESSURE:29.99  PEAK WIND SPEED (MPH): 20 PEAK WIND DIR (DEG):220 PEAK WIND TIME (LST):1538  FASTEST 2MIN SPEED (MPH): 15FASTEST 2MIN DIR (DEG):250 FASTEST 2MIN TIME (LST):1644 AVERAGE WIND SPEED (MPH): 6.8 24 HR AVG TEMP (F):59 HOURLY INCREMENTAL PRECIPITATION VALUES (IN):.00  .00  .00  .00  .00   T   .00  .00  .00  .00  .00  .00  .00  .00  .00  .00  .00  .00  .00  .00  .00  .00  .00  .00",
"72297793184","2002-04-19T07:59:00","6","33.68","-117.86639","16.5","SANTA ANA JOHN WAYNE AIRPORT, CA US","SOD  ","KSNA ","V020","999,9,9,9999,9","99999,9,9,9","999999,9,9,9","+9999,9","+9999,9","99999,9","24,0000,9,6",,,,,,,,,,,,,,,,,,"240,M,+0183,5","240,N,+0106,5",,,,,,,"10146,9,99999,4",,,"1,24,01118,210,1328,5","2,24,00671,200,1259,5","3,24,00317,999,9999,5","SOD54524 HR PRECIPITATION (IN): 0.00 24 HR MAX TEMP (F): 6524 HR MAX TEMP TIME (LST):1332 24 HR MIN TEMP (F): 5124 HR MIN TEMP TIME (LST):0324 AVERAGE STATION PRESSURE:29.96  PEAK WIND SPEED (MPH): 25 PEAK WIND DIR (DEG):210 PEAK WIND TIME (LST):1328  FASTEST 2MIN SPEED (MPH): 15FASTEST 2MIN DIR (DEG):200 FASTEST 2MIN TIME (LST):1259 AVERAGE WIND SPEED (MPH): 7.1 24 HR AVG TEMP (F):58 HOURLY INCREMENTAL PRECIPITATION VALUES (IN):.00  .00  .00  .00  .00  .00  .00  .00  .00  .00  .00  .00  .00  .00  .00  .00  .00  .00  .00  .00  .00  .00  .00  .00","R01  0.007AAP092"
"72297793184","2002-04-20T07:59:00","6","33.68","-117.86639","16.5","SANTA ANA JOHN WAYNE AIRPORT, CA US","SOD  ","KSNA ","V020","999,9,9,9999,9","99999,9,9,9","999999,9,9,9","+9999,9","+9999,9","99999,9","24,0000,9,6",,,,,,,,,,,,,,,,,,"240,M,+0189,5","240,N,+0106,5",,,,,,,"10125,9,99999,4",,,"1,24,00983,270,1510,5","2,24,00715,260,1520,5","3,24,00384,999,9999,5","SOD54524 HR PRECIPITATION (IN): 0.00 24 HR MAX TEMP (F): 6624 HR MAX TEMP TIME (LST):1540 24 HR MIN TEMP (F): 5124 HR MIN TEMP TIME (LST):0552 AVERAGE STATION PRESSURE:29.90  PEAK WIND SPEED (MPH): 22 PEAK WIND DIR (DEG):270 PEAK WIND TIME (LST):1510  FASTEST 2MIN SPEED (MPH): 16FASTEST 2MIN DIR (DEG):260 FASTEST 2MIN TIME (LST):1520 AVERAGE WIND SPEED (MPH): 8.6 24 HR AVG TEMP (F):59 HOURLY INCREMENTAL PRECIPITATION VALUES (IN):.00  .00  .00  .00  .00  .00  .00  .00  .00  .00  .00  .00  .00  .00  .00  .00  .00  .00  .00  .00  .00  .00  .00  .00","R01  0.007AAP092"
"72297793184","2002-04-21T07:59:00","6","33.68","-117.86639","16.5","SANTA ANA JOHN WAYNE AIRPORT, CA US","SOD  ","KSNA ","V020","999,9,9,9999,9","99999,9,9,9","999999,9,9,9","+9999,9","+9999,9","99999,9","24,0000,9,6",,,,,,,,,,,,,,,,,,"240,M,+0194,5","240,N,+0111,5",,,,,,,"10142,9,99999,4",,,"1,24,00939,190,1440,5","2,24,00760,220,1341,5","3,24,00322,999,9999,5","SOD54524 HR PRECIPITATION (IN): 0.00 24 HR MAX TEMP (F): 6724 HR MAX TEMP TIME (LST):1248 24 HR MIN TEMP (F): 5224 HR MIN TEMP TIME (LST):0535 AVERAGE STATION PRESSURE:29.95  PEAK WIND SPEED (MPH): 21 PEAK WIND DIR (DEG):190 PEAK WIND TIME (LST):1440  FASTEST 2MIN SPEED (MPH): 17FASTEST 2MIN DIR (DEG):220 FASTEST 2MIN TIME (LST):1341 AVERAGE WIND SPEED (MPH): 7.2 24 HR AVG TEMP (F):60 HOURLY INCREMENTAL PRECIPITATION VALUES (IN):.00  .00  .00  .00  .00  .00  .00  .00  .00  .00  .00  .00  .00  .00  .00  .00  .00  .00  .00  .00  .00  .00  .00  .00","R01  0.007AAP092"
"72297793184","2002-04-22T07:59:00","6","33.68","-117.86639","16.5","SANTA ANA JOHN WAYNE AIRPORT, CA US","SOD  ","KSNA ","V020","999,9,9,9999,9","99999,9,9,9","999999,9,9,9","+9999,9","+9999,9","99999,9","24,0000,9,6",,,,,,,,,,,,,,,,,,"240,M,+0222,5","240,N,+0100,5",,,,,,,"10125,9,99999,4",,,"1,24,00715,240,1603,5","2,24,00626,260,1418,5","3,24,00188,999,9999,5","SOD54524 HR PRECIPITATION (IN): 0.00 24 HR MAX TEMP (F): 7224 HR MAX TEMP TIME (LST):1428 24 HR MIN TEMP (F): 5024 HR MIN TEMP TIME (LST):0551 AVERAGE STATION PRESSURE:29.90  PEAK WIND SPEED (MPH): 16 PEAK WIND DIR (DEG):240 PEAK WIND TIME (LST):1603  FASTEST 2MIN SPEED (MPH): 14FASTEST 2MIN DIR (DEG):260 FASTEST 2MIN TIME (LST):1418 AVERAGE WIND SPEED (MPH): 4.2 24 HR AVG TEMP (F):61 HOURLY INCREMENTAL PRECIPITATION VALUES (IN):.00  .00  .00  .00  .00  .00  .00  .00  .00  .00  .00  .00  .00  .00  .00  .00  .00  .00  .00  .00  .00  .00  .00  .00","R01  0.007AAP092"
"72297793184","2002-04-23T07:59:00","6","33.68","-117.86639","16.5","SANTA ANA JOHN WAYNE AIRPORT, CA US","SOD  ","KSNA ","V020","999,9,9,9999,9","99999,9,9,9","999999,9,9,9","+9999,9","+9999,9","99999,9","24,0000,9,6",,,,,,,,,,,,,,,,"0000,5","000,5","240,M,+0244,5","240,N,+0117,5",,,,,,,"10122,9,99999,4",,,"1,24,00671,220,1346,5","2,24,00626,220,1342,5","3,24,00215,999,9999,5","SOD60524 HR PRECIPITATION (IN): 0.00 TOTAL SUNSHINE (MINUTES):   0 PERCENT POSSIBLE SUNSHINE:  0 24 HR MAX TEMP (F): 7624 HR MAX TEMP TIME (LST):1334 24 HR MIN TEMP (F): 5324 HR MIN TEMP TIME (LST):0546 AVERAGE STATION PRESSURE:29.89  PEAK WIND SPEED (MPH): 15 PEAK WIND DIR (DEG):220 PEAK WIND TIME (LST):1346  FASTEST 2MIN SPEED (MPH): 14FASTEST 2MIN DIR (DEG):220 FASTEST 2MIN TIME (LST):1342 AVERAGE WIND SPEED (MPH): 4.8 24 HR AVG TEMP (F):65 HOURLY INCREMENTAL PRECIPITATION VALUES (IN):.00  .00  .00  .00  .00  .00  .00  .00  .00  .00  .00  .00  .00  .00  .00  .00  .00  .00  .00  .00  .00  .00  .00  .00","R01  0.007AAP092"
"72297793184","2002-04-24T07:59:00","6","33.68","-117.86639","16.5","SANTA ANA JOHN WAYNE AIRPORT, CA US","SOD  ","KSNA ","V020","999,9,9,9999,9","99999,9,9,9","999999,9,9,9","+9999,9","+9999,9","99999,9","24,0000,9,6",,,,,,,,,,,,,,,,,,"240,M,+0228,5","240,N,+0133,5",,,,,,,"10159,9,99999,4",,,"1,24,00805,210,1302,5","2,24,00671,220,1332,5","3,24,00228,999,9999,5","SOD52324 HR PRECIPITATION (IN): 0.00 24 HR MAX TEMP (F): 7324 HR MAX TEMP TIME (LST):1258 24 HR MIN TEMP (F): 5624 HR MIN TEMP TIME (LST):0513 AVERAGE STATION PRESSURE:30.00  PEAK WIND SPEED (MPH): 18 PEAK WIND DIR (DEG):210 PEAK WIND TIME (LST):1302  FASTEST 2MIN SPEED (MPH): 15FASTEST 2MIN DIR (DEG):220 FASTEST 2MIN TIME (LST):1332 AVERAGE WIND SPEED (MPH): 5.1 HOURLY INCREMENTAL PRECIPITATION VALUES (IN):.00  .00  .00  .00  .00  .00  .00  .00  .00  .00  .00  .00  .00  .00  .00  .00  .00  .00  .00  .00  .00  .00  .00  .00","R01  0.007AAP092"
"72297793184","2002-04-25T07:59:00","6","33.68","-117.86639","16.5","SANTA ANA JOHN WAYNE AIRPORT, CA US","SOD  ","KSNA ","V020","999,9,9,9999,9","99999,9,9,9","999999,9,9,9","+9999,9","+9999,9","99999,9","24,0013,9,5",,,,,,,,,,,,,,,,"0000,5","000,5","240,M,+0200,5","240,N,+0133,5",,,,,,,"10173,9,99999,4",,,"1,24,00671,220,1715,5","2,24,00581,220,1609,5","3,24,00201,999,9999,5","SOD60524 HR PRECIPITATION (IN): 0.05 TOTAL SUNSHINE (MINUTES):   0 PERCENT POSSIBLE SUNSHINE:  0 24 HR MAX TEMP (F): 6824 HR MAX TEMP TIME (LST):1546 24 HR MIN TEMP (F): 5624 HR MIN TEMP TIME (LST):0540 AVERAGE STATION PRESSURE:30.04  PEAK WIND SPEED (MPH): 15 PEAK WIND DIR (DEG):220 PEAK WIND TIME (LST):1715  FASTEST 2MIN SPEED (MPH): 13FASTEST 2MIN DIR (DEG):220 FASTEST 2MIN TIME (LST):1609 AVERAGE WIND SPEED (MPH): 4.5 24 HR AVG TEMP (F):62 HOURLY INCREMENTAL PRECIPITATION VALUES (IN):.00  .00  .00  .00  .00  .00  .00  .00   T   .01  .04   T   .00  .00  .00  .00  .00  .00  .00  .00  .00  .00  .00  .00",
"72297793184","2002-04-26T07:59:00","6","33.68","-117.86639","16.5","SANTA ANA JOHN WAYNE AIRPORT, CA US","SOD  ","KSNA ","V020","999,9,9,9999,9","99999,9,9,9","999999,9,9,9","+9999,9","+9999,9","99999,9","24,0000,9,6",,,,,,,,,,,,,,,,,,"240,M,+0200,5","240,N,+0128,5",,,,,,,"10142,9,99999,4",,,"1,24,00939,230,1413,5","2,24,00671,220,1327,5","3,24,00268,999,9999,5","SOD54524 HR PRECIPITATION (IN): 0.00 24 HR MAX TEMP (F): 6824 HR MAX TEMP TIME (LST):1433 24 HR MIN TEMP (F): 5524 HR MIN TEMP TIME (LST):0555 AVERAGE STATION PRESSURE:29.95  PEAK WIND SPEED (MPH): 21 PEAK WIND DIR (DEG):230 PEAK WIND TIME (LST):1413  FASTEST 2MIN SPEED (MPH): 15FASTEST 2MIN DIR (DEG):220 FASTEST 2MIN TIME (LST):1327 AVERAGE WIND SPEED (MPH): 6.0 24 HR AVG TEMP (F):62 HOURLY INCREMENTAL PRECIPITATION VALUES (IN):.00  .00  .00  .00  .00  .00  .00  .00  .00  .00  .00  .00  .00  .00  .00  .00  .00  .00  .00  .00  .00  .00  .00  .00","R01  0.007AAP092"
"72297793184","2002-04-27T07:59:00","6","33.68","-117.86639","16.5","SANTA ANA JOHN WAYNE AIRPORT, CA US","SOD  ","KSNA ","V020","999,9,9,9999,9","99999,9,9,9","999999,9,9,9","+9999,9","+9999,9","99999,9","24,0010,9,5",,,,,,,,,,,,,,,,,,"240,M,+0178,5","240,N,+0133,5",,,,,,,"10102,9,99999,4",,,"1,24,01028,230,1320,5","2,24,00760,260,1318,5","3,24,00384,999,9999,5","SOD54524 HR PRECIPITATION (IN): 0.04 24 HR MAX TEMP (F): 6424 HR MAX TEMP TIME (LST):1326 24 HR MIN TEMP (F): 5624 HR MIN TEMP TIME (LST):2359 AVERAGE STATION PRESSURE:29.83  PEAK WIND SPEED (MPH): 23 PEAK WIND DIR (DEG):230 PEAK WIND TIME (LST):1320  FASTEST 2MIN SPEED (MPH): 17FASTEST 2MIN DIR (DEG):260 FASTEST 2MIN TIME (LST):1318 AVERAGE WIND SPEED (MPH): 8.6 24 HR AVG TEMP (F):60 HOURLY INCREMENTAL PRECIPITATION VALUES (IN):.00  .00  .00  .00  .00   T   .00   T   .04   T    T   .00  .00  .00  .00  .00  .00  .00  .00   T    T   .00  .00  .00",
"72297793184","2002-04-28T07:59:00","6","33.68","-117.86639","16.5","SANTA ANA JOHN WAYNE AIRPORT, CA US","SOD  ","KSNA ","V020","999,9,9,9999,9","99999,9,9,9","999999,9,9,9","+9999,9","+9999,9","99999,9","24,0000,2,5",,,,,,,,,,,,,,,,,,"240,M,+0183,5","240,N,+0128,5",,,,,,,"10149,9,99999,4",,,"1,24,00939,200,1327,5","2,24,00671,200,1327,5","3,24,00286,999,9999,5","SOD54524 HR PRECIPITATION (IN):  T   24 HR MAX TEMP (F): 6524 HR MAX TEMP TIME (LST):1329 24 HR MIN TEMP (F): 5524 HR MIN TEMP TIME (LST):2359 AVERAGE STATION PRESSURE:29.97  PEAK WIND SPEED (MPH): 21 PEAK WIND DIR (DEG):200 PEAK WIND TIME (LST):1327  FASTEST 2MIN SPEED (MPH): 15FASTEST 2MIN DIR (DEG):200 FASTEST 2MIN TIME (LST):1327 AVERAGE WIND SPEED (MPH): 6.4 24 HR AVG TEMP (F):60 HOURLY INCREMENTAL PRECIPITATION VALUES (IN):.00  .00  .00  .00  .00  .00  .00  .00  .00   T    T   .00  .00  .00  .00  .00  .00  .00  .00  .00  .00  .00  .00  .00",
"72297793184","2002-04-29T07:59:00","6","33.68","-117.86639","16.5","SANTA ANA JOHN WAYNE AIRPORT, CA US","SOD  ","KSNA ","V020","999,9,9,9999,9","99999,9,9,9","999999,9,9,9","+9999,9","+9999,9","99999,9","24,0000,9,6",,,,,,,,,,,,,,,,,,"240,M,+0206,5","240,N,+0100,5",,,,,,,"10152,9,99999,4",,,"1,24,00805,230,1429,5","2,24,00581,270,1533,5","3,24,00206,999,9999,5","SOD54524 HR PRECIPITATION (IN): 0.00 24 HR MAX TEMP (F): 6924 HR MAX TEMP TIME (LST):1202 24 HR MIN TEMP (F): 5024 HR MIN TEMP TIME (LST):0535 AVERAGE STATION PRESSURE:29.98  PEAK WIND SPEED (MPH): 18 PEAK WIND DIR (DEG):230 PEAK WIND TIME (LST):1429  FASTEST 2MIN SPEED (MPH): 13FASTEST 2MIN DIR (DEG):270 FASTEST 2MIN TIME (LST):1533 AVERAGE WIND SPEED (MPH): 4.6 24 HR AVG TEMP (F):60 HOURLY INCREMENTAL PRECIPITATION VALUES (IN):.00  .00  .00  .00  .00  .00  .00  .00  .00  .00  .00  .00  .00  .00  .00  .00  .00  .00  .00  .00  .00  .00  .00  .00","R01  0.007AAP092"
"72297793184","2002-04-30T07:59:00","6","33.68","-117.86639","16.5","SANTA ANA JOHN WAYNE AIRPORT, CA US","SOD  ","KSNA ","V020","999,9,9,9999,9","99999,9,9,9","999999,9,9,9","+9999,9","+9999,9","99999,9","24,0000,9,6",,,,,,,,,,,,,,,,,,"240,M,+0211,5","240,N,+0111,5",,,,,,,"10146,9,99999,4",,,"1,24,00894,250,1632,5","2,24,00671,250,1643,5","3,24,00273,999,9999,5","SOD54524 HR PRECIPITATION (IN): 0.00 24 HR MAX TEMP (F): 7024 HR MAX TEMP TIME (LST):1324 24 HR MIN TEMP (F): 5224 HR MIN TEMP TIME (LST):0537 AVERAGE STATION PRESSURE:29.96  PEAK WIND SPEED (MPH): 20 PEAK WIND DIR (DEG):250 PEAK WIND TIME (LST):1632  FASTEST 2MIN SPEED (MPH): 15FASTEST 2MIN DIR (DEG):250 FASTEST 2MIN TIME (LST):1643 AVERAGE WIND SPEED (MPH): 6.1 24 HR AVG TEMP (F):61 HOURLY INCREMENTAL PRECIPITATION VALUES (IN):.00  .00  .00  .00  .00  .00  .00  .00  .00  .00  .00  .00  .00  .00  .00  .00  .00  .00  .00  .00  .00  .00  .00  .00","R01  0.007AAP092"
"72297793184","2002-05-01T07:59:00","6","33.68","-117.86639","16.5","SANTA ANA JOHN WAYNE AIRPORT, CA US","SOD  ","KSNA ","V020","999,9,9,9999,9","99999,9,9,9","999999,9,9,9","+9999,9","+9999,9","99999,9","24,0000,9,6",,,,,,,,,,,,,,,,"0000,5","000,5","240,M,+0178,5","240,N,+0128,5",,,,,,,"10132,9,99999,4",,,"1,24,00894,270,1553,5","2,24,00715,270,1554,5","3,24,00335,999,9999,5","SOD60524 HR PRECIPITATION (IN): 0.00 TOTAL SUNSHINE (MINUTES):   0 PERCENT POSSIBLE SUNSHINE:  0 24 HR MAX TEMP (F): 6424 HR MAX TEMP TIME (LST):1442 24 HR MIN TEMP (F): 5524 HR MIN TEMP TIME (LST):2359 AVERAGE STATION PRESSURE:29.92  PEAK WIND SPEED (MPH): 20 PEAK WIND DIR (DEG):270 PEAK WIND TIME (LST):1553  FASTEST 2MIN SPEED (MPH): 16FASTEST 2MIN DIR (DEG):270 FASTEST 2MIN TIME (LST):1554 AVERAGE WIND SPEED (MPH): 7.5 24 HR AVG TEMP (F):60 HOURLY INCREMENTAL PRECIPITATION VALUES (IN):.00  .00  .00  .00  .00  .00  .00  .00  .00  .00  .00  .00  .00  .00  .00  .00  .00  .00  .00  .00  .00  .00  .00  .00","R01  0.007AAP092"
"72297793184","2002-05-01T07:59:00","6","33.68","-117.86639","16.5","SANTA ANA JOHN WAYNE AIRPORT, CA US","SOM  ","KSNA ","V020","999,9,9,9999,9","99999,9,9,9","999999,9,9,9","+9999,9","+9999,9","99999,9",,"00043,9,6","00013,9,2424,9999,9999,6","04,6,00,5,99,9,00,5","005,0010,9,060236,5","010,0013,9,060236,5","015,0013,9,060236,5","020,0013,9,060236,5","030,0013,9,060236,5","045,0013,9,060236,5","060,0013,9,241043,5","080,0013,9,241043,5","100,0013,9,241043,5","120,0013,9,241043,5","150,0013,9,241043,5","180,0013,9,241043,5",,,,,"720,N,+1206,5","720,M,+1922,5","720,A,+1567,5","720,H,0137,7","720,C,0000,5","00,5,00,5,00,5,00,5",,"10132,4,10163,4","10230,241048,5,10075,150523,5",,,,"SOM806PCP MTOT: 0.17 DEPNRM: 0.00 PCP GT 24HRS: 0.05 DATE(S):24 DAYS W/PCP >=.01: 4 DAYS W/PCP >=.10: 0 DAYS W/PCP >=1.00:  MSDP AMTS W/DATE-TIME TAGS:MIN:5  .04  06/0236 MIN:10  .05  06/0236 MIN:15  .05  06/0236 MIN:20  .05  06/0236 MIN:30  .05  06/0236 MIN:45  .05  06/0236 MIN:60  .05  24/1043 MIN:80  .05  24/1043 MIN:100  .05  24/1043 MIN:120  .05  24/1043 MIN:150  .05  24/1043 MIN:180  .05  24/1043 SN GT DP ON GRND:0 DATE(S):0  AVG DLY MIN: 53.7 AVG DLY MAX: 66.6 AVG MLY TMP: 60.2 DAYS MAX <=32:  DAYS MAX >=70: 0 DAYS MAX >=90: 0 DAYS MIN <=32: 0 DAYS MIN  <=0: 0 AVG STP:29.92  AVG SLP:30.01  LWST SLP:29.75 DATE/TIME:150523 HGST SLP:30.21 DATE/TIME:241048 HDD MTH TOT: 137 DEP NORM:-255 SEASON(JUL 1-JUN 30): 1324 DEP NORM:15460 CDD MTH TOT:   0 DEP NORM:-255 SEASON(JAN 1-DEC 31):   11 DEP NORM:2891","R01  0.177ABP070R02  0.057ADP081R03     47AE1100R04   1377KDH015"
"72297793184","2002-05-02T07:59:00","6","33.68","-117.86639","16.5","SANTA ANA JOHN WAYNE AIRPORT, CA US","SOD  ","KSNA ","V020","999,9,9,9999,9","99999,9,9,9","999999,9,9,9","+9999,9","+9999,9","99999,9","24,0000,9,5",,,,,,,,,,,,,,,,"0000,5","000,5","240,M,+0189,5","240,N,+0106,6",,,,,,,"10122,9,99999,4",,,"1,24,00805,220,1351,5","2,24,00671,220,1352,5","3,24,00304,999,9999,5","SOD58324 HR PRECIPITATION (IN): 0.00 TOTAL SUNSHINE (MINUTES):   0 PERCENT POSSIBLE SUNSHINE:  0 24 HR MAX TEMP (F): 6624 HR MAX TEMP TIME (LST):1317 24 HR MIN TEMP (F): 5124 HR MIN TEMP TIME (LST):0514 AVERAGE STATION PRESSURE:29.89  PEAK WIND SPEED (MPH): 18 PEAK WIND DIR (DEG):220 PEAK WIND TIME (LST):1351  FASTEST 2MIN SPEED (MPH): 15FASTEST 2MIN DIR (DEG):220 FASTEST 2MIN TIME (LST):1352 AVERAGE WIND SPEED (MPH): 6.8 HOURLY INCREMENTAL PRECIPITATION VALUES (IN):.00  .00  .00  .00  .00  .00  .00  .00  .00  .00  .00  .00  .00  .00  .00  .00  .00  .00  .00  .00  .00  .00  .00  .00","R01    517KAN014"
"72297793184","2002-05-03T07:59:00","6","33.68","-117.86639","16.5","SANTA ANA JOHN WAYNE AIRPORT, CA US","SOD  ","KSNA ","V020","999,9,9,9999,9","99999,9,9,9","999999,9,9,9","+9999,9","+9999,9","99999,9","24,0000,9,5",,,,,,,,,,,,,,,,"0000,5","000,5","240,M,+0194,5","240,N,+0111,5",,,,,,,"10135,9,99999,4",,,"1,24,00894,220,1053,5","2,24,00715,220,1113,5","3,24,00255,999,9999,5","SOD60524 HR PRECIPITATION (IN): 0.00 TOTAL SUNSHINE (MINUTES):   0 PERCENT POSSIBLE SUNSHINE:  0 24 HR MAX TEMP (F): 6724 HR MAX TEMP TIME (LST):1414 24 HR MIN TEMP (F): 5224 HR MIN TEMP TIME (LST):0526 AVERAGE STATION PRESSURE:29.93  PEAK WIND SPEED (MPH): 20 PEAK WIND DIR (DEG):220 PEAK WIND TIME (LST):1053  FASTEST 2MIN SPEED (MPH): 16FASTEST 2MIN DIR (DEG):220 FASTEST 2MIN TIME (LST):1113 AVERAGE WIND SPEED (MPH): 5.7 24 HR AVG TEMP (F):60 HOURLY INCREMENTAL PRECIPITATION VALUES (IN):.00  .00  .00  .00  .00  .00  .00  .00  .00  .00  .00  .00  .00  .00  .00  .00  .00  .00  .00  .00  .00  .00  .00  .00",
"72297793184","2002-05-04T07:59:00","6","33.68","-117.86639","16.5","SANTA ANA JOHN WAYNE AIRPORT, CA US","SOD  ","KSNA ","V020","999,9,9,9999,9","99999,9,9,9","999999,9,9,9","+9999,9","+9999,9","99999,9","24,0000,9,5",,,,,,,,,,,,,,,,"0000,5","000,5","240,M,+0194,5","240,N,+0111,5",,,,,,,"10139,9,99999,4",,,"1,24,00760,220,1237,5","2,24,00581,220,1440,5","3,24,00206,999,9999,5","SOD60524 HR PRECIPITATION (IN): 0.00 TOTAL SUNSHINE (MINUTES):   0 PERCENT POSSIBLE SUNSHINE:  0 24 HR MAX TEMP (F): 6724 HR MAX TEMP TIME (LST):1430 24 HR MIN TEMP (F): 5224 HR MIN TEMP TIME (LST):0512 AVERAGE STATION PRESSURE:29.94  PEAK WIND SPEED (MPH): 17 PEAK WIND DIR (DEG):220 PEAK WIND TIME (LST):1237  FASTEST 2MIN SPEED (MPH): 13FASTEST 2MIN DIR (DEG):220 FASTEST 2MIN TIME (LST):1440 AVERAGE WIND SPEED (MPH): 4.6 24 HR AVG TEMP (F):60 HOURLY INCREMENTAL PRECIPITATION VALUES (IN):.00  .00  .00  .00  .00  .00  .00  .00  .00  .00  .00  .00  .00  .00  .00  .00  .00  .00  .00  .00  .00  .00  .00  .00",
"72297793184","2002-05-05T07:59:00","6","33.68","-117.86639","16.5","SANTA ANA JOHN WAYNE AIRPORT, CA US","SOD  ","KSNA ","V020","999,9,9,9999,9","99999,9,9,9","999999,9,9,9","+9999,9","+9999,9","99999,9","24,0000,9,5",,,,,,,,,,,,,,,,"0000,5","000,5","240,M,+0189,5","240,N,+0117,5",,,,,,,"10142,9,99999,4",,,"1,24,00894,180,1456,5","2,24,00626,190,1506,5","3,24,00259,999,9999,5","SOD60524 HR PRECIPITATION (IN): 0.00 TOTAL SUNSHINE (MINUTES):   0 PERCENT POSSIBLE SUNSHINE:  0 24 HR MAX TEMP (F): 6624 HR MAX TEMP TIME (LST):1218 24 HR MIN TEMP (F): 5324 HR MIN TEMP TIME (LST):0305 AVERAGE STATION PRESSURE:29.95  PEAK WIND SPEED (MPH): 20 PEAK WIND DIR (DEG):180 PEAK WIND TIME (LST):1456  FASTEST 2MIN SPEED (MPH): 14FASTEST 2MIN DIR (DEG):190 FASTEST 2MIN TIME (LST):1506 AVERAGE WIND SPEED (MPH): 5.8 24 HR AVG TEMP (F):60 HOURLY INCREMENTAL PRECIPITATION VALUES (IN):.00  .00  .00  .00  .00  .00  .00  .00  .00  .00  .00  .00  .00  .00  .00  .00  .00  .00  .00  .00  .00  .00  .00  .00",
"72297793184","2002-05-06T07:59:00","6","33.68","-117.86639","16.5","SANTA ANA JOHN WAYNE AIRPORT, CA US","SOD  ","KSNA ","V020","999,9,9,9999,9","99999,9,9,9","999999,9,9,9","+9999,9","+9999,9","99999,9","24,0000,9,5",,,,,,,,,,,,,,,,"0000,5","000,5","240,M,+0183,5","240,N,+0133,5",,,,,,,"10146,9,99999,4",,,"1,24,00760,210,1446,5","2,24,00626,210,1450,5","3,24,00277,999,9999,5","SOD60524 HR PRECIPITATION (IN): 0.00 TOTAL SUNSHINE (MINUTES):   0 PERCENT POSSIBLE SUNSHINE:  0 24 HR MAX TEMP (F): 6524 HR MAX TEMP TIME (LST):1416 24 HR MIN TEMP (F): 5624 HR MIN TEMP TIME (LST):2359 AVERAGE STATION PRESSURE:29.96  PEAK WIND SPEED (MPH): 17 PEAK WIND DIR (DEG):210 PEAK WIND TIME (LST):1446  FASTEST 2MIN SPEED (MPH): 14FASTEST 2MIN DIR (DEG):210 FASTEST 2MIN TIME (LST):1450 AVERAGE WIND SPEED (MPH): 6.2 24 HR AVG TEMP (F):61 HOURLY INCREMENTAL PRECIPITATION VALUES (IN):.00  .00  .00  .00  .00  .00  .00  .00  .00  .00  .00  .00  .00  .00  .00  .00  .00  .00  .00  .00  .00  .00  .00  .00",
"72297793184","2002-05-07T07:59:00","6","33.68","-117.86639","16.5","SANTA ANA JOHN WAYNE AIRPORT, CA US","SOD  ","KSNA ","V020","999,9,9,9999,9","99999,9,9,9","999999,9,9,9","+9999,9","+9999,9","99999,9","24,0000,9,5",,,,,,,,,,,,,,,,"0000,5","000,5","240,M,+0194,5","240,N,+0133,5",,,,,,,"10135,9,99999,4",,,"1,24,00805,240,1446,5","2,24,00671,210,1447,5","3,24,00273,999,9999,5","SOD60524 HR PRECIPITATION (IN): 0.00 TOTAL SUNSHINE (MINUTES):   0 PERCENT POSSIBLE SUNSHINE:  0 24 HR MAX TEMP (F): 6724 HR MAX TEMP TIME (LST):1255 24 HR MIN TEMP (F): 5624 HR MIN TEMP TIME (LST):0125 AVERAGE STATION PRESSURE:29.93  PEAK WIND SPEED (MPH): 18 PEAK WIND DIR (DEG):240 PEAK WIND TIME (LST):1446  FASTEST 2MIN SPEED (MPH): 15FASTEST 2MIN DIR (DEG):210 FASTEST 2MIN TIME (LST):1447 AVERAGE WIND SPEED (MPH): 6.1 24 HR AVG TEMP (F):62 HOURLY INCREMENTAL PRECIPITATION VALUES (IN):.00  .00  .00  .00  .00  .00  .00  .00  .00  .00  .00  .00  .00  .00  .00  .00  .00  .00  .00  .00  .00  .00  .00  .00",
"72297793184","2002-05-08T07:59:00","6","33.68","-117.86639","16.5","SANTA ANA JOHN WAYNE AIRPORT, CA US","SOD  ","KSNA ","V020","999,9,9,9999,9","99999,9,9,9","999999,9,9,9","+9999,9","+9999,9","99999,9","24,0000,9,5",,,,,,,,,,,,,,,,"0000,5","000,5","240,M,+0189,5","240,N,+0139,5",,,,,,,"10125,9,99999,4",,,"1,24,00939,220,1315,5","2,24,00715,220,1337,5","3,24,00340,999,9999,5","SOD60524 HR PRECIPITATION (IN): 0.00 TOTAL SUNSHINE (MINUTES):   0 PERCENT POSSIBLE SUNSHINE:  0 24 HR MAX TEMP (F): 6624 HR MAX TEMP TIME (LST):1327 24 HR MIN TEMP (F): 5724 HR MIN TEMP TIME (LST):0556 AVERAGE STATION PRESSURE:29.90  PEAK WIND SPEED (MPH): 21 PEAK WIND DIR (DEG):220 PEAK WIND TIME (LST):1315  FASTEST 2MIN SPEED (MPH): 16FASTEST 2MIN DIR (DEG):220 FASTEST 2MIN TIME (LST):1337 AVERAGE WIND SPEED (MPH): 7.6 24 HR AVG TEMP (F):62 HOURLY INCREMENTAL PRECIPITATION VALUES (IN):.00  .00  .00  .00  .00  .00  .00  .00  .00  .00  .00  .00  .00  .00  .00  .00  .00  .00  .00  .00  .00  .00  .00  .00",
"72297793184","2002-05-09T07:59:00","6","33.68","-117.86639","16.5","SANTA ANA JOHN WAYNE AIRPORT, CA US","SOD  ","KSNA ","V020","999,9,9,9999,9","99999,9,9,9","999999,9,9,9","+9999,9","+9999,9","99999,9","24,0000,2,5",,,,,,,,,,,,,,,,"0000,5","000,5","240,M,+0194,5","240,N,+0139,5",,,,,,,"10125,9,99999,4",,,"1,24,00760,220,1359,5","2,24,00626,200,1412,5","3,24,00295,999,9999,5","SOD60524 HR PRECIPITATION (IN):  T   TOTAL SUNSHINE (MINUTES):   0 PERCENT POSSIBLE SUNSHINE:  0 24 HR MAX TEMP (F): 6724 HR MAX TEMP TIME (LST):1417 24 HR MIN TEMP (F): 5724 HR MIN TEMP TIME (LST):2359 AVERAGE STATION PRESSURE:29.90  PEAK WIND SPEED (MPH): 17 PEAK WIND DIR (DEG):220 PEAK WIND TIME (LST):1359  FASTEST 2MIN SPEED (MPH): 14FASTEST 2MIN DIR (DEG):200 FASTEST 2MIN TIME (LST):1412 AVERAGE WIND SPEED (MPH): 6.6 24 HR AVG TEMP (F):62 HOURLY INCREMENTAL PRECIPITATION VALUES (IN):.00   T    T   .00  .00  .00  .00  .00  .00  .00  .00  .00  .00  .00  .00  .00  .00  .00  .00  .00  .00  .00  .00  .00",
"72297793184","2002-05-10T07:59:00","6","33.68","-117.86639","16.5","SANTA ANA JOHN WAYNE AIRPORT, CA US","SOD  ","KSNA ","V020","999,9,9,9999,9","99999,9,9,9","999999,9,9,9","+9999,9","+9999,9","99999,9","24,0000,9,6",,,,,,,,,,,,,,,,"0000,5","000,5","240,M,+0211,5","240,N,+0128,5",,,,,,,"10115,9,99999,4",,,"1,24,00805,230,1344,5","2,24,00626,220,1347,5","3,24,00255,999,9999,5","SOD60524 HR PRECIPITATION (IN): 0.00 TOTAL SUNSHINE (MINUTES):   0 PERCENT POSSIBLE SUNSHINE:  0 24 HR MAX TEMP (F): 7024 HR MAX TEMP TIME (LST):1151 24 HR MIN TEMP (F): 5524 HR MIN TEMP TIME (LST):0421 AVERAGE STATION PRESSURE:29.87  PEAK WIND SPEED (MPH): 18 PEAK WIND DIR (DEG):230 PEAK WIND TIME (LST):1344  FASTEST 2MIN SPEED (MPH): 14FASTEST 2MIN DIR (DEG):220 FASTEST 2MIN TIME (LST):1347 AVERAGE WIND SPEED (MPH): 5.7 24 HR AVG TEMP (F):63 HOURLY INCREMENTAL PRECIPITATION VALUES (IN):.00  .00  .00  .00  .00  .00  .00  .00  .00  .00  .00  .00  .00  .00  .00  .00  .00  .00  .00  .00  .00  .00  .00  .00","R01  0.007AAP092"
"72297793184","2002-05-11T07:59:00","6","33.68","-117.86639","16.5","SANTA ANA JOHN WAYNE AIRPORT, CA US","SOD  ","KSNA ","V020","999,9,9,9999,9","99999,9,9,9","999999,9,9,9","+9999,9","+9999,9","99999,9","24,0000,9,6",,,,,,,,,,,,,,,,"0000,5","000,5","240,M,+0194,5","240,N,+0139,5",,,,,,,"10098,9,99999,4",,,"1,24,00939,190,1410,5","2,24,00715,190,1440,5","3,24,00367,999,9999,5","SOD60524 HR PRECIPITATION (IN): 0.00 TOTAL SUNSHINE (MINUTES):   0 PERCENT POSSIBLE SUNSHINE:  0 24 HR MAX TEMP (F): 6724 HR MAX TEMP TIME (LST):1521 24 HR MIN TEMP (F): 5724 HR MIN TEMP TIME (LST):2359 AVERAGE STATION PRESSURE:29.82  PEAK WIND SPEED (MPH): 21 PEAK WIND DIR (DEG):190 PEAK WIND TIME (LST):1410  FASTEST 2MIN SPEED (MPH): 16FASTEST 2MIN DIR (DEG):190 FASTEST 2MIN TIME (LST):1440 AVERAGE WIND SPEED (MPH): 8.2 24 HR AVG TEMP (F):62 HOURLY INCREMENTAL PRECIPITATION VALUES (IN):.00  .00  .00  .00  .00  .00  .00  .00  .00  .00  .00  .00  .00  .00  .00  .00  .00  .00  .00  .00  .00  .00  .00  .00","R01  0.007AAP092"
"72297793184","2002-05-12T07:59:00","6","33.68","-117.86639","16.5","SANTA ANA JOHN WAYNE AIRPORT, CA US","SOD  ","KSNA ","V020","999,9,9,9999,9","99999,9,9,9","999999,9,9,9","+9999,9","+9999,9","99999,9","24,0000,9,6",,,,,,,,,,,,,,,,"0000,5","000,5","240,M,+0206,5","240,N,+0128,5",,,,,,,"10122,9,99999,4",,,"1,24,00805,220,1439,5","2,24,00671,220,1439,5","3,24,00241,999,9999,5","SOD60524 HR PRECIPITATION (IN): 0.00 TOTAL SUNSHINE (MINUTES):   0 PERCENT POSSIBLE SUNSHINE:  0 24 HR MAX TEMP (F): 6924 HR MAX TEMP TIME (LST):1345 24 HR MIN TEMP (F): 5524 HR MIN TEMP TIME (LST):0253 AVERAGE STATION PRESSURE:29.89  PEAK WIND SPEED (MPH): 18 PEAK WIND DIR (DEG):220 PEAK WIND TIME (LST):1439  FASTEST 2MIN SPEED (MPH): 15FASTEST 2MIN DIR (DEG):220 FASTEST 2MIN TIME (LST):1439 AVERAGE WIND SPEED (MPH): 5.4 24 HR AVG TEMP (F):62 HOURLY INCREMENTAL PRECIPITATION VALUES (IN):.00  .00  .00  .00  .00  .00  .00  .00  .00  .00  .00  .00  .00  .00  .00  .00  .00  .00  .00  .00  .00  .00  .00  .00","R01  0.007AAP092"
"72297793184","2002-05-13T07:59:00","6","33.68","-117.86639","16.5","SANTA ANA JOHN WAYNE AIRPORT, CA US","SOD  ","KSNA ","V020","999,9,9,9999,9","99999,9,9,9","999999,9,9,9","+9999,9","+9999,9","99999,9","24,0000,9,6",,,,,,,,,,,,,,,,"0000,5","000,5","240,M,+0322,5","240,N,+0122,5",,,,,,,"10135,9,99999,4",,,"1,24,00894,210,1139,5","2,24,00715,200,1152,5","3,24,00232,999,9999,5","SOD60524 HR PRECIPITATION (IN): 0.00 TOTAL SUNSHINE (MINUTES):   0 PERCENT POSSIBLE SUNSHINE:  0 24 HR MAX TEMP (F): 9024 HR MAX TEMP TIME (LST):1458 24 HR MIN TEMP (F): 5424 HR MIN TEMP TIME (LST):0515 AVERAGE STATION PRESSURE:29.93  PEAK WIND SPEED (MPH): 20 PEAK WIND DIR (DEG):210 PEAK WIND TIME (LST):1139  FASTEST 2MIN SPEED (MPH): 16FASTEST 2MIN DIR (DEG):200 FASTEST 2MIN TIME (LST):1152 AVERAGE WIND SPEED (MPH): 5.2 24 HR AVG TEMP (F):72 HOURLY INCREMENTAL PRECIPITATION VALUES (IN):.00  .00  .00  .00  .00  .00  .00  .00  .00  .00  .00  .00  .00  .00  .00  .00  .00  .00  .00  .00  .00  .00  .00  .00","R01  0.007AAP092"
"72297793184","2002-05-14T07:59:00","6","33.68","-117.86639","16.5","SANTA ANA JOHN WAYNE AIRPORT, CA US","SOD  ","KSNA ","V020","999,9,9,9999,9","99999,9,9,9","999999,9,9,9","+9999,9","+9999,9","99999,9","24,0000,9,6",,,,,,,,,,,,,,,,"0000,5","000,5","240,M,+0294,5","240,N,+0156,5",,,,,,,"10108,9,99999,4",,,"1,24,00715,220,1435,5","2,24,00581,220,1438,5","3,24,00255,999,9999,5","SOD58324 HR PRECIPITATION (IN): 0.00 TOTAL SUNSHINE (MINUTES):   0 PERCENT POSSIBLE SUNSHINE:  0 24 HR MAX TEMP (F): 8524 HR MAX TEMP TIME (LST):1427 24 HR MIN TEMP (F): 6024 HR MIN TEMP TIME (LST):0519 AVERAGE STATION PRESSURE:29.85  PEAK WIND SPEED (MPH): 16 PEAK WIND DIR (DEG):220 PEAK WIND TIME (LST):1435  FASTEST 2MIN SPEED (MPH): 13FASTEST 2MIN DIR (DEG):220 FASTEST 2MIN TIME (LST):1438 AVERAGE WIND SPEED (MPH): 5.7 HOURLY INCREMENTAL PRECIPITATION VALUES (IN):.00  .00  .00  .00  .00  .00  .00  .00  .00  .00  .00  .00  .00  .00  .00  .00  .00  .00  .00  .00  .00  .00  .00  .00","R01  0.007AAP092"
"72297793184","2002-05-15T07:59:00","6","33.68","-117.86639","16.5","SANTA ANA JOHN WAYNE AIRPORT, CA US","SOD  ","KSNA ","V020","999,9,9,9999,9","99999,9,9,9","999999,9,9,9","+9999,9","+9999,9","99999,9","24,0000,9,6",,,,,,,,,,,,,,,,"0000,5","000,5","240,M,+0233,5","240,N,+0150,5",,,,,,,"10075,9,99999,4",,,"1,24,00805,200,1404,5","2,24,00715,210,1346,5","3,24,00367,999,9999,5","SOD60524 HR PRECIPITATION (IN): 0.00 TOTAL SUNSHINE (MINUTES):   0 PERCENT POSSIBLE SUNSHINE:  0 24 HR MAX TEMP (F): 7424 HR MAX TEMP TIME (LST):1028 24 HR MIN TEMP (F): 5924 HR MIN TEMP TIME (LST):2359 AVERAGE STATION PRESSURE:29.75  PEAK WIND SPEED (MPH): 18 PEAK WIND DIR (DEG):200 PEAK WIND TIME (LST):1404  FASTEST 2MIN SPEED (MPH): 16FASTEST 2MIN DIR (DEG):210 FASTEST 2MIN TIME (LST):1346 AVERAGE WIND SPEED (MPH): 8.2 24 HR AVG TEMP (F):67 HOURLY INCREMENTAL PRECIPITATION VALUES (IN):.00  .00  .00  .00  .00  .00  .00  .00  .00  .00  .00  .00  .00  .00  .00  .00  .00  .00  .00  .00  .00  .00  .00  .00","R01  0.007AAP092"
"72297793184","2002-05-16T07:59:00","6","33.68","-117.86639","16.5","SANTA ANA JOHN WAYNE AIRPORT, CA US","SOD  ","KSNA ","V020","999,9,9,9999,9","99999,9,9,9","999999,9,9,9","+9999,9","+9999,9","99999,9","24,0000,9,6",,,,,,,,,,,,,,,,"0000,5","000,5","240,M,+0194,5","240,N,+0144,5",,,,,,,"10091,9,99999,4",,,"1,24,00894,200,1209,5","2,24,00671,210,1211,5","3,24,00393,999,9999,5","SOD60524 HR PRECIPITATION (IN): 0.00 TOTAL SUNSHINE (MINUTES):   0 PERCENT POSSIBLE SUNSHINE:  0 24 HR MAX TEMP (F): 6724 HR MAX TEMP TIME (LST):1507 24 HR MIN TEMP (F): 5824 HR MIN TEMP TIME (LST):0506 AVERAGE STATION PRESSURE:29.80  PEAK WIND SPEED (MPH): 20 PEAK WIND DIR (DEG):200 PEAK WIND TIME (LST):1209  FASTEST 2MIN SPEED (MPH): 15FASTEST 2MIN DIR (DEG):210 FASTEST 2MIN TIME (LST):1211 AVERAGE WIND SPEED (MPH): 8.8 24 HR AVG TEMP (F):63 HOURLY INCREMENTAL PRECIPITATION VALUES (IN):.00  .00  .00  .00  .00  .00  .00  .00  .00  .00  .00  .00  .00  .00  .00  .00  .00  .00  .00  .00  .00  .00  .00  .00","R01  0.007AAP092"
"72297793184","2002-05-17T07:59:00","6","33.68","-117.86639","16.5","SANTA ANA JOHN WAYNE AIRPORT, CA US","SOD  ","KSNA ","V020","999,9,9,9999,9","99999,9,9,9","999999,9,9,9","+9999,9","+9999,9","99999,9","24,0000,2,5",,,,,,,,,,,,,,,,"0000,5","000,5","240,M,+0194,5","240,N,+0139,5",,,,,,,"10119,9,99999,4",,,"1,24,00760,200,1227,5","2,24,00581,190,1251,5","3,24,00291,999,9999,5","SOD60524 HR PRECIPITATION (IN):  T   TOTAL SUNSHINE (MINUTES):   0 PERCENT POSSIBLE SUNSHINE:  0 24 HR MAX TEMP (F): 6724 HR MAX TEMP TIME (LST):1439 24 HR MIN TEMP (F): 5724 HR MIN TEMP TIME (LST):0342 AVERAGE STATION PRESSURE:29.88  PEAK WIND SPEED (MPH): 17 PEAK WIND DIR (DEG):200 PEAK WIND TIME (LST):1227  FASTEST 2MIN SPEED (MPH): 13FASTEST 2MIN DIR (DEG):190 FASTEST 2MIN TIME (LST):1251 AVERAGE WIND SPEED (MPH): 6.5 24 HR AVG TEMP (F):62 HOURLY INCREMENTAL PRECIPITATION VALUES (IN):.00   T    T   .00  .00  .00  .00  .00  .00  .00  .00  .00  .00  .00  .00  .00  .00  .00  .00  .00  .00  .00  .00  .00",
"72297793184","2002-05-18T07:59:00","6","33.68","-117.86639","16.5","SANTA ANA JOHN WAYNE AIRPORT, CA US","SOD  ","KSNA ","V020","999,9,9,9999,9","99999,9,9,9","999999,9,9,9","+9999,9","+9999,9","99999,9","24,0000,9,6",,,,,,,,,,,,,,,,"0000,5","000,5","240,M,+0211,5","240,N,+0156,5",,,,,,,"10108,9,99999,4",,,"1,24,00805,230,1257,5","2,24,00626,190,1227,5","3,24,00241,999,9999,5","SOD60524 HR PRECIPITATION (IN): 0.00 TOTAL SUNSHINE (MINUTES):   0 PERCENT POSSIBLE SUNSHINE:  0 24 HR MAX TEMP (F): 7024 HR MAX TEMP TIME (LST):1230 24 HR MIN TEMP (F): 6024 HR MIN TEMP TIME (LST):2359 AVERAGE STATION PRESSURE:29.85  PEAK WIND SPEED (MPH): 18 PEAK WIND DIR (DEG):230 PEAK WIND TIME (LST):1257  FASTEST 2MIN SPEED (MPH): 14FASTEST 2MIN DIR (DEG):190 FASTEST 2MIN TIME (LST):1227 AVERAGE WIND SPEED (MPH): 5.4 24 HR AVG TEMP (F):65 HOURLY INCREMENTAL PRECIPITATION VALUES (IN):.00  .00  .00  .00  .00  .00  .00  .00  .00  .00  .00  .00  .00  .00  .00  .00  .00  .00  .00  .00  .00  .00  .00  .00","R01  0.007AAP092"
"72297793184","2002-05-19T07:59:00","6","33.68","-117.86639","16.5","SANTA ANA JOHN WAYNE AIRPORT, CA US","SOD  ","KSNA ","V020","999,9,9,9999,9","99999,9,9,9","999999,9,9,9","+9999,9","+9999,9","99999,9","24,0000,2,5",,,,,,,,,,,,,,,,"0000,5","000,5","240,M,+0178,5","240,N,+0144,5",,,,,,,"10098,9,99999,4",,,"1,24,00715,210,1613,5","2,24,00581,210,1633,5","3,24,00255,999,9999,5","SOD60524 HR PRECIPITATION (IN):  T   TOTAL SUNSHINE (MINUTES):   0 PERCENT POSSIBLE SUNSHINE:  0 24 HR MAX TEMP (F): 6424 HR MAX TEMP TIME (LST):1234 24 HR MIN TEMP (F): 5824 HR MIN TEMP TIME (LST):2359 AVERAGE STATION PRESSURE:29.82  PEAK WIND SPEED (MPH): 16 PEAK WIND DIR (DEG):210 PEAK WIND TIME (LST):1613  FASTEST 2MIN SPEED (MPH): 13FASTEST 2MIN DIR (DEG):210 FASTEST 2MIN TIME (LST):1633 AVERAGE WIND SPEED (MPH): 5.7 24 HR AVG TEMP (F):61 HOURLY INCREMENTAL PRECIPITATION VALUES (IN):.00  .00  .00  .00  .00  .00  .00  .00  .00  .00  .00  .00  .00  .00  .00  .00  .00  .00  .00  .00   T    T    T   .00",
"72297793184","2002-05-20T07:59:00","6","33.68","-117.86639","16.5","SANTA ANA JOHN WAYNE AIRPORT, CA US","SOD  ","KSNA ","V020","999,9,9,9999,9","99999,9,9,9","999999,9,9,9","+9999,9","+9999,9","99999,9","24,0003,9,5",,,,,,,,,,,,,,,,"0000,5","000,5","240,M,+0206,5","240,N,+0139,5",,,,,,,"10112,9,99999,4",,,"1,24,00894,230,1536,5","2,24,00671,230,1551,5","3,24,00295,999,9999,5","SOD60524 HR PRECIPITATION (IN): 0.01 TOTAL SUNSHINE (MINUTES):   0 PERCENT POSSIBLE SUNSHINE:  0 24 HR MAX TEMP (F): 6924 HR MAX TEMP TIME (LST):1441 24 HR MIN TEMP (F): 5724 HR MIN TEMP TIME (LST):0546 AVERAGE STATION PRESSURE:29.86  PEAK WIND SPEED (MPH): 20 PEAK WIND DIR (DEG):230 PEAK WIND TIME (LST):1536  FASTEST 2MIN SPEED (MPH): 15FASTEST 2MIN DIR (DEG):230 FASTEST 2MIN TIME (LST):1551 AVERAGE WIND SPEED (MPH): 6.6 24 HR AVG TEMP (F):63 HOURLY INCREMENTAL PRECIPITATION VALUES (IN):.00  .00  .01  .00  .00  .00  .00  .00  .00  .00  .00  .00  .00  .00  .00  .00  .00  .00  .00  .00  .00  .00  .00  .00",
"72297793184","2002-05-21T07:59:00","6","33.68","-117.86639","16.5","SANTA ANA JOHN WAYNE AIRPORT, CA US","SOD  ","KSNA ","V020","999,9,9,9999,9","99999,9,9,9","999999,9,9,9","+9999,9","+9999,9","99999,9","24,0000,2,5",,,,,,,,,,,,,,,,"0000,5","000,5","240,M,+0194,5","240,N,+0133,5",,,,,,,"10142,9,99999,4",,,"1,24,01028,250,1308,5","2,24,00760,250,1359,5","3,24,00340,999,9999,5","SOD60524 HR PRECIPITATION (IN):  T   TOTAL SUNSHINE (MINUTES):   0 PERCENT POSSIBLE SUNSHINE:  0 24 HR MAX TEMP (F): 6724 HR MAX TEMP TIME (LST):1423 24 HR MIN TEMP (F): 5624 HR MIN TEMP TIME (LST):2348 AVERAGE STATION PRESSURE:29.95  PEAK WIND SPEED (MPH): 23 PEAK WIND DIR (DEG):250 PEAK WIND TIME (LST):1308  FASTEST 2MIN SPEED (MPH): 17FASTEST 2MIN DIR (DEG):250 FASTEST 2MIN TIME (LST):1359 AVERAGE WIND SPEED (MPH): 7.6 24 HR AVG TEMP (F):62 HOURLY INCREMENTAL PRECIPITATION VALUES (IN):.00  .00  .00  .00  .00  .00   T    T   .00   T    T   .00  .00  .00  .00  .00  .00  .00  .00  .00  .00  .00  .00  .00",
"72297793184","2002-05-22T07:59:00","6","33.68","-117.86639","16.5","SANTA ANA JOHN WAYNE AIRPORT, CA US","SOD  ","KSNA ","V020","999,9,9,9999,9","99999,9,9,9","999999,9,9,9","+9999,9","+9999,9","99999,9","24,0000,9,6",,,,,,,,,,,,,,,,"0000,5","000,5","240,M,+0194,5","240,N,+0122,5",,,,,,,"10159,9,99999,4",,,"1,24,00939,210,1411,5","2,24,00760,210,1408,5","3,24,00286,999,9999,5","SOD60524 HR PRECIPITATION (IN): 0.00 TOTAL SUNSHINE (MINUTES):   0 PERCENT POSSIBLE SUNSHINE:  0 24 HR MAX TEMP (F): 6724 HR MAX TEMP TIME (LST):1408 24 HR MIN TEMP (F): 5424 HR MIN TEMP TIME (LST):0502 AVERAGE STATION PRESSURE:30.00  PEAK WIND SPEED (MPH): 21 PEAK WIND DIR (DEG):210 PEAK WIND TIME (LST):1411  FASTEST 2MIN SPEED (MPH): 17FASTEST 2MIN DIR (DEG):210 FASTEST 2MIN TIME (LST):1408 AVERAGE WIND SPEED (MPH): 6.4 24 HR AVG TEMP (F):61 HOURLY INCREMENTAL PRECIPITATION VALUES (IN):.00  .00  .00  .00  .00  .00  .00  .00  .00  .00  .00  .00  .00  .00  .00  .00  .00  .00  .00  .00  .00  .00  .00  .00","R01  0.007AAP092"
"72297793184","2002-05-23T07:59:00","6","33.68","-117.86639","16.5","SANTA ANA JOHN WAYNE AIRPORT, CA US","SOD  ","KSNA ","V020","999,9,9,9999,9","99999,9,9,9","999999,9,9,9","+9999,9","+9999,9","99999,9","24,0000,9,6",,,,,,,,,,,,,,,,"0000,5","000,5","240,M,+0211,5","240,N,+0122,5",,,,,,,"10112,9,99999,4",,,"1,24,00894,220,1435,5","2,24,00671,220,1404,5","3,24,00282,999,9999,5","SOD60524 HR PRECIPITATION (IN): 0.00 TOTAL SUNSHINE (MINUTES):   0 PERCENT POSSIBLE SUNSHINE:  0 24 HR MAX TEMP (F): 7024 HR MAX TEMP TIME (LST):1634 24 HR MIN TEMP (F): 5424 HR MIN TEMP TIME (LST):0537 AVERAGE STATION PRESSURE:29.86  PEAK WIND SPEED (MPH): 20 PEAK WIND DIR (DEG):220 PEAK WIND TIME (LST):1435  FASTEST 2MIN SPEED (MPH): 15FASTEST 2MIN DIR (DEG):220 FASTEST 2MIN TIME (LST):1404 AVERAGE WIND SPEED (MPH): 6.3 24 HR AVG TEMP (F):62 HOURLY INCREMENTAL PRECIPITATION VALUES (IN):.00  .00  .00  .00  .00  .00  .00  .00  .00  .00  .00  .00  .00  .00  .00  .00  .00  .00  .00  .00  .00  .00  .00  .00","R01  0.007AAP092"
"72297793184","2002-05-24T07:59:00","6","33.68","-117.86639","16.5","SANTA ANA JOHN WAYNE AIRPORT, CA US","SOD  ","KSNA ","V020","999,9,9,9999,9","99999,9,9,9","999999,9,9,9","+9999,9","+9999,9","99999,9","24,0000,9,6",,,,,,,,,,,,,,,,"0000,5","000,5","240,M,+0217,5","240,N,+0128,5",,,,,,,"10091,9,99999,4",,,"1,24,00894,190,1339,5","2,24,00671,200,1405,5","3,24,00322,999,9999,5","SOD60524 HR PRECIPITATION (IN): 0.00 TOTAL SUNSHINE (MINUTES):   0 PERCENT POSSIBLE SUNSHINE:  0 24 HR MAX TEMP (F): 7124 HR MAX TEMP TIME (LST):1442 24 HR MIN TEMP (F): 5524 HR MIN TEMP TIME (LST):0522 AVERAGE STATION PRESSURE:29.80  PEAK WIND SPEED (MPH): 20 PEAK WIND DIR (DEG):190 PEAK WIND TIME (LST):1339  FASTEST 2MIN SPEED (MPH): 15FASTEST 2MIN DIR (DEG):200 FASTEST 2MIN TIME (LST):1405 AVERAGE WIND SPEED (MPH): 7.2 24 HR AVG TEMP (F):63 HOURLY INCREMENTAL PRECIPITATION VALUES (IN):.00  .00  .00  .00  .00  .00  .00  .00  .00  .00  .00  .00  .00  .00  .00  .00  .00  .00  .00  .00  .00  .00  .00  .00","R01  0.007AAP092"
"72297793184","2002-05-25T07:59:00","6","33.68","-117.86639","16.5","SANTA ANA JOHN WAYNE AIRPORT, CA US","SOD  ","KSNA ","V020","999,9,9,9999,9","99999,9,9,9","999999,9,9,9","+9999,9","+9999,9","99999,9","24,0000,9,6",,,,,,,,,,,,,,,,"0000,5","000,5","240,M,+0206,5","240,N,+0139,5",,,,,,,"10105,9,99999,4",,,"1,24,00805,210,1518,5","2,24,00671,220,1621,5","3,24,00340,999,9999,5","SOD60524 HR PRECIPITATION (IN): 0.00 TOTAL SUNSHINE (MINUTES):   0 PERCENT POSSIBLE SUNSHINE:  0 24 HR MAX TEMP (F): 6924 HR MAX TEMP TIME (LST):1305 24 HR MIN TEMP (F): 5724 HR MIN TEMP TIME (LST):0457 AVERAGE STATION PRESSURE:29.84  PEAK WIND SPEED (MPH): 18 PEAK WIND DIR (DEG):210 PEAK WIND TIME (LST):1518  FASTEST 2MIN SPEED (MPH): 15FASTEST 2MIN DIR (DEG):220 FASTEST 2MIN TIME (LST):1621 AVERAGE WIND SPEED (MPH): 7.6 24 HR AVG TEMP (F):63 HOURLY INCREMENTAL PRECIPITATION VALUES (IN):.00  .00  .00  .00  .00  .00  .00  .00  .00  .00  .00  .00  .00  .00  .00  .00  .00  .00  .00  .00  .00  .00  .00  .00","R01  0.007AAP092"
"72297793184","2002-05-26T07:59:00","6","33.68","-117.86639","16.5","SANTA ANA JOHN WAYNE AIRPORT, CA US","SOD  ","KSNA ","V020","999,9,9,9999,9","99999,9,9,9","999999,9,9,9","+9999,9","+9999,9","99999,9","24,0000,9,6",,,,,,,,,,,,,,,,"0000,5","000,5","240,M,+0194,5","240,N,+0144,5",,,,,,,"10115,9,99999,4",,,"1,24,00760,220,1303,5","2,24,00626,210,1233,5","3,24,00250,999,9999,5","SOD60524 HR PRECIPITATION (IN): 0.00 TOTAL SUNSHINE (MINUTES):   0 PERCENT POSSIBLE SUNSHINE:  0 24 HR MAX TEMP (F): 6724 HR MAX TEMP TIME (LST):1530 24 HR MIN TEMP (F): 5824 HR MIN TEMP TIME (LST):0628 AVERAGE STATION PRESSURE:29.87  PEAK WIND SPEED (MPH): 17 PEAK WIND DIR (DEG):220 PEAK WIND TIME (LST):1303  FASTEST 2MIN SPEED (MPH): 14FASTEST 2MIN DIR (DEG):210 FASTEST 2MIN TIME (LST):1233 AVERAGE WIND SPEED (MPH): 5.6 24 HR AVG TEMP (F):63 HOURLY INCREMENTAL PRECIPITATION VALUES (IN):.00  .00  .00  .00  .00  .00  .00  .00  .00  .00  .00  .00  .00  .00  .00  .00  .00  .00  .00  .00  .00  .00  .00  .00","R01  0.007AAP092"
"72297793184","2002-05-27T07:59:00","6","33.68","-117.86639","16.5","SANTA ANA JOHN WAYNE AIRPORT, CA US","SOD  ","KSNA ","V020","999,9,9,9999,9","99999,9,9,9","999999,9,9,9","+9999,9","+9999,9","99999,9","24,0000,9,6",,,,,,,,,,,,,,,,"0000,5","000,5","240,M,+0200,5","240,N,+0150,5",,,,,,,"10119,9,99999,4",,,"1,24,00805,260,1325,5","2,24,00581,210,1446,5","3,24,00241,999,9999,5","SOD60524 HR PRECIPITATION (IN): 0.00 TOTAL SUNSHINE (MINUTES):   0 PERCENT POSSIBLE SUNSHINE:  0 24 HR MAX TEMP (F): 6824 HR MAX TEMP TIME (LST):1459 24 HR MIN TEMP (F): 5924 HR MIN TEMP TIME (LST):2359 AVERAGE STATION PRESSURE:29.88  PEAK WIND SPEED (MPH): 18 PEAK WIND DIR (DEG):260 PEAK WIND TIME (LST):1325  FASTEST 2MIN SPEED (MPH): 13FASTEST 2MIN DIR (DEG):210 FASTEST 2MIN TIME (LST):1446 AVERAGE WIND SPEED (MPH): 5.4 24 HR AVG TEMP (F):64 HOURLY INCREMENTAL PRECIPITATION VALUES (IN):.00  .00  .00  .00  .00  .00  .00  .00  .00  .00  .00  .00  .00  .00  .00  .00  .00  .00  .00  .00  .00  .00  .00  .00","R01  0.007AAP092"
"72297793184","2002-05-28T07:59:00","6","33.68","-117.86639","16.5","SANTA ANA JOHN WAYNE AIRPORT, CA US","SOD  ","KSNA ","V020","999,9,9,9999,9","99999,9,9,9","999999,9,9,9","+9999,9","+9999,9","99999,9","24,0000,9,6",,,,,,,,,,,,,,,,"0000,5","000,5","240,M,+0211,5","240,N,+0150,5",,,,,,,"10122,9,99999,4",,,"1,24,00760,210,1505,5","2,24,00581,210,1506,5","3,24,00183,999,9999,5","SOD60524 HR PRECIPITATION (IN): 0.00 TOTAL SUNSHINE (MINUTES):   0 PERCENT POSSIBLE SUNSHINE:  0 24 HR MAX TEMP (F): 7024 HR MAX TEMP TIME (LST):1202 24 HR MIN TEMP (F): 5924 HR MIN TEMP TIME (LST):2359 AVERAGE STATION PRESSURE:29.89  PEAK WIND SPEED (MPH): 17 PEAK WIND DIR (DEG):210 PEAK WIND TIME (LST):1505  FASTEST 2MIN SPEED (MPH): 13FASTEST 2MIN DIR (DEG):210 FASTEST 2MIN TIME (LST):1506 AVERAGE WIND SPEED (MPH): 4.1 24 HR AVG TEMP (F):65 HOURLY INCREMENTAL PRECIPITATION VALUES (IN):.00  .00  .00  .00  .00  .00  .00  .00  .00  .00  .00  .00  .00  .00  .00  .00  .00  .00  .00  .00  .00  .00  .00  .00","R01  0.007AAP092"
"72297793184","2002-05-29T07:59:00","6","33.68","-117.86639","16.5","SANTA ANA JOHN WAYNE AIRPORT, CA US","SOD  ","KSNA ","V020","999,9,9,9999,9","99999,9,9,9","999999,9,9,9","+9999,9","+9999,9","99999,9","24,0000,9,6",,,,,,,,,,,,,,,,"0000,5","000,5","240,M,+0222,5","240,N,+0133,5",,,,,,,"10105,9,99999,4",,,"1,24,00715,220,1154,5","2,24,00581,210,1202,5","3,24,00206,999,9999,5","SOD60524 HR PRECIPITATION (IN): 0.00 TOTAL SUNSHINE (MINUTES):   0 PERCENT POSSIBLE SUNSHINE:  0 24 HR MAX TEMP (F): 7224 HR MAX TEMP TIME (LST):1102 24 HR MIN TEMP (F): 5624 HR MIN TEMP TIME (LST):0425 AVERAGE STATION PRESSURE:29.84  PEAK WIND SPEED (MPH): 16 PEAK WIND DIR (DEG):220 PEAK WIND TIME (LST):1154  FASTEST 2MIN SPEED (MPH): 13FASTEST 2MIN DIR (DEG):210 FASTEST 2MIN TIME (LST):1202 AVERAGE WIND SPEED (MPH): 4.6 24 HR AVG TEMP (F):64 HOURLY INCREMENTAL PRECIPITATION VALUES (IN):.00  .00  .00  .00  .00  .00  .00  .00  .00  .00  .00  .00  .00  .00  .00  .00  .00  .00  .00  .00  .00  .00  .00  .00","R01  0.007AAP092"
"72297793184","2002-05-30T07:59:00","6","33.68","-117.86639","16.5","SANTA ANA JOHN WAYNE AIRPORT, CA US","SOD  ","KSNA ","V020","999,9,9,9999,9","99999,9,9,9","999999,9,9,9","+9999,9","+9999,9","99999,9","24,0000,9,6",,,,,,,,,,,,,,,,"0000,5","000,5","240,M,+0244,5","240,N,+0150,5",,,,,,,"10081,9,99999,4",,,"1,24,00894,200,1439,5","2,24,00715,190,1419,5","3,24,00295,999,9999,5","SOD60524 HR PRECIPITATION (IN): 0.00 TOTAL SUNSHINE (MINUTES):   0 PERCENT POSSIBLE SUNSHINE:  0 24 HR MAX TEMP (F): 7624 HR MAX TEMP TIME (LST):1252 24 HR MIN TEMP (F): 5924 HR MIN TEMP TIME (LST):0505 AVERAGE STATION PRESSURE:29.77  PEAK WIND SPEED (MPH): 20 PEAK WIND DIR (DEG):200 PEAK WIND TIME (LST):1439  FASTEST 2MIN SPEED (MPH): 16FASTEST 2MIN DIR (DEG):190 FASTEST 2MIN TIME (LST):1419 AVERAGE WIND SPEED (MPH): 6.6 24 HR AVG TEMP (F):68 HOURLY INCREMENTAL PRECIPITATION VALUES (IN):.00  .00  .00  .00  .00  .00  .00  .00  .00  .00  .00  .00  .00  .00  .00  .00  .00  .00  .00  .00  .00  .00  .00  .00","R01  0.007AAP092"
"72297793184","2002-05-31T07:59:00","6","33.68","-117.86639","16.5","SANTA ANA JOHN WAYNE AIRPORT, CA US","SOD  ","KSNA ","V020","999,9,9,9999,9","99999,9,9,9","999999,9,9,9","+9999,9","+9999,9","99999,9","24,0000,9,6",,,,,,,,,,,,,,,,"0000,5","000,5","240,M,+0233,5","240,N,+0156,5",,,,,,,"10095,9,99999,4",,,"1,24,01073,190,1804,5","2,24,00894,180,1805,5","3,24,00326,999,9999,5","SOD60524 HR PRECIPITATION (IN): 0.00 TOTAL SUNSHINE (MINUTES):   0 PERCENT POSSIBLE SUNSHINE:  0 24 HR MAX TEMP (F): 7424 HR MAX TEMP TIME (LST):1249 24 HR MIN TEMP (F): 6024 HR MIN TEMP TIME (LST):0608 AVERAGE STATION PRESSURE:29.81  PEAK WIND SPEED (MPH): 24 PEAK WIND DIR (DEG):190 PEAK WIND TIME (LST):1804  FASTEST 2MIN SPEED (MPH): 20FASTEST 2MIN DIR (DEG):180 FASTEST 2MIN TIME (LST):1805 AVERAGE WIND SPEED (MPH): 7.3 24 HR AVG TEMP (F):67 HOURLY INCREMENTAL PRECIPITATION VALUES (IN):.00  .00  .00  .00  .00  .00  .00  .00  .00  .00  .00  .00  .00  .00  .00  .00  .00  .00  .00  .00  .00  .00  .00  .00","R01  0.007AAP092"
"72297793184","2002-06-01T07:59:00","6","33.68","-117.86639","16.5","SANTA ANA JOHN WAYNE AIRPORT, CA US","SOD  ","KSNA ","V020","999,9,9,9999,9","99999,9,9,9","999999,9,9,9","+9999,9","+9999,9","99999,9","24,0000,9,6",,,,,,,,,,,,,,,,"0000,5","000,5","240,M,+0239,5","240,N,+0161,5",,,,,,,"10085,9,99999,4",,,"1,24,01028,210,1552,5","2,24,00805,210,1554,5","3,24,00308,999,9999,5","SOD60524 HR PRECIPITATION (IN): 0.00 TOTAL SUNSHINE (MINUTES):   0 PERCENT POSSIBLE SUNSHINE:  0 24 HR MAX TEMP (F): 7524 HR MAX TEMP TIME (LST):1324 24 HR MIN TEMP (F): 6124 HR MIN TEMP TIME (LST):0530 AVERAGE STATION PRESSURE:29.78  PEAK WIND SPEED (MPH): 23 PEAK WIND DIR (DEG):210 PEAK WIND TIME (LST):1552  FASTEST 2MIN SPEED (MPH): 18FASTEST 2MIN DIR (DEG):210 FASTEST 2MIN TIME (LST):1554 AVERAGE WIND SPEED (MPH): 6.9 24 HR AVG TEMP (F):68 HOURLY INCREMENTAL PRECIPITATION VALUES (IN):.00  .00  .00  .00  .00  .00  .00  .00  .00  .00  .00  .00  .00  .00  .00  .00  .00  .00  .00  .00  .00  .00  .00  .00","R01  0.007AAP092"
"72297793184","2002-06-01T07:59:00","6","33.68","-117.86639","16.5","SANTA ANA JOHN WAYNE AIRPORT, CA US","SOM  ","KSNA ","V020","999,9,9,9999,9","99999,9,9,9","999999,9,9,9","+9999,9","+9999,9","99999,9",,"00003,9,6","00003,9,1919,9999,9999,5","01,6,00,5,99,9,00,5","005,0003,9,190205,5","010,0003,9,190205,5","015,0003,9,190205,5","020,0003,9,190205,5","030,0003,9,190205,5","045,0003,9,190205,5","060,0003,9,190205,5","080,0003,9,190205,5","100,0003,9,190205,5","120,0003,9,190205,5","150,0003,9,190205,5","180,0003,9,190205,5",,,,,"744,N,+1361,5","744,M,+2111,5","744,A,+1739,5","744,H,0071,6","744,C,0025,6","00,5,01,6,00,5,00,5",,"10115,4,10146,4","10207,211155,5,10081,141621,5",,,,"SOM806PCP MTOT: 0.01 DEPNRM: 0.00 PCP GT 24HRS: 0.01 DATE(S):19 DAYS W/PCP >=.01: 1 DAYS W/PCP >=.10: 0 DAYS W/PCP >=1.00:  MSDP AMTS W/DATE-TIME TAGS:MIN:5  .01  19/0205 MIN:10  .01  19/0205 MIN:15  .01  19/0205 MIN:20  .01  19/0205 MIN:30  .01  19/0205 MIN:45  .01  19/0205 MIN:60  .01  19/0205 MIN:80  .01  19/0205 MIN:100  .01  19/0205 MIN:120  .01  19/0205 MIN:150  .01  19/0205 MIN:180  .01  19/0205 SN GT DP ON GRND:0 DATE(S):0  AVG DLY MIN: 56.5 AVG DLY MAX: 70.0 AVG MLY TMP: 63.3 DAYS MAX <=32:  DAYS MAX >=70: 1 DAYS MAX >=90: 1 DAYS MIN <=32: 0 DAYS MIN  <=0: 0 AVG STP:29.87  AVG SLP:29.96  LWST SLP:29.77 DATE/TIME:141621 HGST SLP:30.14 DATE/TIME:211155 HDD MTH TOT:  71 DEP NORM:-255 SEASON(JUL 1-JUN 30): 1395 DEP NORM:62014 CDD MTH TOT:  25 DEP NORM:-255 SEASON(JAN 1-DEC 31):   36 DEP NORM:3356","R01  0.017ABP070R02     17AE1100R03    717KDH045R04    257KDC058R05     17KE2035"
"72297793184","2002-06-02T07:59:00","6","33.68","-117.86639","16.5","SANTA ANA JOHN WAYNE AIRPORT, CA US","SOD  ","KSNA ","V020","999,9,9,9999,9","99999,9,9,9","999999,9,9,9","+9999,9","+9999,9","99999,9","24,0000,9,5",,,,,,,,,,,,,,,,"0000,5","000,5","240,M,+0217,5","240,N,+0161,6",,,,,,,"10091,9,99999,4",,,"1,24,00760,240,1556,5","2,24,00626,220,1107,5","3,24,00322,999,9999,5","SOD60524 HR PRECIPITATION (IN): 0.00 TOTAL SUNSHINE (MINUTES):   0 PERCENT POSSIBLE SUNSHINE:  0 24 HR MAX TEMP (F): 7124 HR MAX TEMP TIME (LST):1452 24 HR MIN TEMP (F): 6124 HR MIN TEMP TIME (LST):0513 AVERAGE STATION PRESSURE:29.80  PEAK WIND SPEED (MPH): 17 PEAK WIND DIR (DEG):240 PEAK WIND TIME (LST):1556  FASTEST 2MIN SPEED (MPH): 14FASTEST 2MIN DIR (DEG):220 FASTEST 2MIN TIME (LST):1107 AVERAGE WIND SPEED (MPH): 7.2 24 HR AVG TEMP (F):66 HOURLY INCREMENTAL PRECIPITATION VALUES (IN):.00  .00  .00  .00  .00  .00  .00  .00  .00  .00  .00  .00  .00  .00  .00  .00  .00  .00  .00  .00  .00  .00  .00  .00","R01    617KAN014"
"72297793184","2002-06-03T07:59:00","6","33.68","-117.86639","16.5","SANTA ANA JOHN WAYNE AIRPORT, CA US","SOD  ","KSNA ","V020","999,9,9,9999,9","99999,9,9,9","999999,9,9,9","+9999,9","+9999,9","99999,9","24,0000,9,5",,,,,,,,,,,,,,,,"0000,5","000,5","240,M,+0211,5","240,N,+0156,5",,,,,,,"10088,9,99999,4",,,"1,24,00805,260,1625,5","2,24,00626,240,1654,5","3,24,00331,999,9999,5","SOD60524 HR PRECIPITATION (IN): 0.00 TOTAL SUNSHINE (MINUTES):   0 PERCENT POSSIBLE SUNSHINE:  0 24 HR MAX TEMP (F): 7024 HR MAX TEMP TIME (LST):1451 24 HR MIN TEMP (F): 6024 HR MIN TEMP TIME (LST):0530 AVERAGE STATION PRESSURE:29.79  PEAK WIND SPEED (MPH): 18 PEAK WIND DIR (DEG):260 PEAK WIND TIME (LST):1625  FASTEST 2MIN SPEED (MPH): 14FASTEST 2MIN DIR (DEG):240 FASTEST 2MIN TIME (LST):1654 AVERAGE WIND SPEED (MPH): 7.4 24 HR AVG TEMP (F):65 HOURLY INCREMENTAL PRECIPITATION VALUES (IN):.00  .00  .00  .00  .00  .00  .00  .00  .00  .00  .00  .00  .00  .00  .00  .00  .00  .00  .00  .00  .00  .00  .00  .00",
"72297793184","2002-06-04T07:59:00","6","33.68","-117.86639","16.5","SANTA ANA JOHN WAYNE AIRPORT, CA US","SOD  ","KSNA ","V020","999,9,9,9999,9","99999,9,9,9","999999,9,9,9","+9999,9","+9999,9","99999,9","24,0000,9,5",,,,,,,,,,,,,,,,"0000,5","000,5","240,M,+0206,5","240,N,+0156,5",,,,,,,"10095,9,99999,4",,,"1,24,00894,220,1305,5","2,24,00626,210,1433,5","3,24,00331,999,9999,5","SOD60524 HR PRECIPITATION (IN): 0.00 TOTAL SUNSHINE (MINUTES):   0 PERCENT POSSIBLE SUNSHINE:  0 24 HR MAX TEMP (F): 6924 HR MAX TEMP TIME (LST):1306 24 HR MIN TEMP (F): 6024 HR MIN TEMP TIME (LST):2359 AVERAGE STATION PRESSURE:29.81  PEAK WIND SPEED (MPH): 20 PEAK WIND DIR (DEG):220 PEAK WIND TIME (LST):1305  FASTEST 2MIN SPEED (MPH): 14FASTEST 2MIN DIR (DEG):210 FASTEST 2MIN TIME (LST):1433 AVERAGE WIND SPEED (MPH): 7.4 24 HR AVG TEMP (F):65 HOURLY INCREMENTAL PRECIPITATION VALUES (IN):.00  .00  .00  .00  .00  .00  .00  .00  .00  .00  .00  .00  .00  .00  .00  .00  .00  .00  .00  .00  .00  .00  .00  .00",
"72297793184","2002-06-05T07:59:00","6","33.68","-117.86639","16.5","SANTA ANA JOHN WAYNE AIRPORT, CA US","SOD  ","KSNA ","V020","999,9,9,9999,9","99999,9,9,9","999999,9,9,9","+9999,9","+9999,9","99999,9","24,0000,9,5",,,,,,,,,,,,,,,,"0000,5","000,5","240,M,+0228,5","240,N,+0150,5",,,,,,,"10091,9,99999,4",,,"1,24,00760,250,1224,5","2,24,00581,220,1309,5","3,24,00259,999,9999,5","SOD60524 HR PRECIPITATION (IN): 0.00 TOTAL SUNSHINE (MINUTES):   0 PERCENT POSSIBLE SUNSHINE:  0 24 HR MAX TEMP (F): 7324 HR MAX TEMP TIME (LST):1538 24 HR MIN TEMP (F): 5924 HR MIN TEMP TIME (LST):0213 AVERAGE STATION PRESSURE:29.80  PEAK WIND SPEED (MPH): 17 PEAK WIND DIR (DEG):250 PEAK WIND TIME (LST):1224  FASTEST 2MIN SPEED (MPH): 13FASTEST 2MIN DIR (DEG):220 FASTEST 2MIN TIME (LST):1309 AVERAGE WIND SPEED (MPH): 5.8 24 HR AVG TEMP (F):66 HOURLY INCREMENTAL PRECIPITATION VALUES (IN):.00  .00  .00  .00  .00  .00  .00  .00  .00  .00  .00  .00  .00  .00  .00  .00  .00  .00  .00  .00  .00  .00  .00  .00",
"72297793184","2002-06-06T07:59:00","6","33.68","-117.86639","16.5","SANTA ANA JOHN WAYNE AIRPORT, CA US","SOD  ","KSNA ","V020","999,9,9,9999,9","99999,9,9,9","999999,9,9,9","+9999,9","+9999,9","99999,9","24,0000,9,5",,,,,,,,,,,,,,,,"0000,5","000,5","240,M,+0250,5","240,N,+0161,5",,,,,,,"10085,9,99999,4",,,"1,24,00939,190,1735,5","2,24,00805,210,1727,5","3,24,00277,999,9999,5","SOD60524 HR PRECIPITATION (IN): 0.00 TOTAL SUNSHINE (MINUTES):   0 PERCENT POSSIBLE SUNSHINE:  0 24 HR MAX TEMP (F): 7724 HR MAX TEMP TIME (LST):1616 24 HR MIN TEMP (F): 6124 HR MIN TEMP TIME (LST):0043 AVERAGE STATION PRESSURE:29.78  PEAK WIND SPEED (MPH): 21 PEAK WIND DIR (DEG):190 PEAK WIND TIME (LST):1735  FASTEST 2MIN SPEED (MPH): 18FASTEST 2MIN DIR (DEG):210 FASTEST 2MIN TIME (LST):1727 AVERAGE WIND SPEED (MPH): 6.2 24 HR AVG TEMP (F):69 HOURLY INCREMENTAL PRECIPITATION VALUES (IN):.00  .00  .00  .00  .00  .00  .00  .00  .00  .00  .00  .00  .00  .00  .00  .00  .00  .00  .00  .00  .00  .00  .00  .00",
"72297793184","2002-06-07T07:59:00","6","33.68","-117.86639","16.5","SANTA ANA JOHN WAYNE AIRPORT, CA US","SOD  ","KSNA ","V020","999,9,9,9999,9","99999,9,9,9","999999,9,9,9","+9999,9","+9999,9","99999,9","24,0000,9,5",,,,,,,,,,,,,,,,"0000,5","000,5","240,M,+0228,5","240,N,+0161,5",,,,,,,"10061,9,99999,4",,,"1,24,00983,210,1358,5","2,24,00760,220,1514,5","3,24,00344,999,9999,5","SOD60524 HR PRECIPITATION (IN): 0.00 TOTAL SUNSHINE (MINUTES):   0 PERCENT POSSIBLE SUNSHINE:  0 24 HR MAX TEMP (F): 7324 HR MAX TEMP TIME (LST):0934 24 HR MIN TEMP (F): 6124 HR MIN TEMP TIME (LST):2327 AVERAGE STATION PRESSURE:29.71  PEAK WIND SPEED (MPH): 22 PEAK WIND DIR (DEG):210 PEAK WIND TIME (LST):1358  FASTEST 2MIN SPEED (MPH): 17FASTEST 2MIN DIR (DEG):220 FASTEST 2MIN TIME (LST):1514 AVERAGE WIND SPEED (MPH): 7.7 24 HR AVG TEMP (F):67 HOURLY INCREMENTAL PRECIPITATION VALUES (IN):.00  .00  .00  .00  .00  .00  .00  .00  .00  .00  .00  .00  .00  .00  .00  .00  .00  .00  .00  .00  .00  .00  .00  .00",
"72297793184","2002-06-08T07:59:00","6","33.68","-117.86639","16.5","SANTA ANA JOHN WAYNE AIRPORT, CA US","SOD  ","KSNA ","V020","999,9,9,9999,9","99999,9,9,9","999999,9,9,9","+9999,9","+9999,9","99999,9","24,0000,9,5",,,,,,,,,,,,,,,,"0000,5","000,5","240,M,+0211,5","240,N,+0161,5",,,,,,,"10068,9,99999,4",,,"1,24,00760,220,1545,5","2,24,00671,210,1546,5","3,24,00344,999,9999,5","SOD60524 HR PRECIPITATION (IN): 0.00 TOTAL SUNSHINE (MINUTES):   0 PERCENT POSSIBLE SUNSHINE:  0 24 HR MAX TEMP (F): 7024 HR MAX TEMP TIME (LST):1513 24 HR MIN TEMP (F): 6124 HR MIN TEMP TIME (LST):0642 AVERAGE STATION PRESSURE:29.73  PEAK WIND SPEED (MPH): 17 PEAK WIND DIR (DEG):220 PEAK WIND TIME (LST):1545  FASTEST 2MIN SPEED (MPH): 15FASTEST 2MIN DIR (DEG):210 FASTEST 2MIN TIME (LST):1546 AVERAGE WIND SPEED (MPH): 7.7 24 HR AVG TEMP (F):66 HOURLY INCREMENTAL PRECIPITATION VALUES (IN):.00  .00  .00  .00  .00  .00  .00  .00  .00  .00  .00  .00  .00  .00  .00  .00  .00  .00  .00  .00  .00  .00  .00  .00",
"72297793184","2002-06-09T07:59:00","6","33.68","-117.86639","16.5","SANTA ANA JOHN WAYNE AIRPORT, CA US","SOD  ","KSNA ","V020","999,9,9,9999,9","99999,9,9,9","999999,9,9,9","+9999,9","+9999,9","99999,9","24,0000,9,5",,,,,,,,,,,,,,,,,,"240,M,+0206,5","240,N,+0150,5",,,,,,,"10058,9,99999,4",,,"1,24,00939,160,1700,5","2,24,00760,180,1709,5","3,24,00434,999,9999,5","SOD54524 HR PRECIPITATION (IN): 0.00 24 HR MAX TEMP (F): 6924 HR MAX TEMP TIME (LST):1348 24 HR MIN TEMP (F): 5924 HR MIN TEMP TIME (LST):2359 AVERAGE STATION PRESSURE:29.70  PEAK WIND SPEED (MPH): 21 PEAK WIND DIR (DEG):160 PEAK WIND TIME (LST):1700  FASTEST 2MIN SPEED (MPH): 17FASTEST 2MIN DIR (DEG):180 FASTEST 2MIN TIME (LST):1709 AVERAGE WIND SPEED (MPH): 9.7 24 HR AVG TEMP (F):64 HOURLY INCREMENTAL PRECIPITATION VALUES (IN):.00  .00  .00  .00  .00  .00  .00  .00  .00  .00  .00  .00  .00  .00  .00  .00  .00  .00  .00  .00  .00  .00  .00  .00",
"72297793184","2002-06-10T07:59:00","6","33.68","-117.86639","16.5","SANTA ANA JOHN WAYNE AIRPORT, CA US","SOD  ","KSNA ","V020","999,9,9,9999,9","99999,9,9,9","999999,9,9,9","+9999,9","+9999,9","99999,9","24,0000,2,5",,,,,,,,,,,,,,,,"0000,5","000,5","240,M,+0194,5","240,N,+0144,5",,,,,,,"10061,9,99999,4",,,"1,24,00760,220,1519,5","2,24,00626,180,1747,5","3,24,00335,999,9999,5","SOD58324 HR PRECIPITATION (IN):  T   TOTAL SUNSHINE (MINUTES):   0 PERCENT POSSIBLE SUNSHINE:  0 24 HR MAX TEMP (F): 6724 HR MAX TEMP TIME (LST):1433 24 HR MIN TEMP (F): 5824 HR MIN TEMP TIME (LST):0703 AVERAGE STATION PRESSURE:29.71  PEAK WIND SPEED (MPH): 17 PEAK WIND DIR (DEG):220 PEAK WIND TIME (LST):1519  FASTEST 2MIN SPEED (MPH): 14FASTEST 2MIN DIR (DEG):180 FASTEST 2MIN TIME (LST):1747 AVERAGE WIND SPEED (MPH): 7.5 HOURLY INCREMENTAL PRECIPITATION VALUES (IN):.00  .00  .00  .00  .00   T   .00   T   .00  .00   T   .00  .00  .00  .00  .00  .00  .00  .00  .00  .00  .00  .00  .00",
"72297793184","2002-06-11T07:59:00","6","33.68","-117.86639","16.5","SANTA ANA JOHN WAYNE AIRPORT, CA US","SOD  ","KSNA ","V020","999,9,9,9999,9","99999,9,9,9","999999,9,9,9","+9999,9","+9999,9","99999,9","24,0000,9,6",,,,,,,,,,,,,,,,"0000,5","000,5","240,M,+0211,5","240,N,+0150,5",,,,,,,"10064,9,99999,4",,,"1,24,00894,200,1337,5","2,24,00715,210,1356,5","3,24,00376,999,9999,5","SOD60524 HR PRECIPITATION (IN): 0.00 TOTAL SUNSHINE (MINUTES):   0 PERCENT POSSIBLE SUNSHINE:  0 24 HR MAX TEMP (F): 7024 HR MAX TEMP TIME (LST):1354 24 HR MIN TEMP (F): 5924 HR MIN TEMP TIME (LST):0458 AVERAGE STATION PRESSURE:29.72  PEAK WIND SPEED (MPH): 20 PEAK WIND DIR (DEG):200 PEAK WIND TIME (LST):1337  FASTEST 2MIN SPEED (MPH): 16FASTEST 2MIN DIR (DEG):210 FASTEST 2MIN TIME (LST):1356 AVERAGE WIND SPEED (MPH): 8.4 24 HR AVG TEMP (F):65 HOURLY INCREMENTAL PRECIPITATION VALUES (IN):.00  .00  .00  .00  .00  .00  .00  .00  .00  .00  .00  .00  .00  .00  .00  .00  .00  .00  .00  .00  .00  .00  .00  .00","R01  0.007AAP092"
"72297793184","2002-06-12T07:59:00","6","33.68","-117.86639","16.5","SANTA ANA JOHN WAYNE AIRPORT, CA US","SOD  ","KSNA ","V020","999,9,9,9999,9","99999,9,9,9","999999,9,9,9","+9999,9","+9999,9","99999,9","24,0000,9,6",,,,,,,,,,,,,,,,"0000,5","000,5","240,M,+0217,5","240,N,+0150,5",,,,,,,"10095,9,99999,4",,,"1,24,00760,200,1535,5","2,24,00626,200,1508,5","3,24,00300,999,9999,5","SOD60524 HR PRECIPITATION (IN): 0.00 TOTAL SUNSHINE (MINUTES):   0 PERCENT POSSIBLE SUNSHINE:  0 24 HR MAX TEMP (F): 7124 HR MAX TEMP TIME (LST):1410 24 HR MIN TEMP (F): 5924 HR MIN TEMP TIME (LST):0043 AVERAGE STATION PRESSURE:29.81  PEAK WIND SPEED (MPH): 17 PEAK WIND DIR (DEG):200 PEAK WIND TIME (LST):1535  FASTEST 2MIN SPEED (MPH): 14FASTEST 2MIN DIR (DEG):200 FASTEST 2MIN TIME (LST):1508 AVERAGE WIND SPEED (MPH): 6.7 24 HR AVG TEMP (F):65 HOURLY INCREMENTAL PRECIPITATION VALUES (IN):.00  .00  .00  .00  .00  .00  .00  .00  .00  .00  .00  .00  .00  .00  .00  .00  .00  .00  .00  .00  .00  .00  .00  .00","R01  0.007AAP092"
"72297793184","2002-06-13T07:59:00","6","33.68","-117.86639","16.5","SANTA ANA JOHN WAYNE AIRPORT, CA US","SOD  ","KSNA ","V020","999,9,9,9999,9","99999,9,9,9","999999,9,9,9","+9999,9","+9999,9","99999,9","24,0000,9,6",,,,,,,,,,,,,,,,"0000,5","000,5","240,M,+0228,5","240,N,+0144,5",,,,,,,"10115,9,99999,4",,,"1,24,00671,230,1556,5","2,24,00536,250,1528,5","3,24,00237,999,9999,5","SOD60524 HR PRECIPITATION (IN): 0.00 TOTAL SUNSHINE (MINUTES):   0 PERCENT POSSIBLE SUNSHINE:  0 24 HR MAX TEMP (F): 7324 HR MAX TEMP TIME (LST):1240 24 HR MIN TEMP (F): 5824 HR MIN TEMP TIME (LST):0528 AVERAGE STATION PRESSURE:29.87  PEAK WIND SPEED (MPH): 15 PEAK WIND DIR (DEG):230 PEAK WIND TIME (LST):1556  FASTEST 2MIN SPEED (MPH): 12FASTEST 2MIN DIR (DEG):250 FASTEST 2MIN TIME (LST):1528 AVERAGE WIND SPEED (MPH): 5.3 24 HR AVG TEMP (F):66 HOURLY INCREMENTAL PRECIPITATION VALUES (IN):.00  .00  .00  .00  .00  .00  .00  .00  .00  .00  .00  .00  .00  .00  .00  .00  .00  .00  .00  .00  .00  .00  .00  .00","R01  0.007AAP092"
"72297793184","2002-06-14T07:59:00","6","33.68","-117.86639","16.5","SANTA ANA JOHN WAYNE AIRPORT, CA US","SOD  ","KSNA ","V020","999,9,9,9999,9","99999,9,9,9","999999,9,9,9","+9999,9","+9999,9","99999,9","24,0000,9,6",,,,,,,,,,,,,,,,"0000,5","000,5","240,M,+0228,5","240,N,+0161,5",,,,,,,"10119,9,99999,4",,,"1,24,00760,220,1530,5","2,24,00626,230,1532,5","3,24,00259,999,9999,5","SOD60524 HR PRECIPITATION (IN): 0.00 TOTAL SUNSHINE (MINUTES):   0 PERCENT POSSIBLE SUNSHINE:  0 24 HR MAX TEMP (F): 7324 HR MAX TEMP TIME (LST):1451 24 HR MIN TEMP (F): 6124 HR MIN TEMP TIME (LST):0601 AVERAGE STATION PRESSURE:29.88  PEAK WIND SPEED (MPH): 17 PEAK WIND DIR (DEG):220 PEAK WIND TIME (LST):1530  FASTEST 2MIN SPEED (MPH): 14FASTEST 2MIN DIR (DEG):230 FASTEST 2MIN TIME (LST):1532 AVERAGE WIND SPEED (MPH): 5.8 24 HR AVG TEMP (F):67 HOURLY INCREMENTAL PRECIPITATION VALUES (IN):.00  .00  .00  .00  .00  .00  .00  .00  .00  .00  .00  .00  .00  .00  .00  .00  .00  .00  .00  .00  .00  .00  .00  .00","R01  0.007AAP092"
"72297793184","2002-06-15T07:59:00","6","33.68","-117.86639","16.5","SANTA ANA JOHN WAYNE AIRPORT, CA US","SOD  ","KSNA ","V020","999,9,9,9999,9","99999,9,9,9","999999,9,9,9","+9999,9","+9999,9","99999,9","24,0000,9,6",,,,,,,,,,,,,,,,"0000,5","000,5","240,M,+0239,5","240,N,+0156,5",,,,,,,"10095,9,99999,4",,,"1,24,00671,210,1446,5","2,24,00536,230,1524,5","3,24,00219,999,9999,5","SOD60524 HR PRECIPITATION (IN): 0.00 TOTAL SUNSHINE (MINUTES):   0 PERCENT POSSIBLE SUNSHINE:  0 24 HR MAX TEMP (F): 7524 HR MAX TEMP TIME (LST):1417 24 HR MIN TEMP (F): 6024 HR MIN TEMP TIME (LST):0603 AVERAGE STATION PRESSURE:29.81  PEAK WIND SPEED (MPH): 15 PEAK WIND DIR (DEG):210 PEAK WIND TIME (LST):1446  FASTEST 2MIN SPEED (MPH): 12FASTEST 2MIN DIR (DEG):230 FASTEST 2MIN TIME (LST):1524 AVERAGE WIND SPEED (MPH): 4.9 24 HR AVG TEMP (F):68 HOURLY INCREMENTAL PRECIPITATION VALUES (IN):.00  .00  .00  .00  .00  .00  .00  .00  .00  .00  .00  .00  .00  .00  .00  .00  .00  .00  .00  .00  .00  .00  .00  .00","R01  0.007AAP092"
"72297793184","2002-06-16T07:59:00","6","33.68","-117.86639","16.5","SANTA ANA JOHN WAYNE AIRPORT, CA US","SOD  ","KSNA ","V020","999,9,9,9999,9","99999,9,9,9","999999,9,9,9","+9999,9","+9999,9","99999,9","24,0000,9,6",,,,,,,,,,,,,,,,"0000,5","000,5","240,M,+0261,5","240,N,+0144,5",,,,,,,"10095,9,99999,4",,,"1,24,00894,200,1347,5","2,24,00760,190,1332,5","3,24,00250,999,9999,5","SOD60524 HR PRECIPITATION (IN): 0.00 TOTAL SUNSHINE (MINUTES):   0 PERCENT POSSIBLE SUNSHINE:  0 24 HR MAX TEMP (F): 7924 HR MAX TEMP TIME (LST):1133 24 HR MIN TEMP (F): 5824 HR MIN TEMP TIME (LST):0458 AVERAGE STATION PRESSURE:29.81  PEAK WIND SPEED (MPH): 20 PEAK WIND DIR (DEG):200 PEAK WIND TIME (LST):1347  FASTEST 2MIN SPEED (MPH): 17FASTEST 2MIN DIR (DEG):190 FASTEST 2MIN TIME (LST):1332 AVERAGE WIND SPEED (MPH): 5.6 24 HR AVG TEMP (F):69 HOURLY INCREMENTAL PRECIPITATION VALUES (IN):.00  .00  .00  .00  .00  .00  .00  .00  .00  .00  .00  .00  .00  .00  .00  .00  .00  .00  .00  .00  .00  .00  .00  .00","R01  0.007AAP092"
"72297793184","2002-06-17T07:59:00","6","33.68","-117.86639","16.5","SANTA ANA JOHN WAYNE AIRPORT, CA US","SOD  ","KSNA ","V020","999,9,9,9999,9","99999,9,9,9","999999,9,9,9","+9999,9","+9999,9","99999,9","24,0000,9,6",,,,,,,,,,,,,,,,"0000,5","000,5","240,M,+0250,5","240,N,+0161,5",,,,,,,"10108,9,99999,4",,,"1,24,00805,200,1144,5","2,24,00626,200,1232,5","3,24,00286,999,9999,5","SOD60524 HR PRECIPITATION (IN): 0.00 TOTAL SUNSHINE (MINUTES):   0 PERCENT POSSIBLE SUNSHINE:  0 24 HR MAX TEMP (F): 7724 HR MAX TEMP TIME (LST):1534 24 HR MIN TEMP (F): 6124 HR MIN TEMP TIME (LST):0547 AVERAGE STATION PRESSURE:29.85  PEAK WIND SPEED (MPH): 18 PEAK WIND DIR (DEG):200 PEAK WIND TIME (LST):1144  FASTEST 2MIN SPEED (MPH): 14FASTEST 2MIN DIR (DEG):200 FASTEST 2MIN TIME (LST):1232 AVERAGE WIND SPEED (MPH): 6.4 24 HR AVG TEMP (F):69 HOURLY INCREMENTAL PRECIPITATION VALUES (IN):.00  .00  .00  .00  .00  .00  .00  .00  .00  .00  .00  .00  .00  .00  .00  .00  .00  .00  .00  .00  .00  .00  .00  .00","R01  0.007AAP092"
"72297793184","2002-06-18T07:59:00","6","33.68","-117.86639","16.5","SANTA ANA JOHN WAYNE AIRPORT, CA US","SOD  ","KSNA ","V020","999,9,9,9999,9","99999,9,9,9","999999,9,9,9","+9999,9","+9999,9","99999,9","24,0000,9,6",,,,,,,,,,,,,,,,"0000,5","000,5","240,M,+0244,5","240,N,+0161,5",,,,,,,"10095,9,99999,4",,,"1,24,00939,210,1350,5","2,24,00671,200,1401,5","3,24,00277,999,9999,5","SOD60524 HR PRECIPITATION (IN): 0.00 TOTAL SUNSHINE (MINUTES):   0 PERCENT POSSIBLE SUNSHINE:  0 24 HR MAX TEMP (F): 7624 HR MAX TEMP TIME (LST):1134 24 HR MIN TEMP (F): 6124 HR MIN TEMP TIME (LST):0252 AVERAGE STATION PRESSURE:29.81  PEAK WIND SPEED (MPH): 21 PEAK WIND DIR (DEG):210 PEAK WIND TIME (LST):1350  FASTEST 2MIN SPEED (MPH): 15FASTEST 2MIN DIR (DEG):200 FASTEST 2MIN TIME (LST):1401 AVERAGE WIND SPEED (MPH): 6.2 24 HR AVG TEMP (F):69 HOURLY INCREMENTAL PRECIPITATION VALUES (IN):.00  .00  .00  .00  .00  .00  .00  .00  .00  .00  .00  .00  .00  .00  .00  .00  .00  .00  .00  .00  .00  .00  .00  .00","R01  0.007AAP092"
"72297793184","2002-06-19T07:59:00","6","33.68","-117.86639","16.5","SANTA ANA JOHN WAYNE AIRPORT, CA US","SOD  ","KSNA ","V020","999,9,9,9999,9","99999,9,9,9","999999,9,9,9","+9999,9","+9999,9","99999,9","24,0000,9,6",,,,,,,,,,,,,,,,"0000,5","000,5","240,M,+0239,5","240,N,+0156,5",,,,,,,"10068,9,99999,4",,,"1,24,00760,190,1324,5","2,24,00671,190,1349,5","3,24,00313,999,9999,5","SOD60524 HR PRECIPITATION (IN): 0.00 TOTAL SUNSHINE (MINUTES):   0 PERCENT POSSIBLE SUNSHINE:  0 24 HR MAX TEMP (F): 7524 HR MAX TEMP TIME (LST):1456 24 HR MIN TEMP (F): 6024 HR MIN TEMP TIME (LST):0302 AVERAGE STATION PRESSURE:29.73  PEAK WIND SPEED (MPH): 17 PEAK WIND DIR (DEG):190 PEAK WIND TIME (LST):1324  FASTEST 2MIN SPEED (MPH): 15FASTEST 2MIN DIR (DEG):190 FASTEST 2MIN TIME (LST):1349 AVERAGE WIND SPEED (MPH): 7.0 24 HR AVG TEMP (F):68 HOURLY INCREMENTAL PRECIPITATION VALUES (IN):.00  .00  .00  .00  .00  .00  .00  .00  .00  .00  .00  .00  .00  .00  .00  .00  .00  .00  .00  .00  .00  .00  .00  .00","R01  0.007AAP092"
"72297793184","2002-06-20T07:59:00","6","33.68","-117.86639","16.5","SANTA ANA JOHN WAYNE AIRPORT, CA US","SOD  ","KSNA ","V020","999,9,9,9999,9","99999,9,9,9","999999,9,9,9","+9999,9","+9999,9","99999,9","24,0000,9,6",,,,,,,,,,,,,,,,"0000,5","000,5","240,M,+0233,5","240,N,+0172,5",,,,,,,"10058,9,99999,4",,,"1,24,01028,200,1400,5","2,24,00805,200,1413,5","3,24,00420,999,9999,5","SOD60524 HR PRECIPITATION (IN): 0.00 TOTAL SUNSHINE (MINUTES):   0 PERCENT POSSIBLE SUNSHINE:  0 24 HR MAX TEMP (F): 7424 HR MAX TEMP TIME (LST):1402 24 HR MIN TEMP (F): 6324 HR MIN TEMP TIME (LST):2359 AVERAGE STATION PRESSURE:29.70  PEAK WIND SPEED (MPH): 23 PEAK WIND DIR (DEG):200 PEAK WIND TIME (LST):1400  FASTEST 2MIN SPEED (MPH): 18FASTEST 2MIN DIR (DEG):200 FASTEST 2MIN TIME (LST):1413 AVERAGE WIND SPEED (MPH): 9.4 24 HR AVG TEMP (F):69 HOURLY INCREMENTAL PRECIPITATION VALUES (IN):.00  .00  .00  .00  .00  .00  .00  .00  .00  .00  .00  .00  .00  .00  .00  .00  .00  .00  .00  .00  .00  .00  .00  .00","R01  0.007AAP092"
"72297793184","2002-06-21T07:59:00","6","33.68","-117.86639","16.5","SANTA ANA JOHN WAYNE AIRPORT, CA US","SOD  ","KSNA ","V020","999,9,9,9999,9","99999,9,9,9","999999,9,9,9","+9999,9","+9999,9","99999,9","24,0000,9,6",,,,,,,,,,,,,,,,"0000,5","000,5","240,M,+0222,5","240,N,+0167,5",,,,,,,"10085,9,99999,4",,,"1,24,00805,200,1157,5","2,24,00671,200,1417,5","3,24,00402,999,9999,5","SOD60524 HR PRECIPITATION (IN): 0.00 TOTAL SUNSHINE (MINUTES):   0 PERCENT POSSIBLE SUNSHINE:  0 24 HR MAX TEMP (F): 7224 HR MAX TEMP TIME (LST):1151 24 HR MIN TEMP (F): 6224 HR MIN TEMP TIME (LST):0301 AVERAGE STATION PRESSURE:29.78  PEAK WIND SPEED (MPH): 18 PEAK WIND DIR (DEG):200 PEAK WIND TIME (LST):1157  FASTEST 2MIN SPEED (MPH): 15FASTEST 2MIN DIR (DEG):200 FASTEST 2MIN TIME (LST):1417 AVERAGE WIND SPEED (MPH): 9.0 24 HR AVG TEMP (F):67 HOURLY INCREMENTAL PRECIPITATION VALUES (IN):.00  .00  .00  .00  .00  .00  .00  .00  .00  .00  .00  .00  .00  .00  .00  .00  .00  .00  .00  .00  .00  .00  .00  .00","R01  0.007AAP092"
"72297793184","2002-06-22T07:59:00","6","33.68","-117.86639","16.5","SANTA ANA JOHN WAYNE AIRPORT, CA US","SOD  ","KSNA ","V020","999,9,9,9999,9","99999,9,9,9","999999,9,9,9","+9999,9","+9999,9","99999,9","24,0000,9,6",,,,,,,,,,,,,,,,"0000,5","000,5","240,M,+0222,5","240,N,+0167,5",,,,,,,"10119,9,99999,4",,,"1,24,00715,220,1353,5","2,24,00626,220,1308,5","3,24,00308,999,9999,5","SOD60524 HR PRECIPITATION (IN): 0.00 TOTAL SUNSHINE (MINUTES):   0 PERCENT POSSIBLE SUNSHINE:  0 24 HR MAX TEMP (F): 7224 HR MAX TEMP TIME (LST):1302 24 HR MIN TEMP (F): 6224 HR MIN TEMP TIME (LST):2349 AVERAGE STATION PRESSURE:29.88  PEAK WIND SPEED (MPH): 16 PEAK WIND DIR (DEG):220 PEAK WIND TIME (LST):1353  FASTEST 2MIN SPEED (MPH): 14FASTEST 2MIN DIR (DEG):220 FASTEST 2MIN TIME (LST):1308 AVERAGE WIND SPEED (MPH): 6.9 24 HR AVG TEMP (F):67 HOURLY INCREMENTAL PRECIPITATION VALUES (IN):.00  .00  .00  .00  .00  .00  .00  .00  .00  .00  .00  .00  .00  .00  .00  .00  .00  .00  .00  .00  .00  .00  .00  .00","R01  0.007AAP092"
"72297793184","2002-06-23T07:59:00","6","33.68","-117.86639","16.5","SANTA ANA JOHN WAYNE AIRPORT, CA US","SOD  ","KSNA ","V020","999,9,9,9999,9","99999,9,9,9","999999,9,9,9","+9999,9","+9999,9","99999,9","24,0000,9,6",,,,,,,,,,,,,,,,"0000,5","000,5","240,M,+0233,5","240,N,+0167,5",,,,,,,"10122,9,99999,4",,,"1,24,00760,210,1442,5","2,24,00626,210,1330,5","3,24,00237,999,9999,5","SOD60524 HR PRECIPITATION (IN): 0.00 TOTAL SUNSHINE (MINUTES):   0 PERCENT POSSIBLE SUNSHINE:  0 24 HR MAX TEMP (F): 7424 HR MAX TEMP TIME (LST):1140 24 HR MIN TEMP (F): 6224 HR MIN TEMP TIME (LST):2359 AVERAGE STATION PRESSURE:29.89  PEAK WIND SPEED (MPH): 17 PEAK WIND DIR (DEG):210 PEAK WIND TIME (LST):1442  FASTEST 2MIN SPEED (MPH): 14FASTEST 2MIN DIR (DEG):210 FASTEST 2MIN TIME (LST):1330 AVERAGE WIND SPEED (MPH): 5.3 24 HR AVG TEMP (F):68 HOURLY INCREMENTAL PRECIPITATION VALUES (IN):.00  .00  .00  .00  .00  .00  .00  .00  .00  .00  .00  .00  .00  .00  .00  .00  .00  .00  .00  .00  .00  .00  .00  .00","R01  0.007AAP092"
"72297793184","2002-06-24T07:59:00","6","33.68","-117.86639","16.5","SANTA ANA JOHN WAYNE AIRPORT, CA US","SOD  ","KSNA ","V020","999,9,9,9999,9","99999,9,9,9","999999,9,9,9","+9999,9","+9999,9","99999,9","24,0000,9,6",,,,,,,,,,,,,,,,"0000,5","000,5","240,M,+0233,5","240,N,+0161,5",,,,,,,"10105,9,99999,4",,,"1,24,00805,230,1114,5","2,24,00581,210,1151,5","3,24,00295,999,9999,5","SOD60524 HR PRECIPITATION (IN): 0.00 TOTAL SUNSHINE (MINUTES):   0 PERCENT POSSIBLE SUNSHINE:  0 24 HR MAX TEMP (F): 7424 HR MAX TEMP TIME (LST):1239 24 HR MIN TEMP (F): 6124 HR MIN TEMP TIME (LST):0209 AVERAGE STATION PRESSURE:29.84  PEAK WIND SPEED (MPH): 18 PEAK WIND DIR (DEG):230 PEAK WIND TIME (LST):1114  FASTEST 2MIN SPEED (MPH): 13FASTEST 2MIN DIR (DEG):210 FASTEST 2MIN TIME (LST):1151 AVERAGE WIND SPEED (MPH): 6.6 24 HR AVG TEMP (F):68 HOURLY INCREMENTAL PRECIPITATION VALUES (IN):.00  .00  .00  .00  .00  .00  .00  .00  .00  .00  .00  .00  .00  .00  .00  .00  .00  .00  .00  .00  .00  .00  .00  .00","R01  0.007AAP092"
"72297793184","2002-06-25T07:59:00","6","33.68","-117.86639","16.5","SANTA ANA JOHN WAYNE AIRPORT, CA US","SOD  ","KSNA ","V020","999,9,9,9999,9","99999,9,9,9","999999,9,9,9","+9999,9","+9999,9","99999,9","24,0000,9,6",,,,,,,,,,,,,,,,"0000,5","000,5","240,M,+0228,5","240,N,+0167,5",,,,,,,"10108,9,99999,4",,,"1,24,00939,230,1314,5","2,24,00626,210,1407,5","3,24,00300,999,9999,5","SOD60524 HR PRECIPITATION (IN): 0.00 TOTAL SUNSHINE (MINUTES):   0 PERCENT POSSIBLE SUNSHINE:  0 24 HR MAX TEMP (F): 7324 HR MAX TEMP TIME (LST):1410 24 HR MIN TEMP (F): 6224 HR MIN TEMP TIME (LST):0609 AVERAGE STATION PRESSURE:29.85  PEAK WIND SPEED (MPH): 21 PEAK WIND DIR (DEG):230 PEAK WIND TIME (LST):1314  FASTEST 2MIN SPEED (MPH): 14FASTEST 2MIN DIR (DEG):210 FASTEST 2MIN TIME (LST):1407 AVERAGE WIND SPEED (MPH): 6.7 24 HR AVG TEMP (F):68 HOURLY INCREMENTAL PRECIPITATION VALUES (IN):.00  .00  .00  .00  .00  .00  .00  .00  .00  .00  .00  .00  .00  .00  .00  .00  .00  .00  .00  .00  .00  .00  .00  .00","R01  0.007AAP092"
"72297793184","2002-06-26T07:59:00","6","33.68","-117.86639","16.5","SANTA ANA JOHN WAYNE AIRPORT, CA US","SOD  ","KSNA ","V020","999,9,9,9999,9","99999,9,9,9","999999,9,9,9","+9999,9","+9999,9","99999,9","24,0000,9,6",,,,,,,,,,,,,,,,"0000,5","000,5","240,M,+0239,5","240,N,+0167,5",,,,,,,"10112,9,99999,4",,,"1,24,00715,230,1316,5","2,24,00581,220,1510,5","3,24,00246,999,9999,5","SOD58324 HR PRECIPITATION (IN): 0.00 TOTAL SUNSHINE (MINUTES):   0 PERCENT POSSIBLE SUNSHINE:  0 24 HR MAX TEMP (F): 7524 HR MAX TEMP TIME (LST):1213 24 HR MIN TEMP (F): 6224 HR MIN TEMP TIME (LST):2359 AVERAGE STATION PRESSURE:29.86  PEAK WIND SPEED (MPH): 16 PEAK WIND DIR (DEG):230 PEAK WIND TIME (LST):1316  FASTEST 2MIN SPEED (MPH): 13FASTEST 2MIN DIR (DEG):220 FASTEST 2MIN TIME (LST):1510 AVERAGE WIND SPEED (MPH): 5.5 HOURLY INCREMENTAL PRECIPITATION VALUES (IN):.00  .00  .00  .00  .00  .00  .00  .00  .00  .00  .00  .00  .00  .00  .00  .00  .00  .00  .00  .00  .00  .00  .00  .00","R01  0.007AAP092"
"72297793184","2002-06-27T07:59:00","6","33.68","-117.86639","16.5","SANTA ANA JOHN WAYNE AIRPORT, CA US","SOD  ","KSNA ","V020","999,9,9,9999,9","99999,9,9,9","999999,9,9,9","+9999,9","+9999,9","99999,9","24,0000,9,6",,,,,,,,,,,,,,,,"0000,5","000,5","240,M,+0222,5","240,N,+0156,5",,,,,,,"10125,9,99999,4",,,"1,24,00715,210,1444,5","2,24,00626,210,1630,5","3,24,00246,999,9999,5","SOD60524 HR PRECIPITATION (IN): 0.00 TOTAL SUNSHINE (MINUTES):   0 PERCENT POSSIBLE SUNSHINE:  0 24 HR MAX TEMP (F): 7224 HR MAX TEMP TIME (LST):1403 24 HR MIN TEMP (F): 6024 HR MIN TEMP TIME (LST):0130 AVERAGE STATION PRESSURE:29.90  PEAK WIND SPEED (MPH): 16 PEAK WIND DIR (DEG):210 PEAK WIND TIME (LST):1444  FASTEST 2MIN SPEED (MPH): 14FASTEST 2MIN DIR (DEG):210 FASTEST 2MIN TIME (LST):1630 AVERAGE WIND SPEED (MPH): 5.5 24 HR AVG TEMP (F):66 HOURLY INCREMENTAL PRECIPITATION VALUES (IN):.00  .00  .00  .00  .00  .00  .00  .00  .00  .00  .00  .00  .00  .00  .00  .00  .00  .00  .00  .00  .00  .00  .00  .00","R01  0.007AAP092"
"72297793184","2002-06-28T07:59:00","6","33.68","-117.86639","16.5","SANTA ANA JOHN WAYNE AIRPORT, CA US","SOD  ","KSNA ","V020","999,9,9,9999,9","99999,9,9,9","999999,9,9,9","+9999,9","+9999,9","99999,9","24,0000,9,6",,,,,,,,,,,,,,,,,,"240,M,+0222,5","240,N,+0161,5",,,,,,,"10108,9,99999,4",,,"1,24,00805,200,1409,5","2,24,00671,200,1532,5","3,24,00291,999,9999,5","SOD54524 HR PRECIPITATION (IN): 0.00 24 HR MAX TEMP (F): 7224 HR MAX TEMP TIME (LST):1202 24 HR MIN TEMP (F): 6124 HR MIN TEMP TIME (LST):0708 AVERAGE STATION PRESSURE:29.85  PEAK WIND SPEED (MPH): 18 PEAK WIND DIR (DEG):200 PEAK WIND TIME (LST):1409  FASTEST 2MIN SPEED (MPH): 15FASTEST 2MIN DIR (DEG):200 FASTEST 2MIN TIME (LST):1532 AVERAGE WIND SPEED (MPH): 6.5 24 HR AVG TEMP (F):67 HOURLY INCREMENTAL PRECIPITATION VALUES (IN):.00  .00  .00  .00  .00  .00  .00  .00  .00  .00  .00  .00  .00  .00  .00  .00  .00  .00  .00  .00  .00  .00  .00  .00","R01  0.007AAP092"
"72297793184","2002-06-29T07:59:00","6","33.68","-117.86639","16.5","SANTA ANA JOHN WAYNE AIRPORT, CA US","SOD  ","KSNA ","V020","999,9,9,9999,9","99999,9,9,9","999999,9,9,9","+9999,9","+9999,9","99999,9","24,0000,9,6",,,,,,,,,,,,,,,,"0000,5","000,5","240,M,+0228,5","240,N,+0161,5",,,,,,,"10091,9,99999,4",,,"1,24,00894,220,1207,5","2,24,00626,200,1244,5","3,24,00304,999,9999,5","SOD60524 HR PRECIPITATION (IN): 0.00 TOTAL SUNSHINE (MINUTES):   0 PERCENT POSSIBLE SUNSHINE:  0 24 HR MAX TEMP (F): 7324 HR MAX TEMP TIME (LST):1533 24 HR MIN TEMP (F): 6124 HR MIN TEMP TIME (LST):0450 AVERAGE STATION PRESSURE:29.80  PEAK WIND SPEED (MPH): 20 PEAK WIND DIR (DEG):220 PEAK WIND TIME (LST):1207  FASTEST 2MIN SPEED (MPH): 14FASTEST 2MIN DIR (DEG):200 FASTEST 2MIN TIME (LST):1244 AVERAGE WIND SPEED (MPH): 6.8 24 HR AVG TEMP (F):67 HOURLY INCREMENTAL PRECIPITATION VALUES (IN):.00  .00  .00  .00  .00  .00  .00  .00  .00  .00  .00  .00  .00  .00  .00  .00  .00  .00  .00  .00  .00  .00  .00  .00","R01  0.007AAP092"
"72297793184","2002-06-30T07:59:00","6","33.68","-117.86639","16.5","SANTA ANA JOHN WAYNE AIRPORT, CA US","SOD  ","KSNA ","V020","999,9,9,9999,9","99999,9,9,9","999999,9,9,9","+9999,9","+9999,9","99999,9","24,0000,9,6",,,,,,,,,,,,,,,,"0000,5","000,5","240,M,+0228,5","240,N,+0167,5",,,,,,,"10091,9,99999,4",,,"1,24,00805,190,1459,5","2,24,00626,200,1545,5","3,24,00313,999,9999,5","SOD60524 HR PRECIPITATION (IN): 0.00 TOTAL SUNSHINE (MINUTES):   0 PERCENT POSSIBLE SUNSHINE:  0 24 HR MAX TEMP (F): 7324 HR MAX TEMP TIME (LST):1325 24 HR MIN TEMP (F): 6224 HR MIN TEMP TIME (LST):2359 AVERAGE STATION PRESSURE:29.80  PEAK WIND SPEED (MPH): 18 PEAK WIND DIR (DEG):190 PEAK WIND TIME (LST):1459  FASTEST 2MIN SPEED (MPH): 14FASTEST 2MIN DIR (DEG):200 FASTEST 2MIN TIME (LST):1545 AVERAGE WIND SPEED (MPH): 7.0 24 HR AVG TEMP (F):68 HOURLY INCREMENTAL PRECIPITATION VALUES (IN):.00  .00  .00  .00  .00  .00  .00  .00  .00  .00  .00  .00  .00  .00  .00  .00  .00  .00  .00  .00  .00  .00  .00  .00","R01  0.007AAP092"
"72297793184","2002-07-01T07:59:00","6","33.68","-117.86639","16.5","SANTA ANA JOHN WAYNE AIRPORT, CA US","SOD  ","KSNA ","V020","999,9,9,9999,9","99999,9,9,9","999999,9,9,9","+9999,9","+9999,9","99999,9","24,0000,9,6",,,,,,,,,,,,,,,,,,"240,M,+0222,5","240,N,+0167,5",,,,,,,"10112,9,99999,4",,,"1,24,00760,200,1353,5","2,24,00626,210,1804,5","3,24,00313,999,9999,5","SOD54524 HR PRECIPITATION (IN): 0.00 24 HR MAX TEMP (F): 7224 HR MAX TEMP TIME (LST):1528 24 HR MIN TEMP (F): 6224 HR MIN TEMP TIME (LST):0710 AVERAGE STATION PRESSURE:29.86  PEAK WIND SPEED (MPH): 17 PEAK WIND DIR (DEG):200 PEAK WIND TIME (LST):1353  FASTEST 2MIN SPEED (MPH): 14FASTEST 2MIN DIR (DEG):210 FASTEST 2MIN TIME (LST):1804 AVERAGE WIND SPEED (MPH): 7.0 24 HR AVG TEMP (F):67 HOURLY INCREMENTAL PRECIPITATION VALUES (IN):.00  .00  .00  .00  .00  .00  .00  .00  .00  .00  .00  .00  .00  .00  .00  .00  .00  .00  .00  .00  .00  .00  .00  .00","R01  0.007AAP092"
"72297793184","2002-07-01T07:59:00","6","33.68","-117.86639","16.5","SANTA ANA JOHN WAYNE AIRPORT, CA US","SOM  ","KSNA ","V020","999,9,9,9999,9","99999,9,9,9","999999,9,9,9","+9999,9","+9999,9","99999,9",,"00000,2,5","00000,2,9999,9999,9999,7","00,5,00,5,99,9,00,5","005,0000,2,999999,5","010,0000,2,999999,5","015,0000,2,999999,5","020,0000,2,999999,5","030,0000,2,999999,5","045,0000,2,999999,5","060,0000,2,999999,5","080,0000,2,999999,5","100,0000,2,999999,5","120,0000,2,999999,5","150,0000,2,999999,5","180,0000,2,999999,5",,,,,"720,N,+1589,5","720,M,+2267,5","720,A,+1928,5","720,H,0003,6","720,C,0061,6","00,5,00,5,00,5,00,5",,"10095,4,10125,4","10163,130738,5,10071,190236,5",,,,"SOM657PCP MTOT:  T DEPNRM: 0.00 PCP GT 24HRS: T DATE(S):9 DAYS W/PCP >=.01: 0 DAYS W/PCP >=.10: 0 DAYS W/PCP >=1.00:  MSDP AMTS W/DATE-TIME TAGS:MIN: 5/T MIN:10/T MIN:15/T MIN:20/T MIN:30/T MIN:45/T MIN:60/T MIN:80/T MIN:100/T MIN:120/T MIN:150/T MIN:180/T SN GT DP ON GRND:0 DATE(S):0  AVG DLY MIN: 60.6 AVG DLY MAX: 72.8 AVG MLY TMP: 66.7 DAYS MAX <=32:  DAYS MAX >=70: 0 DAYS MAX >=90: 0 DAYS MIN <=32: 0 DAYS MIN  <=0: 0 AVG STP:29.81  AVG SLP:29.90  LWST SLP:29.74 DATE/TIME:190236 HGST SLP:30.01 DATE/TIME:130738 HDD MTH TOT:   3 DEP NORM:-255 SEASON(JUL 1-JUN 30): 1398 DEP NORM:71985 CDD MTH TOT:  61 DEP NORM:-255 SEASON(JAN 1-DEC 31):   97 DEP NORM:2224","R01     T7ADP002R02     37KDH045R03    617KDC058"
"72297793184","2002-07-02T07:59:00","6","33.68","-117.86639","16.5","SANTA ANA JOHN WAYNE AIRPORT, CA US","SOD  ","KSNA ","V020","999,9,9,9999,9","99999,9,9,9","999999,9,9,9","+9999,9","+9999,9","99999,9","24,0000,9,5",,,,,,,,,,,,,,,,,,"240,M,+0261,5","240,N,+0161,6",,,,,,,"10122,9,99999,4",,,"1,24,00939,200,1524,5","2,24,00760,200,1519,5","3,24,00268,999,9999,5","SOD54524 HR PRECIPITATION (IN): 0.00 24 HR MAX TEMP (F): 7924 HR MAX TEMP TIME (LST):1217 24 HR MIN TEMP (F): 6124 HR MIN TEMP TIME (LST):0236 AVERAGE STATION PRESSURE:29.89  PEAK WIND SPEED (MPH): 21 PEAK WIND DIR (DEG):200 PEAK WIND TIME (LST):1524  FASTEST 2MIN SPEED (MPH): 17FASTEST 2MIN DIR (DEG):200 FASTEST 2MIN TIME (LST):1519 AVERAGE WIND SPEED (MPH): 6.0 24 HR AVG TEMP (F):70 HOURLY INCREMENTAL PRECIPITATION VALUES (IN):.00  .00  .00  .00  .00  .00  .00  .00  .00  .00  .00  .00  .00  .00  .00  .00  .00  .00  .00  .00  .00  .00  .00  .00","R01    617KAN014"
"72297793184","2002-07-03T07:59:00","6","33.68","-117.86639","16.5","SANTA ANA JOHN WAYNE AIRPORT, CA US","SOD  ","KSNA ","V020","999,9,9,9999,9","99999,9,9,9","999999,9,9,9","+9999,9","+9999,9","99999,9","24,0000,9,5",,,,,,,,,,,,,,,,,,"240,M,+0250,5","240,N,+0172,5",,,,,,,"10122,9,99999,4",,,"1,24,00715,210,1459,5","2,24,00536,220,1632,5","3,24,00241,999,9999,5","SOD54524 HR PRECIPITATION (IN): 0.00 24 HR MAX TEMP (F): 7724 HR MAX TEMP TIME (LST):1300 24 HR MIN TEMP (F): 6324 HR MIN TEMP TIME (LST):2359 AVERAGE STATION PRESSURE:29.89  PEAK WIND SPEED (MPH): 16 PEAK WIND DIR (DEG):210 PEAK WIND TIME (LST):1459  FASTEST 2MIN SPEED (MPH): 12FASTEST 2MIN DIR (DEG):220 FASTEST 2MIN TIME (LST):1632 AVERAGE WIND SPEED (MPH): 5.4 24 HR AVG TEMP (F):70 HOURLY INCREMENTAL PRECIPITATION VALUES (IN):.00  .00  .00  .00  .00  .00  .00  .00  .00  .00  .00  .00  .00  .00  .00  .00  .00  .00  .00  .00  .00  .00  .00  .00",
"72297793184","2002-07-04T07:59:00","6","33.68","-117.86639","16.5","SANTA ANA JOHN WAYNE AIRPORT, CA US","SOD  ","KSNA ","V020","999,9,9,9999,9","99999,9,9,9","999999,9,9,9","+9999,9","+9999,9","99999,9","24,0000,9,5",,,,,,,,,,,,,,,,,,"240,M,+0222,5","240,N,+0167,5",,,,,,,"10112,9,99999,4",,,"1,24,00760,260,1228,5","2,24,00626,210,1258,5","3,24,00228,999,9999,5","SOD54524 HR PRECIPITATION (IN): 0.00 24 HR MAX TEMP (F): 7224 HR MAX TEMP TIME (LST):1440 24 HR MIN TEMP (F): 6224 HR MIN TEMP TIME (LST):2247 AVERAGE STATION PRESSURE:29.86  PEAK WIND SPEED (MPH): 17 PEAK WIND DIR (DEG):260 PEAK WIND TIME (LST):1228  FASTEST 2MIN SPEED (MPH): 14FASTEST 2MIN DIR (DEG):210 FASTEST 2MIN TIME (LST):1258 AVERAGE WIND SPEED (MPH): 5.1 24 HR AVG TEMP (F):67 HOURLY INCREMENTAL PRECIPITATION VALUES (IN):.00  .00  .00  .00  .00  .00  .00  .00  .00  .00  .00  .00  .00  .00  .00  .00  .00  .00  .00  .00  .00  .00  .00  .00",
"72297793184","2002-07-05T07:59:00","6","33.68","-117.86639","16.5","SANTA ANA JOHN WAYNE AIRPORT, CA US","SOD  ","KSNA ","V020","999,9,9,9999,9","99999,9,9,9","999999,9,9,9","+9999,9","+9999,9","99999,9","24,0000,9,5",,,,,,,,,,,,,,,,,,"240,M,+0217,5","240,N,+0167,5",,,,,,,"10091,9,99999,4",,,"1,24,00805,200,1526,5","2,24,00671,200,1526,5","3,24,00376,999,9999,5","SOD54524 HR PRECIPITATION (IN): 0.00 24 HR MAX TEMP (F): 7124 HR MAX TEMP TIME (LST):1342 24 HR MIN TEMP (F): 6224 HR MIN TEMP TIME (LST):2359 AVERAGE STATION PRESSURE:29.80  PEAK WIND SPEED (MPH): 18 PEAK WIND DIR (DEG):200 PEAK WIND TIME (LST):1526  FASTEST 2MIN SPEED (MPH): 15FASTEST 2MIN DIR (DEG):200 FASTEST 2MIN TIME (LST):1526 AVERAGE WIND SPEED (MPH): 8.4 24 HR AVG TEMP (F):67 HOURLY INCREMENTAL PRECIPITATION VALUES (IN):.00  .00  .00  .00  .00  .00  .00  .00  .00  .00  .00  .00  .00  .00  .00  .00  .00  .00  .00  .00  .00  .00  .00  .00",
"72297793184","2002-07-06T07:59:00","6","33.68","-117.86639","16.5","SANTA ANA JOHN WAYNE AIRPORT, CA US","SOD  ","KSNA ","V020","999,9,9,9999,9","99999,9,9,9","999999,9,9,9","+9999,9","+9999,9","99999,9","24,0000,9,5",,,,,,,,,,,,,,,,"0000,5","000,5","240,M,+0228,5","240,N,+0167,5",,,,,,,"10098,9,99999,4",,,"1,24,00894,230,1300,5","2,24,00671,200,1255,5","3,24,00300,999,9999,5","SOD60524 HR PRECIPITATION (IN): 0.00 TOTAL SUNSHINE (MINUTES):   0 PERCENT POSSIBLE SUNSHINE:  0 24 HR MAX TEMP (F): 7324 HR MAX TEMP TIME (LST):1230 24 HR MIN TEMP (F): 6224 HR MIN TEMP TIME (LST):0550 AVERAGE STATION PRESSURE:29.82  PEAK WIND SPEED (MPH): 20 PEAK WIND DIR (DEG):230 PEAK WIND TIME (LST):1300  FASTEST 2MIN SPEED (MPH): 15FASTEST 2MIN DIR (DEG):200 FASTEST 2MIN TIME (LST):1255 AVERAGE WIND SPEED (MPH): 6.7 24 HR AVG TEMP (F):68 HOURLY INCREMENTAL PRECIPITATION VALUES (IN):.00  .00  .00  .00  .00  .00  .00  .00  .00  .00  .00  .00  .00  .00  .00  .00  .00  .00  .00  .00  .00  .00  .00  .00",
"72297793184","2002-07-07T07:59:00","6","33.68","-117.86639","16.5","SANTA ANA JOHN WAYNE AIRPORT, CA US","SOD  ","KSNA ","V020","999,9,9,9999,9","99999,9,9,9","999999,9,9,9","+9999,9","+9999,9","99999,9","24,0000,9,5",,,,,,,,,,,,,,,,"0000,5","000,5","240,M,+0239,5","240,N,+0178,5",,,,,,,"10119,9,99999,4",,,"1,24,00894,200,1329,5","2,24,00715,190,1259,5","3,24,00282,999,9999,5","SOD60524 HR PRECIPITATION (IN): 0.00 TOTAL SUNSHINE (MINUTES):   0 PERCENT POSSIBLE SUNSHINE:  0 24 HR MAX TEMP (F): 7524 HR MAX TEMP TIME (LST):1203 24 HR MIN TEMP (F): 6424 HR MIN TEMP TIME (LST):2027 AVERAGE STATION PRESSURE:29.88  PEAK WIND SPEED (MPH): 20 PEAK WIND DIR (DEG):200 PEAK WIND TIME (LST):1329  FASTEST 2MIN SPEED (MPH): 16FASTEST 2MIN DIR (DEG):190 FASTEST 2MIN TIME (LST):1259 AVERAGE WIND SPEED (MPH): 6.3 24 HR AVG TEMP (F):70 HOURLY INCREMENTAL PRECIPITATION VALUES (IN):.00  .00  .00  .00  .00  .00  .00  .00  .00  .00  .00  .00  .00  .00  .00  .00  .00  .00  .00  .00  .00  .00  .00  .00",
"72297793184","2002-07-08T07:59:00","6","33.68","-117.86639","16.5","SANTA ANA JOHN WAYNE AIRPORT, CA US","SOD  ","KSNA ","V020","999,9,9,9999,9","99999,9,9,9","999999,9,9,9","+9999,9","+9999,9","99999,9","24,0000,9,5",,,,,,,,,,,,,,,,"0000,5","000,5","240,M,+0244,5","240,N,+0172,5",,,,,,,"10102,9,99999,4",,,"1,24,00760,220,1138,5","2,24,00581,220,1621,5","3,24,00259,999,9999,5","SOD60524 HR PRECIPITATION (IN): 0.00 TOTAL SUNSHINE (MINUTES):   0 PERCENT POSSIBLE SUNSHINE:  0 24 HR MAX TEMP (F): 7624 HR MAX TEMP TIME (LST):1213 24 HR MIN TEMP (F): 6324 HR MIN TEMP TIME (LST):2254 AVERAGE STATION PRESSURE:29.83  PEAK WIND SPEED (MPH): 17 PEAK WIND DIR (DEG):220 PEAK WIND TIME (LST):1138  FASTEST 2MIN SPEED (MPH): 13FASTEST 2MIN DIR (DEG):220 FASTEST 2MIN TIME (LST):1621 AVERAGE WIND SPEED (MPH): 5.8 24 HR AVG TEMP (F):70 HOURLY INCREMENTAL PRECIPITATION VALUES (IN):.00  .00  .00  .00  .00  .00  .00  .00  .00  .00  .00  .00  .00  .00  .00  .00  .00  .00  .00  .00  .00  .00  .00  .00",
"72297793184","2002-07-09T07:59:00","6","33.68","-117.86639","16.5","SANTA ANA JOHN WAYNE AIRPORT, CA US","SOD  ","KSNA ","V020","999,9,9,9999,9","99999,9,9,9","999999,9,9,9","+9999,9","+9999,9","99999,9","24,0000,9,5",,,,,,,,,,,,,,,,"0000,5","000,5","240,M,+0250,5","240,N,+0172,5",,,,,,,"10095,9,99999,4",,,"1,24,00939,220,1136,5","2,24,00671,200,1459,5","3,24,00282,999,9999,5","SOD60524 HR PRECIPITATION (IN): 0.00 TOTAL SUNSHINE (MINUTES):   0 PERCENT POSSIBLE SUNSHINE:  0 24 HR MAX TEMP (F): 7724 HR MAX TEMP TIME (LST):1438 24 HR MIN TEMP (F): 6324 HR MIN TEMP TIME (LST):2135 AVERAGE STATION PRESSURE:29.81  PEAK WIND SPEED (MPH): 21 PEAK WIND DIR (DEG):220 PEAK WIND TIME (LST):1136  FASTEST 2MIN SPEED (MPH): 15FASTEST 2MIN DIR (DEG):200 FASTEST 2MIN TIME (LST):1459 AVERAGE WIND SPEED (MPH): 6.3 24 HR AVG TEMP (F):70 HOURLY INCREMENTAL PRECIPITATION VALUES (IN):.00  .00  .00  .00  .00  .00  .00  .00  .00  .00  .00  .00  .00  .00  .00  .00  .00  .00  .00  .00  .00  .00  .00  .00",
"72297793184","2002-07-10T07:59:00","6","33.68","-117.86639","16.5","SANTA ANA JOHN WAYNE AIRPORT, CA US","SOD  ","KSNA ","V020","999,9,9,9999,9","99999,9,9,9","999999,9,9,9","+9999,9","+9999,9","99999,9","24,0000,9,5",,,,,,,,,,,,,,,,"0000,5","000,5","240,M,+0283,5","240,N,+0178,5",,,,,,,"10091,9,99999,4",,,"1,24,00983,220,1424,5","2,24,00894,220,1335,5","3,24,00277,999,9999,5","SOD60524 HR PRECIPITATION (IN): 0.00 TOTAL SUNSHINE (MINUTES):   0 PERCENT POSSIBLE SUNSHINE:  0 24 HR MAX TEMP (F): 8324 HR MAX TEMP TIME (LST):1003 24 HR MIN TEMP (F): 6424 HR MIN TEMP TIME (LST):2324 AVERAGE STATION PRESSURE:29.80  PEAK WIND SPEED (MPH): 22 PEAK WIND DIR (DEG):220 PEAK WIND TIME (LST):1424  FASTEST 2MIN SPEED (MPH): 20FASTEST 2MIN DIR (DEG):220 FASTEST 2MIN TIME (LST):1335 AVERAGE WIND SPEED (MPH): 6.2 24 HR AVG TEMP (F):74 HOURLY INCREMENTAL PRECIPITATION VALUES (IN):.00  .00  .00  .00  .00  .00  .00  .00  .00  .00  .00  .00  .00  .00  .00  .00  .00  .00  .00  .00  .00  .00  .00  .00",
"72297793184","2002-07-11T07:59:00","6","33.68","-117.86639","16.5","SANTA ANA JOHN WAYNE AIRPORT, CA US","SOD  ","KSNA ","V020","999,9,9,9999,9","99999,9,9,9","999999,9,9,9","+9999,9","+9999,9","99999,9","24,0000,9,5",,,,,,,,,,,,,,,,"0000,5","000,5","240,M,+0261,5","240,N,+0178,5",,,,,,,"10098,9,99999,4",,,"1,24,00894,210,1554,5","2,24,00760,210,1456,5","3,24,00291,999,9999,5","SOD60524 HR PRECIPITATION (IN): 0.00 TOTAL SUNSHINE (MINUTES):   0 PERCENT POSSIBLE SUNSHINE:  0 24 HR MAX TEMP (F): 7924 HR MAX TEMP TIME (LST):0913 24 HR MIN TEMP (F): 6424 HR MIN TEMP TIME (LST):0051 AVERAGE STATION PRESSURE:29.82  PEAK WIND SPEED (MPH): 20 PEAK WIND DIR (DEG):210 PEAK WIND TIME (LST):1554  FASTEST 2MIN SPEED (MPH): 17FASTEST 2MIN DIR (DEG):210 FASTEST 2MIN TIME (LST):1456 AVERAGE WIND SPEED (MPH): 6.5 24 HR AVG TEMP (F):72 HOURLY INCREMENTAL PRECIPITATION VALUES (IN):.00  .00  .00  .00  .00  .00  .00  .00  .00  .00  .00  .00  .00  .00  .00  .00  .00  .00  .00  .00  .00  .00  .00  .00",
"72297793184","2002-07-12T07:59:00","6","33.68","-117.86639","16.5","SANTA ANA JOHN WAYNE AIRPORT, CA US","SOD  ","KSNA ","V020","999,9,9,9999,9","99999,9,9,9","999999,9,9,9","+9999,9","+9999,9","99999,9","24,0000,2,5",,,,,,,,,,,,,,,,"0000,5","000,5","240,M,+0250,5","240,N,+0183,5",,,,,,,"10095,9,99999,4",,,"1,24,00671,190,1456,5","2,24,00581,210,1315,5","3,24,00228,999,9999,5","SOD60524 HR PRECIPITATION (IN):  T   TOTAL SUNSHINE (MINUTES):   0 PERCENT POSSIBLE SUNSHINE:  0 24 HR MAX TEMP (F): 7724 HR MAX TEMP TIME (LST):1214 24 HR MIN TEMP (F): 6524 HR MIN TEMP TIME (LST):0437 AVERAGE STATION PRESSURE:29.81  PEAK WIND SPEED (MPH): 15 PEAK WIND DIR (DEG):190 PEAK WIND TIME (LST):1456  FASTEST 2MIN SPEED (MPH): 13FASTEST 2MIN DIR (DEG):210 FASTEST 2MIN TIME (LST):1315 AVERAGE WIND SPEED (MPH): 5.1 24 HR AVG TEMP (F):71 HOURLY INCREMENTAL PRECIPITATION VALUES (IN):.00  .00  .00  .00  .00  .00   T    T   .00  .00  .00  .00  .00  .00  .00  .00  .00  .00  .00  .00  .00  .00  .00  .00",
"72297793184","2002-07-13T07:59:00","6","33.68","-117.86639","16.5","SANTA ANA JOHN WAYNE AIRPORT, CA US","SOD  ","KSNA ","V020","999,9,9,9999,9","99999,9,9,9","999999,9,9,9","+9999,9","+9999,9","99999,9","24,0000,9,6",,,,,,,,,,,,,,,,"0000,5","000,5","240,M,+0272,5","240,N,+0183,5",,,,,,,"10091,9,99999,4",,,"1,24,00805,200,1401,5","2,24,00671,190,1412,5","3,24,00295,999,9999,5","SOD60524 HR PRECIPITATION (IN): 0.00 TOTAL SUNSHINE (MINUTES):   0 PERCENT POSSIBLE SUNSHINE:  0 24 HR MAX TEMP (F): 8124 HR MAX TEMP TIME (LST):1307 24 HR MIN TEMP (F): 6524 HR MIN TEMP TIME (LST):0346 AVERAGE STATION PRESSURE:29.80  PEAK WIND SPEED (MPH): 18 PEAK WIND DIR (DEG):200 PEAK WIND TIME (LST):1401  FASTEST 2MIN SPEED (MPH): 15FASTEST 2MIN DIR (DEG):190 FASTEST 2MIN TIME (LST):1412 AVERAGE WIND SPEED (MPH): 6.6 24 HR AVG TEMP (F):73 HOURLY INCREMENTAL PRECIPITATION VALUES (IN):.00  .00  .00  .00  .00  .00  .00  .00  .00  .00  .00  .00  .00  .00  .00  .00  .00  .00  .00  .00  .00  .00  .00  .00","R01  0.007AAP092"
"72297793184","2002-07-14T07:59:00","6","33.68","-117.86639","16.5","SANTA ANA JOHN WAYNE AIRPORT, CA US","SOD  ","KSNA ","V020","999,9,9,9999,9","99999,9,9,9","999999,9,9,9","+9999,9","+9999,9","99999,9","24,0000,9,6",,,,,,,,,,,,,,,,"0000,5","000,5","240,M,+0256,5","240,N,+0183,5",,,,,,,"10078,9,99999,4",,,"1,24,00671,220,1515,5","2,24,00581,220,1533,5","3,24,00259,999,9999,5","SOD60524 HR PRECIPITATION (IN): 0.00 TOTAL SUNSHINE (MINUTES):   0 PERCENT POSSIBLE SUNSHINE:  0 24 HR MAX TEMP (F): 7824 HR MAX TEMP TIME (LST):1410 24 HR MIN TEMP (F): 6524 HR MIN TEMP TIME (LST):2359 AVERAGE STATION PRESSURE:29.76  PEAK WIND SPEED (MPH): 15 PEAK WIND DIR (DEG):220 PEAK WIND TIME (LST):1515  FASTEST 2MIN SPEED (MPH): 13FASTEST 2MIN DIR (DEG):220 FASTEST 2MIN TIME (LST):1533 AVERAGE WIND SPEED (MPH): 5.8 24 HR AVG TEMP (F):72 HOURLY INCREMENTAL PRECIPITATION VALUES (IN):.00  .00  .00  .00  .00  .00  .00  .00  .00  .00  .00  .00  .00  .00  .00  .00  .00  .00  .00  .00  .00  .00  .00  .00","R01  0.007AAP092"
"72297793184","2002-07-15T07:59:00","6","33.68","-117.86639","16.5","SANTA ANA JOHN WAYNE AIRPORT, CA US","SOD  ","KSNA ","V020","999,9,9,9999,9","99999,9,9,9","999999,9,9,9","+9999,9","+9999,9","99999,9","24,0000,9,6",,,,,,,,,,,,,,,,"0000,5","000,5","240,M,+0256,5","240,N,+0183,5",,,,,,,"10071,9,99999,4",,,"1,24,00760,200,1759,5","2,24,00626,220,1842,5","3,24,00313,999,9999,5","SOD60524 HR PRECIPITATION (IN): 0.00 TOTAL SUNSHINE (MINUTES):   0 PERCENT POSSIBLE SUNSHINE:  0 24 HR MAX TEMP (F): 7824 HR MAX TEMP TIME (LST):1324 24 HR MIN TEMP (F): 6524 HR MIN TEMP TIME (LST):2359 AVERAGE STATION PRESSURE:29.74  PEAK WIND SPEED (MPH): 17 PEAK WIND DIR (DEG):200 PEAK WIND TIME (LST):1759  FASTEST 2MIN SPEED (MPH): 14FASTEST 2MIN DIR (DEG):220 FASTEST 2MIN TIME (LST):1842 AVERAGE WIND SPEED (MPH): 7.0 24 HR AVG TEMP (F):72 HOURLY INCREMENTAL PRECIPITATION VALUES (IN):.00  .00  .00  .00  .00  .00  .00  .00  .00  .00  .00  .00  .00  .00  .00  .00  .00  .00  .00  .00  .00  .00  .00  .00","R01  0.007AAP092"
"72297793184","2002-07-16T07:59:00","6","33.68","-117.86639","16.5","SANTA ANA JOHN WAYNE AIRPORT, CA US","SOD  ","KSNA ","V020","999,9,9,9999,9","99999,9,9,9","999999,9,9,9","+9999,9","+9999,9","99999,9","24,0000,9,6",,,,,,,,,,,,,,,,"0000,5","000,5","240,M,+0261,5","240,N,+0178,5",,,,,,,"10098,9,99999,4",,,"1,24,01073,210,1440,5","2,24,00939,210,1437,5","3,24,00376,999,9999,5","SOD60524 HR PRECIPITATION (IN): 0.00 TOTAL SUNSHINE (MINUTES):   0 PERCENT POSSIBLE SUNSHINE:  0 24 HR MAX TEMP (F): 7924 HR MAX TEMP TIME (LST):0935 24 HR MIN TEMP (F): 6424 HR MIN TEMP TIME (LST):0519 AVERAGE STATION PRESSURE:29.82  PEAK WIND SPEED (MPH): 24 PEAK WIND DIR (DEG):210 PEAK WIND TIME (LST):1440  FASTEST 2MIN SPEED (MPH): 21FASTEST 2MIN DIR (DEG):210 FASTEST 2MIN TIME (LST):1437 AVERAGE WIND SPEED (MPH): 8.4 24 HR AVG TEMP (F):72 HOURLY INCREMENTAL PRECIPITATION VALUES (IN):.00  .00  .00  .00  .00  .00  .00  .00  .00  .00  .00  .00  .00  .00  .00  .00  .00  .00  .00  .00  .00  .00  .00  .00","R01  0.007AAP092"
"72297793184","2002-07-17T07:59:00","6","33.68","-117.86639","16.5","SANTA ANA JOHN WAYNE AIRPORT, CA US","SOD  ","KSNA ","V020","999,9,9,9999,9","99999,9,9,9","999999,9,9,9","+9999,9","+9999,9","99999,9","24,0000,9,6",,,,,,,,,,,,,,,,"0000,5","000,5","240,M,+0244,5","240,N,+0183,5",,,,,,,"10112,9,99999,4",,,"1,24,00939,230,1515,5","2,24,00715,210,1504,5","3,24,00344,999,9999,5","SOD60524 HR PRECIPITATION (IN): 0.00 TOTAL SUNSHINE (MINUTES):   0 PERCENT POSSIBLE SUNSHINE:  0 24 HR MAX TEMP (F): 7624 HR MAX TEMP TIME (LST):1337 24 HR MIN TEMP (F): 6524 HR MIN TEMP TIME (LST):2359 AVERAGE STATION PRESSURE:29.86  PEAK WIND SPEED (MPH): 21 PEAK WIND DIR (DEG):230 PEAK WIND TIME (LST):1515  FASTEST 2MIN SPEED (MPH): 16FASTEST 2MIN DIR (DEG):210 FASTEST 2MIN TIME (LST):1504 AVERAGE WIND SPEED (MPH): 7.7 24 HR AVG TEMP (F):71 HOURLY INCREMENTAL PRECIPITATION VALUES (IN):.00  .00  .00  .00  .00  .00  .00  .00  .00  .00  .00  .00  .00  .00  .00  .00  .00  .00  .00  .00  .00  .00  .00  .00","R01  0.007AAP092"
"72297793184","2002-07-18T07:59:00","6","33.68","-117.86639","16.5","SANTA ANA JOHN WAYNE AIRPORT, CA US","SOD  ","KSNA ","V020","999,9,9,9999,9","99999,9,9,9","999999,9,9,9","+9999,9","+9999,9","99999,9","24,0000,9,6",,,,,,,,,,,,,,,,"0000,5","000,5","240,M,+0244,5","240,N,+0178,5",,,,,,,"10119,9,99999,4",,,"1,24,01028,220,1303,5","2,24,00626,210,1248,5","3,24,00295,999,9999,5","SOD60524 HR PRECIPITATION (IN): 0.00 TOTAL SUNSHINE (MINUTES):   0 PERCENT POSSIBLE SUNSHINE:  0 24 HR MAX TEMP (F): 7624 HR MAX TEMP TIME (LST):1435 24 HR MIN TEMP (F): 6424 HR MIN TEMP TIME (LST):0219 AVERAGE STATION PRESSURE:29.88  PEAK WIND SPEED (MPH): 23 PEAK WIND DIR (DEG):220 PEAK WIND TIME (LST):1303  FASTEST 2MIN SPEED (MPH): 14FASTEST 2MIN DIR (DEG):210 FASTEST 2MIN TIME (LST):1248 AVERAGE WIND SPEED (MPH): 6.6 24 HR AVG TEMP (F):70 HOURLY INCREMENTAL PRECIPITATION VALUES (IN):.00  .00  .00  .00  .00  .00  .00  .00  .00  .00  .00  .00  .00  .00  .00  .00  .00  .00  .00  .00  .00  .00  .00  .00","R01  0.007AAP092"
"72297793184","2002-07-19T07:59:00","6","33.68","-117.86639","16.5","SANTA ANA JOHN WAYNE AIRPORT, CA US","SOD  ","KSNA ","V020","999,9,9,9999,9","99999,9,9,9","999999,9,9,9","+9999,9","+9999,9","99999,9","24,0000,9,6",,,,,,,,,,,,,,,,"0000,5","000,5","240,M,+0244,5","240,N,+0183,5",,,,,,,"10119,9,99999,4",,,"1,24,00760,240,1200,5","2,24,00581,200,1302,5","3,24,00295,999,9999,5","SOD60524 HR PRECIPITATION (IN): 0.00 TOTAL SUNSHINE (MINUTES):   0 PERCENT POSSIBLE SUNSHINE:  0 24 HR MAX TEMP (F): 7624 HR MAX TEMP TIME (LST):1323 24 HR MIN TEMP (F): 6524 HR MIN TEMP TIME (LST):2134 AVERAGE STATION PRESSURE:29.88  PEAK WIND SPEED (MPH): 17 PEAK WIND DIR (DEG):240 PEAK WIND TIME (LST):1200  FASTEST 2MIN SPEED (MPH): 13FASTEST 2MIN DIR (DEG):200 FASTEST 2MIN TIME (LST):1302 AVERAGE WIND SPEED (MPH): 6.6 24 HR AVG TEMP (F):71 HOURLY INCREMENTAL PRECIPITATION VALUES (IN):.00  .00  .00  .00  .00  .00  .00  .00  .00  .00  .00  .00  .00  .00  .00  .00  .00  .00  .00  .00  .00  .00  .00  .00","R01  0.007AAP092"
"72297793184","2002-07-20T07:59:00","6","33.68","-117.86639","16.5","SANTA ANA JOHN WAYNE AIRPORT, CA US","SOD  ","KSNA ","V020","999,9,9,9999,9","99999,9,9,9","999999,9,9,9","+9999,9","+9999,9","99999,9","24,0000,9,6",,,,,,,,,,,,,,,,"0000,5","000,5","240,M,+0233,5","240,N,+0178,5",,,,,,,"10105,9,99999,4",,,"1,24,00760,220,1533,5","2,24,00626,210,1540,5","3,24,00282,999,9999,5","SOD60524 HR PRECIPITATION (IN): 0.00 TOTAL SUNSHINE (MINUTES):   0 PERCENT POSSIBLE SUNSHINE:  0 24 HR MAX TEMP (F): 7424 HR MAX TEMP TIME (LST):1331 24 HR MIN TEMP (F): 6424 HR MIN TEMP TIME (LST):2359 AVERAGE STATION PRESSURE:29.84  PEAK WIND SPEED (MPH): 17 PEAK WIND DIR (DEG):220 PEAK WIND TIME (LST):1533  FASTEST 2MIN SPEED (MPH): 14FASTEST 2MIN DIR (DEG):210 FASTEST 2MIN TIME (LST):1540 AVERAGE WIND SPEED (MPH): 6.3 24 HR AVG TEMP (F):69 HOURLY INCREMENTAL PRECIPITATION VALUES (IN):.00  .00  .00  .00  .00  .00  .00  .00  .00  .00  .00  .00  .00  .00  .00  .00  .00  .00  .00  .00  .00  .00  .00  .00","R01  0.007AAP092"
"72297793184","2002-07-21T07:59:00","6","33.68","-117.86639","16.5","SANTA ANA JOHN WAYNE AIRPORT, CA US","SOD  ","KSNA ","V020","999,9,9,9999,9","99999,9,9,9","999999,9,9,9","+9999,9","+9999,9","99999,9","24,0000,9,6",,,,,,,,,,,,,,,,"0000,5","000,5","240,M,+0222,5","240,N,+0167,5",,,,,,,"10112,9,99999,4",,,"1,24,00760,220,1405,5","2,24,00626,200,1214,5","3,24,00308,999,9999,5","SOD58324 HR PRECIPITATION (IN): 0.00 TOTAL SUNSHINE (MINUTES):   0 PERCENT POSSIBLE SUNSHINE:  0 24 HR MAX TEMP (F): 7224 HR MAX TEMP TIME (LST):1501 24 HR MIN TEMP (F): 6224 HR MIN TEMP TIME (LST):2133 AVERAGE STATION PRESSURE:29.86  PEAK WIND SPEED (MPH): 17 PEAK WIND DIR (DEG):220 PEAK WIND TIME (LST):1405  FASTEST 2MIN SPEED (MPH): 14FASTEST 2MIN DIR (DEG):200 FASTEST 2MIN TIME (LST):1214 AVERAGE WIND SPEED (MPH): 6.9 HOURLY INCREMENTAL PRECIPITATION VALUES (IN):.00  .00  .00  .00  .00  .00  .00  .00  .00  .00  .00  .00  .00  .00  .00  .00  .00  .00  .00  .00  .00  .00  .00  .00","R01  0.007AAP092"
"72297793184","2002-07-22T07:59:00","6","33.68","-117.86639","16.5","SANTA ANA JOHN WAYNE AIRPORT, CA US","SOD  ","KSNA ","V020","999,9,9,9999,9","99999,9,9,9","999999,9,9,9","+9999,9","+9999,9","99999,9","24,0000,9,6",,,,,,,,,,,,,,,,,,"240,M,+0228,5","240,N,+0172,5",,,,,,,"10119,9,99999,4",,,"1,24,00715,260,1651,5","2,24,00581,220,1523,5","3,24,00224,999,9999,5","SOD54524 HR PRECIPITATION (IN): 0.00 24 HR MAX TEMP (F): 7324 HR MAX TEMP TIME (LST):1412 24 HR MIN TEMP (F): 6324 HR MIN TEMP TIME (LST):0415 AVERAGE STATION PRESSURE:29.88  PEAK WIND SPEED (MPH): 16 PEAK WIND DIR (DEG):260 PEAK WIND TIME (LST):1651  FASTEST 2MIN SPEED (MPH): 13FASTEST 2MIN DIR (DEG):220 FASTEST 2MIN TIME (LST):1523 AVERAGE WIND SPEED (MPH): 5.0 24 HR AVG TEMP (F):68 HOURLY INCREMENTAL PRECIPITATION VALUES (IN):.00  .00  .00  .00  .00  .00  .00  .00  .00  .00  .00  .00  .00  .00  .00  .00  .00  .00  .00  .00  .00  .00  .00  .00","R01  0.007AAP092"
"72297793184","2002-07-23T07:59:00","6","33.68","-117.86639","16.5","SANTA ANA JOHN WAYNE AIRPORT, CA US","SOD  ","KSNA ","V020","999,9,9,9999,9","99999,9,9,9","999999,9,9,9","+9999,9","+9999,9","99999,9","24,0000,9,6",,,,,,,,,,,,,,,,,,"240,M,+0244,5","240,N,+0178,5",,,,,,,"10108,9,99999,4",,,"1,24,00671,230,1354,5","2,24,00536,220,1512,5","3,24,00201,999,9999,5","SOD54524 HR PRECIPITATION (IN): 0.00 24 HR MAX TEMP (F): 7624 HR MAX TEMP TIME (LST):1544 24 HR MIN TEMP (F): 6424 HR MIN TEMP TIME (LST):0543 AVERAGE STATION PRESSURE:29.85  PEAK WIND SPEED (MPH): 15 PEAK WIND DIR (DEG):230 PEAK WIND TIME (LST):1354  FASTEST 2MIN SPEED (MPH): 12FASTEST 2MIN DIR (DEG):220 FASTEST 2MIN TIME (LST):1512 AVERAGE WIND SPEED (MPH): 4.5 24 HR AVG TEMP (F):70 HOURLY INCREMENTAL PRECIPITATION VALUES (IN):.00  .00  .00  .00  .00  .00  .00  .00  .00  .00  .00  .00  .00  .00  .00  .00  .00  .00  .00  .00  .00  .00  .00  .00","R01  0.007AAP092"
"72297793184","2002-07-24T07:59:00","6","33.68","-117.86639","16.5","SANTA ANA JOHN WAYNE AIRPORT, CA US","SOD  ","KSNA ","V020","999,9,9,9999,9","99999,9,9,9","999999,9,9,9","+9999,9","+9999,9","99999,9","24,0000,9,6",,,,,,,,,,,,,,,,,,"240,M,+0283,5","240,N,+0172,5",,,,,,,"10108,9,99999,4",,,"1,24,00671,230,1313,5","2,24,00536,190,2030,5","3,24,00210,999,9999,5","SOD54524 HR PRECIPITATION (IN): 0.00 24 HR MAX TEMP (F): 8324 HR MAX TEMP TIME (LST):1539 24 HR MIN TEMP (F): 6324 HR MIN TEMP TIME (LST):0522 AVERAGE STATION PRESSURE:29.85  PEAK WIND SPEED (MPH): 15 PEAK WIND DIR (DEG):230 PEAK WIND TIME (LST):1313  FASTEST 2MIN SPEED (MPH): 12FASTEST 2MIN DIR (DEG):190 FASTEST 2MIN TIME (LST):2030 AVERAGE WIND SPEED (MPH): 4.7 24 HR AVG TEMP (F):73 HOURLY INCREMENTAL PRECIPITATION VALUES (IN):.00  .00  .00  .00  .00  .00  .00  .00  .00  .00  .00  .00  .00  .00  .00  .00  .00  .00  .00  .00  .00  .00  .00  .00","R01  0.007AAP092"
"72297793184","2002-07-25T07:59:00","6","33.68","-117.86639","16.5","SANTA ANA JOHN WAYNE AIRPORT, CA US","SOD  ","KSNA ","V020","999,9,9,9999,9","99999,9,9,9","999999,9,9,9","+9999,9","+9999,9","99999,9","24,0000,9,6",,,,,,,,,,,,,,,,,,"240,M,+0306,5","240,N,+0189,5",,,,,,,"10125,9,99999,4",,,"1,24,00760,200,1422,5","2,24,00626,210,1202,5","3,24,00228,999,9999,5","SOD52324 HR PRECIPITATION (IN): 0.00 24 HR MAX TEMP (F): 8724 HR MAX TEMP TIME (LST):1157 24 HR MIN TEMP (F): 6624 HR MIN TEMP TIME (LST):0426 AVERAGE STATION PRESSURE:29.90  PEAK WIND SPEED (MPH): 17 PEAK WIND DIR (DEG):200 PEAK WIND TIME (LST):1422  FASTEST 2MIN SPEED (MPH): 14FASTEST 2MIN DIR (DEG):210 FASTEST 2MIN TIME (LST):1202 AVERAGE WIND SPEED (MPH): 5.1 HOURLY INCREMENTAL PRECIPITATION VALUES (IN):.00  .00  .00  .00  .00  .00  .00  .00  .00  .00  .00  .00  .00  .00  .00  .00  .00  .00  .00  .00  .00  .00  .00  .00","R01  0.007AAP092"
"72297793184","2002-07-26T07:59:00","6","33.68","-117.86639","16.5","SANTA ANA JOHN WAYNE AIRPORT, CA US","SOD  ","KSNA ","V020","999,9,9,9999,9","99999,9,9,9","999999,9,9,9","+9999,9","+9999,9","99999,9","24,0000,9,6",,,,,,,,,,,,,,,,,,"240,M,+0272,5","240,N,+0189,5",,,,,,,"10119,9,99999,4",,,"1,24,00805,220,1242,5","2,24,00626,200,1350,5","3,24,00300,999,9999,5","SOD54524 HR PRECIPITATION (IN): 0.00 24 HR MAX TEMP (F): 8124 HR MAX TEMP TIME (LST):1508 24 HR MIN TEMP (F): 6624 HR MIN TEMP TIME (LST):2359 AVERAGE STATION PRESSURE:29.88  PEAK WIND SPEED (MPH): 18 PEAK WIND DIR (DEG):220 PEAK WIND TIME (LST):1242  FASTEST 2MIN SPEED (MPH): 14FASTEST 2MIN DIR (DEG):200 FASTEST 2MIN TIME (LST):1350 AVERAGE WIND SPEED (MPH): 6.7 24 HR AVG TEMP (F):74 HOURLY INCREMENTAL PRECIPITATION VALUES (IN):.00  .00  .00  .00  .00  .00  .00  .00  .00  .00  .00  .00  .00  .00  .00  .00  .00  .00  .00  .00  .00  .00  .00  .00","R01  0.007AAP092"
"72297793184","2002-07-27T07:59:00","6","33.68","-117.86639","16.5","SANTA ANA JOHN WAYNE AIRPORT, CA US","SOD  ","KSNA ","V020","999,9,9,9999,9","99999,9,9,9","999999,9,9,9","+9999,9","+9999,9","99999,9","24,0000,9,6",,,,,,,,,,,,,,,,,,"240,M,+0239,5","240,N,+0178,5",,,,,,,"10112,9,99999,4",,,"1,24,00805,220,1424,5","2,24,00671,200,1450,5","3,24,00349,999,9999,5","SOD54524 HR PRECIPITATION (IN): 0.00 24 HR MAX TEMP (F): 7524 HR MAX TEMP TIME (LST):1534 24 HR MIN TEMP (F): 6424 HR MIN TEMP TIME (LST):0436 AVERAGE STATION PRESSURE:29.86  PEAK WIND SPEED (MPH): 18 PEAK WIND DIR (DEG):220 PEAK WIND TIME (LST):1424  FASTEST 2MIN SPEED (MPH): 15FASTEST 2MIN DIR (DEG):200 FASTEST 2MIN TIME (LST):1450 AVERAGE WIND SPEED (MPH): 7.8 24 HR AVG TEMP (F):70 HOURLY INCREMENTAL PRECIPITATION VALUES (IN):.00  .00  .00  .00  .00  .00  .00  .00  .00  .00  .00  .00  .00  .00  .00  .00  .00  .00  .00  .00  .00  .00  .00  .00","R01  0.007AAP092"
"72297793184","2002-07-28T07:59:00","6","33.68","-117.86639","16.5","SANTA ANA JOHN WAYNE AIRPORT, CA US","SOD  ","KSNA ","V020","999,9,9,9999,9","99999,9,9,9","999999,9,9,9","+9999,9","+9999,9","99999,9","24,0000,9,6",,,,,,,,,,,,,,,,,,"240,M,+0244,5","240,N,+0172,5",,,,,,,"10122,9,99999,4",,,"1,24,01788,220,1411,5","2,24,01252,210,1411,5","3,24,00376,999,9999,5","SOD54524 HR PRECIPITATION (IN): 0.00 24 HR MAX TEMP (F): 7624 HR MAX TEMP TIME (LST):1406 24 HR MIN TEMP (F): 6324 HR MIN TEMP TIME (LST):2049 AVERAGE STATION PRESSURE:29.89  PEAK WIND SPEED (MPH): 40 PEAK WIND DIR (DEG):220 PEAK WIND TIME (LST):1411  FASTEST 2MIN SPEED (MPH): 28FASTEST 2MIN DIR (DEG):210 FASTEST 2MIN TIME (LST):1411 AVERAGE WIND SPEED (MPH): 8.4 24 HR AVG TEMP (F):70 HOURLY INCREMENTAL PRECIPITATION VALUES (IN):.00  .00  .00  .00  .00  .00  .00  .00  .00  .00  .00  .00  .00  .00  .00  .00  .00  .00  .00  .00  .00  .00  .00  .00","R01  0.007AAP092"
"72297793184","2002-07-29T07:59:00","6","33.68","-117.86639","16.5","SANTA ANA JOHN WAYNE AIRPORT, CA US","SOD  ","KSNA ","V020","999,9,9,9999,9","99999,9,9,9","999999,9,9,9","+9999,9","+9999,9","99999,9","24,0000,9,6",,,,,,,,,,,,,,,,,,"240,M,+0239,5","240,N,+0178,5",,,,,,,"10139,9,99999,4",,,"1,24,00805,200,1540,5","2,24,00626,220,1448,5","3,24,00300,999,9999,5","SOD54524 HR PRECIPITATION (IN): 0.00 24 HR MAX TEMP (F): 7524 HR MAX TEMP TIME (LST):1423 24 HR MIN TEMP (F): 6424 HR MIN TEMP TIME (LST):2359 AVERAGE STATION PRESSURE:29.94  PEAK WIND SPEED (MPH): 18 PEAK WIND DIR (DEG):200 PEAK WIND TIME (LST):1540  FASTEST 2MIN SPEED (MPH): 14FASTEST 2MIN DIR (DEG):220 FASTEST 2MIN TIME (LST):1448 AVERAGE WIND SPEED (MPH): 6.7 24 HR AVG TEMP (F):70 HOURLY INCREMENTAL PRECIPITATION VALUES (IN):.00  .00  .00  .00  .00  .00  .00  .00  .00  .00  .00  .00  .00  .00  .00  .00  .00  .00  .00  .00  .00  .00  .00  .00","R01  0.007AAP092"
"72297793184","2002-07-30T07:59:00","6","33.68","-117.86639","16.5","SANTA ANA JOHN WAYNE AIRPORT, CA US","SOD  ","KSNA ","V020","999,9,9,9999,9","99999,9,9,9","999999,9,9,9","+9999,9","+9999,9","99999,9","24,0000,9,6",,,,,,,,,,,,,,,,"0000,5","000,5","240,M,+0244,5","240,N,+0172,5",,,,,,,"10119,9,99999,4",,,"1,24,00715,250,1256,5","2,24,00581,240,1438,5","3,24,00224,999,9999,5","SOD60524 HR PRECIPITATION (IN): 0.00 TOTAL SUNSHINE (MINUTES):   0 PERCENT POSSIBLE SUNSHINE:  0 24 HR MAX TEMP (F): 7624 HR MAX TEMP TIME (LST):1427 24 HR MIN TEMP (F): 6324 HR MIN TEMP TIME (LST):0619 AVERAGE STATION PRESSURE:29.88  PEAK WIND SPEED (MPH): 16 PEAK WIND DIR (DEG):250 PEAK WIND TIME (LST):1256  FASTEST 2MIN SPEED (MPH): 13FASTEST 2MIN DIR (DEG):240 FASTEST 2MIN TIME (LST):1438 AVERAGE WIND SPEED (MPH): 5.0 24 HR AVG TEMP (F):70 HOURLY INCREMENTAL PRECIPITATION VALUES (IN):.00  .00  .00  .00  .00  .00  .00  .00  .00  .00  .00  .00  .00  .00  .00  .00  .00  .00  .00  .00  .00  .00  .00  .00","R01  0.007AAP092"
"72297793184","2002-07-31T07:59:00","6","33.68","-117.86639","16.5","SANTA ANA JOHN WAYNE AIRPORT, CA US","SOD  ","KSNA ","V020","999,9,9,9999,9","99999,9,9,9","999999,9,9,9","+9999,9","+9999,9","99999,9","24,0000,9,6",,,,,,,,,,,,,,,,"0000,5","000,5","240,M,+0256,5","240,N,+0178,5",,,,,,,"10119,9,99999,4",,,"1,24,00805,210,1457,5","2,24,00671,200,1517,5","3,24,00246,999,9999,5","SOD60524 HR PRECIPITATION (IN): 0.00 TOTAL SUNSHINE (MINUTES):   0 PERCENT POSSIBLE SUNSHINE:  0 24 HR MAX TEMP (F): 7824 HR MAX TEMP TIME (LST):1215 24 HR MIN TEMP (F): 6424 HR MIN TEMP TIME (LST):0411 AVERAGE STATION PRESSURE:29.88  PEAK WIND SPEED (MPH): 18 PEAK WIND DIR (DEG):210 PEAK WIND TIME (LST):1457  FASTEST 2MIN SPEED (MPH): 15FASTEST 2MIN DIR (DEG):200 FASTEST 2MIN TIME (LST):1517 AVERAGE WIND SPEED (MPH): 5.5 24 HR AVG TEMP (F):71 HOURLY INCREMENTAL PRECIPITATION VALUES (IN):.00  .00  .00  .00  .00  .00  .00  .00  .00  .00  .00  .00  .00  .00  .00  .00  .00  .00  .00  .00  .00  .00  .00  .00","R01  0.007AAP092"
"72297793184","2002-08-01T07:59:00","6","33.68","-117.86639","16.5","SANTA ANA JOHN WAYNE AIRPORT, CA US","SOD  ","KSNA ","V020","999,9,9,9999,9","99999,9,9,9","999999,9,9,9","+9999,9","+9999,9","99999,9","24,0000,9,6",,,,,,,,,,,,,,,,"0000,5","000,5","240,M,+0244,5","240,N,+0178,5",,,,,,,"10122,9,99999,4",,,"1,24,00671,240,1257,5","2,24,00536,220,1245,5","3,24,00232,999,9999,5","SOD60524 HR PRECIPITATION (IN): 0.00 TOTAL SUNSHINE (MINUTES):   0 PERCENT POSSIBLE SUNSHINE:  0 24 HR MAX TEMP (F): 7624 HR MAX TEMP TIME (LST):1134 24 HR MIN TEMP (F): 6424 HR MIN TEMP TIME (LST):2359 AVERAGE STATION PRESSURE:29.89  PEAK WIND SPEED (MPH): 15 PEAK WIND DIR (DEG):240 PEAK WIND TIME (LST):1257  FASTEST 2MIN SPEED (MPH): 12FASTEST 2MIN DIR (DEG):220 FASTEST 2MIN TIME (LST):1245 AVERAGE WIND SPEED (MPH): 5.2 24 HR AVG TEMP (F):70 HOURLY INCREMENTAL PRECIPITATION VALUES (IN):.00  .00  .00  .00  .00  .00  .00  .00  .00  .00  .00  .00  .00  .00  .00  .00  .00  .00  .00  .00  .00  .00  .00  .00","R01  0.007AAP092"
"72297793184","2002-08-01T07:59:00","6","33.68","-117.86639","16.5","SANTA ANA JOHN WAYNE AIRPORT, CA US","SOM  ","KSNA ","V020","999,9,9,9999,9","99999,9,9,9","999999,9,9,9","+9999,9","+9999,9","99999,9",,"00000,2,5","00000,9,9999,9999,9999,5","00,5,00,5,99,9,00,5","005,0000,2,999999,5","010,0000,2,999999,5",,,,,,,,,,,,,,,"744,N,+1761,5","744,M,+2494,5","744,A,+2128,5","744,H,0000,5","744,C,0174,6","00,5,00,5,00,5,00,5",,"10108,4,10139,4","99999,999999,7,10081,141723,7",,,,"SOM513PCP MTOT:  T DEPNRM: 0.00 PCP GT 24HRS: 0.00 DAYS W/PCP >=.01: 0 DAYS W/PCP >=.10: 0 DAYS W/PCP >=1.00:  SN GT DP ON GRND:0 - DATE(S):0  AVG DLY MIN: 63.7 AVG DLY MAX: 76.9 AVG MLY TMP: 70.3 DAYS MAX <=32:  DAYS MAX >=70: 0 DAYS MAX >=90: 0 DAYS MIN <=32: 0 DAYS MIN  <=0: 0 AVG STP:29.85  AVG SLP:29.94  LWST SLP:29.77 DATE/TIME:141723 HGST SLP:  .00 DATE/TIME: 00000 HDD MTH TOT:   0 DEP NORM: -96 SEASON(JUL 1-JUN 30):    0 DEP NORM:1   0 CDD MTH TOT: 174 DEP NORM: 151 SEASON(JAN 1-DEC 31):  271 DEP NORM:   0","R01   0 -7AKS007R02   1747KDC058R03   .007MKX021"
"72297793184","2002-08-02T07:59:00","6","33.68","-117.86639","16.5","SANTA ANA JOHN WAYNE AIRPORT, CA US","SOD  ","KSNA ","V020","999,9,9,9999,9","99999,9,9,9","999999,9,9,9","+9999,9","+9999,9","99999,9","24,0000,9,5",,,,,,,,,,,,,,,,"0000,5","000,5","240,M,+0244,5","240,N,+0178,6",,,,,,,"10108,9,99999,4",,,"1,24,00805,210,1313,5","2,24,00626,200,1449,5","3,24,00308,999,9999,5","SOD60524 HR PRECIPITATION (IN): 0.00 TOTAL SUNSHINE (MINUTES):   0 PERCENT POSSIBLE SUNSHINE:  0 24 HR MAX TEMP (F): 7624 HR MAX TEMP TIME (LST):1407 24 HR MIN TEMP (F): 6424 HR MIN TEMP TIME (LST):0108 AVERAGE STATION PRESSURE:29.85  PEAK WIND SPEED (MPH): 18 PEAK WIND DIR (DEG):210 PEAK WIND TIME (LST):1313  FASTEST 2MIN SPEED (MPH): 14FASTEST 2MIN DIR (DEG):200 FASTEST 2MIN TIME (LST):1449 AVERAGE WIND SPEED (MPH): 6.9 24 HR AVG TEMP (F):70 HOURLY INCREMENTAL PRECIPITATION VALUES (IN):.00  .00  .00  .00  .00  .00  .00  .00  .00  .00  .00  .00  .00  .00  .00  .00  .00  .00  .00  .00  .00  .00  .00  .00","R01    647KAN014"
"72297793184","2002-08-03T07:59:00","6","33.68","-117.86639","16.5","SANTA ANA JOHN WAYNE AIRPORT, CA US","SOD  ","KSNA ","V020","999,9,9,9999,9","99999,9,9,9","999999,9,9,9","+9999,9","+9999,9","99999,9","24,0000,9,5",,,,,,,,,,,,,,,,"0000,5","000,5","240,M,+0233,5","240,N,+0183,5",,,,,,,"10102,9,99999,4",,,"1,24,00671,210,1425,5","2,24,00581,200,1242,5","3,24,00255,999,9999,5","SOD60524 HR PRECIPITATION (IN): 0.00 TOTAL SUNSHINE (MINUTES):   0 PERCENT POSSIBLE SUNSHINE:  0 24 HR MAX TEMP (F): 7424 HR MAX TEMP TIME (LST):1456 24 HR MIN TEMP (F): 6524 HR MIN TEMP TIME (LST):2359 AVERAGE STATION PRESSURE:29.83  PEAK WIND SPEED (MPH): 15 PEAK WIND DIR (DEG):210 PEAK WIND TIME (LST):1425  FASTEST 2MIN SPEED (MPH): 13FASTEST 2MIN DIR (DEG):200 FASTEST 2MIN TIME (LST):1242 AVERAGE WIND SPEED (MPH): 5.7 24 HR AVG TEMP (F):70 HOURLY INCREMENTAL PRECIPITATION VALUES (IN):.00  .00  .00  .00  .00  .00  .00  .00  .00  .00  .00  .00  .00  .00  .00  .00  .00  .00  .00  .00  .00  .00  .00  .00",
"72297793184","2002-08-04T07:59:00","6","33.68","-117.86639","16.5","SANTA ANA JOHN WAYNE AIRPORT, CA US","SOD  ","KSNA ","V020","999,9,9,9999,9","99999,9,9,9","999999,9,9,9","+9999,9","+9999,9","99999,9","24,0000,9,5",,,,,,,,,,,,,,,,"0000,5","000,5","240,M,+0233,5","240,N,+0172,5",,,,,,,"10129,9,99999,4",,,"1,24,00894,250,1232,5","2,24,00581,220,1421,5","3,24,00264,999,9999,5","SOD60524 HR PRECIPITATION (IN): 0.00 TOTAL SUNSHINE (MINUTES):   0 PERCENT POSSIBLE SUNSHINE:  0 24 HR MAX TEMP (F): 7424 HR MAX TEMP TIME (LST):1407 24 HR MIN TEMP (F): 6324 HR MIN TEMP TIME (LST):0601 AVERAGE STATION PRESSURE:29.91  PEAK WIND SPEED (MPH): 20 PEAK WIND DIR (DEG):250 PEAK WIND TIME (LST):1232  FASTEST 2MIN SPEED (MPH): 13FASTEST 2MIN DIR (DEG):220 FASTEST 2MIN TIME (LST):1421 AVERAGE WIND SPEED (MPH): 5.9 24 HR AVG TEMP (F):69 HOURLY INCREMENTAL PRECIPITATION VALUES (IN):.00  .00  .00  .00  .00  .00  .00  .00  .00  .00  .00  .00  .00  .00  .00  .00  .00  .00  .00  .00  .00  .00  .00  .00",
"72297793184","2002-08-05T07:59:00","6","33.68","-117.86639","16.5","SANTA ANA JOHN WAYNE AIRPORT, CA US","SOD  ","KSNA ","V020","999,9,9,9999,9","99999,9,9,9","999999,9,9,9","+9999,9","+9999,9","99999,9","24,0000,9,5",,,,,,,,,,,,,,,,"0000,5","000,5","240,M,+0250,5","240,N,+0172,5",,,,,,,"10129,9,99999,4",,,"1,24,00715,240,1301,5","2,24,00581,200,1055,5","3,24,00237,999,9999,5","SOD60524 HR PRECIPITATION (IN): 0.00 TOTAL SUNSHINE (MINUTES):   0 PERCENT POSSIBLE SUNSHINE:  0 24 HR MAX TEMP (F): 7724 HR MAX TEMP TIME (LST):1253 24 HR MIN TEMP (F): 6324 HR MIN TEMP TIME (LST):0601 AVERAGE STATION PRESSURE:29.91  PEAK WIND SPEED (MPH): 16 PEAK WIND DIR (DEG):240 PEAK WIND TIME (LST):1301  FASTEST 2MIN SPEED (MPH): 13FASTEST 2MIN DIR (DEG):200 FASTEST 2MIN TIME (LST):1055 AVERAGE WIND SPEED (MPH): 5.3 24 HR AVG TEMP (F):70 HOURLY INCREMENTAL PRECIPITATION VALUES (IN):.00  .00  .00  .00  .00  .00  .00  .00  .00  .00  .00  .00  .00  .00  .00  .00  .00  .00  .00  .00  .00  .00  .00  .00",
"72297793184","2002-08-06T07:59:00","6","33.68","-117.86639","16.5","SANTA ANA JOHN WAYNE AIRPORT, CA US","SOD  ","KSNA ","V020","999,9,9,9999,9","99999,9,9,9","999999,9,9,9","+9999,9","+9999,9","99999,9","24,0000,9,5",,,,,,,,,,,,,,,,"0000,5","000,5","240,M,+0233,5","240,N,+0167,5",,,,,,,"10112,9,99999,4",,,"1,24,00805,190,1406,5","2,24,00671,200,1431,5","3,24,00286,999,9999,5","SOD60524 HR PRECIPITATION (IN): 0.00 TOTAL SUNSHINE (MINUTES):   0 PERCENT POSSIBLE SUNSHINE:  0 24 HR MAX TEMP (F): 7424 HR MAX TEMP TIME (LST):1630 24 HR MIN TEMP (F): 6224 HR MIN TEMP TIME (LST):0644 AVERAGE STATION PRESSURE:29.86  PEAK WIND SPEED (MPH): 18 PEAK WIND DIR (DEG):190 PEAK WIND TIME (LST):1406  FASTEST 2MIN SPEED (MPH): 15FASTEST 2MIN DIR (DEG):200 FASTEST 2MIN TIME (LST):1431 AVERAGE WIND SPEED (MPH): 6.4 24 HR AVG TEMP (F):68 HOURLY INCREMENTAL PRECIPITATION VALUES (IN):.00  .00  .00  .00  .00  .00  .00  .00  .00  .00  .00  .00  .00  .00  .00  .00  .00  .00  .00  .00  .00  .00  .00  .00",
"72297793184","2002-08-07T07:59:00","6","33.68","-117.86639","16.5","SANTA ANA JOHN WAYNE AIRPORT, CA US","SOD  ","KSNA ","V020","999,9,9,9999,9","99999,9,9,9","999999,9,9,9","+9999,9","+9999,9","99999,9","24,0000,9,5",,,,,,,,,,,,,,,,"0000,5","000,5","240,M,+0233,5","240,N,+0161,5",,,,,,,"10112,9,99999,4",,,"1,24,00805,220,1427,5","2,24,00671,220,1432,5","3,24,00344,999,9999,5","SOD60524 HR PRECIPITATION (IN): 0.00 TOTAL SUNSHINE (MINUTES):   0 PERCENT POSSIBLE SUNSHINE:  0 24 HR MAX TEMP (F): 7424 HR MAX TEMP TIME (LST):1422 24 HR MIN TEMP (F): 6124 HR MIN TEMP TIME (LST):0625 AVERAGE STATION PRESSURE:29.86  PEAK WIND SPEED (MPH): 18 PEAK WIND DIR (DEG):220 PEAK WIND TIME (LST):1427  FASTEST 2MIN SPEED (MPH): 15FASTEST 2MIN DIR (DEG):220 FASTEST 2MIN TIME (LST):1432 AVERAGE WIND SPEED (MPH): 7.7 24 HR AVG TEMP (F):68 HOURLY INCREMENTAL PRECIPITATION VALUES (IN):.00  .00  .00  .00  .00  .00  .00  .00  .00  .00  .00  .00  .00  .00  .00  .00  .00  .00  .00  .00  .00  .00  .00  .00",
"72297793184","2002-08-08T07:59:00","6","33.68","-117.86639","16.5","SANTA ANA JOHN WAYNE AIRPORT, CA US","SOD  ","KSNA ","V020","999,9,9,9999,9","99999,9,9,9","999999,9,9,9","+9999,9","+9999,9","99999,9","24,0000,9,5",,,,,,,,,,,,,,,,"0000,5","000,5","240,M,+0250,5","240,N,+0167,5",,,,,,,"10125,9,99999,4",,,"1,24,00805,190,1414,5","2,24,00715,190,1414,5","3,24,00250,999,9999,5","SOD60524 HR PRECIPITATION (IN): 0.00 TOTAL SUNSHINE (MINUTES):   0 PERCENT POSSIBLE SUNSHINE:  0 24 HR MAX TEMP (F): 7724 HR MAX TEMP TIME (LST):1231 24 HR MIN TEMP (F): 6224 HR MIN TEMP TIME (LST):0634 AVERAGE STATION PRESSURE:29.90  PEAK WIND SPEED (MPH): 18 PEAK WIND DIR (DEG):190 PEAK WIND TIME (LST):1414  FASTEST 2MIN SPEED (MPH): 16FASTEST 2MIN DIR (DEG):190 FASTEST 2MIN TIME (LST):1414 AVERAGE WIND SPEED (MPH): 5.6 24 HR AVG TEMP (F):70 HOURLY INCREMENTAL PRECIPITATION VALUES (IN):.00  .00  .00  .00  .00  .00  .00  .00  .00  .00  .00  .00  .00  .00  .00  .00  .00  .00  .00  .00  .00  .00  .00  .00",
"72297793184","2002-08-09T07:59:00","6","33.68","-117.86639","16.5","SANTA ANA JOHN WAYNE AIRPORT, CA US","SOD  ","KSNA ","V020","999,9,9,9999,9","99999,9,9,9","999999,9,9,9","+9999,9","+9999,9","99999,9","24,0000,9,5",,,,,,,,,,,,,,,,"0000,5","000,5","240,M,+0278,5","240,N,+0161,5",,,,,,,"10122,9,99999,4",,,"1,24,00671,210,1505,5","2,24,00581,220,1501,5","3,24,00201,999,9999,5","SOD60524 HR PRECIPITATION (IN): 0.00 TOTAL SUNSHINE (MINUTES):   0 PERCENT POSSIBLE SUNSHINE:  0 24 HR MAX TEMP (F): 8224 HR MAX TEMP TIME (LST):1353 24 HR MIN TEMP (F): 6124 HR MIN TEMP TIME (LST):0546 AVERAGE STATION PRESSURE:29.89  PEAK WIND SPEED (MPH): 15 PEAK WIND DIR (DEG):210 PEAK WIND TIME (LST):1505  FASTEST 2MIN SPEED (MPH): 13FASTEST 2MIN DIR (DEG):220 FASTEST 2MIN TIME (LST):1501 AVERAGE WIND SPEED (MPH): 4.5 24 HR AVG TEMP (F):72 HOURLY INCREMENTAL PRECIPITATION VALUES (IN):.00  .00  .00  .00  .00  .00  .00  .00  .00  .00  .00  .00  .00  .00  .00  .00  .00  .00  .00  .00  .00  .00  .00  .00",
"72297793184","2002-08-10T07:59:00","6","33.68","-117.86639","16.5","SANTA ANA JOHN WAYNE AIRPORT, CA US","SOD  ","KSNA ","V020","999,9,9,9999,9","99999,9,9,9","999999,9,9,9","+9999,9","+9999,9","99999,9","24,0000,9,5",,,,,,,,,,,,,,,,"0000,5","000,5","240,M,+0267,5","240,N,+0172,5",,,,,,,"10105,9,99999,4",,,"1,24,00715,220,1358,5","2,24,00671,210,1357,5","3,24,00215,999,9999,5","SOD60524 HR PRECIPITATION (IN): 0.00 TOTAL SUNSHINE (MINUTES):   0 PERCENT POSSIBLE SUNSHINE:  0 24 HR MAX TEMP (F): 8024 HR MAX TEMP TIME (LST):1252 24 HR MIN TEMP (F): 6324 HR MIN TEMP TIME (LST):0553 AVERAGE STATION PRESSURE:29.84  PEAK WIND SPEED (MPH): 16 PEAK WIND DIR (DEG):220 PEAK WIND TIME (LST):1358  FASTEST 2MIN SPEED (MPH): 15FASTEST 2MIN DIR (DEG):210 FASTEST 2MIN TIME (LST):1357 AVERAGE WIND SPEED (MPH): 4.8 24 HR AVG TEMP (F):72 HOURLY INCREMENTAL PRECIPITATION VALUES (IN):.00  .00  .00  .00  .00  .00  .00  .00  .00  .00  .00  .00  .00  .00  .00  .00  .00  .00  .00  .00  .00  .00  .00  .00",
"72297793184","2002-08-11T07:59:00","6","33.68","-117.86639","16.5","SANTA ANA JOHN WAYNE AIRPORT, CA US","SOD  ","KSNA ","V020","999,9,9,9999,9","99999,9,9,9","999999,9,9,9","+9999,9","+9999,9","99999,9","24,0000,9,5",,,,,,,,,,,,,,,,"0000,5","000,5","240,M,+0267,5","240,N,+0172,5",,,,,,,"10078,9,99999,4",,,"1,24,00805,200,1241,5","2,24,00671,210,1242,5","3,24,00250,999,9999,5","SOD60524 HR PRECIPITATION (IN): 0.00 TOTAL SUNSHINE (MINUTES):   0 PERCENT POSSIBLE SUNSHINE:  0 24 HR MAX TEMP (F): 8024 HR MAX TEMP TIME (LST):1545 24 HR MIN TEMP (F): 6324 HR MIN TEMP TIME (LST):0638 AVERAGE STATION PRESSURE:29.76  PEAK WIND SPEED (MPH): 18 PEAK WIND DIR (DEG):200 PEAK WIND TIME (LST):1241  FASTEST 2MIN SPEED (MPH): 15FASTEST 2MIN DIR (DEG):210 FASTEST 2MIN TIME (LST):1242 AVERAGE WIND SPEED (MPH): 5.6 24 HR AVG TEMP (F):72 HOURLY INCREMENTAL PRECIPITATION VALUES (IN):.00  .00  .00  .00  .00  .00  .00  .00  .00  .00  .00  .00  .00  .00  .00  .00  .00  .00  .00  .00  .00  .00  .00  .00",
"72297793184","2002-08-12T07:59:00","6","33.68","-117.86639","16.5","SANTA ANA JOHN WAYNE AIRPORT, CA US","SOD  ","KSNA ","V020","999,9,9,9999,9","99999,9,9,9","999999,9,9,9","+9999,9","+9999,9","99999,9","24,0000,9,5",,,,,,,,,,,,,,,,"0000,5","000,5","240,M,+0256,5","240,N,+0172,5",,,,,,,"10071,9,99999,4",,,"1,24,00760,210,1204,5","2,24,00671,210,1202,5","3,24,00317,999,9999,5","SOD60524 HR PRECIPITATION (IN): 0.00 TOTAL SUNSHINE (MINUTES):   0 PERCENT POSSIBLE SUNSHINE:  0 24 HR MAX TEMP (F): 7824 HR MAX TEMP TIME (LST):1438 24 HR MIN TEMP (F): 6324 HR MIN TEMP TIME (LST):0616 AVERAGE STATION PRESSURE:29.74  PEAK WIND SPEED (MPH): 17 PEAK WIND DIR (DEG):210 PEAK WIND TIME (LST):1204  FASTEST 2MIN SPEED (MPH): 15FASTEST 2MIN DIR (DEG):210 FASTEST 2MIN TIME (LST):1202 AVERAGE WIND SPEED (MPH): 7.1 24 HR AVG TEMP (F):71 HOURLY INCREMENTAL PRECIPITATION VALUES (IN):.00  .00  .00  .00  .00  .00  .00  .00  .00  .00  .00  .00  .00  .00  .00  .00  .00  .00  .00  .00  .00  .00  .00  .00",
"72297793184","2002-08-13T07:59:00","6","33.68","-117.86639","16.5","SANTA ANA JOHN WAYNE AIRPORT, CA US","SOD  ","KSNA ","V020","999,9,9,9999,9","99999,9,9,9","999999,9,9,9","+9999,9","+9999,9","99999,9","24,0000,9,5",,,,,,,,,,,,,,,,"0000,5","000,5","240,M,+0239,5","240,N,+0178,5",,,,,,,"10078,9,99999,4",,,"1,24,00894,200,1424,5","2,24,00760,210,1200,5","3,24,00358,999,9999,5","SOD60524 HR PRECIPITATION (IN): 0.00 TOTAL SUNSHINE (MINUTES):   0 PERCENT POSSIBLE SUNSHINE:  0 24 HR MAX TEMP (F): 7524 HR MAX TEMP TIME (LST):1313 24 HR MIN TEMP (F): 6424 HR MIN TEMP TIME (LST):0506 AVERAGE STATION PRESSURE:29.76  PEAK WIND SPEED (MPH): 20 PEAK WIND DIR (DEG):200 PEAK WIND TIME (LST):1424  FASTEST 2MIN SPEED (MPH): 17FASTEST 2MIN DIR (DEG):210 FASTEST 2MIN TIME (LST):1200 AVERAGE WIND SPEED (MPH): 8.0 24 HR AVG TEMP (F):70 HOURLY INCREMENTAL PRECIPITATION VALUES (IN):.00  .00  .00  .00  .00  .00  .00  .00  .00  .00  .00  .00  .00  .00  .00  .00  .00  .00  .00  .00  .00  .00  .00  .00",
"72297793184","2002-08-14T07:59:00","6","33.68","-117.86639","16.5","SANTA ANA JOHN WAYNE AIRPORT, CA US","SOD  ","KSNA ","V020","999,9,9,9999,9","99999,9,9,9","999999,9,9,9","+9999,9","+9999,9","99999,9","24,0000,9,5",,,,,,,,,,,,,,,,"0000,5","000,5","240,M,+0244,5","240,N,+0183,5",,,,,,,"10091,9,99999,4",,,"1,24,00894,200,1542,5","2,24,00671,220,1630,5","3,24,00308,999,9999,5","SOD60524 HR PRECIPITATION (IN): 0.00 TOTAL SUNSHINE (MINUTES):   0 PERCENT POSSIBLE SUNSHINE:  0 24 HR MAX TEMP (F): 7624 HR MAX TEMP TIME (LST):1350 24 HR MIN TEMP (F): 6524 HR MIN TEMP TIME (LST):0347 AVERAGE STATION PRESSURE:29.80  PEAK WIND SPEED (MPH): 20 PEAK WIND DIR (DEG):200 PEAK WIND TIME (LST):1542  FASTEST 2MIN SPEED (MPH): 15FASTEST 2MIN DIR (DEG):220 FASTEST 2MIN TIME (LST):1630 AVERAGE WIND SPEED (MPH): 6.9 24 HR AVG TEMP (F):71 HOURLY INCREMENTAL PRECIPITATION VALUES (IN):.00  .00  .00  .00  .00  .00  .00  .00  .00  .00  .00  .00  .00  .00  .00  .00  .00  .00  .00  .00  .00  .00  .00  .00",
"72297793184","2002-08-15T07:59:00","6","33.68","-117.86639","16.5","SANTA ANA JOHN WAYNE AIRPORT, CA US","SOD  ","KSNA ","V020","999,9,9,9999,9","99999,9,9,9","999999,9,9,9","+9999,9","+9999,9","99999,9","24,0000,9,5",,,,,,,,,,,,,,,,"0000,5","000,5","240,M,+0244,5","240,N,+0178,5",,,,,,,"10091,9,99999,4",,,"1,24,00715,210,1640,5","2,24,00626,200,1328,5","3,24,00215,999,9999,5","SOD60524 HR PRECIPITATION (IN): 0.00 TOTAL SUNSHINE (MINUTES):   0 PERCENT POSSIBLE SUNSHINE:  0 24 HR MAX TEMP (F): 7624 HR MAX TEMP TIME (LST):1412 24 HR MIN TEMP (F): 6424 HR MIN TEMP TIME (LST):0457 AVERAGE STATION PRESSURE:29.80  PEAK WIND SPEED (MPH): 16 PEAK WIND DIR (DEG):210 PEAK WIND TIME (LST):1640  FASTEST 2MIN SPEED (MPH): 14FASTEST 2MIN DIR (DEG):200 FASTEST 2MIN TIME (LST):1328 AVERAGE WIND SPEED (MPH): 4.8 24 HR AVG TEMP (F):70 HOURLY INCREMENTAL PRECIPITATION VALUES (IN):.00  .00  .00  .00  .00  .00  .00  .00  .00  .00  .00  .00  .00  .00  .00  .00  .00  .00  .00  .00  .00  .00  .00  .00",
"72297793184","2002-08-16T07:59:00","6","33.68","-117.86639","16.5","SANTA ANA JOHN WAYNE AIRPORT, CA US","SOD  ","KSNA ","V020","999,9,9,9999,9","99999,9,9,9","999999,9,9,9","+9999,9","+9999,9","99999,9","24,0000,9,5",,,,,,,,,,,,,,,,"0000,5","000,5","240,M,+0233,5","240,N,+0178,5",,,,,,,"10088,9,99999,4",,,"1,24,00805,200,1506,5","2,24,00715,200,1507,5","3,24,00300,999,9999,5","SOD60524 HR PRECIPITATION (IN): 0.00 TOTAL SUNSHINE (MINUTES):   0 PERCENT POSSIBLE SUNSHINE:  0 24 HR MAX TEMP (F): 7424 HR MAX TEMP TIME (LST):1351 24 HR MIN TEMP (F): 6424 HR MIN TEMP TIME (LST):2338 AVERAGE STATION PRESSURE:29.79  PEAK WIND SPEED (MPH): 18 PEAK WIND DIR (DEG):200 PEAK WIND TIME (LST):1506  FASTEST 2MIN SPEED (MPH): 16FASTEST 2MIN DIR (DEG):200 FASTEST 2MIN TIME (LST):1507 AVERAGE WIND SPEED (MPH): 6.7 24 HR AVG TEMP (F):69 HOURLY INCREMENTAL PRECIPITATION VALUES (IN):.00  .00  .00  .00  .00  .00  .00  .00  .00  .00  .00  .00  .00  .00  .00  .00  .00  .00  .00  .00  .00  .00  .00  .00",
"72297793184","2002-08-17T07:59:00","6","33.68","-117.86639","16.5","SANTA ANA JOHN WAYNE AIRPORT, CA US","SOD  ","KSNA ","V020","999,9,9,9999,9","99999,9,9,9","999999,9,9,9","+9999,9","+9999,9","99999,9","24,0000,9,5",,,,,,,,,,,,,,,,"0000,5","000,5","240,M,+0233,5","240,N,+0178,5",,,,,,,"10102,9,99999,4",,,"1,24,00760,190,1330,5","2,24,00581,200,1528,5","3,24,00228,999,9999,5","SOD60524 HR PRECIPITATION (IN): 0.00 TOTAL SUNSHINE (MINUTES):   0 PERCENT POSSIBLE SUNSHINE:  0 24 HR MAX TEMP (F): 7424 HR MAX TEMP TIME (LST):1531 24 HR MIN TEMP (F): 6424 HR MIN TEMP TIME (LST):0513 AVERAGE STATION PRESSURE:29.83  PEAK WIND SPEED (MPH): 17 PEAK WIND DIR (DEG):190 PEAK WIND TIME (LST):1330  FASTEST 2MIN SPEED (MPH): 13FASTEST 2MIN DIR (DEG):200 FASTEST 2MIN TIME (LST):1528 AVERAGE WIND SPEED (MPH): 5.1 24 HR AVG TEMP (F):69 HOURLY INCREMENTAL PRECIPITATION VALUES (IN):.00  .00  .00  .00  .00  .00  .00  .00  .00  .00  .00  .00  .00  .00  .00  .00  .00  .00  .00  .00  .00  .00  .00  .00",
"72297793184","2002-08-18T07:59:00","6","33.68","-117.86639","16.5","SANTA ANA JOHN WAYNE AIRPORT, CA US","SOD  ","KSNA ","V020","999,9,9,9999,9","99999,9,9,9","999999,9,9,9","+9999,9","+9999,9","99999,9","24,0000,9,5",,,,,,,,,,,,,,,,"0000,5","000,5","240,M,+0222,5","240,N,+0183,5",,,,,,,"10102,9,99999,4",,,"1,24,00671,130,0643,5","2,24,00536,210,1624,5","3,24,00183,999,9999,5","SOD60524 HR PRECIPITATION (IN): 0.00 TOTAL SUNSHINE (MINUTES):   0 PERCENT POSSIBLE SUNSHINE:  0 24 HR MAX TEMP (F): 7224 HR MAX TEMP TIME (LST):1524 24 HR MIN TEMP (F): 6524 HR MIN TEMP TIME (LST):0705 AVERAGE STATION PRESSURE:29.83  PEAK WIND SPEED (MPH): 15 PEAK WIND DIR (DEG):130 PEAK WIND TIME (LST):0643  FASTEST 2MIN SPEED (MPH): 12FASTEST 2MIN DIR (DEG):210 FASTEST 2MIN TIME (LST):1624 AVERAGE WIND SPEED (MPH): 4.1 24 HR AVG TEMP (F):69 HOURLY INCREMENTAL PRECIPITATION VALUES (IN):.00  .00  .00  .00  .00  .00  .00  .00  .00  .00  .00  .00  .00  .00  .00  .00  .00  .00  .00  .00  .00  .00  .00  .00",
"72297793184","2002-08-19T07:59:00","6","33.68","-117.86639","16.5","SANTA ANA JOHN WAYNE AIRPORT, CA US","SOD  ","KSNA ","V020","999,9,9,9999,9","99999,9,9,9","999999,9,9,9","+9999,9","+9999,9","99999,9","24,0000,2,5",,,,,,,,,,,,,,,,,,"240,M,+0217,5","240,N,+0183,5",,,,,,,"10088,9,99999,4",,,"1,24,00671,220,1548,5","2,24,00581,220,1549,5","3,24,00308,999,9999,5","SOD54524 HR PRECIPITATION (IN):  T   24 HR MAX TEMP (F): 7124 HR MAX TEMP TIME (LST):1542 24 HR MIN TEMP (F): 6524 HR MIN TEMP TIME (LST):0849 AVERAGE STATION PRESSURE:29.79  PEAK WIND SPEED (MPH): 15 PEAK WIND DIR (DEG):220 PEAK WIND TIME (LST):1548  FASTEST 2MIN SPEED (MPH): 13FASTEST 2MIN DIR (DEG):220 FASTEST 2MIN TIME (LST):1549 AVERAGE WIND SPEED (MPH): 6.9 24 HR AVG TEMP (F):68 HOURLY INCREMENTAL PRECIPITATION VALUES (IN):.00  .00  .00  .00  .00  .00  .00  .00   T   .00  .00  .00  .00  .00  .00  .00  .00  .00  .00  .00  .00  .00  .00  .00",
"72297793184","2002-08-20T07:59:00","6","33.68","-117.86639","16.5","SANTA ANA JOHN WAYNE AIRPORT, CA US","SOD  ","KSNA ","V020","999,9,9,9999,9","99999,9,9,9","999999,9,9,9","+9999,9","+9999,9","99999,9",,,,,,,,,,,,,,,,,,,,,,,,,,,,,,"1,24,99999,999,9999,7","2,24,99999,999,9999,7",,"SOD163HOURLY INCREMENTAL PRECIPITATION VALUES (IN):.00  .00  .00  .00  .00  .00  .00  .00  .00  .00  .00  .00  .00  .00  .00  .00  .00  .00  .00  .00  .00  .00  .00  .00",
"72297793184","2002-08-21T07:59:00","6","33.68","-117.86639","16.5","SANTA ANA JOHN WAYNE AIRPORT, CA US","SOD  ","KSNA ","V020","999,9,9,9999,9","99999,9,9,9","999999,9,9,9","+9999,9","+9999,9","99999,9",,,,,,,,,,,,,,,,,,,,,,,,,,,,,,"1,24,99999,999,9999,7","2,24,99999,999,9999,7",,"SOD163HOURLY INCREMENTAL PRECIPITATION VALUES (IN):.00  .00  .00  .00  .00  .00  .00  .00  .00  .00  .00  .00  .00  .00  .00  .00  .00  .00  .00  .00  .00  .00  .00  .00",
"72297793184","2002-08-22T07:59:00","6","33.68","-117.86639","16.5","SANTA ANA JOHN WAYNE AIRPORT, CA US","SOD  ","KSNA ","V020","999,9,9,9999,9","99999,9,9,9","999999,9,9,9","+9999,9","+9999,9","99999,9","24,0000,9,6",,,,,,,,,,,,,,,,,,"240,M,+0239,5","240,N,+0183,6",,,,,,,,,,"1,24,00760,210,1430,5","2,24,00581,210,1432,5",,"SOD48324 HR PRECIPITATION (IN): 0.00 24 HR MAX TEMP (F): 7524 HR MAX TEMP TIME (LST):1348 24 HR MIN TEMP (F): 6524 HR MIN TEMP TIME (LST):2346 PEAK WIND SPEED (MPH): 17 PEAK WIND DIR (DEG):210 PEAK WIND TIME (LST):1430  FASTEST 2MIN SPEED (MPH): 13FASTEST 2MIN DIR (DEG):210 FASTEST 2MIN TIME (LST):1432 24 HR AVG TEMP (F):70 HOURLY INCREMENTAL PRECIPITATION VALUES (IN):.00  .00  .00  .00  .00  .00  .00  .00  .00  .00  .00  .00  .00  .00  .00  .00  .00  .00  .00  .00  .00  .00  .00  .00","R01  0.007AAP092R02    657KAN014"
"72297793184","2002-08-23T07:59:00","6","33.68","-117.86639","16.5","SANTA ANA JOHN WAYNE AIRPORT, CA US","SOD  ","KSNA ","V020","999,9,9,9999,9","99999,9,9,9","999999,9,9,9","+9999,9","+9999,9","99999,9","24,0000,9,6",,,,,,,,,,,,,,,,"0000,5","000,5","240,M,+0239,5","240,N,+0178,5",,,,,,,"10129,9,99999,4",,,"1,24,00760,240,1139,5","2,24,00581,200,1230,5","3,24,00206,999,9999,5","SOD60524 HR PRECIPITATION (IN): 0.00 TOTAL SUNSHINE (MINUTES):   0 PERCENT POSSIBLE SUNSHINE:  0 24 HR MAX TEMP (F): 7524 HR MAX TEMP TIME (LST):1501 24 HR MIN TEMP (F): 6424 HR MIN TEMP TIME (LST):2359 AVERAGE STATION PRESSURE:29.91  PEAK WIND SPEED (MPH): 17 PEAK WIND DIR (DEG):240 PEAK WIND TIME (LST):1139  FASTEST 2MIN SPEED (MPH): 13FASTEST 2MIN DIR (DEG):200 FASTEST 2MIN TIME (LST):1230 AVERAGE WIND SPEED (MPH): 4.6 24 HR AVG TEMP (F):70 HOURLY INCREMENTAL PRECIPITATION VALUES (IN):.00  .00  .00  .00  .00  .00  .00  .00  .00  .00  .00  .00  .00  .00  .00  .00  .00  .00  .00  .00  .00  .00  .00  .00","R01  0.007AAP092"
"72297793184","2002-08-24T07:59:00","6","33.68","-117.86639","16.5","SANTA ANA JOHN WAYNE AIRPORT, CA US","SOD  ","KSNA ","V020","999,9,9,9999,9","99999,9,9,9","999999,9,9,9","+9999,9","+9999,9","99999,9","24,0000,9,6",,,,,,,,,,,,,,,,"0000,5","000,5","240,M,+0244,5","240,N,+0161,5",,,,,,,"10129,9,99999,4",,,"1,24,00671,220,1205,5","2,24,00536,210,1622,5","3,24,00210,999,9999,5","SOD60524 HR PRECIPITATION (IN): 0.00 TOTAL SUNSHINE (MINUTES):   0 PERCENT POSSIBLE SUNSHINE:  0 24 HR MAX TEMP (F): 7624 HR MAX TEMP TIME (LST):1553 24 HR MIN TEMP (F): 6124 HR MIN TEMP TIME (LST):0546 AVERAGE STATION PRESSURE:29.91  PEAK WIND SPEED (MPH): 15 PEAK WIND DIR (DEG):220 PEAK WIND TIME (LST):1205  FASTEST 2MIN SPEED (MPH): 12FASTEST 2MIN DIR (DEG):210 FASTEST 2MIN TIME (LST):1622 AVERAGE WIND SPEED (MPH): 4.7 24 HR AVG TEMP (F):69 HOURLY INCREMENTAL PRECIPITATION VALUES (IN):.00  .00  .00  .00  .00  .00  .00  .00  .00  .00  .00  .00  .00  .00  .00  .00  .00  .00  .00  .00  .00  .00  .00  .00","R01  0.007AAP092"
"72297793184","2002-08-25T07:59:00","6","33.68","-117.86639","16.5","SANTA ANA JOHN WAYNE AIRPORT, CA US","SOD  ","KSNA ","V020","999,9,9,9999,9","99999,9,9,9","999999,9,9,9","+9999,9","+9999,9","99999,9","24,0000,9,6",,,,,,,,,,,,,,,,"0000,5","000,5","240,M,+0261,5","240,N,+0156,5",,,,,,,"10125,9,99999,4",,,"1,24,00715,200,1145,5","2,24,00581,220,1246,5","3,24,00192,999,9999,5","SOD60524 HR PRECIPITATION (IN): 0.00 TOTAL SUNSHINE (MINUTES):   0 PERCENT POSSIBLE SUNSHINE:  0 24 HR MAX TEMP (F): 7924 HR MAX TEMP TIME (LST):1152 24 HR MIN TEMP (F): 6024 HR MIN TEMP TIME (LST):0533 AVERAGE STATION PRESSURE:29.90  PEAK WIND SPEED (MPH): 16 PEAK WIND DIR (DEG):200 PEAK WIND TIME (LST):1145  FASTEST 2MIN SPEED (MPH): 13FASTEST 2MIN DIR (DEG):220 FASTEST 2MIN TIME (LST):1246 AVERAGE WIND SPEED (MPH): 4.3 24 HR AVG TEMP (F):70 HOURLY INCREMENTAL PRECIPITATION VALUES (IN):.00  .00  .00  .00  .00  .00  .00  .00  .00  .00  .00  .00  .00  .00  .00  .00  .00  .00  .00  .00  .00  .00  .00  .00","R01  0.007AAP092"
"72297793184","2002-08-26T07:59:00","6","33.68","-117.86639","16.5","SANTA ANA JOHN WAYNE AIRPORT, CA US","SOD  ","KSNA ","V020","999,9,9,9999,9","99999,9,9,9","999999,9,9,9","+9999,9","+9999,9","99999,9","24,0000,9,6",,,,,,,,,,,,,,,,"0000,5","000,5","240,M,+0256,5","240,N,+0161,5",,,,,,,"10125,9,99999,4",,,"1,24,00760,240,1252,5","2,24,00581,210,1310,5","3,24,00219,999,9999,5","SOD60524 HR PRECIPITATION (IN): 0.00 TOTAL SUNSHINE (MINUTES):   0 PERCENT POSSIBLE SUNSHINE:  0 24 HR MAX TEMP (F): 7824 HR MAX TEMP TIME (LST):1256 24 HR MIN TEMP (F): 6124 HR MIN TEMP TIME (LST):0533 AVERAGE STATION PRESSURE:29.90  PEAK WIND SPEED (MPH): 17 PEAK WIND DIR (DEG):240 PEAK WIND TIME (LST):1252  FASTEST 2MIN SPEED (MPH): 13FASTEST 2MIN DIR (DEG):210 FASTEST 2MIN TIME (LST):1310 AVERAGE WIND SPEED (MPH): 4.9 24 HR AVG TEMP (F):70 HOURLY INCREMENTAL PRECIPITATION VALUES (IN):.00  .00  .00  .00  .00  .00  .00  .00  .00  .00  .00  .00  .00  .00  .00  .00  .00  .00  .00  .00  .00  .00  .00  .00","R01  0.007AAP092"
"72297793184","2002-08-27T07:59:00","6","33.68","-117.86639","16.5","SANTA ANA JOHN WAYNE AIRPORT, CA US","SOD  ","KSNA ","V020","999,9,9,9999,9","99999,9,9,9","999999,9,9,9","+9999,9","+9999,9","99999,9","24,0000,9,6",,,,,,,,,,,,,,,,"0000,5","000,5","240,M,+0250,5","240,N,+0161,5",,,,,,,"10105,9,99999,4",,,"1,24,00671,220,1241,5","2,24,00581,210,1242,5","3,24,00246,999,9999,5","SOD60524 HR PRECIPITATION (IN): 0.00 TOTAL SUNSHINE (MINUTES):   0 PERCENT POSSIBLE SUNSHINE:  0 24 HR MAX TEMP (F): 7724 HR MAX TEMP TIME (LST):1456 24 HR MIN TEMP (F): 6124 HR MIN TEMP TIME (LST):0547 AVERAGE STATION PRESSURE:29.84  PEAK WIND SPEED (MPH): 15 PEAK WIND DIR (DEG):220 PEAK WIND TIME (LST):1241  FASTEST 2MIN SPEED (MPH): 13FASTEST 2MIN DIR (DEG):210 FASTEST 2MIN TIME (LST):1242 AVERAGE WIND SPEED (MPH): 5.5 24 HR AVG TEMP (F):69 HOURLY INCREMENTAL PRECIPITATION VALUES (IN):.00  .00  .00  .00  .00  .00  .00  .00  .00  .00  .00  .00  .00  .00  .00  .00  .00  .00  .00  .00  .00  .00  .00  .00","R01  0.007AAP092"
"72297793184","2002-08-28T07:59:00","6","33.68","-117.86639","16.5","SANTA ANA JOHN WAYNE AIRPORT, CA US","SOD  ","KSNA ","V020","999,9,9,9999,9","99999,9,9,9","999999,9,9,9","+9999,9","+9999,9","99999,9","24,0000,9,6",,,,,,,,,,,,,,,,"0000,5","000,5","240,M,+0228,5","240,N,+0161,5",,,,,,,"10061,9,99999,4",,,"1,24,00894,200,1630,5","2,24,00715,190,1710,5","3,24,00349,999,9999,5","SOD58324 HR PRECIPITATION (IN): 0.00 TOTAL SUNSHINE (MINUTES):   0 PERCENT POSSIBLE SUNSHINE:  0 24 HR MAX TEMP (F): 7324 HR MAX TEMP TIME (LST):1236 24 HR MIN TEMP (F): 6124 HR MIN TEMP TIME (LST):0114 AVERAGE STATION PRESSURE:29.71  PEAK WIND SPEED (MPH): 20 PEAK WIND DIR (DEG):200 PEAK WIND TIME (LST):1630  FASTEST 2MIN SPEED (MPH): 16FASTEST 2MIN DIR (DEG):190 FASTEST 2MIN TIME (LST):1710 AVERAGE WIND SPEED (MPH): 7.8 HOURLY INCREMENTAL PRECIPITATION VALUES (IN):.00  .00  .00  .00  .00  .00  .00  .00  .00  .00  .00  .00  .00  .00  .00  .00  .00  .00  .00  .00  .00  .00  .00  .00","R01  0.007AAP092"
"72297793184","2002-08-29T07:59:00","6","33.68","-117.86639","16.5","SANTA ANA JOHN WAYNE AIRPORT, CA US","SOD  ","KSNA ","V020","999,9,9,9999,9","99999,9,9,9","999999,9,9,9","+9999,9","+9999,9","99999,9","24,0000,9,6",,,,,,,,,,,,,,,,"0000,5","000,5","240,M,+0228,5","240,N,+0178,5",,,,,,,"10088,9,99999,4",,,"1,24,00805,210,1307,5","2,24,00715,210,1247,5","3,24,00353,999,9999,5","SOD60524 HR PRECIPITATION (IN): 0.00 TOTAL SUNSHINE (MINUTES):   0 PERCENT POSSIBLE SUNSHINE:  0 24 HR MAX TEMP (F): 7324 HR MAX TEMP TIME (LST):0950 24 HR MIN TEMP (F): 6424 HR MIN TEMP TIME (LST):2359 AVERAGE STATION PRESSURE:29.79  PEAK WIND SPEED (MPH): 18 PEAK WIND DIR (DEG):210 PEAK WIND TIME (LST):1307  FASTEST 2MIN SPEED (MPH): 16FASTEST 2MIN DIR (DEG):210 FASTEST 2MIN TIME (LST):1247 AVERAGE WIND SPEED (MPH): 7.9 24 HR AVG TEMP (F):69 HOURLY INCREMENTAL PRECIPITATION VALUES (IN):.00  .00  .00  .00  .00  .00  .00  .00  .00  .00  .00  .00  .00  .00  .00  .00  .00  .00  .00  .00  .00  .00  .00  .00","R01  0.007AAP092"
"72297793184","2002-08-30T07:59:00","6","33.68","-117.86639","16.5","SANTA ANA JOHN WAYNE AIRPORT, CA US","SOD  ","KSNA ","V020","999,9,9,9999,9","99999,9,9,9","999999,9,9,9","+9999,9","+9999,9","99999,9","24,0000,9,6",,,,,,,,,,,,,,,,,,"240,M,+0239,5","240,N,+0172,5",,,,,,,"10091,9,99999,4",,,"1,24,00715,220,1437,5","2,24,00626,220,1438,5","3,24,00232,999,9999,5","SOD54524 HR PRECIPITATION (IN): 0.00 24 HR MAX TEMP (F): 7524 HR MAX TEMP TIME (LST):1256 24 HR MIN TEMP (F): 6324 HR MIN TEMP TIME (LST):2359 AVERAGE STATION PRESSURE:29.80  PEAK WIND SPEED (MPH): 16 PEAK WIND DIR (DEG):220 PEAK WIND TIME (LST):1437  FASTEST 2MIN SPEED (MPH): 14FASTEST 2MIN DIR (DEG):220 FASTEST 2MIN TIME (LST):1438 AVERAGE WIND SPEED (MPH): 5.2 24 HR AVG TEMP (F):69 HOURLY INCREMENTAL PRECIPITATION VALUES (IN):.00  .00  .00  .00  .00  .00  .00  .00  .00  .00  .00  .00  .00  .00  .00  .00  .00  .00  .00  .00  .00  .00  .00  .00","R01  0.007AAP092"
"72297793184","2002-08-31T07:59:00","6","33.68","-117.86639","16.5","SANTA ANA JOHN WAYNE AIRPORT, CA US","SOD  ","KSNA ","V020","999,9,9,9999,9","99999,9,9,9","999999,9,9,9","+9999,9","+9999,9","99999,9","24,0000,9,6",,,,,,,,,,,,,,,,"0000,5","000,5","240,M,+0261,5","240,N,+0167,5",,,,,,,"10085,9,99999,4",,,"1,24,00626,250,1313,5","2,24,00447,220,1423,5","3,24,00192,999,9999,5","SOD60524 HR PRECIPITATION (IN): 0.00 TOTAL SUNSHINE (MINUTES):   0 PERCENT POSSIBLE SUNSHINE:  0 24 HR MAX TEMP (F): 7924 HR MAX TEMP TIME (LST):1452 24 HR MIN TEMP (F): 6224 HR MIN TEMP TIME (LST):0501 AVERAGE STATION PRESSURE:29.78  PEAK WIND SPEED (MPH): 14 PEAK WIND DIR (DEG):250 PEAK WIND TIME (LST):1313  FASTEST 2MIN SPEED (MPH): 10FASTEST 2MIN DIR (DEG):220 FASTEST 2MIN TIME (LST):1423 AVERAGE WIND SPEED (MPH): 4.3 24 HR AVG TEMP (F):71 HOURLY INCREMENTAL PRECIPITATION VALUES (IN):.00  .00  .00  .00  .00  .00  .00  .00  .00  .00  .00  .00  .00  .00  .00  .00  .00  .00  .00  .00  .00  .00  .00  .00","R01  0.007AAP092"
"72297793184","2002-09-01T07:59:00","6","33.68","-117.86639","16.5","SANTA ANA JOHN WAYNE AIRPORT, CA US","SOD  ","KSNA ","V020","999,9,9,9999,9","99999,9,9,9","999999,9,9,9","+9999,9","+9999,9","99999,9","24,0000,9,6",,,,,,,,,,,,,,,,"0000,5","000,5","240,M,+0278,5","240,N,+0178,5",,,,,,,"10091,9,99999,4",,,"1,24,00536,230,1449,5","2,24,00447,220,1449,5","3,24,00116,999,9999,5","SOD58324 HR PRECIPITATION (IN): 0.00 TOTAL SUNSHINE (MINUTES):   0 PERCENT POSSIBLE SUNSHINE:  0 24 HR MAX TEMP (F): 8224 HR MAX TEMP TIME (LST):1417 24 HR MIN TEMP (F): 6424 HR MIN TEMP TIME (LST):0627 AVERAGE STATION PRESSURE:29.80  PEAK WIND SPEED (MPH): 12 PEAK WIND DIR (DEG):230 PEAK WIND TIME (LST):1449  FASTEST 2MIN SPEED (MPH): 10FASTEST 2MIN DIR (DEG):220 FASTEST 2MIN TIME (LST):1449 AVERAGE WIND SPEED (MPH): 2.6 HOURLY INCREMENTAL PRECIPITATION VALUES (IN):.00  .00  .00  .00  .00  .00  .00  .00  .00  .00  .00  .00  .00  .00  .00  .00  .00  .00  .00  .00  .00  .00  .00  .00","R01  0.007AAP092"
"72297793184","2002-09-01T07:59:00","6","33.68","-117.86639","16.5","SANTA ANA JOHN WAYNE AIRPORT, CA US","SOM  ","KSNA ","V020","999,9,9,9999,9","99999,9,9,9","999999,9,9,9","+9999,9","+9999,9","99999,9",,"00000,9,5","00000,9,9999,9999,9999,5","00,5,00,5,99,9,00,5",,,,,,,"060,9999,9,999999,7","080,9999,9,999999,7","100,9999,9,999999,7","120,9999,9,999999,7","150,9999,9,999999,7","180,9999,9,999999,7",,,,,"744,N,+1689,5","744,M,+2472,5","744,A,+2083,5","744,H,0000,5","744,C,0052,6","00,5,00,5,00,5,00,5",,,"10183,230925,5,10085,271720,5",,,,"SOM765PCP MTOT: 0.00 DEPNRM: 0.00 PCP GT 24HRS: 0.00 DAYS W/PCP >=.01: 0 DAYS W/PCP >=.10: 0 DAYS W/PCP >=1.00:  MSDP AMTS W/DATE-TIME TAGS:MIN:5  .00    /     MIN:10  .00    /     MIN:15  .00    /     MIN:20  .00    /     MIN:30  .00    /     MIN:45  .00    /     MIN:60  .00    /     MIN:80  .00    /     MIN:100  .00    /     MIN:120  .00    /     MIN:150  .00    /     MIN:180  .00    /     SN GT DP ON GRND:0 DATE(S):0  AVG DLY MIN: 62.4 AVG DLY MAX: 76.5 AVG MLY TMP: 69.5 DAYS MAX <=32:  DAYS MAX >=70: 0 DAYS MAX >=90: 0 DAYS MIN <=32: 0 DAYS MIN  <=0: 0 LWST SLP:29.78 DATE/TIME:271720 HGST SLP:30.07 DATE/TIME:230925 HDD MTH TOT:   0 DEP NORM:-255 SEASON(JUL 1-JUN 30):    0 DEP NORM:21446 CDD MTH TOT:  52 DEP NORM:-255 SEASON(JAN 1-DEC 31):   52 DEP NORM:7732","R01   .007A01001R02   .007A02007R03   .007A03013R04   .007A04019R05   .007A05026R06   .007A06033R07   .007A07039R08   .007A08046R09   .007A09052R10   .007A10058R11   .007A11065R12   .007A12071R13    527KDC058"
"72297793184","2002-09-02T07:59:00","6","33.68","-117.86639","16.5","SANTA ANA JOHN WAYNE AIRPORT, CA US","SOD  ","KSNA ","V020","999,9,9,9999,9","99999,9,9,9","999999,9,9,9","+9999,9","+9999,9","99999,9","24,0000,9,5",,,,,,,,,,,,,,,,"0000,5","000,5","240,M,+0350,5","240,N,+0189,6",,,,,,,"10078,9,99999,4",,,"1,24,00626,240,1254,5","2,24,00536,220,1256,5","3,24,00152,999,9999,5","SOD58324 HR PRECIPITATION (IN): 0.00 TOTAL SUNSHINE (MINUTES):   0 PERCENT POSSIBLE SUNSHINE:  0 24 HR MAX TEMP (F): 9524 HR MAX TEMP TIME (LST):1211 24 HR MIN TEMP (F): 6624 HR MIN TEMP TIME (LST):0415 AVERAGE STATION PRESSURE:29.76  PEAK WIND SPEED (MPH): 14 PEAK WIND DIR (DEG):240 PEAK WIND TIME (LST):1254  FASTEST 2MIN SPEED (MPH): 12FASTEST 2MIN DIR (DEG):220 FASTEST 2MIN TIME (LST):1256 AVERAGE WIND SPEED (MPH): 3.4 HOURLY INCREMENTAL PRECIPITATION VALUES (IN):.00  .00  .00  .00  .00  .00  .00  .00  .00  .00  .00  .00  .00  .00  .00  .00  .00  .00  .00  .00  .00  .00  .00  .00","R01    667KAN014"
"72297793184","2002-09-03T07:59:00","6","33.68","-117.86639","16.5","SANTA ANA JOHN WAYNE AIRPORT, CA US","SOD  ","KSNA ","V020","999,9,9,9999,9","99999,9,9,9","999999,9,9,9","+9999,9","+9999,9","99999,9","24,0000,9,5",,,,,,,,,,,,,,,,"0000,5","000,5","240,M,+0300,5","240,N,+0194,5",,,,,,,"10068,9,99999,4",,,"1,24,01028,190,1444,5","2,24,00894,190,1445,5","3,24,00295,999,9999,5","SOD60524 HR PRECIPITATION (IN): 0.00 TOTAL SUNSHINE (MINUTES):   0 PERCENT POSSIBLE SUNSHINE:  0 24 HR MAX TEMP (F): 8624 HR MAX TEMP TIME (LST):1216 24 HR MIN TEMP (F): 6724 HR MIN TEMP TIME (LST):0608 AVERAGE STATION PRESSURE:29.73  PEAK WIND SPEED (MPH): 23 PEAK WIND DIR (DEG):190 PEAK WIND TIME (LST):1444  FASTEST 2MIN SPEED (MPH): 20FASTEST 2MIN DIR (DEG):190 FASTEST 2MIN TIME (LST):1445 AVERAGE WIND SPEED (MPH): 6.6 24 HR AVG TEMP (F):77 HOURLY INCREMENTAL PRECIPITATION VALUES (IN):.00  .00  .00  .00  .00  .00  .00  .00  .00  .00  .00  .00  .00  .00  .00  .00  .00  .00  .00  .00  .00  .00  .00  .00",
"72297793184","2002-09-04T07:59:00","6","33.68","-117.86639","16.5","SANTA ANA JOHN WAYNE AIRPORT, CA US","SOD  ","KSNA ","V020","999,9,9,9999,9","99999,9,9,9","999999,9,9,9","+9999,9","+9999,9","99999,9","24,0000,9,5",,,,,,,,,,,,,,,,"0000,5","000,5","240,M,+0278,5","240,N,+0189,5",,,,,,,"10078,9,99999,4",,,"1,24,00805,210,1438,5","2,24,00760,200,1420,5","3,24,00255,999,9999,5","SOD60524 HR PRECIPITATION (IN): 0.00 TOTAL SUNSHINE (MINUTES):   0 PERCENT POSSIBLE SUNSHINE:  0 24 HR MAX TEMP (F): 8224 HR MAX TEMP TIME (LST):1218 24 HR MIN TEMP (F): 6624 HR MIN TEMP TIME (LST):2359 AVERAGE STATION PRESSURE:29.76  PEAK WIND SPEED (MPH): 18 PEAK WIND DIR (DEG):210 PEAK WIND TIME (LST):1438  FASTEST 2MIN SPEED (MPH): 17FASTEST 2MIN DIR (DEG):200 FASTEST 2MIN TIME (LST):1420 AVERAGE WIND SPEED (MPH): 5.7 24 HR AVG TEMP (F):74 HOURLY INCREMENTAL PRECIPITATION VALUES (IN):.00  .00  .00  .00  .00  .00  .00  .00  .00  .00  .00  .00  .00  .00  .00  .00  .00  .00  .00  .00  .00  .00  .00  .00",
"72297793184","2002-09-05T07:59:00","6","33.68","-117.86639","16.5","SANTA ANA JOHN WAYNE AIRPORT, CA US","SOD  ","KSNA ","V020","999,9,9,9999,9","99999,9,9,9","999999,9,9,9","+9999,9","+9999,9","99999,9","24,0000,9,5",,,,,,,,,,,,,,,,"0000,5","000,5","240,M,+0272,5","240,N,+0189,5",,,,,,,"10091,9,99999,4",,,"1,24,00805,230,1206,5","2,24,00671,210,1718,5","3,24,00219,999,9999,5","SOD60524 HR PRECIPITATION (IN): 0.00 TOTAL SUNSHINE (MINUTES):   0 PERCENT POSSIBLE SUNSHINE:  0 24 HR MAX TEMP (F): 8124 HR MAX TEMP TIME (LST):1159 24 HR MIN TEMP (F): 6624 HR MIN TEMP TIME (LST):0301 AVERAGE STATION PRESSURE:29.80  PEAK WIND SPEED (MPH): 18 PEAK WIND DIR (DEG):230 PEAK WIND TIME (LST):1206  FASTEST 2MIN SPEED (MPH): 15FASTEST 2MIN DIR (DEG):210 FASTEST 2MIN TIME (LST):1718 AVERAGE WIND SPEED (MPH): 4.9 24 HR AVG TEMP (F):74 HOURLY INCREMENTAL PRECIPITATION VALUES (IN):.00  .00  .00  .00  .00  .00  .00  .00  .00  .00  .00  .00  .00  .00  .00  .00  .00  .00  .00  .00  .00  .00  .00  .00",
"72297793184","2002-09-06T07:59:00","6","33.68","-117.86639","16.5","SANTA ANA JOHN WAYNE AIRPORT, CA US","SOD  ","KSNA ","V020","999,9,9,9999,9","99999,9,9,9","999999,9,9,9","+9999,9","+9999,9","99999,9","24,0000,2,5",,,,,,,,,,,,,,,,"0000,5","000,5","240,M,+0283,5","240,N,+0194,5",,,,,,,"10095,9,99999,4",,,"1,24,00671,200,1549,5","2,24,00581,210,1552,5","3,24,00192,999,9999,5","SOD60524 HR PRECIPITATION (IN):  T   TOTAL SUNSHINE (MINUTES):   0 PERCENT POSSIBLE SUNSHINE:  0 24 HR MAX TEMP (F): 8324 HR MAX TEMP TIME (LST):1545 24 HR MIN TEMP (F): 6724 HR MIN TEMP TIME (LST):0314 AVERAGE STATION PRESSURE:29.81  PEAK WIND SPEED (MPH): 15 PEAK WIND DIR (DEG):200 PEAK WIND TIME (LST):1549  FASTEST 2MIN SPEED (MPH): 13FASTEST 2MIN DIR (DEG):210 FASTEST 2MIN TIME (LST):1552 AVERAGE WIND SPEED (MPH): 4.3 24 HR AVG TEMP (F):75 HOURLY INCREMENTAL PRECIPITATION VALUES (IN):.00  .00  .00  .00  .00  .00  .00  .00  .00  .00  .00  .00  .00   T   .00  .00  .00  .00  .00   T   .00  .00  .00  .00",
"72297793184","2002-09-07T07:59:00","6","33.68","-117.86639","16.5","SANTA ANA JOHN WAYNE AIRPORT, CA US","SOD  ","KSNA ","V020","999,9,9,9999,9","99999,9,9,9","999999,9,9,9","+9999,9","+9999,9","99999,9","24,0000,2,5",,,,,,,,,,,,,,,,"0000,5","000,5","240,M,+0272,5","240,N,+0189,5",,,,,,,"10064,9,99999,4",,,"1,24,00894,190,1255,5","2,24,00760,200,1256,5","3,24,00232,999,9999,5","SOD60524 HR PRECIPITATION (IN):  T   TOTAL SUNSHINE (MINUTES):   0 PERCENT POSSIBLE SUNSHINE:  0 24 HR MAX TEMP (F): 8124 HR MAX TEMP TIME (LST):1110 24 HR MIN TEMP (F): 6624 HR MIN TEMP TIME (LST):2348 AVERAGE STATION PRESSURE:29.72  PEAK WIND SPEED (MPH): 20 PEAK WIND DIR (DEG):190 PEAK WIND TIME (LST):1255  FASTEST 2MIN SPEED (MPH): 17FASTEST 2MIN DIR (DEG):200 FASTEST 2MIN TIME (LST):1256 AVERAGE WIND SPEED (MPH): 5.2 24 HR AVG TEMP (F):74 HOURLY INCREMENTAL PRECIPITATION VALUES (IN):.00   T    T   .00  .00  .00  .00   T   .00  .00  .00  .00  .00  .00  .00  .00  .00  .00  .00  .00  .00  .00  .00  .00",
"72297793184","2002-09-08T07:59:00","6","33.68","-117.86639","16.5","SANTA ANA JOHN WAYNE AIRPORT, CA US","SOD  ","KSNA ","V020","999,9,9,9999,9","99999,9,9,9","999999,9,9,9","+9999,9","+9999,9","99999,9","24,0000,9,6",,,,,,,,,,,,,,,,"0000,5","000,5","240,M,+0250,5","240,N,+0172,5",,,,,,,"10088,9,99999,4",,,"1,24,00805,200,1153,5","2,24,00715,210,1155,5","3,24,00241,999,9999,5","SOD60524 HR PRECIPITATION (IN): 0.00 TOTAL SUNSHINE (MINUTES):   0 PERCENT POSSIBLE SUNSHINE:  0 24 HR MAX TEMP (F): 7724 HR MAX TEMP TIME (LST):1128 24 HR MIN TEMP (F): 6324 HR MIN TEMP TIME (LST):2359 AVERAGE STATION PRESSURE:29.79  PEAK WIND SPEED (MPH): 18 PEAK WIND DIR (DEG):200 PEAK WIND TIME (LST):1153  FASTEST 2MIN SPEED (MPH): 16FASTEST 2MIN DIR (DEG):210 FASTEST 2MIN TIME (LST):1155 AVERAGE WIND SPEED (MPH): 5.4 24 HR AVG TEMP (F):70 HOURLY INCREMENTAL PRECIPITATION VALUES (IN):.00  .00  .00  .00  .00  .00  .00  .00  .00  .00  .00  .00  .00  .00  .00  .00  .00  .00  .00  .00  .00  .00  .00  .00","R01  0.007AAP092"
"72297793184","2002-09-09T07:59:00","6","33.68","-117.86639","16.5","SANTA ANA JOHN WAYNE AIRPORT, CA US","SOD  ","KSNA ","V020","999,9,9,9999,9","99999,9,9,9","999999,9,9,9","+9999,9","+9999,9","99999,9","24,0000,9,6",,,,,,,,,,,,,,,,"0000,5","000,5","240,M,+0250,5","240,N,+0144,5",,,,,,,"10108,9,99999,4",,,"1,24,00671,210,1542,5","2,24,00581,220,1551,5","3,24,00152,999,9999,5","SOD60524 HR PRECIPITATION (IN): 0.00 TOTAL SUNSHINE (MINUTES):   0 PERCENT POSSIBLE SUNSHINE:  0 24 HR MAX TEMP (F): 7724 HR MAX TEMP TIME (LST):1300 24 HR MIN TEMP (F): 5824 HR MIN TEMP TIME (LST):0511 AVERAGE STATION PRESSURE:29.85  PEAK WIND SPEED (MPH): 15 PEAK WIND DIR (DEG):210 PEAK WIND TIME (LST):1542  FASTEST 2MIN SPEED (MPH): 13FASTEST 2MIN DIR (DEG):220 FASTEST 2MIN TIME (LST):1551 AVERAGE WIND SPEED (MPH): 3.4 24 HR AVG TEMP (F):68 HOURLY INCREMENTAL PRECIPITATION VALUES (IN):.00  .00  .00  .00  .00  .00  .00  .00  .00  .00  .00  .00  .00  .00  .00  .00  .00  .00  .00  .00  .00  .00  .00  .00","R01  0.007AAP092"
"72297793184","2002-09-10T07:59:00","6","33.68","-117.86639","16.5","SANTA ANA JOHN WAYNE AIRPORT, CA US","SOD  ","KSNA ","V020","999,9,9,9999,9","99999,9,9,9","999999,9,9,9","+9999,9","+9999,9","99999,9","24,0000,9,6",,,,,,,,,,,,,,,,"0000,5","000,5","240,M,+0272,5","240,N,+0156,5",,,,,,,"10102,9,99999,4",,,"1,24,00715,230,1516,5","2,24,00581,220,1602,5","3,24,00206,999,9999,5","SOD60524 HR PRECIPITATION (IN): 0.00 TOTAL SUNSHINE (MINUTES):   0 PERCENT POSSIBLE SUNSHINE:  0 24 HR MAX TEMP (F): 8124 HR MAX TEMP TIME (LST):1445 24 HR MIN TEMP (F): 6024 HR MIN TEMP TIME (LST):0454 AVERAGE STATION PRESSURE:29.83  PEAK WIND SPEED (MPH): 16 PEAK WIND DIR (DEG):230 PEAK WIND TIME (LST):1516  FASTEST 2MIN SPEED (MPH): 13FASTEST 2MIN DIR (DEG):220 FASTEST 2MIN TIME (LST):1602 AVERAGE WIND SPEED (MPH): 4.6 24 HR AVG TEMP (F):71 HOURLY INCREMENTAL PRECIPITATION VALUES (IN):.00  .00  .00  .00  .00  .00  .00  .00  .00  .00  .00  .00  .00  .00  .00  .00  .00  .00  .00  .00  .00  .00  .00  .00","R01  0.007AAP092"
"72297793184","2002-09-11T07:59:00","6","33.68","-117.86639","16.5","SANTA ANA JOHN WAYNE AIRPORT, CA US","SOD  ","KSNA ","V020","999,9,9,9999,9","99999,9,9,9","999999,9,9,9","+9999,9","+9999,9","99999,9","24,0000,9,6",,,,,,,,,,,,,,,,"0000,5","000,5","240,M,+0294,5","240,N,+0178,5",,,,,,,"10078,9,99999,4",,,"1,24,00760,200,1614,5","2,24,00671,200,1620,5","3,24,00201,999,9999,5","SOD60524 HR PRECIPITATION (IN): 0.00 TOTAL SUNSHINE (MINUTES):   0 PERCENT POSSIBLE SUNSHINE:  0 24 HR MAX TEMP (F): 8524 HR MAX TEMP TIME (LST):1509 24 HR MIN TEMP (F): 6424 HR MIN TEMP TIME (LST):0552 AVERAGE STATION PRESSURE:29.76  PEAK WIND SPEED (MPH): 17 PEAK WIND DIR (DEG):200 PEAK WIND TIME (LST):1614  FASTEST 2MIN SPEED (MPH): 15FASTEST 2MIN DIR (DEG):200 FASTEST 2MIN TIME (LST):1620 AVERAGE WIND SPEED (MPH): 4.5 24 HR AVG TEMP (F):75 HOURLY INCREMENTAL PRECIPITATION VALUES (IN):.00  .00  .00  .00  .00  .00  .00  .00  .00  .00  .00  .00  .00  .00  .00  .00  .00  .00  .00  .00  .00  .00  .00  .00","R01  0.007AAP092"
"72297793184","2002-09-12T07:59:00","6","33.68","-117.86639","16.5","SANTA ANA JOHN WAYNE AIRPORT, CA US","SOD  ","KSNA ","V020","999,9,9,9999,9","99999,9,9,9","999999,9,9,9","+9999,9","+9999,9","99999,9","24,0000,9,6",,,,,,,,,,,,,,,,"0000,5","000,5","240,M,+0256,5","240,N,+0172,5",,,,,,,"10078,9,99999,4",,,"1,24,00715,210,1249,5","2,24,00581,190,1508,5","3,24,00228,999,9999,5","SOD60524 HR PRECIPITATION (IN): 0.00 TOTAL SUNSHINE (MINUTES):   0 PERCENT POSSIBLE SUNSHINE:  0 24 HR MAX TEMP (F): 7824 HR MAX TEMP TIME (LST):1238 24 HR MIN TEMP (F): 6324 HR MIN TEMP TIME (LST):2340 AVERAGE STATION PRESSURE:29.76  PEAK WIND SPEED (MPH): 16 PEAK WIND DIR (DEG):210 PEAK WIND TIME (LST):1249  FASTEST 2MIN SPEED (MPH): 13FASTEST 2MIN DIR (DEG):190 FASTEST 2MIN TIME (LST):1508 AVERAGE WIND SPEED (MPH): 5.1 24 HR AVG TEMP (F):71 HOURLY INCREMENTAL PRECIPITATION VALUES (IN):.00  .00  .00  .00  .00  .00  .00  .00  .00  .00  .00  .00  .00  .00  .00  .00  .00  .00  .00  .00  .00  .00  .00  .00","R01  0.007AAP092"
"72297793184","2002-09-13T07:59:00","6","33.68","-117.86639","16.5","SANTA ANA JOHN WAYNE AIRPORT, CA US","SOD  ","KSNA ","V020","999,9,9,9999,9","99999,9,9,9","999999,9,9,9","+9999,9","+9999,9","99999,9","24,0000,9,6",,,,,,,,,,,,,,,,"0000,5","000,5","240,M,+0256,5","240,N,+0156,5",,,,,,,"10085,9,99999,4",,,"1,24,00581,220,1315,5","2,24,00447,220,1315,5","3,24,00183,999,9999,5","SOD60524 HR PRECIPITATION (IN): 0.00 TOTAL SUNSHINE (MINUTES):   0 PERCENT POSSIBLE SUNSHINE:  0 24 HR MAX TEMP (F): 7824 HR MAX TEMP TIME (LST):1515 24 HR MIN TEMP (F): 6024 HR MIN TEMP TIME (LST):0707 AVERAGE STATION PRESSURE:29.78  PEAK WIND SPEED (MPH): 13 PEAK WIND DIR (DEG):220 PEAK WIND TIME (LST):1315  FASTEST 2MIN SPEED (MPH): 10FASTEST 2MIN DIR (DEG):220 FASTEST 2MIN TIME (LST):1315 AVERAGE WIND SPEED (MPH): 4.1 24 HR AVG TEMP (F):69 HOURLY INCREMENTAL PRECIPITATION VALUES (IN):.00  .00  .00  .00  .00  .00  .00  .00  .00  .00  .00  .00  .00  .00  .00  .00  .00  .00  .00  .00  .00  .00  .00  .00","R01  0.007AAP092"
"72297793184","2002-09-14T07:59:00","6","33.68","-117.86639","16.5","SANTA ANA JOHN WAYNE AIRPORT, CA US","SOD  ","KSNA ","V020","999,9,9,9999,9","99999,9,9,9","999999,9,9,9","+9999,9","+9999,9","99999,9","24,0000,9,6",,,,,,,,,,,,,,,,"0000,5","000,5","240,M,+0256,5","240,N,+0161,5",,,,,,,"10078,9,99999,4",,,"1,24,00671,210,1501,5","2,24,00536,220,1503,5","3,24,00206,999,9999,5","SOD60524 HR PRECIPITATION (IN): 0.00 TOTAL SUNSHINE (MINUTES):   0 PERCENT POSSIBLE SUNSHINE:  0 24 HR MAX TEMP (F): 7824 HR MAX TEMP TIME (LST):1346 24 HR MIN TEMP (F): 6124 HR MIN TEMP TIME (LST):0557 AVERAGE STATION PRESSURE:29.76  PEAK WIND SPEED (MPH): 15 PEAK WIND DIR (DEG):210 PEAK WIND TIME (LST):1501  FASTEST 2MIN SPEED (MPH): 12FASTEST 2MIN DIR (DEG):220 FASTEST 2MIN TIME (LST):1503 AVERAGE WIND SPEED (MPH): 4.6 24 HR AVG TEMP (F):70 HOURLY INCREMENTAL PRECIPITATION VALUES (IN):.00  .00  .00  .00  .00  .00  .00  .00  .00  .00  .00  .00  .00  .00  .00  .00  .00  .00  .00  .00  .00  .00  .00  .00","R01  0.007AAP092"
"72297793184","2002-09-15T07:59:00","6","33.68","-117.86639","16.5","SANTA ANA JOHN WAYNE AIRPORT, CA US","SOD  ","KSNA ","V020","999,9,9,9999,9","99999,9,9,9","999999,9,9,9","+9999,9","+9999,9","99999,9","24,0000,9,6",,,,,,,,,,,,,,,,"0000,5","000,5","240,M,+0256,5","240,N,+0161,5",,,,,,,"10085,9,99999,4",,,"1,24,00536,220,1729,5","2,24,00447,230,1640,5","3,24,00165,999,9999,5","SOD60524 HR PRECIPITATION (IN): 0.00 TOTAL SUNSHINE (MINUTES):   0 PERCENT POSSIBLE SUNSHINE:  0 24 HR MAX TEMP (F): 7824 HR MAX TEMP TIME (LST):1603 24 HR MIN TEMP (F): 6124 HR MIN TEMP TIME (LST):0256 AVERAGE STATION PRESSURE:29.78  PEAK WIND SPEED (MPH): 12 PEAK WIND DIR (DEG):220 PEAK WIND TIME (LST):1729  FASTEST 2MIN SPEED (MPH): 10FASTEST 2MIN DIR (DEG):230 FASTEST 2MIN TIME (LST):1640 AVERAGE WIND SPEED (MPH): 3.7 24 HR AVG TEMP (F):70 HOURLY INCREMENTAL PRECIPITATION VALUES (IN):.00  .00  .00  .00  .00  .00  .00  .00  .00  .00  .00  .00  .00  .00  .00  .00  .00  .00  .00  .00  .00  .00  .00  .00","R01  0.007AAP092"
"72297793184","2002-09-16T07:59:00","6","33.68","-117.86639","16.5","SANTA ANA JOHN WAYNE AIRPORT, CA US","SOD  ","KSNA ","V020","999,9,9,9999,9","99999,9,9,9","999999,9,9,9","+9999,9","+9999,9","99999,9","24,0000,9,6",,,,,,,,,,,,,,,,,,"240,M,+0278,5","240,N,+0150,5",,,,,,,"10085,9,99999,4",,,"1,24,00626,230,1344,5","2,24,00447,220,1654,5","3,24,00206,999,9999,5","SOD54524 HR PRECIPITATION (IN): 0.00 24 HR MAX TEMP (F): 8224 HR MAX TEMP TIME (LST):1251 24 HR MIN TEMP (F): 5924 HR MIN TEMP TIME (LST):0736 AVERAGE STATION PRESSURE:29.78  PEAK WIND SPEED (MPH): 14 PEAK WIND DIR (DEG):230 PEAK WIND TIME (LST):1344  FASTEST 2MIN SPEED (MPH): 10FASTEST 2MIN DIR (DEG):220 FASTEST 2MIN TIME (LST):1654 AVERAGE WIND SPEED (MPH): 4.6 24 HR AVG TEMP (F):71 HOURLY INCREMENTAL PRECIPITATION VALUES (IN):.00  .00  .00  .00  .00  .00  .00  .00  .00  .00  .00  .00  .00  .00  .00  .00  .00  .00  .00  .00  .00  .00  .00  .00","R01  0.007AAP092"
"72297793184","2002-09-17T07:59:00","6","33.68","-117.86639","16.5","SANTA ANA JOHN WAYNE AIRPORT, CA US","SOD  ","KSNA ","V020","999,9,9,9999,9","99999,9,9,9","999999,9,9,9","+9999,9","+9999,9","99999,9","24,0000,9,6",,,,,,,,,,,,,,,,"0000,5","000,5","240,M,+0239,5","240,N,+0150,5",,,,,,,"10068,9,99999,4",,,"1,24,00715,220,1143,5","2,24,00581,200,1045,5","3,24,00228,999,9999,5","SOD60524 HR PRECIPITATION (IN): 0.00 TOTAL SUNSHINE (MINUTES):   0 PERCENT POSSIBLE SUNSHINE:  0 24 HR MAX TEMP (F): 7524 HR MAX TEMP TIME (LST):1344 24 HR MIN TEMP (F): 5924 HR MIN TEMP TIME (LST):0606 AVERAGE STATION PRESSURE:29.73  PEAK WIND SPEED (MPH): 16 PEAK WIND DIR (DEG):220 PEAK WIND TIME (LST):1143  FASTEST 2MIN SPEED (MPH): 13FASTEST 2MIN DIR (DEG):200 FASTEST 2MIN TIME (LST):1045 AVERAGE WIND SPEED (MPH): 5.1 24 HR AVG TEMP (F):67 HOURLY INCREMENTAL PRECIPITATION VALUES (IN):.00  .00  .00  .00  .00  .00  .00  .00  .00  .00  .00  .00  .00  .00  .00  .00  .00  .00  .00  .00  .00  .00  .00  .00","R01  0.007AAP092"
"72297793184","2002-09-18T07:59:00","6","33.68","-117.86639","16.5","SANTA ANA JOHN WAYNE AIRPORT, CA US","SOD  ","KSNA ","V020","999,9,9,9999,9","99999,9,9,9","999999,9,9,9","+9999,9","+9999,9","99999,9","24,0000,9,6",,,,,,,,,,,,,,,,"0000,5","000,5","240,M,+0228,5","240,N,+0167,5",,,,,,,"10061,9,99999,4",,,"1,24,00805,190,1328,5","2,24,00715,220,1315,5","3,24,00308,999,9999,5","SOD60524 HR PRECIPITATION (IN): 0.00 TOTAL SUNSHINE (MINUTES):   0 PERCENT POSSIBLE SUNSHINE:  0 24 HR MAX TEMP (F): 7324 HR MAX TEMP TIME (LST):1156 24 HR MIN TEMP (F): 6224 HR MIN TEMP TIME (LST):0055 AVERAGE STATION PRESSURE:29.71  PEAK WIND SPEED (MPH): 18 PEAK WIND DIR (DEG):190 PEAK WIND TIME (LST):1328  FASTEST 2MIN SPEED (MPH): 16FASTEST 2MIN DIR (DEG):220 FASTEST 2MIN TIME (LST):1315 AVERAGE WIND SPEED (MPH): 6.9 24 HR AVG TEMP (F):68 HOURLY INCREMENTAL PRECIPITATION VALUES (IN):.00  .00  .00  .00  .00  .00  .00  .00  .00  .00  .00  .00  .00  .00  .00  .00  .00  .00  .00  .00  .00  .00  .00  .00","R01  0.007AAP092"
"72297793184","2002-09-19T07:59:00","6","33.68","-117.86639","16.5","SANTA ANA JOHN WAYNE AIRPORT, CA US","SOD  ","KSNA ","V020","999,9,9,9999,9","99999,9,9,9","999999,9,9,9","+9999,9","+9999,9","99999,9","24,0000,9,6",,,,,,,,,,,,,,,,"0000,5","000,5","240,M,+0228,5","240,N,+0178,5",,,,,,,"10058,9,99999,4",,,"1,24,00715,220,1317,5","2,24,00581,210,1318,5","3,24,00277,999,9999,5","SOD60524 HR PRECIPITATION (IN): 0.00 TOTAL SUNSHINE (MINUTES):   0 PERCENT POSSIBLE SUNSHINE:  0 24 HR MAX TEMP (F): 7324 HR MAX TEMP TIME (LST):1358 24 HR MIN TEMP (F): 6424 HR MIN TEMP TIME (LST):2359 AVERAGE STATION PRESSURE:29.70  PEAK WIND SPEED (MPH): 16 PEAK WIND DIR (DEG):220 PEAK WIND TIME (LST):1317  FASTEST 2MIN SPEED (MPH): 13FASTEST 2MIN DIR (DEG):210 FASTEST 2MIN TIME (LST):1318 AVERAGE WIND SPEED (MPH): 6.2 24 HR AVG TEMP (F):69 HOURLY INCREMENTAL PRECIPITATION VALUES (IN):.00  .00  .00  .00  .00  .00  .00  .00  .00  .00  .00  .00  .00  .00  .00  .00  .00  .00  .00  .00  .00  .00  .00  .00","R01  0.007AAP092"
"72297793184","2002-09-20T07:59:00","6","33.68","-117.86639","16.5","SANTA ANA JOHN WAYNE AIRPORT, CA US","SOD  ","KSNA ","V020","999,9,9,9999,9","99999,9,9,9","999999,9,9,9","+9999,9","+9999,9","99999,9","24,0000,9,6",,,,,,,,,,,,,,,,"0000,5","000,5","240,M,+0250,5","240,N,+0161,5",,,,,,,"10058,9,99999,4",,,"1,24,00760,230,1201,5","2,24,00581,210,1555,5","3,24,00201,999,9999,5","SOD60524 HR PRECIPITATION (IN): 0.00 TOTAL SUNSHINE (MINUTES):   0 PERCENT POSSIBLE SUNSHINE:  0 24 HR MAX TEMP (F): 7724 HR MAX TEMP TIME (LST):1504 24 HR MIN TEMP (F): 6124 HR MIN TEMP TIME (LST):0425 AVERAGE STATION PRESSURE:29.70  PEAK WIND SPEED (MPH): 17 PEAK WIND DIR (DEG):230 PEAK WIND TIME (LST):1201  FASTEST 2MIN SPEED (MPH): 13FASTEST 2MIN DIR (DEG):210 FASTEST 2MIN TIME (LST):1555 AVERAGE WIND SPEED (MPH): 4.5 24 HR AVG TEMP (F):69 HOURLY INCREMENTAL PRECIPITATION VALUES (IN):.00  .00  .00  .00  .00  .00  .00  .00  .00  .00  .00  .00  .00  .00  .00  .00  .00  .00  .00  .00  .00  .00  .00  .00","R01  0.007AAP092"
"72297793184","2002-09-21T07:59:00","6","33.68","-117.86639","16.5","SANTA ANA JOHN WAYNE AIRPORT, CA US","SOD  ","KSNA ","V020","999,9,9,9999,9","99999,9,9,9","999999,9,9,9","+9999,9","+9999,9","99999,9","24,0000,9,6",,,,,,,,,,,,,,,,"0000,5","000,5","240,M,+0267,5","240,N,+0178,5",,,,,,,"10068,9,99999,4",,,"1,24,00626,230,1407,5","2,24,00447,230,1410,5","3,24,00219,999,9999,5","SOD60524 HR PRECIPITATION (IN): 0.00 TOTAL SUNSHINE (MINUTES):   0 PERCENT POSSIBLE SUNSHINE:  0 24 HR MAX TEMP (F): 8024 HR MAX TEMP TIME (LST):1304 24 HR MIN TEMP (F): 6424 HR MIN TEMP TIME (LST):2359 AVERAGE STATION PRESSURE:29.73  PEAK WIND SPEED (MPH): 14 PEAK WIND DIR (DEG):230 PEAK WIND TIME (LST):1407  FASTEST 2MIN SPEED (MPH): 10FASTEST 2MIN DIR (DEG):230 FASTEST 2MIN TIME (LST):1410 AVERAGE WIND SPEED (MPH): 4.9 24 HR AVG TEMP (F):72 HOURLY INCREMENTAL PRECIPITATION VALUES (IN):.00  .00  .00  .00  .00  .00  .00  .00  .00  .00  .00  .00  .00  .00  .00  .00  .00  .00  .00  .00  .00  .00  .00  .00","R01  0.007AAP092"
"72297793184","2002-09-22T07:59:00","6","33.68","-117.86639","16.5","SANTA ANA JOHN WAYNE AIRPORT, CA US","SOD  ","KSNA ","V020","999,9,9,9999,9","99999,9,9,9","999999,9,9,9","+9999,9","+9999,9","99999,9","24,0000,9,6",,,,,,,,,,,,,,,,"0000,5","000,5","240,M,+0278,5","240,N,+0150,5",,,,,,,"10085,9,99999,4",,,"1,24,00581,270,1506,5","2,24,00447,220,1120,5","3,24,00183,999,9999,5","SOD60524 HR PRECIPITATION (IN): 0.00 TOTAL SUNSHINE (MINUTES):   0 PERCENT POSSIBLE SUNSHINE:  0 24 HR MAX TEMP (F): 8224 HR MAX TEMP TIME (LST):1427 24 HR MIN TEMP (F): 5924 HR MIN TEMP TIME (LST):0638 AVERAGE STATION PRESSURE:29.78  PEAK WIND SPEED (MPH): 13 PEAK WIND DIR (DEG):270 PEAK WIND TIME (LST):1506  FASTEST 2MIN SPEED (MPH): 10FASTEST 2MIN DIR (DEG):220 FASTEST 2MIN TIME (LST):1120 AVERAGE WIND SPEED (MPH): 4.1 24 HR AVG TEMP (F):71 HOURLY INCREMENTAL PRECIPITATION VALUES (IN):.00  .00  .00  .00  .00  .00  .00  .00  .00  .00  .00  .00  .00  .00  .00  .00  .00  .00  .00  .00  .00  .00  .00  .00","R01  0.007AAP092"
"72297793184","2002-09-23T07:59:00","6","33.68","-117.86639","16.5","SANTA ANA JOHN WAYNE AIRPORT, CA US","SOD  ","KSNA ","V020","999,9,9,9999,9","99999,9,9,9","999999,9,9,9","+9999,9","+9999,9","99999,9","24,0000,9,6",,,,,,,,,,,,,,,,,,"240,M,+0311,5","240,N,+0167,5",,,,,,,"10085,9,99999,4",,,"1,24,00671,210,1121,5","2,24,00536,220,1559,5","3,24,00174,999,9999,5","SOD54524 HR PRECIPITATION (IN): 0.00 24 HR MAX TEMP (F): 8824 HR MAX TEMP TIME (LST):1526 24 HR MIN TEMP (F): 6224 HR MIN TEMP TIME (LST):0543 AVERAGE STATION PRESSURE:29.78  PEAK WIND SPEED (MPH): 15 PEAK WIND DIR (DEG):210 PEAK WIND TIME (LST):1121  FASTEST 2MIN SPEED (MPH): 12FASTEST 2MIN DIR (DEG):220 FASTEST 2MIN TIME (LST):1559 AVERAGE WIND SPEED (MPH): 3.9 24 HR AVG TEMP (F):75 HOURLY INCREMENTAL PRECIPITATION VALUES (IN):.00  .00  .00  .00  .00  .00  .00  .00  .00  .00  .00  .00  .00  .00  .00  .00  .00  .00  .00  .00  .00  .00  .00  .00","R01  0.007AAP092"
"72297793184","2002-09-24T07:59:00","6","33.68","-117.86639","16.5","SANTA ANA JOHN WAYNE AIRPORT, CA US","SOD  ","KSNA ","V020","999,9,9,9999,9","99999,9,9,9","999999,9,9,9","+9999,9","+9999,9","99999,9","24,0000,9,6",,,,,,,,,,,,,,,,,,"240,M,+0294,5","240,N,+0178,5",,,,,,,"10054,9,99999,4",,,"1,24,00894,220,2129,5","2,24,00715,220,2129,5","3,24,00165,999,9999,5","SOD54524 HR PRECIPITATION (IN): 0.00 24 HR MAX TEMP (F): 8524 HR MAX TEMP TIME (LST):1412 24 HR MIN TEMP (F): 6424 HR MIN TEMP TIME (LST):0604 AVERAGE STATION PRESSURE:29.69  PEAK WIND SPEED (MPH): 20 PEAK WIND DIR (DEG):220 PEAK WIND TIME (LST):2129  FASTEST 2MIN SPEED (MPH): 16FASTEST 2MIN DIR (DEG):220 FASTEST 2MIN TIME (LST):2129 AVERAGE WIND SPEED (MPH): 3.7 24 HR AVG TEMP (F):75 HOURLY INCREMENTAL PRECIPITATION VALUES (IN):.00  .00  .00  .00  .00  .00  .00  .00  .00  .00  .00  .00  .00  .00  .00  .00  .00  .00  .00  .00  .00  .00  .00  .00","R01  0.007AAP092"
"72297793184","2002-09-25T07:59:00","6","33.68","-117.86639","16.5","SANTA ANA JOHN WAYNE AIRPORT, CA US","SOD  ","KSNA ","V020","999,9,9,9999,9","99999,9,9,9","999999,9,9,9","+9999,9","+9999,9","99999,9","24,0000,9,6",,,,,,,,,,,,,,,,"0000,5","000,5","240,M,+0272,5","240,N,+0172,5",,,,,,,"10058,9,99999,4",,,"1,24,00715,210,1228,5","2,24,00626,200,1042,5","3,24,00246,999,9999,5","SOD60524 HR PRECIPITATION (IN): 0.00 TOTAL SUNSHINE (MINUTES):   0 PERCENT POSSIBLE SUNSHINE:  0 24 HR MAX TEMP (F): 8124 HR MAX TEMP TIME (LST):1209 24 HR MIN TEMP (F): 6324 HR MIN TEMP TIME (LST):2359 AVERAGE STATION PRESSURE:29.70  PEAK WIND SPEED (MPH): 16 PEAK WIND DIR (DEG):210 PEAK WIND TIME (LST):1228  FASTEST 2MIN SPEED (MPH): 14FASTEST 2MIN DIR (DEG):200 FASTEST 2MIN TIME (LST):1042 AVERAGE WIND SPEED (MPH): 5.5 24 HR AVG TEMP (F):72 HOURLY INCREMENTAL PRECIPITATION VALUES (IN):.00  .00  .00  .00  .00  .00  .00  .00  .00  .00  .00  .00  .00  .00  .00  .00  .00  .00  .00  .00  .00  .00  .00  .00","R01  0.007AAP092"
"72297793184","2002-09-26T07:59:00","6","33.68","-117.86639","16.5","SANTA ANA JOHN WAYNE AIRPORT, CA US","SOD  ","KSNA ","V020","999,9,9,9999,9","99999,9,9,9","999999,9,9,9","+9999,9","+9999,9","99999,9","24,0000,9,6",,,,,,,,,,,,,,,,"0000,5","000,5","240,M,+0244,5","240,N,+0172,5",,,,,,,"10061,9,99999,4",,,"1,24,00939,200,1227,5","2,24,00715,200,1227,5","3,24,00206,999,9999,5","SOD60524 HR PRECIPITATION (IN): 0.00 TOTAL SUNSHINE (MINUTES):   0 PERCENT POSSIBLE SUNSHINE:  0 24 HR MAX TEMP (F): 7624 HR MAX TEMP TIME (LST):1122 24 HR MIN TEMP (F): 6324 HR MIN TEMP TIME (LST):0608 AVERAGE STATION PRESSURE:29.71  PEAK WIND SPEED (MPH): 21 PEAK WIND DIR (DEG):200 PEAK WIND TIME (LST):1227  FASTEST 2MIN SPEED (MPH): 16FASTEST 2MIN DIR (DEG):200 FASTEST 2MIN TIME (LST):1227 AVERAGE WIND SPEED (MPH): 4.6 24 HR AVG TEMP (F):70 HOURLY INCREMENTAL PRECIPITATION VALUES (IN):.00  .00  .00  .00  .00  .00  .00  .00  .00  .00  .00  .00  .00  .00  .00  .00  .00  .00  .00  .00  .00  .00  .00  .00","R01  0.007AAP092"
"72297793184","2002-09-27T07:59:00","6","33.68","-117.86639","16.5","SANTA ANA JOHN WAYNE AIRPORT, CA US","SOD  ","KSNA ","V020","999,9,9,9999,9","99999,9,9,9","999999,9,9,9","+9999,9","+9999,9","99999,9","24,0000,9,6",,,,,,,,,,,,,,,,"0000,5","000,5","240,M,+0222,5","240,N,+0172,5",,,,,,,"10061,9,99999,4",,,"1,24,00760,240,1304,5","2,24,00581,190,1101,5","3,24,00224,999,9999,5","SOD60524 HR PRECIPITATION (IN): 0.00 TOTAL SUNSHINE (MINUTES):   0 PERCENT POSSIBLE SUNSHINE:  0 24 HR MAX TEMP (F): 7224 HR MAX TEMP TIME (LST):1147 24 HR MIN TEMP (F): 6324 HR MIN TEMP TIME (LST):2359 AVERAGE STATION PRESSURE:29.71  PEAK WIND SPEED (MPH): 17 PEAK WIND DIR (DEG):240 PEAK WIND TIME (LST):1304  FASTEST 2MIN SPEED (MPH): 13FASTEST 2MIN DIR (DEG):190 FASTEST 2MIN TIME (LST):1101 AVERAGE WIND SPEED (MPH): 5.0 24 HR AVG TEMP (F):68 HOURLY INCREMENTAL PRECIPITATION VALUES (IN):.00  .00  .00  .00  .00  .00  .00  .00  .00  .00  .00  .00  .00  .00  .00  .00  .00  .00  .00  .00  .00  .00  .00  .00","R01  0.007AAP092"
"72297793184","2002-09-28T07:59:00","6","33.68","-117.86639","16.5","SANTA ANA JOHN WAYNE AIRPORT, CA US","SOD  ","KSNA ","V020","999,9,9,9999,9","99999,9,9,9","999999,9,9,9","+9999,9","+9999,9","99999,9","24,0000,9,6",,,,,,,,,,,,,,,,"0000,5","000,5","240,M,+0222,5","240,N,+0172,5",,,,,,,"10061,9,99999,4",,,"1,24,00805,230,1519,5","2,24,00626,200,1355,5","3,24,00246,999,9999,5","SOD60524 HR PRECIPITATION (IN): 0.00 TOTAL SUNSHINE (MINUTES):   0 PERCENT POSSIBLE SUNSHINE:  0 24 HR MAX TEMP (F): 7224 HR MAX TEMP TIME (LST):1234 24 HR MIN TEMP (F): 6324 HR MIN TEMP TIME (LST):0532 AVERAGE STATION PRESSURE:29.71  PEAK WIND SPEED (MPH): 18 PEAK WIND DIR (DEG):230 PEAK WIND TIME (LST):1519  FASTEST 2MIN SPEED (MPH): 14FASTEST 2MIN DIR (DEG):200 FASTEST 2MIN TIME (LST):1355 AVERAGE WIND SPEED (MPH): 5.5 24 HR AVG TEMP (F):68 HOURLY INCREMENTAL PRECIPITATION VALUES (IN):.00  .00  .00  .00  .00  .00  .00  .00  .00  .00  .00  .00  .00  .00  .00  .00  .00  .00  .00  .00  .00  .00  .00  .00","R01  0.007AAP092"
"72297793184","2002-09-29T07:59:00","6","33.68","-117.86639","16.5","SANTA ANA JOHN WAYNE AIRPORT, CA US","SOD  ","KSNA ","V020","999,9,9,9999,9","99999,9,9,9","999999,9,9,9","+9999,9","+9999,9","99999,9","24,0000,2,5",,,,,,,,,,,,,,,,"0000,5","000,5","240,M,+0211,5","240,N,+0172,5",,,,,,,"10085,9,99999,4",,,"1,24,00805,220,1412,5","2,24,00715,210,1350,5","3,24,00286,999,9999,5","SOD60524 HR PRECIPITATION (IN):  T   TOTAL SUNSHINE (MINUTES):   0 PERCENT POSSIBLE SUNSHINE:  0 24 HR MAX TEMP (F): 7024 HR MAX TEMP TIME (LST):1152 24 HR MIN TEMP (F): 6324 HR MIN TEMP TIME (LST):2204 AVERAGE STATION PRESSURE:29.78  PEAK WIND SPEED (MPH): 18 PEAK WIND DIR (DEG):220 PEAK WIND TIME (LST):1412  FASTEST 2MIN SPEED (MPH): 16FASTEST 2MIN DIR (DEG):210 FASTEST 2MIN TIME (LST):1350 AVERAGE WIND SPEED (MPH): 6.4 24 HR AVG TEMP (F):67 HOURLY INCREMENTAL PRECIPITATION VALUES (IN):.00  .00  .00  .00  .00  .00  .00  .00  .00  .00  .00  .00  .00  .00   T    T   .00  .00  .00  .00   T    T   .00  .00",
"72297793184","2002-09-30T07:59:00","6","33.68","-117.86639","16.5","SANTA ANA JOHN WAYNE AIRPORT, CA US","SOD  ","KSNA ","V020","999,9,9,9999,9","99999,9,9,9","999999,9,9,9","+9999,9","+9999,9","99999,9","24,0000,9,6",,,,,,,,,,,,,,,,"0000,5","000,5","240,M,+0228,5","240,N,+0161,5",,,,,,,"10112,9,99999,4",,,"1,24,00760,220,1400,5","2,24,00581,260,1333,5","3,24,00174,999,9999,5","SOD60524 HR PRECIPITATION (IN): 0.00 TOTAL SUNSHINE (MINUTES):   0 PERCENT POSSIBLE SUNSHINE:  0 24 HR MAX TEMP (F): 7324 HR MAX TEMP TIME (LST):1403 24 HR MIN TEMP (F): 6124 HR MIN TEMP TIME (LST):2359 AVERAGE STATION PRESSURE:29.86  PEAK WIND SPEED (MPH): 17 PEAK WIND DIR (DEG):220 PEAK WIND TIME (LST):1400  FASTEST 2MIN SPEED (MPH): 13FASTEST 2MIN DIR (DEG):260 FASTEST 2MIN TIME (LST):1333 AVERAGE WIND SPEED (MPH): 3.9 24 HR AVG TEMP (F):67 HOURLY INCREMENTAL PRECIPITATION VALUES (IN):.00  .00  .00  .00  .00  .00  .00  .00  .00  .00  .00  .00  .00  .00  .00  .00  .00  .00  .00  .00  .00  .00  .00  .00","R01  0.007AAP092"
"72297793184","2002-10-01T07:59:00","6","33.68","-117.86639","16.5","SANTA ANA JOHN WAYNE AIRPORT, CA US","SOD  ","KSNA ","V020","999,9,9,9999,9","99999,9,9,9","999999,9,9,9","+9999,9","+9999,9","99999,9","24,0000,9,6",,,,,,,,,,,,,,,,"0000,5","000,5","240,M,+0222,5","240,N,+0144,5",,,,,,,"10112,9,99999,4",,,"1,24,00760,190,1357,5","2,24,00626,190,1439,5","3,24,00210,999,9999,5","SOD58324 HR PRECIPITATION (IN): 0.00 TOTAL SUNSHINE (MINUTES):   0 PERCENT POSSIBLE SUNSHINE:  0 24 HR MAX TEMP (F): 7224 HR MAX TEMP TIME (LST):1332 24 HR MIN TEMP (F): 5824 HR MIN TEMP TIME (LST):0416 AVERAGE STATION PRESSURE:29.86  PEAK WIND SPEED (MPH): 17 PEAK WIND DIR (DEG):190 PEAK WIND TIME (LST):1357  FASTEST 2MIN SPEED (MPH): 14FASTEST 2MIN DIR (DEG):190 FASTEST 2MIN TIME (LST):1439 AVERAGE WIND SPEED (MPH): 4.7 HOURLY INCREMENTAL PRECIPITATION VALUES (IN):.00  .00  .00  .00  .00  .00  .00  .00  .00  .00  .00  .00  .00  .00  .00  .00  .00  .00  .00  .00  .00  .00  .00  .00","R01  0.007AAP092"
"72297793184","2002-10-01T07:59:00","6","33.68","-117.86639","16.5","SANTA ANA JOHN WAYNE AIRPORT, CA US","SOM  ","KSNA ","V020","999,9,9,9999,9","99999,9,9,9","999999,9,9,9","+9999,9","+9999,9","99999,9",,"00000,2,5","00000,9,9999,9999,9999,5","00,5,00,5,99,9,00,5","005,0000,2,999999,5","010,0000,2,999999,5","015,0000,2,999999,5",,,,,,,,,,,,,,"720,N,+1694,5","720,M,+2611,5","720,A,+2156,5","720,H,0000,5","720,C,0183,6","00,5,01,6,00,5,00,5",,"10078,4,10108,4","10159,999999,5,10068,231719,5",,,,"SOM513PCP MTOT:  T DEPNRM: 0.00 PCP GT 24HRS: 0.00 DAYS W/PCP >=.01: 0 DAYS W/PCP >=.10: 0 DAYS W/PCP >=1.00:  SN GT DP ON GRND:0 - DATE(S):0  AVG DLY MIN: 62.5 AVG DLY MAX: 79.0 AVG MLY TMP: 70.8 DAYS MAX <=32:  DAYS MAX >=70: 1 DAYS MAX >=90: 1 DAYS MIN <=32: 0 DAYS MIN  <=0: 0 AVG STP:29.76  AVG SLP:29.85  LWST SLP:29.73 DATE/TIME:231719 HGST SLP:30.00 DATE/TIME: 30094 HDD MTH TOT:   0 DEP NORM: -70 SEASON(JUL 1-JUN 30):    0 DEP NORM:5   0 CDD MTH TOT: 183 DEP NORM: 150 SEASON(JAN 1-DEC 31):  235 DEP NORM:   0","R01   0 -7AKS007R02   1837KDC058R03     17KE2035"
"72297793184","2002-10-02T07:59:00","6","33.68","-117.86639","16.5","SANTA ANA JOHN WAYNE AIRPORT, CA US","SOD  ","KSNA ","V020","999,9,9,9999,9","99999,9,9,9","999999,9,9,9","+9999,9","+9999,9","99999,9","24,0000,9,5",,,,,,,,,,,,,,,,"0000,5","000,5","240,M,+0183,5","240,N,+0139,6",,,,,,,"10091,9,99999,4",,,"1,24,00671,200,1335,5","2,24,00536,190,1623,5","3,24,00264,999,9999,5","SOD60524 HR PRECIPITATION (IN): 0.00 TOTAL SUNSHINE (MINUTES):   0 PERCENT POSSIBLE SUNSHINE:  0 24 HR MAX TEMP (F): 6524 HR MAX TEMP TIME (LST):1336 24 HR MIN TEMP (F): 5724 HR MIN TEMP TIME (LST):2359 AVERAGE STATION PRESSURE:29.80  PEAK WIND SPEED (MPH): 15 PEAK WIND DIR (DEG):200 PEAK WIND TIME (LST):1335  FASTEST 2MIN SPEED (MPH): 12FASTEST 2MIN DIR (DEG):190 FASTEST 2MIN TIME (LST):1623 AVERAGE WIND SPEED (MPH): 5.9 24 HR AVG TEMP (F):61 HOURLY INCREMENTAL PRECIPITATION VALUES (IN):.00  .00  .00  .00  .00  .00  .00  .00  .00  .00  .00  .00  .00  .00  .00  .00  .00  .00  .00  .00  .00  .00  .00  .00","R01    577KAN014"
"72297793184","2002-10-03T07:59:00","6","33.68","-117.86639","16.5","SANTA ANA JOHN WAYNE AIRPORT, CA US","SOD  ","KSNA ","V020","999,9,9,9999,9","99999,9,9,9","999999,9,9,9","+9999,9","+9999,9","99999,9","24,0000,9,5",,,,,,,,,,,,,,,,"0000,5","000,5","240,M,+0206,5","240,N,+0117,5",,,,,,,"10105,9,99999,4",,,"1,24,00805,230,1355,5","2,24,00671,200,1316,5","3,24,00219,999,9999,5","SOD60524 HR PRECIPITATION (IN): 0.00 TOTAL SUNSHINE (MINUTES):   0 PERCENT POSSIBLE SUNSHINE:  0 24 HR MAX TEMP (F): 6924 HR MAX TEMP TIME (LST):1434 24 HR MIN TEMP (F): 5324 HR MIN TEMP TIME (LST):0517 AVERAGE STATION PRESSURE:29.84  PEAK WIND SPEED (MPH): 18 PEAK WIND DIR (DEG):230 PEAK WIND TIME (LST):1355  FASTEST 2MIN SPEED (MPH): 15FASTEST 2MIN DIR (DEG):200 FASTEST 2MIN TIME (LST):1316 AVERAGE WIND SPEED (MPH): 4.9 24 HR AVG TEMP (F):61 HOURLY INCREMENTAL PRECIPITATION VALUES (IN):.00  .00  .00  .00  .00  .00  .00  .00  .00  .00  .00  .00  .00  .00  .00  .00  .00  .00  .00  .00  .00  .00  .00  .00",
"72297793184","2002-10-04T07:59:00","6","33.68","-117.86639","16.5","SANTA ANA JOHN WAYNE AIRPORT, CA US","SOD  ","KSNA ","V020","999,9,9,9999,9","99999,9,9,9","999999,9,9,9","+9999,9","+9999,9","99999,9","24,0000,9,5",,,,,,,,,,,,,,,,"0000,5","000,5","240,M,+0239,5","240,N,+0122,5",,,,,,,"10125,9,99999,4",,,"1,24,00715,230,1445,5","2,24,00581,220,1446,5","3,24,00156,999,9999,5","SOD60524 HR PRECIPITATION (IN): 0.00 TOTAL SUNSHINE (MINUTES):   0 PERCENT POSSIBLE SUNSHINE:  0 24 HR MAX TEMP (F): 7524 HR MAX TEMP TIME (LST):1348 24 HR MIN TEMP (F): 5424 HR MIN TEMP TIME (LST):0521 AVERAGE STATION PRESSURE:29.90  PEAK WIND SPEED (MPH): 16 PEAK WIND DIR (DEG):230 PEAK WIND TIME (LST):1445  FASTEST 2MIN SPEED (MPH): 13FASTEST 2MIN DIR (DEG):220 FASTEST 2MIN TIME (LST):1446 AVERAGE WIND SPEED (MPH): 3.5 24 HR AVG TEMP (F):65 HOURLY INCREMENTAL PRECIPITATION VALUES (IN):.00  .00  .00  .00  .00  .00  .00  .00  .00  .00  .00  .00  .00  .00  .00  .00  .00  .00  .00  .00  .00  .00  .00  .00",
"72297793184","2002-10-05T07:59:00","6","33.68","-117.86639","16.5","SANTA ANA JOHN WAYNE AIRPORT, CA US","SOD  ","KSNA ","V020","999,9,9,9999,9","99999,9,9,9","999999,9,9,9","+9999,9","+9999,9","99999,9","24,0000,9,5",,,,,,,,,,,,,,,,"0000,5","000,5","240,M,+0250,5","240,N,+0128,5",,,,,,,"10102,9,99999,4",,,"1,24,00715,220,1323,5","2,24,00581,210,1335,5","3,24,00174,999,9999,5","SOD60524 HR PRECIPITATION (IN): 0.00 TOTAL SUNSHINE (MINUTES):   0 PERCENT POSSIBLE SUNSHINE:  0 24 HR MAX TEMP (F): 7724 HR MAX TEMP TIME (LST):1300 24 HR MIN TEMP (F): 5524 HR MIN TEMP TIME (LST):0416 AVERAGE STATION PRESSURE:29.83  PEAK WIND SPEED (MPH): 16 PEAK WIND DIR (DEG):220 PEAK WIND TIME (LST):1323  FASTEST 2MIN SPEED (MPH): 13FASTEST 2MIN DIR (DEG):210 FASTEST 2MIN TIME (LST):1335 AVERAGE WIND SPEED (MPH): 3.9 24 HR AVG TEMP (F):66 HOURLY INCREMENTAL PRECIPITATION VALUES (IN):.00  .00  .00  .00  .00  .00  .00  .00  .00  .00  .00  .00  .00  .00  .00  .00  .00  .00  .00  .00  .00  .00  .00  .00",
"72297793184","2002-10-06T07:59:00","6","33.68","-117.86639","16.5","SANTA ANA JOHN WAYNE AIRPORT, CA US","SOD  ","KSNA ","V020","999,9,9,9999,9","99999,9,9,9","999999,9,9,9","+9999,9","+9999,9","99999,9","24,0000,9,5",,,,,,,,,,,,,,,,"0000,5","000,5","240,M,+0261,5","240,N,+0139,5",,,,,,,"10108,9,99999,4",,,"1,24,00581,220,1445,5","2,24,00447,210,1444,5","3,24,00152,999,9999,5","SOD60524 HR PRECIPITATION (IN): 0.00 TOTAL SUNSHINE (MINUTES):   0 PERCENT POSSIBLE SUNSHINE:  0 24 HR MAX TEMP (F): 7924 HR MAX TEMP TIME (LST):1319 24 HR MIN TEMP (F): 5724 HR MIN TEMP TIME (LST):0624 AVERAGE STATION PRESSURE:29.85  PEAK WIND SPEED (MPH): 13 PEAK WIND DIR (DEG):220 PEAK WIND TIME (LST):1445  FASTEST 2MIN SPEED (MPH): 10FASTEST 2MIN DIR (DEG):210 FASTEST 2MIN TIME (LST):1444 AVERAGE WIND SPEED (MPH): 3.4 24 HR AVG TEMP (F):68 HOURLY INCREMENTAL PRECIPITATION VALUES (IN):.00  .00  .00  .00  .00  .00  .00  .00  .00  .00  .00  .00  .00  .00  .00  .00  .00  .00  .00  .00  .00  .00  .00  .00",
"72297793184","2002-10-07T07:59:00","6","33.68","-117.86639","16.5","SANTA ANA JOHN WAYNE AIRPORT, CA US","SOD  ","KSNA ","V020","999,9,9,9999,9","99999,9,9,9","999999,9,9,9","+9999,9","+9999,9","99999,9","24,0000,9,5",,,,,,,,,,,,,,,,"0000,5","000,5","240,M,+0267,5","240,N,+0139,5",,,,,,,"10119,9,99999,4",,,"1,24,00671,190,1144,5","2,24,00581,200,1136,5","3,24,00161,999,9999,5","SOD60524 HR PRECIPITATION (IN): 0.00 TOTAL SUNSHINE (MINUTES):   0 PERCENT POSSIBLE SUNSHINE:  0 24 HR MAX TEMP (F): 8024 HR MAX TEMP TIME (LST):1335 24 HR MIN TEMP (F): 5724 HR MIN TEMP TIME (LST):0618 AVERAGE STATION PRESSURE:29.88  PEAK WIND SPEED (MPH): 15 PEAK WIND DIR (DEG):190 PEAK WIND TIME (LST):1144  FASTEST 2MIN SPEED (MPH): 13FASTEST 2MIN DIR (DEG):200 FASTEST 2MIN TIME (LST):1136 AVERAGE WIND SPEED (MPH): 3.6 24 HR AVG TEMP (F):69 HOURLY INCREMENTAL PRECIPITATION VALUES (IN):.00  .00  .00  .00  .00  .00  .00  .00  .00  .00  .00  .00  .00  .00  .00  .00  .00  .00  .00  .00  .00  .00  .00  .00",
"72297793184","2002-10-08T07:59:00","6","33.68","-117.86639","16.5","SANTA ANA JOHN WAYNE AIRPORT, CA US","SOD  ","KSNA ","V020","999,9,9,9999,9","99999,9,9,9","999999,9,9,9","+9999,9","+9999,9","99999,9","24,0000,9,5",,,,,,,,,,,,,,,,"0000,5","000,5","240,M,+0289,5","240,N,+0150,5",,,,,,,"10098,9,99999,4",,,"1,24,00715,200,1309,5","2,24,00581,210,1441,5","3,24,00224,999,9999,5","SOD58324 HR PRECIPITATION (IN): 0.00 TOTAL SUNSHINE (MINUTES):   0 PERCENT POSSIBLE SUNSHINE:  0 24 HR MAX TEMP (F): 8424 HR MAX TEMP TIME (LST):1203 24 HR MIN TEMP (F): 5924 HR MIN TEMP TIME (LST):0557 AVERAGE STATION PRESSURE:29.82  PEAK WIND SPEED (MPH): 16 PEAK WIND DIR (DEG):200 PEAK WIND TIME (LST):1309  FASTEST 2MIN SPEED (MPH): 13FASTEST 2MIN DIR (DEG):210 FASTEST 2MIN TIME (LST):1441 AVERAGE WIND SPEED (MPH): 5.0 HOURLY INCREMENTAL PRECIPITATION VALUES (IN):.00  .00  .00  .00  .00  .00  .00  .00  .00  .00  .00  .00  .00  .00  .00  .00  .00  .00  .00  .00  .00  .00  .00  .00",
"72297793184","2002-10-09T07:59:00","6","33.68","-117.86639","16.5","SANTA ANA JOHN WAYNE AIRPORT, CA US","SOD  ","KSNA ","V020","999,9,9,9999,9","99999,9,9,9","999999,9,9,9","+9999,9","+9999,9","99999,9","24,0000,9,5",,,,,,,,,,,,,,,,"0000,5","000,5","240,M,+0250,5","240,N,+0144,5",,,,,,,"10085,9,99999,4",,,"1,24,00671,190,1339,5","2,24,00581,220,1441,5","3,24,00250,999,9999,5","SOD60524 HR PRECIPITATION (IN): 0.00 TOTAL SUNSHINE (MINUTES):   0 PERCENT POSSIBLE SUNSHINE:  0 24 HR MAX TEMP (F): 7724 HR MAX TEMP TIME (LST):1140 24 HR MIN TEMP (F): 5824 HR MIN TEMP TIME (LST):0415 AVERAGE STATION PRESSURE:29.78  PEAK WIND SPEED (MPH): 15 PEAK WIND DIR (DEG):190 PEAK WIND TIME (LST):1339  FASTEST 2MIN SPEED (MPH): 13FASTEST 2MIN DIR (DEG):220 FASTEST 2MIN TIME (LST):1441 AVERAGE WIND SPEED (MPH): 5.6 24 HR AVG TEMP (F):68 HOURLY INCREMENTAL PRECIPITATION VALUES (IN):.00  .00  .00  .00  .00  .00  .00  .00  .00  .00  .00  .00  .00  .00  .00  .00  .00  .00  .00  .00  .00  .00  .00  .00",
"72297793184","2002-10-10T07:59:00","6","33.68","-117.86639","16.5","SANTA ANA JOHN WAYNE AIRPORT, CA US","SOD  ","KSNA ","V020","999,9,9,9999,9","99999,9,9,9","999999,9,9,9","+9999,9","+9999,9","99999,9","24,0000,9,5",,,,,,,,,,,,,,,,"0000,5","000,5","240,M,+0239,5","240,N,+0161,5",,,,,,,"10098,9,99999,4",,,"1,24,00626,230,1240,5","2,24,00536,220,1234,5","3,24,00228,999,9999,5","SOD60524 HR PRECIPITATION (IN): 0.00 TOTAL SUNSHINE (MINUTES):   0 PERCENT POSSIBLE SUNSHINE:  0 24 HR MAX TEMP (F): 7524 HR MAX TEMP TIME (LST):1243 24 HR MIN TEMP (F): 6124 HR MIN TEMP TIME (LST):2150 AVERAGE STATION PRESSURE:29.82  PEAK WIND SPEED (MPH): 14 PEAK WIND DIR (DEG):230 PEAK WIND TIME (LST):1240  FASTEST 2MIN SPEED (MPH): 12FASTEST 2MIN DIR (DEG):220 FASTEST 2MIN TIME (LST):1234 AVERAGE WIND SPEED (MPH): 5.1 24 HR AVG TEMP (F):68 HOURLY INCREMENTAL PRECIPITATION VALUES (IN):.00  .00  .00  .00  .00  .00  .00  .00  .00  .00  .00  .00  .00  .00  .00  .00  .00  .00  .00  .00  .00  .00  .00  .00",
"72297793184","2002-10-11T07:59:00","6","33.68","-117.86639","16.5","SANTA ANA JOHN WAYNE AIRPORT, CA US","SOD  ","KSNA ","V020","999,9,9,9999,9","99999,9,9,9","999999,9,9,9","+9999,9","+9999,9","99999,9","24,0000,9,5",,,,,,,,,,,,,,,,"0000,5","000,5","240,M,+0206,5","240,N,+0161,5",,,,,,,"10112,9,99999,4",,,"1,24,00671,240,1459,5","2,24,00536,250,1511,5","3,24,00188,999,9999,5","SOD60524 HR PRECIPITATION (IN): 0.00 TOTAL SUNSHINE (MINUTES):   0 PERCENT POSSIBLE SUNSHINE:  0 24 HR MAX TEMP (F): 6924 HR MAX TEMP TIME (LST):1420 24 HR MIN TEMP (F): 6124 HR MIN TEMP TIME (LST):0757 AVERAGE STATION PRESSURE:29.86  PEAK WIND SPEED (MPH): 15 PEAK WIND DIR (DEG):240 PEAK WIND TIME (LST):1459  FASTEST 2MIN SPEED (MPH): 12FASTEST 2MIN DIR (DEG):250 FASTEST 2MIN TIME (LST):1511 AVERAGE WIND SPEED (MPH): 4.2 24 HR AVG TEMP (F):65 HOURLY INCREMENTAL PRECIPITATION VALUES (IN):.00  .00  .00  .00  .00  .00  .00  .00  .00  .00  .00  .00  .00  .00  .00  .00  .00  .00  .00  .00  .00  .00  .00  .00",
"72297793184","2002-10-12T07:59:00","6","33.68","-117.86639","16.5","SANTA ANA JOHN WAYNE AIRPORT, CA US","SOD  ","KSNA ","V020","999,9,9,9999,9","99999,9,9,9","999999,9,9,9","+9999,9","+9999,9","99999,9","24,0000,9,5",,,,,,,,,,,,,,,,"0000,5","000,5","240,M,+0211,5","240,N,+0156,5",,,,,,,"10129,9,99999,4",,,"1,24,00715,270,1209,5","2,24,00536,220,1203,5","3,24,00215,999,9999,5","SOD60524 HR PRECIPITATION (IN): 0.00 TOTAL SUNSHINE (MINUTES):   0 PERCENT POSSIBLE SUNSHINE:  0 24 HR MAX TEMP (F): 7024 HR MAX TEMP TIME (LST):1041 24 HR MIN TEMP (F): 6024 HR MIN TEMP TIME (LST):2346 AVERAGE STATION PRESSURE:29.91  PEAK WIND SPEED (MPH): 16 PEAK WIND DIR (DEG):270 PEAK WIND TIME (LST):1209  FASTEST 2MIN SPEED (MPH): 12FASTEST 2MIN DIR (DEG):220 FASTEST 2MIN TIME (LST):1203 AVERAGE WIND SPEED (MPH): 4.8 24 HR AVG TEMP (F):65 HOURLY INCREMENTAL PRECIPITATION VALUES (IN):.00  .00  .00  .00  .00  .00  .00  .00  .00  .00  .00  .00  .00  .00  .00  .00  .00  .00  .00  .00  .00  .00  .00  .00",
"72297793184","2002-10-13T07:59:00","6","33.68","-117.86639","16.5","SANTA ANA JOHN WAYNE AIRPORT, CA US","SOD  ","KSNA ","V020","999,9,9,9999,9","99999,9,9,9","999999,9,9,9","+9999,9","+9999,9","99999,9","24,0000,9,5",,,,,,,,,,,,,,,,"0000,5","000,5","240,M,+0217,5","240,N,+0144,5",,,,,,,"10159,9,99999,4",,,"1,24,00715,220,1235,5","2,24,00536,230,1242,5","3,24,00103,999,9999,5","SOD60524 HR PRECIPITATION (IN): 0.00 TOTAL SUNSHINE (MINUTES):   0 PERCENT POSSIBLE SUNSHINE:  0 24 HR MAX TEMP (F): 7124 HR MAX TEMP TIME (LST):1233 24 HR MIN TEMP (F): 5824 HR MIN TEMP TIME (LST):0548 AVERAGE STATION PRESSURE:30.00  PEAK WIND SPEED (MPH): 16 PEAK WIND DIR (DEG):220 PEAK WIND TIME (LST):1235  FASTEST 2MIN SPEED (MPH): 12FASTEST 2MIN DIR (DEG):230 FASTEST 2MIN TIME (LST):1242 AVERAGE WIND SPEED (MPH): 2.3 24 HR AVG TEMP (F):65 HOURLY INCREMENTAL PRECIPITATION VALUES (IN):.00  .00  .00  .00  .00  .00  .00  .00  .00  .00  .00  .00  .00  .00  .00  .00  .00  .00  .00  .00  .00  .00  .00  .00",
"72297793184","2002-10-14T07:59:00","6","33.68","-117.86639","16.5","SANTA ANA JOHN WAYNE AIRPORT, CA US","SOD  ","KSNA ","V020","999,9,9,9999,9","99999,9,9,9","999999,9,9,9","+9999,9","+9999,9","99999,9","24,0000,9,5",,,,,,,,,,,,,,,,"0000,5","000,5","240,M,+0217,5","240,N,+0144,5",,,,,,,"10142,9,99999,4",,,"1,24,00671,230,1216,5","2,24,00536,220,1321,5","3,24,00179,999,9999,5","SOD60524 HR PRECIPITATION (IN): 0.00 TOTAL SUNSHINE (MINUTES):   0 PERCENT POSSIBLE SUNSHINE:  0 24 HR MAX TEMP (F): 7124 HR MAX TEMP TIME (LST):1149 24 HR MIN TEMP (F): 5824 HR MIN TEMP TIME (LST):0800 AVERAGE STATION PRESSURE:29.95  PEAK WIND SPEED (MPH): 15 PEAK WIND DIR (DEG):230 PEAK WIND TIME (LST):1216  FASTEST 2MIN SPEED (MPH): 12FASTEST 2MIN DIR (DEG):220 FASTEST 2MIN TIME (LST):1321 AVERAGE WIND SPEED (MPH): 4.0 24 HR AVG TEMP (F):65 HOURLY INCREMENTAL PRECIPITATION VALUES (IN):.00  .00  .00  .00  .00  .00  .00  .00  .00  .00  .00  .00  .00  .00  .00  .00  .00  .00  .00  .00  .00  .00  .00  .00",
"72297793184","2002-10-15T07:59:00","6","33.68","-117.86639","16.5","SANTA ANA JOHN WAYNE AIRPORT, CA US","SOD  ","KSNA ","V020","999,9,9,9999,9","99999,9,9,9","999999,9,9,9","+9999,9","+9999,9","99999,9","24,0000,9,5",,,,,,,,,,,,,,,,"0000,5","000,5","240,M,+0206,5","240,N,+0156,5",,,,,,,"10122,9,99999,4",,,"1,24,00715,230,1327,5","2,24,00581,210,1620,5","3,24,00210,999,9999,5","SOD60524 HR PRECIPITATION (IN): 0.00 TOTAL SUNSHINE (MINUTES):   0 PERCENT POSSIBLE SUNSHINE:  0 24 HR MAX TEMP (F): 6924 HR MAX TEMP TIME (LST):1258 24 HR MIN TEMP (F): 6024 HR MIN TEMP TIME (LST):2136 AVERAGE STATION PRESSURE:29.89  PEAK WIND SPEED (MPH): 16 PEAK WIND DIR (DEG):230 PEAK WIND TIME (LST):1327  FASTEST 2MIN SPEED (MPH): 13FASTEST 2MIN DIR (DEG):210 FASTEST 2MIN TIME (LST):1620 AVERAGE WIND SPEED (MPH): 4.7 24 HR AVG TEMP (F):65 HOURLY INCREMENTAL PRECIPITATION VALUES (IN):.00  .00  .00  .00  .00  .00  .00  .00  .00  .00  .00  .00  .00  .00  .00  .00  .00  .00  .00  .00  .00  .00  .00  .00",
"72297793184","2002-10-16T07:59:00","6","33.68","-117.86639","16.5","SANTA ANA JOHN WAYNE AIRPORT, CA US","SOD  ","KSNA ","V020","999,9,9,9999,9","99999,9,9,9","999999,9,9,9","+9999,9","+9999,9","99999,9","24,0000,9,5",,,,,,,,,,,,,,,,"0000,5","000,5","240,M,+0189,5","240,N,+0150,5",,,,,,,"10102,9,99999,4",,,"1,24,00626,240,1518,5","2,24,00447,220,1546,5","3,24,00183,999,9999,5","SOD60524 HR PRECIPITATION (IN): 0.00 TOTAL SUNSHINE (MINUTES):   0 PERCENT POSSIBLE SUNSHINE:  0 24 HR MAX TEMP (F): 6624 HR MAX TEMP TIME (LST):1442 24 HR MIN TEMP (F): 5924 HR MIN TEMP TIME (LST):0639 AVERAGE STATION PRESSURE:29.83  PEAK WIND SPEED (MPH): 14 PEAK WIND DIR (DEG):240 PEAK WIND TIME (LST):1518  FASTEST 2MIN SPEED (MPH): 10FASTEST 2MIN DIR (DEG):220 FASTEST 2MIN TIME (LST):1546 AVERAGE WIND SPEED (MPH): 4.1 24 HR AVG TEMP (F):63 HOURLY INCREMENTAL PRECIPITATION VALUES (IN):.00  .00  .00  .00  .00  .00  .00  .00  .00  .00  .00  .00  .00  .00  .00  .00  .00  .00  .00  .00  .00  .00  .00  .00",
"72297793184","2002-10-17T07:59:00","6","33.68","-117.86639","16.5","SANTA ANA JOHN WAYNE AIRPORT, CA US","SOD  ","KSNA ","V020","999,9,9,9999,9","99999,9,9,9","999999,9,9,9","+9999,9","+9999,9","99999,9","24,0000,9,5",,,,,,,,,,,,,,,,"0000,5","000,5","240,M,+0189,5","240,N,+0156,5",,,,,,,"10091,9,99999,4",,,"1,24,00715,240,1458,5","2,24,00536,220,1512,5","3,24,00206,999,9999,5","SOD60524 HR PRECIPITATION (IN): 0.00 TOTAL SUNSHINE (MINUTES):   0 PERCENT POSSIBLE SUNSHINE:  0 24 HR MAX TEMP (F): 6624 HR MAX TEMP TIME (LST):1406 24 HR MIN TEMP (F): 6024 HR MIN TEMP TIME (LST):2359 AVERAGE STATION PRESSURE:29.80  PEAK WIND SPEED (MPH): 16 PEAK WIND DIR (DEG):240 PEAK WIND TIME (LST):1458  FASTEST 2MIN SPEED (MPH): 12FASTEST 2MIN DIR (DEG):220 FASTEST 2MIN TIME (LST):1512 AVERAGE WIND SPEED (MPH): 4.6 24 HR AVG TEMP (F):63 HOURLY INCREMENTAL PRECIPITATION VALUES (IN):.00  .00  .00  .00  .00  .00  .00  .00  .00  .00  .00  .00  .00  .00  .00  .00  .00  .00  .00  .00  .00  .00  .00  .00",
"72297793184","2002-10-18T07:59:00","6","33.68","-117.86639","16.5","SANTA ANA JOHN WAYNE AIRPORT, CA US","SOD  ","KSNA ","V020","999,9,9,9999,9","99999,9,9,9","999999,9,9,9","+9999,9","+9999,9","99999,9","24,0000,9,5",,,,,,,,,,,,,,,,"0000,5","000,5","240,M,+0200,5","240,N,+0156,5",,,,,,,"10098,9,99999,4",,,"1,24,00715,200,1405,5","2,24,00581,200,1412,5","3,24,00170,999,9999,5","SOD60524 HR PRECIPITATION (IN): 0.00 TOTAL SUNSHINE (MINUTES):   0 PERCENT POSSIBLE SUNSHINE:  0 24 HR MAX TEMP (F): 6824 HR MAX TEMP TIME (LST):1349 24 HR MIN TEMP (F): 6024 HR MIN TEMP TIME (LST):0656 AVERAGE STATION PRESSURE:29.82  PEAK WIND SPEED (MPH): 16 PEAK WIND DIR (DEG):200 PEAK WIND TIME (LST):1405  FASTEST 2MIN SPEED (MPH): 13FASTEST 2MIN DIR (DEG):200 FASTEST 2MIN TIME (LST):1412 AVERAGE WIND SPEED (MPH): 3.8 24 HR AVG TEMP (F):64 HOURLY INCREMENTAL PRECIPITATION VALUES (IN):.00  .00  .00  .00  .00  .00  .00  .00  .00  .00  .00  .00  .00  .00  .00  .00  .00  .00  .00  .00  .00  .00  .00  .00",
"72297793184","2002-10-19T07:59:00","6","33.68","-117.86639","16.5","SANTA ANA JOHN WAYNE AIRPORT, CA US","SOD  ","KSNA ","V020","999,9,9,9999,9","99999,9,9,9","999999,9,9,9","+9999,9","+9999,9","99999,9","24,0000,9,5",,,,,,,,,,,,,,,,"0000,5","000,5","240,M,+0183,5","240,N,+0156,5",,,,,,,"10125,9,99999,4",,,"1,24,00581,220,1331,5","2,24,00536,220,1305,5","3,24,00125,999,9999,5","SOD60524 HR PRECIPITATION (IN): 0.00 TOTAL SUNSHINE (MINUTES):   0 PERCENT POSSIBLE SUNSHINE:  0 24 HR MAX TEMP (F): 6524 HR MAX TEMP TIME (LST):1450 24 HR MIN TEMP (F): 6024 HR MIN TEMP TIME (LST):2359 AVERAGE STATION PRESSURE:29.90  PEAK WIND SPEED (MPH): 13 PEAK WIND DIR (DEG):220 PEAK WIND TIME (LST):1331  FASTEST 2MIN SPEED (MPH): 12FASTEST 2MIN DIR (DEG):220 FASTEST 2MIN TIME (LST):1305 AVERAGE WIND SPEED (MPH): 2.8 24 HR AVG TEMP (F):63 HOURLY INCREMENTAL PRECIPITATION VALUES (IN):.00  .00  .00  .00  .00  .00  .00  .00  .00  .00  .00  .00  .00  .00  .00  .00  .00  .00  .00  .00  .00  .00  .00  .00",
"72297793184","2002-10-20T07:59:00","6","33.68","-117.86639","16.5","SANTA ANA JOHN WAYNE AIRPORT, CA US","SOD  ","KSNA ","V020","999,9,9,9999,9","99999,9,9,9","999999,9,9,9","+9999,9","+9999,9","99999,9","24,0000,9,5",,,,,,,,,,,,,,,,"0000,5","000,5","240,M,+0206,5","240,N,+0133,5",,,,,,,"10112,9,99999,4",,,"1,24,00581,220,1302,5","2,24,00447,230,1303,5","3,24,00125,999,9999,5","SOD60524 HR PRECIPITATION (IN): 0.00 TOTAL SUNSHINE (MINUTES):   0 PERCENT POSSIBLE SUNSHINE:  0 24 HR MAX TEMP (F): 6924 HR MAX TEMP TIME (LST):1202 24 HR MIN TEMP (F): 5624 HR MIN TEMP TIME (LST):0455 AVERAGE STATION PRESSURE:29.86  PEAK WIND SPEED (MPH): 13 PEAK WIND DIR (DEG):220 PEAK WIND TIME (LST):1302  FASTEST 2MIN SPEED (MPH): 10FASTEST 2MIN DIR (DEG):230 FASTEST 2MIN TIME (LST):1303 AVERAGE WIND SPEED (MPH): 2.8 24 HR AVG TEMP (F):63 HOURLY INCREMENTAL PRECIPITATION VALUES (IN):.00  .00  .00  .00  .00  .00  .00  .00  .00  .00  .00  .00  .00  .00  .00  .00  .00  .00  .00  .00  .00  .00  .00  .00",
"72297793184","2002-10-21T07:59:00","6","33.68","-117.86639","16.5","SANTA ANA JOHN WAYNE AIRPORT, CA US","SOD  ","KSNA ","V020","999,9,9,9999,9","99999,9,9,9","999999,9,9,9","+9999,9","+9999,9","99999,9","24,0000,9,5",,,,,,,,,,,,,,,,"0000,5","000,5","240,M,+0189,5","240,N,+0133,5",,,,,,,"10091,9,99999,4",,,"1,24,00626,230,1531,5","2,24,00447,220,1534,5","3,24,00130,999,9999,5","SOD60524 HR PRECIPITATION (IN): 0.00 TOTAL SUNSHINE (MINUTES):   0 PERCENT POSSIBLE SUNSHINE:  0 24 HR MAX TEMP (F): 6624 HR MAX TEMP TIME (LST):1439 24 HR MIN TEMP (F): 5624 HR MIN TEMP TIME (LST):0402 AVERAGE STATION PRESSURE:29.80  PEAK WIND SPEED (MPH): 14 PEAK WIND DIR (DEG):230 PEAK WIND TIME (LST):1531  FASTEST 2MIN SPEED (MPH): 10FASTEST 2MIN DIR (DEG):220 FASTEST 2MIN TIME (LST):1534 AVERAGE WIND SPEED (MPH): 2.9 24 HR AVG TEMP (F):61 HOURLY INCREMENTAL PRECIPITATION VALUES (IN):.00  .00  .00  .00  .00  .00  .00  .00  .00  .00  .00  .00  .00  .00  .00  .00  .00  .00  .00  .00  .00  .00  .00  .00",
"72297793184","2002-10-22T07:59:00","6","33.68","-117.86639","16.5","SANTA ANA JOHN WAYNE AIRPORT, CA US","SOD  ","KSNA ","V020","999,9,9,9999,9","99999,9,9,9","999999,9,9,9","+9999,9","+9999,9","99999,9","24,0000,9,5",,,,,,,,,,,,,,,,,,"240,M,+0206,5","240,N,+0156,5",,,,,,,"10095,9,99999,4",,,"1,24,00402,210,1802,5","2,24,00268,210,1912,5","3,24,00183,999,9999,5","SOD54524 HR PRECIPITATION (IN): 0.00 24 HR MAX TEMP (F): 6924 HR MAX TEMP TIME (LST):1333 24 HR MIN TEMP (F): 6024 HR MIN TEMP TIME (LST):0716 AVERAGE STATION PRESSURE:29.81  PEAK WIND SPEED (MPH):  9 PEAK WIND DIR (DEG):210 PEAK WIND TIME (LST):1802  FASTEST 2MIN SPEED (MPH):  6FASTEST 2MIN DIR (DEG):210 FASTEST 2MIN TIME (LST):1912 AVERAGE WIND SPEED (MPH): 4.1 24 HR AVG TEMP (F):65 HOURLY INCREMENTAL PRECIPITATION VALUES (IN):.00  .00  .00  .00  .00  .00  .00  .00  .00  .00  .00  .00  .00  .00  .00  .00  .00  .00  .00  .00  .00  .00  .00  .00",
"72297793184","2002-10-23T07:59:00","6","33.68","-117.86639","16.5","SANTA ANA JOHN WAYNE AIRPORT, CA US","SOD  ","KSNA ","V020","999,9,9,9999,9","99999,9,9,9","999999,9,9,9","+9999,9","+9999,9","99999,9","24,0000,9,5",,,,,,,,,,,,,,,,,,"240,M,+0194,5","240,N,+0161,5",,,,,,,"10108,9,99999,4",,,"1,24,00626,260,1330,5","2,24,00447,230,1338,5","3,24,00143,999,9999,5","SOD54524 HR PRECIPITATION (IN): 0.00 24 HR MAX TEMP (F): 6724 HR MAX TEMP TIME (LST):1309 24 HR MIN TEMP (F): 6124 HR MIN TEMP TIME (LST):0459 AVERAGE STATION PRESSURE:29.85  PEAK WIND SPEED (MPH): 14 PEAK WIND DIR (DEG):260 PEAK WIND TIME (LST):1330  FASTEST 2MIN SPEED (MPH): 10FASTEST 2MIN DIR (DEG):230 FASTEST 2MIN TIME (LST):1338 AVERAGE WIND SPEED (MPH): 3.2 24 HR AVG TEMP (F):64 HOURLY INCREMENTAL PRECIPITATION VALUES (IN):.00  .00  .00  .00  .00  .00  .00  .00  .00  .00  .00  .00  .00  .00  .00  .00  .00  .00  .00  .00  .00  .00  .00  .00",
"72297793184","2002-10-24T07:59:00","6","33.68","-117.86639","16.5","SANTA ANA JOHN WAYNE AIRPORT, CA US","SOD  ","KSNA ","V020","999,9,9,9999,9","99999,9,9,9","999999,9,9,9","+9999,9","+9999,9","99999,9","24,0000,9,5",,,,,,,,,,,,,,,,,,"240,M,+0194,5","240,N,+0150,5",,,,,,,"10125,9,99999,4",,,"1,24,00671,240,1410,5","2,24,00581,220,1249,5","3,24,00192,999,9999,5","SOD54524 HR PRECIPITATION (IN): 0.00 24 HR MAX TEMP (F): 6724 HR MAX TEMP TIME (LST):1320 24 HR MIN TEMP (F): 5924 HR MIN TEMP TIME (LST):2359 AVERAGE STATION PRESSURE:29.90  PEAK WIND SPEED (MPH): 15 PEAK WIND DIR (DEG):240 PEAK WIND TIME (LST):1410  FASTEST 2MIN SPEED (MPH): 13FASTEST 2MIN DIR (DEG):220 FASTEST 2MIN TIME (LST):1249 AVERAGE WIND SPEED (MPH): 4.3 24 HR AVG TEMP (F):63 HOURLY INCREMENTAL PRECIPITATION VALUES (IN):.00  .00  .00  .00  .00  .00  .00  .00  .00  .00  .00  .00  .00  .00  .00  .00  .00  .00  .00  .00  .00  .00  .00  .00",
"72297793184","2002-10-25T07:59:00","6","33.68","-117.86639","16.5","SANTA ANA JOHN WAYNE AIRPORT, CA US","SOD  ","KSNA ","V020","999,9,9,9999,9","99999,9,9,9","999999,9,9,9","+9999,9","+9999,9","99999,9","24,0000,9,5",,,,,,,,,,,,,,,,"0000,5","000,5","240,M,+0189,5","240,N,+0150,5",,,,,,,"10112,9,99999,4",,,"1,24,00671,250,1226,5","2,24,00536,250,1227,5","3,24,00143,999,9999,5","SOD60524 HR PRECIPITATION (IN): 0.00 TOTAL SUNSHINE (MINUTES):   0 PERCENT POSSIBLE SUNSHINE:  0 24 HR MAX TEMP (F): 6624 HR MAX TEMP TIME (LST):1113 24 HR MIN TEMP (F): 5924 HR MIN TEMP TIME (LST):2123 AVERAGE STATION PRESSURE:29.86  PEAK WIND SPEED (MPH): 15 PEAK WIND DIR (DEG):250 PEAK WIND TIME (LST):1226  FASTEST 2MIN SPEED (MPH): 12FASTEST 2MIN DIR (DEG):250 FASTEST 2MIN TIME (LST):1227 AVERAGE WIND SPEED (MPH): 3.2 24 HR AVG TEMP (F):63 HOURLY INCREMENTAL PRECIPITATION VALUES (IN):.00  .00  .00  .00  .00  .00  .00  .00  .00  .00  .00  .00  .00  .00  .00  .00  .00  .00  .00  .00  .00  .00  .00  .00",
"72297793184","2002-10-26T07:59:00","6","33.68","-117.86639","16.5","SANTA ANA JOHN WAYNE AIRPORT, CA US","SOD  ","KSNA ","V020","999,9,9,9999,9","99999,9,9,9","999999,9,9,9","+9999,9","+9999,9","99999,9","24,0013,9,5",,,,,,,,,,,,,,,,"0000,5","000,5","240,M,+0189,5","240,N,+0128,5",,,,,,,"10078,9,99999,4",,,"1,24,00626,240,1457,5","2,24,00447,240,1456,5","3,24,00112,999,9999,5","SOD60524 HR PRECIPITATION (IN): 0.05 TOTAL SUNSHINE (MINUTES):   0 PERCENT POSSIBLE SUNSHINE:  0 24 HR MAX TEMP (F): 6624 HR MAX TEMP TIME (LST):1235 24 HR MIN TEMP (F): 5524 HR MIN TEMP TIME (LST):2354 AVERAGE STATION PRESSURE:29.76  PEAK WIND SPEED (MPH): 14 PEAK WIND DIR (DEG):240 PEAK WIND TIME (LST):1457  FASTEST 2MIN SPEED (MPH): 10FASTEST 2MIN DIR (DEG):240 FASTEST 2MIN TIME (LST):1456 AVERAGE WIND SPEED (MPH): 2.5 24 HR AVG TEMP (F):61 HOURLY INCREMENTAL PRECIPITATION VALUES (IN):.00  .00  .00  .00  .00  .00  .00  .00  .00  .00  .00  .00  .00  .00   T   .03  .01   T    T   .01   T   .00  .00  .00",
"72297793184","2002-10-27T07:59:00","6","33.68","-117.86639","16.5","SANTA ANA JOHN WAYNE AIRPORT, CA US","SOD  ","KSNA ","V020","999,9,9,9999,9","99999,9,9,9","999999,9,9,9","+9999,9","+9999,9","99999,9","24,0003,9,5",,,,,,,,,,,,,,,,"0000,5","000,5","240,M,+0189,5","240,N,+0122,5",,,,,,,"10078,9,99999,4",,,"1,24,00715,220,1542,5","2,24,00581,200,1608,5","3,24,00179,999,9999,5","SOD60524 HR PRECIPITATION (IN): 0.01 TOTAL SUNSHINE (MINUTES):   0 PERCENT POSSIBLE SUNSHINE:  0 24 HR MAX TEMP (F): 6624 HR MAX TEMP TIME (LST):1436 24 HR MIN TEMP (F): 5424 HR MIN TEMP TIME (LST):0338 AVERAGE STATION PRESSURE:29.76  PEAK WIND SPEED (MPH): 16 PEAK WIND DIR (DEG):220 PEAK WIND TIME (LST):1542  FASTEST 2MIN SPEED (MPH): 13FASTEST 2MIN DIR (DEG):200 FASTEST 2MIN TIME (LST):1608 AVERAGE WIND SPEED (MPH): 4.0 24 HR AVG TEMP (F):60 HOURLY INCREMENTAL PRECIPITATION VALUES (IN):.00  .00  .01  .00  .00  .00   T   .00  .00  .00  .00  .00  .00  .00  .00  .00  .00  .00  .00  .00  .00  .00  .00  .00",
"72297793184","2002-10-28T07:59:00","6","33.68","-117.86639","16.5","SANTA ANA JOHN WAYNE AIRPORT, CA US","SOD  ","KSNA ","V020","999,9,9,9999,9","99999,9,9,9","999999,9,9,9","+9999,9","+9999,9","99999,9","24,0000,9,6",,,,,,,,,,,,,,,,,,"240,M,+0200,5","240,N,+0128,5",,,,,,,"10119,9,99999,4",,,"1,24,00671,200,1315,5","2,24,00536,200,1411,5","3,24,00188,999,9999,5","SOD54524 HR PRECIPITATION (IN): 0.00 24 HR MAX TEMP (F): 6824 HR MAX TEMP TIME (LST):1326 24 HR MIN TEMP (F): 5524 HR MIN TEMP TIME (LST):0156 AVERAGE STATION PRESSURE:29.88  PEAK WIND SPEED (MPH): 15 PEAK WIND DIR (DEG):200 PEAK WIND TIME (LST):1315  FASTEST 2MIN SPEED (MPH): 12FASTEST 2MIN DIR (DEG):200 FASTEST 2MIN TIME (LST):1411 AVERAGE WIND SPEED (MPH): 4.2 24 HR AVG TEMP (F):62 HOURLY INCREMENTAL PRECIPITATION VALUES (IN):.00  .00  .00  .00  .00  .00  .00  .00  .00  .00  .00  .00  .00  .00  .00  .00  .00  .00  .00  .00  .00  .00  .00  .00","R01  0.007AAP092"
"72297793184","2002-10-29T07:59:00","6","33.68","-117.86639","16.5","SANTA ANA JOHN WAYNE AIRPORT, CA US","SOD  ","KSNA ","V020","999,9,9,9999,9","99999,9,9,9","999999,9,9,9","+9999,9","+9999,9","99999,9","24,0000,9,6",,,,,,,,,,,,,,,,,,"240,M,+0200,5","240,N,+0111,5",,,,,,,"10119,9,99999,4",,,"1,24,00894,190,1246,5","2,24,00581,200,1441,5","3,24,00174,999,9999,5","SOD54524 HR PRECIPITATION (IN): 0.00 24 HR MAX TEMP (F): 6824 HR MAX TEMP TIME (LST):1355 24 HR MIN TEMP (F): 5224 HR MIN TEMP TIME (LST):0628 AVERAGE STATION PRESSURE:29.88  PEAK WIND SPEED (MPH): 20 PEAK WIND DIR (DEG):190 PEAK WIND TIME (LST):1246  FASTEST 2MIN SPEED (MPH): 13FASTEST 2MIN DIR (DEG):200 FASTEST 2MIN TIME (LST):1441 AVERAGE WIND SPEED (MPH): 3.9 24 HR AVG TEMP (F):60 HOURLY INCREMENTAL PRECIPITATION VALUES (IN):.00  .00  .00  .00  .00  .00  .00  .00  .00  .00  .00  .00  .00  .00  .00  .00  .00  .00  .00  .00  .00  .00  .00  .00","R01  0.007AAP092"
"72297793184","2002-10-30T07:59:00","6","33.68","-117.86639","16.5","SANTA ANA JOHN WAYNE AIRPORT, CA US","SOD  ","KSNA ","V020","999,9,9,9999,9","99999,9,9,9","999999,9,9,9","+9999,9","+9999,9","99999,9","24,0000,9,6",,,,,,,,,,,,,,,,"0000,5","000,5","240,M,+0200,5","240,N,+0144,5",,,,,,,"10095,9,99999,4",,,"1,24,00805,190,1323,5","2,24,00671,210,1347,5","3,24,00282,999,9999,5","SOD60524 HR PRECIPITATION (IN): 0.00 TOTAL SUNSHINE (MINUTES):   0 PERCENT POSSIBLE SUNSHINE:  0 24 HR MAX TEMP (F): 6824 HR MAX TEMP TIME (LST):1056 24 HR MIN TEMP (F): 5824 HR MIN TEMP TIME (LST):2232 AVERAGE STATION PRESSURE:29.81  PEAK WIND SPEED (MPH): 18 PEAK WIND DIR (DEG):190 PEAK WIND TIME (LST):1323  FASTEST 2MIN SPEED (MPH): 15FASTEST 2MIN DIR (DEG):210 FASTEST 2MIN TIME (LST):1347 AVERAGE WIND SPEED (MPH): 6.3 24 HR AVG TEMP (F):63 HOURLY INCREMENTAL PRECIPITATION VALUES (IN):.00  .00  .00  .00  .00  .00  .00  .00  .00  .00  .00  .00  .00  .00  .00  .00  .00  .00  .00  .00  .00  .00  .00  .00","R01  0.007AAP092"
"72297793184","2002-10-31T07:59:00","6","33.68","-117.86639","16.5","SANTA ANA JOHN WAYNE AIRPORT, CA US","SOD  ","KSNA ","V020","999,9,9,9999,9","99999,9,9,9","999999,9,9,9","+9999,9","+9999,9","99999,9","24,0000,9,6",,,,,,,,,,,,,,,,"0000,5","000,5","240,M,+0194,5","240,N,+0128,5",,,,,,,"10102,9,99999,4",,,"1,24,00715,210,1230,5","2,24,00626,210,1230,5","3,24,00188,999,9999,5","SOD60524 HR PRECIPITATION (IN): 0.00 TOTAL SUNSHINE (MINUTES):   0 PERCENT POSSIBLE SUNSHINE:  0 24 HR MAX TEMP (F): 6724 HR MAX TEMP TIME (LST):1342 24 HR MIN TEMP (F): 5524 HR MIN TEMP TIME (LST):0558 AVERAGE STATION PRESSURE:29.83  PEAK WIND SPEED (MPH): 16 PEAK WIND DIR (DEG):210 PEAK WIND TIME (LST):1230  FASTEST 2MIN SPEED (MPH): 14FASTEST 2MIN DIR (DEG):210 FASTEST 2MIN TIME (LST):1230 AVERAGE WIND SPEED (MPH): 4.2 24 HR AVG TEMP (F):61 HOURLY INCREMENTAL PRECIPITATION VALUES (IN):.00  .00  .00  .00  .00  .00  .00  .00  .00  .00  .00  .00  .00  .00  .00  .00  .00  .00  .00  .00  .00  .00  .00  .00","R01  0.007AAP092"
"72297793184","2002-11-01T07:59:00","6","33.68","-117.86639","16.5","SANTA ANA JOHN WAYNE AIRPORT, CA US","SOD  ","KSNA ","V020","999,9,9,9999,9","99999,9,9,9","999999,9,9,9","+9999,9","+9999,9","99999,9","24,0000,9,6",,,,,,,,,,,,,,,,"0000,5","000,5","240,M,+0189,5","240,N,+0122,5",,,,,,,"10112,9,99999,4",,,"1,24,00671,230,1251,5","2,24,00536,210,1252,5","3,24,00125,999,9999,5","SOD58324 HR PRECIPITATION (IN): 0.00 TOTAL SUNSHINE (MINUTES):   0 PERCENT POSSIBLE SUNSHINE:  0 24 HR MAX TEMP (F): 6624 HR MAX TEMP TIME (LST):1509 24 HR MIN TEMP (F): 5424 HR MIN TEMP TIME (LST):0313 AVERAGE STATION PRESSURE:29.86  PEAK WIND SPEED (MPH): 15 PEAK WIND DIR (DEG):230 PEAK WIND TIME (LST):1251  FASTEST 2MIN SPEED (MPH): 12FASTEST 2MIN DIR (DEG):210 FASTEST 2MIN TIME (LST):1252 AVERAGE WIND SPEED (MPH): 2.8 HOURLY INCREMENTAL PRECIPITATION VALUES (IN):.00  .00  .00  .00  .00  .00  .00  .00  .00  .00  .00  .00  .00  .00  .00  .00  .00  .00  .00  .00  .00  .00  .00  .00","R01  0.007AAP092"
"72297793184","2002-11-01T07:59:00","6","33.68","-117.86639","16.5","SANTA ANA JOHN WAYNE AIRPORT, CA US","SOM  ","KSNA ","V020","999,9,9,9999,9","99999,9,9,9","999999,9,9,9","+9999,9","+9999,9","99999,9",,"00015,9,6","00015,9,2525,9999,9999,6","02,6,00,5,99,9,00,5","005,0005,9,251547,5","010,0005,9,251547,5","015,0008,9,251547,5","020,0008,9,251603,5","030,0010,9,251603,5","045,0010,9,251603,5","060,0010,9,251603,5","080,0010,9,251603,5","100,0010,9,251603,5","120,0010,9,251603,5","150,0010,9,251603,5","180,0010,9,251603,5",,,,,"744,N,+1417,5","744,M,+2111,5","744,A,+1767,5","744,H,0054,6","744,C,0021,6","00,5,00,5,00,5,00,5",,"10108,4,10139,4","99999,999999,7,10095,260253,7",,,,"SOM810PCP MTOT: 0.06 DEPNRM:-6.39 PCP GT 24HRS: 0.06 DATE(S):252+ DAYS W/PCP >=.01: 2 DAYS W/PCP >=.10: 0 DAYS W/PCP >=1.00:  MSDP AMTS W/DATE-TIME TAGS:MIN:5  .02  25/1547 MIN:10  .02  25/1547 MIN:15  .03  25/1547 MIN:20  .03  25/1603 MIN:30  .04  25/1603 MIN:45  .04  25/1603 MIN:60  .04  25/1603 MIN:80  .04  25/1603 MIN:100  .04  25/1603 MIN:120  .04  25/1603 MIN:150  .04  25/1603 MIN:180  .04  25/1603 SN GT DP ON GRND:0 - DATE(S):0  AVG DLY MIN: 57.5 AVG DLY MAX: 70.0 AVG MLY TMP: 63.8 DAYS MAX <=32:  DAYS MAX >=70: 0 DAYS MAX >=90: 0 DAYS MIN <=32: 0 DAYS MIN  <=0: 0 AVG STP:29.85  AVG SLP:29.94  LWST SLP:29.81 DATE/TIME:260253 HGST SLP:  .00 DATE/TIME: 00000 HDD MTH TOT:  54 DEP NORM:-643 SEASON(JUL 1-JUN 30):    0 DEP NORM:0   0 CDD MTH TOT:  21 DEP NORM:  21 SEASON(JAN 1-DEC 31):    0 DEP NORM:   0","R01  0.067ABP070R02  0.067ADP081R03     27AE1100R04   0 -7AKS007R05    547KDH045R06    217KDC058R07   .007MKX021"
"72297793184","2002-11-02T07:59:00","6","33.68","-117.86639","16.5","SANTA ANA JOHN WAYNE AIRPORT, CA US","SOD  ","KSNA ","V020","999,9,9,9999,9","99999,9,9,9","999999,9,9,9","+9999,9","+9999,9","99999,9","24,0000,9,5",,,,,,,,,,,,,,,,"0000,5","000,5","240,M,+0200,5","240,N,+0133,6",,,,,,,"10115,9,99999,4",,,"1,24,00626,240,1519,5","2,24,00536,220,1309,5","3,24,00112,999,9999,5","SOD60524 HR PRECIPITATION (IN): 0.00 TOTAL SUNSHINE (MINUTES):   0 PERCENT POSSIBLE SUNSHINE:  0 24 HR MAX TEMP (F): 6824 HR MAX TEMP TIME (LST):1301 24 HR MIN TEMP (F): 5624 HR MIN TEMP TIME (LST):2359 AVERAGE STATION PRESSURE:29.87  PEAK WIND SPEED (MPH): 14 PEAK WIND DIR (DEG):240 PEAK WIND TIME (LST):1519  FASTEST 2MIN SPEED (MPH): 12FASTEST 2MIN DIR (DEG):220 FASTEST 2MIN TIME (LST):1309 AVERAGE WIND SPEED (MPH): 2.5 24 HR AVG TEMP (F):62 HOURLY INCREMENTAL PRECIPITATION VALUES (IN):.00  .00  .00  .00  .00  .00  .00  .00  .00  .00  .00  .00  .00  .00  .00  .00  .00  .00  .00  .00  .00  .00  .00  .00","R01    567KAN014"
"72297793184","2002-11-03T07:59:00","6","33.68","-117.86639","16.5","SANTA ANA JOHN WAYNE AIRPORT, CA US","SOD  ","KSNA ","V020","999,9,9,9999,9","99999,9,9,9","999999,9,9,9","+9999,9","+9999,9","99999,9","24,0000,9,5",,,,,,,,,,,,,,,,"0000,5","000,5","240,M,+0200,5","240,N,+0117,5",,,,,,,"10125,9,99999,4",,,"1,24,00671,210,1233,5","2,24,00581,210,1236,5","3,24,00125,999,9999,5","SOD60524 HR PRECIPITATION (IN): 0.00 TOTAL SUNSHINE (MINUTES):   0 PERCENT POSSIBLE SUNSHINE:  0 24 HR MAX TEMP (F): 6824 HR MAX TEMP TIME (LST):1157 24 HR MIN TEMP (F): 5324 HR MIN TEMP TIME (LST):0636 AVERAGE STATION PRESSURE:29.90  PEAK WIND SPEED (MPH): 15 PEAK WIND DIR (DEG):210 PEAK WIND TIME (LST):1233  FASTEST 2MIN SPEED (MPH): 13FASTEST 2MIN DIR (DEG):210 FASTEST 2MIN TIME (LST):1236 AVERAGE WIND SPEED (MPH): 2.8 24 HR AVG TEMP (F):61 HOURLY INCREMENTAL PRECIPITATION VALUES (IN):.00  .00  .00  .00  .00  .00  .00  .00  .00  .00  .00  .00  .00  .00  .00  .00  .00  .00  .00  .00  .00  .00  .00  .00",
"72297793184","2002-11-04T07:59:00","6","33.68","-117.86639","16.5","SANTA ANA JOHN WAYNE AIRPORT, CA US","SOD  ","KSNA ","V020","999,9,9,9999,9","99999,9,9,9","999999,9,9,9","+9999,9","+9999,9","99999,9","24,0000,9,5",,,,,,,,,,,,,,,,"0000,5","000,5","240,M,+0228,5","240,N,+0100,5",,,,,,,"10081,9,99999,4",,,"1,24,00581,210,1417,5","2,24,00447,210,1542,5","3,24,00134,999,9999,5","SOD60524 HR PRECIPITATION (IN): 0.00 TOTAL SUNSHINE (MINUTES):   0 PERCENT POSSIBLE SUNSHINE:  0 24 HR MAX TEMP (F): 7324 HR MAX TEMP TIME (LST):1350 24 HR MIN TEMP (F): 5024 HR MIN TEMP TIME (LST):0651 AVERAGE STATION PRESSURE:29.77  PEAK WIND SPEED (MPH): 13 PEAK WIND DIR (DEG):210 PEAK WIND TIME (LST):1417  FASTEST 2MIN SPEED (MPH): 10FASTEST 2MIN DIR (DEG):210 FASTEST 2MIN TIME (LST):1542 AVERAGE WIND SPEED (MPH): 3.0 24 HR AVG TEMP (F):62 HOURLY INCREMENTAL PRECIPITATION VALUES (IN):.00  .00  .00  .00  .00  .00  .00  .00  .00  .00  .00  .00  .00  .00  .00  .00  .00  .00  .00  .00  .00  .00  .00  .00",
"72297793184","2002-11-05T07:59:00","6","33.68","-117.86639","16.5","SANTA ANA JOHN WAYNE AIRPORT, CA US","SOD  ","KSNA ","V020","999,9,9,9999,9","99999,9,9,9","999999,9,9,9","+9999,9","+9999,9","99999,9","24,0000,9,5",,,,,,,,,,,,,,,,"0000,5","000,5","240,M,+0189,5","240,N,+0117,5",,,,,,,"10125,9,99999,4",,,"1,24,00760,210,1149,5","2,24,00671,220,1150,5","3,24,00259,999,9999,5","SOD60524 HR PRECIPITATION (IN): 0.00 TOTAL SUNSHINE (MINUTES):   0 PERCENT POSSIBLE SUNSHINE:  0 24 HR MAX TEMP (F): 6624 HR MAX TEMP TIME (LST):1439 24 HR MIN TEMP (F): 5324 HR MIN TEMP TIME (LST):0616 AVERAGE STATION PRESSURE:29.90  PEAK WIND SPEED (MPH): 17 PEAK WIND DIR (DEG):210 PEAK WIND TIME (LST):1149  FASTEST 2MIN SPEED (MPH): 15FASTEST 2MIN DIR (DEG):220 FASTEST 2MIN TIME (LST):1150 AVERAGE WIND SPEED (MPH): 5.8 24 HR AVG TEMP (F):60 HOURLY INCREMENTAL PRECIPITATION VALUES (IN):.00  .00  .00  .00  .00  .00  .00  .00  .00  .00  .00  .00  .00  .00  .00  .00  .00  .00  .00  .00  .00  .00  .00  .00",
"72297793184","2002-11-06T07:59:00","6","33.68","-117.86639","16.5","SANTA ANA JOHN WAYNE AIRPORT, CA US","SOD  ","KSNA ","V020","999,9,9,9999,9","99999,9,9,9","999999,9,9,9","+9999,9","+9999,9","99999,9","24,0003,9,6",,,,,,,,,,,,,,,,"0000,5","000,5","240,M,+0228,5","240,N,+0106,5",,,,,,,"10159,9,99999,4",,,"1,24,00536,280,1053,5","2,24,00358,260,1534,5","3,24,00089,999,9999,5","SOD60524 HR PRECIPITATION (IN): 0.01 TOTAL SUNSHINE (MINUTES):   0 PERCENT POSSIBLE SUNSHINE:  0 24 HR MAX TEMP (F): 7324 HR MAX TEMP TIME (LST):1435 24 HR MIN TEMP (F): 5124 HR MIN TEMP TIME (LST):0447 AVERAGE STATION PRESSURE:30.00  PEAK WIND SPEED (MPH): 12 PEAK WIND DIR (DEG):280 PEAK WIND TIME (LST):1053  FASTEST 2MIN SPEED (MPH):  8FASTEST 2MIN DIR (DEG):260 FASTEST 2MIN TIME (LST):1534 AVERAGE WIND SPEED (MPH): 2.0 24 HR AVG TEMP (F):62 HOURLY INCREMENTAL PRECIPITATION VALUES (IN):.00  .00  .00  .00  .00  .00  .00  .00  .01  .00  .00  .00  .00  .00  .00  .00  .00  .00  .00  .00  .00  .00  .00  .00","R01  0.017AAP092"
"72297793184","2002-11-07T07:59:00","6","33.68","-117.86639","16.5","SANTA ANA JOHN WAYNE AIRPORT, CA US","SOD  ","KSNA ","V020","999,9,9,9999,9","99999,9,9,9","999999,9,9,9","+9999,9","+9999,9","99999,9","24,0000,9,5",,,,,,,,,,,,,,,,"0000,5","000,5","240,M,+0222,5","240,N,+0100,5",,,,,,,"10152,9,99999,4",,,"1,24,00581,190,1431,5","2,24,00536,190,1430,5","3,24,00125,999,9999,5","SOD60524 HR PRECIPITATION (IN): 0.00 TOTAL SUNSHINE (MINUTES):   0 PERCENT POSSIBLE SUNSHINE:  0 24 HR MAX TEMP (F): 7224 HR MAX TEMP TIME (LST):1318 24 HR MIN TEMP (F): 5024 HR MIN TEMP TIME (LST):0658 AVERAGE STATION PRESSURE:29.98  PEAK WIND SPEED (MPH): 13 PEAK WIND DIR (DEG):190 PEAK WIND TIME (LST):1431  FASTEST 2MIN SPEED (MPH): 12FASTEST 2MIN DIR (DEG):190 FASTEST 2MIN TIME (LST):1430 AVERAGE WIND SPEED (MPH): 2.8 24 HR AVG TEMP (F):61 HOURLY INCREMENTAL PRECIPITATION VALUES (IN):.00  .00  .00  .00  .00  .00  .00  .00  .00  .00  .00  .00  .00  .00  .00  .00  .00  .00  .00  .00  .00  .00  .00  .00",
"72297793184","2002-11-08T07:59:00","6","33.68","-117.86639","16.5","SANTA ANA JOHN WAYNE AIRPORT, CA US","SOD  ","KSNA ","V020","999,9,9,9999,9","99999,9,9,9","999999,9,9,9","+9999,9","+9999,9","99999,9","24,0005,9,5",,,,,,,,,,,,,,,,"0000,5","000,5","240,M,+0194,5","240,N,+0100,5",,,,,,,"10156,9,99999,4",,,"1,24,00671,230,1300,5","2,24,00536,250,1301,5","3,24,00174,999,9999,5","SOD60424 HR PRECIPITATION (IN): 0.02 TOTAL SUNSHINE (MINUTES):   0 PERCENT POSSIBLE SUNSHINE:  0 24 HR MAX TEMP (F): 6724 HR MAX TEMP TIME (LST):1241 24 HR MIN TEMP (F): 5024 HR MIN TEMP TIME (LST):0550 AVERAGE STATION PRESSURE:29.99  PEAK WIND SPEED (MPH): 15 PEAK WIND DIR (DEG):230 PEAK WIND TIME (LST):1300  FASTEST 2MIN SPEED (MPH): 12FASTEST 2MIN DIR (DEG):250 FASTEST 2MIN TIME (LST):1301 AVERAGE WIND SPEED (MPH): 3.9 24 HR AVG TEMP (F):59 HOURLY INCREMENTAL PRECIPITATION VALUES (IN):.00  .00  .00  .00  .00  .00  .00  .00  .00  .00  .00  .00  .00  .00  .00  .00  .00  .00  .00  .00   T   .02  .00   T",
"72297793184","2002-11-09T07:59:00","6","33.68","-117.86639","16.5","SANTA ANA JOHN WAYNE AIRPORT, CA US","SOD  ","KSNA ","V020","999,9,9,9999,9","99999,9,9,9","999999,9,9,9","+9999,9","+9999,9","99999,9","24,0229,9,5",,,,,,,,,,,,,,,,"0000,5","000,5","240,M,+0183,5","240,N,+0133,5",,,,,,,"10125,9,99999,4",,,"1,24,00939,210,1221,5","2,24,00760,190,1300,5","3,24,00402,999,9999,5","SOD60524 HR PRECIPITATION (IN): 0.90 TOTAL SUNSHINE (MINUTES):   0 PERCENT POSSIBLE SUNSHINE:  0 24 HR MAX TEMP (F): 6524 HR MAX TEMP TIME (LST):1440 24 HR MIN TEMP (F): 5624 HR MIN TEMP TIME (LST):0406 AVERAGE STATION PRESSURE:29.90  PEAK WIND SPEED (MPH): 21 PEAK WIND DIR (DEG):210 PEAK WIND TIME (LST):1221  FASTEST 2MIN SPEED (MPH): 17FASTEST 2MIN DIR (DEG):190 FASTEST 2MIN TIME (LST):1300 AVERAGE WIND SPEED (MPH): 9.0 24 HR AVG TEMP (F):61 HOURLY INCREMENTAL PRECIPITATION VALUES (IN):.05  .03  .06  .07  .01  .01  .01   T    T   .02  .04   T   .02  .07  .04  .07  .02   T   .03  .03   T   .09  .11  .11",
"72297793184","2002-11-10T07:59:00","6","33.68","-117.86639","16.5","SANTA ANA JOHN WAYNE AIRPORT, CA US","SOD  ","KSNA ","V020","999,9,9,9999,9","99999,9,9,9","999999,9,9,9","+9999,9","+9999,9","99999,9","24,0053,9,5",,,,,,,,,,,,,,,,"0000,5","000,5","240,M,+0189,5","240,N,+0150,5",,,,,,,"10129,9,99999,4",,,"1,24,00805,230,0021,5","2,24,00671,200,1207,5","3,24,00349,999,9999,5","SOD60524 HR PRECIPITATION (IN): 0.21 TOTAL SUNSHINE (MINUTES):   0 PERCENT POSSIBLE SUNSHINE:  0 24 HR MAX TEMP (F): 6624 HR MAX TEMP TIME (LST):1041 24 HR MIN TEMP (F): 5924 HR MIN TEMP TIME (LST):2359 AVERAGE STATION PRESSURE:29.91  PEAK WIND SPEED (MPH): 18 PEAK WIND DIR (DEG):230 PEAK WIND TIME (LST):0021  FASTEST 2MIN SPEED (MPH): 15FASTEST 2MIN DIR (DEG):200 FASTEST 2MIN TIME (LST):1207 AVERAGE WIND SPEED (MPH): 7.8 24 HR AVG TEMP (F):63 HOURLY INCREMENTAL PRECIPITATION VALUES (IN):.07  .04  .01  .00  .00  .00  .00   T    T   .00   T   .01  .01   T   .01   T    T   .05  .05  .00  .00  .00  .00  .00",
"72297793184","2002-11-11T07:59:00","6","33.68","-117.86639","16.5","SANTA ANA JOHN WAYNE AIRPORT, CA US","SOD  ","KSNA ","V020","999,9,9,9999,9","99999,9,9,9","999999,9,9,9","+9999,9","+9999,9","99999,9","24,0000,9,6",,,,,,,,,,,,,,,,"0000,5","000,5","240,M,+0194,5","240,N,+0117,5",,,,,,,"09790,9,99999,4",,,"1,24,00671,190,1416,5","2,24,00626,200,1215,5","3,24,00174,999,9999,5","SOD60524 HR PRECIPITATION (IN): 0.00 TOTAL SUNSHINE (MINUTES):   0 PERCENT POSSIBLE SUNSHINE:  0 24 HR MAX TEMP (F): 6724 HR MAX TEMP TIME (LST):1153 24 HR MIN TEMP (F): 5324 HR MIN TEMP TIME (LST):0640 AVERAGE STATION PRESSURE:28.91  PEAK WIND SPEED (MPH): 15 PEAK WIND DIR (DEG):190 PEAK WIND TIME (LST):1416  FASTEST 2MIN SPEED (MPH): 14FASTEST 2MIN DIR (DEG):200 FASTEST 2MIN TIME (LST):1215 AVERAGE WIND SPEED (MPH): 3.9 24 HR AVG TEMP (F):60 HOURLY INCREMENTAL PRECIPITATION VALUES (IN):.00  .00  .00  .00  .00  .00  .00  .00  .00  .00  .00  .00  .00  .00  .00  .00  .00  .00  .00  .00  .00  .00  .00  .00","R01  0.007AAP092"
"72297793184","2002-11-12T07:59:00","6","33.68","-117.86639","16.5","SANTA ANA JOHN WAYNE AIRPORT, CA US","SOD  ","KSNA ","V020","999,9,9,9999,9","99999,9,9,9","999999,9,9,9","+9999,9","+9999,9","99999,9","24,0000,9,6",,,,,,,,,,,,,,,,"0000,5","000,5","240,M,+0250,5","240,N,+0122,5",,,,,,,"10152,9,99999,4",,,"1,24,00581,030,2119,5","2,24,00447,230,1357,5","3,24,00143,999,9999,5","SOD60524 HR PRECIPITATION (IN): 0.00 TOTAL SUNSHINE (MINUTES):   0 PERCENT POSSIBLE SUNSHINE:  0 24 HR MAX TEMP (F): 7724 HR MAX TEMP TIME (LST):1321 24 HR MIN TEMP (F): 5424 HR MIN TEMP TIME (LST):0648 AVERAGE STATION PRESSURE:29.98  PEAK WIND SPEED (MPH): 13 PEAK WIND DIR (DEG): 30 PEAK WIND TIME (LST):2119  FASTEST 2MIN SPEED (MPH): 10FASTEST 2MIN DIR (DEG):230 FASTEST 2MIN TIME (LST):1357 AVERAGE WIND SPEED (MPH): 3.2 24 HR AVG TEMP (F):66 HOURLY INCREMENTAL PRECIPITATION VALUES (IN):.00  .00  .00  .00  .00  .00  .00  .00  .00  .00  .00  .00  .00  .00  .00  .00  .00  .00  .00  .00  .00  .00  .00  .00","R01  0.007AAP092"
"72297793184","2002-11-13T07:59:00","6","33.68","-117.86639","16.5","SANTA ANA JOHN WAYNE AIRPORT, CA US","SOD  ","KSNA ","V020","999,9,9,9999,9","99999,9,9,9","999999,9,9,9","+9999,9","+9999,9","99999,9","24,0000,9,6",,,,,,,,,,,,,,,,"0000,5","000,5","240,M,+0300,5","240,N,+0122,5",,,,,,,"10166,9,99999,4",,,"1,24,00715,230,1355,5","2,24,00581,210,1355,5","3,24,00121,999,9999,5","SOD60524 HR PRECIPITATION (IN): 0.00 TOTAL SUNSHINE (MINUTES):   0 PERCENT POSSIBLE SUNSHINE:  0 24 HR MAX TEMP (F): 8624 HR MAX TEMP TIME (LST):1411 24 HR MIN TEMP (F): 5424 HR MIN TEMP TIME (LST):0541 AVERAGE STATION PRESSURE:30.02  PEAK WIND SPEED (MPH): 16 PEAK WIND DIR (DEG):230 PEAK WIND TIME (LST):1355  FASTEST 2MIN SPEED (MPH): 13FASTEST 2MIN DIR (DEG):210 FASTEST 2MIN TIME (LST):1355 AVERAGE WIND SPEED (MPH): 2.7 24 HR AVG TEMP (F):70 HOURLY INCREMENTAL PRECIPITATION VALUES (IN):.00  .00  .00  .00  .00  .00  .00  .00  .00  .00  .00  .00  .00  .00  .00  .00  .00  .00  .00  .00  .00  .00  .00  .00","R01  0.007AAP092"
"72297793184","2002-11-14T07:59:00","6","33.68","-117.86639","16.5","SANTA ANA JOHN WAYNE AIRPORT, CA US","SOD  ","KSNA ","V020","999,9,9,9999,9","99999,9,9,9","999999,9,9,9","+9999,9","+9999,9","99999,9","24,0000,9,6",,,,,,,,,,,,,,,,"0000,5","000,5","240,M,+0217,5","240,N,+0117,5",,,,,,,"10146,9,99999,4",,,"1,24,00671,200,1526,5","2,24,00581,200,1527,5","3,24,00188,999,9999,5","SOD60524 HR PRECIPITATION (IN): 0.00 TOTAL SUNSHINE (MINUTES):   0 PERCENT POSSIBLE SUNSHINE:  0 24 HR MAX TEMP (F): 7124 HR MAX TEMP TIME (LST):1301 24 HR MIN TEMP (F): 5324 HR MIN TEMP TIME (LST):0645 AVERAGE STATION PRESSURE:29.96  PEAK WIND SPEED (MPH): 15 PEAK WIND DIR (DEG):200 PEAK WIND TIME (LST):1526  FASTEST 2MIN SPEED (MPH): 13FASTEST 2MIN DIR (DEG):200 FASTEST 2MIN TIME (LST):1527 AVERAGE WIND SPEED (MPH): 4.2 24 HR AVG TEMP (F):62 HOURLY INCREMENTAL PRECIPITATION VALUES (IN):.00  .00  .00  .00  .00  .00  .00  .00  .00  .00  .00  .00  .00  .00  .00  .00  .00  .00  .00  .00  .00  .00  .00  .00","R01  0.007AAP092"
"72297793184","2002-11-15T07:59:00","6","33.68","-117.86639","16.5","SANTA ANA JOHN WAYNE AIRPORT, CA US","SOD  ","KSNA ","V020","999,9,9,9999,9","99999,9,9,9","999999,9,9,9","+9999,9","+9999,9","99999,9","24,0000,9,6",,,,,,,,,,,,,,,,"0000,5","000,5","240,M,+0211,5","240,N,+0122,5",,,,,,,"10142,9,99999,4",,,"1,24,00536,190,1203,5","2,24,00402,190,1155,5","3,24,00107,999,9999,5","SOD60524 HR PRECIPITATION (IN): 0.00 TOTAL SUNSHINE (MINUTES):   0 PERCENT POSSIBLE SUNSHINE:  0 24 HR MAX TEMP (F): 7024 HR MAX TEMP TIME (LST):1518 24 HR MIN TEMP (F): 5424 HR MIN TEMP TIME (LST):0713 AVERAGE STATION PRESSURE:29.95  PEAK WIND SPEED (MPH): 12 PEAK WIND DIR (DEG):190 PEAK WIND TIME (LST):1203  FASTEST 2MIN SPEED (MPH):  9FASTEST 2MIN DIR (DEG):190 FASTEST 2MIN TIME (LST):1155 AVERAGE WIND SPEED (MPH): 2.4 24 HR AVG TEMP (F):62 HOURLY INCREMENTAL PRECIPITATION VALUES (IN):.00  .00  .00  .00  .00  .00  .00  .00  .00  .00  .00  .00  .00  .00  .00  .00  .00  .00  .00  .00  .00  .00  .00  .00","R01  0.007AAP092"
"72297793184","2002-11-16T07:59:00","6","33.68","-117.86639","16.5","SANTA ANA JOHN WAYNE AIRPORT, CA US","SOD  ","KSNA ","V020","999,9,9,9999,9","99999,9,9,9","999999,9,9,9","+9999,9","+9999,9","99999,9","24,0003,9,5",,,,,,,,,,,,,,,,"0000,5","000,5","240,M,+0311,5","240,N,+0117,5",,,,,,,"10163,9,99999,4",,,"1,24,00939,030,0850,5","2,24,00760,030,0851,5","3,24,00183,999,9999,5","SOD60524 HR PRECIPITATION (IN): 0.01 TOTAL SUNSHINE (MINUTES):   0 PERCENT POSSIBLE SUNSHINE:  0 24 HR MAX TEMP (F): 8824 HR MAX TEMP TIME (LST):1405 24 HR MIN TEMP (F): 5324 HR MIN TEMP TIME (LST):0522 AVERAGE STATION PRESSURE:30.01  PEAK WIND SPEED (MPH): 21 PEAK WIND DIR (DEG): 30 PEAK WIND TIME (LST):0850  FASTEST 2MIN SPEED (MPH): 17FASTEST 2MIN DIR (DEG): 30 FASTEST 2MIN TIME (LST):0851 AVERAGE WIND SPEED (MPH): 4.1 24 HR AVG TEMP (F):71 HOURLY INCREMENTAL PRECIPITATION VALUES (IN):.01  .00  .00  .00  .00  .00  .00  .00  .00  .00  .00  .00  .00  .00  .00  .00  .00  .00  .00  .00  .00  .00  .00  .00",
"72297793184","2002-11-17T07:59:00","6","33.68","-117.86639","16.5","SANTA ANA JOHN WAYNE AIRPORT, CA US","SOD  ","KSNA ","V020","999,9,9,9999,9","99999,9,9,9","999999,9,9,9","+9999,9","+9999,9","99999,9","24,0000,9,6",,,,,,,,,,,,,,,,"0000,5","000,5","240,M,+0278,5","240,N,+0094,5",,,,,,,"10169,9,99999,4",,,"1,24,00671,280,1418,5","2,24,00536,280,1421,5","3,24,00067,999,9999,5","SOD60524 HR PRECIPITATION (IN): 0.00 TOTAL SUNSHINE (MINUTES):   0 PERCENT POSSIBLE SUNSHINE:  0 24 HR MAX TEMP (F): 8224 HR MAX TEMP TIME (LST):1412 24 HR MIN TEMP (F): 4924 HR MIN TEMP TIME (LST):0558 AVERAGE STATION PRESSURE:30.03  PEAK WIND SPEED (MPH): 15 PEAK WIND DIR (DEG):280 PEAK WIND TIME (LST):1418  FASTEST 2MIN SPEED (MPH): 12FASTEST 2MIN DIR (DEG):280 FASTEST 2MIN TIME (LST):1421 AVERAGE WIND SPEED (MPH): 1.5 24 HR AVG TEMP (F):66 HOURLY INCREMENTAL PRECIPITATION VALUES (IN):.00  .00  .00  .00  .00  .00  .00  .00  .00  .00  .00  .00  .00  .00  .00  .00  .00  .00  .00  .00  .00  .00  .00  .00","R01  0.007AAP092"
"72297793184","2002-11-18T07:59:00","6","33.68","-117.86639","16.5","SANTA ANA JOHN WAYNE AIRPORT, CA US","SOD  ","KSNA ","V020","999,9,9,9999,9","99999,9,9,9","999999,9,9,9","+9999,9","+9999,9","99999,9","24,0000,9,6",,,,,,,,,,,,,,,,"0000,5","000,5","240,M,+0206,5","240,N,+0100,5",,,,,,,"10142,9,99999,4",,,"1,24,00626,210,1318,5","2,24,00536,210,1327,5","3,24,00116,999,9999,5","SOD60524 HR PRECIPITATION (IN): 0.00 TOTAL SUNSHINE (MINUTES):   0 PERCENT POSSIBLE SUNSHINE:  0 24 HR MAX TEMP (F): 6924 HR MAX TEMP TIME (LST):1421 24 HR MIN TEMP (F): 5024 HR MIN TEMP TIME (LST):0645 AVERAGE STATION PRESSURE:29.95  PEAK WIND SPEED (MPH): 14 PEAK WIND DIR (DEG):210 PEAK WIND TIME (LST):1318  FASTEST 2MIN SPEED (MPH): 12FASTEST 2MIN DIR (DEG):210 FASTEST 2MIN TIME (LST):1327 AVERAGE WIND SPEED (MPH): 2.6 24 HR AVG TEMP (F):60 HOURLY INCREMENTAL PRECIPITATION VALUES (IN):.00  .00  .00  .00  .00  .00  .00  .00  .00  .00  .00  .00  .00  .00  .00  .00  .00  .00  .00  .00  .00  .00  .00  .00","R01  0.007AAP092"
"72297793184","2002-11-19T07:59:00","6","33.68","-117.86639","16.5","SANTA ANA JOHN WAYNE AIRPORT, CA US","SOD  ","KSNA ","V020","999,9,9,9999,9","99999,9,9,9","999999,9,9,9","+9999,9","+9999,9","99999,9","24,0000,9,6",,,,,,,,,,,,,,,,,,"240,M,+0283,5","240,N,+0083,5",,,,,,,"10173,9,99999,4",,,"1,24,00536,230,1509,5","2,24,00447,220,1452,5","3,24,00089,999,9999,5","SOD54524 HR PRECIPITATION (IN): 0.00 24 HR MAX TEMP (F): 8324 HR MAX TEMP TIME (LST):1336 24 HR MIN TEMP (F): 4724 HR MIN TEMP TIME (LST):0615 AVERAGE STATION PRESSURE:30.04  PEAK WIND SPEED (MPH): 12 PEAK WIND DIR (DEG):230 PEAK WIND TIME (LST):1509  FASTEST 2MIN SPEED (MPH): 10FASTEST 2MIN DIR (DEG):220 FASTEST 2MIN TIME (LST):1452 AVERAGE WIND SPEED (MPH): 2.0 24 HR AVG TEMP (F):65 HOURLY INCREMENTAL PRECIPITATION VALUES (IN):.00  .00  .00  .00  .00  .00  .00  .00  .00  .00  .00  .00  .00  .00  .00  .00  .00  .00  .00  .00  .00  .00  .00  .00","R01  0.007AAP092"
"72297793184","2002-11-20T07:59:00","6","33.68","-117.86639","16.5","SANTA ANA JOHN WAYNE AIRPORT, CA US","SOD  ","KSNA ","V020","999,9,9,9999,9","99999,9,9,9","999999,9,9,9","+9999,9","+9999,9","99999,9","24,0000,9,6",,,,,,,,,,,,,,,,"0000,5","000,5","240,M,+0328,5","240,N,+0089,5",,,,,,,"10176,9,99999,4",,,"1,24,01118,090,1325,5","2,24,00805,060,1343,5","3,24,00206,999,9999,5","SOD60524 HR PRECIPITATION (IN): 0.00 TOTAL SUNSHINE (MINUTES):   0 PERCENT POSSIBLE SUNSHINE:  0 24 HR MAX TEMP (F): 9124 HR MAX TEMP TIME (LST):1402 24 HR MIN TEMP (F): 4824 HR MIN TEMP TIME (LST):0618 AVERAGE STATION PRESSURE:30.05  PEAK WIND SPEED (MPH): 25 PEAK WIND DIR (DEG): 90 PEAK WIND TIME (LST):1325  FASTEST 2MIN SPEED (MPH): 18FASTEST 2MIN DIR (DEG): 60 FASTEST 2MIN TIME (LST):1343 AVERAGE WIND SPEED (MPH): 4.6 24 HR AVG TEMP (F):70 HOURLY INCREMENTAL PRECIPITATION VALUES (IN):.00  .00  .00  .00  .00  .00  .00  .00  .00  .00  .00  .00  .00  .00  .00  .00  .00  .00  .00  .00  .00  .00  .00  .00","R01  0.007AAP092"
"72297793184","2002-11-21T07:59:00","6","33.68","-117.86639","16.5","SANTA ANA JOHN WAYNE AIRPORT, CA US","SOD  ","KSNA ","V020","999,9,9,9999,9","99999,9,9,9","999999,9,9,9","+9999,9","+9999,9","99999,9","24,0000,9,6",,,,,,,,,,,,,,,,"0000,5","000,5","240,M,+0322,5","240,N,+0183,5",,,,,,,"10132,9,99999,4",,,"1,24,00983,090,0952,5","2,24,00760,060,0957,5","3,24,00313,999,9999,5","SOD58324 HR PRECIPITATION (IN): 0.00 TOTAL SUNSHINE (MINUTES):   0 PERCENT POSSIBLE SUNSHINE:  0 24 HR MAX TEMP (F): 9024 HR MAX TEMP TIME (LST):1110 24 HR MIN TEMP (F): 6524 HR MIN TEMP TIME (LST):2356 AVERAGE STATION PRESSURE:29.92  PEAK WIND SPEED (MPH): 22 PEAK WIND DIR (DEG): 90 PEAK WIND TIME (LST):0952  FASTEST 2MIN SPEED (MPH): 17FASTEST 2MIN DIR (DEG): 60 FASTEST 2MIN TIME (LST):0957 AVERAGE WIND SPEED (MPH): 7.0 HOURLY INCREMENTAL PRECIPITATION VALUES (IN):.00  .00  .00  .00  .00  .00  .00  .00  .00  .00  .00  .00  .00  .00  .00  .00  .00  .00  .00  .00  .00  .00  .00  .00","R01  0.007AAP092"
"72297793184","2002-11-22T07:59:00","6","33.68","-117.86639","16.5","SANTA ANA JOHN WAYNE AIRPORT, CA US","SOD  ","KSNA ","V020","999,9,9,9999,9","99999,9,9,9","999999,9,9,9","+9999,9","+9999,9","99999,9","24,0000,9,6",,,,,,,,,,,,,,,,"0000,5","000,5","240,M,+0294,5","240,N,+0144,5",,,,,,,"10139,9,99999,4",,,"1,24,00536,210,1620,5","2,24,00447,210,1620,5","3,24,00134,999,9999,5","SOD60524 HR PRECIPITATION (IN): 0.00 TOTAL SUNSHINE (MINUTES):   0 PERCENT POSSIBLE SUNSHINE:  0 24 HR MAX TEMP (F): 8524 HR MAX TEMP TIME (LST):1423 24 HR MIN TEMP (F): 5824 HR MIN TEMP TIME (LST):0621 AVERAGE STATION PRESSURE:29.94  PEAK WIND SPEED (MPH): 12 PEAK WIND DIR (DEG):210 PEAK WIND TIME (LST):1620  FASTEST 2MIN SPEED (MPH): 10FASTEST 2MIN DIR (DEG):210 FASTEST 2MIN TIME (LST):1620 AVERAGE WIND SPEED (MPH): 3.0 24 HR AVG TEMP (F):72 HOURLY INCREMENTAL PRECIPITATION VALUES (IN):.00  .00  .00  .00  .00  .00  .00  .00  .00  .00  .00  .00  .00  .00  .00  .00  .00  .00  .00  .00  .00  .00  .00  .00","R01  0.007AAP092"
"72297793184","2002-11-23T07:59:00","6","33.68","-117.86639","16.5","SANTA ANA JOHN WAYNE AIRPORT, CA US","SOD  ","KSNA ","V020","999,9,9,9999,9","99999,9,9,9","999999,9,9,9","+9999,9","+9999,9","99999,9","24,0000,9,6",,,,,,,,,,,,,,,,,,"240,M,+0228,5","240,N,+0111,5",,,,,,,"10132,9,99999,4",,,"1,24,00626,220,1433,5","2,24,00536,210,1430,5","3,24,00152,999,9999,5","SOD54524 HR PRECIPITATION (IN): 0.00 24 HR MAX TEMP (F): 7324 HR MAX TEMP TIME (LST):1342 24 HR MIN TEMP (F): 5224 HR MIN TEMP TIME (LST):0622 AVERAGE STATION PRESSURE:29.92  PEAK WIND SPEED (MPH): 14 PEAK WIND DIR (DEG):220 PEAK WIND TIME (LST):1433  FASTEST 2MIN SPEED (MPH): 12FASTEST 2MIN DIR (DEG):210 FASTEST 2MIN TIME (LST):1430 AVERAGE WIND SPEED (MPH): 3.4 24 HR AVG TEMP (F):63 HOURLY INCREMENTAL PRECIPITATION VALUES (IN):.00  .00  .00  .00  .00  .00  .00  .00  .00  .00  .00  .00  .00  .00  .00  .00  .00  .00  .00  .00  .00  .00  .00  .00","R01  0.007AAP092"
"72297793184","2002-11-24T07:59:00","6","33.68","-117.86639","16.5","SANTA ANA JOHN WAYNE AIRPORT, CA US","SOD  ","KSNA ","V020","999,9,9,9999,9","99999,9,9,9","999999,9,9,9","+9999,9","+9999,9","99999,9","24,0000,9,6",,,,,,,,,,,,,,,,"0000,5","000,5","240,M,+0178,5","240,N,+0122,5",,,,,,,"10135,9,99999,4",,,"1,24,00760,210,1333,5","2,24,00671,190,1335,5","3,24,00206,999,9999,5","SOD60524 HR PRECIPITATION (IN): 0.00 TOTAL SUNSHINE (MINUTES):   0 PERCENT POSSIBLE SUNSHINE:  0 24 HR MAX TEMP (F): 6424 HR MAX TEMP TIME (LST):1333 24 HR MIN TEMP (F): 5424 HR MIN TEMP TIME (LST):2358 AVERAGE STATION PRESSURE:29.93  PEAK WIND SPEED (MPH): 17 PEAK WIND DIR (DEG):210 PEAK WIND TIME (LST):1333  FASTEST 2MIN SPEED (MPH): 15FASTEST 2MIN DIR (DEG):190 FASTEST 2MIN TIME (LST):1335 AVERAGE WIND SPEED (MPH): 4.6 24 HR AVG TEMP (F):59 HOURLY INCREMENTAL PRECIPITATION VALUES (IN):.00  .00  .00  .00  .00  .00  .00  .00  .00  .00  .00  .00  .00  .00  .00  .00  .00  .00  .00  .00  .00  .00  .00  .00","R01  0.007AAP092"
"72297793184","2002-11-25T07:59:00","6","33.68","-117.86639","16.5","SANTA ANA JOHN WAYNE AIRPORT, CA US","SOD  ","KSNA ","V020","999,9,9,9999,9","99999,9,9,9","999999,9,9,9","+9999,9","+9999,9","99999,9","24,0000,9,6",,,,,,,,,,,,,,,,"0000,5","000,5","240,M,+0200,5","240,N,+0100,5",,,,,,,"10142,9,99999,4",,,"1,24,00626,230,1254,5","2,24,00447,220,1252,5","3,24,00116,999,9999,5","SOD58324 HR PRECIPITATION (IN): 0.00 TOTAL SUNSHINE (MINUTES):   0 PERCENT POSSIBLE SUNSHINE:  0 24 HR MAX TEMP (F): 6824 HR MAX TEMP TIME (LST):1223 24 HR MIN TEMP (F): 5024 HR MIN TEMP TIME (LST):0650 AVERAGE STATION PRESSURE:29.95  PEAK WIND SPEED (MPH): 14 PEAK WIND DIR (DEG):230 PEAK WIND TIME (LST):1254  FASTEST 2MIN SPEED (MPH): 10FASTEST 2MIN DIR (DEG):220 FASTEST 2MIN TIME (LST):1252 AVERAGE WIND SPEED (MPH): 2.6 HOURLY INCREMENTAL PRECIPITATION VALUES (IN):.00  .00  .00  .00  .00  .00  .00  .00  .00  .00  .00  .00  .00  .00  .00  .00  .00  .00  .00  .00  .00  .00  .00  .00","R01  0.007AAP092"
"72297793184","2002-11-26T07:59:00","6","33.68","-117.86639","16.5","SANTA ANA JOHN WAYNE AIRPORT, CA US","SOD  ","KSNA ","V020","999,9,9,9999,9","99999,9,9,9","999999,9,9,9","+9999,9","+9999,9","99999,9","24,0000,9,6",,,,,,,,,,,,,,,,"0000,5","000,5","240,M,+0228,5","240,N,+0133,5",,,,,,,"10119,9,99999,4",,,"1,24,02012,050,1055,5","2,24,01565,050,1159,5","3,24,00604,999,9999,5","SOD60524 HR PRECIPITATION (IN): 0.00 TOTAL SUNSHINE (MINUTES):   0 PERCENT POSSIBLE SUNSHINE:  0 24 HR MAX TEMP (F): 7324 HR MAX TEMP TIME (LST):1426 24 HR MIN TEMP (F): 5624 HR MIN TEMP TIME (LST):0024 AVERAGE STATION PRESSURE:29.88  PEAK WIND SPEED (MPH): 45 PEAK WIND DIR (DEG): 50 PEAK WIND TIME (LST):1055  FASTEST 2MIN SPEED (MPH): 35FASTEST 2MIN DIR (DEG): 50 FASTEST 2MIN TIME (LST):1159 AVERAGE WIND SPEED (MPH):13.5 24 HR AVG TEMP (F):65 HOURLY INCREMENTAL PRECIPITATION VALUES (IN):.00  .00  .00  .00  .00  .00  .00  .00  .00  .00  .00  .00  .00  .00  .00  .00  .00  .00  .00  .00  .00  .00  .00  .00","R01  0.007AAP092"
"72297793184","2002-11-27T07:59:00","6","33.68","-117.86639","16.5","SANTA ANA JOHN WAYNE AIRPORT, CA US","SOD  ","KSNA ","V020","999,9,9,9999,9","99999,9,9,9","999999,9,9,9","+9999,9","+9999,9","99999,9","24,0000,9,6",,,,,,,,,,,,,,,,"0000,5","000,5","240,M,+0250,5","240,N,+0156,5",,,,,,,"10119,9,99999,4",,,"1,24,01788,030,1314,5","2,24,01296,040,1329,5","3,24,00586,999,9999,5","SOD60524 HR PRECIPITATION (IN): 0.00 TOTAL SUNSHINE (MINUTES):   0 PERCENT POSSIBLE SUNSHINE:  0 24 HR MAX TEMP (F): 7724 HR MAX TEMP TIME (LST):1355 24 HR MIN TEMP (F): 6024 HR MIN TEMP TIME (LST):0138 AVERAGE STATION PRESSURE:29.88  PEAK WIND SPEED (MPH): 40 PEAK WIND DIR (DEG): 30 PEAK WIND TIME (LST):1314  FASTEST 2MIN SPEED (MPH): 29FASTEST 2MIN DIR (DEG): 40 FASTEST 2MIN TIME (LST):1329 AVERAGE WIND SPEED (MPH):13.1 24 HR AVG TEMP (F):69 HOURLY INCREMENTAL PRECIPITATION VALUES (IN):.00  .00  .00  .00  .00  .00  .00  .00  .00  .00  .00  .00  .00  .00  .00  .00  .00  .00  .00  .00  .00  .00  .00  .00","R01  0.007AAP092"
"72297793184","2002-11-28T07:59:00","6","33.68","-117.86639","16.5","SANTA ANA JOHN WAYNE AIRPORT, CA US","SOD  ","KSNA ","V020","999,9,9,9999,9","99999,9,9,9","999999,9,9,9","+9999,9","+9999,9","99999,9","24,0000,2,5",,,,,,,,,,,,,,,,"0000,5","000,5","240,M,+0217,5","240,N,+0122,5",,,,,,,"10122,9,99999,4",,,"1,24,01028,100,0859,5","2,24,00760,050,0949,5","3,24,00277,999,9999,5","SOD60524 HR PRECIPITATION (IN):  T   TOTAL SUNSHINE (MINUTES):   0 PERCENT POSSIBLE SUNSHINE:  0 24 HR MAX TEMP (F): 7124 HR MAX TEMP TIME (LST):1109 24 HR MIN TEMP (F): 5424 HR MIN TEMP TIME (LST):2349 AVERAGE STATION PRESSURE:29.89  PEAK WIND SPEED (MPH): 23 PEAK WIND DIR (DEG):100 PEAK WIND TIME (LST):0859  FASTEST 2MIN SPEED (MPH): 17FASTEST 2MIN DIR (DEG): 50 FASTEST 2MIN TIME (LST):0949 AVERAGE WIND SPEED (MPH): 6.2 24 HR AVG TEMP (F):63 HOURLY INCREMENTAL PRECIPITATION VALUES (IN):.00  .00  .00  .00  .00  .00  .00  .00  .00  .00  .00  .00   T   .00  .00  .00  .00  .00  .00  .00  .00  .00  .00  .00",
"72297793184","2002-11-29T07:59:00","6","33.68","-117.86639","16.5","SANTA ANA JOHN WAYNE AIRPORT, CA US","SOD  ","KSNA ","V020","999,9,9,9999,9","99999,9,9,9","999999,9,9,9","+9999,9","+9999,9","99999,9","24,0000,2,5",,,,,,,,,,,,,,,,"0000,5","000,5","240,M,+0261,5","240,N,+0106,5",,,,,,,"10132,9,99999,4",,,"1,24,01431,100,1856,5","2,24,01073,110,1857,5","3,24,00156,999,9999,5","SOD60524 HR PRECIPITATION (IN):  T   TOTAL SUNSHINE (MINUTES):   0 PERCENT POSSIBLE SUNSHINE:  0 24 HR MAX TEMP (F): 7924 HR MAX TEMP TIME (LST):1307 24 HR MIN TEMP (F): 5124 HR MIN TEMP TIME (LST):0454 AVERAGE STATION PRESSURE:29.92  PEAK WIND SPEED (MPH): 32 PEAK WIND DIR (DEG):100 PEAK WIND TIME (LST):1856  FASTEST 2MIN SPEED (MPH): 24FASTEST 2MIN DIR (DEG):110 FASTEST 2MIN TIME (LST):1857 AVERAGE WIND SPEED (MPH): 3.5 24 HR AVG TEMP (F):65 HOURLY INCREMENTAL PRECIPITATION VALUES (IN):.00  .00  .00  .00  .00  .00  .00  .00  .00  .00  .00  .00  .00  .00  .00  .00  .00  .00  .00  .00   T    T   .00  .00",
"72297793184","2002-11-30T07:59:00","6","33.68","-117.86639","16.5","SANTA ANA JOHN WAYNE AIRPORT, CA US","SOD  ","KSNA ","V020","999,9,9,9999,9","99999,9,9,9","999999,9,9,9","+9999,9","+9999,9","99999,9","24,0036,9,5",,,,,,,,,,,,,,,,,,"240,M,+0211,5","240,N,+0133,5",,,,,,,"10132,9,99999,4",,,"1,24,00983,110,2000,5","2,24,00805,110,2001,5","3,24,00165,999,9999,5","SOD54524 HR PRECIPITATION (IN): 0.14 24 HR MAX TEMP (F): 7024 HR MAX TEMP TIME (LST):1037 24 HR MIN TEMP (F): 5624 HR MIN TEMP TIME (LST):2359 AVERAGE STATION PRESSURE:29.92  PEAK WIND SPEED (MPH): 22 PEAK WIND DIR (DEG):110 PEAK WIND TIME (LST):2000  FASTEST 2MIN SPEED (MPH): 18FASTEST 2MIN DIR (DEG):110 FASTEST 2MIN TIME (LST):2001 AVERAGE WIND SPEED (MPH): 3.7 24 HR AVG TEMP (F):63 HOURLY INCREMENTAL PRECIPITATION VALUES (IN):.00   T    T    T   .00   T   .00  .00  .00  .00  .00  .00  .00  .00   T   .00  .00   T    T    T   .00  .03  .00  .00",
"72297793184","2002-12-01T07:59:00","6","33.68","-117.86639","16.5","SANTA ANA JOHN WAYNE AIRPORT, CA US","SOD  ","KSNA ","V020","999,9,9,9999,9","99999,9,9,9","999999,9,9,9","+9999,9","+9999,9","99999,9","24,0000,9,6",,,,,,,,,,,,,,,,"0000,5","000,5","240,M,+0183,5","240,N,+0122,5",,,,,,,"10169,9,99999,4",,,"1,24,00671,200,1419,5","2,24,00536,200,1456,5","3,24,00134,999,9999,5","SOD60524 HR PRECIPITATION (IN): 0.00 TOTAL SUNSHINE (MINUTES):   0 PERCENT POSSIBLE SUNSHINE:  0 24 HR MAX TEMP (F): 6524 HR MAX TEMP TIME (LST):1224 24 HR MIN TEMP (F): 5424 HR MIN TEMP TIME (LST):2359 AVERAGE STATION PRESSURE:30.03  PEAK WIND SPEED (MPH): 15 PEAK WIND DIR (DEG):200 PEAK WIND TIME (LST):1419  FASTEST 2MIN SPEED (MPH): 12FASTEST 2MIN DIR (DEG):200 FASTEST 2MIN TIME (LST):1456 AVERAGE WIND SPEED (MPH): 3.0 24 HR AVG TEMP (F):60 HOURLY INCREMENTAL PRECIPITATION VALUES (IN):.00  .00  .00  .00  .00  .00  .00  .00  .00  .00  .00  .00  .00  .00  .00  .00  .00  .00  .00  .00  .00  .00  .00  .00","R01  0.007AAP092"
"72297793184","2002-12-01T07:59:00","6","33.68","-117.86639","16.5","SANTA ANA JOHN WAYNE AIRPORT, CA US","SOM  ","KSNA ","V020","999,9,9,9999,9","99999,9,9,9","999999,9,9,9","+9999,9","+9999,9","99999,9",,"00328,9,6","00236,9,0808,9999,9999,6","06,6,03,6,99,9,00,5","005,0010,9,082239,5","010,0015,9,081322,5","015,0015,9,081322,5","020,0018,9,082254,5","030,0023,9,082319,5","045,0036,9,082319,5","060,0038,9,082328,5","080,0046,9,082319,5","100,0051,9,082328,5","120,0061,9,082308,5","150,0023,9,082328,5","180,0081,9,082359,5",,,,,"720,N,+1189,5","720,M,+2328,5","720,A,+1761,5","720,H,0073,6","720,C,0042,6","00,5,02,6,00,5,00,5",,"10129,4,10173,4","99999,999999,7,10091,999999,7",,,,"SOM797PCP MTOT: 1.29 PCP GT 24HRS: 0.93 DATE(S):080+ DAYS W/PCP >=.01: 6 DAYS W/PCP >=.10: 3 DAYS W/PCP >=1.00:  MSDP AMTS W/DATE-TIME TAGS:MIN:5  .04  08/2239 MIN:10  .06  08/1322 MIN:15  .06  08/1322 MIN:20  .07  08/2254 MIN:30  .09  08/2319 MIN:45  .14  08/2319 MIN:60  .15  08/2328 MIN:80  .18  08/2319 MIN:100  .20  08/2328 MIN:120  .24  08/2308 MIN:150  .09  08/2328 MIN:180  .32  08/2359 SN GT DP ON GRND:0 - DATE(S):0  AVG DLY MIN: 53.4 AVG DLY MAX: 73.9 AVG MLY TMP: 63.7 DAYS MAX <=32:  DAYS MAX >=70: 2 DAYS MAX >=90: 2 DAYS MIN <=32: 0 DAYS MIN  <=0: 0 AVG STP:29.91  AVG SLP:30.04  LWST SLP:29.80 DATE/TIME: 31514 HGST SLP:  .00 DATE/TIME: 00000 HDD MTH TOT:  73 DEP NORM:-957 SEASON(JUL 1-JUN 30):    0 DEP NORM:0   0 CDD MTH TOT:  42 DEP NORM:  42 SEASON(JAN 1-DEC 31):    0 DEP NORM:   0","R01  1.297ABP070R02  0.937ADP081R03     67AE1100R04      7AE2103R05   0 -7AKS007R06    737KDH045R07    427KDC058R08     27KE2035R09   .007MKX021"
"72297793184","2002-12-02T07:59:00","6","33.68","-117.86639","16.5","SANTA ANA JOHN WAYNE AIRPORT, CA US","SOD  ","KSNA ","V020","999,9,9,9999,9","99999,9,9,9","999999,9,9,9","+9999,9","+9999,9","99999,9","24,0003,9,6",,,,,,,,,,,,,,,,"0000,5","000,5","240,M,+0194,5","240,N,+0089,6",,,,,,,"10169,9,99999,4",,,"1,24,00581,270,1503,5","2,24,00447,260,1506,5","3,24,00103,999,9999,5","SOD60524 HR PRECIPITATION (IN): 0.01 TOTAL SUNSHINE (MINUTES):   0 PERCENT POSSIBLE SUNSHINE:  0 24 HR MAX TEMP (F): 6724 HR MAX TEMP TIME (LST):1423 24 HR MIN TEMP (F): 4824 HR MIN TEMP TIME (LST):0701 AVERAGE STATION PRESSURE:30.03  PEAK WIND SPEED (MPH): 13 PEAK WIND DIR (DEG):270 PEAK WIND TIME (LST):1503  FASTEST 2MIN SPEED (MPH): 10FASTEST 2MIN DIR (DEG):260 FASTEST 2MIN TIME (LST):1506 AVERAGE WIND SPEED (MPH): 2.3 24 HR AVG TEMP (F):58 HOURLY INCREMENTAL PRECIPITATION VALUES (IN):.00  .00  .00  .00  .00  .00  .00  .00  .01  .00  .00  .00  .00  .00  .00  .00  .00  .00  .00  .00  .00  .00  .00  .00","R01  0.017AAP092R02    487KAN014"
"72297793184","2002-12-03T07:59:00","6","33.68","-117.86639","16.5","SANTA ANA JOHN WAYNE AIRPORT, CA US","SOD  ","KSNA ","V020","999,9,9,9999,9","99999,9,9,9","999999,9,9,9","+9999,9","+9999,9","99999,9","24,0000,9,5",,,,,,,,,,,,,,,,"0000,5","000,5","240,M,+0206,5","240,N,+0089,5",,,,,,,"10122,9,99999,4",,,"1,24,00760,220,1348,5","2,24,00626,200,1333,5","3,24,00179,999,9999,5","SOD60524 HR PRECIPITATION (IN): 0.00 TOTAL SUNSHINE (MINUTES):   0 PERCENT POSSIBLE SUNSHINE:  0 24 HR MAX TEMP (F): 6924 HR MAX TEMP TIME (LST):1437 24 HR MIN TEMP (F): 4824 HR MIN TEMP TIME (LST):0658 AVERAGE STATION PRESSURE:29.89  PEAK WIND SPEED (MPH): 17 PEAK WIND DIR (DEG):220 PEAK WIND TIME (LST):1348  FASTEST 2MIN SPEED (MPH): 14FASTEST 2MIN DIR (DEG):200 FASTEST 2MIN TIME (LST):1333 AVERAGE WIND SPEED (MPH): 4.0 24 HR AVG TEMP (F):59 HOURLY INCREMENTAL PRECIPITATION VALUES (IN):.00  .00  .00  .00  .00  .00  .00  .00  .00  .00  .00  .00  .00  .00  .00  .00  .00  .00  .00  .00  .00  .00  .00  .00",
"72297793184","2002-12-04T07:59:00","6","33.68","-117.86639","16.5","SANTA ANA JOHN WAYNE AIRPORT, CA US","SOD  ","KSNA ","V020","999,9,9,9999,9","99999,9,9,9","999999,9,9,9","+9999,9","+9999,9","99999,9","24,0000,9,5",,,,,,,,,,,,,,,,"0000,5","000,5","240,M,+0183,5","240,N,+0111,5",,,,,,,"10169,9,99999,4",,,"1,24,00671,200,1320,5","2,24,00581,190,1420,5","3,24,00121,999,9999,5","SOD60524 HR PRECIPITATION (IN): 0.00 TOTAL SUNSHINE (MINUTES):   0 PERCENT POSSIBLE SUNSHINE:  0 24 HR MAX TEMP (F): 6524 HR MAX TEMP TIME (LST):1243 24 HR MIN TEMP (F): 5224 HR MIN TEMP TIME (LST):0154 AVERAGE STATION PRESSURE:30.03  PEAK WIND SPEED (MPH): 15 PEAK WIND DIR (DEG):200 PEAK WIND TIME (LST):1320  FASTEST 2MIN SPEED (MPH): 13FASTEST 2MIN DIR (DEG):190 FASTEST 2MIN TIME (LST):1420 AVERAGE WIND SPEED (MPH): 2.7 24 HR AVG TEMP (F):59 HOURLY INCREMENTAL PRECIPITATION VALUES (IN):.00  .00  .00  .00  .00  .00  .00  .00  .00  .00  .00  .00  .00  .00  .00  .00  .00  .00  .00  .00  .00  .00  .00  .00",
"72297793184","2002-12-05T07:59:00","6","33.68","-117.86639","16.5","SANTA ANA JOHN WAYNE AIRPORT, CA US","SOD  ","KSNA ","V020","999,9,9,9999,9","99999,9,9,9","999999,9,9,9","+9999,9","+9999,9","99999,9","24,0000,9,5",,,,,,,,,,,,,,,,"0000,5","000,5","240,M,+0194,5","240,N,+0089,5",,,,,,,"10179,9,99999,4",,,"1,24,00626,210,1427,5","2,24,00447,220,1429,5","3,24,00107,999,9999,5","SOD60524 HR PRECIPITATION (IN): 0.00 TOTAL SUNSHINE (MINUTES):   0 PERCENT POSSIBLE SUNSHINE:  0 24 HR MAX TEMP (F): 6724 HR MAX TEMP TIME (LST):1338 24 HR MIN TEMP (F): 4824 HR MIN TEMP TIME (LST):0651 AVERAGE STATION PRESSURE:30.06  PEAK WIND SPEED (MPH): 14 PEAK WIND DIR (DEG):210 PEAK WIND TIME (LST):1427  FASTEST 2MIN SPEED (MPH): 10FASTEST 2MIN DIR (DEG):220 FASTEST 2MIN TIME (LST):1429 AVERAGE WIND SPEED (MPH): 2.4 24 HR AVG TEMP (F):58 HOURLY INCREMENTAL PRECIPITATION VALUES (IN):.00  .00  .00  .00  .00  .00  .00  .00  .00  .00  .00  .00  .00  .00  .00  .00  .00  .00  .00  .00  .00  .00  .00  .00",
"72297793184","2002-12-06T07:59:00","6","33.68","-117.86639","16.5","SANTA ANA JOHN WAYNE AIRPORT, CA US","SOD  ","KSNA ","V020","999,9,9,9999,9","99999,9,9,9","999999,9,9,9","+9999,9","+9999,9","99999,9","24,0003,9,6",,,,,,,,,,,,,,,,"0000,5","000,5","240,M,+0211,5","240,N,+0089,5",,,,,,,"10156,9,99999,4",,,"1,24,00536,200,1206,5","2,24,00447,200,1038,5","3,24,00094,999,9999,5","SOD60524 HR PRECIPITATION (IN): 0.01 TOTAL SUNSHINE (MINUTES):   0 PERCENT POSSIBLE SUNSHINE:  0 24 HR MAX TEMP (F): 7024 HR MAX TEMP TIME (LST):1608 24 HR MIN TEMP (F): 4824 HR MIN TEMP TIME (LST):0708 AVERAGE STATION PRESSURE:29.99  PEAK WIND SPEED (MPH): 12 PEAK WIND DIR (DEG):200 PEAK WIND TIME (LST):1206  FASTEST 2MIN SPEED (MPH): 10FASTEST 2MIN DIR (DEG):200 FASTEST 2MIN TIME (LST):1038 AVERAGE WIND SPEED (MPH): 2.1 24 HR AVG TEMP (F):59 HOURLY INCREMENTAL PRECIPITATION VALUES (IN):.00  .00  .00  .01  .00  .00  .00  .00  .00  .00  .00  .00  .00  .00  .00  .00  .00  .00  .00  .00  .00  .00  .00  .00","R01  0.017AAP092"
"72297793184","2002-12-07T07:59:00","6","33.68","-117.86639","16.5","SANTA ANA JOHN WAYNE AIRPORT, CA US","SOD  ","KSNA ","V020","999,9,9,9999,9","99999,9,9,9","999999,9,9,9","+9999,9","+9999,9","99999,9","24,0000,9,5",,,,,,,,,,,,,,,,,,"240,M,+0183,5","240,N,+0089,5",,,,,,,"10146,9,99999,4",,,"1,24,00447,240,1534,5","2,24,00402,230,1549,5","3,24,00134,999,9999,5","SOD54524 HR PRECIPITATION (IN): 0.00 24 HR MAX TEMP (F): 6524 HR MAX TEMP TIME (LST):1347 24 HR MIN TEMP (F): 4824 HR MIN TEMP TIME (LST):0654 AVERAGE STATION PRESSURE:29.96  PEAK WIND SPEED (MPH): 10 PEAK WIND DIR (DEG):240 PEAK WIND TIME (LST):1534  FASTEST 2MIN SPEED (MPH):  9FASTEST 2MIN DIR (DEG):230 FASTEST 2MIN TIME (LST):1549 AVERAGE WIND SPEED (MPH): 3.0 24 HR AVG TEMP (F):57 HOURLY INCREMENTAL PRECIPITATION VALUES (IN):.00  .00  .00  .00  .00  .00  .00  .00  .00  .00  .00  .00  .00  .00  .00  .00  .00  .00  .00  .00  .00  .00  .00  .00",
"72297793184","2002-12-08T07:59:00","6","33.68","-117.86639","16.5","SANTA ANA JOHN WAYNE AIRPORT, CA US","SOD  ","KSNA ","V020","999,9,9,9999,9","99999,9,9,9","999999,9,9,9","+9999,9","+9999,9","99999,9","24,0000,9,5",,,,,,,,,,,,,,,,"0000,5","000,5","240,M,+0189,5","240,N,+0117,5",,,,,,,"10159,9,99999,4",,,"1,24,00626,210,1353,5","2,24,00536,200,1336,5","3,24,00130,999,9999,5","SOD60524 HR PRECIPITATION (IN): 0.00 TOTAL SUNSHINE (MINUTES):   0 PERCENT POSSIBLE SUNSHINE:  0 24 HR MAX TEMP (F): 6624 HR MAX TEMP TIME (LST):1154 24 HR MIN TEMP (F): 5324 HR MIN TEMP TIME (LST):2359 AVERAGE STATION PRESSURE:30.00  PEAK WIND SPEED (MPH): 14 PEAK WIND DIR (DEG):210 PEAK WIND TIME (LST):1353  FASTEST 2MIN SPEED (MPH): 12FASTEST 2MIN DIR (DEG):200 FASTEST 2MIN TIME (LST):1336 AVERAGE WIND SPEED (MPH): 2.9 24 HR AVG TEMP (F):60 HOURLY INCREMENTAL PRECIPITATION VALUES (IN):.00  .00  .00  .00  .00  .00  .00  .00  .00  .00  .00  .00  .00  .00  .00  .00  .00  .00  .00  .00  .00  .00  .00  .00",
"72297793184","2002-12-09T07:59:00","6","33.68","-117.86639","16.5","SANTA ANA JOHN WAYNE AIRPORT, CA US","SOD  ","KSNA ","V020","999,9,9,9999,9","99999,9,9,9","999999,9,9,9","+9999,9","+9999,9","99999,9","24,0003,9,6",,,,,,,,,,,,,,,,"0000,5","000,5","240,M,+0222,5","240,N,+0083,5",,,,,,,"10186,9,99999,4",,,"1,24,00671,280,1610,5","2,24,00447,260,1612,5","3,24,00116,999,9999,5","SOD60524 HR PRECIPITATION (IN): 0.01 TOTAL SUNSHINE (MINUTES):   0 PERCENT POSSIBLE SUNSHINE:  0 24 HR MAX TEMP (F): 7224 HR MAX TEMP TIME (LST):1404 24 HR MIN TEMP (F): 4724 HR MIN TEMP TIME (LST):0701 AVERAGE STATION PRESSURE:30.08  PEAK WIND SPEED (MPH): 15 PEAK WIND DIR (DEG):280 PEAK WIND TIME (LST):1610  FASTEST 2MIN SPEED (MPH): 10FASTEST 2MIN DIR (DEG):260 FASTEST 2MIN TIME (LST):1612 AVERAGE WIND SPEED (MPH): 2.6 24 HR AVG TEMP (F):60 HOURLY INCREMENTAL PRECIPITATION VALUES (IN):.00  .00  .00  .00  .00  .00  .00  .01  .00  .00  .00  .00  .00  .00  .00  .00  .00  .00  .00  .00  .00  .00  .00  .00","R01  0.017AAP092"
"72297793184","2002-12-10T07:59:00","6","33.68","-117.86639","16.5","SANTA ANA JOHN WAYNE AIRPORT, CA US","SOD  ","KSNA ","V020","999,9,9,9999,9","99999,9,9,9","999999,9,9,9","+9999,9","+9999,9","99999,9","24,0000,9,5",,,,,,,,,,,,,,,,"0000,5","000,5","240,M,+0183,5","240,N,+0111,5",,,,,,,"10183,9,99999,4",,,"1,24,00626,240,1241,5","2,24,00581,240,1238,5","3,24,00103,999,9999,5","SOD60524 HR PRECIPITATION (IN): 0.00 TOTAL SUNSHINE (MINUTES):   0 PERCENT POSSIBLE SUNSHINE:  0 24 HR MAX TEMP (F): 6524 HR MAX TEMP TIME (LST):1528 24 HR MIN TEMP (F): 5224 HR MIN TEMP TIME (LST):2359 AVERAGE STATION PRESSURE:30.07  PEAK WIND SPEED (MPH): 14 PEAK WIND DIR (DEG):240 PEAK WIND TIME (LST):1241  FASTEST 2MIN SPEED (MPH): 13FASTEST 2MIN DIR (DEG):240 FASTEST 2MIN TIME (LST):1238 AVERAGE WIND SPEED (MPH): 2.3 24 HR AVG TEMP (F):59 HOURLY INCREMENTAL PRECIPITATION VALUES (IN):.00  .00  .00  .00  .00  .00  .00  .00  .00  .00  .00  .00  .00  .00  .00  .00  .00  .00  .00  .00  .00  .00  .00  .00",
"72297793184","2002-12-11T07:59:00","6","33.68","-117.86639","16.5","SANTA ANA JOHN WAYNE AIRPORT, CA US","SOD  ","KSNA ","V020","999,9,9,9999,9","99999,9,9,9","999999,9,9,9","+9999,9","+9999,9","99999,9","24,0000,9,5",,,,,,,,,,,,,,,,"0000,5","000,5","240,M,+0172,5","240,N,+0094,5",,,,,,,"10166,9,99999,4",,,"1,24,00715,210,1404,5","2,24,00536,190,1231,5","3,24,00143,999,9999,5","SOD60524 HR PRECIPITATION (IN): 0.00 TOTAL SUNSHINE (MINUTES):   0 PERCENT POSSIBLE SUNSHINE:  0 24 HR MAX TEMP (F): 6324 HR MAX TEMP TIME (LST):1416 24 HR MIN TEMP (F): 4924 HR MIN TEMP TIME (LST):0507 AVERAGE STATION PRESSURE:30.02  PEAK WIND SPEED (MPH): 16 PEAK WIND DIR (DEG):210 PEAK WIND TIME (LST):1404  FASTEST 2MIN SPEED (MPH): 12FASTEST 2MIN DIR (DEG):190 FASTEST 2MIN TIME (LST):1231 AVERAGE WIND SPEED (MPH): 3.2 24 HR AVG TEMP (F):56 HOURLY INCREMENTAL PRECIPITATION VALUES (IN):.00  .00  .00  .00  .00  .00  .00  .00  .00  .00  .00  .00  .00  .00  .00  .00  .00  .00  .00  .00  .00  .00  .00  .00",
"72297793184","2002-12-12T07:59:00","6","33.68","-117.86639","16.5","SANTA ANA JOHN WAYNE AIRPORT, CA US","SOD  ","KSNA ","V020","999,9,9,9999,9","99999,9,9,9","999999,9,9,9","+9999,9","+9999,9","99999,9","24,0003,9,6",,,,,,,,,,,,,,,,"0000,5","000,5","240,M,+0194,5","240,N,+0094,5",,,,,,,"10152,9,99999,4",,,"1,24,00581,220,1407,5","2,24,00447,210,1407,5","3,24,00130,999,9999,5","SOD60524 HR PRECIPITATION (IN): 0.01 TOTAL SUNSHINE (MINUTES):   0 PERCENT POSSIBLE SUNSHINE:  0 24 HR MAX TEMP (F): 6724 HR MAX TEMP TIME (LST):1402 24 HR MIN TEMP (F): 4924 HR MIN TEMP TIME (LST):0517 AVERAGE STATION PRESSURE:29.98  PEAK WIND SPEED (MPH): 13 PEAK WIND DIR (DEG):220 PEAK WIND TIME (LST):1407  FASTEST 2MIN SPEED (MPH): 10FASTEST 2MIN DIR (DEG):210 FASTEST 2MIN TIME (LST):1407 AVERAGE WIND SPEED (MPH): 2.9 24 HR AVG TEMP (F):58 HOURLY INCREMENTAL PRECIPITATION VALUES (IN):.00  .00  .00  .00  .00  .00  .00  .01  .00  .00  .00  .00  .00  .00  .00  .00  .00  .00  .00  .00  .00  .00  .00  .00","R01  0.017AAP092"
"72297793184","2002-12-13T07:59:00","6","33.68","-117.86639","16.5","SANTA ANA JOHN WAYNE AIRPORT, CA US","SOD  ","KSNA ","V020","999,9,9,9999,9","99999,9,9,9","999999,9,9,9","+9999,9","+9999,9","99999,9","24,0000,9,5",,,,,,,,,,,,,,,,"0000,5","000,5","240,M,+0206,5","240,N,+0078,5",,,,,,,"10179,9,99999,4",,,"1,24,00536,220,1321,5","2,24,00402,200,1336,5","3,24,00107,999,9999,5","SOD60524 HR PRECIPITATION (IN): 0.00 TOTAL SUNSHINE (MINUTES):   0 PERCENT POSSIBLE SUNSHINE:  0 24 HR MAX TEMP (F): 6924 HR MAX TEMP TIME (LST):1221 24 HR MIN TEMP (F): 4624 HR MIN TEMP TIME (LST):0649 AVERAGE STATION PRESSURE:30.06  PEAK WIND SPEED (MPH): 12 PEAK WIND DIR (DEG):220 PEAK WIND TIME (LST):1321  FASTEST 2MIN SPEED (MPH):  9FASTEST 2MIN DIR (DEG):200 FASTEST 2MIN TIME (LST):1336 AVERAGE WIND SPEED (MPH): 2.4 24 HR AVG TEMP (F):58 HOURLY INCREMENTAL PRECIPITATION VALUES (IN):.00  .00  .00  .00  .00  .00  .00  .00  .00  .00  .00  .00  .00  .00  .00  .00  .00  .00  .00  .00  .00  .00  .00  .00",
"72297793184","2002-12-14T07:59:00","6","33.68","-117.86639","16.5","SANTA ANA JOHN WAYNE AIRPORT, CA US","SOD  ","KSNA ","V020","999,9,9,9999,9","99999,9,9,9","999999,9,9,9","+9999,9","+9999,9","99999,9","24,0000,9,5",,,,,,,,,,,,,,,,"0000,5","000,5","240,M,+0194,5","240,N,+0094,5",,,,,,,"10186,9,99999,4",,,"1,24,00447,250,1521,5","2,24,00358,250,1522,5","3,24,00125,999,9999,5","SOD60524 HR PRECIPITATION (IN): 0.00 TOTAL SUNSHINE (MINUTES):   0 PERCENT POSSIBLE SUNSHINE:  0 24 HR MAX TEMP (F): 6724 HR MAX TEMP TIME (LST):1431 24 HR MIN TEMP (F): 4924 HR MIN TEMP TIME (LST):0543 AVERAGE STATION PRESSURE:30.08  PEAK WIND SPEED (MPH): 10 PEAK WIND DIR (DEG):250 PEAK WIND TIME (LST):1521  FASTEST 2MIN SPEED (MPH):  8FASTEST 2MIN DIR (DEG):250 FASTEST 2MIN TIME (LST):1522 AVERAGE WIND SPEED (MPH): 2.8 24 HR AVG TEMP (F):58 HOURLY INCREMENTAL PRECIPITATION VALUES (IN):.00  .00  .00  .00  .00  .00  .00  .00  .00  .00  .00  .00  .00  .00  .00  .00  .00  .00  .00  .00  .00  .00  .00  .00",
"72297793184","2002-12-15T07:59:00","6","33.68","-117.86639","16.5","SANTA ANA JOHN WAYNE AIRPORT, CA US","SOD  ","KSNA ","V020","999,9,9,9999,9","99999,9,9,9","999999,9,9,9","+9999,9","+9999,9","99999,9","24,0000,9,5",,,,,,,,,,,,,,,,"0000,5","000,5","240,M,+0178,5","240,N,+0100,5",,,,,,,"10173,9,99999,4",,,"1,24,00536,270,1353,5","2,24,00402,120,2347,5","3,24,00116,999,9999,5","SOD60524 HR PRECIPITATION (IN): 0.00 TOTAL SUNSHINE (MINUTES):   0 PERCENT POSSIBLE SUNSHINE:  0 24 HR MAX TEMP (F): 6424 HR MAX TEMP TIME (LST):1414 24 HR MIN TEMP (F): 5024 HR MIN TEMP TIME (LST):0744 AVERAGE STATION PRESSURE:30.04  PEAK WIND SPEED (MPH): 12 PEAK WIND DIR (DEG):270 PEAK WIND TIME (LST):1353  FASTEST 2MIN SPEED (MPH):  9FASTEST 2MIN DIR (DEG):120 FASTEST 2MIN TIME (LST):2347 AVERAGE WIND SPEED (MPH): 2.6 24 HR AVG TEMP (F):57 HOURLY INCREMENTAL PRECIPITATION VALUES (IN):.00  .00  .00  .00  .00  .00  .00  .00  .00  .00  .00  .00  .00  .00  .00  .00  .00  .00  .00  .00  .00  .00  .00  .00",
"72297793184","2002-12-16T07:59:00","6","33.68","-117.86639","16.5","SANTA ANA JOHN WAYNE AIRPORT, CA US","SOD  ","KSNA ","V020","999,9,9,9999,9","99999,9,9,9","999999,9,9,9","+9999,9","+9999,9","99999,9","24,0000,2,5",,,,,,,,,,,,,,,,"0000,5","000,5","240,M,+0178,5","240,N,+0128,5",,,,,,,"10173,9,99999,4",,,"1,24,00626,210,1403,5","2,24,00581,210,1404,5","3,24,00183,999,9999,5","SOD58324 HR PRECIPITATION (IN):  T   TOTAL SUNSHINE (MINUTES):   0 PERCENT POSSIBLE SUNSHINE:  0 24 HR MAX TEMP (F): 6424 HR MAX TEMP TIME (LST):1443 24 HR MIN TEMP (F): 5524 HR MIN TEMP TIME (LST):2359 AVERAGE STATION PRESSURE:30.04  PEAK WIND SPEED (MPH): 14 PEAK WIND DIR (DEG):210 PEAK WIND TIME (LST):1403  FASTEST 2MIN SPEED (MPH): 13FASTEST 2MIN DIR (DEG):210 FASTEST 2MIN TIME (LST):1404 AVERAGE WIND SPEED (MPH): 4.1 HOURLY INCREMENTAL PRECIPITATION VALUES (IN):.00   T    T   .00  .00  .00  .00  .00  .00  .00  .00  .00  .00  .00  .00  .00  .00  .00  .00  .00  .00  .00  .00  .00",
"72297793184","2002-12-17T07:59:00","6","33.68","-117.86639","16.5","SANTA ANA JOHN WAYNE AIRPORT, CA US","SOD  ","KSNA ","V020","999,9,9,9999,9","99999,9,9,9","999999,9,9,9","+9999,9","+9999,9","99999,9","24,0249,9,5",,,,,,,,,,,,,,,,"0000,5","000,5","240,M,+0183,5","240,N,+0117,5",,,,,,,"10119,9,99999,4",,,"1,24,01386,170,1530,5","2,24,01073,170,1549,5","3,24,00371,999,9999,5","SOD60524 HR PRECIPITATION (IN): 0.98 TOTAL SUNSHINE (MINUTES):   0 PERCENT POSSIBLE SUNSHINE:  0 24 HR MAX TEMP (F): 6524 HR MAX TEMP TIME (LST):1046 24 HR MIN TEMP (F): 5324 HR MIN TEMP TIME (LST):0617 AVERAGE STATION PRESSURE:29.88  PEAK WIND SPEED (MPH): 31 PEAK WIND DIR (DEG):170 PEAK WIND TIME (LST):1530  FASTEST 2MIN SPEED (MPH): 24FASTEST 2MIN DIR (DEG):170 FASTEST 2MIN TIME (LST):1549 AVERAGE WIND SPEED (MPH): 8.3 24 HR AVG TEMP (F):59 HOURLY INCREMENTAL PRECIPITATION VALUES (IN):.00  .00  .00  .00  .00  .00  .00  .00  .00  .00  .00  .00   T    T   .18  .44  .27  .08  .01   T   .00  .00  .00  .00",
"72297793184","2002-12-18T07:59:00","6","33.68","-117.86639","16.5","SANTA ANA JOHN WAYNE AIRPORT, CA US","SOD  ","KSNA ","V020","999,9,9,9999,9","99999,9,9,9","999999,9,9,9","+9999,9","+9999,9","99999,9","24,0013,9,5",,,,,,,,,,,,,,,,"0000,5","000,5","240,M,+0161,5","240,N,+0094,5",,,,,,,"10095,9,99999,4",,,"1,24,01162,290,1256,5","2,24,00894,290,1257,5","3,24,00300,999,9999,5","SOD60524 HR PRECIPITATION (IN): 0.05 TOTAL SUNSHINE (MINUTES):   0 PERCENT POSSIBLE SUNSHINE:  0 24 HR MAX TEMP (F): 6124 HR MAX TEMP TIME (LST):1256 24 HR MIN TEMP (F): 4924 HR MIN TEMP TIME (LST):2313 AVERAGE STATION PRESSURE:29.81  PEAK WIND SPEED (MPH): 26 PEAK WIND DIR (DEG):290 PEAK WIND TIME (LST):1256  FASTEST 2MIN SPEED (MPH): 20FASTEST 2MIN DIR (DEG):290 FASTEST 2MIN TIME (LST):1257 AVERAGE WIND SPEED (MPH): 6.7 24 HR AVG TEMP (F):55 HOURLY INCREMENTAL PRECIPITATION VALUES (IN):.00  .00  .00  .00  .00  .00  .00  .00  .00  .00  .00   T   .00  .04  .01   T   .00  .00  .00  .00  .00  .00  .00  .00",
"72297793184","2002-12-19T07:59:00","6","33.68","-117.86639","16.5","SANTA ANA JOHN WAYNE AIRPORT, CA US","SOD  ","KSNA ","V020","999,9,9,9999,9","99999,9,9,9","999999,9,9,9","+9999,9","+9999,9","99999,9","24,0000,9,6",,,,,,,,,,,,,,,,"0000,5","000,5","240,M,+0167,5","240,N,+0056,5",,,,,,,"10163,9,99999,4",,,"1,24,00715,230,1416,5","2,24,00581,230,1417,5","3,24,00165,999,9999,5","SOD60524 HR PRECIPITATION (IN): 0.00 TOTAL SUNSHINE (MINUTES):   0 PERCENT POSSIBLE SUNSHINE:  0 24 HR MAX TEMP (F): 6224 HR MAX TEMP TIME (LST):1411 24 HR MIN TEMP (F): 4224 HR MIN TEMP TIME (LST):0650 AVERAGE STATION PRESSURE:30.01  PEAK WIND SPEED (MPH): 16 PEAK WIND DIR (DEG):230 PEAK WIND TIME (LST):1416  FASTEST 2MIN SPEED (MPH): 13FASTEST 2MIN DIR (DEG):230 FASTEST 2MIN TIME (LST):1417 AVERAGE WIND SPEED (MPH): 3.7 24 HR AVG TEMP (F):52 HOURLY INCREMENTAL PRECIPITATION VALUES (IN):.00  .00  .00  .00  .00  .00  .00  .00  .00  .00  .00  .00  .00  .00  .00  .00  .00  .00  .00  .00  .00  .00  .00  .00","R01  0.007AAP092"
"72297793184","2002-12-20T07:59:00","6","33.68","-117.86639","16.5","SANTA ANA JOHN WAYNE AIRPORT, CA US","SOD  ","KSNA ","V020","999,9,9,9999,9","99999,9,9,9","999999,9,9,9","+9999,9","+9999,9","99999,9","24,0000,2,5",,,,,,,,,,,,,,,,"0000,5","000,5","240,M,+0156,5","240,N,+0061,5",,,,,,,"10200,9,99999,4",,,"1,24,00715,140,2338,5","2,24,00626,140,2338,5","3,24,00291,999,9999,5","SOD60424 HR PRECIPITATION (IN):  T   TOTAL SUNSHINE (MINUTES):   0 PERCENT POSSIBLE SUNSHINE:  0 24 HR MAX TEMP (F): 6024 HR MAX TEMP TIME (LST):1229 24 HR MIN TEMP (F): 4324 HR MIN TEMP TIME (LST):0632 AVERAGE STATION PRESSURE:30.12  PEAK WIND SPEED (MPH): 16 PEAK WIND DIR (DEG):140 PEAK WIND TIME (LST):2338  FASTEST 2MIN SPEED (MPH): 14FASTEST 2MIN DIR (DEG):140 FASTEST 2MIN TIME (LST):2338 AVERAGE WIND SPEED (MPH): 6.5 24 HR AVG TEMP (F):52 HOURLY INCREMENTAL PRECIPITATION VALUES (IN):.00  .00  .00  .00  .00  .00  .00  .00  .00  .00  .00  .00  .00  .00  .00  .00  .00  .00  .00  .00  .00  .00  .00   T",
"72297793184","2002-12-21T07:59:00","6","33.68","-117.86639","16.5","SANTA ANA JOHN WAYNE AIRPORT, CA US","SOD  ","KSNA ","V020","999,9,9,9999,9","99999,9,9,9","999999,9,9,9","+9999,9","+9999,9","99999,9","24,0254,9,5",,,,,,,,,,,,,,,,"0000,5","000,5","240,M,+0156,5","240,N,+0106,5",,,,,,,"10146,9,99999,4",,,"1,24,01341,190,0348,5","2,24,01118,190,0349,5","3,24,00313,999,9999,5","SOD60524 HR PRECIPITATION (IN): 1.00 TOTAL SUNSHINE (MINUTES):   0 PERCENT POSSIBLE SUNSHINE:  0 24 HR MAX TEMP (F): 6024 HR MAX TEMP TIME (LST):1408 24 HR MIN TEMP (F): 5124 HR MIN TEMP TIME (LST):2359 AVERAGE STATION PRESSURE:29.96  PEAK WIND SPEED (MPH): 30 PEAK WIND DIR (DEG):190 PEAK WIND TIME (LST):0348  FASTEST 2MIN SPEED (MPH): 25FASTEST 2MIN DIR (DEG):190 FASTEST 2MIN TIME (LST):0349 AVERAGE WIND SPEED (MPH): 7.0 24 HR AVG TEMP (F):56 HOURLY INCREMENTAL PRECIPITATION VALUES (IN):.03  .05  .05  .43  .22  .11  .08  .03  .00  .00  .00  .00  .00  .00  .00  .00  .00  .00  .00  .00  .00  .00  .00  .00",
"72297793184","2002-12-22T07:59:00","6","33.68","-117.86639","16.5","SANTA ANA JOHN WAYNE AIRPORT, CA US","SOD  ","KSNA ","V020","999,9,9,9999,9","99999,9,9,9","999999,9,9,9","+9999,9","+9999,9","99999,9","24,0010,9,5",,,,,,,,,,,,,,,,"0000,5","000,5","240,M,+0156,5","240,N,+0100,5",,,,,,,"10139,9,99999,4",,,"1,24,00671,200,1342,5","2,24,00581,180,1414,5","3,24,00188,999,9999,5","SOD60524 HR PRECIPITATION (IN): 0.04 TOTAL SUNSHINE (MINUTES):   0 PERCENT POSSIBLE SUNSHINE:  0 24 HR MAX TEMP (F): 6024 HR MAX TEMP TIME (LST):1318 24 HR MIN TEMP (F): 5024 HR MIN TEMP TIME (LST):0337 AVERAGE STATION PRESSURE:29.94  PEAK WIND SPEED (MPH): 15 PEAK WIND DIR (DEG):200 PEAK WIND TIME (LST):1342  FASTEST 2MIN SPEED (MPH): 13FASTEST 2MIN DIR (DEG):180 FASTEST 2MIN TIME (LST):1414 AVERAGE WIND SPEED (MPH): 4.2 24 HR AVG TEMP (F):55 HOURLY INCREMENTAL PRECIPITATION VALUES (IN):.00  .00  .00  .00   T   .01   T   .00  .00  .00  .00  .00  .00  .00  .00  .00  .00  .00  .00  .00  .00   T   .02  .01",
"72297793184","2002-12-23T07:59:00","6","33.68","-117.86639","16.5","SANTA ANA JOHN WAYNE AIRPORT, CA US","SOD  ","KSNA ","V020","999,9,9,9999,9","99999,9,9,9","999999,9,9,9","+9999,9","+9999,9","99999,9","24,0005,9,5",,,,,,,,,,,,,,,,"0000,5","000,5","240,M,+0172,5","240,N,+0089,5",,,,,,,"10091,9,99999,4",,,"1,24,01162,080,0934,5","2,24,00894,070,0924,5","3,24,00210,999,9999,5","SOD60524 HR PRECIPITATION (IN): 0.02 TOTAL SUNSHINE (MINUTES):   0 PERCENT POSSIBLE SUNSHINE:  0 24 HR MAX TEMP (F): 6324 HR MAX TEMP TIME (LST):1334 24 HR MIN TEMP (F): 4824 HR MIN TEMP TIME (LST):2359 AVERAGE STATION PRESSURE:29.80  PEAK WIND SPEED (MPH): 26 PEAK WIND DIR (DEG): 80 PEAK WIND TIME (LST):0934  FASTEST 2MIN SPEED (MPH): 20FASTEST 2MIN DIR (DEG): 70 FASTEST 2MIN TIME (LST):0924 AVERAGE WIND SPEED (MPH): 4.7 24 HR AVG TEMP (F):56 HOURLY INCREMENTAL PRECIPITATION VALUES (IN):.01  .01   T   .00  .00  .00  .00  .00  .00  .00  .00  .00  .00  .00  .00  .00  .00  .00  .00  .00  .00  .00  .00  .00",
"72297793184","2002-12-24T07:59:00","6","33.68","-117.86639","16.5","SANTA ANA JOHN WAYNE AIRPORT, CA US","SOD  ","KSNA ","V020","999,9,9,9999,9","99999,9,9,9","999999,9,9,9","+9999,9","+9999,9","99999,9","24,0000,9,6",,,,,,,,,,,,,,,,"0000,5","000,5","240,M,+0167,5","240,N,+0056,5",,,,,,,"10115,9,99999,4",,,"1,24,00715,210,1447,5","2,24,00626,210,1448,5","3,24,00165,999,9999,5","SOD60524 HR PRECIPITATION (IN): 0.00 TOTAL SUNSHINE (MINUTES):   0 PERCENT POSSIBLE SUNSHINE:  0 24 HR MAX TEMP (F): 6224 HR MAX TEMP TIME (LST):1434 24 HR MIN TEMP (F): 4224 HR MIN TEMP TIME (LST):0655 AVERAGE STATION PRESSURE:29.87  PEAK WIND SPEED (MPH): 16 PEAK WIND DIR (DEG):210 PEAK WIND TIME (LST):1447  FASTEST 2MIN SPEED (MPH): 14FASTEST 2MIN DIR (DEG):210 FASTEST 2MIN TIME (LST):1448 AVERAGE WIND SPEED (MPH): 3.7 24 HR AVG TEMP (F):52 HOURLY INCREMENTAL PRECIPITATION VALUES (IN):.00  .00  .00  .00  .00  .00  .00  .00  .00  .00  .00  .00  .00  .00  .00  .00  .00  .00  .00  .00  .00  .00  .00  .00","R01  0.007AAP092"
"72297793184","2002-12-25T07:59:00","6","33.68","-117.86639","16.5","SANTA ANA JOHN WAYNE AIRPORT, CA US","SOD  ","KSNA ","V020","999,9,9,9999,9","99999,9,9,9","999999,9,9,9","+9999,9","+9999,9","99999,9","24,0000,9,6",,,,,,,,,,,,,,,,"0000,5","000,5","240,M,+0156,5","240,N,+0061,5",,,,,,,"10186,9,99999,4",,,"1,24,00626,100,0715,5","2,24,00447,210,1130,5","3,24,00170,999,9999,5","SOD60524 HR PRECIPITATION (IN): 0.00 TOTAL SUNSHINE (MINUTES):   0 PERCENT POSSIBLE SUNSHINE:  0 24 HR MAX TEMP (F): 6024 HR MAX TEMP TIME (LST):1143 24 HR MIN TEMP (F): 4324 HR MIN TEMP TIME (LST):0433 AVERAGE STATION PRESSURE:30.08  PEAK WIND SPEED (MPH): 14 PEAK WIND DIR (DEG):100 PEAK WIND TIME (LST):0715  FASTEST 2MIN SPEED (MPH): 10FASTEST 2MIN DIR (DEG):210 FASTEST 2MIN TIME (LST):1130 AVERAGE WIND SPEED (MPH): 3.8 24 HR AVG TEMP (F):52 HOURLY INCREMENTAL PRECIPITATION VALUES (IN):.00  .00  .00  .00  .00  .00  .00  .00  .00  .00  .00  .00  .00  .00  .00  .00  .00  .00  .00  .00  .00  .00  .00  .00","R01  0.007AAP092"
"72297793184","2002-12-26T07:59:00","6","33.68","-117.86639","16.5","SANTA ANA JOHN WAYNE AIRPORT, CA US","SOD  ","KSNA ","V020","999,9,9,9999,9","99999,9,9,9","999999,9,9,9","+9999,9","+9999,9","99999,9","24,0000,9,6",,,,,,,,,,,,,,,,"0000,5","000,5","240,M,+0161,5","240,N,+0050,5",,,,,,,"10190,9,99999,4",,,"1,24,00581,240,1443,5","2,24,00447,270,1456,5","3,24,00098,999,9999,5","SOD58324 HR PRECIPITATION (IN): 0.00 TOTAL SUNSHINE (MINUTES):   0 PERCENT POSSIBLE SUNSHINE:  0 24 HR MAX TEMP (F): 6124 HR MAX TEMP TIME (LST):1419 24 HR MIN TEMP (F): 4124 HR MIN TEMP TIME (LST):0719 AVERAGE STATION PRESSURE:30.09  PEAK WIND SPEED (MPH): 13 PEAK WIND DIR (DEG):240 PEAK WIND TIME (LST):1443  FASTEST 2MIN SPEED (MPH): 10FASTEST 2MIN DIR (DEG):270 FASTEST 2MIN TIME (LST):1456 AVERAGE WIND SPEED (MPH): 2.2 HOURLY INCREMENTAL PRECIPITATION VALUES (IN):.00  .00  .00  .00  .00  .00  .00  .00  .00  .00  .00  .00  .00  .00  .00  .00  .00  .00  .00  .00  .00  .00  .00  .00","R01  0.007AAP092"
"72297793184","2002-12-27T07:59:00","6","33.68","-117.86639","16.5","SANTA ANA JOHN WAYNE AIRPORT, CA US","SOD  ","KSNA ","V020","999,9,9,9999,9","99999,9,9,9","999999,9,9,9","+9999,9","+9999,9","99999,9","24,0000,9,6",,,,,,,,,,,,,,,,"0000,5","000,5","240,M,+0172,5","240,N,+0067,5",,,,,,,"10220,9,99999,4",,,"1,24,00581,230,1526,5","2,24,00447,250,1527,5","3,24,00103,999,9999,5","SOD60524 HR PRECIPITATION (IN): 0.00 TOTAL SUNSHINE (MINUTES):   0 PERCENT POSSIBLE SUNSHINE:  0 24 HR MAX TEMP (F): 6324 HR MAX TEMP TIME (LST):1406 24 HR MIN TEMP (F): 4424 HR MIN TEMP TIME (LST):0645 AVERAGE STATION PRESSURE:30.18  PEAK WIND SPEED (MPH): 13 PEAK WIND DIR (DEG):230 PEAK WIND TIME (LST):1526  FASTEST 2MIN SPEED (MPH): 10FASTEST 2MIN DIR (DEG):250 FASTEST 2MIN TIME (LST):1527 AVERAGE WIND SPEED (MPH): 2.3 24 HR AVG TEMP (F):54 HOURLY INCREMENTAL PRECIPITATION VALUES (IN):.00  .00  .00  .00  .00  .00  .00  .00  .00  .00  .00  .00  .00  .00  .00  .00  .00  .00  .00  .00  .00  .00  .00  .00","R01  0.007AAP092"
"72297793184","2002-12-28T07:59:00","6","33.68","-117.86639","16.5","SANTA ANA JOHN WAYNE AIRPORT, CA US","SOD  ","KSNA ","V020","999,9,9,9999,9","99999,9,9,9","999999,9,9,9","+9999,9","+9999,9","99999,9","24,0000,9,6",,,,,,,,,,,,,,,,"0000,5","000,5","240,M,+0206,5","240,N,+0067,5",,,,,,,"10207,9,99999,4",,,"1,24,00581,240,1511,5","2,24,00358,250,1558,5","3,24,00076,999,9999,5","SOD60524 HR PRECIPITATION (IN): 0.00 TOTAL SUNSHINE (MINUTES):   0 PERCENT POSSIBLE SUNSHINE:  0 24 HR MAX TEMP (F): 6924 HR MAX TEMP TIME (LST):1423 24 HR MIN TEMP (F): 4424 HR MIN TEMP TIME (LST):0657 AVERAGE STATION PRESSURE:30.14  PEAK WIND SPEED (MPH): 13 PEAK WIND DIR (DEG):240 PEAK WIND TIME (LST):1511  FASTEST 2MIN SPEED (MPH):  8FASTEST 2MIN DIR (DEG):250 FASTEST 2MIN TIME (LST):1558 AVERAGE WIND SPEED (MPH): 1.7 24 HR AVG TEMP (F):57 HOURLY INCREMENTAL PRECIPITATION VALUES (IN):.00  .00  .00  .00  .00  .00  .00  .00  .00  .00  .00  .00  .00  .00  .00  .00  .00  .00  .00  .00  .00  .00  .00  .00","R01  0.007AAP092"
"72297793184","2002-12-29T07:59:00","6","33.68","-117.86639","16.5","SANTA ANA JOHN WAYNE AIRPORT, CA US","SOD  ","KSNA ","V020","999,9,9,9999,9","99999,9,9,9","999999,9,9,9","+9999,9","+9999,9","99999,9","24,0008,9,5",,,,,,,,,,,,,,,,"0000,5","000,5","240,M,+0194,5","240,N,+0072,5",,,,,,,"10142,9,99999,4",,,"1,24,01118,290,2226,5","2,24,00760,280,2224,5","3,24,00156,999,9999,5","SOD60424 HR PRECIPITATION (IN): 0.03 TOTAL SUNSHINE (MINUTES):   0 PERCENT POSSIBLE SUNSHINE:  0 24 HR MAX TEMP (F): 6724 HR MAX TEMP TIME (LST):1226 24 HR MIN TEMP (F): 4524 HR MIN TEMP TIME (LST):0647 AVERAGE STATION PRESSURE:29.95  PEAK WIND SPEED (MPH): 25 PEAK WIND DIR (DEG):290 PEAK WIND TIME (LST):2226  FASTEST 2MIN SPEED (MPH): 17FASTEST 2MIN DIR (DEG):280 FASTEST 2MIN TIME (LST):2224 AVERAGE WIND SPEED (MPH): 3.5 24 HR AVG TEMP (F):56 HOURLY INCREMENTAL PRECIPITATION VALUES (IN):.00  .00  .00  .00  .00  .00  .00  .00  .00  .00  .00  .00  .00  .00  .00  .00  .00  .00  .00  .00  .00  .00  .03   T",
"72297793184","2002-12-30T07:59:00","6","33.68","-117.86639","16.5","SANTA ANA JOHN WAYNE AIRPORT, CA US","SOD  ","KSNA ","V020","999,9,9,9999,9","99999,9,9,9","999999,9,9,9","+9999,9","+9999,9","99999,9","24,0010,9,5",,,,,,,,,,,,,,,,"0000,5","000,5","240,M,+0156,5","240,N,+0094,5",,,,,,,"10146,9,99999,4",,,"1,24,00894,260,1508,5","2,24,00671,260,1510,5","3,24,00206,999,9999,5","SOD60524 HR PRECIPITATION (IN): 0.04 TOTAL SUNSHINE (MINUTES):   0 PERCENT POSSIBLE SUNSHINE:  0 24 HR MAX TEMP (F): 6024 HR MAX TEMP TIME (LST):1458 24 HR MIN TEMP (F): 4924 HR MIN TEMP TIME (LST):2336 AVERAGE STATION PRESSURE:29.96  PEAK WIND SPEED (MPH): 20 PEAK WIND DIR (DEG):260 PEAK WIND TIME (LST):1508  FASTEST 2MIN SPEED (MPH): 15FASTEST 2MIN DIR (DEG):260 FASTEST 2MIN TIME (LST):1510 AVERAGE WIND SPEED (MPH): 4.6 24 HR AVG TEMP (F):55 HOURLY INCREMENTAL PRECIPITATION VALUES (IN):.01  .01  .02   T   .00  .00  .00  .00  .00  .00  .00  .00  .00  .00  .00  .00  .00  .00  .00  .00  .00  .00  .00  .00",
"72297793184","2002-12-31T07:59:00","6","33.68","-117.86639","16.5","SANTA ANA JOHN WAYNE AIRPORT, CA US","SOD  ","KSNA ","V020","999,9,9,9999,9","99999,9,9,9","999999,9,9,9","+9999,9","+9999,9","99999,9","24,0000,9,6",,,,,,,,,,,,,,,,"0000,5","000,5","240,M,+0167,5","240,N,+0067,5",,,,,,,"10207,9,99999,4",,,"1,24,00581,110,2355,5","2,24,00447,110,2356,5","3,24,00179,999,9999,5","SOD60524 HR PRECIPITATION (IN): 0.00 TOTAL SUNSHINE (MINUTES):   0 PERCENT POSSIBLE SUNSHINE:  0 24 HR MAX TEMP (F): 6224 HR MAX TEMP TIME (LST):1443 24 HR MIN TEMP (F): 4424 HR MIN TEMP TIME (LST):0616 AVERAGE STATION PRESSURE:30.14  PEAK WIND SPEED (MPH): 13 PEAK WIND DIR (DEG):110 PEAK WIND TIME (LST):2355  FASTEST 2MIN SPEED (MPH): 10FASTEST 2MIN DIR (DEG):110 FASTEST 2MIN TIME (LST):2356 AVERAGE WIND SPEED (MPH): 4.0 24 HR AVG TEMP (F):53 HOURLY INCREMENTAL PRECIPITATION VALUES (IN):.00  .00  .00  .00  .00  .00  .00  .00  .00  .00  .00  .00  .00  .00  .00  .00  .00  .00  .00  .00  .00  .00  .00  .00","R01  0.007AAP092"
