{
  "type": "FeatureCollection",
  "features": [
    {
      "type": "Feature",
      "geometry": {
        "type": "Polygon",
        "coordinates": [
          [
            [
              -117.65901700020555,
              33.55604999987748
            ],
            [
              -117.65900799998471,
              33.55262800015006
            ],
            [
              -117.65901200018268,
              33.55096799998285
            ],
            [
              -117.65900899980963,
              33.54848100012809
            ],
            [
              -117.65899799993898,
              33.539651000366405
            ],
            [
              -117.65899299991611,
              33.53468500034876
            ],
            [
              -117.65899200009119,
              33.533833000290066
            ],
            [
              -117.65741799989812,
              33.53286500007811
            ],
            [
              -117.65722100025464,
              33.532744000131956
            ],
            [
              -117.65705399985005,
              33.53264099990822
            ],
            [
              -117.65678600006144,
              33.53247699992398
            ],
            [
              -117.65671099971838,
              33.53243099968987
            ],
            [
              -117.65620299973027,
              33.53211900002822
            ],
            [
              -117.65576300041253,
              33.531850000047314
            ],
            [
              -117.65532200037157,
              33.531578000209414
            ],
            [
              -117.65422699985432,
              33.53090500025554
            ],
            [
              -117.65417900017373,
              33.53087700019289
            ],
            [
              -117.65349999958308,
              33.53045800009815
            ],
            [
              -117.65347500036702,
              33.5304430003091
            ],
            [
              -117.65331800000821,
              33.530346999650625
            ],
            [
              -117.65323500016753,
              33.53044199987381
            ],
            [
              -117.65300400018883,
              33.53064800019615
            ],
            [
              -117.65261099982845,
              33.53087299996926
            ],
            [
              -117.65232899979614,
              33.53079799986035
            ],
            [
              -117.6521420001984,
              33.530748999684164
            ],
            [
              -117.65204199974097,
              33.53062700008758
            ],
            [
              -117.65180900011248,
              33.530341999714814
            ],
            [
              -117.65163400021028,
              33.5301890001913
            ],
            [
              -117.65150600016376,
              33.53007699970777
            ],
            [
              -117.65121599973554,
              33.52982799997833
            ],
            [
              -117.6511930001693,
              33.5298080001133
            ],
            [
              -117.65088799967249,
              33.52961699997111
            ],
            [
              -117.6505730000282,
              33.529419999719664
            ],
            [
              -117.65081800025058,
              33.52910400011985
            ],
            [
              -117.65109500026003,
              33.529084999789575
            ],
            [
              -117.65125199972054,
              33.52907699992514
            ],
            [
              -117.6510299999627,
              33.528940999870095
            ],
            [
              -117.65085699971036,
              33.528834000039836
            ],
            [
              -117.65077800006762,
              33.52878599995398
            ],
            [
              -117.65051199992885,
              33.528622000146065
            ],
            [
              -117.6502330002696,
              33.52845000010467
            ],
            [
              -117.64993500034376,
              33.52826699989831
            ],
            [
              -117.64961899997624,
              33.52807300020597
            ],
            [
              -117.64927699966948,
              33.52786300012569
            ],
            [
              -117.64890099992584,
              33.52763200019721
            ],
            [
              -117.64860200017512,
              33.527448000036316
            ],
            [
              -117.64835600012783,
              33.52729700007984
            ],
            [
              -117.64813400036996,
              33.52716100022062
            ],
            [
              -117.64759399969648,
              33.52679100029218
            ],
            [
              -117.64736100006797,
              33.52707100026231
            ],
            [
              -117.64734799964917,
              33.527302000191725
            ],
            [
              -117.6474199996192,
              33.52760500029167
            ],
            [
              -117.64746400000013,
              33.527686999701245
            ],
            [
              -117.64755100003877,
              33.52785200025006
            ],
            [
              -117.64750500000802,
              33.52806099989419
            ],
            [
              -117.64733799960347,
              33.52814799968312
            ],
            [
              -117.64729499994576,
              33.528170999819295
            ],
            [
              -117.64725399993787,
              33.528281000353324
            ],
            [
              -117.6472299996484,
              33.5283449998372
            ],
            [
              -117.64614300042538,
              33.52779599963619
            ],
            [
              -117.64311200021513,
              33.52915900018535
            ],
            [
              -117.64262699979322,
              33.53003400026582
            ],
            [
              -117.64026299957976,
              33.52937100026025
            ],
            [
              -117.63989900043,
              33.52927700005806
            ],
            [
              -117.63969799969023,
              33.52923900021817
            ],
            [
              -117.63917299998369,
              33.52911600028688
            ],
            [
              -117.63825699956654,
              33.52853299991915
            ],
            [
              -117.63805700044834,
              33.52840499968471
            ],
            [
              -117.63702800005329,
              33.52774799972299
            ],
            [
              -117.63654600000447,
              33.52747200007947
            ],
            [
              -117.63614299959833,
              33.52726200003742
            ],
            [
              -117.63502600023807,
              33.52722799970445
            ],
            [
              -117.630887999815,
              33.528788000114076
            ],
            [
              -117.63011500041134,
              33.530391999808764
            ],
            [
              -117.62990799982377,
              33.53082300015347
            ],
            [
              -117.6289239996346,
              33.530952999913886
            ],
            [
              -117.62725400008037,
              33.53117499985928
            ],
            [
              -117.62654100005287,
              33.531981999847474
            ],
            [
              -117.62473500005619,
              33.53402600014337
            ],
            [
              -117.62413599983148,
              33.53470400019722
            ],
            [
              -117.62416299959567,
              33.53475400001497
            ],
            [
              -117.62436900035831,
              33.53513599964488
            ],
            [
              -117.62476500019342,
              33.535943000099564
            ],
            [
              -117.62525499973988,
              33.53686500016966
            ],
            [
              -117.62558199997804,
              33.53755700012262
            ],
            [
              -117.62610400020984,
              33.538558000252124
            ],
            [
              -117.6268880003825,
              33.540300000152165
            ],
            [
              -117.62691299959853,
              33.54035499983383
            ],
            [
              -117.62693799971288,
              33.54040899990935
            ],
            [
              -117.62760899990764,
              33.541740000020795
            ],
            [
              -117.6278530003051,
              33.54225900005965
            ],
            [
              -117.62816600029954,
              33.54291200014441
            ],
            [
              -117.62866599989174,
              33.54403300015756
            ],
            [
              -117.62890600009123,
              33.54453999963257
            ],
            [
              -117.62906699974974,
              33.54494299981952
            ],
            [
              -117.62916100035937,
              33.545260000186154
            ],
            [
              -117.62918200027578,
              33.54533100017261
            ],
            [
              -117.62900900002339,
              33.54538099983284
            ],
            [
              -117.62908299964326,
              33.54559299980779
            ],
            [
              -117.62928199983489,
              33.54631200032062
            ],
            [
              -117.62941499990427,
              33.5475179996862
            ],
            [
              -117.62945300043742,
              33.5483579998742
            ],
            [
              -117.62945400026231,
              33.54855100023706
            ],
            [
              -117.62946699978282,
              33.549819000178495
            ],
            [
              -117.62951199998867,
              33.55148199978971
            ],
            [
              -117.62952799988217,
              33.55156600014032
            ],
            [
              -117.62953299990507,
              33.551591999858005
            ],
            [
              -117.62953899975282,
              33.55166400007187
            ],
            [
              -117.62954200012588,
              33.551690999949436
            ],
            [
              -117.62954399977569,
              33.55171600018902
            ],
            [
              -117.62733699992106,
              33.551881999979244
            ],
            [
              -117.62628199958677,
              33.553998000332555
            ],
            [
              -117.62481700007199,
              33.55495699981048
            ],
            [
              -117.62609499998902,
              33.5559589999127
            ],
            [
              -117.6256770004126,
              33.55674600019688
            ],
            [
              -117.62560200006953,
              33.55865100018746
            ],
            [
              -117.62694100008592,
              33.55886899968035
            ],
            [
              -117.62752799971676,
              33.55978099973111
            ],
            [
              -117.6274230001348,
              33.56073400037135
            ],
            [
              -117.62640200013567,
              33.56137399980826
            ],
            [
              -117.62625599964748,
              33.562738000139895
            ],
            [
              -117.62589999999535,
              33.56294499989567
            ],
            [
              -117.62583399987311,
              33.56307600005244
            ],
            [
              -117.62544899990866,
              33.565300999945414
            ],
            [
              -117.62625099962463,
              33.5652219996417
            ],
            [
              -117.62633299964038,
              33.56597400001924
            ],
            [
              -117.62670099988641,
              33.5688430003037
            ],
            [
              -117.62940099966058,
              33.568148000164854
            ],
            [
              -117.62943300034595,
              33.568211000068764
            ],
            [
              -117.62970000030965,
              33.568641999675435
            ],
            [
              -117.6299589998774,
              33.568989000332614
            ],
            [
              -117.6302190001684,
              33.56932099981769
            ],
            [
              -117.63082099986784,
              33.569869999706924
            ],
            [
              -117.63174399995765,
              33.57068299967831
            ],
            [
              -117.63178999998841,
              33.57072100000708
            ],
            [
              -117.63218699964844,
              33.571128999883264
            ],
            [
              -117.63246200000806,
              33.57149900010706
            ],
            [
              -117.632682999941,
              33.57181199975208
            ],
            [
              -117.6328889998053,
              33.57220800029054
            ],
            [
              -117.6330570000348,
              33.57263199977569
            ],
            [
              -117.63320199979975,
              33.573071000049225
            ],
            [
              -117.63329100038652,
              33.57357499994107
            ],
            [
              -117.63330800010498,
              33.57399000006804
            ],
            [
              -117.63326999957181,
              33.57449000013197
            ],
            [
              -117.63326999957181,
              33.57458199995405
            ],
            [
              -117.6332470000056,
              33.57466099992633
            ],
            [
              -117.63315900014206,
              33.57500900026053
            ],
            [
              -117.63336500000639,
              33.57507199964844
            ],
            [
              -117.63408800007966,
              33.57529300009578
            ],
            [
              -117.63477500016792,
              33.57550400009311
            ],
            [
              -117.63614900034443,
              33.575443000100755
            ],
            [
              -117.6364149995849,
              33.57526999977758
            ],
            [
              -117.63666499983016,
              33.57519699986597
            ],
            [
              -117.63683999973233,
              33.57516400034707
            ],
            [
              -117.63696500030413,
              33.57511300004513
            ],
            [
              -117.63854299979683,
              33.57446100004576
            ],
            [
              -117.63863099966038,
              33.5744470003361
            ],
            [
              -117.63868900028501,
              33.574379000110454
            ],
            [
              -117.63870199980546,
              33.57425500013332
            ],
            [
              -117.63869000010992,
              33.57417200007329
            ],
            [
              -117.63870600000344,
              33.57408700007333
            ],
            [
              -117.6387880000192,
              33.57397099987673
            ],
            [
              -117.63890400037016,
              33.57384099971636
            ],
            [
              -117.6390130001501,
              33.57373599996209
            ],
            [
              -117.63911299970924,
              33.573646999792345
            ],
            [
              -117.63917600035674,
              33.57354399967475
            ],
            [
              -117.63929900038038,
              33.57339899980235
            ],
            [
              -117.63949900039692,
              33.57332399992764
            ],
            [
              -117.63973700004829,
              33.57333300012562
            ],
            [
              -117.63992500036926,
              33.57337000009802
            ],
            [
              -117.64003099977617,
              33.57335600021148
            ],
            [
              -117.64018499976194,
              33.573326999744225
            ],
            [
              -117.64034799996855,
              33.57327699979329
            ],
            [
              -117.64044599987785,
              33.573234000141646
            ],
            [
              -117.64060099968856,
              33.57315600030115
            ],
            [
              -117.64071700003952,
              33.573097000029534
            ],
            [
              -117.64079800023036,
              33.573070000107435
            ],
            [
              -117.64092600027686,
              33.5730020002939
            ],
            [
              -117.6410829997374,
              33.57298499977083
            ],
            [
              -117.64120599976104,
              33.572949000325096
            ],
            [
              -117.64131700008916,
              33.57287300011529
            ],
            [
              -117.64145500018138,
              33.572761000314436
            ],
            [
              -117.64153999967189,
              33.572697000042254
            ],
            [
              -117.64162400023578,
              33.572600999919196
            ],
            [
              -117.64164799962693,
              33.57250599963778
            ],
            [
              -117.64167000026656,
              33.57239799990781
            ],
            [
              -117.64163599993137,
              33.572276999932036
            ],
            [
              -117.64162599988563,
              33.57221799980812
            ],
            [
              -117.64161300036513,
              33.57211700013669
            ],
            [
              -117.64159300027366,
              33.57204800036731
            ],
            [
              -117.64158499987775,
              33.571964999682166
            ],
            [
              -117.6416099999921,
              33.57189899965752
            ],
            [
              -117.64164699980202,
              33.57179499974315
            ],
            [
              -117.64163900030442,
              33.57171100035412
            ],
            [
              -117.64161199964191,
              33.571643000218636
            ],
            [
              -117.64161199964191,
              33.57158900020491
            ],
            [
              -117.64165799967269,
              33.571542999833994
            ],
            [
              -117.64171799994713,
              33.57149500026686
            ],
            [
              -117.6418009997878,
              33.57144899984584
            ],
            [
              -117.64188399962849,
              33.571403000148756
            ],
            [
              -117.6419339998572,
              33.57132000034046
            ],
            [
              -117.64197300021523,
              33.571143000130974
            ],
            [
              -117.64198800028386,
              33.57098800030918
            ],
            [
              -117.6420400001624,
              33.57080700029548
            ],
            [
              -117.64214999976724,
              33.570543000095434
            ],
            [
              -117.64221699971444,
              33.570335999841696
            ],
            [
              -117.6422650002933,
              33.570138000371216
            ],
            [
              -117.64230100027831,
              33.56992500002557
            ],
            [
              -117.64235900000463,
              33.5698709996858
            ],
            [
              -117.64250100029486,
              33.56977100024254
            ],
            [
              -117.64265000025779,
              33.56972399967081
            ],
            [
              -117.64289299993202,
              33.56967199991624
            ],
            [
              -117.64312899993355,
              33.56984900014756
            ],
            [
              -117.64330499966064,
              33.569906999666564
            ],
            [
              -117.64347200006523,
              33.569932999851275
            ],
            [
              -117.64362799970085,
              33.56990900037197
            ],
            [
              -117.64378099986173,
              33.56985999991738
            ],
            [
              -117.644179000245,
              33.56974899993038
            ],
            [
              -117.64444899968342,
              33.56968499967065
            ],
            [
              -117.64461299971495,
              33.56964199972685
            ],
            [
              -117.64482600015029,
              33.56961300025746
            ],
            [
              -117.6450539997559,
              33.56961200027555
            ],
            [
              -117.6452439997267,
              33.5696610001224
            ],
            [
              -117.64557900036078,
              33.56980300034646
            ],
            [
              -117.6457149999049,
              33.569867999749114
            ],
            [
              -117.64590800024875,
              33.56968399968963
            ],
            [
              -117.64641600023687,
              33.569040999750115
            ],
            [
              -117.64678799978253,
              33.568397000265364
            ],
            [
              -117.64739799987791,
              33.567617999901636
            ],
            [
              -117.64773599998671,
              33.56700899996187
            ],
            [
              -117.64865099968058,
              33.56639900019873
            ],
            [
              -117.64885400007019,
              33.56595899965766
            ],
            [
              -117.64922599961587,
              33.56528200008743
            ],
            [
              -117.64993799981849,
              33.564231999741715
            ],
            [
              -117.65102099974186,
              33.56372399975097
            ],
            [
              -117.65252399978979,
              33.56291100012532
            ],
            [
              -117.65266199988207,
              33.562717000343085
            ],
            [
              -117.65343500018406,
              33.56275999999288
            ],
            [
              -117.65368200005626,
              33.56280799992479
            ],
            [
              -117.65383000019428,
              33.562851000277774
            ],
            [
              -117.65391800005781,
              33.562852000338
            ],
            [
              -117.6541840001966,
              33.56285499976994
            ],
            [
              -117.65427299988505,
              33.562855999830035
            ],
            [
              -117.6544160000002,
              33.56285699989014
            ],
            [
              -117.65448999962001,
              33.56285799995027
            ],
            [
              -117.6545430002218,
              33.562638999983704
            ],
            [
              -117.65465000035192,
              33.562040000058154
            ],
            [
              -117.6547399998653,
              33.561498000320334
            ],
            [
              -117.65494099970672,
              33.56069500005351
            ],
            [
              -117.65655300043295,
              33.558859000113976
            ],
            [
              -117.65665999966478,
              33.5587340001966
            ],
            [
              -117.65901700020555,
              33.55604999987748
            ]
          ]
        ]
      },
      "properties": {
        "year": 1997,
        "communityStatus": "approval_recalled_by_developer",
        "tractMapsRecordedByYear": "0",
        "tractMapsRecordedCumulative": "0",
        "homesSoldAsOf": "0",
        "activeSchoolCount": "0",
        "documentedMilestones": "Developer retrospective places County approval in 1997",
        "ranchlandStatus": "Not quantified",
        "gradingStatus": "Unknown",
        "roadStatus": "Unknown",
        "utilityStatus": "Unknown",
        "confidence": "low",
        "sourceIds": "LH-SRC-RMV-PLANNING;LH-SRC-OC-EIR-CERT",
        "limitations": "Official County record dates Final EIR 555 certification to 1995-10-17; the exact broader 1997 action remains unidentified; current CDP boundary is not the entitlement boundary",
        "featureType": "community_snapshot",
        "geometryPrecision": "current official CDP boundary used as display extent",
        "statementClass": "documented_approximate"
      }
    },
    {
      "type": "Feature",
      "geometry": {
        "type": "Polygon",
        "coordinates": [
          [
            [
              -117.65901700020555,
              33.55604999987748
            ],
            [
              -117.65900799998471,
              33.55262800015006
            ],
            [
              -117.65901200018268,
              33.55096799998285
            ],
            [
              -117.65900899980963,
              33.54848100012809
            ],
            [
              -117.65899799993898,
              33.539651000366405
            ],
            [
              -117.65899299991611,
              33.53468500034876
            ],
            [
              -117.65899200009119,
              33.533833000290066
            ],
            [
              -117.65741799989812,
              33.53286500007811
            ],
            [
              -117.65722100025464,
              33.532744000131956
            ],
            [
              -117.65705399985005,
              33.53264099990822
            ],
            [
              -117.65678600006144,
              33.53247699992398
            ],
            [
              -117.65671099971838,
              33.53243099968987
            ],
            [
              -117.65620299973027,
              33.53211900002822
            ],
            [
              -117.65576300041253,
              33.531850000047314
            ],
            [
              -117.65532200037157,
              33.531578000209414
            ],
            [
              -117.65422699985432,
              33.53090500025554
            ],
            [
              -117.65417900017373,
              33.53087700019289
            ],
            [
              -117.65349999958308,
              33.53045800009815
            ],
            [
              -117.65347500036702,
              33.5304430003091
            ],
            [
              -117.65331800000821,
              33.530346999650625
            ],
            [
              -117.65323500016753,
              33.53044199987381
            ],
            [
              -117.65300400018883,
              33.53064800019615
            ],
            [
              -117.65261099982845,
              33.53087299996926
            ],
            [
              -117.65232899979614,
              33.53079799986035
            ],
            [
              -117.6521420001984,
              33.530748999684164
            ],
            [
              -117.65204199974097,
              33.53062700008758
            ],
            [
              -117.65180900011248,
              33.530341999714814
            ],
            [
              -117.65163400021028,
              33.5301890001913
            ],
            [
              -117.65150600016376,
              33.53007699970777
            ],
            [
              -117.65121599973554,
              33.52982799997833
            ],
            [
              -117.6511930001693,
              33.5298080001133
            ],
            [
              -117.65088799967249,
              33.52961699997111
            ],
            [
              -117.6505730000282,
              33.529419999719664
            ],
            [
              -117.65081800025058,
              33.52910400011985
            ],
            [
              -117.65109500026003,
              33.529084999789575
            ],
            [
              -117.65125199972054,
              33.52907699992514
            ],
            [
              -117.6510299999627,
              33.528940999870095
            ],
            [
              -117.65085699971036,
              33.528834000039836
            ],
            [
              -117.65077800006762,
              33.52878599995398
            ],
            [
              -117.65051199992885,
              33.528622000146065
            ],
            [
              -117.6502330002696,
              33.52845000010467
            ],
            [
              -117.64993500034376,
              33.52826699989831
            ],
            [
              -117.64961899997624,
              33.52807300020597
            ],
            [
              -117.64927699966948,
              33.52786300012569
            ],
            [
              -117.64890099992584,
              33.52763200019721
            ],
            [
              -117.64860200017512,
              33.527448000036316
            ],
            [
              -117.64835600012783,
              33.52729700007984
            ],
            [
              -117.64813400036996,
              33.52716100022062
            ],
            [
              -117.64759399969648,
              33.52679100029218
            ],
            [
              -117.64736100006797,
              33.52707100026231
            ],
            [
              -117.64734799964917,
              33.527302000191725
            ],
            [
              -117.6474199996192,
              33.52760500029167
            ],
            [
              -117.64746400000013,
              33.527686999701245
            ],
            [
              -117.64755100003877,
              33.52785200025006
            ],
            [
              -117.64750500000802,
              33.52806099989419
            ],
            [
              -117.64733799960347,
              33.52814799968312
            ],
            [
              -117.64729499994576,
              33.528170999819295
            ],
            [
              -117.64725399993787,
              33.528281000353324
            ],
            [
              -117.6472299996484,
              33.5283449998372
            ],
            [
              -117.64614300042538,
              33.52779599963619
            ],
            [
              -117.64311200021513,
              33.52915900018535
            ],
            [
              -117.64262699979322,
              33.53003400026582
            ],
            [
              -117.64026299957976,
              33.52937100026025
            ],
            [
              -117.63989900043,
              33.52927700005806
            ],
            [
              -117.63969799969023,
              33.52923900021817
            ],
            [
              -117.63917299998369,
              33.52911600028688
            ],
            [
              -117.63825699956654,
              33.52853299991915
            ],
            [
              -117.63805700044834,
              33.52840499968471
            ],
            [
              -117.63702800005329,
              33.52774799972299
            ],
            [
              -117.63654600000447,
              33.52747200007947
            ],
            [
              -117.63614299959833,
              33.52726200003742
            ],
            [
              -117.63502600023807,
              33.52722799970445
            ],
            [
              -117.630887999815,
              33.528788000114076
            ],
            [
              -117.63011500041134,
              33.530391999808764
            ],
            [
              -117.62990799982377,
              33.53082300015347
            ],
            [
              -117.6289239996346,
              33.530952999913886
            ],
            [
              -117.62725400008037,
              33.53117499985928
            ],
            [
              -117.62654100005287,
              33.531981999847474
            ],
            [
              -117.62473500005619,
              33.53402600014337
            ],
            [
              -117.62413599983148,
              33.53470400019722
            ],
            [
              -117.62416299959567,
              33.53475400001497
            ],
            [
              -117.62436900035831,
              33.53513599964488
            ],
            [
              -117.62476500019342,
              33.535943000099564
            ],
            [
              -117.62525499973988,
              33.53686500016966
            ],
            [
              -117.62558199997804,
              33.53755700012262
            ],
            [
              -117.62610400020984,
              33.538558000252124
            ],
            [
              -117.6268880003825,
              33.540300000152165
            ],
            [
              -117.62691299959853,
              33.54035499983383
            ],
            [
              -117.62693799971288,
              33.54040899990935
            ],
            [
              -117.62760899990764,
              33.541740000020795
            ],
            [
              -117.6278530003051,
              33.54225900005965
            ],
            [
              -117.62816600029954,
              33.54291200014441
            ],
            [
              -117.62866599989174,
              33.54403300015756
            ],
            [
              -117.62890600009123,
              33.54453999963257
            ],
            [
              -117.62906699974974,
              33.54494299981952
            ],
            [
              -117.62916100035937,
              33.545260000186154
            ],
            [
              -117.62918200027578,
              33.54533100017261
            ],
            [
              -117.62900900002339,
              33.54538099983284
            ],
            [
              -117.62908299964326,
              33.54559299980779
            ],
            [
              -117.62928199983489,
              33.54631200032062
            ],
            [
              -117.62941499990427,
              33.5475179996862
            ],
            [
              -117.62945300043742,
              33.5483579998742
            ],
            [
              -117.62945400026231,
              33.54855100023706
            ],
            [
              -117.62946699978282,
              33.549819000178495
            ],
            [
              -117.62951199998867,
              33.55148199978971
            ],
            [
              -117.62952799988217,
              33.55156600014032
            ],
            [
              -117.62953299990507,
              33.551591999858005
            ],
            [
              -117.62953899975282,
              33.55166400007187
            ],
            [
              -117.62954200012588,
              33.551690999949436
            ],
            [
              -117.62954399977569,
              33.55171600018902
            ],
            [
              -117.62733699992106,
              33.551881999979244
            ],
            [
              -117.62628199958677,
              33.553998000332555
            ],
            [
              -117.62481700007199,
              33.55495699981048
            ],
            [
              -117.62609499998902,
              33.5559589999127
            ],
            [
              -117.6256770004126,
              33.55674600019688
            ],
            [
              -117.62560200006953,
              33.55865100018746
            ],
            [
              -117.62694100008592,
              33.55886899968035
            ],
            [
              -117.62752799971676,
              33.55978099973111
            ],
            [
              -117.6274230001348,
              33.56073400037135
            ],
            [
              -117.62640200013567,
              33.56137399980826
            ],
            [
              -117.62625599964748,
              33.562738000139895
            ],
            [
              -117.62589999999535,
              33.56294499989567
            ],
            [
              -117.62583399987311,
              33.56307600005244
            ],
            [
              -117.62544899990866,
              33.565300999945414
            ],
            [
              -117.62625099962463,
              33.5652219996417
            ],
            [
              -117.62633299964038,
              33.56597400001924
            ],
            [
              -117.62670099988641,
              33.5688430003037
            ],
            [
              -117.62940099966058,
              33.568148000164854
            ],
            [
              -117.62943300034595,
              33.568211000068764
            ],
            [
              -117.62970000030965,
              33.568641999675435
            ],
            [
              -117.6299589998774,
              33.568989000332614
            ],
            [
              -117.6302190001684,
              33.56932099981769
            ],
            [
              -117.63082099986784,
              33.569869999706924
            ],
            [
              -117.63174399995765,
              33.57068299967831
            ],
            [
              -117.63178999998841,
              33.57072100000708
            ],
            [
              -117.63218699964844,
              33.571128999883264
            ],
            [
              -117.63246200000806,
              33.57149900010706
            ],
            [
              -117.632682999941,
              33.57181199975208
            ],
            [
              -117.6328889998053,
              33.57220800029054
            ],
            [
              -117.6330570000348,
              33.57263199977569
            ],
            [
              -117.63320199979975,
              33.573071000049225
            ],
            [
              -117.63329100038652,
              33.57357499994107
            ],
            [
              -117.63330800010498,
              33.57399000006804
            ],
            [
              -117.63326999957181,
              33.57449000013197
            ],
            [
              -117.63326999957181,
              33.57458199995405
            ],
            [
              -117.6332470000056,
              33.57466099992633
            ],
            [
              -117.63315900014206,
              33.57500900026053
            ],
            [
              -117.63336500000639,
              33.57507199964844
            ],
            [
              -117.63408800007966,
              33.57529300009578
            ],
            [
              -117.63477500016792,
              33.57550400009311
            ],
            [
              -117.63614900034443,
              33.575443000100755
            ],
            [
              -117.6364149995849,
              33.57526999977758
            ],
            [
              -117.63666499983016,
              33.57519699986597
            ],
            [
              -117.63683999973233,
              33.57516400034707
            ],
            [
              -117.63696500030413,
              33.57511300004513
            ],
            [
              -117.63854299979683,
              33.57446100004576
            ],
            [
              -117.63863099966038,
              33.5744470003361
            ],
            [
              -117.63868900028501,
              33.574379000110454
            ],
            [
              -117.63870199980546,
              33.57425500013332
            ],
            [
              -117.63869000010992,
              33.57417200007329
            ],
            [
              -117.63870600000344,
              33.57408700007333
            ],
            [
              -117.6387880000192,
              33.57397099987673
            ],
            [
              -117.63890400037016,
              33.57384099971636
            ],
            [
              -117.6390130001501,
              33.57373599996209
            ],
            [
              -117.63911299970924,
              33.573646999792345
            ],
            [
              -117.63917600035674,
              33.57354399967475
            ],
            [
              -117.63929900038038,
              33.57339899980235
            ],
            [
              -117.63949900039692,
              33.57332399992764
            ],
            [
              -117.63973700004829,
              33.57333300012562
            ],
            [
              -117.63992500036926,
              33.57337000009802
            ],
            [
              -117.64003099977617,
              33.57335600021148
            ],
            [
              -117.64018499976194,
              33.573326999744225
            ],
            [
              -117.64034799996855,
              33.57327699979329
            ],
            [
              -117.64044599987785,
              33.573234000141646
            ],
            [
              -117.64060099968856,
              33.57315600030115
            ],
            [
              -117.64071700003952,
              33.573097000029534
            ],
            [
              -117.64079800023036,
              33.573070000107435
            ],
            [
              -117.64092600027686,
              33.5730020002939
            ],
            [
              -117.6410829997374,
              33.57298499977083
            ],
            [
              -117.64120599976104,
              33.572949000325096
            ],
            [
              -117.64131700008916,
              33.57287300011529
            ],
            [
              -117.64145500018138,
              33.572761000314436
            ],
            [
              -117.64153999967189,
              33.572697000042254
            ],
            [
              -117.64162400023578,
              33.572600999919196
            ],
            [
              -117.64164799962693,
              33.57250599963778
            ],
            [
              -117.64167000026656,
              33.57239799990781
            ],
            [
              -117.64163599993137,
              33.572276999932036
            ],
            [
              -117.64162599988563,
              33.57221799980812
            ],
            [
              -117.64161300036513,
              33.57211700013669
            ],
            [
              -117.64159300027366,
              33.57204800036731
            ],
            [
              -117.64158499987775,
              33.571964999682166
            ],
            [
              -117.6416099999921,
              33.57189899965752
            ],
            [
              -117.64164699980202,
              33.57179499974315
            ],
            [
              -117.64163900030442,
              33.57171100035412
            ],
            [
              -117.64161199964191,
              33.571643000218636
            ],
            [
              -117.64161199964191,
              33.57158900020491
            ],
            [
              -117.64165799967269,
              33.571542999833994
            ],
            [
              -117.64171799994713,
              33.57149500026686
            ],
            [
              -117.6418009997878,
              33.57144899984584
            ],
            [
              -117.64188399962849,
              33.571403000148756
            ],
            [
              -117.6419339998572,
              33.57132000034046
            ],
            [
              -117.64197300021523,
              33.571143000130974
            ],
            [
              -117.64198800028386,
              33.57098800030918
            ],
            [
              -117.6420400001624,
              33.57080700029548
            ],
            [
              -117.64214999976724,
              33.570543000095434
            ],
            [
              -117.64221699971444,
              33.570335999841696
            ],
            [
              -117.6422650002933,
              33.570138000371216
            ],
            [
              -117.64230100027831,
              33.56992500002557
            ],
            [
              -117.64235900000463,
              33.5698709996858
            ],
            [
              -117.64250100029486,
              33.56977100024254
            ],
            [
              -117.64265000025779,
              33.56972399967081
            ],
            [
              -117.64289299993202,
              33.56967199991624
            ],
            [
              -117.64312899993355,
              33.56984900014756
            ],
            [
              -117.64330499966064,
              33.569906999666564
            ],
            [
              -117.64347200006523,
              33.569932999851275
            ],
            [
              -117.64362799970085,
              33.56990900037197
            ],
            [
              -117.64378099986173,
              33.56985999991738
            ],
            [
              -117.644179000245,
              33.56974899993038
            ],
            [
              -117.64444899968342,
              33.56968499967065
            ],
            [
              -117.64461299971495,
              33.56964199972685
            ],
            [
              -117.64482600015029,
              33.56961300025746
            ],
            [
              -117.6450539997559,
              33.56961200027555
            ],
            [
              -117.6452439997267,
              33.5696610001224
            ],
            [
              -117.64557900036078,
              33.56980300034646
            ],
            [
              -117.6457149999049,
              33.569867999749114
            ],
            [
              -117.64590800024875,
              33.56968399968963
            ],
            [
              -117.64641600023687,
              33.569040999750115
            ],
            [
              -117.64678799978253,
              33.568397000265364
            ],
            [
              -117.64739799987791,
              33.567617999901636
            ],
            [
              -117.64773599998671,
              33.56700899996187
            ],
            [
              -117.64865099968058,
              33.56639900019873
            ],
            [
              -117.64885400007019,
              33.56595899965766
            ],
            [
              -117.64922599961587,
              33.56528200008743
            ],
            [
              -117.64993799981849,
              33.564231999741715
            ],
            [
              -117.65102099974186,
              33.56372399975097
            ],
            [
              -117.65252399978979,
              33.56291100012532
            ],
            [
              -117.65266199988207,
              33.562717000343085
            ],
            [
              -117.65343500018406,
              33.56275999999288
            ],
            [
              -117.65368200005626,
              33.56280799992479
            ],
            [
              -117.65383000019428,
              33.562851000277774
            ],
            [
              -117.65391800005781,
              33.562852000338
            ],
            [
              -117.6541840001966,
              33.56285499976994
            ],
            [
              -117.65427299988505,
              33.562855999830035
            ],
            [
              -117.6544160000002,
              33.56285699989014
            ],
            [
              -117.65448999962001,
              33.56285799995027
            ],
            [
              -117.6545430002218,
              33.562638999983704
            ],
            [
              -117.65465000035192,
              33.562040000058154
            ],
            [
              -117.6547399998653,
              33.561498000320334
            ],
            [
              -117.65494099970672,
              33.56069500005351
            ],
            [
              -117.65655300043295,
              33.558859000113976
            ],
            [
              -117.65665999966478,
              33.5587340001966
            ],
            [
              -117.65901700020555,
              33.55604999987748
            ]
          ]
        ]
      },
      "properties": {
        "year": 1998,
        "communityStatus": "development_started",
        "tractMapsRecordedByYear": "1",
        "tractMapsRecordedCumulative": "1",
        "homesSoldAsOf": "0",
        "activeSchoolCount": "0",
        "documentedMilestones": "Development begins and original standards approved",
        "ranchlandStatus": "Not quantified",
        "gradingStatus": "Unknown",
        "roadStatus": "Unknown",
        "utilityStatus": "Unknown",
        "confidence": "medium",
        "sourceIds": "LH-SRC-ULI-CASE;LH-SRC-OC-ADS",
        "limitations": "No dated grading or construction polygons yet; tract counts are generated",
        "featureType": "community_snapshot",
        "geometryPrecision": "current official CDP boundary used as display extent",
        "statementClass": "documented_approximate"
      }
    },
    {
      "type": "Feature",
      "geometry": {
        "type": "Polygon",
        "coordinates": [
          [
            [
              -117.65901700020555,
              33.55604999987748
            ],
            [
              -117.65900799998471,
              33.55262800015006
            ],
            [
              -117.65901200018268,
              33.55096799998285
            ],
            [
              -117.65900899980963,
              33.54848100012809
            ],
            [
              -117.65899799993898,
              33.539651000366405
            ],
            [
              -117.65899299991611,
              33.53468500034876
            ],
            [
              -117.65899200009119,
              33.533833000290066
            ],
            [
              -117.65741799989812,
              33.53286500007811
            ],
            [
              -117.65722100025464,
              33.532744000131956
            ],
            [
              -117.65705399985005,
              33.53264099990822
            ],
            [
              -117.65678600006144,
              33.53247699992398
            ],
            [
              -117.65671099971838,
              33.53243099968987
            ],
            [
              -117.65620299973027,
              33.53211900002822
            ],
            [
              -117.65576300041253,
              33.531850000047314
            ],
            [
              -117.65532200037157,
              33.531578000209414
            ],
            [
              -117.65422699985432,
              33.53090500025554
            ],
            [
              -117.65417900017373,
              33.53087700019289
            ],
            [
              -117.65349999958308,
              33.53045800009815
            ],
            [
              -117.65347500036702,
              33.5304430003091
            ],
            [
              -117.65331800000821,
              33.530346999650625
            ],
            [
              -117.65323500016753,
              33.53044199987381
            ],
            [
              -117.65300400018883,
              33.53064800019615
            ],
            [
              -117.65261099982845,
              33.53087299996926
            ],
            [
              -117.65232899979614,
              33.53079799986035
            ],
            [
              -117.6521420001984,
              33.530748999684164
            ],
            [
              -117.65204199974097,
              33.53062700008758
            ],
            [
              -117.65180900011248,
              33.530341999714814
            ],
            [
              -117.65163400021028,
              33.5301890001913
            ],
            [
              -117.65150600016376,
              33.53007699970777
            ],
            [
              -117.65121599973554,
              33.52982799997833
            ],
            [
              -117.6511930001693,
              33.5298080001133
            ],
            [
              -117.65088799967249,
              33.52961699997111
            ],
            [
              -117.6505730000282,
              33.529419999719664
            ],
            [
              -117.65081800025058,
              33.52910400011985
            ],
            [
              -117.65109500026003,
              33.529084999789575
            ],
            [
              -117.65125199972054,
              33.52907699992514
            ],
            [
              -117.6510299999627,
              33.528940999870095
            ],
            [
              -117.65085699971036,
              33.528834000039836
            ],
            [
              -117.65077800006762,
              33.52878599995398
            ],
            [
              -117.65051199992885,
              33.528622000146065
            ],
            [
              -117.6502330002696,
              33.52845000010467
            ],
            [
              -117.64993500034376,
              33.52826699989831
            ],
            [
              -117.64961899997624,
              33.52807300020597
            ],
            [
              -117.64927699966948,
              33.52786300012569
            ],
            [
              -117.64890099992584,
              33.52763200019721
            ],
            [
              -117.64860200017512,
              33.527448000036316
            ],
            [
              -117.64835600012783,
              33.52729700007984
            ],
            [
              -117.64813400036996,
              33.52716100022062
            ],
            [
              -117.64759399969648,
              33.52679100029218
            ],
            [
              -117.64736100006797,
              33.52707100026231
            ],
            [
              -117.64734799964917,
              33.527302000191725
            ],
            [
              -117.6474199996192,
              33.52760500029167
            ],
            [
              -117.64746400000013,
              33.527686999701245
            ],
            [
              -117.64755100003877,
              33.52785200025006
            ],
            [
              -117.64750500000802,
              33.52806099989419
            ],
            [
              -117.64733799960347,
              33.52814799968312
            ],
            [
              -117.64729499994576,
              33.528170999819295
            ],
            [
              -117.64725399993787,
              33.528281000353324
            ],
            [
              -117.6472299996484,
              33.5283449998372
            ],
            [
              -117.64614300042538,
              33.52779599963619
            ],
            [
              -117.64311200021513,
              33.52915900018535
            ],
            [
              -117.64262699979322,
              33.53003400026582
            ],
            [
              -117.64026299957976,
              33.52937100026025
            ],
            [
              -117.63989900043,
              33.52927700005806
            ],
            [
              -117.63969799969023,
              33.52923900021817
            ],
            [
              -117.63917299998369,
              33.52911600028688
            ],
            [
              -117.63825699956654,
              33.52853299991915
            ],
            [
              -117.63805700044834,
              33.52840499968471
            ],
            [
              -117.63702800005329,
              33.52774799972299
            ],
            [
              -117.63654600000447,
              33.52747200007947
            ],
            [
              -117.63614299959833,
              33.52726200003742
            ],
            [
              -117.63502600023807,
              33.52722799970445
            ],
            [
              -117.630887999815,
              33.528788000114076
            ],
            [
              -117.63011500041134,
              33.530391999808764
            ],
            [
              -117.62990799982377,
              33.53082300015347
            ],
            [
              -117.6289239996346,
              33.530952999913886
            ],
            [
              -117.62725400008037,
              33.53117499985928
            ],
            [
              -117.62654100005287,
              33.531981999847474
            ],
            [
              -117.62473500005619,
              33.53402600014337
            ],
            [
              -117.62413599983148,
              33.53470400019722
            ],
            [
              -117.62416299959567,
              33.53475400001497
            ],
            [
              -117.62436900035831,
              33.53513599964488
            ],
            [
              -117.62476500019342,
              33.535943000099564
            ],
            [
              -117.62525499973988,
              33.53686500016966
            ],
            [
              -117.62558199997804,
              33.53755700012262
            ],
            [
              -117.62610400020984,
              33.538558000252124
            ],
            [
              -117.6268880003825,
              33.540300000152165
            ],
            [
              -117.62691299959853,
              33.54035499983383
            ],
            [
              -117.62693799971288,
              33.54040899990935
            ],
            [
              -117.62760899990764,
              33.541740000020795
            ],
            [
              -117.6278530003051,
              33.54225900005965
            ],
            [
              -117.62816600029954,
              33.54291200014441
            ],
            [
              -117.62866599989174,
              33.54403300015756
            ],
            [
              -117.62890600009123,
              33.54453999963257
            ],
            [
              -117.62906699974974,
              33.54494299981952
            ],
            [
              -117.62916100035937,
              33.545260000186154
            ],
            [
              -117.62918200027578,
              33.54533100017261
            ],
            [
              -117.62900900002339,
              33.54538099983284
            ],
            [
              -117.62908299964326,
              33.54559299980779
            ],
            [
              -117.62928199983489,
              33.54631200032062
            ],
            [
              -117.62941499990427,
              33.5475179996862
            ],
            [
              -117.62945300043742,
              33.5483579998742
            ],
            [
              -117.62945400026231,
              33.54855100023706
            ],
            [
              -117.62946699978282,
              33.549819000178495
            ],
            [
              -117.62951199998867,
              33.55148199978971
            ],
            [
              -117.62952799988217,
              33.55156600014032
            ],
            [
              -117.62953299990507,
              33.551591999858005
            ],
            [
              -117.62953899975282,
              33.55166400007187
            ],
            [
              -117.62954200012588,
              33.551690999949436
            ],
            [
              -117.62954399977569,
              33.55171600018902
            ],
            [
              -117.62733699992106,
              33.551881999979244
            ],
            [
              -117.62628199958677,
              33.553998000332555
            ],
            [
              -117.62481700007199,
              33.55495699981048
            ],
            [
              -117.62609499998902,
              33.5559589999127
            ],
            [
              -117.6256770004126,
              33.55674600019688
            ],
            [
              -117.62560200006953,
              33.55865100018746
            ],
            [
              -117.62694100008592,
              33.55886899968035
            ],
            [
              -117.62752799971676,
              33.55978099973111
            ],
            [
              -117.6274230001348,
              33.56073400037135
            ],
            [
              -117.62640200013567,
              33.56137399980826
            ],
            [
              -117.62625599964748,
              33.562738000139895
            ],
            [
              -117.62589999999535,
              33.56294499989567
            ],
            [
              -117.62583399987311,
              33.56307600005244
            ],
            [
              -117.62544899990866,
              33.565300999945414
            ],
            [
              -117.62625099962463,
              33.5652219996417
            ],
            [
              -117.62633299964038,
              33.56597400001924
            ],
            [
              -117.62670099988641,
              33.5688430003037
            ],
            [
              -117.62940099966058,
              33.568148000164854
            ],
            [
              -117.62943300034595,
              33.568211000068764
            ],
            [
              -117.62970000030965,
              33.568641999675435
            ],
            [
              -117.6299589998774,
              33.568989000332614
            ],
            [
              -117.6302190001684,
              33.56932099981769
            ],
            [
              -117.63082099986784,
              33.569869999706924
            ],
            [
              -117.63174399995765,
              33.57068299967831
            ],
            [
              -117.63178999998841,
              33.57072100000708
            ],
            [
              -117.63218699964844,
              33.571128999883264
            ],
            [
              -117.63246200000806,
              33.57149900010706
            ],
            [
              -117.632682999941,
              33.57181199975208
            ],
            [
              -117.6328889998053,
              33.57220800029054
            ],
            [
              -117.6330570000348,
              33.57263199977569
            ],
            [
              -117.63320199979975,
              33.573071000049225
            ],
            [
              -117.63329100038652,
              33.57357499994107
            ],
            [
              -117.63330800010498,
              33.57399000006804
            ],
            [
              -117.63326999957181,
              33.57449000013197
            ],
            [
              -117.63326999957181,
              33.57458199995405
            ],
            [
              -117.6332470000056,
              33.57466099992633
            ],
            [
              -117.63315900014206,
              33.57500900026053
            ],
            [
              -117.63336500000639,
              33.57507199964844
            ],
            [
              -117.63408800007966,
              33.57529300009578
            ],
            [
              -117.63477500016792,
              33.57550400009311
            ],
            [
              -117.63614900034443,
              33.575443000100755
            ],
            [
              -117.6364149995849,
              33.57526999977758
            ],
            [
              -117.63666499983016,
              33.57519699986597
            ],
            [
              -117.63683999973233,
              33.57516400034707
            ],
            [
              -117.63696500030413,
              33.57511300004513
            ],
            [
              -117.63854299979683,
              33.57446100004576
            ],
            [
              -117.63863099966038,
              33.5744470003361
            ],
            [
              -117.63868900028501,
              33.574379000110454
            ],
            [
              -117.63870199980546,
              33.57425500013332
            ],
            [
              -117.63869000010992,
              33.57417200007329
            ],
            [
              -117.63870600000344,
              33.57408700007333
            ],
            [
              -117.6387880000192,
              33.57397099987673
            ],
            [
              -117.63890400037016,
              33.57384099971636
            ],
            [
              -117.6390130001501,
              33.57373599996209
            ],
            [
              -117.63911299970924,
              33.573646999792345
            ],
            [
              -117.63917600035674,
              33.57354399967475
            ],
            [
              -117.63929900038038,
              33.57339899980235
            ],
            [
              -117.63949900039692,
              33.57332399992764
            ],
            [
              -117.63973700004829,
              33.57333300012562
            ],
            [
              -117.63992500036926,
              33.57337000009802
            ],
            [
              -117.64003099977617,
              33.57335600021148
            ],
            [
              -117.64018499976194,
              33.573326999744225
            ],
            [
              -117.64034799996855,
              33.57327699979329
            ],
            [
              -117.64044599987785,
              33.573234000141646
            ],
            [
              -117.64060099968856,
              33.57315600030115
            ],
            [
              -117.64071700003952,
              33.573097000029534
            ],
            [
              -117.64079800023036,
              33.573070000107435
            ],
            [
              -117.64092600027686,
              33.5730020002939
            ],
            [
              -117.6410829997374,
              33.57298499977083
            ],
            [
              -117.64120599976104,
              33.572949000325096
            ],
            [
              -117.64131700008916,
              33.57287300011529
            ],
            [
              -117.64145500018138,
              33.572761000314436
            ],
            [
              -117.64153999967189,
              33.572697000042254
            ],
            [
              -117.64162400023578,
              33.572600999919196
            ],
            [
              -117.64164799962693,
              33.57250599963778
            ],
            [
              -117.64167000026656,
              33.57239799990781
            ],
            [
              -117.64163599993137,
              33.572276999932036
            ],
            [
              -117.64162599988563,
              33.57221799980812
            ],
            [
              -117.64161300036513,
              33.57211700013669
            ],
            [
              -117.64159300027366,
              33.57204800036731
            ],
            [
              -117.64158499987775,
              33.571964999682166
            ],
            [
              -117.6416099999921,
              33.57189899965752
            ],
            [
              -117.64164699980202,
              33.57179499974315
            ],
            [
              -117.64163900030442,
              33.57171100035412
            ],
            [
              -117.64161199964191,
              33.571643000218636
            ],
            [
              -117.64161199964191,
              33.57158900020491
            ],
            [
              -117.64165799967269,
              33.571542999833994
            ],
            [
              -117.64171799994713,
              33.57149500026686
            ],
            [
              -117.6418009997878,
              33.57144899984584
            ],
            [
              -117.64188399962849,
              33.571403000148756
            ],
            [
              -117.6419339998572,
              33.57132000034046
            ],
            [
              -117.64197300021523,
              33.571143000130974
            ],
            [
              -117.64198800028386,
              33.57098800030918
            ],
            [
              -117.6420400001624,
              33.57080700029548
            ],
            [
              -117.64214999976724,
              33.570543000095434
            ],
            [
              -117.64221699971444,
              33.570335999841696
            ],
            [
              -117.6422650002933,
              33.570138000371216
            ],
            [
              -117.64230100027831,
              33.56992500002557
            ],
            [
              -117.64235900000463,
              33.5698709996858
            ],
            [
              -117.64250100029486,
              33.56977100024254
            ],
            [
              -117.64265000025779,
              33.56972399967081
            ],
            [
              -117.64289299993202,
              33.56967199991624
            ],
            [
              -117.64312899993355,
              33.56984900014756
            ],
            [
              -117.64330499966064,
              33.569906999666564
            ],
            [
              -117.64347200006523,
              33.569932999851275
            ],
            [
              -117.64362799970085,
              33.56990900037197
            ],
            [
              -117.64378099986173,
              33.56985999991738
            ],
            [
              -117.644179000245,
              33.56974899993038
            ],
            [
              -117.64444899968342,
              33.56968499967065
            ],
            [
              -117.64461299971495,
              33.56964199972685
            ],
            [
              -117.64482600015029,
              33.56961300025746
            ],
            [
              -117.6450539997559,
              33.56961200027555
            ],
            [
              -117.6452439997267,
              33.5696610001224
            ],
            [
              -117.64557900036078,
              33.56980300034646
            ],
            [
              -117.6457149999049,
              33.569867999749114
            ],
            [
              -117.64590800024875,
              33.56968399968963
            ],
            [
              -117.64641600023687,
              33.569040999750115
            ],
            [
              -117.64678799978253,
              33.568397000265364
            ],
            [
              -117.64739799987791,
              33.567617999901636
            ],
            [
              -117.64773599998671,
              33.56700899996187
            ],
            [
              -117.64865099968058,
              33.56639900019873
            ],
            [
              -117.64885400007019,
              33.56595899965766
            ],
            [
              -117.64922599961587,
              33.56528200008743
            ],
            [
              -117.64993799981849,
              33.564231999741715
            ],
            [
              -117.65102099974186,
              33.56372399975097
            ],
            [
              -117.65252399978979,
              33.56291100012532
            ],
            [
              -117.65266199988207,
              33.562717000343085
            ],
            [
              -117.65343500018406,
              33.56275999999288
            ],
            [
              -117.65368200005626,
              33.56280799992479
            ],
            [
              -117.65383000019428,
              33.562851000277774
            ],
            [
              -117.65391800005781,
              33.562852000338
            ],
            [
              -117.6541840001966,
              33.56285499976994
            ],
            [
              -117.65427299988505,
              33.562855999830035
            ],
            [
              -117.6544160000002,
              33.56285699989014
            ],
            [
              -117.65448999962001,
              33.56285799995027
            ],
            [
              -117.6545430002218,
              33.562638999983704
            ],
            [
              -117.65465000035192,
              33.562040000058154
            ],
            [
              -117.6547399998653,
              33.561498000320334
            ],
            [
              -117.65494099970672,
              33.56069500005351
            ],
            [
              -117.65655300043295,
              33.558859000113976
            ],
            [
              -117.65665999966478,
              33.5587340001966
            ],
            [
              -117.65901700020555,
              33.55604999987748
            ]
          ]
        ]
      },
      "properties": {
        "year": 1999,
        "communityStatus": "first_sales_and_occupancy",
        "tractMapsRecordedByYear": "14",
        "tractMapsRecordedCumulative": "15",
        "homesSoldAsOf": "93",
        "activeSchoolCount": "0",
        "documentedMilestones": "Utility package and dirt-tour sales and first resident",
        "ranchlandStatus": "Not quantified",
        "gradingStatus": "Active at community scale",
        "roadStatus": "Unknown",
        "utilityStatus": "Planned phase 1 package",
        "confidence": "medium",
        "sourceIds": "LH-SRC-CEQANET-UTILITIES;LH-SRC-LARMAC-TIMELINE",
        "limitations": "Sales and occupancy are community-level; no village polygons",
        "featureType": "community_snapshot",
        "geometryPrecision": "current official CDP boundary used as display extent",
        "statementClass": "documented_approximate"
      }
    },
    {
      "type": "Feature",
      "geometry": {
        "type": "Polygon",
        "coordinates": [
          [
            [
              -117.65901700020555,
              33.55604999987748
            ],
            [
              -117.65900799998471,
              33.55262800015006
            ],
            [
              -117.65901200018268,
              33.55096799998285
            ],
            [
              -117.65900899980963,
              33.54848100012809
            ],
            [
              -117.65899799993898,
              33.539651000366405
            ],
            [
              -117.65899299991611,
              33.53468500034876
            ],
            [
              -117.65899200009119,
              33.533833000290066
            ],
            [
              -117.65741799989812,
              33.53286500007811
            ],
            [
              -117.65722100025464,
              33.532744000131956
            ],
            [
              -117.65705399985005,
              33.53264099990822
            ],
            [
              -117.65678600006144,
              33.53247699992398
            ],
            [
              -117.65671099971838,
              33.53243099968987
            ],
            [
              -117.65620299973027,
              33.53211900002822
            ],
            [
              -117.65576300041253,
              33.531850000047314
            ],
            [
              -117.65532200037157,
              33.531578000209414
            ],
            [
              -117.65422699985432,
              33.53090500025554
            ],
            [
              -117.65417900017373,
              33.53087700019289
            ],
            [
              -117.65349999958308,
              33.53045800009815
            ],
            [
              -117.65347500036702,
              33.5304430003091
            ],
            [
              -117.65331800000821,
              33.530346999650625
            ],
            [
              -117.65323500016753,
              33.53044199987381
            ],
            [
              -117.65300400018883,
              33.53064800019615
            ],
            [
              -117.65261099982845,
              33.53087299996926
            ],
            [
              -117.65232899979614,
              33.53079799986035
            ],
            [
              -117.6521420001984,
              33.530748999684164
            ],
            [
              -117.65204199974097,
              33.53062700008758
            ],
            [
              -117.65180900011248,
              33.530341999714814
            ],
            [
              -117.65163400021028,
              33.5301890001913
            ],
            [
              -117.65150600016376,
              33.53007699970777
            ],
            [
              -117.65121599973554,
              33.52982799997833
            ],
            [
              -117.6511930001693,
              33.5298080001133
            ],
            [
              -117.65088799967249,
              33.52961699997111
            ],
            [
              -117.6505730000282,
              33.529419999719664
            ],
            [
              -117.65081800025058,
              33.52910400011985
            ],
            [
              -117.65109500026003,
              33.529084999789575
            ],
            [
              -117.65125199972054,
              33.52907699992514
            ],
            [
              -117.6510299999627,
              33.528940999870095
            ],
            [
              -117.65085699971036,
              33.528834000039836
            ],
            [
              -117.65077800006762,
              33.52878599995398
            ],
            [
              -117.65051199992885,
              33.528622000146065
            ],
            [
              -117.6502330002696,
              33.52845000010467
            ],
            [
              -117.64993500034376,
              33.52826699989831
            ],
            [
              -117.64961899997624,
              33.52807300020597
            ],
            [
              -117.64927699966948,
              33.52786300012569
            ],
            [
              -117.64890099992584,
              33.52763200019721
            ],
            [
              -117.64860200017512,
              33.527448000036316
            ],
            [
              -117.64835600012783,
              33.52729700007984
            ],
            [
              -117.64813400036996,
              33.52716100022062
            ],
            [
              -117.64759399969648,
              33.52679100029218
            ],
            [
              -117.64736100006797,
              33.52707100026231
            ],
            [
              -117.64734799964917,
              33.527302000191725
            ],
            [
              -117.6474199996192,
              33.52760500029167
            ],
            [
              -117.64746400000013,
              33.527686999701245
            ],
            [
              -117.64755100003877,
              33.52785200025006
            ],
            [
              -117.64750500000802,
              33.52806099989419
            ],
            [
              -117.64733799960347,
              33.52814799968312
            ],
            [
              -117.64729499994576,
              33.528170999819295
            ],
            [
              -117.64725399993787,
              33.528281000353324
            ],
            [
              -117.6472299996484,
              33.5283449998372
            ],
            [
              -117.64614300042538,
              33.52779599963619
            ],
            [
              -117.64311200021513,
              33.52915900018535
            ],
            [
              -117.64262699979322,
              33.53003400026582
            ],
            [
              -117.64026299957976,
              33.52937100026025
            ],
            [
              -117.63989900043,
              33.52927700005806
            ],
            [
              -117.63969799969023,
              33.52923900021817
            ],
            [
              -117.63917299998369,
              33.52911600028688
            ],
            [
              -117.63825699956654,
              33.52853299991915
            ],
            [
              -117.63805700044834,
              33.52840499968471
            ],
            [
              -117.63702800005329,
              33.52774799972299
            ],
            [
              -117.63654600000447,
              33.52747200007947
            ],
            [
              -117.63614299959833,
              33.52726200003742
            ],
            [
              -117.63502600023807,
              33.52722799970445
            ],
            [
              -117.630887999815,
              33.528788000114076
            ],
            [
              -117.63011500041134,
              33.530391999808764
            ],
            [
              -117.62990799982377,
              33.53082300015347
            ],
            [
              -117.6289239996346,
              33.530952999913886
            ],
            [
              -117.62725400008037,
              33.53117499985928
            ],
            [
              -117.62654100005287,
              33.531981999847474
            ],
            [
              -117.62473500005619,
              33.53402600014337
            ],
            [
              -117.62413599983148,
              33.53470400019722
            ],
            [
              -117.62416299959567,
              33.53475400001497
            ],
            [
              -117.62436900035831,
              33.53513599964488
            ],
            [
              -117.62476500019342,
              33.535943000099564
            ],
            [
              -117.62525499973988,
              33.53686500016966
            ],
            [
              -117.62558199997804,
              33.53755700012262
            ],
            [
              -117.62610400020984,
              33.538558000252124
            ],
            [
              -117.6268880003825,
              33.540300000152165
            ],
            [
              -117.62691299959853,
              33.54035499983383
            ],
            [
              -117.62693799971288,
              33.54040899990935
            ],
            [
              -117.62760899990764,
              33.541740000020795
            ],
            [
              -117.6278530003051,
              33.54225900005965
            ],
            [
              -117.62816600029954,
              33.54291200014441
            ],
            [
              -117.62866599989174,
              33.54403300015756
            ],
            [
              -117.62890600009123,
              33.54453999963257
            ],
            [
              -117.62906699974974,
              33.54494299981952
            ],
            [
              -117.62916100035937,
              33.545260000186154
            ],
            [
              -117.62918200027578,
              33.54533100017261
            ],
            [
              -117.62900900002339,
              33.54538099983284
            ],
            [
              -117.62908299964326,
              33.54559299980779
            ],
            [
              -117.62928199983489,
              33.54631200032062
            ],
            [
              -117.62941499990427,
              33.5475179996862
            ],
            [
              -117.62945300043742,
              33.5483579998742
            ],
            [
              -117.62945400026231,
              33.54855100023706
            ],
            [
              -117.62946699978282,
              33.549819000178495
            ],
            [
              -117.62951199998867,
              33.55148199978971
            ],
            [
              -117.62952799988217,
              33.55156600014032
            ],
            [
              -117.62953299990507,
              33.551591999858005
            ],
            [
              -117.62953899975282,
              33.55166400007187
            ],
            [
              -117.62954200012588,
              33.551690999949436
            ],
            [
              -117.62954399977569,
              33.55171600018902
            ],
            [
              -117.62733699992106,
              33.551881999979244
            ],
            [
              -117.62628199958677,
              33.553998000332555
            ],
            [
              -117.62481700007199,
              33.55495699981048
            ],
            [
              -117.62609499998902,
              33.5559589999127
            ],
            [
              -117.6256770004126,
              33.55674600019688
            ],
            [
              -117.62560200006953,
              33.55865100018746
            ],
            [
              -117.62694100008592,
              33.55886899968035
            ],
            [
              -117.62752799971676,
              33.55978099973111
            ],
            [
              -117.6274230001348,
              33.56073400037135
            ],
            [
              -117.62640200013567,
              33.56137399980826
            ],
            [
              -117.62625599964748,
              33.562738000139895
            ],
            [
              -117.62589999999535,
              33.56294499989567
            ],
            [
              -117.62583399987311,
              33.56307600005244
            ],
            [
              -117.62544899990866,
              33.565300999945414
            ],
            [
              -117.62625099962463,
              33.5652219996417
            ],
            [
              -117.62633299964038,
              33.56597400001924
            ],
            [
              -117.62670099988641,
              33.5688430003037
            ],
            [
              -117.62940099966058,
              33.568148000164854
            ],
            [
              -117.62943300034595,
              33.568211000068764
            ],
            [
              -117.62970000030965,
              33.568641999675435
            ],
            [
              -117.6299589998774,
              33.568989000332614
            ],
            [
              -117.6302190001684,
              33.56932099981769
            ],
            [
              -117.63082099986784,
              33.569869999706924
            ],
            [
              -117.63174399995765,
              33.57068299967831
            ],
            [
              -117.63178999998841,
              33.57072100000708
            ],
            [
              -117.63218699964844,
              33.571128999883264
            ],
            [
              -117.63246200000806,
              33.57149900010706
            ],
            [
              -117.632682999941,
              33.57181199975208
            ],
            [
              -117.6328889998053,
              33.57220800029054
            ],
            [
              -117.6330570000348,
              33.57263199977569
            ],
            [
              -117.63320199979975,
              33.573071000049225
            ],
            [
              -117.63329100038652,
              33.57357499994107
            ],
            [
              -117.63330800010498,
              33.57399000006804
            ],
            [
              -117.63326999957181,
              33.57449000013197
            ],
            [
              -117.63326999957181,
              33.57458199995405
            ],
            [
              -117.6332470000056,
              33.57466099992633
            ],
            [
              -117.63315900014206,
              33.57500900026053
            ],
            [
              -117.63336500000639,
              33.57507199964844
            ],
            [
              -117.63408800007966,
              33.57529300009578
            ],
            [
              -117.63477500016792,
              33.57550400009311
            ],
            [
              -117.63614900034443,
              33.575443000100755
            ],
            [
              -117.6364149995849,
              33.57526999977758
            ],
            [
              -117.63666499983016,
              33.57519699986597
            ],
            [
              -117.63683999973233,
              33.57516400034707
            ],
            [
              -117.63696500030413,
              33.57511300004513
            ],
            [
              -117.63854299979683,
              33.57446100004576
            ],
            [
              -117.63863099966038,
              33.5744470003361
            ],
            [
              -117.63868900028501,
              33.574379000110454
            ],
            [
              -117.63870199980546,
              33.57425500013332
            ],
            [
              -117.63869000010992,
              33.57417200007329
            ],
            [
              -117.63870600000344,
              33.57408700007333
            ],
            [
              -117.6387880000192,
              33.57397099987673
            ],
            [
              -117.63890400037016,
              33.57384099971636
            ],
            [
              -117.6390130001501,
              33.57373599996209
            ],
            [
              -117.63911299970924,
              33.573646999792345
            ],
            [
              -117.63917600035674,
              33.57354399967475
            ],
            [
              -117.63929900038038,
              33.57339899980235
            ],
            [
              -117.63949900039692,
              33.57332399992764
            ],
            [
              -117.63973700004829,
              33.57333300012562
            ],
            [
              -117.63992500036926,
              33.57337000009802
            ],
            [
              -117.64003099977617,
              33.57335600021148
            ],
            [
              -117.64018499976194,
              33.573326999744225
            ],
            [
              -117.64034799996855,
              33.57327699979329
            ],
            [
              -117.64044599987785,
              33.573234000141646
            ],
            [
              -117.64060099968856,
              33.57315600030115
            ],
            [
              -117.64071700003952,
              33.573097000029534
            ],
            [
              -117.64079800023036,
              33.573070000107435
            ],
            [
              -117.64092600027686,
              33.5730020002939
            ],
            [
              -117.6410829997374,
              33.57298499977083
            ],
            [
              -117.64120599976104,
              33.572949000325096
            ],
            [
              -117.64131700008916,
              33.57287300011529
            ],
            [
              -117.64145500018138,
              33.572761000314436
            ],
            [
              -117.64153999967189,
              33.572697000042254
            ],
            [
              -117.64162400023578,
              33.572600999919196
            ],
            [
              -117.64164799962693,
              33.57250599963778
            ],
            [
              -117.64167000026656,
              33.57239799990781
            ],
            [
              -117.64163599993137,
              33.572276999932036
            ],
            [
              -117.64162599988563,
              33.57221799980812
            ],
            [
              -117.64161300036513,
              33.57211700013669
            ],
            [
              -117.64159300027366,
              33.57204800036731
            ],
            [
              -117.64158499987775,
              33.571964999682166
            ],
            [
              -117.6416099999921,
              33.57189899965752
            ],
            [
              -117.64164699980202,
              33.57179499974315
            ],
            [
              -117.64163900030442,
              33.57171100035412
            ],
            [
              -117.64161199964191,
              33.571643000218636
            ],
            [
              -117.64161199964191,
              33.57158900020491
            ],
            [
              -117.64165799967269,
              33.571542999833994
            ],
            [
              -117.64171799994713,
              33.57149500026686
            ],
            [
              -117.6418009997878,
              33.57144899984584
            ],
            [
              -117.64188399962849,
              33.571403000148756
            ],
            [
              -117.6419339998572,
              33.57132000034046
            ],
            [
              -117.64197300021523,
              33.571143000130974
            ],
            [
              -117.64198800028386,
              33.57098800030918
            ],
            [
              -117.6420400001624,
              33.57080700029548
            ],
            [
              -117.64214999976724,
              33.570543000095434
            ],
            [
              -117.64221699971444,
              33.570335999841696
            ],
            [
              -117.6422650002933,
              33.570138000371216
            ],
            [
              -117.64230100027831,
              33.56992500002557
            ],
            [
              -117.64235900000463,
              33.5698709996858
            ],
            [
              -117.64250100029486,
              33.56977100024254
            ],
            [
              -117.64265000025779,
              33.56972399967081
            ],
            [
              -117.64289299993202,
              33.56967199991624
            ],
            [
              -117.64312899993355,
              33.56984900014756
            ],
            [
              -117.64330499966064,
              33.569906999666564
            ],
            [
              -117.64347200006523,
              33.569932999851275
            ],
            [
              -117.64362799970085,
              33.56990900037197
            ],
            [
              -117.64378099986173,
              33.56985999991738
            ],
            [
              -117.644179000245,
              33.56974899993038
            ],
            [
              -117.64444899968342,
              33.56968499967065
            ],
            [
              -117.64461299971495,
              33.56964199972685
            ],
            [
              -117.64482600015029,
              33.56961300025746
            ],
            [
              -117.6450539997559,
              33.56961200027555
            ],
            [
              -117.6452439997267,
              33.5696610001224
            ],
            [
              -117.64557900036078,
              33.56980300034646
            ],
            [
              -117.6457149999049,
              33.569867999749114
            ],
            [
              -117.64590800024875,
              33.56968399968963
            ],
            [
              -117.64641600023687,
              33.569040999750115
            ],
            [
              -117.64678799978253,
              33.568397000265364
            ],
            [
              -117.64739799987791,
              33.567617999901636
            ],
            [
              -117.64773599998671,
              33.56700899996187
            ],
            [
              -117.64865099968058,
              33.56639900019873
            ],
            [
              -117.64885400007019,
              33.56595899965766
            ],
            [
              -117.64922599961587,
              33.56528200008743
            ],
            [
              -117.64993799981849,
              33.564231999741715
            ],
            [
              -117.65102099974186,
              33.56372399975097
            ],
            [
              -117.65252399978979,
              33.56291100012532
            ],
            [
              -117.65266199988207,
              33.562717000343085
            ],
            [
              -117.65343500018406,
              33.56275999999288
            ],
            [
              -117.65368200005626,
              33.56280799992479
            ],
            [
              -117.65383000019428,
              33.562851000277774
            ],
            [
              -117.65391800005781,
              33.562852000338
            ],
            [
              -117.6541840001966,
              33.56285499976994
            ],
            [
              -117.65427299988505,
              33.562855999830035
            ],
            [
              -117.6544160000002,
              33.56285699989014
            ],
            [
              -117.65448999962001,
              33.56285799995027
            ],
            [
              -117.6545430002218,
              33.562638999983704
            ],
            [
              -117.65465000035192,
              33.562040000058154
            ],
            [
              -117.6547399998653,
              33.561498000320334
            ],
            [
              -117.65494099970672,
              33.56069500005351
            ],
            [
              -117.65655300043295,
              33.558859000113976
            ],
            [
              -117.65665999966478,
              33.5587340001966
            ],
            [
              -117.65901700020555,
              33.55604999987748
            ]
          ]
        ]
      },
      "properties": {
        "year": 2000,
        "communityStatus": "active_construction_and_occupancy",
        "tractMapsRecordedByYear": "20",
        "tractMapsRecordedCumulative": "35",
        "homesSoldAsOf": "562",
        "activeSchoolCount": "0",
        "documentedMilestones": "Oak Knoll Clubhouse opens",
        "ranchlandStatus": "Not quantified",
        "gradingStatus": "Unknown",
        "roadStatus": "Unknown",
        "utilityStatus": "Unknown",
        "confidence": "medium",
        "sourceIds": "LH-SRC-LARMAC-TIMELINE",
        "limitations": "No permit-level construction status",
        "featureType": "community_snapshot",
        "geometryPrecision": "current official CDP boundary used as display extent",
        "statementClass": "documented_approximate"
      }
    },
    {
      "type": "Feature",
      "geometry": {
        "type": "Polygon",
        "coordinates": [
          [
            [
              -117.65901700020555,
              33.55604999987748
            ],
            [
              -117.65900799998471,
              33.55262800015006
            ],
            [
              -117.65901200018268,
              33.55096799998285
            ],
            [
              -117.65900899980963,
              33.54848100012809
            ],
            [
              -117.65899799993898,
              33.539651000366405
            ],
            [
              -117.65899299991611,
              33.53468500034876
            ],
            [
              -117.65899200009119,
              33.533833000290066
            ],
            [
              -117.65741799989812,
              33.53286500007811
            ],
            [
              -117.65722100025464,
              33.532744000131956
            ],
            [
              -117.65705399985005,
              33.53264099990822
            ],
            [
              -117.65678600006144,
              33.53247699992398
            ],
            [
              -117.65671099971838,
              33.53243099968987
            ],
            [
              -117.65620299973027,
              33.53211900002822
            ],
            [
              -117.65576300041253,
              33.531850000047314
            ],
            [
              -117.65532200037157,
              33.531578000209414
            ],
            [
              -117.65422699985432,
              33.53090500025554
            ],
            [
              -117.65417900017373,
              33.53087700019289
            ],
            [
              -117.65349999958308,
              33.53045800009815
            ],
            [
              -117.65347500036702,
              33.5304430003091
            ],
            [
              -117.65331800000821,
              33.530346999650625
            ],
            [
              -117.65323500016753,
              33.53044199987381
            ],
            [
              -117.65300400018883,
              33.53064800019615
            ],
            [
              -117.65261099982845,
              33.53087299996926
            ],
            [
              -117.65232899979614,
              33.53079799986035
            ],
            [
              -117.6521420001984,
              33.530748999684164
            ],
            [
              -117.65204199974097,
              33.53062700008758
            ],
            [
              -117.65180900011248,
              33.530341999714814
            ],
            [
              -117.65163400021028,
              33.5301890001913
            ],
            [
              -117.65150600016376,
              33.53007699970777
            ],
            [
              -117.65121599973554,
              33.52982799997833
            ],
            [
              -117.6511930001693,
              33.5298080001133
            ],
            [
              -117.65088799967249,
              33.52961699997111
            ],
            [
              -117.6505730000282,
              33.529419999719664
            ],
            [
              -117.65081800025058,
              33.52910400011985
            ],
            [
              -117.65109500026003,
              33.529084999789575
            ],
            [
              -117.65125199972054,
              33.52907699992514
            ],
            [
              -117.6510299999627,
              33.528940999870095
            ],
            [
              -117.65085699971036,
              33.528834000039836
            ],
            [
              -117.65077800006762,
              33.52878599995398
            ],
            [
              -117.65051199992885,
              33.528622000146065
            ],
            [
              -117.6502330002696,
              33.52845000010467
            ],
            [
              -117.64993500034376,
              33.52826699989831
            ],
            [
              -117.64961899997624,
              33.52807300020597
            ],
            [
              -117.64927699966948,
              33.52786300012569
            ],
            [
              -117.64890099992584,
              33.52763200019721
            ],
            [
              -117.64860200017512,
              33.527448000036316
            ],
            [
              -117.64835600012783,
              33.52729700007984
            ],
            [
              -117.64813400036996,
              33.52716100022062
            ],
            [
              -117.64759399969648,
              33.52679100029218
            ],
            [
              -117.64736100006797,
              33.52707100026231
            ],
            [
              -117.64734799964917,
              33.527302000191725
            ],
            [
              -117.6474199996192,
              33.52760500029167
            ],
            [
              -117.64746400000013,
              33.527686999701245
            ],
            [
              -117.64755100003877,
              33.52785200025006
            ],
            [
              -117.64750500000802,
              33.52806099989419
            ],
            [
              -117.64733799960347,
              33.52814799968312
            ],
            [
              -117.64729499994576,
              33.528170999819295
            ],
            [
              -117.64725399993787,
              33.528281000353324
            ],
            [
              -117.6472299996484,
              33.5283449998372
            ],
            [
              -117.64614300042538,
              33.52779599963619
            ],
            [
              -117.64311200021513,
              33.52915900018535
            ],
            [
              -117.64262699979322,
              33.53003400026582
            ],
            [
              -117.64026299957976,
              33.52937100026025
            ],
            [
              -117.63989900043,
              33.52927700005806
            ],
            [
              -117.63969799969023,
              33.52923900021817
            ],
            [
              -117.63917299998369,
              33.52911600028688
            ],
            [
              -117.63825699956654,
              33.52853299991915
            ],
            [
              -117.63805700044834,
              33.52840499968471
            ],
            [
              -117.63702800005329,
              33.52774799972299
            ],
            [
              -117.63654600000447,
              33.52747200007947
            ],
            [
              -117.63614299959833,
              33.52726200003742
            ],
            [
              -117.63502600023807,
              33.52722799970445
            ],
            [
              -117.630887999815,
              33.528788000114076
            ],
            [
              -117.63011500041134,
              33.530391999808764
            ],
            [
              -117.62990799982377,
              33.53082300015347
            ],
            [
              -117.6289239996346,
              33.530952999913886
            ],
            [
              -117.62725400008037,
              33.53117499985928
            ],
            [
              -117.62654100005287,
              33.531981999847474
            ],
            [
              -117.62473500005619,
              33.53402600014337
            ],
            [
              -117.62413599983148,
              33.53470400019722
            ],
            [
              -117.62416299959567,
              33.53475400001497
            ],
            [
              -117.62436900035831,
              33.53513599964488
            ],
            [
              -117.62476500019342,
              33.535943000099564
            ],
            [
              -117.62525499973988,
              33.53686500016966
            ],
            [
              -117.62558199997804,
              33.53755700012262
            ],
            [
              -117.62610400020984,
              33.538558000252124
            ],
            [
              -117.6268880003825,
              33.540300000152165
            ],
            [
              -117.62691299959853,
              33.54035499983383
            ],
            [
              -117.62693799971288,
              33.54040899990935
            ],
            [
              -117.62760899990764,
              33.541740000020795
            ],
            [
              -117.6278530003051,
              33.54225900005965
            ],
            [
              -117.62816600029954,
              33.54291200014441
            ],
            [
              -117.62866599989174,
              33.54403300015756
            ],
            [
              -117.62890600009123,
              33.54453999963257
            ],
            [
              -117.62906699974974,
              33.54494299981952
            ],
            [
              -117.62916100035937,
              33.545260000186154
            ],
            [
              -117.62918200027578,
              33.54533100017261
            ],
            [
              -117.62900900002339,
              33.54538099983284
            ],
            [
              -117.62908299964326,
              33.54559299980779
            ],
            [
              -117.62928199983489,
              33.54631200032062
            ],
            [
              -117.62941499990427,
              33.5475179996862
            ],
            [
              -117.62945300043742,
              33.5483579998742
            ],
            [
              -117.62945400026231,
              33.54855100023706
            ],
            [
              -117.62946699978282,
              33.549819000178495
            ],
            [
              -117.62951199998867,
              33.55148199978971
            ],
            [
              -117.62952799988217,
              33.55156600014032
            ],
            [
              -117.62953299990507,
              33.551591999858005
            ],
            [
              -117.62953899975282,
              33.55166400007187
            ],
            [
              -117.62954200012588,
              33.551690999949436
            ],
            [
              -117.62954399977569,
              33.55171600018902
            ],
            [
              -117.62733699992106,
              33.551881999979244
            ],
            [
              -117.62628199958677,
              33.553998000332555
            ],
            [
              -117.62481700007199,
              33.55495699981048
            ],
            [
              -117.62609499998902,
              33.5559589999127
            ],
            [
              -117.6256770004126,
              33.55674600019688
            ],
            [
              -117.62560200006953,
              33.55865100018746
            ],
            [
              -117.62694100008592,
              33.55886899968035
            ],
            [
              -117.62752799971676,
              33.55978099973111
            ],
            [
              -117.6274230001348,
              33.56073400037135
            ],
            [
              -117.62640200013567,
              33.56137399980826
            ],
            [
              -117.62625599964748,
              33.562738000139895
            ],
            [
              -117.62589999999535,
              33.56294499989567
            ],
            [
              -117.62583399987311,
              33.56307600005244
            ],
            [
              -117.62544899990866,
              33.565300999945414
            ],
            [
              -117.62625099962463,
              33.5652219996417
            ],
            [
              -117.62633299964038,
              33.56597400001924
            ],
            [
              -117.62670099988641,
              33.5688430003037
            ],
            [
              -117.62940099966058,
              33.568148000164854
            ],
            [
              -117.62943300034595,
              33.568211000068764
            ],
            [
              -117.62970000030965,
              33.568641999675435
            ],
            [
              -117.6299589998774,
              33.568989000332614
            ],
            [
              -117.6302190001684,
              33.56932099981769
            ],
            [
              -117.63082099986784,
              33.569869999706924
            ],
            [
              -117.63174399995765,
              33.57068299967831
            ],
            [
              -117.63178999998841,
              33.57072100000708
            ],
            [
              -117.63218699964844,
              33.571128999883264
            ],
            [
              -117.63246200000806,
              33.57149900010706
            ],
            [
              -117.632682999941,
              33.57181199975208
            ],
            [
              -117.6328889998053,
              33.57220800029054
            ],
            [
              -117.6330570000348,
              33.57263199977569
            ],
            [
              -117.63320199979975,
              33.573071000049225
            ],
            [
              -117.63329100038652,
              33.57357499994107
            ],
            [
              -117.63330800010498,
              33.57399000006804
            ],
            [
              -117.63326999957181,
              33.57449000013197
            ],
            [
              -117.63326999957181,
              33.57458199995405
            ],
            [
              -117.6332470000056,
              33.57466099992633
            ],
            [
              -117.63315900014206,
              33.57500900026053
            ],
            [
              -117.63336500000639,
              33.57507199964844
            ],
            [
              -117.63408800007966,
              33.57529300009578
            ],
            [
              -117.63477500016792,
              33.57550400009311
            ],
            [
              -117.63614900034443,
              33.575443000100755
            ],
            [
              -117.6364149995849,
              33.57526999977758
            ],
            [
              -117.63666499983016,
              33.57519699986597
            ],
            [
              -117.63683999973233,
              33.57516400034707
            ],
            [
              -117.63696500030413,
              33.57511300004513
            ],
            [
              -117.63854299979683,
              33.57446100004576
            ],
            [
              -117.63863099966038,
              33.5744470003361
            ],
            [
              -117.63868900028501,
              33.574379000110454
            ],
            [
              -117.63870199980546,
              33.57425500013332
            ],
            [
              -117.63869000010992,
              33.57417200007329
            ],
            [
              -117.63870600000344,
              33.57408700007333
            ],
            [
              -117.6387880000192,
              33.57397099987673
            ],
            [
              -117.63890400037016,
              33.57384099971636
            ],
            [
              -117.6390130001501,
              33.57373599996209
            ],
            [
              -117.63911299970924,
              33.573646999792345
            ],
            [
              -117.63917600035674,
              33.57354399967475
            ],
            [
              -117.63929900038038,
              33.57339899980235
            ],
            [
              -117.63949900039692,
              33.57332399992764
            ],
            [
              -117.63973700004829,
              33.57333300012562
            ],
            [
              -117.63992500036926,
              33.57337000009802
            ],
            [
              -117.64003099977617,
              33.57335600021148
            ],
            [
              -117.64018499976194,
              33.573326999744225
            ],
            [
              -117.64034799996855,
              33.57327699979329
            ],
            [
              -117.64044599987785,
              33.573234000141646
            ],
            [
              -117.64060099968856,
              33.57315600030115
            ],
            [
              -117.64071700003952,
              33.573097000029534
            ],
            [
              -117.64079800023036,
              33.573070000107435
            ],
            [
              -117.64092600027686,
              33.5730020002939
            ],
            [
              -117.6410829997374,
              33.57298499977083
            ],
            [
              -117.64120599976104,
              33.572949000325096
            ],
            [
              -117.64131700008916,
              33.57287300011529
            ],
            [
              -117.64145500018138,
              33.572761000314436
            ],
            [
              -117.64153999967189,
              33.572697000042254
            ],
            [
              -117.64162400023578,
              33.572600999919196
            ],
            [
              -117.64164799962693,
              33.57250599963778
            ],
            [
              -117.64167000026656,
              33.57239799990781
            ],
            [
              -117.64163599993137,
              33.572276999932036
            ],
            [
              -117.64162599988563,
              33.57221799980812
            ],
            [
              -117.64161300036513,
              33.57211700013669
            ],
            [
              -117.64159300027366,
              33.57204800036731
            ],
            [
              -117.64158499987775,
              33.571964999682166
            ],
            [
              -117.6416099999921,
              33.57189899965752
            ],
            [
              -117.64164699980202,
              33.57179499974315
            ],
            [
              -117.64163900030442,
              33.57171100035412
            ],
            [
              -117.64161199964191,
              33.571643000218636
            ],
            [
              -117.64161199964191,
              33.57158900020491
            ],
            [
              -117.64165799967269,
              33.571542999833994
            ],
            [
              -117.64171799994713,
              33.57149500026686
            ],
            [
              -117.6418009997878,
              33.57144899984584
            ],
            [
              -117.64188399962849,
              33.571403000148756
            ],
            [
              -117.6419339998572,
              33.57132000034046
            ],
            [
              -117.64197300021523,
              33.571143000130974
            ],
            [
              -117.64198800028386,
              33.57098800030918
            ],
            [
              -117.6420400001624,
              33.57080700029548
            ],
            [
              -117.64214999976724,
              33.570543000095434
            ],
            [
              -117.64221699971444,
              33.570335999841696
            ],
            [
              -117.6422650002933,
              33.570138000371216
            ],
            [
              -117.64230100027831,
              33.56992500002557
            ],
            [
              -117.64235900000463,
              33.5698709996858
            ],
            [
              -117.64250100029486,
              33.56977100024254
            ],
            [
              -117.64265000025779,
              33.56972399967081
            ],
            [
              -117.64289299993202,
              33.56967199991624
            ],
            [
              -117.64312899993355,
              33.56984900014756
            ],
            [
              -117.64330499966064,
              33.569906999666564
            ],
            [
              -117.64347200006523,
              33.569932999851275
            ],
            [
              -117.64362799970085,
              33.56990900037197
            ],
            [
              -117.64378099986173,
              33.56985999991738
            ],
            [
              -117.644179000245,
              33.56974899993038
            ],
            [
              -117.64444899968342,
              33.56968499967065
            ],
            [
              -117.64461299971495,
              33.56964199972685
            ],
            [
              -117.64482600015029,
              33.56961300025746
            ],
            [
              -117.6450539997559,
              33.56961200027555
            ],
            [
              -117.6452439997267,
              33.5696610001224
            ],
            [
              -117.64557900036078,
              33.56980300034646
            ],
            [
              -117.6457149999049,
              33.569867999749114
            ],
            [
              -117.64590800024875,
              33.56968399968963
            ],
            [
              -117.64641600023687,
              33.569040999750115
            ],
            [
              -117.64678799978253,
              33.568397000265364
            ],
            [
              -117.64739799987791,
              33.567617999901636
            ],
            [
              -117.64773599998671,
              33.56700899996187
            ],
            [
              -117.64865099968058,
              33.56639900019873
            ],
            [
              -117.64885400007019,
              33.56595899965766
            ],
            [
              -117.64922599961587,
              33.56528200008743
            ],
            [
              -117.64993799981849,
              33.564231999741715
            ],
            [
              -117.65102099974186,
              33.56372399975097
            ],
            [
              -117.65252399978979,
              33.56291100012532
            ],
            [
              -117.65266199988207,
              33.562717000343085
            ],
            [
              -117.65343500018406,
              33.56275999999288
            ],
            [
              -117.65368200005626,
              33.56280799992479
            ],
            [
              -117.65383000019428,
              33.562851000277774
            ],
            [
              -117.65391800005781,
              33.562852000338
            ],
            [
              -117.6541840001966,
              33.56285499976994
            ],
            [
              -117.65427299988505,
              33.562855999830035
            ],
            [
              -117.6544160000002,
              33.56285699989014
            ],
            [
              -117.65448999962001,
              33.56285799995027
            ],
            [
              -117.6545430002218,
              33.562638999983704
            ],
            [
              -117.65465000035192,
              33.562040000058154
            ],
            [
              -117.6547399998653,
              33.561498000320334
            ],
            [
              -117.65494099970672,
              33.56069500005351
            ],
            [
              -117.65655300043295,
              33.558859000113976
            ],
            [
              -117.65665999966478,
              33.5587340001966
            ],
            [
              -117.65901700020555,
              33.55604999987748
            ]
          ]
        ]
      },
      "properties": {
        "year": 2001,
        "communityStatus": "active_construction_and_occupancy",
        "tractMapsRecordedByYear": "24",
        "tractMapsRecordedCumulative": "59",
        "homesSoldAsOf": "1546",
        "activeSchoolCount": "1",
        "documentedMilestones": "Sports Park Chaparral School Bridgepark Plaza and Town Green open",
        "ranchlandStatus": "Not quantified",
        "gradingStatus": "Unknown",
        "roadStatus": "Unknown",
        "utilityStatus": "Unknown",
        "confidence": "medium",
        "sourceIds": "LH-SRC-LARMAC-TIMELINE;LH-SRC-CUSD-CHAPARRAL",
        "limitations": "School count treats September opening as active by year end",
        "featureType": "community_snapshot",
        "geometryPrecision": "current official CDP boundary used as display extent",
        "statementClass": "documented_approximate"
      }
    },
    {
      "type": "Feature",
      "geometry": {
        "type": "Polygon",
        "coordinates": [
          [
            [
              -117.65901700020555,
              33.55604999987748
            ],
            [
              -117.65900799998471,
              33.55262800015006
            ],
            [
              -117.65901200018268,
              33.55096799998285
            ],
            [
              -117.65900899980963,
              33.54848100012809
            ],
            [
              -117.65899799993898,
              33.539651000366405
            ],
            [
              -117.65899299991611,
              33.53468500034876
            ],
            [
              -117.65899200009119,
              33.533833000290066
            ],
            [
              -117.65741799989812,
              33.53286500007811
            ],
            [
              -117.65722100025464,
              33.532744000131956
            ],
            [
              -117.65705399985005,
              33.53264099990822
            ],
            [
              -117.65678600006144,
              33.53247699992398
            ],
            [
              -117.65671099971838,
              33.53243099968987
            ],
            [
              -117.65620299973027,
              33.53211900002822
            ],
            [
              -117.65576300041253,
              33.531850000047314
            ],
            [
              -117.65532200037157,
              33.531578000209414
            ],
            [
              -117.65422699985432,
              33.53090500025554
            ],
            [
              -117.65417900017373,
              33.53087700019289
            ],
            [
              -117.65349999958308,
              33.53045800009815
            ],
            [
              -117.65347500036702,
              33.5304430003091
            ],
            [
              -117.65331800000821,
              33.530346999650625
            ],
            [
              -117.65323500016753,
              33.53044199987381
            ],
            [
              -117.65300400018883,
              33.53064800019615
            ],
            [
              -117.65261099982845,
              33.53087299996926
            ],
            [
              -117.65232899979614,
              33.53079799986035
            ],
            [
              -117.6521420001984,
              33.530748999684164
            ],
            [
              -117.65204199974097,
              33.53062700008758
            ],
            [
              -117.65180900011248,
              33.530341999714814
            ],
            [
              -117.65163400021028,
              33.5301890001913
            ],
            [
              -117.65150600016376,
              33.53007699970777
            ],
            [
              -117.65121599973554,
              33.52982799997833
            ],
            [
              -117.6511930001693,
              33.5298080001133
            ],
            [
              -117.65088799967249,
              33.52961699997111
            ],
            [
              -117.6505730000282,
              33.529419999719664
            ],
            [
              -117.65081800025058,
              33.52910400011985
            ],
            [
              -117.65109500026003,
              33.529084999789575
            ],
            [
              -117.65125199972054,
              33.52907699992514
            ],
            [
              -117.6510299999627,
              33.528940999870095
            ],
            [
              -117.65085699971036,
              33.528834000039836
            ],
            [
              -117.65077800006762,
              33.52878599995398
            ],
            [
              -117.65051199992885,
              33.528622000146065
            ],
            [
              -117.6502330002696,
              33.52845000010467
            ],
            [
              -117.64993500034376,
              33.52826699989831
            ],
            [
              -117.64961899997624,
              33.52807300020597
            ],
            [
              -117.64927699966948,
              33.52786300012569
            ],
            [
              -117.64890099992584,
              33.52763200019721
            ],
            [
              -117.64860200017512,
              33.527448000036316
            ],
            [
              -117.64835600012783,
              33.52729700007984
            ],
            [
              -117.64813400036996,
              33.52716100022062
            ],
            [
              -117.64759399969648,
              33.52679100029218
            ],
            [
              -117.64736100006797,
              33.52707100026231
            ],
            [
              -117.64734799964917,
              33.527302000191725
            ],
            [
              -117.6474199996192,
              33.52760500029167
            ],
            [
              -117.64746400000013,
              33.527686999701245
            ],
            [
              -117.64755100003877,
              33.52785200025006
            ],
            [
              -117.64750500000802,
              33.52806099989419
            ],
            [
              -117.64733799960347,
              33.52814799968312
            ],
            [
              -117.64729499994576,
              33.528170999819295
            ],
            [
              -117.64725399993787,
              33.528281000353324
            ],
            [
              -117.6472299996484,
              33.5283449998372
            ],
            [
              -117.64614300042538,
              33.52779599963619
            ],
            [
              -117.64311200021513,
              33.52915900018535
            ],
            [
              -117.64262699979322,
              33.53003400026582
            ],
            [
              -117.64026299957976,
              33.52937100026025
            ],
            [
              -117.63989900043,
              33.52927700005806
            ],
            [
              -117.63969799969023,
              33.52923900021817
            ],
            [
              -117.63917299998369,
              33.52911600028688
            ],
            [
              -117.63825699956654,
              33.52853299991915
            ],
            [
              -117.63805700044834,
              33.52840499968471
            ],
            [
              -117.63702800005329,
              33.52774799972299
            ],
            [
              -117.63654600000447,
              33.52747200007947
            ],
            [
              -117.63614299959833,
              33.52726200003742
            ],
            [
              -117.63502600023807,
              33.52722799970445
            ],
            [
              -117.630887999815,
              33.528788000114076
            ],
            [
              -117.63011500041134,
              33.530391999808764
            ],
            [
              -117.62990799982377,
              33.53082300015347
            ],
            [
              -117.6289239996346,
              33.530952999913886
            ],
            [
              -117.62725400008037,
              33.53117499985928
            ],
            [
              -117.62654100005287,
              33.531981999847474
            ],
            [
              -117.62473500005619,
              33.53402600014337
            ],
            [
              -117.62413599983148,
              33.53470400019722
            ],
            [
              -117.62416299959567,
              33.53475400001497
            ],
            [
              -117.62436900035831,
              33.53513599964488
            ],
            [
              -117.62476500019342,
              33.535943000099564
            ],
            [
              -117.62525499973988,
              33.53686500016966
            ],
            [
              -117.62558199997804,
              33.53755700012262
            ],
            [
              -117.62610400020984,
              33.538558000252124
            ],
            [
              -117.6268880003825,
              33.540300000152165
            ],
            [
              -117.62691299959853,
              33.54035499983383
            ],
            [
              -117.62693799971288,
              33.54040899990935
            ],
            [
              -117.62760899990764,
              33.541740000020795
            ],
            [
              -117.6278530003051,
              33.54225900005965
            ],
            [
              -117.62816600029954,
              33.54291200014441
            ],
            [
              -117.62866599989174,
              33.54403300015756
            ],
            [
              -117.62890600009123,
              33.54453999963257
            ],
            [
              -117.62906699974974,
              33.54494299981952
            ],
            [
              -117.62916100035937,
              33.545260000186154
            ],
            [
              -117.62918200027578,
              33.54533100017261
            ],
            [
              -117.62900900002339,
              33.54538099983284
            ],
            [
              -117.62908299964326,
              33.54559299980779
            ],
            [
              -117.62928199983489,
              33.54631200032062
            ],
            [
              -117.62941499990427,
              33.5475179996862
            ],
            [
              -117.62945300043742,
              33.5483579998742
            ],
            [
              -117.62945400026231,
              33.54855100023706
            ],
            [
              -117.62946699978282,
              33.549819000178495
            ],
            [
              -117.62951199998867,
              33.55148199978971
            ],
            [
              -117.62952799988217,
              33.55156600014032
            ],
            [
              -117.62953299990507,
              33.551591999858005
            ],
            [
              -117.62953899975282,
              33.55166400007187
            ],
            [
              -117.62954200012588,
              33.551690999949436
            ],
            [
              -117.62954399977569,
              33.55171600018902
            ],
            [
              -117.62733699992106,
              33.551881999979244
            ],
            [
              -117.62628199958677,
              33.553998000332555
            ],
            [
              -117.62481700007199,
              33.55495699981048
            ],
            [
              -117.62609499998902,
              33.5559589999127
            ],
            [
              -117.6256770004126,
              33.55674600019688
            ],
            [
              -117.62560200006953,
              33.55865100018746
            ],
            [
              -117.62694100008592,
              33.55886899968035
            ],
            [
              -117.62752799971676,
              33.55978099973111
            ],
            [
              -117.6274230001348,
              33.56073400037135
            ],
            [
              -117.62640200013567,
              33.56137399980826
            ],
            [
              -117.62625599964748,
              33.562738000139895
            ],
            [
              -117.62589999999535,
              33.56294499989567
            ],
            [
              -117.62583399987311,
              33.56307600005244
            ],
            [
              -117.62544899990866,
              33.565300999945414
            ],
            [
              -117.62625099962463,
              33.5652219996417
            ],
            [
              -117.62633299964038,
              33.56597400001924
            ],
            [
              -117.62670099988641,
              33.5688430003037
            ],
            [
              -117.62940099966058,
              33.568148000164854
            ],
            [
              -117.62943300034595,
              33.568211000068764
            ],
            [
              -117.62970000030965,
              33.568641999675435
            ],
            [
              -117.6299589998774,
              33.568989000332614
            ],
            [
              -117.6302190001684,
              33.56932099981769
            ],
            [
              -117.63082099986784,
              33.569869999706924
            ],
            [
              -117.63174399995765,
              33.57068299967831
            ],
            [
              -117.63178999998841,
              33.57072100000708
            ],
            [
              -117.63218699964844,
              33.571128999883264
            ],
            [
              -117.63246200000806,
              33.57149900010706
            ],
            [
              -117.632682999941,
              33.57181199975208
            ],
            [
              -117.6328889998053,
              33.57220800029054
            ],
            [
              -117.6330570000348,
              33.57263199977569
            ],
            [
              -117.63320199979975,
              33.573071000049225
            ],
            [
              -117.63329100038652,
              33.57357499994107
            ],
            [
              -117.63330800010498,
              33.57399000006804
            ],
            [
              -117.63326999957181,
              33.57449000013197
            ],
            [
              -117.63326999957181,
              33.57458199995405
            ],
            [
              -117.6332470000056,
              33.57466099992633
            ],
            [
              -117.63315900014206,
              33.57500900026053
            ],
            [
              -117.63336500000639,
              33.57507199964844
            ],
            [
              -117.63408800007966,
              33.57529300009578
            ],
            [
              -117.63477500016792,
              33.57550400009311
            ],
            [
              -117.63614900034443,
              33.575443000100755
            ],
            [
              -117.6364149995849,
              33.57526999977758
            ],
            [
              -117.63666499983016,
              33.57519699986597
            ],
            [
              -117.63683999973233,
              33.57516400034707
            ],
            [
              -117.63696500030413,
              33.57511300004513
            ],
            [
              -117.63854299979683,
              33.57446100004576
            ],
            [
              -117.63863099966038,
              33.5744470003361
            ],
            [
              -117.63868900028501,
              33.574379000110454
            ],
            [
              -117.63870199980546,
              33.57425500013332
            ],
            [
              -117.63869000010992,
              33.57417200007329
            ],
            [
              -117.63870600000344,
              33.57408700007333
            ],
            [
              -117.6387880000192,
              33.57397099987673
            ],
            [
              -117.63890400037016,
              33.57384099971636
            ],
            [
              -117.6390130001501,
              33.57373599996209
            ],
            [
              -117.63911299970924,
              33.573646999792345
            ],
            [
              -117.63917600035674,
              33.57354399967475
            ],
            [
              -117.63929900038038,
              33.57339899980235
            ],
            [
              -117.63949900039692,
              33.57332399992764
            ],
            [
              -117.63973700004829,
              33.57333300012562
            ],
            [
              -117.63992500036926,
              33.57337000009802
            ],
            [
              -117.64003099977617,
              33.57335600021148
            ],
            [
              -117.64018499976194,
              33.573326999744225
            ],
            [
              -117.64034799996855,
              33.57327699979329
            ],
            [
              -117.64044599987785,
              33.573234000141646
            ],
            [
              -117.64060099968856,
              33.57315600030115
            ],
            [
              -117.64071700003952,
              33.573097000029534
            ],
            [
              -117.64079800023036,
              33.573070000107435
            ],
            [
              -117.64092600027686,
              33.5730020002939
            ],
            [
              -117.6410829997374,
              33.57298499977083
            ],
            [
              -117.64120599976104,
              33.572949000325096
            ],
            [
              -117.64131700008916,
              33.57287300011529
            ],
            [
              -117.64145500018138,
              33.572761000314436
            ],
            [
              -117.64153999967189,
              33.572697000042254
            ],
            [
              -117.64162400023578,
              33.572600999919196
            ],
            [
              -117.64164799962693,
              33.57250599963778
            ],
            [
              -117.64167000026656,
              33.57239799990781
            ],
            [
              -117.64163599993137,
              33.572276999932036
            ],
            [
              -117.64162599988563,
              33.57221799980812
            ],
            [
              -117.64161300036513,
              33.57211700013669
            ],
            [
              -117.64159300027366,
              33.57204800036731
            ],
            [
              -117.64158499987775,
              33.571964999682166
            ],
            [
              -117.6416099999921,
              33.57189899965752
            ],
            [
              -117.64164699980202,
              33.57179499974315
            ],
            [
              -117.64163900030442,
              33.57171100035412
            ],
            [
              -117.64161199964191,
              33.571643000218636
            ],
            [
              -117.64161199964191,
              33.57158900020491
            ],
            [
              -117.64165799967269,
              33.571542999833994
            ],
            [
              -117.64171799994713,
              33.57149500026686
            ],
            [
              -117.6418009997878,
              33.57144899984584
            ],
            [
              -117.64188399962849,
              33.571403000148756
            ],
            [
              -117.6419339998572,
              33.57132000034046
            ],
            [
              -117.64197300021523,
              33.571143000130974
            ],
            [
              -117.64198800028386,
              33.57098800030918
            ],
            [
              -117.6420400001624,
              33.57080700029548
            ],
            [
              -117.64214999976724,
              33.570543000095434
            ],
            [
              -117.64221699971444,
              33.570335999841696
            ],
            [
              -117.6422650002933,
              33.570138000371216
            ],
            [
              -117.64230100027831,
              33.56992500002557
            ],
            [
              -117.64235900000463,
              33.5698709996858
            ],
            [
              -117.64250100029486,
              33.56977100024254
            ],
            [
              -117.64265000025779,
              33.56972399967081
            ],
            [
              -117.64289299993202,
              33.56967199991624
            ],
            [
              -117.64312899993355,
              33.56984900014756
            ],
            [
              -117.64330499966064,
              33.569906999666564
            ],
            [
              -117.64347200006523,
              33.569932999851275
            ],
            [
              -117.64362799970085,
              33.56990900037197
            ],
            [
              -117.64378099986173,
              33.56985999991738
            ],
            [
              -117.644179000245,
              33.56974899993038
            ],
            [
              -117.64444899968342,
              33.56968499967065
            ],
            [
              -117.64461299971495,
              33.56964199972685
            ],
            [
              -117.64482600015029,
              33.56961300025746
            ],
            [
              -117.6450539997559,
              33.56961200027555
            ],
            [
              -117.6452439997267,
              33.5696610001224
            ],
            [
              -117.64557900036078,
              33.56980300034646
            ],
            [
              -117.6457149999049,
              33.569867999749114
            ],
            [
              -117.64590800024875,
              33.56968399968963
            ],
            [
              -117.64641600023687,
              33.569040999750115
            ],
            [
              -117.64678799978253,
              33.568397000265364
            ],
            [
              -117.64739799987791,
              33.567617999901636
            ],
            [
              -117.64773599998671,
              33.56700899996187
            ],
            [
              -117.64865099968058,
              33.56639900019873
            ],
            [
              -117.64885400007019,
              33.56595899965766
            ],
            [
              -117.64922599961587,
              33.56528200008743
            ],
            [
              -117.64993799981849,
              33.564231999741715
            ],
            [
              -117.65102099974186,
              33.56372399975097
            ],
            [
              -117.65252399978979,
              33.56291100012532
            ],
            [
              -117.65266199988207,
              33.562717000343085
            ],
            [
              -117.65343500018406,
              33.56275999999288
            ],
            [
              -117.65368200005626,
              33.56280799992479
            ],
            [
              -117.65383000019428,
              33.562851000277774
            ],
            [
              -117.65391800005781,
              33.562852000338
            ],
            [
              -117.6541840001966,
              33.56285499976994
            ],
            [
              -117.65427299988505,
              33.562855999830035
            ],
            [
              -117.6544160000002,
              33.56285699989014
            ],
            [
              -117.65448999962001,
              33.56285799995027
            ],
            [
              -117.6545430002218,
              33.562638999983704
            ],
            [
              -117.65465000035192,
              33.562040000058154
            ],
            [
              -117.6547399998653,
              33.561498000320334
            ],
            [
              -117.65494099970672,
              33.56069500005351
            ],
            [
              -117.65655300043295,
              33.558859000113976
            ],
            [
              -117.65665999966478,
              33.5587340001966
            ],
            [
              -117.65901700020555,
              33.55604999987748
            ]
          ]
        ]
      },
      "properties": {
        "year": 2002,
        "communityStatus": "active_construction_and_occupancy",
        "tractMapsRecordedByYear": "17",
        "tractMapsRecordedCumulative": "76",
        "homesSoldAsOf": "2488",
        "activeSchoolCount": "1",
        "documentedMilestones": "Avendale Clubhouse opens and 54 neighborhoods reported open",
        "ranchlandStatus": "Not quantified",
        "gradingStatus": "Unknown",
        "roadStatus": "Unknown",
        "utilityStatus": "Unknown",
        "confidence": "medium",
        "sourceIds": "LH-SRC-LARMAC-TIMELINE",
        "limitations": "Neighborhood open is a marketing status not a buildout measure",
        "featureType": "community_snapshot",
        "geometryPrecision": "current official CDP boundary used as display extent",
        "statementClass": "documented_approximate"
      }
    },
    {
      "type": "Feature",
      "geometry": {
        "type": "Polygon",
        "coordinates": [
          [
            [
              -117.65901700020555,
              33.55604999987748
            ],
            [
              -117.65900799998471,
              33.55262800015006
            ],
            [
              -117.65901200018268,
              33.55096799998285
            ],
            [
              -117.65900899980963,
              33.54848100012809
            ],
            [
              -117.65899799993898,
              33.539651000366405
            ],
            [
              -117.65899299991611,
              33.53468500034876
            ],
            [
              -117.65899200009119,
              33.533833000290066
            ],
            [
              -117.65741799989812,
              33.53286500007811
            ],
            [
              -117.65722100025464,
              33.532744000131956
            ],
            [
              -117.65705399985005,
              33.53264099990822
            ],
            [
              -117.65678600006144,
              33.53247699992398
            ],
            [
              -117.65671099971838,
              33.53243099968987
            ],
            [
              -117.65620299973027,
              33.53211900002822
            ],
            [
              -117.65576300041253,
              33.531850000047314
            ],
            [
              -117.65532200037157,
              33.531578000209414
            ],
            [
              -117.65422699985432,
              33.53090500025554
            ],
            [
              -117.65417900017373,
              33.53087700019289
            ],
            [
              -117.65349999958308,
              33.53045800009815
            ],
            [
              -117.65347500036702,
              33.5304430003091
            ],
            [
              -117.65331800000821,
              33.530346999650625
            ],
            [
              -117.65323500016753,
              33.53044199987381
            ],
            [
              -117.65300400018883,
              33.53064800019615
            ],
            [
              -117.65261099982845,
              33.53087299996926
            ],
            [
              -117.65232899979614,
              33.53079799986035
            ],
            [
              -117.6521420001984,
              33.530748999684164
            ],
            [
              -117.65204199974097,
              33.53062700008758
            ],
            [
              -117.65180900011248,
              33.530341999714814
            ],
            [
              -117.65163400021028,
              33.5301890001913
            ],
            [
              -117.65150600016376,
              33.53007699970777
            ],
            [
              -117.65121599973554,
              33.52982799997833
            ],
            [
              -117.6511930001693,
              33.5298080001133
            ],
            [
              -117.65088799967249,
              33.52961699997111
            ],
            [
              -117.6505730000282,
              33.529419999719664
            ],
            [
              -117.65081800025058,
              33.52910400011985
            ],
            [
              -117.65109500026003,
              33.529084999789575
            ],
            [
              -117.65125199972054,
              33.52907699992514
            ],
            [
              -117.6510299999627,
              33.528940999870095
            ],
            [
              -117.65085699971036,
              33.528834000039836
            ],
            [
              -117.65077800006762,
              33.52878599995398
            ],
            [
              -117.65051199992885,
              33.528622000146065
            ],
            [
              -117.6502330002696,
              33.52845000010467
            ],
            [
              -117.64993500034376,
              33.52826699989831
            ],
            [
              -117.64961899997624,
              33.52807300020597
            ],
            [
              -117.64927699966948,
              33.52786300012569
            ],
            [
              -117.64890099992584,
              33.52763200019721
            ],
            [
              -117.64860200017512,
              33.527448000036316
            ],
            [
              -117.64835600012783,
              33.52729700007984
            ],
            [
              -117.64813400036996,
              33.52716100022062
            ],
            [
              -117.64759399969648,
              33.52679100029218
            ],
            [
              -117.64736100006797,
              33.52707100026231
            ],
            [
              -117.64734799964917,
              33.527302000191725
            ],
            [
              -117.6474199996192,
              33.52760500029167
            ],
            [
              -117.64746400000013,
              33.527686999701245
            ],
            [
              -117.64755100003877,
              33.52785200025006
            ],
            [
              -117.64750500000802,
              33.52806099989419
            ],
            [
              -117.64733799960347,
              33.52814799968312
            ],
            [
              -117.64729499994576,
              33.528170999819295
            ],
            [
              -117.64725399993787,
              33.528281000353324
            ],
            [
              -117.6472299996484,
              33.5283449998372
            ],
            [
              -117.64614300042538,
              33.52779599963619
            ],
            [
              -117.64311200021513,
              33.52915900018535
            ],
            [
              -117.64262699979322,
              33.53003400026582
            ],
            [
              -117.64026299957976,
              33.52937100026025
            ],
            [
              -117.63989900043,
              33.52927700005806
            ],
            [
              -117.63969799969023,
              33.52923900021817
            ],
            [
              -117.63917299998369,
              33.52911600028688
            ],
            [
              -117.63825699956654,
              33.52853299991915
            ],
            [
              -117.63805700044834,
              33.52840499968471
            ],
            [
              -117.63702800005329,
              33.52774799972299
            ],
            [
              -117.63654600000447,
              33.52747200007947
            ],
            [
              -117.63614299959833,
              33.52726200003742
            ],
            [
              -117.63502600023807,
              33.52722799970445
            ],
            [
              -117.630887999815,
              33.528788000114076
            ],
            [
              -117.63011500041134,
              33.530391999808764
            ],
            [
              -117.62990799982377,
              33.53082300015347
            ],
            [
              -117.6289239996346,
              33.530952999913886
            ],
            [
              -117.62725400008037,
              33.53117499985928
            ],
            [
              -117.62654100005287,
              33.531981999847474
            ],
            [
              -117.62473500005619,
              33.53402600014337
            ],
            [
              -117.62413599983148,
              33.53470400019722
            ],
            [
              -117.62416299959567,
              33.53475400001497
            ],
            [
              -117.62436900035831,
              33.53513599964488
            ],
            [
              -117.62476500019342,
              33.535943000099564
            ],
            [
              -117.62525499973988,
              33.53686500016966
            ],
            [
              -117.62558199997804,
              33.53755700012262
            ],
            [
              -117.62610400020984,
              33.538558000252124
            ],
            [
              -117.6268880003825,
              33.540300000152165
            ],
            [
              -117.62691299959853,
              33.54035499983383
            ],
            [
              -117.62693799971288,
              33.54040899990935
            ],
            [
              -117.62760899990764,
              33.541740000020795
            ],
            [
              -117.6278530003051,
              33.54225900005965
            ],
            [
              -117.62816600029954,
              33.54291200014441
            ],
            [
              -117.62866599989174,
              33.54403300015756
            ],
            [
              -117.62890600009123,
              33.54453999963257
            ],
            [
              -117.62906699974974,
              33.54494299981952
            ],
            [
              -117.62916100035937,
              33.545260000186154
            ],
            [
              -117.62918200027578,
              33.54533100017261
            ],
            [
              -117.62900900002339,
              33.54538099983284
            ],
            [
              -117.62908299964326,
              33.54559299980779
            ],
            [
              -117.62928199983489,
              33.54631200032062
            ],
            [
              -117.62941499990427,
              33.5475179996862
            ],
            [
              -117.62945300043742,
              33.5483579998742
            ],
            [
              -117.62945400026231,
              33.54855100023706
            ],
            [
              -117.62946699978282,
              33.549819000178495
            ],
            [
              -117.62951199998867,
              33.55148199978971
            ],
            [
              -117.62952799988217,
              33.55156600014032
            ],
            [
              -117.62953299990507,
              33.551591999858005
            ],
            [
              -117.62953899975282,
              33.55166400007187
            ],
            [
              -117.62954200012588,
              33.551690999949436
            ],
            [
              -117.62954399977569,
              33.55171600018902
            ],
            [
              -117.62733699992106,
              33.551881999979244
            ],
            [
              -117.62628199958677,
              33.553998000332555
            ],
            [
              -117.62481700007199,
              33.55495699981048
            ],
            [
              -117.62609499998902,
              33.5559589999127
            ],
            [
              -117.6256770004126,
              33.55674600019688
            ],
            [
              -117.62560200006953,
              33.55865100018746
            ],
            [
              -117.62694100008592,
              33.55886899968035
            ],
            [
              -117.62752799971676,
              33.55978099973111
            ],
            [
              -117.6274230001348,
              33.56073400037135
            ],
            [
              -117.62640200013567,
              33.56137399980826
            ],
            [
              -117.62625599964748,
              33.562738000139895
            ],
            [
              -117.62589999999535,
              33.56294499989567
            ],
            [
              -117.62583399987311,
              33.56307600005244
            ],
            [
              -117.62544899990866,
              33.565300999945414
            ],
            [
              -117.62625099962463,
              33.5652219996417
            ],
            [
              -117.62633299964038,
              33.56597400001924
            ],
            [
              -117.62670099988641,
              33.5688430003037
            ],
            [
              -117.62940099966058,
              33.568148000164854
            ],
            [
              -117.62943300034595,
              33.568211000068764
            ],
            [
              -117.62970000030965,
              33.568641999675435
            ],
            [
              -117.6299589998774,
              33.568989000332614
            ],
            [
              -117.6302190001684,
              33.56932099981769
            ],
            [
              -117.63082099986784,
              33.569869999706924
            ],
            [
              -117.63174399995765,
              33.57068299967831
            ],
            [
              -117.63178999998841,
              33.57072100000708
            ],
            [
              -117.63218699964844,
              33.571128999883264
            ],
            [
              -117.63246200000806,
              33.57149900010706
            ],
            [
              -117.632682999941,
              33.57181199975208
            ],
            [
              -117.6328889998053,
              33.57220800029054
            ],
            [
              -117.6330570000348,
              33.57263199977569
            ],
            [
              -117.63320199979975,
              33.573071000049225
            ],
            [
              -117.63329100038652,
              33.57357499994107
            ],
            [
              -117.63330800010498,
              33.57399000006804
            ],
            [
              -117.63326999957181,
              33.57449000013197
            ],
            [
              -117.63326999957181,
              33.57458199995405
            ],
            [
              -117.6332470000056,
              33.57466099992633
            ],
            [
              -117.63315900014206,
              33.57500900026053
            ],
            [
              -117.63336500000639,
              33.57507199964844
            ],
            [
              -117.63408800007966,
              33.57529300009578
            ],
            [
              -117.63477500016792,
              33.57550400009311
            ],
            [
              -117.63614900034443,
              33.575443000100755
            ],
            [
              -117.6364149995849,
              33.57526999977758
            ],
            [
              -117.63666499983016,
              33.57519699986597
            ],
            [
              -117.63683999973233,
              33.57516400034707
            ],
            [
              -117.63696500030413,
              33.57511300004513
            ],
            [
              -117.63854299979683,
              33.57446100004576
            ],
            [
              -117.63863099966038,
              33.5744470003361
            ],
            [
              -117.63868900028501,
              33.574379000110454
            ],
            [
              -117.63870199980546,
              33.57425500013332
            ],
            [
              -117.63869000010992,
              33.57417200007329
            ],
            [
              -117.63870600000344,
              33.57408700007333
            ],
            [
              -117.6387880000192,
              33.57397099987673
            ],
            [
              -117.63890400037016,
              33.57384099971636
            ],
            [
              -117.6390130001501,
              33.57373599996209
            ],
            [
              -117.63911299970924,
              33.573646999792345
            ],
            [
              -117.63917600035674,
              33.57354399967475
            ],
            [
              -117.63929900038038,
              33.57339899980235
            ],
            [
              -117.63949900039692,
              33.57332399992764
            ],
            [
              -117.63973700004829,
              33.57333300012562
            ],
            [
              -117.63992500036926,
              33.57337000009802
            ],
            [
              -117.64003099977617,
              33.57335600021148
            ],
            [
              -117.64018499976194,
              33.573326999744225
            ],
            [
              -117.64034799996855,
              33.57327699979329
            ],
            [
              -117.64044599987785,
              33.573234000141646
            ],
            [
              -117.64060099968856,
              33.57315600030115
            ],
            [
              -117.64071700003952,
              33.573097000029534
            ],
            [
              -117.64079800023036,
              33.573070000107435
            ],
            [
              -117.64092600027686,
              33.5730020002939
            ],
            [
              -117.6410829997374,
              33.57298499977083
            ],
            [
              -117.64120599976104,
              33.572949000325096
            ],
            [
              -117.64131700008916,
              33.57287300011529
            ],
            [
              -117.64145500018138,
              33.572761000314436
            ],
            [
              -117.64153999967189,
              33.572697000042254
            ],
            [
              -117.64162400023578,
              33.572600999919196
            ],
            [
              -117.64164799962693,
              33.57250599963778
            ],
            [
              -117.64167000026656,
              33.57239799990781
            ],
            [
              -117.64163599993137,
              33.572276999932036
            ],
            [
              -117.64162599988563,
              33.57221799980812
            ],
            [
              -117.64161300036513,
              33.57211700013669
            ],
            [
              -117.64159300027366,
              33.57204800036731
            ],
            [
              -117.64158499987775,
              33.571964999682166
            ],
            [
              -117.6416099999921,
              33.57189899965752
            ],
            [
              -117.64164699980202,
              33.57179499974315
            ],
            [
              -117.64163900030442,
              33.57171100035412
            ],
            [
              -117.64161199964191,
              33.571643000218636
            ],
            [
              -117.64161199964191,
              33.57158900020491
            ],
            [
              -117.64165799967269,
              33.571542999833994
            ],
            [
              -117.64171799994713,
              33.57149500026686
            ],
            [
              -117.6418009997878,
              33.57144899984584
            ],
            [
              -117.64188399962849,
              33.571403000148756
            ],
            [
              -117.6419339998572,
              33.57132000034046
            ],
            [
              -117.64197300021523,
              33.571143000130974
            ],
            [
              -117.64198800028386,
              33.57098800030918
            ],
            [
              -117.6420400001624,
              33.57080700029548
            ],
            [
              -117.64214999976724,
              33.570543000095434
            ],
            [
              -117.64221699971444,
              33.570335999841696
            ],
            [
              -117.6422650002933,
              33.570138000371216
            ],
            [
              -117.64230100027831,
              33.56992500002557
            ],
            [
              -117.64235900000463,
              33.5698709996858
            ],
            [
              -117.64250100029486,
              33.56977100024254
            ],
            [
              -117.64265000025779,
              33.56972399967081
            ],
            [
              -117.64289299993202,
              33.56967199991624
            ],
            [
              -117.64312899993355,
              33.56984900014756
            ],
            [
              -117.64330499966064,
              33.569906999666564
            ],
            [
              -117.64347200006523,
              33.569932999851275
            ],
            [
              -117.64362799970085,
              33.56990900037197
            ],
            [
              -117.64378099986173,
              33.56985999991738
            ],
            [
              -117.644179000245,
              33.56974899993038
            ],
            [
              -117.64444899968342,
              33.56968499967065
            ],
            [
              -117.64461299971495,
              33.56964199972685
            ],
            [
              -117.64482600015029,
              33.56961300025746
            ],
            [
              -117.6450539997559,
              33.56961200027555
            ],
            [
              -117.6452439997267,
              33.5696610001224
            ],
            [
              -117.64557900036078,
              33.56980300034646
            ],
            [
              -117.6457149999049,
              33.569867999749114
            ],
            [
              -117.64590800024875,
              33.56968399968963
            ],
            [
              -117.64641600023687,
              33.569040999750115
            ],
            [
              -117.64678799978253,
              33.568397000265364
            ],
            [
              -117.64739799987791,
              33.567617999901636
            ],
            [
              -117.64773599998671,
              33.56700899996187
            ],
            [
              -117.64865099968058,
              33.56639900019873
            ],
            [
              -117.64885400007019,
              33.56595899965766
            ],
            [
              -117.64922599961587,
              33.56528200008743
            ],
            [
              -117.64993799981849,
              33.564231999741715
            ],
            [
              -117.65102099974186,
              33.56372399975097
            ],
            [
              -117.65252399978979,
              33.56291100012532
            ],
            [
              -117.65266199988207,
              33.562717000343085
            ],
            [
              -117.65343500018406,
              33.56275999999288
            ],
            [
              -117.65368200005626,
              33.56280799992479
            ],
            [
              -117.65383000019428,
              33.562851000277774
            ],
            [
              -117.65391800005781,
              33.562852000338
            ],
            [
              -117.6541840001966,
              33.56285499976994
            ],
            [
              -117.65427299988505,
              33.562855999830035
            ],
            [
              -117.6544160000002,
              33.56285699989014
            ],
            [
              -117.65448999962001,
              33.56285799995027
            ],
            [
              -117.6545430002218,
              33.562638999983704
            ],
            [
              -117.65465000035192,
              33.562040000058154
            ],
            [
              -117.6547399998653,
              33.561498000320334
            ],
            [
              -117.65494099970672,
              33.56069500005351
            ],
            [
              -117.65655300043295,
              33.558859000113976
            ],
            [
              -117.65665999966478,
              33.5587340001966
            ],
            [
              -117.65901700020555,
              33.55604999987748
            ]
          ]
        ]
      },
      "properties": {
        "year": 2003,
        "communityStatus": "active_construction_and_occupancy",
        "tractMapsRecordedByYear": "23",
        "tractMapsRecordedCumulative": "99",
        "homesSoldAsOf": "3987",
        "activeSchoolCount": "3",
        "documentedMilestones": "Founders Park library and shared Ladera Ranch School open",
        "ranchlandStatus": "Not quantified",
        "gradingStatus": "Unknown",
        "roadStatus": "Unknown",
        "utilityStatus": "Unknown",
        "confidence": "high",
        "sourceIds": "LH-SRC-LARMAC-TIMELINE;LH-SRC-CUSD-LRES;LH-SRC-CUSD-LRMS",
        "limitations": "Community timeline and school report differ by one month; official date controls school activation",
        "featureType": "community_snapshot",
        "geometryPrecision": "current official CDP boundary used as display extent",
        "statementClass": "documented_approximate"
      }
    },
    {
      "type": "Feature",
      "geometry": {
        "type": "Polygon",
        "coordinates": [
          [
            [
              -117.65901700020555,
              33.55604999987748
            ],
            [
              -117.65900799998471,
              33.55262800015006
            ],
            [
              -117.65901200018268,
              33.55096799998285
            ],
            [
              -117.65900899980963,
              33.54848100012809
            ],
            [
              -117.65899799993898,
              33.539651000366405
            ],
            [
              -117.65899299991611,
              33.53468500034876
            ],
            [
              -117.65899200009119,
              33.533833000290066
            ],
            [
              -117.65741799989812,
              33.53286500007811
            ],
            [
              -117.65722100025464,
              33.532744000131956
            ],
            [
              -117.65705399985005,
              33.53264099990822
            ],
            [
              -117.65678600006144,
              33.53247699992398
            ],
            [
              -117.65671099971838,
              33.53243099968987
            ],
            [
              -117.65620299973027,
              33.53211900002822
            ],
            [
              -117.65576300041253,
              33.531850000047314
            ],
            [
              -117.65532200037157,
              33.531578000209414
            ],
            [
              -117.65422699985432,
              33.53090500025554
            ],
            [
              -117.65417900017373,
              33.53087700019289
            ],
            [
              -117.65349999958308,
              33.53045800009815
            ],
            [
              -117.65347500036702,
              33.5304430003091
            ],
            [
              -117.65331800000821,
              33.530346999650625
            ],
            [
              -117.65323500016753,
              33.53044199987381
            ],
            [
              -117.65300400018883,
              33.53064800019615
            ],
            [
              -117.65261099982845,
              33.53087299996926
            ],
            [
              -117.65232899979614,
              33.53079799986035
            ],
            [
              -117.6521420001984,
              33.530748999684164
            ],
            [
              -117.65204199974097,
              33.53062700008758
            ],
            [
              -117.65180900011248,
              33.530341999714814
            ],
            [
              -117.65163400021028,
              33.5301890001913
            ],
            [
              -117.65150600016376,
              33.53007699970777
            ],
            [
              -117.65121599973554,
              33.52982799997833
            ],
            [
              -117.6511930001693,
              33.5298080001133
            ],
            [
              -117.65088799967249,
              33.52961699997111
            ],
            [
              -117.6505730000282,
              33.529419999719664
            ],
            [
              -117.65081800025058,
              33.52910400011985
            ],
            [
              -117.65109500026003,
              33.529084999789575
            ],
            [
              -117.65125199972054,
              33.52907699992514
            ],
            [
              -117.6510299999627,
              33.528940999870095
            ],
            [
              -117.65085699971036,
              33.528834000039836
            ],
            [
              -117.65077800006762,
              33.52878599995398
            ],
            [
              -117.65051199992885,
              33.528622000146065
            ],
            [
              -117.6502330002696,
              33.52845000010467
            ],
            [
              -117.64993500034376,
              33.52826699989831
            ],
            [
              -117.64961899997624,
              33.52807300020597
            ],
            [
              -117.64927699966948,
              33.52786300012569
            ],
            [
              -117.64890099992584,
              33.52763200019721
            ],
            [
              -117.64860200017512,
              33.527448000036316
            ],
            [
              -117.64835600012783,
              33.52729700007984
            ],
            [
              -117.64813400036996,
              33.52716100022062
            ],
            [
              -117.64759399969648,
              33.52679100029218
            ],
            [
              -117.64736100006797,
              33.52707100026231
            ],
            [
              -117.64734799964917,
              33.527302000191725
            ],
            [
              -117.6474199996192,
              33.52760500029167
            ],
            [
              -117.64746400000013,
              33.527686999701245
            ],
            [
              -117.64755100003877,
              33.52785200025006
            ],
            [
              -117.64750500000802,
              33.52806099989419
            ],
            [
              -117.64733799960347,
              33.52814799968312
            ],
            [
              -117.64729499994576,
              33.528170999819295
            ],
            [
              -117.64725399993787,
              33.528281000353324
            ],
            [
              -117.6472299996484,
              33.5283449998372
            ],
            [
              -117.64614300042538,
              33.52779599963619
            ],
            [
              -117.64311200021513,
              33.52915900018535
            ],
            [
              -117.64262699979322,
              33.53003400026582
            ],
            [
              -117.64026299957976,
              33.52937100026025
            ],
            [
              -117.63989900043,
              33.52927700005806
            ],
            [
              -117.63969799969023,
              33.52923900021817
            ],
            [
              -117.63917299998369,
              33.52911600028688
            ],
            [
              -117.63825699956654,
              33.52853299991915
            ],
            [
              -117.63805700044834,
              33.52840499968471
            ],
            [
              -117.63702800005329,
              33.52774799972299
            ],
            [
              -117.63654600000447,
              33.52747200007947
            ],
            [
              -117.63614299959833,
              33.52726200003742
            ],
            [
              -117.63502600023807,
              33.52722799970445
            ],
            [
              -117.630887999815,
              33.528788000114076
            ],
            [
              -117.63011500041134,
              33.530391999808764
            ],
            [
              -117.62990799982377,
              33.53082300015347
            ],
            [
              -117.6289239996346,
              33.530952999913886
            ],
            [
              -117.62725400008037,
              33.53117499985928
            ],
            [
              -117.62654100005287,
              33.531981999847474
            ],
            [
              -117.62473500005619,
              33.53402600014337
            ],
            [
              -117.62413599983148,
              33.53470400019722
            ],
            [
              -117.62416299959567,
              33.53475400001497
            ],
            [
              -117.62436900035831,
              33.53513599964488
            ],
            [
              -117.62476500019342,
              33.535943000099564
            ],
            [
              -117.62525499973988,
              33.53686500016966
            ],
            [
              -117.62558199997804,
              33.53755700012262
            ],
            [
              -117.62610400020984,
              33.538558000252124
            ],
            [
              -117.6268880003825,
              33.540300000152165
            ],
            [
              -117.62691299959853,
              33.54035499983383
            ],
            [
              -117.62693799971288,
              33.54040899990935
            ],
            [
              -117.62760899990764,
              33.541740000020795
            ],
            [
              -117.6278530003051,
              33.54225900005965
            ],
            [
              -117.62816600029954,
              33.54291200014441
            ],
            [
              -117.62866599989174,
              33.54403300015756
            ],
            [
              -117.62890600009123,
              33.54453999963257
            ],
            [
              -117.62906699974974,
              33.54494299981952
            ],
            [
              -117.62916100035937,
              33.545260000186154
            ],
            [
              -117.62918200027578,
              33.54533100017261
            ],
            [
              -117.62900900002339,
              33.54538099983284
            ],
            [
              -117.62908299964326,
              33.54559299980779
            ],
            [
              -117.62928199983489,
              33.54631200032062
            ],
            [
              -117.62941499990427,
              33.5475179996862
            ],
            [
              -117.62945300043742,
              33.5483579998742
            ],
            [
              -117.62945400026231,
              33.54855100023706
            ],
            [
              -117.62946699978282,
              33.549819000178495
            ],
            [
              -117.62951199998867,
              33.55148199978971
            ],
            [
              -117.62952799988217,
              33.55156600014032
            ],
            [
              -117.62953299990507,
              33.551591999858005
            ],
            [
              -117.62953899975282,
              33.55166400007187
            ],
            [
              -117.62954200012588,
              33.551690999949436
            ],
            [
              -117.62954399977569,
              33.55171600018902
            ],
            [
              -117.62733699992106,
              33.551881999979244
            ],
            [
              -117.62628199958677,
              33.553998000332555
            ],
            [
              -117.62481700007199,
              33.55495699981048
            ],
            [
              -117.62609499998902,
              33.5559589999127
            ],
            [
              -117.6256770004126,
              33.55674600019688
            ],
            [
              -117.62560200006953,
              33.55865100018746
            ],
            [
              -117.62694100008592,
              33.55886899968035
            ],
            [
              -117.62752799971676,
              33.55978099973111
            ],
            [
              -117.6274230001348,
              33.56073400037135
            ],
            [
              -117.62640200013567,
              33.56137399980826
            ],
            [
              -117.62625599964748,
              33.562738000139895
            ],
            [
              -117.62589999999535,
              33.56294499989567
            ],
            [
              -117.62583399987311,
              33.56307600005244
            ],
            [
              -117.62544899990866,
              33.565300999945414
            ],
            [
              -117.62625099962463,
              33.5652219996417
            ],
            [
              -117.62633299964038,
              33.56597400001924
            ],
            [
              -117.62670099988641,
              33.5688430003037
            ],
            [
              -117.62940099966058,
              33.568148000164854
            ],
            [
              -117.62943300034595,
              33.568211000068764
            ],
            [
              -117.62970000030965,
              33.568641999675435
            ],
            [
              -117.6299589998774,
              33.568989000332614
            ],
            [
              -117.6302190001684,
              33.56932099981769
            ],
            [
              -117.63082099986784,
              33.569869999706924
            ],
            [
              -117.63174399995765,
              33.57068299967831
            ],
            [
              -117.63178999998841,
              33.57072100000708
            ],
            [
              -117.63218699964844,
              33.571128999883264
            ],
            [
              -117.63246200000806,
              33.57149900010706
            ],
            [
              -117.632682999941,
              33.57181199975208
            ],
            [
              -117.6328889998053,
              33.57220800029054
            ],
            [
              -117.6330570000348,
              33.57263199977569
            ],
            [
              -117.63320199979975,
              33.573071000049225
            ],
            [
              -117.63329100038652,
              33.57357499994107
            ],
            [
              -117.63330800010498,
              33.57399000006804
            ],
            [
              -117.63326999957181,
              33.57449000013197
            ],
            [
              -117.63326999957181,
              33.57458199995405
            ],
            [
              -117.6332470000056,
              33.57466099992633
            ],
            [
              -117.63315900014206,
              33.57500900026053
            ],
            [
              -117.63336500000639,
              33.57507199964844
            ],
            [
              -117.63408800007966,
              33.57529300009578
            ],
            [
              -117.63477500016792,
              33.57550400009311
            ],
            [
              -117.63614900034443,
              33.575443000100755
            ],
            [
              -117.6364149995849,
              33.57526999977758
            ],
            [
              -117.63666499983016,
              33.57519699986597
            ],
            [
              -117.63683999973233,
              33.57516400034707
            ],
            [
              -117.63696500030413,
              33.57511300004513
            ],
            [
              -117.63854299979683,
              33.57446100004576
            ],
            [
              -117.63863099966038,
              33.5744470003361
            ],
            [
              -117.63868900028501,
              33.574379000110454
            ],
            [
              -117.63870199980546,
              33.57425500013332
            ],
            [
              -117.63869000010992,
              33.57417200007329
            ],
            [
              -117.63870600000344,
              33.57408700007333
            ],
            [
              -117.6387880000192,
              33.57397099987673
            ],
            [
              -117.63890400037016,
              33.57384099971636
            ],
            [
              -117.6390130001501,
              33.57373599996209
            ],
            [
              -117.63911299970924,
              33.573646999792345
            ],
            [
              -117.63917600035674,
              33.57354399967475
            ],
            [
              -117.63929900038038,
              33.57339899980235
            ],
            [
              -117.63949900039692,
              33.57332399992764
            ],
            [
              -117.63973700004829,
              33.57333300012562
            ],
            [
              -117.63992500036926,
              33.57337000009802
            ],
            [
              -117.64003099977617,
              33.57335600021148
            ],
            [
              -117.64018499976194,
              33.573326999744225
            ],
            [
              -117.64034799996855,
              33.57327699979329
            ],
            [
              -117.64044599987785,
              33.573234000141646
            ],
            [
              -117.64060099968856,
              33.57315600030115
            ],
            [
              -117.64071700003952,
              33.573097000029534
            ],
            [
              -117.64079800023036,
              33.573070000107435
            ],
            [
              -117.64092600027686,
              33.5730020002939
            ],
            [
              -117.6410829997374,
              33.57298499977083
            ],
            [
              -117.64120599976104,
              33.572949000325096
            ],
            [
              -117.64131700008916,
              33.57287300011529
            ],
            [
              -117.64145500018138,
              33.572761000314436
            ],
            [
              -117.64153999967189,
              33.572697000042254
            ],
            [
              -117.64162400023578,
              33.572600999919196
            ],
            [
              -117.64164799962693,
              33.57250599963778
            ],
            [
              -117.64167000026656,
              33.57239799990781
            ],
            [
              -117.64163599993137,
              33.572276999932036
            ],
            [
              -117.64162599988563,
              33.57221799980812
            ],
            [
              -117.64161300036513,
              33.57211700013669
            ],
            [
              -117.64159300027366,
              33.57204800036731
            ],
            [
              -117.64158499987775,
              33.571964999682166
            ],
            [
              -117.6416099999921,
              33.57189899965752
            ],
            [
              -117.64164699980202,
              33.57179499974315
            ],
            [
              -117.64163900030442,
              33.57171100035412
            ],
            [
              -117.64161199964191,
              33.571643000218636
            ],
            [
              -117.64161199964191,
              33.57158900020491
            ],
            [
              -117.64165799967269,
              33.571542999833994
            ],
            [
              -117.64171799994713,
              33.57149500026686
            ],
            [
              -117.6418009997878,
              33.57144899984584
            ],
            [
              -117.64188399962849,
              33.571403000148756
            ],
            [
              -117.6419339998572,
              33.57132000034046
            ],
            [
              -117.64197300021523,
              33.571143000130974
            ],
            [
              -117.64198800028386,
              33.57098800030918
            ],
            [
              -117.6420400001624,
              33.57080700029548
            ],
            [
              -117.64214999976724,
              33.570543000095434
            ],
            [
              -117.64221699971444,
              33.570335999841696
            ],
            [
              -117.6422650002933,
              33.570138000371216
            ],
            [
              -117.64230100027831,
              33.56992500002557
            ],
            [
              -117.64235900000463,
              33.5698709996858
            ],
            [
              -117.64250100029486,
              33.56977100024254
            ],
            [
              -117.64265000025779,
              33.56972399967081
            ],
            [
              -117.64289299993202,
              33.56967199991624
            ],
            [
              -117.64312899993355,
              33.56984900014756
            ],
            [
              -117.64330499966064,
              33.569906999666564
            ],
            [
              -117.64347200006523,
              33.569932999851275
            ],
            [
              -117.64362799970085,
              33.56990900037197
            ],
            [
              -117.64378099986173,
              33.56985999991738
            ],
            [
              -117.644179000245,
              33.56974899993038
            ],
            [
              -117.64444899968342,
              33.56968499967065
            ],
            [
              -117.64461299971495,
              33.56964199972685
            ],
            [
              -117.64482600015029,
              33.56961300025746
            ],
            [
              -117.6450539997559,
              33.56961200027555
            ],
            [
              -117.6452439997267,
              33.5696610001224
            ],
            [
              -117.64557900036078,
              33.56980300034646
            ],
            [
              -117.6457149999049,
              33.569867999749114
            ],
            [
              -117.64590800024875,
              33.56968399968963
            ],
            [
              -117.64641600023687,
              33.569040999750115
            ],
            [
              -117.64678799978253,
              33.568397000265364
            ],
            [
              -117.64739799987791,
              33.567617999901636
            ],
            [
              -117.64773599998671,
              33.56700899996187
            ],
            [
              -117.64865099968058,
              33.56639900019873
            ],
            [
              -117.64885400007019,
              33.56595899965766
            ],
            [
              -117.64922599961587,
              33.56528200008743
            ],
            [
              -117.64993799981849,
              33.564231999741715
            ],
            [
              -117.65102099974186,
              33.56372399975097
            ],
            [
              -117.65252399978979,
              33.56291100012532
            ],
            [
              -117.65266199988207,
              33.562717000343085
            ],
            [
              -117.65343500018406,
              33.56275999999288
            ],
            [
              -117.65368200005626,
              33.56280799992479
            ],
            [
              -117.65383000019428,
              33.562851000277774
            ],
            [
              -117.65391800005781,
              33.562852000338
            ],
            [
              -117.6541840001966,
              33.56285499976994
            ],
            [
              -117.65427299988505,
              33.562855999830035
            ],
            [
              -117.6544160000002,
              33.56285699989014
            ],
            [
              -117.65448999962001,
              33.56285799995027
            ],
            [
              -117.6545430002218,
              33.562638999983704
            ],
            [
              -117.65465000035192,
              33.562040000058154
            ],
            [
              -117.6547399998653,
              33.561498000320334
            ],
            [
              -117.65494099970672,
              33.56069500005351
            ],
            [
              -117.65655300043295,
              33.558859000113976
            ],
            [
              -117.65665999966478,
              33.5587340001966
            ],
            [
              -117.65901700020555,
              33.55604999987748
            ]
          ]
        ]
      },
      "properties": {
        "year": 2004,
        "communityStatus": "active_construction_and_occupancy",
        "tractMapsRecordedByYear": "22",
        "tractMapsRecordedCumulative": "121",
        "homesSoldAsOf": "5087",
        "activeSchoolCount": "3",
        "documentedMilestones": "School split and Flintridge and Covenant Hills clubhouses open",
        "ranchlandStatus": "Not quantified",
        "gradingStatus": "Unknown",
        "roadStatus": "Unknown",
        "utilityStatus": "Unknown",
        "confidence": "medium",
        "sourceIds": "LH-SRC-CUSD-LRMS;LH-SRC-LARMAC-TIMELINE",
        "limitations": "No tract-to-village crosswalk yet",
        "featureType": "community_snapshot",
        "geometryPrecision": "current official CDP boundary used as display extent",
        "statementClass": "documented_approximate"
      }
    },
    {
      "type": "Feature",
      "geometry": {
        "type": "Polygon",
        "coordinates": [
          [
            [
              -117.65901700020555,
              33.55604999987748
            ],
            [
              -117.65900799998471,
              33.55262800015006
            ],
            [
              -117.65901200018268,
              33.55096799998285
            ],
            [
              -117.65900899980963,
              33.54848100012809
            ],
            [
              -117.65899799993898,
              33.539651000366405
            ],
            [
              -117.65899299991611,
              33.53468500034876
            ],
            [
              -117.65899200009119,
              33.533833000290066
            ],
            [
              -117.65741799989812,
              33.53286500007811
            ],
            [
              -117.65722100025464,
              33.532744000131956
            ],
            [
              -117.65705399985005,
              33.53264099990822
            ],
            [
              -117.65678600006144,
              33.53247699992398
            ],
            [
              -117.65671099971838,
              33.53243099968987
            ],
            [
              -117.65620299973027,
              33.53211900002822
            ],
            [
              -117.65576300041253,
              33.531850000047314
            ],
            [
              -117.65532200037157,
              33.531578000209414
            ],
            [
              -117.65422699985432,
              33.53090500025554
            ],
            [
              -117.65417900017373,
              33.53087700019289
            ],
            [
              -117.65349999958308,
              33.53045800009815
            ],
            [
              -117.65347500036702,
              33.5304430003091
            ],
            [
              -117.65331800000821,
              33.530346999650625
            ],
            [
              -117.65323500016753,
              33.53044199987381
            ],
            [
              -117.65300400018883,
              33.53064800019615
            ],
            [
              -117.65261099982845,
              33.53087299996926
            ],
            [
              -117.65232899979614,
              33.53079799986035
            ],
            [
              -117.6521420001984,
              33.530748999684164
            ],
            [
              -117.65204199974097,
              33.53062700008758
            ],
            [
              -117.65180900011248,
              33.530341999714814
            ],
            [
              -117.65163400021028,
              33.5301890001913
            ],
            [
              -117.65150600016376,
              33.53007699970777
            ],
            [
              -117.65121599973554,
              33.52982799997833
            ],
            [
              -117.6511930001693,
              33.5298080001133
            ],
            [
              -117.65088799967249,
              33.52961699997111
            ],
            [
              -117.6505730000282,
              33.529419999719664
            ],
            [
              -117.65081800025058,
              33.52910400011985
            ],
            [
              -117.65109500026003,
              33.529084999789575
            ],
            [
              -117.65125199972054,
              33.52907699992514
            ],
            [
              -117.6510299999627,
              33.528940999870095
            ],
            [
              -117.65085699971036,
              33.528834000039836
            ],
            [
              -117.65077800006762,
              33.52878599995398
            ],
            [
              -117.65051199992885,
              33.528622000146065
            ],
            [
              -117.6502330002696,
              33.52845000010467
            ],
            [
              -117.64993500034376,
              33.52826699989831
            ],
            [
              -117.64961899997624,
              33.52807300020597
            ],
            [
              -117.64927699966948,
              33.52786300012569
            ],
            [
              -117.64890099992584,
              33.52763200019721
            ],
            [
              -117.64860200017512,
              33.527448000036316
            ],
            [
              -117.64835600012783,
              33.52729700007984
            ],
            [
              -117.64813400036996,
              33.52716100022062
            ],
            [
              -117.64759399969648,
              33.52679100029218
            ],
            [
              -117.64736100006797,
              33.52707100026231
            ],
            [
              -117.64734799964917,
              33.527302000191725
            ],
            [
              -117.6474199996192,
              33.52760500029167
            ],
            [
              -117.64746400000013,
              33.527686999701245
            ],
            [
              -117.64755100003877,
              33.52785200025006
            ],
            [
              -117.64750500000802,
              33.52806099989419
            ],
            [
              -117.64733799960347,
              33.52814799968312
            ],
            [
              -117.64729499994576,
              33.528170999819295
            ],
            [
              -117.64725399993787,
              33.528281000353324
            ],
            [
              -117.6472299996484,
              33.5283449998372
            ],
            [
              -117.64614300042538,
              33.52779599963619
            ],
            [
              -117.64311200021513,
              33.52915900018535
            ],
            [
              -117.64262699979322,
              33.53003400026582
            ],
            [
              -117.64026299957976,
              33.52937100026025
            ],
            [
              -117.63989900043,
              33.52927700005806
            ],
            [
              -117.63969799969023,
              33.52923900021817
            ],
            [
              -117.63917299998369,
              33.52911600028688
            ],
            [
              -117.63825699956654,
              33.52853299991915
            ],
            [
              -117.63805700044834,
              33.52840499968471
            ],
            [
              -117.63702800005329,
              33.52774799972299
            ],
            [
              -117.63654600000447,
              33.52747200007947
            ],
            [
              -117.63614299959833,
              33.52726200003742
            ],
            [
              -117.63502600023807,
              33.52722799970445
            ],
            [
              -117.630887999815,
              33.528788000114076
            ],
            [
              -117.63011500041134,
              33.530391999808764
            ],
            [
              -117.62990799982377,
              33.53082300015347
            ],
            [
              -117.6289239996346,
              33.530952999913886
            ],
            [
              -117.62725400008037,
              33.53117499985928
            ],
            [
              -117.62654100005287,
              33.531981999847474
            ],
            [
              -117.62473500005619,
              33.53402600014337
            ],
            [
              -117.62413599983148,
              33.53470400019722
            ],
            [
              -117.62416299959567,
              33.53475400001497
            ],
            [
              -117.62436900035831,
              33.53513599964488
            ],
            [
              -117.62476500019342,
              33.535943000099564
            ],
            [
              -117.62525499973988,
              33.53686500016966
            ],
            [
              -117.62558199997804,
              33.53755700012262
            ],
            [
              -117.62610400020984,
              33.538558000252124
            ],
            [
              -117.6268880003825,
              33.540300000152165
            ],
            [
              -117.62691299959853,
              33.54035499983383
            ],
            [
              -117.62693799971288,
              33.54040899990935
            ],
            [
              -117.62760899990764,
              33.541740000020795
            ],
            [
              -117.6278530003051,
              33.54225900005965
            ],
            [
              -117.62816600029954,
              33.54291200014441
            ],
            [
              -117.62866599989174,
              33.54403300015756
            ],
            [
              -117.62890600009123,
              33.54453999963257
            ],
            [
              -117.62906699974974,
              33.54494299981952
            ],
            [
              -117.62916100035937,
              33.545260000186154
            ],
            [
              -117.62918200027578,
              33.54533100017261
            ],
            [
              -117.62900900002339,
              33.54538099983284
            ],
            [
              -117.62908299964326,
              33.54559299980779
            ],
            [
              -117.62928199983489,
              33.54631200032062
            ],
            [
              -117.62941499990427,
              33.5475179996862
            ],
            [
              -117.62945300043742,
              33.5483579998742
            ],
            [
              -117.62945400026231,
              33.54855100023706
            ],
            [
              -117.62946699978282,
              33.549819000178495
            ],
            [
              -117.62951199998867,
              33.55148199978971
            ],
            [
              -117.62952799988217,
              33.55156600014032
            ],
            [
              -117.62953299990507,
              33.551591999858005
            ],
            [
              -117.62953899975282,
              33.55166400007187
            ],
            [
              -117.62954200012588,
              33.551690999949436
            ],
            [
              -117.62954399977569,
              33.55171600018902
            ],
            [
              -117.62733699992106,
              33.551881999979244
            ],
            [
              -117.62628199958677,
              33.553998000332555
            ],
            [
              -117.62481700007199,
              33.55495699981048
            ],
            [
              -117.62609499998902,
              33.5559589999127
            ],
            [
              -117.6256770004126,
              33.55674600019688
            ],
            [
              -117.62560200006953,
              33.55865100018746
            ],
            [
              -117.62694100008592,
              33.55886899968035
            ],
            [
              -117.62752799971676,
              33.55978099973111
            ],
            [
              -117.6274230001348,
              33.56073400037135
            ],
            [
              -117.62640200013567,
              33.56137399980826
            ],
            [
              -117.62625599964748,
              33.562738000139895
            ],
            [
              -117.62589999999535,
              33.56294499989567
            ],
            [
              -117.62583399987311,
              33.56307600005244
            ],
            [
              -117.62544899990866,
              33.565300999945414
            ],
            [
              -117.62625099962463,
              33.5652219996417
            ],
            [
              -117.62633299964038,
              33.56597400001924
            ],
            [
              -117.62670099988641,
              33.5688430003037
            ],
            [
              -117.62940099966058,
              33.568148000164854
            ],
            [
              -117.62943300034595,
              33.568211000068764
            ],
            [
              -117.62970000030965,
              33.568641999675435
            ],
            [
              -117.6299589998774,
              33.568989000332614
            ],
            [
              -117.6302190001684,
              33.56932099981769
            ],
            [
              -117.63082099986784,
              33.569869999706924
            ],
            [
              -117.63174399995765,
              33.57068299967831
            ],
            [
              -117.63178999998841,
              33.57072100000708
            ],
            [
              -117.63218699964844,
              33.571128999883264
            ],
            [
              -117.63246200000806,
              33.57149900010706
            ],
            [
              -117.632682999941,
              33.57181199975208
            ],
            [
              -117.6328889998053,
              33.57220800029054
            ],
            [
              -117.6330570000348,
              33.57263199977569
            ],
            [
              -117.63320199979975,
              33.573071000049225
            ],
            [
              -117.63329100038652,
              33.57357499994107
            ],
            [
              -117.63330800010498,
              33.57399000006804
            ],
            [
              -117.63326999957181,
              33.57449000013197
            ],
            [
              -117.63326999957181,
              33.57458199995405
            ],
            [
              -117.6332470000056,
              33.57466099992633
            ],
            [
              -117.63315900014206,
              33.57500900026053
            ],
            [
              -117.63336500000639,
              33.57507199964844
            ],
            [
              -117.63408800007966,
              33.57529300009578
            ],
            [
              -117.63477500016792,
              33.57550400009311
            ],
            [
              -117.63614900034443,
              33.575443000100755
            ],
            [
              -117.6364149995849,
              33.57526999977758
            ],
            [
              -117.63666499983016,
              33.57519699986597
            ],
            [
              -117.63683999973233,
              33.57516400034707
            ],
            [
              -117.63696500030413,
              33.57511300004513
            ],
            [
              -117.63854299979683,
              33.57446100004576
            ],
            [
              -117.63863099966038,
              33.5744470003361
            ],
            [
              -117.63868900028501,
              33.574379000110454
            ],
            [
              -117.63870199980546,
              33.57425500013332
            ],
            [
              -117.63869000010992,
              33.57417200007329
            ],
            [
              -117.63870600000344,
              33.57408700007333
            ],
            [
              -117.6387880000192,
              33.57397099987673
            ],
            [
              -117.63890400037016,
              33.57384099971636
            ],
            [
              -117.6390130001501,
              33.57373599996209
            ],
            [
              -117.63911299970924,
              33.573646999792345
            ],
            [
              -117.63917600035674,
              33.57354399967475
            ],
            [
              -117.63929900038038,
              33.57339899980235
            ],
            [
              -117.63949900039692,
              33.57332399992764
            ],
            [
              -117.63973700004829,
              33.57333300012562
            ],
            [
              -117.63992500036926,
              33.57337000009802
            ],
            [
              -117.64003099977617,
              33.57335600021148
            ],
            [
              -117.64018499976194,
              33.573326999744225
            ],
            [
              -117.64034799996855,
              33.57327699979329
            ],
            [
              -117.64044599987785,
              33.573234000141646
            ],
            [
              -117.64060099968856,
              33.57315600030115
            ],
            [
              -117.64071700003952,
              33.573097000029534
            ],
            [
              -117.64079800023036,
              33.573070000107435
            ],
            [
              -117.64092600027686,
              33.5730020002939
            ],
            [
              -117.6410829997374,
              33.57298499977083
            ],
            [
              -117.64120599976104,
              33.572949000325096
            ],
            [
              -117.64131700008916,
              33.57287300011529
            ],
            [
              -117.64145500018138,
              33.572761000314436
            ],
            [
              -117.64153999967189,
              33.572697000042254
            ],
            [
              -117.64162400023578,
              33.572600999919196
            ],
            [
              -117.64164799962693,
              33.57250599963778
            ],
            [
              -117.64167000026656,
              33.57239799990781
            ],
            [
              -117.64163599993137,
              33.572276999932036
            ],
            [
              -117.64162599988563,
              33.57221799980812
            ],
            [
              -117.64161300036513,
              33.57211700013669
            ],
            [
              -117.64159300027366,
              33.57204800036731
            ],
            [
              -117.64158499987775,
              33.571964999682166
            ],
            [
              -117.6416099999921,
              33.57189899965752
            ],
            [
              -117.64164699980202,
              33.57179499974315
            ],
            [
              -117.64163900030442,
              33.57171100035412
            ],
            [
              -117.64161199964191,
              33.571643000218636
            ],
            [
              -117.64161199964191,
              33.57158900020491
            ],
            [
              -117.64165799967269,
              33.571542999833994
            ],
            [
              -117.64171799994713,
              33.57149500026686
            ],
            [
              -117.6418009997878,
              33.57144899984584
            ],
            [
              -117.64188399962849,
              33.571403000148756
            ],
            [
              -117.6419339998572,
              33.57132000034046
            ],
            [
              -117.64197300021523,
              33.571143000130974
            ],
            [
              -117.64198800028386,
              33.57098800030918
            ],
            [
              -117.6420400001624,
              33.57080700029548
            ],
            [
              -117.64214999976724,
              33.570543000095434
            ],
            [
              -117.64221699971444,
              33.570335999841696
            ],
            [
              -117.6422650002933,
              33.570138000371216
            ],
            [
              -117.64230100027831,
              33.56992500002557
            ],
            [
              -117.64235900000463,
              33.5698709996858
            ],
            [
              -117.64250100029486,
              33.56977100024254
            ],
            [
              -117.64265000025779,
              33.56972399967081
            ],
            [
              -117.64289299993202,
              33.56967199991624
            ],
            [
              -117.64312899993355,
              33.56984900014756
            ],
            [
              -117.64330499966064,
              33.569906999666564
            ],
            [
              -117.64347200006523,
              33.569932999851275
            ],
            [
              -117.64362799970085,
              33.56990900037197
            ],
            [
              -117.64378099986173,
              33.56985999991738
            ],
            [
              -117.644179000245,
              33.56974899993038
            ],
            [
              -117.64444899968342,
              33.56968499967065
            ],
            [
              -117.64461299971495,
              33.56964199972685
            ],
            [
              -117.64482600015029,
              33.56961300025746
            ],
            [
              -117.6450539997559,
              33.56961200027555
            ],
            [
              -117.6452439997267,
              33.5696610001224
            ],
            [
              -117.64557900036078,
              33.56980300034646
            ],
            [
              -117.6457149999049,
              33.569867999749114
            ],
            [
              -117.64590800024875,
              33.56968399968963
            ],
            [
              -117.64641600023687,
              33.569040999750115
            ],
            [
              -117.64678799978253,
              33.568397000265364
            ],
            [
              -117.64739799987791,
              33.567617999901636
            ],
            [
              -117.64773599998671,
              33.56700899996187
            ],
            [
              -117.64865099968058,
              33.56639900019873
            ],
            [
              -117.64885400007019,
              33.56595899965766
            ],
            [
              -117.64922599961587,
              33.56528200008743
            ],
            [
              -117.64993799981849,
              33.564231999741715
            ],
            [
              -117.65102099974186,
              33.56372399975097
            ],
            [
              -117.65252399978979,
              33.56291100012532
            ],
            [
              -117.65266199988207,
              33.562717000343085
            ],
            [
              -117.65343500018406,
              33.56275999999288
            ],
            [
              -117.65368200005626,
              33.56280799992479
            ],
            [
              -117.65383000019428,
              33.562851000277774
            ],
            [
              -117.65391800005781,
              33.562852000338
            ],
            [
              -117.6541840001966,
              33.56285499976994
            ],
            [
              -117.65427299988505,
              33.562855999830035
            ],
            [
              -117.6544160000002,
              33.56285699989014
            ],
            [
              -117.65448999962001,
              33.56285799995027
            ],
            [
              -117.6545430002218,
              33.562638999983704
            ],
            [
              -117.65465000035192,
              33.562040000058154
            ],
            [
              -117.6547399998653,
              33.561498000320334
            ],
            [
              -117.65494099970672,
              33.56069500005351
            ],
            [
              -117.65655300043295,
              33.558859000113976
            ],
            [
              -117.65665999966478,
              33.5587340001966
            ],
            [
              -117.65901700020555,
              33.55604999987748
            ]
          ]
        ]
      },
      "properties": {
        "year": 2005,
        "communityStatus": "active_construction_and_occupancy",
        "tractMapsRecordedByYear": "1",
        "tractMapsRecordedCumulative": "122",
        "homesSoldAsOf": "5879",
        "activeSchoolCount": "4",
        "documentedMilestones": "Oso Grande School and three park facilities open",
        "ranchlandStatus": "Not quantified",
        "gradingStatus": "Unknown",
        "roadStatus": "Unknown",
        "utilityStatus": "Unknown",
        "confidence": "high",
        "sourceIds": "LH-SRC-CDE-OSO;LH-SRC-LARMAC-TIMELINE",
        "limitations": "No construction start dates for facilities",
        "featureType": "community_snapshot",
        "geometryPrecision": "current official CDP boundary used as display extent",
        "statementClass": "documented_approximate"
      }
    },
    {
      "type": "Feature",
      "geometry": {
        "type": "Polygon",
        "coordinates": [
          [
            [
              -117.65901700020555,
              33.55604999987748
            ],
            [
              -117.65900799998471,
              33.55262800015006
            ],
            [
              -117.65901200018268,
              33.55096799998285
            ],
            [
              -117.65900899980963,
              33.54848100012809
            ],
            [
              -117.65899799993898,
              33.539651000366405
            ],
            [
              -117.65899299991611,
              33.53468500034876
            ],
            [
              -117.65899200009119,
              33.533833000290066
            ],
            [
              -117.65741799989812,
              33.53286500007811
            ],
            [
              -117.65722100025464,
              33.532744000131956
            ],
            [
              -117.65705399985005,
              33.53264099990822
            ],
            [
              -117.65678600006144,
              33.53247699992398
            ],
            [
              -117.65671099971838,
              33.53243099968987
            ],
            [
              -117.65620299973027,
              33.53211900002822
            ],
            [
              -117.65576300041253,
              33.531850000047314
            ],
            [
              -117.65532200037157,
              33.531578000209414
            ],
            [
              -117.65422699985432,
              33.53090500025554
            ],
            [
              -117.65417900017373,
              33.53087700019289
            ],
            [
              -117.65349999958308,
              33.53045800009815
            ],
            [
              -117.65347500036702,
              33.5304430003091
            ],
            [
              -117.65331800000821,
              33.530346999650625
            ],
            [
              -117.65323500016753,
              33.53044199987381
            ],
            [
              -117.65300400018883,
              33.53064800019615
            ],
            [
              -117.65261099982845,
              33.53087299996926
            ],
            [
              -117.65232899979614,
              33.53079799986035
            ],
            [
              -117.6521420001984,
              33.530748999684164
            ],
            [
              -117.65204199974097,
              33.53062700008758
            ],
            [
              -117.65180900011248,
              33.530341999714814
            ],
            [
              -117.65163400021028,
              33.5301890001913
            ],
            [
              -117.65150600016376,
              33.53007699970777
            ],
            [
              -117.65121599973554,
              33.52982799997833
            ],
            [
              -117.6511930001693,
              33.5298080001133
            ],
            [
              -117.65088799967249,
              33.52961699997111
            ],
            [
              -117.6505730000282,
              33.529419999719664
            ],
            [
              -117.65081800025058,
              33.52910400011985
            ],
            [
              -117.65109500026003,
              33.529084999789575
            ],
            [
              -117.65125199972054,
              33.52907699992514
            ],
            [
              -117.6510299999627,
              33.528940999870095
            ],
            [
              -117.65085699971036,
              33.528834000039836
            ],
            [
              -117.65077800006762,
              33.52878599995398
            ],
            [
              -117.65051199992885,
              33.528622000146065
            ],
            [
              -117.6502330002696,
              33.52845000010467
            ],
            [
              -117.64993500034376,
              33.52826699989831
            ],
            [
              -117.64961899997624,
              33.52807300020597
            ],
            [
              -117.64927699966948,
              33.52786300012569
            ],
            [
              -117.64890099992584,
              33.52763200019721
            ],
            [
              -117.64860200017512,
              33.527448000036316
            ],
            [
              -117.64835600012783,
              33.52729700007984
            ],
            [
              -117.64813400036996,
              33.52716100022062
            ],
            [
              -117.64759399969648,
              33.52679100029218
            ],
            [
              -117.64736100006797,
              33.52707100026231
            ],
            [
              -117.64734799964917,
              33.527302000191725
            ],
            [
              -117.6474199996192,
              33.52760500029167
            ],
            [
              -117.64746400000013,
              33.527686999701245
            ],
            [
              -117.64755100003877,
              33.52785200025006
            ],
            [
              -117.64750500000802,
              33.52806099989419
            ],
            [
              -117.64733799960347,
              33.52814799968312
            ],
            [
              -117.64729499994576,
              33.528170999819295
            ],
            [
              -117.64725399993787,
              33.528281000353324
            ],
            [
              -117.6472299996484,
              33.5283449998372
            ],
            [
              -117.64614300042538,
              33.52779599963619
            ],
            [
              -117.64311200021513,
              33.52915900018535
            ],
            [
              -117.64262699979322,
              33.53003400026582
            ],
            [
              -117.64026299957976,
              33.52937100026025
            ],
            [
              -117.63989900043,
              33.52927700005806
            ],
            [
              -117.63969799969023,
              33.52923900021817
            ],
            [
              -117.63917299998369,
              33.52911600028688
            ],
            [
              -117.63825699956654,
              33.52853299991915
            ],
            [
              -117.63805700044834,
              33.52840499968471
            ],
            [
              -117.63702800005329,
              33.52774799972299
            ],
            [
              -117.63654600000447,
              33.52747200007947
            ],
            [
              -117.63614299959833,
              33.52726200003742
            ],
            [
              -117.63502600023807,
              33.52722799970445
            ],
            [
              -117.630887999815,
              33.528788000114076
            ],
            [
              -117.63011500041134,
              33.530391999808764
            ],
            [
              -117.62990799982377,
              33.53082300015347
            ],
            [
              -117.6289239996346,
              33.530952999913886
            ],
            [
              -117.62725400008037,
              33.53117499985928
            ],
            [
              -117.62654100005287,
              33.531981999847474
            ],
            [
              -117.62473500005619,
              33.53402600014337
            ],
            [
              -117.62413599983148,
              33.53470400019722
            ],
            [
              -117.62416299959567,
              33.53475400001497
            ],
            [
              -117.62436900035831,
              33.53513599964488
            ],
            [
              -117.62476500019342,
              33.535943000099564
            ],
            [
              -117.62525499973988,
              33.53686500016966
            ],
            [
              -117.62558199997804,
              33.53755700012262
            ],
            [
              -117.62610400020984,
              33.538558000252124
            ],
            [
              -117.6268880003825,
              33.540300000152165
            ],
            [
              -117.62691299959853,
              33.54035499983383
            ],
            [
              -117.62693799971288,
              33.54040899990935
            ],
            [
              -117.62760899990764,
              33.541740000020795
            ],
            [
              -117.6278530003051,
              33.54225900005965
            ],
            [
              -117.62816600029954,
              33.54291200014441
            ],
            [
              -117.62866599989174,
              33.54403300015756
            ],
            [
              -117.62890600009123,
              33.54453999963257
            ],
            [
              -117.62906699974974,
              33.54494299981952
            ],
            [
              -117.62916100035937,
              33.545260000186154
            ],
            [
              -117.62918200027578,
              33.54533100017261
            ],
            [
              -117.62900900002339,
              33.54538099983284
            ],
            [
              -117.62908299964326,
              33.54559299980779
            ],
            [
              -117.62928199983489,
              33.54631200032062
            ],
            [
              -117.62941499990427,
              33.5475179996862
            ],
            [
              -117.62945300043742,
              33.5483579998742
            ],
            [
              -117.62945400026231,
              33.54855100023706
            ],
            [
              -117.62946699978282,
              33.549819000178495
            ],
            [
              -117.62951199998867,
              33.55148199978971
            ],
            [
              -117.62952799988217,
              33.55156600014032
            ],
            [
              -117.62953299990507,
              33.551591999858005
            ],
            [
              -117.62953899975282,
              33.55166400007187
            ],
            [
              -117.62954200012588,
              33.551690999949436
            ],
            [
              -117.62954399977569,
              33.55171600018902
            ],
            [
              -117.62733699992106,
              33.551881999979244
            ],
            [
              -117.62628199958677,
              33.553998000332555
            ],
            [
              -117.62481700007199,
              33.55495699981048
            ],
            [
              -117.62609499998902,
              33.5559589999127
            ],
            [
              -117.6256770004126,
              33.55674600019688
            ],
            [
              -117.62560200006953,
              33.55865100018746
            ],
            [
              -117.62694100008592,
              33.55886899968035
            ],
            [
              -117.62752799971676,
              33.55978099973111
            ],
            [
              -117.6274230001348,
              33.56073400037135
            ],
            [
              -117.62640200013567,
              33.56137399980826
            ],
            [
              -117.62625599964748,
              33.562738000139895
            ],
            [
              -117.62589999999535,
              33.56294499989567
            ],
            [
              -117.62583399987311,
              33.56307600005244
            ],
            [
              -117.62544899990866,
              33.565300999945414
            ],
            [
              -117.62625099962463,
              33.5652219996417
            ],
            [
              -117.62633299964038,
              33.56597400001924
            ],
            [
              -117.62670099988641,
              33.5688430003037
            ],
            [
              -117.62940099966058,
              33.568148000164854
            ],
            [
              -117.62943300034595,
              33.568211000068764
            ],
            [
              -117.62970000030965,
              33.568641999675435
            ],
            [
              -117.6299589998774,
              33.568989000332614
            ],
            [
              -117.6302190001684,
              33.56932099981769
            ],
            [
              -117.63082099986784,
              33.569869999706924
            ],
            [
              -117.63174399995765,
              33.57068299967831
            ],
            [
              -117.63178999998841,
              33.57072100000708
            ],
            [
              -117.63218699964844,
              33.571128999883264
            ],
            [
              -117.63246200000806,
              33.57149900010706
            ],
            [
              -117.632682999941,
              33.57181199975208
            ],
            [
              -117.6328889998053,
              33.57220800029054
            ],
            [
              -117.6330570000348,
              33.57263199977569
            ],
            [
              -117.63320199979975,
              33.573071000049225
            ],
            [
              -117.63329100038652,
              33.57357499994107
            ],
            [
              -117.63330800010498,
              33.57399000006804
            ],
            [
              -117.63326999957181,
              33.57449000013197
            ],
            [
              -117.63326999957181,
              33.57458199995405
            ],
            [
              -117.6332470000056,
              33.57466099992633
            ],
            [
              -117.63315900014206,
              33.57500900026053
            ],
            [
              -117.63336500000639,
              33.57507199964844
            ],
            [
              -117.63408800007966,
              33.57529300009578
            ],
            [
              -117.63477500016792,
              33.57550400009311
            ],
            [
              -117.63614900034443,
              33.575443000100755
            ],
            [
              -117.6364149995849,
              33.57526999977758
            ],
            [
              -117.63666499983016,
              33.57519699986597
            ],
            [
              -117.63683999973233,
              33.57516400034707
            ],
            [
              -117.63696500030413,
              33.57511300004513
            ],
            [
              -117.63854299979683,
              33.57446100004576
            ],
            [
              -117.63863099966038,
              33.5744470003361
            ],
            [
              -117.63868900028501,
              33.574379000110454
            ],
            [
              -117.63870199980546,
              33.57425500013332
            ],
            [
              -117.63869000010992,
              33.57417200007329
            ],
            [
              -117.63870600000344,
              33.57408700007333
            ],
            [
              -117.6387880000192,
              33.57397099987673
            ],
            [
              -117.63890400037016,
              33.57384099971636
            ],
            [
              -117.6390130001501,
              33.57373599996209
            ],
            [
              -117.63911299970924,
              33.573646999792345
            ],
            [
              -117.63917600035674,
              33.57354399967475
            ],
            [
              -117.63929900038038,
              33.57339899980235
            ],
            [
              -117.63949900039692,
              33.57332399992764
            ],
            [
              -117.63973700004829,
              33.57333300012562
            ],
            [
              -117.63992500036926,
              33.57337000009802
            ],
            [
              -117.64003099977617,
              33.57335600021148
            ],
            [
              -117.64018499976194,
              33.573326999744225
            ],
            [
              -117.64034799996855,
              33.57327699979329
            ],
            [
              -117.64044599987785,
              33.573234000141646
            ],
            [
              -117.64060099968856,
              33.57315600030115
            ],
            [
              -117.64071700003952,
              33.573097000029534
            ],
            [
              -117.64079800023036,
              33.573070000107435
            ],
            [
              -117.64092600027686,
              33.5730020002939
            ],
            [
              -117.6410829997374,
              33.57298499977083
            ],
            [
              -117.64120599976104,
              33.572949000325096
            ],
            [
              -117.64131700008916,
              33.57287300011529
            ],
            [
              -117.64145500018138,
              33.572761000314436
            ],
            [
              -117.64153999967189,
              33.572697000042254
            ],
            [
              -117.64162400023578,
              33.572600999919196
            ],
            [
              -117.64164799962693,
              33.57250599963778
            ],
            [
              -117.64167000026656,
              33.57239799990781
            ],
            [
              -117.64163599993137,
              33.572276999932036
            ],
            [
              -117.64162599988563,
              33.57221799980812
            ],
            [
              -117.64161300036513,
              33.57211700013669
            ],
            [
              -117.64159300027366,
              33.57204800036731
            ],
            [
              -117.64158499987775,
              33.571964999682166
            ],
            [
              -117.6416099999921,
              33.57189899965752
            ],
            [
              -117.64164699980202,
              33.57179499974315
            ],
            [
              -117.64163900030442,
              33.57171100035412
            ],
            [
              -117.64161199964191,
              33.571643000218636
            ],
            [
              -117.64161199964191,
              33.57158900020491
            ],
            [
              -117.64165799967269,
              33.571542999833994
            ],
            [
              -117.64171799994713,
              33.57149500026686
            ],
            [
              -117.6418009997878,
              33.57144899984584
            ],
            [
              -117.64188399962849,
              33.571403000148756
            ],
            [
              -117.6419339998572,
              33.57132000034046
            ],
            [
              -117.64197300021523,
              33.571143000130974
            ],
            [
              -117.64198800028386,
              33.57098800030918
            ],
            [
              -117.6420400001624,
              33.57080700029548
            ],
            [
              -117.64214999976724,
              33.570543000095434
            ],
            [
              -117.64221699971444,
              33.570335999841696
            ],
            [
              -117.6422650002933,
              33.570138000371216
            ],
            [
              -117.64230100027831,
              33.56992500002557
            ],
            [
              -117.64235900000463,
              33.5698709996858
            ],
            [
              -117.64250100029486,
              33.56977100024254
            ],
            [
              -117.64265000025779,
              33.56972399967081
            ],
            [
              -117.64289299993202,
              33.56967199991624
            ],
            [
              -117.64312899993355,
              33.56984900014756
            ],
            [
              -117.64330499966064,
              33.569906999666564
            ],
            [
              -117.64347200006523,
              33.569932999851275
            ],
            [
              -117.64362799970085,
              33.56990900037197
            ],
            [
              -117.64378099986173,
              33.56985999991738
            ],
            [
              -117.644179000245,
              33.56974899993038
            ],
            [
              -117.64444899968342,
              33.56968499967065
            ],
            [
              -117.64461299971495,
              33.56964199972685
            ],
            [
              -117.64482600015029,
              33.56961300025746
            ],
            [
              -117.6450539997559,
              33.56961200027555
            ],
            [
              -117.6452439997267,
              33.5696610001224
            ],
            [
              -117.64557900036078,
              33.56980300034646
            ],
            [
              -117.6457149999049,
              33.569867999749114
            ],
            [
              -117.64590800024875,
              33.56968399968963
            ],
            [
              -117.64641600023687,
              33.569040999750115
            ],
            [
              -117.64678799978253,
              33.568397000265364
            ],
            [
              -117.64739799987791,
              33.567617999901636
            ],
            [
              -117.64773599998671,
              33.56700899996187
            ],
            [
              -117.64865099968058,
              33.56639900019873
            ],
            [
              -117.64885400007019,
              33.56595899965766
            ],
            [
              -117.64922599961587,
              33.56528200008743
            ],
            [
              -117.64993799981849,
              33.564231999741715
            ],
            [
              -117.65102099974186,
              33.56372399975097
            ],
            [
              -117.65252399978979,
              33.56291100012532
            ],
            [
              -117.65266199988207,
              33.562717000343085
            ],
            [
              -117.65343500018406,
              33.56275999999288
            ],
            [
              -117.65368200005626,
              33.56280799992479
            ],
            [
              -117.65383000019428,
              33.562851000277774
            ],
            [
              -117.65391800005781,
              33.562852000338
            ],
            [
              -117.6541840001966,
              33.56285499976994
            ],
            [
              -117.65427299988505,
              33.562855999830035
            ],
            [
              -117.6544160000002,
              33.56285699989014
            ],
            [
              -117.65448999962001,
              33.56285799995027
            ],
            [
              -117.6545430002218,
              33.562638999983704
            ],
            [
              -117.65465000035192,
              33.562040000058154
            ],
            [
              -117.6547399998653,
              33.561498000320334
            ],
            [
              -117.65494099970672,
              33.56069500005351
            ],
            [
              -117.65655300043295,
              33.558859000113976
            ],
            [
              -117.65665999966478,
              33.5587340001966
            ],
            [
              -117.65901700020555,
              33.55604999987748
            ]
          ]
        ]
      },
      "properties": {
        "year": 2006,
        "communityStatus": "substantially_complete",
        "tractMapsRecordedByYear": "0",
        "tractMapsRecordedCumulative": "122",
        "homesSoldAsOf": "6380",
        "activeSchoolCount": "4",
        "documentedMilestones": "Substantial completion reported",
        "ranchlandStatus": "Not quantified",
        "gradingStatus": "Unknown",
        "roadStatus": "Unknown",
        "utilityStatus": "Unknown",
        "confidence": "medium",
        "sourceIds": "LH-SRC-ULI-CASE;LH-SRC-LARMAC-TIMELINE",
        "limitations": "Substantial completion does not mean every custom lot was complete",
        "featureType": "community_snapshot",
        "geometryPrecision": "current official CDP boundary used as display extent",
        "statementClass": "documented_approximate"
      }
    },
    {
      "type": "Feature",
      "geometry": {
        "type": "Polygon",
        "coordinates": [
          [
            [
              -117.65901700020555,
              33.55604999987748
            ],
            [
              -117.65900799998471,
              33.55262800015006
            ],
            [
              -117.65901200018268,
              33.55096799998285
            ],
            [
              -117.65900899980963,
              33.54848100012809
            ],
            [
              -117.65899799993898,
              33.539651000366405
            ],
            [
              -117.65899299991611,
              33.53468500034876
            ],
            [
              -117.65899200009119,
              33.533833000290066
            ],
            [
              -117.65741799989812,
              33.53286500007811
            ],
            [
              -117.65722100025464,
              33.532744000131956
            ],
            [
              -117.65705399985005,
              33.53264099990822
            ],
            [
              -117.65678600006144,
              33.53247699992398
            ],
            [
              -117.65671099971838,
              33.53243099968987
            ],
            [
              -117.65620299973027,
              33.53211900002822
            ],
            [
              -117.65576300041253,
              33.531850000047314
            ],
            [
              -117.65532200037157,
              33.531578000209414
            ],
            [
              -117.65422699985432,
              33.53090500025554
            ],
            [
              -117.65417900017373,
              33.53087700019289
            ],
            [
              -117.65349999958308,
              33.53045800009815
            ],
            [
              -117.65347500036702,
              33.5304430003091
            ],
            [
              -117.65331800000821,
              33.530346999650625
            ],
            [
              -117.65323500016753,
              33.53044199987381
            ],
            [
              -117.65300400018883,
              33.53064800019615
            ],
            [
              -117.65261099982845,
              33.53087299996926
            ],
            [
              -117.65232899979614,
              33.53079799986035
            ],
            [
              -117.6521420001984,
              33.530748999684164
            ],
            [
              -117.65204199974097,
              33.53062700008758
            ],
            [
              -117.65180900011248,
              33.530341999714814
            ],
            [
              -117.65163400021028,
              33.5301890001913
            ],
            [
              -117.65150600016376,
              33.53007699970777
            ],
            [
              -117.65121599973554,
              33.52982799997833
            ],
            [
              -117.6511930001693,
              33.5298080001133
            ],
            [
              -117.65088799967249,
              33.52961699997111
            ],
            [
              -117.6505730000282,
              33.529419999719664
            ],
            [
              -117.65081800025058,
              33.52910400011985
            ],
            [
              -117.65109500026003,
              33.529084999789575
            ],
            [
              -117.65125199972054,
              33.52907699992514
            ],
            [
              -117.6510299999627,
              33.528940999870095
            ],
            [
              -117.65085699971036,
              33.528834000039836
            ],
            [
              -117.65077800006762,
              33.52878599995398
            ],
            [
              -117.65051199992885,
              33.528622000146065
            ],
            [
              -117.6502330002696,
              33.52845000010467
            ],
            [
              -117.64993500034376,
              33.52826699989831
            ],
            [
              -117.64961899997624,
              33.52807300020597
            ],
            [
              -117.64927699966948,
              33.52786300012569
            ],
            [
              -117.64890099992584,
              33.52763200019721
            ],
            [
              -117.64860200017512,
              33.527448000036316
            ],
            [
              -117.64835600012783,
              33.52729700007984
            ],
            [
              -117.64813400036996,
              33.52716100022062
            ],
            [
              -117.64759399969648,
              33.52679100029218
            ],
            [
              -117.64736100006797,
              33.52707100026231
            ],
            [
              -117.64734799964917,
              33.527302000191725
            ],
            [
              -117.6474199996192,
              33.52760500029167
            ],
            [
              -117.64746400000013,
              33.527686999701245
            ],
            [
              -117.64755100003877,
              33.52785200025006
            ],
            [
              -117.64750500000802,
              33.52806099989419
            ],
            [
              -117.64733799960347,
              33.52814799968312
            ],
            [
              -117.64729499994576,
              33.528170999819295
            ],
            [
              -117.64725399993787,
              33.528281000353324
            ],
            [
              -117.6472299996484,
              33.5283449998372
            ],
            [
              -117.64614300042538,
              33.52779599963619
            ],
            [
              -117.64311200021513,
              33.52915900018535
            ],
            [
              -117.64262699979322,
              33.53003400026582
            ],
            [
              -117.64026299957976,
              33.52937100026025
            ],
            [
              -117.63989900043,
              33.52927700005806
            ],
            [
              -117.63969799969023,
              33.52923900021817
            ],
            [
              -117.63917299998369,
              33.52911600028688
            ],
            [
              -117.63825699956654,
              33.52853299991915
            ],
            [
              -117.63805700044834,
              33.52840499968471
            ],
            [
              -117.63702800005329,
              33.52774799972299
            ],
            [
              -117.63654600000447,
              33.52747200007947
            ],
            [
              -117.63614299959833,
              33.52726200003742
            ],
            [
              -117.63502600023807,
              33.52722799970445
            ],
            [
              -117.630887999815,
              33.528788000114076
            ],
            [
              -117.63011500041134,
              33.530391999808764
            ],
            [
              -117.62990799982377,
              33.53082300015347
            ],
            [
              -117.6289239996346,
              33.530952999913886
            ],
            [
              -117.62725400008037,
              33.53117499985928
            ],
            [
              -117.62654100005287,
              33.531981999847474
            ],
            [
              -117.62473500005619,
              33.53402600014337
            ],
            [
              -117.62413599983148,
              33.53470400019722
            ],
            [
              -117.62416299959567,
              33.53475400001497
            ],
            [
              -117.62436900035831,
              33.53513599964488
            ],
            [
              -117.62476500019342,
              33.535943000099564
            ],
            [
              -117.62525499973988,
              33.53686500016966
            ],
            [
              -117.62558199997804,
              33.53755700012262
            ],
            [
              -117.62610400020984,
              33.538558000252124
            ],
            [
              -117.6268880003825,
              33.540300000152165
            ],
            [
              -117.62691299959853,
              33.54035499983383
            ],
            [
              -117.62693799971288,
              33.54040899990935
            ],
            [
              -117.62760899990764,
              33.541740000020795
            ],
            [
              -117.6278530003051,
              33.54225900005965
            ],
            [
              -117.62816600029954,
              33.54291200014441
            ],
            [
              -117.62866599989174,
              33.54403300015756
            ],
            [
              -117.62890600009123,
              33.54453999963257
            ],
            [
              -117.62906699974974,
              33.54494299981952
            ],
            [
              -117.62916100035937,
              33.545260000186154
            ],
            [
              -117.62918200027578,
              33.54533100017261
            ],
            [
              -117.62900900002339,
              33.54538099983284
            ],
            [
              -117.62908299964326,
              33.54559299980779
            ],
            [
              -117.62928199983489,
              33.54631200032062
            ],
            [
              -117.62941499990427,
              33.5475179996862
            ],
            [
              -117.62945300043742,
              33.5483579998742
            ],
            [
              -117.62945400026231,
              33.54855100023706
            ],
            [
              -117.62946699978282,
              33.549819000178495
            ],
            [
              -117.62951199998867,
              33.55148199978971
            ],
            [
              -117.62952799988217,
              33.55156600014032
            ],
            [
              -117.62953299990507,
              33.551591999858005
            ],
            [
              -117.62953899975282,
              33.55166400007187
            ],
            [
              -117.62954200012588,
              33.551690999949436
            ],
            [
              -117.62954399977569,
              33.55171600018902
            ],
            [
              -117.62733699992106,
              33.551881999979244
            ],
            [
              -117.62628199958677,
              33.553998000332555
            ],
            [
              -117.62481700007199,
              33.55495699981048
            ],
            [
              -117.62609499998902,
              33.5559589999127
            ],
            [
              -117.6256770004126,
              33.55674600019688
            ],
            [
              -117.62560200006953,
              33.55865100018746
            ],
            [
              -117.62694100008592,
              33.55886899968035
            ],
            [
              -117.62752799971676,
              33.55978099973111
            ],
            [
              -117.6274230001348,
              33.56073400037135
            ],
            [
              -117.62640200013567,
              33.56137399980826
            ],
            [
              -117.62625599964748,
              33.562738000139895
            ],
            [
              -117.62589999999535,
              33.56294499989567
            ],
            [
              -117.62583399987311,
              33.56307600005244
            ],
            [
              -117.62544899990866,
              33.565300999945414
            ],
            [
              -117.62625099962463,
              33.5652219996417
            ],
            [
              -117.62633299964038,
              33.56597400001924
            ],
            [
              -117.62670099988641,
              33.5688430003037
            ],
            [
              -117.62940099966058,
              33.568148000164854
            ],
            [
              -117.62943300034595,
              33.568211000068764
            ],
            [
              -117.62970000030965,
              33.568641999675435
            ],
            [
              -117.6299589998774,
              33.568989000332614
            ],
            [
              -117.6302190001684,
              33.56932099981769
            ],
            [
              -117.63082099986784,
              33.569869999706924
            ],
            [
              -117.63174399995765,
              33.57068299967831
            ],
            [
              -117.63178999998841,
              33.57072100000708
            ],
            [
              -117.63218699964844,
              33.571128999883264
            ],
            [
              -117.63246200000806,
              33.57149900010706
            ],
            [
              -117.632682999941,
              33.57181199975208
            ],
            [
              -117.6328889998053,
              33.57220800029054
            ],
            [
              -117.6330570000348,
              33.57263199977569
            ],
            [
              -117.63320199979975,
              33.573071000049225
            ],
            [
              -117.63329100038652,
              33.57357499994107
            ],
            [
              -117.63330800010498,
              33.57399000006804
            ],
            [
              -117.63326999957181,
              33.57449000013197
            ],
            [
              -117.63326999957181,
              33.57458199995405
            ],
            [
              -117.6332470000056,
              33.57466099992633
            ],
            [
              -117.63315900014206,
              33.57500900026053
            ],
            [
              -117.63336500000639,
              33.57507199964844
            ],
            [
              -117.63408800007966,
              33.57529300009578
            ],
            [
              -117.63477500016792,
              33.57550400009311
            ],
            [
              -117.63614900034443,
              33.575443000100755
            ],
            [
              -117.6364149995849,
              33.57526999977758
            ],
            [
              -117.63666499983016,
              33.57519699986597
            ],
            [
              -117.63683999973233,
              33.57516400034707
            ],
            [
              -117.63696500030413,
              33.57511300004513
            ],
            [
              -117.63854299979683,
              33.57446100004576
            ],
            [
              -117.63863099966038,
              33.5744470003361
            ],
            [
              -117.63868900028501,
              33.574379000110454
            ],
            [
              -117.63870199980546,
              33.57425500013332
            ],
            [
              -117.63869000010992,
              33.57417200007329
            ],
            [
              -117.63870600000344,
              33.57408700007333
            ],
            [
              -117.6387880000192,
              33.57397099987673
            ],
            [
              -117.63890400037016,
              33.57384099971636
            ],
            [
              -117.6390130001501,
              33.57373599996209
            ],
            [
              -117.63911299970924,
              33.573646999792345
            ],
            [
              -117.63917600035674,
              33.57354399967475
            ],
            [
              -117.63929900038038,
              33.57339899980235
            ],
            [
              -117.63949900039692,
              33.57332399992764
            ],
            [
              -117.63973700004829,
              33.57333300012562
            ],
            [
              -117.63992500036926,
              33.57337000009802
            ],
            [
              -117.64003099977617,
              33.57335600021148
            ],
            [
              -117.64018499976194,
              33.573326999744225
            ],
            [
              -117.64034799996855,
              33.57327699979329
            ],
            [
              -117.64044599987785,
              33.573234000141646
            ],
            [
              -117.64060099968856,
              33.57315600030115
            ],
            [
              -117.64071700003952,
              33.573097000029534
            ],
            [
              -117.64079800023036,
              33.573070000107435
            ],
            [
              -117.64092600027686,
              33.5730020002939
            ],
            [
              -117.6410829997374,
              33.57298499977083
            ],
            [
              -117.64120599976104,
              33.572949000325096
            ],
            [
              -117.64131700008916,
              33.57287300011529
            ],
            [
              -117.64145500018138,
              33.572761000314436
            ],
            [
              -117.64153999967189,
              33.572697000042254
            ],
            [
              -117.64162400023578,
              33.572600999919196
            ],
            [
              -117.64164799962693,
              33.57250599963778
            ],
            [
              -117.64167000026656,
              33.57239799990781
            ],
            [
              -117.64163599993137,
              33.572276999932036
            ],
            [
              -117.64162599988563,
              33.57221799980812
            ],
            [
              -117.64161300036513,
              33.57211700013669
            ],
            [
              -117.64159300027366,
              33.57204800036731
            ],
            [
              -117.64158499987775,
              33.571964999682166
            ],
            [
              -117.6416099999921,
              33.57189899965752
            ],
            [
              -117.64164699980202,
              33.57179499974315
            ],
            [
              -117.64163900030442,
              33.57171100035412
            ],
            [
              -117.64161199964191,
              33.571643000218636
            ],
            [
              -117.64161199964191,
              33.57158900020491
            ],
            [
              -117.64165799967269,
              33.571542999833994
            ],
            [
              -117.64171799994713,
              33.57149500026686
            ],
            [
              -117.6418009997878,
              33.57144899984584
            ],
            [
              -117.64188399962849,
              33.571403000148756
            ],
            [
              -117.6419339998572,
              33.57132000034046
            ],
            [
              -117.64197300021523,
              33.571143000130974
            ],
            [
              -117.64198800028386,
              33.57098800030918
            ],
            [
              -117.6420400001624,
              33.57080700029548
            ],
            [
              -117.64214999976724,
              33.570543000095434
            ],
            [
              -117.64221699971444,
              33.570335999841696
            ],
            [
              -117.6422650002933,
              33.570138000371216
            ],
            [
              -117.64230100027831,
              33.56992500002557
            ],
            [
              -117.64235900000463,
              33.5698709996858
            ],
            [
              -117.64250100029486,
              33.56977100024254
            ],
            [
              -117.64265000025779,
              33.56972399967081
            ],
            [
              -117.64289299993202,
              33.56967199991624
            ],
            [
              -117.64312899993355,
              33.56984900014756
            ],
            [
              -117.64330499966064,
              33.569906999666564
            ],
            [
              -117.64347200006523,
              33.569932999851275
            ],
            [
              -117.64362799970085,
              33.56990900037197
            ],
            [
              -117.64378099986173,
              33.56985999991738
            ],
            [
              -117.644179000245,
              33.56974899993038
            ],
            [
              -117.64444899968342,
              33.56968499967065
            ],
            [
              -117.64461299971495,
              33.56964199972685
            ],
            [
              -117.64482600015029,
              33.56961300025746
            ],
            [
              -117.6450539997559,
              33.56961200027555
            ],
            [
              -117.6452439997267,
              33.5696610001224
            ],
            [
              -117.64557900036078,
              33.56980300034646
            ],
            [
              -117.6457149999049,
              33.569867999749114
            ],
            [
              -117.64590800024875,
              33.56968399968963
            ],
            [
              -117.64641600023687,
              33.569040999750115
            ],
            [
              -117.64678799978253,
              33.568397000265364
            ],
            [
              -117.64739799987791,
              33.567617999901636
            ],
            [
              -117.64773599998671,
              33.56700899996187
            ],
            [
              -117.64865099968058,
              33.56639900019873
            ],
            [
              -117.64885400007019,
              33.56595899965766
            ],
            [
              -117.64922599961587,
              33.56528200008743
            ],
            [
              -117.64993799981849,
              33.564231999741715
            ],
            [
              -117.65102099974186,
              33.56372399975097
            ],
            [
              -117.65252399978979,
              33.56291100012532
            ],
            [
              -117.65266199988207,
              33.562717000343085
            ],
            [
              -117.65343500018406,
              33.56275999999288
            ],
            [
              -117.65368200005626,
              33.56280799992479
            ],
            [
              -117.65383000019428,
              33.562851000277774
            ],
            [
              -117.65391800005781,
              33.562852000338
            ],
            [
              -117.6541840001966,
              33.56285499976994
            ],
            [
              -117.65427299988505,
              33.562855999830035
            ],
            [
              -117.6544160000002,
              33.56285699989014
            ],
            [
              -117.65448999962001,
              33.56285799995027
            ],
            [
              -117.6545430002218,
              33.562638999983704
            ],
            [
              -117.65465000035192,
              33.562040000058154
            ],
            [
              -117.6547399998653,
              33.561498000320334
            ],
            [
              -117.65494099970672,
              33.56069500005351
            ],
            [
              -117.65655300043295,
              33.558859000113976
            ],
            [
              -117.65665999966478,
              33.5587340001966
            ],
            [
              -117.65901700020555,
              33.55604999987748
            ]
          ]
        ]
      },
      "properties": {
        "year": 2007,
        "communityStatus": "sold_out_except_custom",
        "tractMapsRecordedByYear": "0",
        "tractMapsRecordedCumulative": "122",
        "homesSoldAsOf": "6585",
        "activeSchoolCount": "4",
        "documentedMilestones": "Community sells out except custom lots",
        "ranchlandStatus": "Not quantified",
        "gradingStatus": "Unknown",
        "roadStatus": "Unknown",
        "utilityStatus": "Unknown",
        "confidence": "medium",
        "sourceIds": "LH-SRC-LARMAC-TIMELINE",
        "limitations": "Physical buildout remains unresolved",
        "featureType": "community_snapshot",
        "geometryPrecision": "current official CDP boundary used as display extent",
        "statementClass": "documented_approximate"
      }
    },
    {
      "type": "Feature",
      "geometry": {
        "type": "Polygon",
        "coordinates": [
          [
            [
              -117.65901700020555,
              33.55604999987748
            ],
            [
              -117.65900799998471,
              33.55262800015006
            ],
            [
              -117.65901200018268,
              33.55096799998285
            ],
            [
              -117.65900899980963,
              33.54848100012809
            ],
            [
              -117.65899799993898,
              33.539651000366405
            ],
            [
              -117.65899299991611,
              33.53468500034876
            ],
            [
              -117.65899200009119,
              33.533833000290066
            ],
            [
              -117.65741799989812,
              33.53286500007811
            ],
            [
              -117.65722100025464,
              33.532744000131956
            ],
            [
              -117.65705399985005,
              33.53264099990822
            ],
            [
              -117.65678600006144,
              33.53247699992398
            ],
            [
              -117.65671099971838,
              33.53243099968987
            ],
            [
              -117.65620299973027,
              33.53211900002822
            ],
            [
              -117.65576300041253,
              33.531850000047314
            ],
            [
              -117.65532200037157,
              33.531578000209414
            ],
            [
              -117.65422699985432,
              33.53090500025554
            ],
            [
              -117.65417900017373,
              33.53087700019289
            ],
            [
              -117.65349999958308,
              33.53045800009815
            ],
            [
              -117.65347500036702,
              33.5304430003091
            ],
            [
              -117.65331800000821,
              33.530346999650625
            ],
            [
              -117.65323500016753,
              33.53044199987381
            ],
            [
              -117.65300400018883,
              33.53064800019615
            ],
            [
              -117.65261099982845,
              33.53087299996926
            ],
            [
              -117.65232899979614,
              33.53079799986035
            ],
            [
              -117.6521420001984,
              33.530748999684164
            ],
            [
              -117.65204199974097,
              33.53062700008758
            ],
            [
              -117.65180900011248,
              33.530341999714814
            ],
            [
              -117.65163400021028,
              33.5301890001913
            ],
            [
              -117.65150600016376,
              33.53007699970777
            ],
            [
              -117.65121599973554,
              33.52982799997833
            ],
            [
              -117.6511930001693,
              33.5298080001133
            ],
            [
              -117.65088799967249,
              33.52961699997111
            ],
            [
              -117.6505730000282,
              33.529419999719664
            ],
            [
              -117.65081800025058,
              33.52910400011985
            ],
            [
              -117.65109500026003,
              33.529084999789575
            ],
            [
              -117.65125199972054,
              33.52907699992514
            ],
            [
              -117.6510299999627,
              33.528940999870095
            ],
            [
              -117.65085699971036,
              33.528834000039836
            ],
            [
              -117.65077800006762,
              33.52878599995398
            ],
            [
              -117.65051199992885,
              33.528622000146065
            ],
            [
              -117.6502330002696,
              33.52845000010467
            ],
            [
              -117.64993500034376,
              33.52826699989831
            ],
            [
              -117.64961899997624,
              33.52807300020597
            ],
            [
              -117.64927699966948,
              33.52786300012569
            ],
            [
              -117.64890099992584,
              33.52763200019721
            ],
            [
              -117.64860200017512,
              33.527448000036316
            ],
            [
              -117.64835600012783,
              33.52729700007984
            ],
            [
              -117.64813400036996,
              33.52716100022062
            ],
            [
              -117.64759399969648,
              33.52679100029218
            ],
            [
              -117.64736100006797,
              33.52707100026231
            ],
            [
              -117.64734799964917,
              33.527302000191725
            ],
            [
              -117.6474199996192,
              33.52760500029167
            ],
            [
              -117.64746400000013,
              33.527686999701245
            ],
            [
              -117.64755100003877,
              33.52785200025006
            ],
            [
              -117.64750500000802,
              33.52806099989419
            ],
            [
              -117.64733799960347,
              33.52814799968312
            ],
            [
              -117.64729499994576,
              33.528170999819295
            ],
            [
              -117.64725399993787,
              33.528281000353324
            ],
            [
              -117.6472299996484,
              33.5283449998372
            ],
            [
              -117.64614300042538,
              33.52779599963619
            ],
            [
              -117.64311200021513,
              33.52915900018535
            ],
            [
              -117.64262699979322,
              33.53003400026582
            ],
            [
              -117.64026299957976,
              33.52937100026025
            ],
            [
              -117.63989900043,
              33.52927700005806
            ],
            [
              -117.63969799969023,
              33.52923900021817
            ],
            [
              -117.63917299998369,
              33.52911600028688
            ],
            [
              -117.63825699956654,
              33.52853299991915
            ],
            [
              -117.63805700044834,
              33.52840499968471
            ],
            [
              -117.63702800005329,
              33.52774799972299
            ],
            [
              -117.63654600000447,
              33.52747200007947
            ],
            [
              -117.63614299959833,
              33.52726200003742
            ],
            [
              -117.63502600023807,
              33.52722799970445
            ],
            [
              -117.630887999815,
              33.528788000114076
            ],
            [
              -117.63011500041134,
              33.530391999808764
            ],
            [
              -117.62990799982377,
              33.53082300015347
            ],
            [
              -117.6289239996346,
              33.530952999913886
            ],
            [
              -117.62725400008037,
              33.53117499985928
            ],
            [
              -117.62654100005287,
              33.531981999847474
            ],
            [
              -117.62473500005619,
              33.53402600014337
            ],
            [
              -117.62413599983148,
              33.53470400019722
            ],
            [
              -117.62416299959567,
              33.53475400001497
            ],
            [
              -117.62436900035831,
              33.53513599964488
            ],
            [
              -117.62476500019342,
              33.535943000099564
            ],
            [
              -117.62525499973988,
              33.53686500016966
            ],
            [
              -117.62558199997804,
              33.53755700012262
            ],
            [
              -117.62610400020984,
              33.538558000252124
            ],
            [
              -117.6268880003825,
              33.540300000152165
            ],
            [
              -117.62691299959853,
              33.54035499983383
            ],
            [
              -117.62693799971288,
              33.54040899990935
            ],
            [
              -117.62760899990764,
              33.541740000020795
            ],
            [
              -117.6278530003051,
              33.54225900005965
            ],
            [
              -117.62816600029954,
              33.54291200014441
            ],
            [
              -117.62866599989174,
              33.54403300015756
            ],
            [
              -117.62890600009123,
              33.54453999963257
            ],
            [
              -117.62906699974974,
              33.54494299981952
            ],
            [
              -117.62916100035937,
              33.545260000186154
            ],
            [
              -117.62918200027578,
              33.54533100017261
            ],
            [
              -117.62900900002339,
              33.54538099983284
            ],
            [
              -117.62908299964326,
              33.54559299980779
            ],
            [
              -117.62928199983489,
              33.54631200032062
            ],
            [
              -117.62941499990427,
              33.5475179996862
            ],
            [
              -117.62945300043742,
              33.5483579998742
            ],
            [
              -117.62945400026231,
              33.54855100023706
            ],
            [
              -117.62946699978282,
              33.549819000178495
            ],
            [
              -117.62951199998867,
              33.55148199978971
            ],
            [
              -117.62952799988217,
              33.55156600014032
            ],
            [
              -117.62953299990507,
              33.551591999858005
            ],
            [
              -117.62953899975282,
              33.55166400007187
            ],
            [
              -117.62954200012588,
              33.551690999949436
            ],
            [
              -117.62954399977569,
              33.55171600018902
            ],
            [
              -117.62733699992106,
              33.551881999979244
            ],
            [
              -117.62628199958677,
              33.553998000332555
            ],
            [
              -117.62481700007199,
              33.55495699981048
            ],
            [
              -117.62609499998902,
              33.5559589999127
            ],
            [
              -117.6256770004126,
              33.55674600019688
            ],
            [
              -117.62560200006953,
              33.55865100018746
            ],
            [
              -117.62694100008592,
              33.55886899968035
            ],
            [
              -117.62752799971676,
              33.55978099973111
            ],
            [
              -117.6274230001348,
              33.56073400037135
            ],
            [
              -117.62640200013567,
              33.56137399980826
            ],
            [
              -117.62625599964748,
              33.562738000139895
            ],
            [
              -117.62589999999535,
              33.56294499989567
            ],
            [
              -117.62583399987311,
              33.56307600005244
            ],
            [
              -117.62544899990866,
              33.565300999945414
            ],
            [
              -117.62625099962463,
              33.5652219996417
            ],
            [
              -117.62633299964038,
              33.56597400001924
            ],
            [
              -117.62670099988641,
              33.5688430003037
            ],
            [
              -117.62940099966058,
              33.568148000164854
            ],
            [
              -117.62943300034595,
              33.568211000068764
            ],
            [
              -117.62970000030965,
              33.568641999675435
            ],
            [
              -117.6299589998774,
              33.568989000332614
            ],
            [
              -117.6302190001684,
              33.56932099981769
            ],
            [
              -117.63082099986784,
              33.569869999706924
            ],
            [
              -117.63174399995765,
              33.57068299967831
            ],
            [
              -117.63178999998841,
              33.57072100000708
            ],
            [
              -117.63218699964844,
              33.571128999883264
            ],
            [
              -117.63246200000806,
              33.57149900010706
            ],
            [
              -117.632682999941,
              33.57181199975208
            ],
            [
              -117.6328889998053,
              33.57220800029054
            ],
            [
              -117.6330570000348,
              33.57263199977569
            ],
            [
              -117.63320199979975,
              33.573071000049225
            ],
            [
              -117.63329100038652,
              33.57357499994107
            ],
            [
              -117.63330800010498,
              33.57399000006804
            ],
            [
              -117.63326999957181,
              33.57449000013197
            ],
            [
              -117.63326999957181,
              33.57458199995405
            ],
            [
              -117.6332470000056,
              33.57466099992633
            ],
            [
              -117.63315900014206,
              33.57500900026053
            ],
            [
              -117.63336500000639,
              33.57507199964844
            ],
            [
              -117.63408800007966,
              33.57529300009578
            ],
            [
              -117.63477500016792,
              33.57550400009311
            ],
            [
              -117.63614900034443,
              33.575443000100755
            ],
            [
              -117.6364149995849,
              33.57526999977758
            ],
            [
              -117.63666499983016,
              33.57519699986597
            ],
            [
              -117.63683999973233,
              33.57516400034707
            ],
            [
              -117.63696500030413,
              33.57511300004513
            ],
            [
              -117.63854299979683,
              33.57446100004576
            ],
            [
              -117.63863099966038,
              33.5744470003361
            ],
            [
              -117.63868900028501,
              33.574379000110454
            ],
            [
              -117.63870199980546,
              33.57425500013332
            ],
            [
              -117.63869000010992,
              33.57417200007329
            ],
            [
              -117.63870600000344,
              33.57408700007333
            ],
            [
              -117.6387880000192,
              33.57397099987673
            ],
            [
              -117.63890400037016,
              33.57384099971636
            ],
            [
              -117.6390130001501,
              33.57373599996209
            ],
            [
              -117.63911299970924,
              33.573646999792345
            ],
            [
              -117.63917600035674,
              33.57354399967475
            ],
            [
              -117.63929900038038,
              33.57339899980235
            ],
            [
              -117.63949900039692,
              33.57332399992764
            ],
            [
              -117.63973700004829,
              33.57333300012562
            ],
            [
              -117.63992500036926,
              33.57337000009802
            ],
            [
              -117.64003099977617,
              33.57335600021148
            ],
            [
              -117.64018499976194,
              33.573326999744225
            ],
            [
              -117.64034799996855,
              33.57327699979329
            ],
            [
              -117.64044599987785,
              33.573234000141646
            ],
            [
              -117.64060099968856,
              33.57315600030115
            ],
            [
              -117.64071700003952,
              33.573097000029534
            ],
            [
              -117.64079800023036,
              33.573070000107435
            ],
            [
              -117.64092600027686,
              33.5730020002939
            ],
            [
              -117.6410829997374,
              33.57298499977083
            ],
            [
              -117.64120599976104,
              33.572949000325096
            ],
            [
              -117.64131700008916,
              33.57287300011529
            ],
            [
              -117.64145500018138,
              33.572761000314436
            ],
            [
              -117.64153999967189,
              33.572697000042254
            ],
            [
              -117.64162400023578,
              33.572600999919196
            ],
            [
              -117.64164799962693,
              33.57250599963778
            ],
            [
              -117.64167000026656,
              33.57239799990781
            ],
            [
              -117.64163599993137,
              33.572276999932036
            ],
            [
              -117.64162599988563,
              33.57221799980812
            ],
            [
              -117.64161300036513,
              33.57211700013669
            ],
            [
              -117.64159300027366,
              33.57204800036731
            ],
            [
              -117.64158499987775,
              33.571964999682166
            ],
            [
              -117.6416099999921,
              33.57189899965752
            ],
            [
              -117.64164699980202,
              33.57179499974315
            ],
            [
              -117.64163900030442,
              33.57171100035412
            ],
            [
              -117.64161199964191,
              33.571643000218636
            ],
            [
              -117.64161199964191,
              33.57158900020491
            ],
            [
              -117.64165799967269,
              33.571542999833994
            ],
            [
              -117.64171799994713,
              33.57149500026686
            ],
            [
              -117.6418009997878,
              33.57144899984584
            ],
            [
              -117.64188399962849,
              33.571403000148756
            ],
            [
              -117.6419339998572,
              33.57132000034046
            ],
            [
              -117.64197300021523,
              33.571143000130974
            ],
            [
              -117.64198800028386,
              33.57098800030918
            ],
            [
              -117.6420400001624,
              33.57080700029548
            ],
            [
              -117.64214999976724,
              33.570543000095434
            ],
            [
              -117.64221699971444,
              33.570335999841696
            ],
            [
              -117.6422650002933,
              33.570138000371216
            ],
            [
              -117.64230100027831,
              33.56992500002557
            ],
            [
              -117.64235900000463,
              33.5698709996858
            ],
            [
              -117.64250100029486,
              33.56977100024254
            ],
            [
              -117.64265000025779,
              33.56972399967081
            ],
            [
              -117.64289299993202,
              33.56967199991624
            ],
            [
              -117.64312899993355,
              33.56984900014756
            ],
            [
              -117.64330499966064,
              33.569906999666564
            ],
            [
              -117.64347200006523,
              33.569932999851275
            ],
            [
              -117.64362799970085,
              33.56990900037197
            ],
            [
              -117.64378099986173,
              33.56985999991738
            ],
            [
              -117.644179000245,
              33.56974899993038
            ],
            [
              -117.64444899968342,
              33.56968499967065
            ],
            [
              -117.64461299971495,
              33.56964199972685
            ],
            [
              -117.64482600015029,
              33.56961300025746
            ],
            [
              -117.6450539997559,
              33.56961200027555
            ],
            [
              -117.6452439997267,
              33.5696610001224
            ],
            [
              -117.64557900036078,
              33.56980300034646
            ],
            [
              -117.6457149999049,
              33.569867999749114
            ],
            [
              -117.64590800024875,
              33.56968399968963
            ],
            [
              -117.64641600023687,
              33.569040999750115
            ],
            [
              -117.64678799978253,
              33.568397000265364
            ],
            [
              -117.64739799987791,
              33.567617999901636
            ],
            [
              -117.64773599998671,
              33.56700899996187
            ],
            [
              -117.64865099968058,
              33.56639900019873
            ],
            [
              -117.64885400007019,
              33.56595899965766
            ],
            [
              -117.64922599961587,
              33.56528200008743
            ],
            [
              -117.64993799981849,
              33.564231999741715
            ],
            [
              -117.65102099974186,
              33.56372399975097
            ],
            [
              -117.65252399978979,
              33.56291100012532
            ],
            [
              -117.65266199988207,
              33.562717000343085
            ],
            [
              -117.65343500018406,
              33.56275999999288
            ],
            [
              -117.65368200005626,
              33.56280799992479
            ],
            [
              -117.65383000019428,
              33.562851000277774
            ],
            [
              -117.65391800005781,
              33.562852000338
            ],
            [
              -117.6541840001966,
              33.56285499976994
            ],
            [
              -117.65427299988505,
              33.562855999830035
            ],
            [
              -117.6544160000002,
              33.56285699989014
            ],
            [
              -117.65448999962001,
              33.56285799995027
            ],
            [
              -117.6545430002218,
              33.562638999983704
            ],
            [
              -117.65465000035192,
              33.562040000058154
            ],
            [
              -117.6547399998653,
              33.561498000320334
            ],
            [
              -117.65494099970672,
              33.56069500005351
            ],
            [
              -117.65655300043295,
              33.558859000113976
            ],
            [
              -117.65665999966478,
              33.5587340001966
            ],
            [
              -117.65901700020555,
              33.55604999987748
            ]
          ]
        ]
      },
      "properties": {
        "year": 2008,
        "communityStatus": "late_custom_lot_phase",
        "tractMapsRecordedByYear": "1",
        "tractMapsRecordedCumulative": "123",
        "homesSoldAsOf": "6631",
        "activeSchoolCount": "4",
        "documentedMilestones": "Additional home sales reported",
        "ranchlandStatus": "Not quantified",
        "gradingStatus": "Unknown",
        "roadStatus": "Unknown",
        "utilityStatus": "Unknown",
        "confidence": "medium",
        "sourceIds": "LH-SRC-LARMAC-TIMELINE",
        "limitations": "Final buildout date remains unresolved",
        "featureType": "community_snapshot",
        "geometryPrecision": "current official CDP boundary used as display extent",
        "statementClass": "documented_approximate"
      }
    }
  ]
}
