"STATION","DATE","SOURCE","LATITUDE","LONGITUDE","ELEVATION","NAME","REPORT_TYPE","CALL_SIGN","QUALITY_CONTROL","WND","CIG","VIS","TMP","DEW","SLP","AA1","AB1","AD1","AE1","AH1","AH2","AH3","AH4","AH5","AH6","AI1","AI2","AI3","AI4","AI5","AI6","GJ1","GK1","KA1","KA2","KB1","KB2","KB3","KD1","KD2","KE1","MG1","MH1","MK1","OE1","OE2","OE3","REM","EQD"
"72297793184","2001-01-02T07:59:00","6","33.68","-117.86639","16.5","SANTA ANA JOHN WAYNE AIRPORT, CA US","SOD  ","KSNA ","V020","999,9,9,9999,9","99999,9,9,9","999999,9,9,9","+9999,9","+9999,9","99999,9","24,0000,9,5",,,,,,,,,,,,,,,,,,"240,M,+0233,5","240,N,+0072,6",,,,,,,"10166,9,99999,4",,,"1,24,00626,240,1331,5","2,24,00447,240,1331,5","3,24,00107,999,9999,5","SOD54524 HR PRECIPITATION (IN): 0.00 24 HR MAX TEMP (F): 7424 HR MAX TEMP TIME (LST):1325 24 HR MIN TEMP (F): 4524 HR MIN TEMP TIME (LST):2049 AVERAGE STATION PRESSURE:30.02  PEAK WIND SPEED (MPH): 14 PEAK WIND DIR (DEG):240 PEAK WIND TIME (LST):1331  FASTEST 2MIN SPEED (MPH): 10FASTEST 2MIN DIR (DEG):240 FASTEST 2MIN TIME (LST):1331 AVERAGE WIND SPEED (MPH): 2.4 24 HR AVG TEMP (F):60 HOURLY INCREMENTAL PRECIPITATION VALUES (IN):.00  .00  .00  .00  .00  .00  .00  .00  .00  .00  .00  .00  .00  .00  .00  .00  .00  .00  .00  .00  .00  .00  .00  .00","R01    457KAN014"
"72297793184","2001-01-03T07:59:00","6","33.68","-117.86639","16.5","SANTA ANA JOHN WAYNE AIRPORT, CA US","SOD  ","KSNA ","V020","999,9,9,9999,9","99999,9,9,9","999999,9,9,9","+9999,9","+9999,9","99999,9","24,0000,9,5",,,,,,,,,,,,,,,,,,"240,M,+0272,5","240,N,+0050,5",,,,,,,"10196,9,99999,4",,,"1,24,01475,060,1142,5","2,24,01252,060,1142,5","3,24,00371,999,9999,5","SOD54524 HR PRECIPITATION (IN): 0.00 24 HR MAX TEMP (F): 8124 HR MAX TEMP TIME (LST):1423 24 HR MIN TEMP (F): 4124 HR MIN TEMP TIME (LST):0621 AVERAGE STATION PRESSURE:30.11  PEAK WIND SPEED (MPH): 33 PEAK WIND DIR (DEG):060 PEAK WIND TIME (LST):1142  FASTEST 2MIN SPEED (MPH): 28FASTEST 2MIN DIR (DEG):060 FASTEST 2MIN TIME (LST):1142 AVERAGE WIND SPEED (MPH): 8.3 24 HR AVG TEMP (F):61 HOURLY INCREMENTAL PRECIPITATION VALUES (IN):.00  .00  .00  .00  .00  .00  .00  .00  .00  .00  .00  .00  .00  .00  .00  .00  .00  .00  .00  .00  .00  .00  .00  .00",
"72297793184","2001-01-04T07:59:00","6","33.68","-117.86639","16.5","SANTA ANA JOHN WAYNE AIRPORT, CA US","SOD  ","KSNA ","V020","999,9,9,9999,9","99999,9,9,9","999999,9,9,9","+9999,9","+9999,9","99999,9","24,0000,9,5",,,,,,,,,,,,,,,,,,"240,M,+0272,5","240,N,+0106,5",,,,,,,"10210,9,99999,4",,,"1,24,00983,070,0812,5","2,24,00626,050,0816,5","3,24,00183,999,9999,5","SOD52324 HR PRECIPITATION (IN): 0.00 24 HR MAX TEMP (F): 8124 HR MAX TEMP TIME (LST):1426 24 HR MIN TEMP (F): 5124 HR MIN TEMP TIME (LST):0706 AVERAGE STATION PRESSURE:30.15  PEAK WIND SPEED (MPH): 22 PEAK WIND DIR (DEG):070 PEAK WIND TIME (LST):0812  FASTEST 2MIN SPEED (MPH): 14FASTEST 2MIN DIR (DEG):050 FASTEST 2MIN TIME (LST):0816 AVERAGE WIND SPEED (MPH): 4.1 HOURLY INCREMENTAL PRECIPITATION VALUES (IN):.00  .00  .00  .00  .00  .00  .00  .00  .00  .00  .00  .00  .00  .00  .00  .00  .00  .00  .00  .00  .00  .00  .00  .00",
"72297793184","2001-01-05T07:59:00","6","33.68","-117.86639","16.5","SANTA ANA JOHN WAYNE AIRPORT, CA US","SOD  ","KSNA ","V020","999,9,9,9999,9","99999,9,9,9","999999,9,9,9","+9999,9","+9999,9","99999,9","24,0000,9,5",,,,,,,,,,,,,,,,,,"240,M,+0267,5","240,N,+0078,5",,,,,,,"10176,9,99999,4",,,"1,24,00536,210,1535,5","2,24,00447,210,1536,5","3,24,00085,999,9999,5","SOD54524 HR PRECIPITATION (IN): 0.00 24 HR MAX TEMP (F): 8024 HR MAX TEMP TIME (LST):1359 24 HR MIN TEMP (F): 4624 HR MIN TEMP TIME (LST):0628 AVERAGE STATION PRESSURE:30.05  PEAK WIND SPEED (MPH): 12 PEAK WIND DIR (DEG):210 PEAK WIND TIME (LST):1535  FASTEST 2MIN SPEED (MPH): 10FASTEST 2MIN DIR (DEG):210 FASTEST 2MIN TIME (LST):1536 AVERAGE WIND SPEED (MPH): 1.9 24 HR AVG TEMP (F):63 HOURLY INCREMENTAL PRECIPITATION VALUES (IN):.00  .00  .00  .00  .00  .00  .00  .00  .00  .00  .00  .00  .00  .00  .00  .00  .00  .00  .00  .00  .00  .00  .00  .00",
"72297793184","2001-01-06T07:59:00","6","33.68","-117.86639","16.5","SANTA ANA JOHN WAYNE AIRPORT, CA US","SOD  ","KSNA ","V020","999,9,9,9999,9","99999,9,9,9","999999,9,9,9","+9999,9","+9999,9","99999,9","24,0000,2,5",,,,,,,,,,,,,,,,,,"240,M,+0206,5","240,N,+0089,5",,,,,,,"10159,9,99999,4",,,"1,24,00447,220,1436,5","2,24,00402,220,1437,5","3,24,00063,999,9999,5","SOD54524 HR PRECIPITATION (IN):  T   24 HR MAX TEMP (F): 6924 HR MAX TEMP TIME (LST):1414 24 HR MIN TEMP (F): 4824 HR MIN TEMP TIME (LST):0548 AVERAGE STATION PRESSURE:30.00  PEAK WIND SPEED (MPH): 10 PEAK WIND DIR (DEG):220 PEAK WIND TIME (LST):1436  FASTEST 2MIN SPEED (MPH):  9FASTEST 2MIN DIR (DEG):220 FASTEST 2MIN TIME (LST):1437 AVERAGE WIND SPEED (MPH): 1.4 24 HR AVG TEMP (F):59 HOURLY INCREMENTAL PRECIPITATION VALUES (IN):.00  .00  .00  .00  .00  .00  .00  .00  .00  .00  .00  .00  .00  .00  .00   T    T    T    T    T   .00  .00  .00  .00",
"72297793184","2001-01-07T07:59:00","6","33.68","-117.86639","16.5","SANTA ANA JOHN WAYNE AIRPORT, CA US","SOD  ","KSNA ","V020","999,9,9,9999,9","99999,9,9,9","999999,9,9,9","+9999,9","+9999,9","99999,9","24,0000,9,6",,,,,,,,,,,,,,,,,,"240,M,+0206,5","240,N,+0094,5",,,,,,,"10139,9,99999,4",,,"1,24,00581,210,1148,5","2,24,00536,200,1145,5","3,24,00161,999,9999,5","SOD54524 HR PRECIPITATION (IN): 0.00 24 HR MAX TEMP (F): 6924 HR MAX TEMP TIME (LST):1403 24 HR MIN TEMP (F): 4924 HR MIN TEMP TIME (LST):0711 AVERAGE STATION PRESSURE:29.94  PEAK WIND SPEED (MPH): 13 PEAK WIND DIR (DEG):210 PEAK WIND TIME (LST):1148  FASTEST 2MIN SPEED (MPH): 12FASTEST 2MIN DIR (DEG):200 FASTEST 2MIN TIME (LST):1145 AVERAGE WIND SPEED (MPH): 3.6 24 HR AVG TEMP (F):59 HOURLY INCREMENTAL PRECIPITATION VALUES (IN):.00  .00  .00  .00  .00  .00  .00  .00  .00  .00  .00  .00  .00  .00  .00  .00  .00  .00  .00  .00  .00  .00  .00  .00","R01  0.007AAP092"
"72297793184","2001-01-08T07:59:00","6","33.68","-117.86639","16.5","SANTA ANA JOHN WAYNE AIRPORT, CA US","SOD  ","KSNA ","V020","999,9,9,9999,9","99999,9,9,9","999999,9,9,9","+9999,9","+9999,9","99999,9","24,0000,9,6",,,,,,,,,,,,,,,,,,"240,M,+0211,5","240,N,+0067,5",,,,,,,"10129,9,99999,4",,,"1,24,00626,190,1444,5","2,24,00536,200,1445,5","3,24,00148,999,9999,5","SOD54524 HR PRECIPITATION (IN): 0.00 24 HR MAX TEMP (F): 7024 HR MAX TEMP TIME (LST):1331 24 HR MIN TEMP (F): 4424 HR MIN TEMP TIME (LST):0653 AVERAGE STATION PRESSURE:29.91  PEAK WIND SPEED (MPH): 14 PEAK WIND DIR (DEG):190 PEAK WIND TIME (LST):1444  FASTEST 2MIN SPEED (MPH): 12FASTEST 2MIN DIR (DEG):200 FASTEST 2MIN TIME (LST):1445 AVERAGE WIND SPEED (MPH): 3.3 24 HR AVG TEMP (F):57 HOURLY INCREMENTAL PRECIPITATION VALUES (IN):.00  .00  .00  .00  .00  .00  .00  .00  .00  .00  .00  .00  .00  .00  .00  .00  .00  .00  .00  .00  .00  .00  .00  .00","R01  0.007AAP092"
"72297793184","2001-01-09T07:59:00","6","33.68","-117.86639","16.5","SANTA ANA JOHN WAYNE AIRPORT, CA US","SOD  ","KSNA ","V020","999,9,9,9999,9","99999,9,9,9","999999,9,9,9","+9999,9","+9999,9","99999,9","24,0137,9,5",,,,,,,,,,,,,,,,,,"240,M,+0144,5","240,N,+0089,5",,,,,,,"10102,9,99999,4",,,"1,24,00581,310,1424,5","2,24,00447,060,1305,5","3,24,00192,999,9999,5","SOD54524 HR PRECIPITATION (IN): 0.54 24 HR MAX TEMP (F): 5824 HR MAX TEMP TIME (LST):1156 24 HR MIN TEMP (F): 4824 HR MIN TEMP TIME (LST):2359 AVERAGE STATION PRESSURE:29.83  PEAK WIND SPEED (MPH): 13 PEAK WIND DIR (DEG):310 PEAK WIND TIME (LST):1424  FASTEST 2MIN SPEED (MPH): 10FASTEST 2MIN DIR (DEG):060 FASTEST 2MIN TIME (LST):1305 AVERAGE WIND SPEED (MPH): 4.3 24 HR AVG TEMP (F):53 HOURLY INCREMENTAL PRECIPITATION VALUES (IN):.00  .00  .00  .00  .00  .00  .00  .00  .00  .00   T   .02  .10  .04  .16  .20  .02   T   .00  .00  .00  .00  .00  .00",
"72297793184","2001-01-10T07:59:00","6","33.68","-117.86639","16.5","SANTA ANA JOHN WAYNE AIRPORT, CA US","SOD  ","KSNA ","V020","999,9,9,9999,9","99999,9,9,9","999999,9,9,9","+9999,9","+9999,9","99999,9","24,0000,9,6",,,,,,,,,,,,,,,,,,"240,M,+0167,5","240,N,+0083,5",,,,,,,"10112,9,99999,4",,,"1,24,00715,220,1359,5","2,24,00626,220,1359,5","3,24,00170,999,9999,5","SOD54524 HR PRECIPITATION (IN): 0.00 24 HR MAX TEMP (F): 6224 HR MAX TEMP TIME (LST):1315 24 HR MIN TEMP (F): 4724 HR MIN TEMP TIME (LST):0654 AVERAGE STATION PRESSURE:29.86  PEAK WIND SPEED (MPH): 16 PEAK WIND DIR (DEG):220 PEAK WIND TIME (LST):1359  FASTEST 2MIN SPEED (MPH): 14FASTEST 2MIN DIR (DEG):220 FASTEST 2MIN TIME (LST):1359 AVERAGE WIND SPEED (MPH): 3.8 24 HR AVG TEMP (F):55 HOURLY INCREMENTAL PRECIPITATION VALUES (IN):.00  .00  .00  .00  .00  .00  .00  .00  .00  .00  .00  .00  .00  .00  .00  .00  .00  .00  .00  .00  .00  .00  .00  .00","R01  0.007AAP092"
"72297793184","2001-01-11T07:59:00","6","33.68","-117.86639","16.5","SANTA ANA JOHN WAYNE AIRPORT, CA US","SOD  ","KSNA ","V020","999,9,9,9999,9","99999,9,9,9","999999,9,9,9","+9999,9","+9999,9","99999,9","24,0185,9,5",,,,,,,,,,,,,,,,,,"240,M,+0156,5","240,N,+0089,5",,,,,,,"10139,9,99999,4",,,"1,24,01386,140,2243,5","2,24,01028,160,2244,5","3,24,00393,999,9999,5","SOD54524 HR PRECIPITATION (IN): 0.73 24 HR MAX TEMP (F): 6024 HR MAX TEMP TIME (LST):1222 24 HR MIN TEMP (F): 4824 HR MIN TEMP TIME (LST):0257 AVERAGE STATION PRESSURE:29.94  PEAK WIND SPEED (MPH): 31 PEAK WIND DIR (DEG):140 PEAK WIND TIME (LST):2243  FASTEST 2MIN SPEED (MPH): 23FASTEST 2MIN DIR (DEG):160 FASTEST 2MIN TIME (LST):2244 AVERAGE WIND SPEED (MPH): 8.8 24 HR AVG TEMP (F):54 HOURLY INCREMENTAL PRECIPITATION VALUES (IN):.00  .00  .00  .00  .00  .00  .00  .00  .00  .00  .00  .00  .00  .00  .00  .03  .11  .14  .13  .06  .10   T   .07  .09",
"72297793184","2001-01-12T07:59:00","6","33.68","-117.86639","16.5","SANTA ANA JOHN WAYNE AIRPORT, CA US","SOD  ","KSNA ","V020","999,9,9,9999,9","99999,9,9,9","999999,9,9,9","+9999,9","+9999,9","99999,9","24,0455,9,5",,,,,,,,,,,,,,,,"0000,5","000,5","240,M,+0133,5","240,N,+0083,5",,,,,,,"10112,9,99999,4",,,"1,24,01386,160,0140,5","2,24,01162,160,0141,5","3,24,00335,999,9999,5","SOD60524 HR PRECIPITATION (IN): 1.79 TOTAL SUNSHINE (MINUTES):   0 PERCENT POSSIBLE SUNSHINE:  0 24 HR MAX TEMP (F): 5624 HR MAX TEMP TIME (LST):1257 24 HR MIN TEMP (F): 4724 HR MIN TEMP TIME (LST):2359 AVERAGE STATION PRESSURE:29.86  PEAK WIND SPEED (MPH): 31 PEAK WIND DIR (DEG):160 PEAK WIND TIME (LST):0140  FASTEST 2MIN SPEED (MPH): 26FASTEST 2MIN DIR (DEG):160 FASTEST 2MIN TIME (LST):0141 AVERAGE WIND SPEED (MPH): 7.5 24 HR AVG TEMP (F):52 HOURLY INCREMENTAL PRECIPITATION VALUES (IN):.14  .24  .15  .15  .22  .05  .04  .09  .08  .01   T   .05   T    T   .08   T    T   .16  .08  .20  .05  .00  .00  .00",
"72297793184","2001-01-13T07:59:00","6","33.68","-117.86639","16.5","SANTA ANA JOHN WAYNE AIRPORT, CA US","SOD  ","KSNA ","V020","999,9,9,9999,9","99999,9,9,9","999999,9,9,9","+9999,9","+9999,9","99999,9","24,0104,9,5",,,,,,,,,,,,,,,,"0000,5","000,5","240,M,+0128,5","240,N,+0072,5",,,,,,,"10115,9,99999,4",,,"1,24,01073,130,0902,5","2,24,00536,140,1307,5","3,24,00206,999,9999,5","SOD60524 HR PRECIPITATION (IN): 0.41 TOTAL SUNSHINE (MINUTES):   0 PERCENT POSSIBLE SUNSHINE:  0 24 HR MAX TEMP (F): 5524 HR MAX TEMP TIME (LST):1702 24 HR MIN TEMP (F): 4524 HR MIN TEMP TIME (LST):2359 AVERAGE STATION PRESSURE:29.87  PEAK WIND SPEED (MPH): 24 PEAK WIND DIR (DEG):130 PEAK WIND TIME (LST):0902  FASTEST 2MIN SPEED (MPH): 12FASTEST 2MIN DIR (DEG):140 FASTEST 2MIN TIME (LST):1307 AVERAGE WIND SPEED (MPH): 4.6 24 HR AVG TEMP (F):50 HOURLY INCREMENTAL PRECIPITATION VALUES (IN):.00  .01  .02  .08  .21  .04  .02  .00  .01   T   .02   T    T    T    T    T   .00  .00  .00  .00  .00  .00  .00  .00",
"72297793184","2001-01-14T07:59:00","6","33.68","-117.86639","16.5","SANTA ANA JOHN WAYNE AIRPORT, CA US","SOD  ","KSNA ","V020","999,9,9,9999,9","99999,9,9,9","999999,9,9,9","+9999,9","+9999,9","99999,9","24,0003,9,5",,,,,,,,,,,,,,,,"0000,5","000,5","240,M,+0150,5","240,N,+0056,5",,,,,,,"10196,9,99999,4",,,"1,24,00581,250,1445,5","2,24,00447,230,1416,5","3,24,00125,999,9999,5","SOD60524 HR PRECIPITATION (IN): 0.01 TOTAL SUNSHINE (MINUTES):   0 PERCENT POSSIBLE SUNSHINE:  0 24 HR MAX TEMP (F): 5924 HR MAX TEMP TIME (LST):1508 24 HR MIN TEMP (F): 4224 HR MIN TEMP TIME (LST):0351 AVERAGE STATION PRESSURE:30.11  PEAK WIND SPEED (MPH): 13 PEAK WIND DIR (DEG):250 PEAK WIND TIME (LST):1445  FASTEST 2MIN SPEED (MPH): 10FASTEST 2MIN DIR (DEG):230 FASTEST 2MIN TIME (LST):1416 AVERAGE WIND SPEED (MPH): 2.8 24 HR AVG TEMP (F):51 HOURLY INCREMENTAL PRECIPITATION VALUES (IN):.00  .00  .01  .00  .00  .00  .00  .00  .00  .00  .00  .00  .00  .00  .00  .00  .00  .00  .00  .00  .00  .00  .00  .00",
"72297793184","2001-01-15T07:59:00","6","33.68","-117.86639","16.5","SANTA ANA JOHN WAYNE AIRPORT, CA US","SOD  ","KSNA ","V020","999,9,9,9999,9","99999,9,9,9","999999,9,9,9","+9999,9","+9999,9","99999,9","24,0000,9,6",,,,,,,,,,,,,,,,"0000,5","000,5","240,M,+0156,5","240,N,+0061,5",,,,,,,"10176,9,99999,4",,,"1,24,00581,260,1355,5","2,24,00447,240,1437,5","3,24,00134,999,9999,5","SOD60524 HR PRECIPITATION (IN): 0.00 TOTAL SUNSHINE (MINUTES):   0 PERCENT POSSIBLE SUNSHINE:  0 24 HR MAX TEMP (F): 6024 HR MAX TEMP TIME (LST):1425 24 HR MIN TEMP (F): 4324 HR MIN TEMP TIME (LST):0711 AVERAGE STATION PRESSURE:30.05  PEAK WIND SPEED (MPH): 13 PEAK WIND DIR (DEG):260 PEAK WIND TIME (LST):1355  FASTEST 2MIN SPEED (MPH): 10FASTEST 2MIN DIR (DEG):240 FASTEST 2MIN TIME (LST):1437 AVERAGE WIND SPEED (MPH): 3.0 24 HR AVG TEMP (F):52 HOURLY INCREMENTAL PRECIPITATION VALUES (IN):.00  .00  .00  .00  .00  .00  .00  .00  .00  .00  .00  .00  .00  .00  .00  .00  .00  .00  .00  .00  .00  .00  .00  .00","R01  0.007AAP092"
"72297793184","2001-01-16T07:59:00","6","33.68","-117.86639","16.5","SANTA ANA JOHN WAYNE AIRPORT, CA US","SOD  ","KSNA ","V020","999,9,9,9999,9","99999,9,9,9","999999,9,9,9","+9999,9","+9999,9","99999,9","24,0000,9,6",,,,,,,,,,,,,,,,,,"240,M,+0144,5","240,N,+0078,5",,,,,,,"10135,9,99999,4",,,"1,24,00760,220,1440,5","2,24,00626,260,1506,5","3,24,00161,999,9999,5","SOD54524 HR PRECIPITATION (IN): 0.00 24 HR MAX TEMP (F): 5824 HR MAX TEMP TIME (LST):1414 24 HR MIN TEMP (F): 4624 HR MIN TEMP TIME (LST):0654 AVERAGE STATION PRESSURE:29.93  PEAK WIND SPEED (MPH): 17 PEAK WIND DIR (DEG):220 PEAK WIND TIME (LST):1440  FASTEST 2MIN SPEED (MPH): 14FASTEST 2MIN DIR (DEG):260 FASTEST 2MIN TIME (LST):1506 AVERAGE WIND SPEED (MPH): 3.6 24 HR AVG TEMP (F):52 HOURLY INCREMENTAL PRECIPITATION VALUES (IN):.00  .00  .00  .00  .00  .00  .00  .00  .00  .00  .00  .00  .00  .00  .00  .00  .00  .00  .00  .00  .00  .00  .00  .00","R01  0.007AAP092"
"72297793184","2001-01-17T07:59:00","6","33.68","-117.86639","16.5","SANTA ANA JOHN WAYNE AIRPORT, CA US","SOD  ","KSNA ","V020","999,9,9,9999,9","99999,9,9,9","999999,9,9,9","+9999,9","+9999,9","99999,9","24,0000,9,6",,,,,,,,,,,,,,,,,,"240,M,+0150,5","240,N,+0044,5",,,,,,,"10146,9,99999,4",,,"1,24,01118,030,2346,5","2,24,00894,040,2346,5","3,24,00165,999,9999,5","SOD54524 HR PRECIPITATION (IN): 0.00 24 HR MAX TEMP (F): 5924 HR MAX TEMP TIME (LST):1303 24 HR MIN TEMP (F): 4024 HR MIN TEMP TIME (LST):0652 AVERAGE STATION PRESSURE:29.96  PEAK WIND SPEED (MPH): 25 PEAK WIND DIR (DEG):030 PEAK WIND TIME (LST):2346  FASTEST 2MIN SPEED (MPH): 20FASTEST 2MIN DIR (DEG):040 FASTEST 2MIN TIME (LST):2346 AVERAGE WIND SPEED (MPH): 3.7 24 HR AVG TEMP (F):50 HOURLY INCREMENTAL PRECIPITATION VALUES (IN):.00  .00  .00  .00  .00  .00  .00  .00  .00  .00  .00  .00  .00  .00  .00  .00  .00  .00  .00  .00  .00  .00  .00  .00","R01  0.007AAP092"
"72297793184","2001-01-18T07:59:00","6","33.68","-117.86639","16.5","SANTA ANA JOHN WAYNE AIRPORT, CA US","SOD  ","KSNA ","V020","999,9,9,9999,9","99999,9,9,9","999999,9,9,9","+9999,9","+9999,9","99999,9","24,0000,9,6",,,,,,,,,,,,,,,,,,"240,M,+0172,5","240,N,+0072,5",,,,,,,"10200,9,99999,4",,,"1,24,01296,070,0831,5","2,24,00939,070,1129,5","3,24,00393,999,9999,5","SOD54524 HR PRECIPITATION (IN): 0.00 24 HR MAX TEMP (F): 6324 HR MAX TEMP TIME (LST):1208 24 HR MIN TEMP (F): 4524 HR MIN TEMP TIME (LST):2359 AVERAGE STATION PRESSURE:30.12  PEAK WIND SPEED (MPH): 29 PEAK WIND DIR (DEG):070 PEAK WIND TIME (LST):0831  FASTEST 2MIN SPEED (MPH): 21FASTEST 2MIN DIR (DEG):070 FASTEST 2MIN TIME (LST):1129 AVERAGE WIND SPEED (MPH): 8.8 24 HR AVG TEMP (F):54 HOURLY INCREMENTAL PRECIPITATION VALUES (IN):.00  .00  .00  .00  .00  .00  .00  .00  .00  .00  .00  .00  .00  .00  .00  .00  .00  .00  .00  .00  .00  .00  .00  .00","R01  0.007AAP092"
"72297793184","2001-01-19T07:59:00","6","33.68","-117.86639","16.5","SANTA ANA JOHN WAYNE AIRPORT, CA US","SOD  ","KSNA ","V020","999,9,9,9999,9","99999,9,9,9","999999,9,9,9","+9999,9","+9999,9","99999,9","24,0000,9,6",,,,,,,,,,,,,,,,,,"240,M,+0167,5","240,N,+0028,5",,,,,,,"10200,9,99999,4",,,"1,24,00715,190,1200,5","2,24,00536,200,1306,5","3,24,00148,999,9999,5","SOD54524 HR PRECIPITATION (IN): 0.00 24 HR MAX TEMP (F): 6224 HR MAX TEMP TIME (LST):1520 24 HR MIN TEMP (F): 3724 HR MIN TEMP TIME (LST):0620 AVERAGE STATION PRESSURE:30.12  PEAK WIND SPEED (MPH): 16 PEAK WIND DIR (DEG):190 PEAK WIND TIME (LST):1200  FASTEST 2MIN SPEED (MPH): 12FASTEST 2MIN DIR (DEG):200 FASTEST 2MIN TIME (LST):1306 AVERAGE WIND SPEED (MPH): 3.3 24 HR AVG TEMP (F):50 HOURLY INCREMENTAL PRECIPITATION VALUES (IN):.00  .00  .00  .00  .00  .00  .00  .00  .00  .00  .00  .00  .00  .00  .00  .00  .00  .00  .00  .00  .00  .00  .00  .00","R01  0.007AAP092"
"72297793184","2001-01-20T07:59:00","6","33.68","-117.86639","16.5","SANTA ANA JOHN WAYNE AIRPORT, CA US","SOD  ","KSNA ","V020","999,9,9,9999,9","99999,9,9,9","999999,9,9,9","+9999,9","+9999,9","99999,9","24,0000,9,6",,,,,,,,,,,,,,,,,,"240,M,+0172,5","240,N,+0050,5",,,,,,,"10196,9,99999,4",,,"1,24,00581,200,1119,5","2,24,00447,200,1123,5","3,24,00125,999,9999,5","SOD54524 HR PRECIPITATION (IN): 0.00 24 HR MAX TEMP (F): 6324 HR MAX TEMP TIME (LST):1124 24 HR MIN TEMP (F): 4124 HR MIN TEMP TIME (LST):0644 AVERAGE STATION PRESSURE:30.11  PEAK WIND SPEED (MPH): 13 PEAK WIND DIR (DEG):200 PEAK WIND TIME (LST):1119  FASTEST 2MIN SPEED (MPH): 10FASTEST 2MIN DIR (DEG):200 FASTEST 2MIN TIME (LST):1123 AVERAGE WIND SPEED (MPH): 2.8 24 HR AVG TEMP (F):52 HOURLY INCREMENTAL PRECIPITATION VALUES (IN):.00  .00  .00  .00  .00  .00  .00  .00  .00  .00  .00  .00  .00  .00  .00  .00  .00  .00  .00  .00  .00  .00  .00  .00","R01  0.007AAP092"
"72297793184","2001-01-21T07:59:00","6","33.68","-117.86639","16.5","SANTA ANA JOHN WAYNE AIRPORT, CA US","SOD  ","KSNA ","V020","999,9,9,9999,9","99999,9,9,9","999999,9,9,9","+9999,9","+9999,9","99999,9","24,0000,9,6",,,,,,,,,,,,,,,,,,"240,M,+0206,5","240,N,+0067,5",,,,,,,"10186,9,99999,4",,,"1,24,00581,190,1334,5","2,24,00447,200,1337,5","3,24,00103,999,9999,5","SOD54524 HR PRECIPITATION (IN): 0.00 24 HR MAX TEMP (F): 6924 HR MAX TEMP TIME (LST):1637 24 HR MIN TEMP (F): 4424 HR MIN TEMP TIME (LST):0658 AVERAGE STATION PRESSURE:30.08  PEAK WIND SPEED (MPH): 13 PEAK WIND DIR (DEG):190 PEAK WIND TIME (LST):1334  FASTEST 2MIN SPEED (MPH): 10FASTEST 2MIN DIR (DEG):200 FASTEST 2MIN TIME (LST):1337 AVERAGE WIND SPEED (MPH): 2.3 24 HR AVG TEMP (F):57 HOURLY INCREMENTAL PRECIPITATION VALUES (IN):.00  .00  .00  .00  .00  .00  .00  .00  .00  .00  .00  .00  .00  .00  .00  .00  .00  .00  .00  .00  .00  .00  .00  .00","R01  0.007AAP092"
"72297793184","2001-01-22T07:59:00","6","33.68","-117.86639","16.5","SANTA ANA JOHN WAYNE AIRPORT, CA US","SOD  ","KSNA ","V020","999,9,9,9999,9","99999,9,9,9","999999,9,9,9","+9999,9","+9999,9","99999,9","24,0000,9,6",,,,,,,,,,,,,,,,,,"240,M,+0200,5","240,N,+0067,5",,,,,,,"10186,9,99999,4",,,"1,24,00715,220,1027,5","2,24,00358,200,1708,5","3,24,00094,999,9999,5","SOD54524 HR PRECIPITATION (IN): 0.00 24 HR MAX TEMP (F): 6824 HR MAX TEMP TIME (LST):1428 24 HR MIN TEMP (F): 4424 HR MIN TEMP TIME (LST):0652 AVERAGE STATION PRESSURE:30.08  PEAK WIND SPEED (MPH): 16 PEAK WIND DIR (DEG):220 PEAK WIND TIME (LST):1027  FASTEST 2MIN SPEED (MPH):  8FASTEST 2MIN DIR (DEG):200 FASTEST 2MIN TIME (LST):1708 AVERAGE WIND SPEED (MPH): 2.1 24 HR AVG TEMP (F):56 HOURLY INCREMENTAL PRECIPITATION VALUES (IN):.00  .00  .00  .00  .00  .00  .00  .00  .00  .00  .00  .00  .00  .00  .00  .00  .00  .00  .00  .00  .00  .00  .00  .00","R01  0.007AAP092"
"72297793184","2001-01-23T07:59:00","6","33.68","-117.86639","16.5","SANTA ANA JOHN WAYNE AIRPORT, CA US","SOD  ","KSNA ","V020","999,9,9,9999,9","99999,9,9,9","999999,9,9,9","+9999,9","+9999,9","99999,9","24,0000,9,6",,,,,,,,,,,,,,,,,,"240,M,+0178,5","240,N,+0094,5",,,,,,,"10163,9,99999,4",,,"1,24,00581,220,1549,5","2,24,00536,210,1509,5","3,24,00130,999,9999,5","SOD54524 HR PRECIPITATION (IN): 0.00 24 HR MAX TEMP (F): 6424 HR MAX TEMP TIME (LST):1345 24 HR MIN TEMP (F): 4924 HR MIN TEMP TIME (LST):2359 AVERAGE STATION PRESSURE:30.01  PEAK WIND SPEED (MPH): 13 PEAK WIND DIR (DEG):220 PEAK WIND TIME (LST):1549  FASTEST 2MIN SPEED (MPH): 12FASTEST 2MIN DIR (DEG):210 FASTEST 2MIN TIME (LST):1509 AVERAGE WIND SPEED (MPH): 2.9 24 HR AVG TEMP (F):57 HOURLY INCREMENTAL PRECIPITATION VALUES (IN):.00  .00  .00  .00  .00  .00  .00  .00  .00  .00  .00  .00  .00  .00  .00  .00  .00  .00  .00  .00  .00  .00  .00  .00","R01  0.007AAP092"
"72297793184","2001-01-24T07:59:00","6","33.68","-117.86639","16.5","SANTA ANA JOHN WAYNE AIRPORT, CA US","SOD  ","KSNA ","V020","999,9,9,9999,9","99999,9,9,9","999999,9,9,9","+9999,9","+9999,9","99999,9","24,0000,9,6",,,,,,,,,,,,,,,,,,"240,M,+0172,5","240,N,+0067,5",,,,,,,"10176,9,99999,4",,,"1,24,00536,250,1634,5","2,24,00402,250,1532,5","3,24,00130,999,9999,5","SOD54524 HR PRECIPITATION (IN): 0.00 24 HR MAX TEMP (F): 6324 HR MAX TEMP TIME (LST):1429 24 HR MIN TEMP (F): 4424 HR MIN TEMP TIME (LST):0655 AVERAGE STATION PRESSURE:30.05  PEAK WIND SPEED (MPH): 12 PEAK WIND DIR (DEG):250 PEAK WIND TIME (LST):1634  FASTEST 2MIN SPEED (MPH):  9FASTEST 2MIN DIR (DEG):250 FASTEST 2MIN TIME (LST):1532 AVERAGE WIND SPEED (MPH): 2.9 24 HR AVG TEMP (F):54 HOURLY INCREMENTAL PRECIPITATION VALUES (IN):.00  .00  .00  .00  .00  .00  .00  .00  .00  .00  .00  .00  .00  .00  .00  .00  .00  .00  .00  .00  .00  .00  .00  .00","R01  0.007AAP092"
"72297793184","2001-01-25T07:59:00","6","33.68","-117.86639","16.5","SANTA ANA JOHN WAYNE AIRPORT, CA US","SOD  ","KSNA ","V020","999,9,9,9999,9","99999,9,9,9","999999,9,9,9","+9999,9","+9999,9","99999,9","24,0046,9,5",,,,,,,,,,,,,,,,,,"240,M,+0144,5","240,N,+0089,5",,,,,,,"10186,9,99999,4",,,"1,24,00939,240,1441,5","2,24,00760,200,1300,5","3,24,00219,999,9999,5","SOD54524 HR PRECIPITATION (IN): 0.18 24 HR MAX TEMP (F): 5824 HR MAX TEMP TIME (LST):1444 24 HR MIN TEMP (F): 4824 HR MIN TEMP TIME (LST):2359 AVERAGE STATION PRESSURE:30.08  PEAK WIND SPEED (MPH): 21 PEAK WIND DIR (DEG):240 PEAK WIND TIME (LST):1441  FASTEST 2MIN SPEED (MPH): 17FASTEST 2MIN DIR (DEG):200 FASTEST 2MIN TIME (LST):1300 AVERAGE WIND SPEED (MPH): 4.9 24 HR AVG TEMP (F):53 HOURLY INCREMENTAL PRECIPITATION VALUES (IN):.00  .00  .00  .00  .00  .00  .00  .11  .06  .01  .00  .00   T    T   .00  .00  .00  .00  .00  .00  .00  .00  .00  .00",
"72297793184","2001-01-26T07:59:00","6","33.68","-117.86639","16.5","SANTA ANA JOHN WAYNE AIRPORT, CA US","SOD  ","KSNA ","V020","999,9,9,9999,9","99999,9,9,9","999999,9,9,9","+9999,9","+9999,9","99999,9","24,0000,9,6",,,,,,,,,,,,,,,,,,"240,M,+0144,5","240,N,+0050,5",,,,,,,"10213,9,99999,4",,,"1,24,00626,220,1453,5","2,24,00447,220,1454,5","3,24,00139,999,9999,5","SOD54524 HR PRECIPITATION (IN): 0.00 24 HR MAX TEMP (F): 5824 HR MAX TEMP TIME (LST):1514 24 HR MIN TEMP (F): 4124 HR MIN TEMP TIME (LST):0625 AVERAGE STATION PRESSURE:30.16  PEAK WIND SPEED (MPH): 14 PEAK WIND DIR (DEG):220 PEAK WIND TIME (LST):1453  FASTEST 2MIN SPEED (MPH): 10FASTEST 2MIN DIR (DEG):220 FASTEST 2MIN TIME (LST):1454 AVERAGE WIND SPEED (MPH): 3.1 24 HR AVG TEMP (F):50 HOURLY INCREMENTAL PRECIPITATION VALUES (IN):.00  .00  .00  .00  .00  .00  .00  .00  .00  .00  .00  .00  .00  .00  .00  .00  .00  .00  .00  .00  .00  .00  .00  .00","R01  0.007AAP092"
"72297793184","2001-01-27T07:59:00","6","33.68","-117.86639","16.5","SANTA ANA JOHN WAYNE AIRPORT, CA US","SOD  ","KSNA ","V020","999,9,9,9999,9","99999,9,9,9","999999,9,9,9","+9999,9","+9999,9","99999,9","24,0178,9,5",,,,,,,,,,,,,,,,,,"240,M,+0117,5","240,N,+0067,5",,,,,,,"10125,9,99999,4",,,"1,24,00983,280,1340,5","2,24,00760,280,1340,5","3,24,00174,999,9999,5","SOD54524 HR PRECIPITATION (IN): 0.70 24 HR MAX TEMP (F): 5324 HR MAX TEMP TIME (LST):1339 24 HR MIN TEMP (F): 4424 HR MIN TEMP TIME (LST):0131 AVERAGE STATION PRESSURE:29.90  PEAK WIND SPEED (MPH): 22 PEAK WIND DIR (DEG):280 PEAK WIND TIME (LST):1340  FASTEST 2MIN SPEED (MPH): 17FASTEST 2MIN DIR (DEG):280 FASTEST 2MIN TIME (LST):1340 AVERAGE WIND SPEED (MPH): 3.9 24 HR AVG TEMP (F):49 HOURLY INCREMENTAL PRECIPITATION VALUES (IN):.00  .00  .00  .00  .00  .00  .01  .04  .15  .14   T   .00   T   .14  .04  .00  .00  .00  .00   T   .12  .06  .00  .00",
"72297793184","2001-01-28T07:59:00","6","33.68","-117.86639","16.5","SANTA ANA JOHN WAYNE AIRPORT, CA US","SOD  ","KSNA ","V020","999,9,9,9999,9","99999,9,9,9","999999,9,9,9","+9999,9","+9999,9","99999,9","24,0003,9,5",,,,,,,,,,,,,,,,,,"240,M,+0133,5","240,N,+0056,5",,,,,,,"10081,9,99999,4",,,"1,24,00626,210,1433,5","2,24,00536,190,1455,5","3,24,00170,999,9999,5","SOD52324 HR PRECIPITATION (IN): 0.01 24 HR MAX TEMP (F): 5624 HR MAX TEMP TIME (LST):1502 24 HR MIN TEMP (F): 4224 HR MIN TEMP TIME (LST):0651 AVERAGE STATION PRESSURE:29.77  PEAK WIND SPEED (MPH): 14 PEAK WIND DIR (DEG):210 PEAK WIND TIME (LST):1433  FASTEST 2MIN SPEED (MPH): 12FASTEST 2MIN DIR (DEG):190 FASTEST 2MIN TIME (LST):1455 AVERAGE WIND SPEED (MPH): 3.8 HOURLY INCREMENTAL PRECIPITATION VALUES (IN):.00  .00  .00  .00  .00  .00  .00  .00  .00  .00  .00  .00  .00  .00  .00  .00  .00  .00  .00  .00  .00  .00  .00  .00",
"72297793184","2001-01-29T07:59:00","6","33.68","-117.86639","16.5","SANTA ANA JOHN WAYNE AIRPORT, CA US","SOD  ","KSNA ","V020","999,9,9,9999,9","99999,9,9,9","999999,9,9,9","+9999,9","+9999,9","99999,9","24,0000,9,6",,,,,,,,,,,,,,,,,,"240,M,+0156,5","240,N,+0083,5",,,,,,,"10166,9,99999,4",,,"1,24,00760,190,1009,5","2,24,00581,210,1504,5","3,24,00300,999,9999,5","SOD54524 HR PRECIPITATION (IN): 0.00 24 HR MAX TEMP (F): 6024 HR MAX TEMP TIME (LST):1320 24 HR MIN TEMP (F): 4724 HR MIN TEMP TIME (LST):2359 AVERAGE STATION PRESSURE:30.02  PEAK WIND SPEED (MPH): 17 PEAK WIND DIR (DEG):190 PEAK WIND TIME (LST):1009  FASTEST 2MIN SPEED (MPH): 13FASTEST 2MIN DIR (DEG):210 FASTEST 2MIN TIME (LST):1504 AVERAGE WIND SPEED (MPH): 6.7 24 HR AVG TEMP (F):54 HOURLY INCREMENTAL PRECIPITATION VALUES (IN):.00  .00  .00  .00  .00  .00  .00  .00  .00  .00  .00  .00  .00  .00  .00  .00  .00  .00  .00  .00  .00  .00  .00  .00","R01  0.007AAP092"
"72297793184","2001-01-30T07:59:00","6","33.68","-117.86639","16.5","SANTA ANA JOHN WAYNE AIRPORT, CA US","SOD  ","KSNA ","V020","999,9,9,9999,9","99999,9,9,9","999999,9,9,9","+9999,9","+9999,9","99999,9","24,0000,2,5",,,,,,,,,,,,,,,,,,"240,M,+0150,5","240,N,+0061,5",,,,,,,"10203,9,99999,4",,,"1,24,00715,230,1514,5","2,24,00536,240,1552,5","3,24,00179,999,9999,5","SOD54524 HR PRECIPITATION (IN):  T   24 HR MAX TEMP (F): 5924 HR MAX TEMP TIME (LST):1452 24 HR MIN TEMP (F): 4324 HR MIN TEMP TIME (LST):0550 AVERAGE STATION PRESSURE:30.13  PEAK WIND SPEED (MPH): 16 PEAK WIND DIR (DEG):230 PEAK WIND TIME (LST):1514  FASTEST 2MIN SPEED (MPH): 12FASTEST 2MIN DIR (DEG):240 FASTEST 2MIN TIME (LST):1552 AVERAGE WIND SPEED (MPH): 4.0 24 HR AVG TEMP (F):51 HOURLY INCREMENTAL PRECIPITATION VALUES (IN):.00  .00  .00  .00  .00  .00  .00  .00  .00  .00   T   .00  .00  .00  .00  .00  .00  .00  .00  .00  .00  .00  .00  .00",
"72297793184","2001-01-31T07:59:00","6","33.68","-117.86639","16.5","SANTA ANA JOHN WAYNE AIRPORT, CA US","SOD  ","KSNA ","V020","999,9,9,9999,9","99999,9,9,9","999999,9,9,9","+9999,9","+9999,9","99999,9","24,0000,9,6",,,,,,,,,,,,,,,,,,"240,M,+0200,5","240,N,+0050,5",,,,,,,"10183,9,99999,4",,,"1,24,01162,050,1311,5","2,24,00939,030,1424,5","3,24,00237,999,9999,5","SOD54524 HR PRECIPITATION (IN): 0.00 24 HR MAX TEMP (F): 6824 HR MAX TEMP TIME (LST):1536 24 HR MIN TEMP (F): 4124 HR MIN TEMP TIME (LST):0731 AVERAGE STATION PRESSURE:30.07  PEAK WIND SPEED (MPH): 26 PEAK WIND DIR (DEG):050 PEAK WIND TIME (LST):1311  FASTEST 2MIN SPEED (MPH): 21FASTEST 2MIN DIR (DEG):030 FASTEST 2MIN TIME (LST):1424 AVERAGE WIND SPEED (MPH): 5.3 24 HR AVG TEMP (F):55 HOURLY INCREMENTAL PRECIPITATION VALUES (IN):.00  .00  .00  .00  .00  .00  .00  .00  .00  .00  .00  .00  .00  .00  .00  .00  .00  .00  .00  .00  .00  .00  .00  .00","R01  0.007AAP092"
"72297793184","2001-02-01T07:59:00","6","33.68","-117.86639","16.5","SANTA ANA JOHN WAYNE AIRPORT, CA US","SOD  ","KSNA ","V020","999,9,9,9999,9","99999,9,9,9","999999,9,9,9","+9999,9","+9999,9","99999,9","24,0000,9,6",,,,,,,,,,,,,,,,"0000,5","000,5","240,M,+0217,5","240,N,+0061,5",,,,,,,"10183,9,99999,4",,,"1,24,01296,060,2243,5","2,24,00983,040,2051,5","3,24,00344,999,9999,5","SOD60524 HR PRECIPITATION (IN): 0.00 TOTAL SUNSHINE (MINUTES):   0 PERCENT POSSIBLE SUNSHINE:  0 24 HR MAX TEMP (F): 7124 HR MAX TEMP TIME (LST):1315 24 HR MIN TEMP (F): 4324 HR MIN TEMP TIME (LST):0513 AVERAGE STATION PRESSURE:30.07  PEAK WIND SPEED (MPH): 29 PEAK WIND DIR (DEG): 60 PEAK WIND TIME (LST):2243  FASTEST 2MIN SPEED (MPH): 22FASTEST 2MIN DIR (DEG): 40 FASTEST 2MIN TIME (LST):2051 AVERAGE WIND SPEED (MPH): 7.7 24 HR AVG TEMP (F):57 HOURLY INCREMENTAL PRECIPITATION VALUES (IN):.00  .00  .00  .00  .00  .00  .00  .00  .00  .00  .00  .00  .00  .00  .00  .00  .00  .00  .00  .00  .00  .00  .00  .00","R01  0.007AAP092"
"72297793184","2001-02-01T07:59:00","6","33.68","-117.86639","16.5","SANTA ANA JOHN WAYNE AIRPORT, CA US","SOM  ","KSNA ","V020","999,9,9,9999,9","99999,9,9,9","999999,9,9,9","+9999,9","+9999,9","99999,9",,"01110,9,6","00516,9,1010,9999,9999,6","08,6,06,6,99,9,01,6","005,0023,9,261343,5","010,0036,9,110146,5","015,0043,9,110149,5","020,0048,9,110149,5","030,0053,9,110200,5","045,0058,9,110204,5","060,0066,9,110232,5","080,0086,9,110250,5","100,0097,9,110310,5","120,0107,9,110328,5","150,0130,9,110359,5","180,0163,9,110435,5",,,,,"744,N,+0700,5","744,M,+1783,5","744,A,+1244,5","744,H,0324,7","744,C,0001,6","00,5,00,5,00,5,00,5",,"10163,4,10193,4","10278,251005,5,10095,271415,5",,,,"SOM725PCP MTOT: 4.37 DEPNRM: 0.00 PCP GT 24HRS: 2.03 DATE(S):102+ DAYS W/PCP >=.01: 8 DAYS W/PCP >=.10: 6 DAYS W/PCP >=1.00:  MSDP AMTS W/DATE-TIME TAGS:MIN:5  .09  26/1343 MIN:10  .14  11/0146 MIN:15  .17  11/0149 MIN:20  .19  11/0149 MIN:30  .21  11/0200 MIN:45  .23  11/0204 MIN:60  .26  11/0232 MIN:80  .34  11/0250 MIN:100  .38  11/0310 MIN:120  .42  11/0328 MIN:150  .51  11/0359 MIN:180  .64  11/0435 SN GT DP ON GRND:0 DATE(S):0  AVG DLY MIN: 44.6 AVG DLY MAX: 64.1 AVG MLY TMP: 54.4 DAYS MAX <=32:  DAYS MAX >=70: 0 DAYS MAX >=90: 0 DAYS MIN <=32: 0 DAYS MIN  <=0: 0 AVG STP:30.01  AVG SLP:30.10  LWST SLP:29.81 DATE/TIME:271415 HGST SLP:30.35 DATE/TIME:251005 HDD MTH TOT: 324 DEP NORM:-255 CDD MTH TOT:   1 DEP NORM:-255","R01  4.377ABP070R02  2.037ADP081R03     87AE1100R04      7AE2103R05     17AE4109R06   3247KDH015R07     17KDC058"
"72297793184","2001-02-02T07:59:00","6","33.68","-117.86639","16.5","SANTA ANA JOHN WAYNE AIRPORT, CA US","SOD  ","KSNA ","V020","999,9,9,9999,9","99999,9,9,9","999999,9,9,9","+9999,9","+9999,9","99999,9","24,0000,9,5",,,,,,,,,,,,,,,,,,"240,M,+0222,5","240,N,+0100,6",,,,,,,"10210,9,99999,4",,,"1,24,01431,060,0556,5","2,24,01162,050,0536,5","3,24,00331,999,9999,5","SOD54524 HR PRECIPITATION (IN): 0.00 24 HR MAX TEMP (F): 7224 HR MAX TEMP TIME (LST):1359 24 HR MIN TEMP (F): 5024 HR MIN TEMP TIME (LST):2359 AVERAGE STATION PRESSURE:30.15  PEAK WIND SPEED (MPH): 32 PEAK WIND DIR (DEG):060 PEAK WIND TIME (LST):0556  FASTEST 2MIN SPEED (MPH): 26FASTEST 2MIN DIR (DEG):050 FASTEST 2MIN TIME (LST):0536 AVERAGE WIND SPEED (MPH): 7.4 24 HR AVG TEMP (F):61 HOURLY INCREMENTAL PRECIPITATION VALUES (IN):.00  .00  .00  .00  .00  .00  .00  .00  .00  .00  .00  .00  .00  .00  .00  .00  .00  .00  .00  .00  .00  .00  .00  .00","R01    507KAN014"
"72297793184","2001-02-03T07:59:00","6","33.68","-117.86639","16.5","SANTA ANA JOHN WAYNE AIRPORT, CA US","SOD  ","KSNA ","V020","999,9,9,9999,9","99999,9,9,9","999999,9,9,9","+9999,9","+9999,9","99999,9","24,0000,9,5",,,,,,,,,,,,,,,,,,"240,M,+0222,5","240,N,+0067,5",,,,,,,"10210,9,99999,4",,,"1,24,00536,210,1523,5","2,24,00402,220,1535,5","3,24,00085,999,9999,5","SOD54524 HR PRECIPITATION (IN): 0.00 24 HR MAX TEMP (F): 7224 HR MAX TEMP TIME (LST):1311 24 HR MIN TEMP (F): 4424 HR MIN TEMP TIME (LST):0653 AVERAGE STATION PRESSURE:30.15  PEAK WIND SPEED (MPH): 12 PEAK WIND DIR (DEG):210 PEAK WIND TIME (LST):1523  FASTEST 2MIN SPEED (MPH):  9FASTEST 2MIN DIR (DEG):220 FASTEST 2MIN TIME (LST):1535 AVERAGE WIND SPEED (MPH): 1.9 24 HR AVG TEMP (F):58 HOURLY INCREMENTAL PRECIPITATION VALUES (IN):.00  .00  .00  .00  .00  .00  .00  .00  .00  .00  .00  .00  .00  .00  .00  .00  .00  .00  .00  .00  .00  .00  .00  .00",
"72297793184","2001-02-04T07:59:00","6","33.68","-117.86639","16.5","SANTA ANA JOHN WAYNE AIRPORT, CA US","SOD  ","KSNA ","V020","999,9,9,9999,9","99999,9,9,9","999999,9,9,9","+9999,9","+9999,9","99999,9","24,0000,9,5",,,,,,,,,,,,,,,,,,"240,M,+0261,5","240,N,+0078,5",,,,,,,"10169,9,99999,4",,,"1,24,00358,210,1646,5","2,24,00358,210,1644,5","3,24,00076,999,9999,5","SOD54524 HR PRECIPITATION (IN): 0.00 24 HR MAX TEMP (F): 7924 HR MAX TEMP TIME (LST):1447 24 HR MIN TEMP (F): 4624 HR MIN TEMP TIME (LST):0656 AVERAGE STATION PRESSURE:30.03  PEAK WIND SPEED (MPH):  8 PEAK WIND DIR (DEG):210 PEAK WIND TIME (LST):1646  FASTEST 2MIN SPEED (MPH):  8FASTEST 2MIN DIR (DEG):210 FASTEST 2MIN TIME (LST):1644 AVERAGE WIND SPEED (MPH): 1.7 24 HR AVG TEMP (F):63 HOURLY INCREMENTAL PRECIPITATION VALUES (IN):.00  .00  .00  .00  .00  .00  .00  .00  .00  .00  .00  .00  .00  .00  .00  .00  .00  .00  .00  .00  .00  .00  .00  .00",
"72297793184","2001-02-05T07:59:00","6","33.68","-117.86639","16.5","SANTA ANA JOHN WAYNE AIRPORT, CA US","SOD  ","KSNA ","V020","999,9,9,9999,9","99999,9,9,9","999999,9,9,9","+9999,9","+9999,9","99999,9","24,0000,9,5",,,,,,,,,,,,,,,,,,"240,M,+0300,5","240,N,+0106,5",,,,,,,"10156,9,99999,4",,,"1,24,00715,200,1226,5","2,24,00581,210,1243,5","3,24,00134,999,9999,5","SOD52324 HR PRECIPITATION (IN): 0.00 24 HR MAX TEMP (F): 8624 HR MAX TEMP TIME (LST):1226 24 HR MIN TEMP (F): 5124 HR MIN TEMP TIME (LST):0645 AVERAGE STATION PRESSURE:29.99  PEAK WIND SPEED (MPH): 16 PEAK WIND DIR (DEG):200 PEAK WIND TIME (LST):1226  FASTEST 2MIN SPEED (MPH): 13FASTEST 2MIN DIR (DEG):210 FASTEST 2MIN TIME (LST):1243 AVERAGE WIND SPEED (MPH): 3.0 HOURLY INCREMENTAL PRECIPITATION VALUES (IN):.00  .00  .00  .00  .00  .00  .00  .00  .00  .00  .00  .00  .00  .00  .00  .00  .00  .00  .00  .00  .00  .00  .00  .00",
"72297793184","2001-02-06T07:59:00","6","33.68","-117.86639","16.5","SANTA ANA JOHN WAYNE AIRPORT, CA US","SOD  ","KSNA ","V020","999,9,9,9999,9","99999,9,9,9","999999,9,9,9","+9999,9","+9999,9","99999,9","24,0000,9,5",,,,,,,,,,,,,,,,,,"240,M,+0256,5","240,N,+0117,5",,,,,,,"10112,9,99999,4",,,"1,24,00626,230,1659,5","2,24,00581,220,1658,5","3,24,00116,999,9999,5","SOD54524 HR PRECIPITATION (IN): 0.00 24 HR MAX TEMP (F): 7824 HR MAX TEMP TIME (LST):1212 24 HR MIN TEMP (F): 5324 HR MIN TEMP TIME (LST):0605 AVERAGE STATION PRESSURE:29.86  PEAK WIND SPEED (MPH): 14 PEAK WIND DIR (DEG):230 PEAK WIND TIME (LST):1659  FASTEST 2MIN SPEED (MPH): 13FASTEST 2MIN DIR (DEG):220 FASTEST 2MIN TIME (LST):1658 AVERAGE WIND SPEED (MPH): 2.6 24 HR AVG TEMP (F):66 HOURLY INCREMENTAL PRECIPITATION VALUES (IN):.00  .00  .00  .00  .00  .00  .00  .00  .00  .00  .00  .00  .00  .00  .00  .00  .00  .00  .00  .00  .00  .00  .00  .00",
"72297793184","2001-02-07T07:59:00","6","33.68","-117.86639","16.5","SANTA ANA JOHN WAYNE AIRPORT, CA US","SOD  ","KSNA ","V020","999,9,9,9999,9","99999,9,9,9","999999,9,9,9","+9999,9","+9999,9","99999,9","24,0000,9,5",,,,,,,,,,,,,,,,,,"240,M,+0172,5","240,N,+0106,5",,,,,,,"10078,9,99999,4",,,"1,24,00983,200,1228,5","2,24,00894,190,1229,5","3,24,00286,999,9999,5","SOD54524 HR PRECIPITATION (IN): 0.00 24 HR MAX TEMP (F): 6324 HR MAX TEMP TIME (LST):1239 24 HR MIN TEMP (F): 5124 HR MIN TEMP TIME (LST):0651 AVERAGE STATION PRESSURE:29.76  PEAK WIND SPEED (MPH): 22 PEAK WIND DIR (DEG):200 PEAK WIND TIME (LST):1228  FASTEST 2MIN SPEED (MPH): 20FASTEST 2MIN DIR (DEG):190 FASTEST 2MIN TIME (LST):1229 AVERAGE WIND SPEED (MPH): 6.4 24 HR AVG TEMP (F):57 HOURLY INCREMENTAL PRECIPITATION VALUES (IN):.00  .00  .00  .00  .00  .00  .00  .00  .00  .00  .00  .00  .00  .00  .00  .00  .00  .00  .00  .00  .00  .00  .00  .00",
"72297793184","2001-02-08T07:59:00","6","33.68","-117.86639","16.5","SANTA ANA JOHN WAYNE AIRPORT, CA US","SOD  ","KSNA ","V020","999,9,9,9999,9","99999,9,9,9","999999,9,9,9","+9999,9","+9999,9","99999,9","24,0000,2,5",,,,,,,,,,,,,,,,,,"240,M,+0133,5","240,N,+0072,5",,,,,,,"10058,9,99999,4",,,"1,24,00983,240,1049,5","2,24,00760,220,1351,5","3,24,00322,999,9999,5","SOD54524 HR PRECIPITATION (IN):  T   24 HR MAX TEMP (F): 5624 HR MAX TEMP TIME (LST):1350 24 HR MIN TEMP (F): 4524 HR MIN TEMP TIME (LST):2359 AVERAGE STATION PRESSURE:29.70  PEAK WIND SPEED (MPH): 22 PEAK WIND DIR (DEG):240 PEAK WIND TIME (LST):1049  FASTEST 2MIN SPEED (MPH): 17FASTEST 2MIN DIR (DEG):220 FASTEST 2MIN TIME (LST):1351 AVERAGE WIND SPEED (MPH): 7.2 24 HR AVG TEMP (F):51 HOURLY INCREMENTAL PRECIPITATION VALUES (IN): T    T   .00  .00  .00  .00  .00  .00  .00  .00  .00  .00  .00  .00  .00  .00  .00  .00  .00  .00  .00  .00  .00  .00",
"72297793184","2001-02-09T07:59:00","6","33.68","-117.86639","16.5","SANTA ANA JOHN WAYNE AIRPORT, CA US","SOD  ","KSNA ","V020","999,9,9,9999,9","99999,9,9,9","999999,9,9,9","+9999,9","+9999,9","99999,9","24,0000,9,6",,,,,,,,,,,,,,,,,,"240,M,+0150,5","240,N,+0039,5",,,,,,,"10132,9,99999,4",,,"1,24,00805,190,1301,5","2,24,00626,180,1408,5","3,24,00228,999,9999,5","SOD52324 HR PRECIPITATION (IN): 0.00 24 HR MAX TEMP (F): 5924 HR MAX TEMP TIME (LST):1406 24 HR MIN TEMP (F): 3924 HR MIN TEMP TIME (LST):0651 AVERAGE STATION PRESSURE:29.92  PEAK WIND SPEED (MPH): 18 PEAK WIND DIR (DEG):190 PEAK WIND TIME (LST):1301  FASTEST 2MIN SPEED (MPH): 14FASTEST 2MIN DIR (DEG):180 FASTEST 2MIN TIME (LST):1408 AVERAGE WIND SPEED (MPH): 5.1 HOURLY INCREMENTAL PRECIPITATION VALUES (IN):.00  .00  .00  .00  .00  .00  .00  .00  .00  .00  .00  .00  .00  .00  .00  .00  .00  .00  .00  .00  .00  .00  .00  .00","R01  0.007AAP092"
"72297793184","2001-02-10T07:59:00","6","33.68","-117.86639","16.5","SANTA ANA JOHN WAYNE AIRPORT, CA US","SOD  ","KSNA ","V020","999,9,9,9999,9","99999,9,9,9","999999,9,9,9","+9999,9","+9999,9","99999,9","24,0000,9,6",,,,,,,,,,,,,,,,,,"240,M,+0156,5","240,N,+0061,5",,,,,,,"10179,9,99999,4",,,"1,24,00894,210,1344,5","2,24,00760,210,1345,5","3,24,00291,999,9999,5","SOD54524 HR PRECIPITATION (IN): 0.00 24 HR MAX TEMP (F): 6024 HR MAX TEMP TIME (LST):1327 24 HR MIN TEMP (F): 4324 HR MIN TEMP TIME (LST):0529 AVERAGE STATION PRESSURE:30.06  PEAK WIND SPEED (MPH): 20 PEAK WIND DIR (DEG):210 PEAK WIND TIME (LST):1344  FASTEST 2MIN SPEED (MPH): 17FASTEST 2MIN DIR (DEG):210 FASTEST 2MIN TIME (LST):1345 AVERAGE WIND SPEED (MPH): 6.5 24 HR AVG TEMP (F):52 HOURLY INCREMENTAL PRECIPITATION VALUES (IN):.00  .00  .00  .00  .00  .00  .00  .00  .00  .00  .00  .00  .00  .00  .00  .00  .00  .00  .00  .00  .00  .00  .00  .00","R01  0.007AAP092"
"72297793184","2001-02-11T07:59:00","6","33.68","-117.86639","16.5","SANTA ANA JOHN WAYNE AIRPORT, CA US","SOD  ","KSNA ","V020","999,9,9,9999,9","99999,9,9,9","999999,9,9,9","+9999,9","+9999,9","99999,9","24,0015,9,5",,,,,,,,,,,,,,,,,,"240,M,+0144,5","240,N,+0078,5",,,,,,,"10135,9,99999,4",,,"1,24,00805,260,1511,5","2,24,00671,260,1511,5","3,24,00264,999,9999,5","SOD54524 HR PRECIPITATION (IN): 0.06 24 HR MAX TEMP (F): 5824 HR MAX TEMP TIME (LST):1332 24 HR MIN TEMP (F): 4624 HR MIN TEMP TIME (LST):2359 AVERAGE STATION PRESSURE:29.93  PEAK WIND SPEED (MPH): 18 PEAK WIND DIR (DEG):260 PEAK WIND TIME (LST):1511  FASTEST 2MIN SPEED (MPH): 15FASTEST 2MIN DIR (DEG):260 FASTEST 2MIN TIME (LST):1511 AVERAGE WIND SPEED (MPH): 5.9 24 HR AVG TEMP (F):52 HOURLY INCREMENTAL PRECIPITATION VALUES (IN):.00  .00  .00  .00  .00   T    T   .00  .01  .04   T    T   .00  .00  .00  .00  .00  .00  .00  .00  .01  .00  .00  .00",
"72297793184","2001-02-12T07:59:00","6","33.68","-117.86639","16.5","SANTA ANA JOHN WAYNE AIRPORT, CA US","SOD  ","KSNA ","V020","999,9,9,9999,9","99999,9,9,9","999999,9,9,9","+9999,9","+9999,9","99999,9","24,0008,9,5",,,,,,,,,,,,,,,,,,"240,M,+0150,5","240,N,+0061,5",,,,,,,"10142,9,99999,4",,,"1,24,01028,190,1527,5","2,24,00805,180,1527,5","3,24,00349,999,9999,5","SOD54424 HR PRECIPITATION (IN): 0.03 24 HR MAX TEMP (F): 5924 HR MAX TEMP TIME (LST):1448 24 HR MIN TEMP (F): 4324 HR MIN TEMP TIME (LST):0506 AVERAGE STATION PRESSURE:29.95  PEAK WIND SPEED (MPH): 23 PEAK WIND DIR (DEG):190 PEAK WIND TIME (LST):1527  FASTEST 2MIN SPEED (MPH): 18FASTEST 2MIN DIR (DEG):180 FASTEST 2MIN TIME (LST):1527 AVERAGE WIND SPEED (MPH): 7.8 24 HR AVG TEMP (F):51 HOURLY INCREMENTAL PRECIPITATION VALUES (IN):.01  .02  .00  .00  .00  .00  .00  .00  .00  .00  .00  .00  .00  .00  .00  .00  .00  .00  .00  .00  .00  .00  .00   T",
"72297793184","2001-02-13T07:59:00","6","33.68","-117.86639","16.5","SANTA ANA JOHN WAYNE AIRPORT, CA US","SOD  ","KSNA ","V020","999,9,9,9999,9","99999,9,9,9","999999,9,9,9","+9999,9","+9999,9","99999,9","24,0536,9,5",,,,,,,,,,,,,,,,,,"240,M,+0139,5","240,N,+0094,5",,,,,,,"10085,9,99999,4",,,"1,24,01028,150,2154,5","2,24,00894,190,1319,5","3,24,00447,999,9999,5","SOD54524 HR PRECIPITATION (IN): 2.11 24 HR MAX TEMP (F): 5724 HR MAX TEMP TIME (LST):1451 24 HR MIN TEMP (F): 4924 HR MIN TEMP TIME (LST):0214 AVERAGE STATION PRESSURE:29.78  PEAK WIND SPEED (MPH): 23 PEAK WIND DIR (DEG):150 PEAK WIND TIME (LST):2154  FASTEST 2MIN SPEED (MPH): 20FASTEST 2MIN DIR (DEG):190 FASTEST 2MIN TIME (LST):1319 AVERAGE WIND SPEED (MPH):10.0 24 HR AVG TEMP (F):53 HOURLY INCREMENTAL PRECIPITATION VALUES (IN):.01   T   .01  .02  .05  .14  .15  .38  .04  .15  .16  .02   T   .00   T    T   .02  .01  .03  .25  .25  .17  .14  .10",
"72297793184","2001-02-14T07:59:00","6","33.68","-117.86639","16.5","SANTA ANA JOHN WAYNE AIRPORT, CA US","SOD  ","KSNA ","V020","999,9,9,9999,9","99999,9,9,9","999999,9,9,9","+9999,9","+9999,9","99999,9","24,0198,9,5",,,,,,,,,,,,,,,,,,"240,M,+0133,5","240,N,+0078,5",,,,,,,"10054,9,99999,4",,,"1,24,01565,100,0252,5","2,24,01252,210,0601,5","3,24,00407,999,9999,5","SOD54524 HR PRECIPITATION (IN): 0.78 24 HR MAX TEMP (F): 5624 HR MAX TEMP TIME (LST):1507 24 HR MIN TEMP (F): 4624 HR MIN TEMP TIME (LST):2359 AVERAGE STATION PRESSURE:29.69  PEAK WIND SPEED (MPH): 35 PEAK WIND DIR (DEG):100 PEAK WIND TIME (LST):0252  FASTEST 2MIN SPEED (MPH): 28FASTEST 2MIN DIR (DEG):210 FASTEST 2MIN TIME (LST):0601 AVERAGE WIND SPEED (MPH): 9.1 24 HR AVG TEMP (F):51 HOURLY INCREMENTAL PRECIPITATION VALUES (IN):.06  .13  .19  .12  .07  .01  .00  .01   T    T   .00   T   .00  .01  .00  .00  .00  .00  .00  .08  .10  .01   T   .00",
"72297793184","2001-02-15T07:59:00","6","33.68","-117.86639","16.5","SANTA ANA JOHN WAYNE AIRPORT, CA US","SOD  ","KSNA ","V020","999,9,9,9999,9","99999,9,9,9","999999,9,9,9","+9999,9","+9999,9","99999,9","24,0000,9,6",,,,,,,,,,,,,,,,,,"240,M,+0139,5","240,N,+0061,5",,,,,,,"10146,9,99999,4",,,"1,24,00715,210,1500,5","2,24,00626,200,1507,5","3,24,00179,999,9999,5","SOD54524 HR PRECIPITATION (IN): 0.00 24 HR MAX TEMP (F): 5724 HR MAX TEMP TIME (LST):1406 24 HR MIN TEMP (F): 4324 HR MIN TEMP TIME (LST):0455 AVERAGE STATION PRESSURE:29.96  PEAK WIND SPEED (MPH): 16 PEAK WIND DIR (DEG):210 PEAK WIND TIME (LST):1500  FASTEST 2MIN SPEED (MPH): 14FASTEST 2MIN DIR (DEG):200 FASTEST 2MIN TIME (LST):1507 AVERAGE WIND SPEED (MPH): 4.0 24 HR AVG TEMP (F):50 HOURLY INCREMENTAL PRECIPITATION VALUES (IN):.00  .00  .00  .00  .00  .00  .00  .00  .00  .00  .00  .00  .00  .00  .00  .00  .00  .00  .00  .00  .00  .00  .00  .00","R01  0.007AAP092"
"72297793184","2001-02-16T07:59:00","6","33.68","-117.86639","16.5","SANTA ANA JOHN WAYNE AIRPORT, CA US","SOD  ","KSNA ","V020","999,9,9,9999,9","99999,9,9,9","999999,9,9,9","+9999,9","+9999,9","99999,9","24,0000,9,6",,,,,,,,,,,,,,,,"0000,5","000,5","240,M,+0150,5","240,N,+0050,5",,,,,,,"10179,9,99999,4",,,"1,24,00581,230,1627,5","2,24,00447,230,1627,5","3,24,00152,999,9999,5","SOD60524 HR PRECIPITATION (IN): 0.00 TOTAL SUNSHINE (MINUTES):   0 PERCENT POSSIBLE SUNSHINE:  0 24 HR MAX TEMP (F): 5924 HR MAX TEMP TIME (LST):1458 24 HR MIN TEMP (F): 4124 HR MIN TEMP TIME (LST):0620 AVERAGE STATION PRESSURE:30.06  PEAK WIND SPEED (MPH): 13 PEAK WIND DIR (DEG):230 PEAK WIND TIME (LST):1627  FASTEST 2MIN SPEED (MPH): 10FASTEST 2MIN DIR (DEG):230 FASTEST 2MIN TIME (LST):1627 AVERAGE WIND SPEED (MPH): 3.4 24 HR AVG TEMP (F):50 HOURLY INCREMENTAL PRECIPITATION VALUES (IN):.00  .00  .00  .00  .00  .00  .00  .00  .00  .00  .00  .00  .00  .00  .00  .00  .00  .00  .00  .00  .00  .00  .00  .00","R01  0.007AAP092"
"72297793184","2001-02-17T07:59:00","6","33.68","-117.86639","16.5","SANTA ANA JOHN WAYNE AIRPORT, CA US","SOD  ","KSNA ","V020","999,9,9,9999,9","99999,9,9,9","999999,9,9,9","+9999,9","+9999,9","99999,9","24,0000,9,6",,,,,,,,,,,,,,,,,,"240,M,+0183,5","240,N,+0061,5",,,,,,,"10193,9,99999,4",,,"1,24,00626,200,1533,5","2,24,00536,200,1534,5","3,24,00112,999,9999,5","SOD54524 HR PRECIPITATION (IN): 0.00 24 HR MAX TEMP (F): 6524 HR MAX TEMP TIME (LST):1401 24 HR MIN TEMP (F): 4324 HR MIN TEMP TIME (LST):0638 AVERAGE STATION PRESSURE:30.10  PEAK WIND SPEED (MPH): 14 PEAK WIND DIR (DEG):200 PEAK WIND TIME (LST):1533  FASTEST 2MIN SPEED (MPH): 12FASTEST 2MIN DIR (DEG):200 FASTEST 2MIN TIME (LST):1534 AVERAGE WIND SPEED (MPH): 2.5 24 HR AVG TEMP (F):54 HOURLY INCREMENTAL PRECIPITATION VALUES (IN):.00  .00  .00  .00  .00  .00  .00  .00  .00  .00  .00  .00  .00  .00  .00  .00  .00  .00  .00  .00  .00  .00  .00  .00","R01  0.007AAP092"
"72297793184","2001-02-18T07:59:00","6","33.68","-117.86639","16.5","SANTA ANA JOHN WAYNE AIRPORT, CA US","SOD  ","KSNA ","V020","999,9,9,9999,9","99999,9,9,9","999999,9,9,9","+9999,9","+9999,9","99999,9","24,0000,9,6",,,,,,,,,,,,,,,,,,"240,M,+0189,5","240,N,+0083,5",,,,,,,"10169,9,99999,4",,,"1,24,00536,220,1353,5","2,24,00447,220,1325,5","3,24,00112,999,9999,5","SOD54524 HR PRECIPITATION (IN): 0.00 24 HR MAX TEMP (F): 6624 HR MAX TEMP TIME (LST):1251 24 HR MIN TEMP (F): 4724 HR MIN TEMP TIME (LST):0659 AVERAGE STATION PRESSURE:30.03  PEAK WIND SPEED (MPH): 12 PEAK WIND DIR (DEG):220 PEAK WIND TIME (LST):1353  FASTEST 2MIN SPEED (MPH): 10FASTEST 2MIN DIR (DEG):220 FASTEST 2MIN TIME (LST):1325 AVERAGE WIND SPEED (MPH): 2.5 24 HR AVG TEMP (F):57 HOURLY INCREMENTAL PRECIPITATION VALUES (IN):.00  .00  .00  .00  .00  .00  .00  .00  .00  .00  .00  .00  .00  .00  .00  .00  .00  .00  .00  .00  .00  .00  .00  .00","R01  0.007AAP092"
"72297793184","2001-02-19T07:59:00","6","33.68","-117.86639","16.5","SANTA ANA JOHN WAYNE AIRPORT, CA US","SOD  ","KSNA ","V020","999,9,9,9999,9","99999,9,9,9","999999,9,9,9","+9999,9","+9999,9","99999,9","24,0000,2,5",,,,,,,,,,,,,,,,,,"240,M,+0172,5","240,N,+0106,5",,,,,,,"10169,9,99999,4",,,"1,24,00581,220,1647,5","2,24,00536,210,1645,5","3,24,00188,999,9999,5","SOD54524 HR PRECIPITATION (IN):  T   24 HR MAX TEMP (F): 6324 HR MAX TEMP TIME (LST):1507 24 HR MIN TEMP (F): 5124 HR MIN TEMP TIME (LST):0514 AVERAGE STATION PRESSURE:30.03  PEAK WIND SPEED (MPH): 13 PEAK WIND DIR (DEG):220 PEAK WIND TIME (LST):1647  FASTEST 2MIN SPEED (MPH): 12FASTEST 2MIN DIR (DEG):210 FASTEST 2MIN TIME (LST):1645 AVERAGE WIND SPEED (MPH): 4.2 24 HR AVG TEMP (F):57 HOURLY INCREMENTAL PRECIPITATION VALUES (IN):.00  .00  .00  .00   T    T    T   .00   T    T    T    T   .00  .00  .00  .00  .00  .00  .00  .00  .00  .00  .00  .00",
"72297793184","2001-02-20T07:59:00","6","33.68","-117.86639","16.5","SANTA ANA JOHN WAYNE AIRPORT, CA US","SOD  ","KSNA ","V020","999,9,9,9999,9","99999,9,9,9","999999,9,9,9","+9999,9","+9999,9","99999,9","24,0028,9,5",,,,,,,,,,,,,,,,,,"240,M,+0172,5","240,N,+0100,5",,,,,,,"10163,9,99999,4",,,"1,24,01073,160,1318,5","2,24,00894,180,1444,5","3,24,00313,999,9999,5","SOD54524 HR PRECIPITATION (IN): 0.11 24 HR MAX TEMP (F): 6324 HR MAX TEMP TIME (LST):1316 24 HR MIN TEMP (F): 5024 HR MIN TEMP TIME (LST):0459 AVERAGE STATION PRESSURE:30.01  PEAK WIND SPEED (MPH): 24 PEAK WIND DIR (DEG):160 PEAK WIND TIME (LST):1318  FASTEST 2MIN SPEED (MPH): 20FASTEST 2MIN DIR (DEG):180 FASTEST 2MIN TIME (LST):1444 AVERAGE WIND SPEED (MPH): 7.0 24 HR AVG TEMP (F):57 HOURLY INCREMENTAL PRECIPITATION VALUES (IN):.00  .00  .00  .00  .00  .00  .00  .00  .00  .00  .00  .00  .00  .00  .00  .00  .03  .01  .01  .01  .03  .02  .00  .00",
"72297793184","2001-02-21T07:59:00","6","33.68","-117.86639","16.5","SANTA ANA JOHN WAYNE AIRPORT, CA US","SOD  ","KSNA ","V020","999,9,9,9999,9","99999,9,9,9","999999,9,9,9","+9999,9","+9999,9","99999,9","24,0000,9,6",,,,,,,,,,,,,,,,,,"240,M,+0172,5","240,N,+0100,5",,,,,,,"10203,9,99999,4",,,"1,24,00715,240,1457,5","2,24,00581,250,1458,5","3,24,00161,999,9999,5","SOD54524 HR PRECIPITATION (IN): 0.00 24 HR MAX TEMP (F): 6324 HR MAX TEMP TIME (LST):1401 24 HR MIN TEMP (F): 5024 HR MIN TEMP TIME (LST):0750 AVERAGE STATION PRESSURE:30.13  PEAK WIND SPEED (MPH): 16 PEAK WIND DIR (DEG):240 PEAK WIND TIME (LST):1457  FASTEST 2MIN SPEED (MPH): 13FASTEST 2MIN DIR (DEG):250 FASTEST 2MIN TIME (LST):1458 AVERAGE WIND SPEED (MPH): 3.6 24 HR AVG TEMP (F):57 HOURLY INCREMENTAL PRECIPITATION VALUES (IN):.00  .00  .00  .00  .00  .00  .00  .00  .00  .00  .00  .00  .00  .00  .00  .00  .00  .00  .00  .00  .00  .00  .00  .00","R01  0.007AAP092"
"72297793184","2001-02-22T07:59:00","6","33.68","-117.86639","16.5","SANTA ANA JOHN WAYNE AIRPORT, CA US","SOD  ","KSNA ","V020","999,9,9,9999,9","99999,9,9,9","999999,9,9,9","+9999,9","+9999,9","99999,9","24,0000,9,6",,,,,,,,,,,,,,,,,,"240,M,+0183,5","240,N,+0083,5",,,,,,,"10207,9,99999,4",,,"1,24,00715,260,1337,5","2,24,00581,240,1409,5","3,24,00143,999,9999,5","SOD54524 HR PRECIPITATION (IN): 0.00 24 HR MAX TEMP (F): 6524 HR MAX TEMP TIME (LST):1230 24 HR MIN TEMP (F): 4724 HR MIN TEMP TIME (LST):0705 AVERAGE STATION PRESSURE:30.14  PEAK WIND SPEED (MPH): 16 PEAK WIND DIR (DEG):260 PEAK WIND TIME (LST):1337  FASTEST 2MIN SPEED (MPH): 13FASTEST 2MIN DIR (DEG):240 FASTEST 2MIN TIME (LST):1409 AVERAGE WIND SPEED (MPH): 3.2 24 HR AVG TEMP (F):56 HOURLY INCREMENTAL PRECIPITATION VALUES (IN):.00  .00  .00  .00  .00  .00  .00  .00  .00  .00  .00  .00  .00  .00  .00  .00  .00  .00  .00  .00  .00  .00  .00  .00","R01  0.007AAP092"
"72297793184","2001-02-23T07:59:00","6","33.68","-117.86639","16.5","SANTA ANA JOHN WAYNE AIRPORT, CA US","SOD  ","KSNA ","V020","999,9,9,9999,9","99999,9,9,9","999999,9,9,9","+9999,9","+9999,9","99999,9","24,0000,9,6",,,,,,,,,,,,,,,,,,"240,M,+0156,5","240,N,+0100,5",,,,,,,"10135,9,99999,4",,,"1,24,01028,270,1958,5","2,24,00715,250,1500,5","3,24,00241,999,9999,5","SOD54524 HR PRECIPITATION (IN): 0.00 24 HR MAX TEMP (F): 6024 HR MAX TEMP TIME (LST):1426 24 HR MIN TEMP (F): 5024 HR MIN TEMP TIME (LST):2359 AVERAGE STATION PRESSURE:29.93  PEAK WIND SPEED (MPH): 23 PEAK WIND DIR (DEG):270 PEAK WIND TIME (LST):1958  FASTEST 2MIN SPEED (MPH): 16FASTEST 2MIN DIR (DEG):250 FASTEST 2MIN TIME (LST):1500 AVERAGE WIND SPEED (MPH): 5.4 24 HR AVG TEMP (F):55 HOURLY INCREMENTAL PRECIPITATION VALUES (IN):.00  .00  .00  .00  .00  .00  .00  .00  .00  .00  .00  .00  .00  .00  .00  .00  .00  .00  .00  .00  .00  .00  .00  .00","R01  0.007AAP092"
"72297793184","2001-02-24T07:59:00","6","33.68","-117.86639","16.5","SANTA ANA JOHN WAYNE AIRPORT, CA US","SOD  ","KSNA ","V020","999,9,9,9999,9","99999,9,9,9","999999,9,9,9","+9999,9","+9999,9","99999,9","24,0076,9,5",,,,,,,,,,,,,,,,,,"240,M,+0128,5","240,N,+0083,5",,,,,,,"10081,9,99999,4",,,"1,24,00760,220,1355,5","2,24,00581,030,0943,5","3,24,00201,999,9999,5","SOD54524 HR PRECIPITATION (IN): 0.30 24 HR MAX TEMP (F): 5524 HR MAX TEMP TIME (LST):1633 24 HR MIN TEMP (F): 4724 HR MIN TEMP TIME (LST):2337 AVERAGE STATION PRESSURE:29.77  PEAK WIND SPEED (MPH): 17 PEAK WIND DIR (DEG):220 PEAK WIND TIME (LST):1355  FASTEST 2MIN SPEED (MPH): 13FASTEST 2MIN DIR (DEG):030 FASTEST 2MIN TIME (LST):0943 AVERAGE WIND SPEED (MPH): 4.5 24 HR AVG TEMP (F):51 HOURLY INCREMENTAL PRECIPITATION VALUES (IN):.00  .00  .00  .00  .00  .00   T   .17  .01  .07  .00  .00  .00   T   .05   T   .00  .00  .00  .00  .00  .00  .00  .00",
"72297793184","2001-02-25T07:59:00","6","33.68","-117.86639","16.5","SANTA ANA JOHN WAYNE AIRPORT, CA US","SOD  ","KSNA ","V020","999,9,9,9999,9","99999,9,9,9","999999,9,9,9","+9999,9","+9999,9","99999,9","24,0033,9,5",,,,,,,,,,,,,,,,,,"240,M,+0128,5","240,N,+0083,5",,,,,,,"10142,9,99999,4",,,"1,24,00805,170,1105,5","2,24,00626,160,1119,5","3,24,00295,999,9999,5","SOD54524 HR PRECIPITATION (IN): 0.13 24 HR MAX TEMP (F): 5524 HR MAX TEMP TIME (LST):1047 24 HR MIN TEMP (F): 4724 HR MIN TEMP TIME (LST):0226 AVERAGE STATION PRESSURE:29.95  PEAK WIND SPEED (MPH): 18 PEAK WIND DIR (DEG):170 PEAK WIND TIME (LST):1105  FASTEST 2MIN SPEED (MPH): 14FASTEST 2MIN DIR (DEG):160 FASTEST 2MIN TIME (LST):1119 AVERAGE WIND SPEED (MPH): 6.6 24 HR AVG TEMP (F):51 HOURLY INCREMENTAL PRECIPITATION VALUES (IN):.00  .00  .00  .00  .00  .00  .00  .00  .00  .00  .00  .03   T   .01  .02   T   .00  .01   T   .02  .01  .01  .01  .01",
"72297793184","2001-02-26T07:59:00","6","33.68","-117.86639","16.5","SANTA ANA JOHN WAYNE AIRPORT, CA US","SOD  ","KSNA ","V020","999,9,9,9999,9","99999,9,9,9","999999,9,9,9","+9999,9","+9999,9","99999,9","24,0302,9,5",,,,,,,,,,,,,,,,,,"240,M,+0128,5","240,N,+0100,5",,,,,,,"10122,9,99999,4",,,"1,24,00983,120,1802,5","2,24,00626,120,2206,5","3,24,00384,999,9999,5","SOD54524 HR PRECIPITATION (IN): 1.19 24 HR MAX TEMP (F): 5524 HR MAX TEMP TIME (LST):1455 24 HR MIN TEMP (F): 5024 HR MIN TEMP TIME (LST):0324 AVERAGE STATION PRESSURE:29.89  PEAK WIND SPEED (MPH): 22 PEAK WIND DIR (DEG):120 PEAK WIND TIME (LST):1802  FASTEST 2MIN SPEED (MPH): 14FASTEST 2MIN DIR (DEG):120 FASTEST 2MIN TIME (LST):2206 AVERAGE WIND SPEED (MPH): 8.6 24 HR AVG TEMP (F):53 HOURLY INCREMENTAL PRECIPITATION VALUES (IN): T   .01  .03   T    T   .00  .00  .00  .00  .09  .09  .09  .09  .14  .08  .18  .12  .09  .04  .04  .01  .03  .02  .04",
"72297793184","2001-02-27T07:59:00","6","33.68","-117.86639","16.5","SANTA ANA JOHN WAYNE AIRPORT, CA US","SOD  ","KSNA ","V020","999,9,9,9999,9","99999,9,9,9","999999,9,9,9","+9999,9","+9999,9","99999,9","24,0099,9,5",,,,,,,,,,,,,,,,"0000,5","000,5","240,M,+0150,5","240,N,+0100,5",,,,,,,"10102,9,99999,4",,,"1,24,00805,180,1436,5","2,24,00671,180,1437,5","3,24,00237,999,9999,5","SOD60424 HR PRECIPITATION (IN): 0.39 TOTAL SUNSHINE (MINUTES):   0 PERCENT POSSIBLE SUNSHINE:  0 24 HR MAX TEMP (F): 5924 HR MAX TEMP TIME (LST):1354 24 HR MIN TEMP (F): 5024 HR MIN TEMP TIME (LST):0647 AVERAGE STATION PRESSURE:29.83  PEAK WIND SPEED (MPH): 18 PEAK WIND DIR (DEG):180 PEAK WIND TIME (LST):1436  FASTEST 2MIN SPEED (MPH): 15FASTEST 2MIN DIR (DEG):180 FASTEST 2MIN TIME (LST):1437 AVERAGE WIND SPEED (MPH): 5.3 24 HR AVG TEMP (F):55 HOURLY INCREMENTAL PRECIPITATION VALUES (IN):.05  .12  .04  .01  .00  .04  .03   T   .01  .05  .01  .01  .01  .00  .00  .00  .00   T    T   .01   T    T   .00   T",
"72297793184","2001-02-28T07:59:00","6","33.68","-117.86639","16.5","SANTA ANA JOHN WAYNE AIRPORT, CA US","SOD  ","KSNA ","V020","999,9,9,9999,9","99999,9,9,9","999999,9,9,9","+9999,9","+9999,9","99999,9","24,0099,9,5",,,,,,,,,,,,,,,,"0000,5","000,5","240,M,+0122,5","240,N,+0100,5",,,,,,,"10105,9,99999,4",,,"1,24,00715,130,1123,5","2,24,00581,130,1123,5","3,24,00206,999,9999,5","SOD60424 HR PRECIPITATION (IN): 0.39 TOTAL SUNSHINE (MINUTES):   0 PERCENT POSSIBLE SUNSHINE:  0 24 HR MAX TEMP (F): 5424 HR MAX TEMP TIME (LST):0850 24 HR MIN TEMP (F): 5024 HR MIN TEMP TIME (LST):2359 AVERAGE STATION PRESSURE:29.84  PEAK WIND SPEED (MPH): 16 PEAK WIND DIR (DEG):130 PEAK WIND TIME (LST):1123  FASTEST 2MIN SPEED (MPH): 13FASTEST 2MIN DIR (DEG):130 FASTEST 2MIN TIME (LST):1123 AVERAGE WIND SPEED (MPH): 4.6 24 HR AVG TEMP (F):52 HOURLY INCREMENTAL PRECIPITATION VALUES (IN): T   .01  .02  .04  .01   T    T    T    T   .03  .04  .10  .06   T   .00   T    T   .01  .02  .00   T   .01  .04   T",
"72297793184","2001-03-01T07:59:00","6","33.68","-117.86639","16.5","SANTA ANA JOHN WAYNE AIRPORT, CA US","SOD  ","KSNA ","V020","999,9,9,9999,9","99999,9,9,9","999999,9,9,9","+9999,9","+9999,9","99999,9","24,0046,9,5",,,,,,,,,,,,,,,,"0000,5","000,5","240,M,+0133,5","240,N,+0094,5",,,,,,,"10129,9,99999,4",,,"1,24,00626,120,1053,5","2,24,00447,200,1147,5","3,24,00188,999,9999,5","SOD60524 HR PRECIPITATION (IN): 0.18 TOTAL SUNSHINE (MINUTES):   0 PERCENT POSSIBLE SUNSHINE:  0 24 HR MAX TEMP (F): 5624 HR MAX TEMP TIME (LST):1538 24 HR MIN TEMP (F): 4924 HR MIN TEMP TIME (LST):2359 AVERAGE STATION PRESSURE:29.91  PEAK WIND SPEED (MPH): 14 PEAK WIND DIR (DEG):120 PEAK WIND TIME (LST):1053  FASTEST 2MIN SPEED (MPH): 10FASTEST 2MIN DIR (DEG):200 FASTEST 2MIN TIME (LST):1147 AVERAGE WIND SPEED (MPH): 4.2 24 HR AVG TEMP (F):53 HOURLY INCREMENTAL PRECIPITATION VALUES (IN): T    T   .01  .01   T    T   .01   T   .00   T    T   .02  .12  .01   T   .00  .00  .00  .00  .00  .00  .00  .00  .00",
"72297793184","2001-03-01T07:59:00","6","33.68","-117.86639","16.5","SANTA ANA JOHN WAYNE AIRPORT, CA US","SOM  ","KSNA ","V020","999,9,9,9999,9","99999,9,9,9","999999,9,9,9","+9999,9","+9999,9","99999,9",,"01440,9,6","00655,9,1212,9999,9999,6","11,6,09,6,99,9,01,6","005,0025,9,120713,5","010,0038,9,120715,5","015,0053,9,120725,5","020,0066,9,120726,5","030,0079,9,120732,5","045,0102,9,120732,5","060,0112,9,120732,5","080,0122,9,120741,5","100,0130,9,120741,5","120,0137,9,120732,5","150,0163,9,120732,5","180,0175,9,120746,5",,,,,"672,N,+0844,5","672,M,+1694,5","672,A,+1272,5","672,H,0284,7","672,C,0005,6","00,5,00,5,00,5,00,5",,"10142,4,10173,4","10264,210848,5,10000,130339,5",,,,"SOM725PCP MTOT: 5.67 DEPNRM: 0.00 PCP GT 24HRS: 2.58 DATE(S):121+ DAYS W/PCP >=.01:11 DAYS W/PCP >=.10: 9 DAYS W/PCP >=1.00:  MSDP AMTS W/DATE-TIME TAGS:MIN:5  .10  12/0713 MIN:10  .15  12/0715 MIN:15  .21  12/0725 MIN:20  .26  12/0726 MIN:30  .31  12/0732 MIN:45  .40  12/0732 MIN:60  .44  12/0732 MIN:80  .48  12/0741 MIN:100  .51  12/0741 MIN:120  .54  12/0732 MIN:150  .64  12/0732 MIN:180  .69  12/0746 SN GT DP ON GRND:0 DATE(S):0  AVG DLY MIN: 47.2 AVG DLY MAX: 62.5 AVG MLY TMP: 54.9 DAYS MAX <=32:  DAYS MAX >=70: 0 DAYS MAX >=90: 0 DAYS MIN <=32: 0 DAYS MIN  <=0: 0 AVG STP:29.95  AVG SLP:30.04  LWST SLP:29.53 DATE/TIME:130339 HGST SLP:30.31 DATE/TIME:210848 HDD MTH TOT: 284 DEP NORM:-255 CDD MTH TOT:   5 DEP NORM:-255","R01  5.677ABP070R02  2.587ADP081R03    117AE1100R04      7AE2103R05     17AE4109R06   2847KDH015R07     57KDC058"
"72297793184","2001-03-02T07:59:00","6","33.68","-117.86639","16.5","SANTA ANA JOHN WAYNE AIRPORT, CA US","SOD  ","KSNA ","V020","999,9,9,9999,9","99999,9,9,9","999999,9,9,9","+9999,9","+9999,9","99999,9","24,0000,9,5",,,,,,,,,,,,,,,,"0000,5","000,5","240,M,+0172,5","240,N,+0067,6",,,,,,,"10129,9,99999,4",,,"1,24,00805,210,1302,5","2,24,00626,250,1513,5","3,24,00179,999,9999,5","SOD60524 HR PRECIPITATION (IN): 0.00 TOTAL SUNSHINE (MINUTES):   0 PERCENT POSSIBLE SUNSHINE:  0 24 HR MAX TEMP (F): 6324 HR MAX TEMP TIME (LST):1258 24 HR MIN TEMP (F): 4424 HR MIN TEMP TIME (LST):0646 AVERAGE STATION PRESSURE:29.91  PEAK WIND SPEED (MPH): 18 PEAK WIND DIR (DEG):210 PEAK WIND TIME (LST):1302  FASTEST 2MIN SPEED (MPH): 14FASTEST 2MIN DIR (DEG):250 FASTEST 2MIN TIME (LST):1513 AVERAGE WIND SPEED (MPH): 4.0 24 HR AVG TEMP (F):54 HOURLY INCREMENTAL PRECIPITATION VALUES (IN):.00  .00  .00  .00  .00  .00  .00  .00  .00  .00  .00  .00  .00  .00  .00  .00  .00  .00  .00  .00  .00  .00  .00  .00","R01    447KAN014"
"72297793184","2001-03-03T07:59:00","6","33.68","-117.86639","16.5","SANTA ANA JOHN WAYNE AIRPORT, CA US","SOD  ","KSNA ","V020","999,9,9,9999,9","99999,9,9,9","999999,9,9,9","+9999,9","+9999,9","99999,9","24,0000,9,5",,,,,,,,,,,,,,,,"0000,5","000,5","240,M,+0167,5","240,N,+0067,5",,,,,,,"10105,9,99999,4",,,"1,24,00715,200,1558,5","2,24,00626,210,1541,5","3,24,00188,999,9999,5","SOD58324 HR PRECIPITATION (IN): 0.00 TOTAL SUNSHINE (MINUTES):   0 PERCENT POSSIBLE SUNSHINE:  0 24 HR MAX TEMP (F): 6224 HR MAX TEMP TIME (LST):1416 24 HR MIN TEMP (F): 4424 HR MIN TEMP TIME (LST):0553 AVERAGE STATION PRESSURE:29.84  PEAK WIND SPEED (MPH): 16 PEAK WIND DIR (DEG):200 PEAK WIND TIME (LST):1558  FASTEST 2MIN SPEED (MPH): 14FASTEST 2MIN DIR (DEG):210 FASTEST 2MIN TIME (LST):1541 AVERAGE WIND SPEED (MPH): 4.2 HOURLY INCREMENTAL PRECIPITATION VALUES (IN):.00  .00  .00  .00  .00  .00  .00  .00  .00  .00  .00  .00  .00  .00  .00  .00  .00  .00  .00  .00  .00  .00  .00  .00",
"72297793184","2001-03-04T07:59:00","6","33.68","-117.86639","16.5","SANTA ANA JOHN WAYNE AIRPORT, CA US","SOD  ","KSNA ","V020","999,9,9,9999,9","99999,9,9,9","999999,9,9,9","+9999,9","+9999,9","99999,9","24,0000,9,5",,,,,,,,,,,,,,,,"0000,5","000,5","240,M,+0167,5","240,N,+0106,5",,,,,,,"10115,9,99999,4",,,"1,24,00760,210,1225,5","2,24,00626,220,1328,5","3,24,00286,999,9999,5","SOD60524 HR PRECIPITATION (IN): 0.00 TOTAL SUNSHINE (MINUTES):   0 PERCENT POSSIBLE SUNSHINE:  0 24 HR MAX TEMP (F): 6224 HR MAX TEMP TIME (LST):1255 24 HR MIN TEMP (F): 5124 HR MIN TEMP TIME (LST):0639 AVERAGE STATION PRESSURE:29.87  PEAK WIND SPEED (MPH): 17 PEAK WIND DIR (DEG):210 PEAK WIND TIME (LST):1225  FASTEST 2MIN SPEED (MPH): 14FASTEST 2MIN DIR (DEG):220 FASTEST 2MIN TIME (LST):1328 AVERAGE WIND SPEED (MPH): 6.4 24 HR AVG TEMP (F):57 HOURLY INCREMENTAL PRECIPITATION VALUES (IN):.00  .00  .00  .00  .00  .00  .00  .00  .00  .00  .00  .00  .00  .00  .00  .00  .00  .00  .00  .00  .00  .00  .00  .00",
"72297793184","2001-03-05T07:59:00","6","33.68","-117.86639","16.5","SANTA ANA JOHN WAYNE AIRPORT, CA US","SOD  ","KSNA ","V020","999,9,9,9999,9","99999,9,9,9","999999,9,9,9","+9999,9","+9999,9","99999,9","24,0000,9,5",,,,,,,,,,,,,,,,"0000,5","000,5","240,M,+0167,5","240,N,+0117,5",,,,,,,"10129,9,99999,4",,,"1,24,00760,130,1408,5","2,24,00581,110,2128,5","3,24,00291,999,9999,5","SOD60524 HR PRECIPITATION (IN): 0.00 TOTAL SUNSHINE (MINUTES):   0 PERCENT POSSIBLE SUNSHINE:  0 24 HR MAX TEMP (F): 6224 HR MAX TEMP TIME (LST):1345 24 HR MIN TEMP (F): 5324 HR MIN TEMP TIME (LST):0657 AVERAGE STATION PRESSURE:29.91  PEAK WIND SPEED (MPH): 17 PEAK WIND DIR (DEG):130 PEAK WIND TIME (LST):1408  FASTEST 2MIN SPEED (MPH): 13FASTEST 2MIN DIR (DEG):110 FASTEST 2MIN TIME (LST):2128 AVERAGE WIND SPEED (MPH): 6.5 24 HR AVG TEMP (F):58 HOURLY INCREMENTAL PRECIPITATION VALUES (IN):.00  .00  .00  .00  .00  .00  .00  .00  .00  .00  .00  .00  .00  .00  .00  .00  .00  .00  .00  .00  .00  .00  .00  .00",
"72297793184","2001-03-06T07:59:00","6","33.68","-117.86639","16.5","SANTA ANA JOHN WAYNE AIRPORT, CA US","SOD  ","KSNA ","V020","999,9,9,9999,9","99999,9,9,9","999999,9,9,9","+9999,9","+9999,9","99999,9","24,0000,9,5",,,,,,,,,,,,,,,,"0000,5","000,5","240,M,+0194,5","240,N,+0128,5",,,,,,,"10112,9,99999,4",,,"1,24,01162,180,1242,5","2,24,00939,180,1308,5","3,24,00438,999,9999,5","SOD60524 HR PRECIPITATION (IN): 0.00 TOTAL SUNSHINE (MINUTES):   0 PERCENT POSSIBLE SUNSHINE:  0 24 HR MAX TEMP (F): 6724 HR MAX TEMP TIME (LST):1142 24 HR MIN TEMP (F): 5524 HR MIN TEMP TIME (LST):0648 AVERAGE STATION PRESSURE:29.86  PEAK WIND SPEED (MPH): 26 PEAK WIND DIR (DEG):180 PEAK WIND TIME (LST):1242  FASTEST 2MIN SPEED (MPH): 21FASTEST 2MIN DIR (DEG):180 FASTEST 2MIN TIME (LST):1308 AVERAGE WIND SPEED (MPH): 9.8 24 HR AVG TEMP (F):61 HOURLY INCREMENTAL PRECIPITATION VALUES (IN):.00  .00  .00  .00  .00  .00  .00  .00  .00  .00  .00  .00  .00  .00  .00  .00  .00  .00  .00  .00  .00  .00  .00  .00",
"72297793184","2001-03-07T07:59:00","6","33.68","-117.86639","16.5","SANTA ANA JOHN WAYNE AIRPORT, CA US","SOD  ","KSNA ","V020","999,9,9,9999,9","99999,9,9,9","999999,9,9,9","+9999,9","+9999,9","99999,9","24,0066,9,5",,,,,,,,,,,,,,,,"0000,5","000,5","240,M,+0178,5","240,N,+0122,5",,,,,,,"10119,9,99999,4",,,"1,24,01252,190,0055,5","2,24,01028,190,0056,5","3,24,00389,999,9999,5","SOD60524 HR PRECIPITATION (IN): 0.26 TOTAL SUNSHINE (MINUTES):   0 PERCENT POSSIBLE SUNSHINE:  0 24 HR MAX TEMP (F): 6424 HR MAX TEMP TIME (LST):1519 24 HR MIN TEMP (F): 5424 HR MIN TEMP TIME (LST):0626 AVERAGE STATION PRESSURE:29.88  PEAK WIND SPEED (MPH): 28 PEAK WIND DIR (DEG):190 PEAK WIND TIME (LST):0055  FASTEST 2MIN SPEED (MPH): 23FASTEST 2MIN DIR (DEG):190 FASTEST 2MIN TIME (LST):0056 AVERAGE WIND SPEED (MPH): 8.7 24 HR AVG TEMP (F):59 HOURLY INCREMENTAL PRECIPITATION VALUES (IN):.02  .02  .12  .04  .06   T   .00  .00  .00  .00  .00  .00   T   .00  .00  .00  .00  .00  .00  .00  .00  .00  .00  .00",
"72297793184","2001-03-08T07:59:00","6","33.68","-117.86639","16.5","SANTA ANA JOHN WAYNE AIRPORT, CA US","SOD  ","KSNA ","V020","999,9,9,9999,9","99999,9,9,9","999999,9,9,9","+9999,9","+9999,9","99999,9","24,0000,2,5",,,,,,,,,,,,,,,,"0000,5","000,5","240,M,+0178,5","240,N,+0117,5",,,,,,,"10159,9,99999,4",,,"1,24,00760,200,1651,5","2,24,00626,210,1552,5","3,24,00250,999,9999,5","SOD60524 HR PRECIPITATION (IN):  T   TOTAL SUNSHINE (MINUTES):   0 PERCENT POSSIBLE SUNSHINE:  0 24 HR MAX TEMP (F): 6424 HR MAX TEMP TIME (LST):1433 24 HR MIN TEMP (F): 5324 HR MIN TEMP TIME (LST):2359 AVERAGE STATION PRESSURE:30.00  PEAK WIND SPEED (MPH): 17 PEAK WIND DIR (DEG):200 PEAK WIND TIME (LST):1651  FASTEST 2MIN SPEED (MPH): 14FASTEST 2MIN DIR (DEG):210 FASTEST 2MIN TIME (LST):1552 AVERAGE WIND SPEED (MPH): 5.6 24 HR AVG TEMP (F):59 HOURLY INCREMENTAL PRECIPITATION VALUES (IN):.00   T    T   .00  .00  .00  .00  .00   T   .00  .00  .00  .00  .00  .00  .00  .00  .00  .00  .00  .00  .00  .00  .00",
"72297793184","2001-03-09T07:59:00","6","33.68","-117.86639","16.5","SANTA ANA JOHN WAYNE AIRPORT, CA US","SOD  ","KSNA ","V020","999,9,9,9999,9","99999,9,9,9","999999,9,9,9","+9999,9","+9999,9","99999,9","24,0000,9,6",,,,,,,,,,,,,,,,"0000,5","000,5","240,M,+0183,5","240,N,+0089,5",,,,,,,"10179,9,99999,4",,,"1,24,00715,190,1500,5","2,24,00581,210,1506,5","3,24,00183,999,9999,5","SOD60524 HR PRECIPITATION (IN): 0.00 TOTAL SUNSHINE (MINUTES):   0 PERCENT POSSIBLE SUNSHINE:  0 24 HR MAX TEMP (F): 6524 HR MAX TEMP TIME (LST):1306 24 HR MIN TEMP (F): 4824 HR MIN TEMP TIME (LST):0619 AVERAGE STATION PRESSURE:30.06  PEAK WIND SPEED (MPH): 16 PEAK WIND DIR (DEG):190 PEAK WIND TIME (LST):1500  FASTEST 2MIN SPEED (MPH): 13FASTEST 2MIN DIR (DEG):210 FASTEST 2MIN TIME (LST):1506 AVERAGE WIND SPEED (MPH): 4.1 24 HR AVG TEMP (F):57 HOURLY INCREMENTAL PRECIPITATION VALUES (IN):.00  .00  .00  .00  .00  .00  .00  .00  .00  .00  .00  .00  .00  .00  .00  .00  .00  .00  .00  .00  .00  .00  .00  .00","R01  0.007AAP092"
"72297793184","2001-03-10T07:59:00","6","33.68","-117.86639","16.5","SANTA ANA JOHN WAYNE AIRPORT, CA US","SOD  ","KSNA ","V020","999,9,9,9999,9","99999,9,9,9","999999,9,9,9","+9999,9","+9999,9","99999,9","24,0018,9,5",,,,,,,,,,,,,,,,,,"240,M,+0161,5","240,N,+0106,5",,,,,,,"10115,9,99999,4",,,"1,24,01073,280,2259,5","2,24,00805,270,2300,5","3,24,00371,999,9999,5","SOD54424 HR PRECIPITATION (IN): 0.07 24 HR MAX TEMP (F): 6124 HR MAX TEMP TIME (LST):1159 24 HR MIN TEMP (F): 5124 HR MIN TEMP TIME (LST):2319 AVERAGE STATION PRESSURE:29.87  PEAK WIND SPEED (MPH): 24 PEAK WIND DIR (DEG):280 PEAK WIND TIME (LST):2259  FASTEST 2MIN SPEED (MPH): 18FASTEST 2MIN DIR (DEG):270 FASTEST 2MIN TIME (LST):2300 AVERAGE WIND SPEED (MPH): 8.3 24 HR AVG TEMP (F):56 HOURLY INCREMENTAL PRECIPITATION VALUES (IN):.00  .00  .00  .00  .00  .00   T    T    T   .00  .00  .00  .00  .00  .00  .00  .00  .01   T   .01  .01  .03  .01   T",
"72297793184","2001-03-11T07:59:00","6","33.68","-117.86639","16.5","SANTA ANA JOHN WAYNE AIRPORT, CA US","SOD  ","KSNA ","V020","999,9,9,9999,9","99999,9,9,9","999999,9,9,9","+9999,9","+9999,9","99999,9","24,0010,9,5",,,,,,,,,,,,,,,,,,"240,M,+0167,5","240,N,+0083,5",,,,,,,"10088,9,99999,4",,,"1,24,00894,260,0230,5","2,24,00626,210,1558,5","3,24,00277,999,9999,5","SOD54524 HR PRECIPITATION (IN): 0.04 24 HR MAX TEMP (F): 6224 HR MAX TEMP TIME (LST):1419 24 HR MIN TEMP (F): 4724 HR MIN TEMP TIME (LST):0626 AVERAGE STATION PRESSURE:29.79  PEAK WIND SPEED (MPH): 20 PEAK WIND DIR (DEG):260 PEAK WIND TIME (LST):0230  FASTEST 2MIN SPEED (MPH): 14FASTEST 2MIN DIR (DEG):210 FASTEST 2MIN TIME (LST):1558 AVERAGE WIND SPEED (MPH): 6.2 24 HR AVG TEMP (F):55 HOURLY INCREMENTAL PRECIPITATION VALUES (IN): T    T   .04   T   .00  .00  .00  .00  .00  .00  .00  .00  .00  .00  .00  .00  .00  .00  .00  .00  .00  .00  .00  .00",
"72297793184","2001-03-12T07:59:00","6","33.68","-117.86639","16.5","SANTA ANA JOHN WAYNE AIRPORT, CA US","SOD  ","KSNA ","V020","999,9,9,9999,9","99999,9,9,9","999999,9,9,9","+9999,9","+9999,9","99999,9","24,0000,2,5",,,,,,,,,,,,,,,,,,"240,M,+0161,5","240,N,+0100,5",,,,,,,"10119,9,99999,4",,,"1,24,00760,200,1425,5","2,24,00626,190,1426,5","3,24,00313,999,9999,5","SOD54524 HR PRECIPITATION (IN):  T   24 HR MAX TEMP (F): 6124 HR MAX TEMP TIME (LST):1442 24 HR MIN TEMP (F): 5024 HR MIN TEMP TIME (LST):0506 AVERAGE STATION PRESSURE:29.88  PEAK WIND SPEED (MPH): 17 PEAK WIND DIR (DEG):200 PEAK WIND TIME (LST):1425  FASTEST 2MIN SPEED (MPH): 14FASTEST 2MIN DIR (DEG):190 FASTEST 2MIN TIME (LST):1426 AVERAGE WIND SPEED (MPH): 7.0 24 HR AVG TEMP (F):56 HOURLY INCREMENTAL PRECIPITATION VALUES (IN):.00  .00  .00  .00  .00  .00  .00  .00  .00  .00  .00  .00  .00  .00  .00  .00  .00  .00  .00  .00  .00   T    T   .00",
"72297793184","2001-03-13T07:59:00","6","33.68","-117.86639","16.5","SANTA ANA JOHN WAYNE AIRPORT, CA US","SOD  ","KSNA ","V020","999,9,9,9999,9","99999,9,9,9","999999,9,9,9","+9999,9","+9999,9","99999,9","24,0000,9,6",,,,,,,,,,,,,,,,,,"240,M,+0189,5","240,N,+0111,5",,,,,,,"10142,9,99999,4",,,"1,24,00715,240,1238,5","2,24,00581,220,1439,5","3,24,00165,999,9999,5","SOD54524 HR PRECIPITATION (IN): 0.00 24 HR MAX TEMP (F): 6624 HR MAX TEMP TIME (LST):1422 24 HR MIN TEMP (F): 5224 HR MIN TEMP TIME (LST):0650 AVERAGE STATION PRESSURE:29.95  PEAK WIND SPEED (MPH): 16 PEAK WIND DIR (DEG):240 PEAK WIND TIME (LST):1238  FASTEST 2MIN SPEED (MPH): 13FASTEST 2MIN DIR (DEG):220 FASTEST 2MIN TIME (LST):1439 AVERAGE WIND SPEED (MPH): 3.7 24 HR AVG TEMP (F):59 HOURLY INCREMENTAL PRECIPITATION VALUES (IN):.00  .00  .00  .00  .00  .00  .00  .00  .00  .00  .00  .00  .00   T   .00  .00  .00  .00  .00  .00  .00  .00  .00  .00","R01  0.007AAP092"
"72297793184","2001-03-14T07:59:00","6","33.68","-117.86639","16.5","SANTA ANA JOHN WAYNE AIRPORT, CA US","SOD  ","KSNA ","V020","999,9,9,9999,9","99999,9,9,9","999999,9,9,9","+9999,9","+9999,9","99999,9","24,0000,9,6",,,,,,,,,,,,,,,,,,"240,M,+0200,5","240,N,+0089,5",,,,,,,"10152,9,99999,4",,,"1,24,00715,220,1243,5","2,24,00626,200,1144,5","3,24,00201,999,9999,5","SOD54524 HR PRECIPITATION (IN): 0.00 24 HR MAX TEMP (F): 6824 HR MAX TEMP TIME (LST):1447 24 HR MIN TEMP (F): 4824 HR MIN TEMP TIME (LST):0454 AVERAGE STATION PRESSURE:29.98  PEAK WIND SPEED (MPH): 16 PEAK WIND DIR (DEG):220 PEAK WIND TIME (LST):1243  FASTEST 2MIN SPEED (MPH): 14FASTEST 2MIN DIR (DEG):200 FASTEST 2MIN TIME (LST):1144 AVERAGE WIND SPEED (MPH): 4.5 24 HR AVG TEMP (F):58 HOURLY INCREMENTAL PRECIPITATION VALUES (IN):.00  .00  .00  .00  .00  .00  .00  .00  .00  .00  .00  .00  .00  .00  .00  .00  .00  .00  .00  .00  .00  .00  .00  .00","R01  0.007AAP092"
"72297793184","2001-03-15T07:59:00","6","33.68","-117.86639","16.5","SANTA ANA JOHN WAYNE AIRPORT, CA US","SOD  ","KSNA ","V020","999,9,9,9999,9","99999,9,9,9","999999,9,9,9","+9999,9","+9999,9","99999,9","24,0000,9,6",,,,,,,,,,,,,,,,"0000,5","000,5","240,M,+0172,5","240,N,+0106,5",,,,,,,"10163,9,99999,4",,,"1,24,00939,190,1110,5","2,24,00715,220,1339,5","3,24,00308,999,9999,5","SOD60524 HR PRECIPITATION (IN): 0.00 TOTAL SUNSHINE (MINUTES):   0 PERCENT POSSIBLE SUNSHINE:  0 24 HR MAX TEMP (F): 6324 HR MAX TEMP TIME (LST):1428 24 HR MIN TEMP (F): 5124 HR MIN TEMP TIME (LST):0553 AVERAGE STATION PRESSURE:30.01  PEAK WIND SPEED (MPH): 21 PEAK WIND DIR (DEG):190 PEAK WIND TIME (LST):1110  FASTEST 2MIN SPEED (MPH): 16FASTEST 2MIN DIR (DEG):220 FASTEST 2MIN TIME (LST):1339 AVERAGE WIND SPEED (MPH): 6.9 24 HR AVG TEMP (F):57 HOURLY INCREMENTAL PRECIPITATION VALUES (IN):.00  .00  .00  .00  .00  .00  .00  .00  .00  .00  .00  .00  .00  .00  .00  .00  .00  .00  .00  .00  .00  .00  .00  .00","R01  0.007AAP092"
"72297793184","2001-03-16T07:59:00","6","33.68","-117.86639","16.5","SANTA ANA JOHN WAYNE AIRPORT, CA US","SOD  ","KSNA ","V020","999,9,9,9999,9","99999,9,9,9","999999,9,9,9","+9999,9","+9999,9","99999,9","24,0000,9,6",,,,,,,,,,,,,,,,"0000,5","000,5","240,M,+0167,5","240,N,+0128,5",,,,,,,"10125,9,99999,4",,,"1,24,00760,260,1316,5","2,24,00447,250,1330,5","3,24,00201,999,9999,5","SOD60524 HR PRECIPITATION (IN): 0.00 TOTAL SUNSHINE (MINUTES):   0 PERCENT POSSIBLE SUNSHINE:  0 24 HR MAX TEMP (F): 6224 HR MAX TEMP TIME (LST):1428 24 HR MIN TEMP (F): 5524 HR MIN TEMP TIME (LST):1926 AVERAGE STATION PRESSURE:29.90  PEAK WIND SPEED (MPH): 17 PEAK WIND DIR (DEG):260 PEAK WIND TIME (LST):1316  FASTEST 2MIN SPEED (MPH): 10FASTEST 2MIN DIR (DEG):250 FASTEST 2MIN TIME (LST):1330 AVERAGE WIND SPEED (MPH): 4.5 24 HR AVG TEMP (F):59 HOURLY INCREMENTAL PRECIPITATION VALUES (IN):.00  .00  .00  .00  .00  .00  .00  .00  .00  .00  .00  .00  .00  .00  .00  .00  .00  .00  .00  .00  .00  .00  .00  .00","R01  0.007AAP092"
"72297793184","2001-03-17T07:59:00","6","33.68","-117.86639","16.5","SANTA ANA JOHN WAYNE AIRPORT, CA US","SOD  ","KSNA ","V020","999,9,9,9999,9","99999,9,9,9","999999,9,9,9","+9999,9","+9999,9","99999,9","24,0000,9,6",,,,,,,,,,,,,,,,"0000,5","000,5","240,M,+0178,5","240,N,+0122,5",,,,,,,"10091,9,99999,4",,,"1,24,00894,190,1308,5","2,24,00671,200,1310,5","3,24,00219,999,9999,5","SOD60524 HR PRECIPITATION (IN): 0.00 TOTAL SUNSHINE (MINUTES):   0 PERCENT POSSIBLE SUNSHINE:  0 24 HR MAX TEMP (F): 6424 HR MAX TEMP TIME (LST):1328 24 HR MIN TEMP (F): 5424 HR MIN TEMP TIME (LST):2359 AVERAGE STATION PRESSURE:29.80  PEAK WIND SPEED (MPH): 20 PEAK WIND DIR (DEG):190 PEAK WIND TIME (LST):1308  FASTEST 2MIN SPEED (MPH): 15FASTEST 2MIN DIR (DEG):200 FASTEST 2MIN TIME (LST):1310 AVERAGE WIND SPEED (MPH): 4.9 24 HR AVG TEMP (F):59 HOURLY INCREMENTAL PRECIPITATION VALUES (IN):.00  .00  .00  .00  .00  .00  .00  .00  .00  .00  .00  .00  .00  .00  .00  .00  .00  .00  .00  .00  .00  .00  .00  .00","R01  0.007AAP092"
"72297793184","2001-03-18T07:59:00","6","33.68","-117.86639","16.5","SANTA ANA JOHN WAYNE AIRPORT, CA US","SOD  ","KSNA ","V020","999,9,9,9999,9","99999,9,9,9","999999,9,9,9","+9999,9","+9999,9","99999,9","24,0000,2,5",,,,,,,,,,,,,,,,"0000,5","000,5","240,M,+0194,5","240,N,+0100,5",,,,,,,"10119,9,99999,4",,,"1,24,00626,210,1058,5","2,24,00447,220,1420,5","3,24,00139,999,9999,5","SOD60524 HR PRECIPITATION (IN):  T   TOTAL SUNSHINE (MINUTES):   0 PERCENT POSSIBLE SUNSHINE:  0 24 HR MAX TEMP (F): 6724 HR MAX TEMP TIME (LST):1421 24 HR MIN TEMP (F): 5024 HR MIN TEMP TIME (LST):0543 AVERAGE STATION PRESSURE:29.88  PEAK WIND SPEED (MPH): 14 PEAK WIND DIR (DEG):210 PEAK WIND TIME (LST):1058  FASTEST 2MIN SPEED (MPH): 10FASTEST 2MIN DIR (DEG):220 FASTEST 2MIN TIME (LST):1420 AVERAGE WIND SPEED (MPH): 3.1 24 HR AVG TEMP (F):59 HOURLY INCREMENTAL PRECIPITATION VALUES (IN):.00  .00  .00  .00  .00  .00  .00  .00  .00  .00  .00  .00  .00   T   .00  .00  .00  .00  .00  .00  .00  .00  .00  .00",
"72297793184","2001-03-19T07:59:00","6","33.68","-117.86639","16.5","SANTA ANA JOHN WAYNE AIRPORT, CA US","SOD  ","KSNA ","V020","999,9,9,9999,9","99999,9,9,9","999999,9,9,9","+9999,9","+9999,9","99999,9","24,0000,9,6",,,,,,,,,,,,,,,,"0000,5","000,5","240,M,+0239,5","240,N,+0111,5",,,,,,,"10146,9,99999,4",,,"1,24,00581,240,1409,5","2,24,00447,230,1413,5","3,24,00139,999,9999,5","SOD60524 HR PRECIPITATION (IN): 0.00 TOTAL SUNSHINE (MINUTES):   0 PERCENT POSSIBLE SUNSHINE:  0 24 HR MAX TEMP (F): 7524 HR MAX TEMP TIME (LST):1412 24 HR MIN TEMP (F): 5224 HR MIN TEMP TIME (LST):0434 AVERAGE STATION PRESSURE:29.96  PEAK WIND SPEED (MPH): 13 PEAK WIND DIR (DEG):240 PEAK WIND TIME (LST):1409  FASTEST 2MIN SPEED (MPH): 10FASTEST 2MIN DIR (DEG):230 FASTEST 2MIN TIME (LST):1413 AVERAGE WIND SPEED (MPH): 3.1 24 HR AVG TEMP (F):64 HOURLY INCREMENTAL PRECIPITATION VALUES (IN):.00  .00  .00  .00  .00  .00  .00  .00  .00  .00  .00  .00  .00  .00  .00  .00  .00  .00  .00  .00  .00  .00  .00  .00","R01  0.007AAP092"
"72297793184","2001-03-20T07:59:00","6","33.68","-117.86639","16.5","SANTA ANA JOHN WAYNE AIRPORT, CA US","SOD  ","KSNA ","V020","999,9,9,9999,9","99999,9,9,9","999999,9,9,9","+9999,9","+9999,9","99999,9","24,0000,9,6",,,,,,,,,,,,,,,,"0000,5","000,5","240,M,+0272,5","240,N,+0122,5",,,,,,,"10125,9,99999,4",,,"1,24,00581,220,1433,5","2,24,00447,200,2156,5","3,24,00156,999,9999,5","SOD58324 HR PRECIPITATION (IN): 0.00 TOTAL SUNSHINE (MINUTES):   0 PERCENT POSSIBLE SUNSHINE:  0 24 HR MAX TEMP (F): 8124 HR MAX TEMP TIME (LST):1432 24 HR MIN TEMP (F): 5424 HR MIN TEMP TIME (LST):0610 AVERAGE STATION PRESSURE:29.90  PEAK WIND SPEED (MPH): 13 PEAK WIND DIR (DEG):220 PEAK WIND TIME (LST):1433  FASTEST 2MIN SPEED (MPH): 10FASTEST 2MIN DIR (DEG):200 FASTEST 2MIN TIME (LST):2156 AVERAGE WIND SPEED (MPH): 3.5 HOURLY INCREMENTAL PRECIPITATION VALUES (IN):.00  .00  .00  .00  .00  .00  .00  .00  .00  .00  .00  .00  .00  .00  .00  .00  .00  .00  .00  .00  .00  .00  .00  .00","R01  0.007AAP092"
"72297793184","2001-03-21T07:59:00","6","33.68","-117.86639","16.5","SANTA ANA JOHN WAYNE AIRPORT, CA US","SOD  ","KSNA ","V020","999,9,9,9999,9","99999,9,9,9","999999,9,9,9","+9999,9","+9999,9","99999,9","24,0000,9,6",,,,,,,,,,,,,,,,,,"240,M,+0233,5","240,N,+0133,5",,,,,,,"10122,9,99999,4",,,"1,24,00626,210,1750,5","2,24,00581,210,1736,5","3,24,00228,999,9999,5","SOD54524 HR PRECIPITATION (IN): 0.00 24 HR MAX TEMP (F): 7424 HR MAX TEMP TIME (LST):1147 24 HR MIN TEMP (F): 5624 HR MIN TEMP TIME (LST):1958 AVERAGE STATION PRESSURE:29.89  PEAK WIND SPEED (MPH): 14 PEAK WIND DIR (DEG):210 PEAK WIND TIME (LST):1750  FASTEST 2MIN SPEED (MPH): 13FASTEST 2MIN DIR (DEG):210 FASTEST 2MIN TIME (LST):1736 AVERAGE WIND SPEED (MPH): 5.1 24 HR AVG TEMP (F):65 HOURLY INCREMENTAL PRECIPITATION VALUES (IN):.00  .00  .00  .00  .00  .00  .00  .00  .00  .00  .00  .00  .00  .00  .00  .00  .00  .00  .00  .00  .00  .00  .00  .00","R01  0.007AAP092"
"72297793184","2001-03-22T07:59:00","6","33.68","-117.86639","16.5","SANTA ANA JOHN WAYNE AIRPORT, CA US","SOD  ","KSNA ","V020","999,9,9,9999,9","99999,9,9,9","999999,9,9,9","+9999,9","+9999,9","99999,9","24,0000,9,6",,,,,,,,,,,,,,,,,,"240,M,+0178,5","240,N,+0128,5",,,,,,,"10142,9,99999,4",,,"1,24,00671,220,1256,5","2,24,00581,210,1257,5","3,24,00232,999,9999,5","SOD54524 HR PRECIPITATION (IN): 0.00 24 HR MAX TEMP (F): 6424 HR MAX TEMP TIME (LST):1448 24 HR MIN TEMP (F): 5524 HR MIN TEMP TIME (LST):0718 AVERAGE STATION PRESSURE:29.95  PEAK WIND SPEED (MPH): 15 PEAK WIND DIR (DEG):220 PEAK WIND TIME (LST):1256  FASTEST 2MIN SPEED (MPH): 13FASTEST 2MIN DIR (DEG):210 FASTEST 2MIN TIME (LST):1257 AVERAGE WIND SPEED (MPH): 5.2 24 HR AVG TEMP (F):60 HOURLY INCREMENTAL PRECIPITATION VALUES (IN):.00  .00  .00  .00  .00  .00  .00  .00  .00  .00  .00  .00  .00  .00  .00  .00  .00  .00  .00  .00  .00  .00  .00  .00","R01  0.007AAP092"
"72297793184","2001-03-23T07:59:00","6","33.68","-117.86639","16.5","SANTA ANA JOHN WAYNE AIRPORT, CA US","SOD  ","KSNA ","V020","999,9,9,9999,9","99999,9,9,9","999999,9,9,9","+9999,9","+9999,9","99999,9","24,0000,9,6",,,,,,,,,,,,,,,,,,"240,M,+0189,5","240,N,+0128,5",,,,,,,"10159,9,99999,4",,,"1,24,00671,210,1550,5","2,24,00536,240,1639,5","3,24,00206,999,9999,5","SOD54524 HR PRECIPITATION (IN): 0.00 24 HR MAX TEMP (F): 6624 HR MAX TEMP TIME (LST):1401 24 HR MIN TEMP (F): 5524 HR MIN TEMP TIME (LST):0454 AVERAGE STATION PRESSURE:30.00  PEAK WIND SPEED (MPH): 15 PEAK WIND DIR (DEG):210 PEAK WIND TIME (LST):1550  FASTEST 2MIN SPEED (MPH): 12FASTEST 2MIN DIR (DEG):240 FASTEST 2MIN TIME (LST):1639 AVERAGE WIND SPEED (MPH): 4.6 24 HR AVG TEMP (F):61 HOURLY INCREMENTAL PRECIPITATION VALUES (IN):.00  .00  .00  .00  .00  .00  .00  .00  .00  .00  .00  .00  .00  .00  .00  .00  .00  .00  .00  .00  .00  .00  .00  .00","R01  0.007AAP092"
"72297793184","2001-03-24T07:59:00","6","33.68","-117.86639","16.5","SANTA ANA JOHN WAYNE AIRPORT, CA US","SOD  ","KSNA ","V020","999,9,9,9999,9","99999,9,9,9","999999,9,9,9","+9999,9","+9999,9","99999,9","24,0000,9,6",,,,,,,,,,,,,,,,,,"240,M,+0183,5","240,N,+0128,5",,,,,,,"10142,9,99999,4",,,"1,24,00760,270,1528,5","2,24,00626,220,1404,5","3,24,00201,999,9999,5","SOD54524 HR PRECIPITATION (IN): 0.00 24 HR MAX TEMP (F): 6524 HR MAX TEMP TIME (LST):1432 24 HR MIN TEMP (F): 5524 HR MIN TEMP TIME (LST):0207 AVERAGE STATION PRESSURE:29.95  PEAK WIND SPEED (MPH): 17 PEAK WIND DIR (DEG):270 PEAK WIND TIME (LST):1528  FASTEST 2MIN SPEED (MPH): 14FASTEST 2MIN DIR (DEG):220 FASTEST 2MIN TIME (LST):1404 AVERAGE WIND SPEED (MPH): 4.5 24 HR AVG TEMP (F):60 HOURLY INCREMENTAL PRECIPITATION VALUES (IN):.00  .00  .00  .00  .00  .00  .00  .00  .00  .00  .00  .00  .00  .00  .00  .00  .00  .00  .00  .00  .00  .00  .00  .00","R01  0.007AAP092"
"72297793184","2001-03-25T07:59:00","6","33.68","-117.86639","16.5","SANTA ANA JOHN WAYNE AIRPORT, CA US","SOD  ","KSNA ","V020","999,9,9,9999,9","99999,9,9,9","999999,9,9,9","+9999,9","+9999,9","99999,9","24,0000,9,6",,,,,,,,,,,,,,,,,,"240,M,+0178,5","240,N,+0133,5",,,,,,,"10135,9,99999,4",,,"1,24,00581,250,1719,5","2,24,00536,210,1655,5","3,24,00188,999,9999,5","SOD54524 HR PRECIPITATION (IN): 0.00 24 HR MAX TEMP (F): 6424 HR MAX TEMP TIME (LST):1505 24 HR MIN TEMP (F): 5624 HR MIN TEMP TIME (LST):2110 AVERAGE STATION PRESSURE:29.93  PEAK WIND SPEED (MPH): 13 PEAK WIND DIR (DEG):250 PEAK WIND TIME (LST):1719  FASTEST 2MIN SPEED (MPH): 12FASTEST 2MIN DIR (DEG):210 FASTEST 2MIN TIME (LST):1655 AVERAGE WIND SPEED (MPH): 4.2 24 HR AVG TEMP (F):60 HOURLY INCREMENTAL PRECIPITATION VALUES (IN):.00  .00  .00  .00  .00  .00  .00  .00  .00  .00  .00  .00  .00  .00  .00  .00  .00  .00  .00  .00  .00  .00  .00  .00","R01  0.007AAP092"
"72297793184","2001-03-26T07:59:00","6","33.68","-117.86639","16.5","SANTA ANA JOHN WAYNE AIRPORT, CA US","SOD  ","KSNA ","V020","999,9,9,9999,9","99999,9,9,9","999999,9,9,9","+9999,9","+9999,9","99999,9","24,0000,9,6",,,,,,,,,,,,,,,,"0000,5","000,5","240,M,+0183,5","240,N,+0139,5",,,,,,,"10142,9,99999,4",,,"1,24,00671,220,1517,5","2,24,00536,220,1517,5","3,24,00206,999,9999,5","SOD60524 HR PRECIPITATION (IN): 0.00 TOTAL SUNSHINE (MINUTES):   0 PERCENT POSSIBLE SUNSHINE:  0 24 HR MAX TEMP (F): 6524 HR MAX TEMP TIME (LST):1515 24 HR MIN TEMP (F): 5724 HR MIN TEMP TIME (LST):2343 AVERAGE STATION PRESSURE:29.95  PEAK WIND SPEED (MPH): 15 PEAK WIND DIR (DEG):220 PEAK WIND TIME (LST):1517  FASTEST 2MIN SPEED (MPH): 12FASTEST 2MIN DIR (DEG):220 FASTEST 2MIN TIME (LST):1517 AVERAGE WIND SPEED (MPH): 4.6 24 HR AVG TEMP (F):61 HOURLY INCREMENTAL PRECIPITATION VALUES (IN):.00  .00  .00  .00  .00  .00  .00  .00  .00  .00  .00  .00  .00  .00  .00  .00  .00  .00  .00  .00  .00  .00  .00  .00","R01  0.007AAP092"
"72297793184","2001-03-27T07:59:00","6","33.68","-117.86639","16.5","SANTA ANA JOHN WAYNE AIRPORT, CA US","SOD  ","KSNA ","V020","999,9,9,9999,9","99999,9,9,9","999999,9,9,9","+9999,9","+9999,9","99999,9","24,0000,9,6",,,,,,,,,,,,,,,,"0000,5","000,5","240,M,+0200,5","240,N,+0139,5",,,,,,,"10125,9,99999,4",,,"1,24,00760,180,1238,5","2,24,00626,200,1429,5","3,24,00286,999,9999,5","SOD60524 HR PRECIPITATION (IN): 0.00 TOTAL SUNSHINE (MINUTES):   0 PERCENT POSSIBLE SUNSHINE:  0 24 HR MAX TEMP (F): 6824 HR MAX TEMP TIME (LST):1218 24 HR MIN TEMP (F): 5724 HR MIN TEMP TIME (LST):2359 AVERAGE STATION PRESSURE:29.90  PEAK WIND SPEED (MPH): 17 PEAK WIND DIR (DEG):180 PEAK WIND TIME (LST):1238  FASTEST 2MIN SPEED (MPH): 14FASTEST 2MIN DIR (DEG):200 FASTEST 2MIN TIME (LST):1429 AVERAGE WIND SPEED (MPH): 6.4 24 HR AVG TEMP (F):63 HOURLY INCREMENTAL PRECIPITATION VALUES (IN):.00  .00  .00  .00  .00  .00  .00  .00  .00  .00  .00  .00  .00  .00  .00  .00  .00  .00  .00  .00  .00  .00  .00  .00","R01  0.007AAP092"
"72297793184","2001-03-28T07:59:00","6","33.68","-117.86639","16.5","SANTA ANA JOHN WAYNE AIRPORT, CA US","SOD  ","KSNA ","V020","999,9,9,9999,9","99999,9,9,9","999999,9,9,9","+9999,9","+9999,9","99999,9","24,0000,9,6",,,,,,,,,,,,,,,,"0000,5","000,5","240,M,+0194,5","240,N,+0111,5",,,,,,,"10122,9,99999,4",,,"1,24,00760,190,1336,5","2,24,00626,190,1322,5","3,24,00246,999,9999,5","SOD60524 HR PRECIPITATION (IN): 0.00 TOTAL SUNSHINE (MINUTES):   0 PERCENT POSSIBLE SUNSHINE:  0 24 HR MAX TEMP (F): 6724 HR MAX TEMP TIME (LST):1356 24 HR MIN TEMP (F): 5224 HR MIN TEMP TIME (LST):0602 AVERAGE STATION PRESSURE:29.89  PEAK WIND SPEED (MPH): 17 PEAK WIND DIR (DEG):190 PEAK WIND TIME (LST):1336  FASTEST 2MIN SPEED (MPH): 14FASTEST 2MIN DIR (DEG):190 FASTEST 2MIN TIME (LST):1322 AVERAGE WIND SPEED (MPH): 5.5 24 HR AVG TEMP (F):60 HOURLY INCREMENTAL PRECIPITATION VALUES (IN):.00  .00  .00  .00  .00  .00  .00  .00  .00  .00  .00  .00  .00  .00  .00  .00  .00  .00  .00  .00  .00  .00  .00  .00","R01  0.007AAP092"
"72297793184","2001-03-29T07:59:00","6","33.68","-117.86639","16.5","SANTA ANA JOHN WAYNE AIRPORT, CA US","SOD  ","KSNA ","V020","999,9,9,9999,9","99999,9,9,9","999999,9,9,9","+9999,9","+9999,9","99999,9","24,0000,9,6",,,,,,,,,,,,,,,,"0000,5","000,5","240,M,+0194,5","240,N,+0128,5",,,,,,,"10112,9,99999,4",,,"1,24,00760,210,1611,5","2,24,00671,220,1529,5","3,24,00295,999,9999,5","SOD60524 HR PRECIPITATION (IN): 0.00 TOTAL SUNSHINE (MINUTES):   0 PERCENT POSSIBLE SUNSHINE:  0 24 HR MAX TEMP (F): 6724 HR MAX TEMP TIME (LST):1252 24 HR MIN TEMP (F): 5524 HR MIN TEMP TIME (LST):0101 AVERAGE STATION PRESSURE:29.86  PEAK WIND SPEED (MPH): 17 PEAK WIND DIR (DEG):210 PEAK WIND TIME (LST):1611  FASTEST 2MIN SPEED (MPH): 15FASTEST 2MIN DIR (DEG):220 FASTEST 2MIN TIME (LST):1529 AVERAGE WIND SPEED (MPH): 6.6 24 HR AVG TEMP (F):61 HOURLY INCREMENTAL PRECIPITATION VALUES (IN):.00  .00  .00  .00  .00  .00  .00  .00  .00  .00  .00  .00  .00  .00  .00  .00  .00  .00  .00  .00  .00  .00  .00  .00","R01  0.007AAP092"
"72297793184","2001-03-30T07:59:00","6","33.68","-117.86639","16.5","SANTA ANA JOHN WAYNE AIRPORT, CA US","SOD  ","KSNA ","V020","999,9,9,9999,9","99999,9,9,9","999999,9,9,9","+9999,9","+9999,9","99999,9","24,0000,2,5",,,,,,,,,,,,,,,,"0000,5","000,5","240,M,+0194,5","240,N,+0144,5",,,,,,,"10078,9,99999,4",,,"1,24,00805,200,1208,5","2,24,00626,210,1613,5","3,24,00273,999,9999,5","SOD60524 HR PRECIPITATION (IN):  T   TOTAL SUNSHINE (MINUTES):   0 PERCENT POSSIBLE SUNSHINE:  0 24 HR MAX TEMP (F): 6724 HR MAX TEMP TIME (LST):1305 24 HR MIN TEMP (F): 5824 HR MIN TEMP TIME (LST):0749 AVERAGE STATION PRESSURE:29.76  PEAK WIND SPEED (MPH): 18 PEAK WIND DIR (DEG):200 PEAK WIND TIME (LST):1208  FASTEST 2MIN SPEED (MPH): 14FASTEST 2MIN DIR (DEG):210 FASTEST 2MIN TIME (LST):1613 AVERAGE WIND SPEED (MPH): 6.1 24 HR AVG TEMP (F):63 HOURLY INCREMENTAL PRECIPITATION VALUES (IN):.00  .00  .00  .00  .00  .00   T   .00  .00  .00  .00  .00  .00  .00  .00  .00  .00  .00  .00  .00  .00  .00  .00  .00",
"72297793184","2001-03-31T07:59:00","6","33.68","-117.86639","16.5","SANTA ANA JOHN WAYNE AIRPORT, CA US","SOD  ","KSNA ","V020","999,9,9,9999,9","99999,9,9,9","999999,9,9,9","+9999,9","+9999,9","99999,9","24,0000,9,6",,,,,,,,,,,,,,,,"0000,5","000,5","240,M,+0217,5","240,N,+0150,5",,,,,,,"10098,9,99999,4",,,"1,24,00671,220,1518,5","2,24,00581,210,1207,5","3,24,00219,999,9999,5","SOD60524 HR PRECIPITATION (IN): 0.00 TOTAL SUNSHINE (MINUTES):   0 PERCENT POSSIBLE SUNSHINE:  0 24 HR MAX TEMP (F): 7124 HR MAX TEMP TIME (LST):1123 24 HR MIN TEMP (F): 5924 HR MIN TEMP TIME (LST):2359 AVERAGE STATION PRESSURE:29.82  PEAK WIND SPEED (MPH): 15 PEAK WIND DIR (DEG):220 PEAK WIND TIME (LST):1518  FASTEST 2MIN SPEED (MPH): 13FASTEST 2MIN DIR (DEG):210 FASTEST 2MIN TIME (LST):1207 AVERAGE WIND SPEED (MPH): 4.9 24 HR AVG TEMP (F):65 HOURLY INCREMENTAL PRECIPITATION VALUES (IN):.00  .00  .00  .00  .00  .00  .00  .00  .00  .00  .00  .00  .00  .00  .00  .00  .00  .00  .00  .00  .00  .00  .00  .00","R01  0.007AAP092"
"72297793184","2001-04-01T07:59:00","6","33.68","-117.86639","16.5","SANTA ANA JOHN WAYNE AIRPORT, CA US","SOD  ","KSNA ","V020","999,9,9,9999,9","99999,9,9,9","999999,9,9,9","+9999,9","+9999,9","99999,9","24,0000,9,6",,,,,,,,,,,,,,,,"0000,5","000,5","240,M,+0200,5","240,N,+0144,5",,,,,,,"10115,9,99999,4",,,"1,24,00626,240,1254,5","2,24,00447,220,1558,5","3,24,00210,999,9999,5","SOD60524 HR PRECIPITATION (IN): 0.00 TOTAL SUNSHINE (MINUTES):   0 PERCENT POSSIBLE SUNSHINE:  0 24 HR MAX TEMP (F): 6824 HR MAX TEMP TIME (LST):1442 24 HR MIN TEMP (F): 5824 HR MIN TEMP TIME (LST):2359 AVERAGE STATION PRESSURE:29.87  PEAK WIND SPEED (MPH): 14 PEAK WIND DIR (DEG):240 PEAK WIND TIME (LST):1254  FASTEST 2MIN SPEED (MPH): 10FASTEST 2MIN DIR (DEG):220 FASTEST 2MIN TIME (LST):1558 AVERAGE WIND SPEED (MPH): 4.7 24 HR AVG TEMP (F):63 HOURLY INCREMENTAL PRECIPITATION VALUES (IN):.00  .00  .00  .00  .00  .00  .00  .00  .00  .00  .00  .00  .00  .00  .00  .00  .00  .00  .00  .00  .00  .00  .00  .00","R01  0.007AAP092"
"72297793184","2001-04-01T07:59:00","6","33.68","-117.86639","16.5","SANTA ANA JOHN WAYNE AIRPORT, CA US","SOM  ","KSNA ","V020","999,9,9,9999,9","99999,9,9,9","999999,9,9,9","+9999,9","+9999,9","99999,9",,"00094,9,6","00066,9,0606,9999,9999,6","03,6,01,6,99,9,00,5","005,0008,9,060232,5","010,0013,9,060228,5","015,0018,9,060232,5","020,0020,9,060236,5","030,0025,9,060241,5","045,0030,9,060249,5","060,0033,9,060314,5","080,0036,9,060332,5","100,0038,9,060356,5","120,0048,9,060407,5","150,0051,9,060448,5","180,0056,9,060448,5",,,,,"744,N,+1161,5","744,M,+1889,5","744,A,+1528,5","744,H,0168,7","744,C,0003,6","00,5,00,5,00,5,00,5",,"10125,4,10159,4","10227,999999,5,10085,291721,5",,,,"SOM722PCP MTOT: 0.37 DEPNRM: 0.00 PCP GT 24HRS: 0.26 DATE(S):6 DAYS W/PCP >=.01: 3 DAYS W/PCP >=.10: 1 DAYS W/PCP >=1.00:  MSDP AMTS W/DATE-TIME TAGS:MIN:5  .03  06/0232 MIN:10  .05  06/0228 MIN:15  .07  06/0232 MIN:20  .08  06/0236 MIN:30  .10  06/0241 MIN:45  .12  06/0249 MIN:60  .13  06/0314 MIN:80  .14  06/0332 MIN:100  .15  06/0356 MIN:120  .19  06/0407 MIN:150  .20  06/0448 MIN:180  .22  06/0448 SN GT DP ON GRND:0 DATE(S):0  AVG DLY MIN: 52.9 AVG DLY MAX: 66.0 AVG MLY TMP: 59.5 DAYS MAX <=32:  DAYS MAX >=70: 0 DAYS MAX >=90: 0 DAYS MIN <=32: 0 DAYS MIN  <=0: 0 AVG STP:29.90  AVG SLP:30.00  LWST SLP:29.78 DATE/TIME:291721 HGST SLP:30.20 DATE/TIME: 80919 HDD MTH TOT: 168 DEP NORM:-255 CDD MTH TOT:   3 DEP NORM:-255","R01  0.377ABP070R02  0.267ADP081R03     37AE1100R04      7AE2103R05   1687KDH015R06     37KDC058"
"72297793184","2001-04-02T07:59:00","6","33.68","-117.86639","16.5","SANTA ANA JOHN WAYNE AIRPORT, CA US","SOD  ","KSNA ","V020","999,9,9,9999,9","99999,9,9,9","999999,9,9,9","+9999,9","+9999,9","99999,9","24,0000,2,5",,,,,,,,,,,,,,,,,,"240,M,+0161,5","240,N,+0139,6",,,,,,,"10091,9,99999,4",,,"1,24,00581,200,1315,5","2,24,00447,210,1316,5","3,24,00232,999,9999,5","SOD54524 HR PRECIPITATION (IN):  T   24 HR MAX TEMP (F): 6124 HR MAX TEMP TIME (LST):1259 24 HR MIN TEMP (F): 5724 HR MIN TEMP TIME (LST):2343 AVERAGE STATION PRESSURE:29.80  PEAK WIND SPEED (MPH): 13 PEAK WIND DIR (DEG):200 PEAK WIND TIME (LST):1315  FASTEST 2MIN SPEED (MPH): 10FASTEST 2MIN DIR (DEG):210 FASTEST 2MIN TIME (LST):1316 AVERAGE WIND SPEED (MPH): 5.2 24 HR AVG TEMP (F):59 HOURLY INCREMENTAL PRECIPITATION VALUES (IN):.00  .00  .00  .00  .00  .00   T   .00  .00   T    T   .00  .00  .00  .00  .00  .00  .00  .00  .00  .00  .00  .00  .00","R01    577KAN014"
"72297793184","2001-04-03T07:59:00","6","33.68","-117.86639","16.5","SANTA ANA JOHN WAYNE AIRPORT, CA US","SOD  ","KSNA ","V020","999,9,9,9999,9","99999,9,9,9","999999,9,9,9","+9999,9","+9999,9","99999,9","24,0000,9,6",,,,,,,,,,,,,,,,,,"240,M,+0183,5","240,N,+0128,5",,,,,,,"10091,9,99999,4",,,"1,24,00805,220,1445,5","2,24,00715,190,1416,5","3,24,00317,999,9999,5","SOD54524 HR PRECIPITATION (IN): 0.00 24 HR MAX TEMP (F): 6524 HR MAX TEMP TIME (LST):1257 24 HR MIN TEMP (F): 5524 HR MIN TEMP TIME (LST):2359 AVERAGE STATION PRESSURE:29.80  PEAK WIND SPEED (MPH): 18 PEAK WIND DIR (DEG):220 PEAK WIND TIME (LST):1445  FASTEST 2MIN SPEED (MPH): 16FASTEST 2MIN DIR (DEG):190 FASTEST 2MIN TIME (LST):1416 AVERAGE WIND SPEED (MPH): 7.1 24 HR AVG TEMP (F):60 HOURLY INCREMENTAL PRECIPITATION VALUES (IN):.00  .00  .00  .00  .00  .00  .00  .00  .00  .00  .00  .00  .00  .00  .00  .00  .00  .00  .00  .00  .00  .00  .00  .00","R01  0.007AAP092"
"72297793184","2001-04-04T07:59:00","6","33.68","-117.86639","16.5","SANTA ANA JOHN WAYNE AIRPORT, CA US","SOD  ","KSNA ","V020","999,9,9,9999,9","99999,9,9,9","999999,9,9,9","+9999,9","+9999,9","99999,9","24,0000,2,5",,,,,,,,,,,,,,,,,,"240,M,+0167,5","240,N,+0117,5",,,,,,,"10119,9,99999,4",,,"1,24,01118,170,1045,5","2,24,00894,190,1119,5","3,24,00398,999,9999,5","SOD54424 HR PRECIPITATION (IN):  T   24 HR MAX TEMP (F): 6224 HR MAX TEMP TIME (LST):1453 24 HR MIN TEMP (F): 5324 HR MIN TEMP TIME (LST):0230 AVERAGE STATION PRESSURE:29.88  PEAK WIND SPEED (MPH): 25 PEAK WIND DIR (DEG):170 PEAK WIND TIME (LST):1045  FASTEST 2MIN SPEED (MPH): 20FASTEST 2MIN DIR (DEG):190 FASTEST 2MIN TIME (LST):1119 AVERAGE WIND SPEED (MPH): 8.9 24 HR AVG TEMP (F):58 HOURLY INCREMENTAL PRECIPITATION VALUES (IN):.00  .00  .00   T    T   .00  .00  .00  .00  .00  .00  .00  .00  .00  .00  .00  .00  .00  .00  .00  .00  .00  .00   T",
"72297793184","2001-04-05T07:59:00","6","33.68","-117.86639","16.5","SANTA ANA JOHN WAYNE AIRPORT, CA US","SOD  ","KSNA ","V020","999,9,9,9999,9","99999,9,9,9","999999,9,9,9","+9999,9","+9999,9","99999,9","24,0000,9,6",,,,,,,,,,,,,,,,,,"240,M,+0167,5","240,N,+0106,5",,,,,,,"10125,9,99999,4",,,"1,24,01028,170,1222,5","2,24,00760,190,1308,5","3,24,00367,999,9999,5","SOD54524 HR PRECIPITATION (IN): 0.00 24 HR MAX TEMP (F): 6224 HR MAX TEMP TIME (LST):1116 24 HR MIN TEMP (F): 5124 HR MIN TEMP TIME (LST):0510 AVERAGE STATION PRESSURE:29.90  PEAK WIND SPEED (MPH): 23 PEAK WIND DIR (DEG):170 PEAK WIND TIME (LST):1222  FASTEST 2MIN SPEED (MPH): 17FASTEST 2MIN DIR (DEG):190 FASTEST 2MIN TIME (LST):1308 AVERAGE WIND SPEED (MPH): 8.2 24 HR AVG TEMP (F):57 HOURLY INCREMENTAL PRECIPITATION VALUES (IN):.00  .00  .00  .00  .00  .00  .00  .00  .00  .00  .00  .00  .00  .00  .00  .00  .00  .00  .00  .00  .00  .00  .00  .00","R01  0.007AAP092"
"72297793184","2001-04-06T07:59:00","6","33.68","-117.86639","16.5","SANTA ANA JOHN WAYNE AIRPORT, CA US","SOD  ","KSNA ","V020","999,9,9,9999,9","99999,9,9,9","999999,9,9,9","+9999,9","+9999,9","99999,9","24,0013,9,5",,,,,,,,,,,,,,,,"0000,5","000,5","240,M,+0167,5","240,N,+0100,5",,,,,,,"10129,9,99999,4",,,"1,24,00805,200,1447,5","2,24,00671,210,1302,5","3,24,00300,999,9999,5","SOD60524 HR PRECIPITATION (IN): 0.05 TOTAL SUNSHINE (MINUTES):   0 PERCENT POSSIBLE SUNSHINE:  0 24 HR MAX TEMP (F): 6224 HR MAX TEMP TIME (LST):1206 24 HR MIN TEMP (F): 5024 HR MIN TEMP TIME (LST):0548 AVERAGE STATION PRESSURE:29.91  PEAK WIND SPEED (MPH): 18 PEAK WIND DIR (DEG):200 PEAK WIND TIME (LST):1447  FASTEST 2MIN SPEED (MPH): 15FASTEST 2MIN DIR (DEG):210 FASTEST 2MIN TIME (LST):1302 AVERAGE WIND SPEED (MPH): 6.7 24 HR AVG TEMP (F):56 HOURLY INCREMENTAL PRECIPITATION VALUES (IN):.00  .03  .02   T   .00  .00  .00  .00  .00  .00  .00  .00  .00  .00  .00  .00  .00  .00  .00  .00  .00  .00  .00  .00",
"72297793184","2001-04-07T07:59:00","6","33.68","-117.86639","16.5","SANTA ANA JOHN WAYNE AIRPORT, CA US","SOD  ","KSNA ","V020","999,9,9,9999,9","99999,9,9,9","999999,9,9,9","+9999,9","+9999,9","99999,9","24,0000,9,6",,,,,,,,,,,,,,,,"0000,5","000,5","240,M,+0172,5","240,N,+0106,5",,,,,,,"10146,9,99999,4",,,"1,24,00894,200,1451,5","2,24,00715,210,1424,5","3,24,00326,999,9999,5","SOD60524 HR PRECIPITATION (IN): 0.00 TOTAL SUNSHINE (MINUTES):   0 PERCENT POSSIBLE SUNSHINE:  0 24 HR MAX TEMP (F): 6324 HR MAX TEMP TIME (LST):1412 24 HR MIN TEMP (F): 5124 HR MIN TEMP TIME (LST):0417 AVERAGE STATION PRESSURE:29.96  PEAK WIND SPEED (MPH): 20 PEAK WIND DIR (DEG):200 PEAK WIND TIME (LST):1451  FASTEST 2MIN SPEED (MPH): 16FASTEST 2MIN DIR (DEG):210 FASTEST 2MIN TIME (LST):1424 AVERAGE WIND SPEED (MPH): 7.3 24 HR AVG TEMP (F):57 HOURLY INCREMENTAL PRECIPITATION VALUES (IN):.00  .00  .00  .00  .00  .00  .00  .00  .00  .00  .00  .00  .00  .00  .00  .00  .00  .00  .00  .00  .00  .00  .00  .00","R01  0.007AAP092"
"72297793184","2001-04-08T07:59:00","6","33.68","-117.86639","16.5","SANTA ANA JOHN WAYNE AIRPORT, CA US","SOD  ","KSNA ","V020","999,9,9,9999,9","99999,9,9,9","999999,9,9,9","+9999,9","+9999,9","99999,9","24,0064,9,5",,,,,,,,,,,,,,,,"0000,5","000,5","240,M,+0144,5","240,N,+0100,5",,,,,,,"10132,9,99999,4",,,"1,24,01162,170,0522,5","2,24,00939,160,0523,5","3,24,00420,999,9999,5","SOD60524 HR PRECIPITATION (IN): 0.25 TOTAL SUNSHINE (MINUTES):   0 PERCENT POSSIBLE SUNSHINE:  0 24 HR MAX TEMP (F): 5824 HR MAX TEMP TIME (LST):1514 24 HR MIN TEMP (F): 5024 HR MIN TEMP TIME (LST):2356 AVERAGE STATION PRESSURE:29.92  PEAK WIND SPEED (MPH): 26 PEAK WIND DIR (DEG):170 PEAK WIND TIME (LST):0522  FASTEST 2MIN SPEED (MPH): 21FASTEST 2MIN DIR (DEG):160 FASTEST 2MIN TIME (LST):0523 AVERAGE WIND SPEED (MPH): 9.4 24 HR AVG TEMP (F):54 HOURLY INCREMENTAL PRECIPITATION VALUES (IN):.00  .00  .01  .01  .04  .03  .01  .06  .04  .03  .01   T    T   .01   T   .00  .00  .00  .00  .00  .00  .00  .00  .00",
"72297793184","2001-04-09T07:59:00","6","33.68","-117.86639","16.5","SANTA ANA JOHN WAYNE AIRPORT, CA US","SOD  ","KSNA ","V020","999,9,9,9999,9","99999,9,9,9","999999,9,9,9","+9999,9","+9999,9","99999,9","24,0000,9,6",,,,,,,,,,,,,,,,"0000,5","000,5","240,M,+0161,5","240,N,+0067,5",,,,,,,"10159,9,99999,4",,,"1,24,00760,210,1342,5","2,24,00626,220,1246,5","3,24,00183,999,9999,5","SOD60524 HR PRECIPITATION (IN): 0.00 TOTAL SUNSHINE (MINUTES):   0 PERCENT POSSIBLE SUNSHINE:  0 24 HR MAX TEMP (F): 6124 HR MAX TEMP TIME (LST):1207 24 HR MIN TEMP (F): 4424 HR MIN TEMP TIME (LST):0538 AVERAGE STATION PRESSURE:30.00  PEAK WIND SPEED (MPH): 17 PEAK WIND DIR (DEG):210 PEAK WIND TIME (LST):1342  FASTEST 2MIN SPEED (MPH): 14FASTEST 2MIN DIR (DEG):220 FASTEST 2MIN TIME (LST):1246 AVERAGE WIND SPEED (MPH): 4.1 24 HR AVG TEMP (F):53 HOURLY INCREMENTAL PRECIPITATION VALUES (IN):.00  .00  .00  .00  .00  .00  .00  .00  .00  .00  .00  .00  .00  .00  .00  .00  .00  .00  .00  .00  .00  .00  .00  .00","R01  0.007AAP092"
"72297793184","2001-04-10T07:59:00","6","33.68","-117.86639","16.5","SANTA ANA JOHN WAYNE AIRPORT, CA US","SOD  ","KSNA ","V020","999,9,9,9999,9","99999,9,9,9","999999,9,9,9","+9999,9","+9999,9","99999,9","24,0008,9,5",,,,,,,,,,,,,,,,"0000,5","000,5","240,M,+0139,5","240,N,+0078,5",,,,,,,"10112,9,99999,4",,,"1,24,00939,200,1130,5","2,24,00805,200,1130,5","3,24,00246,999,9999,5","SOD58324 HR PRECIPITATION (IN): 0.03 TOTAL SUNSHINE (MINUTES):   0 PERCENT POSSIBLE SUNSHINE:  0 24 HR MAX TEMP (F): 5724 HR MAX TEMP TIME (LST):1044 24 HR MIN TEMP (F): 4624 HR MIN TEMP TIME (LST):0524 AVERAGE STATION PRESSURE:29.86  PEAK WIND SPEED (MPH): 21 PEAK WIND DIR (DEG):200 PEAK WIND TIME (LST):1130  FASTEST 2MIN SPEED (MPH): 18FASTEST 2MIN DIR (DEG):200 FASTEST 2MIN TIME (LST):1130 AVERAGE WIND SPEED (MPH): 5.5 HOURLY INCREMENTAL PRECIPITATION VALUES (IN):.00  .00  .00  .00  .00  .00  .00  .00  .00   T    T   .01  .01  .01  .00  .00  .00  .00  .00  .00  .00  .00  .00  .00",
"72297793184","2001-04-11T07:59:00","6","33.68","-117.86639","16.5","SANTA ANA JOHN WAYNE AIRPORT, CA US","SOD  ","KSNA ","V020","999,9,9,9999,9","99999,9,9,9","999999,9,9,9","+9999,9","+9999,9","99999,9","24,0000,9,6",,,,,,,,,,,,,,,,"0000,5","000,5","240,M,+0172,5","240,N,+0067,5",,,,,,,"10125,9,99999,4",,,"1,24,00805,200,1528,5","2,24,00671,190,1603,5","3,24,00250,999,9999,5","SOD60524 HR PRECIPITATION (IN): 0.00 TOTAL SUNSHINE (MINUTES):   0 PERCENT POSSIBLE SUNSHINE:  0 24 HR MAX TEMP (F): 6324 HR MAX TEMP TIME (LST):1422 24 HR MIN TEMP (F): 4424 HR MIN TEMP TIME (LST):0508 AVERAGE STATION PRESSURE:29.90  PEAK WIND SPEED (MPH): 18 PEAK WIND DIR (DEG):200 PEAK WIND TIME (LST):1528  FASTEST 2MIN SPEED (MPH): 15FASTEST 2MIN DIR (DEG):190 FASTEST 2MIN TIME (LST):1603 AVERAGE WIND SPEED (MPH): 5.6 24 HR AVG TEMP (F):54 HOURLY INCREMENTAL PRECIPITATION VALUES (IN):.00  .00  .00  .00  .00  .00  .00  .00  .00  .00  .00  .00  .00  .00  .00  .00  .00  .00  .00  .00  .00  .00  .00  .00","R01  0.007AAP092"
"72297793184","2001-04-12T07:59:00","6","33.68","-117.86639","16.5","SANTA ANA JOHN WAYNE AIRPORT, CA US","SOD  ","KSNA ","V020","999,9,9,9999,9","99999,9,9,9","999999,9,9,9","+9999,9","+9999,9","99999,9","24,0000,9,6",,,,,,,,,,,,,,,,"0000,5","000,5","240,M,+0172,5","240,N,+0111,5",,,,,,,"10149,9,99999,4",,,"1,24,00939,200,1233,5","2,24,00671,220,1228,5","3,24,00349,999,9999,5","SOD60524 HR PRECIPITATION (IN): 0.00 TOTAL SUNSHINE (MINUTES):   0 PERCENT POSSIBLE SUNSHINE:  0 24 HR MAX TEMP (F): 6324 HR MAX TEMP TIME (LST):1354 24 HR MIN TEMP (F): 5224 HR MIN TEMP TIME (LST):0421 AVERAGE STATION PRESSURE:29.97  PEAK WIND SPEED (MPH): 21 PEAK WIND DIR (DEG):200 PEAK WIND TIME (LST):1233  FASTEST 2MIN SPEED (MPH): 15FASTEST 2MIN DIR (DEG):220 FASTEST 2MIN TIME (LST):1228 AVERAGE WIND SPEED (MPH): 7.8 24 HR AVG TEMP (F):58 HOURLY INCREMENTAL PRECIPITATION VALUES (IN):.00  .00  .00  .00  .00  .00  .00  .00  .00  .00  .00  .00  .00  .00  .00  .00  .00  .00  .00  .00  .00  .00  .00  .00","R01  0.007AAP092"
"72297793184","2001-04-13T07:59:00","6","33.68","-117.86639","16.5","SANTA ANA JOHN WAYNE AIRPORT, CA US","SOD  ","KSNA ","V020","999,9,9,9999,9","99999,9,9,9","999999,9,9,9","+9999,9","+9999,9","99999,9","24,0000,2,5",,,,,,,,,,,,,,,,,,"240,M,+0178,5","240,N,+0122,5",,,,,,,"10166,9,99999,4",,,"1,24,00805,210,1418,5","2,24,00671,200,1418,5","3,24,00286,999,9999,5","SOD54524 HR PRECIPITATION (IN):  T   24 HR MAX TEMP (F): 6424 HR MAX TEMP TIME (LST):1248 24 HR MIN TEMP (F): 5424 HR MIN TEMP TIME (LST):2355 AVERAGE STATION PRESSURE:30.02  PEAK WIND SPEED (MPH): 18 PEAK WIND DIR (DEG):210 PEAK WIND TIME (LST):1418  FASTEST 2MIN SPEED (MPH): 15FASTEST 2MIN DIR (DEG):200 FASTEST 2MIN TIME (LST):1418 AVERAGE WIND SPEED (MPH): 6.4 24 HR AVG TEMP (F):59 HOURLY INCREMENTAL PRECIPITATION VALUES (IN): T   .00  .00  .00  .00  .00  .00  .00  .00  .00  .00  .00  .00  .00  .00  .00  .00  .00  .00  .00  .00  .00  .00  .00",
"72297793184","2001-04-14T07:59:00","6","33.68","-117.86639","16.5","SANTA ANA JOHN WAYNE AIRPORT, CA US","SOD  ","KSNA ","V020","999,9,9,9999,9","99999,9,9,9","999999,9,9,9","+9999,9","+9999,9","99999,9","24,0000,9,6",,,,,,,,,,,,,,,,,,"240,M,+0206,5","240,N,+0094,5",,,,,,,"10152,9,99999,4",,,"1,24,00671,240,1326,5","2,24,00581,230,1327,5","3,24,00197,999,9999,5","SOD54524 HR PRECIPITATION (IN): 0.00 24 HR MAX TEMP (F): 6924 HR MAX TEMP TIME (LST):1243 24 HR MIN TEMP (F): 4924 HR MIN TEMP TIME (LST):0516 AVERAGE STATION PRESSURE:29.98  PEAK WIND SPEED (MPH): 15 PEAK WIND DIR (DEG):240 PEAK WIND TIME (LST):1326  FASTEST 2MIN SPEED (MPH): 13FASTEST 2MIN DIR (DEG):230 FASTEST 2MIN TIME (LST):1327 AVERAGE WIND SPEED (MPH): 4.4 24 HR AVG TEMP (F):59 HOURLY INCREMENTAL PRECIPITATION VALUES (IN):.00  .00  .00  .00  .00  .00  .00  .00  .00  .00  .00  .00  .00  .00  .00  .00  .00  .00  .00  .00  .00  .00  .00  .00","R01  0.007AAP092"
"72297793184","2001-04-15T07:59:00","6","33.68","-117.86639","16.5","SANTA ANA JOHN WAYNE AIRPORT, CA US","SOD  ","KSNA ","V020","999,9,9,9999,9","99999,9,9,9","999999,9,9,9","+9999,9","+9999,9","99999,9","24,0000,9,6",,,,,,,,,,,,,,,,"0000,5","000,5","240,M,+0200,5","240,N,+0094,5",,,,,,,"10146,9,99999,4",,,"1,24,00983,210,1434,5","2,24,00626,200,1446,5","3,24,00215,999,9999,5","SOD60524 HR PRECIPITATION (IN): 0.00 TOTAL SUNSHINE (MINUTES):   0 PERCENT POSSIBLE SUNSHINE:  0 24 HR MAX TEMP (F): 6824 HR MAX TEMP TIME (LST):1337 24 HR MIN TEMP (F): 4924 HR MIN TEMP TIME (LST):0603 AVERAGE STATION PRESSURE:29.96  PEAK WIND SPEED (MPH): 22 PEAK WIND DIR (DEG):210 PEAK WIND TIME (LST):1434  FASTEST 2MIN SPEED (MPH): 14FASTEST 2MIN DIR (DEG):200 FASTEST 2MIN TIME (LST):1446 AVERAGE WIND SPEED (MPH): 4.8 24 HR AVG TEMP (F):59 HOURLY INCREMENTAL PRECIPITATION VALUES (IN):.00  .00  .00  .00  .00  .00  .00  .00  .00  .00  .00  .00  .00  .00  .00  .00  .00  .00  .00  .00  .00  .00  .00  .00","R01  0.007AAP092"
"72297793184","2001-04-16T07:59:00","6","33.68","-117.86639","16.5","SANTA ANA JOHN WAYNE AIRPORT, CA US","SOD  ","KSNA ","V020","999,9,9,9999,9","99999,9,9,9","999999,9,9,9","+9999,9","+9999,9","99999,9","24,0000,9,6",,,,,,,,,,,,,,,,"0000,5","000,5","240,M,+0200,5","240,N,+0100,5",,,,,,,"10152,9,99999,4",,,"1,24,00671,220,1203,5","2,24,00536,220,1155,5","3,24,00210,999,9999,5","SOD60524 HR PRECIPITATION (IN): 0.00 TOTAL SUNSHINE (MINUTES):   0 PERCENT POSSIBLE SUNSHINE:  0 24 HR MAX TEMP (F): 6824 HR MAX TEMP TIME (LST):1549 24 HR MIN TEMP (F): 5024 HR MIN TEMP TIME (LST):0647 AVERAGE STATION PRESSURE:29.98  PEAK WIND SPEED (MPH): 15 PEAK WIND DIR (DEG):220 PEAK WIND TIME (LST):1203  FASTEST 2MIN SPEED (MPH): 12FASTEST 2MIN DIR (DEG):220 FASTEST 2MIN TIME (LST):1155 AVERAGE WIND SPEED (MPH): 4.7 24 HR AVG TEMP (F):59 HOURLY INCREMENTAL PRECIPITATION VALUES (IN):.00  .00  .00  .00  .00  .00  .00  .00  .00  .00  .00  .00  .00  .00  .00  .00  .00  .00  .00  .00  .00  .00  .00  .00","R01  0.007AAP092"
"72297793184","2001-04-17T07:59:00","6","33.68","-117.86639","16.5","SANTA ANA JOHN WAYNE AIRPORT, CA US","SOD  ","KSNA ","V020","999,9,9,9999,9","99999,9,9,9","999999,9,9,9","+9999,9","+9999,9","99999,9","24,0000,2,5",,,,,,,,,,,,,,,,"0000,5","000,5","240,M,+0222,5","240,N,+0106,5",,,,,,,"10149,9,99999,4",,,"1,24,00671,260,1550,5","2,24,00536,250,1613,5","3,24,00188,999,9999,5","SOD60524 HR PRECIPITATION (IN):  T   TOTAL SUNSHINE (MINUTES):   0 PERCENT POSSIBLE SUNSHINE:  0 24 HR MAX TEMP (F): 7224 HR MAX TEMP TIME (LST):1449 24 HR MIN TEMP (F): 5124 HR MIN TEMP TIME (LST):0447 AVERAGE STATION PRESSURE:29.97  PEAK WIND SPEED (MPH): 15 PEAK WIND DIR (DEG):260 PEAK WIND TIME (LST):1550  FASTEST 2MIN SPEED (MPH): 12FASTEST 2MIN DIR (DEG):250 FASTEST 2MIN TIME (LST):1613 AVERAGE WIND SPEED (MPH): 4.2 24 HR AVG TEMP (F):62 HOURLY INCREMENTAL PRECIPITATION VALUES (IN):.00  .00  .00  .00  .00  .00  .00  .00  .00  .00  .00   T   .00  .00  .00  .00  .00  .00  .00  .00  .00  .00  .00  .00",
"72297793184","2001-04-18T07:59:00","6","33.68","-117.86639","16.5","SANTA ANA JOHN WAYNE AIRPORT, CA US","SOD  ","KSNA ","V020","999,9,9,9999,9","99999,9,9,9","999999,9,9,9","+9999,9","+9999,9","99999,9","24,0000,9,6",,,,,,,,,,,,,,,,"0000,5","000,5","240,M,+0239,5","240,N,+0094,5",,,,,,,"10135,9,99999,4",,,"1,24,00715,210,1503,5","2,24,00581,220,1329,5","3,24,00201,999,9999,5","SOD60524 HR PRECIPITATION (IN): 0.00 TOTAL SUNSHINE (MINUTES):   0 PERCENT POSSIBLE SUNSHINE:  0 24 HR MAX TEMP (F): 7524 HR MAX TEMP TIME (LST):1338 24 HR MIN TEMP (F): 4924 HR MIN TEMP TIME (LST):0504 AVERAGE STATION PRESSURE:29.93  PEAK WIND SPEED (MPH): 16 PEAK WIND DIR (DEG):210 PEAK WIND TIME (LST):1503  FASTEST 2MIN SPEED (MPH): 13FASTEST 2MIN DIR (DEG):220 FASTEST 2MIN TIME (LST):1329 AVERAGE WIND SPEED (MPH): 4.5 24 HR AVG TEMP (F):62 HOURLY INCREMENTAL PRECIPITATION VALUES (IN):.00  .00  .00  .00  .00  .00  .00  .00  .00  .00  .00  .00  .00  .00  .00  .00  .00  .00  .00  .00  .00  .00  .00  .00","R01  0.007AAP092"
"72297793184","2001-04-19T07:59:00","6","33.68","-117.86639","16.5","SANTA ANA JOHN WAYNE AIRPORT, CA US","SOD  ","KSNA ","V020","999,9,9,9999,9","99999,9,9,9","999999,9,9,9","+9999,9","+9999,9","99999,9","24,0000,9,6",,,,,,,,,,,,,,,,"0000,5","000,5","240,M,+0206,5","240,N,+0117,5",,,,,,,"10135,9,99999,4",,,"1,24,00715,210,1506,5","2,24,00626,210,1454,5","3,24,00224,999,9999,5","SOD60524 HR PRECIPITATION (IN): 0.00 TOTAL SUNSHINE (MINUTES):   0 PERCENT POSSIBLE SUNSHINE:  0 24 HR MAX TEMP (F): 6924 HR MAX TEMP TIME (LST):1201 24 HR MIN TEMP (F): 5324 HR MIN TEMP TIME (LST):0521 AVERAGE STATION PRESSURE:29.93  PEAK WIND SPEED (MPH): 16 PEAK WIND DIR (DEG):210 PEAK WIND TIME (LST):1506  FASTEST 2MIN SPEED (MPH): 14FASTEST 2MIN DIR (DEG):210 FASTEST 2MIN TIME (LST):1454 AVERAGE WIND SPEED (MPH): 5.0 24 HR AVG TEMP (F):61 HOURLY INCREMENTAL PRECIPITATION VALUES (IN):.00  .00  .00  .00  .00  .00  .00  .00  .00  .00  .00  .00  .00  .00  .00  .00  .00  .00  .00  .00  .00  .00  .00  .00","R01  0.007AAP092"
"72297793184","2001-04-20T07:59:00","6","33.68","-117.86639","16.5","SANTA ANA JOHN WAYNE AIRPORT, CA US","SOD  ","KSNA ","V020","999,9,9,9999,9","99999,9,9,9","999999,9,9,9","+9999,9","+9999,9","99999,9","24,0000,9,6",,,,,,,,,,,,,,,,"0000,5","000,5","240,M,+0194,5","240,N,+0128,5",,,,,,,"10125,9,99999,4",,,"1,24,00939,240,1613,5","2,24,00715,220,1541,5","3,24,00300,999,9999,5","SOD60524 HR PRECIPITATION (IN): 0.00 TOTAL SUNSHINE (MINUTES):   0 PERCENT POSSIBLE SUNSHINE:  0 24 HR MAX TEMP (F): 6724 HR MAX TEMP TIME (LST):1356 24 HR MIN TEMP (F): 5524 HR MIN TEMP TIME (LST):2359 AVERAGE STATION PRESSURE:29.90  PEAK WIND SPEED (MPH): 21 PEAK WIND DIR (DEG):240 PEAK WIND TIME (LST):1613  FASTEST 2MIN SPEED (MPH): 16FASTEST 2MIN DIR (DEG):220 FASTEST 2MIN TIME (LST):1541 AVERAGE WIND SPEED (MPH): 6.7 24 HR AVG TEMP (F):61 HOURLY INCREMENTAL PRECIPITATION VALUES (IN):.00  .00  .00  .00  .00  .00  .00  .00  .00  .00  .00  .00  .00  .00  .00  .00  .00  .00  .00  .00  .00  .00  .00  .00","R01  0.007AAP092"
"72297793184","2001-04-21T07:59:00","6","33.68","-117.86639","16.5","SANTA ANA JOHN WAYNE AIRPORT, CA US","SOD  ","KSNA ","V020","999,9,9,9999,9","99999,9,9,9","999999,9,9,9","+9999,9","+9999,9","99999,9","24,0005,9,5",,,,,,,,,,,,,,,,"0000,5","000,5","240,M,+0178,5","240,N,+0106,5",,,,,,,"10135,9,99999,4",,,"1,24,01118,160,2308,5","2,24,00894,170,2309,5","3,24,00367,999,9999,5","SOD60524 HR PRECIPITATION (IN): 0.02 TOTAL SUNSHINE (MINUTES):   0 PERCENT POSSIBLE SUNSHINE:  0 24 HR MAX TEMP (F): 6424 HR MAX TEMP TIME (LST):1348 24 HR MIN TEMP (F): 5124 HR MIN TEMP TIME (LST):0531 AVERAGE STATION PRESSURE:29.93  PEAK WIND SPEED (MPH): 25 PEAK WIND DIR (DEG):160 PEAK WIND TIME (LST):2308  FASTEST 2MIN SPEED (MPH): 20FASTEST 2MIN DIR (DEG):170 FASTEST 2MIN TIME (LST):2309 AVERAGE WIND SPEED (MPH): 8.2 24 HR AVG TEMP (F):58 HOURLY INCREMENTAL PRECIPITATION VALUES (IN):.00  .00  .00  .00  .00  .00  .00  .00  .00  .00  .00  .00  .00  .00  .00  .00  .00   T   .00   T   .00  .00  .00  .02",
"72297793184","2001-04-22T07:59:00","6","33.68","-117.86639","16.5","SANTA ANA JOHN WAYNE AIRPORT, CA US","SOD  ","KSNA ","V020","999,9,9,9999,9","99999,9,9,9","999999,9,9,9","+9999,9","+9999,9","99999,9","24,0028,9,5",,,,,,,,,,,,,,,,"0000,5","000,5","240,M,+0161,5","240,N,+0106,5",,,,,,,"10122,9,99999,4",,,"1,24,01028,230,1526,5","2,24,00760,260,1558,5","3,24,00420,999,9999,5","SOD60524 HR PRECIPITATION (IN): 0.11 TOTAL SUNSHINE (MINUTES):   0 PERCENT POSSIBLE SUNSHINE:  0 24 HR MAX TEMP (F): 6124 HR MAX TEMP TIME (LST):1459 24 HR MIN TEMP (F): 5124 HR MIN TEMP TIME (LST):0740 AVERAGE STATION PRESSURE:29.89  PEAK WIND SPEED (MPH): 23 PEAK WIND DIR (DEG):230 PEAK WIND TIME (LST):1526  FASTEST 2MIN SPEED (MPH): 17FASTEST 2MIN DIR (DEG):260 FASTEST 2MIN TIME (LST):1558 AVERAGE WIND SPEED (MPH): 9.4 24 HR AVG TEMP (F):56 HOURLY INCREMENTAL PRECIPITATION VALUES (IN):.04  .06   T   .00  .01  .00  .00   T   .00  .00  .00  .00  .00  .00  .00  .00  .00  .00  .00  .00  .00  .00  .00  .00",
"72297793184","2001-04-23T07:59:00","6","33.68","-117.86639","16.5","SANTA ANA JOHN WAYNE AIRPORT, CA US","SOD  ","KSNA ","V020","999,9,9,9999,9","99999,9,9,9","999999,9,9,9","+9999,9","+9999,9","99999,9","24,0000,9,6",,,,,,,,,,,,,,,,,,"240,M,+0194,5","240,N,+0089,5",,,,,,,"10190,9,99999,4",,,"1,24,00715,200,1134,5","2,24,00626,200,1209,5","3,24,00224,999,9999,5","SOD54524 HR PRECIPITATION (IN): 0.00 24 HR MAX TEMP (F): 6724 HR MAX TEMP TIME (LST):1416 24 HR MIN TEMP (F): 4824 HR MIN TEMP TIME (LST):0450 AVERAGE STATION PRESSURE:30.09  PEAK WIND SPEED (MPH): 16 PEAK WIND DIR (DEG):200 PEAK WIND TIME (LST):1134  FASTEST 2MIN SPEED (MPH): 14FASTEST 2MIN DIR (DEG):200 FASTEST 2MIN TIME (LST):1209 AVERAGE WIND SPEED (MPH): 5.0 24 HR AVG TEMP (F):58 HOURLY INCREMENTAL PRECIPITATION VALUES (IN):.00  .00  .00  .00  .00  .00  .00  .00  .00  .00  .00  .00  .00  .00  .00  .00  .00  .00  .00  .00  .00  .00  .00  .00","R01  0.007AAP092"
"72297793184","2001-04-24T07:59:00","6","33.68","-117.86639","16.5","SANTA ANA JOHN WAYNE AIRPORT, CA US","SOD  ","KSNA ","V020","999,9,9,9999,9","99999,9,9,9","999999,9,9,9","+9999,9","+9999,9","99999,9","24,0000,9,6",,,,,,,,,,,,,,,,,,"240,M,+0278,5","240,N,+0106,5",,,,,,,"10156,9,99999,4",,,"1,24,00671,250,1537,5","2,24,00581,230,1538,5","3,24,00201,999,9999,5","SOD54524 HR PRECIPITATION (IN): 0.00 24 HR MAX TEMP (F): 8224 HR MAX TEMP TIME (LST):1524 24 HR MIN TEMP (F): 5124 HR MIN TEMP TIME (LST):0443 AVERAGE STATION PRESSURE:29.99  PEAK WIND SPEED (MPH): 15 PEAK WIND DIR (DEG):250 PEAK WIND TIME (LST):1537  FASTEST 2MIN SPEED (MPH): 13FASTEST 2MIN DIR (DEG):230 FASTEST 2MIN TIME (LST):1538 AVERAGE WIND SPEED (MPH): 4.5 24 HR AVG TEMP (F):67 HOURLY INCREMENTAL PRECIPITATION VALUES (IN):.00  .00  .00  .00  .00  .00  .00  .00  .00  .00  .00  .00  .00  .00  .00  .00  .00  .00  .00  .00  .00  .00  .00  .00","R01  0.007AAP092"
"72297793184","2001-04-25T07:59:00","6","33.68","-117.86639","16.5","SANTA ANA JOHN WAYNE AIRPORT, CA US","SOD  ","KSNA ","V020","999,9,9,9999,9","99999,9,9,9","999999,9,9,9","+9999,9","+9999,9","99999,9","24,0000,9,6",,,,,,,,,,,,,,,,,,"240,M,+0328,5","240,N,+0139,5",,,,,,,"10108,9,99999,4",,,"1,24,00805,220,1328,5","2,24,00671,210,1305,5","3,24,00174,999,9999,5","SOD52324 HR PRECIPITATION (IN): 0.00 24 HR MAX TEMP (F): 9124 HR MAX TEMP TIME (LST):1256 24 HR MIN TEMP (F): 5724 HR MIN TEMP TIME (LST):0525 AVERAGE STATION PRESSURE:29.85  PEAK WIND SPEED (MPH): 18 PEAK WIND DIR (DEG):220 PEAK WIND TIME (LST):1328  FASTEST 2MIN SPEED (MPH): 15FASTEST 2MIN DIR (DEG):210 FASTEST 2MIN TIME (LST):1305 AVERAGE WIND SPEED (MPH): 3.9 HOURLY INCREMENTAL PRECIPITATION VALUES (IN):.00  .00  .00  .00  .00  .00  .00  .00  .00  .00  .00  .00  .00  .00  .00  .00  .00  .00  .00  .00  .00  .00  .00  .00","R01  0.007AAP092"
"72297793184","2001-04-26T07:59:00","6","33.68","-117.86639","16.5","SANTA ANA JOHN WAYNE AIRPORT, CA US","SOD  ","KSNA ","V020","999,9,9,9999,9","99999,9,9,9","999999,9,9,9","+9999,9","+9999,9","99999,9","24,0000,9,6",,,,,,,,,,,,,,,,"0000,5","000,5","240,M,+0233,5","240,N,+0128,5",,,,,,,"10108,9,99999,4",,,"1,24,00939,200,1740,5","2,24,00760,210,1759,5","3,24,00317,999,9999,5","SOD60524 HR PRECIPITATION (IN): 0.00 TOTAL SUNSHINE (MINUTES):   0 PERCENT POSSIBLE SUNSHINE:  0 24 HR MAX TEMP (F): 7424 HR MAX TEMP TIME (LST):1448 24 HR MIN TEMP (F): 5524 HR MIN TEMP TIME (LST):2023 AVERAGE STATION PRESSURE:29.85  PEAK WIND SPEED (MPH): 21 PEAK WIND DIR (DEG):200 PEAK WIND TIME (LST):1740  FASTEST 2MIN SPEED (MPH): 17FASTEST 2MIN DIR (DEG):210 FASTEST 2MIN TIME (LST):1759 AVERAGE WIND SPEED (MPH): 7.1 24 HR AVG TEMP (F):65 HOURLY INCREMENTAL PRECIPITATION VALUES (IN):.00  .00  .00  .00  .00  .00  .00  .00  .00  .00  .00  .00  .00  .00  .00  .00  .00  .00  .00  .00  .00  .00  .00  .00","R01  0.007AAP092"
"72297793184","2001-04-27T07:59:00","6","33.68","-117.86639","16.5","SANTA ANA JOHN WAYNE AIRPORT, CA US","SOD  ","KSNA ","V020","999,9,9,9999,9","99999,9,9,9","999999,9,9,9","+9999,9","+9999,9","99999,9","24,0000,2,5",,,,,,,,,,,,,,,,,,"240,M,+0200,5","240,N,+0128,5",,,,,,,"10125,9,99999,4",,,"1,24,00760,220,1244,5","2,24,00581,230,1341,5","3,24,00291,999,9999,5","SOD54524 HR PRECIPITATION (IN):  T   24 HR MAX TEMP (F): 6824 HR MAX TEMP TIME (LST):1155 24 HR MIN TEMP (F): 5524 HR MIN TEMP TIME (LST):0511 AVERAGE STATION PRESSURE:29.90  PEAK WIND SPEED (MPH): 17 PEAK WIND DIR (DEG):220 PEAK WIND TIME (LST):1244  FASTEST 2MIN SPEED (MPH): 13FASTEST 2MIN DIR (DEG):230 FASTEST 2MIN TIME (LST):1341 AVERAGE WIND SPEED (MPH): 6.5 24 HR AVG TEMP (F):62 HOURLY INCREMENTAL PRECIPITATION VALUES (IN):.00  .00  .00  .00  .00   T   .00  .00  .00  .00  .00  .00  .00  .00  .00  .00  .00  .00  .00  .00  .00  .00  .00  .00",
"72297793184","2001-04-28T07:59:00","6","33.68","-117.86639","16.5","SANTA ANA JOHN WAYNE AIRPORT, CA US","SOD  ","KSNA ","V020","999,9,9,9999,9","99999,9,9,9","999999,9,9,9","+9999,9","+9999,9","99999,9","24,0000,9,6",,,,,,,,,,,,,,,,"0000,5","000,5","240,M,+0189,5","240,N,+0133,5",,,,,,,"10119,9,99999,4",,,"1,24,00760,220,1359,5","2,24,00581,210,1400,5","3,24,00273,999,9999,5","SOD60524 HR PRECIPITATION (IN): 0.00 TOTAL SUNSHINE (MINUTES):   0 PERCENT POSSIBLE SUNSHINE:  0 24 HR MAX TEMP (F): 6624 HR MAX TEMP TIME (LST):1414 24 HR MIN TEMP (F): 5624 HR MIN TEMP TIME (LST):0440 AVERAGE STATION PRESSURE:29.88  PEAK WIND SPEED (MPH): 17 PEAK WIND DIR (DEG):220 PEAK WIND TIME (LST):1359  FASTEST 2MIN SPEED (MPH): 13FASTEST 2MIN DIR (DEG):210 FASTEST 2MIN TIME (LST):1400 AVERAGE WIND SPEED (MPH): 6.1 24 HR AVG TEMP (F):61 HOURLY INCREMENTAL PRECIPITATION VALUES (IN):.00  .00  .00  .00  .00  .00  .00  .00  .00  .00  .00  .00  .00  .00  .00  .00  .00  .00  .00  .00  .00  .00  .00  .00","R01  0.007AAP092"
"72297793184","2001-04-29T07:59:00","6","33.68","-117.86639","16.5","SANTA ANA JOHN WAYNE AIRPORT, CA US","SOD  ","KSNA ","V020","999,9,9,9999,9","99999,9,9,9","999999,9,9,9","+9999,9","+9999,9","99999,9","24,0000,9,6",,,,,,,,,,,,,,,,"0000,5","000,5","240,M,+0183,5","240,N,+0133,5",,,,,,,"10119,9,99999,4",,,"1,24,00894,210,1440,5","2,24,00536,210,1402,5","3,24,00268,999,9999,5","SOD60524 HR PRECIPITATION (IN): 0.00 TOTAL SUNSHINE (MINUTES):   0 PERCENT POSSIBLE SUNSHINE:  0 24 HR MAX TEMP (F): 6524 HR MAX TEMP TIME (LST):1254 24 HR MIN TEMP (F): 5624 HR MIN TEMP TIME (LST):0601 AVERAGE STATION PRESSURE:29.88  PEAK WIND SPEED (MPH): 20 PEAK WIND DIR (DEG):210 PEAK WIND TIME (LST):1440  FASTEST 2MIN SPEED (MPH): 12FASTEST 2MIN DIR (DEG):210 FASTEST 2MIN TIME (LST):1402 AVERAGE WIND SPEED (MPH): 6.0 24 HR AVG TEMP (F):61 HOURLY INCREMENTAL PRECIPITATION VALUES (IN):.00  .00  .00  .00  .00  .00  .00  .00  .00  .00  .00  .00  .00  .00  .00  .00  .00  .00  .00  .00  .00  .00  .00  .00","R01  0.007AAP092"
"72297793184","2001-04-30T07:59:00","6","33.68","-117.86639","16.5","SANTA ANA JOHN WAYNE AIRPORT, CA US","SOD  ","KSNA ","V020","999,9,9,9999,9","99999,9,9,9","999999,9,9,9","+9999,9","+9999,9","99999,9","24,0000,9,6",,,,,,,,,,,,,,,,"0000,5","000,5","240,M,+0206,5","240,N,+0133,5",,,,,,,"10132,9,99999,4",,,"1,24,00715,230,1206,5","2,24,00581,210,1524,5","3,24,00304,999,9999,5","SOD60524 HR PRECIPITATION (IN): 0.00 TOTAL SUNSHINE (MINUTES):   0 PERCENT POSSIBLE SUNSHINE:  0 24 HR MAX TEMP (F): 6924 HR MAX TEMP TIME (LST):1317 24 HR MIN TEMP (F): 5624 HR MIN TEMP TIME (LST):2359 AVERAGE STATION PRESSURE:29.92  PEAK WIND SPEED (MPH): 16 PEAK WIND DIR (DEG):230 PEAK WIND TIME (LST):1206  FASTEST 2MIN SPEED (MPH): 13FASTEST 2MIN DIR (DEG):210 FASTEST 2MIN TIME (LST):1524 AVERAGE WIND SPEED (MPH): 6.8 24 HR AVG TEMP (F):63 HOURLY INCREMENTAL PRECIPITATION VALUES (IN):.00  .00  .00  .00  .00  .00  .00  .00  .00  .00  .00  .00  .00  .00  .00  .00  .00  .00  .00  .00  .00  .00  .00  .00","R01  0.007AAP092"
"72297793184","2001-05-01T07:59:00","6","33.68","-117.86639","16.5","SANTA ANA JOHN WAYNE AIRPORT, CA US","SOD  ","KSNA ","V020","999,9,9,9999,9","99999,9,9,9","999999,9,9,9","+9999,9","+9999,9","99999,9","24,0000,9,6",,,,,,,,,,,,,,,,"0000,5","000,5","240,M,+0200,5","240,N,+0133,5",,,,,,,"10146,9,99999,4",,,"1,24,00671,190,1728,5","2,24,00536,210,1750,5","3,24,00241,999,9999,5","SOD60524 HR PRECIPITATION (IN): 0.00 TOTAL SUNSHINE (MINUTES):   0 PERCENT POSSIBLE SUNSHINE:  0 24 HR MAX TEMP (F): 6824 HR MAX TEMP TIME (LST):1317 24 HR MIN TEMP (F): 5624 HR MIN TEMP TIME (LST):2359 AVERAGE STATION PRESSURE:29.96  PEAK WIND SPEED (MPH): 15 PEAK WIND DIR (DEG):190 PEAK WIND TIME (LST):1728  FASTEST 2MIN SPEED (MPH): 12FASTEST 2MIN DIR (DEG):210 FASTEST 2MIN TIME (LST):1750 AVERAGE WIND SPEED (MPH): 5.4 24 HR AVG TEMP (F):62 HOURLY INCREMENTAL PRECIPITATION VALUES (IN):.00  .00  .00  .00  .00  .00  .00  .00  .00  .00  .00  .00  .00  .00  .00  .00  .00  .00  .00  .00  .00  .00  .00  .00","R01  0.007AAP092"
"72297793184","2001-05-01T07:59:00","6","33.68","-117.86639","16.5","SANTA ANA JOHN WAYNE AIRPORT, CA US","SOM  ","KSNA ","V020","999,9,9,9999,9","99999,9,9,9","999999,9,9,9","+9999,9","+9999,9","99999,9",,"00000,2,5","00000,9,9999,9999,9999,5","00,5,00,5,99,9,00,5","005,0000,2,999999,5","010,0000,2,999999,5","015,0000,2,999999,5",,,,,,,,,,,,,,"720,N,+1100,5","720,M,+1933,5","720,A,+1517,5","720,H,0174,7","720,C,0011,6","00,5,01,6,00,5,00,5",,"10132,4,10163,4","10240,221021,5,10108,999999,5",,,,"SOM430PCP MTOT:  T DEPNRM: 0.00 PCP GT 24HRS: 0.00 DAYS W/PCP >=.01: 0 DAYS W/PCP >=.10: 0 DAYS W/PCP >=1.00:  SN GT DP ON GRND:0 - DATE(S):0  AVG DLY MIN: 51.8 AVG DLY MAX: 66.8 AVG MLY TMP: 59.3 DAYS MAX <=32:  DAYS MAX >=70: 1 DAYS MAX >=90: 1 DAYS MIN <=32: 0 DAYS MIN  <=0: 0 AVG STP:29.92  AVG SLP:30.01  LWST SLP:29.85 DATE/TIME: 21757 HGST SLP:30.24 DATE/TIME:221021 HDD MTH TOT: 174 DEP NORM: -63 CDD MTH TOT:  11 DEP NORM:  11","R01   0 -7AKS007R02   1747KDH015R03    117KDC058R04     17KE2035"
"72297793184","2001-05-02T07:59:00","6","33.68","-117.86639","16.5","SANTA ANA JOHN WAYNE AIRPORT, CA US","SOD  ","KSNA ","V020","999,9,9,9999,9","99999,9,9,9","999999,9,9,9","+9999,9","+9999,9","99999,9","24,0000,9,5",,,,,,,,,,,,,,,,"0000,5","000,5","240,M,+0200,5","240,N,+0128,6",,,,,,,"10102,9,99999,4",,,"1,24,00805,200,1358,5","2,24,00671,200,1430,5","3,24,00268,999,9999,5","SOD60524 HR PRECIPITATION (IN): 0.00 TOTAL SUNSHINE (MINUTES):   0 PERCENT POSSIBLE SUNSHINE:  0 24 HR MAX TEMP (F): 6824 HR MAX TEMP TIME (LST):1133 24 HR MIN TEMP (F): 5524 HR MIN TEMP TIME (LST):0528 AVERAGE STATION PRESSURE:29.83  PEAK WIND SPEED (MPH): 18 PEAK WIND DIR (DEG):200 PEAK WIND TIME (LST):1358  FASTEST 2MIN SPEED (MPH): 15FASTEST 2MIN DIR (DEG):200 FASTEST 2MIN TIME (LST):1430 AVERAGE WIND SPEED (MPH): 6.0 24 HR AVG TEMP (F):62 HOURLY INCREMENTAL PRECIPITATION VALUES (IN):.00  .00  .00  .00  .00  .00  .00  .00  .00  .00  .00  .00  .00  .00  .00  .00  .00  .00  .00  .00  .00  .00  .00  .00","R01    557KAN014"
"72297793184","2001-05-03T07:59:00","6","33.68","-117.86639","16.5","SANTA ANA JOHN WAYNE AIRPORT, CA US","SOD  ","KSNA ","V020","999,9,9,9999,9","99999,9,9,9","999999,9,9,9","+9999,9","+9999,9","99999,9","24,0000,2,5",,,,,,,,,,,,,,,,"0000,5","000,5","240,M,+0178,5","240,N,+0133,5",,,,,,,"10068,9,99999,4",,,"1,24,00760,180,1302,5","2,24,00626,190,1239,5","3,24,00268,999,9999,5","SOD58324 HR PRECIPITATION (IN):  T   TOTAL SUNSHINE (MINUTES):   0 PERCENT POSSIBLE SUNSHINE:  0 24 HR MAX TEMP (F): 6424 HR MAX TEMP TIME (LST):1614 24 HR MIN TEMP (F): 5624 HR MIN TEMP TIME (LST):2255 AVERAGE STATION PRESSURE:29.73  PEAK WIND SPEED (MPH): 17 PEAK WIND DIR (DEG):180 PEAK WIND TIME (LST):1302  FASTEST 2MIN SPEED (MPH): 14FASTEST 2MIN DIR (DEG):190 FASTEST 2MIN TIME (LST):1239 AVERAGE WIND SPEED (MPH): 6.0 HOURLY INCREMENTAL PRECIPITATION VALUES (IN):.00  .00  .00  .00  .00  .00   T    T   .00  .00  .00  .00  .00  .00  .00  .00  .00  .00  .00  .00  .00  .00  .00  .00",
"72297793184","2001-05-04T07:59:00","6","33.68","-117.86639","16.5","SANTA ANA JOHN WAYNE AIRPORT, CA US","SOD  ","KSNA ","V020","999,9,9,9999,9","99999,9,9,9","999999,9,9,9","+9999,9","+9999,9","99999,9","24,0000,9,6",,,,,,,,,,,,,,,,"0000,5","000,5","240,M,+0300,5","240,N,+0111,5",,,,,,,"10102,9,99999,4",,,"1,24,01609,030,0819,5","2,24,01162,060,0849,5","3,24,00416,999,9999,5","SOD60524 HR PRECIPITATION (IN): 0.00 TOTAL SUNSHINE (MINUTES):   0 PERCENT POSSIBLE SUNSHINE:  0 24 HR MAX TEMP (F): 8624 HR MAX TEMP TIME (LST):1527 24 HR MIN TEMP (F): 5224 HR MIN TEMP TIME (LST):0351 AVERAGE STATION PRESSURE:29.83  PEAK WIND SPEED (MPH): 36 PEAK WIND DIR (DEG): 30 PEAK WIND TIME (LST):0819  FASTEST 2MIN SPEED (MPH): 26FASTEST 2MIN DIR (DEG): 60 FASTEST 2MIN TIME (LST):0849 AVERAGE WIND SPEED (MPH): 9.3 24 HR AVG TEMP (F):69 HOURLY INCREMENTAL PRECIPITATION VALUES (IN):.00  .00  .00  .00  .00  .00  .00  .00  .00  .00  .00  .00  .00  .00  .00  .00  .00  .00  .00  .00  .00  .00  .00  .00","R01  0.007AAP092"
"72297793184","2001-05-05T07:59:00","6","33.68","-117.86639","16.5","SANTA ANA JOHN WAYNE AIRPORT, CA US","SOD  ","KSNA ","V020","999,9,9,9999,9","99999,9,9,9","999999,9,9,9","+9999,9","+9999,9","99999,9","24,0000,9,6",,,,,,,,,,,,,,,,"0000,5","000,5","240,M,+0222,5","240,N,+0117,5",,,,,,,"10135,9,99999,4",,,"1,24,00805,200,1350,5","2,24,00671,200,1359,5","3,24,00228,999,9999,5","SOD60524 HR PRECIPITATION (IN): 0.00 TOTAL SUNSHINE (MINUTES):   0 PERCENT POSSIBLE SUNSHINE:  0 24 HR MAX TEMP (F): 7224 HR MAX TEMP TIME (LST):1332 24 HR MIN TEMP (F): 5324 HR MIN TEMP TIME (LST):0519 AVERAGE STATION PRESSURE:29.93  PEAK WIND SPEED (MPH): 18 PEAK WIND DIR (DEG):200 PEAK WIND TIME (LST):1350  FASTEST 2MIN SPEED (MPH): 15FASTEST 2MIN DIR (DEG):200 FASTEST 2MIN TIME (LST):1359 AVERAGE WIND SPEED (MPH): 5.1 24 HR AVG TEMP (F):63 HOURLY INCREMENTAL PRECIPITATION VALUES (IN):.00  .00  .00  .00  .00  .00  .00  .00  .00  .00  .00  .00  .00  .00  .00  .00  .00  .00  .00  .00  .00  .00  .00  .00","R01  0.007AAP092"
"72297793184","2001-05-06T07:59:00","6","33.68","-117.86639","16.5","SANTA ANA JOHN WAYNE AIRPORT, CA US","SOD  ","KSNA ","V020","999,9,9,9999,9","99999,9,9,9","999999,9,9,9","+9999,9","+9999,9","99999,9","24,0000,9,6",,,,,,,,,,,,,,,,"0000,5","000,5","240,M,+0233,5","240,N,+0128,5",,,,,,,"10119,9,99999,4",,,"1,24,00805,220,1325,5","2,24,00715,220,1137,5","3,24,00259,999,9999,5","SOD60524 HR PRECIPITATION (IN): 0.00 TOTAL SUNSHINE (MINUTES):   0 PERCENT POSSIBLE SUNSHINE:  0 24 HR MAX TEMP (F): 7424 HR MAX TEMP TIME (LST):1223 24 HR MIN TEMP (F): 5524 HR MIN TEMP TIME (LST):0538 AVERAGE STATION PRESSURE:29.88  PEAK WIND SPEED (MPH): 18 PEAK WIND DIR (DEG):220 PEAK WIND TIME (LST):1325  FASTEST 2MIN SPEED (MPH): 16FASTEST 2MIN DIR (DEG):220 FASTEST 2MIN TIME (LST):1137 AVERAGE WIND SPEED (MPH): 5.8 24 HR AVG TEMP (F):65 HOURLY INCREMENTAL PRECIPITATION VALUES (IN):.00  .00  .00  .00  .00  .00  .00  .00  .00  .00  .00  .00  .00  .00  .00  .00  .00  .00  .00  .00  .00  .00  .00  .00","R01  0.007AAP092"
"72297793184","2001-05-07T07:59:00","6","33.68","-117.86639","16.5","SANTA ANA JOHN WAYNE AIRPORT, CA US","SOD  ","KSNA ","V020","999,9,9,9999,9","99999,9,9,9","999999,9,9,9","+9999,9","+9999,9","99999,9","24,0000,9,6",,,,,,,,,,,,,,,,"0000,5","000,5","240,M,+0250,5","240,N,+0128,5",,,,,,,"10119,9,99999,4",,,"1,24,00715,200,1727,5","2,24,00626,190,1728,5","3,24,00206,999,9999,5","SOD60524 HR PRECIPITATION (IN): 0.00 TOTAL SUNSHINE (MINUTES):   0 PERCENT POSSIBLE SUNSHINE:  0 24 HR MAX TEMP (F): 7724 HR MAX TEMP TIME (LST):1526 24 HR MIN TEMP (F): 5524 HR MIN TEMP TIME (LST):0455 AVERAGE STATION PRESSURE:29.88  PEAK WIND SPEED (MPH): 16 PEAK WIND DIR (DEG):200 PEAK WIND TIME (LST):1727  FASTEST 2MIN SPEED (MPH): 14FASTEST 2MIN DIR (DEG):190 FASTEST 2MIN TIME (LST):1728 AVERAGE WIND SPEED (MPH): 4.6 24 HR AVG TEMP (F):66 HOURLY INCREMENTAL PRECIPITATION VALUES (IN):.00  .00  .00  .00  .00  .00  .00  .00  .00  .00  .00  .00  .00  .00  .00  .00  .00  .00  .00  .00  .00  .00  .00  .00","R01  0.007AAP092"
"72297793184","2001-05-08T07:59:00","6","33.68","-117.86639","16.5","SANTA ANA JOHN WAYNE AIRPORT, CA US","SOD  ","KSNA ","V020","999,9,9,9999,9","99999,9,9,9","999999,9,9,9","+9999,9","+9999,9","99999,9","24,0000,9,6",,,,,,,,,,,,,,,,"0000,5","000,5","240,M,+0256,5","240,N,+0139,5",,,,,,,"10125,9,99999,4",,,"1,24,00715,200,1744,5","2,24,00626,200,1745,5","3,24,00188,999,9999,5","SOD60524 HR PRECIPITATION (IN): 0.00 TOTAL SUNSHINE (MINUTES):   0 PERCENT POSSIBLE SUNSHINE:  0 24 HR MAX TEMP (F): 7824 HR MAX TEMP TIME (LST):1452 24 HR MIN TEMP (F): 5724 HR MIN TEMP TIME (LST):0521 AVERAGE STATION PRESSURE:29.90  PEAK WIND SPEED (MPH): 16 PEAK WIND DIR (DEG):200 PEAK WIND TIME (LST):1744  FASTEST 2MIN SPEED (MPH): 14FASTEST 2MIN DIR (DEG):200 FASTEST 2MIN TIME (LST):1745 AVERAGE WIND SPEED (MPH): 4.2 24 HR AVG TEMP (F):68 HOURLY INCREMENTAL PRECIPITATION VALUES (IN):.00  .00  .00  .00  .00  .00  .00  .00  .00  .00  .00  .00  .00  .00  .00  .00  .00  .00  .00  .00  .00  .00  .00  .00","R01  0.007AAP092"
"72297793184","2001-05-09T07:59:00","6","33.68","-117.86639","16.5","SANTA ANA JOHN WAYNE AIRPORT, CA US","SOD  ","KSNA ","V020","999,9,9,9999,9","99999,9,9,9","999999,9,9,9","+9999,9","+9999,9","99999,9","24,0000,9,6",,,,,,,,,,,,,,,,"0000,5","000,5","240,M,+0261,5","240,N,+0144,5",,,,,,,"10108,9,99999,4",,,"1,24,00671,220,1525,5","2,24,00581,200,1848,5","3,24,00246,999,9999,5","SOD60524 HR PRECIPITATION (IN): 0.00 TOTAL SUNSHINE (MINUTES):   0 PERCENT POSSIBLE SUNSHINE:  0 24 HR MAX TEMP (F): 7924 HR MAX TEMP TIME (LST):1215 24 HR MIN TEMP (F): 5824 HR MIN TEMP TIME (LST):0619 AVERAGE STATION PRESSURE:29.85  PEAK WIND SPEED (MPH): 15 PEAK WIND DIR (DEG):220 PEAK WIND TIME (LST):1525  FASTEST 2MIN SPEED (MPH): 13FASTEST 2MIN DIR (DEG):200 FASTEST 2MIN TIME (LST):1848 AVERAGE WIND SPEED (MPH): 5.5 24 HR AVG TEMP (F):69 HOURLY INCREMENTAL PRECIPITATION VALUES (IN):.00  .00  .00  .00  .00  .00  .00  .00  .00  .00  .00  .00  .00  .00  .00  .00  .00  .00  .00  .00  .00  .00  .00  .00","R01  0.007AAP092"
"72297793184","2001-05-10T07:59:00","6","33.68","-117.86639","16.5","SANTA ANA JOHN WAYNE AIRPORT, CA US","SOD  ","KSNA ","V020","999,9,9,9999,9","99999,9,9,9","999999,9,9,9","+9999,9","+9999,9","99999,9","24,0000,9,6",,,,,,,,,,,,,,,,"0000,5","000,5","240,M,+0228,5","240,N,+0144,5",,,,,,,"10091,9,99999,4",,,"1,24,00939,200,1632,5","2,24,00805,190,1632,5","3,24,00313,999,9999,5","SOD60524 HR PRECIPITATION (IN): 0.00 TOTAL SUNSHINE (MINUTES):   0 PERCENT POSSIBLE SUNSHINE:  0 24 HR MAX TEMP (F): 7324 HR MAX TEMP TIME (LST):1412 24 HR MIN TEMP (F): 5824 HR MIN TEMP TIME (LST):0520 AVERAGE STATION PRESSURE:29.80  PEAK WIND SPEED (MPH): 21 PEAK WIND DIR (DEG):200 PEAK WIND TIME (LST):1632  FASTEST 2MIN SPEED (MPH): 18FASTEST 2MIN DIR (DEG):190 FASTEST 2MIN TIME (LST):1632 AVERAGE WIND SPEED (MPH): 7.0 24 HR AVG TEMP (F):66 HOURLY INCREMENTAL PRECIPITATION VALUES (IN):.00  .00  .00  .00  .00  .00  .00  .00  .00  .00  .00  .00  .00  .00  .00  .00  .00  .00  .00  .00  .00  .00  .00  .00","R01  0.007AAP092"
"72297793184","2001-05-11T07:59:00","6","33.68","-117.86639","16.5","SANTA ANA JOHN WAYNE AIRPORT, CA US","SOD  ","KSNA ","V020","999,9,9,9999,9","99999,9,9,9","999999,9,9,9","+9999,9","+9999,9","99999,9","24,0000,9,6",,,,,,,,,,,,,,,,"0000,5","000,5","240,M,+0217,5","240,N,+0156,5",,,,,,,"10091,9,99999,4",,,"1,24,00894,180,1237,5","2,24,00760,190,1234,5","3,24,00300,999,9999,5","SOD60524 HR PRECIPITATION (IN): 0.00 TOTAL SUNSHINE (MINUTES):   0 PERCENT POSSIBLE SUNSHINE:  0 24 HR MAX TEMP (F): 7124 HR MAX TEMP TIME (LST):1453 24 HR MIN TEMP (F): 6024 HR MIN TEMP TIME (LST):2359 AVERAGE STATION PRESSURE:29.80  PEAK WIND SPEED (MPH): 20 PEAK WIND DIR (DEG):180 PEAK WIND TIME (LST):1237  FASTEST 2MIN SPEED (MPH): 17FASTEST 2MIN DIR (DEG):190 FASTEST 2MIN TIME (LST):1234 AVERAGE WIND SPEED (MPH): 6.7 24 HR AVG TEMP (F):66 HOURLY INCREMENTAL PRECIPITATION VALUES (IN):.00  .00  .00  .00  .00  .00  .00  .00  .00  .00  .00  .00  .00  .00  .00  .00  .00  .00  .00  .00  .00  .00  .00  .00","R01  0.007AAP092"
"72297793184","2001-05-12T07:59:00","6","33.68","-117.86639","16.5","SANTA ANA JOHN WAYNE AIRPORT, CA US","SOD  ","KSNA ","V020","999,9,9,9999,9","99999,9,9,9","999999,9,9,9","+9999,9","+9999,9","99999,9","24,0000,9,6",,,,,,,,,,,,,,,,"0000,5","000,5","240,M,+0222,5","240,N,+0156,5",,,,,,,"10102,9,99999,4",,,"1,24,00939,210,1136,5","2,24,00715,210,1520,5","3,24,00264,999,9999,5","SOD60524 HR PRECIPITATION (IN): 0.00 TOTAL SUNSHINE (MINUTES):   0 PERCENT POSSIBLE SUNSHINE:  0 24 HR MAX TEMP (F): 7224 HR MAX TEMP TIME (LST):1036 24 HR MIN TEMP (F): 6024 HR MIN TEMP TIME (LST):0019 AVERAGE STATION PRESSURE:29.83  PEAK WIND SPEED (MPH): 21 PEAK WIND DIR (DEG):210 PEAK WIND TIME (LST):1136  FASTEST 2MIN SPEED (MPH): 16FASTEST 2MIN DIR (DEG):210 FASTEST 2MIN TIME (LST):1520 AVERAGE WIND SPEED (MPH): 5.9 24 HR AVG TEMP (F):66 HOURLY INCREMENTAL PRECIPITATION VALUES (IN):.00  .00  .00  .00  .00  .00  .00  .00  .00  .00  .00  .00  .00  .00  .00  .00  .00  .00  .00  .00  .00  .00  .00  .00","R01  0.007AAP092"
"72297793184","2001-05-13T07:59:00","6","33.68","-117.86639","16.5","SANTA ANA JOHN WAYNE AIRPORT, CA US","SOD  ","KSNA ","V020","999,9,9,9999,9","99999,9,9,9","999999,9,9,9","+9999,9","+9999,9","99999,9","24,0003,9,5",,,,,,,,,,,,,,,,"0000,5","000,5","240,M,+0200,5","240,N,+0150,5",,,,,,,"10119,9,99999,4",,,"1,24,00715,220,1426,5","2,24,00626,200,1454,5","3,24,00237,999,9999,5","SOD60524 HR PRECIPITATION (IN): 0.01 TOTAL SUNSHINE (MINUTES):   0 PERCENT POSSIBLE SUNSHINE:  0 24 HR MAX TEMP (F): 6824 HR MAX TEMP TIME (LST):1405 24 HR MIN TEMP (F): 5924 HR MIN TEMP TIME (LST):2359 AVERAGE STATION PRESSURE:29.88  PEAK WIND SPEED (MPH): 16 PEAK WIND DIR (DEG):220 PEAK WIND TIME (LST):1426  FASTEST 2MIN SPEED (MPH): 14FASTEST 2MIN DIR (DEG):200 FASTEST 2MIN TIME (LST):1454 AVERAGE WIND SPEED (MPH): 5.3 24 HR AVG TEMP (F):64 HOURLY INCREMENTAL PRECIPITATION VALUES (IN):.00  .00  .00  .00  .00  .00  .00   T    T   .01  .00  .00  .00  .00  .00  .00  .00  .00  .00  .00  .00  .00  .00  .00",
"72297793184","2001-05-14T07:59:00","6","33.68","-117.86639","16.5","SANTA ANA JOHN WAYNE AIRPORT, CA US","SOD  ","KSNA ","V020","999,9,9,9999,9","99999,9,9,9","999999,9,9,9","+9999,9","+9999,9","99999,9","24,0000,9,6",,,,,,,,,,,,,,,,,,"240,M,+0217,5","240,N,+0144,5",,,,,,,"10135,9,99999,4",,,"1,24,00715,240,1309,5","2,24,00581,240,1622,5","3,24,00237,999,9999,5","SOD54524 HR PRECIPITATION (IN): 0.00 24 HR MAX TEMP (F): 7124 HR MAX TEMP TIME (LST):1225 24 HR MIN TEMP (F): 5824 HR MIN TEMP TIME (LST):0238 AVERAGE STATION PRESSURE:29.93  PEAK WIND SPEED (MPH): 16 PEAK WIND DIR (DEG):240 PEAK WIND TIME (LST):1309  FASTEST 2MIN SPEED (MPH): 13FASTEST 2MIN DIR (DEG):240 FASTEST 2MIN TIME (LST):1622 AVERAGE WIND SPEED (MPH): 5.3 24 HR AVG TEMP (F):65 HOURLY INCREMENTAL PRECIPITATION VALUES (IN):.00  .00  .00  .00  .00  .00  .00  .00  .00  .00  .00  .00  .00  .00  .00  .00  .00  .00  .00  .00  .00  .00  .00  .00","R01  0.007AAP092"
"72297793184","2001-05-15T07:59:00","6","33.68","-117.86639","16.5","SANTA ANA JOHN WAYNE AIRPORT, CA US","SOD  ","KSNA ","V020","999,9,9,9999,9","99999,9,9,9","999999,9,9,9","+9999,9","+9999,9","99999,9","24,0000,9,6",,,,,,,,,,,,,,,,,,"240,M,+0211,5","240,N,+0139,5",,,,,,,"10142,9,99999,4",,,"1,24,00760,220,1349,5","2,24,00626,220,1350,5","3,24,00224,999,9999,5","SOD54524 HR PRECIPITATION (IN): 0.00 24 HR MAX TEMP (F): 7024 HR MAX TEMP TIME (LST):1358 24 HR MIN TEMP (F): 5724 HR MIN TEMP TIME (LST):0155 AVERAGE STATION PRESSURE:29.95  PEAK WIND SPEED (MPH): 17 PEAK WIND DIR (DEG):220 PEAK WIND TIME (LST):1349  FASTEST 2MIN SPEED (MPH): 14FASTEST 2MIN DIR (DEG):220 FASTEST 2MIN TIME (LST):1350 AVERAGE WIND SPEED (MPH): 5.0 24 HR AVG TEMP (F):64 HOURLY INCREMENTAL PRECIPITATION VALUES (IN):.00  .00  .00  .00  .00  .00  .00  .00  .00  .00  .00  .00  .00  .00  .00  .00  .00  .00  .00  .00  .00  .00  .00  .00","R01  0.007AAP092"
"72297793184","2001-05-16T07:59:00","6","33.68","-117.86639","16.5","SANTA ANA JOHN WAYNE AIRPORT, CA US","SOD  ","KSNA ","V020","999,9,9,9999,9","99999,9,9,9","999999,9,9,9","+9999,9","+9999,9","99999,9","24,0000,9,6",,,,,,,,,,,,,,,,,,"240,M,+0211,5","240,N,+0150,5",,,,,,,"10135,9,99999,4",,,"1,24,00715,210,1635,5","2,24,00581,200,1517,5","3,24,00228,999,9999,5","SOD54524 HR PRECIPITATION (IN): 0.00 24 HR MAX TEMP (F): 7024 HR MAX TEMP TIME (LST):1323 24 HR MIN TEMP (F): 5924 HR MIN TEMP TIME (LST):0651 AVERAGE STATION PRESSURE:29.93  PEAK WIND SPEED (MPH): 16 PEAK WIND DIR (DEG):210 PEAK WIND TIME (LST):1635  FASTEST 2MIN SPEED (MPH): 13FASTEST 2MIN DIR (DEG):200 FASTEST 2MIN TIME (LST):1517 AVERAGE WIND SPEED (MPH): 5.1 24 HR AVG TEMP (F):65 HOURLY INCREMENTAL PRECIPITATION VALUES (IN):.00  .00  .00  .00  .00  .00  .00  .00  .00  .00  .00  .00  .00  .00  .00  .00  .00  .00  .00  .00  .00  .00  .00  .00","R01  0.007AAP092"
"72297793184","2001-05-17T07:59:00","6","33.68","-117.86639","16.5","SANTA ANA JOHN WAYNE AIRPORT, CA US","SOD  ","KSNA ","V020","999,9,9,9999,9","99999,9,9,9","999999,9,9,9","+9999,9","+9999,9","99999,9","24,0000,9,6",,,,,,,,,,,,,,,,"0000,5","000,5","240,M,+0211,5","240,N,+0156,5",,,,,,,"10105,9,99999,4",,,"1,24,00805,220,1256,5","2,24,00626,200,1246,5","3,24,00277,999,9999,5","SOD60524 HR PRECIPITATION (IN): 0.00 TOTAL SUNSHINE (MINUTES):   0 PERCENT POSSIBLE SUNSHINE:  0 24 HR MAX TEMP (F): 7024 HR MAX TEMP TIME (LST):1429 24 HR MIN TEMP (F): 6024 HR MIN TEMP TIME (LST):0059 AVERAGE STATION PRESSURE:29.84  PEAK WIND SPEED (MPH): 18 PEAK WIND DIR (DEG):220 PEAK WIND TIME (LST):1256  FASTEST 2MIN SPEED (MPH): 14FASTEST 2MIN DIR (DEG):200 FASTEST 2MIN TIME (LST):1246 AVERAGE WIND SPEED (MPH): 6.2 24 HR AVG TEMP (F):65 HOURLY INCREMENTAL PRECIPITATION VALUES (IN):.00  .00  .00  .00  .00  .00  .00  .00  .00  .00  .00  .00  .00  .00  .00  .00  .00  .00  .00  .00  .00  .00  .00  .00","R01  0.007AAP092"
"72297793184","2001-05-18T07:59:00","6","33.68","-117.86639","16.5","SANTA ANA JOHN WAYNE AIRPORT, CA US","SOD  ","KSNA ","V020","999,9,9,9999,9","99999,9,9,9","999999,9,9,9","+9999,9","+9999,9","99999,9","24,0000,9,6",,,,,,,,,,,,,,,,"0000,5","000,5","240,M,+0228,5","240,N,+0161,5",,,,,,,"10091,9,99999,4",,,"1,24,00894,190,1344,5","2,24,00715,220,1432,5","3,24,00313,999,9999,5","SOD60524 HR PRECIPITATION (IN): 0.00 TOTAL SUNSHINE (MINUTES):   0 PERCENT POSSIBLE SUNSHINE:  0 24 HR MAX TEMP (F): 7324 HR MAX TEMP TIME (LST):1118 24 HR MIN TEMP (F): 6124 HR MIN TEMP TIME (LST):0654 AVERAGE STATION PRESSURE:29.80  PEAK WIND SPEED (MPH): 20 PEAK WIND DIR (DEG):190 PEAK WIND TIME (LST):1344  FASTEST 2MIN SPEED (MPH): 16FASTEST 2MIN DIR (DEG):220 FASTEST 2MIN TIME (LST):1432 AVERAGE WIND SPEED (MPH): 7.0 24 HR AVG TEMP (F):67 HOURLY INCREMENTAL PRECIPITATION VALUES (IN):.00  .00  .00  .00  .00  .00  .00  .00  .00  .00  .00  .00  .00  .00  .00  .00  .00  .00  .00  .00  .00  .00  .00  .00","R01  0.007AAP092"
"72297793184","2001-05-19T07:59:00","6","33.68","-117.86639","16.5","SANTA ANA JOHN WAYNE AIRPORT, CA US","SOD  ","KSNA ","V020","999,9,9,9999,9","99999,9,9,9","999999,9,9,9","+9999,9","+9999,9","99999,9","24,0000,9,6",,,,,,,,,,,,,,,,"0000,5","000,5","240,M,+0211,5","240,N,+0161,5",,,,,,,"10095,9,99999,4",,,"1,24,00715,210,1507,5","2,24,00581,210,1502,5","3,24,00313,999,9999,5","SOD60524 HR PRECIPITATION (IN): 0.00 TOTAL SUNSHINE (MINUTES):   0 PERCENT POSSIBLE SUNSHINE:  0 24 HR MAX TEMP (F): 7024 HR MAX TEMP TIME (LST):1447 24 HR MIN TEMP (F): 6124 HR MIN TEMP TIME (LST):0214 AVERAGE STATION PRESSURE:29.81  PEAK WIND SPEED (MPH): 16 PEAK WIND DIR (DEG):210 PEAK WIND TIME (LST):1507  FASTEST 2MIN SPEED (MPH): 13FASTEST 2MIN DIR (DEG):210 FASTEST 2MIN TIME (LST):1502 AVERAGE WIND SPEED (MPH): 7.0 24 HR AVG TEMP (F):66 HOURLY INCREMENTAL PRECIPITATION VALUES (IN):.00  .00  .00  .00  .00  .00  .00  .00  .00  .00  .00  .00  .00  .00  .00  .00  .00  .00  .00  .00  .00  .00  .00  .00","R01  0.007AAP092"
"72297793184","2001-05-20T07:59:00","6","33.68","-117.86639","16.5","SANTA ANA JOHN WAYNE AIRPORT, CA US","SOD  ","KSNA ","V020","999,9,9,9999,9","99999,9,9,9","999999,9,9,9","+9999,9","+9999,9","99999,9","24,0000,9,6",,,,,,,,,,,,,,,,"0000,5","000,5","240,M,+0222,5","240,N,+0167,5",,,,,,,"10115,9,99999,4",,,"1,24,00715,200,1405,5","2,24,00581,200,1413,5","3,24,00250,999,9999,5","SOD60524 HR PRECIPITATION (IN): 0.00 TOTAL SUNSHINE (MINUTES):   0 PERCENT POSSIBLE SUNSHINE:  0 24 HR MAX TEMP (F): 7224 HR MAX TEMP TIME (LST):1330 24 HR MIN TEMP (F): 6224 HR MIN TEMP TIME (LST):0649 AVERAGE STATION PRESSURE:29.87  PEAK WIND SPEED (MPH): 16 PEAK WIND DIR (DEG):200 PEAK WIND TIME (LST):1405  FASTEST 2MIN SPEED (MPH): 13FASTEST 2MIN DIR (DEG):200 FASTEST 2MIN TIME (LST):1413 AVERAGE WIND SPEED (MPH): 5.6 24 HR AVG TEMP (F):67 HOURLY INCREMENTAL PRECIPITATION VALUES (IN):.00  .00  .00  .00  .00  .00  .00  .00  .00  .00  .00  .00  .00  .00  .00  .00  .00  .00  .00  .00  .00  .00  .00  .00","R01  0.007AAP092"
"72297793184","2001-05-21T07:59:00","6","33.68","-117.86639","16.5","SANTA ANA JOHN WAYNE AIRPORT, CA US","SOD  ","KSNA ","V020","999,9,9,9999,9","99999,9,9,9","999999,9,9,9","+9999,9","+9999,9","99999,9","24,0000,9,6",,,,,,,,,,,,,,,,"0000,5","000,5","240,M,+0222,5","240,N,+0161,5",,,,,,,"10108,9,99999,4",,,"1,24,00715,220,1400,5","2,24,00536,220,1608,5","3,24,00224,999,9999,5","SOD60524 HR PRECIPITATION (IN): 0.00 TOTAL SUNSHINE (MINUTES):   0 PERCENT POSSIBLE SUNSHINE:  0 24 HR MAX TEMP (F): 7224 HR MAX TEMP TIME (LST):1439 24 HR MIN TEMP (F): 6124 HR MIN TEMP TIME (LST):2359 AVERAGE STATION PRESSURE:29.85  PEAK WIND SPEED (MPH): 16 PEAK WIND DIR (DEG):220 PEAK WIND TIME (LST):1400  FASTEST 2MIN SPEED (MPH): 12FASTEST 2MIN DIR (DEG):220 FASTEST 2MIN TIME (LST):1608 AVERAGE WIND SPEED (MPH): 5.0 24 HR AVG TEMP (F):67 HOURLY INCREMENTAL PRECIPITATION VALUES (IN):.00  .00  .00  .00  .00  .00  .00  .00  .00  .00  .00  .00  .00  .00  .00  .00  .00  .00  .00  .00  .00  .00  .00  .00","R01  0.007AAP092"
"72297793184","2001-05-22T07:59:00","6","33.68","-117.86639","16.5","SANTA ANA JOHN WAYNE AIRPORT, CA US","SOD  ","KSNA ","V020","999,9,9,9999,9","99999,9,9,9","999999,9,9,9","+9999,9","+9999,9","99999,9","24,0000,9,6",,,,,,,,,,,,,,,,"0000,5","000,5","240,M,+0217,5","240,N,+0161,5",,,,,,,"10098,9,99999,4",,,"1,24,00760,220,1528,5","2,24,00536,210,1448,5","3,24,00219,999,9999,5","SOD60524 HR PRECIPITATION (IN): 0.00 TOTAL SUNSHINE (MINUTES):   0 PERCENT POSSIBLE SUNSHINE:  0 24 HR MAX TEMP (F): 7124 HR MAX TEMP TIME (LST):1502 24 HR MIN TEMP (F): 6124 HR MIN TEMP TIME (LST):0146 AVERAGE STATION PRESSURE:29.82  PEAK WIND SPEED (MPH): 17 PEAK WIND DIR (DEG):220 PEAK WIND TIME (LST):1528  FASTEST 2MIN SPEED (MPH): 12FASTEST 2MIN DIR (DEG):210 FASTEST 2MIN TIME (LST):1448 AVERAGE WIND SPEED (MPH): 4.9 24 HR AVG TEMP (F):66 HOURLY INCREMENTAL PRECIPITATION VALUES (IN):.00  .00  .00  .00  .00  .00  .00  .00  .00  .00  .00  .00  .00  .00  .00  .00  .00  .00  .00  .00  .00  .00  .00  .00","R01  0.007AAP092"
"72297793184","2001-05-23T07:59:00","6","33.68","-117.86639","16.5","SANTA ANA JOHN WAYNE AIRPORT, CA US","SOD  ","KSNA ","V020","999,9,9,9999,9","99999,9,9,9","999999,9,9,9","+9999,9","+9999,9","99999,9","24,0000,9,6",,,,,,,,,,,,,,,,"0000,5","000,5","240,M,+0244,5","240,N,+0161,5",,,,,,,"10105,9,99999,4",,,"1,24,00671,210,1522,5","2,24,00536,220,1557,5","3,24,00246,999,9999,5","SOD60524 HR PRECIPITATION (IN): 0.00 TOTAL SUNSHINE (MINUTES):   0 PERCENT POSSIBLE SUNSHINE:  0 24 HR MAX TEMP (F): 7624 HR MAX TEMP TIME (LST):1504 24 HR MIN TEMP (F): 6124 HR MIN TEMP TIME (LST):2358 AVERAGE STATION PRESSURE:29.84  PEAK WIND SPEED (MPH): 15 PEAK WIND DIR (DEG):210 PEAK WIND TIME (LST):1522  FASTEST 2MIN SPEED (MPH): 12FASTEST 2MIN DIR (DEG):220 FASTEST 2MIN TIME (LST):1557 AVERAGE WIND SPEED (MPH): 5.5 24 HR AVG TEMP (F):69 HOURLY INCREMENTAL PRECIPITATION VALUES (IN):.00  .00  .00  .00  .00  .00  .00  .00  .00  .00  .00  .00  .00  .00  .00  .00  .00  .00  .00  .00  .00  .00  .00  .00","R01  0.007AAP092"
"72297793184","2001-05-24T07:59:00","6","33.68","-117.86639","16.5","SANTA ANA JOHN WAYNE AIRPORT, CA US","SOD  ","KSNA ","V020","999,9,9,9999,9","99999,9,9,9","999999,9,9,9","+9999,9","+9999,9","99999,9","24,0000,9,6",,,,,,,,,,,,,,,,"0000,5","000,5","240,M,+0244,5","240,N,+0156,5",,,,,,,"10088,9,99999,4",,,"1,24,00760,210,1652,5","2,24,00671,210,1712,5","3,24,00295,999,9999,5","SOD60524 HR PRECIPITATION (IN): 0.00 TOTAL SUNSHINE (MINUTES):   0 PERCENT POSSIBLE SUNSHINE:  0 24 HR MAX TEMP (F): 7624 HR MAX TEMP TIME (LST):1457 24 HR MIN TEMP (F): 6024 HR MIN TEMP TIME (LST):0539 AVERAGE STATION PRESSURE:29.79  PEAK WIND SPEED (MPH): 17 PEAK WIND DIR (DEG):210 PEAK WIND TIME (LST):1652  FASTEST 2MIN SPEED (MPH): 15FASTEST 2MIN DIR (DEG):210 FASTEST 2MIN TIME (LST):1712 AVERAGE WIND SPEED (MPH): 6.6 24 HR AVG TEMP (F):68 HOURLY INCREMENTAL PRECIPITATION VALUES (IN):.00  .00  .00  .00  .00  .00  .00  .00  .00  .00  .00  .00  .00  .00  .00  .00  .00  .00  .00  .00  .00  .00  .00  .00","R01  0.007AAP092"
"72297793184","2001-05-25T07:59:00","6","33.68","-117.86639","16.5","SANTA ANA JOHN WAYNE AIRPORT, CA US","SOD  ","KSNA ","V020","999,9,9,9999,9","99999,9,9,9","999999,9,9,9","+9999,9","+9999,9","99999,9","24,0000,9,6",,,,,,,,,,,,,,,,"0000,5","000,5","240,M,+0217,5","240,N,+0161,5",,,,,,,"10119,9,99999,4",,,"1,24,00939,200,1450,5","2,24,00760,210,1446,5","3,24,00358,999,9999,5","SOD60524 HR PRECIPITATION (IN): 0.00 TOTAL SUNSHINE (MINUTES):   0 PERCENT POSSIBLE SUNSHINE:  0 24 HR MAX TEMP (F): 7124 HR MAX TEMP TIME (LST):1436 24 HR MIN TEMP (F): 6124 HR MIN TEMP TIME (LST):0550 AVERAGE STATION PRESSURE:29.88  PEAK WIND SPEED (MPH): 21 PEAK WIND DIR (DEG):200 PEAK WIND TIME (LST):1450  FASTEST 2MIN SPEED (MPH): 17FASTEST 2MIN DIR (DEG):210 FASTEST 2MIN TIME (LST):1446 AVERAGE WIND SPEED (MPH): 8.0 24 HR AVG TEMP (F):66 HOURLY INCREMENTAL PRECIPITATION VALUES (IN):.00  .00  .00  .00  .00  .00  .00  .00  .00  .00  .00  .00  .00  .00  .00  .00  .00  .00  .00  .00  .00  .00  .00  .00","R01  0.007AAP092"
"72297793184","2001-05-26T07:59:00","6","33.68","-117.86639","16.5","SANTA ANA JOHN WAYNE AIRPORT, CA US","SOD  ","KSNA ","V020","999,9,9,9999,9","99999,9,9,9","999999,9,9,9","+9999,9","+9999,9","99999,9","24,0000,9,6",,,,,,,,,,,,,,,,"0000,5","000,5","240,M,+0222,5","240,N,+0161,5",,,,,,,"10125,9,99999,4",,,"1,24,00894,220,1312,5","2,24,00715,200,1320,5","3,24,00331,999,9999,5","SOD60524 HR PRECIPITATION (IN): 0.00 TOTAL SUNSHINE (MINUTES):   0 PERCENT POSSIBLE SUNSHINE:  0 24 HR MAX TEMP (F): 7224 HR MAX TEMP TIME (LST):1241 24 HR MIN TEMP (F): 6124 HR MIN TEMP TIME (LST):0302 AVERAGE STATION PRESSURE:29.90  PEAK WIND SPEED (MPH): 20 PEAK WIND DIR (DEG):220 PEAK WIND TIME (LST):1312  FASTEST 2MIN SPEED (MPH): 16FASTEST 2MIN DIR (DEG):200 FASTEST 2MIN TIME (LST):1320 AVERAGE WIND SPEED (MPH): 7.4 24 HR AVG TEMP (F):67 HOURLY INCREMENTAL PRECIPITATION VALUES (IN):.00  .00  .00  .00  .00  .00  .00  .00  .00  .00  .00  .00  .00  .00  .00  .00  .00  .00  .00  .00  .00  .00  .00  .00","R01  0.007AAP092"
"72297793184","2001-05-27T07:59:00","6","33.68","-117.86639","16.5","SANTA ANA JOHN WAYNE AIRPORT, CA US","SOD  ","KSNA ","V020","999,9,9,9999,9","99999,9,9,9","999999,9,9,9","+9999,9","+9999,9","99999,9","24,0000,9,6",,,,,,,,,,,,,,,,"0000,5","000,5","240,M,+0206,5","240,N,+0167,5",,,,,,,"10112,9,99999,4",,,"1,24,00671,190,1356,5","2,24,00581,200,1401,5","3,24,00273,999,9999,5","SOD60524 HR PRECIPITATION (IN): 0.00 TOTAL SUNSHINE (MINUTES):   0 PERCENT POSSIBLE SUNSHINE:  0 24 HR MAX TEMP (F): 6924 HR MAX TEMP TIME (LST):1242 24 HR MIN TEMP (F): 6224 HR MIN TEMP TIME (LST):2202 AVERAGE STATION PRESSURE:29.86  PEAK WIND SPEED (MPH): 15 PEAK WIND DIR (DEG):190 PEAK WIND TIME (LST):1356  FASTEST 2MIN SPEED (MPH): 13FASTEST 2MIN DIR (DEG):200 FASTEST 2MIN TIME (LST):1401 AVERAGE WIND SPEED (MPH): 6.1 24 HR AVG TEMP (F):66 HOURLY INCREMENTAL PRECIPITATION VALUES (IN):.00  .00  .00  .00  .00  .00  .00  .00  .00  .00  .00  .00  .00  .00  .00  .00  .00  .00  .00  .00  .00  .00  .00  .00","R01  0.007AAP092"
"72297793184","2001-05-28T07:59:00","6","33.68","-117.86639","16.5","SANTA ANA JOHN WAYNE AIRPORT, CA US","SOD  ","KSNA ","V020","999,9,9,9999,9","99999,9,9,9","999999,9,9,9","+9999,9","+9999,9","99999,9","24,0000,2,5",,,,,,,,,,,,,,,,"0000,5","000,5","240,M,+0194,5","240,N,+0161,5",,,,,,,"10091,9,99999,4",,,"1,24,00581,210,1654,5","2,24,00447,210,1655,5","3,24,00232,999,9999,5","SOD60524 HR PRECIPITATION (IN):  T   TOTAL SUNSHINE (MINUTES):   0 PERCENT POSSIBLE SUNSHINE:  0 24 HR MAX TEMP (F): 6724 HR MAX TEMP TIME (LST):1548 24 HR MIN TEMP (F): 6124 HR MIN TEMP TIME (LST):0525 AVERAGE STATION PRESSURE:29.80  PEAK WIND SPEED (MPH): 13 PEAK WIND DIR (DEG):210 PEAK WIND TIME (LST):1654  FASTEST 2MIN SPEED (MPH): 10FASTEST 2MIN DIR (DEG):210 FASTEST 2MIN TIME (LST):1655 AVERAGE WIND SPEED (MPH): 5.2 24 HR AVG TEMP (F):64 HOURLY INCREMENTAL PRECIPITATION VALUES (IN):.00  .00   T   .00  .00  .00   T    T    T    T    T    T    T   .00  .00  .00  .00  .00  .00  .00  .00  .00  .00  .00",
"72297793184","2001-05-29T07:59:00","6","33.68","-117.86639","16.5","SANTA ANA JOHN WAYNE AIRPORT, CA US","SOD  ","KSNA ","V020","999,9,9,9999,9","99999,9,9,9","999999,9,9,9","+9999,9","+9999,9","99999,9","24,0000,9,6",,,,,,,,,,,,,,,,"0000,5","000,5","240,M,+0211,5","240,N,+0161,5",,,,,,,"10091,9,99999,4",,,"1,24,00715,210,1411,5","2,24,00626,220,1411,5","3,24,00259,999,9999,5","SOD60524 HR PRECIPITATION (IN): 0.00 TOTAL SUNSHINE (MINUTES):   0 PERCENT POSSIBLE SUNSHINE:  0 24 HR MAX TEMP (F): 7024 HR MAX TEMP TIME (LST):1518 24 HR MIN TEMP (F): 6124 HR MIN TEMP TIME (LST):2359 AVERAGE STATION PRESSURE:29.80  PEAK WIND SPEED (MPH): 16 PEAK WIND DIR (DEG):210 PEAK WIND TIME (LST):1411  FASTEST 2MIN SPEED (MPH): 14FASTEST 2MIN DIR (DEG):220 FASTEST 2MIN TIME (LST):1411 AVERAGE WIND SPEED (MPH): 5.8 24 HR AVG TEMP (F):66 HOURLY INCREMENTAL PRECIPITATION VALUES (IN):.00  .00  .00  .00  .00  .00  .00  .00  .00  .00  .00  .00  .00  .00  .00  .00  .00  .00  .00  .00  .00  .00  .00  .00","R01  0.007AAP092"
"72297793184","2001-05-30T07:59:00","6","33.68","-117.86639","16.5","SANTA ANA JOHN WAYNE AIRPORT, CA US","SOD  ","KSNA ","V020","999,9,9,9999,9","99999,9,9,9","999999,9,9,9","+9999,9","+9999,9","99999,9","24,0000,9,6",,,,,,,,,,,,,,,,"0000,5","000,5","240,M,+0228,5","240,N,+0144,5",,,,,,,"10091,9,99999,4",,,"1,24,00894,220,1210,5","2,24,00626,220,1239,5","3,24,00228,999,9999,5","SOD60524 HR PRECIPITATION (IN): 0.00 TOTAL SUNSHINE (MINUTES):   0 PERCENT POSSIBLE SUNSHINE:  0 24 HR MAX TEMP (F): 7324 HR MAX TEMP TIME (LST):1447 24 HR MIN TEMP (F): 5824 HR MIN TEMP TIME (LST):0518 AVERAGE STATION PRESSURE:29.80  PEAK WIND SPEED (MPH): 20 PEAK WIND DIR (DEG):220 PEAK WIND TIME (LST):1210  FASTEST 2MIN SPEED (MPH): 14FASTEST 2MIN DIR (DEG):220 FASTEST 2MIN TIME (LST):1239 AVERAGE WIND SPEED (MPH): 5.1 24 HR AVG TEMP (F):66 HOURLY INCREMENTAL PRECIPITATION VALUES (IN):.00  .00  .00  .00  .00  .00  .00  .00  .00  .00  .00  .00  .00  .00  .00  .00  .00  .00  .00  .00  .00  .00  .00  .00","R01  0.007AAP092"
"72297793184","2001-05-31T07:59:00","6","33.68","-117.86639","16.5","SANTA ANA JOHN WAYNE AIRPORT, CA US","SOD  ","KSNA ","V020","999,9,9,9999,9","99999,9,9,9","999999,9,9,9","+9999,9","+9999,9","99999,9","24,0000,9,6",,,,,,,,,,,,,,,,"0000,5","000,5","240,M,+0233,5","240,N,+0167,5",,,,,,,"10102,9,99999,4",,,"1,24,00805,210,1235,5","2,24,00671,200,1300,5","3,24,00250,999,9999,5","SOD60524 HR PRECIPITATION (IN): 0.00 TOTAL SUNSHINE (MINUTES):   0 PERCENT POSSIBLE SUNSHINE:  0 24 HR MAX TEMP (F): 7424 HR MAX TEMP TIME (LST):1217 24 HR MIN TEMP (F): 6224 HR MIN TEMP TIME (LST):0446 AVERAGE STATION PRESSURE:29.83  PEAK WIND SPEED (MPH): 18 PEAK WIND DIR (DEG):210 PEAK WIND TIME (LST):1235  FASTEST 2MIN SPEED (MPH): 15FASTEST 2MIN DIR (DEG):200 FASTEST 2MIN TIME (LST):1300 AVERAGE WIND SPEED (MPH): 5.6 24 HR AVG TEMP (F):68 HOURLY INCREMENTAL PRECIPITATION VALUES (IN):.00  .00  .00  .00  .00  .00  .00  .00  .00  .00  .00  .00  .00  .00  .00  .00  .00  .00  .00  .00  .00  .00  .00  .00","R01  0.007AAP092"
"72297793184","2001-06-01T07:59:00","6","33.68","-117.86639","16.5","SANTA ANA JOHN WAYNE AIRPORT, CA US","SOD  ","KSNA ","V020","999,9,9,9999,9","99999,9,9,9","999999,9,9,9","+9999,9","+9999,9","99999,9","24,0000,9,6",,,,,,,,,,,,,,,,"0000,5","000,5","240,M,+0244,5","240,N,+0167,5",,,,,,,"10091,9,99999,4",,,"1,24,00983,220,1548,5","2,24,00715,200,1603,5","3,24,00264,999,9999,5","SOD58324 HR PRECIPITATION (IN): 0.00 TOTAL SUNSHINE (MINUTES):   0 PERCENT POSSIBLE SUNSHINE:  0 24 HR MAX TEMP (F): 7624 HR MAX TEMP TIME (LST):1014 24 HR MIN TEMP (F): 6224 HR MIN TEMP TIME (LST):0543 AVERAGE STATION PRESSURE:29.80  PEAK WIND SPEED (MPH): 22 PEAK WIND DIR (DEG):220 PEAK WIND TIME (LST):1548  FASTEST 2MIN SPEED (MPH): 16FASTEST 2MIN DIR (DEG):200 FASTEST 2MIN TIME (LST):1603 AVERAGE WIND SPEED (MPH): 5.9 HOURLY INCREMENTAL PRECIPITATION VALUES (IN):.00  .00  .00  .00  .00  .00  .00  .00  .00  .00  .00  .00  .00  .00  .00  .00  .00  .00  .00  .00  .00  .00  .00  .00","R01  0.007AAP092"
"72297793184","2001-06-01T07:59:00","6","33.68","-117.86639","16.5","SANTA ANA JOHN WAYNE AIRPORT, CA US","SOM  ","KSNA ","V020","999,9,9,9999,9","99999,9,9,9","999999,9,9,9","+9999,9","+9999,9","99999,9",,"00003,9,6","00003,9,1212,9999,9999,5","01,6,00,5,99,9,00,5","005,0003,9,120908,5","010,0003,9,120908,5","015,0003,9,120908,5","020,0003,9,120908,5","030,0003,9,120908,5","045,0003,9,120908,5","060,0003,9,120908,5","080,0003,9,120908,5","100,0003,9,120908,5","120,0003,9,120908,5","150,0003,9,120908,5","180,0003,9,120908,5",,,,,"744,N,+1494,5","744,M,+2244,5","744,A,+1872,5","744,H,0013,6","744,C,0043,6","00,5,00,5,00,5,00,5",,"10108,4,10139,4","10186,142250,5,10088,999999,5",,,,"SOM725PCP MTOT: 0.01 DEPNRM: 0.01 PCP GT 24HRS: 0.01 DATE(S):12 DAYS W/PCP >=.01: 1 DAYS W/PCP >=.10: 0 DAYS W/PCP >=1.00:  MSDP AMTS W/DATE-TIME TAGS:MIN:5  .01  12/0908 MIN:10  .01  12/0908 MIN:15  .01  12/0908 MIN:20  .01  12/0908 MIN:30  .01  12/0908 MIN:45  .01  12/0908 MIN:60  .01  12/0908 MIN:80  .01  12/0908 MIN:100  .01  12/0908 MIN:120  .01  12/0908 MIN:150  .01  12/0908 MIN:180  .01  12/0908 SN GT DP ON GRND:0 - DATE(S):0  AVG DLY MIN: 58.9 AVG DLY MAX: 72.4 AVG MLY TMP: 65.7 DAYS MAX <=32:  DAYS MAX >=70: 0 DAYS MAX >=90: 0 DAYS MIN <=32: 0 DAYS MIN  <=0: 0 AVG STP:29.85  AVG SLP:29.94  LWST SLP:29.79 DATE/TIME: 20439 HGST SLP:30.08 DATE/TIME:142250 HDD MTH TOT:  13 DEP NORM:  13 CDD MTH TOT:  43 DEP NORM:  43","R01  0.017ABP070R02     17AE1100R03   0 -7AKS007R04    137KDH045R05    437KDC058"
"72297793184","2001-06-02T07:59:00","6","33.68","-117.86639","16.5","SANTA ANA JOHN WAYNE AIRPORT, CA US","SOD  ","KSNA ","V020","999,9,9,9999,9","99999,9,9,9","999999,9,9,9","+9999,9","+9999,9","99999,9","24,0000,9,5",,,,,,,,,,,,,,,,"0000,5","000,5","240,M,+0217,5","240,N,+0167,6",,,,,,,"10095,9,99999,4",,,"1,24,00894,200,1604,5","2,24,00715,200,1531,5","3,24,00304,999,9999,5","SOD60524 HR PRECIPITATION (IN): 0.00 TOTAL SUNSHINE (MINUTES):   0 PERCENT POSSIBLE SUNSHINE:  0 24 HR MAX TEMP (F): 7124 HR MAX TEMP TIME (LST):1455 24 HR MIN TEMP (F): 6224 HR MIN TEMP TIME (LST):0440 AVERAGE STATION PRESSURE:29.81  PEAK WIND SPEED (MPH): 20 PEAK WIND DIR (DEG):200 PEAK WIND TIME (LST):1604  FASTEST 2MIN SPEED (MPH): 16FASTEST 2MIN DIR (DEG):200 FASTEST 2MIN TIME (LST):1531 AVERAGE WIND SPEED (MPH): 6.8 24 HR AVG TEMP (F):67 HOURLY INCREMENTAL PRECIPITATION VALUES (IN):.00  .00  .00  .00  .00  .00  .00  .00  .00  .00  .00  .00  .00  .00  .00  .00  .00  .00  .00  .00  .00  .00  .00  .00","R01    627KAN014"
"72297793184","2001-06-03T07:59:00","6","33.68","-117.86639","16.5","SANTA ANA JOHN WAYNE AIRPORT, CA US","SOD  ","KSNA ","V020","999,9,9,9999,9","99999,9,9,9","999999,9,9,9","+9999,9","+9999,9","99999,9","24,0003,9,5",,,,,,,,,,,,,,,,"0000,5","000,5","240,M,+0194,5","240,N,+0161,5",,,,,,,"10091,9,99999,4",,,"1,24,00626,220,1127,5","2,24,00447,190,1513,5","3,24,00286,999,9999,5","SOD58224 HR PRECIPITATION (IN): 0.01 TOTAL SUNSHINE (MINUTES):   0 PERCENT POSSIBLE SUNSHINE:  0 24 HR MAX TEMP (F): 6724 HR MAX TEMP TIME (LST):1420 24 HR MIN TEMP (F): 6124 HR MIN TEMP TIME (LST):0527 AVERAGE STATION PRESSURE:29.80  PEAK WIND SPEED (MPH): 14 PEAK WIND DIR (DEG):220 PEAK WIND TIME (LST):1127  FASTEST 2MIN SPEED (MPH): 10FASTEST 2MIN DIR (DEG):190 FASTEST 2MIN TIME (LST):1513 AVERAGE WIND SPEED (MPH): 6.4 HOURLY INCREMENTAL PRECIPITATION VALUES (IN):.00  .00   T   .01  .00  .00  .00  .00  .00  .00  .00  .00  .00  .00  .00  .00  .00  .00  .00  .00  .00  .00  .00   T",
"72297793184","2001-06-04T07:59:00","6","33.68","-117.86639","16.5","SANTA ANA JOHN WAYNE AIRPORT, CA US","SOD  ","KSNA ","V020","999,9,9,9999,9","99999,9,9,9","999999,9,9,9","+9999,9","+9999,9","99999,9","24,0003,9,5",,,,,,,,,,,,,,,,"0000,5","000,5","240,M,+0217,5","240,N,+0150,5",,,,,,,"10071,9,99999,4",,,"1,24,00894,200,1404,5","2,24,00715,200,1636,5","3,24,00335,999,9999,5","SOD60524 HR PRECIPITATION (IN): 0.01 TOTAL SUNSHINE (MINUTES):   0 PERCENT POSSIBLE SUNSHINE:  0 24 HR MAX TEMP (F): 7124 HR MAX TEMP TIME (LST):1154 24 HR MIN TEMP (F): 5924 HR MIN TEMP TIME (LST):2359 AVERAGE STATION PRESSURE:29.74  PEAK WIND SPEED (MPH): 20 PEAK WIND DIR (DEG):200 PEAK WIND TIME (LST):1404  FASTEST 2MIN SPEED (MPH): 16FASTEST 2MIN DIR (DEG):200 FASTEST 2MIN TIME (LST):1636 AVERAGE WIND SPEED (MPH): 7.5 24 HR AVG TEMP (F):65 HOURLY INCREMENTAL PRECIPITATION VALUES (IN):.01  .00   T   .00  .00  .00  .00  .00  .00  .00  .00  .00  .00  .00  .00  .00  .00  .00  .00  .00  .00  .00  .00  .00",
"72297793184","2001-06-05T07:59:00","6","33.68","-117.86639","16.5","SANTA ANA JOHN WAYNE AIRPORT, CA US","SOD  ","KSNA ","V020","999,9,9,9999,9","99999,9,9,9","999999,9,9,9","+9999,9","+9999,9","99999,9","24,0000,9,6",,,,,,,,,,,,,,,,"0000,5","000,5","240,M,+0217,5","240,N,+0144,5",,,,,,,"10068,9,99999,4",,,"1,24,00894,200,1457,5","2,24,00626,210,1457,5","3,24,00304,999,9999,5","SOD60524 HR PRECIPITATION (IN): 0.00 TOTAL SUNSHINE (MINUTES):   0 PERCENT POSSIBLE SUNSHINE:  0 24 HR MAX TEMP (F): 7124 HR MAX TEMP TIME (LST):1442 24 HR MIN TEMP (F): 5824 HR MIN TEMP TIME (LST):0121 AVERAGE STATION PRESSURE:29.73  PEAK WIND SPEED (MPH): 20 PEAK WIND DIR (DEG):200 PEAK WIND TIME (LST):1457  FASTEST 2MIN SPEED (MPH): 14FASTEST 2MIN DIR (DEG):210 FASTEST 2MIN TIME (LST):1457 AVERAGE WIND SPEED (MPH): 6.8 24 HR AVG TEMP (F):65 HOURLY INCREMENTAL PRECIPITATION VALUES (IN):.00  .00  .00  .00  .00  .00  .00  .00  .00  .00  .00  .00  .00  .00  .00  .00  .00  .00  .00  .00  .00  .00  .00  .00","R01  0.007AAP092"
"72297793184","2001-06-06T07:59:00","6","33.68","-117.86639","16.5","SANTA ANA JOHN WAYNE AIRPORT, CA US","SOD  ","KSNA ","V020","999,9,9,9999,9","99999,9,9,9","999999,9,9,9","+9999,9","+9999,9","99999,9","24,0000,9,6",,,,,,,,,,,,,,,,"0000,5","000,5","240,M,+0233,5","240,N,+0150,5",,,,,,,"10091,9,99999,4",,,"1,24,00805,210,1320,5","2,24,00626,210,1348,5","3,24,00241,999,9999,5","SOD60524 HR PRECIPITATION (IN): 0.00 TOTAL SUNSHINE (MINUTES):   0 PERCENT POSSIBLE SUNSHINE:  0 24 HR MAX TEMP (F): 7424 HR MAX TEMP TIME (LST):1236 24 HR MIN TEMP (F): 5924 HR MIN TEMP TIME (LST):0337 AVERAGE STATION PRESSURE:29.80  PEAK WIND SPEED (MPH): 18 PEAK WIND DIR (DEG):210 PEAK WIND TIME (LST):1320  FASTEST 2MIN SPEED (MPH): 14FASTEST 2MIN DIR (DEG):210 FASTEST 2MIN TIME (LST):1348 AVERAGE WIND SPEED (MPH): 5.4 24 HR AVG TEMP (F):67 HOURLY INCREMENTAL PRECIPITATION VALUES (IN):.00  .00  .00  .00  .00  .00  .00  .00  .00  .00  .00  .00  .00  .00  .00  .00  .00  .00  .00  .00  .00  .00  .00  .00","R01  0.007AAP092"
"72297793184","2001-06-07T07:59:00","6","33.68","-117.86639","16.5","SANTA ANA JOHN WAYNE AIRPORT, CA US","SOD  ","KSNA ","V020","999,9,9,9999,9","99999,9,9,9","999999,9,9,9","+9999,9","+9999,9","99999,9","24,0000,9,6",,,,,,,,,,,,,,,,"0000,5","000,5","240,M,+0228,5","240,N,+0167,5",,,,,,,"10095,9,99999,4",,,"1,24,00760,180,1541,5","2,24,00626,200,1551,5","3,24,00273,999,9999,5","SOD60524 HR PRECIPITATION (IN): 0.00 TOTAL SUNSHINE (MINUTES):   0 PERCENT POSSIBLE SUNSHINE:  0 24 HR MAX TEMP (F): 7324 HR MAX TEMP TIME (LST):1331 24 HR MIN TEMP (F): 6224 HR MIN TEMP TIME (LST):0606 AVERAGE STATION PRESSURE:29.81  PEAK WIND SPEED (MPH): 17 PEAK WIND DIR (DEG):180 PEAK WIND TIME (LST):1541  FASTEST 2MIN SPEED (MPH): 14FASTEST 2MIN DIR (DEG):200 FASTEST 2MIN TIME (LST):1551 AVERAGE WIND SPEED (MPH): 6.1 24 HR AVG TEMP (F):68 HOURLY INCREMENTAL PRECIPITATION VALUES (IN):.00  .00  .00  .00  .00  .00  .00  .00  .00  .00  .00  .00  .00  .00  .00  .00  .00  .00  .00  .00  .00  .00  .00  .00","R01  0.007AAP092"
"72297793184","2001-06-08T07:59:00","6","33.68","-117.86639","16.5","SANTA ANA JOHN WAYNE AIRPORT, CA US","SOD  ","KSNA ","V020","999,9,9,9999,9","99999,9,9,9","999999,9,9,9","+9999,9","+9999,9","99999,9","24,0000,9,6",,,,,,,,,,,,,,,,"0000,5","000,5","240,M,+0233,5","240,N,+0167,5",,,,,,,"10091,9,99999,4",,,"1,24,00760,200,1548,5","2,24,00671,200,1545,5","3,24,00286,999,9999,5","SOD60524 HR PRECIPITATION (IN): 0.00 TOTAL SUNSHINE (MINUTES):   0 PERCENT POSSIBLE SUNSHINE:  0 24 HR MAX TEMP (F): 7424 HR MAX TEMP TIME (LST):1303 24 HR MIN TEMP (F): 6224 HR MIN TEMP TIME (LST):0544 AVERAGE STATION PRESSURE:29.80  PEAK WIND SPEED (MPH): 17 PEAK WIND DIR (DEG):200 PEAK WIND TIME (LST):1548  FASTEST 2MIN SPEED (MPH): 15FASTEST 2MIN DIR (DEG):200 FASTEST 2MIN TIME (LST):1545 AVERAGE WIND SPEED (MPH): 6.4 24 HR AVG TEMP (F):68 HOURLY INCREMENTAL PRECIPITATION VALUES (IN):.00  .00  .00  .00  .00  .00  .00  .00  .00  .00  .00  .00  .00  .00  .00  .00  .00  .00  .00  .00  .00  .00  .00  .00","R01  0.007AAP092"
"72297793184","2001-06-09T07:59:00","6","33.68","-117.86639","16.5","SANTA ANA JOHN WAYNE AIRPORT, CA US","SOD  ","KSNA ","V020","999,9,9,9999,9","99999,9,9,9","999999,9,9,9","+9999,9","+9999,9","99999,9","24,0000,9,6",,,,,,,,,,,,,,,,"0000,5","000,5","240,M,+0233,5","240,N,+0172,5",,,,,,,"10091,9,99999,4",,,"1,24,00894,200,1225,5","2,24,00581,200,1149,5","3,24,00259,999,9999,5","SOD60524 HR PRECIPITATION (IN): 0.00 TOTAL SUNSHINE (MINUTES):   0 PERCENT POSSIBLE SUNSHINE:  0 24 HR MAX TEMP (F): 7424 HR MAX TEMP TIME (LST):1216 24 HR MIN TEMP (F): 6324 HR MIN TEMP TIME (LST):2359 AVERAGE STATION PRESSURE:29.80  PEAK WIND SPEED (MPH): 20 PEAK WIND DIR (DEG):200 PEAK WIND TIME (LST):1225  FASTEST 2MIN SPEED (MPH): 13FASTEST 2MIN DIR (DEG):200 FASTEST 2MIN TIME (LST):1149 AVERAGE WIND SPEED (MPH): 5.8 24 HR AVG TEMP (F):69 HOURLY INCREMENTAL PRECIPITATION VALUES (IN):.00  .00  .00  .00  .00  .00  .00  .00  .00  .00  .00  .00  .00  .00  .00  .00  .00  .00  .00  .00  .00  .00  .00  .00","R01  0.007AAP092"
"72297793184","2001-06-10T07:59:00","6","33.68","-117.86639","16.5","SANTA ANA JOHN WAYNE AIRPORT, CA US","SOD  ","KSNA ","V020","999,9,9,9999,9","99999,9,9,9","999999,9,9,9","+9999,9","+9999,9","99999,9","24,0000,9,6",,,,,,,,,,,,,,,,"0000,5","000,5","240,M,+0233,5","240,N,+0172,5",,,,,,,"10098,9,99999,4",,,"1,24,00715,200,1410,5","2,24,00581,220,1411,5","3,24,00255,999,9999,5","SOD60524 HR PRECIPITATION (IN): 0.00 TOTAL SUNSHINE (MINUTES):   0 PERCENT POSSIBLE SUNSHINE:  0 24 HR MAX TEMP (F): 7424 HR MAX TEMP TIME (LST):1352 24 HR MIN TEMP (F): 6324 HR MIN TEMP TIME (LST):2359 AVERAGE STATION PRESSURE:29.82  PEAK WIND SPEED (MPH): 16 PEAK WIND DIR (DEG):200 PEAK WIND TIME (LST):1410  FASTEST 2MIN SPEED (MPH): 13FASTEST 2MIN DIR (DEG):220 FASTEST 2MIN TIME (LST):1411 AVERAGE WIND SPEED (MPH): 5.7 24 HR AVG TEMP (F):69 HOURLY INCREMENTAL PRECIPITATION VALUES (IN):.00  .00  .00  .00  .00  .00  .00  .00  .00  .00  .00  .00  .00  .00  .00  .00  .00  .00  .00  .00  .00  .00  .00  .00","R01  0.007AAP092"
"72297793184","2001-06-11T07:59:00","6","33.68","-117.86639","16.5","SANTA ANA JOHN WAYNE AIRPORT, CA US","SOD  ","KSNA ","V020","999,9,9,9999,9","99999,9,9,9","999999,9,9,9","+9999,9","+9999,9","99999,9","24,0000,2,5",,,,,,,,,,,,,,,,"0000,5","000,5","240,M,+0233,5","240,N,+0167,5",,,,,,,"10115,9,99999,4",,,"1,24,00760,230,1351,5","2,24,00581,210,1413,5","3,24,00273,999,9999,5","SOD60524 HR PRECIPITATION (IN):  T   TOTAL SUNSHINE (MINUTES):   0 PERCENT POSSIBLE SUNSHINE:  0 24 HR MAX TEMP (F): 7424 HR MAX TEMP TIME (LST):1357 24 HR MIN TEMP (F): 6224 HR MIN TEMP TIME (LST):2333 AVERAGE STATION PRESSURE:29.87  PEAK WIND SPEED (MPH): 17 PEAK WIND DIR (DEG):230 PEAK WIND TIME (LST):1351  FASTEST 2MIN SPEED (MPH): 13FASTEST 2MIN DIR (DEG):210 FASTEST 2MIN TIME (LST):1413 AVERAGE WIND SPEED (MPH): 6.1 24 HR AVG TEMP (F):68 HOURLY INCREMENTAL PRECIPITATION VALUES (IN):.00  .00  .00  .00  .00  .00  .00   T    T   .00  .00  .00  .00  .00  .00  .00  .00  .00  .00  .00  .00  .00  .00  .00",
"72297793184","2001-06-12T07:59:00","6","33.68","-117.86639","16.5","SANTA ANA JOHN WAYNE AIRPORT, CA US","SOD  ","KSNA ","V020","999,9,9,9999,9","99999,9,9,9","999999,9,9,9","+9999,9","+9999,9","99999,9","24,0000,9,6",,,,,,,,,,,,,,,,,,"240,M,+0239,5","240,N,+0133,5",,,,,,,"10108,9,99999,4",,,"1,24,00715,230,1503,5","2,24,00626,200,1440,5","3,24,00313,999,9999,5","SOD54524 HR PRECIPITATION (IN): 0.00 24 HR MAX TEMP (F): 7524 HR MAX TEMP TIME (LST):1446 24 HR MIN TEMP (F): 5624 HR MIN TEMP TIME (LST):0641 AVERAGE STATION PRESSURE:29.85  PEAK WIND SPEED (MPH): 16 PEAK WIND DIR (DEG):230 PEAK WIND TIME (LST):1503  FASTEST 2MIN SPEED (MPH): 14FASTEST 2MIN DIR (DEG):200 FASTEST 2MIN TIME (LST):1440 AVERAGE WIND SPEED (MPH): 7.0 24 HR AVG TEMP (F):66 HOURLY INCREMENTAL PRECIPITATION VALUES (IN):.00  .00  .00  .00  .00  .00  .00  .00  .00  .00  .00  .00  .00  .00  .00  .00  .00  .00  .00  .00  .00  .00  .00  .00","R01  0.007AAP092"
"72297793184","2001-06-13T07:59:00","6","33.68","-117.86639","16.5","SANTA ANA JOHN WAYNE AIRPORT, CA US","SOD  ","KSNA ","V020","999,9,9,9999,9","99999,9,9,9","999999,9,9,9","+9999,9","+9999,9","99999,9","24,0000,9,6",,,,,,,,,,,,,,,,"0000,5","000,5","240,M,+0217,5","240,N,+0167,5",,,,,,,"10078,9,99999,4",,,"1,24,00805,210,1330,5","2,24,00671,200,1058,5","3,24,00362,999,9999,5","SOD60524 HR PRECIPITATION (IN): 0.00 TOTAL SUNSHINE (MINUTES):   0 PERCENT POSSIBLE SUNSHINE:  0 24 HR MAX TEMP (F): 7124 HR MAX TEMP TIME (LST):1539 24 HR MIN TEMP (F): 6224 HR MIN TEMP TIME (LST):0531 AVERAGE STATION PRESSURE:29.76  PEAK WIND SPEED (MPH): 18 PEAK WIND DIR (DEG):210 PEAK WIND TIME (LST):1330  FASTEST 2MIN SPEED (MPH): 15FASTEST 2MIN DIR (DEG):200 FASTEST 2MIN TIME (LST):1058 AVERAGE WIND SPEED (MPH): 8.1 24 HR AVG TEMP (F):67 HOURLY INCREMENTAL PRECIPITATION VALUES (IN):.00  .00  .00  .00  .00  .00  .00  .00  .00  .00  .00  .00  .00  .00  .00  .00  .00  .00  .00  .00  .00  .00  .00  .00","R01  0.007AAP092"
"72297793184","2001-06-14T07:59:00","6","33.68","-117.86639","16.5","SANTA ANA JOHN WAYNE AIRPORT, CA US","SOD  ","KSNA ","V020","999,9,9,9999,9","99999,9,9,9","999999,9,9,9","+9999,9","+9999,9","99999,9","24,0000,2,5",,,,,,,,,,,,,,,,,,"240,M,+0222,5","240,N,+0172,5",,,,,,,"10064,9,99999,4",,,"1,24,00894,210,1309,5","2,24,00715,190,1115,5","3,24,00308,999,9999,5","SOD54524 HR PRECIPITATION (IN):  T   24 HR MAX TEMP (F): 7224 HR MAX TEMP TIME (LST):1520 24 HR MIN TEMP (F): 6324 HR MIN TEMP TIME (LST):2359 AVERAGE STATION PRESSURE:29.72  PEAK WIND SPEED (MPH): 20 PEAK WIND DIR (DEG):210 PEAK WIND TIME (LST):1309  FASTEST 2MIN SPEED (MPH): 16FASTEST 2MIN DIR (DEG):190 FASTEST 2MIN TIME (LST):1115 AVERAGE WIND SPEED (MPH): 6.9 24 HR AVG TEMP (F):68 HOURLY INCREMENTAL PRECIPITATION VALUES (IN):.00  .00  .00  .00  .00   T    T    T   .00  .00  .00  .00  .00  .00  .00  .00  .00  .00  .00  .00  .00  .00  .00  .00",
"72297793184","2001-06-15T07:59:00","6","33.68","-117.86639","16.5","SANTA ANA JOHN WAYNE AIRPORT, CA US","SOD  ","KSNA ","V020","999,9,9,9999,9","99999,9,9,9","999999,9,9,9","+9999,9","+9999,9","99999,9","24,0000,9,6",,,,,,,,,,,,,,,,,,"240,M,+0283,5","240,N,+0150,5",,,,,,,"10088,9,99999,4",,,"1,24,00715,220,1059,5","2,24,00581,200,2007,5","3,24,00268,999,9999,5","SOD54524 HR PRECIPITATION (IN): 0.00 24 HR MAX TEMP (F): 8324 HR MAX TEMP TIME (LST):1425 24 HR MIN TEMP (F): 5924 HR MIN TEMP TIME (LST):0409 AVERAGE STATION PRESSURE:29.79  PEAK WIND SPEED (MPH): 16 PEAK WIND DIR (DEG):220 PEAK WIND TIME (LST):1059  FASTEST 2MIN SPEED (MPH): 13FASTEST 2MIN DIR (DEG):200 FASTEST 2MIN TIME (LST):2007 AVERAGE WIND SPEED (MPH): 6.0 24 HR AVG TEMP (F):71 HOURLY INCREMENTAL PRECIPITATION VALUES (IN):.00  .00  .00  .00  .00  .00  .00  .00  .00  .00  .00  .00  .00  .00  .00  .00  .00  .00  .00  .00  .00  .00  .00  .00","R01  0.007AAP092"
"72297793184","2001-06-16T07:59:00","6","33.68","-117.86639","16.5","SANTA ANA JOHN WAYNE AIRPORT, CA US","SOD  ","KSNA ","V020","999,9,9,9999,9","99999,9,9,9","999999,9,9,9","+9999,9","+9999,9","99999,9","24,0000,9,6",,,,,,,,,,,,,,,,,,"240,M,+0250,5","240,N,+0178,5",,,,,,,"10095,9,99999,4",,,"1,24,00805,190,1443,5","2,24,00671,210,1550,5","3,24,00291,999,9999,5","SOD54524 HR PRECIPITATION (IN): 0.00 24 HR MAX TEMP (F): 7724 HR MAX TEMP TIME (LST):1042 24 HR MIN TEMP (F): 6424 HR MIN TEMP TIME (LST):2359 AVERAGE STATION PRESSURE:29.81  PEAK WIND SPEED (MPH): 18 PEAK WIND DIR (DEG):190 PEAK WIND TIME (LST):1443  FASTEST 2MIN SPEED (MPH): 15FASTEST 2MIN DIR (DEG):210 FASTEST 2MIN TIME (LST):1550 AVERAGE WIND SPEED (MPH): 6.5 24 HR AVG TEMP (F):71 HOURLY INCREMENTAL PRECIPITATION VALUES (IN):.00  .00  .00  .00  .00  .00  .00  .00  .00  .00  .00  .00  .00  .00  .00  .00  .00  .00  .00  .00  .00  .00  .00  .00","R01  0.007AAP092"
"72297793184","2001-06-17T07:59:00","6","33.68","-117.86639","16.5","SANTA ANA JOHN WAYNE AIRPORT, CA US","SOD  ","KSNA ","V020","999,9,9,9999,9","99999,9,9,9","999999,9,9,9","+9999,9","+9999,9","99999,9","24,0000,9,6",,,,,,,,,,,,,,,,,,"240,M,+0256,5","240,N,+0161,5",,,,,,,"10115,9,99999,4",,,"1,24,00760,220,1315,5","2,24,00671,200,1304,5","3,24,00277,999,9999,5","SOD54524 HR PRECIPITATION (IN): 0.00 24 HR MAX TEMP (F): 7824 HR MAX TEMP TIME (LST):1539 24 HR MIN TEMP (F): 6124 HR MIN TEMP TIME (LST):0449 AVERAGE STATION PRESSURE:29.87  PEAK WIND SPEED (MPH): 17 PEAK WIND DIR (DEG):220 PEAK WIND TIME (LST):1315  FASTEST 2MIN SPEED (MPH): 15FASTEST 2MIN DIR (DEG):200 FASTEST 2MIN TIME (LST):1304 AVERAGE WIND SPEED (MPH): 6.2 24 HR AVG TEMP (F):70 HOURLY INCREMENTAL PRECIPITATION VALUES (IN):.00  .00  .00  .00  .00  .00  .00  .00  .00  .00  .00  .00  .00  .00  .00  .00  .00  .00  .00  .00  .00  .00  .00  .00","R01  0.007AAP092"
"72297793184","2001-06-18T07:59:00","6","33.68","-117.86639","16.5","SANTA ANA JOHN WAYNE AIRPORT, CA US","SOD  ","KSNA ","V020","999,9,9,9999,9","99999,9,9,9","999999,9,9,9","+9999,9","+9999,9","99999,9","24,0000,9,6",,,,,,,,,,,,,,,,,,"240,M,+0267,5","240,N,+0167,5",,,,,,,"10122,9,99999,4",,,"1,24,00760,200,1604,5","2,24,00626,210,1655,5","3,24,00255,999,9999,5","SOD54524 HR PRECIPITATION (IN): 0.00 24 HR MAX TEMP (F): 8024 HR MAX TEMP TIME (LST):1526 24 HR MIN TEMP (F): 6224 HR MIN TEMP TIME (LST):2326 AVERAGE STATION PRESSURE:29.89  PEAK WIND SPEED (MPH): 17 PEAK WIND DIR (DEG):200 PEAK WIND TIME (LST):1604  FASTEST 2MIN SPEED (MPH): 14FASTEST 2MIN DIR (DEG):210 FASTEST 2MIN TIME (LST):1655 AVERAGE WIND SPEED (MPH): 5.7 24 HR AVG TEMP (F):71 HOURLY INCREMENTAL PRECIPITATION VALUES (IN):.00  .00  .00  .00  .00  .00  .00  .00  .00  .00  .00  .00  .00  .00  .00  .00  .00  .00  .00  .00  .00  .00  .00  .00","R01  0.007AAP092"
"72297793184","2001-06-19T07:59:00","6","33.68","-117.86639","16.5","SANTA ANA JOHN WAYNE AIRPORT, CA US","SOD  ","KSNA ","V020","999,9,9,9999,9","99999,9,9,9","999999,9,9,9","+9999,9","+9999,9","99999,9","24,0000,9,6",,,,,,,,,,,,,,,,,,"240,M,+0267,5","240,N,+0167,5",,,,,,,"10098,9,99999,4",,,"1,24,00805,210,1102,5","2,24,00671,200,1108,5","3,24,00282,999,9999,5","SOD54524 HR PRECIPITATION (IN): 0.00 24 HR MAX TEMP (F): 8024 HR MAX TEMP TIME (LST):1528 24 HR MIN TEMP (F): 6224 HR MIN TEMP TIME (LST):0537 AVERAGE STATION PRESSURE:29.82  PEAK WIND SPEED (MPH): 18 PEAK WIND DIR (DEG):210 PEAK WIND TIME (LST):1102  FASTEST 2MIN SPEED (MPH): 15FASTEST 2MIN DIR (DEG):200 FASTEST 2MIN TIME (LST):1108 AVERAGE WIND SPEED (MPH): 6.3 24 HR AVG TEMP (F):71 HOURLY INCREMENTAL PRECIPITATION VALUES (IN):.00  .00  .00  .00  .00  .00  .00  .00  .00  .00  .00  .00  .00  .00  .00  .00  .00  .00  .00  .00  .00  .00  .00  .00","R01  0.007AAP092"
"72297793184","2001-06-20T07:59:00","6","33.68","-117.86639","16.5","SANTA ANA JOHN WAYNE AIRPORT, CA US","SOD  ","KSNA ","V020","999,9,9,9999,9","99999,9,9,9","999999,9,9,9","+9999,9","+9999,9","99999,9","24,0000,9,6",,,,,,,,,,,,,,,,,,"240,M,+0256,5","240,N,+0167,5",,,,,,,"10091,9,99999,4",,,"1,24,01073,210,1112,5","2,24,00805,220,1042,5","3,24,00295,999,9999,5","SOD54524 HR PRECIPITATION (IN): 0.00 24 HR MAX TEMP (F): 7824 HR MAX TEMP TIME (LST):1607 24 HR MIN TEMP (F): 6224 HR MIN TEMP TIME (LST):0458 AVERAGE STATION PRESSURE:29.80  PEAK WIND SPEED (MPH): 24 PEAK WIND DIR (DEG):210 PEAK WIND TIME (LST):1112  FASTEST 2MIN SPEED (MPH): 18FASTEST 2MIN DIR (DEG):220 FASTEST 2MIN TIME (LST):1042 AVERAGE WIND SPEED (MPH): 6.6 24 HR AVG TEMP (F):70 HOURLY INCREMENTAL PRECIPITATION VALUES (IN):.00  .00  .00  .00  .00  .00  .00  .00  .00  .00  .00  .00  .00  .00  .00  .00  .00  .00  .00  .00  .00  .00  .00  .00","R01  0.007AAP092"
"72297793184","2001-06-21T07:59:00","6","33.68","-117.86639","16.5","SANTA ANA JOHN WAYNE AIRPORT, CA US","SOD  ","KSNA ","V020","999,9,9,9999,9","99999,9,9,9","999999,9,9,9","+9999,9","+9999,9","99999,9","24,0000,9,6",,,,,,,,,,,,,,,,"0000,5","000,5","240,M,+0261,5","240,N,+0167,5",,,,,,,"10115,9,99999,4",,,"1,24,01028,210,1050,5","2,24,00805,200,0959,5","3,24,00331,999,9999,5","SOD60524 HR PRECIPITATION (IN): 0.00 TOTAL SUNSHINE (MINUTES):   0 PERCENT POSSIBLE SUNSHINE:  0 24 HR MAX TEMP (F): 7924 HR MAX TEMP TIME (LST):1609 24 HR MIN TEMP (F): 6224 HR MIN TEMP TIME (LST):0510 AVERAGE STATION PRESSURE:29.87  PEAK WIND SPEED (MPH): 23 PEAK WIND DIR (DEG):210 PEAK WIND TIME (LST):1050  FASTEST 2MIN SPEED (MPH): 18FASTEST 2MIN DIR (DEG):200 FASTEST 2MIN TIME (LST):0959 AVERAGE WIND SPEED (MPH): 7.4 24 HR AVG TEMP (F):71 HOURLY INCREMENTAL PRECIPITATION VALUES (IN):.00  .00  .00  .00  .00  .00  .00  .00  .00  .00  .00  .00  .00  .00  .00  .00  .00  .00  .00  .00  .00  .00  .00  .00","R01  0.007AAP092"
"72297793184","2001-06-22T07:59:00","6","33.68","-117.86639","16.5","SANTA ANA JOHN WAYNE AIRPORT, CA US","SOD  ","KSNA ","V020","999,9,9,9999,9","99999,9,9,9","999999,9,9,9","+9999,9","+9999,9","99999,9","24,0000,9,6",,,,,,,,,,,,,,,,"0000,5","000,5","240,M,+0261,5","240,N,+0167,5",,,,,,,"10125,9,99999,4",,,"1,24,00760,180,1426,5","2,24,00626,200,1427,5","3,24,00259,999,9999,5","SOD60524 HR PRECIPITATION (IN): 0.00 TOTAL SUNSHINE (MINUTES):   0 PERCENT POSSIBLE SUNSHINE:  0 24 HR MAX TEMP (F): 7924 HR MAX TEMP TIME (LST):1336 24 HR MIN TEMP (F): 6224 HR MIN TEMP TIME (LST):0504 AVERAGE STATION PRESSURE:29.90  PEAK WIND SPEED (MPH): 17 PEAK WIND DIR (DEG):180 PEAK WIND TIME (LST):1426  FASTEST 2MIN SPEED (MPH): 14FASTEST 2MIN DIR (DEG):200 FASTEST 2MIN TIME (LST):1427 AVERAGE WIND SPEED (MPH): 5.8 24 HR AVG TEMP (F):71 HOURLY INCREMENTAL PRECIPITATION VALUES (IN):.00  .00  .00  .00  .00  .00  .00  .00  .00  .00  .00  .00  .00  .00  .00  .00  .00  .00  .00  .00  .00  .00  .00  .00","R01  0.007AAP092"
"72297793184","2001-06-23T07:59:00","6","33.68","-117.86639","16.5","SANTA ANA JOHN WAYNE AIRPORT, CA US","SOD  ","KSNA ","V020","999,9,9,9999,9","99999,9,9,9","999999,9,9,9","+9999,9","+9999,9","99999,9","24,0000,9,6",,,,,,,,,,,,,,,,"0000,5","000,5","240,M,+0300,5","240,N,+0183,5",,,,,,,"10119,9,99999,4",,,"1,24,00715,200,1807,5","2,24,00626,210,1809,5","3,24,00241,999,9999,5","SOD58324 HR PRECIPITATION (IN): 0.00 TOTAL SUNSHINE (MINUTES):   0 PERCENT POSSIBLE SUNSHINE:  0 24 HR MAX TEMP (F): 8624 HR MAX TEMP TIME (LST):1436 24 HR MIN TEMP (F): 6524 HR MIN TEMP TIME (LST):0525 AVERAGE STATION PRESSURE:29.88  PEAK WIND SPEED (MPH): 16 PEAK WIND DIR (DEG):200 PEAK WIND TIME (LST):1807  FASTEST 2MIN SPEED (MPH): 14FASTEST 2MIN DIR (DEG):210 FASTEST 2MIN TIME (LST):1809 AVERAGE WIND SPEED (MPH): 5.4 HOURLY INCREMENTAL PRECIPITATION VALUES (IN):.00  .00  .00  .00  .00  .00  .00  .00  .00  .00  .00  .00  .00  .00  .00  .00  .00  .00  .00  .00  .00  .00  .00  .00","R01  0.007AAP092"
"72297793184","2001-06-24T07:59:00","6","33.68","-117.86639","16.5","SANTA ANA JOHN WAYNE AIRPORT, CA US","SOD  ","KSNA ","V020","999,9,9,9999,9","99999,9,9,9","999999,9,9,9","+9999,9","+9999,9","99999,9","24,0000,9,6",,,,,,,,,,,,,,,,"0000,5","000,5","240,M,+0283,5","240,N,+0167,5",,,,,,,"10122,9,99999,4",,,"1,24,00805,220,1217,5","2,24,00581,200,1551,5","3,24,00232,999,9999,5","SOD60524 HR PRECIPITATION (IN): 0.00 TOTAL SUNSHINE (MINUTES):   0 PERCENT POSSIBLE SUNSHINE:  0 24 HR MAX TEMP (F): 8324 HR MAX TEMP TIME (LST):1332 24 HR MIN TEMP (F): 6224 HR MIN TEMP TIME (LST):0414 AVERAGE STATION PRESSURE:29.89  PEAK WIND SPEED (MPH): 18 PEAK WIND DIR (DEG):220 PEAK WIND TIME (LST):1217  FASTEST 2MIN SPEED (MPH): 13FASTEST 2MIN DIR (DEG):200 FASTEST 2MIN TIME (LST):1551 AVERAGE WIND SPEED (MPH): 5.2 24 HR AVG TEMP (F):73 HOURLY INCREMENTAL PRECIPITATION VALUES (IN):.00  .00  .00  .00  .00  .00  .00  .00  .00  .00  .00  .00  .00  .00  .00  .00  .00  .00  .00  .00  .00  .00  .00  .00","R01  0.007AAP092"
"72297793184","2001-06-25T07:59:00","6","33.68","-117.86639","16.5","SANTA ANA JOHN WAYNE AIRPORT, CA US","SOD  ","KSNA ","V020","999,9,9,9999,9","99999,9,9,9","999999,9,9,9","+9999,9","+9999,9","99999,9","24,0000,9,6",,,,,,,,,,,,,,,,,,"240,M,+0256,5","240,N,+0161,5",,,,,,,"10125,9,99999,4",,,"1,24,00805,230,1424,5","2,24,00626,210,1310,5","3,24,00268,999,9999,5","SOD54524 HR PRECIPITATION (IN): 0.00 24 HR MAX TEMP (F): 7824 HR MAX TEMP TIME (LST):1253 24 HR MIN TEMP (F): 6124 HR MIN TEMP TIME (LST):0534 AVERAGE STATION PRESSURE:29.90  PEAK WIND SPEED (MPH): 18 PEAK WIND DIR (DEG):230 PEAK WIND TIME (LST):1424  FASTEST 2MIN SPEED (MPH): 14FASTEST 2MIN DIR (DEG):210 FASTEST 2MIN TIME (LST):1310 AVERAGE WIND SPEED (MPH): 6.0 24 HR AVG TEMP (F):70 HOURLY INCREMENTAL PRECIPITATION VALUES (IN):.00  .00  .00  .00  .00  .00  .00  .00  .00  .00  .00  .00  .00  .00  .00  .00  .00  .00  .00  .00  .00  .00  .00  .00","R01  0.007AAP092"
"72297793184","2001-06-26T07:59:00","6","33.68","-117.86639","16.5","SANTA ANA JOHN WAYNE AIRPORT, CA US","SOD  ","KSNA ","V020","999,9,9,9999,9","99999,9,9,9","999999,9,9,9","+9999,9","+9999,9","99999,9","24,0000,9,6",,,,,,,,,,,,,,,,,,"240,M,+0250,5","240,N,+0167,5",,,,,,,"10112,9,99999,4",,,"1,24,00760,240,1320,5","2,24,00671,200,1254,5","3,24,00317,999,9999,5","SOD54524 HR PRECIPITATION (IN): 0.00 24 HR MAX TEMP (F): 7724 HR MAX TEMP TIME (LST):1523 24 HR MIN TEMP (F): 6224 HR MIN TEMP TIME (LST):0246 AVERAGE STATION PRESSURE:29.86  PEAK WIND SPEED (MPH): 17 PEAK WIND DIR (DEG):240 PEAK WIND TIME (LST):1320  FASTEST 2MIN SPEED (MPH): 15FASTEST 2MIN DIR (DEG):200 FASTEST 2MIN TIME (LST):1254 AVERAGE WIND SPEED (MPH): 7.1 24 HR AVG TEMP (F):70 HOURLY INCREMENTAL PRECIPITATION VALUES (IN):.00  .00  .00  .00  .00  .00  .00  .00  .00  .00  .00  .00  .00  .00  .00  .00  .00  .00  .00  .00  .00  .00  .00  .00","R01  0.007AAP092"
"72297793184","2001-06-27T07:59:00","6","33.68","-117.86639","16.5","SANTA ANA JOHN WAYNE AIRPORT, CA US","SOD  ","KSNA ","V020","999,9,9,9999,9","99999,9,9,9","999999,9,9,9","+9999,9","+9999,9","99999,9","24,0000,9,6",,,,,,,,,,,,,,,,,,"240,M,+0244,5","240,N,+0167,5",,,,,,,"10119,9,99999,4",,,"1,24,00894,210,1137,5","2,24,00715,210,1152,5","3,24,00300,999,9999,5","SOD54524 HR PRECIPITATION (IN): 0.00 24 HR MAX TEMP (F): 7624 HR MAX TEMP TIME (LST):1639 24 HR MIN TEMP (F): 6224 HR MIN TEMP TIME (LST):0308 AVERAGE STATION PRESSURE:29.88  PEAK WIND SPEED (MPH): 20 PEAK WIND DIR (DEG):210 PEAK WIND TIME (LST):1137  FASTEST 2MIN SPEED (MPH): 16FASTEST 2MIN DIR (DEG):210 FASTEST 2MIN TIME (LST):1152 AVERAGE WIND SPEED (MPH): 6.7 24 HR AVG TEMP (F):69 HOURLY INCREMENTAL PRECIPITATION VALUES (IN):.00  .00  .00  .00  .00  .00  .00  .00  .00  .00  .00  .00  .00  .00  .00  .00  .00  .00  .00  .00  .00  .00  .00  .00","R01  0.007AAP092"
"72297793184","2001-06-28T07:59:00","6","33.68","-117.86639","16.5","SANTA ANA JOHN WAYNE AIRPORT, CA US","SOD  ","KSNA ","V020","999,9,9,9999,9","99999,9,9,9","999999,9,9,9","+9999,9","+9999,9","99999,9","24,0000,9,6",,,,,,,,,,,,,,,,,,"240,M,+0267,5","240,N,+0167,5",,,,,,,"10152,9,99999,4",,,"1,24,00715,270,1552,5","2,24,00581,220,1236,5","3,24,00224,999,9999,5","SOD54524 HR PRECIPITATION (IN): 0.00 24 HR MAX TEMP (F): 8024 HR MAX TEMP TIME (LST):1305 24 HR MIN TEMP (F): 6224 HR MIN TEMP TIME (LST):0419 AVERAGE STATION PRESSURE:29.98  PEAK WIND SPEED (MPH): 16 PEAK WIND DIR (DEG):270 PEAK WIND TIME (LST):1552  FASTEST 2MIN SPEED (MPH): 13FASTEST 2MIN DIR (DEG):220 FASTEST 2MIN TIME (LST):1236 AVERAGE WIND SPEED (MPH): 5.0 24 HR AVG TEMP (F):71 HOURLY INCREMENTAL PRECIPITATION VALUES (IN):.00  .00  .00  .00  .00  .00  .00  .00  .00  .00  .00  .00  .00  .00  .00  .00  .00  .00  .00  .00  .00  .00  .00  .00","R01  0.007AAP092"
"72297793184","2001-06-29T07:59:00","6","33.68","-117.86639","16.5","SANTA ANA JOHN WAYNE AIRPORT, CA US","SOD  ","KSNA ","V020","999,9,9,9999,9","99999,9,9,9","999999,9,9,9","+9999,9","+9999,9","99999,9","24,0000,9,6",,,,,,,,,,,,,,,,"0000,5","000,5","240,M,+0278,5","240,N,+0161,5",,,,,,,"10139,9,99999,4",,,"1,24,00760,220,1232,5","2,24,00581,230,1347,5","3,24,00255,999,9999,5","SOD60524 HR PRECIPITATION (IN): 0.00 TOTAL SUNSHINE (MINUTES):   0 PERCENT POSSIBLE SUNSHINE:  0 24 HR MAX TEMP (F): 8224 HR MAX TEMP TIME (LST):1325 24 HR MIN TEMP (F): 6124 HR MIN TEMP TIME (LST):0446 AVERAGE STATION PRESSURE:29.94  PEAK WIND SPEED (MPH): 17 PEAK WIND DIR (DEG):220 PEAK WIND TIME (LST):1232  FASTEST 2MIN SPEED (MPH): 13FASTEST 2MIN DIR (DEG):230 FASTEST 2MIN TIME (LST):1347 AVERAGE WIND SPEED (MPH): 5.7 24 HR AVG TEMP (F):72 HOURLY INCREMENTAL PRECIPITATION VALUES (IN):.00  .00  .00  .00  .00  .00  .00  .00  .00  .00  .00  .00  .00  .00  .00  .00  .00  .00  .00  .00  .00  .00  .00  .00","R01  0.007AAP092"
"72297793184","2001-06-30T07:59:00","6","33.68","-117.86639","16.5","SANTA ANA JOHN WAYNE AIRPORT, CA US","SOD  ","KSNA ","V020","999,9,9,9999,9","99999,9,9,9","999999,9,9,9","+9999,9","+9999,9","99999,9","24,0000,9,6",,,,,,,,,,,,,,,,"0000,5","000,5","240,M,+0244,5","240,N,+0167,5",,,,,,,"10112,9,99999,4",,,"1,24,00715,190,0940,5","2,24,00581,220,1800,5","3,24,00277,999,9999,5","SOD60524 HR PRECIPITATION (IN): 0.00 TOTAL SUNSHINE (MINUTES):   0 PERCENT POSSIBLE SUNSHINE:  0 24 HR MAX TEMP (F): 7624 HR MAX TEMP TIME (LST):1435 24 HR MIN TEMP (F): 6224 HR MIN TEMP TIME (LST):2322 AVERAGE STATION PRESSURE:29.86  PEAK WIND SPEED (MPH): 16 PEAK WIND DIR (DEG):190 PEAK WIND TIME (LST):0940  FASTEST 2MIN SPEED (MPH): 13FASTEST 2MIN DIR (DEG):220 FASTEST 2MIN TIME (LST):1800 AVERAGE WIND SPEED (MPH): 6.2 24 HR AVG TEMP (F):69 HOURLY INCREMENTAL PRECIPITATION VALUES (IN):.00  .00  .00  .00  .00  .00  .00  .00  .00  .00  .00  .00  .00  .00  .00  .00  .00  .00  .00  .00  .00  .00  .00  .00","R01  0.007AAP092"
"72297793184","2001-07-01T07:59:00","6","33.68","-117.86639","16.5","SANTA ANA JOHN WAYNE AIRPORT, CA US","SOD  ","KSNA ","V020","999,9,9,9999,9","99999,9,9,9","999999,9,9,9","+9999,9","+9999,9","99999,9","24,0000,9,6",,,,,,,,,,,,,,,,"0000,5","000,5","240,M,+0256,5","240,N,+0172,5",,,,,,,"10095,9,99999,4",,,"1,24,00760,210,1422,5","2,24,00671,200,1423,5","3,24,00291,999,9999,5","SOD60524 HR PRECIPITATION (IN): 0.00 TOTAL SUNSHINE (MINUTES):   0 PERCENT POSSIBLE SUNSHINE:  0 24 HR MAX TEMP (F): 7824 HR MAX TEMP TIME (LST):1407 24 HR MIN TEMP (F): 6324 HR MIN TEMP TIME (LST):0604 AVERAGE STATION PRESSURE:29.81  PEAK WIND SPEED (MPH): 17 PEAK WIND DIR (DEG):210 PEAK WIND TIME (LST):1422  FASTEST 2MIN SPEED (MPH): 15FASTEST 2MIN DIR (DEG):200 FASTEST 2MIN TIME (LST):1423 AVERAGE WIND SPEED (MPH): 6.5 24 HR AVG TEMP (F):71 HOURLY INCREMENTAL PRECIPITATION VALUES (IN):.00  .00  .00  .00  .00  .00  .00  .00  .00  .00  .00  .00  .00  .00  .00  .00  .00  .00  .00  .00  .00  .00  .00  .00","R01  0.007AAP092"
"72297793184","2001-07-01T07:59:00","6","33.68","-117.86639","16.5","SANTA ANA JOHN WAYNE AIRPORT, CA US","SOM  ","KSNA ","V020","999,9,9,9999,9","99999,9,9,9","999999,9,9,9","+9999,9","+9999,9","99999,9",,"00005,9,6","00005,9,0202,9999,9999,6","02,6,00,5,99,9,00,5","005,0003,9,030042,5","010,0003,9,030042,5","015,0003,9,030042,5","020,0003,9,030042,5","030,0003,9,030042,5","045,0003,9,030042,5","060,0003,9,030042,5","080,0003,9,030042,5","100,0003,9,030042,5","120,0003,9,030042,5","150,0003,9,030042,5","180,0003,9,030042,5",,,,,"720,N,+1639,5","720,M,+2467,5","720,A,+2056,5","720,H,0001,6","720,C,0129,6","00,5,00,5,00,5,00,5",,"10105,4,10135,4","10196,271100,5,10078,999999,5",,,,"SOM727PCP MTOT: 0.02 DEPNRM: -.09 PCP GT 24HRS: 0.02 DATE(S):020+ DAYS W/PCP >=.01: 2 DAYS W/PCP >=.10: 0 DAYS W/PCP >=1.00:  MSDP AMTS W/DATE-TIME TAGS:MIN:5  .01  03/0042 MIN:10  .01  03/0042 MIN:15  .01  03/0042 MIN:20  .01  03/0042 MIN:30  .01  03/0042 MIN:45  .01  03/0042 MIN:60  .01  03/0042 MIN:80  .01  03/0042 MIN:100  .01  03/0042 MIN:120  .01  03/0042 MIN:150  .01  03/0042 MIN:180  .01  03/0042 SN GT DP ON GRND:0 - DATE(S):0  AVG DLY MIN: 61.5 AVG DLY MAX: 76.4 AVG MLY TMP: 69.0 DAYS MAX <=32:  DAYS MAX >=70: 0 DAYS MAX >=90: 0 DAYS MIN <=32: 0 DAYS MIN  <=0: 0 AVG STP:29.84  AVG SLP:29.93  LWST SLP:29.76 DATE/TIME: 40319 HGST SLP:30.11 DATE/TIME:271100 HDD MTH TOT:   1 DEP NORM:   1 CDD MTH TOT: 129 DEP NORM:-402","R01  0.027ABP070R02  0.027ADP081R03     27AE1100R04   0 -7AKS007R05     17KDH045R06   1297KDC058"
"72297793184","2001-07-02T07:59:00","6","33.68","-117.86639","16.5","SANTA ANA JOHN WAYNE AIRPORT, CA US","SOD  ","KSNA ","V020","999,9,9,9999,9","99999,9,9,9","999999,9,9,9","+9999,9","+9999,9","99999,9","24,0000,9,5",,,,,,,,,,,,,,,,"0000,5","000,5","240,M,+0250,5","240,N,+0172,6",,,,,,,"10091,9,99999,4",,,"1,24,00894,210,1501,5","2,24,00715,200,1507,5","3,24,00335,999,9999,5","SOD60524 HR PRECIPITATION (IN): 0.00 TOTAL SUNSHINE (MINUTES):   0 PERCENT POSSIBLE SUNSHINE:  0 24 HR MAX TEMP (F): 7724 HR MAX TEMP TIME (LST):1230 24 HR MIN TEMP (F): 6324 HR MIN TEMP TIME (LST):0059 AVERAGE STATION PRESSURE:29.80  PEAK WIND SPEED (MPH): 20 PEAK WIND DIR (DEG):210 PEAK WIND TIME (LST):1501  FASTEST 2MIN SPEED (MPH): 16FASTEST 2MIN DIR (DEG):200 FASTEST 2MIN TIME (LST):1507 AVERAGE WIND SPEED (MPH): 7.5 24 HR AVG TEMP (F):70 HOURLY INCREMENTAL PRECIPITATION VALUES (IN):.00  .00  .00  .00  .00  .00  .00  .00  .00  .00  .00  .00  .00  .00  .00  .00  .00  .00  .00  .00  .00  .00  .00  .00","R01    637KAN014"
"72297793184","2001-07-03T07:59:00","6","33.68","-117.86639","16.5","SANTA ANA JOHN WAYNE AIRPORT, CA US","SOD  ","KSNA ","V020","999,9,9,9999,9","99999,9,9,9","999999,9,9,9","+9999,9","+9999,9","99999,9","24,0000,9,5",,,,,,,,,,,,,,,,"0000,5","000,5","240,M,+0283,5","240,N,+0178,5",,,,,,,"10075,9,99999,4",,,"1,24,00805,210,1421,5","2,24,00715,200,1312,5","3,24,00282,999,9999,5","SOD60524 HR PRECIPITATION (IN): 0.00 TOTAL SUNSHINE (MINUTES):   0 PERCENT POSSIBLE SUNSHINE:  0 24 HR MAX TEMP (F): 8324 HR MAX TEMP TIME (LST):1220 24 HR MIN TEMP (F): 6424 HR MIN TEMP TIME (LST):0428 AVERAGE STATION PRESSURE:29.75  PEAK WIND SPEED (MPH): 18 PEAK WIND DIR (DEG):210 PEAK WIND TIME (LST):1421  FASTEST 2MIN SPEED (MPH): 16FASTEST 2MIN DIR (DEG):200 FASTEST 2MIN TIME (LST):1312 AVERAGE WIND SPEED (MPH): 6.3 24 HR AVG TEMP (F):74 HOURLY INCREMENTAL PRECIPITATION VALUES (IN):.00  .00  .00  .00  .00  .00  .00  .00  .00  .00  .00  .00  .00  .00  .00  .00  .00  .00  .00  .00  .00  .00  .00  .00",
"72297793184","2001-07-04T07:59:00","6","33.68","-117.86639","16.5","SANTA ANA JOHN WAYNE AIRPORT, CA US","SOD  ","KSNA ","V020","999,9,9,9999,9","99999,9,9,9","999999,9,9,9","+9999,9","+9999,9","99999,9","24,0000,2,5",,,,,,,,,,,,,,,,"0000,5","000,5","240,M,+0283,5","240,N,+0194,5",,,,,,,"10078,9,99999,4",,,"1,24,00983,210,1620,5","2,24,00805,210,1628,5","3,24,00259,999,9999,5","SOD60524 HR PRECIPITATION (IN):  T   TOTAL SUNSHINE (MINUTES):   0 PERCENT POSSIBLE SUNSHINE:  0 24 HR MAX TEMP (F): 8324 HR MAX TEMP TIME (LST):1442 24 HR MIN TEMP (F): 6724 HR MIN TEMP TIME (LST):0524 AVERAGE STATION PRESSURE:29.76  PEAK WIND SPEED (MPH): 22 PEAK WIND DIR (DEG):210 PEAK WIND TIME (LST):1620  FASTEST 2MIN SPEED (MPH): 18FASTEST 2MIN DIR (DEG):210 FASTEST 2MIN TIME (LST):1628 AVERAGE WIND SPEED (MPH): 5.8 24 HR AVG TEMP (F):75 HOURLY INCREMENTAL PRECIPITATION VALUES (IN):.00  .00  .00  .00  .00  .00  .00  .00  .00  .00  .00  .00  .00  .00  .00  .00   T    T   .00  .00  .00  .00  .00  .00",
"72297793184","2001-07-05T07:59:00","6","33.68","-117.86639","16.5","SANTA ANA JOHN WAYNE AIRPORT, CA US","SOD  ","KSNA ","V020","999,9,9,9999,9","99999,9,9,9","999999,9,9,9","+9999,9","+9999,9","99999,9","24,0000,2,5",,,,,,,,,,,,,,,,"0000,5","000,5","240,M,+0289,5","240,N,+0206,5",,,,,,,"10102,9,99999,4",,,"1,24,00939,120,0629,5","2,24,00760,210,1212,5","3,24,00304,999,9999,5","SOD58324 HR PRECIPITATION (IN):  T   TOTAL SUNSHINE (MINUTES):   0 PERCENT POSSIBLE SUNSHINE:  0 24 HR MAX TEMP (F): 8424 HR MAX TEMP TIME (LST):1442 24 HR MIN TEMP (F): 6924 HR MIN TEMP TIME (LST):0137 AVERAGE STATION PRESSURE:29.83  PEAK WIND SPEED (MPH): 21 PEAK WIND DIR (DEG):120 PEAK WIND TIME (LST):0629  FASTEST 2MIN SPEED (MPH): 17FASTEST 2MIN DIR (DEG):210 FASTEST 2MIN TIME (LST):1212 AVERAGE WIND SPEED (MPH): 6.8 HOURLY INCREMENTAL PRECIPITATION VALUES (IN):.00  .00   T    T   .00  .00  .00   T   .00  .00  .00  .00  .00   T   .00  .00  .00  .00  .00  .00  .00  .00  .00  .00",
"72297793184","2001-07-06T07:59:00","6","33.68","-117.86639","16.5","SANTA ANA JOHN WAYNE AIRPORT, CA US","SOD  ","KSNA ","V020","999,9,9,9999,9","99999,9,9,9","999999,9,9,9","+9999,9","+9999,9","99999,9","24,0000,2,5",,,,,,,,,,,,,,,,"0000,5","000,5","240,M,+0294,5","240,N,+0194,5",,,,,,,"10095,9,99999,4",,,"1,24,00760,210,0858,5","2,24,00715,210,0858,5","3,24,00255,999,9999,5","SOD60524 HR PRECIPITATION (IN):  T   TOTAL SUNSHINE (MINUTES):   0 PERCENT POSSIBLE SUNSHINE:  0 24 HR MAX TEMP (F): 8524 HR MAX TEMP TIME (LST):1514 24 HR MIN TEMP (F): 6724 HR MIN TEMP TIME (LST):0514 AVERAGE STATION PRESSURE:29.81  PEAK WIND SPEED (MPH): 17 PEAK WIND DIR (DEG):210 PEAK WIND TIME (LST):0858  FASTEST 2MIN SPEED (MPH): 16FASTEST 2MIN DIR (DEG):210 FASTEST 2MIN TIME (LST):0858 AVERAGE WIND SPEED (MPH): 5.7 24 HR AVG TEMP (F):76 HOURLY INCREMENTAL PRECIPITATION VALUES (IN):.00  .00  .00  .00  .00  .00  .00  .00  .00   T    T   .00  .00  .00  .00  .00  .00  .00  .00  .00  .00  .00  .00  .00",
"72297793184","2001-07-07T07:59:00","6","33.68","-117.86639","16.5","SANTA ANA JOHN WAYNE AIRPORT, CA US","SOD  ","KSNA ","V020","999,9,9,9999,9","99999,9,9,9","999999,9,9,9","+9999,9","+9999,9","99999,9","24,0000,2,5",,,,,,,,,,,,,,,,"0000,5","000,5","240,M,+0261,5","240,N,+0194,5",,,,,,,"10115,9,99999,4",,,"1,24,00760,190,1351,5","2,24,00626,210,1809,5","3,24,00277,999,9999,5","SOD60524 HR PRECIPITATION (IN):  T   TOTAL SUNSHINE (MINUTES):   0 PERCENT POSSIBLE SUNSHINE:  0 24 HR MAX TEMP (F): 7924 HR MAX TEMP TIME (LST):1518 24 HR MIN TEMP (F): 6724 HR MIN TEMP TIME (LST):2332 AVERAGE STATION PRESSURE:29.87  PEAK WIND SPEED (MPH): 17 PEAK WIND DIR (DEG):190 PEAK WIND TIME (LST):1351  FASTEST 2MIN SPEED (MPH): 14FASTEST 2MIN DIR (DEG):210 FASTEST 2MIN TIME (LST):1809 AVERAGE WIND SPEED (MPH): 6.2 24 HR AVG TEMP (F):73 HOURLY INCREMENTAL PRECIPITATION VALUES (IN):.00  .00  .00  .00  .00  .00  .00   T   .00  .00  .00  .00  .00  .00  .00  .00  .00  .00  .00  .00  .00  .00  .00  .00",
"72297793184","2001-07-08T07:59:00","6","33.68","-117.86639","16.5","SANTA ANA JOHN WAYNE AIRPORT, CA US","SOD  ","KSNA ","V020","999,9,9,9999,9","99999,9,9,9","999999,9,9,9","+9999,9","+9999,9","99999,9","24,0000,9,6",,,,,,,,,,,,,,,,"0000,5","000,5","240,M,+0272,5","240,N,+0189,5",,,,,,,"10132,9,99999,4",,,"1,24,00715,210,1512,5","2,24,00626,210,1513,5","3,24,00228,999,9999,5","SOD60524 HR PRECIPITATION (IN): 0.00 TOTAL SUNSHINE (MINUTES):   0 PERCENT POSSIBLE SUNSHINE:  0 24 HR MAX TEMP (F): 8124 HR MAX TEMP TIME (LST):1257 24 HR MIN TEMP (F): 6624 HR MIN TEMP TIME (LST):0530 AVERAGE STATION PRESSURE:29.92  PEAK WIND SPEED (MPH): 16 PEAK WIND DIR (DEG):210 PEAK WIND TIME (LST):1512  FASTEST 2MIN SPEED (MPH): 14FASTEST 2MIN DIR (DEG):210 FASTEST 2MIN TIME (LST):1513 AVERAGE WIND SPEED (MPH): 5.1 24 HR AVG TEMP (F):74 HOURLY INCREMENTAL PRECIPITATION VALUES (IN):.00  .00  .00  .00  .00  .00  .00  .00  .00  .00  .00  .00  .00  .00  .00  .00  .00  .00  .00  .00  .00  .00  .00  .00","R01  0.007AAP092"
"72297793184","2001-07-09T07:59:00","6","33.68","-117.86639","16.5","SANTA ANA JOHN WAYNE AIRPORT, CA US","SOD  ","KSNA ","V020","999,9,9,9999,9","99999,9,9,9","999999,9,9,9","+9999,9","+9999,9","99999,9","24,0000,9,6",,,,,,,,,,,,,,,,"0000,5","000,5","240,M,+0256,5","240,N,+0183,5",,,,,,,"10146,9,99999,4",,,"1,24,00715,230,1246,5","2,24,00581,240,1247,5","3,24,00268,999,9999,5","SOD60524 HR PRECIPITATION (IN): 0.00 TOTAL SUNSHINE (MINUTES):   0 PERCENT POSSIBLE SUNSHINE:  0 24 HR MAX TEMP (F): 7824 HR MAX TEMP TIME (LST):1405 24 HR MIN TEMP (F): 6524 HR MIN TEMP TIME (LST):2359 AVERAGE STATION PRESSURE:29.96  PEAK WIND SPEED (MPH): 16 PEAK WIND DIR (DEG):230 PEAK WIND TIME (LST):1246  FASTEST 2MIN SPEED (MPH): 13FASTEST 2MIN DIR (DEG):240 FASTEST 2MIN TIME (LST):1247 AVERAGE WIND SPEED (MPH): 6.0 24 HR AVG TEMP (F):72 HOURLY INCREMENTAL PRECIPITATION VALUES (IN):.00  .00  .00  .00  .00  .00  .00  .00  .00  .00  .00  .00  .00  .00  .00  .00  .00  .00  .00  .00  .00  .00  .00  .00","R01  0.007AAP092"
"72297793184","2001-07-10T07:59:00","6","33.68","-117.86639","16.5","SANTA ANA JOHN WAYNE AIRPORT, CA US","SOD  ","KSNA ","V020","999,9,9,9999,9","99999,9,9,9","999999,9,9,9","+9999,9","+9999,9","99999,9","24,0000,9,6",,,,,,,,,,,,,,,,"0000,5","000,5","240,M,+0233,5","240,N,+0178,5",,,,,,,"10135,9,99999,4",,,"1,24,00894,230,1328,5","2,24,00626,210,1221,5","3,24,00246,999,9999,5","SOD60524 HR PRECIPITATION (IN): 0.00 TOTAL SUNSHINE (MINUTES):   0 PERCENT POSSIBLE SUNSHINE:  0 24 HR MAX TEMP (F): 7424 HR MAX TEMP TIME (LST):1405 24 HR MIN TEMP (F): 6424 HR MIN TEMP TIME (LST):2359 AVERAGE STATION PRESSURE:29.93  PEAK WIND SPEED (MPH): 20 PEAK WIND DIR (DEG):230 PEAK WIND TIME (LST):1328  FASTEST 2MIN SPEED (MPH): 14FASTEST 2MIN DIR (DEG):210 FASTEST 2MIN TIME (LST):1221 AVERAGE WIND SPEED (MPH): 5.5 24 HR AVG TEMP (F):69 HOURLY INCREMENTAL PRECIPITATION VALUES (IN):.00  .00  .00  .00  .00  .00  .00  .00  .00  .00  .00  .00  .00  .00  .00  .00  .00  .00  .00  .00  .00  .00  .00  .00","R01  0.007AAP092"
"72297793184","2001-07-11T07:59:00","6","33.68","-117.86639","16.5","SANTA ANA JOHN WAYNE AIRPORT, CA US","SOD  ","KSNA ","V020","999,9,9,9999,9","99999,9,9,9","999999,9,9,9","+9999,9","+9999,9","99999,9","24,0000,9,6",,,,,,,,,,,,,,,,"0000,5","000,5","240,M,+0233,5","240,N,+0172,5",,,,,,,"10125,9,99999,4",,,"1,24,00715,220,1342,5","2,24,00581,220,1318,5","3,24,00228,999,9999,5","SOD60524 HR PRECIPITATION (IN): 0.00 TOTAL SUNSHINE (MINUTES):   0 PERCENT POSSIBLE SUNSHINE:  0 24 HR MAX TEMP (F): 7424 HR MAX TEMP TIME (LST):1326 24 HR MIN TEMP (F): 6324 HR MIN TEMP TIME (LST):2359 AVERAGE STATION PRESSURE:29.90  PEAK WIND SPEED (MPH): 16 PEAK WIND DIR (DEG):220 PEAK WIND TIME (LST):1342  FASTEST 2MIN SPEED (MPH): 13FASTEST 2MIN DIR (DEG):220 FASTEST 2MIN TIME (LST):1318 AVERAGE WIND SPEED (MPH): 5.1 24 HR AVG TEMP (F):69 HOURLY INCREMENTAL PRECIPITATION VALUES (IN):.00  .00  .00  .00  .00  .00  .00  .00  .00  .00  .00  .00  .00  .00  .00  .00  .00  .00  .00  .00  .00  .00  .00  .00","R01  0.007AAP092"
"72297793184","2001-07-12T07:59:00","6","33.68","-117.86639","16.5","SANTA ANA JOHN WAYNE AIRPORT, CA US","SOD  ","KSNA ","V020","999,9,9,9999,9","99999,9,9,9","999999,9,9,9","+9999,9","+9999,9","99999,9","24,0000,9,6",,,,,,,,,,,,,,,,"0000,5","000,5","240,M,+0233,5","240,N,+0167,5",,,,,,,"10122,9,99999,4",,,"1,24,00715,220,1454,5","2,24,00581,210,1414,5","3,24,00264,999,9999,5","SOD60524 HR PRECIPITATION (IN): 0.00 TOTAL SUNSHINE (MINUTES):   0 PERCENT POSSIBLE SUNSHINE:  0 24 HR MAX TEMP (F): 7424 HR MAX TEMP TIME (LST):1458 24 HR MIN TEMP (F): 6224 HR MIN TEMP TIME (LST):0507 AVERAGE STATION PRESSURE:29.89  PEAK WIND SPEED (MPH): 16 PEAK WIND DIR (DEG):220 PEAK WIND TIME (LST):1454  FASTEST 2MIN SPEED (MPH): 13FASTEST 2MIN DIR (DEG):210 FASTEST 2MIN TIME (LST):1414 AVERAGE WIND SPEED (MPH): 5.9 24 HR AVG TEMP (F):68 HOURLY INCREMENTAL PRECIPITATION VALUES (IN):.00  .00  .00  .00  .00  .00  .00  .00  .00  .00  .00  .00  .00  .00  .00  .00  .00  .00  .00  .00  .00  .00  .00  .00","R01  0.007AAP092"
"72297793184","2001-07-13T07:59:00","6","33.68","-117.86639","16.5","SANTA ANA JOHN WAYNE AIRPORT, CA US","SOD  ","KSNA ","V020","999,9,9,9999,9","99999,9,9,9","999999,9,9,9","+9999,9","+9999,9","99999,9","24,0000,9,6",,,,,,,,,,,,,,,,"0000,5","000,5","240,M,+0250,5","240,N,+0167,5",,,,,,,"10119,9,99999,4",,,"1,24,00671,230,1520,5","2,24,00536,230,1521,5","3,24,00228,999,9999,5","SOD60524 HR PRECIPITATION (IN): 0.00 TOTAL SUNSHINE (MINUTES):   0 PERCENT POSSIBLE SUNSHINE:  0 24 HR MAX TEMP (F): 7724 HR MAX TEMP TIME (LST):1631 24 HR MIN TEMP (F): 6224 HR MIN TEMP TIME (LST):0543 AVERAGE STATION PRESSURE:29.88  PEAK WIND SPEED (MPH): 15 PEAK WIND DIR (DEG):230 PEAK WIND TIME (LST):1520  FASTEST 2MIN SPEED (MPH): 12FASTEST 2MIN DIR (DEG):230 FASTEST 2MIN TIME (LST):1521 AVERAGE WIND SPEED (MPH): 5.1 24 HR AVG TEMP (F):70 HOURLY INCREMENTAL PRECIPITATION VALUES (IN):.00  .00  .00  .00  .00  .00  .00  .00  .00  .00  .00  .00  .00  .00  .00  .00  .00  .00  .00  .00  .00  .00  .00  .00","R01  0.007AAP092"
"72297793184","2001-07-14T07:59:00","6","33.68","-117.86639","16.5","SANTA ANA JOHN WAYNE AIRPORT, CA US","SOD  ","KSNA ","V020","999,9,9,9999,9","99999,9,9,9","999999,9,9,9","+9999,9","+9999,9","99999,9","24,0000,9,6",,,,,,,,,,,,,,,,"0000,5","000,5","240,M,+0250,5","240,N,+0161,5",,,,,,,"10112,9,99999,4",,,"1,24,00939,210,1153,5","2,24,00626,200,1209,5","3,24,00322,999,9999,5","SOD60524 HR PRECIPITATION (IN): 0.00 TOTAL SUNSHINE (MINUTES):   0 PERCENT POSSIBLE SUNSHINE:  0 24 HR MAX TEMP (F): 7724 HR MAX TEMP TIME (LST):1528 24 HR MIN TEMP (F): 6124 HR MIN TEMP TIME (LST):0455 AVERAGE STATION PRESSURE:29.86  PEAK WIND SPEED (MPH): 21 PEAK WIND DIR (DEG):210 PEAK WIND TIME (LST):1153  FASTEST 2MIN SPEED (MPH): 14FASTEST 2MIN DIR (DEG):200 FASTEST 2MIN TIME (LST):1209 AVERAGE WIND SPEED (MPH): 7.2 24 HR AVG TEMP (F):69 HOURLY INCREMENTAL PRECIPITATION VALUES (IN):.00  .00  .00  .00  .00  .00  .00  .00  .00  .00  .00  .00  .00  .00  .00  .00  .00  .00  .00  .00  .00  .00  .00  .00","R01  0.007AAP092"
"72297793184","2001-07-15T07:59:00","6","33.68","-117.86639","16.5","SANTA ANA JOHN WAYNE AIRPORT, CA US","SOD  ","KSNA ","V020","999,9,9,9999,9","99999,9,9,9","999999,9,9,9","+9999,9","+9999,9","99999,9","24,0000,9,6",,,,,,,,,,,,,,,,"0000,5","000,5","240,M,+0228,5","240,N,+0167,5",,,,,,,"10098,9,99999,4",,,"1,24,00805,200,1318,5","2,24,00671,210,1459,5","3,24,00322,999,9999,5","SOD60524 HR PRECIPITATION (IN): 0.00 TOTAL SUNSHINE (MINUTES):   0 PERCENT POSSIBLE SUNSHINE:  0 24 HR MAX TEMP (F): 7324 HR MAX TEMP TIME (LST):1349 24 HR MIN TEMP (F): 6224 HR MIN TEMP TIME (LST):2316 AVERAGE STATION PRESSURE:29.82  PEAK WIND SPEED (MPH): 18 PEAK WIND DIR (DEG):200 PEAK WIND TIME (LST):1318  FASTEST 2MIN SPEED (MPH): 15FASTEST 2MIN DIR (DEG):210 FASTEST 2MIN TIME (LST):1459 AVERAGE WIND SPEED (MPH): 7.2 24 HR AVG TEMP (F):68 HOURLY INCREMENTAL PRECIPITATION VALUES (IN):.00  .00  .00  .00  .00  .00  .00  .00  .00  .00  .00  .00  .00  .00  .00  .00  .00  .00  .00  .00  .00  .00  .00  .00","R01  0.007AAP092"
"72297793184","2001-07-16T07:59:00","6","33.68","-117.86639","16.5","SANTA ANA JOHN WAYNE AIRPORT, CA US","SOD  ","KSNA ","V020","999,9,9,9999,9","99999,9,9,9","999999,9,9,9","+9999,9","+9999,9","99999,9","24,0000,9,6",,,,,,,,,,,,,,,,"0000,5","000,5","240,M,+0233,5","240,N,+0167,5",,,,,,,"10091,9,99999,4",,,"1,24,00805,210,1450,5","2,24,00671,210,1626,5","3,24,00317,999,9999,5","SOD60524 HR PRECIPITATION (IN): 0.00 TOTAL SUNSHINE (MINUTES):   0 PERCENT POSSIBLE SUNSHINE:  0 24 HR MAX TEMP (F): 7424 HR MAX TEMP TIME (LST):1420 24 HR MIN TEMP (F): 6224 HR MIN TEMP TIME (LST):0437 AVERAGE STATION PRESSURE:29.80  PEAK WIND SPEED (MPH): 18 PEAK WIND DIR (DEG):210 PEAK WIND TIME (LST):1450  FASTEST 2MIN SPEED (MPH): 15FASTEST 2MIN DIR (DEG):210 FASTEST 2MIN TIME (LST):1626 AVERAGE WIND SPEED (MPH): 7.1 24 HR AVG TEMP (F):68 HOURLY INCREMENTAL PRECIPITATION VALUES (IN):.00  .00  .00  .00  .00  .00  .00  .00  .00  .00  .00  .00  .00  .00  .00  .00  .00  .00  .00  .00  .00  .00  .00  .00","R01  0.007AAP092"
"72297793184","2001-07-17T07:59:00","6","33.68","-117.86639","16.5","SANTA ANA JOHN WAYNE AIRPORT, CA US","SOD  ","KSNA ","V020","999,9,9,9999,9","99999,9,9,9","999999,9,9,9","+9999,9","+9999,9","99999,9","24,0000,9,6",,,,,,,,,,,,,,,,"0000,5","000,5","240,M,+0228,5","240,N,+0172,5",,,,,,,"10098,9,99999,4",,,"1,24,00805,210,1146,5","2,24,00671,200,1158,5","3,24,00340,999,9999,5","SOD58324 HR PRECIPITATION (IN): 0.00 TOTAL SUNSHINE (MINUTES):   0 PERCENT POSSIBLE SUNSHINE:  0 24 HR MAX TEMP (F): 7324 HR MAX TEMP TIME (LST):1404 24 HR MIN TEMP (F): 6324 HR MIN TEMP TIME (LST):0039 AVERAGE STATION PRESSURE:29.82  PEAK WIND SPEED (MPH): 18 PEAK WIND DIR (DEG):210 PEAK WIND TIME (LST):1146  FASTEST 2MIN SPEED (MPH): 15FASTEST 2MIN DIR (DEG):200 FASTEST 2MIN TIME (LST):1158 AVERAGE WIND SPEED (MPH): 7.6 HOURLY INCREMENTAL PRECIPITATION VALUES (IN):.00  .00  .00  .00  .00  .00  .00  .00  .00  .00  .00  .00  .00  .00  .00  .00  .00  .00  .00  .00  .00  .00  .00  .00","R01  0.007AAP092"
"72297793184","2001-07-18T07:59:00","6","33.68","-117.86639","16.5","SANTA ANA JOHN WAYNE AIRPORT, CA US","SOD  ","KSNA ","V020","999,9,9,9999,9","99999,9,9,9","999999,9,9,9","+9999,9","+9999,9","99999,9","24,0000,9,6",,,,,,,,,,,,,,,,"0000,5","000,5","240,M,+0239,5","240,N,+0172,5",,,,,,,"10122,9,99999,4",,,"1,24,00760,210,1412,5","2,24,00626,210,1243,5","3,24,00326,999,9999,5","SOD60524 HR PRECIPITATION (IN): 0.00 TOTAL SUNSHINE (MINUTES):   0 PERCENT POSSIBLE SUNSHINE:  0 24 HR MAX TEMP (F): 7524 HR MAX TEMP TIME (LST):1335 24 HR MIN TEMP (F): 6324 HR MIN TEMP TIME (LST):0342 AVERAGE STATION PRESSURE:29.89  PEAK WIND SPEED (MPH): 17 PEAK WIND DIR (DEG):210 PEAK WIND TIME (LST):1412  FASTEST 2MIN SPEED (MPH): 14FASTEST 2MIN DIR (DEG):210 FASTEST 2MIN TIME (LST):1243 AVERAGE WIND SPEED (MPH): 7.3 24 HR AVG TEMP (F):69 HOURLY INCREMENTAL PRECIPITATION VALUES (IN):.00  .00  .00  .00  .00  .00  .00  .00  .00  .00  .00  .00  .00  .00  .00  .00  .00  .00  .00  .00  .00  .00  .00  .00","R01  0.007AAP092"
"72297793184","2001-07-19T07:59:00","6","33.68","-117.86639","16.5","SANTA ANA JOHN WAYNE AIRPORT, CA US","SOD  ","KSNA ","V020","999,9,9,9999,9","99999,9,9,9","999999,9,9,9","+9999,9","+9999,9","99999,9","24,0000,9,6",,,,,,,,,,,,,,,,"0000,5","000,5","240,M,+0244,5","240,N,+0178,5",,,,,,,"10119,9,99999,4",,,"1,24,00671,210,1441,5","2,24,00581,210,1441,5","3,24,00241,999,9999,5","SOD60524 HR PRECIPITATION (IN): 0.00 TOTAL SUNSHINE (MINUTES):   0 PERCENT POSSIBLE SUNSHINE:  0 24 HR MAX TEMP (F): 7624 HR MAX TEMP TIME (LST):1326 24 HR MIN TEMP (F): 6424 HR MIN TEMP TIME (LST):2359 AVERAGE STATION PRESSURE:29.88  PEAK WIND SPEED (MPH): 15 PEAK WIND DIR (DEG):210 PEAK WIND TIME (LST):1441  FASTEST 2MIN SPEED (MPH): 13FASTEST 2MIN DIR (DEG):210 FASTEST 2MIN TIME (LST):1441 AVERAGE WIND SPEED (MPH): 5.4 24 HR AVG TEMP (F):70 HOURLY INCREMENTAL PRECIPITATION VALUES (IN):.00  .00  .00  .00  .00  .00  .00  .00  .00  .00  .00  .00  .00  .00  .00  .00  .00  .00  .00  .00  .00  .00  .00  .00","R01  0.007AAP092"
"72297793184","2001-07-20T07:59:00","6","33.68","-117.86639","16.5","SANTA ANA JOHN WAYNE AIRPORT, CA US","SOD  ","KSNA ","V020","999,9,9,9999,9","99999,9,9,9","999999,9,9,9","+9999,9","+9999,9","99999,9","24,0000,9,6",,,,,,,,,,,,,,,,"0000,5","000,5","240,M,+0244,5","240,N,+0178,5",,,,,,,"10102,9,99999,4",,,"1,24,00760,210,1030,5","2,24,00581,230,1533,5","3,24,00268,999,9999,5","SOD60524 HR PRECIPITATION (IN): 0.00 TOTAL SUNSHINE (MINUTES):   0 PERCENT POSSIBLE SUNSHINE:  0 24 HR MAX TEMP (F): 7624 HR MAX TEMP TIME (LST):1220 24 HR MIN TEMP (F): 6424 HR MIN TEMP TIME (LST):2253 AVERAGE STATION PRESSURE:29.83  PEAK WIND SPEED (MPH): 17 PEAK WIND DIR (DEG):210 PEAK WIND TIME (LST):1030  FASTEST 2MIN SPEED (MPH): 13FASTEST 2MIN DIR (DEG):230 FASTEST 2MIN TIME (LST):1533 AVERAGE WIND SPEED (MPH): 6.0 24 HR AVG TEMP (F):70 HOURLY INCREMENTAL PRECIPITATION VALUES (IN):.00  .00  .00  .00  .00  .00  .00  .00  .00  .00  .00  .00  .00  .00  .00  .00  .00  .00  .00  .00  .00  .00  .00  .00","R01  0.007AAP092"
"72297793184","2001-07-21T07:59:00","6","33.68","-117.86639","16.5","SANTA ANA JOHN WAYNE AIRPORT, CA US","SOD  ","KSNA ","V020","999,9,9,9999,9","99999,9,9,9","999999,9,9,9","+9999,9","+9999,9","99999,9","24,0000,9,6",,,,,,,,,,,,,,,,"0000,5","000,5","240,M,+0244,5","240,N,+0172,5",,,,,,,"10108,9,99999,4",,,"1,24,00715,210,1657,5","2,24,00581,210,1715,5","3,24,00273,999,9999,5","SOD60524 HR PRECIPITATION (IN): 0.00 TOTAL SUNSHINE (MINUTES):   0 PERCENT POSSIBLE SUNSHINE:  0 24 HR MAX TEMP (F): 7624 HR MAX TEMP TIME (LST):1444 24 HR MIN TEMP (F): 6324 HR MIN TEMP TIME (LST):2332 AVERAGE STATION PRESSURE:29.85  PEAK WIND SPEED (MPH): 16 PEAK WIND DIR (DEG):210 PEAK WIND TIME (LST):1657  FASTEST 2MIN SPEED (MPH): 13FASTEST 2MIN DIR (DEG):210 FASTEST 2MIN TIME (LST):1715 AVERAGE WIND SPEED (MPH): 6.1 24 HR AVG TEMP (F):70 HOURLY INCREMENTAL PRECIPITATION VALUES (IN):.00  .00  .00  .00  .00  .00  .00  .00  .00  .00  .00  .00  .00  .00  .00  .00  .00  .00  .00  .00  .00  .00  .00  .00","R01  0.007AAP092"
"72297793184","2001-07-22T07:59:00","6","33.68","-117.86639","16.5","SANTA ANA JOHN WAYNE AIRPORT, CA US","SOD  ","KSNA ","V020","999,9,9,9999,9","99999,9,9,9","999999,9,9,9","+9999,9","+9999,9","99999,9","24,0000,9,6",,,,,,,,,,,,,,,,"0000,5","000,5","240,M,+0244,5","240,N,+0172,5",,,,,,,"10108,9,99999,4",,,"1,24,00760,220,1231,5","2,24,00626,200,1431,5","3,24,00259,999,9999,5","SOD60524 HR PRECIPITATION (IN): 0.00 TOTAL SUNSHINE (MINUTES):   0 PERCENT POSSIBLE SUNSHINE:  0 24 HR MAX TEMP (F): 7624 HR MAX TEMP TIME (LST):1219 24 HR MIN TEMP (F): 6324 HR MIN TEMP TIME (LST):2357 AVERAGE STATION PRESSURE:29.85  PEAK WIND SPEED (MPH): 17 PEAK WIND DIR (DEG):220 PEAK WIND TIME (LST):1231  FASTEST 2MIN SPEED (MPH): 14FASTEST 2MIN DIR (DEG):200 FASTEST 2MIN TIME (LST):1431 AVERAGE WIND SPEED (MPH): 5.8 24 HR AVG TEMP (F):70 HOURLY INCREMENTAL PRECIPITATION VALUES (IN):.00  .00  .00  .00  .00  .00  .00  .00  .00  .00  .00  .00  .00  .00  .00  .00  .00  .00  .00  .00  .00  .00  .00  .00","R01  0.007AAP092"
"72297793184","2001-07-23T07:59:00","6","33.68","-117.86639","16.5","SANTA ANA JOHN WAYNE AIRPORT, CA US","SOD  ","KSNA ","V020","999,9,9,9999,9","99999,9,9,9","999999,9,9,9","+9999,9","+9999,9","99999,9","24,0000,9,6",,,,,,,,,,,,,,,,"0000,5","000,5","240,M,+0256,5","240,N,+0172,5",,,,,,,"10095,9,99999,4",,,"1,24,00671,230,1353,5","2,24,00536,200,1624,5","3,24,00250,999,9999,5","SOD60524 HR PRECIPITATION (IN): 0.00 TOTAL SUNSHINE (MINUTES):   0 PERCENT POSSIBLE SUNSHINE:  0 24 HR MAX TEMP (F): 7824 HR MAX TEMP TIME (LST):1458 24 HR MIN TEMP (F): 6324 HR MIN TEMP TIME (LST):0603 AVERAGE STATION PRESSURE:29.81  PEAK WIND SPEED (MPH): 15 PEAK WIND DIR (DEG):230 PEAK WIND TIME (LST):1353  FASTEST 2MIN SPEED (MPH): 12FASTEST 2MIN DIR (DEG):200 FASTEST 2MIN TIME (LST):1624 AVERAGE WIND SPEED (MPH): 5.6 24 HR AVG TEMP (F):71 HOURLY INCREMENTAL PRECIPITATION VALUES (IN):.00  .00  .00  .00  .00  .00  .00  .00  .00  .00  .00  .00  .00  .00  .00  .00  .00  .00  .00  .00  .00  .00  .00  .00","R01  0.007AAP092"
"72297793184","2001-07-24T07:59:00","6","33.68","-117.86639","16.5","SANTA ANA JOHN WAYNE AIRPORT, CA US","SOD  ","KSNA ","V020","999,9,9,9999,9","99999,9,9,9","999999,9,9,9","+9999,9","+9999,9","99999,9","24,0000,9,6",,,,,,,,,,,,,,,,"0000,5","000,5","240,M,+0233,5","240,N,+0178,5",,,,,,,"10091,9,99999,4",,,"1,24,00805,210,1024,5","2,24,00626,200,1502,5","3,24,00286,999,9999,5","SOD60524 HR PRECIPITATION (IN): 0.00 TOTAL SUNSHINE (MINUTES):   0 PERCENT POSSIBLE SUNSHINE:  0 24 HR MAX TEMP (F): 7424 HR MAX TEMP TIME (LST):1503 24 HR MIN TEMP (F): 6424 HR MIN TEMP TIME (LST):2359 AVERAGE STATION PRESSURE:29.80  PEAK WIND SPEED (MPH): 18 PEAK WIND DIR (DEG):210 PEAK WIND TIME (LST):1024  FASTEST 2MIN SPEED (MPH): 14FASTEST 2MIN DIR (DEG):200 FASTEST 2MIN TIME (LST):1502 AVERAGE WIND SPEED (MPH): 6.4 24 HR AVG TEMP (F):69 HOURLY INCREMENTAL PRECIPITATION VALUES (IN):.00  .00  .00  .00  .00  .00  .00  .00  .00  .00  .00  .00  .00  .00  .00  .00  .00  .00  .00  .00  .00  .00  .00  .00","R01  0.007AAP092"
"72297793184","2001-07-25T07:59:00","6","33.68","-117.86639","16.5","SANTA ANA JOHN WAYNE AIRPORT, CA US","SOD  ","KSNA ","V020","999,9,9,9999,9","99999,9,9,9","999999,9,9,9","+9999,9","+9999,9","99999,9","24,0000,9,6",,,,,,,,,,,,,,,,"0000,5","000,5","240,M,+0239,5","240,N,+0178,5",,,,,,,"10091,9,99999,4",,,"1,24,00760,240,1244,5","2,24,00626,220,1347,5","3,24,00259,999,9999,5","SOD60524 HR PRECIPITATION (IN): 0.00 TOTAL SUNSHINE (MINUTES):   0 PERCENT POSSIBLE SUNSHINE:  0 24 HR MAX TEMP (F): 7524 HR MAX TEMP TIME (LST):1357 24 HR MIN TEMP (F): 6424 HR MIN TEMP TIME (LST):2359 AVERAGE STATION PRESSURE:29.80  PEAK WIND SPEED (MPH): 17 PEAK WIND DIR (DEG):240 PEAK WIND TIME (LST):1244  FASTEST 2MIN SPEED (MPH): 14FASTEST 2MIN DIR (DEG):220 FASTEST 2MIN TIME (LST):1347 AVERAGE WIND SPEED (MPH): 5.8 24 HR AVG TEMP (F):70 HOURLY INCREMENTAL PRECIPITATION VALUES (IN):.00  .00  .00  .00  .00  .00  .00  .00  .00  .00  .00  .00  .00  .00  .00  .00  .00  .00  .00  .00  .00  .00  .00  .00","R01  0.007AAP092"
"72297793184","2001-07-26T07:59:00","6","33.68","-117.86639","16.5","SANTA ANA JOHN WAYNE AIRPORT, CA US","SOD  ","KSNA ","V020","999,9,9,9999,9","99999,9,9,9","999999,9,9,9","+9999,9","+9999,9","99999,9","24,0000,9,6",,,,,,,,,,,,,,,,,,"240,M,+0239,5","240,N,+0172,5",,,,,,,"10091,9,99999,4",,,"1,24,00715,200,1638,5","2,24,00581,220,1548,5","3,24,00255,999,9999,5","SOD54524 HR PRECIPITATION (IN): 0.00 24 HR MAX TEMP (F): 7524 HR MAX TEMP TIME (LST):1435 24 HR MIN TEMP (F): 6324 HR MIN TEMP TIME (LST):2312 AVERAGE STATION PRESSURE:29.80  PEAK WIND SPEED (MPH): 16 PEAK WIND DIR (DEG):200 PEAK WIND TIME (LST):1638  FASTEST 2MIN SPEED (MPH): 13FASTEST 2MIN DIR (DEG):220 FASTEST 2MIN TIME (LST):1548 AVERAGE WIND SPEED (MPH): 5.7 24 HR AVG TEMP (F):69 HOURLY INCREMENTAL PRECIPITATION VALUES (IN):.00  .00  .00  .00  .00  .00  .00  .00  .00  .00  .00  .00  .00  .00  .00  .00  .00  .00  .00  .00  .00  .00  .00  .00","R01  0.007AAP092"
"72297793184","2001-07-27T07:59:00","6","33.68","-117.86639","16.5","SANTA ANA JOHN WAYNE AIRPORT, CA US","SOD  ","KSNA ","V020","999,9,9,9999,9","99999,9,9,9","999999,9,9,9","+9999,9","+9999,9","99999,9","24,0000,9,6",,,,,,,,,,,,,,,,,,"240,M,+0244,5","240,N,+0172,5",,,,,,,"10091,9,99999,4",,,"1,24,00760,230,1411,5","2,24,00581,220,1412,5","3,24,00232,999,9999,5","SOD54524 HR PRECIPITATION (IN): 0.00 24 HR MAX TEMP (F): 7624 HR MAX TEMP TIME (LST):1509 24 HR MIN TEMP (F): 6324 HR MIN TEMP TIME (LST):0430 AVERAGE STATION PRESSURE:29.80  PEAK WIND SPEED (MPH): 17 PEAK WIND DIR (DEG):230 PEAK WIND TIME (LST):1411  FASTEST 2MIN SPEED (MPH): 13FASTEST 2MIN DIR (DEG):220 FASTEST 2MIN TIME (LST):1412 AVERAGE WIND SPEED (MPH): 5.2 24 HR AVG TEMP (F):70 HOURLY INCREMENTAL PRECIPITATION VALUES (IN):.00  .00  .00  .00  .00  .00  .00  .00  .00  .00  .00  .00  .00  .00  .00  .00  .00  .00  .00  .00  .00  .00  .00  .00","R01  0.007AAP092"
"72297793184","2001-07-28T07:59:00","6","33.68","-117.86639","16.5","SANTA ANA JOHN WAYNE AIRPORT, CA US","SOD  ","KSNA ","V020","999,9,9,9999,9","99999,9,9,9","999999,9,9,9","+9999,9","+9999,9","99999,9","24,0000,9,6",,,,,,,,,,,,,,,,,,"240,M,+0256,5","240,N,+0178,5",,,,,,,"10108,9,99999,4",,,"1,24,00671,220,1541,5","2,24,00581,210,1320,5","3,24,00228,999,9999,5","SOD54524 HR PRECIPITATION (IN): 0.00 24 HR MAX TEMP (F): 7824 HR MAX TEMP TIME (LST):1342 24 HR MIN TEMP (F): 6424 HR MIN TEMP TIME (LST):2230 AVERAGE STATION PRESSURE:29.85  PEAK WIND SPEED (MPH): 15 PEAK WIND DIR (DEG):220 PEAK WIND TIME (LST):1541  FASTEST 2MIN SPEED (MPH): 13FASTEST 2MIN DIR (DEG):210 FASTEST 2MIN TIME (LST):1320 AVERAGE WIND SPEED (MPH): 5.1 24 HR AVG TEMP (F):71 HOURLY INCREMENTAL PRECIPITATION VALUES (IN):.00  .00  .00  .00  .00  .00  .00  .00  .00  .00  .00  .00  .00  .00  .00  .00  .00  .00  .00  .00  .00  .00  .00  .00","R01  0.007AAP092"
"72297793184","2001-07-29T07:59:00","6","33.68","-117.86639","16.5","SANTA ANA JOHN WAYNE AIRPORT, CA US","SOD  ","KSNA ","V020","999,9,9,9999,9","99999,9,9,9","999999,9,9,9","+9999,9","+9999,9","99999,9","24,0000,9,6",,,,,,,,,,,,,,,,,,"240,M,+0244,5","240,N,+0172,5",,,,,,,"10122,9,99999,4",,,"1,24,00715,200,1620,5","2,24,00536,210,1622,5","3,24,00264,999,9999,5","SOD54524 HR PRECIPITATION (IN): 0.00 24 HR MAX TEMP (F): 7624 HR MAX TEMP TIME (LST):1401 24 HR MIN TEMP (F): 6324 HR MIN TEMP TIME (LST):0731 AVERAGE STATION PRESSURE:29.89  PEAK WIND SPEED (MPH): 16 PEAK WIND DIR (DEG):200 PEAK WIND TIME (LST):1620  FASTEST 2MIN SPEED (MPH): 12FASTEST 2MIN DIR (DEG):210 FASTEST 2MIN TIME (LST):1622 AVERAGE WIND SPEED (MPH): 5.9 24 HR AVG TEMP (F):70 HOURLY INCREMENTAL PRECIPITATION VALUES (IN):.00  .00  .00  .00  .00  .00  .00  .00  .00  .00  .00  .00  .00  .00  .00  .00  .00  .00  .00  .00  .00  .00  .00  .00","R01  0.007AAP092"
"72297793184","2001-07-30T07:59:00","6","33.68","-117.86639","16.5","SANTA ANA JOHN WAYNE AIRPORT, CA US","SOD  ","KSNA ","V020","999,9,9,9999,9","99999,9,9,9","999999,9,9,9","+9999,9","+9999,9","99999,9","24,0000,9,6",,,,,,,,,,,,,,,,,,"240,M,+0244,5","240,N,+0183,5",,,,,,,"10125,9,99999,4",,,"1,24,00939,200,1501,5","2,24,00671,200,1330,5","3,24,00295,999,9999,5","SOD54524 HR PRECIPITATION (IN): 0.00 24 HR MAX TEMP (F): 7624 HR MAX TEMP TIME (LST):1258 24 HR MIN TEMP (F): 6524 HR MIN TEMP TIME (LST):0133 AVERAGE STATION PRESSURE:29.90  PEAK WIND SPEED (MPH): 21 PEAK WIND DIR (DEG):200 PEAK WIND TIME (LST):1501  FASTEST 2MIN SPEED (MPH): 15FASTEST 2MIN DIR (DEG):200 FASTEST 2MIN TIME (LST):1330 AVERAGE WIND SPEED (MPH): 6.6 24 HR AVG TEMP (F):71 HOURLY INCREMENTAL PRECIPITATION VALUES (IN):.00  .00  .00  .00  .00  .00  .00  .00  .00  .00  .00  .00  .00  .00  .00  .00  .00  .00  .00  .00  .00  .00  .00  .00","R01  0.007AAP092"
"72297793184","2001-07-31T07:59:00","6","33.68","-117.86639","16.5","SANTA ANA JOHN WAYNE AIRPORT, CA US","SOD  ","KSNA ","V020","999,9,9,9999,9","99999,9,9,9","999999,9,9,9","+9999,9","+9999,9","99999,9","24,0000,9,6",,,,,,,,,,,,,,,,,,"240,M,+0233,5","240,N,+0178,5",,,,,,,"10112,9,99999,4",,,"1,24,00939,220,1301,5","2,24,00671,210,1258,5","3,24,00353,999,9999,5","SOD54524 HR PRECIPITATION (IN): 0.00 24 HR MAX TEMP (F): 7424 HR MAX TEMP TIME (LST):1511 24 HR MIN TEMP (F): 6424 HR MIN TEMP TIME (LST):2032 AVERAGE STATION PRESSURE:29.86  PEAK WIND SPEED (MPH): 21 PEAK WIND DIR (DEG):220 PEAK WIND TIME (LST):1301  FASTEST 2MIN SPEED (MPH): 15FASTEST 2MIN DIR (DEG):210 FASTEST 2MIN TIME (LST):1258 AVERAGE WIND SPEED (MPH): 7.9 24 HR AVG TEMP (F):69 HOURLY INCREMENTAL PRECIPITATION VALUES (IN):.00  .00  .00  .00  .00  .00  .00  .00  .00  .00  .00  .00  .00  .00  .00  .00  .00  .00  .00  .00  .00  .00  .00  .00","R01  0.007AAP092"
"72297793184","2001-08-01T07:59:00","6","33.68","-117.86639","16.5","SANTA ANA JOHN WAYNE AIRPORT, CA US","SOD  ","KSNA ","V020","999,9,9,9999,9","99999,9,9,9","999999,9,9,9","+9999,9","+9999,9","99999,9","24,0000,9,6",,,,,,,,,,,,,,,,,,"240,M,+0239,5","240,N,+0183,5",,,,,,,"10105,9,99999,4",,,"1,24,00939,220,1333,5","2,24,00715,210,1119,5","3,24,00308,999,9999,5","SOD54524 HR PRECIPITATION (IN): 0.00 24 HR MAX TEMP (F): 7524 HR MAX TEMP TIME (LST):1319 24 HR MIN TEMP (F): 6524 HR MIN TEMP TIME (LST):0024 AVERAGE STATION PRESSURE:29.84  PEAK WIND SPEED (MPH): 21 PEAK WIND DIR (DEG):220 PEAK WIND TIME (LST):1333  FASTEST 2MIN SPEED (MPH): 16FASTEST 2MIN DIR (DEG):210 FASTEST 2MIN TIME (LST):1119 AVERAGE WIND SPEED (MPH): 6.9 24 HR AVG TEMP (F):70 HOURLY INCREMENTAL PRECIPITATION VALUES (IN):.00  .00  .00  .00  .00  .00  .00  .00  .00  .00  .00  .00  .00  .00  .00  .00  .00  .00  .00  .00  .00  .00  .00  .00","R01  0.007AAP092"
"72297793184","2001-08-01T07:59:00","6","33.68","-117.86639","16.5","SANTA ANA JOHN WAYNE AIRPORT, CA US","SOM  ","KSNA ","V020","999,9,9,9999,9","99999,9,9,9","999999,9,9,9","+9999,9","+9999,9","99999,9",,"00000,2,5","00000,9,9999,9999,9999,5","00,5,00,5,99,9,00,5","005,0000,2,999999,5","010,0000,2,999999,5","015,0000,2,999999,5","020,0000,2,999999,5",,,,,,,,,,,,,"744,N,+1772,5","744,M,+2489,5","744,A,+2133,5","744,H,0000,5","744,C,0174,6","00,5,00,5,00,5,00,5",,"10108,4,10139,4","10183,999999,5,10088,999999,5",,,,"SOM430PCP MTOT:  T DEPNRM: 0.00 PCP GT 24HRS: 0.00 DAYS W/PCP >=.01: 0 DAYS W/PCP >=.10: 0 DAYS W/PCP >=1.00:  SN GT DP ON GRND:0 - DATE(S):0  AVG DLY MIN: 63.9 AVG DLY MAX: 76.8 AVG MLY TMP: 70.4 DAYS MAX <=32:  DAYS MAX >=70: 0 DAYS MAX >=90: 0 DAYS MIN <=32: 0 DAYS MIN  <=0: 0 AVG STP:29.85  AVG SLP:29.94  LWST SLP:29.79 DATE/TIME: 21814 HGST SLP:30.07 DATE/TIME: 80758 HDD MTH TOT:   0 DEP NORM: -42 CDD MTH TOT: 174 DEP NORM: 119","R01   0 -7AKS007R02   1747KDC058"
"72297793184","2001-08-02T07:59:00","6","33.68","-117.86639","16.5","SANTA ANA JOHN WAYNE AIRPORT, CA US","SOD  ","KSNA ","V020","999,9,9,9999,9","99999,9,9,9","999999,9,9,9","+9999,9","+9999,9","99999,9","24,0000,9,5",,,,,,,,,,,,,,,,,,"240,M,+0244,5","240,N,+0183,6",,,,,,,"10139,9,99999,4",,,"1,24,00805,230,1129,5","2,24,00581,220,1543,5","3,24,00228,999,9999,5","SOD54524 HR PRECIPITATION (IN): 0.00 24 HR MAX TEMP (F): 7624 HR MAX TEMP TIME (LST):1208 24 HR MIN TEMP (F): 6524 HR MIN TEMP TIME (LST):2359 AVERAGE STATION PRESSURE:29.94  PEAK WIND SPEED (MPH): 18 PEAK WIND DIR (DEG):230 PEAK WIND TIME (LST):1129  FASTEST 2MIN SPEED (MPH): 13FASTEST 2MIN DIR (DEG):220 FASTEST 2MIN TIME (LST):1543 AVERAGE WIND SPEED (MPH): 5.1 24 HR AVG TEMP (F):71 HOURLY INCREMENTAL PRECIPITATION VALUES (IN):.00  .00  .00  .00  .00  .00  .00  .00  .00  .00  .00  .00  .00  .00  .00  .00  .00  .00  .00  .00  .00  .00  .00  .00","R01    657KAN014"
"72297793184","2001-08-03T07:59:00","6","33.68","-117.86639","16.5","SANTA ANA JOHN WAYNE AIRPORT, CA US","SOD  ","KSNA ","V020","999,9,9,9999,9","99999,9,9,9","999999,9,9,9","+9999,9","+9999,9","99999,9","24,0000,9,5",,,,,,,,,,,,,,,,"0000,5","000,5","240,M,+0239,5","240,N,+0183,5",,,,,,,"10135,9,99999,4",,,"1,24,00715,230,1516,5","2,24,00626,200,1510,5","3,24,00259,999,9999,5","SOD60524 HR PRECIPITATION (IN): 0.00 TOTAL SUNSHINE (MINUTES):   0 PERCENT POSSIBLE SUNSHINE:  0 24 HR MAX TEMP (F): 7524 HR MAX TEMP TIME (LST):1335 24 HR MIN TEMP (F): 6524 HR MIN TEMP TIME (LST):2327 AVERAGE STATION PRESSURE:29.93  PEAK WIND SPEED (MPH): 16 PEAK WIND DIR (DEG):230 PEAK WIND TIME (LST):1516  FASTEST 2MIN SPEED (MPH): 14FASTEST 2MIN DIR (DEG):200 FASTEST 2MIN TIME (LST):1510 AVERAGE WIND SPEED (MPH): 5.8 24 HR AVG TEMP (F):70 HOURLY INCREMENTAL PRECIPITATION VALUES (IN):.00  .00  .00  .00  .00  .00  .00  .00  .00  .00  .00  .00  .00  .00  .00  .00  .00  .00  .00  .00  .00  .00  .00  .00",
"72297793184","2001-08-04T07:59:00","6","33.68","-117.86639","16.5","SANTA ANA JOHN WAYNE AIRPORT, CA US","SOD  ","KSNA ","V020","999,9,9,9999,9","99999,9,9,9","999999,9,9,9","+9999,9","+9999,9","99999,9","24,0000,9,5",,,,,,,,,,,,,,,,"0000,5","000,5","240,M,+0250,5","240,N,+0178,5",,,,,,,"10112,9,99999,4",,,"1,24,00715,240,1527,5","2,24,00536,220,1538,5","3,24,00201,999,9999,5","SOD60524 HR PRECIPITATION (IN): 0.00 TOTAL SUNSHINE (MINUTES):   0 PERCENT POSSIBLE SUNSHINE:  0 24 HR MAX TEMP (F): 7724 HR MAX TEMP TIME (LST):1249 24 HR MIN TEMP (F): 6424 HR MIN TEMP TIME (LST):2317 AVERAGE STATION PRESSURE:29.86  PEAK WIND SPEED (MPH): 16 PEAK WIND DIR (DEG):240 PEAK WIND TIME (LST):1527  FASTEST 2MIN SPEED (MPH): 12FASTEST 2MIN DIR (DEG):220 FASTEST 2MIN TIME (LST):1538 AVERAGE WIND SPEED (MPH): 4.5 24 HR AVG TEMP (F):71 HOURLY INCREMENTAL PRECIPITATION VALUES (IN):.00  .00  .00  .00  .00  .00  .00  .00  .00  .00  .00  .00  .00  .00  .00  .00  .00  .00  .00  .00  .00  .00  .00  .00",
"72297793184","2001-08-05T07:59:00","6","33.68","-117.86639","16.5","SANTA ANA JOHN WAYNE AIRPORT, CA US","SOD  ","KSNA ","V020","999,9,9,9999,9","99999,9,9,9","999999,9,9,9","+9999,9","+9999,9","99999,9","24,0000,9,5",,,,,,,,,,,,,,,,"0000,5","000,5","240,M,+0250,5","240,N,+0178,5",,,,,,,"10091,9,99999,4",,,"1,24,00671,230,1234,5","2,24,00536,210,1148,5","3,24,00197,999,9999,5","SOD60524 HR PRECIPITATION (IN): 0.00 TOTAL SUNSHINE (MINUTES):   0 PERCENT POSSIBLE SUNSHINE:  0 24 HR MAX TEMP (F): 7724 HR MAX TEMP TIME (LST):1648 24 HR MIN TEMP (F): 6424 HR MIN TEMP TIME (LST):0552 AVERAGE STATION PRESSURE:29.80  PEAK WIND SPEED (MPH): 15 PEAK WIND DIR (DEG):230 PEAK WIND TIME (LST):1234  FASTEST 2MIN SPEED (MPH): 12FASTEST 2MIN DIR (DEG):210 FASTEST 2MIN TIME (LST):1148 AVERAGE WIND SPEED (MPH): 4.4 24 HR AVG TEMP (F):71 HOURLY INCREMENTAL PRECIPITATION VALUES (IN):.00  .00  .00  .00  .00  .00  .00  .00  .00  .00  .00  .00  .00  .00  .00  .00  .00  .00  .00  .00  .00  .00  .00  .00",
"72297793184","2001-08-06T07:59:00","6","33.68","-117.86639","16.5","SANTA ANA JOHN WAYNE AIRPORT, CA US","SOD  ","KSNA ","V020","999,9,9,9999,9","99999,9,9,9","999999,9,9,9","+9999,9","+9999,9","99999,9","24,0000,9,5",,,,,,,,,,,,,,,,"0000,5","000,5","240,M,+0278,5","240,N,+0172,5",,,,,,,"10115,9,99999,4",,,"1,24,00715,190,1755,5","2,24,00626,200,1652,5","3,24,00228,999,9999,5","SOD60524 HR PRECIPITATION (IN): 0.00 TOTAL SUNSHINE (MINUTES):   0 PERCENT POSSIBLE SUNSHINE:  0 24 HR MAX TEMP (F): 8224 HR MAX TEMP TIME (LST):1212 24 HR MIN TEMP (F): 6324 HR MIN TEMP TIME (LST):0658 AVERAGE STATION PRESSURE:29.87  PEAK WIND SPEED (MPH): 16 PEAK WIND DIR (DEG):190 PEAK WIND TIME (LST):1755  FASTEST 2MIN SPEED (MPH): 14FASTEST 2MIN DIR (DEG):200 FASTEST 2MIN TIME (LST):1652 AVERAGE WIND SPEED (MPH): 5.1 24 HR AVG TEMP (F):73 HOURLY INCREMENTAL PRECIPITATION VALUES (IN):.00  .00  .00  .00  .00  .00  .00  .00  .00  .00  .00  .00  .00  .00  .00  .00  .00  .00  .00  .00  .00  .00  .00  .00",
"72297793184","2001-08-07T07:59:00","6","33.68","-117.86639","16.5","SANTA ANA JOHN WAYNE AIRPORT, CA US","SOD  ","KSNA ","V020","999,9,9,9999,9","99999,9,9,9","999999,9,9,9","+9999,9","+9999,9","99999,9","24,0000,9,5",,,,,,,,,,,,,,,,"0000,5","000,5","240,M,+0278,5","240,N,+0189,5",,,,,,,"10119,9,99999,4",,,"1,24,00715,210,1425,5","2,24,00581,190,1703,5","3,24,00237,999,9999,5","SOD60524 HR PRECIPITATION (IN): 0.00 TOTAL SUNSHINE (MINUTES):   0 PERCENT POSSIBLE SUNSHINE:  0 24 HR MAX TEMP (F): 8224 HR MAX TEMP TIME (LST):1430 24 HR MIN TEMP (F): 6624 HR MIN TEMP TIME (LST):2359 AVERAGE STATION PRESSURE:29.88  PEAK WIND SPEED (MPH): 16 PEAK WIND DIR (DEG):210 PEAK WIND TIME (LST):1425  FASTEST 2MIN SPEED (MPH): 13FASTEST 2MIN DIR (DEG):190 FASTEST 2MIN TIME (LST):1703 AVERAGE WIND SPEED (MPH): 5.3 24 HR AVG TEMP (F):74 HOURLY INCREMENTAL PRECIPITATION VALUES (IN):.00  .00  .00  .00  .00  .00  .00  .00  .00  .00  .00  .00  .00  .00  .00  .00  .00  .00  .00  .00  .00  .00  .00  .00",
"72297793184","2001-08-08T07:59:00","6","33.68","-117.86639","16.5","SANTA ANA JOHN WAYNE AIRPORT, CA US","SOD  ","KSNA ","V020","999,9,9,9999,9","99999,9,9,9","999999,9,9,9","+9999,9","+9999,9","99999,9","24,0000,9,5",,,,,,,,,,,,,,,,"0000,5","000,5","240,M,+0272,5","240,N,+0189,5",,,,,,,"10098,9,99999,4",,,"1,24,00671,220,1512,5","2,24,00581,210,1528,5","3,24,00273,999,9999,5","SOD60524 HR PRECIPITATION (IN): 0.00 TOTAL SUNSHINE (MINUTES):   0 PERCENT POSSIBLE SUNSHINE:  0 24 HR MAX TEMP (F): 8124 HR MAX TEMP TIME (LST):1122 24 HR MIN TEMP (F): 6624 HR MIN TEMP TIME (LST):2359 AVERAGE STATION PRESSURE:29.82  PEAK WIND SPEED (MPH): 15 PEAK WIND DIR (DEG):220 PEAK WIND TIME (LST):1512  FASTEST 2MIN SPEED (MPH): 13FASTEST 2MIN DIR (DEG):210 FASTEST 2MIN TIME (LST):1528 AVERAGE WIND SPEED (MPH): 6.1 24 HR AVG TEMP (F):74 HOURLY INCREMENTAL PRECIPITATION VALUES (IN):.00  .00  .00  .00  .00  .00  .00  .00  .00  .00  .00  .00  .00  .00  .00  .00  .00  .00  .00  .00  .00  .00  .00  .00",
"72297793184","2001-08-09T07:59:00","6","33.68","-117.86639","16.5","SANTA ANA JOHN WAYNE AIRPORT, CA US","SOD  ","KSNA ","V020","999,9,9,9999,9","99999,9,9,9","999999,9,9,9","+9999,9","+9999,9","99999,9","24,0000,9,5",,,,,,,,,,,,,,,,"0000,5","000,5","240,M,+0244,5","240,N,+0183,5",,,,,,,"10102,9,99999,4",,,"1,24,00760,190,1455,5","2,24,00626,200,1441,5","3,24,00286,999,9999,5","SOD60524 HR PRECIPITATION (IN): 0.00 TOTAL SUNSHINE (MINUTES):   0 PERCENT POSSIBLE SUNSHINE:  0 24 HR MAX TEMP (F): 7624 HR MAX TEMP TIME (LST):1505 24 HR MIN TEMP (F): 6524 HR MIN TEMP TIME (LST):2359 AVERAGE STATION PRESSURE:29.83  PEAK WIND SPEED (MPH): 17 PEAK WIND DIR (DEG):190 PEAK WIND TIME (LST):1455  FASTEST 2MIN SPEED (MPH): 14FASTEST 2MIN DIR (DEG):200 FASTEST 2MIN TIME (LST):1441 AVERAGE WIND SPEED (MPH): 6.4 24 HR AVG TEMP (F):71 HOURLY INCREMENTAL PRECIPITATION VALUES (IN):.00  .00  .00  .00  .00  .00  .00  .00  .00  .00  .00  .00  .00  .00  .00  .00  .00  .00  .00  .00  .00  .00  .00  .00",
"72297793184","2001-08-10T07:59:00","6","33.68","-117.86639","16.5","SANTA ANA JOHN WAYNE AIRPORT, CA US","SOD  ","KSNA ","V020","999,9,9,9999,9","99999,9,9,9","999999,9,9,9","+9999,9","+9999,9","99999,9","24,0000,9,5",,,,,,,,,,,,,,,,"0000,5","000,5","240,M,+0250,5","240,N,+0178,5",,,,,,,"10122,9,99999,4",,,"1,24,00671,230,1126,5","2,24,00536,220,1127,5","3,24,00268,999,9999,5","SOD60524 HR PRECIPITATION (IN): 0.00 TOTAL SUNSHINE (MINUTES):   0 PERCENT POSSIBLE SUNSHINE:  0 24 HR MAX TEMP (F): 7724 HR MAX TEMP TIME (LST):1424 24 HR MIN TEMP (F): 6424 HR MIN TEMP TIME (LST):2359 AVERAGE STATION PRESSURE:29.89  PEAK WIND SPEED (MPH): 15 PEAK WIND DIR (DEG):230 PEAK WIND TIME (LST):1126  FASTEST 2MIN SPEED (MPH): 12FASTEST 2MIN DIR (DEG):220 FASTEST 2MIN TIME (LST):1127 AVERAGE WIND SPEED (MPH): 6.0 24 HR AVG TEMP (F):71 HOURLY INCREMENTAL PRECIPITATION VALUES (IN):.00  .00  .00  .00  .00  .00  .00  .00  .00  .00  .00  .00  .00  .00  .00  .00  .00  .00  .00  .00  .00  .00  .00  .00",
"72297793184","2001-08-11T07:59:00","6","33.68","-117.86639","16.5","SANTA ANA JOHN WAYNE AIRPORT, CA US","SOD  ","KSNA ","V020","999,9,9,9999,9","99999,9,9,9","999999,9,9,9","+9999,9","+9999,9","99999,9","24,0000,9,5",,,,,,,,,,,,,,,,"0000,5","000,5","240,M,+0250,5","240,N,+0178,5",,,,,,,"10115,9,99999,4",,,"1,24,00626,220,1511,5","2,24,00447,200,1552,5","3,24,00210,999,9999,5","SOD60524 HR PRECIPITATION (IN): 0.00 TOTAL SUNSHINE (MINUTES):   0 PERCENT POSSIBLE SUNSHINE:  0 24 HR MAX TEMP (F): 7724 HR MAX TEMP TIME (LST):1511 24 HR MIN TEMP (F): 6424 HR MIN TEMP TIME (LST):0128 AVERAGE STATION PRESSURE:29.87  PEAK WIND SPEED (MPH): 14 PEAK WIND DIR (DEG):220 PEAK WIND TIME (LST):1511  FASTEST 2MIN SPEED (MPH): 10FASTEST 2MIN DIR (DEG):200 FASTEST 2MIN TIME (LST):1552 AVERAGE WIND SPEED (MPH): 4.7 24 HR AVG TEMP (F):71 HOURLY INCREMENTAL PRECIPITATION VALUES (IN):.00  .00  .00  .00  .00  .00  .00  .00  .00  .00  .00  .00  .00  .00  .00  .00  .00  .00  .00  .00  .00  .00  .00  .00",
"72297793184","2001-08-12T07:59:00","6","33.68","-117.86639","16.5","SANTA ANA JOHN WAYNE AIRPORT, CA US","SOD  ","KSNA ","V020","999,9,9,9999,9","99999,9,9,9","999999,9,9,9","+9999,9","+9999,9","99999,9","24,0000,9,5",,,,,,,,,,,,,,,,,,"240,M,+0256,5","240,N,+0178,5",,,,,,,"10102,9,99999,4",,,"1,24,00805,210,1310,5","2,24,00626,200,1551,5","3,24,00273,999,9999,5","SOD54524 HR PRECIPITATION (IN): 0.00 24 HR MAX TEMP (F): 7824 HR MAX TEMP TIME (LST):1328 24 HR MIN TEMP (F): 6424 HR MIN TEMP TIME (LST):0440 AVERAGE STATION PRESSURE:29.83  PEAK WIND SPEED (MPH): 18 PEAK WIND DIR (DEG):210 PEAK WIND TIME (LST):1310  FASTEST 2MIN SPEED (MPH): 14FASTEST 2MIN DIR (DEG):200 FASTEST 2MIN TIME (LST):1551 AVERAGE WIND SPEED (MPH): 6.1 24 HR AVG TEMP (F):71 HOURLY INCREMENTAL PRECIPITATION VALUES (IN):.00  .00  .00  .00  .00  .00  .00  .00  .00  .00  .00  .00  .00  .00  .00  .00  .00  .00  .00  .00  .00  .00  .00  .00",
"72297793184","2001-08-13T07:59:00","6","33.68","-117.86639","16.5","SANTA ANA JOHN WAYNE AIRPORT, CA US","SOD  ","KSNA ","V020","999,9,9,9999,9","99999,9,9,9","999999,9,9,9","+9999,9","+9999,9","99999,9","24,0000,9,5",,,,,,,,,,,,,,,,,,"240,M,+0250,5","240,N,+0189,5",,,,,,,"10115,9,99999,4",,,"1,24,00626,220,1342,5","2,24,00536,220,1342,5","3,24,00237,999,9999,5","SOD54524 HR PRECIPITATION (IN): 0.00 24 HR MAX TEMP (F): 7724 HR MAX TEMP TIME (LST):1505 24 HR MIN TEMP (F): 6624 HR MIN TEMP TIME (LST):2359 AVERAGE STATION PRESSURE:29.87  PEAK WIND SPEED (MPH): 14 PEAK WIND DIR (DEG):220 PEAK WIND TIME (LST):1342  FASTEST 2MIN SPEED (MPH): 12FASTEST 2MIN DIR (DEG):220 FASTEST 2MIN TIME (LST):1342 AVERAGE WIND SPEED (MPH): 5.3 24 HR AVG TEMP (F):72 HOURLY INCREMENTAL PRECIPITATION VALUES (IN):.00  .00  .00  .00  .00  .00  .00  .00  .00  .00  .00  .00  .00  .00  .00  .00  .00  .00  .00  .00  .00  .00  .00  .00",
"72297793184","2001-08-14T07:59:00","6","33.68","-117.86639","16.5","SANTA ANA JOHN WAYNE AIRPORT, CA US","SOD  ","KSNA ","V020","999,9,9,9999,9","99999,9,9,9","999999,9,9,9","+9999,9","+9999,9","99999,9","24,0000,9,5",,,,,,,,,,,,,,,,,,"240,M,+0278,5","240,N,+0183,5",,,,,,,"10119,9,99999,4",,,"1,24,00626,270,1314,5","2,24,00447,210,1615,5","3,24,00206,999,9999,5","SOD54524 HR PRECIPITATION (IN): 0.00 24 HR MAX TEMP (F): 8224 HR MAX TEMP TIME (LST):1507 24 HR MIN TEMP (F): 6524 HR MIN TEMP TIME (LST):0105 AVERAGE STATION PRESSURE:29.88  PEAK WIND SPEED (MPH): 14 PEAK WIND DIR (DEG):270 PEAK WIND TIME (LST):1314  FASTEST 2MIN SPEED (MPH): 10FASTEST 2MIN DIR (DEG):210 FASTEST 2MIN TIME (LST):1615 AVERAGE WIND SPEED (MPH): 4.6 24 HR AVG TEMP (F):74 HOURLY INCREMENTAL PRECIPITATION VALUES (IN):.00  .00  .00  .00  .00  .00  .00  .00  .00  .00  .00  .00  .00  .00  .00  .00  .00  .00  .00  .00  .00  .00  .00  .00",
"72297793184","2001-08-15T07:59:00","6","33.68","-117.86639","16.5","SANTA ANA JOHN WAYNE AIRPORT, CA US","SOD  ","KSNA ","V020","999,9,9,9999,9","99999,9,9,9","999999,9,9,9","+9999,9","+9999,9","99999,9","24,0000,9,5",,,,,,,,,,,,,,,,,,"240,M,+0294,5","240,N,+0183,5",,,,,,,"10102,9,99999,4",,,"1,24,00581,200,2037,5","2,24,00447,200,2038,5","3,24,00241,999,9999,5","SOD54524 HR PRECIPITATION (IN): 0.00 24 HR MAX TEMP (F): 8524 HR MAX TEMP TIME (LST):1509 24 HR MIN TEMP (F): 6524 HR MIN TEMP TIME (LST):0537 AVERAGE STATION PRESSURE:29.83  PEAK WIND SPEED (MPH): 13 PEAK WIND DIR (DEG):200 PEAK WIND TIME (LST):2037  FASTEST 2MIN SPEED (MPH): 10FASTEST 2MIN DIR (DEG):200 FASTEST 2MIN TIME (LST):2038 AVERAGE WIND SPEED (MPH): 5.4 24 HR AVG TEMP (F):75 HOURLY INCREMENTAL PRECIPITATION VALUES (IN):.00  .00  .00  .00  .00  .00  .00  .00  .00  .00  .00  .00  .00  .00  .00  .00  .00  .00  .00  .00  .00  .00  .00  .00",
"72297793184","2001-08-16T07:59:00","6","33.68","-117.86639","16.5","SANTA ANA JOHN WAYNE AIRPORT, CA US","SOD  ","KSNA ","V020","999,9,9,9999,9","99999,9,9,9","999999,9,9,9","+9999,9","+9999,9","99999,9","24,0000,9,5",,,,,,,,,,,,,,,,,,"240,M,+0289,5","240,N,+0189,5",,,,,,,"10091,9,99999,4",,,"1,24,00715,230,1456,5","2,24,00536,240,1457,5","3,24,00215,999,9999,5","SOD52324 HR PRECIPITATION (IN): 0.00 24 HR MAX TEMP (F): 8424 HR MAX TEMP TIME (LST):1235 24 HR MIN TEMP (F): 6624 HR MIN TEMP TIME (LST):2359 AVERAGE STATION PRESSURE:29.80  PEAK WIND SPEED (MPH): 16 PEAK WIND DIR (DEG):230 PEAK WIND TIME (LST):1456  FASTEST 2MIN SPEED (MPH): 12FASTEST 2MIN DIR (DEG):240 FASTEST 2MIN TIME (LST):1457 AVERAGE WIND SPEED (MPH): 4.8 HOURLY INCREMENTAL PRECIPITATION VALUES (IN):.00  .00  .00  .00  .00  .00  .00  .00  .00  .00  .00  .00  .00  .00  .00  .00  .00  .00  .00  .00  .00  .00  .00  .00",
"72297793184","2001-08-17T07:59:00","6","33.68","-117.86639","16.5","SANTA ANA JOHN WAYNE AIRPORT, CA US","SOD  ","KSNA ","V020","999,9,9,9999,9","99999,9,9,9","999999,9,9,9","+9999,9","+9999,9","99999,9","24,0000,9,5",,,,,,,,,,,,,,,,,,"240,M,+0272,5","240,N,+0189,5",,,,,,,"10102,9,99999,4",,,"1,24,00626,230,1127,5","2,24,00447,220,1520,5","3,24,00228,999,9999,5","SOD54524 HR PRECIPITATION (IN): 0.00 24 HR MAX TEMP (F): 8124 HR MAX TEMP TIME (LST):1447 24 HR MIN TEMP (F): 6624 HR MIN TEMP TIME (LST):0652 AVERAGE STATION PRESSURE:29.83  PEAK WIND SPEED (MPH): 14 PEAK WIND DIR (DEG):230 PEAK WIND TIME (LST):1127  FASTEST 2MIN SPEED (MPH): 10FASTEST 2MIN DIR (DEG):220 FASTEST 2MIN TIME (LST):1520 AVERAGE WIND SPEED (MPH): 5.1 24 HR AVG TEMP (F):74 HOURLY INCREMENTAL PRECIPITATION VALUES (IN):.00  .00  .00  .00  .00  .00  .00  .00  .00  .00  .00  .00  .00  .00  .00  .00  .00  .00  .00  .00  .00  .00  .00  .00",
"72297793184","2001-08-18T07:59:00","6","33.68","-117.86639","16.5","SANTA ANA JOHN WAYNE AIRPORT, CA US","SOD  ","KSNA ","V020","999,9,9,9999,9","99999,9,9,9","999999,9,9,9","+9999,9","+9999,9","99999,9","24,0000,9,5",,,,,,,,,,,,,,,,"0000,5","000,5","240,M,+0272,5","240,N,+0183,5",,,,,,,"10115,9,99999,4",,,"1,24,00760,250,1355,5","2,24,00536,270,1349,5","3,24,00255,999,9999,5","SOD60524 HR PRECIPITATION (IN): 0.00 TOTAL SUNSHINE (MINUTES):   0 PERCENT POSSIBLE SUNSHINE:  0 24 HR MAX TEMP (F): 8124 HR MAX TEMP TIME (LST):1642 24 HR MIN TEMP (F): 6524 HR MIN TEMP TIME (LST):0535 AVERAGE STATION PRESSURE:29.87  PEAK WIND SPEED (MPH): 17 PEAK WIND DIR (DEG):250 PEAK WIND TIME (LST):1355  FASTEST 2MIN SPEED (MPH): 12FASTEST 2MIN DIR (DEG):270 FASTEST 2MIN TIME (LST):1349 AVERAGE WIND SPEED (MPH): 5.7 24 HR AVG TEMP (F):73 HOURLY INCREMENTAL PRECIPITATION VALUES (IN):.00  .00  .00  .00  .00  .00  .00  .00  .00  .00  .00  .00  .00  .00  .00  .00  .00  .00  .00  .00  .00  .00  .00  .00",
"72297793184","2001-08-19T07:59:00","6","33.68","-117.86639","16.5","SANTA ANA JOHN WAYNE AIRPORT, CA US","SOD  ","KSNA ","V020","999,9,9,9999,9","99999,9,9,9","999999,9,9,9","+9999,9","+9999,9","99999,9","24,0000,9,5",,,,,,,,,,,,,,,,"0000,5","000,5","240,M,+0278,5","240,N,+0183,5",,,,,,,"10112,9,99999,4",,,"1,24,00760,220,1600,5","2,24,00671,210,1600,5","3,24,00264,999,9999,5","SOD60524 HR PRECIPITATION (IN): 0.00 TOTAL SUNSHINE (MINUTES):   0 PERCENT POSSIBLE SUNSHINE:  0 24 HR MAX TEMP (F): 8224 HR MAX TEMP TIME (LST):1441 24 HR MIN TEMP (F): 6524 HR MIN TEMP TIME (LST):0555 AVERAGE STATION PRESSURE:29.86  PEAK WIND SPEED (MPH): 17 PEAK WIND DIR (DEG):220 PEAK WIND TIME (LST):1600  FASTEST 2MIN SPEED (MPH): 15FASTEST 2MIN DIR (DEG):210 FASTEST 2MIN TIME (LST):1600 AVERAGE WIND SPEED (MPH): 5.9 24 HR AVG TEMP (F):74 HOURLY INCREMENTAL PRECIPITATION VALUES (IN):.00  .00  .00  .00  .00  .00  .00  .00  .00  .00  .00  .00  .00  .00  .00  .00  .00  .00  .00  .00  .00  .00  .00  .00",
"72297793184","2001-08-20T07:59:00","6","33.68","-117.86639","16.5","SANTA ANA JOHN WAYNE AIRPORT, CA US","SOD  ","KSNA ","V020","999,9,9,9999,9","99999,9,9,9","999999,9,9,9","+9999,9","+9999,9","99999,9","24,0000,9,5",,,,,,,,,,,,,,,,,,"240,M,+0278,5","240,N,+0183,5",,,,,,,"10102,9,99999,4",,,"1,24,00894,220,1356,5","2,24,00715,200,1450,5","3,24,00340,999,9999,5","SOD54524 HR PRECIPITATION (IN): 0.00 24 HR MAX TEMP (F): 8224 HR MAX TEMP TIME (LST):1350 24 HR MIN TEMP (F): 6524 HR MIN TEMP TIME (LST):0552 AVERAGE STATION PRESSURE:29.83  PEAK WIND SPEED (MPH): 20 PEAK WIND DIR (DEG):220 PEAK WIND TIME (LST):1356  FASTEST 2MIN SPEED (MPH): 16FASTEST 2MIN DIR (DEG):200 FASTEST 2MIN TIME (LST):1450 AVERAGE WIND SPEED (MPH): 7.6 24 HR AVG TEMP (F):74 HOURLY INCREMENTAL PRECIPITATION VALUES (IN):.00  .00  .00  .00  .00  .00  .00  .00  .00  .00  .00  .00  .00  .00  .00  .00  .00  .00  .00  .00  .00  .00  .00  .00",
"72297793184","2001-08-21T07:59:00","6","33.68","-117.86639","16.5","SANTA ANA JOHN WAYNE AIRPORT, CA US","SOD  ","KSNA ","V020","999,9,9,9999,9","99999,9,9,9","999999,9,9,9","+9999,9","+9999,9","99999,9","24,0000,9,5",,,,,,,,,,,,,,,,,,"240,M,+0256,5","240,N,+0178,5",,,,,,,"10105,9,99999,4",,,"1,24,00760,220,1329,5","2,24,00626,210,1436,5","3,24,00300,999,9999,5","SOD54524 HR PRECIPITATION (IN): 0.00 24 HR MAX TEMP (F): 7824 HR MAX TEMP TIME (LST):1321 24 HR MIN TEMP (F): 6424 HR MIN TEMP TIME (LST):2246 AVERAGE STATION PRESSURE:29.84  PEAK WIND SPEED (MPH): 17 PEAK WIND DIR (DEG):220 PEAK WIND TIME (LST):1329  FASTEST 2MIN SPEED (MPH): 14FASTEST 2MIN DIR (DEG):210 FASTEST 2MIN TIME (LST):1436 AVERAGE WIND SPEED (MPH): 6.7 24 HR AVG TEMP (F):71 HOURLY INCREMENTAL PRECIPITATION VALUES (IN):.00  .00  .00  .00  .00  .00  .00  .00  .00  .00  .00  .00  .00  .00  .00  .00  .00  .00  .00  .00  .00  .00  .00  .00",
"72297793184","2001-08-22T07:59:00","6","33.68","-117.86639","16.5","SANTA ANA JOHN WAYNE AIRPORT, CA US","SOD  ","KSNA ","V020","999,9,9,9999,9","99999,9,9,9","999999,9,9,9","+9999,9","+9999,9","99999,9","24,0000,9,5",,,,,,,,,,,,,,,,,,"240,M,+0228,5","240,N,+0183,5",,,,,,,"10112,9,99999,4",,,"1,24,00760,190,1300,5","2,24,00626,210,1255,5","3,24,00344,999,9999,5","SOD54524 HR PRECIPITATION (IN): 0.00 24 HR MAX TEMP (F): 7324 HR MAX TEMP TIME (LST):1518 24 HR MIN TEMP (F): 6524 HR MIN TEMP TIME (LST):2348 AVERAGE STATION PRESSURE:29.86  PEAK WIND SPEED (MPH): 17 PEAK WIND DIR (DEG):190 PEAK WIND TIME (LST):1300  FASTEST 2MIN SPEED (MPH): 14FASTEST 2MIN DIR (DEG):210 FASTEST 2MIN TIME (LST):1255 AVERAGE WIND SPEED (MPH): 7.7 24 HR AVG TEMP (F):69 HOURLY INCREMENTAL PRECIPITATION VALUES (IN):.00  .00  .00  .00  .00  .00  .00  .00  .00  .00  .00  .00  .00  .00  .00  .00  .00  .00  .00  .00  .00  .00  .00  .00",
"72297793184","2001-08-23T07:59:00","6","33.68","-117.86639","16.5","SANTA ANA JOHN WAYNE AIRPORT, CA US","SOD  ","KSNA ","V020","999,9,9,9999,9","99999,9,9,9","999999,9,9,9","+9999,9","+9999,9","99999,9","24,0000,9,5",,,,,,,,,,,,,,,,"0000,5","000,5","240,M,+0239,5","240,N,+0178,5",,,,,,,"10125,9,99999,4",,,"1,24,00894,210,1206,5","2,24,00626,210,1346,5","3,24,00300,999,9999,5","SOD60524 HR PRECIPITATION (IN): 0.00 TOTAL SUNSHINE (MINUTES):   0 PERCENT POSSIBLE SUNSHINE:  0 24 HR MAX TEMP (F): 7524 HR MAX TEMP TIME (LST):1159 24 HR MIN TEMP (F): 6424 HR MIN TEMP TIME (LST):2352 AVERAGE STATION PRESSURE:29.90  PEAK WIND SPEED (MPH): 20 PEAK WIND DIR (DEG):210 PEAK WIND TIME (LST):1206  FASTEST 2MIN SPEED (MPH): 14FASTEST 2MIN DIR (DEG):210 FASTEST 2MIN TIME (LST):1346 AVERAGE WIND SPEED (MPH): 6.7 24 HR AVG TEMP (F):70 HOURLY INCREMENTAL PRECIPITATION VALUES (IN):.00  .00  .00  .00  .00  .00  .00  .00  .00  .00  .00  .00  .00  .00  .00  .00  .00  .00  .00  .00  .00  .00  .00  .00",
"72297793184","2001-08-24T07:59:00","6","33.68","-117.86639","16.5","SANTA ANA JOHN WAYNE AIRPORT, CA US","SOD  ","KSNA ","V020","999,9,9,9999,9","99999,9,9,9","999999,9,9,9","+9999,9","+9999,9","99999,9","24,0000,9,5",,,,,,,,,,,,,,,,"0000,5","000,5","240,M,+0256,5","240,N,+0183,5",,,,,,,"10112,9,99999,4",,,"1,24,00715,240,1534,5","2,24,00581,210,1255,5","3,24,00237,999,9999,5","SOD60524 HR PRECIPITATION (IN): 0.00 TOTAL SUNSHINE (MINUTES):   0 PERCENT POSSIBLE SUNSHINE:  0 24 HR MAX TEMP (F): 7824 HR MAX TEMP TIME (LST):1246 24 HR MIN TEMP (F): 6524 HR MIN TEMP TIME (LST):0224 AVERAGE STATION PRESSURE:29.86  PEAK WIND SPEED (MPH): 16 PEAK WIND DIR (DEG):240 PEAK WIND TIME (LST):1534  FASTEST 2MIN SPEED (MPH): 13FASTEST 2MIN DIR (DEG):210 FASTEST 2MIN TIME (LST):1255 AVERAGE WIND SPEED (MPH): 5.3 24 HR AVG TEMP (F):72 HOURLY INCREMENTAL PRECIPITATION VALUES (IN):.00  .00  .00  .00  .00  .00  .00  .00  .00  .00  .00  .00  .00  .00  .00  .00  .00  .00  .00  .00  .00  .00  .00  .00",
"72297793184","2001-08-25T07:59:00","6","33.68","-117.86639","16.5","SANTA ANA JOHN WAYNE AIRPORT, CA US","SOD  ","KSNA ","V020","999,9,9,9999,9","99999,9,9,9","999999,9,9,9","+9999,9","+9999,9","99999,9","24,0000,9,5",,,,,,,,,,,,,,,,"0000,5","000,5","240,M,+0261,5","240,N,+0172,5",,,,,,,"10078,9,99999,4",,,"1,24,00715,220,1335,5","2,24,00581,200,1239,5","3,24,00246,999,9999,5","SOD60524 HR PRECIPITATION (IN): 0.00 TOTAL SUNSHINE (MINUTES):   0 PERCENT POSSIBLE SUNSHINE:  0 24 HR MAX TEMP (F): 7924 HR MAX TEMP TIME (LST):1504 24 HR MIN TEMP (F): 6324 HR MIN TEMP TIME (LST):0533 AVERAGE STATION PRESSURE:29.76  PEAK WIND SPEED (MPH): 16 PEAK WIND DIR (DEG):220 PEAK WIND TIME (LST):1335  FASTEST 2MIN SPEED (MPH): 13FASTEST 2MIN DIR (DEG):200 FASTEST 2MIN TIME (LST):1239 AVERAGE WIND SPEED (MPH): 5.5 24 HR AVG TEMP (F):71 HOURLY INCREMENTAL PRECIPITATION VALUES (IN):.00  .00  .00  .00  .00  .00  .00  .00  .00  .00  .00  .00  .00  .00  .00  .00  .00  .00  .00  .00  .00  .00  .00  .00",
"72297793184","2001-08-26T07:59:00","6","33.68","-117.86639","16.5","SANTA ANA JOHN WAYNE AIRPORT, CA US","SOD  ","KSNA ","V020","999,9,9,9999,9","99999,9,9,9","999999,9,9,9","+9999,9","+9999,9","99999,9","24,0000,9,5",,,,,,,,,,,,,,,,"0000,5","000,5","240,M,+0261,5","240,N,+0183,5",,,,,,,"10058,9,99999,4",,,"1,24,00805,230,1422,5","2,24,00626,190,1512,5","3,24,00259,999,9999,5","SOD60524 HR PRECIPITATION (IN): 0.00 TOTAL SUNSHINE (MINUTES):   0 PERCENT POSSIBLE SUNSHINE:  0 24 HR MAX TEMP (F): 7924 HR MAX TEMP TIME (LST):1059 24 HR MIN TEMP (F): 6524 HR MIN TEMP TIME (LST):2359 AVERAGE STATION PRESSURE:29.70  PEAK WIND SPEED (MPH): 18 PEAK WIND DIR (DEG):230 PEAK WIND TIME (LST):1422  FASTEST 2MIN SPEED (MPH): 14FASTEST 2MIN DIR (DEG):190 FASTEST 2MIN TIME (LST):1512 AVERAGE WIND SPEED (MPH): 5.8 24 HR AVG TEMP (F):72 HOURLY INCREMENTAL PRECIPITATION VALUES (IN):.00  .00  .00  .00  .00  .00  .00  .00  .00  .00  .00  .00  .00  .00  .00  .00  .00  .00  .00  .00  .00  .00  .00  .00",
"72297793184","2001-08-27T07:59:00","6","33.68","-117.86639","16.5","SANTA ANA JOHN WAYNE AIRPORT, CA US","SOD  ","KSNA ","V020","999,9,9,9999,9","99999,9,9,9","999999,9,9,9","+9999,9","+9999,9","99999,9","24,0000,9,5",,,,,,,,,,,,,,,,,,"240,M,+0267,5","240,N,+0178,5",,,,,,,"10078,9,99999,4",,,"1,24,00715,250,1501,5","2,24,00581,200,1727,5","3,24,00228,999,9999,5","SOD54524 HR PRECIPITATION (IN): 0.00 24 HR MAX TEMP (F): 8024 HR MAX TEMP TIME (LST):1348 24 HR MIN TEMP (F): 6424 HR MIN TEMP TIME (LST):0651 AVERAGE STATION PRESSURE:29.76  PEAK WIND SPEED (MPH): 16 PEAK WIND DIR (DEG):250 PEAK WIND TIME (LST):1501  FASTEST 2MIN SPEED (MPH): 13FASTEST 2MIN DIR (DEG):200 FASTEST 2MIN TIME (LST):1727 AVERAGE WIND SPEED (MPH): 5.1 24 HR AVG TEMP (F):72 HOURLY INCREMENTAL PRECIPITATION VALUES (IN):.00  .00  .00  .00  .00  .00  .00  .00  .00  .00  .00  .00  .00  .00  .00  .00  .00  .00  .00  .00  .00  .00  .00  .00",
"72297793184","2001-08-28T07:59:00","6","33.68","-117.86639","16.5","SANTA ANA JOHN WAYNE AIRPORT, CA US","SOD  ","KSNA ","V020","999,9,9,9999,9","99999,9,9,9","999999,9,9,9","+9999,9","+9999,9","99999,9","24,0000,9,5",,,,,,,,,,,,,,,,"0000,5","000,5","240,M,+0244,5","240,N,+0172,5",,,,,,,"10078,9,99999,4",,,"1,24,00805,200,1204,5","2,24,00671,200,1407,5","3,24,00282,999,9999,5","SOD60524 HR PRECIPITATION (IN): 0.00 TOTAL SUNSHINE (MINUTES):   0 PERCENT POSSIBLE SUNSHINE:  0 24 HR MAX TEMP (F): 7624 HR MAX TEMP TIME (LST):1316 24 HR MIN TEMP (F): 6324 HR MIN TEMP TIME (LST):2323 AVERAGE STATION PRESSURE:29.76  PEAK WIND SPEED (MPH): 18 PEAK WIND DIR (DEG):200 PEAK WIND TIME (LST):1204  FASTEST 2MIN SPEED (MPH): 15FASTEST 2MIN DIR (DEG):200 FASTEST 2MIN TIME (LST):1407 AVERAGE WIND SPEED (MPH): 6.3 24 HR AVG TEMP (F):70 HOURLY INCREMENTAL PRECIPITATION VALUES (IN):.00  .00  .00  .00  .00  .00  .00  .00  .00  .00  .00  .00  .00  .00  .00  .00  .00  .00  .00  .00  .00  .00  .00  .00",
"72297793184","2001-08-29T07:59:00","6","33.68","-117.86639","16.5","SANTA ANA JOHN WAYNE AIRPORT, CA US","SOD  ","KSNA ","V020","999,9,9,9999,9","99999,9,9,9","999999,9,9,9","+9999,9","+9999,9","99999,9","24,0000,9,5",,,,,,,,,,,,,,,,,,"240,M,+0228,5","240,N,+0172,5",,,,,,,"10058,9,99999,4",,,"1,24,00983,210,1353,5","2,24,00894,210,1355,5","3,24,00313,999,9999,5","SOD52324 HR PRECIPITATION (IN): 0.00 24 HR MAX TEMP (F): 7324 HR MAX TEMP TIME (LST):1245 24 HR MIN TEMP (F): 6324 HR MIN TEMP TIME (LST):2244 AVERAGE STATION PRESSURE:29.70  PEAK WIND SPEED (MPH): 22 PEAK WIND DIR (DEG):210 PEAK WIND TIME (LST):1353  FASTEST 2MIN SPEED (MPH): 20FASTEST 2MIN DIR (DEG):210 FASTEST 2MIN TIME (LST):1355 AVERAGE WIND SPEED (MPH): 7.0 HOURLY INCREMENTAL PRECIPITATION VALUES (IN):.00  .00  .00  .00  .00  .00  .00  .00  .00  .00  .00  .00  .00  .00  .00  .00  .00  .00  .00  .00  .00  .00  .00  .00",
"72297793184","2001-08-30T07:59:00","6","33.68","-117.86639","16.5","SANTA ANA JOHN WAYNE AIRPORT, CA US","SOD  ","KSNA ","V020","999,9,9,9999,9","99999,9,9,9","999999,9,9,9","+9999,9","+9999,9","99999,9","24,0000,9,5",,,,,,,,,,,,,,,,"0000,5","000,5","240,M,+0239,5","240,N,+0172,5",,,,,,,"10071,9,99999,4",,,"1,24,00983,220,1347,5","2,24,00760,190,1348,5","3,24,00322,999,9999,5","SOD60524 HR PRECIPITATION (IN): 0.00 TOTAL SUNSHINE (MINUTES):   0 PERCENT POSSIBLE SUNSHINE:  0 24 HR MAX TEMP (F): 7524 HR MAX TEMP TIME (LST):1259 24 HR MIN TEMP (F): 6324 HR MIN TEMP TIME (LST):0521 AVERAGE STATION PRESSURE:29.74  PEAK WIND SPEED (MPH): 22 PEAK WIND DIR (DEG):220 PEAK WIND TIME (LST):1347  FASTEST 2MIN SPEED (MPH): 17FASTEST 2MIN DIR (DEG):190 FASTEST 2MIN TIME (LST):1348 AVERAGE WIND SPEED (MPH): 7.2 24 HR AVG TEMP (F):69 HOURLY INCREMENTAL PRECIPITATION VALUES (IN):.00  .00  .00  .00  .00  .00  .00  .00  .00  .00  .00  .00  .00  .00  .00  .00  .00  .00  .00  .00  .00  .00  .00  .00",
"72297793184","2001-08-31T07:59:00","6","33.68","-117.86639","16.5","SANTA ANA JOHN WAYNE AIRPORT, CA US","SOD  ","KSNA ","V020","999,9,9,9999,9","99999,9,9,9","999999,9,9,9","+9999,9","+9999,9","99999,9","24,0000,9,5",,,,,,,,,,,,,,,,"0000,5","000,5","240,M,+0250,5","240,N,+0183,5",,,,,,,"10095,9,99999,4",,,"1,24,00805,230,1354,5","2,24,00626,220,1434,5","3,24,00295,999,9999,5","SOD60524 HR PRECIPITATION (IN): 0.00 TOTAL SUNSHINE (MINUTES):   0 PERCENT POSSIBLE SUNSHINE:  0 24 HR MAX TEMP (F): 7724 HR MAX TEMP TIME (LST):1317 24 HR MIN TEMP (F): 6524 HR MIN TEMP TIME (LST):2359 AVERAGE STATION PRESSURE:29.81  PEAK WIND SPEED (MPH): 18 PEAK WIND DIR (DEG):230 PEAK WIND TIME (LST):1354  FASTEST 2MIN SPEED (MPH): 14FASTEST 2MIN DIR (DEG):220 FASTEST 2MIN TIME (LST):1434 AVERAGE WIND SPEED (MPH): 6.6 24 HR AVG TEMP (F):71 HOURLY INCREMENTAL PRECIPITATION VALUES (IN):.00  .00  .00  .00  .00  .00  .00  .00  .00  .00  .00  .00  .00  .00  .00  .00  .00  .00  .00  .00  .00  .00  .00  .00",
"72297793184","2001-09-01T07:59:00","6","33.68","-117.86639","16.5","SANTA ANA JOHN WAYNE AIRPORT, CA US","SOD  ","KSNA ","V020","999,9,9,9999,9","99999,9,9,9","999999,9,9,9","+9999,9","+9999,9","99999,9","24,0000,9,5",,,,,,,,,,,,,,,,"0000,5","000,5","240,M,+0244,5","240,N,+0172,5",,,,,,,"10091,9,99999,4",,,"1,24,00805,220,1311,5","2,24,00671,210,1612,5","3,24,00250,999,9999,5","SOD60524 HR PRECIPITATION (IN): 0.00 TOTAL SUNSHINE (MINUTES):   0 PERCENT POSSIBLE SUNSHINE:  0 24 HR MAX TEMP (F): 7624 HR MAX TEMP TIME (LST):1323 24 HR MIN TEMP (F): 6324 HR MIN TEMP TIME (LST):0500 AVERAGE STATION PRESSURE:29.80  PEAK WIND SPEED (MPH): 18 PEAK WIND DIR (DEG):220 PEAK WIND TIME (LST):1311  FASTEST 2MIN SPEED (MPH): 15FASTEST 2MIN DIR (DEG):210 FASTEST 2MIN TIME (LST):1612 AVERAGE WIND SPEED (MPH): 5.6 24 HR AVG TEMP (F):70 HOURLY INCREMENTAL PRECIPITATION VALUES (IN):.00  .00  .00  .00  .00  .00  .00  .00  .00  .00  .00  .00  .00  .00  .00  .00  .00  .00  .00  .00  .00  .00  .00  .00",
"72297793184","2001-09-01T07:59:00","6","33.68","-117.86639","16.5","SANTA ANA JOHN WAYNE AIRPORT, CA US","SOM  ","KSNA ","V020","999,9,9,9999,9","99999,9,9,9","999999,9,9,9","+9999,9","+9999,9","99999,9",,"00000,9,5","00000,9,9999,9999,9999,5","00,5,00,5,99,9,00,5",,,,,,,,,,,,,,,,,"744,N,+1806,5","744,M,+2578,5","744,A,+2194,5","744,H,0000,5","744,C,0209,6","00,5,00,5,00,5,00,5",,"10102,4,10135,4","10186,999999,5,10071,281811,5",,,,"SOM432PCP MTOT: 0.00 DEPNRM: -.09 PCP GT 24HRS: 0.00 DAYS W/PCP >=.01: 0 DAYS W/PCP >=.10: 0 DAYS W/PCP >=1.00:  SN GT DP ON GRND:0 - DATE(S):0  AVG DLY MIN: 64.5 AVG DLY MAX: 78.4 AVG MLY TMP: 71.5 DAYS MAX <=32:  DAYS MAX >=70: 0 DAYS MAX >=90: 0 DAYS MIN <=32: 0 DAYS MIN  <=0: 0 AVG STP:29.83  AVG SLP:29.93  LWST SLP:29.74 DATE/TIME:281811 HGST SLP:30.08 DATE/TIME: 20831 HDD MTH TOT:   0 DEP NORM:   0 CDD MTH TOT: 209 DEP NORM:-337","R01   0 -7AKS007R02   2097KDC058"
"72297793184","2001-09-02T07:59:00","6","33.68","-117.86639","16.5","SANTA ANA JOHN WAYNE AIRPORT, CA US","SOD  ","KSNA ","V020","999,9,9,9999,9","99999,9,9,9","999999,9,9,9","+9999,9","+9999,9","99999,9","24,0000,9,5",,,,,,,,,,,,,,,,"0000,5","000,5","240,M,+0267,5","240,N,+0183,6",,,,,,,"10091,9,99999,4",,,"1,24,00715,200,1629,5","2,24,00581,200,1630,5","3,24,00201,999,9999,5","SOD60524 HR PRECIPITATION (IN): 0.00 TOTAL SUNSHINE (MINUTES):   0 PERCENT POSSIBLE SUNSHINE:  0 24 HR MAX TEMP (F): 8024 HR MAX TEMP TIME (LST):1335 24 HR MIN TEMP (F): 6524 HR MIN TEMP TIME (LST):0522 AVERAGE STATION PRESSURE:29.80  PEAK WIND SPEED (MPH): 16 PEAK WIND DIR (DEG):200 PEAK WIND TIME (LST):1629  FASTEST 2MIN SPEED (MPH): 13FASTEST 2MIN DIR (DEG):200 FASTEST 2MIN TIME (LST):1630 AVERAGE WIND SPEED (MPH): 4.5 24 HR AVG TEMP (F):73 HOURLY INCREMENTAL PRECIPITATION VALUES (IN):.00  .00  .00  .00  .00  .00  .00  .00  .00  .00  .00  .00  .00  .00  .00  .00  .00  .00  .00  .00  .00  .00  .00  .00","R01    657KAN014"
"72297793184","2001-09-03T07:59:00","6","33.68","-117.86639","16.5","SANTA ANA JOHN WAYNE AIRPORT, CA US","SOD  ","KSNA ","V020","999,9,9,9999,9","99999,9,9,9","999999,9,9,9","+9999,9","+9999,9","99999,9","24,0000,9,5",,,,,,,,,,,,,,,,"0000,5","000,5","240,M,+0278,5","240,N,+0194,5",,,,,,,"10088,9,99999,4",,,"1,24,00671,220,1734,5","2,24,00626,220,1734,5","3,24,00250,999,9999,5","SOD60524 HR PRECIPITATION (IN): 0.00 TOTAL SUNSHINE (MINUTES):   0 PERCENT POSSIBLE SUNSHINE:  0 24 HR MAX TEMP (F): 8224 HR MAX TEMP TIME (LST):1439 24 HR MIN TEMP (F): 6724 HR MIN TEMP TIME (LST):0234 AVERAGE STATION PRESSURE:29.79  PEAK WIND SPEED (MPH): 15 PEAK WIND DIR (DEG):220 PEAK WIND TIME (LST):1734  FASTEST 2MIN SPEED (MPH): 14FASTEST 2MIN DIR (DEG):220 FASTEST 2MIN TIME (LST):1734 AVERAGE WIND SPEED (MPH): 5.6 24 HR AVG TEMP (F):75 HOURLY INCREMENTAL PRECIPITATION VALUES (IN):.00  .00  .00  .00  .00  .00  .00  .00  .00  .00  .00  .00  .00  .00  .00  .00  .00  .00  .00  .00  .00  .00  .00  .00",
"72297793184","2001-09-04T07:59:00","6","33.68","-117.86639","16.5","SANTA ANA JOHN WAYNE AIRPORT, CA US","SOD  ","KSNA ","V020","999,9,9,9999,9","99999,9,9,9","999999,9,9,9","+9999,9","+9999,9","99999,9","24,0000,9,5",,,,,,,,,,,,,,,,"0000,5","000,5","240,M,+0256,5","240,N,+0189,5",,,,,,,"10095,9,99999,4",,,"1,24,00715,220,1444,5","2,24,00626,220,1445,5","3,24,00237,999,9999,5","SOD60524 HR PRECIPITATION (IN): 0.00 TOTAL SUNSHINE (MINUTES):   0 PERCENT POSSIBLE SUNSHINE:  0 24 HR MAX TEMP (F): 7824 HR MAX TEMP TIME (LST):1225 24 HR MIN TEMP (F): 6624 HR MIN TEMP TIME (LST):2350 AVERAGE STATION PRESSURE:29.81  PEAK WIND SPEED (MPH): 16 PEAK WIND DIR (DEG):220 PEAK WIND TIME (LST):1444  FASTEST 2MIN SPEED (MPH): 14FASTEST 2MIN DIR (DEG):220 FASTEST 2MIN TIME (LST):1445 AVERAGE WIND SPEED (MPH): 5.3 24 HR AVG TEMP (F):72 HOURLY INCREMENTAL PRECIPITATION VALUES (IN):.00  .00  .00  .00  .00  .00  .00  .00  .00  .00  .00  .00  .00  .00  .00  .00  .00  .00  .00  .00  .00  .00  .00  .00",
"72297793184","2001-09-05T07:59:00","6","33.68","-117.86639","16.5","SANTA ANA JOHN WAYNE AIRPORT, CA US","SOD  ","KSNA ","V020","999,9,9,9999,9","99999,9,9,9","999999,9,9,9","+9999,9","+9999,9","99999,9","24,0000,9,5",,,,,,,,,,,,,,,,"0000,5","000,5","240,M,+0261,5","240,N,+0194,5",,,,,,,"10085,9,99999,4",,,"1,24,00715,240,1403,5","2,24,00536,230,1349,5","3,24,00210,999,9999,5","SOD60524 HR PRECIPITATION (IN): 0.00 TOTAL SUNSHINE (MINUTES):   0 PERCENT POSSIBLE SUNSHINE:  0 24 HR MAX TEMP (F): 7924 HR MAX TEMP TIME (LST):1156 24 HR MIN TEMP (F): 6724 HR MIN TEMP TIME (LST):2257 AVERAGE STATION PRESSURE:29.78  PEAK WIND SPEED (MPH): 16 PEAK WIND DIR (DEG):240 PEAK WIND TIME (LST):1403  FASTEST 2MIN SPEED (MPH): 12FASTEST 2MIN DIR (DEG):230 FASTEST 2MIN TIME (LST):1349 AVERAGE WIND SPEED (MPH): 4.7 24 HR AVG TEMP (F):73 HOURLY INCREMENTAL PRECIPITATION VALUES (IN):.00  .00  .00  .00  .00  .00  .00  .00  .00  .00  .00  .00  .00  .00  .00  .00  .00  .00  .00  .00  .00  .00  .00  .00",
"72297793184","2001-09-06T07:59:00","6","33.68","-117.86639","16.5","SANTA ANA JOHN WAYNE AIRPORT, CA US","SOD  ","KSNA ","V020","999,9,9,9999,9","99999,9,9,9","999999,9,9,9","+9999,9","+9999,9","99999,9","24,0000,9,5",,,,,,,,,,,,,,,,"0000,5","000,5","240,M,+0244,5","240,N,+0183,5",,,,,,,"10091,9,99999,4",,,"1,24,00760,230,1251,5","2,24,00626,190,1600,5","3,24,00282,999,9999,5","SOD60524 HR PRECIPITATION (IN): 0.00 TOTAL SUNSHINE (MINUTES):   0 PERCENT POSSIBLE SUNSHINE:  0 24 HR MAX TEMP (F): 7624 HR MAX TEMP TIME (LST):1102 24 HR MIN TEMP (F): 6524 HR MIN TEMP TIME (LST):2344 AVERAGE STATION PRESSURE:29.80  PEAK WIND SPEED (MPH): 17 PEAK WIND DIR (DEG):230 PEAK WIND TIME (LST):1251  FASTEST 2MIN SPEED (MPH): 14FASTEST 2MIN DIR (DEG):190 FASTEST 2MIN TIME (LST):1600 AVERAGE WIND SPEED (MPH): 6.3 24 HR AVG TEMP (F):71 HOURLY INCREMENTAL PRECIPITATION VALUES (IN):.00  .00  .00  .00  .00  .00  .00  .00  .00  .00  .00  .00  .00  .00  .00  .00  .00  .00  .00  .00  .00  .00  .00  .00",
"72297793184","2001-09-07T07:59:00","6","33.68","-117.86639","16.5","SANTA ANA JOHN WAYNE AIRPORT, CA US","SOD  ","KSNA ","V020","999,9,9,9999,9","99999,9,9,9","999999,9,9,9","+9999,9","+9999,9","99999,9","24,0000,9,5",,,,,,,,,,,,,,,,"0000,5","000,5","240,M,+0233,5","240,N,+0183,5",,,,,,,"10102,9,99999,4",,,"1,24,00760,210,1638,5","2,24,00671,210,1652,5","3,24,00340,999,9999,5","SOD60524 HR PRECIPITATION (IN): 0.00 TOTAL SUNSHINE (MINUTES):   0 PERCENT POSSIBLE SUNSHINE:  0 24 HR MAX TEMP (F): 7424 HR MAX TEMP TIME (LST):1301 24 HR MIN TEMP (F): 6524 HR MIN TEMP TIME (LST):2359 AVERAGE STATION PRESSURE:29.83  PEAK WIND SPEED (MPH): 17 PEAK WIND DIR (DEG):210 PEAK WIND TIME (LST):1638  FASTEST 2MIN SPEED (MPH): 15FASTEST 2MIN DIR (DEG):210 FASTEST 2MIN TIME (LST):1652 AVERAGE WIND SPEED (MPH): 7.6 24 HR AVG TEMP (F):70 HOURLY INCREMENTAL PRECIPITATION VALUES (IN):.00  .00  .00  .00  .00  .00  .00  .00  .00  .00  .00  .00  .00  .00  .00  .00  .00  .00  .00  .00  .00  .00  .00  .00",
"72297793184","2001-09-08T07:59:00","6","33.68","-117.86639","16.5","SANTA ANA JOHN WAYNE AIRPORT, CA US","SOD  ","KSNA ","V020","999,9,9,9999,9","99999,9,9,9","999999,9,9,9","+9999,9","+9999,9","99999,9","24,0000,9,5",,,,,,,,,,,,,,,,"0000,5","000,5","240,M,+0233,5","240,N,+0178,5",,,,,,,"10105,9,99999,4",,,"1,24,00715,210,1259,5","2,24,00581,200,1259,5","3,24,00286,999,9999,5","SOD60524 HR PRECIPITATION (IN): 0.00 TOTAL SUNSHINE (MINUTES):   0 PERCENT POSSIBLE SUNSHINE:  0 24 HR MAX TEMP (F): 7424 HR MAX TEMP TIME (LST):1201 24 HR MIN TEMP (F): 6424 HR MIN TEMP TIME (LST):0324 AVERAGE STATION PRESSURE:29.84  PEAK WIND SPEED (MPH): 16 PEAK WIND DIR (DEG):210 PEAK WIND TIME (LST):1259  FASTEST 2MIN SPEED (MPH): 13FASTEST 2MIN DIR (DEG):200 FASTEST 2MIN TIME (LST):1259 AVERAGE WIND SPEED (MPH): 6.4 24 HR AVG TEMP (F):69 HOURLY INCREMENTAL PRECIPITATION VALUES (IN):.00  .00  .00  .00  .00  .00  .00  .00  .00  .00  .00  .00  .00  .00  .00  .00  .00  .00  .00  .00  .00  .00  .00  .00",
"72297793184","2001-09-09T07:59:00","6","33.68","-117.86639","16.5","SANTA ANA JOHN WAYNE AIRPORT, CA US","SOD  ","KSNA ","V020","999,9,9,9999,9","99999,9,9,9","999999,9,9,9","+9999,9","+9999,9","99999,9","24,0000,9,5",,,,,,,,,,,,,,,,"0000,5","000,5","240,M,+0233,5","240,N,+0183,5",,,,,,,"10091,9,99999,4",,,"1,24,00760,210,1424,5","2,24,00581,250,1535,5","3,24,00286,999,9999,5","SOD60524 HR PRECIPITATION (IN): 0.00 TOTAL SUNSHINE (MINUTES):   0 PERCENT POSSIBLE SUNSHINE:  0 24 HR MAX TEMP (F): 7424 HR MAX TEMP TIME (LST):1215 24 HR MIN TEMP (F): 6524 HR MIN TEMP TIME (LST):2355 AVERAGE STATION PRESSURE:29.80  PEAK WIND SPEED (MPH): 17 PEAK WIND DIR (DEG):210 PEAK WIND TIME (LST):1424  FASTEST 2MIN SPEED (MPH): 13FASTEST 2MIN DIR (DEG):250 FASTEST 2MIN TIME (LST):1535 AVERAGE WIND SPEED (MPH): 6.4 24 HR AVG TEMP (F):70 HOURLY INCREMENTAL PRECIPITATION VALUES (IN):.00  .00  .00  .00  .00  .00  .00  .00  .00  .00  .00  .00  .00  .00  .00  .00  .00  .00  .00  .00  .00  .00  .00  .00",
"72297793184","2001-09-10T07:59:00","6","33.68","-117.86639","16.5","SANTA ANA JOHN WAYNE AIRPORT, CA US","SOD  ","KSNA ","V020","999,9,9,9999,9","99999,9,9,9","999999,9,9,9","+9999,9","+9999,9","99999,9","24,0000,9,5",,,,,,,,,,,,,,,,"0000,5","000,5","240,M,+0222,5","240,N,+0178,5",,,,,,,"10091,9,99999,4",,,"1,24,00715,270,1438,5","2,24,00581,220,1433,5","3,24,00219,999,9999,5","SOD60524 HR PRECIPITATION (IN): 0.00 TOTAL SUNSHINE (MINUTES):   0 PERCENT POSSIBLE SUNSHINE:  0 24 HR MAX TEMP (F): 7224 HR MAX TEMP TIME (LST):1416 24 HR MIN TEMP (F): 6424 HR MIN TEMP TIME (LST):0556 AVERAGE STATION PRESSURE:29.80  PEAK WIND SPEED (MPH): 16 PEAK WIND DIR (DEG):270 PEAK WIND TIME (LST):1438  FASTEST 2MIN SPEED (MPH): 13FASTEST 2MIN DIR (DEG):220 FASTEST 2MIN TIME (LST):1433 AVERAGE WIND SPEED (MPH): 4.9 24 HR AVG TEMP (F):68 HOURLY INCREMENTAL PRECIPITATION VALUES (IN):.00  .00  .00  .00  .00  .00  .00  .00  .00  .00  .00  .00  .00  .00  .00  .00  .00  .00  .00  .00  .00  .00  .00  .00",
"72297793184","2001-09-11T07:59:00","6","33.68","-117.86639","16.5","SANTA ANA JOHN WAYNE AIRPORT, CA US","SOD  ","KSNA ","V020","999,9,9,9999,9","99999,9,9,9","999999,9,9,9","+9999,9","+9999,9","99999,9","24,0000,9,5",,,,,,,,,,,,,,,,"0000,5","000,5","240,M,+0228,5","240,N,+0178,5",,,,,,,"10095,9,99999,4",,,"1,24,00760,210,1643,5","2,24,00581,220,1644,5","3,24,00197,999,9999,5","SOD60524 HR PRECIPITATION (IN): 0.00 TOTAL SUNSHINE (MINUTES):   0 PERCENT POSSIBLE SUNSHINE:  0 24 HR MAX TEMP (F): 7324 HR MAX TEMP TIME (LST):1601 24 HR MIN TEMP (F): 6424 HR MIN TEMP TIME (LST):0555 AVERAGE STATION PRESSURE:29.81  PEAK WIND SPEED (MPH): 17 PEAK WIND DIR (DEG):210 PEAK WIND TIME (LST):1643  FASTEST 2MIN SPEED (MPH): 13FASTEST 2MIN DIR (DEG):220 FASTEST 2MIN TIME (LST):1644 AVERAGE WIND SPEED (MPH): 4.4 24 HR AVG TEMP (F):69 HOURLY INCREMENTAL PRECIPITATION VALUES (IN):.00  .00  .00  .00  .00  .00  .00  .00  .00  .00  .00  .00  .00  .00  .00  .00  .00  .00  .00  .00  .00  .00  .00  .00",
"72297793184","2001-09-12T07:59:00","6","33.68","-117.86639","16.5","SANTA ANA JOHN WAYNE AIRPORT, CA US","SOD  ","KSNA ","V020","999,9,9,9999,9","99999,9,9,9","999999,9,9,9","+9999,9","+9999,9","99999,9","24,0000,9,5",,,,,,,,,,,,,,,,,,"240,M,+0233,5","240,N,+0172,5",,,,,,,"10095,9,99999,4",,,"1,24,00715,210,1242,5","2,24,00581,180,1242,5","3,24,00219,999,9999,5","SOD54524 HR PRECIPITATION (IN): 0.00 24 HR MAX TEMP (F): 7424 HR MAX TEMP TIME (LST):1408 24 HR MIN TEMP (F): 6324 HR MIN TEMP TIME (LST):0330 AVERAGE STATION PRESSURE:29.81  PEAK WIND SPEED (MPH): 16 PEAK WIND DIR (DEG):210 PEAK WIND TIME (LST):1242  FASTEST 2MIN SPEED (MPH): 13FASTEST 2MIN DIR (DEG):180 FASTEST 2MIN TIME (LST):1242 AVERAGE WIND SPEED (MPH): 4.9 24 HR AVG TEMP (F):69 HOURLY INCREMENTAL PRECIPITATION VALUES (IN):.00  .00  .00  .00  .00  .00  .00  .00  .00  .00  .00  .00  .00  .00  .00  .00  .00  .00  .00  .00  .00  .00  .00  .00",
"72297793184","2001-09-13T07:59:00","6","33.68","-117.86639","16.5","SANTA ANA JOHN WAYNE AIRPORT, CA US","SOD  ","KSNA ","V020","999,9,9,9999,9","99999,9,9,9","999999,9,9,9","+9999,9","+9999,9","99999,9","24,0000,9,5",,,,,,,,,,,,,,,,,,"240,M,+0256,5","240,N,+0172,5",,,,,,,"10075,9,99999,4",,,"1,24,00715,200,1358,5","2,24,00581,210,1400,5","3,24,00232,999,9999,5","SOD54524 HR PRECIPITATION (IN): 0.00 24 HR MAX TEMP (F): 7824 HR MAX TEMP TIME (LST):1243 24 HR MIN TEMP (F): 6324 HR MIN TEMP TIME (LST):0451 AVERAGE STATION PRESSURE:29.75  PEAK WIND SPEED (MPH): 16 PEAK WIND DIR (DEG):200 PEAK WIND TIME (LST):1358  FASTEST 2MIN SPEED (MPH): 13FASTEST 2MIN DIR (DEG):210 FASTEST 2MIN TIME (LST):1400 AVERAGE WIND SPEED (MPH): 5.2 24 HR AVG TEMP (F):71 HOURLY INCREMENTAL PRECIPITATION VALUES (IN):.00  .00  .00  .00  .00  .00  .00  .00  .00  .00  .00  .00  .00  .00  .00  .00  .00  .00  .00  .00  .00  .00  .00  .00",
"72297793184","2001-09-14T07:59:00","6","33.68","-117.86639","16.5","SANTA ANA JOHN WAYNE AIRPORT, CA US","SOD  ","KSNA ","V020","999,9,9,9999,9","99999,9,9,9","999999,9,9,9","+9999,9","+9999,9","99999,9","24,0000,9,5",,,,,,,,,,,,,,,,,,"240,M,+0250,5","240,N,+0161,5",,,,,,,"10088,9,99999,4",,,"1,24,00626,210,1738,5","2,24,00581,210,1739,5","3,24,00188,999,9999,5","SOD54524 HR PRECIPITATION (IN): 0.00 24 HR MAX TEMP (F): 7724 HR MAX TEMP TIME (LST):1538 24 HR MIN TEMP (F): 6124 HR MIN TEMP TIME (LST):0659 AVERAGE STATION PRESSURE:29.79  PEAK WIND SPEED (MPH): 14 PEAK WIND DIR (DEG):210 PEAK WIND TIME (LST):1738  FASTEST 2MIN SPEED (MPH): 13FASTEST 2MIN DIR (DEG):210 FASTEST 2MIN TIME (LST):1739 AVERAGE WIND SPEED (MPH): 4.2 24 HR AVG TEMP (F):69 HOURLY INCREMENTAL PRECIPITATION VALUES (IN):.00  .00  .00  .00  .00  .00  .00  .00  .00  .00  .00  .00  .00  .00  .00  .00  .00  .00  .00  .00  .00  .00  .00  .00",
"72297793184","2001-09-15T07:59:00","6","33.68","-117.86639","16.5","SANTA ANA JOHN WAYNE AIRPORT, CA US","SOD  ","KSNA ","V020","999,9,9,9999,9","99999,9,9,9","999999,9,9,9","+9999,9","+9999,9","99999,9","24,0000,9,5",,,,,,,,,,,,,,,,,,"240,M,+0278,5","240,N,+0172,5",,,,,,,"10095,9,99999,4",,,"1,24,00715,200,1833,5","2,24,00626,190,1829,5","3,24,00192,999,9999,5","SOD54524 HR PRECIPITATION (IN): 0.00 24 HR MAX TEMP (F): 8224 HR MAX TEMP TIME (LST):1416 24 HR MIN TEMP (F): 6324 HR MIN TEMP TIME (LST):1116 AVERAGE STATION PRESSURE:29.81  PEAK WIND SPEED (MPH): 16 PEAK WIND DIR (DEG):200 PEAK WIND TIME (LST):1833  FASTEST 2MIN SPEED (MPH): 14FASTEST 2MIN DIR (DEG):190 FASTEST 2MIN TIME (LST):1829 AVERAGE WIND SPEED (MPH): 4.3 24 HR AVG TEMP (F):73 HOURLY INCREMENTAL PRECIPITATION VALUES (IN):.00  .00  .00  .00  .00  .00  .00  .00  .00  .00  .00  .00  .00  .00  .00  .00  .00  .00  .00  .00  .00  .00  .00  .00",
"72297793184","2001-09-16T07:59:00","6","33.68","-117.86639","16.5","SANTA ANA JOHN WAYNE AIRPORT, CA US","SOD  ","KSNA ","V020","999,9,9,9999,9","99999,9,9,9","999999,9,9,9","+9999,9","+9999,9","99999,9","24,0000,9,5",,,,,,,,,,,,,,,,,,"240,M,+0261,5","240,N,+0172,5",,,,,,,"10091,9,99999,4",,,"1,24,00626,230,1240,5","2,24,00536,200,1913,5","3,24,00232,999,9999,5","SOD54524 HR PRECIPITATION (IN): 0.00 24 HR MAX TEMP (F): 7924 HR MAX TEMP TIME (LST):1557 24 HR MIN TEMP (F): 6324 HR MIN TEMP TIME (LST):0207 AVERAGE STATION PRESSURE:29.80  PEAK WIND SPEED (MPH): 14 PEAK WIND DIR (DEG):230 PEAK WIND TIME (LST):1240  FASTEST 2MIN SPEED (MPH): 12FASTEST 2MIN DIR (DEG):200 FASTEST 2MIN TIME (LST):1913 AVERAGE WIND SPEED (MPH): 5.2 24 HR AVG TEMP (F):71 HOURLY INCREMENTAL PRECIPITATION VALUES (IN):.00  .00  .00  .00  .00  .00  .00  .00  .00  .00  .00  .00  .00  .00  .00  .00  .00  .00  .00  .00  .00  .00  .00  .00",
"72297793184","2001-09-17T07:59:00","6","33.68","-117.86639","16.5","SANTA ANA JOHN WAYNE AIRPORT, CA US","SOD  ","KSNA ","V020","999,9,9,9999,9","99999,9,9,9","999999,9,9,9","+9999,9","+9999,9","99999,9","24,0000,9,5",,,,,,,,,,,,,,,,,,"240,M,+0244,5","240,N,+0167,5",,,,,,,"10102,9,99999,4",,,"1,24,00760,210,1502,5","2,24,00671,200,1442,5","3,24,00255,999,9999,5","SOD54524 HR PRECIPITATION (IN): 0.00 24 HR MAX TEMP (F): 7624 HR MAX TEMP TIME (LST):1230 24 HR MIN TEMP (F): 6224 HR MIN TEMP TIME (LST):0501 AVERAGE STATION PRESSURE:29.83  PEAK WIND SPEED (MPH): 17 PEAK WIND DIR (DEG):210 PEAK WIND TIME (LST):1502  FASTEST 2MIN SPEED (MPH): 15FASTEST 2MIN DIR (DEG):200 FASTEST 2MIN TIME (LST):1442 AVERAGE WIND SPEED (MPH): 5.7 24 HR AVG TEMP (F):69 HOURLY INCREMENTAL PRECIPITATION VALUES (IN):.00  .00  .00  .00  .00  .00  .00  .00  .00  .00  .00  .00  .00  .00  .00  .00  .00  .00  .00  .00  .00  .00  .00  .00",
"72297793184","2001-09-18T07:59:00","6","33.68","-117.86639","16.5","SANTA ANA JOHN WAYNE AIRPORT, CA US","SOD  ","KSNA ","V020","999,9,9,9999,9","99999,9,9,9","999999,9,9,9","+9999,9","+9999,9","99999,9","24,0000,9,5",,,,,,,,,,,,,,,,"0000,5","000,5","240,M,+0222,5","240,N,+0172,5",,,,,,,"10112,9,99999,4",,,"1,24,00760,210,1246,5","2,24,00626,200,1241,5","3,24,00295,999,9999,5","SOD60524 HR PRECIPITATION (IN): 0.00 TOTAL SUNSHINE (MINUTES):   0 PERCENT POSSIBLE SUNSHINE:  0 24 HR MAX TEMP (F): 7224 HR MAX TEMP TIME (LST):1448 24 HR MIN TEMP (F): 6324 HR MIN TEMP TIME (LST):0628 AVERAGE STATION PRESSURE:29.86  PEAK WIND SPEED (MPH): 17 PEAK WIND DIR (DEG):210 PEAK WIND TIME (LST):1246  FASTEST 2MIN SPEED (MPH): 14FASTEST 2MIN DIR (DEG):200 FASTEST 2MIN TIME (LST):1241 AVERAGE WIND SPEED (MPH): 6.6 24 HR AVG TEMP (F):68 HOURLY INCREMENTAL PRECIPITATION VALUES (IN):.00  .00  .00  .00  .00  .00  .00  .00  .00  .00  .00  .00  .00  .00  .00  .00  .00  .00  .00  .00  .00  .00  .00  .00",
"72297793184","2001-09-19T07:59:00","6","33.68","-117.86639","16.5","SANTA ANA JOHN WAYNE AIRPORT, CA US","SOD  ","KSNA ","V020","999,9,9,9999,9","99999,9,9,9","999999,9,9,9","+9999,9","+9999,9","99999,9","24,0000,9,5",,,,,,,,,,,,,,,,"0000,5","000,5","240,M,+0239,5","240,N,+0178,5",,,,,,,"10095,9,99999,4",,,"1,24,00671,220,1447,5","2,24,00536,210,1452,5","3,24,00210,999,9999,5","SOD60524 HR PRECIPITATION (IN): 0.00 TOTAL SUNSHINE (MINUTES):   0 PERCENT POSSIBLE SUNSHINE:  0 24 HR MAX TEMP (F): 7524 HR MAX TEMP TIME (LST):1311 24 HR MIN TEMP (F): 6424 HR MIN TEMP TIME (LST):2359 AVERAGE STATION PRESSURE:29.81  PEAK WIND SPEED (MPH): 15 PEAK WIND DIR (DEG):220 PEAK WIND TIME (LST):1447  FASTEST 2MIN SPEED (MPH): 12FASTEST 2MIN DIR (DEG):210 FASTEST 2MIN TIME (LST):1452 AVERAGE WIND SPEED (MPH): 4.7 24 HR AVG TEMP (F):70 HOURLY INCREMENTAL PRECIPITATION VALUES (IN):.00  .00  .00  .00  .00  .00  .00  .00  .00  .00  .00  .00  .00  .00  .00  .00  .00  .00  .00  .00  .00  .00  .00  .00",
"72297793184","2001-09-20T07:59:00","6","33.68","-117.86639","16.5","SANTA ANA JOHN WAYNE AIRPORT, CA US","SOD  ","KSNA ","V020","999,9,9,9999,9","99999,9,9,9","999999,9,9,9","+9999,9","+9999,9","99999,9","24,0000,9,5",,,,,,,,,,,,,,,,,,"240,M,+0228,5","240,N,+0172,5",,,,,,,"10095,9,99999,4",,,"1,24,00626,250,1304,5","2,24,00447,210,1404,5","3,24,00152,999,9999,5","SOD54524 HR PRECIPITATION (IN): 0.00 24 HR MAX TEMP (F): 7324 HR MAX TEMP TIME (LST):1339 24 HR MIN TEMP (F): 6324 HR MIN TEMP TIME (LST):2345 AVERAGE STATION PRESSURE:29.81  PEAK WIND SPEED (MPH): 14 PEAK WIND DIR (DEG):250 PEAK WIND TIME (LST):1304  FASTEST 2MIN SPEED (MPH): 10FASTEST 2MIN DIR (DEG):210 FASTEST 2MIN TIME (LST):1404 AVERAGE WIND SPEED (MPH): 3.4 24 HR AVG TEMP (F):68 HOURLY INCREMENTAL PRECIPITATION VALUES (IN):.00  .00  .00  .00  .00  .00  .00  .00  .00  .00  .00  .00  .00  .00  .00  .00  .00  .00  .00  .00  .00  .00  .00  .00",
"72297793184","2001-09-21T07:59:00","6","33.68","-117.86639","16.5","SANTA ANA JOHN WAYNE AIRPORT, CA US","SOD  ","KSNA ","V020","999,9,9,9999,9","99999,9,9,9","999999,9,9,9","+9999,9","+9999,9","99999,9","24,0000,9,5",,,,,,,,,,,,,,,,,,"240,M,+0228,5","240,N,+0172,5",,,,,,,"10112,9,99999,4",,,"1,24,00715,230,1339,5","2,24,00536,230,1340,5","3,24,00188,999,9999,5","SOD52324 HR PRECIPITATION (IN): 0.00 24 HR MAX TEMP (F): 7324 HR MAX TEMP TIME (LST):1423 24 HR MIN TEMP (F): 6324 HR MIN TEMP TIME (LST):2359 AVERAGE STATION PRESSURE:29.86  PEAK WIND SPEED (MPH): 16 PEAK WIND DIR (DEG):230 PEAK WIND TIME (LST):1339  FASTEST 2MIN SPEED (MPH): 12FASTEST 2MIN DIR (DEG):230 FASTEST 2MIN TIME (LST):1340 AVERAGE WIND SPEED (MPH): 4.2 HOURLY INCREMENTAL PRECIPITATION VALUES (IN):.00  .00  .00  .00  .00  .00  .00  .00  .00  .00  .00  .00  .00  .00  .00  .00  .00  .00  .00  .00  .00  .00  .00  .00",
"72297793184","2001-09-22T07:59:00","6","33.68","-117.86639","16.5","SANTA ANA JOHN WAYNE AIRPORT, CA US","SOD  ","KSNA ","V020","999,9,9,9999,9","99999,9,9,9","999999,9,9,9","+9999,9","+9999,9","99999,9","24,0000,9,5",,,,,,,,,,,,,,,,,,"240,M,+0250,5","240,N,+0156,5",,,,,,,"10108,9,99999,4",,,"1,24,00581,220,1419,5","2,24,00447,210,1421,5","3,24,00161,999,9999,5","SOD54524 HR PRECIPITATION (IN): 0.00 24 HR MAX TEMP (F): 7724 HR MAX TEMP TIME (LST):1400 24 HR MIN TEMP (F): 6024 HR MIN TEMP TIME (LST):0632 AVERAGE STATION PRESSURE:29.85  PEAK WIND SPEED (MPH): 13 PEAK WIND DIR (DEG):220 PEAK WIND TIME (LST):1419  FASTEST 2MIN SPEED (MPH): 10FASTEST 2MIN DIR (DEG):210 FASTEST 2MIN TIME (LST):1421 AVERAGE WIND SPEED (MPH): 3.6 24 HR AVG TEMP (F):69 HOURLY INCREMENTAL PRECIPITATION VALUES (IN):.00  .00  .00  .00  .00  .00  .00  .00  .00  .00  .00  .00  .00  .00  .00  .00  .00  .00  .00  .00  .00  .00  .00  .00",
"72297793184","2001-09-23T07:59:00","6","33.68","-117.86639","16.5","SANTA ANA JOHN WAYNE AIRPORT, CA US","SOD  ","KSNA ","V020","999,9,9,9999,9","99999,9,9,9","999999,9,9,9","+9999,9","+9999,9","99999,9","24,0000,9,5",,,,,,,,,,,,,,,,,,"240,M,+0261,5","240,N,+0156,5",,,,,,,"10091,9,99999,4",,,"1,24,00626,240,1332,5","2,24,00536,220,1223,5","3,24,00210,999,9999,5","SOD54524 HR PRECIPITATION (IN): 0.00 24 HR MAX TEMP (F): 7924 HR MAX TEMP TIME (LST):2351 24 HR MIN TEMP (F): 6024 HR MIN TEMP TIME (LST):0704 AVERAGE STATION PRESSURE:29.80  PEAK WIND SPEED (MPH): 14 PEAK WIND DIR (DEG):240 PEAK WIND TIME (LST):1332  FASTEST 2MIN SPEED (MPH): 12FASTEST 2MIN DIR (DEG):220 FASTEST 2MIN TIME (LST):1223 AVERAGE WIND SPEED (MPH): 4.7 24 HR AVG TEMP (F):70 HOURLY INCREMENTAL PRECIPITATION VALUES (IN):.00  .00  .00  .00  .00  .00  .00  .00  .00  .00  .00  .00  .00  .00  .00  .00  .00  .00  .00  .00  .00  .00  .00  .00",
"72297793184","2001-09-24T07:59:00","6","33.68","-117.86639","16.5","SANTA ANA JOHN WAYNE AIRPORT, CA US","SOD  ","KSNA ","V020","999,9,9,9999,9","99999,9,9,9","999999,9,9,9","+9999,9","+9999,9","99999,9","24,0000,9,5",,,,,,,,,,,,,,,,,,"240,M,+0250,5","240,N,+0161,5",,,,,,,"10085,9,99999,4",,,"1,24,00536,210,1453,5","2,24,00402,220,1454,5","3,24,00156,999,9999,5","SOD54524 HR PRECIPITATION (IN): 0.00 24 HR MAX TEMP (F): 7724 HR MAX TEMP TIME (LST):1355 24 HR MIN TEMP (F): 6124 HR MIN TEMP TIME (LST):0447 AVERAGE STATION PRESSURE:29.78  PEAK WIND SPEED (MPH): 12 PEAK WIND DIR (DEG):210 PEAK WIND TIME (LST):1453  FASTEST 2MIN SPEED (MPH):  9FASTEST 2MIN DIR (DEG):220 FASTEST 2MIN TIME (LST):1454 AVERAGE WIND SPEED (MPH): 3.5 24 HR AVG TEMP (F):69 HOURLY INCREMENTAL PRECIPITATION VALUES (IN):.00  .00  .00  .00  .00  .00  .00  .00  .00  .00  .00  .00  .00  .00  .00  .00  .00  .00  .00  .00  .00  .00  .00  .00",
"72297793184","2001-09-25T07:59:00","6","33.68","-117.86639","16.5","SANTA ANA JOHN WAYNE AIRPORT, CA US","SOD  ","KSNA ","V020","999,9,9,9999,9","99999,9,9,9","999999,9,9,9","+9999,9","+9999,9","99999,9","24,0000,9,5",,,,,,,,,,,,,,,,"0000,5","000,5","240,M,+0328,5","240,N,+0156,5",,,,,,,"10075,9,99999,4",,,"1,24,00671,260,1233,5","2,24,00536,250,1248,5","3,24,00156,999,9999,5","SOD60524 HR PRECIPITATION (IN): 0.00 TOTAL SUNSHINE (MINUTES):   0 PERCENT POSSIBLE SUNSHINE:  0 24 HR MAX TEMP (F): 9124 HR MAX TEMP TIME (LST):1513 24 HR MIN TEMP (F): 6024 HR MIN TEMP TIME (LST):0443 AVERAGE STATION PRESSURE:29.75  PEAK WIND SPEED (MPH): 15 PEAK WIND DIR (DEG):260 PEAK WIND TIME (LST):1233  FASTEST 2MIN SPEED (MPH): 12FASTEST 2MIN DIR (DEG):250 FASTEST 2MIN TIME (LST):1248 AVERAGE WIND SPEED (MPH): 3.5 24 HR AVG TEMP (F):76 HOURLY INCREMENTAL PRECIPITATION VALUES (IN):.00  .00  .00  .00  .00  .00  .00  .00  .00  .00  .00  .00  .00  .00  .00  .00  .00  .00  .00  .00  .00  .00  .00  .00",
"72297793184","2001-09-26T07:59:00","6","33.68","-117.86639","16.5","SANTA ANA JOHN WAYNE AIRPORT, CA US","SOD  ","KSNA ","V020","999,9,9,9999,9","99999,9,9,9","999999,9,9,9","+9999,9","+9999,9","99999,9","24,0000,9,5",,,,,,,,,,,,,,,,,,"240,M,+0311,5","240,N,+0183,5",,,,,,,"10064,9,99999,4",,,"1,24,00626,240,1354,5","2,24,00447,210,1540,5","3,24,00179,999,9999,5","SOD52324 HR PRECIPITATION (IN): 0.00 24 HR MAX TEMP (F): 8824 HR MAX TEMP TIME (LST):1415 24 HR MIN TEMP (F): 6524 HR MIN TEMP TIME (LST):2359 AVERAGE STATION PRESSURE:29.72  PEAK WIND SPEED (MPH): 14 PEAK WIND DIR (DEG):240 PEAK WIND TIME (LST):1354  FASTEST 2MIN SPEED (MPH): 10FASTEST 2MIN DIR (DEG):210 FASTEST 2MIN TIME (LST):1540 AVERAGE WIND SPEED (MPH): 4.0 HOURLY INCREMENTAL PRECIPITATION VALUES (IN):.00  .00  .00  .00  .00  .00  .00  .00  .00  .00  .00  .00  .00  .00  .00  .00  .00  .00  .00  .00  .00  .00  .00  .00",
"72297793184","2001-09-27T07:59:00","6","33.68","-117.86639","16.5","SANTA ANA JOHN WAYNE AIRPORT, CA US","SOD  ","KSNA ","V020","999,9,9,9999,9","99999,9,9,9","999999,9,9,9","+9999,9","+9999,9","99999,9","24,0000,9,5",,,,,,,,,,,,,,,,,,"240,M,+0283,5","240,N,+0167,5",,,,,,,"10058,9,99999,4",,,"1,24,00626,220,1304,5","2,24,00536,200,1813,5","3,24,00179,999,9999,5","SOD54524 HR PRECIPITATION (IN): 0.00 24 HR MAX TEMP (F): 8324 HR MAX TEMP TIME (LST):1303 24 HR MIN TEMP (F): 6224 HR MIN TEMP TIME (LST):0600 AVERAGE STATION PRESSURE:29.70  PEAK WIND SPEED (MPH): 14 PEAK WIND DIR (DEG):220 PEAK WIND TIME (LST):1304  FASTEST 2MIN SPEED (MPH): 12FASTEST 2MIN DIR (DEG):200 FASTEST 2MIN TIME (LST):1813 AVERAGE WIND SPEED (MPH): 4.0 24 HR AVG TEMP (F):73 HOURLY INCREMENTAL PRECIPITATION VALUES (IN):.00  .00  .00  .00  .00  .00  .00  .00  .00  .00  .00  .00  .00  .00  .00  .00  .00  .00  .00  .00  .00  .00  .00  .00",
"72297793184","2001-09-28T07:59:00","6","33.68","-117.86639","16.5","SANTA ANA JOHN WAYNE AIRPORT, CA US","SOD  ","KSNA ","V020","999,9,9,9999,9","99999,9,9,9","999999,9,9,9","+9999,9","+9999,9","99999,9","24,0000,9,5",,,,,,,,,,,,,,,,,,"240,M,+0272,5","240,N,+0161,5",,,,,,,"10061,9,99999,4",,,"1,24,00671,210,1552,5","2,24,00581,210,1627,5","3,24,00197,999,9999,5","SOD54524 HR PRECIPITATION (IN): 0.00 24 HR MAX TEMP (F): 8124 HR MAX TEMP TIME (LST):1316 24 HR MIN TEMP (F): 6124 HR MIN TEMP TIME (LST):0715 AVERAGE STATION PRESSURE:29.71  PEAK WIND SPEED (MPH): 15 PEAK WIND DIR (DEG):210 PEAK WIND TIME (LST):1552  FASTEST 2MIN SPEED (MPH): 13FASTEST 2MIN DIR (DEG):210 FASTEST 2MIN TIME (LST):1627 AVERAGE WIND SPEED (MPH): 4.4 24 HR AVG TEMP (F):71 HOURLY INCREMENTAL PRECIPITATION VALUES (IN):.00  .00  .00  .00  .00  .00  .00  .00  .00  .00  .00  .00  .00  .00  .00  .00  .00  .00  .00  .00  .00  .00  .00  .00",
"72297793184","2001-09-29T07:59:00","6","33.68","-117.86639","16.5","SANTA ANA JOHN WAYNE AIRPORT, CA US","SOD  ","KSNA ","V020","999,9,9,9999,9","99999,9,9,9","999999,9,9,9","+9999,9","+9999,9","99999,9","24,0003,9,6",,,,,,,,,,,,,,,,,,"240,M,+0256,5","240,N,+0156,5",,,,,,,"10058,9,99999,4",,,"1,24,00581,220,1420,5","2,24,00536,210,1214,5","3,24,00206,999,9999,5","SOD54524 HR PRECIPITATION (IN): 0.01 24 HR MAX TEMP (F): 7824 HR MAX TEMP TIME (LST):1523 24 HR MIN TEMP (F): 6024 HR MIN TEMP TIME (LST):0115 AVERAGE STATION PRESSURE:29.70  PEAK WIND SPEED (MPH): 13 PEAK WIND DIR (DEG):220 PEAK WIND TIME (LST):1420  FASTEST 2MIN SPEED (MPH): 12FASTEST 2MIN DIR (DEG):210 FASTEST 2MIN TIME (LST):1214 AVERAGE WIND SPEED (MPH): 4.6 24 HR AVG TEMP (F):69 HOURLY INCREMENTAL PRECIPITATION VALUES (IN):.00  .00  .00  .01  .00  .00  .00  .00  .00  .00  .00  .00  .00  .00  .00  .00  .00  .00  .00  .00  .00  .00  .00  .00","R01  0.017AAP092"
"72297793184","2001-09-30T07:59:00","6","33.68","-117.86639","16.5","SANTA ANA JOHN WAYNE AIRPORT, CA US","SOD  ","KSNA ","V020","999,9,9,9999,9","99999,9,9,9","999999,9,9,9","+9999,9","+9999,9","99999,9","24,0000,9,5",,,,,,,,,,,,,,,,,,"240,M,+0289,5","240,N,+0150,5",,,,,,,"10047,9,99999,4",,,"1,24,00581,220,1559,5","2,24,00402,210,1812,5","3,24,00183,999,9999,5","SOD54524 HR PRECIPITATION (IN): 0.00 24 HR MAX TEMP (F): 8424 HR MAX TEMP TIME (LST):1316 24 HR MIN TEMP (F): 5924 HR MIN TEMP TIME (LST):0719 AVERAGE STATION PRESSURE:29.67  PEAK WIND SPEED (MPH): 13 PEAK WIND DIR (DEG):220 PEAK WIND TIME (LST):1559  FASTEST 2MIN SPEED (MPH):  9FASTEST 2MIN DIR (DEG):210 FASTEST 2MIN TIME (LST):1812 AVERAGE WIND SPEED (MPH): 4.1 24 HR AVG TEMP (F):72 HOURLY INCREMENTAL PRECIPITATION VALUES (IN):.00  .00  .00  .00  .00  .00  .00  .00  .00  .00  .00  .00  .00  .00  .00  .00  .00  .00  .00  .00  .00  .00  .00  .00",
"72297793184","2001-10-01T07:59:00","6","33.68","-117.86639","16.5","SANTA ANA JOHN WAYNE AIRPORT, CA US","SOD  ","KSNA ","V020","999,9,9,9999,9","99999,9,9,9","999999,9,9,9","+9999,9","+9999,9","99999,9","24,0000,9,5",,,,,,,,,,,,,,,,,,"240,M,+0317,5","240,N,+0156,5",,,,,,,"10061,9,99999,4",,,"1,24,00894,170,1954,5","2,24,00715,170,2005,5","3,24,00237,999,9999,5","SOD54524 HR PRECIPITATION (IN): 0.00 24 HR MAX TEMP (F): 8924 HR MAX TEMP TIME (LST):1252 24 HR MIN TEMP (F): 6024 HR MIN TEMP TIME (LST):0700 AVERAGE STATION PRESSURE:29.71  PEAK WIND SPEED (MPH): 20 PEAK WIND DIR (DEG):170 PEAK WIND TIME (LST):1954  FASTEST 2MIN SPEED (MPH): 16FASTEST 2MIN DIR (DEG):170 FASTEST 2MIN TIME (LST):2005 AVERAGE WIND SPEED (MPH): 5.3 24 HR AVG TEMP (F):75 HOURLY INCREMENTAL PRECIPITATION VALUES (IN):.00  .00  .00  .00  .00  .00  .00  .00  .00  .00  .00  .00  .00  .00  .00  .00  .00  .00  .00  .00  .00  .00  .00  .00",
"72297793184","2001-10-01T07:59:00","6","33.68","-117.86639","16.5","SANTA ANA JOHN WAYNE AIRPORT, CA US","SOM  ","KSNA ","V020","999,9,9,9999,9","99999,9,9,9","999999,9,9,9","+9999,9","+9999,9","99999,9",,"00003,9,6","00003,9,2828,9999,9999,5","01,6,00,5,99,9,00,5","005,0003,9,280329,5","010,0003,9,280329,5","015,0003,9,280329,5","020,0003,9,280329,5","030,0003,9,280329,5","045,0003,9,280329,5","060,0003,9,280329,5","080,0003,9,280329,5","100,0003,9,280329,5","120,0003,9,280329,5","150,0003,9,280329,5","180,0003,9,280329,5",,,,,"720,N,+1717,5","720,M,+2572,5","720,A,+2144,5","720,H,0000,5","720,C,0177,6","00,5,01,6,00,5,00,5",,"10088,4,10119,4","10163,201023,5,10051,291612,5",,,,"SOM723PCP MTOT: 0.01 DEPNRM: 0.00 PCP GT 24HRS: 0.01 DATE(S):28 DAYS W/PCP >=.01: 1 DAYS W/PCP >=.10: 0 DAYS W/PCP >=1.00:  MSDP AMTS W/DATE-TIME TAGS:MIN:5  .01  28/0329 MIN:10  .01  28/0329 MIN:15  .01  28/0329 MIN:20  .01  28/0329 MIN:30  .01  28/0329 MIN:45  .01  28/0329 MIN:60  .01  28/0329 MIN:80  .01  28/0329 MIN:100  .01  28/0329 MIN:120  .01  28/0329 MIN:150  .01  28/0329 MIN:180  .01  28/0329 SN GT DP ON GRND:0 DATE(S):0  AVG DLY MIN: 62.9 AVG DLY MAX: 78.3 AVG MLY TMP: 70.6 DAYS MAX <=32:  DAYS MAX >=70: 1 DAYS MAX >=90: 1 DAYS MIN <=32: 0 DAYS MIN  <=0: 0 AVG STP:29.79  AVG SLP:29.88  LWST SLP:29.68 DATE/TIME:291612 HGST SLP:30.01 DATE/TIME:201023 HDD MTH TOT:   0 DEP NORM:-255 CDD MTH TOT: 177 DEP NORM:-255","R01  0.017ABP070R02     17AE1100R03   1777KDC058R04     17KE2035"
"72297793184","2001-10-02T07:59:00","6","33.68","-117.86639","16.5","SANTA ANA JOHN WAYNE AIRPORT, CA US","SOD  ","KSNA ","V020","999,9,9,9999,9","99999,9,9,9","999999,9,9,9","+9999,9","+9999,9","99999,9","24,0000,9,5",,,,,,,,,,,,,,,,"0000,5","000,5","240,M,+0311,5","240,N,+0189,6",,,,,,,"10088,9,99999,4",,,"1,24,00805,190,1430,5","2,24,00671,190,1437,5","3,24,00174,999,9999,5","SOD58324 HR PRECIPITATION (IN): 0.00 TOTAL SUNSHINE (MINUTES):   0 PERCENT POSSIBLE SUNSHINE:  0 24 HR MAX TEMP (F): 8824 HR MAX TEMP TIME (LST):1311 24 HR MIN TEMP (F): 6624 HR MIN TEMP TIME (LST):2352 AVERAGE STATION PRESSURE:29.79  PEAK WIND SPEED (MPH): 18 PEAK WIND DIR (DEG):190 PEAK WIND TIME (LST):1430  FASTEST 2MIN SPEED (MPH): 15FASTEST 2MIN DIR (DEG):190 FASTEST 2MIN TIME (LST):1437 AVERAGE WIND SPEED (MPH): 3.9 HOURLY INCREMENTAL PRECIPITATION VALUES (IN):.00  .00  .00  .00  .00  .00  .00  .00  .00  .00  .00  .00  .00  .00  .00  .00  .00  .00  .00  .00  .00  .00  .00  .00","R01    667KAN014"
"72297793184","2001-10-03T07:59:00","6","33.68","-117.86639","16.5","SANTA ANA JOHN WAYNE AIRPORT, CA US","SOD  ","KSNA ","V020","999,9,9,9999,9","99999,9,9,9","999999,9,9,9","+9999,9","+9999,9","99999,9","24,0000,9,5",,,,,,,,,,,,,,,,"0000,5","000,5","240,M,+0256,5","240,N,+0161,5",,,,,,,"10088,9,99999,4",,,"1,24,00760,200,1127,5","2,24,00581,190,1159,5","3,24,00241,999,9999,5","SOD60524 HR PRECIPITATION (IN): 0.00 TOTAL SUNSHINE (MINUTES):   0 PERCENT POSSIBLE SUNSHINE:  0 24 HR MAX TEMP (F): 7824 HR MAX TEMP TIME (LST):1620 24 HR MIN TEMP (F): 6124 HR MIN TEMP TIME (LST):0531 AVERAGE STATION PRESSURE:29.79  PEAK WIND SPEED (MPH): 17 PEAK WIND DIR (DEG):200 PEAK WIND TIME (LST):1127  FASTEST 2MIN SPEED (MPH): 13FASTEST 2MIN DIR (DEG):190 FASTEST 2MIN TIME (LST):1159 AVERAGE WIND SPEED (MPH): 5.4 24 HR AVG TEMP (F):70 HOURLY INCREMENTAL PRECIPITATION VALUES (IN):.00  .00  .00  .00  .00  .00  .00  .00  .00  .00  .00  .00  .00  .00  .00  .00  .00  .00  .00  .00  .00  .00  .00  .00",
"72297793184","2001-10-04T07:59:00","6","33.68","-117.86639","16.5","SANTA ANA JOHN WAYNE AIRPORT, CA US","SOD  ","KSNA ","V020","999,9,9,9999,9","99999,9,9,9","999999,9,9,9","+9999,9","+9999,9","99999,9","24,0000,9,5",,,,,,,,,,,,,,,,"0000,5","000,5","240,M,+0233,5","240,N,+0172,5",,,,,,,"10115,9,99999,4",,,"1,24,00715,190,0950,5","2,24,00581,200,1425,5","3,24,00246,999,9999,5","SOD60524 HR PRECIPITATION (IN): 0.00 TOTAL SUNSHINE (MINUTES):   0 PERCENT POSSIBLE SUNSHINE:  0 24 HR MAX TEMP (F): 7424 HR MAX TEMP TIME (LST):1255 24 HR MIN TEMP (F): 6324 HR MIN TEMP TIME (LST):2311 AVERAGE STATION PRESSURE:29.87  PEAK WIND SPEED (MPH): 16 PEAK WIND DIR (DEG):190 PEAK WIND TIME (LST):0950  FASTEST 2MIN SPEED (MPH): 13FASTEST 2MIN DIR (DEG):200 FASTEST 2MIN TIME (LST):1425 AVERAGE WIND SPEED (MPH): 5.5 24 HR AVG TEMP (F):69 HOURLY INCREMENTAL PRECIPITATION VALUES (IN):.00  .00  .00  .00  .00  .00  .00  .00  .00  .00  .00  .00  .00  .00  .00  .00  .00  .00  .00  .00  .00  .00  .00  .00",
"72297793184","2001-10-05T07:59:00","6","33.68","-117.86639","16.5","SANTA ANA JOHN WAYNE AIRPORT, CA US","SOD  ","KSNA ","V020","999,9,9,9999,9","99999,9,9,9","999999,9,9,9","+9999,9","+9999,9","99999,9","24,0000,9,5",,,,,,,,,,,,,,,,"0000,5","000,5","240,M,+0239,5","240,N,+0172,5",,,,,,,"10119,9,99999,4",,,"1,24,00939,220,1354,5","2,24,00626,200,1450,5","3,24,00273,999,9999,5","SOD60524 HR PRECIPITATION (IN): 0.00 TOTAL SUNSHINE (MINUTES):   0 PERCENT POSSIBLE SUNSHINE:  0 24 HR MAX TEMP (F): 7524 HR MAX TEMP TIME (LST):1127 24 HR MIN TEMP (F): 6324 HR MIN TEMP TIME (LST):0518 AVERAGE STATION PRESSURE:29.88  PEAK WIND SPEED (MPH): 21 PEAK WIND DIR (DEG):220 PEAK WIND TIME (LST):1354  FASTEST 2MIN SPEED (MPH): 14FASTEST 2MIN DIR (DEG):200 FASTEST 2MIN TIME (LST):1450 AVERAGE WIND SPEED (MPH): 6.1 24 HR AVG TEMP (F):69 HOURLY INCREMENTAL PRECIPITATION VALUES (IN):.00  .00  .00  .00  .00  .00  .00  .00  .00  .00  .00  .00  .00  .00  .00  .00  .00  .00  .00  .00  .00  .00  .00  .00",
"72297793184","2001-10-06T07:59:00","6","33.68","-117.86639","16.5","SANTA ANA JOHN WAYNE AIRPORT, CA US","SOD  ","KSNA ","V020","999,9,9,9999,9","99999,9,9,9","999999,9,9,9","+9999,9","+9999,9","99999,9","24,0000,9,5",,,,,,,,,,,,,,,,"0000,5","000,5","240,M,+0211,5","240,N,+0167,5",,,,,,,"10125,9,99999,4",,,"1,24,00939,180,1134,5","2,24,00671,200,1217,5","3,24,00358,999,9999,5","SOD60524 HR PRECIPITATION (IN): 0.00 TOTAL SUNSHINE (MINUTES):   0 PERCENT POSSIBLE SUNSHINE:  0 24 HR MAX TEMP (F): 7024 HR MAX TEMP TIME (LST):1338 24 HR MIN TEMP (F): 6224 HR MIN TEMP TIME (LST):2357 AVERAGE STATION PRESSURE:29.90  PEAK WIND SPEED (MPH): 21 PEAK WIND DIR (DEG):180 PEAK WIND TIME (LST):1134  FASTEST 2MIN SPEED (MPH): 15FASTEST 2MIN DIR (DEG):200 FASTEST 2MIN TIME (LST):1217 AVERAGE WIND SPEED (MPH): 8.0 24 HR AVG TEMP (F):66 HOURLY INCREMENTAL PRECIPITATION VALUES (IN):.00  .00  .00  .00  .00  .00  .00  .00  .00  .00  .00  .00  .00  .00  .00  .00  .00  .00  .00  .00  .00  .00  .00  .00",
"72297793184","2001-10-07T07:59:00","6","33.68","-117.86639","16.5","SANTA ANA JOHN WAYNE AIRPORT, CA US","SOD  ","KSNA ","V020","999,9,9,9999,9","99999,9,9,9","999999,9,9,9","+9999,9","+9999,9","99999,9","24,0000,9,5",,,,,,,,,,,,,,,,"0000,5","000,5","240,M,+0211,5","240,N,+0161,5",,,,,,,"10125,9,99999,4",,,"1,24,00715,210,1500,5","2,24,00626,210,1501,5","3,24,00300,999,9999,5","SOD60524 HR PRECIPITATION (IN): 0.00 TOTAL SUNSHINE (MINUTES):   0 PERCENT POSSIBLE SUNSHINE:  0 24 HR MAX TEMP (F): 7024 HR MAX TEMP TIME (LST):1305 24 HR MIN TEMP (F): 6124 HR MIN TEMP TIME (LST):2353 AVERAGE STATION PRESSURE:29.90  PEAK WIND SPEED (MPH): 16 PEAK WIND DIR (DEG):210 PEAK WIND TIME (LST):1500  FASTEST 2MIN SPEED (MPH): 14FASTEST 2MIN DIR (DEG):210 FASTEST 2MIN TIME (LST):1501 AVERAGE WIND SPEED (MPH): 6.7 24 HR AVG TEMP (F):66 HOURLY INCREMENTAL PRECIPITATION VALUES (IN):.00  .00  .00  .00  .00  .00  .00  .00  .00  .00  .00  .00  .00  .00  .00  .00  .00  .00  .00  .00  .00  .00  .00  .00",
"72297793184","2001-10-08T07:59:00","6","33.68","-117.86639","16.5","SANTA ANA JOHN WAYNE AIRPORT, CA US","SOD  ","KSNA ","V020","999,9,9,9999,9","99999,9,9,9","999999,9,9,9","+9999,9","+9999,9","99999,9","24,0000,9,5",,,,,,,,,,,,,,,,"0000,5","000,5","240,M,+0222,5","240,N,+0167,5",,,,,,,"10135,9,99999,4",,,"1,24,00671,240,1400,5","2,24,00536,240,1401,5","3,24,00152,999,9999,5","SOD60524 HR PRECIPITATION (IN): 0.00 TOTAL SUNSHINE (MINUTES):   0 PERCENT POSSIBLE SUNSHINE:  0 24 HR MAX TEMP (F): 7224 HR MAX TEMP TIME (LST):1218 24 HR MIN TEMP (F): 6224 HR MIN TEMP TIME (LST):2359 AVERAGE STATION PRESSURE:29.93  PEAK WIND SPEED (MPH): 15 PEAK WIND DIR (DEG):240 PEAK WIND TIME (LST):1400  FASTEST 2MIN SPEED (MPH): 12FASTEST 2MIN DIR (DEG):240 FASTEST 2MIN TIME (LST):1401 AVERAGE WIND SPEED (MPH): 3.4 24 HR AVG TEMP (F):67 HOURLY INCREMENTAL PRECIPITATION VALUES (IN):.00  .00  .00  .00  .00  .00  .00  .00  .00  .00  .00  .00  .00  .00  .00  .00  .00  .00  .00  .00  .00  .00  .00  .00",
"72297793184","2001-10-09T07:59:00","6","33.68","-117.86639","16.5","SANTA ANA JOHN WAYNE AIRPORT, CA US","SOD  ","KSNA ","V020","999,9,9,9999,9","99999,9,9,9","999999,9,9,9","+9999,9","+9999,9","99999,9","24,0000,9,5",,,,,,,,,,,,,,,,"0000,5","000,5","240,M,+0200,5","240,N,+0156,5",,,,,,,"10142,9,99999,4",,,"1,24,00626,250,1513,5","2,24,00536,210,1505,5","3,24,00188,999,9999,5","SOD60524 HR PRECIPITATION (IN): 0.00 TOTAL SUNSHINE (MINUTES):   0 PERCENT POSSIBLE SUNSHINE:  0 24 HR MAX TEMP (F): 6824 HR MAX TEMP TIME (LST):1513 24 HR MIN TEMP (F): 6024 HR MIN TEMP TIME (LST):0129 AVERAGE STATION PRESSURE:29.95  PEAK WIND SPEED (MPH): 14 PEAK WIND DIR (DEG):250 PEAK WIND TIME (LST):1513  FASTEST 2MIN SPEED (MPH): 12FASTEST 2MIN DIR (DEG):210 FASTEST 2MIN TIME (LST):1505 AVERAGE WIND SPEED (MPH): 4.2 24 HR AVG TEMP (F):64 HOURLY INCREMENTAL PRECIPITATION VALUES (IN):.00  .00  .00  .00  .00  .00  .00  .00  .00  .00  .00  .00  .00  .00  .00  .00  .00  .00  .00  .00  .00  .00  .00  .00",
"72297793184","2001-10-10T07:59:00","6","33.68","-117.86639","16.5","SANTA ANA JOHN WAYNE AIRPORT, CA US","SOD  ","KSNA ","V020","999,9,9,9999,9","99999,9,9,9","999999,9,9,9","+9999,9","+9999,9","99999,9","24,0000,2,5",,,,,,,,,,,,,,,,"0000,5","000,5","240,M,+0211,5","240,N,+0150,5",,,,,,,"10125,9,99999,4",,,"1,24,00671,210,1411,5","2,24,00581,210,1412,5","3,24,00179,999,9999,5","SOD60524 HR PRECIPITATION (IN):  T   TOTAL SUNSHINE (MINUTES):   0 PERCENT POSSIBLE SUNSHINE:  0 24 HR MAX TEMP (F): 7024 HR MAX TEMP TIME (LST):1256 24 HR MIN TEMP (F): 5924 HR MIN TEMP TIME (LST):2359 AVERAGE STATION PRESSURE:29.90  PEAK WIND SPEED (MPH): 15 PEAK WIND DIR (DEG):210 PEAK WIND TIME (LST):1411  FASTEST 2MIN SPEED (MPH): 13FASTEST 2MIN DIR (DEG):210 FASTEST 2MIN TIME (LST):1412 AVERAGE WIND SPEED (MPH): 4.0 24 HR AVG TEMP (F):65 HOURLY INCREMENTAL PRECIPITATION VALUES (IN):.00  .00   T   .00  .00  .00  .00  .00  .00  .00  .00  .00  .00  .00  .00  .00  .00  .00  .00  .00  .00  .00  .00  .00",
"72297793184","2001-10-11T07:59:00","6","33.68","-117.86639","16.5","SANTA ANA JOHN WAYNE AIRPORT, CA US","SOD  ","KSNA ","V020","999,9,9,9999,9","99999,9,9,9","999999,9,9,9","+9999,9","+9999,9","99999,9","24,0000,9,6",,,,,,,,,,,,,,,,"0000,5","000,5","240,M,+0233,5","240,N,+0144,5",,,,,,,"10129,9,99999,4",,,"1,24,00715,210,1145,5","2,24,00581,220,1146,5","3,24,00179,999,9999,5","SOD60524 HR PRECIPITATION (IN): 0.00 TOTAL SUNSHINE (MINUTES):   0 PERCENT POSSIBLE SUNSHINE:  0 24 HR MAX TEMP (F): 7424 HR MAX TEMP TIME (LST):1132 24 HR MIN TEMP (F): 5824 HR MIN TEMP TIME (LST):0243 AVERAGE STATION PRESSURE:29.91  PEAK WIND SPEED (MPH): 16 PEAK WIND DIR (DEG):210 PEAK WIND TIME (LST):1145  FASTEST 2MIN SPEED (MPH): 13FASTEST 2MIN DIR (DEG):220 FASTEST 2MIN TIME (LST):1146 AVERAGE WIND SPEED (MPH): 4.0 24 HR AVG TEMP (F):66 HOURLY INCREMENTAL PRECIPITATION VALUES (IN):.00  .00  .00  .00  .00  .00  .00  .00  .00  .00  .00  .00  .00  .00  .00  .00  .00  .00  .00  .00  .00  .00  .00  .00","R01  0.007AAP092"
"72297793184","2001-10-12T07:59:00","6","33.68","-117.86639","16.5","SANTA ANA JOHN WAYNE AIRPORT, CA US","SOD  ","KSNA ","V020","999,9,9,9999,9","99999,9,9,9","999999,9,9,9","+9999,9","+9999,9","99999,9","24,0000,9,6",,,,,,,,,,,,,,,,"0000,5","000,5","240,M,+0222,5","240,N,+0156,5",,,,,,,"10119,9,99999,4",,,"1,24,00715,200,1243,5","2,24,00626,200,1525,5","3,24,00215,999,9999,5","SOD60524 HR PRECIPITATION (IN): 0.00 TOTAL SUNSHINE (MINUTES):   0 PERCENT POSSIBLE SUNSHINE:  0 24 HR MAX TEMP (F): 7224 HR MAX TEMP TIME (LST):1232 24 HR MIN TEMP (F): 6024 HR MIN TEMP TIME (LST):0711 AVERAGE STATION PRESSURE:29.88  PEAK WIND SPEED (MPH): 16 PEAK WIND DIR (DEG):200 PEAK WIND TIME (LST):1243  FASTEST 2MIN SPEED (MPH): 14FASTEST 2MIN DIR (DEG):200 FASTEST 2MIN TIME (LST):1525 AVERAGE WIND SPEED (MPH): 4.8 24 HR AVG TEMP (F):66 HOURLY INCREMENTAL PRECIPITATION VALUES (IN):.00  .00  .00  .00  .00  .00  .00  .00  .00  .00  .00  .00  .00  .00  .00  .00  .00  .00  .00  .00  .00  .00  .00  .00","R01  0.007AAP092"
"72297793184","2001-10-13T07:59:00","6","33.68","-117.86639","16.5","SANTA ANA JOHN WAYNE AIRPORT, CA US","SOD  ","KSNA ","V020","999,9,9,9999,9","99999,9,9,9","999999,9,9,9","+9999,9","+9999,9","99999,9","24,0000,9,6",,,,,,,,,,,,,,,,"0000,5","000,5","240,M,+0261,5","240,N,+0150,5",,,,,,,"10102,9,99999,4",,,"1,24,00581,210,1238,5","2,24,00447,210,1240,5","3,24,00156,999,9999,5","SOD60524 HR PRECIPITATION (IN): 0.00 TOTAL SUNSHINE (MINUTES):   0 PERCENT POSSIBLE SUNSHINE:  0 24 HR MAX TEMP (F): 7924 HR MAX TEMP TIME (LST):1519 24 HR MIN TEMP (F): 5924 HR MIN TEMP TIME (LST):0640 AVERAGE STATION PRESSURE:29.83  PEAK WIND SPEED (MPH): 13 PEAK WIND DIR (DEG):210 PEAK WIND TIME (LST):1238  FASTEST 2MIN SPEED (MPH): 10FASTEST 2MIN DIR (DEG):210 FASTEST 2MIN TIME (LST):1240 AVERAGE WIND SPEED (MPH): 3.5 24 HR AVG TEMP (F):69 HOURLY INCREMENTAL PRECIPITATION VALUES (IN):.00  .00  .00  .00  .00  .00  .00  .00  .00  .00  .00  .00  .00  .00  .00  .00  .00  .00  .00  .00  .00  .00  .00  .00","R01  0.007AAP092"
"72297793184","2001-10-14T07:59:00","6","33.68","-117.86639","16.5","SANTA ANA JOHN WAYNE AIRPORT, CA US","SOD  ","KSNA ","V020","999,9,9,9999,9","99999,9,9,9","999999,9,9,9","+9999,9","+9999,9","99999,9","24,0000,9,6",,,,,,,,,,,,,,,,"0000,5","000,5","240,M,+0272,5","240,N,+0144,5",,,,,,,"10102,9,99999,4",,,"1,24,00715,200,1413,5","2,24,00626,200,1434,5","3,24,00174,999,9999,5","SOD60524 HR PRECIPITATION (IN): 0.00 TOTAL SUNSHINE (MINUTES):   0 PERCENT POSSIBLE SUNSHINE:  0 24 HR MAX TEMP (F): 8124 HR MAX TEMP TIME (LST):1224 24 HR MIN TEMP (F): 5824 HR MIN TEMP TIME (LST):2359 AVERAGE STATION PRESSURE:29.83  PEAK WIND SPEED (MPH): 16 PEAK WIND DIR (DEG):200 PEAK WIND TIME (LST):1413  FASTEST 2MIN SPEED (MPH): 14FASTEST 2MIN DIR (DEG):200 FASTEST 2MIN TIME (LST):1434 AVERAGE WIND SPEED (MPH): 3.9 24 HR AVG TEMP (F):70 HOURLY INCREMENTAL PRECIPITATION VALUES (IN):.00  .00  .00  .00  .00  .00  .00  .00  .00  .00  .00  .00  .00  .00  .00  .00  .00  .00  .00  .00  .00  .00  .00  .00","R01  0.007AAP092"
"72297793184","2001-10-15T07:59:00","6","33.68","-117.86639","16.5","SANTA ANA JOHN WAYNE AIRPORT, CA US","SOD  ","KSNA ","V020","999,9,9,9999,9","99999,9,9,9","999999,9,9,9","+9999,9","+9999,9","99999,9","24,0003,9,5",,,,,,,,,,,,,,,,"0000,5","000,5","240,M,+0283,5","240,N,+0133,5",,,,,,,"10091,9,99999,4",,,"1,24,00536,270,1411,5","2,24,00402,210,2215,5","3,24,00156,999,9999,5","SOD60524 HR PRECIPITATION (IN): 0.01 TOTAL SUNSHINE (MINUTES):   0 PERCENT POSSIBLE SUNSHINE:  0 24 HR MAX TEMP (F): 8324 HR MAX TEMP TIME (LST):1358 24 HR MIN TEMP (F): 5624 HR MIN TEMP TIME (LST):0651 AVERAGE STATION PRESSURE:29.80  PEAK WIND SPEED (MPH): 12 PEAK WIND DIR (DEG):270 PEAK WIND TIME (LST):1411  FASTEST 2MIN SPEED (MPH):  9FASTEST 2MIN DIR (DEG):210 FASTEST 2MIN TIME (LST):2215 AVERAGE WIND SPEED (MPH): 3.5 24 HR AVG TEMP (F):70 HOURLY INCREMENTAL PRECIPITATION VALUES (IN):.01  .00  .00  .00  .00  .00  .00  .00  .00  .00  .00  .00  .00  .00  .00  .00  .00  .00  .00  .00  .00  .00  .00  .00",
"72297793184","2001-10-16T07:59:00","6","33.68","-117.86639","16.5","SANTA ANA JOHN WAYNE AIRPORT, CA US","SOD  ","KSNA ","V020","999,9,9,9999,9","99999,9,9,9","999999,9,9,9","+9999,9","+9999,9","99999,9","24,0000,9,6",,,,,,,,,,,,,,,,"0000,5","000,5","240,M,+0272,5","240,N,+0156,5",,,,,,,"10115,9,99999,4",,,"1,24,00581,210,1546,5","2,24,00447,210,1547,5","3,24,00179,999,9999,5","SOD60524 HR PRECIPITATION (IN): 0.00 TOTAL SUNSHINE (MINUTES):   0 PERCENT POSSIBLE SUNSHINE:  0 24 HR MAX TEMP (F): 8124 HR MAX TEMP TIME (LST):1349 24 HR MIN TEMP (F): 6024 HR MIN TEMP TIME (LST):0658 AVERAGE STATION PRESSURE:29.87  PEAK WIND SPEED (MPH): 13 PEAK WIND DIR (DEG):210 PEAK WIND TIME (LST):1546  FASTEST 2MIN SPEED (MPH): 10FASTEST 2MIN DIR (DEG):210 FASTEST 2MIN TIME (LST):1547 AVERAGE WIND SPEED (MPH): 4.0 24 HR AVG TEMP (F):71 HOURLY INCREMENTAL PRECIPITATION VALUES (IN):.00  .00  .00  .00  .00  .00  .00  .00  .00  .00  .00  .00  .00  .00  .00  .00  .00  .00  .00  .00  .00  .00  .00  .00","R01  0.007AAP092"
"72297793184","2001-10-17T07:59:00","6","33.68","-117.86639","16.5","SANTA ANA JOHN WAYNE AIRPORT, CA US","SOD  ","KSNA ","V020","999,9,9,9999,9","99999,9,9,9","999999,9,9,9","+9999,9","+9999,9","99999,9","24,0000,9,6",,,,,,,,,,,,,,,,"0000,5","000,5","240,M,+0244,5","240,N,+0150,5",,,,,,,"10125,9,99999,4",,,"1,24,00536,200,1533,5","2,24,00402,200,1739,5","3,24,00179,999,9999,5","SOD60524 HR PRECIPITATION (IN): 0.00 TOTAL SUNSHINE (MINUTES):   0 PERCENT POSSIBLE SUNSHINE:  0 24 HR MAX TEMP (F): 7624 HR MAX TEMP TIME (LST):1310 24 HR MIN TEMP (F): 5924 HR MIN TEMP TIME (LST):0254 AVERAGE STATION PRESSURE:29.90  PEAK WIND SPEED (MPH): 12 PEAK WIND DIR (DEG):200 PEAK WIND TIME (LST):1533  FASTEST 2MIN SPEED (MPH):  9FASTEST 2MIN DIR (DEG):200 FASTEST 2MIN TIME (LST):1739 AVERAGE WIND SPEED (MPH): 4.0 24 HR AVG TEMP (F):68 HOURLY INCREMENTAL PRECIPITATION VALUES (IN):.00  .00  .00  .00  .00  .00  .00  .00  .00  .00  .00  .00  .00  .00  .00  .00  .00  .00  .00  .00  .00  .00  .00  .00","R01  0.007AAP092"
"72297793184","2001-10-18T07:59:00","6","33.68","-117.86639","16.5","SANTA ANA JOHN WAYNE AIRPORT, CA US","SOD  ","KSNA ","V020","999,9,9,9999,9","99999,9,9,9","999999,9,9,9","+9999,9","+9999,9","99999,9","24,0000,9,6",,,,,,,,,,,,,,,,"0000,5","000,5","240,M,+0222,5","240,N,+0144,5",,,,,,,"10125,9,99999,4",,,"1,24,00536,260,1512,5","2,24,00402,270,1518,5","3,24,00170,999,9999,5","SOD60524 HR PRECIPITATION (IN): 0.00 TOTAL SUNSHINE (MINUTES):   0 PERCENT POSSIBLE SUNSHINE:  0 24 HR MAX TEMP (F): 7224 HR MAX TEMP TIME (LST):1345 24 HR MIN TEMP (F): 5824 HR MIN TEMP TIME (LST):0642 AVERAGE STATION PRESSURE:29.90  PEAK WIND SPEED (MPH): 12 PEAK WIND DIR (DEG):260 PEAK WIND TIME (LST):1512  FASTEST 2MIN SPEED (MPH):  9FASTEST 2MIN DIR (DEG):270 FASTEST 2MIN TIME (LST):1518 AVERAGE WIND SPEED (MPH): 3.8 24 HR AVG TEMP (F):65 HOURLY INCREMENTAL PRECIPITATION VALUES (IN):.00  .00  .00  .00  .00  .00  .00  .00  .00  .00  .00  .00  .00  .00  .00  .00  .00  .00  .00  .00  .00  .00  .00  .00","R01  0.007AAP092"
"72297793184","2001-10-19T07:59:00","6","33.68","-117.86639","16.5","SANTA ANA JOHN WAYNE AIRPORT, CA US","SOD  ","KSNA ","V020","999,9,9,9999,9","99999,9,9,9","999999,9,9,9","+9999,9","+9999,9","99999,9","24,0003,9,5",,,,,,,,,,,,,,,,"0000,5","000,5","240,M,+0250,5","240,N,+0128,5",,,,,,,"10132,9,99999,4",,,"1,24,00581,230,1520,5","2,24,00447,220,1446,5","3,24,00139,999,9999,5","SOD60524 HR PRECIPITATION (IN): 0.01 TOTAL SUNSHINE (MINUTES):   0 PERCENT POSSIBLE SUNSHINE:  0 24 HR MAX TEMP (F): 7724 HR MAX TEMP TIME (LST):1144 24 HR MIN TEMP (F): 5524 HR MIN TEMP TIME (LST):0516 AVERAGE STATION PRESSURE:29.92  PEAK WIND SPEED (MPH): 13 PEAK WIND DIR (DEG):230 PEAK WIND TIME (LST):1520  FASTEST 2MIN SPEED (MPH): 10FASTEST 2MIN DIR (DEG):220 FASTEST 2MIN TIME (LST):1446 AVERAGE WIND SPEED (MPH): 3.1 24 HR AVG TEMP (F):66 HOURLY INCREMENTAL PRECIPITATION VALUES (IN):.00  .00  .00  .00  .00  .01  .00  .00  .00  .00  .00  .00  .00  .00  .00  .00  .00  .00  .00  .00  .00  .00  .00  .00",
"72297793184","2001-10-20T07:59:00","6","33.68","-117.86639","16.5","SANTA ANA JOHN WAYNE AIRPORT, CA US","SOD  ","KSNA ","V020","999,9,9,9999,9","99999,9,9,9","999999,9,9,9","+9999,9","+9999,9","99999,9","24,0000,9,6",,,,,,,,,,,,,,,,"0000,5","000,5","240,M,+0222,5","240,N,+0139,5",,,,,,,"10108,9,99999,4",,,"1,24,00715,260,1150,5","2,24,00581,250,1152,5","3,24,00143,999,9999,5","SOD60524 HR PRECIPITATION (IN): 0.00 TOTAL SUNSHINE (MINUTES):   0 PERCENT POSSIBLE SUNSHINE:  0 24 HR MAX TEMP (F): 7224 HR MAX TEMP TIME (LST):1132 24 HR MIN TEMP (F): 5724 HR MIN TEMP TIME (LST):0505 AVERAGE STATION PRESSURE:29.85  PEAK WIND SPEED (MPH): 16 PEAK WIND DIR (DEG):260 PEAK WIND TIME (LST):1150  FASTEST 2MIN SPEED (MPH): 13FASTEST 2MIN DIR (DEG):250 FASTEST 2MIN TIME (LST):1152 AVERAGE WIND SPEED (MPH): 3.2 24 HR AVG TEMP (F):65 HOURLY INCREMENTAL PRECIPITATION VALUES (IN):.00  .00  .00  .00  .00  .00  .00  .00  .00  .00  .00  .00  .00  .00  .00  .00  .00  .00  .00  .00  .00  .00  .00  .00","R01  0.007AAP092"
"72297793184","2001-10-21T07:59:00","6","33.68","-117.86639","16.5","SANTA ANA JOHN WAYNE AIRPORT, CA US","SOD  ","KSNA ","V020","999,9,9,9999,9","99999,9,9,9","999999,9,9,9","+9999,9","+9999,9","99999,9","24,0000,9,6",,,,,,,,,,,,,,,,"0000,5","000,5","240,M,+0217,5","240,N,+0150,5",,,,,,,"10091,9,99999,4",,,"1,24,00760,220,1245,5","2,24,00581,210,1301,5","3,24,00206,999,9999,5","SOD60524 HR PRECIPITATION (IN): 0.00 TOTAL SUNSHINE (MINUTES):   0 PERCENT POSSIBLE SUNSHINE:  0 24 HR MAX TEMP (F): 7124 HR MAX TEMP TIME (LST):1540 24 HR MIN TEMP (F): 5924 HR MIN TEMP TIME (LST):0700 AVERAGE STATION PRESSURE:29.80  PEAK WIND SPEED (MPH): 17 PEAK WIND DIR (DEG):220 PEAK WIND TIME (LST):1245  FASTEST 2MIN SPEED (MPH): 13FASTEST 2MIN DIR (DEG):210 FASTEST 2MIN TIME (LST):1301 AVERAGE WIND SPEED (MPH): 4.6 24 HR AVG TEMP (F):65 HOURLY INCREMENTAL PRECIPITATION VALUES (IN):.00  .00  .00  .00  .00  .00  .00  .00  .00  .00  .00  .00  .00  .00  .00  .00  .00  .00  .00  .00  .00  .00  .00  .00","R01  0.007AAP092"
"72297793184","2001-10-22T07:59:00","6","33.68","-117.86639","16.5","SANTA ANA JOHN WAYNE AIRPORT, CA US","SOD  ","KSNA ","V020","999,9,9,9999,9","99999,9,9,9","999999,9,9,9","+9999,9","+9999,9","99999,9","24,0000,9,6",,,,,,,,,,,,,,,,"0000,5","000,5","240,M,+0206,5","240,N,+0161,5",,,,,,,"10108,9,99999,4",,,"1,24,00671,200,1256,5","2,24,00581,200,1256,5","3,24,00188,999,9999,5","SOD60524 HR PRECIPITATION (IN): 0.00 TOTAL SUNSHINE (MINUTES):   0 PERCENT POSSIBLE SUNSHINE:  0 24 HR MAX TEMP (F): 6924 HR MAX TEMP TIME (LST):1315 24 HR MIN TEMP (F): 6124 HR MIN TEMP TIME (LST):0739 AVERAGE STATION PRESSURE:29.85  PEAK WIND SPEED (MPH): 15 PEAK WIND DIR (DEG):200 PEAK WIND TIME (LST):1256  FASTEST 2MIN SPEED (MPH): 13FASTEST 2MIN DIR (DEG):200 FASTEST 2MIN TIME (LST):1256 AVERAGE WIND SPEED (MPH): 4.2 24 HR AVG TEMP (F):65 HOURLY INCREMENTAL PRECIPITATION VALUES (IN):.00  .00  .00  .00  .00  .00  .00  .00  .00  .00  .00  .00  .00  .00  .00  .00  .00  .00  .00  .00  .00  .00  .00  .00","R01  0.007AAP092"
"72297793184","2001-10-23T07:59:00","6","33.68","-117.86639","16.5","SANTA ANA JOHN WAYNE AIRPORT, CA US","SOD  ","KSNA ","V020","999,9,9,9999,9","99999,9,9,9","999999,9,9,9","+9999,9","+9999,9","99999,9","24,0000,9,6",,,,,,,,,,,,,,,,"0000,5","000,5","240,M,+0217,5","240,N,+0144,5",,,,,,,"10119,9,99999,4",,,"1,24,00715,190,1412,5","2,24,00581,210,1210,5","3,24,00174,999,9999,5","SOD60524 HR PRECIPITATION (IN): 0.00 TOTAL SUNSHINE (MINUTES):   0 PERCENT POSSIBLE SUNSHINE:  0 24 HR MAX TEMP (F): 7124 HR MAX TEMP TIME (LST):1416 24 HR MIN TEMP (F): 5824 HR MIN TEMP TIME (LST):2359 AVERAGE STATION PRESSURE:29.88  PEAK WIND SPEED (MPH): 16 PEAK WIND DIR (DEG):190 PEAK WIND TIME (LST):1412  FASTEST 2MIN SPEED (MPH): 13FASTEST 2MIN DIR (DEG):210 FASTEST 2MIN TIME (LST):1210 AVERAGE WIND SPEED (MPH): 3.9 24 HR AVG TEMP (F):65 HOURLY INCREMENTAL PRECIPITATION VALUES (IN):.00  .00  .00  .00  .00  .00  .00  .00  .00  .00  .00  .00  .00  .00  .00  .00  .00  .00  .00  .00  .00  .00  .00  .00","R01  0.007AAP092"
"72297793184","2001-10-24T07:59:00","6","33.68","-117.86639","16.5","SANTA ANA JOHN WAYNE AIRPORT, CA US","SOD  ","KSNA ","V020","999,9,9,9999,9","99999,9,9,9","999999,9,9,9","+9999,9","+9999,9","99999,9","24,0033,9,5",,,,,,,,,,,,,,,,,,"240,M,+0206,5","240,N,+0144,5",,,,,,,"10088,9,99999,4",,,"1,24,00715,210,1359,5","2,24,00581,210,1418,5","3,24,00165,999,9999,5","SOD54524 HR PRECIPITATION (IN): 0.13 24 HR MAX TEMP (F): 6924 HR MAX TEMP TIME (LST):1306 24 HR MIN TEMP (F): 5824 HR MIN TEMP TIME (LST):0033 AVERAGE STATION PRESSURE:29.79  PEAK WIND SPEED (MPH): 16 PEAK WIND DIR (DEG):210 PEAK WIND TIME (LST):1359  FASTEST 2MIN SPEED (MPH): 13FASTEST 2MIN DIR (DEG):210 FASTEST 2MIN TIME (LST):1418 AVERAGE WIND SPEED (MPH): 3.7 24 HR AVG TEMP (F):64 HOURLY INCREMENTAL PRECIPITATION VALUES (IN):.00  .00  .00  .00  .00  .00  .00  .00  .00  .13  .00  .00  .00  .00  .00  .00  .00  .00  .00  .00  .00  .00  .00  .00",
"72297793184","2001-10-25T07:59:00","6","33.68","-117.86639","16.5","SANTA ANA JOHN WAYNE AIRPORT, CA US","SOD  ","KSNA ","V020","999,9,9,9999,9","99999,9,9,9","999999,9,9,9","+9999,9","+9999,9","99999,9","24,0000,9,6",,,,,,,,,,,,,,,,,,"240,M,+0217,5","240,N,+0161,5",,,,,,,"10102,9,99999,4",,,"1,24,00715,190,1114,5","2,24,00581,200,1604,5","3,24,00219,999,9999,5","SOD54524 HR PRECIPITATION (IN): 0.00 24 HR MAX TEMP (F): 7124 HR MAX TEMP TIME (LST):1346 24 HR MIN TEMP (F): 6124 HR MIN TEMP TIME (LST):0715 AVERAGE STATION PRESSURE:29.83  PEAK WIND SPEED (MPH): 16 PEAK WIND DIR (DEG):190 PEAK WIND TIME (LST):1114  FASTEST 2MIN SPEED (MPH): 13FASTEST 2MIN DIR (DEG):200 FASTEST 2MIN TIME (LST):1604 AVERAGE WIND SPEED (MPH): 4.9 24 HR AVG TEMP (F):66 HOURLY INCREMENTAL PRECIPITATION VALUES (IN):.00  .00  .00  .00  .00  .00  .00  .00  .00  .00  .00  .00  .00  .00  .00  .00  .00  .00  .00  .00  .00  .00  .00  .00","R01  0.007AAP092"
"72297793184","2001-10-26T07:59:00","6","33.68","-117.86639","16.5","SANTA ANA JOHN WAYNE AIRPORT, CA US","SOD  ","KSNA ","V020","999,9,9,9999,9","99999,9,9,9","999999,9,9,9","+9999,9","+9999,9","99999,9","24,0000,9,6",,,,,,,,,,,,,,,,,,"240,M,+0217,5","240,N,+0150,5",,,,,,,"10132,9,99999,4",,,"1,24,00671,230,1253,5","2,24,00581,190,1134,5","3,24,00174,999,9999,5","SOD54524 HR PRECIPITATION (IN): 0.00 24 HR MAX TEMP (F): 7124 HR MAX TEMP TIME (LST):1515 24 HR MIN TEMP (F): 5924 HR MIN TEMP TIME (LST):2352 AVERAGE STATION PRESSURE:29.92  PEAK WIND SPEED (MPH): 15 PEAK WIND DIR (DEG):230 PEAK WIND TIME (LST):1253  FASTEST 2MIN SPEED (MPH): 13FASTEST 2MIN DIR (DEG):190 FASTEST 2MIN TIME (LST):1134 AVERAGE WIND SPEED (MPH): 3.9 24 HR AVG TEMP (F):65 HOURLY INCREMENTAL PRECIPITATION VALUES (IN):.00  .00  .00  .00  .00  .00  .00  .00  .00  .00  .00  .00  .00  .00  .00  .00  .00  .00  .00  .00  .00  .00  .00  .00","R01  0.007AAP092"
"72297793184","2001-10-27T07:59:00","6","33.68","-117.86639","16.5","SANTA ANA JOHN WAYNE AIRPORT, CA US","SOD  ","KSNA ","V020","999,9,9,9999,9","99999,9,9,9","999999,9,9,9","+9999,9","+9999,9","99999,9","24,0000,9,6",,,,,,,,,,,,,,,,,,"240,M,+0217,5","240,N,+0139,5",,,,,,,"10146,9,99999,4",,,"1,24,00536,210,1423,5","2,24,00402,230,1435,5","3,24,00121,999,9999,5","SOD54524 HR PRECIPITATION (IN): 0.00 24 HR MAX TEMP (F): 7124 HR MAX TEMP TIME (LST):1403 24 HR MIN TEMP (F): 5724 HR MIN TEMP TIME (LST):0640 AVERAGE STATION PRESSURE:29.96  PEAK WIND SPEED (MPH): 12 PEAK WIND DIR (DEG):210 PEAK WIND TIME (LST):1423  FASTEST 2MIN SPEED (MPH):  9FASTEST 2MIN DIR (DEG):230 FASTEST 2MIN TIME (LST):1435 AVERAGE WIND SPEED (MPH): 2.7 24 HR AVG TEMP (F):64 HOURLY INCREMENTAL PRECIPITATION VALUES (IN):.00  .00  .00  .00  .00  .00  .00  .00  .00  .00  .00  .00  .00  .00  .00  .00  .00  .00  .00  .00  .00  .00  .00  .00","R01  0.007AAP092"
"72297793184","2001-10-28T07:59:00","6","33.68","-117.86639","16.5","SANTA ANA JOHN WAYNE AIRPORT, CA US","SOD  ","KSNA ","V020","999,9,9,9999,9","99999,9,9,9","999999,9,9,9","+9999,9","+9999,9","99999,9","24,0000,9,6",,,,,,,,,,,,,,,,,,"240,M,+0211,5","240,N,+0144,5",,,,,,,"10142,9,99999,4",,,"1,24,00715,220,1248,5","2,24,00447,260,1535,5","3,24,00170,999,9999,5","SOD54524 HR PRECIPITATION (IN): 0.00 24 HR MAX TEMP (F): 7024 HR MAX TEMP TIME (LST):1503 24 HR MIN TEMP (F): 5824 HR MIN TEMP TIME (LST):0453 AVERAGE STATION PRESSURE:29.95  PEAK WIND SPEED (MPH): 16 PEAK WIND DIR (DEG):220 PEAK WIND TIME (LST):1248  FASTEST 2MIN SPEED (MPH): 10FASTEST 2MIN DIR (DEG):260 FASTEST 2MIN TIME (LST):1535 AVERAGE WIND SPEED (MPH): 3.8 24 HR AVG TEMP (F):64 HOURLY INCREMENTAL PRECIPITATION VALUES (IN):.00  .00  .00  .00  .00  .00  .00  .00  .00  .00  .00  .00  .00  .00  .00  .00  .00  .00  .00  .00  .00  .00  .00  .00","R01  0.007AAP092"
"72297793184","2001-10-29T07:59:00","6","33.68","-117.86639","16.5","SANTA ANA JOHN WAYNE AIRPORT, CA US","SOD  ","KSNA ","V020","999,9,9,9999,9","99999,9,9,9","999999,9,9,9","+9999,9","+9999,9","99999,9","24,0000,9,6",,,,,,,,,,,,,,,,"0000,5","000,5","240,M,+0206,5","240,N,+0150,5",,,,,,,"10125,9,99999,4",,,"1,24,00581,260,1607,5","2,24,00402,250,1713,5","3,24,00148,999,9999,5","SOD60524 HR PRECIPITATION (IN): 0.00 TOTAL SUNSHINE (MINUTES):   0 PERCENT POSSIBLE SUNSHINE:  0 24 HR MAX TEMP (F): 6924 HR MAX TEMP TIME (LST):1429 24 HR MIN TEMP (F): 5924 HR MIN TEMP TIME (LST):0200 AVERAGE STATION PRESSURE:29.90  PEAK WIND SPEED (MPH): 13 PEAK WIND DIR (DEG):260 PEAK WIND TIME (LST):1607  FASTEST 2MIN SPEED (MPH):  9FASTEST 2MIN DIR (DEG):250 FASTEST 2MIN TIME (LST):1713 AVERAGE WIND SPEED (MPH): 3.3 24 HR AVG TEMP (F):64 HOURLY INCREMENTAL PRECIPITATION VALUES (IN):.00  .00  .00  .00  .00  .00  .00  .00  .00  .00  .00  .00  .00  .00  .00  .00  .00  .00  .00  .00  .00  .00  .00  .00","R01  0.007AAP092"
"72297793184","2001-10-30T07:59:00","6","33.68","-117.86639","16.5","SANTA ANA JOHN WAYNE AIRPORT, CA US","SOD  ","KSNA ","V020","999,9,9,9999,9","99999,9,9,9","999999,9,9,9","+9999,9","+9999,9","99999,9","24,0000,9,6",,,,,,,,,,,,,,,,"0000,5","000,5","240,M,+0228,5","240,N,+0144,5",,,,,,,"10108,9,99999,4",,,"1,24,00671,260,1524,5","2,24,00536,270,1539,5","3,24,00143,999,9999,5","SOD60524 HR PRECIPITATION (IN): 0.00 TOTAL SUNSHINE (MINUTES):   0 PERCENT POSSIBLE SUNSHINE:  0 24 HR MAX TEMP (F): 7324 HR MAX TEMP TIME (LST):1233 24 HR MIN TEMP (F): 5824 HR MIN TEMP TIME (LST):0508 AVERAGE STATION PRESSURE:29.85  PEAK WIND SPEED (MPH): 15 PEAK WIND DIR (DEG):260 PEAK WIND TIME (LST):1524  FASTEST 2MIN SPEED (MPH): 12FASTEST 2MIN DIR (DEG):270 FASTEST 2MIN TIME (LST):1539 AVERAGE WIND SPEED (MPH): 3.2 24 HR AVG TEMP (F):66 HOURLY INCREMENTAL PRECIPITATION VALUES (IN):.00  .00  .00  .00  .00  .00  .00  .00  .00  .00  .00  .00  .00  .00  .00  .00  .00  .00  .00  .00  .00  .00  .00  .00","R01  0.007AAP092"
"72297793184","2001-10-31T07:59:00","6","33.68","-117.86639","16.5","SANTA ANA JOHN WAYNE AIRPORT, CA US","SOD  ","KSNA ","V020","999,9,9,9999,9","99999,9,9,9","999999,9,9,9","+9999,9","+9999,9","99999,9","24,0000,2,5",,,,,,,,,,,,,,,,,,"240,M,+0222,5","240,N,+0139,5",,,,,,,"10095,9,99999,4",,,"1,24,00626,260,1308,5","2,24,00447,020,1503,5","3,24,00121,999,9999,5","SOD54524 HR PRECIPITATION (IN):  T   24 HR MAX TEMP (F): 7224 HR MAX TEMP TIME (LST):1122 24 HR MIN TEMP (F): 5724 HR MIN TEMP TIME (LST):0425 AVERAGE STATION PRESSURE:29.81  PEAK WIND SPEED (MPH): 14 PEAK WIND DIR (DEG):260 PEAK WIND TIME (LST):1308  FASTEST 2MIN SPEED (MPH): 10FASTEST 2MIN DIR (DEG):020 FASTEST 2MIN TIME (LST):1503 AVERAGE WIND SPEED (MPH): 2.7 24 HR AVG TEMP (F):65 HOURLY INCREMENTAL PRECIPITATION VALUES (IN):.00  .00  .00  .00  .00  .00  .00  .00  .00  .00  .00  .00  .00  .00  .00   T    T   .00   T   .00  .00  .00  .00  .00",
"72297793184","2001-11-01T07:59:00","6","33.68","-117.86639","16.5","SANTA ANA JOHN WAYNE AIRPORT, CA US","SOD  ","KSNA ","V020","999,9,9,9999,9","99999,9,9,9","999999,9,9,9","+9999,9","+9999,9","99999,9","24,0000,9,6",,,,,,,,,,,,,,,,,,"240,M,+0200,5","240,N,+0139,5",,,,,,,"10129,9,99999,4",,,"1,24,00626,210,1441,5","2,24,00447,220,1442,5","3,24,00156,999,9999,5","SOD52324 HR PRECIPITATION (IN): 0.00 24 HR MAX TEMP (F): 6824 HR MAX TEMP TIME (LST):1521 24 HR MIN TEMP (F): 5724 HR MIN TEMP TIME (LST):0540 AVERAGE STATION PRESSURE:29.91  PEAK WIND SPEED (MPH): 14 PEAK WIND DIR (DEG):210 PEAK WIND TIME (LST):1441  FASTEST 2MIN SPEED (MPH): 10FASTEST 2MIN DIR (DEG):220 FASTEST 2MIN TIME (LST):1442 AVERAGE WIND SPEED (MPH): 3.5 HOURLY INCREMENTAL PRECIPITATION VALUES (IN):.00  .00  .00  .00  .00  .00  .00  .00  .00  .00  .00  .00  .00  .00  .00  .00  .00  .00  .00  .00  .00  .00  .00  .00","R01  0.007AAP092"
"72297793184","2001-11-01T07:59:00","6","33.68","-117.86639","16.5","SANTA ANA JOHN WAYNE AIRPORT, CA US","SOM  ","KSNA ","V020","999,9,9,9999,9","99999,9,9,9","999999,9,9,9","+9999,9","+9999,9","99999,9",,"00038,9,6","00033,9,2323,9999,9999,6","03,6,01,6,99,9,00,5","005,0028,9,230946,5","010,0028,9,230946,5","015,0028,9,230946,5","020,0028,9,230946,5","030,0033,9,230946,5","045,0033,9,230946,5","060,0033,9,230946,5","080,0033,9,230946,5","100,0033,9,230946,5","120,0033,9,230946,5","150,0033,9,230946,5","180,0335,9,309999,7",,,,,"744,N,+1517,5","744,M,+2306,5","744,A,+1911,5","744,H,0007,6","744,C,0057,6","00,5,00,5,00,5,00,5",,"10115,4,10149,4","10230,290906,5,10098,999999,5",,,,"SOM725PCP MTOT: 0.15 DEPNRM: -.37 PCP GT 24HRS: 0.13 DATE(S):23 DAYS W/PCP >=.01: 3 DAYS W/PCP >=.10: 1 DAYS W/PCP >=1.00:  MSDP AMTS W/DATE-TIME TAGS:MIN:5  .11  23/0946 MIN:10  .11  23/0946 MIN:15  .11  23/0946 MIN:20  .11  23/0946 MIN:30  .13  23/0946 MIN:45  .13  23/0946 MIN:60  .13  23/0946 MIN:80  .13  23/0946 MIN:100  .13  23/0946 MIN:120  .13  23/0946 MIN:150  .13  23/0946 MIN:180 1.32  30/946= SN GT DP ON GRND:0 - DATE(S):0  AVG DLY MIN: 59.3 AVG DLY MAX: 73.5 AVG MLY TMP: 66.4 DAYS MAX <=32:  DAYS MAX >=70: 0 DAYS MAX >=90: 0 DAYS MIN <=32: 0 DAYS MIN  <=0: 0 AVG STP:29.87  AVG SLP:29.97  LWST SLP:29.82 DATE/TIME: 21634 HGST SLP:30.21 DATE/TIME:290906 HDD MTH TOT:   7 DEP NORM:-101 CDD MTH TOT:  57 DEP NORM:  33","R01  0.157ABP070R02  0.137ADP081R03     37AE1100R04      7AE2103R05  1.327A12072R06      7A12075R07   0 -7AKS007R08     77KDH045R09    577KDC058"
"72297793184","2001-11-02T07:59:00","6","33.68","-117.86639","16.5","SANTA ANA JOHN WAYNE AIRPORT, CA US","SOD  ","KSNA ","V020","999,9,9,9999,9","99999,9,9,9","999999,9,9,9","+9999,9","+9999,9","99999,9","24,0000,9,5",,,,,,,,,,,,,,,,"0000,5","000,5","240,M,+0200,5","240,N,+0144,6",,,,,,,"10132,9,99999,4",,,"1,24,00581,240,1426,5","2,24,00447,260,1427,5","3,24,00152,999,9999,5","SOD60524 HR PRECIPITATION (IN): 0.00 TOTAL SUNSHINE (MINUTES):   0 PERCENT POSSIBLE SUNSHINE:  0 24 HR MAX TEMP (F): 6824 HR MAX TEMP TIME (LST):1325 24 HR MIN TEMP (F): 5824 HR MIN TEMP TIME (LST):2359 AVERAGE STATION PRESSURE:29.92  PEAK WIND SPEED (MPH): 13 PEAK WIND DIR (DEG):240 PEAK WIND TIME (LST):1426  FASTEST 2MIN SPEED (MPH): 10FASTEST 2MIN DIR (DEG):260 FASTEST 2MIN TIME (LST):1427 AVERAGE WIND SPEED (MPH): 3.4 24 HR AVG TEMP (F):63 HOURLY INCREMENTAL PRECIPITATION VALUES (IN):.00  .00  .00  .00  .00  .00  .00  .00  .00  .00  .00  .00  .00  .00  .00  .00  .00  .00  .00  .00  .00  .00  .00  .00","R01    587KAN014"
"72297793184","2001-11-03T07:59:00","6","33.68","-117.86639","16.5","SANTA ANA JOHN WAYNE AIRPORT, CA US","SOD  ","KSNA ","V020","999,9,9,9999,9","99999,9,9,9","999999,9,9,9","+9999,9","+9999,9","99999,9","24,0000,9,5",,,,,,,,,,,,,,,,,,"240,M,+0200,5","240,N,+0128,5",,,,,,,"10139,9,99999,4",,,"1,24,00536,250,1223,5","2,24,00402,250,1647,5","3,24,00125,999,9999,5","SOD54524 HR PRECIPITATION (IN): 0.00 24 HR MAX TEMP (F): 6824 HR MAX TEMP TIME (LST):1437 24 HR MIN TEMP (F): 5524 HR MIN TEMP TIME (LST):0326 AVERAGE STATION PRESSURE:29.94  PEAK WIND SPEED (MPH): 12 PEAK WIND DIR (DEG):250 PEAK WIND TIME (LST):1223  FASTEST 2MIN SPEED (MPH):  9FASTEST 2MIN DIR (DEG):250 FASTEST 2MIN TIME (LST):1647 AVERAGE WIND SPEED (MPH): 2.8 24 HR AVG TEMP (F):62 HOURLY INCREMENTAL PRECIPITATION VALUES (IN):.00  .00  .00  .00  .00  .00  .00  .00  .00  .00  .00  .00  .00  .00  .00  .00  .00  .00  .00  .00  .00  .00  .00  .00",
"72297793184","2001-11-04T07:59:00","6","33.68","-117.86639","16.5","SANTA ANA JOHN WAYNE AIRPORT, CA US","SOD  ","KSNA ","V020","999,9,9,9999,9","99999,9,9,9","999999,9,9,9","+9999,9","+9999,9","99999,9","24,0000,2,5",,,,,,,,,,,,,,,,,,"240,M,+0217,5","240,N,+0111,5",,,,,,,"10146,9,99999,4",,,"1,24,00581,280,2339,5","2,24,00447,220,1250,5","3,24,00125,999,9999,5","SOD54524 HR PRECIPITATION (IN):  T   24 HR MAX TEMP (F): 7124 HR MAX TEMP TIME (LST):1152 24 HR MIN TEMP (F): 5224 HR MIN TEMP TIME (LST):0636 AVERAGE STATION PRESSURE:29.96  PEAK WIND SPEED (MPH): 13 PEAK WIND DIR (DEG):280 PEAK WIND TIME (LST):2339  FASTEST 2MIN SPEED (MPH): 10FASTEST 2MIN DIR (DEG):220 FASTEST 2MIN TIME (LST):1250 AVERAGE WIND SPEED (MPH): 2.8 24 HR AVG TEMP (F):62 HOURLY INCREMENTAL PRECIPITATION VALUES (IN):.00  .00  .00  .00  .00  .00  .00  .00  .00  .00  .00  .00  .00  .00  .00  .00  .00  .00  .00  .00  .00  .00   T   .00",
"72297793184","2001-11-05T07:59:00","6","33.68","-117.86639","16.5","SANTA ANA JOHN WAYNE AIRPORT, CA US","SOD  ","KSNA ","V020","999,9,9,9999,9","99999,9,9,9","999999,9,9,9","+9999,9","+9999,9","99999,9","24,0023,9,5",,,,,,,,,,,,,,,,,,"240,M,+0217,5","240,N,+0150,5",,,,,,,"10125,9,99999,4",,,"1,24,00939,200,0254,5","2,24,00760,200,0256,5","3,24,00156,999,9999,5","SOD54524 HR PRECIPITATION (IN): 0.09 24 HR MAX TEMP (F): 7124 HR MAX TEMP TIME (LST):1503 24 HR MIN TEMP (F): 5924 HR MIN TEMP TIME (LST):2337 AVERAGE STATION PRESSURE:29.90  PEAK WIND SPEED (MPH): 21 PEAK WIND DIR (DEG):200 PEAK WIND TIME (LST):0254  FASTEST 2MIN SPEED (MPH): 17FASTEST 2MIN DIR (DEG):200 FASTEST 2MIN TIME (LST):0256 AVERAGE WIND SPEED (MPH): 3.5 24 HR AVG TEMP (F):65 HOURLY INCREMENTAL PRECIPITATION VALUES (IN): T   .00  .00  .00  .00  .03  .01   T    T   .01  .02  .01   T   .00  .00  .00  .00  .00  .00  .00  .00  .01  .00  .00",
"72297793184","2001-11-06T07:59:00","6","33.68","-117.86639","16.5","SANTA ANA JOHN WAYNE AIRPORT, CA US","SOD  ","KSNA ","V020","999,9,9,9999,9","99999,9,9,9","999999,9,9,9","+9999,9","+9999,9","99999,9","24,0000,9,6",,,,,,,,,,,,,,,,,,"240,M,+0211,5","240,N,+0139,5",,,,,,,"10112,9,99999,4",,,"1,24,00581,160,2053,5","2,24,00447,200,1929,5","3,24,00152,999,9999,5","SOD54524 HR PRECIPITATION (IN): 0.00 24 HR MAX TEMP (F): 7024 HR MAX TEMP TIME (LST):1433 24 HR MIN TEMP (F): 5724 HR MIN TEMP TIME (LST):0736 AVERAGE STATION PRESSURE:29.86  PEAK WIND SPEED (MPH): 13 PEAK WIND DIR (DEG):160 PEAK WIND TIME (LST):2053  FASTEST 2MIN SPEED (MPH): 10FASTEST 2MIN DIR (DEG):200 FASTEST 2MIN TIME (LST):1929 AVERAGE WIND SPEED (MPH): 3.4 24 HR AVG TEMP (F):64 HOURLY INCREMENTAL PRECIPITATION VALUES (IN):.00  .00  .00  .00  .00  .00  .00  .00  .00  .00  .00  .00  .00  .00  .00  .00  .00  .00  .00  .00  .00  .00  .00  .00","R01  0.007AAP092"
"72297793184","2001-11-07T07:59:00","6","33.68","-117.86639","16.5","SANTA ANA JOHN WAYNE AIRPORT, CA US","SOD  ","KSNA ","V020","999,9,9,9999,9","99999,9,9,9","999999,9,9,9","+9999,9","+9999,9","99999,9","24,0000,9,6",,,,,,,,,,,,,,,,"0000,5","000,5","240,M,+0189,5","240,N,+0161,5",,,,,,,"10122,9,99999,4",,,"1,24,00581,220,1433,5","2,24,00447,200,1443,5","3,24,00197,999,9999,5","SOD60524 HR PRECIPITATION (IN): 0.00 TOTAL SUNSHINE (MINUTES):   0 PERCENT POSSIBLE SUNSHINE:  0 24 HR MAX TEMP (F): 6624 HR MAX TEMP TIME (LST):1345 24 HR MIN TEMP (F): 6124 HR MIN TEMP TIME (LST):2359 AVERAGE STATION PRESSURE:29.89  PEAK WIND SPEED (MPH): 13 PEAK WIND DIR (DEG):220 PEAK WIND TIME (LST):1433  FASTEST 2MIN SPEED (MPH): 10FASTEST 2MIN DIR (DEG):200 FASTEST 2MIN TIME (LST):1443 AVERAGE WIND SPEED (MPH): 4.4 24 HR AVG TEMP (F):64 HOURLY INCREMENTAL PRECIPITATION VALUES (IN):.00  .00  .00  .00  .00  .00  .00  .00  .00  .00  .00  .00  .00  .00  .00  .00  .00  .00  .00  .00  .00  .00  .00  .00","R01  0.007AAP092"
"72297793184","2001-11-08T07:59:00","6","33.68","-117.86639","16.5","SANTA ANA JOHN WAYNE AIRPORT, CA US","SOD  ","KSNA ","V020","999,9,9,9999,9","99999,9,9,9","999999,9,9,9","+9999,9","+9999,9","99999,9","24,0000,9,6",,,,,,,,,,,,,,,,"0000,5","000,5","240,M,+0200,5","240,N,+0139,5",,,,,,,"10159,9,99999,4",,,"1,24,00581,240,1223,5","2,24,00447,240,1224,5","3,24,00139,999,9999,5","SOD60524 HR PRECIPITATION (IN): 0.00 TOTAL SUNSHINE (MINUTES):   0 PERCENT POSSIBLE SUNSHINE:  0 24 HR MAX TEMP (F): 6824 HR MAX TEMP TIME (LST):1401 24 HR MIN TEMP (F): 5724 HR MIN TEMP TIME (LST):2359 AVERAGE STATION PRESSURE:30.00  PEAK WIND SPEED (MPH): 13 PEAK WIND DIR (DEG):240 PEAK WIND TIME (LST):1223  FASTEST 2MIN SPEED (MPH): 10FASTEST 2MIN DIR (DEG):240 FASTEST 2MIN TIME (LST):1224 AVERAGE WIND SPEED (MPH): 3.1 24 HR AVG TEMP (F):63 HOURLY INCREMENTAL PRECIPITATION VALUES (IN):.00  .00  .00  .00  .00  .00  .00  .00  .00  .00  .00  .00  .00  .00  .00  .00  .00  .00  .00  .00  .00  .00  .00  .00","R01  0.007AAP092"
"72297793184","2001-11-09T07:59:00","6","33.68","-117.86639","16.5","SANTA ANA JOHN WAYNE AIRPORT, CA US","SOD  ","KSNA ","V020","999,9,9,9999,9","99999,9,9,9","999999,9,9,9","+9999,9","+9999,9","99999,9","24,0000,9,6",,,,,,,,,,,,,,,,"0000,5","000,5","240,M,+0239,5","240,N,+0117,5",,,,,,,"10152,9,99999,4",,,"1,24,00715,250,1311,5","2,24,00581,210,1318,5","3,24,00148,999,9999,5","SOD60524 HR PRECIPITATION (IN): 0.00 TOTAL SUNSHINE (MINUTES):   0 PERCENT POSSIBLE SUNSHINE:  0 24 HR MAX TEMP (F): 7524 HR MAX TEMP TIME (LST):1307 24 HR MIN TEMP (F): 5324 HR MIN TEMP TIME (LST):0436 AVERAGE STATION PRESSURE:29.98  PEAK WIND SPEED (MPH): 16 PEAK WIND DIR (DEG):250 PEAK WIND TIME (LST):1311  FASTEST 2MIN SPEED (MPH): 13FASTEST 2MIN DIR (DEG):210 FASTEST 2MIN TIME (LST):1318 AVERAGE WIND SPEED (MPH): 3.3 24 HR AVG TEMP (F):64 HOURLY INCREMENTAL PRECIPITATION VALUES (IN):.00  .00  .00  .00  .00  .00  .00  .00  .00  .00  .00  .00  .00  .00  .00  .00  .00  .00  .00  .00  .00  .00  .00  .00","R01  0.007AAP092"
"72297793184","2001-11-10T07:59:00","6","33.68","-117.86639","16.5","SANTA ANA JOHN WAYNE AIRPORT, CA US","SOD  ","KSNA ","V020","999,9,9,9999,9","99999,9,9,9","999999,9,9,9","+9999,9","+9999,9","99999,9","24,0000,9,6",,,,,,,,,,,,,,,,"0000,5","000,5","240,M,+0200,5","240,N,+0150,5",,,,,,,"10159,9,99999,4",,,"1,24,00715,210,1317,5","2,24,00626,210,1313,5","3,24,00237,999,9999,5","SOD60524 HR PRECIPITATION (IN): 0.00 TOTAL SUNSHINE (MINUTES):   0 PERCENT POSSIBLE SUNSHINE:  0 24 HR MAX TEMP (F): 6824 HR MAX TEMP TIME (LST):1300 24 HR MIN TEMP (F): 5924 HR MIN TEMP TIME (LST):0744 AVERAGE STATION PRESSURE:30.00  PEAK WIND SPEED (MPH): 16 PEAK WIND DIR (DEG):210 PEAK WIND TIME (LST):1317  FASTEST 2MIN SPEED (MPH): 14FASTEST 2MIN DIR (DEG):210 FASTEST 2MIN TIME (LST):1313 AVERAGE WIND SPEED (MPH): 5.3 24 HR AVG TEMP (F):64 HOURLY INCREMENTAL PRECIPITATION VALUES (IN):.00  .00  .00  .00  .00  .00  .00  .00  .00  .00  .00  .00  .00  .00  .00  .00  .00  .00  .00  .00  .00  .00  .00  .00","R01  0.007AAP092"
"72297793184","2001-11-11T07:59:00","6","33.68","-117.86639","16.5","SANTA ANA JOHN WAYNE AIRPORT, CA US","SOD  ","KSNA ","V020","999,9,9,9999,9","99999,9,9,9","999999,9,9,9","+9999,9","+9999,9","99999,9","24,0000,9,6",,,,,,,,,,,,,,,,,,"240,M,+0200,5","240,N,+0167,5",,,,,,,"10163,9,99999,4",,,"1,24,00760,220,1455,5","2,24,00581,210,1549,5","3,24,00215,999,9999,5","SOD54524 HR PRECIPITATION (IN): 0.00 24 HR MAX TEMP (F): 6824 HR MAX TEMP TIME (LST):1400 24 HR MIN TEMP (F): 6224 HR MIN TEMP TIME (LST):2156 AVERAGE STATION PRESSURE:30.01  PEAK WIND SPEED (MPH): 17 PEAK WIND DIR (DEG):220 PEAK WIND TIME (LST):1455  FASTEST 2MIN SPEED (MPH): 13FASTEST 2MIN DIR (DEG):210 FASTEST 2MIN TIME (LST):1549 AVERAGE WIND SPEED (MPH): 4.8 24 HR AVG TEMP (F):65 HOURLY INCREMENTAL PRECIPITATION VALUES (IN):.00  .00  .00  .00  .00  .00  .00  .00  .00  .00  .00  .00  .00  .00  .00  .00  .00  .00  .00  .00  .00  .00  .00  .00","R01  0.007AAP092"
"72297793184","2001-11-12T07:59:00","6","33.68","-117.86639","16.5","SANTA ANA JOHN WAYNE AIRPORT, CA US","SOD  ","KSNA ","V020","999,9,9,9999,9","99999,9,9,9","999999,9,9,9","+9999,9","+9999,9","99999,9","24,0005,9,5",,,,,,,,,,,,,,,,"0000,5","000,5","240,M,+0222,5","240,N,+0150,5",,,,,,,"10163,9,99999,4",,,"1,24,00626,220,1401,5","2,24,00581,210,1345,5","3,24,00183,999,9999,5","SOD58324 HR PRECIPITATION (IN): 0.02 TOTAL SUNSHINE (MINUTES):   0 PERCENT POSSIBLE SUNSHINE:  0 24 HR MAX TEMP (F): 7224 HR MAX TEMP TIME (LST):1338 24 HR MIN TEMP (F): 5924 HR MIN TEMP TIME (LST):0836 AVERAGE STATION PRESSURE:30.01  PEAK WIND SPEED (MPH): 14 PEAK WIND DIR (DEG):220 PEAK WIND TIME (LST):1401  FASTEST 2MIN SPEED (MPH): 13FASTEST 2MIN DIR (DEG):210 FASTEST 2MIN TIME (LST):1345 AVERAGE WIND SPEED (MPH): 4.1 HOURLY INCREMENTAL PRECIPITATION VALUES (IN):.00  .00  .00   T    T   .00   T   .01  .01   T   .00  .00  .00  .00  .00  .00  .00  .00  .00  .00  .00  .00  .00  .00",
"72297793184","2001-11-13T07:59:00","6","33.68","-117.86639","16.5","SANTA ANA JOHN WAYNE AIRPORT, CA US","SOD  ","KSNA ","V020","999,9,9,9999,9","99999,9,9,9","999999,9,9,9","+9999,9","+9999,9","99999,9","24,0104,9,5",,,,,,,,,,,,,,,,"0000,5","000,5","240,M,+0206,5","240,N,+0133,5",,,,,,,"10149,9,99999,4",,,"1,24,01252,240,1818,5","2,24,00983,250,1819,5","3,24,00197,999,9999,5","SOD60524 HR PRECIPITATION (IN): 0.41 TOTAL SUNSHINE (MINUTES):   0 PERCENT POSSIBLE SUNSHINE:  0 24 HR MAX TEMP (F): 6924 HR MAX TEMP TIME (LST):1331 24 HR MIN TEMP (F): 5624 HR MIN TEMP TIME (LST):2348 AVERAGE STATION PRESSURE:29.97  PEAK WIND SPEED (MPH): 28 PEAK WIND DIR (DEG):240 PEAK WIND TIME (LST):1818  FASTEST 2MIN SPEED (MPH): 22FASTEST 2MIN DIR (DEG):250 FASTEST 2MIN TIME (LST):1819 AVERAGE WIND SPEED (MPH): 4.4 24 HR AVG TEMP (F):63 HOURLY INCREMENTAL PRECIPITATION VALUES (IN):.00  .00  .00  .00  .00  .00  .00  .00  .00  .00  .00  .00  .00  .00  .00  .00  .00  .00  .32  .08  .00  .00  .01  .00",
"72297793184","2001-11-14T07:59:00","6","33.68","-117.86639","16.5","SANTA ANA JOHN WAYNE AIRPORT, CA US","SOD  ","KSNA ","V020","999,9,9,9999,9","99999,9,9,9","999999,9,9,9","+9999,9","+9999,9","99999,9","24,0000,2,5",,,,,,,,,,,,,,,,,,"240,M,+0189,5","240,N,+0128,5",,,,,,,"10163,9,99999,4",,,"1,24,00671,160,1531,5","2,24,00536,180,1532,5","3,24,00125,999,9999,5","SOD54524 HR PRECIPITATION (IN):  T   24 HR MAX TEMP (F): 6624 HR MAX TEMP TIME (LST):1508 24 HR MIN TEMP (F): 5524 HR MIN TEMP TIME (LST):2359 AVERAGE STATION PRESSURE:30.01  PEAK WIND SPEED (MPH): 15 PEAK WIND DIR (DEG):160 PEAK WIND TIME (LST):1531  FASTEST 2MIN SPEED (MPH): 12FASTEST 2MIN DIR (DEG):180 FASTEST 2MIN TIME (LST):1532 AVERAGE WIND SPEED (MPH): 2.8 24 HR AVG TEMP (F):61 HOURLY INCREMENTAL PRECIPITATION VALUES (IN):.00   T    T   .00  .00  .00  .00  .00  .00  .00  .00  .00  .00  .00  .00  .00  .00  .00  .00  .00  .00  .00  .00  .00",
"72297793184","2001-11-15T07:59:00","6","33.68","-117.86639","16.5","SANTA ANA JOHN WAYNE AIRPORT, CA US","SOD  ","KSNA ","V020","999,9,9,9999,9","99999,9,9,9","999999,9,9,9","+9999,9","+9999,9","99999,9","24,0000,9,6",,,,,,,,,,,,,,,,,,"240,M,+0206,5","240,N,+0106,5",,,,,,,"10142,9,99999,4",,,"1,24,00536,230,1316,5","2,24,00402,280,1450,5","3,24,00116,999,9999,5","SOD54524 HR PRECIPITATION (IN): 0.00 24 HR MAX TEMP (F): 6924 HR MAX TEMP TIME (LST):1451 24 HR MIN TEMP (F): 5124 HR MIN TEMP TIME (LST):0654 AVERAGE STATION PRESSURE:29.95  PEAK WIND SPEED (MPH): 12 PEAK WIND DIR (DEG):230 PEAK WIND TIME (LST):1316  FASTEST 2MIN SPEED (MPH):  9FASTEST 2MIN DIR (DEG):280 FASTEST 2MIN TIME (LST):1450 AVERAGE WIND SPEED (MPH): 2.6 24 HR AVG TEMP (F):60 HOURLY INCREMENTAL PRECIPITATION VALUES (IN):.00  .00  .00  .00  .00  .00  .00  .00  .00  .00  .00  .00  .00  .00  .00  .00  .00  .00  .00  .00  .00  .00  .00  .00","R01  0.007AAP092"
"72297793184","2001-11-16T07:59:00","6","33.68","-117.86639","16.5","SANTA ANA JOHN WAYNE AIRPORT, CA US","SOD  ","KSNA ","V020","999,9,9,9999,9","99999,9,9,9","999999,9,9,9","+9999,9","+9999,9","99999,9","24,0000,9,6",,,,,,,,,,,,,,,,"0000,5","000,5","240,M,+0233,5","240,N,+0100,5",,,,,,,"10119,9,99999,4",,,"1,24,00626,200,1129,5","2,24,00402,200,1135,5","3,24,00107,999,9999,5","SOD60524 HR PRECIPITATION (IN): 0.00 TOTAL SUNSHINE (MINUTES):   0 PERCENT POSSIBLE SUNSHINE:  0 24 HR MAX TEMP (F): 7424 HR MAX TEMP TIME (LST):1435 24 HR MIN TEMP (F): 5024 HR MIN TEMP TIME (LST):0521 AVERAGE STATION PRESSURE:29.88  PEAK WIND SPEED (MPH): 14 PEAK WIND DIR (DEG):200 PEAK WIND TIME (LST):1129  FASTEST 2MIN SPEED (MPH):  9FASTEST 2MIN DIR (DEG):200 FASTEST 2MIN TIME (LST):1135 AVERAGE WIND SPEED (MPH): 2.4 24 HR AVG TEMP (F):62 HOURLY INCREMENTAL PRECIPITATION VALUES (IN):.00  .00  .00  .00  .00  .00  .00  .00  .00  .00  .00  .00  .00  .00  .00  .00  .00  .00  .00  .00  .00  .00  .00  .00","R01  0.007AAP092"
"72297793184","2001-11-17T07:59:00","6","33.68","-117.86639","16.5","SANTA ANA JOHN WAYNE AIRPORT, CA US","SOD  ","KSNA ","V020","999,9,9,9999,9","99999,9,9,9","999999,9,9,9","+9999,9","+9999,9","99999,9","24,0000,9,6",,,,,,,,,,,,,,,,"0000,5","000,5","240,M,+0217,5","240,N,+0106,5",,,,,,,"10135,9,99999,4",,,"1,24,00447,220,1556,5","2,24,00402,220,1556,5","3,24,00130,999,9999,5","SOD60524 HR PRECIPITATION (IN): 0.00 TOTAL SUNSHINE (MINUTES):   0 PERCENT POSSIBLE SUNSHINE:  0 24 HR MAX TEMP (F): 7124 HR MAX TEMP TIME (LST):1447 24 HR MIN TEMP (F): 5124 HR MIN TEMP TIME (LST):0618 AVERAGE STATION PRESSURE:29.93  PEAK WIND SPEED (MPH): 10 PEAK WIND DIR (DEG):220 PEAK WIND TIME (LST):1556  FASTEST 2MIN SPEED (MPH):  9FASTEST 2MIN DIR (DEG):220 FASTEST 2MIN TIME (LST):1556 AVERAGE WIND SPEED (MPH): 2.9 24 HR AVG TEMP (F):61 HOURLY INCREMENTAL PRECIPITATION VALUES (IN):.00  .00  .00  .00  .00  .00  .00  .00  .00  .00  .00  .00  .00  .00  .00  .00  .00  .00  .00  .00  .00  .00  .00  .00","R01  0.007AAP092"
"72297793184","2001-11-18T07:59:00","6","33.68","-117.86639","16.5","SANTA ANA JOHN WAYNE AIRPORT, CA US","SOD  ","KSNA ","V020","999,9,9,9999,9","99999,9,9,9","999999,9,9,9","+9999,9","+9999,9","99999,9","24,0000,9,6",,,,,,,,,,,,,,,,,,"240,M,+0189,5","240,N,+0106,5",,,,,,,"10159,9,99999,4",,,"1,24,00536,200,1102,5","2,24,00402,210,1114,5","3,24,00067,999,9999,5","SOD54524 HR PRECIPITATION (IN): 0.00 24 HR MAX TEMP (F): 6624 HR MAX TEMP TIME (LST):1521 24 HR MIN TEMP (F): 5124 HR MIN TEMP TIME (LST):0623 AVERAGE STATION PRESSURE:30.00  PEAK WIND SPEED (MPH): 12 PEAK WIND DIR (DEG):200 PEAK WIND TIME (LST):1102  FASTEST 2MIN SPEED (MPH):  9FASTEST 2MIN DIR (DEG):210 FASTEST 2MIN TIME (LST):1114 AVERAGE WIND SPEED (MPH): 1.5 24 HR AVG TEMP (F):59 HOURLY INCREMENTAL PRECIPITATION VALUES (IN):.00  .00  .00  .00  .00  .00  .00  .00  .00  .00  .00  .00  .00  .00  .00  .00  .00  .00  .00  .00  .00  .00  .00  .00","R01  0.007AAP092"
"72297793184","2001-11-19T07:59:00","6","33.68","-117.86639","16.5","SANTA ANA JOHN WAYNE AIRPORT, CA US","SOD  ","KSNA ","V020","999,9,9,9999,9","99999,9,9,9","999999,9,9,9","+9999,9","+9999,9","99999,9","24,0000,9,6",,,,,,,,,,,,,,,,,,"240,M,+0211,5","240,N,+0100,5",,,,,,,"10159,9,99999,4",,,"1,24,00671,280,1245,5","2,24,00536,270,1246,5","3,24,00094,999,9999,5","SOD54524 HR PRECIPITATION (IN): 0.00 24 HR MAX TEMP (F): 7024 HR MAX TEMP TIME (LST):1504 24 HR MIN TEMP (F): 5024 HR MIN TEMP TIME (LST):0812 AVERAGE STATION PRESSURE:30.00  PEAK WIND SPEED (MPH): 15 PEAK WIND DIR (DEG):280 PEAK WIND TIME (LST):1245  FASTEST 2MIN SPEED (MPH): 12FASTEST 2MIN DIR (DEG):270 FASTEST 2MIN TIME (LST):1246 AVERAGE WIND SPEED (MPH): 2.1 24 HR AVG TEMP (F):60 HOURLY INCREMENTAL PRECIPITATION VALUES (IN):.00  .00  .00  .00  .00  .00  .00  .00  .00  .00  .00  .00  .00  .00  .00  .00  .00  .00  .00  .00  .00  .00  .00  .00","R01  0.007AAP092"
"72297793184","2001-11-20T07:59:00","6","33.68","-117.86639","16.5","SANTA ANA JOHN WAYNE AIRPORT, CA US","SOD  ","KSNA ","V020","999,9,9,9999,9","99999,9,9,9","999999,9,9,9","+9999,9","+9999,9","99999,9","24,0000,9,6",,,,,,,,,,,,,,,,,,"240,M,+0228,5","240,N,+0100,5",,,,,,,"10166,9,99999,4",,,"1,24,00402,230,1418,5","2,24,00358,220,2158,5","3,24,00103,999,9999,5","SOD54524 HR PRECIPITATION (IN): 0.00 24 HR MAX TEMP (F): 7324 HR MAX TEMP TIME (LST):1330 24 HR MIN TEMP (F): 5024 HR MIN TEMP TIME (LST):0657 AVERAGE STATION PRESSURE:30.02  PEAK WIND SPEED (MPH):  9 PEAK WIND DIR (DEG):230 PEAK WIND TIME (LST):1418  FASTEST 2MIN SPEED (MPH):  8FASTEST 2MIN DIR (DEG):220 FASTEST 2MIN TIME (LST):2158 AVERAGE WIND SPEED (MPH): 2.3 24 HR AVG TEMP (F):62 HOURLY INCREMENTAL PRECIPITATION VALUES (IN):.00  .00  .00  .00  .00  .00  .00  .00  .00  .00  .00  .00  .00  .00  .00  .00  .00  .00  .00  .00  .00  .00  .00  .00","R01  0.007AAP092"
"72297793184","2001-11-21T07:59:00","6","33.68","-117.86639","16.5","SANTA ANA JOHN WAYNE AIRPORT, CA US","SOD  ","KSNA ","V020","999,9,9,9999,9","99999,9,9,9","999999,9,9,9","+9999,9","+9999,9","99999,9","24,0000,9,6",,,,,,,,,,,,,,,,,,"240,M,+0222,5","240,N,+0111,5",,,,,,,"10146,9,99999,4",,,"1,24,00581,220,1314,5","2,24,00536,210,1314,5","3,24,00170,999,9999,5","SOD54524 HR PRECIPITATION (IN): 0.00 24 HR MAX TEMP (F): 7224 HR MAX TEMP TIME (LST):1324 24 HR MIN TEMP (F): 5224 HR MIN TEMP TIME (LST):0646 AVERAGE STATION PRESSURE:29.96  PEAK WIND SPEED (MPH): 13 PEAK WIND DIR (DEG):220 PEAK WIND TIME (LST):1314  FASTEST 2MIN SPEED (MPH): 12FASTEST 2MIN DIR (DEG):210 FASTEST 2MIN TIME (LST):1314 AVERAGE WIND SPEED (MPH): 3.8 24 HR AVG TEMP (F):62 HOURLY INCREMENTAL PRECIPITATION VALUES (IN):.00  .00  .00  .00  .00  .00  .00  .00  .00  .00  .00  .00  .00  .00  .00  .00  .00  .00  .00  .00  .00  .00  .00  .00","R01  0.007AAP092"
"72297793184","2001-11-22T07:59:00","6","33.68","-117.86639","16.5","SANTA ANA JOHN WAYNE AIRPORT, CA US","SOD  ","KSNA ","V020","999,9,9,9999,9","99999,9,9,9","999999,9,9,9","+9999,9","+9999,9","99999,9","24,0000,9,6",,,,,,,,,,,,,,,,"0000,5","000,5","240,M,+0200,5","240,N,+0117,5",,,,,,,"10125,9,99999,4",,,"1,24,00626,220,1219,5","2,24,00536,200,1330,5","3,24,00174,999,9999,5","SOD60524 HR PRECIPITATION (IN): 0.00 TOTAL SUNSHINE (MINUTES):   0 PERCENT POSSIBLE SUNSHINE:  0 24 HR MAX TEMP (F): 6824 HR MAX TEMP TIME (LST):1147 24 HR MIN TEMP (F): 5324 HR MIN TEMP TIME (LST):0645 AVERAGE STATION PRESSURE:29.90  PEAK WIND SPEED (MPH): 14 PEAK WIND DIR (DEG):220 PEAK WIND TIME (LST):1219  FASTEST 2MIN SPEED (MPH): 12FASTEST 2MIN DIR (DEG):200 FASTEST 2MIN TIME (LST):1330 AVERAGE WIND SPEED (MPH): 3.9 24 HR AVG TEMP (F):61 HOURLY INCREMENTAL PRECIPITATION VALUES (IN):.00  .00  .00  .00  .00  .00  .00  .00  .00  .00  .00  .00  .00  .00  .00  .00  .00  .00  .00  .00  .00  .00  .00  .00","R01  0.007AAP092"
"72297793184","2001-11-23T07:59:00","6","33.68","-117.86639","16.5","SANTA ANA JOHN WAYNE AIRPORT, CA US","SOD  ","KSNA ","V020","999,9,9,9999,9","99999,9,9,9","999999,9,9,9","+9999,9","+9999,9","99999,9","24,0000,9,6",,,,,,,,,,,,,,,,"0000,5","000,5","240,M,+0189,5","240,N,+0139,5",,,,,,,"10108,9,99999,4",,,"1,24,00760,200,1123,5","2,24,00626,200,1317,5","3,24,00259,999,9999,5","SOD60524 HR PRECIPITATION (IN): 0.00 TOTAL SUNSHINE (MINUTES):   0 PERCENT POSSIBLE SUNSHINE:  0 24 HR MAX TEMP (F): 6624 HR MAX TEMP TIME (LST):1434 24 HR MIN TEMP (F): 5724 HR MIN TEMP TIME (LST):0323 AVERAGE STATION PRESSURE:29.85  PEAK WIND SPEED (MPH): 17 PEAK WIND DIR (DEG):200 PEAK WIND TIME (LST):1123  FASTEST 2MIN SPEED (MPH): 14FASTEST 2MIN DIR (DEG):200 FASTEST 2MIN TIME (LST):1317 AVERAGE WIND SPEED (MPH): 5.8 24 HR AVG TEMP (F):62 HOURLY INCREMENTAL PRECIPITATION VALUES (IN):.00  .00  .00  .00  .00  .00  .00  .00  .00  .00  .00  .00  .00  .00  .00  .00  .00  .00  .00  .00  .00  .00  .00  .00","R01  0.007AAP092"
"72297793184","2001-11-24T07:59:00","6","33.68","-117.86639","16.5","SANTA ANA JOHN WAYNE AIRPORT, CA US","SOD  ","KSNA ","V020","999,9,9,9999,9","99999,9,9,9","999999,9,9,9","+9999,9","+9999,9","99999,9","24,0000,2,5",,,,,,,,,,,,,,,,"0000,5","000,5","240,M,+0200,5","240,N,+0122,5",,,,,,,"10105,9,99999,4",,,"1,24,00626,190,1104,5","2,24,00536,220,1456,5","3,24,00156,999,9999,5","SOD60524 HR PRECIPITATION (IN):  T   TOTAL SUNSHINE (MINUTES):   0 PERCENT POSSIBLE SUNSHINE:  0 24 HR MAX TEMP (F): 6824 HR MAX TEMP TIME (LST):1412 24 HR MIN TEMP (F): 5424 HR MIN TEMP TIME (LST):2350 AVERAGE STATION PRESSURE:29.84  PEAK WIND SPEED (MPH): 14 PEAK WIND DIR (DEG):190 PEAK WIND TIME (LST):1104  FASTEST 2MIN SPEED (MPH): 12FASTEST 2MIN DIR (DEG):220 FASTEST 2MIN TIME (LST):1456 AVERAGE WIND SPEED (MPH): 3.5 24 HR AVG TEMP (F):61 HOURLY INCREMENTAL PRECIPITATION VALUES (IN):.00  .00  .00  .00  .00  .00  .00  .00  .00  .00  .00  .00  .00  .00  .00  .00   T    T   .00  .00   T   .00  .00  .00",
"72297793184","2001-11-25T07:59:00","6","33.68","-117.86639","16.5","SANTA ANA JOHN WAYNE AIRPORT, CA US","SOD  ","KSNA ","V020","999,9,9,9999,9","99999,9,9,9","999999,9,9,9","+9999,9","+9999,9","99999,9","24,0112,9,5",,,,,,,,,,,,,,,,,,"240,M,+0172,5","240,N,+0106,5",,,,,,,"10102,9,99999,4",,,"1,24,01431,170,1429,5","2,24,01118,160,1427,5","3,24,00353,999,9999,5","SOD54524 HR PRECIPITATION (IN): 0.44 24 HR MAX TEMP (F): 6324 HR MAX TEMP TIME (LST):1243 24 HR MIN TEMP (F): 5124 HR MIN TEMP TIME (LST):0458 AVERAGE STATION PRESSURE:29.83  PEAK WIND SPEED (MPH): 32 PEAK WIND DIR (DEG):170 PEAK WIND TIME (LST):1429  FASTEST 2MIN SPEED (MPH): 25FASTEST 2MIN DIR (DEG):160 FASTEST 2MIN TIME (LST):1427 AVERAGE WIND SPEED (MPH): 7.9 24 HR AVG TEMP (F):57 HOURLY INCREMENTAL PRECIPITATION VALUES (IN):.00  .00  .00  .00  .00  .00  .00  .00  .00  .00  .00   T    T    T   .19  .21  .03  .01  .00  .00  .00  .00  .00  .00",
"72297793184","2001-11-26T07:59:00","6","33.68","-117.86639","16.5","SANTA ANA JOHN WAYNE AIRPORT, CA US","SOD  ","KSNA ","V020","999,9,9,9999,9","99999,9,9,9","999999,9,9,9","+9999,9","+9999,9","99999,9","24,0000,9,6",,,,,,,,,,,,,,,,"0000,5","000,5","240,M,+0161,5","240,N,+0094,5",,,,,,,"10146,9,99999,4",,,"1,24,99999,999,9999,7","2,24,00626,260,0023,5","3,24,00206,999,9999,5","SOD60524 HR PRECIPITATION (IN): 0.00 TOTAL SUNSHINE (MINUTES):   0 PERCENT POSSIBLE SUNSHINE:  0 24 HR MAX TEMP (F): 6124 HR MAX TEMP TIME (LST):1404 24 HR MIN TEMP (F): 4924 HR MIN TEMP TIME (LST):0705 AVERAGE STATION PRESSURE:29.96  PEAK WIND SPEED (MPH):  0 PEAK WIND DIR (DEG):0   PEAK WIND TIME (LST):      FASTEST 2MIN SPEED (MPH): 14FASTEST 2MIN DIR (DEG):260 FASTEST 2MIN TIME (LST):0023 AVERAGE WIND SPEED (MPH): 4.6 24 HR AVG TEMP (F):55 HOURLY INCREMENTAL PRECIPITATION VALUES (IN):.00  .00  .00  .00  .00  .00  .00  .00  .00  .00  .00  .00  .00  .00  .00  .00  .00  .00  .00  .00  .00  .00  .00  .00","R01  0.007AAP092R02     07OES065"
"72297793184","2001-11-27T07:59:00","6","33.68","-117.86639","16.5","SANTA ANA JOHN WAYNE AIRPORT, CA US","SOD  ","KSNA ","V020","999,9,9,9999,9","99999,9,9,9","999999,9,9,9","+9999,9","+9999,9","99999,9","24,0000,9,6",,,,,,,,,,,,,,,,"0000,5","000,5","240,M,+0156,5","240,N,+0078,5",,,,,,,"10149,9,99999,4",,,"1,24,99999,999,9999,7","2,24,00447,200,1317,5","3,24,00125,999,9999,5","SOD60524 HR PRECIPITATION (IN): 0.00 TOTAL SUNSHINE (MINUTES):   0 PERCENT POSSIBLE SUNSHINE:  0 24 HR MAX TEMP (F): 6024 HR MAX TEMP TIME (LST):1513 24 HR MIN TEMP (F): 4624 HR MIN TEMP TIME (LST):0647 AVERAGE STATION PRESSURE:29.97  PEAK WIND SPEED (MPH):  0 PEAK WIND DIR (DEG):0   PEAK WIND TIME (LST):      FASTEST 2MIN SPEED (MPH): 10FASTEST 2MIN DIR (DEG):200 FASTEST 2MIN TIME (LST):1317 AVERAGE WIND SPEED (MPH): 2.8 24 HR AVG TEMP (F):53 HOURLY INCREMENTAL PRECIPITATION VALUES (IN):.00  .00  .00  .00  .00  .00  .00  .00  .00  .00  .00  .00  .00  .00  .00  .00  .00  .00  .00  .00  .00  .00  .00  .00","R01  0.007AAP092R02     07OES065"
"72297793184","2001-11-28T07:59:00","6","33.68","-117.86639","16.5","SANTA ANA JOHN WAYNE AIRPORT, CA US","SOD  ","KSNA ","V020","999,9,9,9999,9","99999,9,9,9","999999,9,9,9","+9999,9","+9999,9","99999,9","24,0000,9,6",,,,,,,,,,,,,,,,"0000,5","000,5","240,M,+0183,5","240,N,+0067,5",,,,,,,"10152,9,99999,4",,,"1,24,99999,999,9999,7","2,24,01073,060,1051,5","3,24,00559,999,9999,5","SOD60524 HR PRECIPITATION (IN): 0.00 TOTAL SUNSHINE (MINUTES):   0 PERCENT POSSIBLE SUNSHINE:  0 24 HR MAX TEMP (F): 6524 HR MAX TEMP TIME (LST):1359 24 HR MIN TEMP (F): 4424 HR MIN TEMP TIME (LST):0158 AVERAGE STATION PRESSURE:29.98  PEAK WIND SPEED (MPH):  0 PEAK WIND DIR (DEG):0   PEAK WIND TIME (LST):      FASTEST 2MIN SPEED (MPH): 24FASTEST 2MIN DIR (DEG): 60 FASTEST 2MIN TIME (LST):1051 AVERAGE WIND SPEED (MPH):12.5 24 HR AVG TEMP (F):55 HOURLY INCREMENTAL PRECIPITATION VALUES (IN):.00  .00  .00  .00  .00  .00  .00  .00  .00  .00  .00  .00  .00  .00  .00  .00  .00  .00  .00  .00  .00  .00  .00  .00","R01  0.007AAP092R02     07OES065"
"72297793184","2001-11-29T07:59:00","6","33.68","-117.86639","16.5","SANTA ANA JOHN WAYNE AIRPORT, CA US","SOD  ","KSNA ","V020","999,9,9,9999,9","99999,9,9,9","999999,9,9,9","+9999,9","+9999,9","99999,9","24,0000,9,6",,,,,,,,,,,,,,,,,,"240,M,+0172,5","240,N,+0044,5",,,,,,,"10166,9,99999,4",,,"1,24,00805,220,0824,5","2,24,00715,240,0815,5","3,24,00107,999,9999,5","SOD54524 HR PRECIPITATION (IN): 0.00 24 HR MAX TEMP (F): 6324 HR MAX TEMP TIME (LST):1253 24 HR MIN TEMP (F): 4024 HR MIN TEMP TIME (LST):0627 AVERAGE STATION PRESSURE:30.02  PEAK WIND SPEED (MPH): 18 PEAK WIND DIR (DEG):220 PEAK WIND TIME (LST):0824  FASTEST 2MIN SPEED (MPH): 16FASTEST 2MIN DIR (DEG):240 FASTEST 2MIN TIME (LST):0815 AVERAGE WIND SPEED (MPH): 2.4 24 HR AVG TEMP (F):52 HOURLY INCREMENTAL PRECIPITATION VALUES (IN):.00  .00  .00  .00  .00  .00  .00  .00  .00  .00  .00  .00  .00  .00  .00  .00  .00  .00  .00  .00  .00  .00  .00  .00","R01  0.007AAP092"
"72297793184","2001-11-30T07:59:00","6","33.68","-117.86639","16.5","SANTA ANA JOHN WAYNE AIRPORT, CA US","SOD  ","KSNA ","V020","999,9,9,9999,9","99999,9,9,9","999999,9,9,9","+9999,9","+9999,9","99999,9","24,0064,9,5",,,,,,,,,,,,,,,,"0000,5","000,5","240,M,+0128,5","240,N,+0078,5",,,,,,,"10112,9,99999,4",,,"1,24,00983,090,1137,5","2,24,00671,090,1136,5","3,24,00219,999,9999,5","SOD58324 HR PRECIPITATION (IN): 0.25 TOTAL SUNSHINE (MINUTES):   0 PERCENT POSSIBLE SUNSHINE:  0 24 HR MAX TEMP (F): 5524 HR MAX TEMP TIME (LST):1656 24 HR MIN TEMP (F): 4624 HR MIN TEMP TIME (LST):2358 AVERAGE STATION PRESSURE:29.86  PEAK WIND SPEED (MPH): 22 PEAK WIND DIR (DEG): 90 PEAK WIND TIME (LST):1137  FASTEST 2MIN SPEED (MPH): 15FASTEST 2MIN DIR (DEG): 90 FASTEST 2MIN TIME (LST):1136 AVERAGE WIND SPEED (MPH): 4.9 HOURLY INCREMENTAL PRECIPITATION VALUES (IN):.00  .00  .00  .00  .00  .00   T    T    T   .03  .15  .05  .01  .01   T   .00  .00  .00  .00  .00  .00  .00  .00  .00",
"72297793184","2001-12-01T07:59:00","6","33.68","-117.86639","16.5","SANTA ANA JOHN WAYNE AIRPORT, CA US","SOD  ","KSNA ","V020","999,9,9,9999,9","99999,9,9,9","999999,9,9,9","+9999,9","+9999,9","99999,9","24,0000,9,6",,,,,,,,,,,,,,,,"0000,5","000,5","240,M,+0172,5","240,N,+0072,5",,,,,,,"10146,9,99999,4",,,"1,24,00626,210,1427,5","2,24,00536,190,1422,5","3,24,00134,999,9999,5","SOD60524 HR PRECIPITATION (IN): 0.00 TOTAL SUNSHINE (MINUTES):   0 PERCENT POSSIBLE SUNSHINE:  0 24 HR MAX TEMP (F): 6324 HR MAX TEMP TIME (LST):1352 24 HR MIN TEMP (F): 4524 HR MIN TEMP TIME (LST):0223 AVERAGE STATION PRESSURE:29.96  PEAK WIND SPEED (MPH): 14 PEAK WIND DIR (DEG):210 PEAK WIND TIME (LST):1427  FASTEST 2MIN SPEED (MPH): 12FASTEST 2MIN DIR (DEG):190 FASTEST 2MIN TIME (LST):1422 AVERAGE WIND SPEED (MPH): 3.0 24 HR AVG TEMP (F):54 HOURLY INCREMENTAL PRECIPITATION VALUES (IN):.00  .00  .00  .00  .00  .00  .00  .00  .00  .00  .00  .00  .00  .00  .00  .00  .00  .00  .00  .00  .00  .00  .00  .00","R01  0.007AAP092"
"72297793184","2001-12-01T07:59:00","6","33.68","-117.86639","16.5","SANTA ANA JOHN WAYNE AIRPORT, CA US","SOM  ","KSNA ","V020","999,9,9,9999,9","99999,9,9,9","999999,9,9,9","+9999,9","+9999,9","99999,9",,"00307,9,6","00112,9,2424,9999,9999,6","05,6,03,6,99,9,00,5","005,0046,9,121821,5","010,0061,9,121823,5","015,0079,9,241501,5","020,0086,9,241502,5","030,0089,9,241514,5","045,0091,9,241514,5","060,0094,9,241514,5","080,0102,9,121920,5","100,0102,9,121920,5","120,0104,9,241555,5","150,0107,9,241632,5","180,0112,9,241657,5",,,,,"720,N,+1156,5","720,M,+1978,5","720,A,+1567,5","720,H,0138,7","720,C,0001,6","00,5,00,5,00,5,00,5",,"10142,4,10173,4","10220,281011,5,10085,241629,5",,,,"SOM806PCP MTOT: 1.21 DEPNRM: 0.00 PCP GT 24HRS: 0.44 DATE(S):24 DAYS W/PCP >=.01: 5 DAYS W/PCP >=.10: 3 DAYS W/PCP >=1.00:  MSDP AMTS W/DATE-TIME TAGS:MIN:5  .18  12/1821 MIN:10  .24  12/1823 MIN:15  .31  24/1501 MIN:20  .34  24/1502 MIN:30  .35  24/1514 MIN:45  .36  24/1514 MIN:60  .37  24/1514 MIN:80  .40  12/1920 MIN:100  .40  12/1920 MIN:120  .41  24/1555 MIN:150  .42  24/1632 MIN:180  .44  24/1657 SN GT DP ON GRND:0 DATE(S):0  AVG DLY MIN: 52.8 AVG DLY MAX: 67.6 AVG MLY TMP: 60.2 DAYS MAX <=32:  DAYS MAX >=70: 0 DAYS MAX >=90: 0 DAYS MIN <=32: 0 DAYS MIN  <=0: 0 AVG STP:29.95  AVG SLP:30.04  LWST SLP:29.78 DATE/TIME:241629 HGST SLP:30.18 DATE/TIME:281011 HDD MTH TOT: 138 DEP NORM:-255 SEASON(JUL 1-JUN 30):  145 DEP NORM:03247 CDD MTH TOT:   1 DEP NORM:-255 SEASON(JAN 1-DEC 31):  810 DEP NORM:1956","R01  1.217ABP070R02  0.447ADP081R03     57AE1100R04      7AE2103R05   1387KDH015R06     17KDC058"
"72297793184","2001-12-02T07:59:00","6","33.68","-117.86639","16.5","SANTA ANA JOHN WAYNE AIRPORT, CA US","SOD  ","KSNA ","V020","999,9,9,9999,9","99999,9,9,9","999999,9,9,9","+9999,9","+9999,9","99999,9","24,0000,9,5",,,,,,,,,,,,,,,,,,"240,M,+0183,5","240,N,+0067,6",,,,,,,"10166,9,99999,4",,,"1,24,00894,340,1036,5","2,24,00626,010,1036,5","3,24,00130,999,9999,5","SOD54524 HR PRECIPITATION (IN): 0.00 24 HR MAX TEMP (F): 6524 HR MAX TEMP TIME (LST):1039 24 HR MIN TEMP (F): 4424 HR MIN TEMP TIME (LST):0641 AVERAGE STATION PRESSURE:30.02  PEAK WIND SPEED (MPH): 20 PEAK WIND DIR (DEG):340 PEAK WIND TIME (LST):1036  FASTEST 2MIN SPEED (MPH): 14FASTEST 2MIN DIR (DEG):010 FASTEST 2MIN TIME (LST):1036 AVERAGE WIND SPEED (MPH): 2.9 24 HR AVG TEMP (F):55 HOURLY INCREMENTAL PRECIPITATION VALUES (IN):.00  .00  .00  .00  .00  .00  .00  .00  .00  .00  .00  .00  .00  .00  .00  .00  .00  .00  .00  .00  .00  .00  .00  .00","R01    447KAN014"
"72297793184","2001-12-03T07:59:00","6","33.68","-117.86639","16.5","SANTA ANA JOHN WAYNE AIRPORT, CA US","SOD  ","KSNA ","V020","999,9,9,9999,9","99999,9,9,9","999999,9,9,9","+9999,9","+9999,9","99999,9","24,0000,2,5",,,,,,,,,,,,,,,,,,"240,M,+0167,5","240,N,+0083,5",,,,,,,"10152,9,99999,4",,,"1,24,00626,200,1251,5","2,24,00447,200,1252,5","3,24,00161,999,9999,5","SOD54424 HR PRECIPITATION (IN):  T   24 HR MAX TEMP (F): 6224 HR MAX TEMP TIME (LST):1142 24 HR MIN TEMP (F): 4724 HR MIN TEMP TIME (LST):0716 AVERAGE STATION PRESSURE:29.98  PEAK WIND SPEED (MPH): 14 PEAK WIND DIR (DEG):200 PEAK WIND TIME (LST):1251  FASTEST 2MIN SPEED (MPH): 10FASTEST 2MIN DIR (DEG):200 FASTEST 2MIN TIME (LST):1252 AVERAGE WIND SPEED (MPH): 3.6 24 HR AVG TEMP (F):55 HOURLY INCREMENTAL PRECIPITATION VALUES (IN):.00  .00  .00  .00  .00  .00  .00  .00  .00  .00  .00  .00  .00  .00   T   .00  .00  .00   T   .00  .00  .00  .00   T",
"72297793184","2001-12-04T07:59:00","6","33.68","-117.86639","16.5","SANTA ANA JOHN WAYNE AIRPORT, CA US","SOD  ","KSNA ","V020","999,9,9,9999,9","99999,9,9,9","999999,9,9,9","+9999,9","+9999,9","99999,9","24,0020,9,5",,,,,,,,,,,,,,,,,,"240,M,+0167,5","240,N,+0100,5",,,,,,,"10125,9,99999,4",,,"1,24,00760,250,1601,5","2,24,00581,250,1604,5","3,24,00255,999,9999,5","SOD54524 HR PRECIPITATION (IN): 0.08 24 HR MAX TEMP (F): 6224 HR MAX TEMP TIME (LST):1340 24 HR MIN TEMP (F): 5024 HR MIN TEMP TIME (LST):2359 AVERAGE STATION PRESSURE:29.90  PEAK WIND SPEED (MPH): 17 PEAK WIND DIR (DEG):250 PEAK WIND TIME (LST):1601  FASTEST 2MIN SPEED (MPH): 13FASTEST 2MIN DIR (DEG):250 FASTEST 2MIN TIME (LST):1604 AVERAGE WIND SPEED (MPH): 5.7 24 HR AVG TEMP (F):56 HOURLY INCREMENTAL PRECIPITATION VALUES (IN):.00   T   .03  .04  .01   T   .00  .00  .00  .00  .00  .00  .00  .00  .00  .00  .00  .00  .00  .00  .00  .00  .00  .00",
"72297793184","2001-12-05T07:59:00","6","33.68","-117.86639","16.5","SANTA ANA JOHN WAYNE AIRPORT, CA US","SOD  ","KSNA ","V020","999,9,9,9999,9","99999,9,9,9","999999,9,9,9","+9999,9","+9999,9","99999,9","24,0000,2,5",,,,,,,,,,,,,,,,,,"240,M,+0172,5","240,N,+0072,5",,,,,,,"10152,9,99999,4",,,"1,24,00760,210,1328,5","2,24,00581,230,1437,5","3,24,00139,999,9999,5","SOD54524 HR PRECIPITATION (IN):  T   24 HR MAX TEMP (F): 6324 HR MAX TEMP TIME (LST):1258 24 HR MIN TEMP (F): 4524 HR MIN TEMP TIME (LST):0637 AVERAGE STATION PRESSURE:29.98  PEAK WIND SPEED (MPH): 17 PEAK WIND DIR (DEG):210 PEAK WIND TIME (LST):1328  FASTEST 2MIN SPEED (MPH): 13FASTEST 2MIN DIR (DEG):230 FASTEST 2MIN TIME (LST):1437 AVERAGE WIND SPEED (MPH): 3.1 24 HR AVG TEMP (F):54 HOURLY INCREMENTAL PRECIPITATION VALUES (IN):.00   T    T   .00  .00  .00  .00  .00  .00  .00  .00  .00  .00  .00  .00  .00  .00  .00  .00  .00  .00  .00  .00  .00",
"72297793184","2001-12-06T07:59:00","6","33.68","-117.86639","16.5","SANTA ANA JOHN WAYNE AIRPORT, CA US","SOD  ","KSNA ","V020","999,9,9,9999,9","99999,9,9,9","999999,9,9,9","+9999,9","+9999,9","99999,9","24,0000,9,6",,,,,,,,,,,,,,,,,,"240,M,+0167,5","240,N,+0067,5",,,,,,,"10213,9,99999,4",,,"1,24,00581,210,1222,5","2,24,00447,210,1609,5","3,24,00134,999,9999,5","SOD54524 HR PRECIPITATION (IN): 0.00 24 HR MAX TEMP (F): 6224 HR MAX TEMP TIME (LST):1225 24 HR MIN TEMP (F): 4424 HR MIN TEMP TIME (LST):0528 AVERAGE STATION PRESSURE:30.16  PEAK WIND SPEED (MPH): 13 PEAK WIND DIR (DEG):210 PEAK WIND TIME (LST):1222  FASTEST 2MIN SPEED (MPH): 10FASTEST 2MIN DIR (DEG):210 FASTEST 2MIN TIME (LST):1609 AVERAGE WIND SPEED (MPH): 3.0 24 HR AVG TEMP (F):53 HOURLY INCREMENTAL PRECIPITATION VALUES (IN):.00  .00  .00  .00  .00  .00  .00  .00  .00  .00  .00  .00  .00  .00  .00  .00  .00  .00  .00  .00  .00  .00  .00  .00","R01  0.007AAP092"
"72297793184","2001-12-07T07:59:00","6","33.68","-117.86639","16.5","SANTA ANA JOHN WAYNE AIRPORT, CA US","SOD  ","KSNA ","V020","999,9,9,9999,9","99999,9,9,9","999999,9,9,9","+9999,9","+9999,9","99999,9","24,0000,9,6",,,,,,,,,,,,,,,,,,"240,M,+0233,5","240,N,+0072,5",,,,,,,"10183,9,99999,4",,,"1,24,00626,100,0732,5","2,24,00402,260,1456,5","3,24,00134,999,9999,5","SOD54524 HR PRECIPITATION (IN): 0.00 24 HR MAX TEMP (F): 7424 HR MAX TEMP TIME (LST):1323 24 HR MIN TEMP (F): 4524 HR MIN TEMP TIME (LST):0515 AVERAGE STATION PRESSURE:30.07  PEAK WIND SPEED (MPH): 14 PEAK WIND DIR (DEG):100 PEAK WIND TIME (LST):0732  FASTEST 2MIN SPEED (MPH):  9FASTEST 2MIN DIR (DEG):260 FASTEST 2MIN TIME (LST):1456 AVERAGE WIND SPEED (MPH): 3.0 24 HR AVG TEMP (F):60 HOURLY INCREMENTAL PRECIPITATION VALUES (IN):.00  .00  .00  .00  .00  .00  .00  .00  .00  .00  .00  .00  .00  .00  .00  .00  .00  .00  .00  .00  .00  .00  .00  .00","R01  0.007AAP092"
"72297793184","2001-12-08T07:59:00","6","33.68","-117.86639","16.5","SANTA ANA JOHN WAYNE AIRPORT, CA US","SOD  ","KSNA ","V020","999,9,9,9999,9","99999,9,9,9","999999,9,9,9","+9999,9","+9999,9","99999,9","24,0000,9,6",,,,,,,,,,,,,,,,,,"240,M,+0272,5","240,N,+0072,5",,,,,,,"10169,9,99999,4",,,"1,24,01699,060,1700,5","2,24,01252,070,1701,5","3,24,00474,999,9999,5","SOD54524 HR PRECIPITATION (IN): 0.00 24 HR MAX TEMP (F): 8124 HR MAX TEMP TIME (LST):1433 24 HR MIN TEMP (F): 4524 HR MIN TEMP TIME (LST):0635 AVERAGE STATION PRESSURE:30.03  PEAK WIND SPEED (MPH): 38 PEAK WIND DIR (DEG):060 PEAK WIND TIME (LST):1700  FASTEST 2MIN SPEED (MPH): 28FASTEST 2MIN DIR (DEG):070 FASTEST 2MIN TIME (LST):1701 AVERAGE WIND SPEED (MPH):10.6 24 HR AVG TEMP (F):63 HOURLY INCREMENTAL PRECIPITATION VALUES (IN):.00  .00  .00  .00  .00  .00  .00  .00  .00  .00  .00  .00  .00  .00  .00  .00  .00  .00  .00  .00  .00  .00  .00  .00","R01  0.007AAP092"
"72297793184","2001-12-09T07:59:00","6","33.68","-117.86639","16.5","SANTA ANA JOHN WAYNE AIRPORT, CA US","SOD  ","KSNA ","V020","999,9,9,9999,9","99999,9,9,9","999999,9,9,9","+9999,9","+9999,9","99999,9","24,0000,9,6",,,,,,,,,,,,,,,,,,"240,M,+0267,5","240,N,+0100,5",,,,,,,"10152,9,99999,4",,,"1,24,01028,030,0033,5","2,24,00805,040,0033,5","3,24,00183,999,9999,5","SOD52324 HR PRECIPITATION (IN): 0.00 24 HR MAX TEMP (F): 8024 HR MAX TEMP TIME (LST):1448 24 HR MIN TEMP (F): 5024 HR MIN TEMP TIME (LST):2359 AVERAGE STATION PRESSURE:29.98  PEAK WIND SPEED (MPH): 23 PEAK WIND DIR (DEG):030 PEAK WIND TIME (LST):0033  FASTEST 2MIN SPEED (MPH): 18FASTEST 2MIN DIR (DEG):040 FASTEST 2MIN TIME (LST):0033 AVERAGE WIND SPEED (MPH): 4.1 HOURLY INCREMENTAL PRECIPITATION VALUES (IN):.00  .00  .00  .00  .00  .00  .00  .00  .00  .00  .00  .00  .00  .00  .00  .00  .00  .00  .00  .00  .00  .00  .00  .00","R01  0.007AAP092"
"72297793184","2001-12-10T07:59:00","6","33.68","-117.86639","16.5","SANTA ANA JOHN WAYNE AIRPORT, CA US","SOD  ","KSNA ","V020","999,9,9,9999,9","99999,9,9,9","999999,9,9,9","+9999,9","+9999,9","99999,9","24,0000,9,6",,,,,,,,,,,,,,,,,,"240,M,+0161,5","240,N,+0067,5",,,,,,,"10088,9,99999,4",,,"1,24,01028,260,1236,5","2,24,00805,260,1158,5","3,24,00255,999,9999,5","SOD54524 HR PRECIPITATION (IN): 0.00 24 HR MAX TEMP (F): 6124 HR MAX TEMP TIME (LST):0931 24 HR MIN TEMP (F): 4424 HR MIN TEMP TIME (LST):0626 AVERAGE STATION PRESSURE:29.79  PEAK WIND SPEED (MPH): 23 PEAK WIND DIR (DEG):260 PEAK WIND TIME (LST):1236  FASTEST 2MIN SPEED (MPH): 18FASTEST 2MIN DIR (DEG):260 FASTEST 2MIN TIME (LST):1158 AVERAGE WIND SPEED (MPH): 5.7 24 HR AVG TEMP (F):53 HOURLY INCREMENTAL PRECIPITATION VALUES (IN):.00  .00  .00  .00  .00  .00  .00  .00  .00  .00  .00  .00  .00  .00  .00  .00  .00  .00  .00  .00  .00  .00  .00  .00","R01  0.007AAP092"
"72297793184","2001-12-11T07:59:00","6","33.68","-117.86639","16.5","SANTA ANA JOHN WAYNE AIRPORT, CA US","SOD  ","KSNA ","V020","999,9,9,9999,9","99999,9,9,9","999999,9,9,9","+9999,9","+9999,9","99999,9","24,0015,9,5",,,,,,,,,,,,,,,,,,"240,M,+0150,5","240,N,+0056,5",,,,,,,"10054,9,99999,4",,,"1,24,00805,110,0850,5","2,24,00626,170,1152,5","3,24,00188,999,9999,5","SOD54524 HR PRECIPITATION (IN): 0.06 24 HR MAX TEMP (F): 5924 HR MAX TEMP TIME (LST):1216 24 HR MIN TEMP (F): 4224 HR MIN TEMP TIME (LST):0624 AVERAGE STATION PRESSURE:29.69  PEAK WIND SPEED (MPH): 18 PEAK WIND DIR (DEG):110 PEAK WIND TIME (LST):0850  FASTEST 2MIN SPEED (MPH): 14FASTEST 2MIN DIR (DEG):170 FASTEST 2MIN TIME (LST):1152 AVERAGE WIND SPEED (MPH): 4.2 24 HR AVG TEMP (F):51 HOURLY INCREMENTAL PRECIPITATION VALUES (IN):.00  .00  .00  .00  .00  .00  .00  .00  .00  .00  .00  .00  .00  .00  .02  .04  .00  .00  .00  .00  .00  .00  .00  .00",
"72297793184","2001-12-12T07:59:00","6","33.68","-117.86639","16.5","SANTA ANA JOHN WAYNE AIRPORT, CA US","SOD  ","KSNA ","V020","999,9,9,9999,9","99999,9,9,9","999999,9,9,9","+9999,9","+9999,9","99999,9","24,0000,9,6",,,,,,,,,,,,,,,,,,"240,M,+0167,5","240,N,+0050,5",,,,,,,"10091,9,99999,4",,,"1,24,00715,210,1449,5","2,24,00581,220,1500,5","3,24,00139,999,9999,5","SOD54524 HR PRECIPITATION (IN): 0.00 24 HR MAX TEMP (F): 6224 HR MAX TEMP TIME (LST):1356 24 HR MIN TEMP (F): 4124 HR MIN TEMP TIME (LST):0628 AVERAGE STATION PRESSURE:29.80  PEAK WIND SPEED (MPH): 16 PEAK WIND DIR (DEG):210 PEAK WIND TIME (LST):1449  FASTEST 2MIN SPEED (MPH): 13FASTEST 2MIN DIR (DEG):220 FASTEST 2MIN TIME (LST):1500 AVERAGE WIND SPEED (MPH): 3.1 24 HR AVG TEMP (F):52 HOURLY INCREMENTAL PRECIPITATION VALUES (IN):.00  .00  .00  .00  .00  .00  .00  .00  .00  .00  .00  .00  .00  .00  .00  .00  .00  .00  .00  .00  .00  .00  .00  .00","R01  0.007AAP092"
"72297793184","2001-12-13T07:59:00","6","33.68","-117.86639","16.5","SANTA ANA JOHN WAYNE AIRPORT, CA US","SOD  ","KSNA ","V020","999,9,9,9999,9","99999,9,9,9","999999,9,9,9","+9999,9","+9999,9","99999,9","24,0000,9,6",,,,,,,,,,,,,,,,,,"240,M,+0156,5","240,N,+0078,5",,,,,,,"10179,9,99999,4",,,"1,24,00671,240,1312,5","2,24,00536,220,1312,5","3,24,00179,999,9999,5","SOD54524 HR PRECIPITATION (IN): 0.00 24 HR MAX TEMP (F): 6024 HR MAX TEMP TIME (LST):1528 24 HR MIN TEMP (F): 4624 HR MIN TEMP TIME (LST):2359 AVERAGE STATION PRESSURE:30.06  PEAK WIND SPEED (MPH): 15 PEAK WIND DIR (DEG):240 PEAK WIND TIME (LST):1312  FASTEST 2MIN SPEED (MPH): 12FASTEST 2MIN DIR (DEG):220 FASTEST 2MIN TIME (LST):1312 AVERAGE WIND SPEED (MPH): 4.0 24 HR AVG TEMP (F):53 HOURLY INCREMENTAL PRECIPITATION VALUES (IN):.00  .00  .00  .00  .00  .00  .00  .00  .00  .00  .00  .00  .00  .00  .00  .00  .00  .00  .00  .00  .00  .00  .00  .00","R01  0.007AAP092"
"72297793184","2001-12-14T07:59:00","6","33.68","-117.86639","16.5","SANTA ANA JOHN WAYNE AIRPORT, CA US","SOD  ","KSNA ","V020","999,9,9,9999,9","99999,9,9,9","999999,9,9,9","+9999,9","+9999,9","99999,9","24,0000,9,6",,,,,,,,,,,,,,,,,,"240,M,+0183,5","240,N,+0061,5",,,,,,,"10210,9,99999,4",,,"1,24,00626,170,1227,5","2,24,00447,190,1242,5","3,24,00134,999,9999,5","SOD54524 HR PRECIPITATION (IN): 0.00 24 HR MAX TEMP (F): 6524 HR MAX TEMP TIME (LST):1244 24 HR MIN TEMP (F): 4324 HR MIN TEMP TIME (LST):0658 AVERAGE STATION PRESSURE:30.15  PEAK WIND SPEED (MPH): 14 PEAK WIND DIR (DEG):170 PEAK WIND TIME (LST):1227  FASTEST 2MIN SPEED (MPH): 10FASTEST 2MIN DIR (DEG):190 FASTEST 2MIN TIME (LST):1242 AVERAGE WIND SPEED (MPH): 3.0 24 HR AVG TEMP (F):54 HOURLY INCREMENTAL PRECIPITATION VALUES (IN):.00  .00  .00  .00  .00  .00  .00  .00  .00  .00  .00  .00  .00  .00  .00  .00  .00  .00  .00  .00  .00  .00  .00  .00","R01  0.007AAP092"
"72297793184","2001-12-15T07:59:00","6","33.68","-117.86639","16.5","SANTA ANA JOHN WAYNE AIRPORT, CA US","SOD  ","KSNA ","V020","999,9,9,9999,9","99999,9,9,9","999999,9,9,9","+9999,9","+9999,9","99999,9","24,0046,9,5",,,,,,,,,,,,,,,,,,"240,M,+0122,5","240,N,+0061,5",,,,,,,"10081,9,99999,4",,,"1,24,01118,270,1437,5","2,24,00894,260,1507,5","3,24,00246,999,9999,5","SOD52324 HR PRECIPITATION (IN): 0.18 24 HR MAX TEMP (F): 5424 HR MAX TEMP TIME (LST):1439 24 HR MIN TEMP (F): 4324 HR MIN TEMP TIME (LST):2359 AVERAGE STATION PRESSURE:29.77  PEAK WIND SPEED (MPH): 25 PEAK WIND DIR (DEG):270 PEAK WIND TIME (LST):1437  FASTEST 2MIN SPEED (MPH): 20FASTEST 2MIN DIR (DEG):260 FASTEST 2MIN TIME (LST):1507 AVERAGE WIND SPEED (MPH): 5.5 HOURLY INCREMENTAL PRECIPITATION VALUES (IN):.00  .00  .00  .00  .00  .00  .00  .00  .00  .00  .01  .01  .04  .12   T   .00  .00  .00  .00  .00  .00  .00  .00  .00",
"72297793184","2001-12-16T07:59:00","6","33.68","-117.86639","16.5","SANTA ANA JOHN WAYNE AIRPORT, CA US","SOD  ","KSNA ","V020","999,9,9,9999,9","99999,9,9,9","999999,9,9,9","+9999,9","+9999,9","99999,9","24,0000,9,6",,,,,,,,,,,,,,,,,,"240,M,+0167,5","240,N,+0039,5",,,,,,,"10132,9,99999,4",,,"1,24,00760,100,1331,5","2,24,00626,080,1324,5","3,24,00134,999,9999,5","SOD54524 HR PRECIPITATION (IN): 0.00 24 HR MAX TEMP (F): 6224 HR MAX TEMP TIME (LST):1402 24 HR MIN TEMP (F): 3924 HR MIN TEMP TIME (LST):0646 AVERAGE STATION PRESSURE:29.92  PEAK WIND SPEED (MPH): 17 PEAK WIND DIR (DEG):100 PEAK WIND TIME (LST):1331  FASTEST 2MIN SPEED (MPH): 14FASTEST 2MIN DIR (DEG):080 FASTEST 2MIN TIME (LST):1324 AVERAGE WIND SPEED (MPH): 3.0 24 HR AVG TEMP (F):51 HOURLY INCREMENTAL PRECIPITATION VALUES (IN):.00  .00  .00  .00  .00  .00  .00  .00  .00  .00  .00  .00  .00  .00  .00  .00  .00  .00  .00  .00  .00  .00  .00  .00","R01  0.007AAP092"
"72297793184","2001-12-17T07:59:00","6","33.68","-117.86639","16.5","SANTA ANA JOHN WAYNE AIRPORT, CA US","SOD  ","KSNA ","V020","999,9,9,9999,9","99999,9,9,9","999999,9,9,9","+9999,9","+9999,9","99999,9","24,0000,9,6",,,,,,,,,,,,,,,,,,"240,M,+0178,5","240,N,+0033,5",,,,,,,"10213,9,99999,4",,,"1,24,00671,240,0906,5","2,24,00447,260,1457,5","3,24,00076,999,9999,5","SOD54524 HR PRECIPITATION (IN): 0.00 24 HR MAX TEMP (F): 6424 HR MAX TEMP TIME (LST):1436 24 HR MIN TEMP (F): 3824 HR MIN TEMP TIME (LST):0653 AVERAGE STATION PRESSURE:30.16  PEAK WIND SPEED (MPH): 15 PEAK WIND DIR (DEG):240 PEAK WIND TIME (LST):0906  FASTEST 2MIN SPEED (MPH): 10FASTEST 2MIN DIR (DEG):260 FASTEST 2MIN TIME (LST):1457 AVERAGE WIND SPEED (MPH): 1.7 24 HR AVG TEMP (F):51 HOURLY INCREMENTAL PRECIPITATION VALUES (IN):.00  .00  .00  .00  .00  .00  .00  .00  .00  .00  .00  .00  .00  .00  .00  .00  .00  .00  .00  .00  .00  .00  .00  .00","R01  0.007AAP092"
"72297793184","2001-12-18T07:59:00","6","33.68","-117.86639","16.5","SANTA ANA JOHN WAYNE AIRPORT, CA US","SOD  ","KSNA ","V020","999,9,9,9999,9","99999,9,9,9","999999,9,9,9","+9999,9","+9999,9","99999,9","24,0000,9,6",,,,,,,,,,,,,,,,,,"240,M,+0172,5","240,N,+0044,5",,,,,,,"10200,9,99999,4",,,"1,24,00581,220,1308,5","2,24,00536,220,1308,5","3,24,00103,999,9999,5","SOD54524 HR PRECIPITATION (IN): 0.00 24 HR MAX TEMP (F): 6324 HR MAX TEMP TIME (LST):1404 24 HR MIN TEMP (F): 4024 HR MIN TEMP TIME (LST):0704 AVERAGE STATION PRESSURE:30.12  PEAK WIND SPEED (MPH): 13 PEAK WIND DIR (DEG):220 PEAK WIND TIME (LST):1308  FASTEST 2MIN SPEED (MPH): 12FASTEST 2MIN DIR (DEG):220 FASTEST 2MIN TIME (LST):1308 AVERAGE WIND SPEED (MPH): 2.3 24 HR AVG TEMP (F):52 HOURLY INCREMENTAL PRECIPITATION VALUES (IN):.00  .00  .00  .00  .00  .00  .00  .00  .00  .00  .00  .00  .00  .00  .00  .00  .00  .00  .00  .00  .00  .00  .00  .00","R01  0.007AAP092"
"72297793184","2001-12-19T07:59:00","6","33.68","-117.86639","16.5","SANTA ANA JOHN WAYNE AIRPORT, CA US","SOD  ","KSNA ","V020","999,9,9,9999,9","99999,9,9,9","999999,9,9,9","+9999,9","+9999,9","99999,9","24,0000,9,6",,,,,,,,,,,,,,,,,,"240,M,+0183,5","240,N,+0061,5",,,,,,,"10173,9,99999,4",,,"1,24,00581,250,1454,5","2,24,00402,220,1542,5","3,24,00121,999,9999,5","SOD54524 HR PRECIPITATION (IN): 0.00 24 HR MAX TEMP (F): 6524 HR MAX TEMP TIME (LST):1305 24 HR MIN TEMP (F): 4324 HR MIN TEMP TIME (LST):0441 AVERAGE STATION PRESSURE:30.04  PEAK WIND SPEED (MPH): 13 PEAK WIND DIR (DEG):250 PEAK WIND TIME (LST):1454  FASTEST 2MIN SPEED (MPH):  9FASTEST 2MIN DIR (DEG):220 FASTEST 2MIN TIME (LST):1542 AVERAGE WIND SPEED (MPH): 2.7 24 HR AVG TEMP (F):54 HOURLY INCREMENTAL PRECIPITATION VALUES (IN):.00  .00  .00  .00  .00  .00  .00  .00  .00  .00  .00  .00  .00  .00  .00  .00  .00  .00  .00  .00  .00  .00  .00  .00","R01  0.007AAP092"
"72297793184","2001-12-20T07:59:00","6","33.68","-117.86639","16.5","SANTA ANA JOHN WAYNE AIRPORT, CA US","SOD  ","KSNA ","V020","999,9,9,9999,9","99999,9,9,9","999999,9,9,9","+9999,9","+9999,9","99999,9","24,0000,9,6",,,,,,,,,,,,,,,,,,"240,M,+0178,5","240,N,+0061,5",,,,,,,"10142,9,99999,4",,,"1,24,00626,010,0816,5","2,24,00536,210,1050,5","3,24,00107,999,9999,5","SOD54524 HR PRECIPITATION (IN): 0.00 24 HR MAX TEMP (F): 6424 HR MAX TEMP TIME (LST):1425 24 HR MIN TEMP (F): 4324 HR MIN TEMP TIME (LST):0644 AVERAGE STATION PRESSURE:29.95  PEAK WIND SPEED (MPH): 14 PEAK WIND DIR (DEG):010 PEAK WIND TIME (LST):0816  FASTEST 2MIN SPEED (MPH): 12FASTEST 2MIN DIR (DEG):210 FASTEST 2MIN TIME (LST):1050 AVERAGE WIND SPEED (MPH): 2.4 24 HR AVG TEMP (F):54 HOURLY INCREMENTAL PRECIPITATION VALUES (IN):.00  .00  .00  .00  .00  .00  .00  .00  .00  .00  .00  .00  .00  .00  .00  .00  .00  .00  .00  .00  .00  .00  .00  .00","R01  0.007AAP092"
"72297793184","2001-12-21T07:59:00","6","33.68","-117.86639","16.5","SANTA ANA JOHN WAYNE AIRPORT, CA US","SOD  ","KSNA ","V020","999,9,9,9999,9","99999,9,9,9","999999,9,9,9","+9999,9","+9999,9","99999,9","24,0018,9,5",,,,,,,,,,,,,,,,,,"240,M,+0150,5","240,N,+0078,5",,,,,,,"10142,9,99999,4",,,"1,24,01073,200,2308,5","2,24,00805,200,2309,5","3,24,00188,999,9999,5","SOD54524 HR PRECIPITATION (IN): 0.07 24 HR MAX TEMP (F): 5924 HR MAX TEMP TIME (LST):1450 24 HR MIN TEMP (F): 4624 HR MIN TEMP TIME (LST):0224 AVERAGE STATION PRESSURE:29.95  PEAK WIND SPEED (MPH): 24 PEAK WIND DIR (DEG):200 PEAK WIND TIME (LST):2308  FASTEST 2MIN SPEED (MPH): 18FASTEST 2MIN DIR (DEG):200 FASTEST 2MIN TIME (LST):2309 AVERAGE WIND SPEED (MPH): 4.2 24 HR AVG TEMP (F):53 HOURLY INCREMENTAL PRECIPITATION VALUES (IN):.00  .00  .00  .00  .00  .00  .00  .00  .00  .00  .00  .00   T   .00  .00  .00  .00  .00  .00  .00  .00  .00  .00  .07",
"72297793184","2001-12-22T07:59:00","6","33.68","-117.86639","16.5","SANTA ANA JOHN WAYNE AIRPORT, CA US","SOD  ","KSNA ","V020","999,9,9,9999,9","99999,9,9,9","999999,9,9,9","+9999,9","+9999,9","99999,9","24,0038,9,5",,,,,,,,,,,,,,,,,,"240,M,+0128,5","240,N,+0083,5",,,,,,,"10173,9,99999,4",,,"1,24,01028,300,0120,5","2,24,00760,300,0121,5","3,24,00143,999,9999,5","SOD54524 HR PRECIPITATION (IN): 0.15 24 HR MAX TEMP (F): 5524 HR MAX TEMP TIME (LST):1701 24 HR MIN TEMP (F): 4724 HR MIN TEMP TIME (LST):2329 AVERAGE STATION PRESSURE:30.04  PEAK WIND SPEED (MPH): 23 PEAK WIND DIR (DEG):300 PEAK WIND TIME (LST):0120  FASTEST 2MIN SPEED (MPH): 17FASTEST 2MIN DIR (DEG):300 FASTEST 2MIN TIME (LST):0121 AVERAGE WIND SPEED (MPH): 3.2 24 HR AVG TEMP (F):51 HOURLY INCREMENTAL PRECIPITATION VALUES (IN):.00  .04  .00  .00  .00  .00  .04  .01  .00   T   .01  .05   T   .00   T    T   .00  .00  .00  .00  .00  .00  .00  .00",
"72297793184","2001-12-23T07:59:00","6","33.68","-117.86639","16.5","SANTA ANA JOHN WAYNE AIRPORT, CA US","SOD  ","KSNA ","V020","999,9,9,9999,9","99999,9,9,9","999999,9,9,9","+9999,9","+9999,9","99999,9","24,0000,9,6",,,,,,,,,,,,,,,,,,"240,M,+0156,5","240,N,+0061,5",,,,,,,"10217,9,99999,4",,,"1,24,00447,280,1049,5","2,24,00358,260,1627,5","3,24,00094,999,9999,5","SOD54524 HR PRECIPITATION (IN): 0.00 24 HR MAX TEMP (F): 6024 HR MAX TEMP TIME (LST):1528 24 HR MIN TEMP (F): 4324 HR MIN TEMP TIME (LST):0442 AVERAGE STATION PRESSURE:30.17  PEAK WIND SPEED (MPH): 10 PEAK WIND DIR (DEG):280 PEAK WIND TIME (LST):1049  FASTEST 2MIN SPEED (MPH):  8FASTEST 2MIN DIR (DEG):260 FASTEST 2MIN TIME (LST):1627 AVERAGE WIND SPEED (MPH): 2.1 24 HR AVG TEMP (F):52 HOURLY INCREMENTAL PRECIPITATION VALUES (IN):.00  .00  .00  .00  .00  .00  .00  .00  .00  .00  .00  .00  .00  .00  .00  .00  .00  .00  .00  .00  .00  .00  .00  .00","R01  0.007AAP092"
"72297793184","2001-12-24T07:59:00","6","33.68","-117.86639","16.5","SANTA ANA JOHN WAYNE AIRPORT, CA US","SOD  ","KSNA ","V020","999,9,9,9999,9","99999,9,9,9","999999,9,9,9","+9999,9","+9999,9","99999,9","24,0000,9,6",,,,,,,,,,,,,,,,,,"240,M,+0156,5","240,N,+0072,5",,,,,,,"10196,9,99999,4",,,"1,24,00536,220,1557,5","2,24,00447,210,1442,5","3,24,00094,999,9999,5","SOD54524 HR PRECIPITATION (IN): 0.00 24 HR MAX TEMP (F): 6024 HR MAX TEMP TIME (LST):1347 24 HR MIN TEMP (F): 4524 HR MIN TEMP TIME (LST):0229 AVERAGE STATION PRESSURE:30.11  PEAK WIND SPEED (MPH): 12 PEAK WIND DIR (DEG):220 PEAK WIND TIME (LST):1557  FASTEST 2MIN SPEED (MPH): 10FASTEST 2MIN DIR (DEG):210 FASTEST 2MIN TIME (LST):1442 AVERAGE WIND SPEED (MPH): 2.1 24 HR AVG TEMP (F):53 HOURLY INCREMENTAL PRECIPITATION VALUES (IN):.00  .00  .00  .00  .00  .00  .00  .00  .00  .00  .00  .00  .00  .00  .00  .00  .00  .00  .00  .00  .00  .00  .00  .00","R01  0.007AAP092"
"72297793184","2001-12-25T07:59:00","6","33.68","-117.86639","16.5","SANTA ANA JOHN WAYNE AIRPORT, CA US","SOD  ","KSNA ","V020","999,9,9,9999,9","99999,9,9,9","999999,9,9,9","+9999,9","+9999,9","99999,9","24,0000,9,6",,,,,,,,,,,,,,,,,,"240,M,+0211,5","240,N,+0083,5",,,,,,,"10200,9,99999,4",,,"1,24,01252,060,0245,5","2,24,00983,050,0246,5","3,24,00295,999,9999,5","SOD54524 HR PRECIPITATION (IN): 0.00 24 HR MAX TEMP (F): 7024 HR MAX TEMP TIME (LST):1216 24 HR MIN TEMP (F): 4724 HR MIN TEMP TIME (LST):2328 AVERAGE STATION PRESSURE:30.12  PEAK WIND SPEED (MPH): 28 PEAK WIND DIR (DEG):060 PEAK WIND TIME (LST):0245  FASTEST 2MIN SPEED (MPH): 22FASTEST 2MIN DIR (DEG):050 FASTEST 2MIN TIME (LST):0246 AVERAGE WIND SPEED (MPH): 6.6 24 HR AVG TEMP (F):59 HOURLY INCREMENTAL PRECIPITATION VALUES (IN):.00  .00  .00  .00  .00  .00  .00  .00  .00  .00  .00  .00  .00  .00  .00  .00  .00  .00  .00  .00  .00  .00  .00  .00","R01  0.007AAP092"
"72297793184","2001-12-26T07:59:00","6","33.68","-117.86639","16.5","SANTA ANA JOHN WAYNE AIRPORT, CA US","SOD  ","KSNA ","V020","999,9,9,9999,9","99999,9,9,9","999999,9,9,9","+9999,9","+9999,9","99999,9","24,0000,9,6",,,,,,,,,,,,,,,,,,"240,M,+0200,5","240,N,+0044,5",,,,,,,"10200,9,99999,4",,,"1,24,00447,270,1401,5","2,24,00402,270,1401,5","3,24,00067,999,9999,5","SOD54524 HR PRECIPITATION (IN): 0.00 24 HR MAX TEMP (F): 6824 HR MAX TEMP TIME (LST):1324 24 HR MIN TEMP (F): 4024 HR MIN TEMP TIME (LST):0701 AVERAGE STATION PRESSURE:30.12  PEAK WIND SPEED (MPH): 10 PEAK WIND DIR (DEG):270 PEAK WIND TIME (LST):1401  FASTEST 2MIN SPEED (MPH):  9FASTEST 2MIN DIR (DEG):270 FASTEST 2MIN TIME (LST):1401 AVERAGE WIND SPEED (MPH): 1.5 24 HR AVG TEMP (F):54 HOURLY INCREMENTAL PRECIPITATION VALUES (IN):.00  .00  .00  .00  .00  .00  .00  .00  .00  .00  .00  .00  .00  .00  .00  .00  .00  .00  .00  .00  .00  .00  .00  .00","R01  0.007AAP092"
"72297793184","2001-12-27T07:59:00","6","33.68","-117.86639","16.5","SANTA ANA JOHN WAYNE AIRPORT, CA US","SOD  ","KSNA ","V020","999,9,9,9999,9","99999,9,9,9","999999,9,9,9","+9999,9","+9999,9","99999,9","24,0000,9,6",,,,,,,,,,,,,,,,,,"240,M,+0189,5","240,N,+0044,5",,,,,,,"10146,9,99999,4",,,"1,24,00536,090,2232,5","2,24,00402,080,2232,5","3,24,00107,999,9999,5","SOD54524 HR PRECIPITATION (IN): 0.00 24 HR MAX TEMP (F): 6624 HR MAX TEMP TIME (LST):1431 24 HR MIN TEMP (F): 4024 HR MIN TEMP TIME (LST):0631 AVERAGE STATION PRESSURE:29.96  PEAK WIND SPEED (MPH): 12 PEAK WIND DIR (DEG):090 PEAK WIND TIME (LST):2232  FASTEST 2MIN SPEED (MPH):  9FASTEST 2MIN DIR (DEG):080 FASTEST 2MIN TIME (LST):2232 AVERAGE WIND SPEED (MPH): 2.4 24 HR AVG TEMP (F):53 HOURLY INCREMENTAL PRECIPITATION VALUES (IN):.00  .00  .00  .00  .00  .00  .00  .00  .00  .00  .00  .00  .00  .00  .00  .00  .00  .00  .00  .00  .00  .00  .00  .00","R01  0.007AAP092"
"72297793184","2001-12-28T07:59:00","6","33.68","-117.86639","16.5","SANTA ANA JOHN WAYNE AIRPORT, CA US","SOD  ","KSNA ","V020","999,9,9,9999,9","99999,9,9,9","999999,9,9,9","+9999,9","+9999,9","99999,9","24,0000,9,6",,,,,,,,,,,,,,,,,,"240,M,+0183,5","240,N,+0083,5",,,,,,,"10129,9,99999,4",,,"1,24,00581,230,1329,5","2,24,00447,240,1330,5","3,24,00098,999,9999,5","SOD54524 HR PRECIPITATION (IN): 0.00 24 HR MAX TEMP (F): 6524 HR MAX TEMP TIME (LST):1314 24 HR MIN TEMP (F): 4724 HR MIN TEMP TIME (LST):0550 AVERAGE STATION PRESSURE:29.91  PEAK WIND SPEED (MPH): 13 PEAK WIND DIR (DEG):230 PEAK WIND TIME (LST):1329  FASTEST 2MIN SPEED (MPH): 10FASTEST 2MIN DIR (DEG):240 FASTEST 2MIN TIME (LST):1330 AVERAGE WIND SPEED (MPH): 2.2 24 HR AVG TEMP (F):56 HOURLY INCREMENTAL PRECIPITATION VALUES (IN):.00  .00  .00  .00  .00  .00  .00  .00  .00  .00  .00  .00  .00  .00  .00  .00  .00  .00  .00  .00  .00  .00  .00  .00","R01  0.007AAP092"
"72297793184","2001-12-29T07:59:00","6","33.68","-117.86639","16.5","SANTA ANA JOHN WAYNE AIRPORT, CA US","SOD  ","KSNA ","V020","999,9,9,9999,9","99999,9,9,9","999999,9,9,9","+9999,9","+9999,9","99999,9","24,0000,2,5",,,,,,,,,,,,,,,,,,"240,M,+0178,5","240,N,+0083,5",,,,,,,"10132,9,99999,4",,,"1,24,00581,220,1625,5","2,24,00536,220,1625,5","3,24,00098,999,9999,5","SOD54424 HR PRECIPITATION (IN):  T   24 HR MAX TEMP (F): 6424 HR MAX TEMP TIME (LST):1430 24 HR MIN TEMP (F): 4724 HR MIN TEMP TIME (LST):0331 AVERAGE STATION PRESSURE:29.92  PEAK WIND SPEED (MPH): 13 PEAK WIND DIR (DEG):220 PEAK WIND TIME (LST):1625  FASTEST 2MIN SPEED (MPH): 12FASTEST 2MIN DIR (DEG):220 FASTEST 2MIN TIME (LST):1625 AVERAGE WIND SPEED (MPH): 2.2 24 HR AVG TEMP (F):56 HOURLY INCREMENTAL PRECIPITATION VALUES (IN):.00  .00  .00  .00  .00  .00  .00  .00  .00  .00  .00  .00  .00  .00  .00   T    T   .00  .00  .00  .00   T   .00   T",
"72297793184","2001-12-30T07:59:00","6","33.68","-117.86639","16.5","SANTA ANA JOHN WAYNE AIRPORT, CA US","SOD  ","KSNA ","V020","999,9,9,9999,9","99999,9,9,9","999999,9,9,9","+9999,9","+9999,9","99999,9","24,0058,9,5",,,,,,,,,,,,,,,,,,"240,M,+0156,5","240,N,+0106,5",,,,,,,"10152,9,99999,4",,,"1,24,00671,080,1931,5","2,24,00447,040,2024,5","3,24,00134,999,9999,5","SOD54524 HR PRECIPITATION (IN): 0.23 24 HR MAX TEMP (F): 6024 HR MAX TEMP TIME (LST):0957 24 HR MIN TEMP (F): 5124 HR MIN TEMP TIME (LST):2124 AVERAGE STATION PRESSURE:29.98  PEAK WIND SPEED (MPH): 15 PEAK WIND DIR (DEG):080 PEAK WIND TIME (LST):1931  FASTEST 2MIN SPEED (MPH): 10FASTEST 2MIN DIR (DEG):040 FASTEST 2MIN TIME (LST):2024 AVERAGE WIND SPEED (MPH): 3.0 24 HR AVG TEMP (F):56 HOURLY INCREMENTAL PRECIPITATION VALUES (IN): T    T   .00  .00   T   .00  .00  .00  .00  .00   T   .06  .01  .07  .02   T   .01  .02  .02  .02   T   .00  .00  .00",
"72297793184","2001-12-31T07:59:00","6","33.68","-117.86639","16.5","SANTA ANA JOHN WAYNE AIRPORT, CA US","SOD  ","KSNA ","V020","999,9,9,9999,9","99999,9,9,9","999999,9,9,9","+9999,9","+9999,9","99999,9","24,0038,9,5",,,,,,,,,,,,,,,,,,"240,M,+0172,5","240,N,+0117,5",,,,,,,"10163,9,99999,4",,,"1,24,00536,230,1525,5","2,24,00447,210,1514,5","3,24,00089,999,9999,5","SOD54524 HR PRECIPITATION (IN): 0.15 24 HR MAX TEMP (F): 6324 HR MAX TEMP TIME (LST):1436 24 HR MIN TEMP (F): 5324 HR MIN TEMP TIME (LST):0728 AVERAGE STATION PRESSURE:30.01  PEAK WIND SPEED (MPH): 12 PEAK WIND DIR (DEG):230 PEAK WIND TIME (LST):1525  FASTEST 2MIN SPEED (MPH): 10FASTEST 2MIN DIR (DEG):210 FASTEST 2MIN TIME (LST):1514 AVERAGE WIND SPEED (MPH): 2.0 24 HR AVG TEMP (F):58 HOURLY INCREMENTAL PRECIPITATION VALUES (IN):.00  .00  .00  .00  .00  .00  .00  .00  .00  .00  .00  .00  .00  .00  .00  .00  .08  .07   T    T   .00  .00  .00  .00",
