{"type": "FeatureCollection", "features": [{"type": "Feature", "id": 2840, "geometry": {"type": "LineString", "coordinates": [[-117.64424694551445, 33.53497061454965], [-117.64433691761384, 33.534955169538556], [-117.64442807626101, 33.53494579324566], [-117.64451983778916, 33.534942547211124], [-117.64461161570249, 33.5349454506278], [-117.64470282291471, 33.53495448572647], [-117.64479287708818, 33.53496959501097], [-117.64488120063308, 33.5349906812581], [-117.64496723150141, 33.53501760919985], [-117.64505041784659, 33.53505020828845], [-117.64512506999871, 33.535078627922246], [-117.64520279122897, 33.53510053158314], [-117.64528277246201, 33.535115690279916], [-117.64536418210297, 33.535123948314606], [-117.6454461724111, 33.53512521780102], [-117.64552789039614, 33.535119486658076], [-117.64560848635945, 33.53510681400554], [-117.64568712147414, 33.53508733278422], [-117.64576297737403, 33.53506124333633], [-117.6458352659445, 33.53502881960736], [-117.64590323451819, 33.534990397365355], [-117.64596617560821, 33.53494637679667], [-117.64602343434294, 33.534897216110075], [-117.64607441591608, 33.53484342604246], [-117.64611858984895, 33.53478556710579], [-117.64614576033972, 33.53474564551128], [-117.64614927723498, 33.534740478011855], [-117.64616394125602, 33.53471892846308], [-117.64616978202405, 33.534710344449266], [-117.6462360131014, 33.53461042642783], [-117.64629603201455, 33.53450779354106], [-117.64634968159574, 33.53440271627218], [-117.64639681983775, 33.53429547034397]]}, "properties": {"Base": 12, "Height": 12, "OBJECTID": 2840, "FacilityID": 720, "FacilitySystem": "Regional", "FacilityType": "Underground Conduit", "Ownership": "DISTRICT", "OwnerType": "1", "Watershed": "L", "ReachNum": "L05-05.01", "ReachDesc": "begin RCB to grade break", "StaDS": "35+04", "StaUS": "42+00", "Length": 696, "FacilityDesc": "RCB", "Material": "Riprap", "FeaNote": "None", "DwgID": 1915, "DrawingNum": "L05-701-2", "DwgNum": "L05-701-2", "Mslink": 1915, "Us_Sttn": "549299", "Us_Strt": "JUNCTION L05P01 & L05P04", "Ds_Sttn": "269997", "Ds_Strt": "HORNO CREEK RETARDING BASIN (L05B01)", "City": "UNINCORPORATED", "Type": "CONSTRUCTION", "Agency": "PDSD", "Firm": "HALL & FOREMAN, INC.", "Tract": "15990", "Dwg_Month": "", "Dwg_Year": "", "As_Blt_Month": "", "As_Blt_Year": "", "ROW": "EASEMENT", "Agreement": "", "Agr_Month": "", "Agr_Year": "", "MaintBy": "OCFCD", "File_In": "VAULT", "File_On": "MYLAR", "Sheets": "16", "MFDate": "", "Rack_No": "", "Info": "REGIONAL OCFCD IMPROVEMENT CONDITIONED UPON DEVELOPER (LADERA RANCH) BY TRACTS 15793 & 15990 AND PER LADERA PLANNED COMMUNITY RUNOFF MANAGEMENT PLAN.", "Public_Info": "REGIONAL OCFCD IMPROVEMENT CONDITIONED UPON DEVELOPER (LADERA RANCH) BY TRACTS 15793 & 15990 AND PER LADERA PLANNED COMMUNITY RUNOFF MANAGEMENT PLAN.", "Date_Entered": 1092849660000, "FACILITYNUM": "L05", "FACILITYNAME": "HORNO CREEK CHANNEL"}}, {"type": "Feature", "id": 5047, "geometry": {"type": "LineString", "coordinates": [[-117.63588090600398, 33.556690083714386], [-117.63593846374312, 33.556555805135275], [-117.63600311510642, 33.556423807347564], [-117.63607473072267, 33.556294355079544], [-117.63615316708177, 33.55616770419897], [-117.63623826985128, 33.556044107086606], [-117.63632986951222, 33.5559238090779], [-117.63658837689833, 33.55559942143549], [-117.63665060462608, 33.55552133558638]]}, "properties": {"Base": 72, "Height": 72, "OBJECTID": 5047, "FacilityID": 259, "FacilitySystem": "Subregional", "FacilityType": "Underground Conduit", "Ownership": "COUNTY", "OwnerType": "2", "Watershed": "L", "ReachNum": "L05P01-21", "ReachDesc": "Upstream Sellas Road", "StaDS": "139+73", "StaUS": "144+68", "Length": 495, "FacilityDesc": "RCP", "Material": "Concrete", "FeaNote": null, "DwgID": 1891, "DrawingNum": "L05P01-713-2", "DwgNum": "L05P01-713-3", "Mslink": 1891, "Us_Sttn": "872974", "Us_Strt": "O\u00b4NEILL DR.", "Ds_Sttn": "549299", "Ds_Strt": "L05", "City": "SEE BELOW", "Type": "CONSTRUCTION", "Agency": "PDSD", "Firm": "HALL & FOREMAN, INC.", "Tract": "15987", "Dwg_Month": "08", "Dwg_Year": "2001", "As_Blt_Month": "", "As_Blt_Year": "", "ROW": "/", "Agreement": "/", "Agr_Month": "", "Agr_Year": "", "MaintBy": "COUNTY OF ORANGE", "File_In": "VAULT", "File_On": "MYLAR", "Sheets": "8", "MFDate": "/", "Rack_No": "", "Info": "WITHIN SIENNA PARKWAY", "Public_Info": "WITHIN SIENNA PARKWAY", "Date_Entered": 1092849660000, "FACILITYNUM": "L05P01", "FACILITYNAME": "ACJACHEMA STORM DRAIN"}}, {"type": "Feature", "id": 3318, "geometry": {"type": "LineString", "coordinates": [[-117.66965338846515, 33.52514851469547], [-117.66947713741261, 33.52481578512806], [-117.66936944538878, 33.524638254166476], [-117.66928527477708, 33.524495315458395], [-117.6692308736849, 33.52439728293584], [-117.66915764576406, 33.52425478205237], [-117.66910740071596, 33.524143502701655], [-117.66908969319043, 33.52409510632168], [-117.66905285348841, 33.52397841618889], [-117.66902974698024, 33.52392128235377], [-117.66900612813235, 33.52387395966805], [-117.66898166290787, 33.52382980535429], [-117.66895621458612, 33.523788554962856], [-117.6689296926889, 33.52375007336469], [-117.66891241571649, 33.52372875974767], [-117.66886593918416, 33.52367756499415], [-117.66884537083804, 33.52364874959499], [-117.66882979613119, 33.52361637769542], [-117.66881753683421, 33.52357867219745], [-117.66880826770395, 33.523535692715654], [-117.66879843837683, 33.52347088985408], [-117.66879319089261, 33.5234171421675], [-117.6687923448195, 33.52335817655054], [-117.66879577279245, 33.523292648185105], [-117.66880401784651, 33.523210048535766], [-117.66881535116985, 33.52312245061121], [-117.66882788622006, 33.523053024897386], [-117.66884350740449, 33.52299139094359], [-117.66886266764236, 33.52293620362899], [-117.66888769539223, 33.522881884513694], [-117.66892063264743, 33.52282397655473], [-117.66896199438703, 33.522761244829084], [-117.66902019648917, 33.52268091518943], [-117.66906592627399, 33.52262371077677], [-117.66912152261513, 33.52256231357331], [-117.66933660963102, 33.52234842296297], [-117.66957308323848, 33.52211593803284], [-117.66962868022392, 33.522057270993336], [-117.66967571682031, 33.5220030812206], [-117.66972786056112, 33.52193656886624], [-117.66978211970827, 33.52186085283557], [-117.66983697989245, 33.52177887107452], [-117.66993107732334, 33.52163275762512], [-117.67001753497853, 33.521494583441644], [-117.67014856849823, 33.52127535345028], [-117.67017241416697, 33.52123269687037], [-117.67022543175834, 33.52112815322397], [-117.67025101723472, 33.521081600274684], [-117.67028159096814, 33.52103428615843], [-117.67031348121874, 33.52099457836349], [-117.67035182709657, 33.52095794931585], [-117.67045279731569, 33.52087912012394], [-117.6704945670097, 33.52084092985295], [-117.67051144459276, 33.520820494496476], [-117.67055365806094, 33.5207604819825], [-117.67056890394785, 33.52074443949119], [-117.67058486462209, 33.520732298705944], [-117.6705998869875, 33.520724156942535], [-117.67061818104794, 33.520716611748405], [-117.67069089513446, 33.520693560723025], [-117.6708322012577, 33.52064859757983], [-117.67086616488028, 33.52063577154441], [-117.67089539793058, 33.52062247379566], [-117.67093428507401, 33.520600741139106], [-117.67100122195946, 33.52055829401615], [-117.67106893229744, 33.52051462340668], [-117.67124301059025, 33.520397951324576], [-117.67135973076438, 33.52031735090064], [-117.67139308399331, 33.520297659665225], [-117.67142438860502, 33.52028247156921], [-117.67147912692721, 33.520262271899405], [-117.67154062142714, 33.52024569210777], [-117.67160852813826, 33.52023283079346], [-117.67168214515287, 33.520223820400666], [-117.67172973385678, 33.52022186566441], [-117.6717830387972, 33.5202243893949], [-117.67183519366469, 33.52023006783895], [-117.67196760463565, 33.52024822093542], [-117.67203931830865, 33.520253691187165], [-117.6722671520631, 33.52025245514328], [-117.67233148140501, 33.520256853593544], [-117.67248206285811, 33.520273231322], [-117.6725559255774, 33.52027633314196], [-117.67264709426428, 33.520275551787776], [-117.67270393777521, 33.5202726477936], [-117.67275477046576, 33.52026621821334], [-117.67279879353143, 33.52025593313742], [-117.67283404809079, 33.52024360488285], [-117.67287126300262, 33.52022711079613], [-117.67291114124166, 33.5202061858487], [-117.67295768469141, 33.520178735576785], [-117.67300010747581, 33.520152038443186], [-117.67303119410796, 33.52013043036546], [-117.67305718576709, 33.52010957305083], [-117.67307850360481, 33.520089017138595], [-117.67310631177232, 33.520056622249804], [-117.67312808459366, 33.52002560565784], [-117.67314382526132, 33.51999596462433], [-117.67315350339054, 33.519967749995466], [-117.67315638074976, 33.51995049149817], [-117.67315720881302, 33.5199307514467], [-117.67315271571773, 33.519865974399806], [-117.67314447882728, 33.51978332293457], [-117.6731458861779, 33.519742449808604], [-117.67315093799066, 33.519701663058534], [-117.6731596332283, 33.51966096540084], [-117.67317197291797, 33.51962035411787], [-117.67305276971241, 33.51955344216728], [-117.67298887421394, 33.519513205593114], [-117.67294270197247, 33.519479242550524], [-117.67286662968903, 33.5194184550969], [-117.6728334109706, 33.51939039630074], [-117.67273457682293, 33.51930116081906], [-117.67270059331682, 33.519275052137395], [-117.67266790556964, 33.51925413788639], [-117.6725965128342, 33.51921710495794], [-117.67256304653453, 33.51920284977962], [-117.67253071123677, 33.519191276013046], [-117.67249411641659, 33.519182698646745], [-117.67240780450376, 33.519170550512754], [-117.67237099678597, 33.519160335310474], [-117.67234474680018, 33.51914833758127], [-117.67231705232685, 33.519132123667944], [-117.67223360805667, 33.5190720296329], [-117.67216826500237, 33.51902410396451], [-117.67211900895198, 33.51898359057566], [-117.67208911658392, 33.51895529790506], [-117.67205797146076, 33.518922198932266], [-117.67196579820045, 33.518812670133684], [-117.67190704106105, 33.518741559752925], [-117.6718431123754, 33.518660667021464], [-117.67174335384007, 33.51852763113952], [-117.6716277722557, 33.518311972537234], [-117.67154418776767, 33.51816058476357], [-117.6715249118863, 33.518117034398465], [-117.67151204551305, 33.518077242249774], [-117.67150440540073, 33.518037298438415], [-117.67150069718859, 33.517991823643804], [-117.67150248319642, 33.51782284751614], [-117.67149619260769, 33.517529769381525], [-117.67149633956802, 33.51742021473031], [-117.67149860006485, 33.517320335768524], [-117.67150324048451, 33.5171679944576], [-117.67151192529266, 33.517078543582585], [-117.67152391015195, 33.51700195596182], [-117.67153459037718, 33.5169494493132], [-117.67154763800323, 33.51690290396528], [-117.67156341025962, 33.51686197859328], [-117.67158362367125, 33.516823466903936], [-117.67161116245188, 33.51678209243615], [-117.67172121532278, 33.51664484753939], [-117.6718082782887, 33.51652402943396], [-117.67183612524458, 33.51649207439382], [-117.67186412002125, 33.5164659599201], [-117.6718920844685, 33.51644492609221], [-117.67192574910092, 33.51642356563995], [-117.67203799002202, 33.51636323584497], [-117.67211994388111, 33.51632278331067], [-117.67215145396885, 33.516305368103104], [-117.67220522596844, 33.51627074613147], [-117.67224208899242, 33.516241268707375], [-117.67227406460364, 33.51620683173665], [-117.67230979753869, 33.516158203790425], [-117.67233911570406, 33.51610205212132], [-117.6723547648604, 33.516081625105706], [-117.67236849525659, 33.51607055825682], [-117.67238625479236, 33.516060006234454], [-117.67245309307856, 33.51603020152296], [-117.67252954721609, 33.516000627728594], [-117.67255905863726, 33.5159851000198], [-117.67257300682992, 33.51597432101325], [-117.67258692248635, 33.51596068571868], [-117.67264191162032, 33.5158955984564], [-117.67269889459065, 33.51583964447308], [-117.67273890242058, 33.515803534845595], [-117.67277762764905, 33.515773080143184], [-117.67281543514804, 33.51574834202204], [-117.6728566543616, 33.515725472032315], [-117.67289107271269, 33.51570976912107], [-117.67290898953743, 33.51570471663575], [-117.67291836370278, 33.515703063015785], [-117.6729612768148, 33.515695492096846], [-117.67297383253697, 33.5156904990885], [-117.6729820011136, 33.515683830337125], [-117.67298643818894, 33.51567575337338], [-117.67298878934417, 33.515664988775725], [-117.67298910566967, 33.51562018485329], [-117.67299018721111, 33.51559320826409], [-117.67298974676879, 33.51556459170792], [-117.67298901596979, 33.51551709819352], [-117.67299117358928, 33.51549405975008], [-117.67299556987582, 33.515473834336944], [-117.67300694663362, 33.51544062095181], [-117.6730209512309, 33.51540992488943], [-117.67303719480684, 33.51538259009886], [-117.6730554329886, 33.515359012524584], [-117.67307013042456, 33.51534487408974], [-117.67308907335408, 33.51533092065893], [-117.67316392555566, 33.51528791467439], [-117.6731914278157, 33.515269212271676], [-117.6732483714465, 33.51522145964244], [-117.6732894599848, 33.51517962866039], [-117.67332053045243, 33.51514261020167], [-117.67334075882873, 33.51511479787543], [-117.6733554298628, 33.51508893910903], [-117.67336450618751, 33.51506472233554], [-117.67336799041334, 33.515033720923064], [-117.67336366844899, 33.514956584643826], [-117.67336715886714, 33.514923915873595], [-117.67338106273223, 33.51484577133807], [-117.67338531257418, 33.514810161477726], [-117.67338750653116, 33.51473777580136], [-117.67338417903986, 33.51466386352832], [-117.67337855317716, 33.514591532108874], [-117.67337427518851, 33.51456900819186], [-117.67336810990635, 33.51454944367179], [-117.67335139670074, 33.51451888513251], [-117.67329897541886, 33.51444804195575], [-117.67327961399971, 33.51440994732915], [-117.67324080380746, 33.51431518356473], [-117.67322794986944, 33.514291030905476], [-117.67321406697145, 33.51427038869708], [-117.6731934417789, 33.51424609675873], [-117.67316742448567, 33.514220549955375], [-117.67306875534182, 33.51413760143377], [-117.67295535843822, 33.51404014836831], [-117.67287003209498, 33.51397328448047], [-117.67276060816094, 33.51389521164705], [-117.67271873876389, 33.51386893341048], [-117.67267921312992, 33.513847097310915], [-117.67263510534355, 33.51382700430421], [-117.67251160509925, 33.513778036562925], [-117.67240430413926, 33.51372208007115], [-117.67235915251236, 33.513702529110034], [-117.67229668092017, 33.513685061557155], [-117.67227541636534, 33.513677538909626], [-117.67223010907294, 33.51365556494676], [-117.6722131651724, 33.513644716055026], [-117.67219913997819, 33.51363342713321], [-117.6721761646861, 33.51360810776674], [-117.67214301306896, 33.51357701281121], [-117.67211502204101, 33.51355754882453], [-117.67208871053566, 33.513547286665045], [-117.67202637118432, 33.51353455872825], [-117.67200086298202, 33.51352636043445], [-117.67195920605396, 33.51350470986681], [-117.67191694212543, 33.51347592547271], [-117.67188074696631, 33.513444139330936], [-117.6718404216835, 33.513400006172446], [-117.67181152732502, 33.513361480988664], [-117.67176359446123, 33.513285925790335], [-117.67171881063902, 33.51322414179106], [-117.67170882279395, 33.51320686253659], [-117.67170210749127, 33.51319084348052], [-117.67169583338435, 33.513158282679456], [-117.67169378612377, 33.51309547307728], [-117.6716876781277, 33.51305519523255], [-117.67166380804103, 33.512954653405316], [-117.67165897341906, 33.512911921851455], [-117.67166083861363, 33.512889616255855], [-117.67166686987889, 33.51287161749633], [-117.67167717692901, 33.512857589779934], [-117.67169186847629, 33.51284740021213], [-117.67170986820375, 33.512842512860544], [-117.67176325545165, 33.51283701207665], [-117.67177495923501, 33.51283326878377], [-117.67178284277796, 33.51282781527723], [-117.67178809615407, 33.51282022407225], [-117.67179182111903, 33.51280993253199], [-117.67179758401939, 33.512770492043785], [-117.67180399735861, 33.51272306657705], [-117.67180449117842, 33.512681392294034], [-117.6717977694401, 33.51264209802837], [-117.67177318299427, 33.51256070167422], [-117.67175494315649, 33.51246930393901], [-117.67174177645461, 33.512427285242076], [-117.67172143158277, 33.51238630436557], [-117.67168788710383, 33.51233216121318], [-117.67166761206704, 33.51230426263676], [-117.67161655871612, 33.512242297724434], [-117.67159583022472, 33.51221180103973], [-117.6715677192359, 33.51215814855057], [-117.67154947655433, 33.51211027250123], [-117.6715406613196, 33.512068204081245], [-117.67153341154646, 33.5119958631511], [-117.67152488071295, 33.511875039450416], [-117.67152593369619, 33.511812157450244], [-117.67154116833892, 33.511676356099514], [-117.6715440064602, 33.511618061515314], [-117.67154247691893, 33.51158671974117], [-117.67153835951947, 33.5115579530899], [-117.67153157050862, 33.51153117910254], [-117.6715220309458, 33.511506111030684], [-117.67150154561966, 33.51146249958639], [-117.67148351999855, 33.51143634807551], [-117.67147144600732, 33.51142487447647], [-117.67145569312966, 33.51141362504032], [-117.67138432212825, 33.51137326833275], [-117.67132289454507, 33.5113320631289], [-117.67128506408957, 33.51130383655539], [-117.67124803770001, 33.511271041673766], [-117.67118560851594, 33.51120895941091], [-117.67111606464454, 33.511141684171484], [-117.67107847082957, 33.5111013969844], [-117.67102413341314, 33.5110356685572], [-117.67100710144135, 33.51101076534068], [-117.67099404973544, 33.510987356822675], [-117.67097803749722, 33.51094719020463], [-117.67096293981456, 33.510892110354874], [-117.67095188842248, 33.510829615420654], [-117.67094785809441, 33.510761262081004], [-117.67095073819615, 33.510686007403066], [-117.67096068186659, 33.51059950332884], [-117.67096815048687, 33.510562668306676], [-117.67099073047902, 33.51047914352898], [-117.67099742545845, 33.510440278539086], [-117.67099944817016, 33.51039059751403], [-117.67099634449056, 33.51030033612752], [-117.67098712691912, 33.51009047225843], [-117.6709864411478, 33.5100014150152], [-117.67098086633233, 33.5099610588897], [-117.67097057164905, 33.50991244997027], [-117.67095935377628, 33.509871671339624], [-117.67093941346972, 33.5098108378592], [-117.67090968602538, 33.509724382713685], [-117.6708851336439, 33.50966482822244], [-117.6708440207759, 33.50959133276918], [-117.67083119830087, 33.5095633399534], [-117.6708168170554, 33.509515026546694], [-117.67080762427913, 33.509461689015], [-117.67080558432778, 33.50942555317062], [-117.67080683944918, 33.50935991407448], [-117.67081301114183, 33.509175403182766], [-117.67080996686745, 33.50905496670016], [-117.67081168656276, 33.50900365970799], [-117.67081703703703, 33.50895566207302], [-117.6708249035442, 33.508907824174365], [-117.67083528503329, 33.50886014782702], [-117.67084818254718, 33.508812631214965], [-117.67084363323906, 33.5087639097948], [-117.67084567582394, 33.50871690304177], [-117.67085431030596, 33.508671611857245], [-117.67086953670456, 33.50862803804298], [-117.67088363920257, 33.508602653111375], [-117.67092242752308, 33.50854990035396], [-117.67093709275314, 33.50852589223585], [-117.670962061332, 33.508472106066456], [-117.67097431498263, 33.508430276747795], [-117.67097656447191, 33.508400226353494], [-117.67097357857766, 33.50833486379702], [-117.6709798979024, 33.508169443373816], [-117.67097935791085, 33.50809946762042], [-117.6709835236621, 33.508041248923135], [-117.67099351787513, 33.50796581107864], [-117.67100806106313, 33.507883035360756], [-117.67101389674113, 33.507836686827964], [-117.67101506807748, 33.50780666316648], [-117.67100980452629, 33.507764921127354], [-117.67099140686791, 33.50769229349923], [-117.67096793240339, 33.50760335843609], [-117.67094424357094, 33.50753994912345], [-117.67093687235246, 33.507514475707914], [-117.67092908655245, 33.50746616544468], [-117.67092860083544, 33.50742545903546], [-117.6709312704444, 33.50740780164764], [-117.67093659220029, 33.50738828528256], [-117.67096567360889, 33.50731076113284], [-117.6709871358771, 33.507244860629484], [-117.67099526191168, 33.50720882150613], [-117.67099945423294, 33.50717347653758], [-117.6710006622832, 33.50714405570635], [-117.67099899209883, 33.507117813854464], [-117.6709943785416, 33.507094319799585], [-117.67098508836496, 33.50707283047212], [-117.67095603326689, 33.50702645648746], [-117.67094813739763, 33.507005518422446], [-117.6709456253989, 33.506979601784124], [-117.67094759757077, 33.5069355507655], [-117.67095174005246, 33.50689667881929], [-117.67097131401692, 33.50680119084485], [-117.67097659618896, 33.50675727876978], [-117.67097970602816, 33.50670105049475], [-117.67097590830217, 33.50666822148728], [-117.670968006354, 33.50664803282476], [-117.67094529068098, 33.50660896165957], [-117.67093735146445, 33.506592105292704], [-117.67092196474988, 33.50653992052602], [-117.67091374026373, 33.5064840912715], [-117.67091531234374, 33.50644310346645], [-117.67091329860621, 33.50642683860626], [-117.67090617777632, 33.506409405708695], [-117.67089017880042, 33.50638243924484], [-117.67087569617905, 33.50636253490688], [-117.67083575800422, 33.506317681911554], [-117.67082115068791, 33.50629375008521], [-117.67081693211537, 33.50627818758965], [-117.67081627991683, 33.50625973222398], [-117.67082589515049, 33.5061985847133], [-117.67082735298484, 33.50617869315754], [-117.67082547384872, 33.50616176849964], [-117.67082002263506, 33.50614745183198], [-117.67081108594623, 33.50613411906125], [-117.67079850915427, 33.50612000637497], [-117.67075114278268, 33.506077853155226], [-117.67069000626296, 33.50602729523432], [-117.67065677036683, 33.50600589707829], [-117.67064420835727, 33.50599573466347], [-117.67063664979038, 33.5059865899892], [-117.67063027399301, 33.50597525054135], [-117.67061423650983, 33.5059303545881], [-117.67060560243284, 33.5059132554513], [-117.67059162555084, 33.505894391307564], [-117.67057359934114, 33.505874535498116], [-117.6705061062221, 33.50581201472548], [-117.67040774397641, 33.505721978433286], [-117.6703644490829, 33.505685993285404], [-117.67032265891021, 33.505653973867865], [-117.670260446436, 33.5056111530921], [-117.67017764851306, 33.505559343452745], [-117.6700098728788, 33.505464834659506], [-117.6699083033964, 33.50539714414082], [-117.66979609343639, 33.50531332224466], [-117.66974928924652, 33.50527437598015], [-117.66964678066113, 33.505182456702286], [-117.6695973588078, 33.505142645730146], [-117.66954262155767, 33.505105729488214], [-117.66941977664975, 33.504987860408725], [-117.66936539439146, 33.50492495594195], [-117.66924762191485, 33.50474416239957]]}, "properties": {"Base": null, "Height": null, "OBJECTID": 3318, "FacilityID": 250, "FacilitySystem": "Regional", "FacilityType": "Natural Watercourse", "Ownership": "LOCAL", "OwnerType": "2", "Watershed": "L", "ReachNum": "L02-05", "ReachDesc": "Natural Watercourse", "StaDS": null, "StaUS": null, "Length": 9200, "FacilityDesc": "Natural", "Material": "Riprap", "FeaNote": "None", "DwgID": null, "DrawingNum": "Not Available", "DwgNum": null, "Mslink": null, "Us_Sttn": null, "Us_Strt": null, "Ds_Sttn": null, "Ds_Strt": null, "City": null, "Type": null, "Agency": null, "Firm": null, "Tract": null, "Dwg_Month": null, "Dwg_Year": null, "As_Blt_Month": null, "As_Blt_Year": null, "ROW": null, "Agreement": null, "Agr_Month": null, "Agr_Year": null, "MaintBy": null, "File_In": null, "File_On": null, "Sheets": null, "MFDate": null, "Rack_No": null, "Info": null, "Public_Info": null, "Date_Entered": null, "FACILITYNUM": "L02", "FACILITYNAME": "TRABUCO CREEK CHANNEL"}}, {"type": "Feature", "id": 5064, "geometry": {"type": "LineString", "coordinates": [[-117.64019770585027, 33.53699141558236], [-117.64023301380172, 33.53693372364251], [-117.6402753405396, 33.536879444753765], [-117.6403242217833, 33.536829175618756], [-117.6403791171647, 33.536783467802294], [-117.64043942633332, 33.536742824846364], [-117.64050448556907, 33.53670769238978], [-117.64057357853308, 33.53667845714671], [-117.64064594694715, 33.53665544137729], [-117.64072079586079, 33.5366388956159], [-117.64079730127268, 33.536629003996126], [-117.64087462289085, 33.53662587418951], [-117.64095191064838, 33.53662954094018], [-117.64102831543943, 33.53663996414105]]}, "properties": {"Base": 114, "Height": 114, "OBJECTID": 5064, "FacilityID": 259, "FacilitySystem": "Subregional", "FacilityType": "Underground Conduit", "Ownership": "COUNTY", "OwnerType": "2", "Watershed": "L", "ReachNum": "L05P01-01", "ReachDesc": "Upstream L05", "StaDS": "54+93", "StaUS": "58+00", "Length": 307, "FacilityDesc": "RCP", "Material": "Concrete", "FeaNote": null, "DwgID": 1891, "DrawingNum": "L05P01-713-3", "DwgNum": "L05P01-713-3", "Mslink": 1891, "Us_Sttn": "872974", "Us_Strt": "O\u00b4NEILL DR.", "Ds_Sttn": "549299", "Ds_Strt": "L05", "City": "SEE BELOW", "Type": "CONSTRUCTION", "Agency": "PDSD", "Firm": "HALL & FOREMAN, INC.", "Tract": "15987", "Dwg_Month": "08", "Dwg_Year": "2001", "As_Blt_Month": "", "As_Blt_Year": "", "ROW": "/", "Agreement": "/", "Agr_Month": "", "Agr_Year": "", "MaintBy": "COUNTY OF ORANGE", "File_In": "VAULT", "File_On": "MYLAR", "Sheets": "8", "MFDate": "/", "Rack_No": "", "Info": "WITHIN SIENNA PARKWAY", "Public_Info": "WITHIN SIENNA PARKWAY", "Date_Entered": 1092849660000, "FACILITYNUM": "L05P01", "FACILITYNAME": "ACJACHEMA STORM DRAIN"}}, {"type": "Feature", "id": 2900, "geometry": {"type": "LineString", "coordinates": [[-117.64639681983775, 33.53429547034397], [-117.64643732210446, 33.53418634030086], [-117.64647108316817, 33.534075612272126], [-117.64649801191314, 33.533963579441554], [-117.64651803878483, 33.533850536553516], [-117.64655736201254, 33.53357959585638]]}, "properties": {"Base": 18, "Height": 15, "OBJECTID": 2900, "FacilityID": 720, "FacilitySystem": "Regional", "FacilityType": "Concrete-Lined", "Ownership": "DISTRICT", "OwnerType": "1", "Watershed": "L", "ReachNum": "L05-04.02", "ReachDesc": "u/s Horno Basin to d/s transition", "StaDS": "32+50", "StaUS": "35+04", "Length": 254, "FacilityDesc": "RCR", "Material": "Concrete", "FeaNote": "None", "DwgID": 1915, "DrawingNum": "L05-701-2", "DwgNum": "L05-701-2", "Mslink": 1915, "Us_Sttn": "549299", "Us_Strt": "JUNCTION L05P01 & L05P04", "Ds_Sttn": "269997", "Ds_Strt": "HORNO CREEK RETARDING BASIN (L05B01)", "City": "UNINCORPORATED", "Type": "CONSTRUCTION", "Agency": "PDSD", "Firm": "HALL & FOREMAN, INC.", "Tract": "15990", "Dwg_Month": "", "Dwg_Year": "", "As_Blt_Month": "", "As_Blt_Year": "", "ROW": "EASEMENT", "Agreement": "", "Agr_Month": "", "Agr_Year": "", "MaintBy": "OCFCD", "File_In": "VAULT", "File_On": "MYLAR", "Sheets": "16", "MFDate": "", "Rack_No": "", "Info": "REGIONAL OCFCD IMPROVEMENT CONDITIONED UPON DEVELOPER (LADERA RANCH) BY TRACTS 15793 & 15990 AND PER LADERA PLANNED COMMUNITY RUNOFF MANAGEMENT PLAN.", "Public_Info": "REGIONAL OCFCD IMPROVEMENT CONDITIONED UPON DEVELOPER (LADERA RANCH) BY TRACTS 15793 & 15990 AND PER LADERA PLANNED COMMUNITY RUNOFF MANAGEMENT PLAN.", "Date_Entered": 1092849660000, "FACILITYNUM": "L05", "FACILITYNAME": "HORNO CREEK CHANNEL"}}, {"type": "Feature", "id": 5058, "geometry": {"type": "LineString", "coordinates": [[-117.64045552145869, 33.540615264334136], [-117.640494206383, 33.5405792010588], [-117.6405352118303, 33.54053522996916], [-117.64056923730128, 33.54048726468163], [-117.64059573732312, 33.54043607775146], [-117.64061428353388, 33.54038249272455], [-117.64062457741434, 33.540327372272486], [-117.64062676982506, 33.54028424313316], [-117.64062390171978, 33.540241142562714], [-117.64059311309651, 33.5399959586335], [-117.64050539906935, 33.53929746664288]]}, "properties": {"Base": 114, "Height": 114, "OBJECTID": 5058, "FacilityID": 259, "FacilitySystem": "Subregional", "FacilityType": "Underground Conduit", "Ownership": "COUNTY", "OwnerType": "2", "Watershed": "L", "ReachNum": "L05P01-04", "ReachDesc": "Utility Right-of-way to Sienna Pkwy", "StaDS": "66+50", "StaUS": "71+50", "Length": 500, "FacilityDesc": "RCP", "Material": "Concrete", "FeaNote": null, "DwgID": 1891, "DrawingNum": "L05P01-713-3", "DwgNum": "L05P01-713-3", "Mslink": 1891, "Us_Sttn": "872974", "Us_Strt": "O\u00b4NEILL DR.", "Ds_Sttn": "549299", "Ds_Strt": "L05", "City": "SEE BELOW", "Type": "CONSTRUCTION", "Agency": "PDSD", "Firm": "HALL & FOREMAN, INC.", "Tract": "15987", "Dwg_Month": "08", "Dwg_Year": "2001", "As_Blt_Month": "", "As_Blt_Year": "", "ROW": "/", "Agreement": "/", "Agr_Month": "", "Agr_Year": "", "MaintBy": "COUNTY OF ORANGE", "File_In": "VAULT", "File_On": "MYLAR", "Sheets": "8", "MFDate": "/", "Rack_No": "", "Info": "WITHIN SIENNA PARKWAY", "Public_Info": "WITHIN SIENNA PARKWAY", "Date_Entered": 1092849660000, "FACILITYNUM": "L05P01", "FACILITYNAME": "ACJACHEMA STORM DRAIN"}}, {"type": "Feature", "id": 5070, "geometry": {"type": "LineString", "coordinates": [[-117.63834772451092, 33.55251174800036], [-117.63836028646774, 33.55243979111948], [-117.63836437243383, 33.552411961122395], [-117.6383733063202, 33.55235112221721], [-117.63837441271521, 33.552321012549896], [-117.63836942847769, 33.55228423680812], [-117.63835757387082, 33.55224858004618], [-117.63833914423188, 33.552214937975805], [-117.63832126430457, 33.552178954340576], [-117.63831021150233, 33.55214109567128], [-117.63830624785197, 33.552102263465066], [-117.6383065277661, 33.55208918822987], [-117.63831129162097, 33.55205421092128], [-117.63832181951311, 33.552020127866996], [-117.63833790659493, 33.55198760230415], [-117.63835923875173, 33.5519572662259], [-117.63837958181026, 33.55192791772562], [-117.6383958902339, 33.55189685226269]]}, "properties": {"Base": 96, "Height": 96, "OBJECTID": 5070, "FacilityID": 259, "FacilitySystem": "Subregional", "FacilityType": "Underground Conduit", "Ownership": "COUNTY", "OwnerType": "2", "Watershed": "L", "ReachNum": "L05P01-18", "ReachDesc": "Dorrance-Daisy and Sienna roundabout", "StaDS": "125+09", "StaUS": "127+40", "Length": 231, "FacilityDesc": "RCP", "Material": "Concrete", "FeaNote": null, "DwgID": 1891, "DrawingNum": "L05P01-713-2", "DwgNum": "L05P01-713-3", "Mslink": 1891, "Us_Sttn": "872974", "Us_Strt": "O\u00b4NEILL DR.", "Ds_Sttn": "549299", "Ds_Strt": "L05", "City": "SEE BELOW", "Type": "CONSTRUCTION", "Agency": "PDSD", "Firm": "HALL & FOREMAN, INC.", "Tract": "15987", "Dwg_Month": "08", "Dwg_Year": "2001", "As_Blt_Month": "", "As_Blt_Year": "", "ROW": "/", "Agreement": "/", "Agr_Month": "", "Agr_Year": "", "MaintBy": "COUNTY OF ORANGE", "File_In": "VAULT", "File_On": "MYLAR", "Sheets": "8", "MFDate": "/", "Rack_No": "", "Info": "WITHIN SIENNA PARKWAY", "Public_Info": "WITHIN SIENNA PARKWAY", "Date_Entered": 1092849660000, "FACILITYNUM": "L05P01", "FACILITYNAME": "ACJACHEMA STORM DRAIN"}}, {"type": "Feature", "id": 1961, "geometry": {"type": "LineString", "coordinates": [[-117.66981579653724, 33.52709562870115], [-117.66985660174646, 33.52671453175533]]}, "properties": {"Base": 68.83, "Height": 11, "OBJECTID": 1961, "FacilityID": 250, "FacilitySystem": "Regional", "FacilityType": "Concrete-Lined", "Ownership": "DISTRICT", "OwnerType": "1", "Watershed": "L", "ReachNum": "L02-09", "ReachDesc": "u/s Camino Capistrano to d/s San Diego Freeway", "StaDS": "281+10", "StaUS": "282+50", "Length": 140, "FacilityDesc": "RCR", "Material": "Concrete", "FeaNote": "None", "DwgID": 1578, "DrawingNum": "L02-701-1A", "DwgNum": "L02-701-1A", "Mslink": 1578, "Us_Sttn": "2876874", "Us_Strt": "U/S RANCHO VIEJO RD.", "Ds_Sttn": "2744000", "Ds_Strt": "D/S CAMINO CAPISTRANO", "City": "SAN JUAN CAPISTRANO", "Type": "CONSTRUCTION", "Agency": "OCFCD", "Firm": "LOWRY ENG. AND SCIENC", "Tract": "", "Dwg_Month": "10", "Dwg_Year": "1970", "As_Blt_Month": "", "As_Blt_Year": "", "ROW": "", "Agreement": "", "Agr_Month": "", "Agr_Year": "", "MaintBy": "", "File_In": "VAULT", "File_On": "LINEN", "Sheets": "35", "MFDate": "07/95", "Rack_No": "", "Info": "", "Public_Info": "", "Date_Entered": 1092849660000, "FACILITYNUM": "L02", "FACILITYNAME": "TRABUCO CREEK CHANNEL"}}, {"type": "Feature", "id": 1967, "geometry": {"type": "LineString", "coordinates": [[-117.666848165121, 33.53237007239751], [-117.66684619548535, 33.53224869097149], [-117.6668874096494, 33.532022695656345], [-117.66688942542228, 33.5320136167493], [-117.66692046822303, 33.53187377199848], [-117.66703084116233, 33.53173897021626], [-117.66714405875196, 33.531641539258565], [-117.66727396074457, 33.53158895822339], [-117.6674676588404, 33.531507907482194], [-117.66755377166574, 33.53146145867118], [-117.66763901590531, 33.53138320252466], [-117.66774008240891, 33.531274399828604], [-117.66781632469677, 33.53117018998751], [-117.66799256667412, 33.5309081799764], [-117.66808499946963, 33.53080866925048], [-117.66818840848156, 33.53070595133359], [-117.66833681636133, 33.53061006425684], [-117.6685200232587, 33.53056174925483], [-117.66929326911661, 33.53048980116446], [-117.66932155822734, 33.53048716843427], [-117.66946598571442, 33.530461260044724], [-117.66957855471499, 33.53041042785298], [-117.66963825524124, 33.53035112355645], [-117.6696951433166, 33.530265591420246], [-117.66971338177177, 33.53016556575034], [-117.66970174306314, 33.53006876540647], [-117.66964553309448, 33.52995997911933], [-117.66955691444306, 33.52985187075755], [-117.66950333712381, 33.529794469547966], [-117.66928033260122, 33.52955554605169], [-117.66918184196936, 33.52940909703016], [-117.66912329277606, 33.52928138752751], [-117.66909135618602, 33.52918026842589], [-117.66907850359487, 33.52912751012848], [-117.66906841083765, 33.529073843897386], [-117.66906005831102, 33.529014698815224], [-117.66905967614018, 33.52895514276565], [-117.66906727004019, 33.528895925914476], [-117.66908274338903, 33.528837795083874], [-117.66910590246408, 33.528781484675726], [-117.6691364530089, 33.52872770408696], [-117.66917401195776, 33.52867713036227], [-117.66921810413344, 33.52863040372351], [-117.66926817384007, 33.52858811210868], [-117.66932359020149, 33.528550788406335], [-117.66944651680772, 33.528476465608875], [-117.66948853218683, 33.52844863465004], [-117.66952536925325, 33.528416062868885], [-117.66955627226656, 33.52837941714369]]}, "properties": {"Base": null, "Height": null, "OBJECTID": 1967, "FacilityID": 250, "FacilitySystem": "Regional", "FacilityType": "Natural Watercourse", "Ownership": "DISTRICT", "OwnerType": "1", "Watershed": "L", "ReachNum": "L02-14", "ReachDesc": "Natural Watercourse", "StaDS": "288+13", "StaUS": "308+25", "Length": 2012, "FacilityDesc": "Natural", "Material": "Concrete", "FeaNote": "Record of Survey 95-1087", "DwgID": null, "DrawingNum": "Not Available", "DwgNum": null, "Mslink": null, "Us_Sttn": null, "Us_Strt": null, "Ds_Sttn": null, "Ds_Strt": null, "City": null, "Type": null, "Agency": null, "Firm": null, "Tract": null, "Dwg_Month": null, "Dwg_Year": null, "As_Blt_Month": null, "As_Blt_Year": null, "ROW": null, "Agreement": null, "Agr_Month": null, "Agr_Year": null, "MaintBy": null, "File_In": null, "File_On": null, "Sheets": null, "MFDate": null, "Rack_No": null, "Info": null, "Public_Info": null, "Date_Entered": null, "FACILITYNUM": "L02", "FACILITYNAME": "TRABUCO CREEK CHANNEL"}}, {"type": "Feature", "id": 5050, "geometry": {"type": "LineString", "coordinates": [[-117.6380229610933, 33.54987736812706], [-117.63802129238796, 33.54987340476767], [-117.637893969245, 33.5495759740492], [-117.63776624757698, 33.54926425819835], [-117.637724400006, 33.54913433339623], [-117.6376887769761, 33.5490031137809], [-117.63765943562136, 33.54887080791781], [-117.63764186723154, 33.54877374050953], [-117.63763286469319, 33.548687587545345], [-117.6376299570829, 33.548601140326525]]}, "properties": {"Base": 96, "Height": 96, "OBJECTID": 5050, "FacilityID": 259, "FacilitySystem": "Subregional", "FacilityType": "Underground Conduit", "Ownership": "COUNTY", "OwnerType": "2", "Watershed": "L", "ReachNum": "L05P01-16", "ReachDesc": "Between Zinnia Street and Daisy Street", "StaDS": "112+81", "StaUS": "117+63", "Length": 482, "FacilityDesc": "RCP", "Material": "Concrete", "FeaNote": null, "DwgID": 1891, "DrawingNum": "L05P01-713-2", "DwgNum": "L05P01-713-3", "Mslink": 1891, "Us_Sttn": "872974", "Us_Strt": "O\u00b4NEILL DR.", "Ds_Sttn": "549299", "Ds_Strt": "L05", "City": "SEE BELOW", "Type": "CONSTRUCTION", "Agency": "PDSD", "Firm": "HALL & FOREMAN, INC.", "Tract": "15987", "Dwg_Month": "08", "Dwg_Year": "2001", "As_Blt_Month": "", "As_Blt_Year": "", "ROW": "/", "Agreement": "/", "Agr_Month": "", "Agr_Year": "", "MaintBy": "COUNTY OF ORANGE", "File_In": "VAULT", "File_On": "MYLAR", "Sheets": "8", "MFDate": "/", "Rack_No": "", "Info": "WITHIN SIENNA PARKWAY", "Public_Info": "WITHIN SIENNA PARKWAY", "Date_Entered": 1092849660000, "FACILITYNUM": "L05P01", "FACILITYNAME": "ACJACHEMA STORM DRAIN"}}, {"type": "Feature", "id": 5061, "geometry": {"type": "LineString", "coordinates": [[-117.64012575063644, 33.54298058620933], [-117.6401232010325, 33.54293144151867], [-117.6400589269382, 33.54208854539676], [-117.64005774841104, 33.542073095062136]]}, "properties": {"Base": 114, "Height": 114, "OBJECTID": 5061, "FacilityID": 259, "FacilitySystem": "Subregional", "FacilityType": "Underground Conduit", "Ownership": "COUNTY", "OwnerType": "2", "Watershed": "L", "ReachNum": "L05P01-07", "ReachDesc": "upstream Covenant Hills Drive", "StaDS": "77+00", "StaUS": "80+40", "Length": 340, "FacilityDesc": "RCP", "Material": "Concrete", "FeaNote": null, "DwgID": 1891, "DrawingNum": "L05P01-713-3", "DwgNum": "L05P01-713-3", "Mslink": 1891, "Us_Sttn": "872974", "Us_Strt": "O\u00b4NEILL DR.", "Ds_Sttn": "549299", "Ds_Strt": "L05", "City": "SEE BELOW", "Type": "CONSTRUCTION", "Agency": "PDSD", "Firm": "HALL & FOREMAN, INC.", "Tract": "15987", "Dwg_Month": "08", "Dwg_Year": "2001", "As_Blt_Month": "", "As_Blt_Year": "", "ROW": "/", "Agreement": "/", "Agr_Month": "", "Agr_Year": "", "MaintBy": "COUNTY OF ORANGE", "File_In": "VAULT", "File_On": "MYLAR", "Sheets": "8", "MFDate": "/", "Rack_No": "", "Info": "WITHIN SIENNA PARKWAY", "Public_Info": "WITHIN SIENNA PARKWAY", "Date_Entered": 1092849660000, "FACILITYNUM": "L05P01", "FACILITYNAME": "ACJACHEMA STORM DRAIN"}}, {"type": "Feature", "id": 1958, "geometry": {"type": "LineString", "coordinates": [[-117.66994281089855, 33.52591978995165], [-117.66994304441498, 33.52591739953169], [-117.669952334918, 33.52582234056684], [-117.66995608881471, 33.5257378398818], [-117.6699483730249, 33.52566907340312], [-117.66993305580553, 33.525601205179086], [-117.66991026841198, 33.52553482433705], [-117.66988021078394, 33.525470506595525], [-117.66984314067791, 33.52540880807639], [-117.66979894026933, 33.525348705762745]]}, "properties": {"Base": 100, "Height": 20, "OBJECTID": 1958, "FacilityID": 250, "FacilitySystem": "Regional", "FacilityType": "Riprap Channel", "Ownership": "DISTRICT", "OwnerType": "1", "Watershed": "L", "ReachNum": "L02-06.04", "ReachDesc": "u/s transition to d/s transition", "StaDS": "277+53", "StaUS": "278+20", "Length": 67, "FacilityDesc": "ET", "Material": "Concrete", "FeaNote": "None", "DwgID": 1578, "DrawingNum": "L02-701-1A", "DwgNum": "L02-701-1A", "Mslink": 1578, "Us_Sttn": "2876874", "Us_Strt": "U/S RANCHO VIEJO RD.", "Ds_Sttn": "2744000", "Ds_Strt": "D/S CAMINO CAPISTRANO", "City": "SAN JUAN CAPISTRANO", "Type": "CONSTRUCTION", "Agency": "OCFCD", "Firm": "LOWRY ENG. AND SCIENC", "Tract": "", "Dwg_Month": "10", "Dwg_Year": "1970", "As_Blt_Month": "", "As_Blt_Year": "", "ROW": "", "Agreement": "", "Agr_Month": "", "Agr_Year": "", "MaintBy": "", "File_In": "VAULT", "File_On": "LINEN", "Sheets": "35", "MFDate": "07/95", "Rack_No": "", "Info": "", "Public_Info": "", "Date_Entered": 1092849660000, "FACILITYNUM": "L02", "FACILITYNAME": "TRABUCO CREEK CHANNEL"}}, {"type": "Feature", "id": 1964, "geometry": {"type": "LineString", "coordinates": [[-117.6696852450094, 33.528027433302995], [-117.66969794868672, 33.52798725114547]]}, "properties": {"Base": 68.83, "Height": 14, "OBJECTID": 1964, "FacilityID": 250, "FacilitySystem": "Regional", "FacilityType": "Concrete-Lined", "Ownership": "DISTRICT", "OwnerType": "1", "Watershed": "L", "ReachNum": "L02-12.01", "ReachDesc": "u/s Rancho Viejo to ", "StaDS": "285+73", "StaUS": "285+88", "Length": 15, "FacilityDesc": "RCR", "Material": "Concrete", "FeaNote": "None", "DwgID": 1578, "DrawingNum": "L02-701-1A", "DwgNum": "L02-701-1A", "Mslink": 1578, "Us_Sttn": "2876874", "Us_Strt": "U/S RANCHO VIEJO RD.", "Ds_Sttn": "2744000", "Ds_Strt": "D/S CAMINO CAPISTRANO", "City": "SAN JUAN CAPISTRANO", "Type": "CONSTRUCTION", "Agency": "OCFCD", "Firm": "LOWRY ENG. AND SCIENC", "Tract": "", "Dwg_Month": "10", "Dwg_Year": "1970", "As_Blt_Month": "", "As_Blt_Year": "", "ROW": "", "Agreement": "", "Agr_Month": "", "Agr_Year": "", "MaintBy": "", "File_In": "VAULT", "File_On": "LINEN", "Sheets": "35", "MFDate": "07/95", "Rack_No": "", "Info": "", "Public_Info": "", "Date_Entered": 1092849660000, "FACILITYNUM": "L02", "FACILITYNAME": "TRABUCO CREEK CHANNEL"}}, {"type": "Feature", "id": 5067, "geometry": {"type": "LineString", "coordinates": [[-117.63958799824233, 33.546391064590495], [-117.63968559150582, 33.5463242360062], [-117.63977798781379, 33.54625241395323], [-117.63986482229575, 33.54617588114515], [-117.63994575407396, 33.546094938963876], [-117.64002046409549, 33.5460099065821], [-117.6400886593959, 33.54592111821045], [-117.64015006988352, 33.545828924034446], [-117.64020205256146, 33.545738237252586], [-117.64024747047011, 33.545645111572426], [-117.64028616093434, 33.5455498797464], [-117.64031798508314, 33.54545288147403], [-117.64034283001675, 33.545354464279214]]}, "properties": {"Base": 120, "Height": 120, "OBJECTID": 5067, "FacilityID": 259, "FacilitySystem": "Subregional", "FacilityType": "Underground Conduit", "Ownership": "COUNTY", "OwnerType": "2", "Watershed": "L", "ReachNum": "L05P01-11", "ReachDesc": "Upstream O'Neill Drive", "StaDS": "97+41", "StaUS": "101+94", "Length": 453, "FacilityDesc": "RCP", "Material": "Concrete", "FeaNote": null, "DwgID": 1891, "DrawingNum": "L05P01-713-2", "DwgNum": "L05P01-713-3", "Mslink": 1891, "Us_Sttn": "872974", "Us_Strt": "O\u00b4NEILL DR.", "Ds_Sttn": "549299", "Ds_Strt": "L05", "City": "SEE BELOW", "Type": "CONSTRUCTION", "Agency": "PDSD", "Firm": "HALL & FOREMAN, INC.", "Tract": "15987", "Dwg_Month": "08", "Dwg_Year": "2001", "As_Blt_Month": "", "As_Blt_Year": "", "ROW": "/", "Agreement": "/", "Agr_Month": "", "Agr_Year": "", "MaintBy": "COUNTY OF ORANGE", "File_In": "VAULT", "File_On": "MYLAR", "Sheets": "8", "MFDate": "/", "Rack_No": "", "Info": "WITHIN SIENNA PARKWAY", "Public_Info": "WITHIN SIENNA PARKWAY", "Date_Entered": 1092849660000, "FACILITYNUM": "L05P01", "FACILITYNAME": "ACJACHEMA STORM DRAIN"}}, {"type": "Feature", "id": 5076, "geometry": {"type": "LineString", "coordinates": [[-117.6350114931961, 33.56242218424783], [-117.63501763640612, 33.56240104749211], [-117.6350275247765, 33.5623670251387], [-117.63504575629197, 33.56231237717498], [-117.63506617534529, 33.56225827385683], [-117.6350887602912, 33.56220477674018], [-117.63511348408579, 33.562151946539046], [-117.6351403186085, 33.56209984397949], [-117.63516923354237, 33.56204852710673], [-117.63520019641695, 33.561998053989825], [-117.63523317262253, 33.561948483623375], [-117.6352681231708, 33.56189987054199], [-117.63530501016469, 33.56185227016987], [-117.63541391702746, 33.561716771602676], [-117.63567907180331, 33.56138686984004], [-117.63583223211677, 33.561196308813734], [-117.63587245277117, 33.561144415092784], [-117.63591189227354, 33.56108958957604], [-117.63592926246932, 33.561063503676515], [-117.63594911528445, 33.56103368772564], [-117.63598408082528, 33.56097677402097], [-117.63601674896616, 33.56091891112634], [-117.63604708412788, 33.5608601643626], [-117.63607504965483, 33.560800599062595], [-117.63608972821052, 33.560765968738934], [-117.63610061647255, 33.5607402831797], [-117.63612375443012, 33.56067928467926], [-117.6361334852243, 33.560650300019944], [-117.63613595369881, 33.56064391639292]]}, "properties": {"Base": 42, "Height": 42, "OBJECTID": 5076, "FacilityID": 259, "FacilitySystem": "Subregional", "FacilityType": "Underground Conduit", "Ownership": "COUNTY", "OwnerType": "2", "Watershed": "L", "ReachNum": "L05P01-30", "ReachDesc": "Sienna Pkwy between Second and Flintridge", "StaDS": "159+54", "StaUS": "166+89", "Length": 735, "FacilityDesc": "RCP", "Material": "Concrete", "FeaNote": null, "DwgID": 1828, "DrawingNum": "L05P01-713-1", "DwgNum": "L05P01-713-1", "Mslink": 1828, "Us_Sttn": "1175125", "Us_Strt": "NORTH OF L05P11 WITHIN SIENNA PKWY.", "Ds_Sttn": "991829", "Ds_Strt": "", "City": "SEE BELOW", "Type": "CONSTRUCTION", "Agency": "PDSD", "Firm": "HUITT-ZOLLARS", "Tract": "15884", "Dwg_Month": "11", "Dwg_Year": "1999", "As_Blt_Month": "", "As_Blt_Year": "", "ROW": "", "Agreement": "NONE", "Agr_Month": "", "Agr_Year": "", "MaintBy": "COUNTY OF ORANGE", "File_In": "VAULT", "File_On": "MYLAR", "Sheets": "8", "MFDate": "", "Rack_No": "", "Info": "LADERA RANCH WITHIN TR.15884. THIS PLAN SET INCLUDE FACILITY L05P11 (STA. 10+00 TO STA. 29+00.75) WHICH IS LOCATED BETWEEN SIENNA PKWY. AND ANTONIO PKWY.", "Public_Info": "LADERA RANCH WITHIN TR.15884. THIS PLAN SET INCLUDE FACILITY L05P11 (STA. 10+00 TO STA. 29+00.75) WHICH IS LOCATED BETWEEN SIENNA PKWY. AND ANTONIO PKWY.", "Date_Entered": 1092849660000, "FACILITYNUM": "L05P01", "FACILITYNAME": "ACJACHEMA STORM DRAIN"}}, {"type": "Feature", "id": 4936, "geometry": {"type": "LineString", "coordinates": [[-117.63489373056701, 33.58581197296436], [-117.63486798930496, 33.58577071040963], [-117.63484718765297, 33.585724824000806], [-117.63483225671762, 33.58567636738998], [-117.63482398640545, 33.58562786558683], [-117.6348227028851, 33.58559138608138], [-117.63482585135809, 33.58555183479324], [-117.63483343764533, 33.58550903582496], [-117.63484557242425, 33.58546236035889], [-117.63485750425147, 33.58542638586859], [-117.63486175764206, 33.585415930210566], [-117.63487157703581, 33.585391785216935], [-117.63488759691406, 33.58535903755998], [-117.6349053946349, 33.585328475704124], [-117.63492557003286, 33.585300151590815], [-117.63495132423172, 33.58527014689026], [-117.63504111707275, 33.585181466820785], [-117.63506813844374, 33.58515643443033], [-117.63509446753342, 33.58513204272767], [-117.63521131658264, 33.58503323942071], [-117.63526012145871, 33.58498951317459], [-117.63527041088335, 33.584978766754766], [-117.63531514624734, 33.584932036176234], [-117.63541238438582, 33.584815629471535], [-117.6354536509543, 33.58476960467969], [-117.63548854432189, 33.58473616100612], [-117.63550021540553, 33.58472497449603], [-117.63554672336724, 33.584689070717], [-117.63559120597466, 33.58466172227809], [-117.63570567161801, 33.58459920253454], [-117.6358169709337, 33.5845293663108], [-117.6359704082821, 33.584426085818635], [-117.63607521786075, 33.58435425395349], [-117.63614431762866, 33.58430433043297], [-117.63618196201492, 33.58427400199188], [-117.63627629604039, 33.58419178256328], [-117.63630548418459, 33.584169315473865], [-117.63633319710873, 33.584150693433514], [-117.63636859226689, 33.58413110402109], [-117.6364599503919, 33.584088622332736], [-117.63649978221659, 33.58406714853211], [-117.63653867877457, 33.58404166713222], [-117.63657979604001, 33.58401112137275], [-117.63669626485898, 33.58391347051722], [-117.63679030907127, 33.5838257462956], [-117.63683216895737, 33.58379191177942], [-117.63684998942902, 33.58378053674789], [-117.636871423937, 33.58376927025825], [-117.6369486444072, 33.583735722797016], [-117.63697654915468, 33.58372206957188], [-117.6370019437048, 33.58370618010929], [-117.63702141969675, 33.58368915998054], [-117.63703957985527, 33.583665201453506], [-117.63706815060667, 33.583613744025996], [-117.63708151843359, 33.583593425837414], [-117.63710776254358, 33.583562397184814], [-117.63714075791005, 33.58352992095169], [-117.63727024434945, 33.58342070538128], [-117.63744810572449, 33.583261808847205], [-117.63755450842673, 33.583170340448305], [-117.6376570899626, 33.583088039777174], [-117.6377536857607, 33.583017464750554], [-117.63782427533708, 33.582971655275365], [-117.63792678582286, 33.582911063716644], [-117.6379939222226, 33.582866530659004], [-117.6380552894543, 33.58281732338966], [-117.63808633638953, 33.58278755658811], [-117.63814132859638, 33.582729047087476], [-117.63822173406275, 33.58264570361674], [-117.63826807569001, 33.582594743056326], [-117.63831752140914, 33.58253507077145], [-117.63838109541231, 33.58245287148961], [-117.63846397595024, 33.58234277461983], [-117.63847635664831, 33.58232632927669], [-117.63851991048622, 33.582267080555575], [-117.63855311247399, 33.58221820140606], [-117.63858038992451, 33.5821731610257], [-117.63860227223996, 33.58213097065796], [-117.63863747044833, 33.582056029780524], [-117.63864625082955, 33.58203113139083], [-117.638651554421, 33.58200851700625], [-117.63865376941078, 33.581983740498664], [-117.6386525494742, 33.581955686712604], [-117.63863674779188, 33.58185585291151], [-117.63862867713829, 33.581767946344655], [-117.63862403317918, 33.58174352763076], [-117.63861751379717, 33.58172230202336], [-117.63860590321048, 33.581696822116754], [-117.63858958087326, 33.58166953992537], [-117.63853447030792, 33.58159671665862], [-117.63848288899983, 33.58153736067502], [-117.63841951151163, 33.58147511183289], [-117.63835263113891, 33.581417765800495], [-117.63828073120357, 33.581364250215536], [-117.63822258396252, 33.581322363005846], [-117.63811306331662, 33.58124722980722], [-117.63798157679669, 33.58116526919841], [-117.63795349901056, 33.58114590053159], [-117.63792978278514, 33.581127315534864], [-117.63785314115364, 33.58105971650038], [-117.63782498193056, 33.581031565198224], [-117.63780136218388, 33.581005020648945], [-117.63778139465568, 33.5809789592962], [-117.63776553101452, 33.5809538053215], [-117.63775366515821, 33.58092939038791], [-117.63774575364197, 33.58090562480989], [-117.63773821138776, 33.5808642294782], [-117.63773324964481, 33.58081012110406], [-117.63773106270078, 33.58074508470331], [-117.63773183870944, 33.58067451669093], [-117.63770983131464, 33.58050885884993], [-117.63771127744735, 33.58045881971521], [-117.63772835254525, 33.580392018683554], [-117.63787998689546, 33.58020509455807], [-117.63797063833391, 33.580083737418946], [-117.63803569178685, 33.57995566190795], [-117.63803319163925, 33.57990772442814], [-117.63803201705038, 33.57988521651198], [-117.63803068932584, 33.57985978607014], [-117.63801938394398, 33.57977632301498], [-117.63790654056325, 33.57945474354878], [-117.63784923423236, 33.57922882484129], [-117.63784993992884, 33.57918154774857], [-117.63785327613552, 33.57916020146126], [-117.63785951407144, 33.57914356761939], [-117.63786916260484, 33.57912577766057], [-117.63790277885315, 33.579079900310866], [-117.63792786682454, 33.579050316225214], [-117.63795247958683, 33.57902627931447], [-117.6379826382374, 33.57900217879727], [-117.63801136651097, 33.57898405539004], [-117.6380392556248, 33.57897054092966], [-117.63806583706797, 33.578960896730194], [-117.63808579992954, 33.578956752748745], [-117.63810886748274, 33.57895531625333], [-117.63818997848385, 33.57896049432884], [-117.63822066279239, 33.57896009825514], [-117.63827812740675, 33.578955382090165], [-117.63831165113035, 33.57894819606058], [-117.63833147175073, 33.578940258344076], [-117.6383615748963, 33.57892506901127], [-117.63840505863016, 33.5789019397852], [-117.63843412232322, 33.57888276475748], [-117.63846174826126, 33.578860027779456], [-117.63847934906018, 33.578840609914735], [-117.63849008636025, 33.578822468726685], [-117.63850177547621, 33.57879474982557], [-117.63851145776985, 33.57876643111651], [-117.6385183438265, 33.5787374591822], [-117.6385224314804, 33.57870783314561], [-117.63852371968588, 33.578677554821944], [-117.63854940329158, 33.578579670543206], [-117.63855774185214, 33.57854320636716], [-117.63857289577632, 33.578457149017915], [-117.63858276343908, 33.57841834499747], [-117.63859073745942, 33.578396412270266], [-117.63860010124061, 33.57837692210052], [-117.63861103932892, 33.578359489205205], [-117.63862366841113, 33.5783439319421], [-117.63864178687521, 33.57832604839366], [-117.63866317368094, 33.57830815906307], [-117.63871434724794, 33.578273495025975], [-117.6387471672756, 33.57825683527883], [-117.63878670850822, 33.578242078927865], [-117.63893420459225, 33.578202379608925], [-117.6389792586995, 33.57818995845844], [-117.63903025693965, 33.57817799670007], [-117.6392162633763, 33.578141432032844], [-117.63929007669284, 33.57812484694015], [-117.63936404901419, 33.5781034999218], [-117.63942727663249, 33.578078973370346], [-117.63948450508356, 33.578050601204396], [-117.63954363976332, 33.57801604097612], [-117.6396060402184, 33.57797455164138], [-117.63967717728697, 33.57792251131945], [-117.63979026110664, 33.577835379208096], [-117.63987850531328, 33.57776293613813], [-117.64003570645109, 33.57762179973341], [-117.64009985407942, 33.57756660454148], [-117.64020487443862, 33.57747194350732], [-117.64023593905394, 33.57744919929842], [-117.64026605941697, 33.57743216801355], [-117.64029943607048, 33.577418636868366], [-117.64033923128777, 33.57740715037462], [-117.64047846406136, 33.577380179752375], [-117.64061288371298, 33.5773573429316], [-117.64066060130983, 33.577347428829384], [-117.6407272505725, 33.577328316022026], [-117.64079955652326, 33.57730183709432], [-117.64086237198804, 33.57727530359487], [-117.64104703533643, 33.57719276140394], [-117.64111968640881, 33.57716456338665], [-117.64117204680544, 33.57714424113079], [-117.64120354060067, 33.577129723562564], [-117.64122885324059, 33.57711548602524], [-117.64124852746595, 33.577101313264436], [-117.64126516717079, 33.57708559370293], [-117.64127880738157, 33.577068294489244], [-117.64128948085599, 33.577049375583336], [-117.64130007734963, 33.57701745221874], [-117.64130399615789, 33.57698142132635], [-117.6413012811991, 33.57694092894706], [-117.64129189153118, 33.57689529835594], [-117.64127729499171, 33.57684821646614], [-117.6412563583196, 33.57679407469329], [-117.64123809244707, 33.57675414013502], [-117.64115086507933, 33.57656342863665], [-117.64112854003082, 33.57650976311905], [-117.64111123858778, 33.576462202854536], [-117.64109583102898, 33.57640924004875], [-117.64108655085576, 33.576361142046906], [-117.64108323686226, 33.57631705493099], [-117.64108586411851, 33.57627656419459], [-117.64109720118309, 33.57620770676823], [-117.64111097195234, 33.57614129644261], [-117.64112712138036, 33.576077597130244], [-117.64114560389908, 33.576016791484], [-117.64116636107408, 33.575959065907306], [-117.64118936255963, 33.57590447664384], [-117.64121457743663, 33.575853111503505], [-117.6412419701046, 33.575805034903766], [-117.6412714590451, 33.57576080951741], [-117.64130594808073, 33.57571615225974], [-117.6413457105817, 33.575670710210474], [-117.6413913091786, 33.57562382785017], [-117.64143969462363, 33.57557816681083], [-117.64149576363158, 33.57552870217478], [-117.64167200789745, 33.57538296580864], [-117.64177238208926, 33.57530532359499], [-117.6418965646883, 33.575219076252566], [-117.64211004256401, 33.575079306337535], [-117.64220125698175, 33.57501764159979], [-117.64246361540567, 33.57483925821165], [-117.64255475892001, 33.57477473378269], [-117.6426321915707, 33.574716433781845], [-117.64271607796312, 33.574648694630426], [-117.64280590667177, 33.57457173754163], [-117.64290185406203, 33.574485748985964], [-117.64304744909813, 33.574351689606935], [-117.64317494915676, 33.574229883771], [-117.64317691656171, 33.574227884319995], [-117.64327914725645, 33.574124053420846], [-117.64331230293598, 33.57409037885916], [-117.64343113646565, 33.573964552495376], [-117.6437793679983, 33.57358920216979], [-117.64395237948843, 33.57341190726393], [-117.64409032190295, 33.57327994034331], [-117.64435916388777, 33.573033812442254], [-117.64446702078092, 33.57293284987676], [-117.64457569169501, 33.57282608372202], [-117.64466921785574, 33.57272753569854], [-117.64485603643135, 33.57251868467166], [-117.64492956194229, 33.5724325596362], [-117.64499560079888, 33.57235196201899], [-117.6450570788631, 33.572273195420216], [-117.64511318524642, 33.5721971498988], [-117.64516449359294, 33.572123051682915], [-117.64521132285643, 33.57205043462947], [-117.64525763202316, 33.57197318499487], [-117.64530386577361, 33.57189081899055], [-117.64535054268511, 33.57180242188456], [-117.6453987417328, 33.57170595003841], [-117.64542895264788, 33.571640668720875], [-117.64549463610102, 33.57148745119374], [-117.64552578140656, 33.57141904217222], [-117.64561674861874, 33.57121903294825], [-117.64566071429341, 33.57113081486683], [-117.645686017593, 33.57108596978625], [-117.64571165340686, 33.571045079474324], [-117.64573810297463, 33.57100738651311], [-117.64576562635965, 33.570972515582056], [-117.64580575566019, 33.570926983137085], [-117.64584953249606, 33.570881735316235], [-117.64589664314941, 33.57083709303311], [-117.64594667071968, 33.57079345861002], [-117.64597593589589, 33.57077051664873], [-117.64600972864012, 33.57074698110426], [-117.64618271498266, 33.57064167016644], [-117.64622282149901, 33.57061446506527], [-117.64625670426797, 33.57058828282876], [-117.64631351593974, 33.57053995815447], [-117.64635633154525, 33.57050070646562], [-117.64639247821333, 33.57046380454271], [-117.64642268534045, 33.570428385787025], [-117.64644940376141, 33.5703913019097], [-117.64647547086098, 33.57034872219991], [-117.64650141057085, 33.57030013492457], [-117.64653519302524, 33.570230604079356], [-117.64655482360789, 33.570183426571674], [-117.64659366533944, 33.570071884266056], [-117.64661721018044, 33.570020257104225], [-117.6466403812146, 33.569982159762816], [-117.64669365009458, 33.569906411279895], [-117.64671490496615, 33.56987344088716], [-117.64678985326267, 33.56973310869369], [-117.64681162426199, 33.56970096116448], [-117.64683905329949, 33.56966650672211], [-117.64693600782793, 33.569560438730065], [-117.64696811192321, 33.56952290478348], [-117.64699501932503, 33.56948655535223], [-117.64701571818476, 33.569452038396044], [-117.64703328876793, 33.56940963681478], [-117.64706479079095, 33.56930387816724], [-117.64707653006896, 33.56927718664225], [-117.64709022856036, 33.56925445688946], [-117.64711384356242, 33.56922325975694], [-117.64713812483903, 33.56919573411875], [-117.64716295492768, 33.569172011138434], [-117.64718825421322, 33.56915216384549], [-117.64721440891299, 33.56913636374043], [-117.64724643328967, 33.569121655574186], [-117.64736249492674, 33.56908128239847], [-117.64741629878023, 33.56906377708904], [-117.64755601566593, 33.569024947143234], [-117.64759457799201, 33.56901149824837], [-117.64762782597029, 33.56899719734997], [-117.64767337811591, 33.56897306408751], [-117.64772120243846, 33.5689432434759], [-117.64777218819363, 33.56890737025864], [-117.64783953890806, 33.568856148401586], [-117.64788478599972, 33.56881943332638], [-117.64792964713052, 33.56877953863048], [-117.64797436126204, 33.568736252435286], [-117.6480193092127, 33.568689207979055], [-117.64806420109456, 33.56863880075893], [-117.64811067725338, 33.568583272963366], [-117.64821643011979, 33.56844706199398], [-117.64828439065869, 33.56835548063768], [-117.64832972909518, 33.5682899376156], [-117.64836710133804, 33.56822926398072], [-117.64839675092072, 33.568172590463284], [-117.6484211458439, 33.56811663779328], [-117.64844294259285, 33.56805752133746], [-117.64846209072546, 33.567995386838696], [-117.6484785235806, 33.56793044334151], [-117.6484904278846, 33.567872948317046], [-117.64849912414492, 33.56781926657496], [-117.64850475042263, 33.56776853543317], [-117.64850734906133, 33.567720372091976], [-117.64850647249952, 33.56769242172285], [-117.64850255362728, 33.567661148450696], [-117.64848081785487, 33.56755842088526], [-117.6484747237271, 33.567521333466956], [-117.6484724564975, 33.56748544473094], [-117.64847495757645, 33.56745337619711], [-117.64848288554397, 33.56741924042133], [-117.64849643058714, 33.56738159703973], [-117.64856452003622, 33.56723662381491], [-117.64858460097989, 33.567180421976296], [-117.64862435177322, 33.567044721820636], [-117.64864499971058, 33.56698472010841], [-117.64865851508154, 33.56695282904393], [-117.64867303983156, 33.566923969912374], [-117.64868886829584, 33.56689755510009], [-117.64870617692105, 33.56687330309486], [-117.64873341662043, 33.56684104868923], [-117.64876618800169, 33.56680722088408], [-117.64880512720653, 33.566771053290424], [-117.64885704998547, 33.5667262087765], [-117.64888170334223, 33.566706854392706], [-117.6489110315251, 33.56668663234862], [-117.64904816774137, 33.56660131854531], [-117.64908044017659, 33.56657703093893], [-117.64910650289876, 33.566553143109665], [-117.64912697243217, 33.56652974732339], [-117.6491454481489, 33.56650372831577], [-117.64916211749414, 33.566474818878866], [-117.64917729500628, 33.56644248256928], [-117.64920064535949, 33.56637787150681], [-117.64923623425301, 33.56625314479562], [-117.64925200030657, 33.56620390832477], [-117.6492714642618, 33.56615508476589], [-117.64929317940991, 33.56611325031232], [-117.64932541976124, 33.5660635969916], [-117.64940111874373, 33.56595798665354], [-117.64942846714365, 33.565915347669666], [-117.64947357558347, 33.565831897889694], [-117.64951648641261, 33.56573728436669], [-117.64955774209443, 33.56563154969825], [-117.64961509249171, 33.56546909149697], [-117.64964183371808, 33.56538356763111], [-117.64969550354, 33.565185122909234], [-117.64972625336007, 33.56509320321976], [-117.64977690889476, 33.56497279026893], [-117.64985332907987, 33.564812644177984], [-117.64992410617454, 33.56466687792039], [-117.64994876612352, 33.56462213106698], [-117.64997318566944, 33.56458301358355], [-117.64999989516994, 33.56454598125659], [-117.6500325768593, 33.564506041397976], [-117.6501765683139, 33.56434658179003], [-117.65031329831946, 33.56417240658115], [-117.6503474263227, 33.564132201498815], [-117.65037985566333, 33.56409743118094], [-117.65042049667917, 33.564058560411496], [-117.65046859178123, 33.56401710987008], [-117.65067436600559, 33.56385416407625], [-117.65073675466435, 33.56379967263153], [-117.65091966595159, 33.563633666166815], [-117.65098017235346, 33.56358331838895], [-117.6510367377288, 33.56354056043238], [-117.65107244275217, 33.563516303990774], [-117.65111119313748, 33.563492410931296], [-117.65119990829666, 33.563444477860955], [-117.65128753180919, 33.56340288972406], [-117.65149219309063, 33.563311615813724], [-117.65158517157481, 33.56326613492904], [-117.65166065111349, 33.56322370844604], [-117.65172548423583, 33.5631807191517], [-117.651737398119, 33.56317194756569], [-117.65188591683581, 33.56306259349119], [-117.65194064100942, 33.56301878189833], [-117.6519877593352, 33.562977822353474], [-117.6520308606087, 33.5629362912434], [-117.6520679236994, 33.56289576497484], [-117.65209938790787, 33.562855764307415], [-117.65212545795849, 33.56281602544436], [-117.65212801164597, 33.56281119327823], [-117.6521507190529, 33.56276823799297], [-117.65217248661028, 33.56271639429799], [-117.65219073254288, 33.56266055599376], [-117.65220542928513, 33.56260081717005], [-117.65221655298673, 33.56253723490437], [-117.65222406297765, 33.56247002606609], [-117.65222793245829, 33.56239939925293], [-117.65222795077716, 33.56239316461564], [-117.65222800963396, 33.562372558049255], [-117.65222814300314, 33.56232568199371], [-117.65222318724912, 33.56226600393583], [-117.65220209849232, 33.56213931020326]]}, "properties": {"Base": null, "Height": null, "OBJECTID": 4936, "FacilityID": 250, "FacilitySystem": "Regional", "FacilityType": "Natural Watercourse", "Ownership": "LOCAL", "OwnerType": "2", "Watershed": "L", "ReachNum": "L02-16.03", "ReachDesc": "d/s Crown Valley Parkway to u/s Oso Parkway", "StaDS": null, "StaUS": null, "Length": 49500, "FacilityDesc": "Natural", "Material": "Concrete", "FeaNote": "14-inch pier wall in channel", "DwgID": null, "DrawingNum": "Not Available", "DwgNum": null, "Mslink": null, "Us_Sttn": null, "Us_Strt": null, "Ds_Sttn": null, "Ds_Strt": null, "City": null, "Type": null, "Agency": null, "Firm": null, "Tract": null, "Dwg_Month": null, "Dwg_Year": null, "As_Blt_Month": null, "As_Blt_Year": null, "ROW": null, "Agreement": null, "Agr_Month": null, "Agr_Year": null, "MaintBy": null, "File_In": null, "File_On": null, "Sheets": null, "MFDate": null, "Rack_No": null, "Info": null, "Public_Info": null, "Date_Entered": null, "FACILITYNUM": "L02", "FACILITYNAME": "TRABUCO CREEK CHANNEL"}}, {"type": "Feature", "id": 5053, "geometry": {"type": "LineString", "coordinates": [[-117.64044305166306, 33.54484046679359], [-117.64048679262385, 33.544575163113194], [-117.64049676033835, 33.54448012390937], [-117.64050025750952, 33.54438476471877], [-117.64049726966073, 33.54428939228641], [-117.64048780930379, 33.544194317563566], [-117.64047190610493, 33.54409984680025], [-117.6404496112629, 33.544006286005164], [-117.64042099747995, 33.54391393914251], [-117.64031530137822, 33.543624574672776], [-117.64031290809625, 33.54361811717416]]}, "properties": {"Base": 120, "Height": 120, "OBJECTID": 5053, "FacilityID": 259, "FacilitySystem": "Subregional", "FacilityType": "Underground Conduit", "Ownership": "COUNTY", "OwnerType": "2", "Watershed": "L", "ReachNum": "L05P01-09", "ReachDesc": "downstream O'Neill Drive", "StaDS": "82+83", "StaUS": "87+27", "Length": 444, "FacilityDesc": "RCP", "Material": "Concrete", "FeaNote": null, "DwgID": 1891, "DrawingNum": "L05P01-713-3", "DwgNum": "L05P01-713-3", "Mslink": 1891, "Us_Sttn": "872974", "Us_Strt": "O\u00b4NEILL DR.", "Ds_Sttn": "549299", "Ds_Strt": "L05", "City": "SEE BELOW", "Type": "CONSTRUCTION", "Agency": "PDSD", "Firm": "HALL & FOREMAN, INC.", "Tract": "15987", "Dwg_Month": "08", "Dwg_Year": "2001", "As_Blt_Month": "", "As_Blt_Year": "", "ROW": "/", "Agreement": "/", "Agr_Month": "", "Agr_Year": "", "MaintBy": "COUNTY OF ORANGE", "File_In": "VAULT", "File_On": "MYLAR", "Sheets": "8", "MFDate": "/", "Rack_No": "", "Info": "WITHIN SIENNA PARKWAY", "Public_Info": "WITHIN SIENNA PARKWAY", "Date_Entered": 1092849660000, "FACILITYNUM": "L05P01", "FACILITYNAME": "ACJACHEMA STORM DRAIN"}}, {"type": "Feature", "id": 5062, "geometry": {"type": "LineString", "coordinates": [[-117.64031290809625, 33.54361811717416], [-117.64022140387186, 33.543371188390445], [-117.64018565919783, 33.54328137915803], [-117.64015799277813, 33.54318959243268], [-117.64013855483137, 33.54309633691223], [-117.64012745585333, 33.54300212895013], [-117.64012575063644, 33.54298058620933]]}, "properties": {"Base": 114, "Height": 114, "OBJECTID": 5062, "FacilityID": 259, "FacilitySystem": "Subregional", "FacilityType": "Underground Conduit", "Ownership": "COUNTY", "OwnerType": "2", "Watershed": "L", "ReachNum": "L05P01-08", "ReachDesc": "between Covenant Hills Drive and O'Neill Drive", "StaDS": "80+40", "StaUS": "82+83", "Length": 243, "FacilityDesc": "RCP", "Material": "Concrete", "FeaNote": null, "DwgID": 1891, "DrawingNum": "L05P01-713-3", "DwgNum": "L05P01-713-3", "Mslink": 1891, "Us_Sttn": "872974", "Us_Strt": "O\u00b4NEILL DR.", "Ds_Sttn": "549299", "Ds_Strt": "L05", "City": "SEE BELOW", "Type": "CONSTRUCTION", "Agency": "PDSD", "Firm": "HALL & FOREMAN, INC.", "Tract": "15987", "Dwg_Month": "08", "Dwg_Year": "2001", "As_Blt_Month": "", "As_Blt_Year": "", "ROW": "/", "Agreement": "/", "Agr_Month": "", "Agr_Year": "", "MaintBy": "COUNTY OF ORANGE", "File_In": "VAULT", "File_On": "MYLAR", "Sheets": "8", "MFDate": "/", "Rack_No": "", "Info": "WITHIN SIENNA PARKWAY", "Public_Info": "WITHIN SIENNA PARKWAY", "Date_Entered": 1092849660000, "FACILITYNUM": "L05P01", "FACILITYNAME": "ACJACHEMA STORM DRAIN"}}, {"type": "Feature", "id": 1959, "geometry": {"type": "LineString", "coordinates": [[-117.66987376417066, 33.52656116704974], [-117.66989366823356, 33.52636625765284], [-117.66991152979813, 33.52620398767704], [-117.66994281089855, 33.52591978995165]]}, "properties": {"Base": 70, "Height": 12, "OBJECTID": 1959, "FacilityID": 250, "FacilitySystem": "Regional", "FacilityType": "Concrete-Lined", "Ownership": "DISTRICT", "OwnerType": "1", "Watershed": "L", "ReachNum": "L02-07", "ReachDesc": "u/s transition to d/s Camino Capistrano", "StaDS": "279+83", "StaUS": "280+55", "Length": 72, "FacilityDesc": "RCR", "Material": "Concrete", "FeaNote": "None", "DwgID": 1578, "DrawingNum": "L02-701-1A", "DwgNum": "L02-701-1A", "Mslink": 1578, "Us_Sttn": "2876874", "Us_Strt": "U/S RANCHO VIEJO RD.", "Ds_Sttn": "2744000", "Ds_Strt": "D/S CAMINO CAPISTRANO", "City": "SAN JUAN CAPISTRANO", "Type": "CONSTRUCTION", "Agency": "OCFCD", "Firm": "LOWRY ENG. AND SCIENC", "Tract": "", "Dwg_Month": "10", "Dwg_Year": "1970", "As_Blt_Month": "", "As_Blt_Year": "", "ROW": "", "Agreement": "", "Agr_Month": "", "Agr_Year": "", "MaintBy": "", "File_In": "VAULT", "File_On": "LINEN", "Sheets": "35", "MFDate": "07/95", "Rack_No": "", "Info": "", "Public_Info": "", "Date_Entered": 1092849660000, "FACILITYNUM": "L02", "FACILITYNAME": "TRABUCO CREEK CHANNEL"}}, {"type": "Feature", "id": 1581, "geometry": {"type": "LineString", "coordinates": [[-117.66974779377762, 33.52527841926951], [-117.66971373135118, 33.52523079022247]]}, "properties": {"Base": 60, "Height": 20, "OBJECTID": 1581, "FacilityID": 250, "FacilitySystem": "Regional", "FacilityType": "Riprap Channel", "Ownership": "DISTRICT", "OwnerType": "1", "Watershed": "L", "ReachNum": "L02-06.02", "ReachDesc": "u/s transition to ", "StaDS": "275+53", "StaUS": "275+73", "Length": 20, "FacilityDesc": "ET", "Material": "Concrete", "FeaNote": "None", "DwgID": 1578, "DrawingNum": "L02-701-1A", "DwgNum": "L02-701-1A", "Mslink": 1578, "Us_Sttn": "2876874", "Us_Strt": "U/S RANCHO VIEJO RD.", "Ds_Sttn": "2744000", "Ds_Strt": "D/S CAMINO CAPISTRANO", "City": "SAN JUAN CAPISTRANO", "Type": "CONSTRUCTION", "Agency": "OCFCD", "Firm": "LOWRY ENG. AND SCIENC", "Tract": "", "Dwg_Month": "10", "Dwg_Year": "1970", "As_Blt_Month": "", "As_Blt_Year": "", "ROW": "", "Agreement": "", "Agr_Month": "", "Agr_Year": "", "MaintBy": "", "File_In": "VAULT", "File_On": "LINEN", "Sheets": "35", "MFDate": "07/95", "Rack_No": "", "Info": "", "Public_Info": "", "Date_Entered": 1092849660000, "FACILITYNUM": "L02", "FACILITYNAME": "TRABUCO CREEK CHANNEL"}}, {"type": "Feature", "id": 1965, "geometry": {"type": "LineString", "coordinates": [[-117.66965726515686, 33.52812254482669], [-117.6696852450094, 33.528027433302995]]}, "properties": {"Base": 70, "Height": 7, "OBJECTID": 1965, "FacilityID": 250, "FacilitySystem": "Regional", "FacilityType": "Concrete-Lined", "Ownership": "DISTRICT", "OwnerType": "1", "Watershed": "L", "ReachNum": "L02-12.02", "ReachDesc": "d/s transition", "StaDS": "285+88", "StaUS": "286+23", "Length": 35, "FacilityDesc": "RCR", "Material": "Concrete", "FeaNote": "None", "DwgID": 1578, "DrawingNum": "L02-701-1A", "DwgNum": "L02-701-1A", "Mslink": 1578, "Us_Sttn": "2876874", "Us_Strt": "U/S RANCHO VIEJO RD.", "Ds_Sttn": "2744000", "Ds_Strt": "D/S CAMINO CAPISTRANO", "City": "SAN JUAN CAPISTRANO", "Type": "CONSTRUCTION", "Agency": "OCFCD", "Firm": "LOWRY ENG. AND SCIENC", "Tract": "", "Dwg_Month": "10", "Dwg_Year": "1970", "As_Blt_Month": "", "As_Blt_Year": "", "ROW": "", "Agreement": "", "Agr_Month": "", "Agr_Year": "", "MaintBy": "", "File_In": "VAULT", "File_On": "LINEN", "Sheets": "35", "MFDate": "07/95", "Rack_No": "", "Info": "", "Public_Info": "", "Date_Entered": 1092849660000, "FACILITYNUM": "L02", "FACILITYNAME": "TRABUCO CREEK CHANNEL"}}, {"type": "Feature", "id": 5073, "geometry": {"type": "LineString", "coordinates": [[-117.63621630784603, 33.56023039329567], [-117.63621891515753, 33.56017503896803], [-117.63621936677288, 33.56011103869576], [-117.63621725646313, 33.56004706152991], [-117.63621258754732, 33.55998318047199], [-117.6362095702354, 33.55995656312311], [-117.63620536437836, 33.55991946580671], [-117.63619559564515, 33.55985598957369], [-117.63618329217596, 33.55979282288703], [-117.6361684669382, 33.55973003593501], [-117.63615438588961, 33.55967938492575], [-117.6361511383264, 33.55966770155068], [-117.63584049682792, 33.55862936016112]]}, "properties": {"Base": 42, "Height": 42, "OBJECTID": 5073, "FacilityID": 259, "FacilitySystem": "Subregional", "FacilityType": "Underground Conduit", "Ownership": "COUNTY", "OwnerType": "2", "Watershed": "L", "ReachNum": "L05P01-27", "ReachDesc": "Sienna Pkwy between Windmill and Flintridge", "StaDS": "152+03", "StaUS": "158+00", "Length": 597, "FacilityDesc": "RCP", "Material": "Concrete", "FeaNote": null, "DwgID": 1828, "DrawingNum": "L05P01-713-1", "DwgNum": "L05P01-713-1", "Mslink": 1828, "Us_Sttn": "1175125", "Us_Strt": "NORTH OF L05P11 WITHIN SIENNA PKWY.", "Ds_Sttn": "991829", "Ds_Strt": "", "City": "SEE BELOW", "Type": "CONSTRUCTION", "Agency": "PDSD", "Firm": "HUITT-ZOLLARS", "Tract": "15884", "Dwg_Month": "11", "Dwg_Year": "1999", "As_Blt_Month": "", "As_Blt_Year": "", "ROW": "", "Agreement": "NONE", "Agr_Month": "", "Agr_Year": "", "MaintBy": "COUNTY OF ORANGE", "File_In": "VAULT", "File_On": "MYLAR", "Sheets": "8", "MFDate": "", "Rack_No": "", "Info": "LADERA RANCH WITHIN TR.15884. THIS PLAN SET INCLUDE FACILITY L05P11 (STA. 10+00 TO STA. 29+00.75) WHICH IS LOCATED BETWEEN SIENNA PKWY. AND ANTONIO PKWY.", "Public_Info": "LADERA RANCH WITHIN TR.15884. THIS PLAN SET INCLUDE FACILITY L05P11 (STA. 10+00 TO STA. 29+00.75) WHICH IS LOCATED BETWEEN SIENNA PKWY. AND ANTONIO PKWY.", "Date_Entered": 1092849660000, "FACILITYNUM": "L05P01", "FACILITYNAME": "ACJACHEMA STORM DRAIN"}}, {"type": "Feature", "id": 5056, "geometry": {"type": "LineString", "coordinates": [[-117.64034283001675, 33.545354464279214], [-117.64035500348295, 33.545295876583175], [-117.64035689335385, 33.54525489875915], [-117.64035126624614, 33.54521416177112], [-117.64033825701482, 33.54517462714215], [-117.64032632540352, 33.545137032688054], [-117.64032143744912, 33.54509834966265], [-117.6403237100851, 33.54505949741038], [-117.64033308908304, 33.545021398989036], [-117.64034935089092, 33.544984961311634], [-117.64037211084566, 33.544951049807246], [-117.64040082506898, 33.54492047216886], [-117.64041962727279, 33.5448956724807], [-117.64043380801428, 33.54486880356813], [-117.64044305166306, 33.54484046679359]]}, "properties": {"Base": 120, "Height": 120, "OBJECTID": 5056, "FacilityID": 259, "FacilitySystem": "Subregional", "FacilityType": "Underground Conduit", "Ownership": "COUNTY", "OwnerType": "2", "Watershed": "L", "ReachNum": "L05P01-10", "ReachDesc": "O'Neill Drive roundabout", "StaDS": "95+39", "StaUS": "97+41", "Length": 206, "FacilityDesc": "RCP", "Material": "Concrete", "FeaNote": null, "DwgID": 1891, "DrawingNum": "L05P01-713-2", "DwgNum": "L05P01-713-3", "Mslink": 1891, "Us_Sttn": "872974", "Us_Strt": "O\u00b4NEILL DR.", "Ds_Sttn": "549299", "Ds_Strt": "L05", "City": "SEE BELOW", "Type": "CONSTRUCTION", "Agency": "PDSD", "Firm": "HALL & FOREMAN, INC.", "Tract": "15987", "Dwg_Month": "08", "Dwg_Year": "2001", "As_Blt_Month": "", "As_Blt_Year": "", "ROW": "/", "Agreement": "/", "Agr_Month": "", "Agr_Year": "", "MaintBy": "COUNTY OF ORANGE", "File_In": "VAULT", "File_On": "MYLAR", "Sheets": "8", "MFDate": "/", "Rack_No": "", "Info": "WITHIN SIENNA PARKWAY", "Public_Info": "WITHIN SIENNA PARKWAY", "Date_Entered": 1092849660000, "FACILITYNUM": "L05P01", "FACILITYNAME": "ACJACHEMA STORM DRAIN"}}, {"type": "Feature", "id": 4950, "geometry": {"type": "LineString", "coordinates": [[-117.64102831543943, 33.53663996414105], [-117.6418769171807, 33.53678980657503], [-117.64196854742562, 33.53680663429006], [-117.64206160613023, 33.536816546041074], [-117.64215534907555, 33.5368194644835], [-117.64224902965994, 33.53681536550304], [-117.64234189895794, 33.53680428182143], [-117.64243321647216, 33.536786301974814], [-117.64252225442618, 33.53676156936375]]}, "properties": {"Base": 9.3, "Height": 12, "OBJECTID": 4950, "FacilityID": 720, "FacilitySystem": "Regional", "FacilityType": "Underground Conduit", "Ownership": "DISTRICT", "OwnerType": "1", "Watershed": "L", "ReachNum": "L05-06", "ReachDesc": "u/s transition to end RCB (d/s Covenant Hills Dri*", "StaDS": "52+82", "StaUS": "54+93", "Length": 211, "FacilityDesc": "2-RCB", "Material": "Concrete", "FeaNote": "None", "DwgID": 1915, "DrawingNum": "L05-701-2", "DwgNum": "L05-701-2", "Mslink": 1915, "Us_Sttn": "549299", "Us_Strt": "JUNCTION L05P01 & L05P04", "Ds_Sttn": "269997", "Ds_Strt": "HORNO CREEK RETARDING BASIN (L05B01)", "City": "UNINCORPORATED", "Type": "CONSTRUCTION", "Agency": "PDSD", "Firm": "HALL & FOREMAN, INC.", "Tract": "15990", "Dwg_Month": "", "Dwg_Year": "", "As_Blt_Month": "", "As_Blt_Year": "", "ROW": "EASEMENT", "Agreement": "", "Agr_Month": "", "Agr_Year": "", "MaintBy": "OCFCD", "File_In": "VAULT", "File_On": "MYLAR", "Sheets": "16", "MFDate": "", "Rack_No": "", "Info": "REGIONAL OCFCD IMPROVEMENT CONDITIONED UPON DEVELOPER (LADERA RANCH) BY TRACTS 15793 & 15990 AND PER LADERA PLANNED COMMUNITY RUNOFF MANAGEMENT PLAN.", "Public_Info": "REGIONAL OCFCD IMPROVEMENT CONDITIONED UPON DEVELOPER (LADERA RANCH) BY TRACTS 15793 & 15990 AND PER LADERA PLANNED COMMUNITY RUNOFF MANAGEMENT PLAN.", "Date_Entered": 1092849660000, "FACILITYNUM": "L05", "FACILITYNAME": "HORNO CREEK CHANNEL"}}, {"type": "Feature", "id": 3336, "geometry": {"type": "LineString", "coordinates": [[-117.66747164892604, 33.57849710872785], [-117.66751494515215, 33.57845760805874], [-117.66755658317581, 33.578413251603024], [-117.66759802600022, 33.578362584485134], [-117.66764472552526, 33.578298963978455], [-117.66774023977256, 33.57817786742793], [-117.66776562338421, 33.57814635861345], [-117.66779747726434, 33.57811333611506], [-117.66791635590135, 33.578008276382356], [-117.66795899638215, 33.577966766791015], [-117.66799682978328, 33.57792464464374], [-117.66808379649983, 33.57782114189172], [-117.66812471724734, 33.577775043180104], [-117.6682830681523, 33.57761515786398], [-117.66832347281087, 33.577569729519205], [-117.66841870343599, 33.577455481418795], [-117.66846383349788, 33.57740426163378], [-117.66855087808025, 33.57730859711021], [-117.6685795719326, 33.57728068881746], [-117.66860709849963, 33.57725718423791], [-117.66869170078827, 33.577192210974474], [-117.6687146413951, 33.577171953361734], [-117.6687339835655, 33.57715207036428], [-117.66875031554237, 33.577131173863634], [-117.66876587739871, 33.57710577938606], [-117.66881281990477, 33.5770090259095], [-117.66882873515341, 33.576984365897964], [-117.66887744670335, 33.576925531692396], [-117.66889610369944, 33.576897634859826], [-117.66891753675843, 33.57685244406243], [-117.668961509379, 33.57674266398338], [-117.66897551901965, 33.57671410412206], [-117.66899029010524, 33.576688979215255], [-117.66902624856661, 33.57663807830132], [-117.66907304475777, 33.57658039026419], [-117.66916349885545, 33.57648448625268], [-117.66920103777629, 33.5764326772884], [-117.6692236534076, 33.576401464793314], [-117.66927966724639, 33.576336945787475], [-117.66929895271286, 33.57631200564816], [-117.66933140448127, 33.57625415543977], [-117.66934396443999, 33.576235428970406], [-117.66939325765684, 33.5761656438581], [-117.66941614243935, 33.57613767531613], [-117.66943972633233, 33.576108646506675], [-117.66949108646297, 33.576035141686745], [-117.66949994125764, 33.576021288789306], [-117.66950810976944, 33.57600339142629], [-117.66953468368318, 33.5759194387074], [-117.66953565965261, 33.57591731848399], [-117.66954885439539, 33.57588868127207], [-117.66955809725908, 33.57587703133396], [-117.66956988901343, 33.575867309958475], [-117.66958523155847, 33.575858792473035], [-117.6696349054706, 33.575837003664354], [-117.66964902888793, 33.575826585734916], [-117.66965988242798, 33.57581388948097], [-117.66968847813835, 33.57577503346429], [-117.66972203170232, 33.57573633463464], [-117.66976034867729, 33.575698025140674], [-117.66980308347095, 33.57566044886188], [-117.66982513234848, 33.57564388738692], [-117.66987836996852, 33.5756081507743], [-117.66990133342816, 33.575589935943], [-117.66991208024828, 33.5755787620678], [-117.66992089663047, 33.57556613049157], [-117.66993942066189, 33.575525597530124], [-117.6699476585013, 33.57550409069893], [-117.66995417263749, 33.575480325796896], [-117.66995866706414, 33.575455376529206], [-117.66996089874611, 33.57543059282226], [-117.66996467023777, 33.575351479733115], [-117.66996878216894, 33.57532579812729], [-117.66997510780358, 33.57530329325811], [-117.66998893887667, 33.57527299590287], [-117.67002006873312, 33.57522035261115], [-117.67007987789145, 33.57511706868684], [-117.6701025632625, 33.575083429618445], [-117.6701251727967, 33.5750543991513], [-117.67015079728304, 33.57502654710445], [-117.67018215177703, 33.57499711935264], [-117.67029876860245, 33.57490079169901], [-117.67043491412265, 33.574780823797624], [-117.67047736610577, 33.57474815490077], [-117.67051776675846, 33.5747214931363], [-117.67062792246573, 33.57465645246708], [-117.6707085898024, 33.57461284448201], [-117.67077177430619, 33.57457768201444], [-117.67088527695377, 33.574504591232404], [-117.67094939941303, 33.574470675858734], [-117.67099640007851, 33.57445063654689], [-117.67104702920236, 33.5744333989138], [-117.67120718164158, 33.57439198199591], [-117.67126839087453, 33.57437386340554], [-117.67144218775535, 33.574366935120906]]}, "properties": {"Base": 40, "Height": 4, "OBJECTID": 3336, "FacilityID": 254, "FacilitySystem": "Regional", "FacilityType": "Earth Channel", "Ownership": "LOCAL", "OwnerType": "2", "Watershed": "L", "ReachNum": "L03-27", "ReachDesc": "u/s San Diego Freeway to d/s drop structure", "StaDS": "222+80", "StaUS": "242+71", "Length": 1991, "FacilityDesc": "ET", "Material": "Earth", "FeaNote": "None", "DwgID": 1627, "DrawingNum": "L03-701-8A", "DwgNum": "L03-701-8A", "Mslink": 1627, "Us_Sttn": "3185800", "Us_Strt": "LA PAZ ROAD", "Ds_Sttn": "2180000", "Ds_Strt": "I-5 FWY", "City": "MISSION VIEJO", "Type": "CONSTRUCTION", "Agency": "OCEMA", "Firm": "JACK RAUB", "Tract": "", "Dwg_Month": "09", "Dwg_Year": "1979", "As_Blt_Month": "11", "As_Blt_Year": "1982", "ROW": "", "Agreement": "", "Agr_Month": "", "Agr_Year": "", "MaintBy": "PRIVATE", "File_In": "VAULT", "File_On": "MYLAR", "Sheets": "16", "MFDate": "", "Rack_No": "", "Info": "", "Public_Info": "", "Date_Entered": 1092849660000, "FACILITYNUM": "L03", "FACILITYNAME": "OSO CREEK CHANNEL"}}, {"type": "Feature", "id": 5059, "geometry": {"type": "LineString", "coordinates": [[-117.64009306061605, 33.541196869582166], [-117.64009584677366, 33.54118959320198], [-117.64012716107777, 33.541099885508636], [-117.64016549348749, 33.54101210846344], [-117.64021067676417, 33.5409266480575], [-117.64026251223436, 33.54084387710624], [-117.64032077309176, 33.54076415972147], [-117.6403852032061, 33.54068784411105], [-117.64045552145869, 33.540615264334136]]}, "properties": {"Base": 114, "Height": 114, "OBJECTID": 5059, "FacilityID": 259, "FacilitySystem": "Subregional", "FacilityType": "Underground Conduit", "Ownership": "COUNTY", "OwnerType": "2", "Watershed": "L", "ReachNum": "L05P01-05", "ReachDesc": "downstream Covenant Hills Drive", "StaDS": "71+50", "StaUS": "73+90", "Length": 240, "FacilityDesc": "RCP", "Material": "Concrete", "FeaNote": null, "DwgID": 1891, "DrawingNum": "L05P01-713-3", "DwgNum": "L05P01-713-3", "Mslink": 1891, "Us_Sttn": "872974", "Us_Strt": "O\u00b4NEILL DR.", "Ds_Sttn": "549299", "Ds_Strt": "L05", "City": "SEE BELOW", "Type": "CONSTRUCTION", "Agency": "PDSD", "Firm": "HALL & FOREMAN, INC.", "Tract": "15987", "Dwg_Month": "08", "Dwg_Year": "2001", "As_Blt_Month": "", "As_Blt_Year": "", "ROW": "/", "Agreement": "/", "Agr_Month": "", "Agr_Year": "", "MaintBy": "COUNTY OF ORANGE", "File_In": "VAULT", "File_On": "MYLAR", "Sheets": "8", "MFDate": "/", "Rack_No": "", "Info": "WITHIN SIENNA PARKWAY", "Public_Info": "WITHIN SIENNA PARKWAY", "Date_Entered": 1092849660000, "FACILITYNUM": "L05P01", "FACILITYNAME": "ACJACHEMA STORM DRAIN"}}, {"type": "Feature", "id": 1962, "geometry": {"type": "LineString", "coordinates": [[-117.66973335748935, 33.52783023294305], [-117.66981579653724, 33.52709562870115]]}, "properties": {"Base": 68.83, "Height": 11, "OBJECTID": 1962, "FacilityID": 250, "FacilitySystem": "Regional", "FacilityType": "Concrete-Lined", "Ownership": "DISTRICT", "OwnerType": "1", "Watershed": "L", "ReachNum": "L02-10", "ReachDesc": "San Diego Freeway Bridge", "StaDS": "282+50", "StaUS": "285+15", "Length": 265, "FacilityDesc": "RECT BRDG", "Material": "Concrete", "FeaNote": "None", "DwgID": 1578, "DrawingNum": "L02-701-1A", "DwgNum": "L02-701-1A", "Mslink": 1578, "Us_Sttn": "2876874", "Us_Strt": "U/S RANCHO VIEJO RD.", "Ds_Sttn": "2744000", "Ds_Strt": "D/S CAMINO CAPISTRANO", "City": "SAN JUAN CAPISTRANO", "Type": "CONSTRUCTION", "Agency": "OCFCD", "Firm": "LOWRY ENG. AND SCIENC", "Tract": "", "Dwg_Month": "10", "Dwg_Year": "1970", "As_Blt_Month": "", "As_Blt_Year": "", "ROW": "", "Agreement": "", "Agr_Month": "", "Agr_Year": "", "MaintBy": "", "File_In": "VAULT", "File_On": "LINEN", "Sheets": "35", "MFDate": "07/95", "Rack_No": "", "Info": "", "Public_Info": "", "Date_Entered": 1092849660000, "FACILITYNUM": "L02", "FACILITYNAME": "TRABUCO CREEK CHANNEL"}}, {"type": "Feature", "id": 5065, "geometry": {"type": "LineString", "coordinates": [[-117.64038480871653, 33.53833714195036], [-117.64033835306851, 33.53796718852533], [-117.64032233146243, 33.53787196240877], [-117.6402983948915, 33.537777907634776], [-117.64026666270925, 33.537685485446076], [-117.64016906394761, 33.53743463884236], [-117.64015214507228, 33.53738150665089], [-117.64014911765491, 33.537371999409274], [-117.64014725731703, 33.53736207787303], [-117.64013711172868, 33.53730795661207], [-117.64013317901566, 33.53724321320873], [-117.6401373620441, 33.537178480178056], [-117.64014961506349, 33.53711446948302], [-117.64016980391574, 33.537051885956686], [-117.64018294771206, 33.53702340009337], [-117.64019770585027, 33.53699141558236]]}, "properties": {"Base": 114, "Height": 114, "OBJECTID": 5065, "FacilityID": 259, "FacilitySystem": "Subregional", "FacilityType": "Underground Conduit", "Ownership": "COUNTY", "OwnerType": "2", "Watershed": "L", "ReachNum": "L05P01-02", "ReachDesc": "Utility Right-of-way", "StaDS": "58+00", "StaUS": "63+00", "Length": 500, "FacilityDesc": "RCP", "Material": "Concrete", "FeaNote": null, "DwgID": 1891, "DrawingNum": "L05P01-713-3", "DwgNum": "L05P01-713-3", "Mslink": 1891, "Us_Sttn": "872974", "Us_Strt": "O\u00b4NEILL DR.", "Ds_Sttn": "549299", "Ds_Strt": "L05", "City": "SEE BELOW", "Type": "CONSTRUCTION", "Agency": "PDSD", "Firm": "HALL & FOREMAN, INC.", "Tract": "15987", "Dwg_Month": "08", "Dwg_Year": "2001", "As_Blt_Month": "", "As_Blt_Year": "", "ROW": "/", "Agreement": "/", "Agr_Month": "", "Agr_Year": "", "MaintBy": "COUNTY OF ORANGE", "File_In": "VAULT", "File_On": "MYLAR", "Sheets": "8", "MFDate": "/", "Rack_No": "", "Info": "WITHIN SIENNA PARKWAY", "Public_Info": "WITHIN SIENNA PARKWAY", "Date_Entered": 1092849660000, "FACILITYNUM": "L05P01", "FACILITYNAME": "ACJACHEMA STORM DRAIN"}}, {"type": "Feature", "id": 5051, "geometry": {"type": "LineString", "coordinates": [[-117.6376299570829, 33.548601140326525], [-117.6376318790717, 33.54848736969926], [-117.63764077122883, 33.54837383158075], [-117.63765661029048, 33.54826082559696], [-117.63767935247863, 33.54814864799456], [-117.63770894003316, 33.54803759607673], [-117.6377452935752, 33.54792796197611], [-117.63778831750501, 33.547820033496784], [-117.63783789895447, 33.547714095929145], [-117.63785049386792, 33.54768419542563], [-117.63785857674526, 33.54765322077681]]}, "properties": {"Base": 102, "Height": 102, "OBJECTID": 5051, "FacilityID": 259, "FacilitySystem": "Subregional", "FacilityType": "Underground Conduit", "Ownership": "COUNTY", "OwnerType": "2", "Watershed": "L", "ReachNum": "L05P01-15", "ReachDesc": "Between Sellas Road and Zinnia Street", "StaDS": "109+25", "StaUS": "112+81", "Length": 356, "FacilityDesc": "RCP", "Material": "Concrete", "FeaNote": null, "DwgID": 1891, "DrawingNum": "L05P01-713-2", "DwgNum": "L05P01-713-3", "Mslink": 1891, "Us_Sttn": "872974", "Us_Strt": "O\u00b4NEILL DR.", "Ds_Sttn": "549299", "Ds_Strt": "L05", "City": "SEE BELOW", "Type": "CONSTRUCTION", "Agency": "PDSD", "Firm": "HALL & FOREMAN, INC.", "Tract": "15987", "Dwg_Month": "08", "Dwg_Year": "2001", "As_Blt_Month": "", "As_Blt_Year": "", "ROW": "/", "Agreement": "/", "Agr_Month": "", "Agr_Year": "", "MaintBy": "COUNTY OF ORANGE", "File_In": "VAULT", "File_On": "MYLAR", "Sheets": "8", "MFDate": "/", "Rack_No": "", "Info": "WITHIN SIENNA PARKWAY", "Public_Info": "WITHIN SIENNA PARKWAY", "Date_Entered": 1092849660000, "FACILITYNUM": "L05P01", "FACILITYNAME": "ACJACHEMA STORM DRAIN"}}, {"type": "Feature", "id": 5074, "geometry": {"type": "LineString", "coordinates": [[-117.63617273544723, 33.560515283866835], [-117.63617835507459, 33.56049287604693], [-117.6361915483799, 33.560429834939434], [-117.6362022117526, 33.56036645950323], [-117.63621033340692, 33.56030282110523], [-117.6362159026197, 33.56023899019871], [-117.63621630784603, 33.56023039329567]]}, "properties": {"Base": 42, "Height": 42, "OBJECTID": 5074, "FacilityID": 259, "FacilitySystem": "Subregional", "FacilityType": "Underground Conduit", "Ownership": "COUNTY", "OwnerType": "2", "Watershed": "L", "ReachNum": "L05P01-28", "ReachDesc": "South of Flintridge Ave", "StaDS": "158+00", "StaUS": "159+05", "Length": 105, "FacilityDesc": "RCP", "Material": "Concrete", "FeaNote": null, "DwgID": 1828, "DrawingNum": "L05P01-713-1", "DwgNum": "L05P01-713-1", "Mslink": 1828, "Us_Sttn": "1175125", "Us_Strt": "NORTH OF L05P11 WITHIN SIENNA PKWY.", "Ds_Sttn": "991829", "Ds_Strt": "", "City": "SEE BELOW", "Type": "CONSTRUCTION", "Agency": "PDSD", "Firm": "HUITT-ZOLLARS", "Tract": "15884", "Dwg_Month": "11", "Dwg_Year": "1999", "As_Blt_Month": "", "As_Blt_Year": "", "ROW": "", "Agreement": "NONE", "Agr_Month": "", "Agr_Year": "", "MaintBy": "COUNTY OF ORANGE", "File_In": "VAULT", "File_On": "MYLAR", "Sheets": "8", "MFDate": "", "Rack_No": "", "Info": "LADERA RANCH WITHIN TR.15884. THIS PLAN SET INCLUDE FACILITY L05P11 (STA. 10+00 TO STA. 29+00.75) WHICH IS LOCATED BETWEEN SIENNA PKWY. AND ANTONIO PKWY.", "Public_Info": "LADERA RANCH WITHIN TR.15884. THIS PLAN SET INCLUDE FACILITY L05P11 (STA. 10+00 TO STA. 29+00.75) WHICH IS LOCATED BETWEEN SIENNA PKWY. AND ANTONIO PKWY.", "Date_Entered": 1092849660000, "FACILITYNUM": "L05P01", "FACILITYNAME": "ACJACHEMA STORM DRAIN"}}, {"type": "Feature", "id": 1957, "geometry": {"type": "LineString", "coordinates": [[-117.66979894026933, 33.525348705762745], [-117.66974779377762, 33.52527841926951]]}, "properties": {"Base": 60, "Height": 20, "OBJECTID": 1957, "FacilityID": 250, "FacilitySystem": "Regional", "FacilityType": "Riprap Channel", "Ownership": "DISTRICT", "OwnerType": "1", "Watershed": "L", "ReachNum": "L02-06.03", "ReachDesc": "d/s transition", "StaDS": "275+73", "StaUS": "276+03", "Length": 30, "FacilityDesc": "ET", "Material": "Concrete", "FeaNote": "None", "DwgID": 1578, "DrawingNum": "L02-701-1A", "DwgNum": "L02-701-1A", "Mslink": 1578, "Us_Sttn": "2876874", "Us_Strt": "U/S RANCHO VIEJO RD.", "Ds_Sttn": "2744000", "Ds_Strt": "D/S CAMINO CAPISTRANO", "City": "SAN JUAN CAPISTRANO", "Type": "CONSTRUCTION", "Agency": "OCFCD", "Firm": "LOWRY ENG. AND SCIENC", "Tract": "", "Dwg_Month": "10", "Dwg_Year": "1970", "As_Blt_Month": "", "As_Blt_Year": "", "ROW": "", "Agreement": "", "Agr_Month": "", "Agr_Year": "", "MaintBy": "", "File_In": "VAULT", "File_On": "LINEN", "Sheets": "35", "MFDate": "07/95", "Rack_No": "", "Info": "", "Public_Info": "", "Date_Entered": 1092849660000, "FACILITYNUM": "L02", "FACILITYNAME": "TRABUCO CREEK CHANNEL"}}, {"type": "Feature", "id": 1316, "geometry": {"type": "LineString", "coordinates": [[-117.66971373135118, 33.52523079022247], [-117.66965338846515, 33.52514851469547]]}, "properties": {"Base": 50, "Height": 20, "OBJECTID": 1316, "FacilityID": 250, "FacilitySystem": "Regional", "FacilityType": "Riprap Channel", "Ownership": "DISTRICT", "OwnerType": "1", "Watershed": "L", "ReachNum": "L02-06.01", "ReachDesc": "u/s transition to d/s transition", "StaDS": "275+18", "StaUS": "275+53", "Length": 20, "FacilityDesc": "ET", "Material": "Concrete", "FeaNote": "None", "DwgID": 1578, "DrawingNum": "L02-701-1A", "DwgNum": "L02-701-1A", "Mslink": 1578, "Us_Sttn": "2876874", "Us_Strt": "U/S RANCHO VIEJO RD.", "Ds_Sttn": "2744000", "Ds_Strt": "D/S CAMINO CAPISTRANO", "City": "SAN JUAN CAPISTRANO", "Type": "CONSTRUCTION", "Agency": "OCFCD", "Firm": "LOWRY ENG. AND SCIENC", "Tract": "", "Dwg_Month": "10", "Dwg_Year": "1970", "As_Blt_Month": "", "As_Blt_Year": "", "ROW": "", "Agreement": "", "Agr_Month": "", "Agr_Year": "", "MaintBy": "", "File_In": "VAULT", "File_On": "LINEN", "Sheets": "35", "MFDate": "07/95", "Rack_No": "", "Info": "", "Public_Info": "", "Date_Entered": 1092849660000, "FACILITYNUM": "L02", "FACILITYNAME": "TRABUCO CREEK CHANNEL"}}, {"type": "Feature", "id": 5060, "geometry": {"type": "LineString", "coordinates": [[-117.64005774841104, 33.542073095062136], [-117.6400218753591, 33.54158980085259], [-117.64002427398056, 33.54151002738568], [-117.64003263619585, 33.54143053630079], [-117.64004692928779, 33.54135164085662], [-117.64006709676791, 33.54127364916625], [-117.64009306061605, 33.541196869582166]]}, "properties": {"Base": 114, "Height": 114, "OBJECTID": 5060, "FacilityID": 259, "FacilitySystem": "Subregional", "FacilityType": "Underground Conduit", "Ownership": "COUNTY", "OwnerType": "2", "Watershed": "L", "ReachNum": "L05P01-06", "ReachDesc": "Covenant Hills Drive", "StaDS": "73+90", "StaUS": "77+00", "Length": 310, "FacilityDesc": "RCP", "Material": "Concrete", "FeaNote": null, "DwgID": 1891, "DrawingNum": "L05P01-713-3", "DwgNum": "L05P01-713-3", "Mslink": 1891, "Us_Sttn": "872974", "Us_Strt": "O\u00b4NEILL DR.", "Ds_Sttn": "549299", "Ds_Strt": "L05", "City": "SEE BELOW", "Type": "CONSTRUCTION", "Agency": "PDSD", "Firm": "HALL & FOREMAN, INC.", "Tract": "15987", "Dwg_Month": "08", "Dwg_Year": "2001", "As_Blt_Month": "", "As_Blt_Year": "", "ROW": "/", "Agreement": "/", "Agr_Month": "", "Agr_Year": "", "MaintBy": "COUNTY OF ORANGE", "File_In": "VAULT", "File_On": "MYLAR", "Sheets": "8", "MFDate": "/", "Rack_No": "", "Info": "WITHIN SIENNA PARKWAY", "Public_Info": "WITHIN SIENNA PARKWAY", "Date_Entered": 1092849660000, "FACILITYNUM": "L05P01", "FACILITYNAME": "ACJACHEMA STORM DRAIN"}}, {"type": "Feature", "id": 5068, "geometry": {"type": "LineString", "coordinates": [[-117.63795862178513, 33.54737670005513], [-117.63799606301676, 33.54735353158239], [-117.63803743501055, 33.5473356547132], [-117.63807139408425, 33.54732132484844], [-117.6381027169036, 33.547303268730424], [-117.63813082294644, 33.54728182015458], [-117.63815519300529, 33.547257376254834], [-117.63823420835693, 33.54717697688827], [-117.6383178395002, 33.547099920951425]]}, "properties": {"Base": 120, "Height": 120, "OBJECTID": 5068, "FacilityID": 259, "FacilitySystem": "Subregional", "FacilityType": "Underground Conduit", "Ownership": "COUNTY", "OwnerType": "2", "Watershed": "L", "ReachNum": "L05P01-13", "ReachDesc": "Downstream Sellas Road", "StaDS": "106+66", "StaUS": "108+21", "Length": 155, "FacilityDesc": "RCP", "Material": "Concrete", "FeaNote": null, "DwgID": 1891, "DrawingNum": "L05P01-713-2", "DwgNum": "L05P01-713-3", "Mslink": 1891, "Us_Sttn": "872974", "Us_Strt": "O\u00b4NEILL DR.", "Ds_Sttn": "549299", "Ds_Strt": "L05", "City": "SEE BELOW", "Type": "CONSTRUCTION", "Agency": "PDSD", "Firm": "HALL & FOREMAN, INC.", "Tract": "15987", "Dwg_Month": "08", "Dwg_Year": "2001", "As_Blt_Month": "", "As_Blt_Year": "", "ROW": "/", "Agreement": "/", "Agr_Month": "", "Agr_Year": "", "MaintBy": "COUNTY OF ORANGE", "File_In": "VAULT", "File_On": "MYLAR", "Sheets": "8", "MFDate": "/", "Rack_No": "", "Info": "WITHIN SIENNA PARKWAY", "Public_Info": "WITHIN SIENNA PARKWAY", "Date_Entered": 1092849660000, "FACILITYNUM": "L05P01", "FACILITYNAME": "ACJACHEMA STORM DRAIN"}}, {"type": "Feature", "id": 2841, "geometry": {"type": "LineString", "coordinates": [[-117.6431264688634, 33.53625818638391], [-117.64345157254589, 33.53555650029062], [-117.64348813756037, 33.53548605657509], [-117.64353129923578, 33.535418281126276], [-117.64358077910997, 33.535353605369345], [-117.64363626397241, 33.53529244218182], [-117.64369739933268, 33.53523518145852], [-117.64376379585163, 33.53518218823627], [-117.64383502931223, 33.53513380089107], [-117.64391064594503, 33.53509032747182], [-117.64399016350448, 33.53505204568872], [-117.64407307444066, 33.53501919927084], [-117.64415885128183, 33.53499199790629], [-117.64424694551445, 33.53497061454965]]}, "properties": {"Base": 12, "Height": 12, "OBJECTID": 2841, "FacilityID": 720, "FacilitySystem": "Regional", "FacilityType": "Underground Conduit", "Ownership": "DISTRICT", "OwnerType": "1", "Watershed": "L", "ReachNum": "L05-05.02", "ReachDesc": "grade break to grade break", "StaDS": "42+00", "StaUS": "48+00", "Length": 600, "FacilityDesc": "RCB", "Material": "Concrete", "FeaNote": "None", "DwgID": 1915, "DrawingNum": "L05-701-2", "DwgNum": "L05-701-2", "Mslink": 1915, "Us_Sttn": "549299", "Us_Strt": "JUNCTION L05P01 & L05P04", "Ds_Sttn": "269997", "Ds_Strt": "HORNO CREEK RETARDING BASIN (L05B01)", "City": "UNINCORPORATED", "Type": "CONSTRUCTION", "Agency": "PDSD", "Firm": "HALL & FOREMAN, INC.", "Tract": "15990", "Dwg_Month": "", "Dwg_Year": "", "As_Blt_Month": "", "As_Blt_Year": "", "ROW": "EASEMENT", "Agreement": "", "Agr_Month": "", "Agr_Year": "", "MaintBy": "OCFCD", "File_In": "VAULT", "File_On": "MYLAR", "Sheets": "16", "MFDate": "", "Rack_No": "", "Info": "REGIONAL OCFCD IMPROVEMENT CONDITIONED UPON DEVELOPER (LADERA RANCH) BY TRACTS 15793 & 15990 AND PER LADERA PLANNED COMMUNITY RUNOFF MANAGEMENT PLAN.", "Public_Info": "REGIONAL OCFCD IMPROVEMENT CONDITIONED UPON DEVELOPER (LADERA RANCH) BY TRACTS 15793 & 15990 AND PER LADERA PLANNED COMMUNITY RUNOFF MANAGEMENT PLAN.", "Date_Entered": 1092849660000, "FACILITYNUM": "L05", "FACILITYNAME": "HORNO CREEK CHANNEL"}}, {"type": "Feature", "id": 5054, "geometry": {"type": "LineString", "coordinates": [[-117.63475353357339, 33.56250547176479], [-117.63484197620458, 33.562516785826695], [-117.63486417960318, 33.562518314389095], [-117.6348864081092, 33.56251708073324], [-117.63490817529706, 33.56251311100773], [-117.6349290032525, 33.562506492583], [-117.63494843545199, 33.56249737120301], [-117.6349660442301, 33.56248594639371], [-117.63498157722925, 33.56247233367587], [-117.63499451088772, 33.56245693382152], [-117.63500455771512, 33.56244009177656], [-117.6350114931961, 33.56242218424783]]}, "properties": {"Base": 42, "Height": 42, "OBJECTID": 5054, "FacilityID": 259, "FacilitySystem": "Subregional", "FacilityType": "Underground Conduit", "Ownership": "COUNTY", "OwnerType": "2", "Watershed": "L", "ReachNum": "L05P01-31", "ReachDesc": "At Second Street and Sienna Pkwy.", "StaDS": "166+89", "StaUS": "167+91", "Length": 102, "FacilityDesc": "RCP", "Material": "Concrete", "FeaNote": null, "DwgID": 1828, "DrawingNum": "L05P01-713-1", "DwgNum": "L05P01-713-1", "Mslink": 1828, "Us_Sttn": "1175125", "Us_Strt": "NORTH OF L05P11 WITHIN SIENNA PKWY.", "Ds_Sttn": "991829", "Ds_Strt": "", "City": "SEE BELOW", "Type": "CONSTRUCTION", "Agency": "PDSD", "Firm": "HUITT-ZOLLARS", "Tract": "15884", "Dwg_Month": "11", "Dwg_Year": "1999", "As_Blt_Month": "", "As_Blt_Year": "", "ROW": "", "Agreement": "NONE", "Agr_Month": "", "Agr_Year": "", "MaintBy": "COUNTY OF ORANGE", "File_In": "VAULT", "File_On": "MYLAR", "Sheets": "8", "MFDate": "", "Rack_No": "", "Info": "LADERA RANCH WITHIN TR.15884. THIS PLAN SET INCLUDE FACILITY L05P11 (STA. 10+00 TO STA. 29+00.75) WHICH IS LOCATED BETWEEN SIENNA PKWY. AND ANTONIO PKWY.", "Public_Info": "LADERA RANCH WITHIN TR.15884. THIS PLAN SET INCLUDE FACILITY L05P11 (STA. 10+00 TO STA. 29+00.75) WHICH IS LOCATED BETWEEN SIENNA PKWY. AND ANTONIO PKWY.", "Date_Entered": 1092849660000, "FACILITYNUM": "L05P01", "FACILITYNAME": "ACJACHEMA STORM DRAIN"}}, {"type": "Feature", "id": 5048, "geometry": {"type": "LineString", "coordinates": [[-117.63665060462608, 33.55552133558638], [-117.63683998498881, 33.5552981271197], [-117.63687668534857, 33.5552548708873], [-117.63689156341638, 33.555223589848396], [-117.63690161282996, 33.55519098837901], [-117.63690667274504, 33.55515758495206], [-117.63690666121065, 33.55512391519549], [-117.63690703508365, 33.55509837007005], [-117.6369123228814, 33.555073209348635], [-117.6369223842909, 33.555049091940624], [-117.63693695789779, 33.55502664654385], [-117.63695566102888, 33.55500646172746], [-117.6369780055754, 33.554989065016905], [-117.63700340749772, 33.554974911065884], [-117.63703120172846, 33.554964370669836]]}, "properties": {"Base": 78, "Height": 78, "OBJECTID": 5048, "FacilityID": 259, "FacilitySystem": "Subregional", "FacilityType": "Underground Conduit", "Ownership": "COUNTY", "OwnerType": "2", "Watershed": "L", "ReachNum": "L05P01-20", "ReachDesc": "Upstream Sellas Road roundabout", "StaDS": "137+47", "StaUS": "139+73", "Length": 226, "FacilityDesc": "RCP", "Material": "Concrete", "FeaNote": null, "DwgID": 1891, "DrawingNum": "L05P01-713-2", "DwgNum": "L05P01-713-3", "Mslink": 1891, "Us_Sttn": "872974", "Us_Strt": "O\u00b4NEILL DR.", "Ds_Sttn": "549299", "Ds_Strt": "L05", "City": "SEE BELOW", "Type": "CONSTRUCTION", "Agency": "PDSD", "Firm": "HALL & FOREMAN, INC.", "Tract": "15987", "Dwg_Month": "08", "Dwg_Year": "2001", "As_Blt_Month": "", "As_Blt_Year": "", "ROW": "/", "Agreement": "/", "Agr_Month": "", "Agr_Year": "", "MaintBy": "COUNTY OF ORANGE", "File_In": "VAULT", "File_On": "MYLAR", "Sheets": "8", "MFDate": "/", "Rack_No": "", "Info": "WITHIN SIENNA PARKWAY", "Public_Info": "WITHIN SIENNA PARKWAY", "Date_Entered": 1092849660000, "FACILITYNUM": "L05P01", "FACILITYNAME": "ACJACHEMA STORM DRAIN"}}, {"type": "Feature", "id": 1960, "geometry": {"type": "LineString", "coordinates": [[-117.66985660174646, 33.52671453175533], [-117.66987376417066, 33.52656116704974]]}, "properties": {"Base": 68.83, "Height": 12, "OBJECTID": 1960, "FacilityID": 250, "FacilitySystem": "Regional", "FacilityType": "Concrete-Lined", "Ownership": "DISTRICT", "OwnerType": "1", "Watershed": "L", "ReachNum": "L02-08", "ReachDesc": "Camino Capistrano Bridge", "StaDS": "280+55", "StaUS": "281+10", "Length": 55, "FacilityDesc": "RECT BRDG", "Material": "Concrete", "FeaNote": "None", "DwgID": 1578, "DrawingNum": "L02-701-1A", "DwgNum": "L02-701-1A", "Mslink": 1578, "Us_Sttn": "2876874", "Us_Strt": "U/S RANCHO VIEJO RD.", "Ds_Sttn": "2744000", "Ds_Strt": "D/S CAMINO CAPISTRANO", "City": "SAN JUAN CAPISTRANO", "Type": "CONSTRUCTION", "Agency": "OCFCD", "Firm": "LOWRY ENG. AND SCIENC", "Tract": "", "Dwg_Month": "10", "Dwg_Year": "1970", "As_Blt_Month": "", "As_Blt_Year": "", "ROW": "", "Agreement": "", "Agr_Month": "", "Agr_Year": "", "MaintBy": "", "File_In": "VAULT", "File_On": "LINEN", "Sheets": "35", "MFDate": "07/95", "Rack_No": "", "Info": "", "Public_Info": "", "Date_Entered": 1092849660000, "FACILITYNUM": "L02", "FACILITYNAME": "TRABUCO CREEK CHANNEL"}}, {"type": "Feature", "id": 5057, "geometry": {"type": "LineString", "coordinates": [[-117.6383958902339, 33.55189685226269], [-117.63840234817039, 33.551881111212346], [-117.63841274401287, 33.551846177503116], [-117.63841813142437, 33.55181045924181], [-117.63841843655015, 33.55177445860423], [-117.63842009074206, 33.551743040752555], [-117.63841746191382, 33.55156759875279], [-117.63840707265405, 33.55139235869454], [-117.63838893760526, 33.5512175611703], [-117.63837135318333, 33.55108367808596], [-117.63834908978507, 33.550950284494895], [-117.63832216754265, 33.55081749378617], [-117.63828027288994, 33.550641503062494], [-117.63823234867252, 33.55046659486962], [-117.63817843490452, 33.550292913028855], [-117.63811857591993, 33.550120602214406], [-117.63811005272684, 33.55009748084896], [-117.63810142228085, 33.55007438682812], [-117.6380229610933, 33.54987736812706]]}, "properties": {"Base": 96, "Height": 96, "OBJECTID": 5057, "FacilityID": 259, "FacilitySystem": "Subregional", "FacilityType": "Underground Conduit", "Ownership": "COUNTY", "OwnerType": "2", "Watershed": "L", "ReachNum": "L05P01-17", "ReachDesc": "Between Daisy Street and Dorrance Drive", "StaDS": "117+63", "StaUS": "125+09", "Length": 746, "FacilityDesc": "RCP", "Material": "Concrete", "FeaNote": null, "DwgID": 1891, "DrawingNum": "L05P01-713-2", "DwgNum": "L05P01-713-3", "Mslink": 1891, "Us_Sttn": "872974", "Us_Strt": "O\u00b4NEILL DR.", "Ds_Sttn": "549299", "Ds_Strt": "L05", "City": "SEE BELOW", "Type": "CONSTRUCTION", "Agency": "PDSD", "Firm": "HALL & FOREMAN, INC.", "Tract": "15987", "Dwg_Month": "08", "Dwg_Year": "2001", "As_Blt_Month": "", "As_Blt_Year": "", "ROW": "/", "Agreement": "/", "Agr_Month": "", "Agr_Year": "", "MaintBy": "COUNTY OF ORANGE", "File_In": "VAULT", "File_On": "MYLAR", "Sheets": "8", "MFDate": "/", "Rack_No": "", "Info": "WITHIN SIENNA PARKWAY", "Public_Info": "WITHIN SIENNA PARKWAY", "Date_Entered": 1092849660000, "FACILITYNUM": "L05P01", "FACILITYNAME": "ACJACHEMA STORM DRAIN"}}, {"type": "Feature", "id": 5071, "geometry": {"type": "LineString", "coordinates": [[-117.63578426391248, 33.55847487467174], [-117.63577112946581, 33.55845675398902], [-117.63575618978247, 33.55843964166752], [-117.63573955564144, 33.55842366361506], [-117.63572134735551, 33.55840893571448], [-117.63570170021248, 33.55839556737004], [-117.63568775448981, 33.5583857045498], [-117.6356753681674, 33.5583744763197], [-117.63566473029992, 33.55836205460661], [-117.63565600329254, 33.55834862876642], [-117.63564932288692, 33.5583344046824], [-117.63564478838377, 33.55831959946383], [-117.63564246906118, 33.55830443866929], [-117.63564240197789, 33.55828915362605], [-117.63564458763756, 33.55827397967483], [-117.63564899306166, 33.558259146216876], [-117.63565554970799, 33.55824488124544], [-117.63565613087077, 33.55824397216698]]}, "properties": {"Base": 54, "Height": 54, "OBJECTID": 5071, "FacilityID": 259, "FacilitySystem": "Subregional", "FacilityType": "Underground Conduit", "Ownership": "COUNTY", "OwnerType": "2", "Watershed": "L", "ReachNum": "L05P01-24", "ReachDesc": "Upstream Windmill Avenue", "StaDS": "150+52", "StaUS": "151+43", "Length": 91, "FacilityDesc": "RCP", "Material": "Concrete", "FeaNote": null, "DwgID": 1828, "DrawingNum": "L05P01-713-1", "DwgNum": "L05P01-713-1", "Mslink": 1828, "Us_Sttn": "1175125", "Us_Strt": "NORTH OF L05P11 WITHIN SIENNA PKWY.", "Ds_Sttn": "991829", "Ds_Strt": "", "City": "SEE BELOW", "Type": "CONSTRUCTION", "Agency": "PDSD", "Firm": "HUITT-ZOLLARS", "Tract": "15884", "Dwg_Month": "11", "Dwg_Year": "1999", "As_Blt_Month": "", "As_Blt_Year": "", "ROW": "", "Agreement": "NONE", "Agr_Month": "", "Agr_Year": "", "MaintBy": "COUNTY OF ORANGE", "File_In": "VAULT", "File_On": "MYLAR", "Sheets": "8", "MFDate": "", "Rack_No": "", "Info": "LADERA RANCH WITHIN TR.15884. THIS PLAN SET INCLUDE FACILITY L05P11 (STA. 10+00 TO STA. 29+00.75) WHICH IS LOCATED BETWEEN SIENNA PKWY. AND ANTONIO PKWY.", "Public_Info": "LADERA RANCH WITHIN TR.15884. THIS PLAN SET INCLUDE FACILITY L05P11 (STA. 10+00 TO STA. 29+00.75) WHICH IS LOCATED BETWEEN SIENNA PKWY. AND ANTONIO PKWY.", "Date_Entered": 1092849660000, "FACILITYNUM": "L05P01", "FACILITYNAME": "ACJACHEMA STORM DRAIN"}}, {"type": "Feature", "id": 1582, "geometry": {"type": "LineString", "coordinates": [[-117.66695491403073, 33.53335247769503], [-117.66687830413568, 33.532861662163725], [-117.66686078800184, 33.532698159855045], [-117.66685073716074, 33.53253421729925], [-117.666848165121, 33.53237007239751]]}, "properties": {"Base": 35, "Height": 16.5, "OBJECTID": 1582, "FacilityID": 250, "FacilitySystem": "Regional", "FacilityType": "Natural Watercourse", "Ownership": "DISTRICT", "OwnerType": "1", "Watershed": "L", "ReachNum": "L02-15", "ReachDesc": "rip rap channel section (u/s Rancho Viejo)", "StaDS": "308+25", "StaUS": "311+00", "Length": 275, "FacilityDesc": "ET", "Material": "Concrete", "FeaNote": "None", "DwgID": null, "DrawingNum": "L02-101-5M ", "DwgNum": null, "Mslink": null, "Us_Sttn": null, "Us_Strt": null, "Ds_Sttn": null, "Ds_Strt": null, "City": null, "Type": null, "Agency": null, "Firm": null, "Tract": null, "Dwg_Month": null, "Dwg_Year": null, "As_Blt_Month": null, "As_Blt_Year": null, "ROW": null, "Agreement": null, "Agr_Month": null, "Agr_Year": null, "MaintBy": null, "File_In": null, "File_On": null, "Sheets": null, "MFDate": null, "Rack_No": null, "Info": null, "Public_Info": null, "Date_Entered": null, "FACILITYNUM": "L02", "FACILITYNAME": "TRABUCO CREEK CHANNEL"}}, {"type": "Feature", "id": 3640, "geometry": {"type": "LineString", "coordinates": [[-117.66408077883167, 33.53695864893067], [-117.66408143873262, 33.53695830689812], [-117.66433586815737, 33.536813376393425], [-117.66448306321604, 33.53672952878559], [-117.66461564965608, 33.536641299626886], [-117.6647411103129, 33.53650625114349], [-117.66529258678747, 33.53589295201619], [-117.66544199294682, 33.5357643889414], [-117.66544586836325, 33.5357620761578], [-117.66564472163766, 33.53564341057311], [-117.66593779387215, 33.535516499950724], [-117.66612653870648, 33.5354026257547], [-117.6663163827328, 33.53524489540876], [-117.66646203991913, 33.53511385250652], [-117.66659332273994, 33.5349738845658], [-117.66670130741325, 33.534797928910045], [-117.6668129248799, 33.534598635907244], [-117.66689641945287, 33.53440224628664], [-117.66697228731215, 33.53417368712287], [-117.66700772734083, 33.53394966833305], [-117.66701001398445, 33.53368519344774], [-117.66696486340115, 33.53340770834805], [-117.66695491403073, 33.53335247769503]]}, "properties": {"Base": null, "Height": null, "OBJECTID": 3640, "FacilityID": 250, "FacilitySystem": "Regional", "FacilityType": "Natural Watercourse", "Ownership": "DISTRICT", "OwnerType": "1", "Watershed": "L", "ReachNum": "L02-16.01", "ReachDesc": "Natural Watercourse to City Boundary (OCFCD Esmt)", "StaDS": null, "StaUS": null, "Length": 1680, "FacilityDesc": "Natural", "Material": "Concrete", "FeaNote": "14-inch pier wall in channel", "DwgID": null, "DrawingNum": "Not Available", "DwgNum": null, "Mslink": null, "Us_Sttn": null, "Us_Strt": null, "Ds_Sttn": null, "Ds_Strt": null, "City": null, "Type": null, "Agency": null, "Firm": null, "Tract": null, "Dwg_Month": null, "Dwg_Year": null, "As_Blt_Month": null, "As_Blt_Year": null, "ROW": null, "Agreement": null, "Agr_Month": null, "Agr_Year": null, "MaintBy": null, "File_In": null, "File_On": null, "Sheets": null, "MFDate": null, "Rack_No": null, "Info": null, "Public_Info": null, "Date_Entered": null, "FACILITYNUM": "L02", "FACILITYNAME": "TRABUCO CREEK CHANNEL"}}, {"type": "Feature", "id": 5049, "geometry": {"type": "LineString", "coordinates": [[-117.63703120172846, 33.554964370669836], [-117.63710189945961, 33.55493564997919], [-117.63713313157797, 33.55492207127259], [-117.63716191925516, 33.554905123944614], [-117.63718774821814, 33.55488511219205], [-117.6372101567263, 33.55486239282767], [-117.63734341358182, 33.554700149433316], [-117.637469562882, 33.554533970660316], [-117.63758843686662, 33.55436407390845], [-117.63769988080156, 33.55419068274375], [-117.63780374755169, 33.55401402425367], [-117.63789990193082, 33.5538343317037], [-117.63798821630824, 33.55365183917587], [-117.6380685761071, 33.55346678872116], [-117.6381408742626, 33.55327942050218], [-117.63820501677766, 33.55308998355165], [-117.6382609203825, 33.55289872407643], [-117.63830851052425, 33.55270589449663], [-117.63834772451092, 33.55251174800036]]}, "properties": {"Base": 90, "Height": 90, "OBJECTID": 5049, "FacilityID": 259, "FacilitySystem": "Subregional", "FacilityType": "Underground Conduit", "Ownership": "COUNTY", "OwnerType": "2", "Watershed": "L", "ReachNum": "L05P01-19", "ReachDesc": "Upstream Daisy Street to Sellas Road", "StaDS": "127+40", "StaUS": "137+47", "Length": 1007, "FacilityDesc": "RCP", "Material": "Concrete", "FeaNote": null, "DwgID": 1891, "DrawingNum": "L05P01-713-2", "DwgNum": "L05P01-713-3", "Mslink": 1891, "Us_Sttn": "872974", "Us_Strt": "O\u00b4NEILL DR.", "Ds_Sttn": "549299", "Ds_Strt": "L05", "City": "SEE BELOW", "Type": "CONSTRUCTION", "Agency": "PDSD", "Firm": "HALL & FOREMAN, INC.", "Tract": "15987", "Dwg_Month": "08", "Dwg_Year": "2001", "As_Blt_Month": "", "As_Blt_Year": "", "ROW": "/", "Agreement": "/", "Agr_Month": "", "Agr_Year": "", "MaintBy": "COUNTY OF ORANGE", "File_In": "VAULT", "File_On": "MYLAR", "Sheets": "8", "MFDate": "/", "Rack_No": "", "Info": "WITHIN SIENNA PARKWAY", "Public_Info": "WITHIN SIENNA PARKWAY", "Date_Entered": 1092849660000, "FACILITYNUM": "L05P01", "FACILITYNAME": "ACJACHEMA STORM DRAIN"}}, {"type": "Feature", "id": 5055, "geometry": {"type": "LineString", "coordinates": [[-117.63565589622182, 33.55824425250469], [-117.63565613087077, 33.55824397216698], [-117.63567203273433, 33.5582210838523], [-117.63568520384729, 33.55819701131773], [-117.6357004076543, 33.55815620386724], [-117.63570779772195, 33.558113908074255], [-117.6357059077685, 33.55801846505031]]}, "properties": {"Base": 54, "Height": 54, "OBJECTID": 5055, "FacilityID": 259, "FacilitySystem": "Subregional", "FacilityType": "Underground Conduit", "Ownership": "COUNTY", "OwnerType": "2", "Watershed": "L", "ReachNum": "L05P01-23", "ReachDesc": "Downstream Windmill Avenue", "StaDS": "149+57", "StaUS": "150+52", "Length": 95, "FacilityDesc": "RCP", "Material": "Concrete", "FeaNote": "", "DwgID": 1828, "DrawingNum": "L05P01-713-1", "DwgNum": "L05P01-713-1", "Mslink": 1828, "Us_Sttn": "1175125", "Us_Strt": "NORTH OF L05P11 WITHIN SIENNA PKWY.", "Ds_Sttn": "991829", "Ds_Strt": "", "City": "SEE BELOW", "Type": "CONSTRUCTION", "Agency": "PDSD", "Firm": "HUITT-ZOLLARS", "Tract": "15884", "Dwg_Month": "11", "Dwg_Year": "1999", "As_Blt_Month": "", "As_Blt_Year": "", "ROW": "", "Agreement": "NONE", "Agr_Month": "", "Agr_Year": "", "MaintBy": "COUNTY OF ORANGE", "File_In": "VAULT", "File_On": "MYLAR", "Sheets": "8", "MFDate": "", "Rack_No": "", "Info": "LADERA RANCH WITHIN TR.15884. THIS PLAN SET INCLUDE FACILITY L05P11 (STA. 10+00 TO STA. 29+00.75) WHICH IS LOCATED BETWEEN SIENNA PKWY. AND ANTONIO PKWY.", "Public_Info": "LADERA RANCH WITHIN TR.15884. THIS PLAN SET INCLUDE FACILITY L05P11 (STA. 10+00 TO STA. 29+00.75) WHICH IS LOCATED BETWEEN SIENNA PKWY. AND ANTONIO PKWY.", "Date_Entered": 1092849660000, "FACILITYNUM": "L05P01", "FACILITYNAME": "ACJACHEMA STORM DRAIN"}}, {"type": "Feature", "id": 2842, "geometry": {"type": "LineString", "coordinates": [[-117.64252225442618, 33.53676156936375], [-117.64260283201097, 33.53673250209782], [-117.64268022993433, 33.53669790315701], [-117.6427539093641, 33.536658014824475], [-117.64282335573087, 33.53661311518137], [-117.64288808518775, 33.536563518034264], [-117.64294764347638, 33.5365095693214], [-117.64300161774042, 33.536451645176086], [-117.64304962896082, 33.53639015020815], [-117.64309134266396, 33.5363255137767], [-117.6431264688634, 33.53625818638391]]}, "properties": {"Base": 12, "Height": 12, "OBJECTID": 2842, "FacilityID": 720, "FacilitySystem": "Regional", "FacilityType": "Underground Conduit", "Ownership": "DISTRICT", "OwnerType": "1", "Watershed": "L", "ReachNum": "L05-05.03", "ReachDesc": "grade break to d/s transition", "StaDS": "50+47", "StaUS": "52+82", "Length": 235, "FacilityDesc": "RCB", "Material": "Concrete", "FeaNote": "None", "DwgID": 1915, "DrawingNum": "L05-701-2", "DwgNum": "L05-701-2", "Mslink": 1915, "Us_Sttn": "549299", "Us_Strt": "JUNCTION L05P01 & L05P04", "Ds_Sttn": "269997", "Ds_Strt": "HORNO CREEK RETARDING BASIN (L05B01)", "City": "UNINCORPORATED", "Type": "CONSTRUCTION", "Agency": "PDSD", "Firm": "HALL & FOREMAN, INC.", "Tract": "15990", "Dwg_Month": "", "Dwg_Year": "", "As_Blt_Month": "", "As_Blt_Year": "", "ROW": "EASEMENT", "Agreement": "", "Agr_Month": "", "Agr_Year": "", "MaintBy": "OCFCD", "File_In": "VAULT", "File_On": "MYLAR", "Sheets": "16", "MFDate": "", "Rack_No": "", "Info": "REGIONAL OCFCD IMPROVEMENT CONDITIONED UPON DEVELOPER (LADERA RANCH) BY TRACTS 15793 & 15990 AND PER LADERA PLANNED COMMUNITY RUNOFF MANAGEMENT PLAN.", "Public_Info": "REGIONAL OCFCD IMPROVEMENT CONDITIONED UPON DEVELOPER (LADERA RANCH) BY TRACTS 15793 & 15990 AND PER LADERA PLANNED COMMUNITY RUNOFF MANAGEMENT PLAN.", "Date_Entered": 1092849660000, "FACILITYNUM": "L05", "FACILITYNAME": "HORNO CREEK CHANNEL"}}, {"type": "Feature", "id": 3641, "geometry": {"type": "LineString", "coordinates": [[-117.65220209849232, 33.56213931020326], [-117.65219593428128, 33.5620841236465], [-117.65219458680542, 33.56201224628307], [-117.6522012122241, 33.56185846417982], [-117.65220133503063, 33.561791486388046], [-117.65219779080992, 33.561722789743484], [-117.65219156778093, 33.561647580442276], [-117.6521683610039, 33.561448163169146], [-117.65214104934768, 33.56125134214062], [-117.65211250180813, 33.56109223196124], [-117.65209470296888, 33.561004033975685], [-117.65208105947448, 33.56095244738032], [-117.65206411377837, 33.56089516397766], [-117.65205400050819, 33.56086668546853], [-117.65204147222224, 33.560840604746886], [-117.65202686098635, 33.56081915521983], [-117.6520140133727, 33.560805714675055], [-117.65199724898869, 33.560792237069734], [-117.65192950298658, 33.56074937403014], [-117.65190462741367, 33.560730738860784], [-117.65187171916227, 33.56070050161756], [-117.65184058284146, 33.56066873134772], [-117.65181172216096, 33.56063594267002], [-117.65178552226394, 33.560602577598004], [-117.65176236824335, 33.56056914216734], [-117.65174241255352, 33.56053587451889], [-117.65172582680907, 33.56050306577876], [-117.65171272997955, 33.56047094815251], [-117.65170115287272, 33.56042977556477], [-117.65169463566399, 33.56038524305442], [-117.65169316373023, 33.56033724528636], [-117.65169672626777, 33.56028557949708], [-117.65170521226028, 33.560230643688584], [-117.6517187330654, 33.56017119044076], [-117.65173743284686, 33.56010640568691], [-117.65176261537324, 33.560031763485604], [-117.65177515212896, 33.56000077391314], [-117.65179164813578, 33.559967305150806], [-117.65187388507879, 33.55982755551227], [-117.65188078133566, 33.55981440756971], [-117.65190074338116, 33.559737830416246], [-117.65192918983008, 33.55964613342402], [-117.65196572984993, 33.55956561399815], [-117.65197670299867, 33.55951050859047], [-117.65198633714925, 33.55947081227852], [-117.65201009774492, 33.55939872794543], [-117.65204732418235, 33.559306841897694], [-117.65209815983226, 33.559183968575354], [-117.6522166142594, 33.55885120523519], [-117.65226190889025, 33.55873146635171], [-117.65233217079242, 33.558557673603005], [-117.65239273072699, 33.558413723115294], [-117.65245042149064, 33.55828339460583], [-117.65250671539921, 33.558163469518966], [-117.65256393178517, 33.55804921840493], [-117.65262167566351, 33.55794166374499], [-117.65268049494627, 33.557839781334344], [-117.65274074394429, 33.557742965738846], [-117.6528432656242, 33.55757443413387], [-117.65288897873299, 33.55750555584477], [-117.65291543373093, 33.55747038950014], [-117.65294185860515, 33.557438979120406], [-117.65296875020553, 33.557410742913945], [-117.65299637436775, 33.557385401059825], [-117.65301789180748, 33.55736836604496], [-117.65304182108149, 33.55735195939755], [-117.65309797540598, 33.55732032493413], [-117.65316263789623, 33.55729082180631], [-117.65328566409212, 33.557241512207135], [-117.6532989164335, 33.55723620056551], [-117.65335543901618, 33.55721173946392], [-117.65341166056116, 33.5571832267282], [-117.6534581014949, 33.55715396306067], [-117.65351691164152, 33.55711075204471], [-117.65357068284221, 33.55706830563862], [-117.65358104877873, 33.55705944579908], [-117.65361974062462, 33.55702637220892], [-117.65366420713404, 33.55698484488421], [-117.65370422120763, 33.55694358324071], [-117.6537397572985, 33.55690260560504], [-117.65377084291758, 33.556861881012836], [-117.65379748962617, 33.5568213913028], [-117.65381808269345, 33.55678138551941], [-117.65383515584199, 33.556735002826656], [-117.65384906247282, 33.55668272075626], [-117.65387187894018, 33.55657336984194], [-117.6538831140483, 33.55652715034004], [-117.65389826386978, 33.55647984792995], [-117.65391617382687, 33.556439095098334], [-117.65394378313759, 33.55639090198822], [-117.65397929534515, 33.55633888487678], [-117.6540162122613, 33.55629050475429], [-117.65410699092314, 33.55617723782391], [-117.65414929471551, 33.55611981044996], [-117.65419310095355, 33.55605355097491], [-117.65423821515539, 33.555979827684446], [-117.65434765474716, 33.55578437993024], [-117.654425690951, 33.555642756009], [-117.65448498349835, 33.55554173115451], [-117.65454248372397, 33.555452415387734], [-117.65459952678748, 33.55537318138948], [-117.6546579430616, 33.555300315098506], [-117.65472268920864, 33.555226208753375], [-117.65479445790058, 33.55515007094113], [-117.65487469434048, 33.555070356941336], [-117.6550275142884, 33.55492862828704], [-117.65537893689263, 33.554617314652575], [-117.65545753272485, 33.5545447314853], [-117.6555272725846, 33.554477709901526], [-117.65573481415957, 33.5542626358918], [-117.65579094542431, 33.554209489146594], [-117.65584399820537, 33.55416434106178], [-117.65593360370038, 33.55409720767265], [-117.65603478100253, 33.5540299985611], [-117.65614915765424, 33.55396159342624], [-117.65628256502107, 33.553888490848145], [-117.65633578803745, 33.553862025928375], [-117.65639694583066, 33.553834805904025], [-117.6566600421178, 33.55372824982666], [-117.65671699116551, 33.553701980702414], [-117.6567671976201, 33.55367600052854], [-117.65683333313932, 33.55363796931409], [-117.65690004948443, 33.55359642113043], [-117.65696763136937, 33.5535511805322], [-117.65703652841542, 33.5535019466752], [-117.65710660505123, 33.553448861756316], [-117.65717950477499, 33.55339072685775], [-117.65734140628311, 33.55325312074227], [-117.65747869593591, 33.55313037330675], [-117.65757897781995, 33.553033889867244], [-117.65766337847609, 33.55294334151152], [-117.65770006970097, 33.55289967963616], [-117.65773347128119, 33.55285665007], [-117.65777342862013, 33.5527996176057], [-117.65781424840533, 33.552734696201256], [-117.65785553935065, 33.55266320046957], [-117.65792102826323, 33.55254395499071], [-117.65795632376931, 33.552476474711916], [-117.65799214036552, 33.55240130953376], [-117.65813887653772, 33.55205841645933], [-117.65817626558056, 33.55197766985987], [-117.65821248854618, 33.55190628991391], [-117.6582517791248, 33.55183561015979], [-117.65829764405736, 33.55175863421016], [-117.6584973343826, 33.551445506950046], [-117.65858021007357, 33.551306388997126], [-117.65870604773832, 33.55107897241457], [-117.65874748831058, 33.55099788942739], [-117.6587824290577, 33.55092365273779], [-117.65881922448817, 33.55083395048954], [-117.65886024443813, 33.550718010136436], [-117.65890599672284, 33.55058367805474], [-117.65893873370158, 33.55049662583291], [-117.65897667421831, 33.55040836503413], [-117.6590738414074, 33.550197672805176], [-117.65911796798737, 33.55008855833363], [-117.65914425559289, 33.55001249247908], [-117.65916989053852, 33.549931156268016], [-117.65922171013209, 33.54974450552016], [-117.65925151801106, 33.54961994165045], [-117.65927899972426, 33.54948550867986], [-117.65930483950017, 33.54933809516288], [-117.65933126276406, 33.54916505911851], [-117.65935075597997, 33.54901877151661], [-117.65936702863338, 33.54887225074594], [-117.6593738648653, 33.548786334627614], [-117.6593780830068, 33.54869073937725], [-117.6593816580557, 33.5483486595263], [-117.65938649226776, 33.54821111402268], [-117.65939173724753, 33.54813843504216], [-117.65939892742811, 33.54807057895673], [-117.65941015297645, 33.54799946889084], [-117.65944600055508, 33.54781595546204], [-117.65945335899644, 33.54776232742804], [-117.65945541011676, 33.54773509045048], [-117.65945699381193, 33.54771405354618], [-117.65945671662942, 33.5476359870965], [-117.65944984397234, 33.54755061476557], [-117.65943705669753, 33.547460285928445], [-117.659436457505, 33.54745605645352], [-117.6594133393744, 33.547329558634], [-117.65939245186667, 33.54721822224498], [-117.65936528123123, 33.547085035371495], [-117.65930048869188, 33.54681623885679], [-117.65927541645505, 33.54670168649545], [-117.65927416693329, 33.546695394943306], [-117.65923162170675, 33.54646018794608], [-117.65917902733014, 33.54612524591549], [-117.65915842377592, 33.54596581686796], [-117.65913854501648, 33.545811990984376], [-117.65912717092985, 33.54573906002094], [-117.65911483648628, 33.54567394697602], [-117.65908566659941, 33.54554693954403], [-117.65908319023012, 33.54553615780413], [-117.65904596530216, 33.545399132385725], [-117.65902440474665, 33.5452785302714], [-117.65900615612617, 33.545157626469226], [-117.65898665488307, 33.5450188900827], [-117.65897782554725, 33.5449398806886], [-117.6589739402276, 33.544880963278416], [-117.65897325912769, 33.54482701773645], [-117.65897659804655, 33.54471636289509], [-117.65898388604481, 33.54463574910389], [-117.65899697078156, 33.544564745121704], [-117.65900584976832, 33.54453260308061], [-117.65901637057048, 33.544502372130516], [-117.65903675810631, 33.54445903309348], [-117.65906574349741, 33.5444125742009], [-117.65909774231532, 33.544369210150776], [-117.65918065293683, 33.54426462049279], [-117.65921924900368, 33.54420868215858], [-117.65929956723242, 33.54408360591834], [-117.65931892354128, 33.54404557608076], [-117.65933169503187, 33.544010890395356], [-117.65933903343465, 33.54397798307316], [-117.65934265512583, 33.54394284369313], [-117.65934258778147, 33.54390525192365], [-117.65933883207347, 33.543864782147296], [-117.65933178420839, 33.54382303042456], [-117.6593211220975, 33.543776787587106], [-117.6592833686574, 33.54364855809788], [-117.65926741009228, 33.543606415792404], [-117.65922182284284, 33.54350801173517], [-117.65921231257578, 33.54348195338333], [-117.65920595064276, 33.54345814073857], [-117.65919929509278, 33.5434116676895], [-117.65919820589913, 33.54336086742475], [-117.65920107023568, 33.54331856707293], [-117.65920723057174, 33.54327145032161], [-117.65923387300455, 33.54313357487649], [-117.65925365657367, 33.54305451393008], [-117.65928333231372, 33.5429674708342], [-117.65931367502712, 33.54289219749211], [-117.65941260777838, 33.54266190108242], [-117.6595093874209, 33.54240372444382], [-117.65954660120491, 33.54230945524046], [-117.65959116687144, 33.54220841115389], [-117.659636393096, 33.5421200070407], [-117.65967007294259, 33.54206204663177], [-117.65970756932732, 33.54200290503439], [-117.65978079746111, 33.54189865264999], [-117.65978238798223, 33.54189638846533], [-117.65987235134088, 33.5417810303511], [-117.65997141463372, 33.541662935200655], [-117.66016299405503, 33.541442921650315], [-117.66022715616901, 33.54137057970816], [-117.66030024803575, 33.541291959823894], [-117.66059669996739, 33.5409875652407], [-117.66072064951688, 33.540854727569474], [-117.6607521153935, 33.54082169553245], [-117.66079005282543, 33.54078552792688], [-117.66095998360491, 33.54063509226202], [-117.6609953073701, 33.540600385234505], [-117.66102493411437, 33.540568101652454], [-117.66105857952022, 33.540525093487034], [-117.66108405801802, 33.54048339519017], [-117.66110187413724, 33.54044217597811], [-117.66111220816649, 33.54040099737996], [-117.66111493710763, 33.54035991038619], [-117.66111024862464, 33.54027276300752], [-117.66111094889635, 33.54023560884916], [-117.66111168995212, 33.5402304254976], [-117.66112023739215, 33.54017071702814], [-117.66114747805338, 33.54004458272043], [-117.66116815777337, 33.539921451542845], [-117.6611840462208, 33.53985991052741], [-117.66120098233218, 33.53981029185651], [-117.66121399296011, 33.53977782775448], [-117.66122819671334, 33.53974969640214], [-117.66124379682631, 33.53972601362035], [-117.66126755533786, 33.53970056837998], [-117.66129995172909, 33.53967584488132], [-117.66133442946324, 33.539654846217516], [-117.66141837778783, 33.53960876003425], [-117.66145541885604, 33.53958493515101], [-117.66154288524898, 33.53952594690756], [-117.66157455716005, 33.53950297637093], [-117.66160553945622, 33.53947644825586], [-117.66162910422135, 33.539450419023765], [-117.66164358134986, 33.53942848472626], [-117.66165626955518, 33.53940226591338], [-117.66168860862818, 33.53930721534506], [-117.66170371383397, 33.53927191678364], [-117.6617356865125, 33.539215878632746], [-117.6617766884605, 33.53915540443451], [-117.66194426160052, 33.53893984949774], [-117.66209679205768, 33.53874385365314], [-117.66213285583588, 33.53869292680962], [-117.66216230387127, 33.53864606509255], [-117.66219491037384, 33.53858550742788], [-117.66225209518763, 33.538467481344846], [-117.6622673700489, 33.53843637015809], [-117.66238674015678, 33.538193224152806], [-117.6624573600196, 33.53804168921758], [-117.66248110816025, 33.53800234116613], [-117.66250657637254, 33.537969944771746], [-117.66253799269654, 33.537940012007375], [-117.66257748169718, 33.53791075139735], [-117.66262567730922, 33.537881413627545], [-117.66269519236832, 33.53784431450884], [-117.66275328367736, 33.53781365880608], [-117.66279385229834, 33.537790304747595], [-117.66292590494449, 33.53771153801201], [-117.663237221178, 33.537532287768016], [-117.6633761575869, 33.53745004202438], [-117.66359540603996, 33.53731527896746], [-117.66371323018242, 33.537241183316674], [-117.66377687741222, 33.53720617276059], [-117.66394250204758, 33.537030340602314], [-117.66408077883167, 33.53695864893067]]}, "properties": {"Base": null, "Height": null, "OBJECTID": 3641, "FacilityID": 250, "FacilitySystem": "Regional", "FacilityType": "Natural Watercourse", "Ownership": "LOCAL", "OwnerType": "2", "Watershed": "L", "ReachNum": "L02-16.02", "ReachDesc": "City Boundary to d/s Crown Valley Parkway", "StaDS": null, "StaUS": null, "Length": 10320, "FacilityDesc": "Natural", "Material": "Concrete", "FeaNote": "14-inch pier wall in channel", "DwgID": null, "DrawingNum": "Not Available", "DwgNum": null, "Mslink": null, "Us_Sttn": null, "Us_Strt": null, "Ds_Sttn": null, "Ds_Strt": null, "City": null, "Type": null, "Agency": null, "Firm": null, "Tract": null, "Dwg_Month": null, "Dwg_Year": null, "As_Blt_Month": null, "As_Blt_Year": null, "ROW": null, "Agreement": null, "Agr_Month": null, "Agr_Year": null, "MaintBy": null, "File_In": null, "File_On": null, "Sheets": null, "MFDate": null, "Rack_No": null, "Info": null, "Public_Info": null, "Date_Entered": null, "FACILITYNUM": "L02", "FACILITYNAME": "TRABUCO CREEK CHANNEL"}}, {"type": "Feature", "id": 3380, "geometry": {"type": "LineString", "coordinates": [[-117.64695984189173, 33.52850582860635], [-117.64712107778038, 33.52822427843132], [-117.647141118618, 33.52820240868222], [-117.64716096038342, 33.52818424722307], [-117.6472021938509, 33.528152540825246], [-117.64723653695864, 33.528132961402754], [-117.6472511948017, 33.52812752904816], [-117.64726840536645, 33.528123373726494], [-117.64734241314409, 33.52811407048339], [-117.64737305146039, 33.52810680408293], [-117.64739900536071, 33.52809490222925], [-117.64745629106592, 33.528060337451436], [-117.64747176533449, 33.52805344684526], [-117.64748655774343, 33.52804895705023], [-117.64752046940433, 33.52804500915759], [-117.64753207430932, 33.52804236488822], [-117.64754718346153, 33.52803580298982], [-117.64756184322077, 33.528026658205114], [-117.64757483303185, 33.52801569356449], [-117.64758495135057, 33.52800391805421], [-117.64759375241235, 33.527983769554325], [-117.64759972069709, 33.527946595966085], [-117.64760446473352, 33.52791150195699], [-117.64760585781774, 33.5278820326113], [-117.64760401520873, 33.52785570240301], [-117.64759886777925, 33.527832093711076], [-117.64758961842281, 33.52780802069864], [-117.64757570612495, 33.5277813255407], [-117.64755391607048, 33.52775093521438], [-117.6475067317319, 33.52769898856319], [-117.64745662986418, 33.52764853001824], [-117.64743780668655, 33.527623023432476], [-117.64742361230614, 33.52758878855529], [-117.6474144554834, 33.52754681178732], [-117.64741351586501, 33.52753007833889], [-117.64741524258476, 33.52749259168292], [-117.64741393424113, 33.52747683532687], [-117.64739835924856, 33.52742602614142], [-117.64738912436805, 33.52738515755603], [-117.64738255857851, 33.52734341950919], [-117.64737269728913, 33.52728002402697], [-117.64737035735887, 33.5272493882826], [-117.64737297799583, 33.527220800562155], [-117.64738146950634, 33.527197120814535], [-117.64739526673924, 33.52718010381341], [-117.64743710993328, 33.52714475385227], [-117.64744461289654, 33.52713566236666], [-117.6474493038908, 33.527126786397794], [-117.6474522685115, 33.52711525441209], [-117.64745315977558, 33.52710165281448], [-117.64744873474113, 33.52705045425968], [-117.64744018897025, 33.526923274526055], [-117.64743854458753, 33.52686869216702], [-117.64743952507187, 33.526834226521416], [-117.64744164936903, 33.52679716371181], [-117.64744669592729, 33.52677693653314], [-117.64745330420409, 33.526765626944766], [-117.64745619391915, 33.526762466445696], [-117.64746372562465, 33.52675423126711], [-117.647507618857, 33.52672011435554], [-117.64752211864179, 33.52670657098309], [-117.64755343205782, 33.52667182611571], [-117.64756726670646, 33.5266490818618], [-117.64757238546093, 33.52663067714], [-117.64757398602227, 33.52660953011659], [-117.64757204656388, 33.52658582408556], [-117.64756660268056, 33.52656003385243], [-117.64755770646485, 33.52653709573755], [-117.64753574926404, 33.526496578282355], [-117.64748296386567, 33.52641348243179], [-117.64747303220324, 33.52639405730543], [-117.64746649249894, 33.52637608013108], [-117.64746023049031, 33.52633912679154], [-117.6474581354139, 33.526274344743044], [-117.64745893327768, 33.526210641133986], [-117.64745747256414, 33.52618529581215], [-117.64744869788336, 33.526137386851154], [-117.64743398000927, 33.526090002679496], [-117.64742313975489, 33.52599153052346], [-117.64741731506004, 33.525892894756815], [-117.64741556742105, 33.52583165616026], [-117.64741655628056, 33.52579112094867], [-117.64742052221912, 33.525757461280435], [-117.64742843325494, 33.525720459741756], [-117.64746989817719, 33.52558583483475], [-117.64748296886522, 33.525529961920626], [-117.64748809407632, 33.525488081795196], [-117.64749523245901, 33.525385246366845], [-117.64750428062828, 33.52533265577422], [-117.64751525340436, 33.525296321389725], [-117.64753079368586, 33.52525638566126], [-117.64759385248705, 33.5251222666899], [-117.64767943043992, 33.52493486208257], [-117.64771169095815, 33.524871890853554], [-117.64774347081465, 33.52481615589089], [-117.64777497091237, 33.52476722662317], [-117.6478130916121, 33.524713892952114], [-117.64797657991164, 33.52450323528089], [-117.64810806126653, 33.52430974129146], [-117.64814419759284, 33.52426253984079], [-117.64817954499256, 33.5242222805532], [-117.64822911849512, 33.52417455032764], [-117.64828954491982, 33.524124718898854], [-117.64834310624045, 33.52408479960203], [-117.64852691132396, 33.52395329661681], [-117.64867226678602, 33.52384757719822], [-117.64870793162125, 33.52381949910893], [-117.64873837258318, 33.52379315690453], [-117.6487974324343, 33.52373507001134], [-117.648866474468, 33.52365890687349], [-117.64888610071313, 33.52363147785984], [-117.64891589065769, 33.523589840759854], [-117.64896830468632, 33.523522496579766], [-117.64905115848485, 33.5234213628087], [-117.64908161496987, 33.52338948649306], [-117.64911142234256, 33.52336272299679], [-117.64914883944786, 33.523333228317064], [-117.64918305850395, 33.523309075285724], [-117.64921578717065, 33.52328906526253], [-117.64924745425135, 33.523272949062815], [-117.64928589416161, 33.523258444738495], [-117.64933152118921, 33.52324681634439], [-117.64937434423807, 33.52323911938899], [-117.6494976976276, 33.52322074693395], [-117.64964276679302, 33.523197462889485], [-117.64991496582003, 33.52316131522015], [-117.64998954871282, 33.523152236518456], [-117.65016875850118, 33.52313472481783], [-117.6502495125701, 33.523125255532854], [-117.65033397633978, 33.52311174443783], [-117.65040812683665, 33.5230951094353], [-117.6504660430942, 33.52307865793609], [-117.65052773580909, 33.52305870312299], [-117.65067326718633, 33.52300466585644], [-117.65077124010071, 33.522967748021486], [-117.65081561907586, 33.52294954606577], [-117.65085778173473, 33.522929154413994], [-117.65089279694553, 33.52290809475894], [-117.65092012498677, 33.522888291137136], [-117.65094675489897, 33.52286644395543], [-117.65097236369476, 33.52284282105291], [-117.65099660444058, 33.522817741034984], [-117.65101915092993, 33.52279153940645], [-117.65103967976094, 33.522764592218124], [-117.6510579062394, 33.52273727238023], [-117.65107358747748, 33.52270994151187], [-117.65109023327413, 33.52267475663181], [-117.65110366630269, 33.52263848436933], [-117.65111388656652, 33.52260112472557], [-117.65112089516026, 33.52256267859061], [-117.65112469208789, 33.522523145965074], [-117.65112527946306, 33.52248252412028], [-117.6511226530569, 33.52244081761254], [-117.65111681387823, 33.52239802192155], [-117.65108967024858, 33.52171073407822], [-117.65137720449135, 33.52116830519934], [-117.65172307059908, 33.52071110837866], [-117.65225598522393, 33.51935775371075], [-117.65251714716942, 33.51873935046522], [-117.65294624248338, 33.51823455609272], [-117.65299843831049, 33.51817861387544], [-117.65304410833075, 33.51811953416804], [-117.65306540567373, 33.51808692324854], [-117.65308592789117, 33.518051095609216], [-117.65312649304933, 33.51796643119313], [-117.65315990157202, 33.517881913263494], [-117.65317078163301, 33.51784651170824], [-117.65317850060522, 33.51781349747352], [-117.653182765104, 33.51778444286068], [-117.65318497303363, 33.51775167830945], [-117.65318475961007, 33.51763534977672], [-117.65318579068625, 33.51747219079216], [-117.65318232033964, 33.51731094459989], [-117.6531752105467, 33.517161037085316], [-117.65316497642392, 33.51702477896204], [-117.65315032427691, 33.51692041129029], [-117.65314864640744, 33.516872196275045], [-117.65315169894066, 33.51684349075943], [-117.65315788556978, 33.51681165881482], [-117.65318542515477, 33.51671297966644], [-117.65320024045236, 33.51666382217239], [-117.65321899190006, 33.516609466066804], [-117.65328958320181, 33.51642617371], [-117.65331847659299, 33.51635334330981], [-117.65332129487975, 33.516346241143985], [-117.65341449465994, 33.51612430304377], [-117.65343330512079, 33.51607423752004], [-117.65344042938621, 33.51605527696367], [-117.65346098951288, 33.515992708285154], [-117.65347078561382, 33.515955324301316], [-117.65349326454323, 33.515852529860005], [-117.6535023354571, 33.5158220035199], [-117.65351266069787, 33.515795241244874], [-117.65352754723258, 33.51576467096633], [-117.65354657647133, 33.515731509315266], [-117.6536101895991, 33.515635692897625], [-117.65367430895886, 33.515546667004536], [-117.65377563219336, 33.51541854397617], [-117.65387902732071, 33.51529282762713], [-117.65398638406889, 33.51516934695082], [-117.65400251280896, 33.5151513109445], [-117.65467989543235, 33.514435551133715], [-117.65488079721702, 33.51426279705386], [-117.65489847533796, 33.514245806564944], [-117.6549459025434, 33.514216533371815], [-117.65499126545808, 33.51418594891463], [-117.65503456195871, 33.514154055023155], [-117.65507579309276, 33.51412084988422], [-117.65511495993718, 33.51408633348763], [-117.6551520603689, 33.51405050766274], [-117.65518709649798, 33.51401336968249], [-117.65522006726363, 33.51397492046215], [-117.65524931537291, 33.51393739785086], [-117.65527672002183, 33.51389870667524], [-117.6553022822591, 33.51385884512123], [-117.65532600208611, 33.513817813189945], [-117.65533401705135, 33.51379630861546], [-117.65540753816201, 33.5135990276513], [-117.65588056682225, 33.51285913145466], [-117.65598403054045, 33.512752627230185], [-117.6560695045485, 33.51261599313118], [-117.6560819888924, 33.51259603856488], [-117.65613451056838, 33.512534191257416], [-117.65625728355622, 33.512401505368125], [-117.6562847907367, 33.512368838093295], [-117.65630738119076, 33.512338545594304], [-117.65633096517057, 33.51230169987352], [-117.65635445374151, 33.51225919782359], [-117.65642868307829, 33.512104514502454], [-117.65660538328365, 33.51173702996758], [-117.65673947494865, 33.511479939421996], [-117.65677033937618, 33.511412404170045], [-117.65679390624634, 33.51135086668966], [-117.65681550110928, 33.51128291860887], [-117.65683409420372, 33.511214398495795], [-117.65684959107985, 33.511145657287656], [-117.65686191634158, 33.51107702586811], [-117.65686489414104, 33.51102579333217], [-117.65686742437491, 33.5110138015849], [-117.65687162098168, 33.51100395062569], [-117.656880725822, 33.51099247428691], [-117.65689479184014, 33.510981590205205], [-117.65695059324361, 33.510952635429305], [-117.65696801000692, 33.51094187216424], [-117.65706539925256, 33.51086117347894], [-117.65712491139085, 33.51082068332168], [-117.65721736603449, 33.5107649088965], [-117.65728132319691, 33.51073006368158], [-117.6573081317483, 33.51071288302066], [-117.6573372529851, 33.51068798451312], [-117.65736541034012, 33.510656645075485], [-117.65739112027171, 33.51062185806896], [-117.6574390830939, 33.510549912828324], [-117.65748340498868, 33.51048228831493], [-117.65751787916494, 33.51042158495809], [-117.65753532342433, 33.51038441887189], [-117.6575518272786, 33.51034193514123], [-117.65760714417074, 33.5101710174802], [-117.65769034903593, 33.50997091482256], [-117.65770757441769, 33.50991944445538], [-117.65771883668454, 33.50987260244348], [-117.65772806197133, 33.5098167220614], [-117.65773175866299, 33.50977326051253], [-117.65773155635412, 33.5097361325775], [-117.65772860939886, 33.50969861909045], [-117.65772295920003, 33.50966121823537], [-117.65771467965016, 33.509624440452775], [-117.65770303912419, 33.509591111899894], [-117.65766734044041, 33.50951597206599], [-117.6576543447723, 33.50948157766991], [-117.65763628677605, 33.50941392819492], [-117.65763214950597, 33.50938837959554], [-117.65763067442525, 33.50936524725972], [-117.65763281396275, 33.50933763937129], [-117.65763974851147, 33.50930693123236], [-117.65767952576606, 33.5091950771356], [-117.65772200665953, 33.50905515969205], [-117.657752995536, 33.50896559365333], [-117.65779032694783, 33.50887671691595], [-117.6578807676989, 33.50868427620262], [-117.657995012817, 33.50842211994155], [-117.65801047650973, 33.50840368872159], [-117.65829913516556, 33.50805965810492], [-117.65831460086783, 33.508041225919875], [-117.65834513389227, 33.50797351540888], [-117.65837196554416, 33.50790489726001], [-117.65840327045231, 33.50780736072747], [-117.65842744687184, 33.50770772539055], [-117.65843371692995, 33.50766987855788], [-117.65844398554324, 33.507585156396914], [-117.65845045788885, 33.507548907831215], [-117.65846251783461, 33.50749937677251], [-117.65847678329757, 33.50745044564601], [-117.65849318802854, 33.507402345140115], [-117.658511661125, 33.50735528435436], [-117.65853088629201, 33.50730827096046], [-117.65854529303614, 33.507282321339545], [-117.65855950269128, 33.5072647085729], [-117.65857843528, 33.50724667715312], [-117.65865284113012, 33.5071898731832], [-117.65872080903345, 33.507137011332006], [-117.65882848413037, 33.50706126780226], [-117.65890633140047, 33.506996421024226], [-117.65893723261809, 33.50697547404307], [-117.65897346088194, 33.50695405916727], [-117.65909213235861, 33.506892817760345], [-117.65916702395268, 33.50685508482645], [-117.65924308471673, 33.506818969824764], [-117.65932031564243, 33.50678446733168], [-117.65939871571474, 33.50675158096344], [-117.65941667805475, 33.50673480838349], [-117.66000117854958, 33.50618896620777], [-117.66001913956751, 33.50617219264946], [-117.66005534590948, 33.50605591369215], [-117.66009429280031, 33.50594031242385], [-117.66011679157552, 33.50588065737666], [-117.66017793934876, 33.5057308997262], [-117.66020602118466, 33.505648577895], [-117.66021809766626, 33.5056024820109], [-117.66022918130123, 33.50555062724669], [-117.66026907163629, 33.505323692935605], [-117.66033246728314, 33.50504414627506], [-117.66038051771093, 33.504838049333095], [-117.66040125620741, 33.50472893838888], [-117.66040128696278, 33.50472877663179], [-117.66041526608107, 33.50463334568895], [-117.66042399532031, 33.504558285566446], [-117.66042900592954, 33.504490371365215], [-117.66043033666085, 33.504427936261564], [-117.66042850677937, 33.504348745076896], [-117.66042407912752, 33.50428385311041], [-117.66041652433724, 33.504225607120105], [-117.66040560966358, 33.504172724786905], [-117.66039443228166, 33.50413316839866], [-117.6603804965901, 33.5040927694982], [-117.66036379571389, 33.50405150201251], [-117.66034430951507, 33.50400931837737], [-117.66029691514174, 33.50392204650153], [-117.66023779080197, 33.5038299787052], [-117.66019844542862, 33.50377682878801], [-117.66015113233, 33.50372037505223], [-117.66009537086538, 33.50365971309537], [-117.6600136733712, 33.50357582891246], [-117.6599260011709, 33.50349254257866], [-117.65972112546388, 33.50331249795464], [-117.65958145872845, 33.50318753113325], [-117.65954380905963, 33.50315137462783], [-117.65951170651496, 33.50311792808586], [-117.6594436587749, 33.5030440874314], [-117.65940613553796, 33.50299954973249], [-117.65937558511874, 33.502956493038695], [-117.65935350592991, 33.50291592744951], [-117.65934011702764, 33.502881090382644], [-117.6593293835177, 33.502840919303196], [-117.65932135542238, 33.50279804758075], [-117.65930926018343, 33.502715705667185], [-117.65929934501037, 33.50264166377908], [-117.65929281489105, 33.50256728508551], [-117.65928967083482, 33.502492565968495], [-117.65928990751048, 33.502417510095434], [-117.65929304131237, 33.50239513169022], [-117.65935433030073, 33.501957478378166], [-117.65935469513272, 33.50193299424077], [-117.65935549022971, 33.50187974293677], [-117.65934866816612, 33.50180221240766], [-117.65933391321437, 33.50172546063198], [-117.65931133573007, 33.501650055345415], [-117.65928110297143, 33.501576555522306], [-117.65924343794957, 33.50150550688026], [-117.65919862037303, 33.50143743375415], [-117.65914698237188, 33.50137284094817], [-117.65908890625775, 33.50131220835115], [-117.65902482224047, 33.50125598284718], [-117.65895520527208, 33.50120458286023], [-117.6578564649713, 33.500640140524574]]}, "properties": {"Base": null, "Height": null, "OBJECTID": 3380, "FacilityID": 720, "FacilitySystem": "Regional", "FacilityType": "Natural Watercourse", "Ownership": "LOCAL", "OwnerType": "2", "Watershed": "L", "ReachNum": "L05-03", "ReachDesc": "d/s San Diego Freeway to d/s Horno Basin", "StaDS": null, "StaUS": null, "Length": 12000, "FacilityDesc": "Natural", "Material": "Concrete", "FeaNote": "None", "DwgID": null, "DrawingNum": "Not Available", "DwgNum": null, "Mslink": null, "Us_Sttn": null, "Us_Strt": null, "Ds_Sttn": null, "Ds_Strt": null, "City": null, "Type": null, "Agency": null, "Firm": null, "Tract": null, "Dwg_Month": null, "Dwg_Year": null, "As_Blt_Month": null, "As_Blt_Year": null, "ROW": null, "Agreement": null, "Agr_Month": null, "Agr_Year": null, "MaintBy": null, "File_In": null, "File_On": null, "Sheets": null, "MFDate": null, "Rack_No": null, "Info": null, "Public_Info": null, "Date_Entered": null, "FACILITYNUM": "L05", "FACILITYNAME": "HORNO CREEK CHANNEL"}}, {"type": "Feature", "id": 2839, "geometry": {"type": "LineString", "coordinates": [[-117.64655736201254, 33.53357959585638], [-117.64663048845578, 33.53307574396959], [-117.64669260473062, 33.53264775247981], [-117.64669914515608, 33.53260268524694]]}, "properties": {"Base": 18, "Height": 15, "OBJECTID": 2839, "FacilityID": 720, "FacilitySystem": "Regional", "FacilityType": "Concrete-Lined", "Ownership": "DISTRICT", "OwnerType": "1", "Watershed": "L", "ReachNum": "L05-04.01", "ReachDesc": "u/s Horno Basin to d/s transition", "StaDS": "28+74", "StaUS": "32+50", "Length": 376, "FacilityDesc": "RCR", "Material": "Riprap", "FeaNote": "None", "DwgID": 1915, "DrawingNum": "L05-701-2", "DwgNum": "L05-701-2", "Mslink": 1915, "Us_Sttn": "549299", "Us_Strt": "JUNCTION L05P01 & L05P04", "Ds_Sttn": "269997", "Ds_Strt": "HORNO CREEK RETARDING BASIN (L05B01)", "City": "UNINCORPORATED", "Type": "CONSTRUCTION", "Agency": "PDSD", "Firm": "HALL & FOREMAN, INC.", "Tract": "15990", "Dwg_Month": "", "Dwg_Year": "", "As_Blt_Month": "", "As_Blt_Year": "", "ROW": "EASEMENT", "Agreement": "", "Agr_Month": "", "Agr_Year": "", "MaintBy": "OCFCD", "File_In": "VAULT", "File_On": "MYLAR", "Sheets": "16", "MFDate": "", "Rack_No": "", "Info": "REGIONAL OCFCD IMPROVEMENT CONDITIONED UPON DEVELOPER (LADERA RANCH) BY TRACTS 15793 & 15990 AND PER LADERA PLANNED COMMUNITY RUNOFF MANAGEMENT PLAN.", "Public_Info": "REGIONAL OCFCD IMPROVEMENT CONDITIONED UPON DEVELOPER (LADERA RANCH) BY TRACTS 15793 & 15990 AND PER LADERA PLANNED COMMUNITY RUNOFF MANAGEMENT PLAN.", "Date_Entered": 1092849660000, "FACILITYNUM": "L05", "FACILITYNAME": "HORNO CREEK CHANNEL"}}, {"type": "Feature", "id": 3386, "geometry": {"type": "LineString", "coordinates": [[-117.61253221092586, 33.57787404530311], [-117.61305917646587, 33.57733689963089], [-117.61308687879858, 33.577309977287356], [-117.61315789186119, 33.577255173675645], [-117.61318660610053, 33.57722896790933], [-117.61321540804262, 33.57719334378409], [-117.6132707728576, 33.577107101243044], [-117.61329858329707, 33.57707062682161], [-117.61334574015724, 33.577022503430335], [-117.61344091586211, 33.576937379588855], [-117.61351482099748, 33.57687486519709], [-117.61354580269914, 33.57684218373332], [-117.61356753077351, 33.57680839708422], [-117.61358546498683, 33.57676773048625], [-117.61359961215038, 33.5767222054861], [-117.61361977653263, 33.57663984763907], [-117.61363000222218, 33.57658961809459], [-117.61364867958328, 33.57646297671437], [-117.61367412101872, 33.57634309889276], [-117.61370721336363, 33.57621021768353], [-117.61375161749473, 33.57606843001396], [-117.6137661039655, 33.57600795733155], [-117.61377115567127, 33.575964631053786], [-117.61377452387147, 33.575855486198144], [-117.61377975707103, 33.57580592084498], [-117.6137922317767, 33.57574803552991], [-117.6138108774079, 33.575684945637505], [-117.61383550624063, 33.57561622040212], [-117.61387572169117, 33.575515108408396], [-117.61389921542018, 33.57546501938086], [-117.61389952540642, 33.575464451519714], [-117.61396262920213, 33.57534924499785], [-117.61398266221205, 33.57530332455496], [-117.61399457128505, 33.57526205749892], [-117.61400196851129, 33.575210977912846], [-117.61400415435013, 33.57515536572172], [-117.61400115400833, 33.575094903249855], [-117.6139929187564, 33.57502853964357], [-117.61398257795805, 33.57498405189304], [-117.61394382099358, 33.57487249727806], [-117.61393112532936, 33.57482055928002], [-117.61392499623535, 33.574767781121764], [-117.61392268442378, 33.574710979236194], [-117.61392414476249, 33.57464940299799], [-117.61392942808938, 33.57458072274796], [-117.61394054580488, 33.57451350068352], [-117.6139759605763, 33.574375171953996], [-117.61398037024834, 33.57435301748237], [-117.6139878692543, 33.574315346916904], [-117.61399712841298, 33.57423632114695], [-117.61399957099736, 33.574215471340686], [-117.61400382931463, 33.57415406553281], [-117.61400884407395, 33.57408171647148], [-117.61401168207654, 33.57403812766247], [-117.61401689638714, 33.57395800823037], [-117.61401706820821, 33.57391999770656], [-117.6140149946592, 33.573886024356455], [-117.61400730909264, 33.57384207378966], [-117.61398221558787, 33.573747175496365], [-117.61397604344333, 33.573709491429256], [-117.61397411079908, 33.57366020198628], [-117.61397735594394, 33.573605030830365], [-117.61397941327355, 33.57358882450946], [-117.6139841888552, 33.57355121171375], [-117.61400419760048, 33.57342533106281], [-117.61402236878781, 33.5732901595275], [-117.61402238673696, 33.57329006735707], [-117.61403060183646, 33.57324797689605], [-117.61404036679501, 33.573210558324114], [-117.61405552224129, 33.57317122049986], [-117.61409993911633, 33.5730798665814], [-117.61410888068067, 33.57305565707299], [-117.61411451549071, 33.573033463021375], [-117.61411775860931, 33.57300456484075], [-117.61411712117189, 33.57297205274838], [-117.61410033200313, 33.572853932983634], [-117.61409783531279, 33.572806326880155], [-117.61410388673305, 33.57272767253858], [-117.61411911224519, 33.572616877447366], [-117.61413753893027, 33.572492974376054], [-117.61415529157794, 33.572402103615055], [-117.61417163351939, 33.572335106505456], [-117.61418926233033, 33.572272015007904], [-117.61420833093723, 33.572212275603846], [-117.61422893587108, 33.5721555860659], [-117.6142736504387, 33.57204555809614], [-117.6143136864969, 33.57196122223231], [-117.61435527112165, 33.571889128968664], [-117.61440002673923, 33.571826532874205], [-117.61443281202699, 33.57179015241443], [-117.61452055533499, 33.57170747055519], [-117.61455724053745, 33.57166795899538], [-117.61460804994302, 33.57160634427638], [-117.61462195516832, 33.57158566641655], [-117.61463192267334, 33.57156660337042], [-117.61463479182419, 33.57155858192714], [-117.61463788811736, 33.57154993131015], [-117.61464165453145, 33.571531987593346], [-117.61464326736505, 33.571512578757456], [-117.61464276132897, 33.57149130677029], [-117.6146374918465, 33.57145163177874], [-117.61461941237859, 33.57136296594041], [-117.61461514096771, 33.571326841746334], [-117.61460626421362, 33.571137543081996], [-117.61458961710049, 33.570916713960386], [-117.6145754557318, 33.57077487761664], [-117.61457582741276, 33.57073616244302], [-117.61458056108567, 33.570702164989754], [-117.61459745365052, 33.57064004358931], [-117.61461938644379, 33.57058619961932], [-117.61463213076266, 33.570562657130026], [-117.61464602713248, 33.57054142390723], [-117.61466105461992, 33.57052253895332], [-117.61467718880706, 33.57050602507807], [-117.61470078003975, 33.57048812021663], [-117.61473139904503, 33.57047147557319], [-117.61476334459925, 33.570457828983066], [-117.61484274354918, 33.57042763277017], [-117.61488008161179, 33.57041034999202], [-117.61498470261648, 33.57035895321558], [-117.615026335319, 33.57033609316731], [-117.6150638937927, 33.57030983595004], [-117.61507840081285, 33.57029659410893], [-117.61509029666153, 33.57028306979708], [-117.61510214674462, 33.570264829165446], [-117.61511127238468, 33.57024416034535], [-117.61511777044262, 33.57022085127665], [-117.61512177063202, 33.5701944487837], [-117.61512335957015, 33.57014742006144], [-117.61511815660565, 33.57004286394579], [-117.615118445037, 33.56999891076583], [-117.61512414530304, 33.569740103037056], [-117.61512698984177, 33.56968279012315], [-117.61513441823087, 33.56956897209227], [-117.61514492678452, 33.5694812228652], [-117.6151552070672, 33.56943142531263], [-117.61518637821666, 33.569313483217], [-117.6151960947806, 33.569253748731334], [-117.61519880758665, 33.56919414692052], [-117.61519689184605, 33.569131170264804], [-117.61519035088449, 33.569064824137655], [-117.61517917862342, 33.56899506351966], [-117.61517035397131, 33.56895549602513], [-117.61515854029732, 33.568914555533674], [-117.6151436256473, 33.56887183299555], [-117.61512532928384, 33.568826527165356], [-117.61508580305247, 33.56874153191152], [-117.61498751138552, 33.568547885877784], [-117.61496661356867, 33.56850999981467], [-117.6149110752549, 33.568424690361], [-117.61488910367954, 33.5683865347198], [-117.61487212811168, 33.56834570486936], [-117.61486743828438, 33.568326835774954], [-117.61486518389032, 33.56830865594521], [-117.6148652164477, 33.56828125726235], [-117.61486839968839, 33.56825227672472], [-117.61487469272221, 33.56822213046634], [-117.61488398220988, 33.568191354440245], [-117.61489614012105, 33.56816044057675], [-117.61491085404126, 33.56813021285089], [-117.61492777236923, 33.56810140008647], [-117.61494646908201, 33.56807472470931], [-117.61496798322281, 33.568050987768025], [-117.61499646066237, 33.568027087040534], [-117.61502720644839, 33.5680055906401], [-117.61510872351926, 33.56795312141077], [-117.61514895200298, 33.56792223437352], [-117.6152176303007, 33.56786045592046], [-117.61526567963035, 33.56781310002156], [-117.61530498929318, 33.567768447644156], [-117.61533604140529, 33.56772564320298], [-117.61536494882058, 33.567675810024056], [-117.6153897925729, 33.567622491209455], [-117.61540998779154, 33.56756692670731], [-117.61542499446841, 33.56751060754964], [-117.6154320373124, 33.567468642491114], [-117.61543556151484, 33.567423257966155], [-117.61543564438921, 33.567373749796886], [-117.61543228904618, 33.56731797549587], [-117.61542302405051, 33.56723290643908], [-117.61541232535369, 33.56717564998744], [-117.61539981923384, 33.56712989116458], [-117.61536103259694, 33.56700407664945], [-117.61535159199084, 33.56696533825928], [-117.61534548001372, 33.56693033701656], [-117.61533798306765, 33.56686298692475], [-117.61533560913107, 33.56682463724382], [-117.61533560235014, 33.56682454804926], [-117.61533391043012, 33.56679722777285], [-117.61533328726539, 33.56673336045512], [-117.61533610946842, 33.56667160503286], [-117.6153409682532, 33.566629112971974], [-117.61534959443078, 33.566582052142785], [-117.615389079512, 33.566423062366425], [-117.61540176400095, 33.56636200944839], [-117.61543210459224, 33.56619760867419], [-117.61543715250775, 33.566147725950266], [-117.61543762566751, 33.56610306105975], [-117.61543192305459, 33.56605621953106], [-117.61540569825954, 33.56594535192198], [-117.61539845171791, 33.565894970086134], [-117.61539751742396, 33.565852184450534], [-117.61540000979508, 33.56580432702079], [-117.61541927532967, 33.56564240470662], [-117.6154389926608, 33.565437417346274], [-117.61544915342459, 33.565375270354366], [-117.61546223549522, 33.56532029686686], [-117.61547997469853, 33.56526627050475], [-117.61550437936002, 33.565206896074926], [-117.61560323619173, 33.56500401655768], [-117.61569032808998, 33.564837391026884], [-117.61570884586096, 33.56479548403791], [-117.61572211131039, 33.564757271225595], [-117.61573443945656, 33.56470073429191], [-117.61574105315306, 33.5646328813881], [-117.61574527634538, 33.564506836015525], [-117.61575007725483, 33.56444786225447], [-117.61576533385747, 33.564305412860705], [-117.61577363501715, 33.5642432546557], [-117.61578551858055, 33.56418075238517], [-117.61580055849353, 33.56412571499128], [-117.61582207772256, 33.56406989148267], [-117.61585237512163, 33.56400917461774], [-117.61588520873042, 33.56395263729142], [-117.61596597427094, 33.56382227540176], [-117.61600151869048, 33.56375864433752], [-117.616031063608, 33.56370416196081], [-117.61610467858902, 33.563575975771315], [-117.61613804445179, 33.563511900573836], [-117.61615493134376, 33.563474555992634], [-117.61616861130591, 33.56343931690722], [-117.61617934705227, 33.56340548882761], [-117.61618725256265, 33.56337271523183], [-117.61619509180134, 33.56332407863385], [-117.61619987676704, 33.563271059882176], [-117.61620171151547, 33.56321273719282], [-117.61620071935386, 33.563145427543944], [-117.61619674808438, 33.5630059391819], [-117.6161931032554, 33.56296210571492], [-117.6161875922219, 33.56292345679542], [-117.61617923956256, 33.56288561451603], [-117.61616826952921, 33.56285141408808], [-117.6161545228313, 33.56282038115711], [-117.61613789787489, 33.5627922869013], [-117.61610136887879, 33.56274576999308], [-117.61605592234292, 33.56270046179447], [-117.61600387350788, 33.56265867142015], [-117.61594822329025, 33.56262281949193], [-117.61592381207026, 33.56261074918083], [-117.6158945432395, 33.56259971049435], [-117.61576711372965, 33.56256241670573], [-117.61574252123644, 33.56255259449938], [-117.61572146937698, 33.56254189577446], [-117.61567485427219, 33.56251137201625], [-117.61562882482862, 33.56247387613239], [-117.61558356319576, 33.562429553104366], [-117.61553937562239, 33.56237870074506], [-117.61552203875866, 33.562354514997594], [-117.61541701086551, 33.5621645182138], [-117.61535445420643, 33.561997856267496], [-117.61534131539712, 33.561901685380086], [-117.61529971284382, 33.5617838807977], [-117.61524782593101, 33.561677670380476], [-117.6152289800529, 33.561637284833616], [-117.61521678879252, 33.561612012883494], [-117.61515670295016, 33.561510656927055], [-117.61513332183152, 33.56146553121209], [-117.61508416103403, 33.56136040264483], [-117.61506073520533, 33.56130139382097], [-117.6150457020668, 33.56124529207695], [-117.61504205960848, 33.561219406118674], [-117.61504093921448, 33.56119459620506], [-117.6150434672841, 33.56115328743931], [-117.61505054316292, 33.56111028771669], [-117.61506198828009, 33.5610667135037], [-117.61507742541544, 33.56102399543473], [-117.61509185894728, 33.560994514605504], [-117.61511183349823, 33.5609628035278], [-117.61520428079076, 33.560840329247306], [-117.61523301027368, 33.56079985045356], [-117.61531017587043, 33.56069747224688], [-117.61534756894163, 33.56064066771072], [-117.61536873058076, 33.56060009692212], [-117.61538323707758, 33.56056172712535], [-117.61539213408265, 33.56052623576282], [-117.61539813383581, 33.56048847320449], [-117.6154012333354, 33.56044845391088], [-117.61540143378897, 33.560406185984434], [-117.61539873780572, 33.560361698251135], [-117.61539314177888, 33.56031496640418], [-117.61538464873266, 33.560265976884466], [-117.61537324003255, 33.56021463972483], [-117.61535179014024, 33.56014512963392], [-117.61532021481001, 33.56007078738915], [-117.61527800572628, 33.55999009917864], [-117.61522018301189, 33.55989351369537], [-117.61519167773923, 33.55985100500269], [-117.61515690841001, 33.559804913958004], [-117.61502746344009, 33.55964968466953], [-117.61499197309922, 33.55960431022377], [-117.61491793654457, 33.55949438572041], [-117.61489778379644, 33.559468604060925], [-117.61487777307703, 33.55944708321288], [-117.61485826909404, 33.55942965957686], [-117.61483613953928, 33.55941287066083], [-117.61478278592904, 33.55938032304854], [-117.61472802670778, 33.559353278609365], [-117.61460262268723, 33.55929736554805], [-117.61455236781791, 33.55927198040992], [-117.61432902312508, 33.55914709828283], [-117.6142950300128, 33.55912808939421], [-117.61411059294956, 33.55902562267883], [-117.61405932440188, 33.55899469212555], [-117.61401493317885, 33.55896537602304], [-117.613941334557, 33.55891403639425], [-117.61389578224497, 33.5588798177589], [-117.61385696095061, 33.5588467426948], [-117.6138254042374, 33.55881483962981], [-117.61380032096056, 33.55878469071934], [-117.6137768643708, 33.55875222102861], [-117.61375520285905, 33.558717661354805], [-117.613735518808, 33.55868131087196], [-117.61371797149292, 33.558643437447245], [-117.61370277596775, 33.558604501302575], [-117.61369010482387, 33.55856493336825], [-117.61368011215636, 33.5585252215849], [-117.61367519785782, 33.55849558757947], [-117.61367256702364, 33.55846203499539], [-117.61367110435577, 33.55831697978861], [-117.61366418134607, 33.55818634226068], [-117.61365943020655, 33.55812895731542], [-117.61365100252031, 33.55807132137719], [-117.61363884811134, 33.55802049446406], [-117.61361851863472, 33.55795977516357], [-117.61359358511875, 33.5579000323269], [-117.61356447949494, 33.55784230269427], [-117.61353166297668, 33.55778749824963], [-117.6134965260158, 33.55774161905802], [-117.61339686612277, 33.557636773081185], [-117.61337471187824, 33.55761070199775], [-117.61335684802096, 33.55758639546989], [-117.61332401134074, 33.55753449198427], [-117.61329504395447, 33.557482215203756], [-117.61327025509027, 33.55743012531306], [-117.61324984294848, 33.55737863853732], [-117.61324238363181, 33.557353746498244], [-117.61323653313052, 33.55732532198994], [-117.61321982746162, 33.55720034873227], [-117.61321250716053, 33.557171046719496], [-117.61320296627264, 33.55714534338434], [-117.6131862076745, 33.55711331963878], [-117.61316321711917, 33.557078993519696], [-117.61307791289997, 33.556974229090685], [-117.61305072389118, 33.55693781005546], [-117.61298021831448, 33.556822376877314], [-117.61296209374262, 33.55679639236157], [-117.61294403111908, 33.55677423671824], [-117.6129255032794, 33.55675594637518], [-117.61290194254983, 33.55673723771541], [-117.61281696212308, 33.556681661332284], [-117.61278844925052, 33.55666101226866], [-117.61276440745401, 33.55663928722469], [-117.61274692020002, 33.55661741831143], [-117.6127259655869, 33.55657909780806], [-117.612709573897, 33.55653571928372], [-117.61269835000428, 33.55648884419097], [-117.61269290039611, 33.556440965428344], [-117.61269347177075, 33.556423409235535], [-117.6126969381523, 33.556403578815456], [-117.6127218387733, 33.55631647456314], [-117.61272385456081, 33.556295341718695], [-117.61272188914424, 33.55627672131725], [-117.61271148941418, 33.55624724647892], [-117.61269289745756, 33.55621538700003], [-117.61266664258295, 33.556181243486336], [-117.61262286694316, 33.55613204380551], [-117.61259859743089, 33.55610779283163], [-117.61256969519418, 33.556083780099236], [-117.6125354666402, 33.55605938380209], [-117.61249254513788, 33.55603219173249], [-117.6123959220605, 33.55597411577361], [-117.61234257140765, 33.55593776819529], [-117.61222978264595, 33.55585641824366], [-117.61219973420181, 33.55583078767669], [-117.61217579869765, 33.55580604965173], [-117.61214328831937, 33.55576392581053], [-117.61211523273137, 33.55571830329824], [-117.61209270165271, 33.55567092514082], [-117.61207651017936, 33.55562350558944], [-117.61207047288141, 33.55559419037282], [-117.61206735414244, 33.55556072873918], [-117.61206767539777, 33.555440513122235], [-117.61207353580254, 33.5553104416604], [-117.61207164910407, 33.555278841199694], [-117.61206633962, 33.55525116634227], [-117.61205173282174, 33.555207495885504], [-117.61203212815374, 33.5551652308508], [-117.61200866873504, 33.55512681498579], [-117.61198230800991, 33.55509378699481], [-117.61196113966302, 33.55507471745699], [-117.6119344879794, 33.55505769074273], [-117.61190784209437, 33.5550448316541], [-117.61187575419454, 33.55503245317411], [-117.61176296269984, 33.55499763186831], [-117.6117227566206, 33.55498360002591], [-117.61168663573949, 33.55496764794645], [-117.61165714888855, 33.55495023468496], [-117.61158803555556, 33.55490402133077], [-117.61155353741201, 33.55487741492138], [-117.61152761535506, 33.55485053799958], [-117.61151894668028, 33.55483755170105], [-117.61151302442165, 33.5548247112069], [-117.61151028364739, 33.55480780258725], [-117.61151303415815, 33.55478756523627], [-117.61152172418481, 33.55476214845634], [-117.61154657189734, 33.55470820260276], [-117.61155501711889, 33.55468628712399], [-117.6115593080598, 33.55466476151983], [-117.61155701610099, 33.55464776593774], [-117.61155102248274, 33.55463697851281], [-117.61154150751312, 33.55462745681428], [-117.61152837488837, 33.55461910270638], [-117.61151140157473, 33.554611771648304], [-117.61146889005015, 33.55460037267181], [-117.61136123306588, 33.55458197719192], [-117.61131541220212, 33.55457141776424], [-117.6112932549288, 33.55456405407866], [-117.61127467332568, 33.554555730657], [-117.61125934960094, 33.55454630399651], [-117.61124714991713, 33.55453568629219], [-117.61122312247907, 33.554507084367664], [-117.61120260476474, 33.55447591748713], [-117.61118744270723, 33.554445017577095], [-117.61117845580912, 33.55441610696105], [-117.61117669475632, 33.554401451813064], [-117.61117738377192, 33.55438603408966], [-117.6111861947348, 33.5543520696198], [-117.61120112536526, 33.55431950713663], [-117.61124425958862, 33.554240871952764], [-117.61125987163602, 33.55420110998799], [-117.6112710271645, 33.55415319840751], [-117.61127969080381, 33.55409908596784], [-117.61129597019749, 33.553928363420354], [-117.61130278621654, 33.55387269408622], [-117.61134382810289, 33.55366101663916], [-117.61135067469054, 33.553609451540474], [-117.6113533777207, 33.55356317337054], [-117.61135519873541, 33.553456194624275], [-117.61135149336414, 33.55339123999583], [-117.61134691829403, 33.55336125951769], [-117.61134040973573, 33.55333388086618], [-117.6113318821744, 33.553308730767014], [-117.61132126370293, 33.553285617942045], [-117.61130075130204, 33.55325360160439], [-117.61127189086598, 33.55321982351243], [-117.61124202991435, 33.55319039356833], [-117.61115418777027, 33.5531097158236], [-117.61112386313641, 33.553082107862146], [-117.61102652015096, 33.553001143438536], [-117.61099962025976, 33.552973324886764], [-117.6109796560072, 33.55294647560597], [-117.61096167887253, 33.5529125884109], [-117.61094668289199, 33.552872630791654], [-117.61093456633976, 33.55282795281689], [-117.61091797466773, 33.55275112734844], [-117.61091031121124, 33.55270851340491], [-117.61090497900676, 33.55266055750933], [-117.6108973752183, 33.55250702645865], [-117.61089327420787, 33.55245459454963], [-117.61088255309244, 33.5523221587661], [-117.61087691621717, 33.55228526024007], [-117.61086922929479, 33.55225274297696], [-117.61085776880306, 33.55221884676246], [-117.6108417448987, 33.55218167762228], [-117.61077740507186, 33.5520575346894], [-117.61067807819039, 33.55186868150027], [-117.61062911704727, 33.551753075533675], [-117.6106091218658, 33.55171122660557], [-117.61057721792479, 33.55165099842263], [-117.61055544329214, 33.551613822646836], [-117.6105330562672, 33.55158130006276], [-117.61051001940756, 33.55155393062579], [-117.61048837993364, 33.55153406165851], [-117.61046095323012, 33.55151448314699], [-117.61042948025967, 33.551495788326996], [-117.6103690604984, 33.55146328267221], [-117.61032323134503, 33.551435768154256], [-117.61029040084132, 33.55140984380259], [-117.61024042170386, 33.551358238554485], [-117.61019742193928, 33.55130412604108], [-117.61016305283448, 33.55124960273877], [-117.61013814173289, 33.551195999556555], [-117.61011923902392, 33.55113438849028], [-117.61010860162658, 33.551071868389045], [-117.6101065802364, 33.551041386565046], [-117.61010678472984, 33.55101179476059], [-117.61010920737591, 33.55098335726076], [-117.61011383407713, 33.550956275300514], [-117.61011904875167, 33.55093824638495], [-117.61012721743178, 33.550918834442896], [-117.61017911009233, 33.550828135510486], [-117.61018920982073, 33.55080582962601], [-117.61019555971248, 33.55078546099554], [-117.61020040415737, 33.550753418155416], [-117.61020091004193, 33.55071697638155], [-117.6101886162252, 33.55060171359072], [-117.61018646230185, 33.55056459302868], [-117.61018710671993, 33.55050386582019], [-117.61019232032947, 33.55036460937266], [-117.61019214334027, 33.550299477269135], [-117.6101862869754, 33.55021452812993], [-117.6101661319648, 33.55004377797542], [-117.61015968050592, 33.54997143400793], [-117.61014576759031, 33.54977968338542], [-117.61014580893062, 33.549720889706215], [-117.61015001688973, 33.549668526586906], [-117.61015908707026, 33.549617405209034], [-117.61017415287034, 33.549560783736545], [-117.61024578897744, 33.54935246565044], [-117.61029635610868, 33.549181674172154], [-117.6103268823691, 33.549093296904026], [-117.61036309626282, 33.54899521100379], [-117.61038273843741, 33.548947973179146], [-117.61040566321991, 33.54890337575948], [-117.61043080876043, 33.54886556377942], [-117.61046350225303, 33.548824017403284], [-117.6104904299516, 33.5487940785987], [-117.61051681801054, 33.54876993826421], [-117.61054307690289, 33.54875139985108], [-117.61056829479523, 33.54874000262175], [-117.61060036566205, 33.54873224013641], [-117.610633315039, 33.54872812447387], [-117.61071077608696, 33.54872221671513], [-117.61074454459997, 33.548717178640146], [-117.6107705818323, 33.54870984814132], [-117.61079146819127, 33.54869968214711], [-117.61081257639118, 33.548684473170304], [-117.61083314173139, 33.548665803952154], [-117.61085284661385, 33.54864395659225], [-117.61087125486377, 33.54861941286213], [-117.6108992159763, 33.548571292327324], [-117.61091008301466, 33.54854649467438], [-117.61091835810221, 33.54852232859288], [-117.61092204025964, 33.54850383035883], [-117.61092259641023, 33.54848424185926], [-117.6109200343296, 33.54846337094527], [-117.61091431257164, 33.5484408384499], [-117.61089655311555, 33.54839626088136], [-117.61085192915395, 33.54830856051546], [-117.61083547230517, 33.54827210302112], [-117.61082313382485, 33.54823449051108], [-117.61081810395395, 33.548200935167564], [-117.61081871769487, 33.54812327775837], [-117.61082216114708, 33.54808518257943], [-117.61082765208063, 33.548048143467604], [-117.61083511654161, 33.548012597658285], [-117.61084451603035, 33.54797870066594], [-117.61085578605723, 33.54794666780164], [-117.61086887197253, 33.54791665475638], [-117.61088201075508, 33.54789258970872], [-117.61089828728673, 33.54786836683109], [-117.6109178740833, 33.54784372364274], [-117.61094116716295, 33.5478181589717], [-117.61098811104408, 33.547773192496585], [-117.61109727620199, 33.54767743877298], [-117.61113827164034, 33.54763761208256], [-117.61126895850798, 33.547510048673786], [-117.61130054422021, 33.54747445192354], [-117.61132532770961, 33.54744102781193], [-117.61134260191608, 33.5474129815358], [-117.61135860183202, 33.54738284279564], [-117.61138715718548, 33.54731555430459], [-117.61141172010754, 33.54723795242116], [-117.61143625871806, 33.547137525820716], [-117.61144700590431, 33.547079238119814], [-117.6114546054463, 33.54701398215659], [-117.61145930479321, 33.54694388326049], [-117.61146419074218, 33.546821807775395], [-117.61146998431441, 33.54669067550855], [-117.61147119043264, 33.54661223341036], [-117.6114685917412, 33.54653971656994], [-117.6114617462247, 33.546474680761406], [-117.61145166646342, 33.546421979637024], [-117.61143584524002, 33.54636384987624], [-117.61136829698033, 33.546170194226406], [-117.61134601508897, 33.54609655534723], [-117.61131902103622, 33.54597582929574], [-117.61127436161719, 33.545717153511355], [-117.6112512832838, 33.545605269175155], [-117.61123662873601, 33.54554797784071], [-117.61115952055513, 33.54530220493623], [-117.61110533482795, 33.545100501348216], [-117.61108122241157, 33.545029256622215], [-117.61107973621793, 33.54502538018616], [-117.61105044375826, 33.5449489287968], [-117.61101637388342, 33.54486000937713], [-117.61100136773584, 33.544814408014176], [-117.610989962372, 33.54477286736585], [-117.61097335413012, 33.54469516008918], [-117.61096005480692, 33.54461170160265], [-117.61094983813466, 33.544521171571404], [-117.61094225527276, 33.544419646150615], [-117.61093805134298, 33.54432238855879], [-117.6109374958851, 33.54423356535805], [-117.61094057678496, 33.544150604102164], [-117.61094734484847, 33.544072481696276], [-117.61095547706495, 33.54401541554225], [-117.61096771836648, 33.543951985286725], [-117.61102032124344, 33.54373130011345], [-117.61107912845006, 33.543494995282956], [-117.61110082881933, 33.54339007219505], [-117.61111891366858, 33.543259697272056], [-117.61113629490352, 33.54307431848409], [-117.6111417698345, 33.54299207764352], [-117.61114998667426, 33.542805494252484], [-117.6111564166647, 33.54272076326117], [-117.61117205840594, 33.54254807790381], [-117.61118072608953, 33.542495537855565], [-117.61119219205914, 33.54244918991815], [-117.61120319171766, 33.54241610041915], [-117.61121705970824, 33.542381470998166], [-117.61125483975611, 33.54230416818616], [-117.61133340480417, 33.54216446289608], [-117.61138242701644, 33.542080622349985], [-117.61151969300145, 33.541860589090376], [-117.61160806049027, 33.54172440038641], [-117.61162711203067, 33.54168638961618], [-117.6116388178407, 33.54165171345199], [-117.61164389313218, 33.54162321528376], [-117.61164556018548, 33.54159284546716], [-117.61164383433376, 33.541560344141786], [-117.61163869031216, 33.54152519580529], [-117.61162062781264, 33.541453180732354], [-117.6115761641452, 33.54131750955333], [-117.61156479161694, 33.541284760248644], [-117.61154977651147, 33.54124871354476], [-117.6114778397019, 33.54109683694255], [-117.61146384289604, 33.54106090082337], [-117.61145352957284, 33.541027777437264], [-117.61144352469317, 33.540984326087646], [-117.61143556389581, 33.54093605979202], [-117.6114228242977, 33.54080458627232], [-117.61141639167911, 33.540732920997335], [-117.6114119189631, 33.5406636797303], [-117.6114107488583, 33.540513370994276], [-117.61140772903723, 33.5404481526006], [-117.6113988005735, 33.540380225151246], [-117.61138333500539, 33.540320730746124], [-117.61136028408403, 33.5402648702168], [-117.61130961760254, 33.54016612057259], [-117.61129152595029, 33.54012762866653], [-117.61125949288781, 33.540045134198984], [-117.61119290274932, 33.53984124866858], [-117.6111582245085, 33.539749587441506], [-117.61113658207148, 33.53970179170168], [-117.61111005882105, 33.53964917737116], [-117.61102596747203, 33.53949531793854], [-117.61098951769534, 33.53942862817775], [-117.61096457090584, 33.53937724905885], [-117.61094422834279, 33.53932986738742], [-117.61090403161528, 33.53921897429574], [-117.6108994462091, 33.53920367819458], [-117.61086760287748, 33.53909745661937], [-117.61086334584635, 33.53908036071863], [-117.61083400789515, 33.53896250852786], [-117.61079981732685, 33.538800394766945], [-117.61078820388875, 33.53872727749736], [-117.61076699069572, 33.538543738787396], [-117.61075801432308, 33.538492659368565], [-117.61074708626501, 33.53844720812072], [-117.61073450745573, 33.53840962881908], [-117.61071654258558, 33.538368315784055], [-117.61064475841376, 33.53823296624701], [-117.61062089950926, 33.53818267975864], [-117.61060290877327, 33.53813223806294], [-117.61059380269866, 33.53808609330955], [-117.61059191468644, 33.53805414286348], [-117.61059299698054, 33.53802050170941], [-117.61059335868437, 33.538017317420426], [-117.61059705592652, 33.537984817208624], [-117.61060416881367, 33.53794638337785], [-117.61062109637935, 33.53788079094328], [-117.61066478284671, 33.53774169430497], [-117.61068140812357, 33.537681721922766], [-117.61068649574105, 33.537661609551144], [-117.61072925250876, 33.537492581711014], [-117.61076954266848, 33.5373530812029], [-117.61081908919608, 33.53720560936302], [-117.6108779518541, 33.53704958301992], [-117.61091277691708, 33.53697100411401], [-117.61098576119883, 33.53682667093271], [-117.6110133052914, 33.53676876036888], [-117.61103817488855, 33.53670837588399], [-117.61105604566133, 33.536653178808024], [-117.6110732982542, 33.536582088603645], [-117.61108676758663, 33.53650840405259], [-117.61109637031872, 33.536432580529905], [-117.6111020324185, 33.536355186924204], [-117.61110350690039, 33.536257409014304], [-117.6110981837908, 33.5361835935678], [-117.61108435729918, 33.53610181428853], [-117.61106548166549, 33.53602243285322], [-117.61101117432327, 33.535821108917894], [-117.61099824585528, 33.535763222385846], [-117.61098912213491, 33.5357109696338], [-117.61098496806147, 33.535664895186216], [-117.61098337414951, 33.53556112015765], [-117.61098032791678, 33.53551641862739], [-117.6109717323168, 33.535471173613864], [-117.61095701803606, 33.53543341567425], [-117.61094391513102, 33.53541185830933], [-117.61092712079089, 33.53539062172789], [-117.61090645809553, 33.53536947702422], [-117.61088150461246, 33.53534798697514], [-117.6108305305498, 33.535311080735625], [-117.61070581569706, 33.53523033669561], [-117.61065384454056, 33.53519086238598], [-117.61060650778096, 33.535153811704056], [-117.61051538795346, 33.5350896831596], [-117.61045674280324, 33.53504498955465], [-117.61041564609096, 33.535006224987164], [-117.61039983948012, 33.53498734814254], [-117.6103871338734, 33.534968679069834], [-117.61037742121047, 33.534950054839115], [-117.61037065036672, 33.53493137321459], [-117.61036573728255, 33.534908777697694], [-117.61036325316047, 33.53488423769804], [-117.61036320994405, 33.5348578288291], [-117.61036560077447, 33.53482966387968], [-117.61037159774116, 33.53479411508153], [-117.61038095498904, 33.53475668826879], [-117.61039354705628, 33.53471790059089], [-117.61040906277483, 33.53467872027887], [-117.61042185170099, 33.534654641878234], [-117.61044028292437, 33.5346288516866], [-117.61051030379647, 33.53455077642151], [-117.61053186081038, 33.534524232489865], [-117.61054789891794, 33.534499442282645], [-117.6105583752848, 33.53447600591006], [-117.6105652249646, 33.53445013397127], [-117.61056881718036, 33.53442230394595], [-117.6105691876929, 33.53439225394722], [-117.61056634640568, 33.53435944464289], [-117.61055433101407, 33.53429641282212], [-117.61051586973724, 33.53414801005869], [-117.61049128138639, 33.534046133709886], [-117.61046072480332, 33.533943218878676], [-117.61042434543442, 33.53383975360112], [-117.61038234500451, 33.53373631366571], [-117.61034062864886, 33.53364999502804], [-117.61025291335542, 33.53349058032062], [-117.61021937999831, 33.53342573938523], [-117.61014255582532, 33.53327211361963], [-117.61012233303927, 33.5332250433553], [-117.61010713288401, 33.53318224282728], [-117.61009155463455, 33.533120974850846], [-117.61008073380732, 33.53305130594322], [-117.6100748583032, 33.53298564522119], [-117.61006434680026, 33.53281217050775], [-117.61005726810805, 33.53270541566137], [-117.61004747430512, 33.532473704113066], [-117.61004122854384, 33.53238309343593], [-117.61001929374464, 33.53215841801639], [-117.60999843233773, 33.53201301934261], [-117.6099860326055, 33.5319552657575], [-117.60998565554871, 33.531953662123094], [-117.60987823164886, 33.53141325890575], [-117.60994308998139, 33.53098242083343], [-117.61001531808823, 33.53067611437006], [-117.61011652041223, 33.530243542732634], [-117.61021790545227, 33.52993210598875], [-117.6105567491642, 33.529545316717176], [-117.6105765725907, 33.529538950379276], [-117.61072209855021, 33.52950015872093], [-117.61078320034348, 33.52948184791529], [-117.61084423041919, 33.52945886789089], [-117.61089472384576, 33.52943344576335], [-117.6109626144255, 33.52939209492146], [-117.61102286727976, 33.529352137733525], [-117.61107659172453, 33.529312836203225], [-117.61112406555479, 33.52927398351452], [-117.61116562317632, 33.52923527484603], [-117.6112011462888, 33.529196787241304], [-117.61123068581233, 33.52915847145628], [-117.61125425536977, 33.529120302999985], [-117.61127119555745, 33.52908473633639], [-117.61128532795348, 33.52904593346622], [-117.61129665756303, 33.52900386998945], [-117.61130520081134, 33.528958494329444], [-117.61131095782002, 33.52890988313113], [-117.61131397881279, 33.52885773557496], [-117.61131428261915, 33.528801808894364], [-117.6113118773567, 33.52874131129611], [-117.61130640257373, 33.528696284595654], [-117.61129491369086, 33.528646291197795], [-117.61123775059187, 33.52847140407916], [-117.61122619717081, 33.528427625987625], [-117.61121896627913, 33.5283883218206], [-117.61120991674713, 33.52831329902969], [-117.61120408011409, 33.52824243046623], [-117.61120140235614, 33.52817508281686], [-117.61120187691388, 33.52811097391739], [-117.61120224793544, 33.52810473090506], [-117.61120551365077, 33.528049770025866], [-117.61121232233303, 33.52799147644568], [-117.61122231778086, 33.52793600825321], [-117.61123550442983, 33.52788330498439], [-117.6112485675761, 33.52784360667444], [-117.61126524539686, 33.527802690296404], [-117.61128571204154, 33.52776012472884], [-117.61131036684266, 33.527715075124625], [-117.61135832328054, 33.527637560584495], [-117.61146188616381, 33.527484028480465], [-117.61150354038637, 33.527419125639256], [-117.6115600966533, 33.52733290919734], [-117.61168049025684, 33.52716434969709], [-117.61172907156345, 33.527092977850245], [-117.611775622877, 33.52701667507546], [-117.61181169561054, 33.52694633362454], [-117.61184890134021, 33.52685537921387], [-117.61188249591129, 33.526751995397596], [-117.61191210488249, 33.52664047662884], [-117.61195885710063, 33.52644068186307], [-117.61199686081704, 33.526268659092445], [-117.6120290607995, 33.526095701605875], [-117.61205545926268, 33.52592181118736], [-117.6120760551497, 33.525746986950686]]}, "properties": {"Base": null, "Height": null, "OBJECTID": 3386, "FacilityID": 721, "FacilitySystem": "Regional", "FacilityType": "Natural Watercourse", "Ownership": "LOCAL", "OwnerType": "2", "Watershed": "L", "ReachNum": "L06-01", "ReachDesc": "u/s San Juan Creek confluence to d/s Tesoro HS", "StaDS": null, "StaUS": null, "Length": 19200, "FacilityDesc": "Natural", "Material": "Concrete", "FeaNote": "None", "DwgID": null, "DrawingNum": "Not Available", "DwgNum": null, "Mslink": null, "Us_Sttn": null, "Us_Strt": null, "Ds_Sttn": null, "Ds_Strt": null, "City": null, "Type": null, "Agency": null, "Firm": null, "Tract": null, "Dwg_Month": null, "Dwg_Year": null, "As_Blt_Month": null, "As_Blt_Year": null, "ROW": null, "Agreement": null, "Agr_Month": null, "Agr_Year": null, "MaintBy": null, "File_In": null, "File_On": null, "Sheets": null, "MFDate": null, "Rack_No": null, "Info": null, "Public_Info": null, "Date_Entered": null, "FACILITYNUM": "L06", "FACILITYNAME": "CANADA CHIQUITA"}}, {"type": "Feature", "id": 1963, "geometry": {"type": "LineString", "coordinates": [[-117.66969794868672, 33.52798725114547], [-117.6697258805922, 33.52788919603899], [-117.66973335748935, 33.52783023294305]]}, "properties": {"Base": 68.83, "Height": 11, "OBJECTID": 1963, "FacilityID": 250, "FacilitySystem": "Regional", "FacilityType": "Concrete-Lined", "Ownership": "DISTRICT", "OwnerType": "1", "Watershed": "L", "ReachNum": "L02-11", "ReachDesc": "Rancho Viejo Road Bridge", "StaDS": "285+15", "StaUS": "285+73", "Length": 58, "FacilityDesc": "RECT BRDG", "Material": "Concrete", "FeaNote": "None", "DwgID": 1578, "DrawingNum": "L02-701-1A", "DwgNum": "L02-701-1A", "Mslink": 1578, "Us_Sttn": "2876874", "Us_Strt": "U/S RANCHO VIEJO RD.", "Ds_Sttn": "2744000", "Ds_Strt": "D/S CAMINO CAPISTRANO", "City": "SAN JUAN CAPISTRANO", "Type": "CONSTRUCTION", "Agency": "OCFCD", "Firm": "LOWRY ENG. AND SCIENC", "Tract": "", "Dwg_Month": "10", "Dwg_Year": "1970", "As_Blt_Month": "", "As_Blt_Year": "", "ROW": "", "Agreement": "", "Agr_Month": "", "Agr_Year": "", "MaintBy": "", "File_In": "VAULT", "File_On": "LINEN", "Sheets": "35", "MFDate": "07/95", "Rack_No": "", "Info": "", "Public_Info": "", "Date_Entered": 1092849660000, "FACILITYNUM": "L02", "FACILITYNAME": "TRABUCO CREEK CHANNEL"}}, {"type": "Feature", "id": 5072, "geometry": {"type": "LineString", "coordinates": [[-117.63584049682792, 33.55862936016112], [-117.63582303112678, 33.55857098034287], [-117.63581234421524, 33.55853525629486]]}, "properties": {"Base": 42, "Height": 42, "OBJECTID": 5072, "FacilityID": 259, "FacilitySystem": "Subregional", "FacilityType": "Underground Conduit", "Ownership": "COUNTY", "OwnerType": "2", "Watershed": "L", "ReachNum": "L05P01-26", "ReachDesc": "Upstream from 18\" junction", "StaDS": "151+73", "StaUS": "152+03", "Length": 30, "FacilityDesc": "RCP", "Material": "Concrete", "FeaNote": null, "DwgID": 1828, "DrawingNum": "L05P01-713-1", "DwgNum": "L05P01-713-1", "Mslink": 1828, "Us_Sttn": "1175125", "Us_Strt": "NORTH OF L05P11 WITHIN SIENNA PKWY.", "Ds_Sttn": "991829", "Ds_Strt": "", "City": "SEE BELOW", "Type": "CONSTRUCTION", "Agency": "PDSD", "Firm": "HUITT-ZOLLARS", "Tract": "15884", "Dwg_Month": "11", "Dwg_Year": "1999", "As_Blt_Month": "", "As_Blt_Year": "", "ROW": "", "Agreement": "NONE", "Agr_Month": "", "Agr_Year": "", "MaintBy": "COUNTY OF ORANGE", "File_In": "VAULT", "File_On": "MYLAR", "Sheets": "8", "MFDate": "", "Rack_No": "", "Info": "LADERA RANCH WITHIN TR.15884. THIS PLAN SET INCLUDE FACILITY L05P11 (STA. 10+00 TO STA. 29+00.75) WHICH IS LOCATED BETWEEN SIENNA PKWY. AND ANTONIO PKWY.", "Public_Info": "LADERA RANCH WITHIN TR.15884. THIS PLAN SET INCLUDE FACILITY L05P11 (STA. 10+00 TO STA. 29+00.75) WHICH IS LOCATED BETWEEN SIENNA PKWY. AND ANTONIO PKWY.", "Date_Entered": 1092849660000, "FACILITYNUM": "L05P01", "FACILITYNAME": "ACJACHEMA STORM DRAIN"}}, {"type": "Feature", "id": 5066, "geometry": {"type": "LineString", "coordinates": [[-117.64050539906935, 33.53929746664288], [-117.64038664119637, 33.53835173467478], [-117.64038480871653, 33.53833714195036]]}, "properties": {"Base": 114, "Height": 114, "OBJECTID": 5066, "FacilityID": 259, "FacilitySystem": "Subregional", "FacilityType": "Underground Conduit", "Ownership": "COUNTY", "OwnerType": "2", "Watershed": "L", "ReachNum": "L05P01-03", "ReachDesc": "Utility Right-of-way", "StaDS": "63+00", "StaUS": "66+50", "Length": 350, "FacilityDesc": "RCP", "Material": "Concrete", "FeaNote": null, "DwgID": 1891, "DrawingNum": "L05P01-713-3", "DwgNum": "L05P01-713-3", "Mslink": 1891, "Us_Sttn": "872974", "Us_Strt": "O\u00b4NEILL DR.", "Ds_Sttn": "549299", "Ds_Strt": "L05", "City": "SEE BELOW", "Type": "CONSTRUCTION", "Agency": "PDSD", "Firm": "HALL & FOREMAN, INC.", "Tract": "15987", "Dwg_Month": "08", "Dwg_Year": "2001", "As_Blt_Month": "", "As_Blt_Year": "", "ROW": "/", "Agreement": "/", "Agr_Month": "", "Agr_Year": "", "MaintBy": "COUNTY OF ORANGE", "File_In": "VAULT", "File_On": "MYLAR", "Sheets": "8", "MFDate": "/", "Rack_No": "", "Info": "WITHIN SIENNA PARKWAY", "Public_Info": "WITHIN SIENNA PARKWAY", "Date_Entered": 1092849660000, "FACILITYNUM": "L05P01", "FACILITYNAME": "ACJACHEMA STORM DRAIN"}}, {"type": "Feature", "id": 5052, "geometry": {"type": "LineString", "coordinates": [[-117.6383178395002, 33.547099920951425], [-117.63840466927924, 33.547027361296934], [-117.6384955923909, 33.54695840516466], [-117.6385863311882, 33.546895879329306], [-117.63868043514653, 33.546836943485054], [-117.63877770169289, 33.546781725222054], [-117.63887792056153, 33.546730342297714], [-117.63944975090804, 33.54647232962651], [-117.63951989493182, 33.54643291387453], [-117.63958799824233, 33.546391064590495]]}, "properties": {"Base": 120, "Height": 120, "OBJECTID": 5052, "FacilityID": 259, "FacilitySystem": "Subregional", "FacilityType": "Underground Conduit", "Ownership": "COUNTY", "OwnerType": "2", "Watershed": "L", "ReachNum": "L05P01-12", "ReachDesc": "Upstream Hannah Lane", "StaDS": "101+94", "StaUS": "106+66", "Length": 472, "FacilityDesc": "RCP", "Material": "Concrete", "FeaNote": null, "DwgID": 1891, "DrawingNum": "L05P01-713-2", "DwgNum": "L05P01-713-3", "Mslink": 1891, "Us_Sttn": "872974", "Us_Strt": "O\u00b4NEILL DR.", "Ds_Sttn": "549299", "Ds_Strt": "L05", "City": "SEE BELOW", "Type": "CONSTRUCTION", "Agency": "PDSD", "Firm": "HALL & FOREMAN, INC.", "Tract": "15987", "Dwg_Month": "08", "Dwg_Year": "2001", "As_Blt_Month": "", "As_Blt_Year": "", "ROW": "/", "Agreement": "/", "Agr_Month": "", "Agr_Year": "", "MaintBy": "COUNTY OF ORANGE", "File_In": "VAULT", "File_On": "MYLAR", "Sheets": "8", "MFDate": "/", "Rack_No": "", "Info": "WITHIN SIENNA PARKWAY", "Public_Info": "WITHIN SIENNA PARKWAY", "Date_Entered": 1092849660000, "FACILITYNUM": "L05P01", "FACILITYNAME": "ACJACHEMA STORM DRAIN"}}, {"type": "Feature", "id": 5075, "geometry": {"type": "LineString", "coordinates": [[-117.63613595369881, 33.56064391639292], [-117.63613705479088, 33.56063966519991], [-117.63614443874684, 33.56061767056495], [-117.63616264577638, 33.56055551143468], [-117.63616407297623, 33.5605498210896], [-117.63617273544723, 33.560515283866835]]}, "properties": {"Base": 42, "Height": 42, "OBJECTID": 5075, "FacilityID": 259, "FacilitySystem": "Subregional", "FacilityType": "Underground Conduit", "Ownership": "COUNTY", "OwnerType": "2", "Watershed": "L", "ReachNum": "L05P01-29", "ReachDesc": "Downstream Flintridge Ave", "StaDS": "159+05", "StaUS": "159+54", "Length": 49, "FacilityDesc": "RCP", "Material": "Concrete", "FeaNote": null, "DwgID": 1828, "DrawingNum": "L05P01-713-1", "DwgNum": "L05P01-713-1", "Mslink": 1828, "Us_Sttn": "1175125", "Us_Strt": "NORTH OF L05P11 WITHIN SIENNA PKWY.", "Ds_Sttn": "991829", "Ds_Strt": "", "City": "SEE BELOW", "Type": "CONSTRUCTION", "Agency": "PDSD", "Firm": "HUITT-ZOLLARS", "Tract": "15884", "Dwg_Month": "11", "Dwg_Year": "1999", "As_Blt_Month": "", "As_Blt_Year": "", "ROW": "", "Agreement": "NONE", "Agr_Month": "", "Agr_Year": "", "MaintBy": "COUNTY OF ORANGE", "File_In": "VAULT", "File_On": "MYLAR", "Sheets": "8", "MFDate": "", "Rack_No": "", "Info": "LADERA RANCH WITHIN TR.15884. THIS PLAN SET INCLUDE FACILITY L05P11 (STA. 10+00 TO STA. 29+00.75) WHICH IS LOCATED BETWEEN SIENNA PKWY. AND ANTONIO PKWY.", "Public_Info": "LADERA RANCH WITHIN TR.15884. THIS PLAN SET INCLUDE FACILITY L05P11 (STA. 10+00 TO STA. 29+00.75) WHICH IS LOCATED BETWEEN SIENNA PKWY. AND ANTONIO PKWY.", "Date_Entered": 1092849660000, "FACILITYNUM": "L05P01", "FACILITYNAME": "ACJACHEMA STORM DRAIN"}}, {"type": "Feature", "id": 5046, "geometry": {"type": "LineString", "coordinates": [[-117.6357059077685, 33.55801846505031], [-117.6356989648711, 33.557954596628406], [-117.63568903127963, 33.557812446149605], [-117.63568666982448, 33.55767006713428], [-117.63569188601078, 33.55752774085491], [-117.63570467029668, 33.55738575055314], [-117.63572499588301, 33.55724437785832], [-117.63575282195826, 33.55710390365233], [-117.6357880947473, 33.55696460625517], [-117.6358308399307, 33.55682647725895], [-117.63588090600398, 33.556690083714386]]}, "properties": {"Base": 66, "Height": 66, "OBJECTID": 5046, "FacilityID": 259, "FacilitySystem": "Subregional", "FacilityType": "Underground Conduit", "Ownership": "COUNTY", "OwnerType": "2", "Watershed": "L", "ReachNum": "L05P01-22", "ReachDesc": "Downstream Windmill Avenue", "StaDS": "144+68", "StaUS": "149+57", "Length": 489, "FacilityDesc": "RCP", "Material": "Concrete", "FeaNote": null, "DwgID": 1891, "DrawingNum": "L05P01-713-2", "DwgNum": "L05P01-713-3", "Mslink": 1891, "Us_Sttn": "872974", "Us_Strt": "O\u00b4NEILL DR.", "Ds_Sttn": "549299", "Ds_Strt": "L05", "City": "SEE BELOW", "Type": "CONSTRUCTION", "Agency": "PDSD", "Firm": "HALL & FOREMAN, INC.", "Tract": "15987", "Dwg_Month": "08", "Dwg_Year": "2001", "As_Blt_Month": "", "As_Blt_Year": "", "ROW": "/", "Agreement": "/", "Agr_Month": "", "Agr_Year": "", "MaintBy": "COUNTY OF ORANGE", "File_In": "VAULT", "File_On": "MYLAR", "Sheets": "8", "MFDate": "/", "Rack_No": "", "Info": "WITHIN SIENNA PARKWAY", "Public_Info": "WITHIN SIENNA PARKWAY", "Date_Entered": 1092849660000, "FACILITYNUM": "L05P01", "FACILITYNAME": "ACJACHEMA STORM DRAIN"}}, {"type": "Feature", "id": 5063, "geometry": {"type": "LineString", "coordinates": [[-117.63581234421524, 33.55853525629486], [-117.63581194500482, 33.55853392259963], [-117.63580474770772, 33.55851360060075], [-117.63579577265803, 33.5584944579837], [-117.63579549730446, 33.558493870427704], [-117.63578426391248, 33.55847487467174]]}, "properties": {"Base": 42, "Height": 42, "OBJECTID": 5063, "FacilityID": 259, "FacilitySystem": "Subregional", "FacilityType": "Underground Conduit", "Ownership": "COUNTY", "OwnerType": "2", "Watershed": "L", "ReachNum": "L05P01-25", "ReachDesc": "to junction 18\" laterals", "StaDS": "151+43", "StaUS": "151+73", "Length": 30, "FacilityDesc": "RCP", "Material": "Concrete", "FeaNote": null, "DwgID": 1828, "DrawingNum": "L05P01-713-1", "DwgNum": "L05P01-713-1", "Mslink": 1828, "Us_Sttn": "1175125", "Us_Strt": "NORTH OF L05P11 WITHIN SIENNA PKWY.", "Ds_Sttn": "991829", "Ds_Strt": "", "City": "SEE BELOW", "Type": "CONSTRUCTION", "Agency": "PDSD", "Firm": "HUITT-ZOLLARS", "Tract": "15884", "Dwg_Month": "11", "Dwg_Year": "1999", "As_Blt_Month": "", "As_Blt_Year": "", "ROW": "", "Agreement": "NONE", "Agr_Month": "", "Agr_Year": "", "MaintBy": "COUNTY OF ORANGE", "File_In": "VAULT", "File_On": "MYLAR", "Sheets": "8", "MFDate": "", "Rack_No": "", "Info": "LADERA RANCH WITHIN TR.15884. THIS PLAN SET INCLUDE FACILITY L05P11 (STA. 10+00 TO STA. 29+00.75) WHICH IS LOCATED BETWEEN SIENNA PKWY. AND ANTONIO PKWY.", "Public_Info": "LADERA RANCH WITHIN TR.15884. THIS PLAN SET INCLUDE FACILITY L05P11 (STA. 10+00 TO STA. 29+00.75) WHICH IS LOCATED BETWEEN SIENNA PKWY. AND ANTONIO PKWY.", "Date_Entered": 1092849660000, "FACILITYNUM": "L05P01", "FACILITYNAME": "ACJACHEMA STORM DRAIN"}}, {"type": "Feature", "id": 5069, "geometry": {"type": "LineString", "coordinates": [[-117.63785857674526, 33.54765322077681], [-117.63786202483485, 33.547621646750834], [-117.6378607855428, 33.54758995815405], [-117.63785891617016, 33.54755040553102], [-117.63786471530838, 33.54751112180615], [-117.63787802923967, 33.54747314115273], [-117.63789850665238, 33.54743746477811], [-117.63792560896539, 33.547405032856574], [-117.63795862178513, 33.54737670005513]]}, "properties": {"Base": 108, "Height": 108, "OBJECTID": 5069, "FacilityID": 259, "FacilitySystem": "Subregional", "FacilityType": "Underground Conduit", "Ownership": "COUNTY", "OwnerType": "2", "Watershed": "L", "ReachNum": "L05P01-14", "ReachDesc": "Sellas Road roundabout", "StaDS": "108+21", "StaUS": "109+25", "Length": 104, "FacilityDesc": "RCP", "Material": "Concrete", "FeaNote": null, "DwgID": 1891, "DrawingNum": "L05P01-713-2", "DwgNum": "L05P01-713-3", "Mslink": 1891, "Us_Sttn": "872974", "Us_Strt": "O\u00b4NEILL DR.", "Ds_Sttn": "549299", "Ds_Strt": "L05", "City": "SEE BELOW", "Type": "CONSTRUCTION", "Agency": "PDSD", "Firm": "HALL & FOREMAN, INC.", "Tract": "15987", "Dwg_Month": "08", "Dwg_Year": "2001", "As_Blt_Month": "", "As_Blt_Year": "", "ROW": "/", "Agreement": "/", "Agr_Month": "", "Agr_Year": "", "MaintBy": "COUNTY OF ORANGE", "File_In": "VAULT", "File_On": "MYLAR", "Sheets": "8", "MFDate": "/", "Rack_No": "", "Info": "WITHIN SIENNA PARKWAY", "Public_Info": "WITHIN SIENNA PARKWAY", "Date_Entered": 1092849660000, "FACILITYNUM": "L05P01", "FACILITYNAME": "ACJACHEMA STORM DRAIN"}}, {"type": "Feature", "id": 1966, "geometry": {"type": "LineString", "coordinates": [[-117.66955627226656, 33.52837941714369], [-117.66957824222406, 33.52834787151303], [-117.66959595662036, 33.528314501534226], [-117.66960920449294, 33.5282797081752], [-117.66964714943718, 33.52815562347042], [-117.66965726515686, 33.52812254482669]]}, "properties": {"Base": 60, "Height": 15, "OBJECTID": 1966, "FacilityID": 250, "FacilitySystem": "Regional", "FacilityType": "Riprap Channel", "Ownership": "DISTRICT", "OwnerType": "1", "Watershed": "L", "ReachNum": "L02-13", "ReachDesc": "u/s transition to", "StaDS": "286+80", "StaUS": "287+20", "Length": 40, "FacilityDesc": "ET", "Material": "Concrete", "FeaNote": "None", "DwgID": 1578, "DrawingNum": "L02-701-1A", "DwgNum": "L02-701-1A", "Mslink": 1578, "Us_Sttn": "2876874", "Us_Strt": "U/S RANCHO VIEJO RD.", "Ds_Sttn": "2744000", "Ds_Strt": "D/S CAMINO CAPISTRANO", "City": "SAN JUAN CAPISTRANO", "Type": "CONSTRUCTION", "Agency": "OCFCD", "Firm": "LOWRY ENG. AND SCIENC", "Tract": "", "Dwg_Month": "10", "Dwg_Year": "1970", "As_Blt_Month": "", "As_Blt_Year": "", "ROW": "", "Agreement": "", "Agr_Month": "", "Agr_Year": "", "MaintBy": "", "File_In": "VAULT", "File_On": "LINEN", "Sheets": "35", "MFDate": "07/95", "Rack_No": "", "Info": "", "Public_Info": "", "Date_Entered": 1092849660000, "FACILITYNUM": "L02", "FACILITYNAME": "TRABUCO CREEK CHANNEL"}}]}