{"type": "FeatureCollection", "features": [{"type": "Feature", "id": 8485, "geometry": {"type": "MultiPolygon", "coordinates": [[[[-117.66532045520228, 33.54032668581117], [-117.66470292341715, 33.54060535728421], [-117.66458589348646, 33.540742324186304], [-117.66450714384898, 33.54102902982499], [-117.66440317413347, 33.5412596736057], [-117.6643699860121, 33.541626083661136], [-117.66453823694782, 33.541853757465766], [-117.6645437901978, 33.54186127150067], [-117.66457319804242, 33.54190106559022], [-117.66537358166066, 33.54030271116822], [-117.66532045520228, 33.54032668581117]]], [[[-117.65220490410653, 33.55750501518688], [-117.6521052237688, 33.55764573521889], [-117.65193569955127, 33.55775185919413], [-117.65148684167826, 33.55864132327398], [-117.65112548199767, 33.559368939277014], [-117.65000102427823, 33.56087556810117], [-117.64961271203495, 33.56238128082122], [-117.649346998866, 33.56291292718799], [-117.64966350825755, 33.562879343392744], [-117.6496882335491, 33.56287677786397], [-117.64976762076705, 33.56286930941791], [-117.64984715046542, 33.562863002526434], [-117.64992679897043, 33.56285785835716], [-117.65000654369936, 33.56285387896724], [-117.65008635882465, 33.56285106554857], [-117.65452797918923, 33.56272687913825], [-117.65454463918225, 33.56266093033642], [-117.65445085572739, 33.56266093570954], [-117.65494192845829, 33.56071714591601], [-117.6551345078763, 33.56049833597949], [-117.6555197689353, 33.56006008640195], [-117.65661900135308, 33.55880631496699], [-117.6569610715253, 33.55841643298553], [-117.6573326898883, 33.5579922728992], [-117.65771731309135, 33.55755350023634], [-117.65799203627508, 33.5572403908963], [-117.6590176610354, 33.5560701836515], [-117.65901466948947, 33.55298991608526], [-117.65917426684072, 33.552671169349395], [-117.65917858112148, 33.55267270303405], [-117.659306256832, 33.55269826533656], [-117.65978212219012, 33.55279353164246], [-117.65991953849925, 33.55282104075203], [-117.65995153585361, 33.55277982178967], [-117.65997625232, 33.55273523079418], [-117.65999318968282, 33.5526881597963], [-117.6600020078686, 33.552639556744566], [-117.66002433507337, 33.55256779799589], [-117.66003248066434, 33.55250115925688], [-117.66003211264616, 33.55243417057248], [-117.66002323692675, 33.552367596529756], [-117.66001889422743, 33.552337233591], [-117.66002000736707, 33.552306670008804], [-117.66002655178679, 33.55227658595356], [-117.66003837895562, 33.55224765398158], [-117.6600569264221, 33.55220632849314], [-117.66010270538828, 33.55213251695803], [-117.66013388863192, 33.55208032247497], [-117.66017378266281, 33.552038756128155], [-117.66021578415445, 33.551985651009495], [-117.66026276123964, 33.55193555445127], [-117.6603144068129, 33.5518887891329], [-117.66039035829291, 33.55183251223284], [-117.66045217016526, 33.55179321512269], [-117.66050886628005, 33.55174883976497], [-117.66055985533409, 33.5516998491321], [-117.66060460280593, 33.551646754246256], [-117.66064264492444, 33.55159011221715], [-117.66068374834977, 33.55149132723444], [-117.66072291973681, 33.55140507631299], [-117.66074374129865, 33.55135629301424], [-117.66075793468492, 33.551305869744894], [-117.66076532054002, 33.55125443613249], [-117.66076500055223, 33.55110249004659], [-117.6607751580386, 33.551060828469495], [-117.6607892875566, 33.55101998482937], [-117.66084728777712, 33.55085023907188], [-117.66089906842264, 33.55067909034937], [-117.66093515511699, 33.55055467315038], [-117.66096517008395, 33.550429129965394], [-117.66098905854194, 33.550302667912234], [-117.66100699375498, 33.550237841489725], [-117.66103238839722, 33.55017478806613], [-117.66106500551548, 33.55011410635553], [-117.66108523668413, 33.55007499965919], [-117.66109959566164, 33.55003411279375], [-117.6611078673288, 33.54999206136527], [-117.66111963494834, 33.549927574427365], [-117.66113910203283, 33.54981115703984], [-117.66115453315767, 33.54970908748404], [-117.6611640237477, 33.54959241524911], [-117.66116569599674, 33.54947548355434], [-117.66115954285948, 33.549358654067866], [-117.66115295953234, 33.549273637447456], [-117.66113807865398, 33.54918935778359], [-117.66111499773429, 33.549106382950626], [-117.66108387441753, 33.54902527022119], [-117.661044915714, 33.54894656638809], [-117.66104099141666, 33.54894276684792], [-117.66227850444247, 33.546470894439], [-117.66439947008409, 33.54223005587638], [-117.66432929353303, 33.54213509525469], [-117.66409999017404, 33.541824805898514], [-117.66381118035845, 33.542085332927236], [-117.66376513055152, 33.542126873117496], [-117.66327212195256, 33.542375995924644], [-117.66294102643049, 33.5424730705718], [-117.66248438417126, 33.542546708345654], [-117.66229529377223, 33.542782850566084], [-117.66223698526078, 33.54278118732377], [-117.66223989755714, 33.542768638467514], [-117.66224367462996, 33.54275236653426], [-117.66227868150447, 33.54262422419906], [-117.66228907370264, 33.54259904130949], [-117.66230417381725, 33.54257558951316], [-117.6623235868457, 33.54255448014412], [-117.66234680694906, 33.54253626267333], [-117.66237322701085, 33.54252141648519], [-117.66240215762265, 33.542510326315664], [-117.66243284432485, 33.54250328295912], [-117.66246448355103, 33.542500470463274], [-117.6625932096597, 33.54249457452741], [-117.66272128832647, 33.54248227460027], [-117.6627392953747, 33.542479628433576], [-117.66275466936705, 33.54247736922071], [-117.66284826584014, 33.542463616409115], [-117.6629548080082, 33.542445208933806], [-117.66304400573188, 33.542426743026105], [-117.66309838901587, 33.54241164334302], [-117.66310974808647, 33.54240849006488], [-117.66313122053218, 33.5424025285739], [-117.66321592387533, 33.54237271134628], [-117.66329760396282, 33.54233747299229], [-117.6633757677978, 33.54229702560714], [-117.66344994015253, 33.54225161444882], [-117.66393798023788, 33.54192769583484], [-117.66396067607424, 33.541910515572575], [-117.66398053146233, 33.5418910221989], [-117.6639972136126, 33.541869545014215], [-117.66402692879741, 33.54181949318932], [-117.66404829292507, 33.54177201862817], [-117.66405046739767, 33.54176718778163], [-117.66406758823162, 33.54171316174323], [-117.66407519807241, 33.54169201571881], [-117.66408691538884, 33.541672228819316], [-117.66410240997868, 33.54165435664472], [-117.66412124950362, 33.54163889824473], [-117.66416068686225, 33.54161156382352], [-117.66416581205493, 33.541618713934895], [-117.66423422228422, 33.541571299200214], [-117.66425626469022, 33.541553143431784], [-117.66427428259227, 33.54153210369603], [-117.6642877497352, 33.54150879733653], [-117.66429626803142, 33.54148390967305], [-117.66429958976103, 33.541458168500824], [-117.66429761627501, 33.541432330579745], [-117.66428492408708, 33.54136181982474], [-117.66428163304425, 33.54133295267306], [-117.66428210554227, 33.54130395620552], [-117.66427650606776, 33.541274374064024], [-117.66428896265268, 33.54123368957077], [-117.66430867812616, 33.54119507050892], [-117.66434876070439, 33.54112475827349], [-117.6643828585122, 33.54105226693208], [-117.66441080504336, 33.5409779527559], [-117.66441853982661, 33.54094824348297], [-117.66442230757502, 33.540917999472434], [-117.66442252735527, 33.54090378230876], [-117.66442261014731, 33.54089839090391], [-117.66441961442439, 33.540867083056554], [-117.66441237326285, 33.54083626708323], [-117.66438736612349, 33.54075475641809], [-117.66438323049697, 33.54073590431187], [-117.66438269316379, 33.540725202526176], [-117.66438226772146, 33.54071675466364], [-117.66438449674607, 33.54069767966748], [-117.6643925061515, 33.540666112442445], [-117.66440365244989, 33.540635219232065], [-117.66441892692691, 33.540606234947006], [-117.66443952977171, 33.540579663536626], [-117.66446493252454, 33.54055618548627], [-117.66449448378546, 33.54053640332692], [-117.66452742726881, 33.54052082610109], [-117.66484577272189, 33.54039729402824], [-117.66486541510872, 33.54039033859319], [-117.66497002651495, 33.54035463471573], [-117.66507277785585, 33.54031532247835], [-117.66517348713552, 33.540272467976024], [-117.6652314475656, 33.5402427918947], [-117.66528492913672, 33.54020771130949], [-117.66533321581888, 33.5401676942415], [-117.66537566159958, 33.54012327644681], [-117.66541170111843, 33.54007505317998], [-117.66542991161847, 33.54004294790428], [-117.66544085160096, 33.54002366564579], [-117.66546271937625, 33.53996980453145], [-117.66548165886356, 33.539920964102755], [-117.66550566024497, 33.539873709951394], [-117.66553453779862, 33.539828409381535], [-117.66556806567712, 33.53978541211878], [-117.66560595495069, 33.53973745811104], [-117.66563938059433, 33.53968723021636], [-117.6656681502879, 33.53963502007629], [-117.66569209557348, 33.53958112988147], [-117.66570904749989, 33.53953802619496], [-117.66573827977352, 33.53945969703853], [-117.66577373421518, 33.539383191626825], [-117.66590238932841, 33.53913105921263], [-117.6659273707145, 33.539074478177405], [-117.66593546289914, 33.5390513120964], [-117.66595097869319, 33.53899164211594], [-117.66595556955342, 33.538958010843444], [-117.66595926155132, 33.53893096872481], [-117.66596022669091, 33.538869906056824], [-117.66595386474954, 33.53880907099364], [-117.66594023954352, 33.53874907777996], [-117.66591948802296, 33.5386905353189], [-117.66589182109949, 33.538634031833595], [-117.66585751944127, 33.53858014122716], [-117.66580618161846, 33.53851194923308], [-117.66575123889612, 33.538445754937776], [-117.66569280117368, 33.53838169504976], [-117.66566243451878, 33.53834621329652], [-117.66563671792849, 33.53830823861445], [-117.66561594048004, 33.538268200543946], [-117.66560033663556, 33.53822654728035], [-117.6655900797832, 33.538183745747084], [-117.66557886519459, 33.53811946266079], [-117.6655703966944, 33.53808807186697], [-117.6655562697297, 33.538058142169334], [-117.66553681996177, 33.53803038571349], [-117.66551250816205, 33.53800546092248], [-117.6654839135479, 33.53798395994894], [-117.66545171412598, 33.53796639176578], [-117.66535368490075, 33.53791780534824], [-117.66525983633717, 33.53786373667791], [-117.665170607547, 33.53780443776237], [-117.6650596357258, 33.537721695986875], [-117.66495322561723, 33.53763485265485], [-117.66485159543006, 33.53754408383813], [-117.66482433456883, 33.53752107882125], [-117.6647944255869, 33.53750051057592], [-117.66443730257232, 33.53727938057622], [-117.66442819497358, 33.53727278248089], [-117.6644203941923, 33.53726509739596], [-117.66441408407164, 33.53725650718348], [-117.6644094121286, 33.537247211250836], [-117.66440648743034, 33.53723742837819], [-117.66440537718887, 33.537227385936724], [-117.66440610890012, 33.53721731896244], [-117.66440866484392, 33.53720746300497], [-117.66442080334768, 33.53718713023082], [-117.66438640499601, 33.537165997018114], [-117.66435200666093, 33.53714486379578], [-117.66433713463998, 33.537165288031744], [-117.66432671488258, 33.53718756341029], [-117.66432106809494, 33.537211014509744], [-117.66432036366558, 33.53723493065628], [-117.66432462321598, 33.53725858572158], [-117.66433371779347, 33.537281264304646], [-117.66434737136372, 33.53730227792273], [-117.66436516983113, 33.537320990157326], [-117.66438657531191, 33.537336833625], [-117.66474369843297, 33.537557963767355], [-117.66476690303399, 33.53757392198371], [-117.6647880536508, 33.537591770994204], [-117.66481813689728, 33.53761863936579], [-117.66484116641729, 33.537639207335594], [-117.66489231367117, 33.53768488780441], [-117.66500147581397, 33.53777397764837], [-117.66511531964417, 33.53785885997028], [-117.66520910601956, 33.5379211882879], [-117.66530774690546, 33.53797801948378], [-117.6654107857301, 33.53802908732004], [-117.66543196811104, 33.53804064457652], [-117.66545078048235, 33.5380547905542], [-117.66546677483062, 33.53807118859652], [-117.66547957119484, 33.538089448973864], [-117.66548886537794, 33.53810913961606], [-117.66549443658522, 33.53812979233748], [-117.66550902606033, 33.53821342218669], [-117.66551950451796, 33.5382569434822], [-117.66553551009147, 33.53829926847602], [-117.66555685824768, 33.53833990692645], [-117.66558330228787, 33.538378386430665], [-117.6656145345702, 33.538414261428066], [-117.6656749802105, 33.538479501411736], [-117.66573162318338, 33.538547093004325], [-117.66578433495096, 33.5386168789702], [-117.66581700943335, 33.538668770056], [-117.66584271536257, 33.53872334003215], [-117.6658611449605, 33.53877993685405], [-117.66587207721167, 33.53883788043809], [-117.66587538026583, 33.538896477962815], [-117.66587101580366, 33.53895502742641], [-117.66586774207188, 33.53897506204675], [-117.66585738415445, 33.53901866967718], [-117.66584274588476, 33.539061408034115], [-117.66582392693498, 33.53910298292443], [-117.66569527163655, 33.53935511525913], [-117.66568354500464, 33.539380395696654], [-117.66567495622542, 33.53939890732918], [-117.6656580898287, 33.5394352651935], [-117.66562735961699, 33.53951731020762], [-117.66561105088417, 33.539558777166285], [-117.66558116520918, 33.53962351401665], [-117.66554360171043, 33.53968538232245], [-117.66549874848577, 33.53974374646215], [-117.66546110760743, 33.53979201501704], [-117.66542868914652, 33.53984287253186], [-117.66540174510678, 33.539895922095376], [-117.66538048204296, 33.539950752885005], [-117.66536178887186, 33.53999679066496], [-117.66533687407036, 33.54004071250365], [-117.66530606948812, 33.54008193301732], [-117.6652831063946, 33.54010596331755], [-117.6652697882489, 33.54011989835973], [-117.66522851533895, 33.54015410346195], [-117.66518280216573, 33.54018408848764], [-117.6651332614235, 33.54020945422117], [-117.66503571341615, 33.54025096256803], [-117.66493618764075, 33.5402890415402], [-117.6648348596183, 33.54032362421482], [-117.66480989713388, 33.54033246427452], [-117.66449155291373, 33.54045599444209], [-117.6644467135775, 33.54047719826104], [-117.66440649059263, 33.54050412421661], [-117.6643719140111, 33.54053607981539], [-117.66434387080871, 33.540572247949264], [-117.66432308029815, 33.54061169799494], [-117.66430986054044, 33.54064833885137], [-117.66430036117457, 33.54068577874641], [-117.66429729335546, 33.54070851341975], [-117.66429721279792, 33.54073139269931], [-117.66430472240641, 33.54077253479862], [-117.66432972948829, 33.540854046381575], [-117.66433663611656, 33.54088887429151], [-117.66433624535873, 33.54092417824579], [-117.6643285701176, 33.54095889407144], [-117.66430241975311, 33.54102842856322], [-117.66427051412063, 33.54109625654919], [-117.66425202825295, 33.541128685779526], [-117.66423301041826, 33.54116204530909], [-117.66421362855648, 33.54119806091967], [-117.664199271435, 33.541235692138], [-117.66419012706001, 33.54127444629645], [-117.66419640845747, 33.54130763838408], [-117.66419661614566, 33.54134013750892], [-117.66420054908066, 33.54137246988324], [-117.66421324227862, 33.54144298063445], [-117.66421428242477, 33.541456604582386], [-117.6642125306229, 33.541470177285035], [-117.66420803855456, 33.541483299596386], [-117.66420093892552, 33.541495588582535], [-117.6641914380029, 33.54150668211515], [-117.66417981587766, 33.54151625509938], [-117.66412139624805, 33.54155674566601], [-117.6641265214344, 33.54156389577909], [-117.664079397856, 33.54159655646145], [-117.6640527092302, 33.54161845479181], [-117.66403075802907, 33.54164377452922], [-117.66401415839844, 33.54167180626401], [-117.66400337788636, 33.541701764703355], [-117.66398795551791, 33.541750426968115], [-117.6639667545672, 33.54179753988075], [-117.66393998799605, 33.541842623109815], [-117.66392794079896, 33.541858135094266], [-117.66391360041428, 33.541872212338156], [-117.66389720857502, 33.54188462125607], [-117.66340916965585, 33.54220853970118], [-117.66333911734532, 33.5422514279534], [-117.66326529663282, 33.54228962853458], [-117.66318815389492, 33.54232291004089], [-117.66310815644849, 33.542351070588275], [-117.66302578719625, 33.54237393967683], [-117.6629415446558, 33.54239137999426], [-117.66286762976335, 33.54240414939124], [-117.66283500253601, 33.54240978655691], [-117.66271187315499, 33.5424278789792], [-117.66258767589264, 33.542439805734965], [-117.66246285050569, 33.54244552396066], [-117.66242066382017, 33.54244927396501], [-117.66237974859904, 33.54245866509746], [-117.66234117446241, 33.54247345168136], [-117.6623059473743, 33.54249324719396], [-117.6622749872091, 33.54251753534092], [-117.66224910316438, 33.542545681155715], [-117.6622289703959, 33.54257695110182], [-117.66221511411561, 33.542610528581655], [-117.66220619106772, 33.54264032782002], [-117.66218723291632, 33.54270959989637], [-117.66217572380067, 33.54275793799514], [-117.66217063878821, 33.542779296013734], [-117.66214239650708, 33.542778490993776], [-117.66210218975922, 33.5429005353385], [-117.66205660851071, 33.54303889856334], [-117.6620355852937, 33.54329768789735], [-117.66197612397404, 33.544029679283014], [-117.66188876030958, 33.54434944103335], [-117.66140381124373, 33.54497416103255], [-117.66090836141517, 33.54561835329271], [-117.66085259152713, 33.54586005079075], [-117.6608201594945, 33.54600059897728], [-117.66065367514325, 33.54610173799121], [-117.66063568487533, 33.5460977416184], [-117.66002325503773, 33.54596170790715], [-117.65975453370993, 33.54573310001731], [-117.65949382594576, 33.545792915521346], [-117.65943985670064, 33.545772996192305], [-117.659012780453, 33.54561537408888], [-117.65901046755246, 33.545614520188074], [-117.65901019564845, 33.54561442046947], [-117.65896939225274, 33.545599360076444], [-117.65880151191493, 33.5455373993036], [-117.65871614293906, 33.54550589171488], [-117.65823601689735, 33.54560024916947], [-117.65816715180316, 33.5456137827825], [-117.65809275919399, 33.5456761274002], [-117.65806300464936, 33.54570106177943], [-117.6578268038276, 33.54589900541877], [-117.65771652661786, 33.546250693027105], [-117.65771066806732, 33.54624993780017], [-117.65752293761513, 33.54622573361983], [-117.6574696154459, 33.54639415727762], [-117.6575899605803, 33.54657772960598], [-117.65761310396995, 33.54662582424678], [-117.65763252585684, 33.546666182761015], [-117.65764704524199, 33.54669635591824], [-117.65773357444586, 33.54687616701388], [-117.65778268032034, 33.547024678835456], [-117.65780093430894, 33.547079884639345], [-117.65782509899572, 33.547152964131584], [-117.6579499795481, 33.5475306384711], [-117.65788492263873, 33.54763904154844], [-117.65774964447553, 33.547864454231494], [-117.65774372732865, 33.54791663663871], [-117.65773887940952, 33.547959394857514], [-117.65773195232681, 33.548020472374944], [-117.65778393088105, 33.54807348444005], [-117.65778649398811, 33.54808717956009], [-117.65779006357099, 33.548106257358434], [-117.65779858635861, 33.548151813013206], [-117.65778852396701, 33.54819229294304], [-117.657720274903, 33.548278286518205], [-117.6577219591681, 33.548304598448155], [-117.6577292713268, 33.54841879639666], [-117.65767612125822, 33.54852996373043], [-117.65765755787764, 33.54872693764575], [-117.6575820980904, 33.54879628403627], [-117.65762557262218, 33.54882545087057], [-117.65767393143935, 33.54907550689015], [-117.65772484487124, 33.5493387792833], [-117.65779337927464, 33.54994764457522], [-117.65774441128637, 33.55012413438975], [-117.65780631421019, 33.550048214419036], [-117.65782249454821, 33.55006795215654], [-117.65785178818413, 33.55010368952939], [-117.65805094639985, 33.55012312834994], [-117.65802946852105, 33.55036178088874], [-117.65789154126134, 33.55059365181945], [-117.65779047888779, 33.55062958890228], [-117.65757935764114, 33.55065086383085], [-117.65756873480743, 33.550651934319056], [-117.65745813727743, 33.55063478138363], [-117.6573141387171, 33.55079244967487], [-117.65712353606627, 33.551001147646225], [-117.65700235669807, 33.55113382997768], [-117.65694588668342, 33.55119565926035], [-117.65693025294792, 33.551212777307605], [-117.65674814318282, 33.55141217310598], [-117.65673129552397, 33.55143061953965], [-117.6566875487399, 33.55147851865449], [-117.65663437190433, 33.55172530079866], [-117.65662029657828, 33.55179062125024], [-117.65661126233825, 33.5518325438907], [-117.65658977309268, 33.551932274528305], [-117.65656059411982, 33.55206768086179], [-117.65655869025376, 33.552076514816456], [-117.65652596714682, 33.55222837686904], [-117.65651347891271, 33.552286334012024], [-117.65651209204816, 33.55229276627226], [-117.65646036419359, 33.552532821365034], [-117.65645277723675, 33.55253724520321], [-117.6562630541454, 33.55264787943184], [-117.65624144348433, 33.552735296652095], [-117.65623570772028, 33.552758502103565], [-117.65607986738571, 33.553091730027575], [-117.65595683575059, 33.553254519617305], [-117.6557069214823, 33.55332385147091], [-117.65556742625454, 33.55339339907906], [-117.65553917243452, 33.5534408460454], [-117.6554998090629, 33.55343006221286], [-117.65538039892856, 33.5535436921965], [-117.65532349827362, 33.55351431633101], [-117.65516033830416, 33.553574569675746], [-117.65508102513076, 33.55361285148291], [-117.65493558287189, 33.55363601822017], [-117.65486732115133, 33.55362068196136], [-117.65476272444418, 33.5535353281548], [-117.65483210930687, 33.553468014282835], [-117.65484105895477, 33.55343415587355], [-117.65485571690297, 33.553378706460514], [-117.65482814880204, 33.55337155038956], [-117.65461332043262, 33.55323751574543], [-117.65458999068117, 33.553300665291566], [-117.65446904544699, 33.55362806374074], [-117.65435227411638, 33.55386076574038], [-117.65423254407347, 33.553909580349895], [-117.65397448960461, 33.554173539665186], [-117.6538011082358, 33.554412813516194], [-117.65373036065353, 33.55454315655132], [-117.65369678224324, 33.55460502106952], [-117.65363586250395, 33.55471725596972], [-117.65363476587166, 33.554735993301406], [-117.6536247398968, 33.5549072351907], [-117.65356304599148, 33.555038456219016], [-117.65356298477064, 33.555201364858], [-117.65343984942277, 33.55531276074723], [-117.65336140513159, 33.55528397936189], [-117.65291374666717, 33.55610183900026], [-117.65281144761198, 33.5562701680531], [-117.65286299904007, 33.556292129222015], [-117.65315492075102, 33.55641778242179], [-117.65262963697396, 33.55727321416337], [-117.65233771315846, 33.55714755975693], [-117.65219114138264, 33.55716163132672], [-117.65220490410653, 33.55750501518688]]], [[[-117.63489319045337, 33.584320547320964], [-117.63486387077207, 33.58436224528699], [-117.63501582158136, 33.58443900510746], [-117.63502652809602, 33.58444483280783], [-117.63500693883238, 33.58445305414055], [-117.63504972299074, 33.58447521753568], [-117.63780161942248, 33.58591036357145], [-117.6396122490126, 33.58685608927057], [-117.64004377284662, 33.58606208127316], [-117.64052339988693, 33.5851795408123], [-117.64140350235944, 33.583866347220614], [-117.641996177952, 33.58298454563687], [-117.64010117223653, 33.581336580037785], [-117.6409128574162, 33.58015360259994], [-117.64145875047872, 33.579228455142214], [-117.64155019035488, 33.579108611281214], [-117.64256415226068, 33.57776183660256], [-117.64268861741543, 33.57752287953138], [-117.64391875926734, 33.57643601288865], [-117.64606900986102, 33.574534932435824], [-117.6488303806333, 33.572095175510384], [-117.65049133582858, 33.570627466377836], [-117.65119112803156, 33.569474796960044], [-117.65133093878488, 33.56924517168477], [-117.65239837964585, 33.567485724094816], [-117.6530729701982, 33.56637449406254], [-117.65398285415114, 33.56487557435907], [-117.65442657024562, 33.5631191049054], [-117.65008776591792, 33.563240412052856], [-117.64983498464981, 33.56325258363991], [-117.64965243344982, 33.563267761633114], [-117.64947062566978, 33.56328826462252], [-117.64938006869713, 33.56330050580132], [-117.64923613849554, 33.56332274061911], [-117.64913276441473, 33.56334064499324], [-117.64853928065935, 33.56452537957245], [-117.64614217015992, 33.56931022581792], [-117.6448025155804, 33.56883962687666], [-117.64457991880904, 33.56884633776068], [-117.6443959258109, 33.56896265248857], [-117.64324190822886, 33.5696921885851], [-117.64194968305814, 33.571781844874764], [-117.64206125494478, 33.572935511706056], [-117.6407647653512, 33.57347482063491], [-117.63868502018512, 33.57517510911326], [-117.63750984554777, 33.57538887071241], [-117.63751214007259, 33.575383451142336], [-117.63555794556318, 33.575738588427676], [-117.63462925664437, 33.57575922670304], [-117.63401400570582, 33.57577289506397], [-117.63353084865871, 33.5753312076353], [-117.63349731092838, 33.57530054793815], [-117.63345142045102, 33.57525859901416], [-117.63343939990676, 33.5752476090786], [-117.63343010994781, 33.57523932459028], [-117.63342980588648, 33.57524032615632], [-117.6334295018395, 33.57524132862397], [-117.63342919777821, 33.57524233019002], [-117.63342889371694, 33.57524333175612], [-117.63342858859289, 33.57524433423566], [-117.63342828345458, 33.57524533581369], [-117.63342797831618, 33.57524633739174], [-117.6334276721008, 33.57524733898167], [-117.6334273669624, 33.575248340559725], [-117.63342706074704, 33.575249342149704], [-117.63342675453158, 33.575250343739675], [-117.63342644831611, 33.57525134532966], [-117.63342614100938, 33.57525234603008], [-117.63342583371688, 33.57525334763199], [-117.63342552642439, 33.57525434923396], [-117.63342521911758, 33.57525534993436], [-117.63342491182506, 33.575256351536325], [-117.63342460344123, 33.57525735224862], [-117.63342429505732, 33.57525835296098], [-117.63342398668779, 33.575259354574904], [-117.6334236783039, 33.575260355287256], [-117.63342336992002, 33.575261355999615], [-117.6334230604591, 33.57526235672395], [-117.63342275099812, 33.575263357448236], [-117.63342244153718, 33.57526435817255], [-117.63342213099921, 33.57526535890881], [-117.63342182153824, 33.575266359633126], [-117.63342151100024, 33.57526736036939], [-117.6334212004622, 33.57526836110569], [-117.63342088992415, 33.57526936184194], [-117.6334205782948, 33.57527036168863], [-117.63342026667974, 33.57527136243683], [-117.63341995505036, 33.575272362283535], [-117.6334196434352, 33.57527336303175], [-117.63341933180581, 33.57527436287846], [-117.63341901911367, 33.575275363638625], [-117.63341870640721, 33.57527636349724], [-117.63341839370078, 33.57527736335594], [-117.63341808099432, 33.575278363214544], [-117.63341776721079, 33.57527936308512], [-117.63341745450427, 33.57528036294376], [-117.63341714072078, 33.57528136281435], [-117.63341682586018, 33.57528236269691], [-117.63341651207664, 33.575283362567504], [-117.63341619721605, 33.575284362450084], [-117.63341588235541, 33.57528536233263], [-117.63341556748054, 33.57528636131362], [-117.63341525261991, 33.575287361196175], [-117.6334149366679, 33.57528836018916], [-117.63341462180726, 33.57528936007168], [-117.63341430585531, 33.575290359064645], [-117.63341398991767, 33.575291358959205], [-117.63341367288858, 33.575292357964116], [-117.63341335585953, 33.575293356969055], [-117.63341303990754, 33.57529435596202], [-117.63341272180143, 33.5752953549789], [-117.63341240477241, 33.5752963539838], [-117.63341208774332, 33.57529735298869], [-117.63341176963719, 33.57529835200558], [-117.63341145153107, 33.575299351022466], [-117.63341113341065, 33.57530034913782], [-117.63341081530449, 33.57530134815469], [-117.63341049718403, 33.575302346270036], [-117.63341017800082, 33.57530334529885], [-117.63340985880333, 33.57530434342614], [-117.63340953854305, 33.575305342466926], [-117.63340921934555, 33.57530634059421], [-117.63340889908525, 33.575307339635025], [-117.6334085788107, 33.57530833777428], [-117.6334082585361, 33.575309335913495], [-117.63340793718447, 33.57531033406474], [-117.63340761690989, 33.57531133220401], [-117.63340729555826, 33.57531233035518], [-117.6334069742066, 33.57531332850639], [-117.63340665177786, 33.57531432666957], [-117.63340633042618, 33.57531532482074], [-117.63340600799748, 33.575316322983944], [-117.63340568556875, 33.57531732114709], [-117.63340536312575, 33.5753183184087], [-117.63340503961993, 33.57531931658385], [-117.6334047171769, 33.57532031384541], [-117.63340439367113, 33.575321312020556], [-117.63340406907395, 33.57532230930609], [-117.63340374556816, 33.57532330748122], [-117.633403422048, 33.575324304754766], [-117.63340309745088, 33.57532530204035], [-117.6334027728537, 33.575326299325866], [-117.63340244825649, 33.57532729661138], [-117.63340212258227, 33.57532829390889], [-117.633401796908, 33.57532929120637], [-117.6334014723108, 33.57533028849193], [-117.6334011455595, 33.575331285801326], [-117.63340081988527, 33.57533228309881], [-117.63340049419669, 33.57533327949476], [-117.6334001674454, 33.57533427680425], [-117.63339984069405, 33.57533527411365], [-117.6333995128514, 33.57533627053354], [-117.6333991861, 33.57533726784299], [-117.63339885825735, 33.575338264262825], [-117.63185792864057, 33.580026237727424], [-117.63171785990605, 33.580469085074945], [-117.63180804306029, 33.58047993218375], [-117.63268424006331, 33.58058531637776], [-117.63277632358388, 33.58058159899371], [-117.6329498676822, 33.58057459214854], [-117.63301170190392, 33.58057571264069], [-117.63307273974964, 33.58058402222247], [-117.63313180016183, 33.58059936268559], [-117.6331877353677, 33.580621432984806], [-117.63323945700013, 33.5806498060799], [-117.63328595653334, 33.58068392690515], [-117.63332633035574, 33.58072313102582], [-117.63335979290967, 33.58076665801736], [-117.63338569191363, 33.58081366031294], [-117.63340352480598, 33.58086322105421], [-117.63341218035482, 33.58090749242253], [-117.63366700868956, 33.58299730446967], [-117.63367939604748, 33.582994397736954], [-117.63371951754587, 33.582990162197525], [-117.63375975921277, 33.58299350503987], [-117.63378929336633, 33.58300106326217], [-117.63397935319023, 33.58306503139736], [-117.63415031472248, 33.58325657454266], [-117.63405268579184, 33.583488263075466], [-117.63386040921034, 33.58394455450534], [-117.63409083556691, 33.58402765724793], [-117.6341579892003, 33.58405324535686], [-117.63410757738221, 33.58408226239817], [-117.63414523820771, 33.5840967409931], [-117.63434717193086, 33.58417782264207], [-117.63439662933146, 33.5841493571339], [-117.63445600180998, 33.58417455726307], [-117.63452358552338, 33.58420387976522], [-117.63456134285698, 33.584220562731865], [-117.63457372831415, 33.58422608236242], [-117.63457808797435, 33.5842280293769], [-117.63467579064925, 33.58427246502233], [-117.6347868180135, 33.58432477493127], [-117.63481641456683, 33.58428158158433], [-117.63489319045337, 33.584320547320964]]], [[[-117.61856205162822, 33.58694561223457], [-117.61857377864665, 33.586949376949676], [-117.61858551609868, 33.58695311990823], [-117.61859726290704, 33.58695684112203], [-117.61860902014895, 33.5869605405793], [-117.61862078676134, 33.58696421919332], [-117.61863256271592, 33.58696787516105], [-117.61864434911816, 33.58697151027379], [-117.61865614272232, 33.586975123665404], [-117.61866794780894, 33.58697871348548], [-117.61867976120287, 33.58698228337574], [-117.6186915850303, 33.58698583150943], [-117.61870341821403, 33.5869893578983], [-117.61871525966272, 33.58699286165269], [-117.61872711155901, 33.586996344552105], [-117.61873897172022, 33.58699980481702], [-117.61875084125185, 33.58700324423863], [-117.61876271904833, 33.587006661025804], [-117.61877460727828, 33.587010056056336], [-117.61878650271012, 33.58701342936578], [-117.61879840857532, 33.58701678091862], [-117.61881032164236, 33.5870201107503], [-117.6188222440515, 33.58702341793571], [-117.61883417581681, 33.58702670337629], [-117.61884611693826, 33.58702996707203], [-117.61885806526159, 33.587033209046695], [-117.61887002184974, 33.58703642838685], [-117.61888198673097, 33.58703962689557], [-117.61889396095432, 33.58704280275794], [-117.61890594237936, 33.58704595689915], [-117.6189179331464, 33.58704908839402], [-117.61892993002388, 33.5870521972781], [-117.61894193734877, 33.58705528530702], [-117.61895395186131, 33.587058350713235], [-117.61896597463858, 33.58706139348496], [-117.61897800461765, 33.58706441453548], [-117.61899004395276, 33.58706741384126], [-117.61900208939822, 33.58707039053613], [-117.61901414418561, 33.58707334458464], [-117.61902620617472, 33.587076276911965], [-117.61903827535139, 33.58707918661664], [-117.61905035280687, 33.5870820745883], [-117.61906243744984, 33.587084939937235], [-117.61907453037173, 33.58708778355315], [-117.61908662940387, 33.587090604558234], [-117.61909873671486, 33.58709340383026], [-117.61911085121335, 33.58709618047962], [-117.61912297399063, 33.58709893539592], [-117.61913510286399, 33.58710166679983], [-117.61914723893901, 33.58710437648257], [-117.61915938221564, 33.58710706444408], [-117.6191715316025, 33.58710972979475], [-117.61918368923982, 33.587112371609294], [-117.61919585301568, 33.58711499261601], [-117.61920802288759, 33.58711759011034], [-117.61922020103826, 33.58712016587161], [-117.61923238529914, 33.58712271902198], [-117.6192445767474, 33.58712524954963], [-117.61925677432001, 33.5871277583679], [-117.6192689779886, 33.58713024367371], [-117.61928118887286, 33.5871327081599], [-117.61929340585317, 33.58713514913366], [-117.61930563002079, 33.587137567484596], [-117.61931786029858, 33.58713996322469], [-117.61933009560929, 33.587142336365666], [-117.61934233812147, 33.58714468778544], [-117.6193545867296, 33.587147015692814], [-117.619366841462, 33.58714932189071], [-117.61937910229032, 33.58715160457622], [-117.61939137032012, 33.58715386554048], [-117.61940364230556, 33.587156103917536], [-117.61941592038697, 33.5871583187821], [-117.6194282045925, 33.58716051193727], [-117.61944049490819, 33.5871626824815], [-117.61945279024253, 33.58716482952514], [-117.6194650917011, 33.58716695485938], [-117.61947739710111, 33.58716905670482], [-117.61948970968831, 33.58717113592747], [-117.61950202732247, 33.587173193452585], [-117.61951434997536, 33.587175227477005], [-117.6195266787523, 33.587177239792126], [-117.61953901254792, 33.58717922860656], [-117.6195513513763, 33.58718119482191], [-117.61956369523746, 33.58718313843813], [-117.61957604413135, 33.58718505945528], [-117.619588398058, 33.58718695787329], [-117.61960075700324, 33.58718883279066], [-117.61961312099541, 33.58719068601048], [-117.61962549000606, 33.587192515729654], [-117.61963786297233, 33.58719432286153], [-117.61965024312562, 33.58719610737061], [-117.61966262508001, 33.58719786931609], [-117.61967501313016, 33.58719960774909], [-117.61968740513579, 33.587201323594826], [-117.61969980109689, 33.58720301685333], [-117.61971220209062, 33.58720468751262], [-117.61972460811701, 33.587206335572866], [-117.61973701593031, 33.58720796016793], [-117.61974942986757, 33.58720956305363], [-117.61976184773198, 33.58721114154888], [-117.61977092091074, 33.58721227621306], [-117.6197799971373, 33.58721339912096], [-117.6197890742432, 33.587214509394656], [-117.61979815438278, 33.58721560701053], [-117.619807236493, 33.587216692881924], [-117.61981632055965, 33.58721776610735], [-117.6198254065969, 33.58721882758832], [-117.61983449459072, 33.58721987642327], [-117.61984358455508, 33.58722091351376], [-117.6198526764759, 33.58722193795821], [-117.61986177036734, 33.58722295065827], [-117.61987086621524, 33.58722395071225], [-117.61987996511091, 33.587224939009964], [-117.61988906380867, 33.5872259146854], [-117.61989816554008, 33.58722687770291], [-117.61990727031923, 33.58722782896417], [-117.61991637599178, 33.58722876849275], [-117.6199254825436, 33.587229695387215], [-117.61993459105177, 33.58723060963563], [-117.61994370153053, 33.5872315121396], [-117.61995281396577, 33.587232401997625], [-117.61996192837158, 33.58723328011112], [-117.61997104365652, 33.587234145590436], [-117.6199801609121, 33.58723499932532], [-117.6199892790327, 33.58723583952451], [-117.61999839912384, 33.58723666797921], [-117.62000752118554, 33.58723748468945], [-117.62001664520368, 33.58723828875366], [-117.62002577011509, 33.58723908108524], [-117.62003489698293, 33.58723986077086], [-117.62004402472994, 33.58724062782224], [-117.62005315444749, 33.58724138312924], [-117.62006228613555, 33.58724212669169], [-117.62007141868864, 33.587242856718426], [-117.62008055214925, 33.58724357591415], [-117.62008968755197, 33.5872442815623], [-117.6200988238481, 33.5872449754778], [-117.62010796210056, 33.58724565674729], [-117.62011710124634, 33.58724632628416], [-117.62012624127121, 33.58724698318688], [-117.6201353832666, 33.58724762834511], [-117.62014452614116, 33.587248260869124], [-117.62015367097206, 33.58724888074718], [-117.62016281669621, 33.587249488892624], [-117.62017196329955, 33.58725008440387], [-117.62018111078199, 33.587250667280934], [-117.62019025915768, 33.58725123842538], [-117.62019940948966, 33.587251796923844], [-117.62020856071501, 33.58725234368966], [-117.62021771174221, 33.5872528778331], [-117.62022686472571, 33.5872533993306], [-117.62023601860248, 33.58725390909542], [-117.62024517228117, 33.58725440623796], [-117.62025432900751, 33.58725489162411], [-117.6202634855216, 33.58725536348644], [-117.62027264292891, 33.58725582361611], [-117.62028180122948, 33.587256272013235], [-117.62029096040908, 33.587256707776106], [-117.62030012046786, 33.58725713090482], [-117.6203092814198, 33.58725754230095], [-117.62031844325082, 33.58725794106283], [-117.62032760597506, 33.58725832809215], [-117.62033676957837, 33.58725870248725], [-117.62034593298353, 33.58725906426005], [-117.62035509834496, 33.5872594133868], [-117.62036426352236, 33.58725975079282], [-117.62037342957885, 33.587260075564664], [-117.62038259543716, 33.58726038771411], [-117.62039176218873, 33.58726068813097], [-117.62040093089647, 33.58726097590183], [-117.6204100994202, 33.587261251951865], [-117.62041926880879, 33.587261514466206], [-117.62042843802762, 33.58726176616132], [-117.620437607034, 33.587262004332565], [-117.62044677693362, 33.587262230771124], [-117.62045594771224, 33.58726244457557], [-117.62046511936984, 33.58726264574583], [-117.62047428976626, 33.58726283520715], [-117.6204834621188, 33.58726301202238], [-117.62049263428737, 33.58726317711696], [-117.62050180518052, 33.58726332960097], [-117.6205109780299, 33.58726346943898], [-117.62052015068102, 33.58726359665468], [-117.62052932422525, 33.58726371213775], [-117.62053849649412, 33.58726381501033], [-117.62054767073334, 33.58726390613841], [-117.62055684369712, 33.587263984656005], [-117.6205660175398, 33.587264050539495], [-117.6205751922615, 33.58726410378879], [-117.62058436572191, 33.5872641453291], [-117.62059354006128, 33.58726417423522], [-117.62060271421657, 33.587264191420644], [-117.62061188815944, 33.587264195082184], [-117.62062106191824, 33.587264187022875], [-117.62063023657012, 33.58726416723096], [-117.62063940993235, 33.587264133927064], [-117.62064858418778, 33.58726408889051], [-117.62065775932203, 33.58726403121977], [-117.620666933195, 33.58726396184011], [-117.62066503666708, 33.58710330657367], [-117.62057514965682, 33.58697988679416], [-117.62056552180903, 33.58684315398227], [-117.62082055608538, 33.586529150448435], [-117.62062576639023, 33.586417893010804], [-117.6203867189792, 33.58665746960262], [-117.62036295309605, 33.58617545370212], [-117.62044621628029, 33.58608373899046], [-117.62036747480255, 33.58548228775723], [-117.62046416762148, 33.585257422327764], [-117.62009004980587, 33.5852247617072], [-117.61993572551052, 33.585046282539416], [-117.62006978154496, 33.58450660528636], [-117.62008321536503, 33.58437001366786], [-117.62031648514441, 33.58415302105518], [-117.62035244613445, 33.583992034875294], [-117.62047461016927, 33.583946845602654], [-117.62048712099833, 33.58386526434432], [-117.62049813508182, 33.58379340457966], [-117.62017468126885, 33.58343986227258], [-117.62007836224369, 33.582835605706116], [-117.62059598031422, 33.58244841794624], [-117.62093585538412, 33.582318401500096], [-117.62092301924149, 33.58193102581513], [-117.62083711943913, 33.58175359709627], [-117.62087779926698, 33.58162875219754], [-117.6212338078501, 33.58138321951002], [-117.62135853627858, 33.58094207651557], [-117.62144905981472, 33.5808290422916], [-117.62200409681486, 33.5804245699357], [-117.6222407617549, 33.58039911197079], [-117.62276122760488, 33.58070180412553], [-117.62293994296382, 33.5803239005338], [-117.62366465576129, 33.580245939243056], [-117.62448205286937, 33.58042143630186], [-117.62473363510702, 33.580767488739305], [-117.6247225992311, 33.581216030677794], [-117.62482364517633, 33.58123661948146], [-117.6248873904609, 33.581249613688804], [-117.62498715115466, 33.58064376482718], [-117.62521448103604, 33.580474537345914], [-117.6251125036506, 33.580030599970044], [-117.62512775339682, 33.57996692728735], [-117.62521443359478, 33.57988833539223], [-117.6255113260254, 33.57981733652039], [-117.62556123353372, 33.579573893264666], [-117.62573768617332, 33.57941390729189], [-117.62602224507502, 33.57929536576129], [-117.62626461262431, 33.57916336832706], [-117.62640873127737, 33.579127926795806], [-117.62661166917381, 33.5792373269099], [-117.62682868737426, 33.579242647793706], [-117.62695324561322, 33.57924570461563], [-117.62719069707303, 33.57912531054354], [-117.62750552604686, 33.57923903737646], [-117.62788355428953, 33.57933930070036], [-117.62839432779519, 33.579504586612245], [-117.62861569322406, 33.579858276822655], [-117.6290869508747, 33.57995989867972], [-117.62930779772641, 33.580185855206174], [-117.62989904274764, 33.580449284445436], [-117.63029356366319, 33.58039110861309], [-117.63025217264652, 33.58012402692304], [-117.6314285478936, 33.58004792452108], [-117.63300633922591, 33.575247869241295], [-117.63300736478209, 33.5752447442623], [-117.63300838816987, 33.575241618405634], [-117.63300940940344, 33.575238492572915], [-117.63301042737724, 33.57523536497296], [-117.63301144321115, 33.57523223829844], [-117.63301245578535, 33.57522910985675], [-117.63301346620534, 33.57522598143887], [-117.63301447445687, 33.57522285214344], [-117.63301548055428, 33.575219722871864], [-117.63301648340617, 33.5752165927346], [-117.63301748408963, 33.57521346171973], [-117.63301848152767, 33.575210329839145], [-117.6330194768115, 33.57520719798248], [-117.63302046994114, 33.57520406614974], [-117.633021459811, 33.575200932549805], [-117.63302244754104, 33.57519779987523], [-117.63302343308833, 33.57519466542155], [-117.63302441540442, 33.575191531003696], [-117.63302539555208, 33.575188395708224], [-117.63302637353131, 33.57518525953508], [-117.6330273482793, 33.575182123397845], [-117.63302832085883, 33.57517898638293], [-117.63302929126996, 33.575175848490446], [-117.63303025844992, 33.57517271063378], [-117.6330312234614, 33.57516957189943], [-117.63303218524167, 33.575166433201034], [-117.63303314485354, 33.57516329362496], [-117.63303410229695, 33.57516015317125], [-117.63303505757193, 33.5751570118399], [-117.63303600961571, 33.575153870544426], [-117.6330369584283, 33.575150729284786], [-117.6330379061352, 33.57514758623404], [-117.63303885061089, 33.57514444321913], [-117.63303979185538, 33.57514130024013], [-117.63304073200852, 33.57513815637148], [-117.63304166891614, 33.575135011637194], [-117.6330426025783, 33.57513186603724], [-117.63304353516332, 33.5751287204492], [-117.63304446344019, 33.575125574909045], [-117.63304539061124, 33.57512242757766], [-117.63304631455118, 33.57511928028222], [-117.63304723633699, 33.57511613301064], [-117.63304815486299, 33.57511298397181], [-117.63304907123486, 33.57510983495696], [-117.63304998545262, 33.575106685965984], [-117.63305089642482, 33.57510353610932], [-117.63305180522865, 33.575100385375016], [-117.63305271187828, 33.57509723466467], [-117.63305361528246, 33.575094083088615], [-117.63305451653251, 33.57509093153644], [-117.6330554156141, 33.57508777910667], [-117.6330563114502, 33.57508462581122], [-117.6330572051322, 33.575081472539644], [-117.63305809556871, 33.57507831840238], [-117.63305898385104, 33.5750751642891], [-117.63305986996495, 33.57507200929812], [-117.6330607528477, 33.575068854343066], [-117.63306163354771, 33.57506569760875], [-117.63306251210791, 33.57506254179995], [-117.63306338742254, 33.57505938512546], [-117.63306426056879, 33.575056227573334], [-117.63306513046957, 33.575053069155516], [-117.63306599821618, 33.57504991076166], [-117.63306686273167, 33.57504675240362], [-117.63306772506438, 33.575043592266404], [-117.63306858525723, 33.575040433054625], [-117.6330694432674, 33.575037272063675], [-117.63307029804635, 33.575034111108614], [-117.63307115067119, 33.575030950177485], [-117.63307200112759, 33.5750277883687], [-117.6330728483385, 33.575024625694205], [-117.63307369339529, 33.57502146304367], [-117.6330745352209, 33.57501830042896], [-117.63307537486374, 33.575015136035084], [-117.63307621235246, 33.575011971665134], [-117.63307704661007, 33.575008807331024], [-117.63307787869918, 33.575005642119315], [-117.63307870755715, 33.57500247694346], [-117.63307953532369, 33.57499931087799], [-117.63308035876771, 33.57499614395885], [-117.63308118113468, 33.57499297705159], [-117.63308200025618, 33.57498980927873], [-117.6330828161465, 33.574986641541706], [-117.63308363094542, 33.57498347291511], [-117.63308444251318, 33.57498030432435], [-117.63308525191246, 33.57497713485596], [-117.6330860580806, 33.57497396542344], [-117.63308686208033, 33.57497079511331], [-117.63308766284884, 33.57496762483902], [-117.63308846144895, 33.57496445368715], [-117.63308925788066, 33.57496128165761], [-117.63309005108113, 33.57495810966392], [-117.63309084211319, 33.57495493679262], [-117.63309163099115, 33.57495176394522], [-117.63309241663795, 33.5749485911337], [-117.63309319902494, 33.57494541655495], [-117.63309398034916, 33.57494224288971], [-117.63309475841358, 33.57493906745722], [-117.63309553326117, 33.574935892962166], [-117.632605463232, 33.57451119924422], [-117.63138634645586, 33.57444822705987], [-117.62921669160008, 33.574336130593686], [-117.62436214219576, 33.574085174777395], [-117.6222829229443, 33.57927087362328], [-117.62043750675723, 33.580941021060816], [-117.62004629198282, 33.58167474405811], [-117.6181787263632, 33.585177180871206], [-117.61856205162822, 33.58694561223457]]], [[[-117.61552488970959, 33.59952059956374], [-117.61579011214562, 33.60131605144733], [-117.61559013624888, 33.60181753827192], [-117.61781098717191, 33.6024319631613], [-117.62065081622576, 33.60191073023519], [-117.6218284920679, 33.60169454867698], [-117.62193783821164, 33.60130580333245], [-117.6219423654994, 33.60128973118485], [-117.62194691117159, 33.60127366334311], [-117.62195147736878, 33.60125759888185], [-117.62195606193622, 33.60124153782489], [-117.6219606637965, 33.60122548018406], [-117.62196528619587, 33.60120942682531], [-117.62196992697972, 33.60119337777236], [-117.62197458722528, 33.60117733301331], [-117.621979265841, 33.601161291658535], [-117.62198396390434, 33.601145253696174], [-117.6219886814293, 33.60112922002771], [-117.62199341733867, 33.601113190665046], [-117.62199817269554, 33.60109716469478], [-117.62200294643678, 33.6010811430303], [-117.6220077396254, 33.601065124758165], [-117.62201255227579, 33.601049110780004], [-117.62201738331042, 33.60103310110761], [-117.62202223271525, 33.60101709483946], [-117.62202710264481, 33.601001091951765], [-117.62203198989543, 33.60098509428325], [-117.6220368966077, 33.600969100908706], [-117.6220418227816, 33.600953111828034], [-117.62204676732557, 33.6009371261516], [-117.62205173133107, 33.600921144769046], [-117.622056714784, 33.60090516677886], [-117.62206171663527, 33.60088919399604], [-117.62206673685662, 33.6008732246173], [-117.62207177546216, 33.60085725954443], [-117.62207683354339, 33.60084129966697], [-117.62208191105775, 33.600825342280295], [-117.6220870069705, 33.60080939010092], [-117.62209212234478, 33.600793442215426], [-117.62209725608898, 33.60077749773415], [-117.6221024093089, 33.6007615584483], [-117.62210758089867, 33.600745622566635], [-117.62211277090097, 33.60072969279377], [-117.62211798035055, 33.60071376641326], [-117.62212320924735, 33.600697843425095], [-117.6221284565425, 33.600681925644196], [-117.62213372222168, 33.60066601216904], [-117.62213900736229, 33.60065010298773], [-117.62214431088694, 33.60063419811215], [-117.62214963387298, 33.60061829753042], [-117.62215497525727, 33.60060240215595], [-117.62216033501139, 33.60058651018563], [-117.62216571424105, 33.60057062341075], [-117.6221711129037, 33.60055473912663], [-117.62217652999297, 33.60053886185283], [-117.62218196437459, 33.60052298799507], [-117.62218741930917, 33.60050711932084], [-117.62219289155034, 33.600491254964176], [-117.62219838433013, 33.60047539488948], [-117.62220389441657, 33.600459539132345], [-117.62220942397842, 33.600443688570614], [-117.62221497192427, 33.6004278423145], [-117.6222205393314, 33.60041200035233], [-117.62222612513659, 33.60039616359732], [-117.62223172932572, 33.60038033114797], [-117.62223735297606, 33.60036450299248], [-117.62224299502446, 33.600348680044206], [-117.62224865653417, 33.60033286138976], [-117.62225433535029, 33.600317047052854], [-117.6222600336419, 33.600301237911275], [-117.62226575140883, 33.60028543396505], [-117.6222714864964, 33.60026963523796], [-117.62227724104518, 33.60025384080459], [-117.62228301397784, 33.600238050676985], [-117.62228880746316, 33.60022226573277], [-117.6222946182549, 33.60020648510612], [-117.62230044636728, 33.6001907096985], [-117.62230629394082, 33.60017493858469], [-117.62231216100382, 33.60015917356775], [-117.62231804643645, 33.60014341195493], [-117.62232395028116, 33.60012765645088], [-117.62232987250961, 33.60011190525237], [-117.62233581419916, 33.60009615834773], [-117.62234177428662, 33.60008041665026], [-117.62234775277199, 33.60006468015991], [-117.62235374965529, 33.6000489488768], [-117.62235976602791, 33.60003322369052], [-117.62236580077013, 33.600017501908304], [-117.62237185392438, 33.60000178623481], [-117.6223779254623, 33.59998607486697], [-117.62238401539805, 33.59997036870624], [-117.62239012479483, 33.599954666839295], [-117.6223962526036, 33.59993897108105], [-117.62240239879603, 33.599923279628456], [-117.62240856447781, 33.59990759427263], [-117.62241474746584, 33.59989191323431], [-117.62242094992902, 33.59987623739129], [-117.62242716862112, 33.59986056587754], [-117.6224334078799, 33.599844900448815], [-117.62243966553638, 33.5998292402272], [-117.62244594160482, 33.59981358611426], [-117.6224522371342, 33.59979793629505], [-117.62245854999817, 33.59978229259639], [-117.62246488124566, 33.599766653203304], [-117.62247123196819, 33.599751019005474], [-117.6224776010885, 33.59973539001477], [-117.62247785111356, 33.5997347759081], [-117.6224781022018, 33.59973416088802], [-117.62247835330425, 33.59973354676945], [-117.62247860439247, 33.59973293174936], [-117.62247885441758, 33.59973231764267], [-117.62247910550576, 33.59973170262257], [-117.62247935660821, 33.59973108850401], [-117.6224796076964, 33.59973047348389], [-117.62247985879884, 33.59972985936533], [-117.62248010990122, 33.599729245246785], [-117.6224803599121, 33.59972863023854], [-117.6224806110145, 33.59972801611997], [-117.6224808621027, 33.59972740109985], [-117.62248111320507, 33.59972678698131], [-117.62248136430748, 33.599726172862745], [-117.62248161539563, 33.599725557842646], [-117.62248186649802, 33.59972494372408], [-117.62248211867774, 33.59972432959364], [-117.62248236976592, 33.59972371457352], [-117.62248262086833, 33.59972310045496], [-117.62248287197067, 33.599722486336425], [-117.62248312305883, 33.599721871316305], [-117.62248337523855, 33.599721257185884], [-117.62248362634087, 33.599720643067265], [-117.62248387742906, 33.59972002804717], [-117.62248412853141, 33.59971941392861], [-117.62248438071106, 33.59971879979816], [-117.6224846318134, 33.59971818567958], [-117.62248488290159, 33.59971757065947], [-117.62248513508122, 33.59971695652903], [-117.62248538618357, 33.599716342410446], [-117.62248563836324, 33.59971572828003], [-117.62248588945134, 33.5997151132599], [-117.62248614163103, 33.599714499129476], [-117.62248639273336, 33.59971388501091], [-117.622486644913, 33.59971327088042], [-117.62248689709261, 33.59971265674999], [-117.62248714819494, 33.59971204263141], [-117.62248740036041, 33.599711427599416], [-117.62248765254007, 33.599710813468974], [-117.62248790364232, 33.59971019935039], [-117.62248815582198, 33.59970958521997], [-117.6224884080016, 33.5997089710895], [-117.62248866018125, 33.599708356959056], [-117.6224889112835, 33.59970774284048], [-117.62248916346311, 33.599707128709994], [-117.62248941564273, 33.599706514579566], [-117.62248966780817, 33.5997058995476], [-117.62248991998779, 33.59970528541712], [-117.6224901721674, 33.599704671286695], [-117.62249042434696, 33.59970405715625], [-117.62249067652658, 33.59970344302575], [-117.62249092870614, 33.59970282889528], [-117.62249118088576, 33.599702214764854], [-117.62249143306535, 33.59970160063441], [-117.62249168524497, 33.59970098650395], [-117.62249193742456, 33.5997003723735], [-117.62249218960407, 33.59969975824302], [-117.62249244286103, 33.5996991441007], [-117.62249269504058, 33.5996985299703], [-117.62249294722011, 33.5996979158398], [-117.62249319941391, 33.59969730261088], [-117.62249345267078, 33.59969668846855], [-117.62249370485036, 33.599696074338105], [-117.62249395702992, 33.599695460207656], [-117.6224942102868, 33.59969484606528], [-117.62249446246634, 33.59969423193484], [-117.62249471464588, 33.59969361780437], [-117.62249496790277, 33.59969300366203], [-117.6224952200823, 33.599692389531576], [-117.62249547335335, 33.59969177629076], [-117.6224957255329, 33.59969116216031], [-117.62249597878976, 33.599690548017996], [-117.62249623204661, 33.59968993387561], [-117.62249648422615, 33.59968931974517], [-117.62249673749717, 33.59968870650438], [-117.62249698967669, 33.59968809237392], [-117.62249724293355, 33.5996874782316], [-117.62249749619036, 33.59968686408921], [-117.62249774944722, 33.59968624994689], [-117.6224980016409, 33.59968563671796], [-117.62249825489774, 33.599685022575635], [-117.62249850815462, 33.59968440843335], [-117.62249876141142, 33.59968379429094], [-117.62249901468243, 33.59968318105014], [-117.62249926793923, 33.59968256690782], [-117.62249952119606, 33.59968195276548], [-117.62249977338972, 33.59968133953653], [-117.6225000266465, 33.59968072539421], [-117.6225002799033, 33.59968011125185], [-117.62250053317429, 33.59967949801106], [-117.62250078750847, 33.59967888385683], [-117.62250104076527, 33.599678269714495], [-117.62250129403625, 33.599677656473695], [-117.62250154729301, 33.59967704233134], [-117.62250180056404, 33.59967642909054], [-117.62250205382081, 33.59967581494823], [-117.62250230707757, 33.59967520080583], [-117.62250256142588, 33.59967458755317], [-117.6229038687313, 33.59870363661687], [-117.62312663897855, 33.59816463217073], [-117.62207924024158, 33.598533807314155], [-117.62124881003515, 33.59832062138856], [-117.62083579358914, 33.598060756464605], [-117.62064546391639, 33.597941001080784], [-117.62048482047577, 33.59783992398992], [-117.62029356541993, 33.597333040569545], [-117.62002833439173, 33.59663008048894], [-117.61997673347338, 33.595967687243316], [-117.61986921170322, 33.59458741396043], [-117.62029406137995, 33.59405771029786], [-117.62026970019726, 33.59389862517684], [-117.62030214561193, 33.5938951150612], [-117.6204257487837, 33.593729517877094], [-117.62017744212372, 33.59316698088127], [-117.62015435517871, 33.59236747017202], [-117.6200954467939, 33.592269672118285], [-117.62014629078193, 33.592088158652395], [-117.6203579433156, 33.59206506721503], [-117.62026871434419, 33.59149227093518], [-117.62026595178197, 33.59149357271991], [-117.62026317819233, 33.591494858395365], [-117.62026039468093, 33.59149612975258], [-117.62025760121935, 33.59149738498857], [-117.62025479782183, 33.59149862500489], [-117.62025198555139, 33.591499848888105], [-117.62024916226773, 33.591501057563455], [-117.62024633012538, 33.59150225100722], [-117.62024348911012, 33.591503428317964], [-117.62024063814475, 33.59150458950742], [-117.62023777832064, 33.591505735465304], [-117.62023490962368, 33.59150686529009], [-117.62023203205379, 33.591507978981795], [-117.62022914562523, 33.591509077441984], [-117.62022625030964, 33.591510158867514], [-117.62022334721259, 33.5915112250496], [-117.62022043524262, 33.591512275098594], [-117.62021751439984, 33.591513309014495], [-117.62021458682446, 33.59151432587206], [-117.62021165039039, 33.59151532749805], [-117.62020870616071, 33.59151631297914], [-117.62020575412124, 33.59151728141367], [-117.62020279428617, 33.59151823370328], [-117.62019982773272, 33.59151916983604], [-117.62019685336948, 33.591520088922344], [-117.62019387228791, 33.59152099185186], [-117.62019088339652, 33.59152187773489], [-117.62018788780097, 33.59152274836257], [-117.62018488545874, 33.591523601030445], [-117.62018187639812, 33.59152443754147], [-117.62017886169636, 33.59152525788386], [-117.6201758391849, 33.591526061179735], [-117.62017281101814, 33.5915268474054], [-117.62016977719611, 33.59152761656087], [-117.62016673773294, 33.59152836954772], [-117.62016369153731, 33.591529105476184], [-117.62016063860918, 33.59152982434629], [-117.62015758111718, 33.59153052703593], [-117.6201545179557, 33.591531211753754], [-117.62015145023047, 33.59153188029115], [-117.62014837577267, 33.59153253177018], [-117.62014529779997, 33.59153316525371], [-117.6201422131089, 33.591533782580456], [-117.6201391249171, 33.59153438281328], [-117.6201360321473, 33.591534965964144], [-117.62013293370813, 33.591535531143165], [-117.62012983178231, 33.59153608012988], [-117.62012672526437, 33.59153661113299], [-117.62012361525981, 33.591537125943745], [-117.62012050066309, 33.59153762277086], [-117.62011738148838, 33.59153810251595], [-117.62011425987603, 33.59153856425377], [-117.62011113262261, 33.59153900982289], [-117.62010800400877, 33.59153943737287], [-117.62010487081693, 33.59153984784079], [-117.62010173520166, 33.59154024120297], [-117.62009859714867, 33.591540616557864], [-117.62009545559502, 33.59154097481883], [-117.62009231054057, 33.59154131598592], [-117.62008916412573, 33.59154163913386], [-117.62008601421017, 33.59154194518788], [-117.62008286187118, 33.59154223413616], [-117.62007970817176, 33.59154250506531], [-117.62007655204889, 33.5915427588887], [-117.62007339348834, 33.59154299470481], [-117.62007023465881, 33.59154321339141], [-117.62006707232861, 33.59154341498418], [-117.62006390971523, 33.591543598545904], [-117.62006074467845, 33.5915437650019], [-117.6200575793585, 33.59154391342689], [-117.62005441269231, 33.59154404473431], [-117.62005124466577, 33.59154415802254], [-117.62004807637025, 33.59154425418132], [-117.62004490671441, 33.59154433232102], [-117.62004173678953, 33.591544393331205], [-117.6200385665816, 33.59154443631045], [-117.6200353961047, 33.59154446216022], [-117.6200322253588, 33.59154447088056], [-117.62002905540704, 33.59154446155806], [-117.62002588409494, 33.59154443421637], [-117.6200227146684, 33.591544389721605], [-117.62001954497292, 33.59154432809736], [-117.6200163749943, 33.59154424844212], [-117.62001320688708, 33.59154415073216], [-117.6200100396023, 33.59154403678249], [-117.62000687202027, 33.5915439039003], [-117.62000370633797, 33.59154375476649], [-117.6200005425129, 33.59154358667647], [-117.6199973795103, 33.59154340234669], [-117.61999421837909, 33.59154319996222], [-117.61999105805619, 33.59154298043643], [-117.61998790068198, 33.59154274284417], [-117.61998474411602, 33.591542488110576], [-117.6199815904988, 33.59154221531042], [-117.6199784387812, 33.59154192625878], [-117.61997528893508, 33.591541619152316], [-117.61997214203762, 33.591541293979375], [-117.61996899811714, 33.591540952543006], [-117.61996585714529, 33.591540593040136], [-117.61916636375861, 33.59145352606593], [-117.6185556012346, 33.59033633409029], [-117.62011510890619, 33.59050617354422], [-117.62008892908425, 33.590338086744325], [-117.61948164533194, 33.5903033706043], [-117.6192224768137, 33.58946659097711], [-117.61917587092768, 33.58931611778516], [-117.61982514070044, 33.58876432612843], [-117.61998273834449, 33.58863038826182], [-117.6200244580699, 33.58757032408345], [-117.62001020187665, 33.58756914093918], [-117.61999594847656, 33.58756792980983], [-117.61998169894687, 33.58756669068354], [-117.61996745328764, 33.58756542356029], [-117.61995321040746, 33.58756412755038], [-117.6199389714119, 33.58756280444504], [-117.61992473628675, 33.587561453342765], [-117.6199105050321, 33.58756007424356], [-117.61989627766202, 33.58755866804894], [-117.6198820541483, 33.587557232955795], [-117.61986783450516, 33.587555769865745], [-117.61985362090098, 33.58755427965657], [-117.619839410076, 33.5875527605608], [-117.61982520313578, 33.5875512143696], [-117.61981100114328, 33.587549640169605], [-117.61979680302134, 33.58754803797267], [-117.61978260984722, 33.587546407766986], [-117.61976841946644, 33.5875447495762], [-117.61975423618792, 33.58754306335288], [-117.61974005679414, 33.58754135003426], [-117.61972588234819, 33.587539608706834], [-117.61971171285015, 33.58753783937061], [-117.6196975482999, 33.58753604202561], [-117.61968338871172, 33.58753421757339], [-117.61966923513447, 33.587532364199], [-117.61965508545623, 33.58753048463085], [-117.61964094178889, 33.58752857614048], [-117.61962680308373, 33.587526640542904], [-117.61961267040363, 33.58752467692472], [-117.61959854482593, 33.58752268527412], [-117.61958442311898, 33.58752066562655], [-117.61957030637417, 33.58751861887177], [-117.61955619673166, 33.587516544084615], [-117.61954209203729, 33.58751444128862], [-117.6195279933822, 33.587512311373644], [-117.61951390075237, 33.58751015343806], [-117.61949981416194, 33.58750796838342], [-117.61948573359673, 33.58750575530815], [-117.61947166013405, 33.58750351420053], [-117.61945759271075, 33.58750124597379], [-117.61944353131273, 33.58749894972652], [-117.61942947594002, 33.58749662545868], [-117.6194154276982, 33.58749427496148], [-117.6194013865447, 33.58749189553035], [-117.61938735144486, 33.58748948988174], [-117.61937332343341, 33.5874870552991], [-117.61935930255281, 33.58748459448722], [-117.61934528769763, 33.587482105654736], [-117.61933128209941, 33.58747958876616], [-117.61931728146358, 33.587477044770445], [-117.61930328902169, 33.58747447363199], [-117.6192893026052, 33.587471874472975], [-117.61927532438278, 33.58746924817133], [-117.6192613532771, 33.58746659473877], [-117.61924738928825, 33.587463914175366], [-117.61923343240208, 33.587461205579615], [-117.61921948477304, 33.587458468927814], [-117.61920554427496, 33.58745570604667], [-117.61919161087961, 33.58745291513314], [-117.61917768569243, 33.58745009797853], [-117.61916376868527, 33.58744725277966], [-117.61914985987215, 33.58744438043813], [-117.61913595923903, 33.58744148005241], [-117.61912206572285, 33.58743855253584], [-117.61910818147797, 33.58743559786479], [-117.61909430542723, 33.58743261605108], [-117.61908043757067, 33.587429607094734], [-117.61906657898545, 33.58742657098383], [-117.61905272859443, 33.58742350773033], [-117.6190388863976, 33.58742041733416], [-117.61902505238086, 33.587417298893875], [-117.61901122764965, 33.58741415420058], [-117.6189974121757, 33.58741098145133], [-117.61898360383302, 33.587407782472724], [-117.61896980582475, 33.587404555426325], [-117.61895601710218, 33.58740130212702], [-117.61894223765104, 33.587398021673245], [-117.61892846747133, 33.587394714064985], [-117.61891470550012, 33.58739138021567], [-117.6189009538635, 33.5873880182985], [-117.6188872115125, 33.587384630128476], [-117.61887347951026, 33.587381214792075], [-117.61885975570235, 33.58737777231315], [-117.61884604224316, 33.587374302667946], [-117.61883233914698, 33.58737080675796], [-117.6188186453081, 33.587367282791995], [-117.6188049607692, 33.58736373347471], [-117.6187912876421, 33.58736015607778], [-117.61877762380072, 33.58735655242796], [-117.61876397032238, 33.587352922513446], [-117.61875032719284, 33.58734926543267], [-117.61873669333497, 33.58734558119747], [-117.61872307091723, 33.58734187068571], [-117.618709456694, 33.587338133031395], [-117.61869585497408, 33.587334368187136], [-117.6186822636171, 33.587330577078234], [-117.61866868370043, 33.58732675969283], [-117.61865511305547, 33.58732291515297], [-117.61864155385072, 33.58731904433659], [-117.61876045397325, 33.587856799754604], [-117.61880644490853, 33.58806480126215], [-117.61782406591814, 33.58949091966374], [-117.61780638891476, 33.5895478984023], [-117.6178361050835, 33.58955622755697], [-117.61786574061344, 33.589575013720086], [-117.61789140184689, 33.58959752696591], [-117.617912426758, 33.589623185755116], [-117.61792827599781, 33.589651330556826], [-117.61793853843633, 33.58968123370575], [-117.61794086741533, 33.589727323848265], [-117.61795061979069, 33.58977272923733], [-117.61796761759956, 33.589816612341515], [-117.61799154871902, 33.58985816866102], [-117.61801433311618, 33.58989963206919], [-117.61803000095512, 33.58994334582189], [-117.61803824583495, 33.589988459375064], [-117.61804513066691, 33.590040421857424], [-117.61805873574926, 33.59009144851319], [-117.61807889645928, 33.59014093430314], [-117.61810537404196, 33.5901882876251], [-117.61813785586358, 33.590232946541846], [-117.61817595222203, 33.59027438152158], [-117.61821921042109, 33.59031209979209], [-117.61826711919251, 33.590345652506045], [-117.61829637247419, 33.590364980179466], [-117.61832122771384, 33.59038822174653], [-117.61834095008243, 33.59041468826601], [-117.61835495407648, 33.59044359447748], [-117.61836282436735, 33.59047408291853], [-117.61836432698466, 33.590505249950205], [-117.61835941723899, 33.59053617001627], [-117.61830050660839, 33.59075675103332], [-117.61823794076508, 33.59097662644572], [-117.61813458470058, 33.59113571615815], [-117.61802519087749, 33.5912919532702], [-117.61799686403144, 33.59133207623676], [-117.61797499182607, 33.59137493441301], [-117.61795994002543, 33.59141980422855], [-117.6179519650147, 33.59146592634345], [-117.61795120010585, 33.59151252563576], [-117.6179576577338, 33.59155881388259], [-117.61797123194926, 33.59160401137312], [-117.61799168887774, 33.5916473569327], [-117.61801019906173, 33.59168507741423], [-117.618022493847, 33.59172453519372], [-117.6180283519531, 33.5917650176539], [-117.61802766600451, 33.59180579289174], [-117.61802852792543, 33.59221687610099], [-117.61802692961814, 33.59222632995212], [-117.61802356992884, 33.592235455088485], [-117.6180185325386, 33.59224402246085], [-117.61801194336769, 33.59225181698304], [-117.61800396747103, 33.5922586456818], [-117.61799480576421, 33.59226433502755], [-117.61798468554032, 33.59226874456384], [-117.61785052099914, 33.59225620168228], [-117.61784383153936, 33.5922448848449], [-117.61783510654833, 33.59223458312903], [-117.61782456228767, 33.59222555204633], [-117.61781245975466, 33.59221801415595], [-117.61779909491601, 33.59221215466345], [-117.6177847997288, 33.592208117802706], [-117.61776992486209, 33.59220600432077], [-117.61775483853508, 33.59220586608014], [-117.61768786778437, 33.59220660223078], [-117.61755461341461, 33.59220743839558], [-117.61742149076248, 33.592202447984725], [-117.61728885989774, 33.5921916423759], [-117.61715708447475, 33.592175055451584], [-117.61710415852545, 33.59216790597566], [-117.61705213885756, 33.592157052264284], [-117.61700139623252, 33.592142570501636], [-117.61682292515732, 33.592717801177656], [-117.61622540267679, 33.59464361833079], [-117.61487905090988, 33.598462230522884], [-117.6150061185549, 33.598488220326736], [-117.61524048766758, 33.59841815204311], [-117.61537695296097, 33.598519091426276], [-117.61552488970959, 33.59952059956374]]], [[[-117.62317976109985, 33.599044964397486], [-117.62289439747464, 33.59973538398817], [-117.62287500212751, 33.599782376090836], [-117.62286845472003, 33.599798243312364], [-117.62286192786488, 33.599814115717095], [-117.62285541833006, 33.599829993340805], [-117.6228489293618, 33.599845877049326], [-117.62284246096009, 33.599861766842785], [-117.62283601094182, 33.59987766094168], [-117.6228295815044, 33.59989356202701], [-117.62282317045049, 33.599909467417845], [-117.6228167799489, 33.599925377991994], [-117.62281040893666, 33.59994129466291], [-117.62280405633634, 33.59995721744242], [-117.62279772428838, 33.59997314540526], [-117.62279141172975, 33.59998907946486], [-117.62278511863207, 33.60000501781814], [-117.62277884502369, 33.60002096226814], [-117.62277259087625, 33.60003691101185], [-117.62276635729548, 33.600052865840425], [-117.62276014212668, 33.60006882677763], [-117.62275394749625, 33.600084791996665], [-117.62274777341828, 33.60010076239904], [-117.62274161667501, 33.60011673892197], [-117.62273548048427, 33.60013272062819], [-117.62272936375456, 33.60014870662813], [-117.62272326650005, 33.600164697823345], [-117.62271718873492, 33.60018069511529], [-117.62271113152234, 33.60019669759064], [-117.62270509379921, 33.60021270616278], [-117.62269907553717, 33.60022871902861], [-117.62269307675037, 33.60024473708973], [-117.62268709851615, 33.60026076033418], [-117.62268113867992, 33.60027678878576], [-117.62267519939626, 33.60029282242073], [-117.62266927957376, 33.60030886034947], [-117.62266337924072, 33.600324904374986], [-117.62265749944618, 33.60034095268235], [-117.62265163912696, 33.60035700618501], [-117.62264579828307, 33.60037306488293], [-117.62263997690033, 33.600389127874564], [-117.62263417500711, 33.60040519696308], [-117.62262839472986, 33.60042127032152], [-117.62262263286473, 33.60043734978867], [-117.6226168904608, 33.60045343354958], [-117.62261116753234, 33.60046952250577], [-117.62260546406505, 33.60048561575575], [-117.6225997822279, 33.60050171417726], [-117.6225941187888, 33.60051781780595], [-117.62258847588826, 33.60053392571653], [-117.62258285246322, 33.600550038822384], [-117.62257724851365, 33.600566157123524], [-117.62257166402532, 33.60058227971848], [-117.62256610007564, 33.60059840659531], [-117.62256055666462, 33.60061453775408], [-117.62255503166593, 33.60063067502151], [-117.6225495272059, 33.600646816570844], [-117.62254404222138, 33.60066296331558], [-117.62253857778975, 33.6006791152437], [-117.62253313281951, 33.60069527146562], [-117.62252770731052, 33.60071143198135], [-117.62252230234036, 33.60072759677895], [-117.62251691684575, 33.60074376677195], [-117.62251155188986, 33.60075994104687], [-117.62250620640954, 33.600776120517075], [-117.62250088039069, 33.600792304281086], [-117.62249557383319, 33.60080849233892], [-117.62249028782871, 33.60082468558022], [-117.62248502127149, 33.6008408822138], [-117.62247977525304, 33.600857083129284], [-117.62247454872445, 33.600873290141706], [-117.62246934272052, 33.6008895005345], [-117.6224641562064, 33.6009057170242], [-117.62245899021696, 33.6009219368943], [-117.62245384368902, 33.600938161058224], [-117.6224487166226, 33.600954389515984], [-117.62244361009506, 33.60097062225568], [-117.62243852304324, 33.60098686019073], [-117.62243345651615, 33.601003101506286], [-117.6224284094648, 33.601019348017125], [-117.62242338295235, 33.601035598809965], [-117.62241837588732, 33.601051852995106], [-117.62241338828386, 33.60106811147405], [-117.62240842231088, 33.601084375124685], [-117.62240347578538, 33.60110064216757], [-117.62239854874983, 33.60111691530747], [-117.62239364223909, 33.60113319182777], [-117.62238875409841, 33.601149471752194], [-117.62238388651096, 33.60116575686019], [-117.62237904052569, 33.601182045336756], [-117.62237421292474, 33.60119833811904], [-117.62236940586284, 33.601214635183325], [-117.62236461933996, 33.60123093652959], [-117.62235985226461, 33.60124724126821], [-117.62235510574251, 33.601263551190364], [-117.622350378668, 33.60127986450482], [-117.62234567211837, 33.60129618119974], [-117.62234098610783, 33.60131250217666], [-117.62233631957324, 33.60132882834901], [-117.62233167250042, 33.6013451588152], [-117.62232704593833, 33.60136149176038], [-117.62232243992959, 33.6013778298891], [-117.62225547494197, 33.601616145394345], [-117.62209691666604, 33.60217968633108], [-117.62187046004009, 33.6029845352598], [-117.62186127274181, 33.60301668099537], [-117.6218518940871, 33.60304878735868], [-117.62184232408974, 33.60308085525127], [-117.62183256269294, 33.6031128810669], [-117.62182261101637, 33.603144867498266], [-117.62181246794, 33.60317681185261], [-117.62180213451256, 33.60320871231498], [-117.62179161182551, 33.60324056977486], [-117.62178089878702, 33.60327238334261], [-117.621769996446, 33.603304151203325], [-117.62175890371066, 33.60333587246712], [-117.62174762168661, 33.60336754892521], [-117.62173615247167, 33.603399176947704], [-117.62172449391089, 33.60343075655825], [-117.62171264706733, 33.603462286843374], [-117.62170061194077, 33.603493767803016], [-117.62168838958006, 33.60352519762224], [-117.6216759799709, 33.60355657539941], [-117.62166338420467, 33.60358790202409], [-117.62165060009805, 33.60361917571695], [-117.62163763085462, 33.60365039463921], [-117.62162447541104, 33.60368155970429], [-117.62161113375305, 33.603712670010545], [-117.62159760691519, 33.60374372284139], [-117.62158389492576, 33.60377471999985], [-117.62156999880527, 33.603805657867944], [-117.62155591751858, 33.60383653916199], [-117.6215416521005, 33.603867361165456], [-117.62152720359994, 33.603898122063384], [-117.6215125731082, 33.60392882274536], [-117.62149775737879, 33.60395946234533], [-117.62148275961546, 33.60399003902462], [-117.62146757981797, 33.604020552783126], [-117.62145221797203, 33.60405100271925], [-117.62143667515492, 33.60408138882111], [-117.62142095133808, 33.60411170928548], [-117.6214050465214, 33.60414196411232], [-117.62138896175371, 33.604172151486665], [-117.62137269811235, 33.60420227139655], [-117.62135625342813, 33.60423232296408], [-117.62133962982742, 33.604262304362415], [-117.62132282841579, 33.60429221738263], [-117.62130584808733, 33.6043220602335], [-117.62128868990524, 33.60435183200153], [-117.62127135491829, 33.60438153087167], [-117.6212538431264, 33.60441115684392], [-117.62123615452953, 33.60444070991824], [-117.62121828909908, 33.6044701882913], [-117.62120024897557, 33.60449959103793], [-117.62118203415893, 33.60452891815795], [-117.62116364358577, 33.604558170564786], [-117.62114507935414, 33.604587344628435], [-117.62112634147798, 33.6046164412503], [-117.6211074299289, 33.604645458627296], [-117.62108834470678, 33.60467439675933], [-117.6210690879521, 33.60470325472101], [-117.62104965966479, 33.60473203251236], [-117.62103005980225, 33.6047607274286], [-117.62101028839263, 33.604789341272834], [-117.62099034757657, 33.6048178731196], [-117.6209702362339, 33.604846320276096], [-117.62094995544206, 33.60487468273042], [-117.62092950520088, 33.60490296048243], [-117.62090888765091, 33.60493115260686], [-117.62088810170052, 33.60495925821386], [-117.62086714841277, 33.604987276390005], [-117.62084602777344, 33.605015206233695], [-117.62082809018943, 33.60503866830427], [-117.62082474087404, 33.6050430486345], [-117.62080328876355, 33.60507080177738], [-117.62078167035024, 33.60509846477261], [-117.62075988885215, 33.605126036682954], [-117.62073794211435, 33.60515351753205], [-117.62071583119999, 33.60518090640645], [-117.62069355826381, 33.6052082032823], [-117.62067112218585, 33.6052354054668], [-117.62064852407183, 33.60526251475108], [-117.62062576494226, 33.605289527517044], [-117.62060284483975, 33.60531644646917], [-117.62057976481319, 33.6053432697925], [-117.62055652375676, 33.60536999569571], [-117.62053312490274, 33.60539662414312], [-117.62050956717351, 33.60542315514648], [-117.62048585161824, 33.605449586890835], [-117.62046197823679, 33.605475919376076], [-117.62043794809234, 33.60550215168868], [-117.62041376224813, 33.60552828291521], [-117.6203894206899, 33.60555431215404], [-117.6203649234318, 33.60558024030659], [-117.62034027262865, 33.60560606734904], [-117.62031546822364, 33.60563178967522], [-117.62029051023099, 33.605657408186495], [-117.62026539971386, 33.60568292196947], [-117.6202401366722, 33.605708331024005], [-117.62021472324668, 33.605733634424766], [-117.62018915940894, 33.60575883036858], [-117.62016344517312, 33.605783919756874], [-117.62013758160238, 33.605808901676255], [-117.62011156976006, 33.60583377521314], [-117.62008540961767, 33.60585853856444], [-117.61997206994164, 33.605965246493426], [-117.61989864584821, 33.60603421312574], [-117.61924313476216, 33.60665102745238], [-117.61922619983807, 33.60666701580465], [-117.61920933031784, 33.60668305212757], [-117.61919252512413, 33.60669913643279], [-117.61917578532007, 33.60671526780711], [-117.61915911091992, 33.60673144715211], [-117.61914250298693, 33.60674767355428], [-117.619125960472, 33.60676394882872], [-117.61910948439598, 33.60678026935739], [-117.61909307478719, 33.60679663694337], [-117.61907673163141, 33.60681305068521], [-117.61906045492876, 33.60682951058288], [-117.6190442446792, 33.60684601663647], [-117.61902810197432, 33.6068625697357], [-117.61901202677167, 33.606879167175826], [-117.6189960180222, 33.606895810771974], [-117.61898007678911, 33.60691249961076], [-117.61896420524158, 33.60692923457002], [-117.61894840010474, 33.60694601298067], [-117.61893266357593, 33.606962837523675], [-117.61891699562695, 33.60697970639606], [-117.61890139622939, 33.60699661779464], [-117.61888586544, 33.60701357532574], [-117.61887040323042, 33.6070305771862], [-117.61885500958655, 33.60704762247458], [-117.61883968666328, 33.60706471116716], [-117.61882443230574, 33.607081843287695], [-117.61880924651396, 33.60709901883616], [-117.61879413250612, 33.60711623687558], [-117.61877908706408, 33.607133498342996], [-117.61876411232855, 33.607150802313235], [-117.61874920722217, 33.607168148798124], [-117.61873437388564, 33.607185536872535], [-117.61871961017833, 33.607202967461674], [-117.6187049171776, 33.607220440553675], [-117.61869029485526, 33.60723795434561], [-117.6186757443028, 33.607255509727096], [-117.61866126550625, 33.60727310579667], [-117.6186468574023, 33.60729074346765], [-117.6186325199909, 33.607308422740175], [-117.61861248170747, 33.60733336919296], [-117.61860406471733, 33.60734390149927], [-117.61858994470032, 33.60736170100951], [-117.61857589643928, 33.60737954120796], [-117.61856192099762, 33.60739742118131], [-117.61854801728364, 33.607415340039864], [-117.6185341874665, 33.6074332986614], [-117.61852043046869, 33.607451297057935], [-117.61850674626204, 33.60746933342635], [-117.61849313593814, 33.60748740865634], [-117.61847959841958, 33.60750552275979], [-117.61846613262892, 33.6075236757486], [-117.61845274391092, 33.60754186485888], [-117.61843942802665, 33.607560094645834], [-117.6184261859829, 33.60757836058991], [-117.61841301780784, 33.60759666449413], [-117.61839992348747, 33.60761500545705], [-117.61838690411334, 33.60763338436839], [-117.61837395965728, 33.60765179942512], [-117.61836109011922, 33.60767025062713], [-117.61834829551341, 33.607688738876135], [-117.6183355758257, 33.60770726327061], [-117.6183229310562, 33.60772582381049], [-117.61831036119071, 33.60774441959429], [-117.61829786839826, 33.607763051499894], [-117.61828545049582, 33.60778171774797], [-117.61827310751163, 33.60780042014153], [-117.61826084160067, 33.607819158656994], [-117.61824865164309, 33.607837930601605], [-117.6182365376672, 33.60785673777847], [-117.61822450072216, 33.60787557837258], [-117.61821253866735, 33.6078944533093], [-117.61820065473503, 33.6079133625531], [-117.61818884674213, 33.60793230432459], [-117.61817711687188, 33.60795128040322], [-117.61816546187782, 33.60797028992289], [-117.6181538849781, 33.60798933194667], [-117.61814238725033, 33.6080084064628], [-117.61813096547635, 33.60802751440817], [-117.61811962176857, 33.60804665305465], [-117.61810835510619, 33.60806582602024], [-117.61809716651017, 33.60808502968691], [-117.61808605599462, 33.60810426495626], [-117.61807502355964, 33.60812353182824], [-117.61806407028267, 33.60814283029119], [-117.6180531939948, 33.608162159467106], [-117.61804239685088, 33.608181519332405], [-117.61803167777354, 33.608200909898954], [-117.61802103784031, 33.608220331154904], [-117.61801047595948, 33.60823978221059], [-117.61799999536368, 33.60825926303051], [-117.61798959172884, 33.60827877276052], [-117.61797926830158, 33.60829831226666], [-117.61796902401858, 33.608317882462266], [-117.61795885883747, 33.6083374806428], [-117.61794877277251, 33.60835710770986], [-117.61793876688698, 33.608376762749934], [-117.61792884119505, 33.60839644666481], [-117.61791899568264, 33.60841615855279], [-117.61790922927241, 33.60843589842573], [-117.6179060033188, 33.608442459424076], [-117.61790278713246, 33.6084490248236], [-117.61789957853027, 33.60845559284482], [-117.61789637966707, 33.60846216346414], [-117.61789318946543, 33.608468736693375], [-117.61789000795363, 33.60847531433559], [-117.61788683508931, 33.60848189368618], [-117.61788367090067, 33.60848847654821], [-117.61788051645104, 33.60849506200834], [-117.6178773695997, 33.608501650991734], [-117.61787423248741, 33.60850824257318], [-117.61787110403672, 33.608514836764584], [-117.61786798533912, 33.60852143445566], [-117.61786487530314, 33.60852803475659], [-117.61786177394295, 33.608534638568976], [-117.61785868124424, 33.60854124499127], [-117.61785559722135, 33.60854785492504], [-117.61785252293745, 33.60855446745691], [-117.61784945731517, 33.608561082598676], [-117.61784640035445, 33.60856770035035], [-117.61784335206954, 33.60857432161356], [-117.61784031244616, 33.60858094548659], [-117.61783728256187, 33.608587571957734], [-117.61783426133917, 33.60859420103882], [-117.6178312487922, 33.608600833631364], [-117.61782824490683, 33.608607468833824], [-117.61782525076056, 33.60861410663438], [-117.61782226529004, 33.60862074794642], [-117.6178192884811, 33.608627391868346], [-117.61781632141121, 33.60863403838844], [-117.61781336300298, 33.60864068751841], [-117.61781041325636, 33.60864733925828], [-117.61780747218545, 33.608653994509616], [-117.61780453976209, 33.60866065146934], [-117.61780161709187, 33.608667311928734], [-117.61779870416079, 33.60867397498627], [-117.61779579881386, 33.60868064066547], [-117.61779290322013, 33.608687309844335], [-117.61779001627393, 33.6086939807316], [-117.61778713800346, 33.60870065513038], [-117.617784269458, 33.608707331225666], [-117.61778140958823, 33.6087140108325], [-117.61777855838014, 33.60872069304917], [-117.61777571691114, 33.608727377863936], [-117.61777288410377, 33.60873406528871], [-117.61777005995806, 33.60874075532339], [-117.6177672455656, 33.608747448857706], [-117.61776443872901, 33.608754143210746], [-117.61776164272317, 33.60876084105157], [-117.61775885430148, 33.60876754151416], [-117.61775607563303, 33.60877424547639], [-117.61775330670372, 33.60878095203678], [-117.61775054535856, 33.608787661218905], [-117.61774779266095, 33.60879437210941], [-117.61774504970248, 33.60880108559804], [-117.61774231649724, 33.60880780258632], [-117.61773959193953, 33.60881452128298], [-117.61773687712096, 33.60882124257782], [-117.617734170964, 33.60882796648248], [-117.6177314745462, 33.60883469298538], [-117.61772878572673, 33.60884142301155], [-117.61772610663229, 33.608848154734225], [-117.61772343618539, 33.60885488816537], [-117.6177207754917, 33.608861625096154], [-117.61771812345974, 33.6088683646369], [-117.61771548115271, 33.60887510587421], [-117.61771284752156, 33.60888185062303], [-117.61771022253798, 33.60888859708021], [-117.61770760729354, 33.60889534613557], [-117.61770500071071, 33.60890209780081], [-117.6177024027896, 33.608908852076006], [-117.61769981460763, 33.60891560894935], [-117.61769723507324, 33.60892236753116], [-117.617694665278, 33.608929128711026], [-117.61769210414445, 33.608935892500845], [-117.61768955275004, 33.60894265888879], [-117.61768701001738, 33.6089494278867], [-117.61768447593221, 33.608956198593], [-117.61768195158623, 33.608962971897434], [-117.617679435902, 33.60896974781178], [-117.6176769299569, 33.608976526324305], [-117.61767443264523, 33.6089833056437], [-117.61767194508685, 33.60899008846275], [-117.61766946619021, 33.60899687389175], [-117.61766699595528, 33.609003661930714], [-117.61766453545954, 33.60901045256777], [-117.61766208468883, 33.60901724490146], [-117.61765964256573, 33.60902403894355], [-117.61765720910431, 33.60903083559562], [-117.61765478538207, 33.609037634845755], [-117.6176523703216, 33.6090444367059], [-117.61764996498614, 33.60905124026262], [-117.61764756829827, 33.60905804552777], [-117.61764518136378, 33.609064854292605], [-117.61764280307682, 33.609071664765885], [-117.61764043451501, 33.609078476935686], [-117.61763807461483, 33.609085291715495], [-117.61763572445395, 33.60909210909343], [-117.61763338294061, 33.60909892817977], [-117.61763142111438, 33.60910467007909], [-117.61762946576684, 33.60911041280895], [-117.61762751689795, 33.60911615636937], [-117.61762557453594, 33.609121902563395], [-117.61762363865266, 33.609127649588025], [-117.61762170926211, 33.60913339834472], [-117.6176197863644, 33.60913914883348], [-117.61761787103694, 33.60914490104253], [-117.61761596111064, 33.60915065409397], [-117.6176140598321, 33.609156408853785], [-117.61761216289148, 33.60916216536941], [-117.61761027244361, 33.60916792361712], [-117.61760838955186, 33.609173682683476], [-117.61760651208957, 33.60917944439537], [-117.61760464216934, 33.60918520602443], [-117.61760277875598, 33.60919097028716], [-117.61760092074385, 33.60919673539223], [-117.61759907030205, 33.60920250221754], [-117.617597226353, 33.60920827077501], [-117.61759538886855, 33.609214039261445], [-117.61759355682766, 33.609219811294885], [-117.61759173232878, 33.60922558324556], [-117.61758991433688, 33.609231357829785], [-117.61758810283779, 33.609237134146206], [-117.61758629781738, 33.60924291129311], [-117.61758450035313, 33.609248689258784], [-117.61758270831835, 33.60925446986989], [-117.6175809227481, 33.609260250409996], [-117.61757914368485, 33.60926603358378], [-117.61757737217775, 33.609271817576285], [-117.61757560608595, 33.609277603312655], [-117.61757384755037, 33.60928338986784], [-117.61757209443013, 33.60928917816693], [-117.61757034888018, 33.60929496818628], [-117.61756860980893, 33.6093007590362], [-117.61756687615302, 33.609306551629984], [-117.61756515005332, 33.60931234504256], [-117.61756343046054, 33.609318141088785], [-117.61756171733236, 33.60932393706401], [-117.6175600117745, 33.60932973475947], [-117.61755831163197, 33.6093355341989], [-117.6175566179823, 33.60934133537043], [-117.6175549308113, 33.60934713737252], [-117.61755325119653, 33.609352940193304], [-117.61755157699707, 33.60935874475806], [-117.61754991036797, 33.60936455104307], [-117.61754825021752, 33.60937035815865], [-117.61754659655995, 33.60937616700632], [-117.61754494938108, 33.60938197668456], [-117.6175433086951, 33.60938778809487], [-117.61754167448782, 33.60939360033577], [-117.6175400467734, 33.60939941430882], [-117.61753842553765, 33.60940522911236], [-117.61753681187227, 33.60941104563618], [-117.6175352036081, 33.6094168630024], [-117.61753360291424, 33.609422682088926], [-117.61753200869917, 33.60942850200599], [-117.61753041989941, 33.609434323666996], [-117.61752883864179, 33.60944014524524], [-117.6175272638911, 33.60944596945708], [-117.61752569669666, 33.60945179448766], [-117.61752413491755, 33.60945762126212], [-117.61752257963134, 33.609463449768775], [-117.61752103082391, 33.60946927910598], [-117.6175194884951, 33.60947510927368], [-117.6175179537226, 33.609480940260184], [-117.61751642544291, 33.60948677297882], [-117.61751490364192, 33.60949260652791], [-117.61751338833386, 33.609498441809215], [-117.61751187950455, 33.60950427792106], [-117.61751037824557, 33.60951011575312], [-117.61750888238785, 33.60951595442766], [-117.6175073951638, 33.60952179390906], [-117.61750591227771, 33.60952763514623], [-117.61750443694783, 33.60953347720218], [-117.61750296809666, 33.609539320088665], [-117.61750150573845, 33.609545164707264], [-117.6175000509364, 33.6095510101446], [-117.61749860154977, 33.60955685732585], [-117.61749715971932, 33.609562705325885], [-117.61749572329022, 33.60956855416831], [-117.61749429441733, 33.60957440382945], [-117.61749287203732, 33.60958025522271], [-117.6174914561502, 33.609586108348104], [-117.61749004672772, 33.609591961402465], [-117.61748864487564, 33.60959781617716], [-117.61748724842478, 33.6096036717943], [-117.6174858595443, 33.609609529131625], [-117.6174844771426, 33.60961538729956], [-117.6174831012196, 33.609621246298076], [-117.61748173177546, 33.60962710612713], [-117.61748036882413, 33.60963296768832], [-117.61747901342908, 33.609638830068235], [-117.61747766343534, 33.609644693290605], [-117.61747632101199, 33.60965055823322], [-117.61747498505325, 33.609656423104894], [-117.6174736555874, 33.60966228970859], [-117.61747233260039, 33.60966815714292], [-117.61747101716956, 33.60967402539605], [-117.61746982977306, 33.60967933048676], [-117.61746864886949, 33.60968463730959], [-117.61746747226152, 33.609689943183554], [-117.61746630214652, 33.609695250789684], [-117.61746513741872, 33.609700558336655], [-117.61746397810637, 33.60970586762755], [-117.6174628231038, 33.609711176871116], [-117.61746167459417, 33.60971648784684], [-117.61746053147172, 33.60972179876337], [-117.61745939376478, 33.60972711142387], [-117.61745826144507, 33.60973242402529], [-117.61745713454077, 33.609737738370555], [-117.61745601302376, 33.60974305265675], [-117.61745489690814, 33.60974836778533], [-117.61745378620792, 33.609753684657846], [-117.61745268089497, 33.609759001471254], [-117.61745158098336, 33.60976431912703], [-117.61745048755054, 33.60976963761339], [-117.61744939844165, 33.609774956954], [-117.6174483147341, 33.609780277137], [-117.61744723750537, 33.60978559815056], [-117.61744616460057, 33.60979092001834], [-117.61744509816043, 33.6097962418152], [-117.61744403605832, 33.60980156536781], [-117.61744298043503, 33.60980688975099], [-117.617441930199, 33.609812214075056], [-117.61744088428686, 33.60981753925329], [-117.61743984486768, 33.60982286616375], [-117.61743881083571, 33.60982819301502], [-117.61743778220516, 33.60983352070871], [-117.61743675897594, 33.609838849244746], [-117.61743574113396, 33.60984417772167], [-117.61743472870751, 33.60984950794259], [-117.61743372168237, 33.60985483900587], [-117.61743272004456, 33.609860170010045], [-117.61743172380804, 33.60986550185659], [-117.61743073189548, 33.60987083455735], [-117.61742974753919, 33.609876168076916], [-117.6174287674927, 33.60988150154912], [-117.61742779393919, 33.60988683675351], [-117.61742682469544, 33.609892171910566], [-117.6174258619447, 33.60989750879973], [-117.6174249045953, 33.609902846531305], [-117.61742395155572, 33.609908184215556], [-117.61742300499495, 33.609913522730444], [-117.61742206382146, 33.60991886118611], [-117.6174211280635, 33.60992420138585], [-117.61742019877023, 33.60992954151454], [-117.61741927380088, 33.609934882497456], [-117.61741835423291, 33.60994022432281], [-117.61741744006635, 33.609945566990554], [-117.61741653236454, 33.60995090958737], [-117.61741562898659, 33.60995625303836], [-117.61741473208754, 33.609961597320016], [-117.61741383951242, 33.60996694245584], [-117.61741295341615, 33.60997228842224], [-117.61741207162963, 33.60997763434134], [-117.61741119632202, 33.60998298109104], [-117.6174103264158, 33.60998832868315], [-117.61740946191098, 33.60999367711766], [-117.61740860279342, 33.60999902549304], [-117.61740774907726, 33.61000437471087], [-117.6174069007625, 33.610009724771075], [-117.61740605784914, 33.61001507567367], [-117.61740522032305, 33.61002042651715], [-117.61740438927582, 33.61002577819121], [-117.61740356255254, 33.61003113071947], [-117.61740274230812, 33.61003648407835], [-117.6174019263735, 33.61004183738994], [-117.61740111691776, 33.61004719153209], [-117.61740031284931, 33.61005254561515], [-117.61739951419644, 33.61005790144206], [-117.61739872093078, 33.61006325720993], [-117.61739793306653, 33.61006861382018], [-117.6173971505896, 33.61007397037128], [-117.61739637351411, 33.610079327764836], [-117.61739560291744, 33.61008468598897], [-117.61739483664469, 33.61009004506735], [-117.61739407574515, 33.610095403184985], [-117.61739332133862, 33.61010076303483], [-117.61739257231937, 33.61010612282547], [-117.61739182762409, 33.61011148347037], [-117.6173910894218, 33.610116845847465], [-117.61739035660683, 33.61012220816535], [-117.6173896291791, 33.61012757042411], [-117.61738890715286, 33.61013293352528], [-117.61738819159133, 33.61013829655555], [-117.61738748035376, 33.61014366044001], [-117.61738677451761, 33.610149025166905], [-117.61738607514626, 33.61015438982283], [-117.61738538009885, 33.610159755332965], [-117.61738469151625, 33.61016512077219], [-117.6173840083491, 33.610170487955365], [-117.6173833305552, 33.61017585417783], [-117.61738265817688, 33.61018122214428], [-117.61738199118581, 33.61018659005161], [-117.61738132958203, 33.61019195789977], [-117.61738067339384, 33.61019732749194], [-117.61738002365631, 33.61020269611156], [-117.61737609995592, 33.61023343293044], [-117.61740966126708, 33.61024269295783], [-117.61746343750151, 33.6102575290448], [-117.61746419725422, 33.610257735310896], [-117.61746495798542, 33.61025793525443], [-117.61746572185018, 33.61025812885169], [-117.61746648884846, 33.61025831610263], [-117.61746725682521, 33.61025849703101], [-117.61746802687223, 33.61025867252643], [-117.61746879896108, 33.61025884078587], [-117.61746957312016, 33.6102590036124], [-117.6174703493211, 33.61025915920296], [-117.61747112759218, 33.610259309360636], [-117.61747190682773, 33.61025945229407], [-117.61747268813343, 33.61025958979469], [-117.61747347040355, 33.61025972007111], [-117.6174742547438, 33.610259844914644], [-117.61747504112603, 33.610259962522164], [-117.61747582742339, 33.61026007472044], [-117.6174766157627, 33.61026017968267], [-117.61747740508054, 33.61026027832235], [-117.6174781953769, 33.610260370639395], [-117.61747898772933, 33.61026045662196], [-117.61747977998283, 33.6102605362938], [-117.61748057320081, 33.61026060874143], [-117.61748136741136, 33.61026067576794], [-117.61748216258643, 33.61026073557032], [-117.61748295766252, 33.6102607890619], [-117.61748375371722, 33.61026083623087], [-117.6174845507504, 33.610260877077216], [-117.61748534768472, 33.61026091161278], [-117.61748614558344, 33.61026093892415], [-117.6174869433973, 33.610260960826274], [-117.61748774109817, 33.61026097551606], [-117.61748853976344, 33.61026098298167], [-117.61748933726645, 33.61026098504986], [-117.61749013574799, 33.610260980795424], [-117.6174909341165, 33.61026096932861], [-117.61749173130856, 33.61026095156288], [-117.61749252947925, 33.61026092747453], [-117.6174933264593, 33.61026089618565], [-117.6174941233546, 33.610260859487475], [-117.61749492013686, 33.610260815577035], [-117.61749571574273, 33.610260765367556], [-117.61749651124964, 33.61026070884732], [-117.61749730558012, 33.61026064602809], [-117.6174980997976, 33.610260575996556], [-117.61749889285278, 33.610260500567506], [-117.61749968471739, 33.61026041793803], [-117.61750047540565, 33.61026032900955], [-117.61750126599493, 33.61026023377027], [-117.61750205433037, 33.61026013224387], [-117.61750284255268, 33.610260023505084], [-117.61750362853535, 33.61025990938071], [-117.61750441332737, 33.61025978805587], [-117.61750519695718, 33.6102596613335], [-117.61750597939641, 33.61025952741071], [-117.6175067595818, 33.61025938720072], [-117.61750753859073, 33.610259240691775], [-117.61750831535994, 33.61025908879719], [-117.61750909093861, 33.61025892970212], [-117.61750986426335, 33.61025876431992], [-117.61751063533428, 33.61025859265055], [-117.61751140522878, 33.610258414682235], [-117.6175121717919, 33.61025823043855], [-117.61751293717857, 33.61025803989598], [-117.61751370032555, 33.61025784396766], [-117.61751446012701, 33.61025764086258], [-117.61751521876619, 33.610257432360065], [-117.61751597405988, 33.61025721668067], [-117.6175167271138, 33.61025699561568], [-117.61751747791382, 33.61025676826349], [-117.61751822538253, 33.61025653463606], [-117.61751897061141, 33.61025629562299], [-117.617519712509, 33.61025605033458], [-117.61752045215269, 33.61025579875903], [-117.61752118846496, 33.61025554090817], [-117.61752192253749, 33.61025527767171], [-117.61752265220122, 33.61025500817173], [-117.61752337961104, 33.61025473238461], [-117.6175241037036, 33.61025445122372], [-117.61752482446482, 33.6102541637875], [-117.61752554190883, 33.610253870977466], [-117.61752625494395, 33.61025357190407], [-117.61752696573934, 33.610253267444904], [-117.61752767212589, 33.61025295672232], [-117.6175283751952, 33.61025264062597], [-117.61752907494726, 33.6102523191558], [-117.61752977029049, 33.61025199142217], [-117.61753046231648, 33.61025165831473], [-117.61753114994772, 33.610251319845354], [-117.61753183424766, 33.610250975100655], [-117.61753251415287, 33.610250624994], [-117.61753318966335, 33.61025026952539], [-117.61753386077913, 33.610249908694804], [-117.61753452857768, 33.61024954249047], [-117.61753519198149, 33.610249170924185], [-117.61753584991315, 33.61024879400774], [-117.61753650451341, 33.610248410816], [-117.61753715473309, 33.610248023163884], [-117.61753779948057, 33.610247630161545], [-117.61753844091085, 33.61024723178549], [-117.61781431651376, 33.61007412390003], [-117.61804972818655, 33.6100441577058], [-117.61809508696518, 33.61000251887586], [-117.61841296304709, 33.60985315274196], [-117.61933870091904, 33.60920508619616], [-117.61934720615523, 33.60903485145548], [-117.61976214475438, 33.60863752849779], [-117.61983627745003, 33.608611621102085], [-117.62032584755156, 33.608440530367815], [-117.62046204934413, 33.60831759268117], [-117.6208723793644, 33.608084530141966], [-117.62123471469091, 33.60795477983508], [-117.62180700848066, 33.607685288426595], [-117.62236628006143, 33.606538419533614], [-117.6224765449755, 33.6063122998197], [-117.62117303152647, 33.60548081315872], [-117.62162451112272, 33.604101993490204], [-117.622520726256, 33.60292576951858], [-117.62303131284389, 33.60199712313533], [-117.62305514861401, 33.60187361258802], [-117.62313602571078, 33.60145452480813], [-117.62335902786003, 33.6002989617215], [-117.62346779354914, 33.59973534824023], [-117.6237329645843, 33.598361223903545], [-117.6241546360491, 33.59799187839627], [-117.62508067349621, 33.597180737392804], [-117.6264860231753, 33.59594944612011], [-117.62573891680611, 33.59611431745312], [-117.62573773026843, 33.59611457671979], [-117.62573654259654, 33.596114832392274], [-117.6257353537621, 33.5961150826673], [-117.62573416379348, 33.596115329348], [-117.62573297269067, 33.59611557243447], [-117.6257317804253, 33.59611581012358], [-117.62573058594839, 33.59611604423024], [-117.62572939140047, 33.59611627382922], [-117.6257281946268, 33.596116498944205], [-117.6257269977821, 33.59611671955149], [-117.62572579980325, 33.59611693656449], [-117.62572459959866, 33.5961171490935], [-117.62572339932301, 33.59611735711485], [-117.62572219789897, 33.59611756064033], [-117.62572099426346, 33.59611776058342], [-117.62571979054262, 33.59611795511726], [-117.62571858568766, 33.596118146056796], [-117.62571738076163, 33.59611833248855], [-117.62571617360989, 33.5961185144364], [-117.62571496640129, 33.59611869277805], [-117.62571375803013, 33.59611886572235], [-117.62571254852469, 33.596119035072356], [-117.62571133787101, 33.59611919992652], [-117.62571012714615, 33.596119360272915], [-117.62570891527294, 33.596119516123544], [-117.62570770332871, 33.596119667466404], [-117.62570648917293, 33.59611981522686], [-117.6257052749461, 33.596119958479576], [-117.62570406063396, 33.59612009632305], [-117.62570284518766, 33.59612023057223], [-117.6257016286072, 33.59612036122708], [-117.62570041194145, 33.596120486472664], [-117.62569919412735, 33.59612060722244], [-117.62569797625639, 33.59612072436596], [-117.62569675723698, 33.596120837013714], [-117.62569553814653, 33.59612094515375], [-117.62569431790769, 33.596121048797926], [-117.62569309759779, 33.596121147934326], [-117.62569187721682, 33.59612124256304], [-117.62569065568745, 33.59612133269593], [-117.62568943410125, 33.59612141922257], [-117.62568821136665, 33.596121501253414], [-117.62568698962407, 33.59612157786311], [-117.62568576567001, 33.59612165089041], [-117.62568454272215, 33.59612171939802], [-117.625683318626, 33.59612178340987], [-117.6256820955502, 33.59612184380357], [-117.62568087023458, 33.59612189881182], [-117.62567964593933, 33.596121950202], [-117.62567842155883, 33.59612199618286], [-117.62567719604417, 33.59612203856947], [-117.6256759704584, 33.596122076448324], [-117.62567474587891, 33.596122109807574], [-117.62567352015101, 33.596122138670964], [-117.62567229435206, 33.59612216302662], [-117.62567106849622, 33.5961221837761], [-117.6256698425551, 33.59612219911629], [-117.62566861655715, 33.59612221085034], [-117.6256673904739, 33.59612221717503], [-117.62566616433378, 33.596122219893594], [-117.6256649391999, 33.59612221809256], [-117.62566371291763, 33.59612221179559], [-117.62566248656431, 33.59612220099097], [-117.6256612612172, 33.596122185666665], [-117.6256600347359, 33.59612216674814], [-117.62565880924672, 33.59612214240841], [-117.62565758370063, 33.59612211446245], [-117.62565635808342, 33.59612208200882], [-117.62565513347246, 33.59612204503549], [-117.62565390771313, 33.59612200356642], [-117.62565268296007, 33.596121957577644], [-117.62565145813589, 33.5961219070812], [-117.62565023431796, 33.59612185206508], [-117.62564901044321, 33.59612179344278], [-117.62564778648309, 33.59612172941118], [-117.6256465624662, 33.59612166177345], [-117.6256453394555, 33.596121589616054], [-117.62564411745107, 33.59612151293906], [-117.62564289429824, 33.59612143176617], [-117.62564167324312, 33.596121346963386], [-117.6256404510255, 33.59612125676317], [-117.62563923090553, 33.59612116293297], [-117.62563800962307, 33.59612106370542], [-117.62563679043832, 33.59612096084784], [-117.62563557118251, 33.59612085348256], [-117.6256343518556, 33.59612074160956], [-117.62563313354914, 33.59612062611849], [-117.62563191623477, 33.59612050520623], [-117.62563069886349, 33.59612038068778], [-117.62562948249841, 33.59612025164973], [-117.62562826713967, 33.59612011809201], [-117.62562705170976, 33.59611998002655], [-117.62562583836343, 33.59611983742961], [-117.62562462494603, 33.5961196903249], [-117.62562341147179, 33.596119539614044], [-117.62562220008108, 33.59611938437164], [-117.62562098861926, 33.59611922462151], [-117.62561977816374, 33.59611906035173], [-117.62561856872863, 33.5961188924639], [-117.62517457906021, 33.5960562412824], [-117.62517453694599, 33.59605623543535], [-117.6251744948176, 33.5960562286867], [-117.62517445270339, 33.59605622283967], [-117.62517441058914, 33.59605621699263], [-117.62517436739763, 33.59605621115752], [-117.62517432528342, 33.59605620531044], [-117.62517428315502, 33.59605619856186], [-117.6251742410408, 33.59605619271477], [-117.62517419784929, 33.59605618687961], [-117.62517415573508, 33.59605618103257], [-117.62517411362087, 33.596056175185524], [-117.62517407149247, 33.59605616843694], [-117.62517402830095, 33.596056162601776], [-117.62517398618671, 33.596056156754756], [-117.62517394407256, 33.59605615090766], [-117.62517390195832, 33.59605614506061], [-117.62517385982986, 33.596056138312065], [-117.62517381663837, 33.59605613247689], [-117.6251737745242, 33.59605612662985], [-117.62517373240998, 33.59605612078278], [-117.62517369029577, 33.59605611493575], [-117.62517364710423, 33.59605610910054], [-117.6251736049758, 33.59605610235194], [-117.62517356286162, 33.59605609650493], [-117.6251735207474, 33.596056090657896], [-117.62517347755589, 33.59605608482273], [-117.62517343544168, 33.596056078975685], [-117.62517339332747, 33.59605607312863], [-117.62517335121326, 33.596056067281566], [-117.62517330908483, 33.59605606053296], [-117.62517326589331, 33.5960560546978], [-117.6251692813592, 33.59605550896661], [-117.62516529281433, 33.59605498221525], [-117.62516130135016, 33.5960544753334], [-117.6251573058753, 33.596053987431404], [-117.62515330746692, 33.59605351849739], [-117.62514930613932, 33.59605306943289], [-117.62514530080091, 33.59605263934827], [-117.62514129468371, 33.59605222820783], [-117.62513728456982, 33.5960518369488], [-117.62513327152256, 33.59605146465769], [-117.62512925555598, 33.59605111223613], [-117.62512523773317, 33.59605077877066], [-117.62512121699119, 33.596050465174706], [-117.62511719548446, 33.596050171424395], [-117.62511317104428, 33.59604989664216], [-117.62510914474787, 33.596049640815934], [-117.62510511660949, 33.59604940484735], [-117.6251010877064, 33.596049188724514], [-117.62509705694713, 33.59604899155773], [-117.62509302539473, 33.59604881243361], [-117.62508899202882, 33.596048654970176], [-117.62508495786975, 33.596048515549384], [-117.62508092296017, 33.596048396875865], [-117.6250768851171, 33.59604829717033], [-117.6250728486639, 33.59604821728675], [-117.62506881250906, 33.596048156335435], [-117.62506477451227, 33.59604811524172], [-117.625060736828, 33.59604809398185], [-117.62505669944217, 33.596048091654325], [-117.6250526623689, 33.5960481091606], [-117.62504862451667, 33.59604814561104], [-117.62504458805437, 33.59604820188347], [-117.62504055082728, 33.59604827800159], [-117.62503651497587, 33.59604837304016], [-117.62503247943702, 33.59604848791256], [-117.62502844528805, 33.59604862260685], [-117.62502441143747, 33.59604877623353], [-117.62502038005401, 33.59604894967023], [-117.62501634898315, 33.59604914294073], [-117.62501231928785, 33.596049355131655], [-117.62500829096828, 33.59604958624301], [-117.62500426405273, 33.596049838077825], [-117.6250002395759, 33.59605010791963], [-117.62499621758042, 33.596050398473025], [-117.62499219696063, 33.59605070794683], [-117.6249881777306, 33.59605103724263], [-117.62498416203084, 33.59605138543502], [-117.62498014878402, 33.596051752535885], [-117.62497613694121, 33.59605214036028], [-117.62497212861443, 33.59605254617977], [-117.62496812383208, 33.59605297179742], [-117.62496412151683, 33.596053417225136], [-117.6249601216545, 33.59605388156135], [-117.6249561253366, 33.59605436569578], [-117.6249521336262, 33.59605486871493], [-117.62494814438294, 33.5960553915441], [-117.62494415865568, 33.59605593236844], [-117.62494017756431, 33.59605649388055], [-117.62493619998891, 33.596057073387755], [-117.62493222595795, 33.596057672693135], [-117.62492825654871, 33.596058291784814], [-117.62492429173273, 33.5960589288597], [-117.62492033046114, 33.59605958573276], [-117.62491637487433, 33.59606026147862], [-117.62491242390924, 33.59606095701081], [-117.62490847755161, 33.596061671427755], [-117.62490453578727, 33.5960624038279], [-117.62490060079922, 33.59606315599051], [-117.6248966693413, 33.5960639270498], [-117.62489274358245, 33.596064717883486], [-117.62488882349405, 33.59606552668845], [-117.62488490909053, 33.596066354366314], [-117.62488100038588, 33.59606720181857], [-117.6248770973519, 33.596068067242136], [-117.62487320109412, 33.59606895242823], [-117.6248693105069, 33.59606985558564], [-117.62486542560444, 33.596070777615886], [-117.62486154854133, 33.59607171849526], [-117.62485767716296, 33.596072678247445], [-117.62485381254668, 33.596073656860604], [-117.62484995467827, 33.59607465343324], [-117.62484610358607, 33.596075669768375], [-117.6248422581502, 33.5960767031733], [-117.62483842164517, 33.596077756316944], [-117.6248345929653, 33.59607882740814], [-117.6248307710475, 33.596079917360306], [-117.62482695587748, 33.59608102527189], [-117.62482314962413, 33.59608215202072], [-117.62481935121008, 33.596083297618634], [-117.62481556060698, 33.59608446026254], [-117.62481177784316, 33.59608564175556], [-117.62480800291874, 33.59608684209763], [-117.62480423689667, 33.59608806037538], [-117.6248004797771, 33.5960892965888], [-117.62479673048257, 33.59609055074979], [-117.62479299009051, 33.596091822846404], [-117.62478925861504, 33.59609311378025], [-117.62478553602776, 33.59609442174822], [-117.62478182235712, 33.59609574855341], [-117.62449274649171, 33.59619987540973], [-117.62449155643948, 33.596200322257054], [-117.6244903685986, 33.59620077268676], [-117.6244891818776, 33.59620122580922], [-117.62448799627659, 33.59620168162442], [-117.62448681287266, 33.59620214012046], [-117.62448563058871, 33.59620260130922], [-117.62448445051616, 33.59620306608036], [-117.6244832715493, 33.596203532642754], [-117.6244820937165, 33.59620400279937], [-117.62448091808093, 33.59620447563687], [-117.62447974465674, 33.596204952056745], [-117.62447857233828, 33.5962054302678], [-117.62447740113973, 33.59620591117161], [-117.62447623215255, 33.596206395657795], [-117.62447506536256, 33.59620688282487], [-117.62447389969248, 33.59620737268464], [-117.62447273514228, 33.59620786523721], [-117.62447157278933, 33.59620836047059], [-117.62447041263356, 33.59620885838477], [-117.62446925361184, 33.5962093598933], [-117.62446809677317, 33.59620986318112], [-117.62446694106856, 33.59621037006319], [-117.62446578756119, 33.59621087962615], [-117.6244646351737, 33.59621139188189], [-117.6244634860607, 33.596211906806474], [-117.62446233806759, 33.596212424423896], [-117.62446119119443, 33.59621294473399], [-117.62446004651842, 33.59621346772498], [-117.6244589040396, 33.596213993396766], [-117.62445776269493, 33.5962145226629], [-117.6244566235332, 33.59621505370834], [-117.62445548549141, 33.59621558744649], [-117.62445434966101, 33.59621612476703], [-117.62445321602779, 33.59621666476845], [-117.6244520845776, 33.59621720654913], [-117.62445095426146, 33.59621775192415], [-117.62444982614251, 33.59621829997998], [-117.62444869914349, 33.59621885072853], [-117.62444757540474, 33.59621940324456], [-117.62444645280019, 33.59621995935483], [-117.6244453323927, 33.59622051814597], [-117.62444421310515, 33.596221079629856], [-117.62444309709213, 33.59622164378266], [-117.62444198219902, 33.596222210628206], [-117.62444086950308, 33.596222780154676], [-117.62443975791282, 33.59622335147229], [-117.62443864961125, 33.59622392636044], [-117.6244375424296, 33.59622450394128], [-117.62443643744514, 33.59622508420298], [-117.62443533465793, 33.59622566714559], [-117.62443423297636, 33.596226251879365], [-117.62443313458347, 33.596226840183604], [-117.62443203731053, 33.596227431180644], [-117.62443094331203, 33.596228024846624], [-117.62442985041928, 33.59622862030382], [-117.62442875973788, 33.596229219343385], [-117.62442767016219, 33.59622982017415], [-117.624426583861, 33.59623042367393], [-117.62442549977122, 33.596231030756044], [-117.62442441678711, 33.59623163962935], [-117.62442333707754, 33.59623225117162], [-117.62442225848784, 33.596232865406726], [-117.62442118209535, 33.5962334823226], [-117.62442010790002, 33.59623410191934], [-117.62441903699344, 33.59623472508658], [-117.6244179671783, 33.59623534914351], [-117.62441689957461, 33.59623597678277], [-117.62441583415387, 33.596236606201444], [-117.62441477094455, 33.5962372392024], [-117.62441370991823, 33.596237873982744], [-117.62441265001179, 33.596238511455844], [-117.62441159337985, 33.596239151597814], [-117.62441053893092, 33.59623979351916], [-117.62440948669332, 33.59624043902292], [-117.62440843663879, 33.59624108630595], [-117.62440738878145, 33.59624173626987], [-117.6244063431213, 33.596242388914625], [-117.62440529965832, 33.596243044240246], [-117.62440425839256, 33.596243702246696], [-117.62440322038711, 33.59624436202057], [-117.6244021835157, 33.59624502538879], [-117.62440114882737, 33.59624569053623], [-117.62440011739929, 33.59624635745112], [-117.62439908818259, 33.596247027948415], [-117.62439806007158, 33.59624770023692], [-117.62439703524929, 33.596248376095964], [-117.62439601259582, 33.59624905283272], [-117.62439499215374, 33.59624973315193], [-117.62439397498612, 33.59625041614008], [-117.62439295892418, 33.59625110091946], [-117.62439194505947, 33.596251788379625], [-117.62439093445506, 33.596252477607244], [-117.62438992606202, 33.59625317041728], [-117.62438891985202, 33.596253865006595], [-117.62419585975636, 33.59672100707794], [-117.62419545883779, 33.59672298532277], [-117.62419506115121, 33.596724963531905], [-117.62419466886533, 33.59672694258322], [-117.62419427873407, 33.596728921610726], [-117.62419389400351, 33.59673090148038], [-117.62419351144176, 33.59673288222779], [-117.6241931342666, 33.59673486291582], [-117.62419276033752, 33.596736844469724], [-117.62419238964031, 33.59673882598798], [-117.62419202435808, 33.59674080924987], [-117.62419166121619, 33.5967427915865], [-117.62419130348931, 33.59674477566679], [-117.62419094899427, 33.596746759711465], [-117.62419059773117, 33.59674874372041], [-117.62419025079153, 33.59675072858345], [-117.62418990817528, 33.59675271430045], [-117.62418956879097, 33.596754699981815], [-117.62418923373006, 33.596756686517175], [-117.62418890297836, 33.596758673005006], [-117.62418857547277, 33.59676066035872], [-117.62418825119912, 33.5967626476768], [-117.62418793232622, 33.596764635837026], [-117.62418761562208, 33.59676662487499], [-117.62418730430453, 33.59676861385357], [-117.62418699621882, 33.59677060279653], [-117.62418669353391, 33.596772592581544], [-117.62418639301781, 33.5967745832444], [-117.62418609681094, 33.596776573859714], [-117.62418580383593, 33.59677856443932], [-117.62418551518434, 33.596780555872975], [-117.62418523085628, 33.59678254816067], [-117.62418494976005, 33.59678454041268], [-117.6241846729731, 33.59678653261715], [-117.62418439943221, 33.59678852568753], [-117.62418413021477, 33.596790519611936], [-117.62418386529238, 33.59679251258727], [-117.62418360363026, 33.59679450733001], [-117.62418334626324, 33.59679650112369], [-117.6241830921565, 33.596798496684784], [-117.62418284342212, 33.59680049128498], [-117.62418259685654, 33.59680248676292], [-117.62418235569172, 33.59680448308297], [-117.62418211666726, 33.596806478477745], [-117.62418188305777, 33.59680847561617], [-117.62418165266598, 33.59681047181742], [-117.62418142659764, 33.59681246887262], [-117.6241812037754, 33.59681446679376], [-117.62418098524826, 33.59681646376581], [-117.62418077105866, 33.59681846249346], [-117.62418056008684, 33.596820460283936], [-117.62418035343848, 33.59682245892832], [-117.62418015002196, 33.59682445753713], [-117.62417995092892, 33.59682645699991], [-117.62417975614511, 33.596828456415196], [-117.62417956459323, 33.59683045579479], [-117.62417937736477, 33.59683245602847], [-117.62417919336824, 33.59683445622642], [-117.62417901475828, 33.59683645636501], [-117.6241788383171, 33.59683845738137], [-117.6241786672483, 33.59684045743673], [-117.62417849943976, 33.59684245925956], [-117.62417833484902, 33.596844460145206], [-117.62417817458169, 33.59684646188487], [-117.62417801862357, 33.59684846357697], [-117.62417786697472, 33.59685046522156], [-117.624177718572, 33.596852467732035], [-117.62417757447847, 33.596854470194955], [-117.6241774336169, 33.59685647262229], [-117.62417729707876, 33.59685847590358], [-117.62417716375838, 33.5968604782477], [-117.6241770358245, 33.596862480532444], [-117.62417691113679, 33.59686448368303], [-117.62417678969517, 33.59686648769951], [-117.62417667256283, 33.596868491668474], [-117.6241765597255, 33.59687049468833], [-117.6241764501343, 33.59687249857414], [-117.62417634486654, 33.59687450331391], [-117.6241762438938, 33.59687650710461], [-117.62417614616723, 33.59687851176127], [-117.62417605274992, 33.59688051637035], [-117.6241759625645, 33.596882520943815], [-117.62417587668833, 33.596884525469676], [-117.62417579513563, 33.59688653084961], [-117.62417571787792, 33.596888535280435], [-117.62417564386635, 33.596890540577185], [-117.6241755720094, 33.59689254585014], [-117.62417550553904, 33.59689455106371], [-117.62417544337791, 33.596896556229694], [-117.6241753855402, 33.59689856224975], [-117.62417533092025, 33.596900567332575], [-117.62417528062373, 33.596902573269446], [-117.62417501722477, 33.59691861923141], [-117.62412068775964, 33.59690289588206], [-117.6240710279711, 33.596888526758555], [-117.62317976109985, 33.599044964397486]]], [[[-117.60232307164898, 33.624827730515285], [-117.6027452267336, 33.62511845675282], [-117.60251415465768, 33.62517062262627], [-117.60191247989592, 33.62551692175764], [-117.60155272110478, 33.625999534511614], [-117.60111789218024, 33.6266252982823], [-117.6010935369689, 33.62672348870142], [-117.60109841420929, 33.626720212281604], [-117.60110328051879, 33.62671692606152], [-117.60110813802497, 33.62671362821463], [-117.60111298569197, 33.626710321457374], [-117.60111782349183, 33.626707003986525], [-117.60112265034697, 33.62670367581388], [-117.60112746734889, 33.626700337829256], [-117.60113227340607, 33.62669698914277], [-117.60113707068778, 33.62669363063263], [-117.60114185702473, 33.62669026142065], [-117.60114663243081, 33.62668688240842], [-117.60115139798378, 33.626683493584196], [-117.60115615366965, 33.62668009404647], [-117.60116089842464, 33.6266766847084], [-117.60116563332652, 33.626673265558374], [-117.60117035729759, 33.626669836608094], [-117.60117507140154, 33.626666396944294], [-117.60117977457465, 33.62666294748019], [-117.60118446789461, 33.62665948820417], [-117.60118915028376, 33.62665601912781], [-117.6011938228058, 33.626652539338004], [-117.60119848333329, 33.6266490506611], [-117.60120313507134, 33.626645551259024], [-117.60120777480093, 33.62664204206834], [-117.60121240467734, 33.62663852306572], [-117.60121702363688, 33.62663499516435], [-117.60122163165163, 33.626631456561135], [-117.60122622873557, 33.626627908157715], [-117.60123081488865, 33.62662434995399], [-117.60123539120256, 33.626620782839865], [-117.60123995549397, 33.6266172050356], [-117.60124450994621, 33.62661361832093], [-117.60124905346763, 33.626610021806], [-117.60125358498053, 33.626606415502465], [-117.60125810664029, 33.62660279938701], [-117.60126261629152, 33.62659917348295], [-117.60126711610361, 33.626595538668504], [-117.60127160390718, 33.626591894065484], [-117.60127608185755, 33.6265882396505], [-117.60128054779943, 33.62658457544697], [-117.60128500174676, 33.626580902356366], [-117.6012894458549, 33.62657722035538], [-117.60129387901826, 33.62657352765259], [-117.60129830020107, 33.62656982696435], [-117.60130271043907, 33.6265661155743], [-117.60130710976014, 33.626562395285546], [-117.60131149708675, 33.626558666109744], [-117.60131587348246, 33.626554927133704], [-117.60132023788367, 33.62655117927062], [-117.60132459135403, 33.62654742160732], [-117.60132893390754, 33.62654365504532], [-117.60133326446649, 33.62653987959626], [-117.60133758301693, 33.62653609435867], [-117.60134189065052, 33.62653230022236], [-117.60134618628956, 33.62652849719904], [-117.60135046992006, 33.6265246843872], [-117.60135474264771, 33.626520863578186], [-117.60135900444452, 33.626517032968934], [-117.60136325423278, 33.62651319257111], [-117.60136749204051, 33.62650934418778], [-117.6013717178537, 33.62650548691754], [-117.60137593273603, 33.62650161984697], [-117.60138013563775, 33.62649774479099], [-117.60138432653108, 33.62649385994645], [-117.60138850544375, 33.62648996711648], [-117.60139267343952, 33.62648606538777], [-117.60139682834917, 33.62648215388221], [-117.60140097235592, 33.62647823437953], [-117.60140510436811, 33.62647430598985], [-117.6014092243718, 33.6264703678116], [-117.60141333240892, 33.62646642254946], [-117.60141742735982, 33.62646246751047], [-117.60142151139387, 33.626458503572806], [-117.60142558344731, 33.62645453164965], [-117.60142964350628, 33.62645055083956], [-117.60143369049298, 33.62644656115409], [-117.60143772657682, 33.62644256347158], [-117.60144174958846, 33.626438556913655], [-117.60144576061947, 33.626434542370355], [-117.60144975964202, 33.626430518038504], [-117.60145374669796, 33.62642648662275], [-117.6014577217454, 33.626422445418505], [-117.60146168374855, 33.62641839714201], [-117.60146563374323, 33.62641433907699], [-117.60146957069364, 33.626410273939776], [-117.60147349672715, 33.62640619990386], [-117.6014774096885, 33.62640211699268], [-117.60148130960556, 33.62639802700927], [-117.60148519859177, 33.62639392722568], [-117.60148907453375, 33.62638982036991], [-117.60149293740349, 33.626385704638764], [-117.60149678830669, 33.626381581823786], [-117.60150062612368, 33.62637744923196], [-117.60150445197408, 33.62637330955625], [-117.60150826476624, 33.6263691619068], [-117.60151206556388, 33.6263650053704], [-117.60151585331725, 33.62636084176176], [-117.60151962799843, 33.62635666927787], [-117.60152339069903, 33.62635248880856], [-117.60154893689722, 33.626329664078334], [-117.60164533042409, 33.626246237460805], [-117.60175085666201, 33.62620629136467], [-117.60186436829811, 33.626141496306325], [-117.60185363952337, 33.62607454125541], [-117.60195078682102, 33.626062797008146], [-117.60206509302833, 33.62590145713386], [-117.60206532192204, 33.62590113455011], [-117.60206555081577, 33.625900811966325], [-117.60206578078713, 33.625900489370956], [-117.60206600968091, 33.6259001667872], [-117.60206623965229, 33.62589984419179], [-117.6020664696376, 33.62589952249791], [-117.60206669960904, 33.62589919990252], [-117.60206693067201, 33.62589887819691], [-117.60206716173509, 33.625898556491315], [-117.60206739172041, 33.62589823479744], [-117.60206762386113, 33.625897913080166], [-117.60206785493813, 33.62589759227615], [-117.60206808707882, 33.625897270558866], [-117.60206831815582, 33.625896949754804], [-117.6020685502965, 33.625896628037545], [-117.60206878352888, 33.625896307210134], [-117.60206901568354, 33.62589598639439], [-117.60206924891585, 33.62589566556701], [-117.60206948216216, 33.62589534564111], [-117.60206971539448, 33.62589502481365], [-117.60206994864083, 33.62589470488776], [-117.6020701829508, 33.62589438404869], [-117.60207041619711, 33.62589406412278], [-117.60207065052111, 33.6258937441852], [-117.60207088592274, 33.62589342423591], [-117.6020711202467, 33.62589310429836], [-117.6020713556623, 33.62589278525066], [-117.60207159106396, 33.62589246530137], [-117.60207182647959, 33.62589214625363], [-117.60207206189521, 33.62589182720591], [-117.60207229838848, 33.62589150814647], [-117.60207253380408, 33.62589118909873], [-117.60207277029738, 33.62589087003932], [-117.6020730078683, 33.62589055096821], [-117.60207324437559, 33.62589023281031], [-117.6020734819605, 33.62588991464075], [-117.60207371845375, 33.62588959558135], [-117.60207395711637, 33.62588927740005], [-117.60207419470123, 33.62588895923049], [-117.6020744322862, 33.6258886410609], [-117.60207467096279, 33.62588832378113], [-117.6020749096253, 33.62588800559986], [-117.60207514830188, 33.625887688320155], [-117.60207538697847, 33.625887371040406], [-117.60207562673267, 33.62588705374898], [-117.6020758664869, 33.62588673645759], [-117.60207610624111, 33.62588641916615], [-117.60207634599534, 33.625886101874684], [-117.60207658684122, 33.62588578547311], [-117.60207682659545, 33.62588546818169], [-117.60207706744133, 33.625885151780125], [-117.60207730828718, 33.62588483537856], [-117.6020775502107, 33.625884518965265], [-117.60207779105657, 33.625884202563675], [-117.60207803298012, 33.62588388615042], [-117.60207827491762, 33.6258835706387], [-117.60207851684113, 33.6258832542254], [-117.60207875985633, 33.625882938702], [-117.60207900179383, 33.62588262319023], [-117.602079244809, 33.62588230766681], [-117.60207948782416, 33.62588199214339], [-117.60207973085332, 33.62588167752151], [-117.60207997494615, 33.62588136198643], [-117.60208021905297, 33.62588104735281], [-117.6020804620681, 33.6258807318294], [-117.60208070725261, 33.625880417184106], [-117.6020809513594, 33.625880102550546], [-117.60208119655786, 33.625879788806806], [-117.60208144066468, 33.6258794741732], [-117.60208168584913, 33.625879159527926], [-117.60208193212526, 33.62587884577247], [-117.60208217732371, 33.625878532028786], [-117.60208242359985, 33.625878218273364], [-117.60208266879826, 33.62587790452962], [-117.60208291615203, 33.62587759076248], [-117.60208316242816, 33.62587727700705], [-117.60208340871826, 33.625876964153164], [-117.60208365607203, 33.625876650386054], [-117.60208390236212, 33.62587633753216], [-117.60208414972983, 33.62587602466657], [-117.6020843970976, 33.62587571180098], [-117.60208464554304, 33.62587539892372], [-117.6020848940024, 33.625875086947985], [-117.60208514244788, 33.62587477407073], [-117.60208539090723, 33.62587446209497], [-117.60208564044429, 33.625874150107556], [-117.60208588890367, 33.62587383813181], [-117.60208613844075, 33.62587352614442], [-117.60208638797783, 33.625873214156975], [-117.6020866375149, 33.62587290216952], [-117.6020868881436, 33.62587259107193], [-117.6020871387723, 33.62587227997438], [-117.60208738938704, 33.625871967975236], [-117.60208764001571, 33.62587165687765], [-117.60208789064438, 33.625871345780084], [-117.60208814236474, 33.62587103557233], [-117.60208839299344, 33.625870724474744], [-117.60208864471377, 33.62587041426702], [-117.60208889749777, 33.62587010314601], [-117.60209281532089, 33.62586529429991], [-117.60209675163166, 33.625860496073344], [-117.60210070533856, 33.62585570757651], [-117.60210467753309, 33.62585092969926], [-117.60210866820138, 33.6258461615401], [-117.60211267522998, 33.62584140582699], [-117.60211670070431, 33.62583665802881], [-117.60212074360268, 33.62583192176347], [-117.60212480498876, 33.625827196117676], [-117.60212888379877, 33.62582248200474], [-117.6021329800049, 33.625817777621535], [-117.60213709362101, 33.625813083869566], [-117.60214122466115, 33.62580840165044], [-117.60214537311133, 33.62580373006253], [-117.60214953897149, 33.62579906910596], [-117.60215372224162, 33.62579441878056], [-117.60215792293582, 33.62578977998803], [-117.60216214211765, 33.625785151815045], [-117.6021663765542, 33.6257805342967], [-117.60217062949232, 33.62577592829946], [-117.60217489985449, 33.62577133383498], [-117.602179186549, 33.625766750013504], [-117.6021834906675, 33.62576217772477], [-117.60218781220999, 33.62575761696884], [-117.60219215009874, 33.62575306775744], [-117.60219650539753, 33.6257485291772], [-117.60220087812031, 33.6257440021298], [-117.60220526718936, 33.62573948662683], [-117.60220967368244, 33.62573498265673], [-117.60221409652175, 33.62573049023101], [-117.60221853570746, 33.62572600934974], [-117.60222299231708, 33.62572154000129], [-117.60222746528704, 33.62571708309889], [-117.6022319545893, 33.625712636839346], [-117.60223646132943, 33.62570820301414], [-117.60224098333829, 33.6257037807451], [-117.60224552278508, 33.62569937091035], [-117.60225007856418, 33.62569497171849], [-117.60225465071748, 33.62569058587417], [-117.60225923812554, 33.625686210684485], [-117.6022638429855, 33.6256818488306], [-117.60226846417773, 33.625677497619684], [-117.60227310066654, 33.62567315976796], [-117.60227775457933, 33.62566883344895], [-117.6022824237748, 33.62566451958764], [-117.60228711039414, 33.625660217259096], [-117.60229181231011, 33.62565592828977], [-117.60229652949471, 33.62565165087657], [-117.60230126303955, 33.62564738590934], [-117.60230601295865, 33.625643134289604], [-117.6023107781464, 33.625638894226036], [-117.6023155596944, 33.625634666608356], [-117.6023203576027, 33.62563045143674], [-117.60232516971584, 33.62562624873445], [-117.6023299982033, 33.625622059379666], [-117.60233484305105, 33.62561788247085], [-117.6023397031814, 33.6256137180197], [-117.60234457751662, 33.62560956603791], [-117.6023494693038, 33.62560542739185], [-117.60235437529592, 33.625601301215234], [-117.60235929657064, 33.62559718749621], [-117.60236423421964, 33.62559308712466], [-117.60236918608747, 33.625589000124], [-117.60237415431561, 33.625584925569335], [-117.60237913676268, 33.625580864385505], [-117.60238413449233, 33.62557681565933], [-117.60238914751856, 33.625572780292366], [-117.60239417691905, 33.62556875827285], [-117.60239921946078, 33.625564749635885], [-117.60240427836276, 33.62556075344488], [-117.6024093514977, 33.62555677152624], [-117.60241443883749, 33.62555280207699], [-117.60241954148783, 33.6255488468884], [-117.60242465940688, 33.625544903255914], [-117.60242979157276, 33.62554097479735], [-117.60243493794353, 33.62553705880808], [-117.60244009961097, 33.62553315617803], [-117.60244527443359, 33.62552926783204], [-117.60245046455279, 33.625525392845226], [-117.6024556699686, 33.625521531217544], [-117.60246088852563, 33.6255176829724], [-117.60246612239321, 33.62551384898798], [-117.60247137047972, 33.62551002837436], [-117.60247663279912, 33.62550622203316], [-117.60248190933748, 33.625502429062784], [-117.60248720009473, 33.62549864946326], [-117.6024925050849, 33.625494884136074], [-117.60249782323031, 33.625491133092964], [-117.60250315559463, 33.62548739542075], [-117.60250850326948, 33.62548367200914], [-117.60251386302194, 33.625479962893344], [-117.60251923807098, 33.62547626713669], [-117.60252462627528, 33.62547258566405], [-117.60253002763478, 33.6254689184755], [-117.6025354432272, 33.625465265559306], [-117.60254087303855, 33.62546162601395], [-117.6025463160191, 33.625458001654195], [-117.60255177214097, 33.62545439067691], [-117.60255724143198, 33.62545079488526], [-117.6025584738488, 33.62544998892312], [-117.6025597084768, 33.62544918654369], [-117.60256094528816, 33.625448385944026], [-117.60256218428275, 33.62544758712396], [-117.60256342656623, 33.62544679187498], [-117.60256466995531, 33.62544599841737], [-117.60256591554167, 33.625445207641], [-117.60256716440296, 33.6254444195341], [-117.60256841438382, 33.625443634120224], [-117.60256966762559, 33.62544285047422], [-117.60257092200096, 33.62544207042269], [-117.60257217963725, 33.62544129213913], [-117.60257343839316, 33.62544051654852], [-117.60257470040999, 33.625439742725874], [-117.60257596356038, 33.62543897249767], [-117.60257722997169, 33.625438204037444], [-117.60257849859428, 33.62543743915999], [-117.60257976832246, 33.6254366760739], [-117.60258104132552, 33.625435915657306], [-117.60258231543425, 33.62543515703212], [-117.60258359283188, 33.625434401977984], [-117.60258487241273, 33.62543364870353], [-117.60258615420484, 33.62543289901182], [-117.6025874371026, 33.62543215111147], [-117.6025887232752, 33.625431405880654], [-117.60259001056748, 33.62543066334277], [-117.60259130005697, 33.62542992348608], [-117.60259259174369, 33.6254291863106], [-117.60259388561369, 33.625428450914775], [-117.60259518169495, 33.62542771910174], [-117.60259647995943, 33.625426989068394], [-117.60259778043522, 33.62542626261776], [-117.6025990820166, 33.62542553795852], [-117.60260038687287, 33.62542481596876], [-117.60260169284874, 33.625424096671956], [-117.60260300102185, 33.62542338005633], [-117.60260431139226, 33.62542266612198], [-117.6026056239599, 33.62542195486877], [-117.60260693872479, 33.625421246296796], [-117.60260825567298, 33.62542053950453], [-117.60260957375473, 33.6254198363067], [-117.60261089511134, 33.625419135778394], [-117.60261221757364, 33.62541843704141], [-117.60261354224718, 33.62541774188724], [-117.60261486802624, 33.625417048524405], [-117.60261619709426, 33.625416358732615], [-117.60261752726791, 33.62541567073219], [-117.6026188596528, 33.625414986314595], [-117.60262019422095, 33.62541430367661], [-117.60262153098627, 33.62541362371984], [-117.60262286888522, 33.62541294735752], [-117.60262420896748, 33.62541227277492], [-117.60262555126097, 33.62541160177503], [-117.60262689573771, 33.62541093255484], [-117.60262824133405, 33.62541026602752], [-117.60262958914164, 33.62540960308299], [-117.60263093913248, 33.62540894191813], [-117.60263229024295, 33.62540828344617], [-117.60263364356464, 33.625407628556935], [-117.60263499906956, 33.62540697544739], [-117.6026363567858, 33.6254063259206], [-117.60263771560759, 33.625405678185196], [-117.60263907664067, 33.62540503403255], [-117.60264043987095, 33.62540439256107], [-117.60264180420685, 33.62540375288104], [-117.60264316967631, 33.62540311679539], [-117.60264453734312, 33.62540248339096], [-117.60264590719308, 33.625401851766206], [-117.60264727925437, 33.6254012237242], [-117.60264865351287, 33.62540059836343], [-117.60265002889099, 33.62539997569555], [-117.60265140538866, 33.625399355720575], [-117.6026527840976, 33.62539873932837], [-117.60265416498981, 33.62539812471581], [-117.60265554807928, 33.625397512784495], [-117.60265693230234, 33.625396904447626], [-117.60265831763097, 33.625396297902086], [-117.60265970517086, 33.62539569493934], [-117.60266109489406, 33.625395093756275], [-117.60266248575076, 33.62539449616759], [-117.60266387880478, 33.62539390126021], [-117.60266527297843, 33.625393309045684], [-117.60266666934925, 33.625392719512355], [-117.60266806791736, 33.625392132660295], [-117.60266946654137, 33.6253915494143], [-117.60267086842634, 33.625390967936355], [-117.60267227144486, 33.62539039005281], [-117.60267367558302, 33.625389814862174], [-117.60267508191842, 33.62538924235276], [-117.60267648937335, 33.62538867253627], [-117.60267789902562, 33.62538810540094], [-117.60267930979747, 33.6253875409586], [-117.60268072278053, 33.62538698009894], [-117.60268213686925, 33.62538642103068], [-117.60268355316916, 33.62538586554516], [-117.60268497058868, 33.62538531275252], [-117.60268638912781, 33.62538476265286], [-117.60268780986418, 33.62538421523437], [-117.60268923173415, 33.625383671410304], [-117.60302115090366, 33.62525702171821], [-117.60302177561597, 33.62525678500464], [-117.60302240032833, 33.62525654829105], [-117.6030230261323, 33.62525631246729], [-117.60302365196422, 33.6252560784466], [-117.60302427779617, 33.625255844425936], [-117.6030249047337, 33.62525561219662], [-117.60302553168528, 33.625255380868836], [-117.60302615972847, 33.62525515043094], [-117.60302678886327, 33.62525492088284], [-117.60302741693448, 33.625254692247964], [-117.60302804717496, 33.62525446449127], [-117.60302867636574, 33.625254238549324], [-117.60302930771182, 33.625254012583994], [-117.60302993800822, 33.62525378843342], [-117.60303057047393, 33.625253565160996], [-117.603031201876, 33.62525334280177], [-117.60303183436967, 33.625253121332435], [-117.603032467955, 33.62525290075292], [-117.60303310155429, 33.62525268107491], [-117.60303373518154, 33.6252524632], [-117.60303436990051, 33.62525224621496], [-117.60303500569707, 33.62525202921816], [-117.60303564044398, 33.62525181403619], [-117.60303627736018, 33.62525159973234], [-117.60303691322669, 33.625251387243246], [-117.60303755017082, 33.62525117474244], [-117.60303818820664, 33.62525096313149], [-117.60303882627043, 33.62525075332361], [-117.60303946434817, 33.62525054441733], [-117.60304010351759, 33.62525033640082], [-117.60304074270097, 33.62525012928585], [-117.603041382976, 33.62524992306072], [-117.60304202326502, 33.62524971773714], [-117.60304266465965, 33.62524951420496], [-117.60304330606832, 33.62524931157425], [-117.60304394747696, 33.625249108943585], [-117.60304458999123, 33.62524890810429], [-117.60304523253345, 33.62524870906804], [-117.60304587615335, 33.62524851002013], [-117.60304651978721, 33.625248311873776], [-117.60304716344906, 33.625248115530454], [-117.60304780820256, 33.625247920076944], [-117.60304845295605, 33.62524772462344], [-117.60304909881518, 33.62524753096137], [-117.60304974470226, 33.62524733910236], [-117.60305039058937, 33.6252471472433], [-117.60305103758206, 33.62524695717569], [-117.60305168457477, 33.625246767108045], [-117.60305233267312, 33.62524657883174], [-117.60305298078545, 33.62524639145704], [-117.60305362891178, 33.625246204983824], [-117.60305427814376, 33.62524602030199], [-117.60305492737568, 33.62524583562019], [-117.60305557771326, 33.625245652729696], [-117.60305622697317, 33.62524546985093], [-117.60305687841637, 33.62524528875188], [-117.6030575288099, 33.625245109467585], [-117.60305818028108, 33.62524493017156], [-117.60305883284389, 33.625244751765344], [-117.60305948435702, 33.62524457517398], [-117.60306013696179, 33.62524439947242], [-117.60306079065823, 33.62524422466068], [-117.60306144436865, 33.62524405075054], [-117.60306209809299, 33.62524387774193], [-117.6030627518454, 33.625243706536324], [-117.60306340667543, 33.62524353531906], [-117.60306406153336, 33.625243365904865], [-117.60306471748305, 33.625243197380485], [-117.60306537346065, 33.6252430306592], [-117.60306602943824, 33.62524286393791], [-117.60306668650743, 33.62524269810649], [-117.60306734252704, 33.6252425340898], [-117.60306800071588, 33.62524237095124], [-117.60306865784108, 33.625242208725965], [-117.60306931605794, 33.62524204739048], [-117.60306997430271, 33.625241887858095], [-117.60307063362521, 33.62524172831404], [-117.60307129297564, 33.62524157057301], [-117.60307195234007, 33.625241413733505], [-117.60307261171845, 33.625241257795594], [-117.60307327220248, 33.62524110364903], [-117.60307393268648, 33.62524094950246], [-117.60307459319851, 33.62524079715898], [-117.60307525480218, 33.625240645705325], [-117.6030759164198, 33.6252404951532], [-117.60307657805143, 33.625240345502654], [-117.6030772407747, 33.625240196741835], [-117.60307790352593, 33.625240049784196], [-117.60307856629115, 33.625239903728065], [-117.60307923014796, 33.62523975856178], [-117.60307989294115, 33.625239614308704], [-117.6030805579037, 33.625239470933785], [-117.60308122181647, 33.62523932937363], [-117.60308188682089, 33.625239188703326], [-117.60308255183935, 33.62523904893455], [-117.60308321687181, 33.625238910067324], [-117.60308388299589, 33.625238772089936], [-117.6030845480702, 33.625238635927275], [-117.60308521529991, 33.62523849974127], [-117.6030875961878, 33.625238008618986], [-117.60308997359093, 33.62523750130407], [-117.60309234535396, 33.62523697781994], [-117.60309471149083, 33.625236439068004], [-117.60309707305136, 33.62523588323359], [-117.60309942897172, 33.6252353112299], [-117.60310177925204, 33.62523472305696], [-117.60310412282851, 33.625234119628], [-117.60310646182857, 33.62523349911653], [-117.60310879412492, 33.62523286334903], [-117.60311111971743, 33.62523221232555], [-117.60311343965584, 33.6252315442312], [-117.60311575182678, 33.62523086179414], [-117.60311805834358, 33.62523016228622], [-117.60312035815667, 33.62522944752229], [-117.60312265018828, 33.625228717514084], [-117.60312493550212, 33.62522797134827], [-117.60312721303445, 33.62522720993813], [-117.60312948386301, 33.62522643327198], [-117.6031317458185, 33.62522564047168], [-117.6031340010702, 33.625224832415356], [-117.60313624746271, 33.62522400912644], [-117.6031384871515, 33.62522317058148], [-117.60314071690343, 33.62522231681561], [-117.60314293887389, 33.62522144780542], [-117.6031451530769, 33.62522056445244], [-117.60314735840677, 33.625219664965314], [-117.60314955381388, 33.625218751158855], [-117.60315174143949, 33.625217822108034], [-117.6031539191283, 33.62521687783633], [-117.603156087972, 33.62521591923353], [-117.60315824797053, 33.62521494629969], [-117.6031603969546, 33.625213958156614], [-117.60316253707947, 33.62521295478091], [-117.60316466729559, 33.625211937987366], [-117.60316678757486, 33.625210905972985], [-117.60316889793137, 33.625209859639185], [-117.60317099836504, 33.62520879898601], [-117.60317308779815, 33.625207724025195], [-117.60317516623087, 33.62520663475668], [-117.60317723475475, 33.62520553207034], [-117.60317929226413, 33.625204414174824], [-117.60318133878702, 33.62520328287317], [-117.60318337432345, 33.62520213816539], [-117.60318539885938, 33.62520097914994], [-117.60318741131714, 33.62519980583851], [-117.60318941280237, 33.62519862002252], [-117.60319140220949, 33.62519741991059], [-117.60319338061608, 33.625196205490944], [-117.60319534589483, 33.62519497859017], [-117.60319730018715, 33.62519373828323], [-117.60319924241526, 33.62519248458189], [-117.60320117150154, 33.625191217497864], [-117.6032030896153, 33.62518993790923], [-117.60320499350956, 33.625188644949596], [-117.60320688641733, 33.62518733858383], [-117.60320876511958, 33.625186019748554], [-117.60321063177165, 33.62518468842045], [-117.60321248528194, 33.62518334370963], [-117.60321432460064, 33.62518198743087], [-117.60321615185521, 33.625180617757714], [-117.60321796599591, 33.62517923650489], [-117.60321976591715, 33.62517784188106], [-117.60322155164678, 33.625176435689326], [-117.60322332532633, 33.6251750170047], [-117.60322508373662, 33.62517358676383], [-117.60322682901912, 33.62517214404181], [-117.60322855903239, 33.625170689763586], [-117.60323027593184, 33.625169223905715], [-117.60323197756209, 33.625167746491606], [-117.60323366500083, 33.62516625750959], [-117.603235338248, 33.62516475695964], [-117.60323699730367, 33.62516324484177], [-117.6032386400125, 33.62516172117936], [-117.6032402685438, 33.62516018685059], [-117.60324188288358, 33.62515864095389], [-117.60324348089048, 33.62515708441421], [-117.60324506471993, 33.62515551720814], [-117.60324663221641, 33.625153939359116], [-117.60324818553542, 33.62515235084366], [-117.60324972252158, 33.62515075168526], [-117.60325124425249, 33.6251491418722], [-117.60325274966459, 33.62514752231771], [-117.60325423982145, 33.62514589210852], [-117.60325571364544, 33.62514425125633], [-117.60325717116461, 33.62514260156427], [-117.60325861342854, 33.62514094121754], [-117.60326003829597, 33.62513927114108], [-117.60326144793615, 33.62513759221302], [-117.60326284124346, 33.62513590264199], [-117.60326421716829, 33.625134204242805], [-117.60326557677418, 33.62513249610214], [-117.60326692007521, 33.625130779121605], [-117.60326824599377, 33.62512905331286], [-117.60326955559337, 33.625127317762725], [-117.60327084888814, 33.62512557337267], [-117.60327212373673, 33.62512382106766], [-117.60327338226637, 33.62512205902125], [-117.60327462342752, 33.62512028904821], [-117.60333813109428, 33.62502887118797], [-117.60354637551724, 33.62468317231624], [-117.60354749168664, 33.62468133607077], [-117.60354862522448, 33.62467950775184], [-117.60354977394742, 33.6246776855798], [-117.60355094003872, 33.62467587133437], [-117.60355212132909, 33.62467406413739], [-117.60355331998787, 33.62467226486701], [-117.60355453384571, 33.62467047264505], [-117.60355576399432, 33.62466868836139], [-117.6035570104336, 33.62466691201601], [-117.60355827314966, 33.624665142707364], [-117.60355955109274, 33.62466338225029], [-117.60356084532654, 33.62466162973144], [-117.60356215478744, 33.62465988606413], [-117.60356348052505, 33.62465814943358], [-117.60356482150374, 33.624656422556086], [-117.60356617768144, 33.62465470272706], [-117.60356754910023, 33.62465299265105], [-117.60356893680978, 33.62465129051337], [-117.60357033974633, 33.6246495972272], [-117.6035717568463, 33.62464791370579], [-117.60357319023693, 33.624646238122644], [-117.603574637791, 33.624644572304284], [-117.6035761005721, 33.624642915337475], [-117.60357757858031, 33.62464126722213], [-117.60357907075186, 33.62463962887162], [-117.60358057816443, 33.62463800027415], [-117.60358209972642, 33.624636380539854], [-117.60358363437413, 33.62463477058208], [-117.60358518534052, 33.62463317036562], [-117.60358675048434, 33.624631580815525], [-117.60358832977757, 33.62463000012859], [-117.60358992324808, 33.62462843010793], [-117.60359153088199, 33.624626869852094], [-117.60359315267937, 33.62462531936102], [-117.60359478757643, 33.62462377954796], [-117.60359643665083, 33.624622250401174], [-117.60359809988861, 33.624620731019114], [-117.60359977622615, 33.62461922231514], [-117.60360146674105, 33.62461772427739], [-117.60360317035565, 33.62461623691766], [-117.60360488706999, 33.62461476023592], [-117.60360661689802, 33.62461329513378], [-117.60360836088945, 33.62461183979634], [-117.6036101169169, 33.624610396050166], [-117.60361188605808, 33.62460896388356], [-117.60361366829896, 33.62460754239488], [-117.60361546256196, 33.624606131595975], [-117.60361726996656, 33.62460473417967], [-117.60361909045697, 33.6246033465398], [-117.60362092298338, 33.62460197049118], [-117.60362276754584, 33.624600606033816], [-117.60362462413036, 33.62459925226614], [-117.60362649385664, 33.6245979118811], [-117.60362837452729, 33.62459658219743], [-117.60363026724792, 33.62459526500654], [-117.6036321720047, 33.62459395940693], [-117.60363408881145, 33.62459266630005], [-117.60363601659063, 33.62459138569766], [-117.60363795639186, 33.62459011578501], [-117.60363990717946, 33.62458885927836], [-117.60364186893945, 33.624587615276226], [-117.60364384273556, 33.62458638286525], [-117.60364582642637, 33.62458516297053], [-117.60364782218114, 33.62458395647011], [-117.60364982781672, 33.62458276158432], [-117.60365184443869, 33.62458158010452], [-117.60365387201904, 33.62458041022774], [-117.60365590952215, 33.624579254670145], [-117.60365795798357, 33.62457811071551], [-117.60366001635379, 33.62457698017857], [-117.60366208463275, 33.62457586305939], [-117.60366416280641, 33.62457475845641], [-117.60366625088879, 33.624573667271086], [-117.60366834886592, 33.624572588602014], [-117.60367045675181, 33.62457152335063], [-117.60367257348277, 33.62457047243017], [-117.60367470010848, 33.62456943402591], [-117.60367683664286, 33.62456840903936], [-117.6036789809307, 33.62456739749401], [-117.60368113512733, 33.62456639936632], [-117.60368329816896, 33.6245654155696], [-117.60368547002768, 33.62456444430077], [-117.6036876507315, 33.624563487362906], [-117.60368984028038, 33.624562544755946], [-117.60369203758269, 33.62456161559016], [-117.6036942426384, 33.624560699865526], [-117.60369645653923, 33.624559798471815], [-117.60369867927112, 33.62455891050753], [-117.6037009086928, 33.624558036897625], [-117.60370314588187, 33.624557177630365], [-117.603705391902, 33.624556331792526], [-117.60370764461196, 33.624555500309086], [-117.60370990508929, 33.62455468316825], [-117.60371217225645, 33.6245538803818], [-117.60371444719101, 33.62455309193804], [-117.60371672881534, 33.62455231784861], [-117.6037190182071, 33.62455155810189], [-117.60372131428866, 33.624550812709465], [-117.6037236159823, 33.62455008168321], [-117.60430478173029, 33.624367655393385], [-117.60430733662066, 33.62436684946935], [-117.60430988708828, 33.62436603637975], [-117.60431243528863, 33.6243652161012], [-117.60431498123559, 33.62436438953524], [-117.60431752274593, 33.62436355490221], [-117.60432006091128, 33.62436271309191], [-117.60432259573156, 33.624361864104415], [-117.60432512722093, 33.62436100884126], [-117.60432765536525, 33.624360146400804], [-117.60433018015057, 33.62435927588158], [-117.60433270052727, 33.62435839909838], [-117.60433521863658, 33.624357515126206], [-117.60433773233726, 33.62435662489006], [-117.60434024267894, 33.62435572657509], [-117.60434274968964, 33.62435482198451], [-117.6043452533413, 33.62435390931508], [-117.60434775258432, 33.62435299038172], [-117.60435024849629, 33.624352065172616], [-117.60435274104934, 33.62435113188472], [-117.60435522919367, 33.624350192332884], [-117.60435771399301, 33.624349245603796], [-117.60436019544733, 33.62434829169744], [-117.604362672493, 33.62434733152712], [-117.60436514510204, 33.624346363289746], [-117.60436761438001, 33.624345388776675], [-117.60437008032703, 33.6243444079879], [-117.60437254185135, 33.624343420033576], [-117.6043750011084, 33.62434242489034], [-117.60437745378736, 33.62434142260503], [-117.60437990421302, 33.62434041403227], [-117.6043823491384, 33.624339398305686], [-117.60438479071871, 33.624338375401884], [-117.60438722789041, 33.62433734623409], [-117.60438966173103, 33.62433631079065], [-117.604392091135, 33.62433526728009], [-117.60439451614437, 33.62433421840708], [-117.60439693671704, 33.62433316146706], [-117.60439935288102, 33.62433209826302], [-117.60440176571397, 33.62433102878329], [-117.60440417304665, 33.624329952149765], [-117.6044065770343, 33.624328868338985], [-117.60440897661327, 33.624327778264224], [-117.60441137178358, 33.624326681925524], [-117.60441376253122, 33.624325578421235], [-117.6044161477925, 33.624324468664774], [-117.60441852970881, 33.62432335173101], [-117.60442090721646, 33.62432222853328], [-117.60442328030146, 33.62432109817], [-117.60442564790006, 33.624319961554505], [-117.60442801216772, 33.62431881866331], [-117.604430370935, 33.624317668618254], [-117.60443272529356, 33.62431651230927], [-117.60443507522957, 33.624315348834806], [-117.60443742077085, 33.62431417999782], [-117.60443976188944, 33.62431300399537], [-117.60444209750776, 33.62431182083908], [-117.60444442871731, 33.62431063141884], [-117.60444675337695, 33.624309436659615], [-117.60444907575521, 33.62430823380982], [-117.60445139266116, 33.62430702560938], [-117.60445370406676, 33.6243058102551], [-117.60445601106369, 33.62430458863683], [-117.60445831365193, 33.624303360754624], [-117.60446061075386, 33.62430212662013], [-117.60446290344711, 33.62430088622166], [-117.60446519064006, 33.62429963866942], [-117.60446747342425, 33.62429838485316], [-117.6044697507222, 33.62429712478464], [-117.60447202254775, 33.62429585936545], [-117.60447428993666, 33.624294585879156], [-117.60447655185325, 33.624293307042144], [-117.60447880936113, 33.62429202194117], [-117.60448106138269, 33.62429073058794], [-117.60448330791795, 33.62428943298246], [-117.6044855500445, 33.62428812911294], [-117.60448778559311, 33.624286818101446], [-117.60449001674698, 33.62428550172744], [-117.60449224349219, 33.624284179089464], [-117.60449446367342, 33.62428285021095], [-117.60449667836832, 33.624281515080234], [-117.60449888865458, 33.62428017368549], [-117.60450109345445, 33.62427882603844], [-117.60450329276794, 33.624277472139205], [-117.60450548659516, 33.62427611198769], [-117.60450767495006, 33.62427474648546], [-117.6045098578186, 33.624273374731], [-117.60451203518683, 33.62427199582269], [-117.60451420600504, 33.62427061157543], [-117.60451637242858, 33.62426922196569], [-117.60451853335178, 33.624267825202175], [-117.6045206888027, 33.624266423087974], [-117.60452283876721, 33.624265014721466], [-117.60452498216776, 33.62426360011442], [-117.60452712009598, 33.624262180156684], [-117.6045292536155, 33.624260753935005], [-117.60453138057106, 33.62425932147272], [-117.60453350097661, 33.6242578836715], [-117.60453561697352, 33.62425643960624], [-117.60453772640639, 33.624254989300525], [-117.60453844732486, 33.62425449364947], [-117.60453917150429, 33.624253999766445], [-117.60453989678935, 33.624253507674744], [-117.60454062318007, 33.624253017374386], [-117.60454135284573, 33.62425252974347], [-117.60454208360305, 33.624252043002464], [-117.60454281655768, 33.624251558942554], [-117.60454355061789, 33.62425107667413], [-117.60454428686147, 33.62425059618529], [-117.6045450253023, 33.62425011837759], [-117.60454576483477, 33.624249641459805], [-117.60454650656457, 33.62424916722318], [-117.60454725047764, 33.62424869476614], [-117.60454799549645, 33.624248224100526], [-117.60454874271245, 33.624247756116105], [-117.60454949209779, 33.624247289009794], [-117.60455024260277, 33.62424682459637], [-117.60455099421341, 33.62424636197433], [-117.60455174908499, 33.62424590112018], [-117.6045525050762, 33.624245442958966], [-117.60455326217307, 33.6242449865891], [-117.60455402145325, 33.62424453199896], [-117.60455478291667, 33.62424407918839], [-117.6045555454858, 33.62424362816917], [-117.60455631025224, 33.624243179831154], [-117.60455707612425, 33.62424273328452], [-117.60455784419365, 33.62424228941909], [-117.60455861335463, 33.62424184644345], [-117.60455938471294, 33.62424140614904], [-117.60456015717688, 33.62424096764597], [-117.6045609318381, 33.624240531824086], [-117.60456170760503, 33.62424009779354], [-117.60456248555519, 33.62423966554266], [-117.6045632656887, 33.62423923507144], [-117.6045640458642, 33.62423880730481], [-117.6045648293006, 33.62423838130618], [-117.60456561276503, 33.62423795711056], [-117.60456639950444, 33.6242375355844], [-117.60456718627175, 33.62423711586137], [-117.60456797522247, 33.62423669791795], [-117.60456876637046, 33.62423628265577], [-117.60456955862406, 33.62423586918494], [-117.6045703519833, 33.62423545750547], [-117.60457114753987, 33.62423504850716], [-117.6045719442021, 33.624234641300255], [-117.60457274304763, 33.62423423587294], [-117.60457354301276, 33.624233833138575], [-117.60457434408353, 33.62423343219554], [-117.60457514735165, 33.62423303393371], [-117.60457595172541, 33.62423263746326], [-117.60457675720484, 33.624232242784174], [-117.60457756595913, 33.624231850774514], [-117.6045783747415, 33.62423146056798], [-117.60457918570717, 33.62423107214103], [-117.60457999671478, 33.62423068641877], [-117.6045808109834, 33.62423030246439], [-117.604581625294, 33.62422992121467], [-117.60458244178785, 33.62422954174458], [-117.60458325940142, 33.624229164967424], [-117.60458407812058, 33.624228789981586], [-117.60458489902308, 33.62422841677542], [-117.60458572104518, 33.62422804626213], [-117.60458654417302, 33.62422767754021], [-117.60458736842037, 33.62422731151123], [-117.60458819485112, 33.62422694726182], [-117.60458902238753, 33.624226584803814], [-117.60458985104353, 33.624226225038704], [-117.6045906808192, 33.624225867966565], [-117.60459151277816, 33.624225512673945], [-117.60459234584278, 33.62422515917279], [-117.60459318002705, 33.62422480836446], [-117.604594015317, 33.62422445934756], [-117.60459485172655, 33.624224113023516], [-117.60459569031939, 33.62422376847918], [-117.60459652895425, 33.6242234266394], [-117.60459736977242, 33.62422308657928], [-117.60459821171024, 33.6242227492121], [-117.6045990558313, 33.6242224136245], [-117.60459989999447, 33.62422208074159], [-117.6046007452632, 33.62422174964998], [-117.60460159272922, 33.624221421239604], [-117.60460244130098, 33.62422109462052], [-117.60460329099234, 33.62422077069439], [-117.60460414178935, 33.62422044855959], [-117.60460499370599, 33.62422012911773], [-117.6046058467283, 33.624219811467206], [-117.60460670087022, 33.62421949650961], [-117.60460755611783, 33.624219183343364], [-117.60460841356276, 33.62421887285832], [-117.60460927103561, 33.62421856417629], [-117.60461012962821, 33.624218258187234], [-117.60461099041802, 33.62421795487931], [-117.60461185123589, 33.62421765337449], [-117.60461271423704, 33.62421735364931], [-117.6046135772802, 33.62421705662874], [-117.60461444252063, 33.624216762289365], [-117.60461530886673, 33.62421646974134], [-117.60461617525482, 33.62421617989796], [-117.60461704382624, 33.62421589183419], [-117.6046184196206, 33.62421543685431], [-117.60461979428128, 33.62421497827992], [-117.60462116891392, 33.624214517902494], [-117.6046225413493, 33.62421405484385], [-117.60462391266498, 33.62421358909227], [-117.60462528286098, 33.62421312064772], [-117.60462665085966, 33.62421264952204], [-117.60462801881636, 33.624212175691696], [-117.60462938566734, 33.624211700069964], [-117.60463075030702, 33.624211220865455], [-117.60463211384102, 33.62421073986961], [-117.60463347625536, 33.62421025618087], [-117.60463483755001, 33.62420976979917], [-117.60463619664733, 33.624209280736245], [-117.60463755570262, 33.624208788968666], [-117.60463891256063, 33.62420829451995], [-117.60464026831295, 33.624207798279805], [-117.60464162293157, 33.62420729844524], [-117.60464297536691, 33.62420679683097], [-117.60464432668256, 33.624206292523766], [-117.60464567795617, 33.624205785511954], [-117.60464702595482, 33.62420527583067], [-117.60464837391144, 33.624204763444695], [-117.60464971968477, 33.624204249279074], [-117.60465106432439, 33.624203731518996], [-117.60465240678072, 33.62420321197926], [-117.60465374919498, 33.624202689734844], [-117.60465508941198, 33.62420216480924], [-117.60465642852323, 33.6242016380923], [-117.60465776650088, 33.6242011077809], [-117.60465910229517, 33.62420057568983], [-117.60466043696975, 33.624200040905784], [-117.60466177052471, 33.62419950342885], [-117.60466310295998, 33.62419896325899], [-117.60466443319794, 33.62419842040789], [-117.60466576233019, 33.62419787576546], [-117.6046670892651, 33.62419732844182], [-117.6046684150804, 33.62419677842526], [-117.604669739776, 33.624196225715735], [-117.60467106335194, 33.624195670313334], [-117.60467238474453, 33.624195113131215], [-117.60467370500342, 33.624194552354695], [-117.60467502307904, 33.62419398979848], [-117.60467634004898, 33.62419342545088], [-117.60467765588524, 33.624192857508795], [-117.60467896953814, 33.62419228778712], [-117.6046802820714, 33.624191715372476], [-117.60468159240729, 33.62419114027666], [-117.60468290162359, 33.62419056248786], [-117.60468420973413, 33.62418998290773], [-117.60468551564739, 33.6241894006464], [-117.60468682044095, 33.62418881569211], [-117.6046881230372, 33.62418822805661], [-117.60468942452779, 33.62418763862982], [-117.60469072380695, 33.624187045620175], [-117.60469202198055, 33.62418645081922], [-117.60469331904848, 33.624185854226845], [-117.60469461390501, 33.62418525405177], [-117.60469590657823, 33.62418465209692], [-117.60469719813182, 33.624184047449276], [-117.6046984885797, 33.62418344101022], [-117.60469977681628, 33.62418283098837], [-117.60470106394712, 33.62418221917517], [-117.60470234889466, 33.62418160558231], [-117.60470363163091, 33.62418098840668], [-117.60470491433911, 33.624180369428], [-117.60470619377236, 33.62417974777979], [-117.60470747208589, 33.624179123438694], [-117.60470874929378, 33.62417849730619], [-117.60471002430435, 33.62417786849251], [-117.6047112971175, 33.62417723699758], [-117.6047125688251, 33.62417660371134], [-117.6047138383353, 33.62417596774383], [-117.6047151067258, 33.62417532908342], [-117.60471637293303, 33.624174688643365], [-117.60471763802057, 33.624174045510365], [-117.60471890091075, 33.62417339969618], [-117.60472016160362, 33.62417275120077], [-117.6047214211908, 33.624172100913995], [-117.60472267858071, 33.62417144794604], [-117.60472393486488, 33.62417079318665], [-117.60472518895179, 33.62417013574609], [-117.60472644084132, 33.62416947562435], [-117.60472769162517, 33.62416881371115], [-117.60472894021171, 33.62416814911682], [-117.60473018767857, 33.62416748182955], [-117.60473143296205, 33.62416681276259], [-117.60473267604829, 33.6241661410145], [-117.60473391801479, 33.624165466573416], [-117.60473515672037, 33.62416479036439], [-117.60473639538382, 33.62416411145079], [-117.6047376307864, 33.624163430769194], [-117.60473886505524, 33.62416274649312], [-117.60474009715477, 33.62416206133897], [-117.60474132812061, 33.62416137259032], [-117.60474255691715, 33.624160682963605], [-117.60474378350233, 33.62415998975407], [-117.60474500790416, 33.62415929476495], [-117.60474623118638, 33.624158597082825], [-117.6047471193342, 33.62415804280611], [-117.60474801075702, 33.62415749119888], [-117.60474890328547, 33.62415694138296], [-117.60474979691959, 33.62415639335843], [-117.60475069382865, 33.624155848003376], [-117.60475159184334, 33.6241553044397], [-117.60475249205534, 33.62415476355716], [-117.60475339445064, 33.62415422445424], [-117.60475429796558, 33.624153688044295], [-117.60475520366383, 33.624153153413985], [-117.60475611154537, 33.62415262056329], [-117.60475702056054, 33.62415209130703], [-117.60475793282268, 33.62415156291719], [-117.60475884512681, 33.624151037231925], [-117.60475976070589, 33.624150514216154], [-117.60476067739062, 33.62414999299178], [-117.60476159627264, 33.62414947444852], [-117.60476251733795, 33.62414895768493], [-117.60476343952293, 33.624148443614274], [-117.60476436389119, 33.624147931323236], [-117.60476528937913, 33.62414742172508], [-117.60476621705031, 33.624146913906564], [-117.60476714691886, 33.624146408769235], [-117.60476807790704, 33.62414590632482], [-117.6047690110785, 33.624145405660066], [-117.6047699453556, 33.62414490678661], [-117.60477088184399, 33.624144411495934], [-117.60477182050174, 33.624143917083344], [-117.60477276029305, 33.624143426265206], [-117.60477370226769, 33.62414293722668], [-117.60477464534804, 33.624142449979516], [-117.60477559062566, 33.62414196541357], [-117.60477653810054, 33.624141483528796], [-117.60477748560345, 33.62414100344707], [-117.60477843638134, 33.62414052603482], [-117.60477938826476, 33.624140050413956], [-117.604780341282, 33.62413957838752], [-117.60478129646839, 33.624139107239195], [-117.60478225386616, 33.62413863967354], [-117.60478321236953, 33.62413817389934], [-117.6047841719786, 33.6241377099164], [-117.60478513378494, 33.62413724861467], [-117.6047860977886, 33.62413678999414], [-117.60478706291188, 33.62413633406649], [-117.60478803021849, 33.624135879918484], [-117.60478899756707, 33.624135428475164], [-117.604789967099, 33.62413497881139], [-117.60479093882816, 33.62413453182886], [-117.60479191167704, 33.624134087539176], [-117.60479288564551, 33.624133645942415], [-117.60479386179733, 33.6241332061253], [-117.60479483906873, 33.62413276900112], [-117.6047958185235, 33.62413233365651], [-117.60479679909787, 33.62413190100484], [-117.60479778079193, 33.624131471046056], [-117.60479876468331, 33.624131043768436], [-117.60479974968031, 33.624130618282216], [-117.60480073579696, 33.624130195488824], [-117.60480172411087, 33.62412977537668], [-117.60480271353046, 33.62412935705591], [-117.60480370406974, 33.624128941427976], [-117.6048046968063, 33.624128528481265], [-117.60480569066249, 33.62412811822741], [-117.6048066856243, 33.62412770976494], [-117.6048076827835, 33.62412730398366], [-117.60480868106231, 33.62412690089529], [-117.60480968044676, 33.62412649959825], [-117.60481068095088, 33.62412610099413], [-117.60481168365227, 33.62412570507119], [-117.60481268747331, 33.62412531184112], [-117.60481369240001, 33.624124920402394], [-117.60481469844639, 33.62412453165661], [-117.60481570669006, 33.62412414559199], [-117.60481671605336, 33.624123762220236], [-117.60481772653634, 33.62412338154141], [-117.60481873812496, 33.62412300265396], [-117.60481975083324, 33.62412262645939], [-117.60482076573881, 33.624122252946], [-117.60482178175008, 33.62412188122396], [-117.60482279889493, 33.62412151309634], [-117.60482381714546, 33.62412114676014], [-117.60482483651565, 33.624120783116794], [-117.60482585699145, 33.6241204212648], [-117.60482687967861, 33.62412006299556], [-117.6048279034714, 33.62411970651762], [-117.6048289273062, 33.62411935274432], [-117.60482995333831, 33.62411900165221], [-117.60483098049002, 33.62411865325298], [-117.60483200876146, 33.624118307546674], [-117.6048330381385, 33.62411796363172], [-117.60483406971287, 33.62411762239792], [-117.60483510132921, 33.62411728386876], [-117.60483613406524, 33.62411694803251], [-117.60483716899854, 33.62411661487739], [-117.6048382039599, 33.624116283525346], [-117.6048392411325, 33.624115955756054], [-117.60484027833313, 33.62411562978982], [-117.60484131773107, 33.6241153065048], [-117.604842357171, 33.624114985924344], [-117.60484451658056, 33.624114324952444], [-117.6048466781874, 33.62411366666171], [-117.60484883985019, 33.62411301197705], [-117.6048510037243, 33.62411236087513], [-117.60485316764033, 33.624111712477784], [-117.60485533375375, 33.6241110667616], [-117.60485750207837, 33.624110424628114], [-117.604859670459, 33.624109786100696], [-117.60486184105092, 33.624109151156], [-117.60486401167076, 33.6241085180144], [-117.60486618451597, 33.62410788935695], [-117.60486835848074, 33.62410726339239], [-117.60487053356523, 33.624106640120736], [-117.60487271087496, 33.624106021333276], [-117.6048748882126, 33.624105404348896], [-117.60487706776162, 33.62410479094714], [-117.60487924844426, 33.62410418113986], [-117.60488143026052, 33.624103574926934], [-117.60488361427412, 33.62410297139515], [-117.60488579832962, 33.624102370567975], [-117.60488798459647, 33.62410177332353], [-117.60489017091925, 33.62410117968513], [-117.60489235943939, 33.62410058872796], [-117.60489454909305, 33.62410000136511], [-117.60489673988046, 33.624099417596746], [-117.60489893178745, 33.6240988365212], [-117.60490112482809, 33.624098259040096], [-117.60490331898839, 33.62409768425186], [-117.6049055142823, 33.624097113058006], [-117.60490771177348, 33.62409654454528], [-117.6049099093207, 33.62409597963869], [-117.60491210907915, 33.62409541831478], [-117.60491430887964, 33.62409485969546], [-117.60491651089136, 33.624094304658854], [-117.60491871294512, 33.62409375232681], [-117.60492091722419, 33.62409320447902], [-117.60492312153121, 33.62409265843422], [-117.60492532806353, 33.62409211687367], [-117.60492753570149, 33.62409157710447], [-117.60492974340943, 33.62409104184292], [-117.60493195331465, 33.624090509262565], [-117.60493416327591, 33.624089980288275], [-117.60493637543445, 33.6240894539951], [-117.6049385887266, 33.62408893129636], [-117.6049408020747, 33.62408841220374], [-117.60494301762019, 33.62408789579232], [-117.60494523322154, 33.62408738298695], [-117.60494744995667, 33.62408687377606], [-117.60494966888906, 33.624086367246235], [-117.6049518878774, 33.62408586432256], [-117.6049541079854, 33.62408536409177], [-117.60495632922706, 33.624084867455366], [-117.60495855267997, 33.624084374401676], [-117.60496077617493, 33.62408388405256], [-117.60496299972583, 33.624083397309555], [-117.6049652254881, 33.624082914149255], [-117.60496745236995, 33.62408243368178], [-117.60496967930781, 33.6240819568204], [-117.60497190845695, 33.62408148354177], [-117.6049741376481, 33.62408101296773], [-117.60497636797287, 33.624080545988036], [-117.60497859941734, 33.62408008170123], [-117.6049808319954, 33.62407962100884], [-117.60498306570713, 33.624079163910835], [-117.60498530055254, 33.62407871040723], [-117.60498753543988, 33.62407825960829], [-117.60498977146091, 33.624077812403655], [-117.60499200860157, 33.62407736789191], [-117.60499424687589, 33.62407692697457], [-117.60499648628382, 33.624076489651664], [-117.60499872573378, 33.62407605503328], [-117.60500096739509, 33.62407562399763], [-117.60500320911231, 33.624075196568064], [-117.60500545196324, 33.624074772732946], [-117.60500769485613, 33.62407435160238], [-117.60500994103799, 33.62407393404276], [-117.60501218618415, 33.624073519199506], [-117.60501443246403, 33.6240731079506], [-117.60501667879986, 33.62407270030783], [-117.60501892734703, 33.624072296247704], [-117.60502117593616, 33.62407189489221], [-117.60502342565896, 33.62407149713111], [-117.6050256765014, 33.624071102062906], [-117.60502792739986, 33.62407071060077], [-117.60503017943196, 33.62407032273304], [-117.60503243259771, 33.624069938459684], [-117.60503468580549, 33.62406955689101], [-117.60503694014687, 33.62406917891664], [-117.60503919562194, 33.62406880453669], [-117.60504145221668, 33.62406843284962], [-117.60504370886737, 33.6240680647687], [-117.60504596665172, 33.62406770028214], [-117.60504822447808, 33.62406733850018], [-117.60505048343813, 33.624066980312605], [-117.60505274353179, 33.62406662571944], [-117.6050550047591, 33.62406627472072], [-117.60505726602844, 33.624065926426475], [-117.60505952843144, 33.624065581726725], [-117.60506179087639, 33.6240652397315], [-117.60506509418937, 33.62406473854137], [-117.60506839624253, 33.624064225642854], [-117.60507169489468, 33.62406370196088], [-117.60507499122335, 33.62406316748378], [-117.60507828521465, 33.62406262131001], [-117.60508157580482, 33.624062064352856], [-117.60508486407161, 33.62406149660055], [-117.60508815001504, 33.62406091805311], [-117.60509143146564, 33.62406032783241], [-117.60509471168453, 33.624059727706445], [-117.60509798848831, 33.62405911589549], [-117.60510126296872, 33.62405849328941], [-117.605104534048, 33.6240578598999], [-117.60510780278986, 33.62405721481371], [-117.60511106814465, 33.624056559845656], [-117.60511432900675, 33.62405589320444], [-117.60511758863706, 33.624055216657815], [-117.6051208437746, 33.624054528437995], [-117.60512409551109, 33.62405382943477], [-117.60512734492411, 33.624053119636386], [-117.6051305898584, 33.62405239906634], [-117.60513383139163, 33.62405166771286], [-117.60513707060142, 33.62405092556429], [-117.60514030533247, 33.62405017264394], [-117.6051435366484, 33.62404940803873], [-117.60514676349963, 33.62404863356332], [-117.60514998802745, 33.62404784829284], [-117.6051532080765, 33.624047052250624], [-117.60515642364679, 33.62404624543666], [-117.605159635816, 33.624045427839334], [-117.6051628445841, 33.624044599458614], [-117.60516604887346, 33.6240437603062], [-117.60516924976167, 33.62404291037038], [-117.60517244509357, 33.624042049674564], [-117.60517563810201, 33.624041178183646], [-117.605178825568, 33.624040296834245], [-117.60518200961896, 33.62403940379995], [-117.6051851892051, 33.62403850089547], [-117.60518836431253, 33.62403758721935], [-117.60519153494121, 33.624036662771516], [-117.60519470110513, 33.62403572845353], [-117.60519786277625, 33.624034782462324], [-117.60520101998267, 33.624033826600915], [-117.60520417271033, 33.62403285996786], [-117.60520732095922, 33.62403188256315], [-117.60521046474331, 33.62403089528823], [-117.60521360297109, 33.62402989725338], [-117.60521673672005, 33.624028888446844], [-117.60521986600423, 33.62402786977018], [-117.60522298973206, 33.62402684033353], [-117.60522610898111, 33.62402580012517], [-117.60522922376535, 33.62402475004669], [-117.6052323329932, 33.62402368920825], [-117.60523543775628, 33.62402261849967], [-117.60523853696299, 33.62402153703114], [-117.60524163061324, 33.62402044480261], [-117.60524471872112, 33.62401934271568], [-117.60524780236418, 33.62401823075856], [-117.60525088045082, 33.62401710804151], [-117.60525395190348, 33.62401597457622], [-117.6052570199689, 33.62401483122906], [-117.60526008141436, 33.62401367803524], [-117.60526313731735, 33.62401251498294], [-117.60526618764987, 33.62401134026918], [-117.60526923245402, 33.62401015659849], [-117.60527227170178, 33.62400896216786], [-117.60527530540706, 33.6240077578788], [-117.6052783324923, 33.624006543743086], [-117.60528135509875, 33.62400531883562], [-117.6052843710851, 33.62400408408154], [-117.60528738045146, 33.62400283948073], [-117.60529038535296, 33.624001585009765], [-117.60529338254277, 33.62400031980231], [-117.6052963752818, 33.62399904562621], [-117.60529936138676, 33.62399776070189], [-117.6053023408716, 33.623996465930915], [-117.60530531373642, 33.623995161313225], [-117.60530828104478, 33.62399384593555], [-117.60531124282468, 33.62399252160101], [-117.60531419582931, 33.62399118744326], [-117.60531714436908, 33.62398984341528], [-117.60532008627474, 33.62398848863916], [-117.60532302157435, 33.623987124917846], [-117.60532595025391, 33.62398575134984], [-117.60532887231334, 33.62398436793511], [-117.60533178883038, 33.62398297466203], [-117.60533469764967, 33.62398157155396], [-117.60533759986286, 33.62398015950072], [-117.60534049544198, 33.62397873669925], [-117.60534338333737, 33.62397730496433], [-117.60534626569032, 33.623975863371044], [-117.60534914034555, 33.62397441194274], [-117.60535200838066, 33.62397295066779], [-117.60535486873206, 33.62397148045939], [-117.60535772354102, 33.62397000039262], [-117.60536056958857, 33.6239685114041], [-117.60536341009377, 33.623967012557195], [-117.6053662418235, 33.623965503887014], [-117.60536906693314, 33.62396398537018], [-117.60536989854918, 33.62396353900513], [-117.6053707301792, 33.62396309354162], [-117.60537156399252, 33.62396264985775], [-117.60537239998911, 33.62396220795353], [-117.60537323601378, 33.62396176785237], [-117.60537407314405, 33.62396132954256], [-117.60537491247169, 33.6239608939139], [-117.60537575289092, 33.62396045917511], [-117.60537659549354, 33.6239600262159], [-117.60537743812408, 33.62395959505979], [-117.60537828295199, 33.62395916658486], [-117.60537912779391, 33.62395873901146], [-117.60537997481907, 33.623958313217685], [-117.60538082404157, 33.62395789010511], [-117.60538167327813, 33.62395746789402], [-117.60538252469796, 33.62395704746263], [-117.60538337615979, 33.62395662973582], [-117.60538422980498, 33.62395621378862], [-117.60538508454175, 33.623955798731295], [-117.60538594039825, 33.623955386366816], [-117.60538679843799, 33.623954975781956], [-117.60538765649181, 33.62395456609868], [-117.6053885167429, 33.62395415909654], [-117.60538937809966, 33.62395375388577], [-117.60539024056209, 33.62395335046639], [-117.60539110413016, 33.62395294883832], [-117.6053919688039, 33.62395254900163], [-117.60539283459732, 33.623952151857786], [-117.60539370148234, 33.6239517556038], [-117.60539457055076, 33.62395136112948], [-117.6053954396611, 33.62395096935968], [-117.60539631094079, 33.62395057846804], [-117.60539718334017, 33.6239501902693], [-117.60539805576752, 33.62394980387359], [-117.6053989303782, 33.62394941925754], [-117.60539980609455, 33.62394903643283], [-117.60540068291652, 33.623948655399495], [-117.6054015608442, 33.623948276157456], [-117.60540243987752, 33.62394789870686], [-117.60540332001645, 33.623947523047555], [-117.60540420127512, 33.62394715008114], [-117.60540508471706, 33.62394677889442], [-117.60540596817305, 33.62394640860919], [-117.60540685274863, 33.623946041016836], [-117.6054077384299, 33.62394567521587], [-117.60540862629452, 33.623945311194525], [-117.60540951420111, 33.6239449498778], [-117.6054104031994, 33.62394458945084], [-117.60541129438096, 33.62394423080358], [-117.60541218560459, 33.6239438748609], [-117.60541307793386, 33.62394352070961], [-117.60541397136875, 33.62394316834964], [-117.60541486698693, 33.62394281776933], [-117.6054157626332, 33.623942468992084], [-117.60541665939911, 33.6239421229077], [-117.60541755725664, 33.62394177771313], [-117.6054184562339, 33.6239414352115], [-117.60541935631676, 33.62394109450119], [-117.60542025750536, 33.62394075558222], [-117.60542115979953, 33.62394041845467], [-117.60542206319943, 33.62394008311839], [-117.60542296771898, 33.62393975047507], [-117.60542387225252, 33.62393941873324], [-117.60542477898336, 33.6239390896726], [-117.60542568574223, 33.62393876241501], [-117.60542659468443, 33.62393843693705], [-117.60542750366864, 33.62393811416374], [-117.60542841374452, 33.62393779228029], [-117.60542932494005, 33.62393747308964], [-117.60543023724122, 33.62393715569038], [-117.60543115064804, 33.62393684008246], [-117.6054320651606, 33.6239365262659], [-117.60543297971513, 33.623936215153975], [-117.605433896453, 33.62393590582164], [-117.60543481321882, 33.6239355982924], [-117.60543573109037, 33.62393529255453], [-117.60543665006757, 33.623934988607985], [-117.60543757015041, 33.62393468645281], [-117.60543849027526, 33.62393438700223], [-117.60543941258345, 33.6239340893313], [-117.60544033491965, 33.623933793463436], [-117.6054412583755, 33.62393350028848], [-117.60544218292307, 33.62393320800333], [-117.60544310751257, 33.62393291842275], [-117.60544403428543, 33.62393263062186], [-117.6054449610863, 33.62393234462405], [-117.6054458900845, 33.623932061307336], [-117.60544681909668, 33.623931778892256], [-117.60544774922853, 33.623931499170006], [-117.60544867938842, 33.62393122125085], [-117.60544961066797, 33.62393094602456], [-117.60545054303918, 33.62393067168812], [-117.60545147545245, 33.62393040005625], [-117.60545241004898, 33.62393013020405], [-117.60545334467352, 33.62392986215491], [-117.60545428041773, 33.62392959679865], [-117.60545521619, 33.62392933324549], [-117.60545615414554, 33.62392907147194], [-117.6054570921291, 33.62392881150145], [-117.60545884362143, 33.62392832717863], [-117.60546059505768, 33.62392783924964], [-117.60546234431065, 33.62392734954088], [-117.60546409353555, 33.62392685802912], [-117.60546584162672, 33.62392636292289], [-117.6054675885982, 33.6239258651237], [-117.60546933445002, 33.62392536463161], [-117.60547107919608, 33.62392486234808], [-117.60547282282246, 33.62392435737167], [-117.60547456532917, 33.623923849702344], [-117.60547630670222, 33.62392333843854], [-117.60547804804713, 33.62392282537165], [-117.60547978720875, 33.62392231052507], [-117.60548152523668, 33.62392179208403], [-117.60548326214484, 33.62392127095009], [-117.60548499902504, 33.62392074801299], [-117.60548673370786, 33.623920222394766], [-117.60548846725695, 33.62391969318204], [-117.60549019970036, 33.62391916217794], [-117.6054919321017, 33.623918628469184], [-117.60549366231974, 33.62391809298073], [-117.605495391404, 33.62391755389791], [-117.60549711938265, 33.62391701302362], [-117.60549884622756, 33.623916468554924], [-117.60550057304445, 33.62391592228306], [-117.60550229766395, 33.62391537333003], [-117.60550402116374, 33.62391482168406], [-117.60550574354389, 33.6239142673452], [-117.6055074648183, 33.62391371121494], [-117.60550918495899, 33.623913151490186], [-117.60551090291636, 33.623912589985835], [-117.60551262083165, 33.623912025776775], [-117.60551433762728, 33.62391145887484], [-117.60551605222557, 33.62391088929171], [-117.60551776679574, 33.623910317905406], [-117.60551947915464, 33.62390974293643], [-117.60552119148545, 33.62390916616429], [-117.6055229016189, 33.62390858671101], [-117.60552461063266, 33.62390800456482], [-117.6055263185267, 33.623907419725626], [-117.60552802423739, 33.6239068331068], [-117.60552972989206, 33.62390624288181], [-117.6055314333634, 33.62390565087718], [-117.60553313679262, 33.6239050561679], [-117.60553483802454, 33.62390445877739], [-117.60553653922838, 33.623903859583784], [-117.60553823822087, 33.62390325680742], [-117.60553993610768, 33.62390265223968], [-117.60554163179712, 33.623902044990785], [-117.60554332744448, 33.623901435037205], [-117.60554502197216, 33.623900822390674], [-117.60554671431653, 33.62390020796454], [-117.6055484055412, 33.623899590845426], [-117.60555009563205, 33.62389897013194], [-117.60555178463134, 33.62389834852851], [-117.6055534714192, 33.62389772334245], [-117.60555515817903, 33.62389709635319], [-117.6055568427275, 33.62389646578128], [-117.60555852617026, 33.6238958334179], [-117.60556020849333, 33.62389519836164], [-117.60556188863305, 33.62389456152571], [-117.6055635687307, 33.623893921985164], [-117.60556524661696, 33.62389327886183], [-117.60556692339757, 33.62389263394713], [-117.60556859799486, 33.62389198725278], [-117.60557027253606, 33.62389133695225], [-117.6055719448939, 33.62389068487204], [-117.60557361613202, 33.62389003009895], [-117.6055752851728, 33.623889372644626], [-117.60557695418554, 33.62388871338723], [-117.60557862100094, 33.623888051448596], [-117.6055802866966, 33.62388738681708], [-117.60558195019493, 33.62388671950436], [-117.60558361365116, 33.62388604948695], [-117.60558527492408, 33.62388537768994], [-117.60558693399969, 33.6238847032117], [-117.60558859303315, 33.62388402602883], [-117.6055902498833, 33.62388334706628], [-117.60559190559972, 33.6238826645093], [-117.60559356021052, 33.62388198016089], [-117.6055952126379, 33.62388129403289], [-117.60559686393155, 33.62388060431041], [-117.6055985130419, 33.623879912808235], [-117.60560016211019, 33.62387921860142], [-117.60560180790345, 33.62387852172513], [-117.60560345366865, 33.62387782304577], [-117.60560509723653, 33.62387712168523], [-117.60560673968467, 33.62387641763174], [-117.60560838102714, 33.623875711786816], [-117.60561002015824, 33.62387500235925], [-117.60561165818362, 33.62387429114024], [-117.60561329402566, 33.62387357814158], [-117.60561492981162, 33.623872861536775], [-117.6056165623366, 33.62387214316402], [-117.60561819483351, 33.62387142298808], [-117.6056198251191, 33.623870699229535], [-117.60562145322127, 33.62386997369124], [-117.60562308020383, 33.623869245460064], [-117.60562470606658, 33.62386851453598], [-117.6055106711209, 33.623755983849065], [-117.60563729625107, 33.623645564853156], [-117.60566642868814, 33.623373163120945], [-117.6056665219101, 33.62337236501059], [-117.6056666280778, 33.62337156766114], [-117.60566674828281, 33.62337077196238], [-117.60566688252523, 33.62336997791426], [-117.6056670297133, 33.62336918462706], [-117.60566719203037, 33.623368393880355], [-117.60566736732125, 33.62336760569758], [-117.60566755664944, 33.62336681916551], [-117.60566776002901, 33.623366035185654], [-117.60566797638225, 33.623365253769784], [-117.60566820678693, 33.62336447490609], [-117.60566845017932, 33.623363699507934], [-117.6056687076231, 33.62336292666195], [-117.60566897805454, 33.62336215728149], [-117.60566926253742, 33.62336139045325], [-117.60566956002202, 33.62336062799203], [-117.60566987049434, 33.62335986899634], [-117.60567019504607, 33.62335911435592], [-117.60567053258555, 33.62335836318099], [-117.6056708820491, 33.62335761638484], [-117.60567124559206, 33.62335687394396], [-117.60567162107314, 33.62335613678342], [-117.60567201061961, 33.62335540307661], [-117.60567241210418, 33.62335467465007], [-117.6056728266045, 33.623353951492135], [-117.60567325302895, 33.62335323271295], [-117.60567369248311, 33.623352520103886], [-117.6056741449531, 33.62335181276336], [-117.60567460828354, 33.62335111071488], [-117.60567508462974, 33.623350413934936], [-117.60567557294208, 33.623349724238395], [-117.60567607319248, 33.62334903982213], [-117.6056765853951, 33.6233483615877], [-117.60567710954982, 33.623347689535116], [-117.60567764567065, 33.62334702456586], [-117.60567819266602, 33.62334636579017], [-117.60567875162745, 33.62334571409789], [-117.6056793214634, 33.62334506859913], [-117.60567990218784, 33.623344430195466], [-117.60568049489248, 33.623343799776706], [-117.60568109848563, 33.62334317645305], [-117.60568171188956, 33.62334256023617], [-117.60568233725964, 33.62334195110271], [-117.60568297246864, 33.62334135087916], [-117.6056836174885, 33.62334075776239], [-117.60568427341086, 33.623340172642244], [-117.60568494023572, 33.6233395955187], [-117.6056856158078, 33.62333902641527], [-117.60568630121878, 33.623338466221796], [-117.60568699753227, 33.62333791402487], [-117.605687702593, 33.623337369848066], [-117.60568841750661, 33.62333683548267], [-117.60568914116743, 33.62333630913735], [-117.60568987358953, 33.623335791713636], [-117.6056906158645, 33.623335284101366], [-117.60569136688672, 33.62333478450918], [-117.60569212560654, 33.623334294751906], [-117.60569289308762, 33.623333813916204], [-117.60569366934396, 33.623333342903656], [-117.60569445329787, 33.62333288172599], [-117.60569524601304, 33.623332429469926], [-117.60569604642583, 33.6233319870488], [-117.60569685345858, 33.62333155447423], [-117.605697668203, 33.62333113263604], [-117.60569849063099, 33.62333071973122], [-117.60569932077063, 33.62333031756286], [-117.60570015645256, 33.623329925252804], [-117.60570099983215, 33.6233295427776], [-117.6057018498457, 33.62332917105054], [-117.60570270649326, 33.62332881007163], [-117.60570356976082, 33.62332845893932], [-117.60570443752101, 33.623328119480135], [-117.60570531190125, 33.62332778986754], [-117.60570619182378, 33.623327470113296], [-117.60570707731672, 33.62332716202041], [-117.60570796730238, 33.62332686560064], [-117.60570886283035, 33.62332657903927], [-117.6057097639147, 33.62332630323765], [-117.60571066949171, 33.623326039109266], [-117.60571157846984, 33.62332578576411], [-117.60571249301832, 33.62332554408043], [-117.60571341095388, 33.62332531227844], [-117.60571433339614, 33.623325093051186], [-117.60571525923949, 33.62332488460716], [-117.60571618849791, 33.623324687848026], [-117.60571712223502, 33.62332450186045], [-117.60571805723197, 33.62332432758122], [-117.60571899670762, 33.623324164073516], [-117.60571993853478, 33.62332401316395], [-117.6057208826853, 33.62332387304944], [-117.60572182917329, 33.62332374463141], [-117.60572277799868, 33.62332362791002], [-117.60572372808394, 33.623323522896975], [-117.60572468050661, 33.623323429580395], [-117.60572563417513, 33.62332334707059], [-117.60572658911741, 33.62332327717064], [-117.60572754638315, 33.623323218065735], [-117.60572850276745, 33.6233231715941], [-117.6057294614751, 33.62332313591747], [-117.60601719013718, 33.62331430324651], [-117.60623596717834, 33.62335717945749], [-117.60624016590683, 33.623353336736876], [-117.60624434828803, 33.62334948247207], [-117.60624851430799, 33.62334561576147], [-117.60625266613606, 33.62334173748314], [-117.60625680161684, 33.62333784766058], [-117.60626092182811, 33.62333394628207], [-117.60626502569214, 33.62333003335923], [-117.60626911428658, 33.62332610888043], [-117.60627318762553, 33.623322173747255], [-117.60627724460318, 33.62331822616828], [-117.60628128632527, 33.62331426793487], [-117.60628531062257, 33.62331029816894], [-117.60628932072791, 33.62330631683533], [-117.60629331450002, 33.62330232485901], [-117.60629729192492, 33.62329832133846], [-117.60630125409432, 33.623294307163476], [-117.60630519991646, 33.623290281444284], [-117.60630912939139, 33.62328624418085], [-117.60631304254719, 33.623282197176245], [-117.60631693935575, 33.62327813862746], [-117.60632082090879, 33.623274069424255], [-117.60632468503692, 33.62326998868853], [-117.60632853283191, 33.623265897310134], [-117.60633236538541, 33.62326179617883], [-117.606336180514, 33.62325768351512], [-117.60633997930941, 33.623253560208695], [-117.60634376177168, 33.62324942625957], [-117.60634752790075, 33.62324528166773], [-117.60635127663305, 33.62324112734657], [-117.60635500903211, 33.62323696238272], [-117.60635872508396, 33.623232785874606], [-117.60636242481674, 33.623228599625435], [-117.60636610715265, 33.62322440364682], [-117.6063697720778, 33.623220197037305], [-117.60637342174735, 33.62321597977334], [-117.60637705294248, 33.62321175279174], [-117.60638066780444, 33.62320751516747], [-117.60638426634726, 33.62320326780209], [-117.6063878474793, 33.62319900980577], [-117.60639141230615, 33.62319474296985], [-117.6063949586446, 33.623190465514774], [-117.60639848864987, 33.623186177417026], [-117.60640200127239, 33.623181880491465], [-117.60640549649811, 33.62317757383647], [-117.60640897431304, 33.623173256550565], [-117.60641243474518, 33.623168930436826], [-117.60641587884422, 33.6231645936804], [-117.60641930448277, 33.623160248107965], [-117.60642271272461, 33.62315589280604], [-117.60642610464733, 33.62315152776308], [-117.60642947810965, 33.62314715390401], [-117.60643283416113, 33.62314276941403], [-117.6064361728439, 33.62313837699771], [-117.60643949411592, 33.62313397395052], [-117.60644279692752, 33.623129562087215], [-117.60644608343402, 33.623125141384435], [-117.60644935146611, 33.62312071096391], [-117.60645260103784, 33.62311627172733], [-117.60645583322679, 33.623111823662946], [-117.60645904801905, 33.62310736586916], [-117.60646224436488, 33.623102900160866], [-117.60646542331402, 33.62309842472324], [-117.6064685848804, 33.623093940457714], [-117.6064717279864, 33.62308944737617], [-117.60647485263206, 33.62308494547848], [-117.60647795989499, 33.62308043475302], [-117.60648104871159, 33.623075916112995], [-117.60648412014538, 33.62307138864515], [-117.60648717202723, 33.62306685147149], [-117.60649020655441, 33.62306230727303], [-117.60649322368484, 33.62305775334522], [-117.60649622129127, 33.62305319151467], [-117.60649920152902, 33.62304862175778], [-117.60650216330636, 33.62304404318487], [-117.60650510663747, 33.62303945669737], [-117.60650803150817, 33.62303486139387], [-117.60651093793263, 33.623030258175795], [-117.60651382591071, 33.62302564704321], [-117.60651669544248, 33.62302102799612], [-117.60651954652793, 33.623016401034484], [-117.60652237915306, 33.62301176525677], [-117.6065251933459, 33.623007122466085], [-117.6065279890784, 33.62300247085931], [-117.60653076530095, 33.622997812251334], [-117.60653352415487, 33.62299314571712], [-117.60653626348486, 33.622988471280024], [-117.60653898438252, 33.622983789830045], [-117.60654168577031, 33.622979101378796], [-117.60654436976137, 33.62297440319815], [-117.60654703533417, 33.622969698906154], [-117.60654968030543, 33.62296498672313], [-117.6065523068444, 33.62296026752703], [-117.60655491493713, 33.622955540416505], [-117.60655750353398, 33.62295080720629], [-117.60656007368452, 33.62294606608153], [-117.60656262431115, 33.62294131705398], [-117.60656515651954, 33.622936561915004], [-117.60656766921807, 33.62293179977483], [-117.6065701634703, 33.62292702972015], [-117.60662011243704, 33.62281349758003], [-117.60669279945762, 33.62265371531771], [-117.60669501243393, 33.62264943343286], [-117.60669724276431, 33.62264515857253], [-117.60669949259002, 33.62264088981181], [-117.60670175976978, 33.62263662807571], [-117.60670404536724, 33.62263237245086], [-117.60670634941043, 33.62262812474038], [-117.60670867187129, 33.62262388314121], [-117.60671101170023, 33.62261964946815], [-117.60671336994682, 33.62261542190643], [-117.60671574662518, 33.62261120135745], [-117.60671814067156, 33.62260698873466], [-117.6067205531356, 33.622602782223154], [-117.60672298296772, 33.62259858363772], [-117.6067254312456, 33.62259439296668], [-117.60672789686343, 33.622590208418636], [-117.60673038092703, 33.62258603178503], [-117.60673288235868, 33.62258186307746], [-117.606735402222, 33.62257770138273], [-117.60673793945342, 33.6225735476141], [-117.6067404929612, 33.62256940088181], [-117.60674306599229, 33.62256526205208], [-117.6067456563915, 33.62256113114849], [-117.60674826414471, 33.62255700726945], [-117.60675088928002, 33.62255289221805], [-117.60675353284697, 33.62254878417941], [-117.60675619271842, 33.6225446849802], [-117.60675887102146, 33.6225405927938], [-117.60676156670661, 33.62253650943499], [-117.6067642797598, 33.62253243400228], [-117.60676701018106, 33.62252836649571], [-117.60676975797034, 33.622524306915174], [-117.60677252314173, 33.6225202561623], [-117.60677530568108, 33.62251621333546], [-117.6067781056026, 33.62251217933629], [-117.60678092181442, 33.62250815327487], [-117.60678375647197, 33.6225041351279], [-117.60678660746197, 33.6225001276233], [-117.60678947579201, 33.62249612624172], [-117.60679236042641, 33.622492133699446], [-117.60679526353456, 33.62248815087464], [-117.60679818293306, 33.622484175987594], [-117.60680111865007, 33.62248021084145], [-117.60680407173511, 33.62247625362139], [-117.60680704220212, 33.622472305228975], [-117.60681002898764, 33.62246836657737], [-117.60681303314112, 33.622464435851874], [-117.60681605361307, 33.62246051486728], [-117.60681909038948, 33.62245660272199], [-117.60682214454788, 33.62245269940429], [-117.60682521502473, 33.622448805827545], [-117.60682830288366, 33.62244492107832], [-117.60683140596933, 33.6224410451802], [-117.60683452752869, 33.62243717899948], [-117.60683766432884, 33.622433322571354], [-117.60684081851105, 33.62242947497086], [-117.60684398793404, 33.622425637122944], [-117.60684717366145, 33.62242180811436], [-117.60685037679896, 33.622417989736434], [-117.60685359516319, 33.62241418020957], [-117.60685682984584, 33.622410380423574], [-117.60686008084696, 33.62240659037844], [-117.60686334816647, 33.62240281007421], [-117.60686663180442, 33.622399039510775], [-117.60686993177481, 33.622395279589774], [-117.60687324697194, 33.62239152851984], [-117.60687657850154, 33.6223877880923], [-117.60687992633557, 33.62238405650404], [-117.60688328943836, 33.622380336471466], [-117.60688666884555, 33.62237662527817], [-117.60689006458524, 33.62237292472734], [-117.60689347557971, 33.62236923483061], [-117.60689690181496, 33.622365554686475], [-117.60690034436857, 33.62236188428312], [-117.60690380217709, 33.62235822453398], [-117.60690727524032, 33.6223545754389], [-117.60691076463607, 33.622350936986216], [-117.60691426927252, 33.62234730828609], [-117.60691778917786, 33.62234369114164], [-117.60692132540159, 33.62234008373803], [-117.60692487580246, 33.62233648700027], [-117.60692844253582, 33.62233290090486], [-117.60693202452396, 33.622329325463575], [-117.60693562068927, 33.62232576068814], [-117.60693923318702, 33.62232220655503], [-117.60701705195443, 33.622245917270284], [-117.60709026611926, 33.62204028962965], [-117.60709028263186, 33.6220402425618], [-117.60709029503037, 33.622040208162446], [-117.6070903074148, 33.62204017286156], [-117.60709031981328, 33.62204013846221], [-117.6070903321977, 33.62204010316131], [-117.60709034872434, 33.622040056995], [-117.60709036523694, 33.62204000992716], [-117.60709038176356, 33.62203996376083], [-117.60709039935381, 33.62203991668126], [-117.60709041588044, 33.62203987051493], [-117.6070904282789, 33.622039836115576], [-117.60709044066334, 33.62203980081473], [-117.60709045718995, 33.622039754648384], [-117.60709046957443, 33.622039719347484], [-117.60709048197289, 33.62203968494817], [-117.60709049848549, 33.62203963788027], [-117.60709051196163, 33.622039603469226], [-117.60709052434602, 33.62203956816835], [-117.60709054087266, 33.62203952200202], [-117.60709055738526, 33.62203947493414], [-117.60709057391192, 33.62203942876785], [-117.60709058738797, 33.62203939435672], [-117.60709059977245, 33.62203935905584], [-117.60709061629906, 33.62203931288951], [-117.60709063281169, 33.6220392658217], [-117.60709064933826, 33.62203921965534], [-117.60709066694255, 33.622039173477326], [-117.60709068345513, 33.622039126409504], [-117.60709069585361, 33.62203909201013], [-117.60709070823809, 33.62203905670919], [-117.60709072584233, 33.62203901053116], [-117.60709074236892, 33.62203896436487], [-117.60709075888153, 33.62203891729698], [-117.60709077235764, 33.62203888288594], [-117.60709143585846, 33.62203705424068], [-117.60709211450204, 33.62203522903738], [-117.60709280613328, 33.62203340729934], [-117.60709351184366, 33.62203158991646], [-117.60709423160522, 33.622029775085636], [-117.6070949643824, 33.62202796552328], [-117.6070957112248, 33.62202615941448], [-117.60709647105476, 33.62202435677104], [-117.60709724496394, 33.62202255848275], [-117.60709803295234, 33.62202076454955], [-117.60709883392832, 33.62201897408179], [-117.6070996479199, 33.62201718888233], [-117.60710047597667, 33.622015407136566], [-117.60710131703499, 33.62201362975763], [-117.6071021721866, 33.62201185763538], [-117.60710304033977, 33.62201008987999], [-117.60710392149458, 33.622008326491525], [-117.60710481672854, 33.62200656745815], [-117.60710572497821, 33.62200481369326], [-117.60710664516576, 33.62200306520847], [-117.6071075805102, 33.622001321067025], [-117.60710852779262, 33.62199958220584], [-117.60710948809064, 33.62199784861299], [-117.60711046137625, 33.62199611848556], [-117.60711144876907, 33.621994394516264], [-117.6071124480999, 33.621992675827165], [-117.60711346044636, 33.62199096240644], [-117.60711448690002, 33.62198925514397], [-117.60711552527769, 33.6219875522601], [-117.60711657560738, 33.62198585555791], [-117.60711764003025, 33.621984164112384], [-117.6071187164052, 33.62198247884857], [-117.60711980579569, 33.621980798853116], [-117.60712090820181, 33.62197912412611], [-117.60712202365163, 33.62197745647062], [-117.60712314996174, 33.621975794107], [-117.60712429036514, 33.62197413700002], [-117.6071254427345, 33.621972486976325], [-117.6071266070559, 33.62197084313427], [-117.60712778439293, 33.621969204560635], [-117.60712897369598, 33.62196757307023], [-117.60713017602862, 33.62196594774976], [-117.60713138923569, 33.621964328622724], [-117.60713261547237, 33.6219627156656], [-117.60713385367507, 33.621961109791734], [-117.60713510490741, 33.62195951008779], [-117.6071363670141, 33.62195791657732], [-117.60713764217846, 33.62195633103982], [-117.60713892928085, 33.62195475078251], [-117.60714022728567, 33.62195317852167], [-117.60714153724246, 33.62195161244251], [-117.60714285917935, 33.62195005434808], [-117.60714419306821, 33.62194850243534], [-117.60714553892313, 33.62194695760587], [-117.6071468956664, 33.62194541987129], [-117.60714826437572, 33.62194388921997], [-117.60714964398746, 33.62194236656515], [-117.60715103555121, 33.621940850091974], [-117.607152439095, 33.62193934160356], [-117.60715385246361, 33.62193784112345], [-117.60715527887591, 33.621936347714744], [-117.60715671509895, 33.62193486141274], [-117.60715816330203, 33.6219333830955], [-117.60715962240755, 33.62193191277471], [-117.60716109240145, 33.62193044954894], [-117.60716257437547, 33.62192899430791], [-117.60716406617424, 33.62192754707508], [-117.60716556887543, 33.62192610783875], [-117.60716708355673, 33.6219246765872], [-117.6071686080628, 33.621923253343816], [-117.60717014347131, 33.62192183809696], [-117.6071716897822, 33.62192043084662], [-117.60717324591795, 33.62191903160445], [-117.60717481297014, 33.6219176412603], [-117.60717639092476, 33.62191625891273], [-117.6071779787042, 33.62191488457325], [-117.60717957740003, 33.621913519131894], [-117.60718118592075, 33.621912161698766], [-117.60718280535791, 33.6219108131636], [-117.60718443355627, 33.62190947354997], [-117.60718607265703, 33.62190814193282], [-117.60718772159665, 33.6219068192254], [-117.60718938145271, 33.62190550541608], [-117.60719105005597, 33.62190419962665], [-117.60719272851206, 33.62190290364854], [-117.60719441679295, 33.62190161567864], [-117.60719611492674, 33.621900337520024], [-117.60719782289937, 33.62189906827123], [-117.60719954071081, 33.621897807932164], [-117.6072012672835, 33.62189655651458], [-117.60720300369496, 33.62189531400672], [-117.60720474886766, 33.62189408042039], [-117.6072065038932, 33.62189285664539], [-117.60720826769402, 33.62189164269332], [-117.6072100413337, 33.6218904376511], [-117.60721182373453, 33.62188924153037], [-117.60721361491059, 33.621888055232624], [-117.60721541484793, 33.621886877856404], [-117.60721722249687, 33.62188571121648], [-117.60756800254197, 33.62165440055714], [-117.60778291783915, 33.621375120356575], [-117.60788869996355, 33.621289647751276], [-117.60789013147537, 33.621288483396185], [-117.6078915553456, 33.62128731281251], [-117.60789297045456, 33.6212861333073], [-117.60789437684426, 33.62128494758527], [-117.60789577342315, 33.62128375475655], [-117.60789716234642, 33.62128255479767], [-117.60789854252238, 33.62128134681889], [-117.60789991397913, 33.621280132623205], [-117.60790127670269, 33.62127891130915], [-117.60790262962941, 33.62127768378997], [-117.60790397488648, 33.621276448239065], [-117.60790530926911, 33.621275206494836], [-117.6079066359961, 33.62127395762038], [-117.6079079529263, 33.621272702540914], [-117.60790926112324, 33.62127144034298], [-117.60791056058694, 33.621270171026644], [-117.60791184919029, 33.62126889641847], [-117.60791313012392, 33.62126761377863], [-117.60791440019719, 33.62126632584692], [-117.60791566153719, 33.621265030796856], [-117.60791691415801, 33.6212637295299], [-117.60791815589036, 33.621262421168], [-117.60791938891757, 33.621261107490824], [-117.60792061213391, 33.62125978670696], [-117.60792182556743, 33.62125846061958], [-117.60792302919016, 33.621257127425494], [-117.60792422410768, 33.62125578891607], [-117.60792540815079, 33.62125444421332], [-117.6079265823971, 33.62125309330544], [-117.60792774684653, 33.621251736192455], [-117.6079289014992, 33.62125037287432], [-117.60793004636909, 33.62124900425261], [-117.60793118145617, 33.62124763032734], [-117.60793230565481, 33.62124624930715], [-117.60793342116234, 33.621244863873194], [-117.60793452471779, 33.62124347225761], [-117.60793561955407, 33.62124207442518], [-117.60793670354398, 33.621240672202426], [-117.60793777773709, 33.62123926377456], [-117.60793884106975, 33.62123785005492], [-117.60793989352804, 33.62123643014185], [-117.60794093729523, 33.62123500581503], [-117.60794196912434, 33.62123357620811], [-117.60794299117075, 33.62123214129763], [-117.60794400235669, 33.62123070109533], [-117.6079450037599, 33.62122925558945], [-117.60794599430274, 33.62122780479171], [-117.60794697398511, 33.621226348702145], [-117.60794794282117, 33.62122488822233], [-117.60794889973332, 33.62122342336395], [-117.60794984794025, 33.621221953190265], [-117.6079507852868, 33.621220477724734], [-117.60795171178702, 33.62121899786892], [-117.60795262636323, 33.621217513634555], [-117.60795353115668, 33.62121602409663], [-117.60795442510381, 33.62121453016846], [-117.6079553082046, 33.621213031849976], [-117.60795617938139, 33.62121152915287], [-117.60795704078944, 33.62121002205385], [-117.60795789025951, 33.62120850967474], [-117.60795872889729, 33.62120699380682], [-117.6079595566887, 33.62120547354861], [-117.60796037364781, 33.62120394980171], [-117.60796117866887, 33.62120242077471], [-117.6079619728577, 33.62120088825896], [-117.60796275620012, 33.62119935135289], [-117.60796352871027, 33.62119781095815], [-117.6079642892964, 33.62119626618478], [-117.60796503797268, 33.62119471793451], [-117.60796577581662, 33.62119316619543], [-117.60796650281421, 33.621191610066084], [-117.6079672179019, 33.62119005045975], [-117.60796792215724, 33.62118848736465], [-117.60796861450272, 33.62118692079258], [-117.6079692960018, 33.62118534983021], [-117.60796996560502, 33.62118377629236], [-117.60797062329836, 33.62118219927754], [-117.60797127015937, 33.62118061877396], [-117.6079719051104, 33.6211790347934], [-117.60797252924326, 33.62117744822562], [-117.6079731403885, 33.62117585819259], [-117.6079737407015, 33.62117426467083], [-117.60797433019621, 33.621172668561876], [-117.60797490670343, 33.62117106898762], [-117.60797547239235, 33.62116946682619], [-117.6079760261854, 33.621167862089344], [-117.6079765680826, 33.62116625477696], [-117.60797709806984, 33.62116464398764], [-117.60797761616121, 33.62116303062284], [-117.60797812343434, 33.621161414670865], [-117.60797861773398, 33.62115979615511], [-117.60797910122936, 33.62115817595378], [-117.60797957281486, 33.621156552275394], [-117.60798003144092, 33.6211549269349], [-117.60798047924871, 33.62115329900717], [-117.60798091516062, 33.62115166850392], [-117.6079813381131, 33.62115003633855], [-117.60798175024728, 33.62114840158603], [-117.6079821504997, 33.62114676515955], [-117.60808656002835, 33.62071268018448], [-117.60827176999197, 33.62046913315667], [-117.60867856074618, 33.62013992768649], [-117.60881553462056, 33.619933370165754], [-117.60921282617386, 33.619278706244145], [-117.60967963367042, 33.61887686586871], [-117.60964228114484, 33.618846422843774], [-117.60975217551217, 33.61875182632875], [-117.60983556136591, 33.6187438832394], [-117.60984200471053, 33.61868120830583], [-117.6099655349988, 33.61852663899545], [-117.61007237104256, 33.61842478716351], [-117.61016928710963, 33.61829514959649], [-117.61024885500319, 33.618144899221804], [-117.61029968349679, 33.61800973766757], [-117.61042742083252, 33.61790196224934], [-117.61048941688622, 33.61785436937319], [-117.6105626880416, 33.617798119728825], [-117.61071577139752, 33.61769214297447], [-117.61083526015265, 33.6175652592088], [-117.61090704386905, 33.617484368759], [-117.61098937766847, 33.617362662354495], [-117.61108133585388, 33.61722861297162], [-117.61115566508121, 33.61719118960764], [-117.61124460504892, 33.617091112848094], [-117.61132791191558, 33.61696275278473], [-117.61149541071029, 33.61692118429974], [-117.61161765272266, 33.61685220534656], [-117.61176386394186, 33.61677441537617], [-117.61192705489965, 33.61667461684133], [-117.61214211795976, 33.61652738820982], [-117.61231081884165, 33.616436030108424], [-117.61243855562512, 33.61630920333265], [-117.61252424129451, 33.61616632166225], [-117.61259753495149, 33.616003089815685], [-117.61268411420915, 33.615845903675115], [-117.61278146205606, 33.61569011184283], [-117.61287735351259, 33.61555349417057], [-117.61305390661035, 33.61544491782633], [-117.61323005409601, 33.61534427516964], [-117.6134173995739, 33.61525837328413], [-117.61358661770724, 33.61515987531598], [-117.61365310765028, 33.61497641375144], [-117.61382549899264, 33.6148517991776], [-117.61397070224017, 33.61473572975941], [-117.6141575981499, 33.614607357278516], [-117.61430103854714, 33.614487846049734], [-117.6143484583021, 33.61434219986703], [-117.6143669908023, 33.61419137771839], [-117.61435165704651, 33.61401056536472], [-117.61438379715594, 33.613872594861334], [-117.61452675230336, 33.613755573721015], [-117.61473111816886, 33.613693610071486], [-117.61491344637321, 33.613611503734965], [-117.61503363122557, 33.61347364885128], [-117.61506760142045, 33.61327089468303], [-117.61520218371595, 33.61318861843102], [-117.61526491230605, 33.61315026733565], [-117.61538322623606, 33.61300525598563], [-117.61548699600093, 33.612848866689326], [-117.61580587400158, 33.61260176074529], [-117.61587614577417, 33.61244192948732], [-117.61585737305855, 33.612292129073275], [-117.61622188415323, 33.61186394628028], [-117.61625426741698, 33.611650705208454], [-117.61613999323367, 33.61152317601363], [-117.61646027879148, 33.61117440545838], [-117.61665618807876, 33.61115651963327], [-117.61684463337568, 33.61081729928992], [-117.61691720444486, 33.61076267282871], [-117.6169878788413, 33.610169635124635], [-117.61698818590577, 33.61016584823603], [-117.61698849513927, 33.610162062225356], [-117.61698880760522, 33.61015827617915], [-117.61698912114856, 33.61015449012113], [-117.61698943793847, 33.6101507049292], [-117.61698975579174, 33.61014691882388], [-117.61699007689148, 33.61014313358471], [-117.61699039906868, 33.61013934833365], [-117.61699072447828, 33.61013556304713], [-117.61699105204278, 33.610131777736996], [-117.61699138069888, 33.61012799331654], [-117.61699171258736, 33.61012420886065], [-117.61699204661673, 33.610120423479515], [-117.61699238281504, 33.610116638976336], [-117.61699272116827, 33.610112854449476], [-117.61699306169061, 33.61010907080058], [-117.61699340435374, 33.610105286226435], [-117.6169937481084, 33.61010150254204], [-117.616994096173, 33.610097718810344], [-117.61699444531499, 33.61009393506679], [-117.61699479661196, 33.61009015129962], [-117.61699515007787, 33.610086368410364], [-117.61699550676211, 33.61008258458404], [-117.61699586453796, 33.61007880164751], [-117.61699622554615, 33.610075018675445], [-117.61699658763179, 33.61007123569161], [-117.61699695296396, 33.610067453573855], [-117.61699732043697, 33.61006367053087], [-117.61699768900147, 33.6100598883776], [-117.61699806079841, 33.61005610618891], [-117.61699843475027, 33.61005232397655], [-117.61699881087117, 33.610048542642076], [-117.6169991891328, 33.610044760382415], [-117.61699956956357, 33.61004097900067], [-117.61699995214921, 33.610037197595275], [-117.61700033688975, 33.61003341616619], [-117.61700072378522, 33.61002963471347], [-117.61700111392722, 33.610025854126896], [-117.61700150514669, 33.61002207352844], [-117.61700189852102, 33.610018292906375], [-117.61700229512775, 33.61001451224877], [-117.6170026927978, 33.610010730677864], [-117.61700309372847, 33.61000695087458], [-117.61700349573664, 33.61000317105945], [-117.61700390097717, 33.60999939120884], [-117.61700430729513, 33.6099956113464], [-117.6170047168596, 33.609991832350026], [-117.61700512750154, 33.60998805334186], [-117.61700554137582, 33.60998427429824], [-117.61700595740503, 33.60998049523098], [-117.61700637558916, 33.60997671614004], [-117.61700679486486, 33.60997293793878], [-117.61700721737296, 33.609969159702125], [-117.61700764203599, 33.60996538144181], [-117.61700806885385, 33.60996160315779], [-117.61700849782666, 33.60995782485018], [-117.6170089289685, 33.60995404742046], [-117.61700936334276, 33.609950269955284], [-117.61700979879441, 33.60994649247824], [-117.61701023640103, 33.60994271497759], [-117.6170106761766, 33.60993893835483], [-117.61701111917053, 33.60993516079507], [-117.61701156325593, 33.609931384125005], [-117.61701200951045, 33.60992760833282], [-117.61701245898313, 33.60992383160364], [-117.61701290954743, 33.60992005576417], [-117.61701336334413, 33.60991627988922], [-117.6170138192957, 33.60991250399066], [-117.61701427632472, 33.609908728080306], [-117.61701473660018, 33.609904953035965], [-117.6170151990165, 33.60990117706645], [-117.61701566361597, 33.609897402876356], [-117.61701612927875, 33.60989362777293], [-117.6170165981739, 33.609889852634026], [-117.61701706923805, 33.60988607837303], [-117.61701754245713, 33.60988230408836], [-117.61701801784525, 33.60987853068156], [-117.61701849537411, 33.60987475634961], [-117.61701897507206, 33.60987098289556], [-117.61701945800235, 33.609867209406055], [-117.6170199420101, 33.60986343590469], [-117.61702042818686, 33.60985966328124], [-117.61702091650437, 33.609855889732586], [-117.61702140806841, 33.60985211705005], [-117.61702190072404, 33.609848345257134], [-117.61702239659787, 33.609844572527315], [-117.61702289356329, 33.60984080068716], [-117.61702339376109, 33.60983702881154], [-117.61702389503625, 33.609833256924084], [-117.61702439955796, 33.60982948590273], [-117.61702490514298, 33.609825713968], [-117.61702541398863, 33.60982194380085], [-117.61702592497502, 33.60981817270854], [-117.61702643811633, 33.60981440159258], [-117.61702695342669, 33.609810631354534], [-117.61702746981445, 33.609806861104644], [-117.61702798944872, 33.60980309172086], [-117.61702851120965, 33.609799320510305], [-117.61702903515369, 33.60979555107917], [-117.61696871727926, 33.60983411202572], [-117.61664184850164, 33.61004308597271], [-117.6166388152527, 33.61004503534623], [-117.61663579188446, 33.61004699633334], [-117.61663278056605, 33.61004896981202], [-117.6166297802059, 33.61005095489242], [-117.61662679188134, 33.610052951562835], [-117.61662381345175, 33.610054960748435], [-117.61662084812117, 33.61005698061063], [-117.61661789269958, 33.61005901388955], [-117.61661495037707, 33.61006105784508], [-117.61661201901279, 33.61006311340242], [-117.61660909860665, 33.610065180561584], [-117.61660619132782, 33.61006726020039], [-117.61660329499307, 33.61006935053954], [-117.61660041069406, 33.61007145246863], [-117.61659753843077, 33.610073565987726], [-117.61659467820309, 33.610075691096824], [-117.6165918300111, 33.61007782779591], [-117.61658899384075, 33.61007997518339], [-117.61658617078352, 33.61008213414913], [-117.61658335974779, 33.61008430380327], [-117.61658056074785, 33.61008648504742], [-117.61657777378355, 33.610088677881556], [-117.6165749999183, 33.61009088139233], [-117.61657223807464, 33.610093095591566], [-117.61656948933002, 33.61009532046747], [-117.61656675262105, 33.61009755693335], [-117.61656402901114, 33.61009980407586], [-117.61656131850029, 33.61010206189501], [-117.6165586211026, 33.61010433129236], [-117.61655593571234, 33.61010661047659], [-117.61655326342114, 33.61010890033752], [-117.6165506053064, 33.61011120086325], [-117.6165479592133, 33.61011351207744], [-117.61654532621918, 33.61011583396829], [-117.6165427062959, 33.61011816473271], [-117.61654009949993, 33.6101205079768], [-117.61653750685215, 33.6101228600827], [-117.6165349273176, 33.61012522376678], [-117.61653236086794, 33.61012759722599], [-117.61652980858071, 33.610129980448455], [-117.61652726939252, 33.6101323743476], [-117.61652474436667, 33.610134778010035], [-117.61652223350328, 33.610137191435726], [-117.6165197346614, 33.61013961554993], [-117.61651725105945, 33.61014204941563], [-117.61651478054239, 33.61014449305642], [-117.6165123252652, 33.61014694644867], [-117.61650988307294, 33.61014940961604], [-117.61650745504312, 33.610151882546745], [-117.61650504117561, 33.61015436524074], [-117.61650264037901, 33.61015685680829], [-117.61650025482221, 33.61015935812734], [-117.61649788342778, 33.6101618692097], [-117.61649552619585, 33.610164390055374], [-117.61649318309803, 33.610166918861246], [-117.6164908541767, 33.610169458331974], [-117.61648853940372, 33.610172006664456], [-117.61648623985646, 33.61017456384689], [-117.61648395445748, 33.6101771298911], [-117.61648168429836, 33.610179705686825], [-117.61647942828755, 33.61018229034431], [-117.61647718750253, 33.61018488385171], [-117.61647496086573, 33.610187486220916], [-117.61647274945472, 33.610190097440025], [-117.61647055219203, 33.61019271752095], [-117.61646837014091, 33.610195345550295], [-117.61646620332974, 33.61019798333113], [-117.61646405173016, 33.61020062906037], [-117.61646191535637, 33.61020328363959], [-117.61645979311676, 33.61020594617898], [-117.61645768718036, 33.610208617556616], [-117.6164555953923, 33.610211297795956], [-117.6164535188017, 33.6102139850822], [-117.61645145851443, 33.61021668120658], [-117.61644941345286, 33.610219386180916], [-117.61644738251135, 33.610222098213946], [-117.61644536787311, 33.61022481908511], [-117.61644336950987, 33.6102275469914], [-117.61644138529492, 33.610230283759435], [-117.61643941735501, 33.61023302756254], [-117.61643746464078, 33.610235780215596], [-117.61643552820169, 33.61023853990373], [-117.61643360696003, 33.61024130663874], [-117.61643170094419, 33.61024408222372], [-117.61642981228083, 33.61024686483196], [-117.61642793773757, 33.6102496544989], [-117.61642608056088, 33.610252452090634], [-117.61642423858171, 33.61025525672931], [-117.61642241181426, 33.61025806931635], [-117.61642060239927, 33.6102608889267], [-117.61641880818186, 33.6102637155839], [-117.61641703023943, 33.6102665492762], [-117.616415268572, 33.61026939000357], [-117.61641352208805, 33.61027223687628], [-117.61641179297067, 33.610275091673806], [-117.61641008012833, 33.6102779535064], [-117.61640838246947, 33.6102808214843], [-117.61640670216309, 33.61028369648554], [-117.61640503811759, 33.61028657762027], [-117.61623687222807, 33.61057951542014], [-117.6162354034435, 33.61058206619382], [-117.61623392598247, 33.610584613455735], [-117.61623244199997, 33.61058715718245], [-117.61623095043268, 33.61058969828718], [-117.61622945128057, 33.61059223676996], [-117.61622794451536, 33.61059477082768], [-117.61622643017948, 33.610597303165], [-117.61622490715307, 33.610599831089104], [-117.61622337761933, 33.610602356379495], [-117.61622184048662, 33.61060487814634], [-117.61622029576914, 33.61060739729123], [-117.61621874345266, 33.610609912912686], [-117.61621718353727, 33.6106124250106], [-117.61621561602294, 33.61061493358505], [-117.61621404092377, 33.610617439537506], [-117.61621245821156, 33.610619941065], [-117.61621086790036, 33.610622439068955], [-117.61620927001852, 33.610624935352504], [-117.61620766452354, 33.610627427210964], [-117.61620605359876, 33.6106299164239], [-117.61620443290597, 33.610632401235435], [-117.61620280570575, 33.61063488341324], [-117.61620117090668, 33.61063736206747], [-117.61619952850859, 33.61063983719824], [-117.61619787851158, 33.61064230880553], [-117.61619622199314, 33.61064477687747], [-117.61619455681236, 33.610647242339326], [-117.6161928851101, 33.6106497042658], [-117.6161912057948, 33.61065216176725], [-117.6161895188805, 33.61065461574523], [-117.6161878243673, 33.61065706619975], [-117.61618612333261, 33.61065951311891], [-117.6161844136215, 33.610661956526364], [-117.61618269738894, 33.61066439639856], [-117.61618097463487, 33.61066683273543], [-117.61617924320439, 33.610669265560574], [-117.61617750525244, 33.610671694850474], [-117.61617575968737, 33.61067411971532], [-117.61617400760089, 33.610676541044775], [-117.61617224685207, 33.610678959764144], [-117.61617048064518, 33.61068137403485], [-117.6161687057477, 33.6106837838923], [-117.61616692434289, 33.610686191115995], [-117.61616513532498, 33.61068859391464], [-117.6161633387081, 33.6106909931898], [-117.61616153556979, 33.610693388929654], [-117.61615972481837, 33.610695780244434], [-117.61615790754551, 33.61069816802391], [-117.61615608267365, 33.61070055227988], [-117.61615425018876, 33.61070293211083], [-117.6161524111824, 33.61070530840641], [-117.61615056457705, 33.610707681178496], [-117.61614871143614, 33.610710049513756], [-117.61614685069623, 33.61071241432549], [-117.6161449834208, 33.6107147747004], [-117.61614310854635, 33.61071713155176], [-117.6161412271363, 33.61071948396627], [-117.61613933812727, 33.61072183285731], [-117.61613744259684, 33.610724178212976], [-117.61613553945327, 33.61072651914367], [-117.61613362977414, 33.61072885563745], [-117.61613171249601, 33.6107311886077], [-117.61612978869644, 33.61073351804267], [-117.61612785834714, 33.610735842139185], [-117.61612592039891, 33.61073816271229], [-117.61612397485166, 33.61074047976181], [-117.61612202276885, 33.61074279237449], [-117.6161200641504, 33.61074510055026], [-117.61611809901049, 33.61074740519075], [-117.61611612625755, 33.61074970540621], [-117.61611414696897, 33.61075200118477], [-117.6161121600673, 33.610754292538296], [-117.61611016664416, 33.61075658035648], [-117.61610816668541, 33.61075886373783], [-117.6161061602052, 33.610761143583844], [-117.61610414609778, 33.61076341810327], [-117.61610212546888, 33.610765689087316], [-117.61610009830436, 33.61076795563452], [-117.61609806352678, 33.6107702177567], [-117.61609602329109, 33.61077247543017], [-117.61609397545638, 33.610774729580164], [-117.61609192107204, 33.61077697839176], [-117.6160898590887, 33.6107792236798], [-117.61608779164722, 33.610781464519164], [-117.61608571659266, 33.610783700933474], [-117.61608363500247, 33.61078593291094], [-117.6160815468767, 33.61078816045152], [-117.61607945221536, 33.61079038355517], [-117.61607734994095, 33.61079260223383], [-117.61607524220838, 33.61079481646382], [-117.61607312686269, 33.61079702626871], [-117.6160710049956, 33.61079923253826], [-117.61606887657872, 33.610801433469426], [-117.61606674162624, 33.61080362996371], [-117.61606460121564, 33.610805822009326], [-117.61606245317789, 33.610808008728334], [-117.61606029861859, 33.61081019191198], [-117.61605813752375, 33.61081237065881], [-117.61605596987911, 33.610814544067146], [-117.6157632418323, 33.6111073904214], [-117.61555910810266, 33.61124405888483], [-117.61534391999993, 33.61146004772698], [-117.61520549511702, 33.61159898290833], [-117.61512735620961, 33.611718145133665], [-117.61512657380145, 33.61171931509007], [-117.61512576859661, 33.61172047447578], [-117.6151249416584, 33.611721622377566], [-117.61512409190935, 33.61172275880718], [-117.61512322150442, 33.61172388374104], [-117.61512232828869, 33.61172499720272], [-117.61512141331136, 33.6117260973774], [-117.61512047767818, 33.611727186056285], [-117.61511952026936, 33.61172826054659], [-117.61511854326804, 33.61172932262777], [-117.61511754450515, 33.6117303714219], [-117.61511652613574, 33.611731406905335], [-117.61511548813147, 33.61173242727509], [-117.61511442944312, 33.61173343434597], [-117.61511335219753, 33.61173442629128], [-117.61511225531716, 33.61173540312286], [-117.61511113989359, 33.61173636573044], [-117.61511000591271, 33.61173731321248], [-117.61510885334629, 33.61173824376587], [-117.61510768331424, 33.61173916008347], [-117.61510649577417, 33.61174005946059], [-117.61510529074015, 33.611740942798875], [-117.61510406819814, 33.61174180919669], [-117.61510282923967, 33.611742659543765], [-117.61510157385072, 33.61174349293864], [-117.61510030201718, 33.611744308479715], [-117.61509901590809, 33.61174510704495], [-117.61509771335436, 33.61174588775636], [-117.61509639543351, 33.61174665060222], [-117.61509506430053, 33.611747395558915], [-117.61509371780042, 33.61174812264993], [-117.61509235699654, 33.61174883096205], [-117.61509098404396, 33.61174952047164], [-117.61508959680172, 33.611750192103806], [-117.61508819631918, 33.6117508440437], [-117.61508678368783, 33.61175147718104], [-117.61508535997118, 33.61175209060248], [-117.61508392301418, 33.61175268433161], [-117.61508247606339, 33.61175325923465], [-117.61508101693569, 33.611753813531976], [-117.61507954781423, 33.61175434900319], [-117.61507806867078, 33.61175486384515], [-117.61507657950541, 33.61175535805789], [-117.61507508140969, 33.61175583253109], [-117.61507357329195, 33.61175628637508], [-117.6150720573073, 33.61175671956619], [-117.61507053237817, 33.61175713211628], [-117.61506900065955, 33.61175752400168], [-117.6150674610599, 33.61175789433271], [-117.61506591468482, 33.611758244900614], [-117.6150643604146, 33.61175857301256], [-117.61506280152408, 33.611758881337856], [-117.61506123581586, 33.61175916719538], [-117.61505966547314, 33.61175943236463], [-117.61505809048181, 33.61175967594403], [-117.6150565097645, 33.61175989794548], [-117.61505492549016, 33.611760099246865], [-117.61505333763066, 33.611760278045054], [-117.61505174727759, 33.611760435229925], [-117.61505015335345, 33.6117605708131], [-117.6150485569357, 33.61176068478283], [-117.61504695802441, 33.611760777139224], [-117.615045357697, 33.611760847870364], [-117.61504375703107, 33.61176089696447], [-117.6150421549349, 33.611760923531826], [-117.6150405525143, 33.61176092936372], [-117.61503895081853, 33.61176091264524], [-117.61503734986162, 33.6117608742779], [-117.61503574856619, 33.61176081427356], [-117.6150341490731, 33.611760731707065], [-117.61503255248797, 33.61176062836968], [-117.61503095662772, 33.6117605024819], [-117.61502936475293, 33.61176035581146], [-117.61502777469461, 33.61176018748034], [-117.6150261885936, 33.61175999656352], [-117.61502460647809, 33.611759784863985], [-117.61502302941153, 33.61175955146834], [-117.61502145631641, 33.61175929638854], [-117.61501988828428, 33.6117590205142], [-117.6150183263786, 33.61175872293201], [-117.61501676953594, 33.61175840455535], [-117.61501521989716, 33.61175806445903], [-117.615013676399, 33.61175770355644], [-117.61501214119626, 33.611757321823916], [-117.61501061321162, 33.611756919273304], [-117.61500909244498, 33.61175649590459], [-117.61500758105134, 33.61175605169413], [-117.61500607796737, 33.61175558755539], [-117.61500458425644, 33.61175510257484], [-117.6150030999326, 33.611754597654205], [-117.6150016260593, 33.61175407188], [-117.6150001626647, 33.611753527055434], [-117.61499870972071, 33.61175296137732], [-117.61499726725539, 33.61175237664874], [-117.61499583742383, 33.61175177284621], [-117.61499441913438, 33.61175114907985], [-117.61499301346457, 33.61175050533796], [-117.61499162044261, 33.611749843423524], [-117.61499024006844, 33.61174916333667], [-117.61499017489673, 33.611749130687826], [-117.61499010972499, 33.61174909803896], [-117.61499004455325, 33.611749065390136], [-117.61498997938153, 33.611749032741265], [-117.61498991419568, 33.61174899919084], [-117.61498984902397, 33.611748966541995], [-117.61498978385222, 33.611748933893125], [-117.61498971868052, 33.61174890124426], [-117.61498965349469, 33.61174886769386], [-117.61498958940044, 33.6117488350332], [-117.6149895242287, 33.61174880238432], [-117.61498945904293, 33.61174876883397], [-117.61498939385709, 33.61174873528357], [-117.61498932976285, 33.611748702622904], [-117.614989264577, 33.6117486690725], [-117.61498920048277, 33.611748636411825], [-117.61498913529692, 33.61174860286149], [-117.6149890701111, 33.61174856931104], [-117.61498900600274, 33.61174853574885], [-117.61498894081694, 33.61174850219842], [-117.6149888767086, 33.611748468636264], [-117.61498881260023, 33.61174843507406], [-117.61498874741442, 33.61174840152362], [-117.61498868330602, 33.61174836796146], [-117.61498861919775, 33.611748334399216], [-117.6149885540119, 33.61174830084882], [-117.61498848990357, 33.61174826728668], [-117.61498842579519, 33.61174823372446], [-117.61498836167277, 33.61174819926072], [-117.61498829648694, 33.61174816571028], [-117.61498823236452, 33.61174813124656], [-117.61498816825613, 33.61174809768436], [-117.61498810413374, 33.611748063220595], [-117.61498804002538, 33.6117480296584], [-117.61498797590293, 33.61174799519465], [-117.61498791179463, 33.611747961632474], [-117.61498784767215, 33.61174792716871], [-117.61498778354971, 33.611747892704976], [-117.61498771942728, 33.61174785824121], [-117.61498765639642, 33.611747824667205], [-117.61498759227395, 33.61174779020349], [-117.61498752815157, 33.61174775573972], [-117.6149874640291, 33.61174772127598], [-117.61498739990664, 33.611747686812265], [-117.61498733686172, 33.61174765233669], [-117.61498727272512, 33.61174761697142], [-117.61498720968021, 33.611747582495816], [-117.61498714555773, 33.61174754803215], [-117.61498708143534, 33.61174751356836], [-117.61498701837628, 33.611747478191276], [-117.61498695425381, 33.61174744372753], [-117.61498689119476, 33.61174740835045], [-117.61498682707231, 33.611747373886736], [-117.61498676401325, 33.61174733850962], [-117.61498670096836, 33.61174730403407], [-117.61498663683179, 33.61174726866878], [-117.61498657378685, 33.61174723419323], [-117.61498651072777, 33.61174719881611], [-117.61498644766876, 33.61174716343905], [-117.6149863835322, 33.61174712807376], [-117.61498632047315, 33.611747092696646], [-117.61498625741405, 33.61174705731958], [-117.61498619436915, 33.61174702284407], [-117.61498613129598, 33.61174698656543], [-117.61498606823692, 33.61174695118828], [-117.61498600517787, 33.611746915811224], [-117.61498594211879, 33.61174688043412], [-117.61498587905974, 33.61174684505704], [-117.61498581600074, 33.611746809679964], [-117.61498575292752, 33.611746773401336], [-117.61498568986849, 33.611746738024245], [-117.61498562788694, 33.611746702635315], [-117.61498556481374, 33.61174666635673], [-117.61498550175472, 33.61174663097964], [-117.61498543868157, 33.61174659470096], [-117.61498537669999, 33.61174655931208], [-117.61498531362685, 33.61174652303347], [-117.61498525055372, 33.61174648675484], [-117.61498518857213, 33.611746451365946], [-117.61498512549893, 33.61174641508733], [-117.61498506350328, 33.61174637879685], [-117.61498500043017, 33.61174634251824], [-117.61498493843452, 33.61174630622781], [-117.61498487643884, 33.61174626993737], [-117.61498481336567, 33.61174623365874], [-117.61498475136999, 33.611746197368305], [-117.61498468937434, 33.61174616107789], [-117.61498462630121, 33.611746124799225], [-117.61498456430553, 33.6117460885088], [-117.61498450229571, 33.61174605131681], [-117.61498444030009, 33.61174601502639], [-117.61498437830443, 33.61174597873593], [-117.61498431629467, 33.611745941543965], [-117.61498425322154, 33.61174590526537], [-117.61498419122586, 33.61174586897491], [-117.61498412921608, 33.61174583178294], [-117.6149840682838, 33.61174579457912], [-117.61498400628813, 33.611745758288706], [-117.61498394427838, 33.61174572109674], [-117.61494727111469, 33.61172383919574], [-117.61490936543052, 33.61170122057324], [-117.61490672495782, 33.61169962644259], [-117.61490410457675, 33.611698007745964], [-117.61490150645642, 33.611696365361325], [-117.61489893058273, 33.61169469838723], [-117.61489637590645, 33.611693008638476], [-117.6148938445684, 33.61169129518989], [-117.61489133441361, 33.61168955806516], [-117.61488884868865, 33.611687798130355], [-117.61488638633018, 33.61168601629879], [-117.61488394730995, 33.6116842107675], [-117.61488153273372, 33.61168238332776], [-117.61487914152393, 33.611680533991255], [-117.61487677474399, 33.61167866184475], [-117.61487443242213, 33.61167676869127], [-117.61487211562172, 33.611674853617494], [-117.6148698243569, 33.61167291752494], [-117.61486755862761, 33.61167096041367], [-117.61486531844798, 33.61166898318518], [-117.61486310488144, 33.61166698492614], [-117.6148609179421, 33.611664966538065], [-117.61485875761576, 33.611662927119426], [-117.6148566239448, 33.611660869374916], [-117.61485451690105, 33.611658791501384], [-117.61485243863939, 33.611656693475254], [-117.61485038704723, 33.61165457802473], [-117.61484836423725, 33.61165244242155], [-117.61484636917419, 33.61165028938224], [-117.61484440290745, 33.6116481170919], [-117.61484246546509, 33.611645927353536], [-117.6148405557557, 33.61164371927752], [-117.6148386770398, 33.61164149463137], [-117.61483682607088, 33.61163925254912], [-117.6148350060673, 33.61163699209374], [-117.6148332149305, 33.611634716895026], [-117.61483145477314, 33.61163242422471], [-117.61482972454596, 33.6116301158977], [-117.61482802424892, 33.61162779191405], [-117.61482635497367, 33.611625453163455], [-117.61482471669194, 33.61162309784281], [-117.61482310944604, 33.611620728656746], [-117.61482153429947, 33.611618344692], [-117.61481999017457, 33.61161594596028], [-117.61481847708558, 33.61161353336315], [-117.61481699609583, 33.61161110598729], [-117.6148155472335, 33.6116086656358], [-117.61481413049866, 33.61160621230864], [-117.61481274696874, 33.611603745994046], [-117.61481139558032, 33.61160126760532], [-117.61481007631942, 33.61159877624097], [-117.6148087902775, 33.611596272790685], [-117.61480753746879, 33.611593758156026], [-117.6148063178791, 33.61159123143552], [-117.61480513153663, 33.61158869443215], [-117.61480397842726, 33.61158614624443], [-117.61480285856521, 33.611583587773886], [-117.6148017730137, 33.611581018107124], [-117.61480072181519, 33.61157843994892], [-117.61479970386388, 33.611575851507894], [-117.61479872026545, 33.611573254575276], [-117.61479777099184, 33.61157064734807], [-117.61479685608516, 33.61156803253087], [-117.61479597553151, 33.611565409222166], [-117.6147951293448, 33.611562778323425], [-117.61479431860266, 33.61156013982295], [-117.61479354222746, 33.61155749373244], [-117.61479280129684, 33.61155484004013], [-117.61479209476143, 33.611552180560956], [-117.61479142260711, 33.611549514393325], [-117.614790787003, 33.611546842415216], [-117.61479018579416, 33.61154416465015], [-117.61478962005795, 33.61154148108646], [-117.61478908980857, 33.611538792625545], [-117.61478859398262, 33.61153610018083], [-117.61478813470683, 33.611533401925605], [-117.61478771094606, 33.61153070057635], [-117.61478732268618, 33.61152799523143], [-117.61478696994128, 33.61152528679243], [-117.61478665271143, 33.611522575259386], [-117.61478637099651, 33.61151986063227], [-117.61478612588822, 33.611517143800775], [-117.61478591630897, 33.61151442477683], [-117.61478574225887, 33.61151170356027], [-117.614785603766, 33.61150898195434], [-117.61478550187975, 33.61150625814405], [-117.61478543555076, 33.61150353394427], [-117.61478540477904, 33.611500809355114], [-117.61478541065625, 33.611498085266156], [-117.61478545101322, 33.61149536079961], [-117.61478552909652, 33.61149263682157], [-117.61478564167372, 33.61148991336743], [-117.6147857898364, 33.61148719132692], [-117.61478597467615, 33.61148447158977], [-117.61478619508722, 33.611481752364725], [-117.61478645111201, 33.611479036356386], [-117.61478674381384, 33.61147632265141], [-117.61478707105186, 33.61147361217497], [-117.61478743388945, 33.61147090401371], [-117.61478783343227, 33.61146819995895], [-117.61478826752534, 33.611465500034186], [-117.61483263525535, 33.611200774673655], [-117.61467433159068, 33.610944727908894], [-117.61467593868385, 33.61094254172842], [-117.61467751864232, 33.61094034322136], [-117.61467907142377, 33.610938129683106], [-117.6146805959931, 33.61093590383007], [-117.61468209341365, 33.61093366474889], [-117.61468356260787, 33.610931412451336], [-117.61468500357587, 33.61092914693748], [-117.61468641634579, 33.61092687001036], [-117.614687801981, 33.610924580756674], [-117.61468915832658, 33.61092227919997], [-117.61469048539666, 33.61091996624183], [-117.61469178426864, 33.61091764187048], [-117.61469305495669, 33.61091530698734], [-117.6146942963692, 33.610912960702805], [-117.61469550742872, 33.61091060302865], [-117.61469669031835, 33.610908235744276], [-117.61469784394659, 33.61090585796008], [-117.61469896724998, 33.61090347058928], [-117.61470006130608, 33.6109010736201], [-117.6147011261149, 33.61089866705259], [-117.61470215953545, 33.61089625181192], [-117.61470316480032, 33.61089382786256], [-117.61470413866289, 33.6108913943385], [-117.61470508222888, 33.61088895303093], [-117.61470599657578, 33.610886503928135], [-117.61470687954862, 33.610884047053666], [-117.61470773222487, 33.6108815823957], [-117.61470855460452, 33.61087910995428], [-117.61470934562423, 33.61087663064276], [-117.6147101063756, 33.610874145350806], [-117.61471083684451, 33.61087165317703], [-117.61471153489005, 33.610869155046366], [-117.61471220373062, 33.61086665002204], [-117.61471284017608, 33.61086414084402], [-117.61471344526157, 33.61086162479588], [-117.61471402010696, 33.610859104570444], [-117.61471456362057, 33.61085657927793], [-117.61471507473907, 33.61085404983181], [-117.6147155556034, 33.61085151530678], [-117.61471600407256, 33.61084897662812], [-117.61471642231571, 33.610846434673675], [-117.61471680816379, 33.610843888565554], [-117.61471716164493, 33.6108413401068], [-117.6147174849001, 33.61083878837232], [-117.61471777577424, 33.610836233385676], [-117.61471803537307, 33.61083367693817], [-117.61471826260514, 33.61083111814006], [-117.61471845856182, 33.610828557881135], [-117.61471862322915, 33.61082599525975], [-117.6147187555578, 33.61082343209089], [-117.61471885554782, 33.610820868374496], [-117.61471892426256, 33.610818303197206], [-117.61471896171611, 33.610815737460605], [-117.61471896683106, 33.61081317117652], [-117.61471893962141, 33.61081060524645], [-117.61471888117885, 33.610808040560116], [-117.6147187914751, 33.610805475314486], [-117.61471866946097, 33.61080291132439], [-117.61471851513635, 33.61080034858986], [-117.6147183295929, 33.61079778800065], [-117.61471811281653, 33.6107952286552], [-117.61471786372977, 33.61079267056533], [-117.61471758236077, 33.6107901155341], [-117.61471726978705, 33.61078756354973], [-117.61471692599453, 33.610785013710625], [-117.61471654991979, 33.610782466930196], [-117.61471614373193, 33.61077992408633], [-117.61471570418438, 33.610777384312954], [-117.61471523452367, 33.61077484847608], [-117.61471473260906, 33.61077231750099], [-117.61471419950381, 33.6107697904743], [-117.61471363522207, 33.61076726829753], [-117.61471303976387, 33.61076475097069], [-117.61471241314322, 33.61076223939532], [-117.61471175536025, 33.610759733571406], [-117.61471106640073, 33.61075723259742], [-117.61471034630712, 33.61075473917797], [-117.61470959611448, 33.61075225059667], [-117.61470881478768, 33.610749769569914], [-117.61470800231263, 33.6107472951962], [-117.61470715978089, 33.610744828365135], [-117.61470628611498, 33.61074236908872], [-117.61470538237828, 33.61073991645349], [-117.61470444861315, 33.610737473164065], [-117.61470348371392, 33.610735037429194], [-117.61470248877205, 33.610732610138584], [-117.61470146486513, 33.610730191280496], [-117.6147004098523, 33.610727781780014], [-117.61469932588848, 33.61072538161357], [-117.6146982119103, 33.6107229916945], [-117.61469706788961, 33.61072061021971], [-117.61469589494612, 33.61071823988205], [-117.61469469198836, 33.61071587979174], [-117.61469346117119, 33.61071352992515], [-117.61469220033966, 33.610711190306006], [-117.61469091059955, 33.61070886272544], [-117.61468959193667, 33.610706546281996], [-117.61468824435104, 33.61070424097571], [-117.61468686893424, 33.61070194769617], [-117.61461539640865, 33.61058431695146], [-117.61461448841366, 33.61058283188248], [-117.61461357399618, 33.610581349588905], [-117.61461265209272, 33.61057987098409], [-117.61461172268928, 33.610578395166534], [-117.61461078687731, 33.61057692302588], [-117.614609842502, 33.61057545458576], [-117.6146088906266, 33.61057398893295], [-117.61460793232867, 33.61057252605553], [-117.61460696655892, 33.61057106776831], [-117.6146059932891, 33.610569612268414], [-117.61460501251932, 33.61056815955571], [-117.61460402427765, 33.6105667114333], [-117.61460302961348, 33.610565266086326], [-117.61460202746333, 33.61056382442809], [-117.6146010178273, 33.6105623864586], [-117.61460000070532, 33.61056095217792], [-117.6145989771608, 33.6105595206726], [-117.61459794614443, 33.610558093757604], [-117.61459690870554, 33.61055666961805], [-117.61459586270321, 33.610555249178965], [-117.61459481030654, 33.610553833318484], [-117.61459375148735, 33.61055242023333], [-117.61459268518222, 33.610551010837014], [-117.61459161140527, 33.61054960603094], [-117.61459053120575, 33.6105482040003], [-117.61458944353444, 33.6105468065599], [-117.61458834837718, 33.61054541280835], [-117.61458724788895, 33.61054402272187], [-117.61458613883734, 33.610542636336056], [-117.61458502337726, 33.610541253627126], [-117.61458390152288, 33.6105398754967], [-117.61458277218253, 33.610538501055025], [-117.61458163643375, 33.6105371302903], [-117.61458049321317, 33.61053576411588], [-117.61457934358413, 33.61053440161842], [-117.61457818756074, 33.61053304369946], [-117.6145770240373, 33.61053168856769], [-117.61457585413369, 33.61053033891599], [-117.61457467780751, 33.610528992039654], [-117.6145734940236, 33.610527650655236], [-117.61457230381714, 33.61052631204619], [-117.61457110723043, 33.610524978917134], [-117.61456990315784, 33.61052364947691], [-117.61456869267678, 33.610522323713575], [-117.61456747687886, 33.61052100251699], [-117.61456625253165, 33.61051968592244], [-117.61456502286755, 33.610518373894614], [-117.61456378679507, 33.61051706554374], [-117.61456254325068, 33.61051576178314], [-117.61456129438953, 33.61051446258927], [-117.61456003804241, 33.610513167084115], [-117.61455877530094, 33.6105118761575], [-117.61455750617927, 33.61051059071089], [-117.6145562306491, 33.61050930894127], [-117.61455494871053, 33.61050803084856], [-117.61455366146924, 33.61050675822406], [-117.61455236675606, 33.610505490189894], [-117.61455106564863, 33.61050422673419], [-117.61454975813264, 33.61050296695549], [-117.614548445314, 33.610501712645], [-117.6145471250235, 33.61050046292478], [-117.61454579941612, 33.61049921777125], [-117.61454446741443, 33.6104979771962], [-117.6145431290184, 33.61049674119971], [-117.61454178422807, 33.61049550978165], [-117.6145404341208, 33.61049428293028], [-117.61453907655587, 33.61049306157078], [-117.61453771365997, 33.61049184387644], [-117.61453634546132, 33.61049063165032], [-117.61453496979081, 33.61048942401443], [-117.61453358881758, 33.61048822184683], [-117.61453220145006, 33.610487024257736], [-117.61453080876561, 33.61048583123528], [-117.61452940967276, 33.610484641889805], [-117.61452800529125, 33.6104834589141], [-117.61452659343792, 33.61048228052871], [-117.6145251773593, 33.610481107599675], [-117.61452375488639, 33.610479939249196], [-117.61452232601907, 33.61047877547719], [-117.61452089186315, 33.61047761807495], [-117.61451945237624, 33.61047646433786], [-117.61451800650913, 33.6104753160808], [-117.61451655533922, 33.61047417329194], [-117.61451509777501, 33.61047303508162], [-117.61451363490805, 33.610471902339505], [-117.61451216672421, 33.61047077416405], [-117.6145106921601, 33.6104696514687], [-117.61450921229333, 33.61046853424155], [-117.6145077271096, 33.61046742158106], [-117.61450623663733, 33.61046631529031], [-117.61450473977064, 33.610465213578145], [-117.6145032376012, 33.61046411733414], [-117.61450173012902, 33.610463026558335], [-117.61450021733997, 33.6104619403493], [-117.61449869924813, 33.61046085960843], [-117.61449717585359, 33.6104597843358], [-117.61449564714219, 33.610458713629846], [-117.61449411206465, 33.610457649305474], [-117.61449257276183, 33.61045659043753], [-117.6141620869411, 33.61023017535571], [-117.61415964701395, 33.61022851499329], [-117.61415719436857, 33.61022686829551], [-117.61415472900501, 33.61022523526237], [-117.61415224984584, 33.61022361590565], [-117.614149759046, 33.61022201020175], [-117.61414725552795, 33.61022041816248], [-117.61414473821424, 33.61021883979963], [-117.61414220927396, 33.6102172759912], [-117.61413966869301, 33.61021572583554], [-117.61413711539382, 33.61021418934454], [-117.61413455046807, 33.61021266740792], [-117.61413197283818, 33.610211160037494], [-117.6141293835677, 33.61020966631987], [-117.61412678267055, 33.61020818715663], [-117.61412417014678, 33.61020672254779], [-117.61412154599645, 33.61020527249331], [-117.61411891020539, 33.61020383609163], [-117.61411626387932, 33.6102024151341], [-117.61411360484918, 33.61020100874265], [-117.61411093634739, 33.61019961688208], [-117.61410825623308, 33.61019824047738], [-117.61410556555553, 33.61019687771372], [-117.61410286434298, 33.61019553039415], [-117.61410015259537, 33.61019419851872], [-117.61409743029861, 33.6101928811858], [-117.61409469745276, 33.610191578395494], [-117.61409195407182, 33.61019029104931], [-117.61408920123338, 33.61018901913544], [-117.61408643893732, 33.61018776265384], [-117.61408366609217, 33.610186520714855], [-117.61408088272601, 33.610185295121546], [-117.61407809096575, 33.61018408404716], [-117.61407528976198, 33.61018288930665], [-117.61407247800908, 33.610181709108645], [-117.61406965789017, 33.61018054523278], [-117.61406682831367, 33.610179396789206], [-117.61406399035707, 33.610178263766144], [-117.61406114295707, 33.6101771470769], [-117.61405828717692, 33.610176045808146], [-117.61405542193921, 33.61017495997178], [-117.61405254834956, 33.61017389135893], [-117.61404966852075, 33.61017283724153], [-117.6140467781709, 33.61017179946974], [-117.61404388051844, 33.610170777106646], [-117.6140409745, 33.61016977106564], [-117.614038061193, 33.610168781334856], [-117.61403513952003, 33.61016780792616], [-117.61403221055846, 33.61016685082769], [-117.61402927321686, 33.61016590914977], [-117.61402632966414, 33.61016498377023], [-117.61402337775955, 33.610164075614314], [-117.61402041962977, 33.61016318285535], [-117.61401745421146, 33.610162306406636], [-117.61401448151865, 33.610161447169666], [-117.61401150261486, 33.61016060423119], [-117.6140085174859, 33.610159776689585], [-117.61400552509654, 33.61015896726138], [-117.61400252755948, 33.610158173218224], [-117.613999522748, 33.61015739638695], [-117.6139965117254, 33.61015663585405], [-117.61399349556928, 33.610155891607846], [-117.61399047321609, 33.61015516456163], [-117.61398744572935, 33.61015445380208], [-117.61398441204561, 33.610153760242476], [-117.61398137324231, 33.610153083871126], [-117.61397832822801, 33.61015242379823], [-117.61397527915757, 33.610151780000194], [-117.61397222496757, 33.610151153390305], [-117.61396916565808, 33.61015054396869], [-117.61396610122905, 33.610149951735224], [-117.61396303274392, 33.61014937577662], [-117.61395996021673, 33.61014881699442], [-117.61395688256998, 33.61014827540044], [-117.61395380088122, 33.6101477509829], [-117.6139507151363, 33.61014724284013], [-117.61394762536345, 33.610146752775336], [-117.6139445315344, 33.61014627898538], [-117.61394143474081, 33.610145822360096], [-117.6139383339052, 33.6101453829112], [-117.61393523010491, 33.61014496062688], [-117.6139321222626, 33.61014455551898], [-117.61392901254735, 33.61014416846543], [-117.61392589877583, 33.61014379768675], [-117.6139227820398, 33.61014344407264], [-117.61391966341662, 33.61014310761139], [-117.61391654184295, 33.610142789216226], [-117.61391341729059, 33.610142487084154], [-117.61391029194263, 33.610142202994666], [-117.61390716253857, 33.61014193518], [-117.61390403233891, 33.6101416854079], [-117.6139009002522, 33.61014145278865], [-117.61389776521492, 33.6101412382355], [-117.61389462935388, 33.61014103992187], [-117.61389149269729, 33.61014085965077], [-117.61388835307613, 33.61014069654429], [-117.61388521372277, 33.61014055056698], [-117.61388207248227, 33.61014042174256], [-117.6138789304321, 33.610140310059066], [-117.61387578758634, 33.61014021641824], [-117.61358432602037, 33.610132317203025], [-117.61358314099999, 33.61013227426561], [-117.6135819577822, 33.61013220876616], [-117.61358077747282, 33.610132122495834], [-117.61357959898008, 33.6101320145649], [-117.61357842339575, 33.61013188586311], [-117.613577251769, 33.61013173457553], [-117.61357608412804, 33.61013156250539], [-117.61357492153626, 33.610131368739204], [-117.61357376400775, 33.610131154178625], [-117.61357261152841, 33.61013091792205], [-117.61357146734484, 33.610130660835644], [-117.613570329302, 33.61013038294306], [-117.61356919847735, 33.610130084232395], [-117.61356807593437, 33.61012976379045], [-117.61356696171522, 33.61012942432175], [-117.61356585686927, 33.61012906401142], [-117.61356476248812, 33.61012868374926], [-117.6135636774942, 33.61012828354703], [-117.61356293692754, 33.61012799409126], [-117.61346952016528, 33.610109118578], [-117.61314995826771, 33.6114011956825], [-117.6126694385585, 33.611317995916146], [-117.61254194108881, 33.61183347948796], [-117.61253190620106, 33.61187380485491], [-117.61252175890623, 33.61191410980889], [-117.61251149920413, 33.61195439435004], [-117.61250112278462, 33.611994658525305], [-117.61249063286607, 33.612034901397806], [-117.6124800294482, 33.61207512296754], [-117.61246931255909, 33.61211532503756], [-117.61245848107883, 33.612155504914966], [-117.61244753608474, 33.61219566258799], [-117.61243647543577, 33.61223579898166], [-117.61242530341367, 33.612275912245714], [-117.61241401790552, 33.61231600510841], [-117.61240261886878, 33.61235607486501], [-117.6123911063176, 33.61239612241709], [-117.61237947914604, 33.61243614597327], [-117.6123677395231, 33.61247614641145], [-117.612355886357, 33.61251612284198], [-117.61234392076729, 33.612556077957514], [-117.61233183946514, 33.61259600818731], [-117.6123196478378, 33.61263591347239], [-117.61230734268088, 33.612675795651136], [-117.61229492502936, 33.61271565200715], [-117.61228563210699, 33.612745189459005], [-117.6122697501577, 33.61279529178191], [-117.61225699292307, 33.61283507429919], [-117.61224412319342, 33.612874830993526], [-117.61223114204599, 33.6129145618532], [-117.61221804624817, 33.61295426691338], [-117.61220483904643, 33.61299394704037], [-117.61219152147588, 33.61303359951775], [-117.61217809033202, 33.61307322618376], [-117.61216454667819, 33.61311282612513], [-117.61215089050006, 33.613152398440306], [-117.61213712287507, 33.61319194311745], [-117.61212324275374, 33.613231461971395], [-117.61210925009368, 33.61327095229741], [-117.61209514598632, 33.61331041498535], [-117.61208093150908, 33.61334985002327], [-117.61206660555615, 33.61338925561989], [-117.61205216706388, 33.61342863268853], [-117.61203761713791, 33.613467983020364], [-117.61202295572166, 33.613507303009285], [-117.61200818282923, 33.61354659355674], [-117.61199329847447, 33.61358585556421], [-117.61197830262905, 33.61362508722863], [-117.61196319638454, 33.61366428943968], [-117.61194797972666, 33.61370346129578], [-117.61193265157782, 33.61374260280876], [-117.61191721301532, 33.61378171396665], [-117.61190166294746, 33.61382079387978], [-117.61188600246575, 33.61385984343776], [-117.61187023155595, 33.61389886173912], [-117.61185434914036, 33.61393784879551], [-117.61183835737397, 33.61397680458337], [-117.61182225624255, 33.614015728201146], [-117.61180604466847, 33.61405461966046], [-117.611789721574, 33.614093478973224], [-117.61177328910006, 33.614132305214156], [-117.61175674726057, 33.61417109928479], [-117.61174009388625, 33.61420986030714], [-117.6117233322096, 33.61424858824577], [-117.61170646007547, 33.6142872831242], [-117.61168947963866, 33.614325944918924], [-117.61167238979353, 33.614364571838436], [-117.61165518949039, 33.61440316569771], [-117.61163787977867, 33.61444172468173], [-117.61162046173568, 33.61448024877876], [-117.61160293322033, 33.61451873891375], [-117.61158529637349, 33.61455719416164], [-117.61156755119501, 33.61459561452238], [-117.6115496987483, 33.614633999082564], [-117.61153173581462, 33.61467234877906], [-117.61151366453493, 33.61471066268672], [-117.6114954838174, 33.61474893991568], [-117.61147719583117, 33.614787181343914], [-117.6114587984069, 33.614825386093436], [-117.61144029371364, 33.614863555042156], [-117.6114216817372, 33.61490168728847], [-117.6114029613858, 33.61493978194256], [-117.61138413267349, 33.61497783990594], [-117.61136519664949, 33.6150158593637], [-117.61134615225023, 33.61505384122912], [-117.61132699948962, 33.61509178640365], [-117.6113077404946, 33.615129693060695], [-117.61128837526493, 33.615167561200124], [-117.61126890164552, 33.61520539084547], [-117.6112493217912, 33.61524318197314], [-117.61122963354688, 33.615280934606595], [-117.61120983903942, 33.615318646919185], [-117.6111899372192, 33.615356320725716], [-117.61116992914967, 33.61539395511287], [-117.61114981481663, 33.615431549178965], [-117.61112959529747, 33.61546910291225], [-117.61110926845107, 33.61550661723772], [-117.61108883424927, 33.61554409035225], [-117.61106829487508, 33.61558152403542], [-117.61104764813115, 33.61561891560589], [-117.61102689727817, 33.61565626683156], [-117.61100604014679, 33.61569357683427], [-117.61130221566722, 33.61580983254207], [-117.61127952306191, 33.615850169793575], [-117.61125670789895, 33.615890458785834], [-117.61123377125568, 33.615930699507096], [-117.61121071420955, 33.61597089194553], [-117.61118753351374, 33.61601103523472], [-117.61116423347826, 33.61605112932765], [-117.61114081301142, 33.616091173334425], [-117.61111727106369, 33.61613116906983], [-117.61109360867023, 33.61617111381739], [-117.61106982585915, 33.616211009380145], [-117.6110459215245, 33.61625085396672], [-117.61102189783544, 33.61629064845502], [-117.6109977547777, 33.61633039194348], [-117.61097349125959, 33.61637008354218], [-117.61094910835857, 33.616409723239386], [-117.6109246050391, 33.616449313751325], [-117.61089998123074, 33.61648885057035], [-117.6108752402083, 33.61652833636559], [-117.61085037977429, 33.61656776845591], [-117.6108254010343, 33.616607148632575], [-117.61080030181901, 33.616646476017564], [-117.61077508534697, 33.61668574967386], [-117.61074974839943, 33.616724970538264], [-117.61072429525836, 33.61676413676061], [-117.61069872271912, 33.61680325017919], [-117.6106730339861, 33.6168423089555], [-117.61064722582664, 33.61688131312477], [-117.61062130040965, 33.616920263565056], [-117.6105952566295, 33.616959158484825], [-117.61056909664103, 33.61699799786054], [-117.6105428183032, 33.61703678261719], [-117.61051642482045, 33.61707551091634], [-117.61048991405158, 33.617114183682986], [-117.6104632859824, 33.61715280001548], [-117.61043654062692, 33.617191360815305], [-117.61040968011203, 33.61722986425583], [-117.61038270337414, 33.61726831125019], [-117.6103556114766, 33.61730670088512], [-117.61032840226423, 33.617345033184], [-117.61030107789205, 33.61738330812318], [-117.61027363726832, 33.61742152481294], [-117.6102460825481, 33.61745968322955], [-117.61021841266773, 33.61749778428637], [-117.61019062866264, 33.61753582526681], [-117.61016272841962, 33.617573808899], [-117.61013471405165, 33.617611732454776], [-117.61010658449503, 33.61764959684728], [-117.61007834190494, 33.617687402052916], [-117.61004998518949, 33.61772514718183], [-117.61002151436278, 33.617762833135586], [-117.60999293047412, 33.617800458099126], [-117.60996423244595, 33.617838022084236], [-117.6099354192145, 33.6178755260041], [-117.60990649507605, 33.61791296891005], [-117.60987745893883, 33.617950349912235], [-117.60984830866165, 33.61798766993569], [-117.60981904639965, 33.61802492895671], [-117.60978966996943, 33.61806212519572], [-117.6097613093752, 33.61809783967966], [-117.60973058325273, 33.618136331036446], [-117.6097008729521, 33.61817333973641], [-117.6096710506521, 33.618210286532154], [-117.60964111632461, 33.61824716962037], [-117.60961106996953, 33.61828398900107], [-117.60958091375599, 33.618320745552175], [-117.60955064765582, 33.61835743747048], [-117.60952026952788, 33.61839406568105], [-117.60948978043555, 33.618430629270456], [-117.60945918145637, 33.618467128226904], [-117.60942847260436, 33.61850356345176], [-117.60939765385135, 33.618539933141975], [-117.60936672627473, 33.61857623728565], [-117.60933568881107, 33.61861247679605], [-117.6093045414321, 33.61864864986997], [-117.60927328415184, 33.61868475740883], [-117.60924191803366, 33.618720798499346], [-117.60921044523286, 33.61875677311786], [-117.60917886359407, 33.61879268128787], [-117.60914717203966, 33.61882852302101], [-117.6091153726967, 33.61886429649055], [-117.60908346559316, 33.618900003499604], [-117.60905145179252, 33.618935643134705], [-117.60901933021722, 33.61897121540758], [-117.60898710190253, 33.619006717601806], [-117.60895476476358, 33.61904215424836], [-117.60892232089921, 33.61907752171767], [-117.60888977138691, 33.61911281999781], [-117.60885711622683, 33.61914804908871], [-117.60882435327758, 33.619183209915306], [-117.60879148466633, 33.61921830065101], [-117.60875850932935, 33.619253322209], [-117.6087254294079, 33.619288273664075], [-117.60869224491584, 33.619323155917826], [-117.60865895474747, 33.61935796717869], [-117.60862555891686, 33.61939270834824], [-117.60859205740987, 33.619427378524826], [-117.6085584523957, 33.619461978586415], [-117.6085247438462, 33.619496506729824], [-117.60849093069774, 33.61953096386825], [-117.60823832883189, 33.619357012310296], [-117.60720885203051, 33.62040336900814], [-117.60708255423368, 33.620316392880035], [-117.60500326884679, 33.62242966288182], [-117.60480118830557, 33.62229049790206], [-117.60472064612047, 33.622372964028465], [-117.60232307164898, 33.624827730515285]]], [[[-117.58963274988405, 33.63595035662672], [-117.58963482369337, 33.63595034245327], [-117.58963689650804, 33.63595033370065], [-117.58963897048352, 33.63595033034564], [-117.58964104346435, 33.635950332411404], [-117.58964311760607, 33.635950339874796], [-117.58964519075303, 33.63595035275898], [-117.58964726398315, 33.635950371052324], [-117.58964933729632, 33.63595039475491], [-117.58965141070645, 33.63595042476819], [-117.5896534841858, 33.635950459289184], [-117.58965555667048, 33.635950499230894], [-117.58965763032987, 33.63595054547183], [-117.58965970299458, 33.635950597133515], [-117.58966177357296, 33.63595065332604], [-117.58966384640382, 33.63595071580612], [-117.58966591824002, 33.635950783707], [-117.58966799014547, 33.635950856115585], [-117.58967006107007, 33.6359509348464], [-117.58967213207771, 33.635951018986496], [-117.58967420316854, 33.63595110853575], [-117.58967627326462, 33.635951203505805], [-117.58967834345762, 33.63595130478656], [-117.58968041371993, 33.635951410575], [-117.58968248298753, 33.635951521784236], [-117.58968455126036, 33.635951638414234], [-117.58968661963021, 33.635951761355], [-117.58968868806929, 33.63595188880339], [-117.58969075552751, 33.63595202257416], [-117.5896928219772, 33.63595216086415], [-117.58969488852382, 33.63595230546492], [-117.58969695406194, 33.63595245458488], [-117.589699019697, 33.635952610015565], [-117.5897010854013, 33.63595276995392], [-117.58970314904693, 33.635952936226225], [-117.58970521277568, 33.635953107907696], [-117.58970727550975, 33.635953285009975], [-117.58970933723532, 33.63595346663145], [-117.58971139905775, 33.635953654563714], [-117.58971345988556, 33.635953847916774], [-117.58971551971864, 33.6359540466906], [-117.58971757855706, 33.635954250885185], [-117.58971963747852, 33.63595446048903], [-117.58972169431367, 33.63595467462365], [-117.58972375124578, 33.63595489506904], [-117.58972580718321, 33.635955120935186], [-117.58972786212598, 33.635955352222126], [-117.589729916074, 33.63595558892986], [-117.58973197010518, 33.63595583104679], [-117.58973402206384, 33.635956078596145], [-117.58973607302781, 33.63595633156621], [-117.58973812407486, 33.63595658994553], [-117.58974017304948, 33.635956853757186], [-117.58974222210723, 33.635957122978006], [-117.58974426909242, 33.635957397631266], [-117.58974631508298, 33.63595767770532], [-117.58974836114275, 33.635957962286945], [-117.58975040514393, 33.635958253202546], [-117.58975244815038, 33.63595854953894], [-117.58975449016216, 33.63595885129612], [-117.58975653116542, 33.63595915757252], [-117.58975857118784, 33.635959470171244], [-117.58976060913777, 33.63595978820235], [-117.5897626460792, 33.63596011075275], [-117.58976468203974, 33.63596043962539], [-117.5897667169918, 33.63596077301737], [-117.58976875096299, 33.635961112731586], [-117.58977078284781, 33.63596145697672], [-117.58977281373805, 33.63596180664255], [-117.58977484364735, 33.63596216263075], [-117.58977687147039, 33.63596252314978], [-117.58977889829872, 33.63596288908962], [-117.58978092413238, 33.63596326045016], [-117.58978294789353, 33.63596363724319], [-117.58978497064618, 33.63596401855543], [-117.58978699241803, 33.63596440618998], [-117.58978901211736, 33.63596479925688], [-117.58979102973038, 33.63596519685462], [-117.58979304636252, 33.63596560077473], [-117.58979506198621, 33.63596600921404], [-117.58979707553736, 33.63596642308578], [-117.58979908809387, 33.63596684237823], [-117.5898010975001, 33.635967267114715], [-117.58980310697557, 33.63596769635881], [-117.58980511439248, 33.63596813193684], [-117.58980711973685, 33.63596857294721], [-117.5898091240727, 33.635969018476864], [-117.58981112525831, 33.63596946945048], [-117.59026140742196, 33.6360715551892], [-117.59026309107392, 33.63607196628892], [-117.5902647727089, 33.63607238642717], [-117.59026645018511, 33.636072816528674], [-117.59026812459416, 33.63607325748335], [-117.59026979483059, 33.636073707499826], [-117.59027146199993, 33.63607416836948], [-117.59027312391878, 33.63607463831247], [-117.59027478275675, 33.636075118207124], [-117.59027643743589, 33.63607560806503], [-117.59027808795625, 33.63607610788623], [-117.59027973324001, 33.63607661768226], [-117.59028137544279, 33.63607713742998], [-117.59028301239519, 33.63607766625097], [-117.59028464411101, 33.63607820504685], [-117.59028627274587, 33.63607875379444], [-117.59028789506631, 33.636079312528395], [-117.59028951429194, 33.636079880312614], [-117.59029112721707, 33.636080458984715], [-117.59029273595574, 33.63608104581702], [-117.59029433945783, 33.63608164262422], [-117.59029593772335, 33.636082249406186], [-117.59029753073838, 33.636082865261585], [-117.59029911850307, 33.63608349019022], [-117.59030070103113, 33.636084125093724], [-117.5903022783088, 33.63608476907058], [-117.59030385034991, 33.63608542302228], [-117.59030541606278, 33.63608608605889], [-117.59030697652524, 33.63608675816881], [-117.59030853065947, 33.636087439363614], [-117.59031007954327, 33.63608812963179], [-117.5903116221127, 33.63608882988636], [-117.59031315834012, 33.63608953832432], [-117.59031468933088, 33.63609025673715], [-117.59031621399349, 33.6360909842349], [-117.59031773232782, 33.636091720817525], [-117.59031924433398, 33.63609246648511], [-117.59032074999806, 33.636093220336036], [-117.59032224826997, 33.63609398418498], [-117.5903237412776, 33.636094756205715], [-117.59032522687917, 33.63609553732298], [-117.59032670615255, 33.63609632752512], [-117.59032817908394, 33.636097125910695], [-117.59032964460921, 33.636097933392655], [-117.59033110380628, 33.63609874995963], [-117.59033255558349, 33.63609957472158], [-117.59033399995467, 33.63610040857998], [-117.59033543690596, 33.636101250633345], [-117.5903368675291, 33.63610210177162], [-117.59033829071848, 33.63610296020337], [-117.59033970651568, 33.63610382863308], [-117.59034111487918, 33.63610470435627], [-117.59034251583667, 33.636105589175955], [-117.59034390936037, 33.6361064812891], [-117.59034529440031, 33.63610738251026], [-117.59034667202037, 33.636108291926405], [-117.59034804222053, 33.63610920953755], [-117.590349404987, 33.63611013444215], [-117.59035075926964, 33.636111068454795], [-117.59035210505459, 33.63611201067399], [-117.59035344340585, 33.63611296018665], [-117.59035477433719, 33.63611391789423], [-117.59035609567924, 33.63611488291848], [-117.59035740961527, 33.636115857039165], [-117.59035871502591, 33.63611683756337], [-117.59036001195274, 33.63611782719565], [-117.59036130035418, 33.636118823231435], [-117.59036258027182, 33.63611982837536], [-117.59036385274185, 33.63612083991111], [-117.59036511455865, 33.636121859676585], [-117.5903663689417, 33.63612288673553], [-117.59036761481322, 33.63612392109951], [-117.5903688510954, 33.63612496278009], [-117.59037007886607, 33.63612601176567], [-117.5903712970474, 33.63612706806787], [-117.5903725067172, 33.636128131675065], [-117.59037370787553, 33.63612920258733], [-117.59037489836666, 33.63613028082774], [-117.59037608033243, 33.636131365471705], [-117.59037725380055, 33.63613245832221], [-117.59037841765162, 33.63613355668621], [-117.5903795719272, 33.636134663268386], [-117.59038071658576, 33.636135775364096], [-117.59038185166885, 33.63613689567799], [-117.59038297713487, 33.63613802150537], [-117.59038409301156, 33.636139154649406], [-117.5903851992851, 33.63614029420845], [-117.59038629595544, 33.63614144018263], [-117.59038738303643, 33.63614259347344], [-117.59038845942261, 33.63614375228934], [-117.59038952728336, 33.63614491750873], [-117.59039058446318, 33.636146089154785], [-117.59039163097582, 33.63614726812907], [-117.59039266893541, 33.636148451703725], [-117.59039369515006, 33.63614964261825], [-117.59039471174759, 33.63615083904622], [-117.590395718742, 33.63615204188934], [-117.59039671504159, 33.636153250257536], [-117.59039770066015, 33.63615446505245], [-117.59039867772566, 33.63615568444775], [-117.59042041574696, 33.63612850914382], [-117.59048033522858, 33.63605360984681], [-117.59071833036279, 33.63575610793562], [-117.59076807770143, 33.6356720314166], [-117.59095878578103, 33.635349718239965], [-117.59126349004009, 33.63487520569476], [-117.59129783902844, 33.63482955687974], [-117.59143500026352, 33.63464728323955], [-117.5910052564945, 33.63430519839143], [-117.5907679113761, 33.634513822708946], [-117.59068818274508, 33.63458390293924], [-117.59030169504729, 33.63427624575261], [-117.58989091342079, 33.633949247630945], [-117.59067241970055, 33.63326231610005], [-117.59068360423335, 33.63325248550925], [-117.5907666749878, 33.63331861355661], [-117.5909453929994, 33.63346087727819], [-117.59219555158774, 33.63236197161786], [-117.59244581821673, 33.63256118975908], [-117.5930499448616, 33.63304207595519], [-117.5934120888902, 33.63275152349981], [-117.5939539974319, 33.63233910704302], [-117.59484864546558, 33.63155265516366], [-117.59486273946476, 33.63154029240772], [-117.59487686835087, 33.63152795542262], [-117.59489102996847, 33.63151564423168], [-117.59490522433138, 33.6315033597364], [-117.59491945036201, 33.631491101948384], [-117.59493371020176, 33.63147886994286], [-117.59494800172305, 33.63146666554613], [-117.59496232706746, 33.63145448783334], [-117.59497668298785, 33.63144233593786], [-117.59499107274524, 33.63143021162796], [-117.59500549417024, 33.631418114025195], [-117.59501994726283, 33.63140604312968], [-117.59503443310084, 33.631393998929674], [-117.59504895062031, 33.63138198233842], [-117.59506350088516, 33.63136999244271], [-117.59507808281764, 33.63135802925414], [-117.59509269644556, 33.63134609457579], [-117.59510734064945, 33.63133418571465], [-117.5951220176265, 33.63132230535214], [-117.59513672627118, 33.6313104516967], [-117.59515146659737, 33.631298625649876], [-117.59516623752734, 33.63128682722334], [-117.59518104121656, 33.63127505639383], [-117.59519587550965, 33.63126331318454], [-117.59521074040647, 33.631251597595444], [-117.59522563698484, 33.63123990961497], [-117.59524056525864, 33.63122825014459], [-117.59525552304461, 33.63121661740449], [-117.59527051360377, 33.63120501316288], [-117.59528553368901, 33.63119343655306], [-117.59530058545575, 33.63118188755179], [-117.59531566677633, 33.63117036798538], [-117.59533077977852, 33.631158876027435], [-117.59534592338451, 33.631147411689696], [-117.59536109653048, 33.63113597588519], [-117.5953763013719, 33.63112456859071], [-117.59539153575332, 33.631113189829506], [-117.59540680073854, 33.63110183868839], [-117.59542209527771, 33.63109051698212], [-117.59543742149842, 33.63107922288417], [-117.59545277511752, 33.63106795824434], [-117.59546816043218, 33.63105672211445], [-117.5954835752868, 33.631045514517744], [-117.59549902075918, 33.63103433544262], [-117.59551449470769, 33.63102318581381], [-117.59552999927402, 33.63101206470659], [-117.59554553338035, 33.631000972132526], [-117.59556109596288, 33.630989909004775], [-117.59557668916317, 33.630978874398544], [-117.59559231083969, 33.63096786923859], [-117.59560796207013, 33.63095689351337], [-117.59562364284069, 33.63094594632119], [-117.5956393520874, 33.63093502857529], [-117.59565509088812, 33.630924140264035], [-117.59567085924276, 33.630913281387386], [-117.59568665499593, 33.630902451968666], [-117.59570248031697, 33.630891652885985], [-117.59571833516418, 33.63088088143487], [-117.59573421743774, 33.63087014124469], [-117.59575012925139, 33.63085942958751], [-117.59576606847746, 33.630848748289694], [-117.59578203725755, 33.63083809642644], [-117.5957980334362, 33.63082747402094], [-117.59581405810499, 33.630816881963185], [-117.59583011232786, 33.63080631933993], [-117.59584619180772, 33.63079578709928], [-117.59586230085552, 33.63078528519463], [-117.59587843837967, 33.63077481273607], [-117.59589460331622, 33.63076437063684], [-117.59591079565142, 33.63075395799529], [-117.59592701541301, 33.63074357661459], [-117.59594326365098, 33.63073322467993], [-117.59595953930146, 33.630722903104534], [-117.59597584237835, 33.63071261278991], [-117.59599217177615, 33.63070235194457], [-117.59600852966423, 33.630692121446856], [-117.59602491497878, 33.63068192220977], [-117.59604132662811, 33.63067175334359], [-117.59605776461231, 33.63066161484825], [-117.5960742310868, 33.630651506700374], [-117.59609072391012, 33.63064142982485], [-117.5961072430821, 33.63063138422165], [-117.59612378965282, 33.630621368076035], [-117.59614036258628, 33.63061138410429], [-117.59615696185455, 33.630601430503255], [-117.59617358745778, 33.63059150727301], [-117.59619024050141, 33.6305816162049], [-117.59620691880227, 33.63057175551918], [-117.59622362452963, 33.63056192609404], [-117.59624035443652, 33.63055212706289], [-117.59625711178387, 33.630542360193914], [-117.59627389441629, 33.63053262551033], [-117.59629070338362, 33.630522921197375], [-117.59630753759431, 33.63051324636516], [-117.59632439818171, 33.63050360460825], [-117.59634128404025, 33.63049399413515], [-117.59635819626163, 33.63048441583581], [-117.59637513266257, 33.630474867930324], [-117.59639209542638, 33.63046535219851], [-117.59640493030669, 33.63045803429235], [-117.59641777836815, 33.63045073247284], [-117.59643064068848, 33.63044344672834], [-117.59644351404845, 33.63043617799538], [-117.59645640168112, 33.63042892623893], [-117.59646930358666, 33.63042169145904], [-117.59648221865939, 33.63041447186424], [-117.59649514586336, 33.63040727017079], [-117.59650808732621, 33.63040008455237], [-117.59652104198416, 33.630392915922144], [-117.59653400983723, 33.63038576428006], [-117.5965469908714, 33.630378628724586], [-117.59655998511457, 33.63037151105884], [-117.59657299252503, 33.630364408578195], [-117.59658601314446, 33.630357323987226], [-117.59659904588136, 33.63035025639604], [-117.59661209287711, 33.630343204879836], [-117.59662515306793, 33.63033617035174], [-117.59663822429846, 33.630329152835124], [-117.5966513087241, 33.63032215230658], [-117.5966644074226, 33.630315168754606], [-117.59667751822457, 33.630308201300814], [-117.59669064223564, 33.63030125173669], [-117.59670377836402, 33.63029431917234], [-117.59671692767368, 33.63028740269457], [-117.5967300901924, 33.6302805041064], [-117.59674326481462, 33.63027362161648], [-117.59675645264596, 33.6302667570162], [-117.59676965258072, 33.630259908514134], [-117.59678286572468, 33.63025307790172], [-117.59679609097208, 33.63024626338749], [-117.59680932835083, 33.63023946677451], [-117.59682257892486, 33.63023268714962], [-117.596835842694, 33.630225924512835], [-117.59684911750288, 33.63021917888738], [-117.5968624044292, 33.63021245026167], [-117.59687570456468, 33.63020573952556], [-117.59688901788148, 33.63019904487596], [-117.59690234225188, 33.630192368139255], [-117.59691567981751, 33.630185708390655], [-117.59692902842296, 33.630179065653344], [-117.5969423902375, 33.63017244080566], [-117.59695576416954, 33.63016583295766], [-117.59696915021917, 33.630159242109315], [-117.59698254838618, 33.630152668260685], [-117.59699595868472, 33.630146112313234], [-117.59700938110079, 33.63013957336548], [-117.59702281564827, 33.630133052319025], [-117.5970362623133, 33.63012654827208], [-117.59704972001816, 33.63012006123656], [-117.59706318985445, 33.63011359210219], [-117.59707667182224, 33.63010714086903], [-117.59709016589365, 33.630100705734], [-117.59710367209658, 33.63009428850014], [-117.5971171893393, 33.63008788827752], [-117.59713071979127, 33.630081505944545], [-117.59714426020534, 33.63007514063443], [-117.59715781382867, 33.630068793213894], [-117.59717137850579, 33.63006246370612], [-117.59718495422275, 33.63005615120963], [-117.59719854207125, 33.630049856614335], [-117.59721214203736, 33.63004357901864], [-117.59722575305726, 33.63003731933571], [-117.5972393772725, 33.63003107664081], [-117.5972530104001, 33.63002485278352], [-117.59726665563134, 33.63001864502426], [-117.59728031193038, 33.63001245607943], [-117.59729398034699, 33.63000628413407], [-117.59730766089521, 33.630000130089876], [-117.59732135141957, 33.629993993970174], [-117.59733505406157, 33.629987874850016], [-117.59734876775741, 33.62998177364259], [-117.59736249250714, 33.629975690348004], [-117.5973762283108, 33.629969624966144], [-117.59738997623207, 33.629963576583826], [-117.59740373412954, 33.62995754612597], [-117.59741750309477, 33.62995153448235], [-117.59743128416383, 33.62994553893679], [-117.597445075223, 33.62993956221722], [-117.5974588794915, 33.629933603386995], [-117.59747269158076, 33.6299276625045], [-117.59748651686547, 33.62992173860991], [-117.59750035214036, 33.6299158335412], [-117.59751419845522, 33.62990994548373], [-117.59752805474628, 33.629904075350595], [-117.597541923169, 33.62989822311854], [-117.59755580158193, 33.629892389712424], [-117.5975696910349, 33.6298865733175], [-117.59758359154182, 33.62988077483524], [-117.59759750203888, 33.62987499517885], [-117.59761142357603, 33.629869232533636], [-117.5976253561672, 33.62986348780115], [-117.5976392987485, 33.62985776189461], [-117.59765325129226, 33.629852053010815], [-117.59766721598159, 33.629846362929584], [-117.59768119064724, 33.629840690772674], [-117.59769517421145, 33.6298350365518], [-117.59770916882971, 33.62982940024359], [-117.59772317450201, 33.62982378184808], [-117.59784143704623, 33.62958108982436], [-117.59793101283744, 33.62916389449217], [-117.59838649365803, 33.62855520099808], [-117.59811678090362, 33.628555219748314], [-117.59811775057314, 33.62855128690562], [-117.59811872241188, 33.62854735494113], [-117.5981196964199, 33.628543423854794], [-117.59812067149159, 33.6285394918553], [-117.59812164873256, 33.628535560734036], [-117.5981226281288, 33.62853162958941], [-117.59812360861666, 33.62852769933468], [-117.5981245901821, 33.62852376906827], [-117.59812557605828, 33.628519838755246], [-117.59812656194829, 33.62851590934373], [-117.59812754891591, 33.62851197992057], [-117.59812853805282, 33.62850805137559], [-117.5981295293311, 33.62850412190571], [-117.5981305217149, 33.628500194227314], [-117.59813151624003, 33.628496265624], [-117.59813251185675, 33.6284923379106], [-117.59813350962878, 33.62848841017388], [-117.59813450957003, 33.62848448331534], [-117.59813551058899, 33.62848055644513], [-117.59813651376324, 33.628476629551585], [-117.59813751801504, 33.628472702646384], [-117.59813852443614, 33.628468776619414], [-117.59813953087102, 33.628464851493945], [-117.59814054161669, 33.628460926321836], [-117.59814155236229, 33.628457001149734], [-117.5981425652632, 33.628453075954305], [-117.59814358033334, 33.62844915163707], [-117.5981445975588, 33.628445227296545], [-117.59814561587582, 33.62844130384583], [-117.5981466352705, 33.62843738038345], [-117.5981476568204, 33.628433456897845], [-117.59814868053958, 33.62842953429033], [-117.5981497053364, 33.62842561167115], [-117.59815073228857, 33.62842168902871], [-117.59815176140994, 33.62841776726448], [-117.59815279160892, 33.62841384548858], [-117.59815382396323, 33.62840992368929], [-117.59815485740906, 33.628406002779904], [-117.59815589301022, 33.62840208184719], [-117.59815692970292, 33.62839816180439], [-117.59815796855098, 33.628394241738185], [-117.59815900955435, 33.62839032164873], [-117.59816005164922, 33.628386402449095], [-117.59816109589947, 33.62838248322618], [-117.59816214124118, 33.628378564893076], [-117.59816318872429, 33.62837464563515], [-117.59816423731294, 33.628370728168576], [-117.59816528804292, 33.62836680977721], [-117.59816634095611, 33.62836289316552], [-117.59816739491903, 33.62835897473913], [-117.59816845106509, 33.62835505809246], [-117.59816950828882, 33.62835114143419], [-117.59817056768182, 33.62834722565401], [-117.59817162923005, 33.62834330985057], [-117.59817269185592, 33.62833939403549], [-117.5981737566371, 33.62833547819705], [-117.5981748225098, 33.62833156324847], [-117.5981758905518, 33.628327649178125], [-117.59817695967136, 33.62832373509607], [-117.59817803094627, 33.628319820990725], [-117.5981791043765, 33.628315906862035], [-117.59818017889823, 33.62831199362321], [-117.59818125558924, 33.628308081262624], [-117.59818233334389, 33.62830416798881], [-117.59818341326776, 33.62830025559321], [-117.59818449536091, 33.62829634407582], [-117.59818557853168, 33.62829243254677], [-117.59818666278008, 33.628288521006034], [-117.59818775026145, 33.628284609430274], [-117.59818883775665, 33.628280698756086], [-117.5981899284988, 33.628276788948455], [-117.59819102031858, 33.62827287912913], [-117.59819211321596, 33.62826896929815], [-117.59819320826864, 33.62826505944382], [-117.59819430549054, 33.628261150467715], [-117.59819540380398, 33.628257242381515], [-117.59819650425884, 33.62825333337038], [-117.59819760689686, 33.62824942613904], [-117.59819871059852, 33.628245517994486], [-117.59819981539172, 33.62824161073978], [-117.59820092234027, 33.628237703461764], [-117.598202031458, 33.62823379706193], [-117.59820314165339, 33.62822989065046], [-117.59820425401799, 33.62822598511715], [-117.59820536853788, 33.628222079560594], [-117.5982064841354, 33.628218173992316], [-117.59820760082444, 33.62821426931387], [-117.59820871966879, 33.62821036461216], [-117.59820984066846, 33.628206459887075], [-117.59821096383736, 33.628202556040186], [-117.59821208700612, 33.628198652193355], [-117.59821321342189, 33.62819474921302], [-117.59821434091526, 33.62819084622102], [-117.59821547057783, 33.62818694410728], [-117.59821660131799, 33.62818304198179], [-117.5982177342135, 33.628179139832966], [-117.59821886820048, 33.62817523857406], [-117.59822000434282, 33.62817133729182], [-117.59822114156275, 33.62816743599791], [-117.59796294901307, 33.62783901610508], [-117.59807983243115, 33.627724822339005], [-117.59839683344077, 33.627415112161756], [-117.59855320417026, 33.62726233925962], [-117.5988012224044, 33.62673410385383], [-117.59893448916539, 33.626471341508065], [-117.59923594922655, 33.625939057834195], [-117.59958781703251, 33.626088554486344], [-117.5996057128387, 33.62609615762007], [-117.59977004214606, 33.6258423137853], [-117.59994000059204, 33.62559107774125], [-117.60002855596329, 33.62546568237471], [-117.6001155258728, 33.62534253489895], [-117.60012670681279, 33.62532710485481], [-117.60013791816058, 33.625311689808925], [-117.60014915883872, 33.62529628977295], [-117.60016042884708, 33.62528090474685], [-117.60017172818566, 33.62526553473064], [-117.60018305576288, 33.62525017883443], [-117.60019441268423, 33.62523483884965], [-117.60020579892188, 33.62521951297315], [-117.60021721342599, 33.625204203019756], [-117.60022865724636, 33.62518890717466], [-117.60024013041082, 33.62517362724093], [-117.6002516318278, 33.62515836232871], [-117.60026316257492, 33.6251431124263], [-117.60027472158849, 33.62512787844694], [-117.60028630884064, 33.625112658587526], [-117.60029792434521, 33.62509745374959], [-117.60030956922175, 33.62508226662601], [-117.60032124341453, 33.62506709361072], [-117.60033294585966, 33.62505193561689], [-117.60034467657123, 33.625036793545995], [-117.6003564355352, 33.625021666496586], [-117.60036822384326, 33.62500655535846], [-117.6003800404176, 33.62499146014326], [-117.6003918852444, 33.624976379949494], [-117.60040375833752, 33.62496131567867], [-117.60041566077469, 33.62494626731909], [-117.60042759146421, 33.62493123398089], [-117.60043955042003, 33.62491621656563], [-117.60045153657846, 33.624901215986526], [-117.60046355098928, 33.62488623042876], [-117.60047559474404, 33.624871260782214], [-117.60048766568745, 33.62485630707024], [-117.60049976597479, 33.624841369269426], [-117.60051189345076, 33.62482644740321], [-117.60052405028459, 33.62481154234969], [-117.60053623429309, 33.62479665232921], [-117.60054844658177, 33.62478177913309], [-117.60056068713676, 33.62476692185979], [-117.60057295488025, 33.62475208052103], [-117.60058525198161, 33.62473725599491], [-117.60059757734923, 33.62472244739165], [-117.60060992990542, 33.624707654722854], [-117.60062230966408, 33.6246928788901], [-117.60063471661124, 33.62467811899179], [-117.60064715291631, 33.62466337590611], [-117.60065961640984, 33.62464864875495], [-117.60067210710586, 33.62463393843971], [-117.60068462715965, 33.624619244937094], [-117.60069717332435, 33.62460456738063], [-117.60070974778313, 33.62458990754995], [-117.60072235049404, 33.624575262740485], [-117.60073498040744, 33.62456063476694], [-117.60074763755121, 33.62454602543243], [-117.60076032402478, 33.62453143110743], [-117.60077303662314, 33.62451685362999], [-117.60078577643789, 33.62450229389], [-117.60079854344106, 33.62448775008439], [-117.60081133764665, 33.624473223114684], [-117.6008241601463, 33.62445871387072], [-117.6008370098344, 33.624444220561095], [-117.60084988673881, 33.6244297449889], [-117.60086279084564, 33.62441528625256], [-117.60087572215483, 33.62440084435203], [-117.60088868068031, 33.624386420188905], [-117.6009016664082, 33.624372012861656], [-117.6009146804161, 33.62435762235852], [-117.60092772164033, 33.62434324959281], [-117.60094078898928, 33.62432889367454], [-117.60095388354054, 33.62431455459205], [-117.60096700423044, 33.62430023325861], [-117.60098015213666, 33.62428592966253], [-117.6009933272452, 33.624271642902166], [-117.60100652956999, 33.62425737387911], [-117.60101975911117, 33.624243122593434], [-117.60103301477689, 33.62422888815515], [-117.6010462987366, 33.62421467144247], [-117.60105960775726, 33.62420047249044], [-117.60107294505785, 33.62418629036245], [-117.60108630851103, 33.62417212688497], [-117.60109969916651, 33.62415798024316], [-117.60111311597448, 33.62414385225186], [-117.6011265589071, 33.62412974110788], [-117.60114002907001, 33.62411564860269], [-117.6011535242798, 33.62410157295657], [-117.60116704779742, 33.62408751593749], [-117.60118059745363, 33.624073476667306], [-117.60119417324844, 33.62405945514599], [-117.60120777625943, 33.624045451361894], [-117.601221405409, 33.62403146532664], [-117.60123506069714, 33.62401749704024], [-117.60124874215171, 33.624003548305765], [-117.60126244974485, 33.62398961732007], [-117.60127618563187, 33.62397570405991], [-117.60128994550209, 33.62396180857192], [-117.60130373260245, 33.62394793172256], [-117.60131754476367, 33.62393407263371], [-117.60133138307746, 33.62392023219521], [-117.60134524752974, 33.623906409505466], [-117.60135913922608, 33.62389260635588], [-117.60461752549722, 33.62058119210023], [-117.60472054656294, 33.620286998508966], [-117.60407390864071, 33.619841667515914], [-117.60572718836052, 33.61816135741412], [-117.60549985520751, 33.618004798645174], [-117.60574312475303, 33.617757548005066], [-117.60570263346757, 33.617699640803046], [-117.60591569488213, 33.61758214396547], [-117.60593060553634, 33.61756667998066], [-117.60594549330399, 33.61755120001244], [-117.60596035492445, 33.61753570229298], [-117.60597519148926, 33.617520187712095], [-117.60599000407605, 33.61750465625807], [-117.6060047905436, 33.61748910885584], [-117.60601955195557, 33.617473544592215], [-117.60603428938948, 33.61745796345547], [-117.60604900069013, 33.61744236546902], [-117.60606368802682, 33.617426751511026], [-117.60607834923032, 33.61741112070335], [-117.60609298645586, 33.61739547302259], [-117.60610759756217, 33.61737980939374], [-117.60612218361291, 33.61736412890353], [-117.60613674462209, 33.61734843245351], [-117.60615127949809, 33.617332719153886], [-117.60616579041015, 33.61731698988277], [-117.60618027409747, 33.61730124287223], [-117.60619473275727, 33.61728548080345], [-117.60620916746713, 33.61726970366475], [-117.60622357602982, 33.61725390877493], [-117.60623795955095, 33.61723809792536], [-117.60625231695309, 33.617222271127766], [-117.60626665039118, 33.61720642835876], [-117.60628095661869, 33.61719056875193], [-117.60629523780467, 33.61717469318537], [-117.60630949394913, 33.61715880165914], [-117.6063237239745, 33.61714289418494], [-117.60633792788086, 33.61712697076275], [-117.60635210566822, 33.617111031392646], [-117.60636625841406, 33.61709507606288], [-117.6063803861044, 33.61707910387193], [-117.60639448768977, 33.61706311663457], [-117.60640856315604, 33.61704711344931], [-117.60642261356692, 33.617031093402844], [-117.6064366389644, 33.61701505919989], [-117.60645063716524, 33.6169990090607], [-117.60646461032475, 33.61698294296199], [-117.60647855627364, 33.61696686002553], [-117.60649247720916, 33.616950762932596], [-117.60650637201164, 33.6169346489903], [-117.60652024178677, 33.616918519989945], [-117.60653408328785, 33.61690237506521], [-117.60654789976154, 33.61688621508241], [-117.60656169119382, 33.61687003914014], [-117.60657545542963, 33.61685384726174], [-117.60658919463812, 33.61683764032537], [-117.60660290772766, 33.616821417441216], [-117.60661659472629, 33.616805180412335], [-117.60663025559204, 33.61678892653412], [-117.60664388928937, 33.616772658523], [-117.60665749793131, 33.61675637365084], [-117.6066710793908, 33.61674007374414], [-117.6066846347735, 33.61672376059439], [-117.60669816294578, 33.61670743060707], [-117.60671166609073, 33.616691085561875], [-117.60672514311688, 33.616674724568895], [-117.60673859297464, 33.616658349443064], [-117.60675201672754, 33.616641959271035], [-117.60676541436169, 33.616625553151344], [-117.60677878696853, 33.616609131973746], [-117.6067921313295, 33.61659269667509], [-117.60680544957165, 33.61657624542873], [-117.60681874172309, 33.61655978003776], [-117.60683200667812, 33.61654329871092], [-117.60684524554243, 33.61652680323948], [-117.60685845722446, 33.616510292733714], [-117.60687164171011, 33.61649376629205], [-117.60688480010508, 33.61647722570581], [-117.60689793242332, 33.61646067187658], [-117.60691103860887, 33.61644410119824], [-117.60692411656255, 33.616427517300416], [-117.60693717055273, 33.61641091743153], [-117.60695019521948, 33.616394303453305], [-117.60696319378151, 33.616377674429096], [-117.60697616625298, 33.61636103126039], [-117.60698911154219, 33.61634437305743], [-117.60700202966322, 33.616327700721726], [-117.607014920602, 33.61631101335173], [-117.60702778437263, 33.61629431184909], [-117.60704062203865, 33.616277595300396], [-117.60705343253649, 33.61626086461905], [-117.60706621586614, 33.61624411980501], [-117.6070789730913, 33.616227359945036], [-117.60709170314819, 33.616210585952366], [-117.60710440605109, 33.61619379872858], [-117.60711708177179, 33.616176996470614], [-117.60712973140201, 33.61616018006823], [-117.60714235277256, 33.616143348643405], [-117.60715494698897, 33.61612650398754], [-117.60716751402335, 33.61610964429746], [-117.60718005498121, 33.616092771364606], [-117.60719256660192, 33.61607588342104], [-117.60720505214616, 33.61605898223472], [-117.60721751050836, 33.616042066014245], [-117.60722994171651, 33.61602513656271], [-117.60724234575672, 33.616008192978605], [-117.60725472262887, 33.615991235261966], [-117.60726707339661, 33.6159742624995], [-117.6079342642155, 33.61632063845126], [-117.60795111737903, 33.616297415605885], [-117.60796792270014, 33.616274166228486], [-117.60798467914351, 33.61625089303551], [-117.60800138561751, 33.61622759513712], [-117.60801804427733, 33.616204272509904], [-117.6080346529678, 33.616180925177346], [-117.60805121383011, 33.6161575522144], [-117.6080677247653, 33.61613415725079], [-117.60808418679473, 33.61611073666856], [-117.60810059886904, 33.61608729228264], [-117.60811696097419, 33.61606382319151], [-117.60813327420176, 33.616040330284875], [-117.60814953747429, 33.61601681357463], [-117.6081657507777, 33.61599327215913], [-117.60818191521773, 33.615969707829784], [-117.60819802968864, 33.61594611879538], [-117.6082140942046, 33.61592250595729], [-117.60823010984323, 33.615898869303905], [-117.60824607555502, 33.615875210650074], [-117.60826199131188, 33.61585152819269], [-117.60827785602231, 33.61582782104197], [-117.60829367186949, 33.615804090977576], [-117.60830943669832, 33.615780338022915], [-117.60832515158648, 33.615756562166396], [-117.60834081651984, 33.61573276250641], [-117.60835643151258, 33.61570893994455], [-117.60837199655059, 33.61568509357928], [-117.60838751164799, 33.61566122431214], [-117.60840297575535, 33.615637333958006], [-117.60841838990805, 33.615613419800546], [-117.60843375304273, 33.61558948275302], [-117.60844906623687, 33.61556552280371], [-117.60846432842708, 33.61554154086596], [-117.60847953961327, 33.615517536939706], [-117.60849470084509, 33.615493509210225], [-117.60850981108698, 33.61546946039385], [-117.60852487031097, 33.61544538868754], [-117.60853988067221, 33.61542129406785], [-117.60855483896617, 33.615397178373065], [-117.60856974627039, 33.615373041591475], [-117.60858460363438, 33.61534888190827], [-117.60859940891709, 33.615324700248514], [-117.60861416319617, 33.61530049660044], [-117.60862886539405, 33.6152762709759], [-117.60864351875743, 33.61525202424106], [-117.60865812005378, 33.61522775643136], [-117.60867267033251, 33.61520346573185], [-117.60868716963581, 33.615179154847254], [-117.60870161792157, 33.615154821072935], [-117.60871601416851, 33.61513046802678], [-117.608730359412, 33.615106092992505], [-117.60874465258858, 33.61508169688338], [-117.60875889476185, 33.61505727878613], [-117.6087730848823, 33.61503284051566], [-117.60878722402764, 33.615008382060154], [-117.60880131216966, 33.614983901616604], [-117.60881534825899, 33.614959400999815], [-117.60882933335921, 33.61493487929657], [-117.60884326639277, 33.61491033651857], [-117.60885714738781, 33.614885774468966], [-117.60887097631624, 33.61486119134467], [-117.60888475319219, 33.61483658804728], [-117.60889847909318, 33.61481196456499], [-117.60891215294181, 33.61478732090965], [-117.60892577366047, 33.614762657092925], [-117.60893934340427, 33.6147379730914], [-117.60895286109579, 33.61471326891686], [-117.60896632565745, 33.61468854458105], [-117.60897974032193, 33.614663800048696], [-117.60899310189873, 33.61463903805973], [-117.60900641031776, 33.61461425410646], [-117.60901966779028, 33.61458945177157], [-117.6090328721331, 33.614564629275435], [-117.60904602443796, 33.614539787507965], [-117.60905912254968, 33.614514926492596], [-117.60907216970097, 33.614490046194135], [-117.60908516481436, 33.61446514662436], [-117.60909810787585, 33.61444022688169], [-117.60911099678647, 33.61441529059583], [-117.60912383578632, 33.614390333212135], [-117.60913662062138, 33.61436535838374], [-117.60914935232712, 33.61434036339424], [-117.60916203200915, 33.61431535003513], [-117.6091746585901, 33.614290318318034], [-117.60918723206994, 33.61426526824301], [-117.60919975243458, 33.61424019890853], [-117.60921222078979, 33.614215112105995], [-117.60922463601592, 33.61419000514248], [-117.60923699816917, 33.61416488162424], [-117.60924930722145, 33.61413973974806], [-117.60926156425042, 33.6141145795024], [-117.60927376817853, 33.61408940089888], [-117.60928591794232, 33.61406420485085], [-117.60929801568284, 33.614038990433365], [-117.60931005925919, 33.61401375857134], [-117.60932205081234, 33.6139885083398], [-117.60933398820136, 33.61396324066389], [-117.60934587144037, 33.61393795644504], [-117.6093577026563, 33.61391265385672], [-117.60960151248095, 33.61399225200335], [-117.60961300587095, 33.613967543686655], [-117.60962444942143, 33.61394281878029], [-117.60963584422389, 33.61391807817404], [-117.60964718918679, 33.613893320978114], [-117.6096584821411, 33.613868546314485], [-117.60966972638971, 33.613843758655676], [-117.60968091970733, 33.61381895351738], [-117.60969206212205, 33.6137941327028], [-117.60970315469746, 33.613769295298624], [-117.60971419638413, 33.61374444311973], [-117.60972518824558, 33.61371957525272], [-117.6097361281268, 33.613694691721285], [-117.6097470192604, 33.613669792490036], [-117.60975785947731, 33.613644876681036], [-117.60976864989728, 33.61361994698706], [-117.6097793894287, 33.613595002518515], [-117.60979007805766, 33.61357004237372], [-117.60980071578405, 33.61354506655274], [-117.60981130369967, 33.613520075945395], [-117.6098218407269, 33.613495070563374], [-117.60983232577425, 33.61347004951703], [-117.60984276102482, 33.61344501458582], [-117.60985314538726, 33.613419964880094], [-117.60986347775588, 33.61339489860838], [-117.60987376143349, 33.61336982024328], [-117.6098839931314, 33.61334472621383], [-117.60989417394126, 33.61331961740987], [-117.60990430387713, 33.61329449473292], [-117.6099143840025, 33.613269357269665], [-117.60992441217644, 33.613244205945264], [-117.60993438946248, 33.61321903984635], [-117.60994431479715, 33.61319385988635], [-117.60995419032152, 33.61316866514003], [-117.6099640139227, 33.61314345833564], [-117.60997378663613, 33.61311823675686], [-117.60998350847588, 33.6130930013052], [-117.60999317836448, 33.613067751992396], [-117.61000279737945, 33.6130424888068], [-117.61001236552093, 33.613017211748286], [-117.61002188172544, 33.61299192173027], [-117.61003134813393, 33.61296661782764], [-117.61004076259154, 33.61294130006397], [-117.6100501251263, 33.61291597024236], [-117.61005943678772, 33.612890626547994], [-117.61006869651239, 33.612865269894044], [-117.61007790536381, 33.61283989936741], [-117.61008706229254, 33.61281451678285], [-117.61009616727063, 33.61278912033728], [-117.61010522140361, 33.612763711822105], [-117.61011422360012, 33.61273829034743], [-117.610123173846, 33.61271285501188], [-117.610132073261, 33.61268740850823], [-117.61014092181712, 33.612661949033395], [-117.61014971843683, 33.61263647659922], [-117.6101584631342, 33.61261099210723], [-117.6101671558953, 33.61258549465588], [-117.61017579782569, 33.61255998603645], [-117.61018438674238, 33.61253446446949], [-117.61019292481444, 33.61250893083298], [-117.61020140985879, 33.61248338334736], [-117.61020984410081, 33.61245782649687], [-117.6102182264067, 33.61243225668708], [-117.61022655572721, 33.612406675732856], [-117.61023483418926, 33.61238108180759], [-117.61024306074346, 33.61235547672616], [-117.61025123538991, 33.61232986048853], [-117.61025935919201, 33.61230423218146], [-117.61026742999496, 33.612278591828435], [-117.61027544889018, 33.61225294031932], [-117.61028341589183, 33.61222727855554], [-117.6102913298944, 33.61220160474592], [-117.61029919306694, 33.61217591976844], [-117.61030700325448, 33.61215022364663], [-117.61031476153461, 33.61212451636868], [-117.61032246790731, 33.61209879793466], [-117.61033012238674, 33.61207306924612], [-117.61033772278982, 33.612047328523474], [-117.61034527237716, 33.61202157753459], [-117.61035277008547, 33.61199581719271], [-117.61036021479498, 33.61197004480509], [-117.61036760868886, 33.61194426215115], [-117.6103749496123, 33.61191846925449], [-117.61038223864274, 33.61189266610344], [-117.6103894747027, 33.61186685270965], [-117.61039665779226, 33.61184102907319], [-117.61040378897493, 33.61181519428075], [-117.61041086827889, 33.6117893501354], [-117.61041789462655, 33.611763496649], [-117.61042486908154, 33.6117376329081], [-117.61043179056634, 33.6117117589246], [-117.61043865908101, 33.61168587469846], [-117.6104454757171, 33.61165998111949], [-117.61045223939726, 33.61163407819944], [-117.610458951199, 33.61160816592657], [-117.61046561001669, 33.61158224250956], [-117.61047221807567, 33.61155631243258], [-117.61047877207328, 33.61153037122327], [-117.61048527312916, 33.611504421574416], [-117.61049172229279, 33.61147846167132], [-117.61081813220504, 33.61015887663782], [-117.61101033714128, 33.610192159086274], [-117.61134059639076, 33.6088569469649], [-117.60944741277825, 33.61127642153725], [-117.60630272822956, 33.61318512284014], [-117.60390746706544, 33.6159755022915], [-117.60384071059462, 33.61738960392128], [-117.59482175718838, 33.62442659151928], [-117.59541836768476, 33.624898717596295], [-117.59532058350942, 33.624975006684025], [-117.59515369261243, 33.62510520620923], [-117.59445738274772, 33.62564841974438], [-117.59385888398873, 33.62517776123998], [-117.59202497508842, 33.62660894243115], [-117.59076142250898, 33.62816173050917], [-117.59064902695295, 33.62830004151606], [-117.59059506882728, 33.628366353303775], [-117.59033562607179, 33.62905592376004], [-117.59016082552827, 33.629520520791345], [-117.58954343475044, 33.629861506110686], [-117.58932664888236, 33.62998122139459], [-117.58902858885816, 33.63051287336186], [-117.58889169170517, 33.63075704808884], [-117.58799176849797, 33.63236218282866], [-117.58776064269149, 33.63277441715564], [-117.58655395181633, 33.63492656730896], [-117.58664561825938, 33.63516391845982], [-117.5869851351655, 33.635367447082885], [-117.58720379630537, 33.63552214749039], [-117.58732484393819, 33.63568461153931], [-117.58742768771657, 33.635779068036975], [-117.58745518393947, 33.6358410859359], [-117.58745455046093, 33.6358415318552], [-117.58745392462374, 33.6358419840043], [-117.58745330753337, 33.635842444174735], [-117.58745269809826, 33.63584291147653], [-117.58745209739605, 33.63584338589807], [-117.5874515032574, 33.635843866561075], [-117.58745091786562, 33.63584435524536], [-117.58745034119293, 33.63584485014791], [-117.58744977216168, 33.635845351280324], [-117.58744921187716, 33.63584586043403], [-117.58744866029801, 33.635846374904425], [-117.5874481174518, 33.63584689649461], [-117.58744758332479, 33.63584742430309], [-117.5874470579031, 33.635847957428254], [-117.5874465422922, 33.63584849766167], [-117.58744603540045, 33.635849044113336], [-117.58744553721402, 33.63584959588175], [-117.58744504882458, 33.63585015385677], [-117.5874445702182, 33.63585071713698], [-117.5874441003172, 33.63585128573392], [-117.58744364021317, 33.63585186053758], [-117.58744318881445, 33.6358524406579], [-117.58744274934061, 33.635853025158724], [-117.58744231858593, 33.63585361587782], [-117.58744189760058, 33.63585421100048], [-117.58744148747616, 33.63585481141675], [-117.58744108712101, 33.63585541623665], [-117.58744069653524, 33.63585602546016], [-117.58744031681033, 33.63585663997725], [-117.58743994791871, 33.635857257984796], [-117.58743958879639, 33.63585788039606], [-117.58743923945718, 33.63585850811237], [-117.5874389020153, 33.635859138406175], [-117.58743857434267, 33.63585977310354], [-117.5874382575171, 33.635860412192926], [-117.58743795260273, 33.63586105476132], [-117.58743765742992, 33.63586169993019], [-117.58743737310421, 33.63586234949112], [-117.58743709961179, 33.63586300254258], [-117.58743683693882, 33.635863658183005], [-117.58743658616312, 33.635864316400856], [-117.58743634622068, 33.63586497810917], [-117.58743611709767, 33.635865642406486], [-117.58743589987196, 33.63586630928118], [-117.58743569346572, 33.63586697874486], [-117.58743549787891, 33.63586765079756], [-117.58743531417552, 33.635868324526044], [-117.58743514129158, 33.635869000843506], [-117.58743498029104, 33.63586967883686], [-117.58743483010998, 33.6358703594192], [-117.58743469179855, 33.63587104077582], [-117.58743456537053, 33.63587172380836], [-117.58743444974813, 33.63587240852828], [-117.5874343459953, 33.6358730940226], [-117.58743425412601, 33.63587378119272], [-117.5874341730484, 33.63587446914872], [-117.58743410385429, 33.635875158780614], [-117.58743404651594, 33.635875848285266], [-117.58743400104719, 33.635876538564304], [-117.58743396637026, 33.63587722962919], [-117.58743394354912, 33.63587792056688], [-117.58743393258368, 33.63587861137732], [-117.58743393241011, 33.63587930297369], [-117.5874339451701, 33.63587999443127], [-117.5874339687081, 33.6358806857732], [-117.58743400408805, 33.63588137608644], [-117.58743405132374, 33.63588206627239], [-117.58743410933741, 33.63588275634269], [-117.58743418027088, 33.635883445372706], [-117.58743426196851, 33.63588413338553], [-117.58743435550807, 33.635884820369576], [-117.58743445981176, 33.63588550633648], [-117.58743457594363, 33.635886190373064], [-117.58743470391742, 33.635886873380876], [-117.58743484373319, 33.635887555359936], [-117.58743499428546, 33.635888234518774], [-117.58743515667966, 33.63588891264886], [-117.58743532982423, 33.63588958886017], [-117.58743551478312, 33.63589026223969], [-117.58743571158395, 33.635890934590414], [-117.58743591910748, 33.63589160321933], [-117.58743613738133, 33.63589226992959], [-117.58743636748328, 33.63589293470949], [-117.58743660830793, 33.635893595767605], [-117.58743686094687, 33.63589425399392], [-117.58743712432236, 33.63589490939993], [-117.58743739843432, 33.63589556198569], [-117.58743768326903, 33.6358962108496], [-117.58743797882634, 33.63589685599176], [-117.58743828619802, 33.63589749830209], [-117.58743860429237, 33.63589813689057], [-117.58743893201776, 33.635898770867264], [-117.58743927154366, 33.63589940111063], [-117.58743962072823, 33.635900028545294], [-117.5874399806079, 33.63590065045503], [-117.58744035121019, 33.63590126864299], [-117.58744073144358, 33.63590188221912], [-117.58744112346363, 33.63590249116041], [-117.5874415240369, 33.63590309550145], [-117.58748029420262, 33.6359817989802], [-117.58749042851701, 33.636045075274566], [-117.58748985175436, 33.63606552633056], [-117.58748982815072, 33.636066728533564], [-117.58748983149216, 33.63606793044744], [-117.58748985963685, 33.63606913299683], [-117.5874899125571, 33.636070334378665], [-117.58748999133071, 33.636071534581404], [-117.58749009487993, 33.63607273361665], [-117.58749022320475, 33.63607393148426], [-117.58749037735524, 33.63607512636977], [-117.5874905551898, 33.63607631919773], [-117.58749075885, 33.636077509043524], [-117.58749098727205, 33.636078696820185], [-117.5874912404143, 33.63607987982323], [-117.58749151829072, 33.636081058954055], [-117.58749182090128, 33.6360822342127], [-117.5874921482459, 33.63608340559923], [-117.58749250029702, 33.63608457131051], [-117.58749287597676, 33.63608573135809], [-117.58749327636299, 33.63608688573047], [-117.5874937003779, 33.63608803443916], [-117.58749414802152, 33.63608917748417], [-117.5874946203439, 33.63609031305084], [-117.58749511626732, 33.6360914411508], [-117.58749563471392, 33.63609256179557], [-117.58749617783936, 33.63609367496198], [-117.58749674348802, 33.636094780673275], [-117.58749733271006, 33.63609587711465], [-117.58749794444148, 33.63609696519928], [-117.58749857866849, 33.6360980440257], [-117.58749923539104, 33.636099113593865], [-117.58749991459531, 33.636100173002205], [-117.58750061520352, 33.63610122226229], [-117.58750133829352, 33.63610226136257], [-117.58750208277364, 33.63610328941308], [-117.58750284865764, 33.63610430731533], [-117.587503635918, 33.636105313266214], [-117.58750444347679, 33.636106307277394], [-117.58750527241193, 33.63610728933723], [-117.58750612164553, 33.63610825945732], [-117.58750699116376, 33.6361092167361], [-117.58750788096673, 33.636110161173555], [-117.58750878889869, 33.636111092792866], [-117.58750971710155, 33.636112010669336], [-117.5875106644974, 33.63611291481456], [-117.58751163108631, 33.63611380522844], [-117.58751261577663, 33.63611468102111], [-117.58751361749054, 33.636115542204145], [-117.58751463838374, 33.63611638875427], [-117.58751567628661, 33.6361172197932], [-117.58751673229098, 33.63611803621092], [-117.58751780422726, 33.63611883712891], [-117.58751889315951, 33.6361196216342], [-117.58751999802378, 33.63612039063975], [-117.58752111879238, 33.63612114234263], [-117.58752225549296, 33.63612187854586], [-117.58752340702, 33.63612259745784], [-117.58752457446522, 33.63612329996869], [-117.5875257545814, 33.636123985211434], [-117.58752695058807, 33.636124652249926], [-117.58752815927946, 33.636125302921954], [-117.58752938169192, 33.63612593451123], [-117.58753061785312, 33.63612654882093], [-117.58753186559362, 33.63612714497257], [-117.58753312599124, 33.63612772295467], [-117.5875343990321, 33.63612828186565], [-117.5875356825744, 33.636128822630134], [-117.58753697768222, 33.63612934433504], [-117.58753828326385, 33.63612984609039], [-117.58753959934698, 33.63613032969936], [-117.58754092483997, 33.636130794271864], [-117.58754226079296, 33.63613123799326], [-117.58754360509182, 33.636131663591385], [-117.58754495769512, 33.63613206836154], [-117.58754631970827, 33.636132454095254], [-117.58754768894796, 33.6361328190126], [-117.58754906542815, 33.63613316401512], [-117.58755044914874, 33.63613348910282], [-117.58755184010975, 33.63613379427563], [-117.58755323614174, 33.6361340786552], [-117.58755463940032, 33.636134342218384], [-117.58755604666592, 33.636134585901445], [-117.58755745898871, 33.636134807889725], [-117.5875588763963, 33.63613500998627], [-117.5875602967193, 33.6361351913127], [-117.58756172103544, 33.63613535185746], [-117.58756314933098, 33.63613549071897], [-117.5875645794779, 33.63613560972349], [-117.58756601144857, 33.63613570706791], [-117.5875674463346, 33.63613578364218], [-117.58756888198042, 33.63613583946948], [-117.58757031837224, 33.6361358736483], [-117.5875717555238, 33.63613588708005], [-117.5875731934351, 33.63613587976489], [-117.58757462995065, 33.63613585172587], [-117.58757606613432, 33.63613580204988], [-117.5875775009221, 33.63613573164999], [-117.58757893430025, 33.636135639624776], [-117.58758036520476, 33.636135526887195], [-117.58758179363564, 33.636135393437364], [-117.58758321851512, 33.63613523928683], [-117.58758356395002, 33.63613520041405], [-117.58758390939882, 33.636135162442876], [-117.58758425484757, 33.63613512447168], [-117.58758460029631, 33.63613508650044], [-117.58758494466728, 33.63613504854082], [-117.58758529011602, 33.636135010569596], [-117.58758563557862, 33.63613497349993], [-117.58758598104123, 33.636134936430246], [-117.5875863265038, 33.636134899360556], [-117.58758667196638, 33.636134862290874], [-117.58758701744276, 33.63613482612275], [-117.58758736399702, 33.636134789943014], [-117.58758770947342, 33.63613475377489], [-117.58758805494985, 33.636134717606765], [-117.5875884004263, 33.63613468143861], [-117.58758874591652, 33.63613464617197], [-117.58758909140674, 33.63613461090538], [-117.58758943797478, 33.63613457562722], [-117.58758978346503, 33.63613454036061], [-117.5875901289691, 33.636134505995535], [-117.58759047555098, 33.63613447161891], [-117.58759082105503, 33.63613443725383], [-117.5875911665591, 33.636134402888736], [-117.58759151315482, 33.636134369413654], [-117.58759185865885, 33.636134335048574], [-117.58759220525451, 33.63613430157346], [-117.58759255077244, 33.63613426810994], [-117.58759289630413, 33.63613423554795], [-117.58759324289984, 33.636134202072824], [-117.58759358843159, 33.63613416951081], [-117.58759393504108, 33.63613413693728], [-117.58759428166444, 33.63613410526522], [-117.58759462719617, 33.63613407270325], [-117.58759497381948, 33.63613404103117], [-117.58759531936506, 33.63613400937073], [-117.58759566598837, 33.636133977698705], [-117.58759601262555, 33.63613394692822], [-117.58759635924889, 33.636133915256174], [-117.58759670480829, 33.636133884497234], [-117.58759705144544, 33.636133853726754], [-117.58759739809646, 33.6361338238578], [-117.58759774473363, 33.636133793087275], [-117.5875980903068, 33.636133763229864], [-117.58759843695782, 33.63613373336094], [-117.58759878360878, 33.63613370349194], [-117.58759913027365, 33.636133674524515], [-117.58759947693848, 33.6361336455571], [-117.5875998236033, 33.63613361658969], [-117.58760017026816, 33.63613358762224], [-117.58760051693294, 33.636133558654834], [-117.58760086361163, 33.636133530588914], [-117.58760121029023, 33.63613350252308], [-117.58760155696893, 33.63613347445715], [-117.58760190364755, 33.636133446391284], [-117.58760225034005, 33.63613341922691], [-117.58760259701866, 33.63613339116103], [-117.58760294371115, 33.63613336399667], [-117.58760329041743, 33.636133337733824], [-117.58760363710996, 33.6361333105695], [-117.58760398381622, 33.63613328430663], [-117.58760433052255, 33.63613325804383], [-117.58760467830668, 33.63613323176944], [-117.58760502501296, 33.63613320550663], [-117.5876053717331, 33.636133180145286], [-117.58760571845322, 33.63613315478405], [-117.58760606517335, 33.63613312942273], [-117.58760641297133, 33.63613310404988], [-117.5876067596914, 33.63613307868862], [-117.5876071064254, 33.63613305422885], [-117.58760745423714, 33.63613302975753], [-117.58760780097111, 33.6361330052978], [-117.5876081477189, 33.63613298173956], [-117.58760849553067, 33.63613295726821], [-117.58760884227846, 33.63613293371004], [-117.58760918902624, 33.636132910151815], [-117.58760953686567, 33.63613288748356], [-117.58760988361341, 33.63613286392531], [-117.58761023145286, 33.63613284125709], [-117.58761057821444, 33.636132818600444], [-117.58761092605384, 33.636132795932134], [-117.5876112728293, 33.63613277417703], [-117.58761162066871, 33.63613275150876], [-117.58761196744416, 33.63613272975362], [-117.58761231531122, 33.63613270888842], [-117.58761266208668, 33.63613268713327], [-117.5876130099537, 33.63613266626812], [-117.58761335672916, 33.63613264451297], [-117.58761370459625, 33.636132623647775], [-117.58761405139931, 33.63613260369572], [-117.5876143992664, 33.63613258283054], [-117.5876147471473, 33.6361325628669], [-117.5876150939504, 33.63613254291479], [-117.58761544183125, 33.636132522951165], [-117.58761578972597, 33.63613250388906], [-117.5876161365291, 33.63613248393698], [-117.58761648442382, 33.636132464874876], [-117.58761683231852, 33.636132445812756], [-117.5876171791493, 33.63613242766375], [-117.58761752704402, 33.63613240860166], [-117.58761863532708, 33.6361323462136], [-117.58761974471567, 33.6361322856171], [-117.58762085413187, 33.63613222682368], [-117.5876219624979, 33.63613216984488], [-117.58762307198326, 33.636132115559114], [-117.58762418149627, 33.636132063076396], [-117.58762529103691, 33.636132012396736], [-117.58762640169684, 33.63613196441016], [-117.58762751130665, 33.636131918238206], [-117.5876286209579, 33.63613187477085], [-117.58762973170077, 33.63613183219347], [-117.58763084140737, 33.636131792332286], [-117.58763195223325, 33.63613175516407], [-117.58763306200895, 33.636131719810585], [-117.58763417289013, 33.636131686248504], [-117.58763528379896, 33.63613165448958], [-117.58763639474925, 33.636131625435205], [-117.58763750464946, 33.636131598195504], [-117.58763861565504, 33.63613157274732], [-117.58763972668831, 33.636131549102146], [-117.58764083776309, 33.63613152816161], [-117.58764194887938, 33.63613150992569], [-117.58764306000947, 33.63613149259125], [-117.587644171181, 33.63613147796147], [-117.587645282394, 33.63613146603625], [-117.58764639362089, 33.636131455012595], [-117.58764750488923, 33.63613144669353], [-117.58764861618522, 33.63613144017757], [-117.58764972752273, 33.63613143636622], [-117.58765083888784, 33.6361314343579], [-117.58765194920286, 33.63613143416424], [-117.58765306062332, 33.63613143576209], [-117.58765417208528, 33.63613144006449], [-117.58765528358869, 33.63613144707156], [-117.58765639510597, 33.63613145498015], [-117.58765750558689, 33.636131465604876], [-117.58765861717329, 33.63613147802111], [-117.58765972772339, 33.63613149315357], [-117.5876608393651, 33.63613150917597], [-117.5876619499705, 33.63613152791454], [-117.58766306169518, 33.63613154934614], [-117.58766417236974, 33.63613157259241], [-117.58766528307193, 33.63613159764169], [-117.58766639380173, 33.6361316244941], [-117.58766750457309, 33.63613165405107], [-117.58766861537207, 33.63613168541113], [-117.58766972619875, 33.63613171857425], [-117.58767083598906, 33.63613175445356], [-117.58767194688485, 33.63613179212435], [-117.58767305673055, 33.63613183160975], [-117.58767416661766, 33.63613187379984], [-117.58767527761027, 33.636131917781384], [-117.58767638647491, 33.63613196358915], [-117.58767749645887, 33.63613201208994], [-117.58767860647048, 33.6361320623938], [-117.58767971543188, 33.63613211451228], [-117.58768082551266, 33.636132169323815], [-117.58768193454327, 33.63613222595002], [-117.5876830436015, 33.63613228437925], [-117.58768415270124, 33.63613234551311], [-117.587685260737, 33.63613240756006], [-117.58768636990588, 33.636132473201585], [-117.58768747801084, 33.636132539756204], [-117.58768858615723, 33.636132609015434], [-117.5876896943313, 33.63613268007776], [-117.58769080254686, 33.63613275384464], [-117.58769190969845, 33.63613282852465], [-117.58769301689149, 33.63613290590926], [-117.58769412412609, 33.63613298599846], [-117.58769523138827, 33.63613306789079], [-117.58769633867817, 33.63613315158613], [-117.58769744491788, 33.63613323709613], [-117.58769855118531, 33.63613332440922], [-117.58769965749416, 33.6361334144269], [-117.58770076276676, 33.6361335071607], [-117.58770186805312, 33.636133600796114], [-117.58770297338104, 33.636133697136096], [-117.58770407873658, 33.636133795279115], [-117.58770518305577, 33.636133896138375], [-117.58770628848046, 33.63613399878912], [-117.58770739177724, 33.636134103266016], [-117.58770849617949, 33.63613420953448], [-117.58770959954536, 33.63613431851909], [-117.58771070293888, 33.63613442930677], [-117.58771180636015, 33.63613454189749], [-117.58771290874505, 33.636134657204416], [-117.58771401115762, 33.63613477431442], [-117.58771511359785, 33.63613489322748], [-117.58771621500176, 33.63613501485672], [-117.58771731641953, 33.636135137387505], [-117.58771841789256, 33.63613526352439], [-117.5877195183017, 33.63613539057444], [-117.58772061875226, 33.63613552032905], [-117.58772171923054, 33.63613565188671], [-117.58772281865863, 33.63613578525906], [-117.58772391812822, 33.636135921335985], [-117.58772501762546, 33.63613605921599], [-117.58772611607259, 33.63613619891062], [-117.58772721454737, 33.63613634040832], [-117.58774311085826, 33.63613840688984], [-117.58781318226073, 33.6361475129826], [-117.5878164850784, 33.63614792747552], [-117.58781979494289, 33.63614830943191], [-117.58782310972614, 33.63614866067803], [-117.5878264294144, 33.63614898031233], [-117.58782975185206, 33.63614926835801], [-117.58783307920851, 33.63614952569344], [-117.5878364093005, 33.636149750538614], [-117.58783974215565, 33.6361499446967], [-117.58784307776024, 33.636150107266054], [-117.58784641503638, 33.636150238258345], [-117.58784975398406, 33.636150337673534], [-117.58785309460328, 33.636150405511586], [-117.58785643580246, 33.636150440882645], [-117.58785977653135, 33.63615044560126], [-117.58786311785401, 33.6361504187543], [-117.58786645761482, 33.63615036036493], [-117.58786979689154, 33.63615027042163], [-117.58787313460641, 33.63615014893593], [-117.58787647074558, 33.63614999500627], [-117.5878798053367, 33.63614981043582], [-117.5878831362103, 33.63614959434607], [-117.58788646444424, 33.63614934672551], [-117.5878897889607, 33.63614906758569], [-117.58789310868183, 33.63614875693815], [-117.58789642468545, 33.63614841477138], [-117.58789973590761, 33.63614804199844], [-117.58790304232068, 33.63614763681627], [-117.58790634181042, 33.63614720195266], [-117.58790963649102, 33.6361467346798], [-117.58791292423459, 33.63614623682397], [-117.58791620502724, 33.63614570748356], [-117.58791947780489, 33.63614514757169], [-117.58792274364554, 33.63614455707688], [-117.58792600145743, 33.636143935109], [-117.58792925017654, 33.63614328258135], [-117.58793248980301, 33.63614259949375], [-117.58793572033672, 33.636141885846314], [-117.58793894069996, 33.636141141650626], [-117.58794215089263, 33.6361403669066], [-117.587945349837, 33.636139561625804], [-117.58794853862469, 33.63613872669833], [-117.58795171508619, 33.63613786124569], [-117.58795488031322, 33.63613696615783], [-117.58795803322792, 33.63613604144638], [-117.58796117383028, 33.636135087111285], [-117.58796430102873, 33.636134102262666], [-117.5879674137731, 33.63613308871507], [-117.58797051420517, 33.63613204554387], [-117.58797359909143, 33.63613097278377], [-117.58797666952366, 33.636129871324734], [-117.58797972550178, 33.63612874116676], [-117.58798276485635, 33.636127581431516], [-117.58798578977064, 33.636126393898856], [-117.58798879806139, 33.636125176788816], [-117.58799178869228, 33.63612393281771], [-117.58799476377746, 33.63612265925769], [-117.58799771903332, 33.63612135795812], [-117.58800065878498, 33.63612002977426], [-117.58800357977125, 33.63611867293778], [-117.58800648200608, 33.636117288350206], [-117.58800936550324, 33.636115876913095], [-117.58801223026273, 33.6361144386264], [-117.58801507520671, 33.63611297350169], [-117.5880179003214, 33.6361114806375], [-117.58802070455667, 33.63610996184842], [-117.58802348789867, 33.636108416232915], [-117.58802625143902, 33.63610684468097], [-117.58802899194433, 33.63610524722731], [-117.58803171157027, 33.63610362384876], [-117.58803441031664, 33.63610197454536], [-117.58803708604191, 33.63610030024177], [-117.58803973765421, 33.63609860004795], [-117.588042367337, 33.63609687574399], [-117.58804497292073, 33.63609512645142], [-117.5880475544193, 33.63609335307173], [-117.58805011181882, 33.636091554703505], [-117.58805264513322, 33.63608973224814], [-117.58805515437622, 33.63608788660727], [-117.58805763737838, 33.636086016902446], [-117.58806009523146, 33.63608412402372], [-117.58806252793529, 33.636082207970965], [-117.58806493333445, 33.636080268767465], [-117.58806731359824, 33.63607830729154], [-117.58806966657109, 33.63607632356633], [-117.58807199333083, 33.63607431758029], [-117.58807429173565, 33.63607229025808], [-117.58807656392734, 33.636070240675025], [-117.58807880776416, 33.636068169755845], [-117.58808102324608, 33.636066077500466], [-117.58808321038691, 33.63606396481053], [-117.58808536810889, 33.636061831697496], [-117.58808749748985, 33.636059678149905], [-117.58808959852969, 33.63605750416764], [-117.58809166910059, 33.63605531157707], [-117.5880937102526, 33.63605309856338], [-117.58809572093563, 33.636050866941346], [-117.58809770221359, 33.636048615797826], [-117.58809965195863, 33.636046346959056], [-117.58810157123467, 33.63604405951185], [-117.5881337536459, 33.63600537966331], [-117.58818233593072, 33.63604865577384], [-117.58818288487436, 33.63604853175927], [-117.58818343490964, 33.63604840863467], [-117.58818398495877, 33.63604828641161], [-117.58818453500785, 33.63604816418858], [-117.5881850861348, 33.63604804195392], [-117.58818563621155, 33.636047921533915], [-117.58818618736613, 33.63604780110235], [-117.58818673853459, 33.63604768157234], [-117.58818728970297, 33.6360475620423], [-117.58818784196302, 33.63604744340226], [-117.58818839315913, 33.63604732567531], [-117.58818894544682, 33.63604720883832], [-117.58818949773449, 33.6360470920013], [-117.58819005003606, 33.636046976065806], [-117.58819060235142, 33.63604686103193], [-117.58819115466677, 33.63604674599802], [-117.58819170807382, 33.63604663185405], [-117.58819226149461, 33.63604651861164], [-117.58819281383765, 33.63604640538078], [-117.58819336727235, 33.636046293039875], [-117.5881939207208, 33.63604618160055], [-117.58819447524712, 33.63604607014962], [-117.58819502870944, 33.63604595961181], [-117.58819558326343, 33.636045849963956], [-117.58819613783118, 33.63604574121766], [-117.5881966913212, 33.63604563248288], [-117.5881972459028, 33.636045524638156], [-117.5881978015622, 33.63604541678179], [-117.58819835615766, 33.6360453098385], [-117.58819891184476, 33.636045203785265], [-117.58819946646787, 33.6360450986451], [-117.58820002216879, 33.63604499349334], [-117.58820057788355, 33.63604488924311], [-117.58820113361215, 33.63604478589448], [-117.58820168934072, 33.636044682545766], [-117.58820224616092, 33.63604458008705], [-117.58820280191715, 33.6360444785415], [-117.5882033587512, 33.63604437698431], [-117.58820391561292, 33.636044277230205], [-117.58820447138302, 33.636044176586125], [-117.58820502933634, 33.63604407772199], [-117.58820558621191, 33.63604397886939], [-117.58820614310126, 33.63604388091842], [-117.58820670108231, 33.636043783857325], [-117.58820725798547, 33.63604368680785], [-117.58820781598031, 33.63604359064829], [-117.58820837398898, 33.636043495390346], [-117.58820893199766, 33.636043400132316], [-117.58820949002012, 33.63604330577585], [-117.58821004805651, 33.63604321232094], [-117.58821060717064, 33.63604311885444], [-117.58821116522077, 33.63604302630109], [-117.58821172328481, 33.636042934649225], [-117.58821228242658, 33.63604284298579], [-117.58821284159606, 33.636042753125444], [-117.58821340076553, 33.636042663265115], [-117.58821395993493, 33.636042573404744], [-117.58821451911825, 33.63604248444591], [-117.58821507831536, 33.63604239638864], [-117.58821563860414, 33.636042309221345], [-117.58821619889291, 33.636042222054016], [-117.58821675811774, 33.63604213579978], [-117.58821731843412, 33.63604205043555], [-117.5882178787644, 33.636041965972844], [-117.58821843909462, 33.63604188151012], [-117.58821900051655, 33.63604179793739], [-117.58821956086061, 33.6360417143762], [-117.58822012121854, 33.636041631716616], [-117.58822068266805, 33.636041549946924], [-117.58822124413149, 33.63604146907876], [-117.58822180451703, 33.636041388222225], [-117.5882223659943, 33.636041308255585], [-117.58822292748532, 33.63604122919053], [-117.5882234900542, 33.636041150113925], [-117.58822405155904, 33.636041071950366], [-117.58822461307778, 33.63604099468835], [-117.58822517568815, 33.636040918316354], [-117.58822573722065, 33.63604084195588], [-117.58822629984488, 33.63604076648538], [-117.58822686139128, 33.63604069102646], [-117.58822742404307, 33.63604061735906], [-117.58822798669496, 33.636040543691585], [-117.58822854934681, 33.63604047002421], [-117.58822911202631, 33.63604039815985], [-117.58822967578362, 33.63604032628389], [-117.58823023846317, 33.63604025441955], [-117.58823080117028, 33.636040184358265], [-117.58823136495525, 33.63604011428539], [-117.58823192875411, 33.63604004511406], [-117.58823249147508, 33.63603997595435], [-117.58823305530157, 33.63603990858609], [-117.58823361912808, 33.63603984121788], [-117.58823418295457, 33.6360397738496], [-117.5882347468087, 33.63603970828445], [-117.58823531066282, 33.63603964271927], [-117.58823587559475, 33.63603957714252], [-117.58823643947656, 33.63603951338042], [-117.58823700335834, 33.636039449618316], [-117.58823756833182, 33.63603938674619], [-117.58823995188204, 33.636039114994496], [-117.58824233193603, 33.63603882614824], [-117.58824470954387, 33.63603851839277], [-117.58824708254997, 33.63603819175122], [-117.5882494531376, 33.63603784800356], [-117.58825181912349, 33.636037485369734], [-117.58825418161314, 33.636037105641435], [-117.58825654057881, 33.63603670701536], [-117.58825889387876, 33.636036290416385], [-117.58826124259083, 33.63603585583289], [-117.58826358672881, 33.63603540416636], [-117.58826592518724, 33.636034933625346], [-117.58826825905777, 33.63603444509976], [-117.58827058727644, 33.63603393950276], [-117.58827290981547, 33.63603341503123], [-117.58827522562494, 33.636032873499886], [-117.58827753686025, 33.636032314885504], [-117.5882798413382, 33.63603173740819], [-117.5882821390865, 33.636031142871076], [-117.5882844300912, 33.63603053037247], [-117.58828671544416, 33.636029900802505], [-117.58828899298952, 33.636029254184265], [-117.58829126379133, 33.63602858960464], [-117.58829352678566, 33.636027907976676], [-117.58829578195875, 33.636027208398886], [-117.58829802932425, 33.63602649177285], [-117.5883002699601, 33.636025758086966], [-117.58830250171061, 33.63602500736441], [-117.58830472457585, 33.636024239605035], [-117.5883069396336, 33.63602345479745], [-117.58830914580606, 33.63602265295319], [-117.588311343107, 33.636021834973725], [-117.58831353150882, 33.63602099905601], [-117.58831571103917, 33.63602014700319], [-117.58831788062028, 33.6360192788267], [-117.58832004131608, 33.63601839361351], [-117.58832219097096, 33.636017491386816], [-117.58832433176819, 33.63601657392646], [-117.58832646151068, 33.636015638550965], [-117.58832858131778, 33.636014687953505], [-117.58833069117554, 33.63601372123241], [-117.58833279000628, 33.636012738399266], [-117.58833487779609, 33.6360117385526], [-117.58833695457265, 33.636010723495446], [-117.5883390203359, 33.63600969322785], [-117.58834107505831, 33.63600864594669], [-117.58834311768969, 33.63600758346661], [-117.58834514930781, 33.63600650577606], [-117.58834716774325, 33.63600541199667], [-117.58834917516543, 33.63600430300677], [-117.58835117049654, 33.636003178818], [-117.5883531526588, 33.63600203944188], [-117.58835512273006, 33.63600088486684], [-117.58835708072414, 33.635999715994444], [-117.58835902445763, 33.63599853104479], [-117.58836095611402, 33.635997331797846], [-117.58836287460154, 33.635996117363476], [-117.58836477885617, 33.635994888654906], [-117.58836666996972, 33.635993646562106], [-117.58836854790046, 33.635992388380416], [-117.58837041161233, 33.6359911168261], [-117.5883722610775, 33.635989830096015], [-117.58837409740148, 33.6359885299817], [-117.58837591841485, 33.63598721560477], [-117.5883777252093, 33.635985887855114], [-117.58837951775706, 33.63598454492972], [-117.58838129500808, 33.6359831886433], [-117.58838305805388, 33.63598181988572], [-117.58838480578909, 33.63598043686548], [-117.58838653716354, 33.6359790413973], [-117.58838825430522, 33.635977631654875], [-117.58838995616392, 33.63597620945293], [-117.58839164166189, 33.63597477480298], [-117.5883933118631, 33.63597332679198], [-117.58839496676748, 33.63597186541985], [-117.58839660424721, 33.635970392512895], [-117.58839822643012, 33.635968906244855], [-117.58839983226612, 33.63596740843034], [-117.5884014206498, 33.63596589727791], [-117.58840299377817, 33.635964375469], [-117.58840454945417, 33.63596284032217], [-117.58840608879703, 33.63596129453047], [-117.58840761070144, 33.6359597363023], [-117.58840911518115, 33.63595816653934], [-117.58841060331387, 33.635956585229906], [-117.58841207294418, 33.63595499239721], [-117.58841352624137, 33.635953388919596], [-117.5884149610499, 33.63595177482025], [-117.58841637843372, 33.63595014918609], [-117.58841777839284, 33.63594851201708], [-117.58841915987713, 33.635946865127806], [-117.5884205239506, 33.63594520760526], [-117.58842186845759, 33.63594353947254], [-117.58842319556749, 33.635941861608025], [-117.58842450418877, 33.63594017312178], [-117.58842579433522, 33.635938474915356], [-117.58842706600687, 33.63593676698871], [-117.5884283181259, 33.63593504935344], [-117.58842955177006, 33.635933321998], [-117.58852989542657, 33.635791394509965], [-117.58853038077993, 33.63579070942517], [-117.5885308704583, 33.63579002519563], [-117.58853136339773, 33.63578934273441], [-117.58853185852044, 33.63578866205316], [-117.5885323569042, 33.63578798314023], [-117.58853285853515, 33.63578730509414], [-117.58853336234938, 33.63578662882796], [-117.58853387048865, 33.63578595341702], [-117.5885343797472, 33.635785280699125], [-117.58853489333077, 33.63578460883646], [-117.58853540909759, 33.63578393875379], [-117.58853592811163, 33.635783269537825], [-117.58853645040058, 33.63578260299182], [-117.58853697485897, 33.63578193732419], [-117.5885375025784, 33.63578127342491], [-117.58853803248108, 33.63578061130557], [-117.58853856564481, 33.63577995095458], [-117.58853910205576, 33.635779291470406], [-117.58853964064996, 33.63577863376614], [-117.5885401825191, 33.63577797873175], [-117.58854072763538, 33.63577732456417], [-117.588541274935, 33.63577667217655], [-117.5885418254818, 33.63577602065576], [-117.58854237822574, 33.635775371816436], [-117.58854293423069, 33.63577472474547], [-117.58854349348286, 33.63577407854124], [-117.58854405493213, 33.63577343501853], [-117.58854461962862, 33.63577279236266], [-117.58854518650837, 33.635772151486655], [-117.58854575664921, 33.635771512379094], [-117.58854632898712, 33.6357708759529], [-117.58854690457223, 33.63577024039358], [-117.58854748234063, 33.63576960661415], [-117.58854806337008, 33.6357689746031], [-117.58854864766057, 33.63576834436042], [-117.58854923413435, 33.635767715897636], [-117.58854982279138, 33.63576708921478], [-117.58855041470945, 33.635766464300254], [-117.58855100882462, 33.63576584206722], [-117.58855160618697, 33.63576522070103], [-117.58855220681043, 33.63576460110316], [-117.58855280853932, 33.6357639832968], [-117.58855341462092, 33.635763368148716], [-117.58855402179417, 33.63576275389064], [-117.58855463332006, 33.635762142290865], [-117.58855524593761, 33.635761531581075], [-117.58855586183005, 33.63576092354114], [-117.58855648098356, 33.635760317269586], [-117.58855710124249, 33.63575971278952], [-117.58855772584032, 33.63575911006622], [-117.58855835154354, 33.635758509134426], [-117.5885589805079, 33.635757909971], [-117.58855961274708, 33.63575731347744], [-117.58856024607796, 33.63575671787389], [-117.58856088268367, 33.63575612494019], [-117.58856152255048, 33.63575553377486], [-117.5885621646005, 33.635754944389454], [-117.58856280884763, 33.63575435768549], [-117.58856345526422, 33.63575377185997], [-117.58856410495567, 33.635753188704264], [-117.5885647568304, 33.63575260732851], [-117.58856541196614, 33.63575202772112], [-117.58856606822121, 33.63575145080674], [-117.5885667277235, 33.63575087475922], [-117.58856739050071, 33.6357503013816], [-117.58856805438333, 33.635749729795414], [-117.58856872154088, 33.635749160879136], [-117.5885693908817, 33.63574859374281], [-117.58857006240575, 33.635748028386445], [-117.58857073719088, 33.63574746479839], [-117.58857141417303, 33.63574690389178], [-117.58857209333853, 33.635746344765124], [-117.58857277468726, 33.63574578741837], [-117.58857345929702, 33.63574523183995], [-117.58857414502609, 33.63574467895462], [-117.58857483403008, 33.635744128739155], [-117.5885755252035, 33.63574357940205], [-117.58857621857398, 33.635743032746475], [-117.58857691520554, 33.63574248785919], [-117.5885776129564, 33.63574194566498], [-117.58857831396831, 33.6357414052391], [-117.5885790171773, 33.635740867494725], [-117.58857972149177, 33.635740331541776], [-117.58858043014506, 33.635739797345664], [-117.5885811399177, 33.63573926584257], [-117.58858185187356, 33.63573873611939], [-117.58858256601269, 33.63573820817617], [-117.58858328342674, 33.63573768290282], [-117.58858400196007, 33.63573716032249], [-117.5885847237406, 33.635736638608996], [-117.58858544665426, 33.63573612049007], [-117.58858617281518, 33.63573560323794], [-117.58858690010923, 33.63573508958042], [-117.58858763065048, 33.6357345767897], [-117.5885883623249, 33.63573406759353], [-117.58858909724648, 33.63573355926421], [-117.58858983437901, 33.6357330545179], [-117.588590573681, 33.63573255064994], [-117.58859131518011, 33.63573204946345], [-117.58864761685673, 33.63569413837264], [-117.58864864762855, 33.63569345103645], [-117.58864968822513, 33.63569277170992], [-117.5886507365046, 33.63569210131772], [-117.58865179354483, 33.63569143984832], [-117.58865285719017, 33.63569078732482], [-117.58865392959622, 33.635690143724126], [-117.58865500968525, 33.63568950905778], [-117.58865609745725, 33.635688883325805], [-117.58865719183436, 33.63568826653978], [-117.58865829390824, 33.63568765958961], [-117.58865940366506, 33.63568706157381], [-117.58866052002703, 33.63568647250393], [-117.58866164408575, 33.63568589326997], [-117.58866277476346, 33.63568532388344], [-117.58866391204634, 33.63568476344286], [-117.58866505594817, 33.63568421284975], [-117.588666206469, 33.63568367210411], [-117.58866736360878, 33.635683141205945], [-117.58866852627597, 33.63568261926532], [-117.58866969557593, 33.63568210807364], [-117.58867087148111, 33.6356816058279], [-117.58867205294122, 33.63568111434276], [-117.58867324100656, 33.63568063180353], [-117.58867443354906, 33.635680160036486], [-117.5886756327106, 33.63567969811689], [-117.58867683633547, 33.63567924606794], [-117.58867804657937, 33.635678803866426], [-117.58867926130054, 33.63567837243706], [-117.58868048049887, 33.63567795177986], [-117.58868170630238, 33.63567754006861], [-117.58868293551922, 33.63567714004262], [-117.58868417026333, 33.635676748974156], [-117.58868540949852, 33.635676369579365], [-117.58868665319716, 33.635676000055184], [-117.58868790135918, 33.6356756404016], [-117.58868915292064, 33.63567529153179], [-117.5886904100371, 33.635674953422544], [-117.58869167055306, 33.63567462609705], [-117.58869293446843, 33.63567430955524], [-117.5886942028472, 33.63567400288413], [-117.58869547463922, 33.635673707898185], [-117.5886967498169, 33.635673422794504], [-117.58869802731618, 33.63567314848611], [-117.58869930929274, 33.63567288494986], [-117.58870059466872, 33.63567263219734], [-117.58870188236634, 33.63567239024016], [-117.58870317239948, 33.63567215997984], [-117.58870446581821, 33.635671939601636], [-117.58870576155861, 33.635671730018764], [-117.58870706071225, 33.6356715321212], [-117.588708361096, 33.635671344128944], [-117.58870966381517, 33.63567116783354], [-117.58871096885599, 33.63567100233348], [-117.58871227514067, 33.63567084764025], [-117.58871358374707, 33.635670703742356], [-117.58871489468888, 33.6356705715413], [-117.5887162057968, 33.6356704501587], [-117.58871751922634, 33.635670339571384], [-117.58871883389976, 33.635670239790954], [-117.58872014983088, 33.635670151719], [-117.58872146591428, 33.63567007356391], [-117.58872278326912, 33.63567000801878], [-117.58872410185404, 33.63566995237905], [-117.58872542061887, 33.63566990845924], [-117.58872673954976, 33.63566987535791], [-117.5887280597245, 33.63566985306355], [-117.58872937898754, 33.635669841599125], [-117.5887306984305, 33.635669841854686], [-117.58873201911733, 33.635669852917175], [-117.58873333782843, 33.63566987572278], [-117.58873465778343, 33.635669909335334], [-117.58873597574893, 33.6356699537894], [-117.58873729388046, 33.63567000906204], [-117.5887386121919, 33.63567007605459], [-117.5887399285, 33.63567015298723], [-117.58874124391019, 33.63567024165144], [-117.58874255842258, 33.63567034204721], [-117.58874387093152, 33.63567045238307], [-117.58874518362043, 33.635670574438954], [-117.58874649324201, 33.635670707347984], [-117.5887478019519, 33.635670851087056], [-117.5887491086722, 33.635671005667724], [-117.58875041341693, 33.63567117199155], [-117.58875171615823, 33.63567134825547], [-117.5887530169239, 33.63567153626252], [-117.58875431570002, 33.635671735111195], [-117.58875561140887, 33.635671944813055], [-117.58875690403659, 33.635672164466534], [-117.58875819468855, 33.63567239586322], [-117.58875948227332, 33.63567263811304], [-117.58876076786851, 33.635672891204514], [-117.58876204930473, 33.63567315425917], [-117.58876332768759, 33.635673429068575], [-117.58876460300306, 33.63567371473115], [-117.58876587417346, 33.6356740112585], [-117.58876714226272, 33.63567431773751], [-117.58876840619304, 33.63567463417968], [-117.58876966706987, 33.635674962376676], [-117.58877092271001, 33.635675300548385], [-117.58877391044842, 33.635676116946115], [-117.58877690024565, 33.63567692700979], [-117.58877989217082, 33.63567773524711], [-117.58878288509084, 33.635678538063615], [-117.58878587901945, 33.635679336360774], [-117.58878887504841, 33.63568013102855], [-117.5887918731499, 33.63568092026384], [-117.58879487335174, 33.63568170586979], [-117.58879787457606, 33.635682487857906], [-117.58880087679519, 33.63568326442514], [-117.58880388110077, 33.635684036461434], [-117.58880688750664, 33.63568480486834], [-117.58880989492113, 33.635685568755946], [-117.58881290442204, 33.635686328112556], [-117.58881591385388, 33.635687082961496], [-117.5888189264499, 33.63568783326786], [-117.58882194006841, 33.63568857995643], [-117.58882495575952, 33.635689321212595], [-117.58882797247314, 33.63569005885092], [-117.58883099019539, 33.63569079196983], [-117.58883401108184, 33.63569152054629], [-117.5888370318992, 33.63569224461507], [-117.58884005481684, 33.635692965054325], [-117.58884307980705, 33.6356936800612], [-117.58884610581978, 33.63569439145024], [-117.5888491328273, 33.63569509741838], [-117.58885216193504, 33.63569579975716], [-117.5888551920515, 33.635696497576575], [-117.58885822425432, 33.63569719086505], [-117.58886125855749, 33.63569788052417], [-117.58886429385541, 33.63569856476235], [-117.58886732909804, 33.6356992453944], [-117.58887036749108, 33.635699920582354], [-117.58887340582879, 33.635700592164056], [-117.58887644625288, 33.63570125921486], [-117.58887948768565, 33.63570192174633], [-117.58888253120489, 33.63570257974683], [-117.58888557573272, 33.635703233228035], [-117.5888886212692, 33.63570388218983], [-117.58889166890594, 33.63570452752229], [-117.58889471753747, 33.63570516743382], [-117.58889776719157, 33.635705803727596], [-117.58890081784034, 33.635706434600436], [-117.58890387058949, 33.6357070618439], [-117.58890692434716, 33.635707684568054], [-117.58890997911355, 33.63570830277281], [-117.58891303488853, 33.635708916458206], [-117.58891609274997, 33.63570952561271], [-117.58891915162003, 33.63571013024788], [-117.58892221149874, 33.635710730363655], [-117.58892527347771, 33.635711326850064], [-117.58892833537367, 33.63571191792716], [-117.58893139936987, 33.635712505374876], [-117.58893446436088, 33.63571308740173], [-117.58893753037437, 33.6357136658107], [-117.58894059846038, 33.63571423878724], [-117.58894366649116, 33.63571480815757], [-117.58894673660836, 33.63571537299695], [-117.5889498077341, 33.63571593331702], [-117.58895287986853, 33.63571648911768], [-117.5889559530116, 33.63571704039904], [-117.58895902716326, 33.635717587161004], [-117.58896210340141, 33.635718129392075], [-117.58896517957034, 33.63571866711535], [-117.58896825782568, 33.63571920030771], [-117.58897133601188, 33.63571972899227], [-117.58897441628446, 33.635720253146], [-117.58897749757955, 33.63572077368179], [-117.58898057986939, 33.63572128879673], [-117.58898366209004, 33.63572179940394], [-117.58898674641094, 33.63572230638172], [-117.58898983172669, 33.63572280793864], [-117.58899291806486, 33.635723305877725], [-117.58899600539785, 33.635723798395965], [-117.58899909375326, 33.635724287296306], [-117.58900218418127, 33.63572477076421], [-117.58900527455395, 33.635725250625924], [-117.58900836593519, 33.63572572596824], [-117.58901145831126, 33.6357261958897], [-117.58901455170981, 33.63572666219332], [-117.58901764503912, 33.635727123989184], [-117.58902074044107, 33.635727580352565], [-117.58902383686542, 33.635728033098175], [-117.58902693429845, 33.635728481324364], [-117.58903003274007, 33.63572892503126], [-117.5890331310986, 33.635729363328785], [-117.58903623155747, 33.63572979799696], [-117.58903933194715, 33.63573022815735], [-117.58904243334543, 33.63573065379842], [-117.58904553681626, 33.635731074007], [-117.58904864023178, 33.63573149060933], [-117.58905174357808, 33.63573190270388], [-117.58905484901082, 33.6357323102675], [-117.58905795545213, 33.635732713311825], [-117.58906106181045, 33.635733110946774], [-117.58906417026901, 33.63573350495232], [-117.5890672786584, 33.63573389445016], [-117.58907038805637, 33.6357342794286], [-117.58907349738517, 33.63573465989928], [-117.58907565742095, 33.63573492613541], [-117.5890778154257, 33.635735200508535], [-117.58907997247725, 33.635735483006975], [-117.58908212857563, 33.635735773630884], [-117.58908428156515, 33.63573607240332], [-117.58908643358765, 33.635736378399606], [-117.58908858359308, 33.635736693434424], [-117.5890907326314, 33.63573701569312], [-117.58909288071656, 33.635737346077164], [-117.58909502569293, 33.63573768460977], [-117.58909716970227, 33.63573803036624], [-117.58909931169443, 33.635738385161204], [-117.58910145056402, 33.63573874720318], [-117.58910358848037, 33.63573911737063], [-117.58910572542968, 33.63573949476185], [-117.58910785928408, 33.6357398812032], [-117.58910999109364, 33.635740274880014], [-117.58911212087223, 33.63574067669376], [-117.58911424860601, 33.63574108574295], [-117.5891163732448, 33.63574150384222], [-117.58911849691661, 33.63574192916535], [-117.58912061747962, 33.635742362637075], [-117.58912273599778, 33.6357428033442], [-117.589124852485, 33.63574325218832], [-117.589126968019, 33.63574370915779], [-117.5891290793526, 33.63574417338593], [-117.58913118757745, 33.6357446457626], [-117.58913329484909, 33.63574512626465], [-117.58913539792032, 33.63574561402532], [-117.58913749896057, 33.63574610992291], [-117.58913959796982, 33.63574661395753], [-117.58914169385648, 33.63574712523917], [-117.58914378663435, 33.63574764466931], [-117.5891458773674, 33.635748171334974], [-117.58914796499168, 33.63574870614913], [-117.58915004949338, 33.63574924821035], [-117.58915213196408, 33.635749798408504], [-117.58915421023435, 33.63575035586528], [-117.58915628647368, 33.635750921458985], [-117.58915835959037, 33.63575149429978], [-117.58916042959834, 33.63575207528911], [-117.5891624964975, 33.63575266442696], [-117.58916456026017, 33.635753259910324], [-117.58916661983636, 33.635753863553795], [-117.58916867738151, 33.63575447533428], [-117.58917073180407, 33.63575509436177], [-117.58917278204007, 33.6357557215494], [-117.58917482913964, 33.63575635508253], [-117.58917687314425, 33.63575699766573], [-117.58917891401245, 33.63575764659442], [-117.58918095177182, 33.6357583036717], [-117.58918298533084, 33.635758968007515], [-117.58918501470332, 33.6357596405035], [-117.5891870409393, 33.63576031934499], [-117.58918906406656, 33.63576100633503], [-117.58919108300722, 33.63576170148521], [-117.58919309882528, 33.63576240388235], [-117.58919511044299, 33.63576311353815], [-117.58919711893803, 33.63576383044098], [-117.58919912323267, 33.635764554602375], [-117.58920112334083, 33.63576528692397], [-117.58920311923464, 33.63576602560255], [-117.58920511200598, 33.63576677152818], [-117.58920710059064, 33.63576752561398], [-117.58920908497497, 33.635768286958346], [-117.58921106515885, 33.635769055561354], [-117.5892130422202, 33.635769831411366], [-117.5892150140033, 33.635770614531594], [-117.58921698159988, 33.63577140581195], [-117.58921894606002, 33.63577220343771], [-117.58922090524192, 33.63577300833378], [-117.58922286130124, 33.635773820476764], [-117.58922481209623, 33.63577464079152], [-117.589226758677, 33.635775467463326], [-117.5892287010573, 33.63577630139375], [-117.58923063815946, 33.635777142594364], [-117.58923257213907, 33.635777991042], [-117.58923450084038, 33.63577884675981], [-117.5892364253414, 33.635779709736234], [-117.58923834455032, 33.635780579081306], [-117.58924025957273, 33.63578145658652], [-117.58924217038086, 33.63578234044876], [-117.58924407591088, 33.635783231581215], [-117.5892459772404, 33.63578412997233], [-117.58924787327797, 33.63578503473204], [-117.58924976403732, 33.63578594676194], [-117.58925165059631, 33.635786866050466], [-117.58925353187708, 33.635787792609186], [-117.58925540894363, 33.63578872552492], [-117.58925728073194, 33.63578966571092], [-117.58925914724219, 33.63579061316704], [-117.58926100953806, 33.63579156698023], [-117.589262865478, 33.6357925280752], [-117.58926471720376, 33.635793495527295], [-117.58926656365132, 33.635794470249515], [-117.58926840480677, 33.635795451340414], [-117.58927024068414, 33.63579643970151], [-117.58927207126942, 33.63579743443123], [-117.58927389765432, 33.63579843641956], [-117.58942860367517, 33.635883744548686], [-117.58948506331839, 33.63591487903871], [-117.5895096282554, 33.63592842530262], [-117.58951050124662, 33.63592890553742], [-117.58951138062157, 33.63592938029348], [-117.58951226314682, 33.63592984960557], [-117.58951314992794, 33.635930315265156], [-117.58951403878152, 33.63593077549233], [-117.58951493189099, 33.63593123206704], [-117.58951582922847, 33.63593168318616], [-117.58951672863851, 33.63593212887286], [-117.5895176323044, 33.63593257090708], [-117.58951853912059, 33.63593300749727], [-117.58951944908709, 33.635933438643505], [-117.58952036330946, 33.63593386613723], [-117.5895212796043, 33.635934288198584], [-117.5895221990495, 33.63593470481594], [-117.58952312167266, 33.635935117792336], [-117.58952404851014, 33.63593552441168], [-117.58952497744777, 33.635935927401654], [-117.58952590953578, 33.63593632494762], [-117.58952684477407, 33.63593671704965], [-117.58952778317658, 33.635937104609205], [-117.58952872365154, 33.63593748673638], [-117.58952966836851, 33.63593786430948], [-117.58953061517182, 33.63593823735171], [-117.58953156403388, 33.635938604059994], [-117.58953251715164, 33.6359389671158], [-117.58953347232811, 33.635939323837675], [-117.58953442959101, 33.63593967602861], [-117.589535391082, 33.635940022764025], [-117.58953635358151, 33.63594036498019], [-117.58953731923134, 33.6359407017523], [-117.58953828803153, 33.63594103308045], [-117.58953925891808, 33.63594135987771], [-117.58954023187714, 33.635941681242606], [-117.58954120798653, 33.63594199716346], [-117.58954218616843, 33.63594230765193], [-117.58954316643668, 33.635942613609544], [-117.58954414877746, 33.635942914134695], [-117.58954513426859, 33.635943209215895], [-117.58954612075436, 33.635943498876266], [-117.58954711040435, 33.635943783994165], [-117.58954810211301, 33.63594406277812], [-117.58954909590803, 33.635944337031226], [-117.58955009177558, 33.63594460585192], [-117.5895510897156, 33.635944869240234], [-117.58955208972817, 33.635945127196074], [-117.58955309074935, 33.635945380632656], [-117.58955409490692, 33.6359456277237], [-117.58955510007308, 33.63594587029545], [-117.58955610729791, 33.63594610653331], [-117.5895571166091, 33.63594633824023], [-117.58955812691502, 33.63594656452636], [-117.58955913927964, 33.63594678447854], [-117.58956015373056, 33.635946999899815], [-117.58956117025403, 33.635947209888734], [-117.58956218669445, 33.635947414468376], [-117.58956320628509, 33.63594761360402], [-117.58956422685667, 33.63594780641734], [-117.58956524843684, 33.63594799471134], [-117.58956627208943, 33.635948177572935], [-117.5895672967368, 33.635948355013674], [-117.58956832236503, 33.6359485261321], [-117.58956934900182, 33.63594869273121], [-117.58957037771108, 33.63594885389792], [-117.5895714074013, 33.63594900874222], [-117.5895724381, 33.63594915906731], [-117.5895734708574, 33.635949303058375], [-117.58957450353171, 33.635949441640264], [-117.58957553720073, 33.63594957480129], [-117.58957657294229, 33.635949702529906], [-117.58957760860073, 33.635949824849305], [-117.58957864633169, 33.63594994173624], [-117.58957968397955, 33.63595005321399], [-117.5895807226222, 33.635950159270855], [-117.58958176224566, 33.63595025900541], [-117.589582801786, 33.635950353330685], [-117.58958384233496, 33.635950443136714], [-117.58958488386479, 33.635950526620356], [-117.58958592638925, 33.63595060468317], [-117.58958696881686, 33.635950676435144], [-117.58958801225299, 33.63595074366788], [-117.58958905667, 33.635950804578286], [-117.58959009993997, 33.63595086099253], [-117.58959114526856, 33.635950911072804], [-117.58959219051411, 33.63595095574388], [-117.58959323566269, 33.63595099410415], [-117.58959428074208, 33.6359510279567], [-117.58959532681615, 33.63595105638845], [-117.58959637279327, 33.635951078509436], [-117.58959741868732, 33.635951095221166], [-117.58959846449825, 33.635951106523606], [-117.5895995112901, 33.635951111503736], [-117.58960055801268, 33.635951111976134], [-117.58960160356051, 33.63595110614929], [-117.58960265010307, 33.63595109490167], [-117.5896036965625, 33.63595107824484], [-117.58960474186107, 33.6359510561903], [-117.58960578815436, 33.63595102871497], [-117.58960683327291, 33.6359509949404], [-117.58960787830839, 33.635950955756606], [-117.58960995002897, 33.63595087578285], [-117.58961202183274, 33.63595080121822], [-117.58961409371949, 33.635950732062874], [-117.58961616570325, 33.63595066921822], [-117.58961823775621, 33.635950610881245], [-117.58962031097009, 33.63595055794188], [-117.58962238318925, 33.63595051042333], [-117.58962445658311, 33.63595046920389], [-117.58962653004625, 33.63595043249216], [-117.58962860252855, 33.6359504021027], [-117.58963067615785, 33.635950376209365], [-117.58963274988405, 33.63595035662672]]], [[[-117.61355253437266, 33.637100801172004], [-117.61343141745715, 33.63724187724938], [-117.61488892967348, 33.637462168711046], [-117.61675469706927, 33.637744139695435], [-117.61676128540535, 33.63774514497414], [-117.6167678738264, 33.637746155661674], [-117.61677446016266, 33.63774717088014], [-117.61678104550596, 33.63774819151936], [-117.61678762984226, 33.63774921667768], [-117.61679421319987, 33.63775024815826], [-117.6168007944726, 33.63775128416978], [-117.61680737473833, 33.63775232470049], [-117.61681395510307, 33.637753371541564], [-117.61682053338305, 33.63775442291359], [-117.61682710959231, 33.63775547971818], [-117.6168336858724, 33.637756541030065], [-117.61684026115961, 33.63775760776257], [-117.61684683329825, 33.63775867993955], [-117.61685340550775, 33.63775975662376], [-117.61685997672436, 33.63776083872864], [-117.61686654694812, 33.63776192625422], [-117.61687311510119, 33.63776301921232], [-117.61687968224723, 33.637764116689574], [-117.61688624838632, 33.63776521868599], [-117.61689281354664, 33.63776632700465], [-117.61689937768581, 33.63776743894085], [-117.61690593976847, 33.63776855721118], [-117.61691250192192, 33.63776967998878], [-117.61691906200473, 33.637770808198894], [-117.61692562001686, 33.637771941841535], [-117.61693217811393, 33.63777308089306], [-117.61693873412618, 33.63777422447553], [-117.61694528913145, 33.63777537257719], [-117.616951843158, 33.637776527001], [-117.61695839509974, 33.63777768595591], [-117.61696494604857, 33.63777885033138], [-117.6169714959905, 33.63778001922606], [-117.61697804493953, 33.63778119354138], [-117.61698459181791, 33.637782373289305], [-117.61699113768931, 33.63778355755632], [-117.61699768149003, 33.63778474725589], [-117.61700422536155, 33.63778594146269], [-117.61701076717658, 33.637787142003624], [-117.61701730798465, 33.63778834706369], [-117.6170238467079, 33.637789556654766], [-117.61703038551612, 33.6377907716547], [-117.61703692225373, 33.637791992087145], [-117.61704345692063, 33.637793217952066], [-117.61704999058057, 33.63779444833619], [-117.6170565232335, 33.63779568323941], [-117.61706305382995, 33.63779692447672], [-117.61706958341942, 33.63779817023321], [-117.61707611200191, 33.637799420508806], [-117.61708263852793, 33.637800677118484], [-117.6170891640469, 33.637801938247314], [-117.61709568855896, 33.63780320389527], [-117.61710221100039, 33.63780447497581], [-117.61710873244897, 33.637805751476975], [-117.6171152507632, 33.63780703432401], [-117.61712176913413, 33.63780832077689], [-117.61712828542036, 33.63780961176076], [-117.6171348007278, 33.63781090906682], [-117.61714131501422, 33.63781220999052], [-117.61714782724411, 33.637813517248276], [-117.61715433846703, 33.63781482902517], [-117.61716084869715, 33.63781614622276], [-117.61716735684249, 33.63781746795132], [-117.61717386291721, 33.637818795112445], [-117.61718036799905, 33.63782012769425], [-117.617186872074, 33.63782146479518], [-117.61719337407835, 33.6378228073287], [-117.61719987507566, 33.6378241543813], [-117.61720637400236, 33.63782550686644], [-117.61721287193627, 33.63782686477237], [-117.61721936778541, 33.63782822720916], [-117.61722586264175, 33.63782959506668], [-117.61723235542748, 33.63783096835675], [-117.61723884720621, 33.63783234616597], [-117.61724533690021, 33.637833728506166], [-117.61725182561557, 33.63783511716862], [-117.61725831223195, 33.637836509460485], [-117.61726479786975, 33.63783790807459], [-117.61727128142276, 33.6378393112197], [-117.61727776396883, 33.63784071888395], [-117.61728424445843, 33.63784213288225], [-117.61729072284912, 33.63784355051002], [-117.6172972024168, 33.63784497443638], [-117.6173036777441, 33.63784640291741], [-117.61731015206443, 33.637847835917526], [-117.61731662431418, 33.637849274350216], [-117.61732309557112, 33.63785071820363], [-117.61732956583529, 33.6378521674777], [-117.6173360329086, 33.637853619491466], [-117.61734249901738, 33.63785507872909], [-117.61734896411929, 33.63785654248585], [-117.61735542713642, 33.63785801077362], [-117.61736188809705, 33.6378594853954], [-117.61736834803663, 33.63786096363485], [-117.61737480591982, 33.63786244820837], [-117.61738126279604, 33.63786393730103], [-117.61738771650964, 33.63786543093651], [-117.61739416923054, 33.637866929992704], [-117.61740062095863, 33.637868434469574], [-117.61741505892572, 33.63787181972538], [-117.61742948975919, 33.637875231206856], [-117.61744391128917, 33.637878668035995], [-117.6174583245795, 33.63788212929959], [-117.61747272856637, 33.63788561591091], [-117.61748712432775, 33.63788912785813], [-117.61750151078569, 33.63789266515314], [-117.61751588900394, 33.63789622688253], [-117.617530257933, 33.63789981486121], [-117.61754461754455, 33.637903427286076], [-117.61755896893064, 33.63790706504694], [-117.61757331207706, 33.63791072724221], [-117.6175876448423, 33.63791441479709], [-117.61760196830434, 33.63791812769967], [-117.6176162824489, 33.637921865048575], [-117.6176305872902, 33.637925627745204], [-117.61764488173628, 33.63792941489997], [-117.6176591668791, 33.637933227402414], [-117.61767344379648, 33.637937065240905], [-117.61768771031868, 33.63794092753749], [-117.61770196753767, 33.637944815181825], [-117.61771621436148, 33.63794872728429], [-117.61773045188212, 33.637952664734534], [-117.61774467899346, 33.63795662574136], [-117.61775889680166, 33.63796061209595], [-117.61777310530665, 33.63796462379842], [-117.61778730235282, 33.637968660872325], [-117.61780149006759, 33.637972721490975], [-117.61781566740143, 33.6379768074693], [-117.61782983435432, 33.63798091880724], [-117.6178439930678, 33.637985054579616], [-117.61785813923058, 33.637989214833844], [-117.61787227499828, 33.63799339954616], [-117.61788640038509, 33.63799760961816], [-117.6179005153627, 33.63800184324681], [-117.61791461997362, 33.63800610313658], [-117.61792871418952, 33.63801038748452], [-117.61794279584059, 33.63801469541278], [-117.61795686817459, 33.6380190277873], [-117.61797093012767, 33.63802338552154], [-117.61798498060799, 33.63802776772573], [-117.61799901961554, 33.63803217439996], [-117.61801304822812, 33.638036605532285], [-117.61802706535383, 33.63804106023311], [-117.61804107209872, 33.63804554029366], [-117.61805506737092, 33.63805004482422], [-117.61806905117035, 33.63805457382476], [-117.61808302349708, 33.63805912729531], [-117.61809698433693, 33.6380637043343], [-117.6181109337183, 33.638068306744906], [-117.61812487269061, 33.63807293271213], [-117.61813879911243, 33.638077583161234], [-117.6181527140757, 33.63808225898194], [-117.6181666175522, 33.638086958371076], [-117.61818050847825, 33.63809168224211], [-117.61819438791748, 33.638096429681624], [-117.61820825589821, 33.638101202492784], [-117.61822211023657, 33.63810599889603], [-117.618235954166, 33.63811081885604], [-117.61824978557325, 33.63811566510099], [-117.61826360547967, 33.63812053401289], [-117.61827741282156, 33.638125426505184], [-117.61829120762717, 33.638130344380926], [-117.61830498986822, 33.63813528583701], [-117.6183187606226, 33.63814025086165], [-117.61833251882663, 33.63814524036819], [-117.61834626446611, 33.638150253455116], [-117.61835999647747, 33.638155291035794], [-117.61837371700217, 33.63816035218503], [-117.61838742497655, 33.638165437816184], [-117.61840111930859, 33.63817054703963], [-117.618414803246, 33.63817568072128], [-117.61842847244917, 33.63818083710549], [-117.61844212910205, 33.63818601797158], [-117.61845577211268, 33.63819122242995], [-117.61846940257303, 33.63819645137035], [-117.61848301939118, 33.63820170390295], [-117.61849662364486, 33.63820698001595], [-117.61851021317852, 33.63821227973306], [-117.6185237912398, 33.63821760392031], [-117.61853735564472, 33.6382229507983], [-117.61855090642158, 33.63822832217014], [-117.61856444464827, 33.6382337180239], [-117.61857796814076, 33.63823913658025], [-117.61859147906897, 33.63824457871712], [-117.61860497527714, 33.63825004445803], [-117.618618458921, 33.63825553377947], [-117.61863192783076, 33.63826104580349], [-117.61864538419034, 33.63826658230952], [-117.61865882583, 33.638272142419645], [-117.6186722538134, 33.6382777252206], [-117.61868566709101, 33.63828333252726], [-117.61869906671232, 33.63828896252468], [-117.61871245376943, 33.63829461610257], [-117.61872582609244, 33.63830029238312], [-117.61873918261772, 33.63830599227971], [-117.6187525265788, 33.63831171575681], [-117.61876585474218, 33.63831746284984], [-117.61877916924934, 33.63832323263371], [-117.61889243695632, 33.63829528970285], [-117.61904698759196, 33.63806783689707], [-117.618577949364, 33.63784048848875], [-117.61838957833645, 33.637590787394856], [-117.61850881305541, 33.63713734710075], [-117.61891640496255, 33.63687066686599], [-117.61945985117671, 33.63746023085204], [-117.61976879198764, 33.637005556054504], [-117.61977715834716, 33.63699327415134], [-117.61978556055523, 33.63698100988742], [-117.61979399861168, 33.63696876326273], [-117.61980247034685, 33.63695653339943], [-117.61981097790225, 33.63694431937228], [-117.61981951915043, 33.63693212300802], [-117.6198280962329, 33.636919943381436], [-117.61983670700822, 33.63690778141775], [-117.61984535253994, 33.636895636203526], [-117.61985403282814, 33.63688350773882], [-117.61986274790115, 33.6368713978267], [-117.61987149773053, 33.636859304664036], [-117.61988028123858, 33.63684722826268], [-117.6198890995172, 33.63683516951236], [-117.61989795148851, 33.636823128424844], [-117.61990683824459, 33.63681110588988], [-117.61991575867924, 33.63679910011618], [-117.61992471389861, 33.636787112895], [-117.61993370173288, 33.636775143348444], [-117.61994272435187, 33.63676319235444], [-117.61995178172718, 33.63675125810982], [-117.61996087280934, 33.636739342429486], [-117.61996999759842, 33.63672744531355], [-117.61997915609427, 33.63671556676188], [-117.61998834828283, 33.63670370587299], [-117.61999757417819, 33.636691863548386], [-117.6200068348582, 33.63668003977622], [-117.62001612815313, 33.636668233678655], [-117.62002545516893, 33.63665644704689], [-117.62003481695521, 33.636644678066], [-117.62004421138464, 33.63663292856279], [-117.62005363842889, 33.636621196734104], [-117.6200630992082, 33.636609485272764], [-117.62007259368019, 33.63659779147409], [-117.62008212079523, 33.636586117153065], [-117.6200916816029, 33.63657446049471], [-117.62010127399009, 33.636562824227305], [-117.62011090116174, 33.6365512065123], [-117.62012056099066, 33.63653960917639], [-117.62013025452637, 33.63652803040468], [-117.6201399807051, 33.63651647111057], [-117.62014973951277, 33.63650493039243], [-117.62015953097767, 33.6364934100534], [-117.6201693550856, 33.636481909191914], [-117.62017921183666, 33.63647042780798], [-117.6201891012307, 33.63645896590153], [-117.62019902543754, 33.63644752435045], [-117.6202089801319, 33.636436102300635], [-117.6202189674834, 33.63642470062981], [-117.62022898746375, 33.63641331753498], [-117.62023903903766, 33.63640195573251], [-117.62024912324041, 33.63639061250606], [-117.62025924011459, 33.63637929056015], [-117.62026938855384, 33.63636798810354], [-117.62027956966452, 33.6363567069274], [-117.62028978234035, 33.63634544524061], [-117.62030002767332, 33.636334203932805], [-117.62031030458563, 33.636322983015845], [-117.62032061416929, 33.63631178337937], [-117.62033095530391, 33.63630060233059], [-117.62034132804624, 33.63628944347574], [-117.62035173236785, 33.63627830501164], [-117.62036216828298, 33.63626718783986], [-117.62037263685524, 33.636256091047024], [-117.62038313592896, 33.63624501465681], [-117.62039366767398, 33.63623395954703], [-117.62040422993469, 33.63622292574141], [-117.62041482271104, 33.636211913239826], [-117.62042544814452, 33.636200921117215], [-117.6204361040936, 33.63618995029871], [-117.62044679058673, 33.63617900258737], [-117.620457508645, 33.636168074365195], [-117.62046825829664, 33.6361571674353], [-117.62047903955595, 33.636146282699116], [-117.62048985133083, 33.63613541926707], [-117.62050069362142, 33.63612457713904], [-117.62051156642762, 33.63611375631508], [-117.62052247084141, 33.63610295768489], [-117.62053340577084, 33.63609218035871], [-117.62054437123007, 33.63608142523814], [-117.62055536829685, 33.63607069231122], [-117.62056639480153, 33.6360599807002], [-117.62057745183589, 33.63604929129471], [-117.6205885394001, 33.63603862409482], [-117.62059965749404, 33.636027979100454], [-117.62061080501168, 33.636017354520334], [-117.62062198200964, 33.63600675396066], [-117.6206331906151, 33.63599617559467], [-117.62064442867258, 33.63598561944606], [-117.6206556972598, 33.635975085502864], [-117.62066699637681, 33.635964573765214], [-117.62067832388212, 33.63595408515826], [-117.62068968191724, 33.63594361875677], [-117.62070107049624, 33.635933175462306], [-117.62071248744944, 33.635922754396994], [-117.62072393494655, 33.63591235643864], [-117.62073541298761, 33.63590198158723], [-117.62074691940279, 33.635891628965], [-117.62075845531251, 33.63588130126459], [-117.62169279853543, 33.63505405366729], [-117.62198247536594, 33.63479500225649], [-117.6230503577625, 33.633840006432756], [-117.62306624405291, 33.63382586331315], [-117.62308218490791, 33.63381176287165], [-117.62309818037001, 33.63379770781265], [-117.62311423147439, 33.63378369541978], [-117.62313033717174, 33.63376972750787], [-117.62314649637004, 33.63375580318732], [-117.62316271016127, 33.633741923347685], [-117.62317897854538, 33.63372808798901], [-117.6231953004447, 33.63371429712312], [-117.62321167585912, 33.63370055075004], [-117.62322810478877, 33.633686848869665], [-117.62324458833966, 33.63367319327329], [-117.62326112431381, 33.63365958127988], [-117.62327771383147, 33.633646015582286], [-117.62329435794204, 33.63363249436548], [-117.62331105236295, 33.63361901948001], [-117.6233278003131, 33.633605589988704], [-117.62334460072907, 33.63359220680497], [-117.62336145251895, 33.63357886903911], [-117.62337835678875, 33.63356557848233], [-117.62339531135463, 33.63355233335518], [-117.62341231946411, 33.63353913452368], [-117.6234293789758, 33.63352598291302], [-117.62344648987549, 33.63351287762166], [-117.62346365109974, 33.633499819563006], [-117.62348086481813, 33.63348680961484], [-117.62349812883272, 33.63347384509625], [-117.62351544210813, 33.63346092872366], [-117.62353280677166, 33.633448058670325], [-117.62355022177393, 33.63343523675111], [-117.62356768603712, 33.63342246297788], [-117.62358519954705, 33.63340973644911], [-117.62360276339572, 33.63339705805436], [-117.62362037758317, 33.63338442779368], [-117.62363803995376, 33.633371845690775], [-117.62365575158542, 33.63335931173377], [-117.62367351357, 33.63334682681228], [-117.62369132266005, 33.63333439006035], [-117.62370918102533, 33.633322002355875], [-117.62372708757387, 33.63330966280901], [-117.62374504124213, 33.63329737233322], [-117.62376304419986, 33.633285131806254], [-117.62378109319951, 33.63327294036226], [-117.62379919039672, 33.63326079797738], [-117.62381733580557, 33.63324870555312], [-117.62383552727066, 33.633236663113294], [-117.62385376694756, 33.633224670634036], [-117.62387205374418, 33.63321272722575], [-117.62389038551926, 33.63320083381367], [-117.62390876444259, 33.63318899127555], [-117.62392718942218, 33.633177198721725], [-117.62394566047224, 33.63316545705372], [-117.62396417757864, 33.63315376536992], [-117.62398273861419, 33.63314212549722], [-117.62400134678384, 33.633130535596855], [-117.62401999994624, 33.633118996594064], [-117.62403869703786, 33.63310750940229], [-117.6240574401859, 33.63309607219472], [-117.624076228341, 33.633084686786205], [-117.62409506042535, 33.63307335318856], [-117.62411393642478, 33.63306207050038], [-117.62413285636772, 33.63305084052466], [-117.62415182022583, 33.63303966145826], [-117.62417082585775, 33.6330285342265], [-117.62418987651101, 33.633017459695175], [-117.62420897000173, 33.63300643608513], [-117.62422810745022, 33.63299546608894], [-117.62424728667261, 33.63298454792726], [-117.62426650983868, 33.632973682477925], [-117.62428577477867, 33.632962868863075], [-117.62430508152106, 33.63295210888582], [-117.62432443003742, 33.63294140074306], [-117.62434382035623, 33.63293074623782], [-117.62436325138546, 33.63292014448044], [-117.62438272421717, 33.63290959636056], [-117.62440223777368, 33.63289910189003], [-117.62442179311834, 33.632888660155416], [-117.62444138918788, 33.63287827207013], [-117.62446102599634, 33.632867938535675], [-117.62448070351543, 33.63285765774897], [-117.6245004206816, 33.632847430623436], [-117.62452017643132, 33.6328372580724], [-117.62453997292009, 33.63282714007217], [-117.62455980905601, 33.632817075733044], [-117.62457968268362, 33.63280706507879], [-117.62459959706456, 33.632797109876726], [-117.62461954893726, 33.63278720835951], [-117.62463954047134, 33.6327773614048], [-117.62465957060333, 33.63276756992612], [-117.62467963931914, 33.63275783302184], [-117.62469974446314, 33.63274815071565], [-117.62471988821935, 33.63273852478695], [-117.62474006946746, 33.632728952543005], [-117.62476028823586, 33.63271943578677], [-117.6247805434468, 33.632709974530115], [-117.6248008340226, 33.6327005687851], [-117.62482116319654, 33.632691218515774], [-117.62484152881314, 33.63268192374607], [-117.62486192979468, 33.632672684487844], [-117.6249448954866, 33.63263643465432], [-117.62563537712715, 33.63233474035559], [-117.6256441990164, 33.63233078013589], [-117.62565302425183, 33.63232682709212], [-117.62566185500324, 33.63232288210211], [-117.62567069016434, 33.63231894337467], [-117.62567952976369, 33.63231501271278], [-117.62568837378699, 33.63231108921497], [-117.62569722331193, 33.63230717286941], [-117.62570607727514, 33.6323032645894], [-117.6257149356481, 33.63229936257193], [-117.62572379953696, 33.63229546860814], [-117.62573266786401, 33.63229158270997], [-117.62574154060083, 33.63228770307436], [-117.62575041669808, 33.63228383151623], [-117.62575929829708, 33.63227996711029], [-117.62576818539783, 33.63227610985649], [-117.62577707585895, 33.632272260680224], [-117.62578597072991, 33.63226841776646], [-117.62579487113099, 33.632264583807924], [-117.62580377594192, 33.63226075611193], [-117.62581268519095, 33.632256936481554], [-117.62582159777207, 33.632253123125594], [-117.62583051588335, 33.6322493187248], [-117.62583943948212, 33.63224552057467], [-117.62584836536362, 33.63224173051398], [-117.62585729674693, 33.632237947605404], [-117.62586623256841, 33.63223417276243], [-117.62587517387739, 33.63223040417005], [-117.6258841185611, 33.632226644556695], [-117.62589306873235, 33.632222891193976], [-117.62590202226407, 33.63221914590873], [-117.62591098129752, 33.63221540777567], [-117.62591994367722, 33.632211676818535], [-117.62592891157291, 33.63220795391506], [-117.62593788497036, 33.63220423816378], [-117.6259468606506, 33.632200530501855], [-117.62595584183252, 33.63219682999211], [-117.62596482636076, 33.63219313665826], [-117.62597381640494, 33.632189451378075], [-117.62598280979546, 33.63218577327394], [-117.62599180868771, 33.632182102321856], [-117.62600081094045, 33.63217843944725], [-117.62600981761723, 33.63217478373669], [-117.62601882871806, 33.63217113519018], [-117.6260278442571, 33.63216749470926], [-117.6260368642202, 33.63216386139237], [-117.62604588860731, 33.63216023523947], [-117.62605491743265, 33.632156617152155], [-117.62606394961853, 33.63215300714235], [-117.62607298729203, 33.63214940338316], [-117.62608202834018, 33.63214580860291], [-117.62609107379818, 33.632142220085214], [-117.62610012369446, 33.63213863963306], [-117.62610917801474, 33.6321350663449], [-117.62611823677334, 33.632131501122366], [-117.62612729995597, 33.63212794306381], [-117.62613636649915, 33.63212439308275], [-117.62614543962188, 33.63212085024195], [-117.62615451502731, 33.63211731549045], [-117.62616359377913, 33.63211378791484], [-117.62617267803269, 33.63211026749144], [-117.62618176672456, 33.63210675513359], [-117.62619085876277, 33.63210324995161], [-117.62619995523923, 33.6320997528352], [-117.62620905506202, 33.632096262894706], [-117.62621816040085, 33.632092781007906], [-117.62622726908604, 33.63208930629698], [-117.62623638220946, 33.632085839651616], [-117.62624549867924, 33.632082380182204], [-117.62625462065083, 33.632078927864896], [-117.62626374598295, 33.63207548362502], [-117.62627287359791, 33.63207204747451], [-117.62628200779243, 33.6320686184642], [-117.62629114533334, 33.63206519662981], [-117.62630028731249, 33.63206178286094], [-117.62630943265222, 33.63205837716954], [-117.62631858241605, 33.63205497864211], [-117.62632773660394, 33.63205158727874], [-117.62633689415242, 33.632048203992824], [-117.62634605613923, 33.63204482877241], [-117.62635522147235, 33.632041460727926], [-117.62636439232156, 33.63203810073708], [-117.62637356651713, 33.63203474792214], [-117.62638274405907, 33.63203140228308], [-117.62639192605351, 33.63202806561112], [-117.62640111245787, 33.632024735201625], [-117.62641030223703, 33.63202141377108], [-117.62641949534833, 33.63201809861492], [-117.62642869291219, 33.63201479242581], [-117.62643789490015, 33.632011493400704], [-117.6264471002345, 33.63200820155153], [-117.62645631000713, 33.63200491776789], [-117.62646552314044, 33.63200164206161], [-117.62647474069784, 33.63199837351935], [-117.62648396160156, 33.63199511215303], [-117.6264931858802, 33.63199185976563], [-117.62650241458293, 33.63198861454226], [-117.62651164770979, 33.63198537648286], [-117.62652088419725, 33.631982146500924], [-117.62653012404533, 33.631978924596346], [-117.62660025092022, 33.63195453293513], [-117.62659792805691, 33.63126779484265], [-117.62659479545184, 33.63034229085473], [-117.62658869143822, 33.62853781416637], [-117.62661471431699, 33.62807838060839], [-117.62669166477336, 33.6267196866349], [-117.62691114639023, 33.62281903649225], [-117.62694365515078, 33.62225348844139], [-117.62667305259434, 33.62103751386008], [-117.62661529211304, 33.62077792348168], [-117.62622711020605, 33.61900620030769], [-117.62731979705703, 33.61428466007689], [-117.6275473370934, 33.61291157584477], [-117.6318104247953, 33.60438467978717], [-117.63256719578526, 33.60287081444051], [-117.6341369934529, 33.59973037453343], [-117.63746583952792, 33.59748203486111], [-117.63741190759428, 33.59742610055065], [-117.63711564379335, 33.59711908227712], [-117.63710673029048, 33.59673389144219], [-117.63783998750303, 33.596059683051806], [-117.63849066947658, 33.59604773780784], [-117.63905182138397, 33.59623259389315], [-117.63913869625533, 33.596261212824736], [-117.63908906304952, 33.59573632615537], [-117.63908583059671, 33.59570214889658], [-117.63908328581833, 33.59567522808589], [-117.63903226442342, 33.595135655444786], [-117.63900135115875, 33.594808723502275], [-117.6388807959566, 33.59353375672773], [-117.63887624599579, 33.593485639379466], [-117.63874236755655, 33.59206973022415], [-117.6386683668433, 33.59128706866328], [-117.6386638001857, 33.59123876752252], [-117.63862664795272, 33.59084581439532], [-117.6385011162447, 33.589547953271335], [-117.63849731066482, 33.589508604756176], [-117.63845102011896, 33.58902998771636], [-117.63844251948288, 33.58894210501051], [-117.6387047107925, 33.58845962744473], [-117.63896499202484, 33.587980656524564], [-117.63927713106122, 33.58740625005644], [-117.63938017690772, 33.58721662204984], [-117.63941956459024, 33.58714413656127], [-117.63726050135611, 33.586017119321426], [-117.63484492161437, 33.58475695165494], [-117.634842358903, 33.58475561316091], [-117.63483979405171, 33.58475427559232], [-117.63483722921481, 33.58475293892519], [-117.63483466331515, 33.58475160317158], [-117.63483209741551, 33.584750267417874], [-117.63482953046743, 33.58474893347918], [-117.63482696353378, 33.58474760044202], [-117.63482439552301, 33.58474626741676], [-117.63482182646379, 33.584744936206505], [-117.63481925740462, 33.584743604996184], [-117.63481668729702, 33.584742275600846], [-117.6348141161123, 33.58474094621755], [-117.63481154495624, 33.58473961863721], [-117.63480897272315, 33.584738291068774], [-117.63480640050446, 33.58473696440182], [-117.63480382722298, 33.58473563864836], [-117.63480125395587, 33.58473431379642], [-117.63479867853455, 33.58473298896833], [-117.6347961042334, 33.58473166683288], [-117.63479352777799, 33.584730344721294], [-117.6347909513369, 33.584729023511244], [-117.63478837489593, 33.584727702301066], [-117.63478579740654, 33.584726382905984], [-117.63478321885431, 33.58472506442433], [-117.63478064031649, 33.58472374684414], [-117.63477806071589, 33.58472243017749], [-117.63477548003823, 33.5847211135227], [-117.63477289938926, 33.58471979867097], [-117.63477031767748, 33.584718484732704], [-117.63476773596582, 33.584717170794335], [-117.63476515320569, 33.58471585867106], [-117.63476256936843, 33.584714546559674], [-117.63475998554557, 33.584713235349746], [-117.63475740067429, 33.584711925954835], [-117.63475481580305, 33.58471061655993], [-117.634752229869, 33.584709308078416], [-117.63474964396372, 33.58470800139999], [-117.63474705698127, 33.58470669473347], [-117.6347444689361, 33.58470538898038], [-117.63474187982814, 33.58470408414081], [-117.63473929181174, 33.58470278019077], [-117.63473670165538, 33.58470147716613], [-117.63473411151342, 33.58470017504294], [-117.6347315203087, 33.584698873833254], [-117.63472892911831, 33.58469757352507], [-117.63472633686521, 33.584696274130366], [-117.63472374462646, 33.584694975637106], [-117.63472115132488, 33.584693678057306], [-117.63471855694631, 33.584692380489486], [-117.6347159625964, 33.58469108472468], [-117.63471336718368, 33.58468978987336], [-117.6347107706939, 33.58468849503394], [-117.6347081742328, 33.58468720199753], [-117.63470557777181, 33.584685908961056], [-117.63470298026235, 33.58468461773965], [-117.63470038167574, 33.584683326530126], [-117.63469778311789, 33.58468203712367], [-117.63469518349721, 33.58468074863064], [-117.63469258281378, 33.58467946105105], [-117.63468998213042, 33.58467817347145], [-117.63468738038434, 33.584676886805305], [-117.63468477865257, 33.58467560104067], [-117.63468217587236, 33.58467431709102], [-117.6346795730922, 33.5846730331413], [-117.63467696924928, 33.5846717501051], [-117.6346743643436, 33.58467046798232], [-117.63467175945229, 33.58466918676101], [-117.63466915349817, 33.584667906453255], [-117.63466654755851, 33.58466662704691], [-117.634663940556, 33.58466534855403], [-117.63466133249072, 33.584664070974625], [-117.63465872443989, 33.584662794296726], [-117.63465611424903, 33.584661518544266], [-117.63465350514977, 33.58466024368131], [-117.6346508949734, 33.584658968830276], [-117.63464828482573, 33.58465769578227], [-117.63464567361528, 33.58465642364772], [-117.63464306134209, 33.58465515242669], [-117.63464044906891, 33.584653881205554], [-117.63463783574728, 33.58465261179942], [-117.6346352224257, 33.58465134239323], [-117.6346326080557, 33.58465007480209], [-117.63462999260861, 33.584648807222806], [-117.63462737719018, 33.584647541446586], [-117.63462476069466, 33.584646275682324], [-117.63462214422789, 33.584645011721086], [-117.63461952668398, 33.58464374777172], [-117.63461690916877, 33.58464248562544], [-117.63461429057645, 33.584641223491005], [-117.63461167092142, 33.58463996227011], [-117.63460905128068, 33.58463870195067], [-117.6346064316687, 33.584637443434296], [-117.63460380990247, 33.58463618494179], [-117.63460118815061, 33.58463492735078], [-117.63459856641312, 33.58463367066121], [-117.63459594361285, 33.58463241488512], [-117.63459331974981, 33.58463116002254], [-117.6345906959154, 33.58462990696295], [-117.63458807208117, 33.58462865390336], [-117.63438907049036, 33.58471216873486], [-117.63433959845672, 33.58468879901729], [-117.63407349405152, 33.584563468679264], [-117.63391672782083, 33.58448967823], [-117.63398327828389, 33.584369618118316], [-117.63398036909616, 33.58436850888224], [-117.63397745883135, 33.58436739965803], [-117.63397454750375, 33.58436629134731], [-117.63397163620486, 33.58436518483955], [-117.63396872384315, 33.5843640792453], [-117.63396581149584, 33.5843629745525], [-117.63396289808573, 33.58436187077312], [-117.63395998468998, 33.584360767895255], [-117.63395707132293, 33.5843596668204], [-117.63395415580163, 33.58435856576941], [-117.63395124030897, 33.584357466521475], [-117.63394832483074, 33.58435636817496], [-117.63394540828968, 33.584355270741895], [-117.63394249068583, 33.58435417422233], [-117.6339395730964, 33.584353078604195], [-117.63393665445847, 33.58435198480103], [-117.63393373580622, 33.584350890096275], [-117.63393081611993, 33.584349798108086], [-117.63392789644793, 33.58434870702131], [-117.63392497571314, 33.58434761684803], [-117.63392205499272, 33.584346527576216], [-117.63391913320956, 33.584345439217834], [-117.63391621145506, 33.5843443526625], [-117.63391328862342, 33.58434326611903], [-117.63391036582053, 33.58434218137862], [-117.63390744195483, 33.58434109755158], [-117.63390451702631, 33.584340014638094], [-117.63390159211215, 33.584338932626004], [-117.63389866721239, 33.58433785151542], [-117.63389574126415, 33.5843367722198], [-117.63389281425312, 33.584335693837644], [-117.63388988724213, 33.5843346154554], [-117.63388696025982, 33.58433353887622], [-117.63388403113763, 33.58433246322241], [-117.63388110310693, 33.584331388458125], [-117.63387817402774, 33.58433031550883], [-117.63387524387143, 33.58432924257143], [-117.63387231374381, 33.58432817143704], [-117.63386938255339, 33.58432710121609], [-117.6338664513774, 33.58432603189665], [-117.63386351913854, 33.58432496349062], [-117.63386058691412, 33.58432389598606], [-117.63385765364116, 33.58432283029655], [-117.63385472036832, 33.584321764606905], [-117.63385178604696, 33.58432070073222], [-117.63384885066282, 33.58431963777109], [-117.63384591529308, 33.58431857571135], [-117.63384297993768, 33.58431751455316], [-117.63384004351946, 33.584316454308315], [-117.63383710712995, 33.58431539586653], [-117.63383416966333, 33.584314337436695], [-117.63383123114824, 33.5843132808218], [-117.6338282926475, 33.58431222510839], [-117.63382535416115, 33.584311170296445], [-117.63382241462625, 33.58431011729946], [-117.63381947401435, 33.58430906431444], [-117.63381653343106, 33.58430801313244], [-117.63381359284789, 33.58430696195028], [-117.63381065121621, 33.5843059125832], [-117.63380770852169, 33.58430486412948], [-117.6338047658416, 33.5843038165773], [-117.63380182320445, 33.58430277172971], [-117.6337988794759, 33.584301725992376], [-117.63379593469887, 33.58430068207008], [-117.63379298993624, 33.58429963904933], [-117.63379004411077, 33.58429859694188], [-117.63378709829969, 33.58429755573601], [-117.633784152503, 33.58429651543161], [-117.63378120456633, 33.58429547605261], [-117.63377825773553, 33.584294438464624], [-117.63377530984191, 33.58429340179011], [-117.63377235980833, 33.58429236604094], [-117.6337694108663, 33.584291331181355], [-117.63376646086142, 33.58429029723521], [-117.63376351087098, 33.584289264190495], [-117.63376055983198, 33.58428823296083], [-117.63375760879313, 33.584287201731065], [-117.6337546577829, 33.58428617230431], [-117.63375170463274, 33.58428514380296], [-117.63374875257406, 33.5842841161911], [-117.63374579946694, 33.58428309039425], [-117.63374284528271, 33.58428206460928], [-117.63373989112716, 33.58428104062739], [-117.6337369359088, 33.58428001755892], [-117.63373398070479, 33.58427899539186], [-117.633731024438, 33.58427797413833], [-117.63372806818562, 33.584276953786244], [-117.63372511196181, 33.58427593523714], [-117.63372215466097, 33.58427491669991], [-117.63371919631163, 33.584273899977724], [-117.6337162379767, 33.58427288415702], [-117.6337132785789, 33.58427186924972], [-117.6337103191955, 33.584270855243915], [-117.63370735876366, 33.58426984305313], [-117.63370439833183, 33.5842688308622], [-117.63370143792865, 33.58426782047435], [-117.63369847646271, 33.58426681099993], [-117.63369551393399, 33.58426580243892], [-117.63369255141961, 33.58426479477941], [-117.63368914051883, 33.584263637909004], [-117.63368572750672, 33.584262483767034], [-117.63368231346047, 33.58426133234161], [-117.63367889839434, 33.58426018453423], [-117.63367548123114, 33.58425904035685], [-117.63367206303376, 33.584257898896], [-117.63366864273935, 33.58425676106514], [-117.63366522142508, 33.58425562685237], [-117.63366179799945, 33.58425449536806], [-117.63365837353963, 33.58425336660026], [-117.63365494698283, 33.58425224146246], [-117.63365151940607, 33.584251119942735], [-117.63364808973233, 33.58425000205298], [-117.63364465901006, 33.58424888597824], [-117.63364122620504, 33.58424777443501], [-117.6336377923659, 33.584246665608326], [-117.6336343564297, 33.58424556041167], [-117.6336309194593, 33.58424445793151], [-117.633627481469, 33.584243359069355], [-117.6336240413674, 33.58424226293569], [-117.6336206002459, 33.584241170420114], [-117.63361715702736, 33.58424008153456], [-117.63361371277462, 33.584238995365475], [-117.63361026750196, 33.58423791281444], [-117.63360682011798, 33.58423683299188], [-117.63360337171417, 33.584235756787386], [-117.63359992119895, 33.58423468331133], [-117.63359646966386, 33.584233613453385], [-117.63359301710891, 33.58423254721345], [-117.6335895624569, 33.58423148460352], [-117.63358610677068, 33.58423042471009], [-117.6335826489731, 33.58422936754517], [-117.63357919016995, 33.584228314899825], [-117.6335757303326, 33.58422726497096], [-117.63357226838394, 33.58422621777061], [-117.63356880541536, 33.584225174188276], [-117.6335653414269, 33.58422413422401], [-117.63356187532712, 33.584223096988225], [-117.63355840820743, 33.58422206337045], [-117.63355494006778, 33.58422103337074], [-117.63355146981687, 33.58422000609944], [-117.63354799854605, 33.58421898244628], [-117.63354452517815, 33.584217962423104], [-117.63354105185323, 33.584216945104465], [-117.6335375753541, 33.584215931427785], [-117.63353409889794, 33.58421492045565], [-117.6335306203447, 33.58421391311357], [-117.63352714077156, 33.58421290938952], [-117.63352366016427, 33.584211908381924], [-117.63352017745987, 33.58421091100441], [-117.63351669373563, 33.584209917244934], [-117.6335132089772, 33.58420892620188], [-117.63350972319881, 33.58420793877697], [-117.63350623530914, 33.58420695408048], [-117.63350274639951, 33.58420597300205], [-117.63349925647003, 33.584204995541675], [-117.63349576444345, 33.58420402171128], [-117.63349227030555, 33.58420305060938], [-117.6334887762249, 33.58420208311352], [-117.63348528003287, 33.58420111834618], [-117.63348178389813, 33.584200157184895], [-117.63347828566634, 33.58419919965367], [-117.63347478640031, 33.58419824483886], [-117.63347128503723, 33.584197293654114], [-117.63346778373142, 33.584196346075444], [-117.63346428031423, 33.58419540122526], [-117.63346077587715, 33.5841944599931], [-117.63345726934303, 33.584193522390905], [-117.63345376285187, 33.58419258749334], [-117.63345025427788, 33.584191657127285], [-117.63344674466978, 33.58419072947772], [-117.63344323404169, 33.58418980544621], [-117.63343972130231, 33.584188884143146], [-117.6334362075287, 33.584187965556616], [-117.63343269382659, 33.58418705147769], [-117.6334291780132, 33.58418614012724], [-117.63342566008842, 33.584185231505245], [-117.63342214223515, 33.58418432739093], [-117.63341862227055, 33.58418342600499], [-117.63341510236323, 33.58418252822515], [-117.63341158034453, 33.584181633173834], [-117.63340805730586, 33.58418074174049], [-117.63340453217016, 33.58417985393721], [-117.63340100709172, 33.58417896973997], [-117.63339747990194, 33.58417808827123], [-117.63339395384651, 33.58417721039659], [-117.63339042460258, 33.584176335262384], [-117.63338689435304, 33.584175464647764], [-117.63338336306933, 33.58417459674962], [-117.63337982967417, 33.58417373157995], [-117.63337629635062, 33.58417287091795], [-117.63337276091568, 33.584172012984375], [-117.63336922552371, 33.584171157755335], [-117.63336568804891, 33.58417030705787], [-117.63336214953993, 33.58416945907688], [-117.63335861001106, 33.58416861471391], [-117.63335506944792, 33.58416777306746], [-117.63335152680204, 33.58416693595257], [-117.63334798419912, 33.5841661015422], [-117.63328436667675, 33.58438708897126], [-117.63328410613612, 33.58438798365003], [-117.63328384020969, 33.584388878388644], [-117.63328356994603, 33.58438977137196], [-117.63328329428231, 33.58439066351355], [-117.63328301321853, 33.584391554813394], [-117.63328272674035, 33.58439244437001], [-117.63328243593925, 33.5843933330729], [-117.63328213972383, 33.58439422003246], [-117.63328183812254, 33.58439510705187], [-117.63328153216983, 33.58439599141449], [-117.63328122083126, 33.58439687583686], [-117.63328090407838, 33.584397758516005], [-117.63328058298828, 33.5843986394399], [-117.63328025649807, 33.58439951952204], [-117.63327992459352, 33.5844003978609], [-117.63327958836605, 33.584401275346075], [-117.63327924672417, 33.58440215108792], [-117.63327889968225, 33.584403025988045], [-117.63327854830312, 33.58440389913294], [-117.63327819150959, 33.58440477053454], [-117.63327783039315, 33.58440564108242], [-117.63327746386231, 33.584406509886996], [-117.63327709193143, 33.584407377849885], [-117.63327671564906, 33.58440824315599], [-117.63327633396658, 33.58440910762032], [-117.63327594794686, 33.58440997032939], [-117.63327555652711, 33.58441083219674], [-117.63327516075583, 33.58441169140726], [-117.63327475958445, 33.5844125497761], [-117.6332743529987, 33.58441340640166], [-117.63327394207576, 33.58441426127189], [-117.63327352573849, 33.584415114398944], [-117.63327310506395, 33.58441596577066], [-117.63327268005217, 33.584416815387165], [-117.63327224962603, 33.584417663260346], [-117.63327181379984, 33.58441851029183], [-117.63327137362214, 33.58441935466648], [-117.63327092910721, 33.58442019728596], [-117.63327047917791, 33.58442103816213], [-117.6332700249257, 33.584421878184514], [-117.63326956524477, 33.58442271556214], [-117.63326910121236, 33.58442355028294], [-117.63326863177988, 33.58442438416202], [-117.63326815801017, 33.58442521628585], [-117.63326767988899, 33.58442604575287], [-117.63326719636768, 33.584426874378174], [-117.63326670849489, 33.58442770034667], [-117.63326621627057, 33.58442852365835], [-117.63326571864617, 33.5844293461283], [-117.6332652166703, 33.58443016594147], [-117.63326470928, 33.58443098401137], [-117.6332641986297, 33.58443180031406], [-117.63326368255069, 33.58443261397188], [-117.63323796635929, 33.58446469723392], [-117.63323726223109, 33.58446540567695], [-117.63323655375132, 33.58446611146319], [-117.63323584199725, 33.584466814580765], [-117.63323512480027, 33.58446751415184], [-117.6331271539872, 33.58457251452696], [-117.63256023246143, 33.58529264292531], [-117.63178315041928, 33.58618182309442], [-117.63177505968021, 33.58619116251652], [-117.63176706355331, 33.586200557695975], [-117.63175916205287, 33.58621000953427], [-117.63175135515034, 33.586219516228404], [-117.63174364392297, 33.586229077766355], [-117.63173602941944, 33.58623869233321], [-117.63172851165398, 33.5862483608305], [-117.63172109167519, 33.586258081443106], [-117.63171376839169, 33.58626785328161], [-117.63170654397221, 33.58627767722354], [-117.63169941731087, 33.58628755147788], [-117.63169239054793, 33.586297475119096], [-117.63168546366903, 33.58630744724571], [-117.63167863668855, 33.58631746875934], [-117.63167191064079, 33.58632753694331], [-117.63166528660304, 33.58633765178577], [-117.63165876349805, 33.58634781329861], [-117.63165234238882, 33.58635802056845], [-117.6316460243383, 33.58636827268178], [-117.63163980933211, 33.58637856873699], [-117.63163369627897, 33.58638890784463], [-117.6316276884104, 33.58639928996877], [-117.63162178463499, 33.58640971421985], [-117.63161598600132, 33.586420178782866], [-117.63161029250955, 33.58643068365779], [-117.63160470525106, 33.5864412297343], [-117.63159922309161, 33.586451813418165], [-117.63159384712274, 33.58646243559894], [-117.63158857839313, 33.58647309446163], [-117.63158341690266, 33.58648379000626], [-117.63157836265157, 33.58649452223289], [-117.63157341668841, 33.586505289326354], [-117.63156857899897, 33.58651609038526], [-117.63156384850606, 33.58652692542154], [-117.63155922734985, 33.58653779350969], [-117.63155471657905, 33.586548692834754], [-117.63155031405353, 33.58655962432217], [-117.63154602082196, 33.586570586156896], [-117.63154183901023, 33.586581576512], [-117.63153776649257, 33.58659259721442], [-117.6315338053805, 33.586603645535654], [-117.6315299546112, 33.58661472238923], [-117.63152621629631, 33.58662582504665], [-117.63152258828143, 33.58663695353173], [-117.63151907270662, 33.586648106919135], [-117.63151566849493, 33.58665928522073], [-117.63151237672338, 33.586670488424616], [-117.6315091973208, 33.586681712023136], [-117.63150613032995, 33.586692958720874], [-117.63150317678533, 33.58670422580124], [-117.63150033670117, 33.586715514165824], [-117.63149760895752, 33.586726821121964], [-117.63149499572312, 33.586738147547216], [-117.63149249589218, 33.58674949165059], [-117.63149010945057, 33.58676085253045], [-117.6314878374755, 33.58677223017487], [-117.63148567995268, 33.58678362368233], [-117.63148363685366, 33.58679503124971], [-117.63148170710132, 33.58680645288902], [-117.63147989283574, 33.586817887674755], [-117.63147819404277, 33.58682933470542], [-117.63147660856797, 33.58684079400493], [-117.63147513961451, 33.586852263734336], [-117.63147378501367, 33.58686374301597], [-117.63147254692, 33.58687523182598], [-117.63147142210194, 33.586886730200185], [-117.63147041373392, 33.58689823449658], [-117.63146952075317, 33.58690974562864], [-117.63146874206828, 33.586921262706824], [-117.63146807981934, 33.586932784805576], [-117.63146753399208, 33.586944311023494], [-117.63146710243231, 33.586955841384366], [-117.63146678725154, 33.58696737315974], [-117.63146658738688, 33.58697890726305], [-117.63146650390134, 33.58699044278086], [-117.63146653568926, 33.587001977922], [-117.63146668273635, 33.587013511784896], [-117.63146694613415, 33.58702504525915], [-117.63146732477693, 33.58703657655371], [-117.6314678197277, 33.587048104754956], [-117.63146842881787, 33.58705962898526], [-117.6314691552647, 33.58707114830735], [-117.63146999582246, 33.58708266185542], [-117.63147095265985, 33.587094170507115], [-117.6314720246426, 33.58710567066815], [-117.631473211785, 33.587117163240244], [-117.6314745151501, 33.58712864730971], [-117.63147593256926, 33.58714012199901], [-117.63147746509114, 33.587151585493075], [-117.63147911273006, 33.587163038693454], [-117.63148087544326, 33.587174478895456], [-117.63148275324511, 33.58718590700067], [-117.6314847450298, 33.58719732121792], [-117.63148685079742, 33.58720872154721], [-117.63148907158242, 33.58722010527198], [-117.63149140633624, 33.58723147420724], [-117.63149385393882, 33.587242825660276], [-117.63149641655887, 33.58725416050877], [-117.63149909307643, 33.58726547605999], [-117.6317159534925, 33.587253012406904], [-117.63187697571105, 33.58714484962666], [-117.63195362071977, 33.58734037689384], [-117.63180065430369, 33.58767601241263], [-117.63186918233257, 33.58792690326295], [-117.63222632007246, 33.588459827918676], [-117.63223086621579, 33.58846673592106], [-117.63223528291753, 33.588473702166866], [-117.63223957014914, 33.58848072485296], [-117.63224372680476, 33.58848780218817], [-117.63224775179299, 33.58849493328304], [-117.63225164507092, 33.58850211543286], [-117.63225540337827, 33.588509346870424], [-117.632259027778, 33.58851662668231], [-117.63226251716435, 33.5885239530773], [-117.63226587041711, 33.58853132336282], [-117.6322690853677, 33.58853873666111], [-117.63227216412757, 33.58854619024377], [-117.63227510345085, 33.588553683245074], [-117.63227790329461, 33.58856121296035], [-117.63228056472173, 33.58856877847619], [-117.63228308447205, 33.58857637802532], [-117.63228546250264, 33.58858400890312], [-117.63228769986215, 33.588591669294566], [-117.63228979438178, 33.588599358322035], [-117.63229174711027, 33.588607074170476], [-117.63229355583589, 33.58861481325762], [-117.63229522055869, 33.58862257558344], [-117.63229674231297, 33.5886303584315], [-117.63229811893004, 33.58863816092398], [-117.63229935035264, 33.58864597945479], [-117.63230043762945, 33.5886538122089], [-117.632301378606, 33.58866165921022], [-117.63230217430234, 33.58866951684059], [-117.6323028247184, 33.58867738510002], [-117.63230332978276, 33.58868525948081], [-117.63230368735522, 33.588693140908404], [-117.63230389951879, 33.58870102485119], [-117.63230396627338, 33.58870891130909], [-117.63230388434448, 33.58871679761345], [-117.63230365801239, 33.5887246819133], [-117.63230328617128, 33.58873256241743], [-117.63230276770099, 33.58874043643331], [-117.63230210367871, 33.58874830394891], [-117.63230129403298, 33.58875616045648], [-117.63230033768662, 33.58876400596801], [-117.63229923784263, 33.58877183864449], [-117.6322979912265, 33.5887796558172], [-117.63229660104115, 33.588787455647235], [-117.63229506619523, 33.58879523724488], [-117.63229338770867, 33.58880299699203], [-117.63229156450424, 33.5888107349007], [-117.6322895986792, 33.58881844734075], [-117.6322874902193, 33.58882613341056], [-117.6322852401873, 33.588833792196795], [-117.63228284744889, 33.588841420105055], [-117.63228031414427, 33.588849016210006], [-117.63227764023043, 33.588856577806894], [-117.63227482569306, 33.588864103994226], [-117.63227187373529, 33.588871592933046], [-117.63226878217404, 33.58887904284424], [-117.63226555313516, 33.58888645190058], [-117.63226218657572, 33.58889381739764], [-117.63225868572742, 33.58890113929942], [-117.63225504837862, 33.58890841402372], [-117.63225127668368, 33.588915641546585], [-117.63224737166279, 33.58892281824986], [-117.6322433333158, 33.58892994413354], [-117.6322391637543, 33.58893701646913], [-117.63223486405548, 33.588944035244566], [-117.63223043522514, 33.588950995940245], [-117.63222587724894, 33.58895789765453], [-117.63222119120415, 33.58896474037554], [-117.6322163792022, 33.58897152137468], [-117.63221144336909, 33.58897823882491], [-117.63220638259892, 33.58898489093507], [-117.63220119903183, 33.588991476779796], [-117.63219589373081, 33.58899799544551], [-117.63219046879304, 33.589004443302095], [-117.63218492529579, 33.589010820337634], [-117.63217926428766, 33.58901712473703], [-117.63217348574014, 33.58902335469719], [-117.63216759287049, 33.58902950928068], [-117.6321615878046, 33.58903558666055], [-117.63215547051394, 33.58904158503367], [-117.63214924206144, 33.58904750348643], [-117.6321429056501, 33.58905334018004], [-117.63213646126574, 33.589059094212786], [-117.63212991103411, 33.58906476375776], [-117.63212325600395, 33.58907034699985], [-117.63211649940686, 33.589075843903224], [-117.63210964120006, 33.58908125176322], [-117.63210268353792, 33.589086570555935], [-117.63209562746904, 33.589091798466235], [-117.63208847727385, 33.5890969336433], [-117.63208123186078, 33.58910197519744], [-117.63207389338434, 33.58910692310483], [-117.63206646395602, 33.58911177463683], [-117.63205894679325, 33.58911652885613], [-117.63205134080461, 33.58912118487301], [-117.63204365028457, 33.58912574173816], [-117.63203587629621, 33.58913019853808], [-117.63202801988804, 33.58913455345762], [-117.63202008426327, 33.58913880465797], [-117.63201207052771, 33.589142953930185], [-117.63183151652704, 33.589627802597676], [-117.63163346399341, 33.58976526465995], [-117.6311016672065, 33.58946811627162], [-117.6309325277192, 33.58954835290334], [-117.6309300973183, 33.589549525007186], [-117.63092768674966, 33.58955072484395], [-117.63092529602741, 33.589551953315144], [-117.63092292622883, 33.589553210408916], [-117.63092057840268, 33.58955449431008], [-117.63091825147166, 33.58955580503071], [-117.63091594652731, 33.58955714346037], [-117.63091366463246, 33.58955850868552], [-117.6309114057872, 33.5895599007063], [-117.63090916999155, 33.589561319522524], [-117.63090695830843, 33.58956276422088], [-117.6309047718008, 33.58956423388782], [-117.63090260940571, 33.58956572943678], [-117.63090047218607, 33.589567249954335], [-117.6308983612334, 33.589568796330035], [-117.6308962765192, 33.58957036676093], [-117.6308942169662, 33.58957196125878], [-117.63089218580608, 33.58957357978784], [-117.63089018087013, 33.5895752214705], [-117.63088820432698, 33.58957688718435], [-117.63088625508534, 33.589578576039834], [-117.63088433528519, 33.58958028711149], [-117.63088244384939, 33.58958202041128], [-117.63088058077794, 33.589583775939225], [-117.63087874822526, 33.5895855536714], [-117.63087694508557, 33.589587351816675], [-117.63087517245044, 33.589589171264734], [-117.63087343031981, 33.589591012015404], [-117.63087171974242, 33.58959287225388], [-117.63087003964097, 33.589594751991896], [-117.63086839218425, 33.589596652107204], [-117.6308667762664, 33.58959857080867], [-117.63086519188757, 33.58960050809628], [-117.63086364120207, 33.58960246394617], [-117.63086212205555, 33.58960443838218], [-117.63086063657383, 33.589606429577415], [-117.6308591847713, 33.58960843843335], [-117.63085776771072, 33.5896104640365], [-117.6308563832379, 33.589612506410795], [-117.63085503347855, 33.58961456372924], [-117.6308537184613, 33.58961663779497], [-117.6308524381576, 33.589618726804794], [-117.6308511925532, 33.589620829857246], [-117.63084998273955, 33.5896229478419], [-117.6308488087024, 33.58962507985731], [-117.63084767044177, 33.589627225903264], [-117.6308465679291, 33.589629384176874], [-117.63084550117867, 33.5896315555796], [-117.63084447125347, 33.58963373919803], [-117.63084347815345, 33.58963593503206], [-117.63084252186438, 33.58963814218014], [-117.63084160237202, 33.58964035974084], [-117.63084072076774, 33.589642588603695], [-117.63083987594595, 33.58964482697759], [-117.63083906792079, 33.58964707576403], [-117.63083829881825, 33.58964933313608], [-117.63083756756103, 33.589651599105636], [-117.63083687307204, 33.58965387368467], [-117.63083621750565, 33.58965615684931], [-117.6308356008333, 33.58965844679644], [-117.63083502197779, 33.589660743538], [-117.63083448093913, 33.589663047074076], [-117.63083397879458, 33.58966535739258], [-117.6308335165785, 33.58966767177707], [-117.63083309216506, 33.58966999205447], [-117.63083270661718, 33.589672317311255], [-117.63083235993484, 33.58967464754745], [-117.63083205208952, 33.58967698096002], [-117.63083178523563, 33.58967931752503], [-117.6308315550644, 33.589681657290235], [-117.63083136587036, 33.58968399930636], [-117.63083121442189, 33.589686343609195], [-117.63083110285908, 33.58968868927333], [-117.63083103010486, 33.58969103631071], [-117.63083099722203, 33.589693383807884], [-117.6308310031335, 33.58969573177669], [-117.63083104888791, 33.58969807840223], [-117.6308311334366, 33.58970042549944], [-117.6308312567367, 33.58970277036369], [-117.63083141987983, 33.58970511388462], [-117.63083162286583, 33.58970745606225], [-117.6308318645748, 33.589709794203785], [-117.63083214503524, 33.589712130112474], [-117.63083246423294, 33.58971446288657], [-117.63083282323072, 33.58971679161278], [-117.63083322093725, 33.58971911540141], [-117.63083365735243, 33.58972143425246], [-117.63083413247628, 33.58972374816594], [-117.63083464628033, 33.58972605533873], [-117.63083519879302, 33.58972835757396], [-117.63083578997167, 33.58973065216697], [-117.6308364187532, 33.589732940031276], [-117.63083708621492, 33.58973522115489], [-117.63083779232832, 33.58973749373475], [-117.63083853600182, 33.589739756881265], [-117.63083931724974, 33.58974201149598], [-117.63084013605784, 33.58974425667729], [-117.6308409924261, 33.58974649242526], [-117.6308418863402, 33.58974871783834], [-117.63094556289701, 33.590000975976075], [-117.63032016681137, 33.59002855688304], [-117.63010228841515, 33.590303600620175], [-117.62991199151125, 33.59048277418609], [-117.62991089333693, 33.59048377822321], [-117.62990979954283, 33.59048478672023], [-117.62990871336058, 33.59048579964152], [-117.62990763263574, 33.59048681701083], [-117.62990655629109, 33.590487838840154], [-117.62990548754406, 33.59048886419207], [-117.62990442319152, 33.590489894905545], [-117.62990336643657, 33.59049092914164], [-117.62990231407603, 33.5904919687393], [-117.62990126931321, 33.59049301185958], [-117.62990022893052, 33.5904940594399], [-117.62989919614546, 33.590495110542776], [-117.62989816883207, 33.59049616699532], [-117.62989714803913, 33.59049722698238], [-117.62989613268928, 33.59049829051602], [-117.62989512388839, 33.59049935938731], [-117.62989412160788, 33.59050043179316], [-117.62989312477053, 33.590501507745515], [-117.62989213554508, 33.590502588122035], [-117.62989115177707, 33.59050367294666], [-117.6298901734522, 33.59050476131782], [-117.62988920272493, 33.590505853211546], [-117.62988823745508, 33.590506949553365], [-117.62988727979716, 33.5905080503194], [-117.6298863275824, 33.590509154631896], [-117.62988538188802, 33.59051026247903], [-117.62988444271403, 33.59051137386068], [-117.62988351007472, 33.59051248967851], [-117.62988258395579, 33.59051360903089], [-117.62988166435726, 33.59051473191783], [-117.62988075129337, 33.59051585924093], [-117.62987984474992, 33.59051699009857], [-117.62987894472681, 33.59051812449085], [-117.62987805122417, 33.590519262417686], [-117.62987716424186, 33.59052040387916], [-117.62987628377998, 33.59052154887509], [-117.62987541091573, 33.59052269739376], [-117.62987454349465, 33.59052384945889], [-117.62987368367119, 33.590525005046736], [-117.62987283036816, 33.59052616416913], [-117.62987198358547, 33.59052732682604], [-117.62987114332323, 33.59052849301763], [-117.62987031065859, 33.59052966273185], [-117.62986948343713, 33.59053083599256], [-117.62986866379906, 33.59053201187437], [-117.62986785175856, 33.59053319127882], [-117.62986704516132, 33.590534374229826], [-117.62986624614736, 33.59053555980189], [-117.62986545474539, 33.59053674979815], [-117.6298646698495, 33.5905379424275], [-117.62986389145976, 33.59053913768986], [-117.62986311959044, 33.590540336486775], [-117.62986235531875, 33.59054153880638], [-117.62984220892605, 33.59058018891126], [-117.62984167548724, 33.5905814761391], [-117.62984115068058, 33.590582764173035], [-117.62984063239425, 33.5905840557416], [-117.62984012166282, 33.59058534812815], [-117.629839619592, 33.590586643123835], [-117.62983912401309, 33.590587939851076], [-117.62983863601754, 33.59058923919943], [-117.62983815559113, 33.590590540267314], [-117.62983768381112, 33.590591843042866], [-117.62983721744577, 33.59059314756183], [-117.6298367597267, 33.59059445378847], [-117.6298363095911, 33.59059576263615], [-117.62983586702464, 33.59059707320342], [-117.62983543310449, 33.59059838547833], [-117.62983500566202, 33.59059969858322], [-117.62969249828288, 33.59104233029533], [-117.62899439031081, 33.59133406000147], [-117.62884853646719, 33.5917290402281], [-117.62875083614149, 33.591691294243546], [-117.62865177213247, 33.59183515708265], [-117.62847871998926, 33.59184957143146], [-117.62807269727413, 33.59209125617291], [-117.62807126413055, 33.59209342979909], [-117.6280698179459, 33.59209559635586], [-117.628068359826, 33.592097757634455], [-117.62806688760207, 33.59209991275705], [-117.62806540450589, 33.59210206168808], [-117.62806390839717, 33.5921042053528], [-117.6280624003247, 33.59210634193615], [-117.62806087922542, 33.59210847235171], [-117.62805934511366, 33.592110597500984], [-117.62805779903817, 33.59211271556899], [-117.6280562410131, 33.592114827457124], [-117.628054669947, 33.59211693227597], [-117.6280530869457, 33.592119031816615], [-117.6280514919806, 33.59212112427594], [-117.62804988505174, 33.59212320965391], [-117.62804826509613, 33.59212528886411], [-117.62804663319095, 33.59212736189454], [-117.62804499039932, 33.592129427831765], [-117.62804333458085, 33.592131487601115], [-117.62804166679865, 33.59213354028917], [-117.62803998705274, 33.59213558589592], [-117.62803829534302, 33.59213762442137], [-117.62803659166953, 33.59213965586551], [-117.6280348771238, 33.592141681118], [-117.6280331495228, 33.592143698399504], [-117.62803141104948, 33.59214570948935], [-117.62802966061246, 33.592147713497916], [-117.62802789819742, 33.59214970952363], [-117.62802612381863, 33.592151698468], [-117.62802433855326, 33.59215368031918], [-117.62802254133847, 33.592155655990595], [-117.62802073322288, 33.59215762366721], [-117.62801891312924, 33.59215958336099], [-117.62801708214916, 33.592161535961615], [-117.62801523919099, 33.59216348057927], [-117.62801338534635, 33.59216541810376], [-117.62801152060098, 33.59216734763343], [-117.62800964389182, 33.592169270081875], [-117.62800775628187, 33.59217118453544], [-117.62800585669396, 33.5921730910062], [-117.62800394728256, 33.59217498947029], [-117.62800202590736, 33.59217688085303], [-117.62800009363144, 33.59217876424104], [-117.62799815153198, 33.59218063962231], [-117.62799619637727, 33.592182507032675], [-117.62799423138483, 33.59218436553478], [-117.62799225550587, 33.59218621694367], [-117.62799026980345, 33.59218806034586], [-117.62798827212296, 33.59218989576519], [-117.62798626460473, 33.592191722276276], [-117.62798424618575, 33.5921935407926], [-117.62798221686606, 33.59219535131408], [-117.62798017770862, 33.5921971529274], [-117.62797812765035, 33.59219894654593], [-117.62797606669139, 33.59220073216965], [-117.6279739958947, 33.592202508885116], [-117.62797191527446, 33.5922042775939], [-117.62796982373925, 33.5922060374064], [-117.6279677223663, 33.59220778831059], [-117.6279656100926, 33.59220953122002], [-117.62796348798118, 33.59221126522121], [-117.62796135603196, 33.59221299031418], [-117.62795921318202, 33.5922147074123], [-117.62795706155737, 33.592216414688785], [-117.62795489903196, 33.59221811397049], [-117.62795272774602, 33.59221980433198], [-117.62795054553087, 33.59222148489562], [-117.62794835349223, 33.59222315745255], [-117.62794615269314, 33.592224821089346], [-117.62794394096476, 33.592226474928204], [-117.62794172049014, 33.592228120748466], [-117.62793949016356, 33.59222975675894], [-117.62793725107649, 33.59223138384928], [-117.62793500215167, 33.59223300203137], [-117.62793274337488, 33.59223461040361], [-117.62793047476038, 33.592236209867636], [-117.62792819737109, 33.592237799509974], [-117.62792591122135, 33.592239380232094], [-117.62792361523394, 33.59224095204595], [-117.62792131047168, 33.59224251403813], [-117.62791899694906, 33.59224406711017], [-117.62791667357442, 33.59224561037231], [-117.62791434142504, 33.59224714381284], [-117.62791200050094, 33.59224866743163], [-117.62790965081633, 33.592250182130186], [-117.62790729235708, 33.59225168700711], [-117.62790492512305, 33.5922531820623], [-117.62790254912858, 33.592254668197285], [-117.62790016542236, 33.59225614359712], [-117.62789777187848, 33.59225761008864], [-117.62789536954556, 33.59225906585701], [-117.62789295952945, 33.5922605126932], [-117.62789054072435, 33.592261948806126], [-117.62788811423609, 33.592263375986995], [-117.62788567895883, 33.59226479244459], [-117.62788323598409, 33.59226619906858], [-117.6278807842347, 33.59226759587078], [-117.62787832478777, 33.592268982839386], [-117.62787585762925, 33.59227035907282], [-117.62787273857043, 33.59227207344092], [-117.62786959751097, 33.59227375919785], [-117.62786643445065, 33.592275416343504], [-117.62786325046683, 33.59227704486608], [-117.62786004554523, 33.592278643863985], [-117.62785681970014, 33.59228021423871], [-117.62785357399454, 33.59228175507688], [-117.62785030951993, 33.59228326726803], [-117.62784702517065, 33.592284749021125], [-117.62784372096081, 33.592286201237556], [-117.6278403990308, 33.59228762299201], [-117.62783705831754, 33.592289015197984], [-117.6278337009471, 33.592290376028515], [-117.62783032479344, 33.5922917073105], [-117.62782693199681, 33.5922930081186], [-117.62782352362026, 33.59229427753938], [-117.62782009752348, 33.592295516498154], [-117.62781665692405, 33.59229672405766], [-117.62781319966744, 33.59229790024169], [-117.6278097279082, 33.59229904502648], [-117.6278062416463, 33.59230015841198], [-117.627802741959, 33.59230124038628], [-117.62779922775475, 33.5923022900598], [-117.62779569904792, 33.59230330833405], [-117.62779215797866, 33.592304294283615], [-117.62778860563857, 33.59230524879815], [-117.62778503984462, 33.5923061700984], [-117.62778146277975, 33.59230705996366], [-117.62777787441557, 33.59230791659079], [-117.62777427584354, 33.59230874086942], [-117.62777066598642, 33.592309532811505], [-117.62776704698449, 33.59231029149162], [-117.6277634177747, 33.59231101782327], [-117.62775977942015, 33.592311710892936], [-117.62775613193497, 33.592312371602254], [-117.62775247638223, 33.592312999037695], [-117.62774881276198, 33.59231359319928], [-117.6277451421514, 33.59231415407509], [-117.62774146455058, 33.59231468166509], [-117.62773777995947, 33.59231517596939], [-117.62773408944112, 33.59231563607435], [-117.62773039302398, 33.59231606378323], [-117.62772669175682, 33.5923164572809], [-117.62772298459092, 33.59231681838251], [-117.62771927365227, 33.59231714526098], [-117.62771555894089, 33.592317437916435], [-117.62771184047104, 33.59231769725031], [-117.62770811824275, 33.59231792326274], [-117.6277043943962, 33.592318115028256], [-117.62770066786841, 33.59231827346033], [-117.62769693864523, 33.59231839765745], [-117.62769320889532, 33.592318488497284], [-117.62768947861868, 33.592318545979815], [-117.62768574672393, 33.592318569215486], [-117.62768201536547, 33.59231855818047], [-117.62767828455758, 33.5923185137763], [-117.62767455430024, 33.592318436002905], [-117.6276708245793, 33.59231832395879], [-117.6276670975634, 33.59231817852171], [-117.62766337216118, 33.592317998801974], [-117.62765964946401, 33.59231778568922], [-117.62765592945775, 33.59231753828198], [-117.62765221323379, 33.59231725746979], [-117.62764850186952, 33.59231694324079], [-117.6276447932103, 33.59231659561878], [-117.62764109048803, 33.59231621456804], [-117.62763739153387, 33.59231579921085], [-117.62763369853091, 33.59231535132646], [-117.62763001145053, 33.59231486911178], [-117.62762633139857, 33.592314354358074], [-117.62762265834657, 33.59231380526213], [-117.6276189923229, 33.59231322362706], [-117.62761533331347, 33.59231260855136], [-117.6276116834869, 33.59231196091273], [-117.62760804175181, 33.59231127982158], [-117.6276044091996, 33.592310566167534], [-117.62760078581614, 33.592309819048964], [-117.62759717269282, 33.59230903935554], [-117.62759356982974, 33.59230822708735], [-117.62758997722682, 33.59230738224427], [-117.62758639596137, 33.59230650481447], [-117.62758282603338, 33.59230559479793], [-117.62757926853433, 33.59230465308434], [-117.62757572344998, 33.59230367877201], [-117.62757219079464, 33.59230267276264], [-117.62756867164545, 33.59230163504424], [-117.62756516598826, 33.59230056471525], [-117.62756167491457, 33.59229946266535], [-117.6275581973613, 33.59229832980798], [-117.62755473546882, 33.59229716521777], [-117.62755128815981, 33.5922959689067], [-117.62754785544848, 33.592294741776186], [-117.62754444056668, 33.59229348379058], [-117.62754104135989, 33.59229219497367], [-117.62753765998254, 33.592290875301664], [-117.6275342953574, 33.59228952478649], [-117.62753094856183, 33.59228814341617], [-117.62752761854695, 33.59228673300575], [-117.62752430851609, 33.59228529171645], [-117.6272921586017, 33.59218325292002], [-117.62729078500864, 33.59218264773483], [-117.62728941135872, 33.592182038943406], [-117.62728804089784, 33.59218142741165], [-117.62728667148579, 33.59218081406485], [-117.62728530310832, 33.59218019800148], [-117.62728393682839, 33.59217957830813], [-117.62728257267462, 33.592178956787855], [-117.62728121063263, 33.59217833253905], [-117.62727984962522, 33.59217770557377], [-117.62727849072968, 33.59217707587999], [-117.62727713286873, 33.592176443469626], [-117.62727577713378, 33.592175809232394], [-117.62727442349644, 33.5921751713651], [-117.62727307090799, 33.5921745316828], [-117.6272717204171, 33.59217388837052], [-117.62727037205228, 33.59217324323133], [-117.62726902472201, 33.59217259537552], [-117.62726767950359, 33.59217194479126], [-117.627266336397, 33.59217129147854], [-117.6272649954165, 33.59217063633889], [-117.62726365545632, 33.592169977581165], [-117.62726231762225, 33.59216931699652], [-117.6272609819, 33.592168653683395], [-117.62725964721226, 33.59216798765371], [-117.62725831571369, 33.592167318883625], [-117.62725698526395, 33.59216664829854], [-117.62725565583449, 33.59216597409539], [-117.62725432960838, 33.59216529805336], [-117.62725300441683, 33.59216461929475], [-117.62725168133716, 33.592163937807776], [-117.62725035929208, 33.59216325360417], [-117.62724904045024, 33.59216256756175], [-117.62724772262881, 33.59216187790123], [-117.62724640691921, 33.59216118551224], [-117.6272450933357, 33.5921604912963], [-117.62724378186398, 33.59215979435192], [-117.62724247251833, 33.59215909558063], [-117.62724116420729, 33.59215839409279], [-117.62723985908534, 33.592157689864514], [-117.62723855499794, 33.59215698291973], [-117.62723725302241, 33.59215627324652], [-117.62723595317291, 33.5921555617463], [-117.62723465543526, 33.59215484751768], [-117.62723335873225, 33.59215413057248], [-117.62723206521825, 33.5921534108869], [-117.62723077275308, 33.59215268938631], [-117.62722948239974, 33.59215196515728], [-117.62722819523559, 33.59215123818783], [-117.62722690912014, 33.592150509403396], [-117.62722562510233, 33.592149776988954], [-117.62722434321057, 33.59214904274761], [-117.62722306236765, 33.59214830669122], [-117.62722178469957, 33.59214756699291], [-117.62722050915758, 33.5921468254677], [-117.62721923465016, 33.59214608122591], [-117.62721796334604, 33.59214533514532], [-117.62721669306232, 33.59214458544662], [-117.6272154259819, 33.592143833909084], [-117.62721415995028, 33.592143080556504], [-117.6272128960163, 33.59214232357398], [-117.62721163528559, 33.59214156475258], [-117.62721037560374, 33.59214080411622], [-117.62720911801946, 33.59214003984981], [-117.62720786363855, 33.5921392737446], [-117.62720661030642, 33.59213850582434], [-117.62720535907192, 33.59213773427408], [-117.62720411105494, 33.592136961786515], [-117.62720286405833, 33.592136185680914], [-117.62720161918777, 33.59213540774833], [-117.62720037750633, 33.59213462707541], [-117.62719913685942, 33.59213384368592], [-117.62719789941592, 33.59213305845763], [-117.62719666300694, 33.59213227051275], [-117.62719542980129, 33.59213148072909], [-117.62719419763026, 33.592130688228835], [-117.62719296864826, 33.592129892988204], [-117.62719174179239, 33.59212909592062], [-117.62719051704832, 33.59212829612464], [-117.62718929443035, 33.59212749450173], [-117.62718807392419, 33.592126690150344], [-117.62718685552987, 33.59212588307047], [-117.62718563926161, 33.59212507416372], [-117.62718442510523, 33.592124262528515], [-117.62718321415215, 33.59212344905447], [-117.62718200423366, 33.592122632863834], [-117.62718079751843, 33.59212181483436], [-117.62717959291511, 33.59212099407648], [-117.62717839042362, 33.59212017059012], [-117.62717719005813, 33.59211934527682], [-117.62717599181882, 33.59211851813665], [-117.62717479675429, 33.59211768735448], [-117.62717360275279, 33.59211685565891], [-117.62717241192625, 33.5921160203214], [-117.6271712232399, 33.59211518405855], [-117.62717003665125, 33.59211434416565], [-117.62716885220284, 33.59211350334743], [-117.62716767094354, 33.592112659788754], [-117.62716649073302, 33.59211181441514], [-117.62716531369745, 33.59211096539956], [-117.62716180556873, 33.592108440641425], [-117.62715828682424, 33.592105925919256], [-117.62715475746393, 33.59210342123297], [-117.62715121750199, 33.592100927484296], [-117.62714766692436, 33.59209844377157], [-117.6271441068224, 33.592095970984445], [-117.62714053502737, 33.592093508245206], [-117.62713695370803, 33.59209105643155], [-117.62713336178707, 33.592088615555426], [-117.62712976032766, 33.592086184703376], [-117.62712614825236, 33.59208376388723], [-117.6271225255898, 33.5920813549102], [-117.62711889231134, 33.59207895596911], [-117.62711525058593, 33.59207656794175], [-117.62711159718162, 33.59207419086377], [-117.62710793531605, 33.59207182379793], [-117.62710426286311, 33.592069468571154], [-117.62710057979434, 33.59206712338037], [-117.6270968872013, 33.592064789115135], [-117.62709318509815, 33.592062466677035], [-117.62708947345641, 33.59206015426303], [-117.6270857522904, 33.59205785277461], [-117.62708202053702, 33.59205556312522], [-117.62707828032234, 33.592053283488], [-117.62707452952029, 33.59205101568982], [-117.62707076917972, 33.59204875791562], [-117.62706700040629, 33.59204651195671], [-117.62706322104549, 33.592044277836834], [-117.62705943322341, 33.592042053729074], [-117.6270556358912, 33.592039841448454], [-117.62705182795742, 33.59203764010534], [-117.62704801265384, 33.59203544966401], [-117.62704418784016, 33.59203327104978], [-117.62704035350207, 33.592031103361165], [-117.62703650965393, 33.59202894749965], [-117.62703265735873, 33.59202680255177], [-117.62702879553913, 33.592024668529554], [-117.62702492528676, 33.59202254632253], [-117.62702104552423, 33.59202043594261], [-117.62701715730039, 33.59201833557482], [-117.62701326065789, 33.592016247923816], [-117.62700935450528, 33.59201417209991], [-117.62700543990562, 33.59201210718967], [-117.62700151687307, 33.592010054094644], [-117.6269975843162, 33.592008011925245], [-117.62699364441794, 33.592005982460634], [-117.62698969499536, 33.592003963921606], [-117.62698573713985, 33.592001957197816], [-117.62698177192877, 33.59199996227731], [-117.62697779720754, 33.59199797918398], [-117.6269738151165, 33.5919960069923], [-117.62696982352954, 33.59199404752932], [-117.62696582458696, 33.59199209986968], [-117.6269618171973, 33.59199016312363], [-117.62695780246625, 33.59198823908248], [-117.62695377821079, 33.59198632596691], [-117.626949746614, 33.591984425556106], [-117.62694570766152, 33.59198253694861], [-117.6269416602762, 33.5919806601564], [-117.62693760445802, 33.591978795179344], [-117.62693354236146, 33.591976941993664], [-117.6269294696775, 33.591975100646984], [-117.6269253918066, 33.59197327198133], [-117.62692130551709, 33.59197145603248], [-117.62691721078045, 33.59196965099719], [-117.62691310977961, 33.59196785865486], [-117.62690900034598, 33.59196607812777], [-117.62690488463386, 33.59196430939203], [-117.62690076048891, 33.591962552471536], [-117.62689662900257, 33.59196080825583], [-117.62689249017478, 33.59195907674491], [-117.62688834505435, 33.59195735612387], [-117.62688419152947, 33.591955649121104], [-117.62688003172623, 33.5919539539097], [-117.62687586456735, 33.59195227050163], [-117.62687169006703, 33.59195059979835], [-117.62686750821108, 33.591948940898355], [-117.62686332009095, 33.59194729469127], [-117.62685912462933, 33.59194566118905], [-117.62685492290358, 33.591944040379715], [-117.6268507138222, 33.59194243137366], [-117.62684649846236, 33.59194083415901], [-117.62684227577535, 33.59193925055071], [-117.62683804680998, 33.59193767873373], [-117.62683381158037, 33.591936119609684], [-117.62682956899503, 33.59193457228897], [-117.62682532123709, 33.59193303855081], [-117.62682106612344, 33.591931516615865], [-117.62681680474562, 33.59193000737388], [-117.62681253710358, 33.59192851082479], [-117.62680826212011, 33.5919270269805], [-117.62680398194968, 33.59192555581728], [-117.62679969659229, 33.59192409733498], [-117.62679540389348, 33.59192265155751], [-117.62679110491624, 33.59192121757147], [-117.6267868007663, 33.59191979716794], [-117.62678249035213, 33.59191838945732], [-117.6267781736595, 33.59191699353805], [-117.62677385179414, 33.59191561120134], [-117.62677260430146, 33.59191521291003], [-117.62677135785755, 33.59191481280377], [-117.62677011353968, 33.59191441087053], [-117.62676886917919, 33.591914006232706], [-117.62676762586746, 33.59191359977979], [-117.62676638360459, 33.59191319151189], [-117.62676514237624, 33.59191278052744], [-117.62676390219679, 33.59191236772803], [-117.62676266306606, 33.591911953113545], [-117.62676142496994, 33.59191153578256], [-117.62676018792268, 33.59191111663655], [-117.6267589519242, 33.59191069567551], [-117.62675771696031, 33.59191027199801], [-117.62675648304524, 33.59190984650543], [-117.6267552491017, 33.59190941920975], [-117.62675401727003, 33.59190898918563], [-117.6267527865014, 33.59190855824801], [-117.62675155675308, 33.59190812369234], [-117.6267503291451, 33.5919076882113], [-117.62674910149445, 33.591907250025606], [-117.6267478748926, 33.59190681002487], [-117.6267466493396, 33.591906368209145], [-117.62674542482112, 33.591905923676876], [-117.62674420135144, 33.59190547732962], [-117.62674297893064, 33.59190502916738], [-117.62674175754441, 33.59190457828851], [-117.626740537207, 33.59190412559469], [-117.62673931791839, 33.591903671085845], [-117.62673809967862, 33.59190321476205], [-117.62673688355062, 33.59190275570968], [-117.62673566739423, 33.5919022948543], [-117.62673445228666, 33.59190183218386], [-117.62673323929089, 33.591901366785], [-117.62673202734395, 33.59190089957118], [-117.62673081536857, 33.59190043055418], [-117.62672960551924, 33.591899959710275], [-117.62672839670455, 33.59189948614988], [-117.62672718893863, 33.59189901077443], [-117.6267259822215, 33.591898533584015], [-117.62672477655327, 33.59189805457852], [-117.62672357191956, 33.5918975728565], [-117.62672236941197, 33.59189708930759], [-117.62672116687587, 33.591896603955554], [-117.62671996645163, 33.59189611587514], [-117.62671876709047, 33.5918956268812], [-117.62671756876384, 33.59189513517073], [-117.62671637147182, 33.591894640743675], [-117.62671517522864, 33.59189414450162], [-117.62671398004845, 33.591893647346154], [-117.62671278698015, 33.59189314746216], [-117.62671159386919, 33.59189264487355], [-117.6267104028985, 33.5918921413596], [-117.6267092129766, 33.59189163603067], [-117.62670802408928, 33.59189112798509], [-117.62670683732806, 33.59189061811271], [-117.62670565052417, 33.59189010553563], [-117.62670446586058, 33.5918895920332], [-117.62670328223159, 33.591889075814194], [-117.62670209965135, 33.59188855778018], [-117.62670091811997, 33.59188803793118], [-117.6266997387147, 33.59188751625526], [-117.62669856034395, 33.59188699186283], [-117.62669738194478, 33.591886465667244], [-117.62669620674895, 33.59188593763287], [-117.62669503152466, 33.591885407795395], [-117.62669385842642, 33.59188487613102], [-117.62669268528558, 33.59188434176197], [-117.6266915142707, 33.59188380556602], [-117.62669034539626, 33.59188326844469], [-117.62668917646482, 33.59188272771722], [-117.62668800967369, 33.591882186064375], [-117.62668684393137, 33.59188164259651], [-117.6266856792237, 33.59188109641206], [-117.62668451664206, 33.59188054840078], [-117.62668335510921, 33.59187999857448], [-117.62668219462516, 33.59187944693309], [-117.62668103517572, 33.59187889257522], [-117.62667987786661, 33.59187833729196], [-117.62667872159204, 33.59187777929219], [-117.62667756636631, 33.59187721947738], [-117.62667641326667, 33.59187665783568], [-117.62667526013858, 33.59187609439085], [-117.6266741091223, 33.591875528217585], [-117.62667296024635, 33.59187496111895], [-117.62667181240496, 33.59187439130377], [-117.62667066561238, 33.59187381967361], [-117.62666951986866, 33.59187324622844], [-117.62666837625096, 33.59187267095632], [-117.62666723368208, 33.591872093869206], [-117.62666609216205, 33.59187151496711], [-117.62666495275383, 33.5918709333366], [-117.62666381440867, 33.59187035079256], [-117.62666267709807, 33.591869765532], [-117.62666154191355, 33.5918691784445], [-117.62666040777788, 33.59186858954206], [-117.62665927469101, 33.591867998824554], [-117.62665814371593, 33.591867405378636], [-117.62665701380396, 33.59186681101924], [-117.62665588601804, 33.591866214832955], [-117.62650724128333, 33.59178743994536], [-117.62650247714653, 33.591793741379924], [-117.62649771951519, 33.59180004544753], [-117.6264929673263, 33.591806353061585], [-117.62648822057983, 33.59181266422214], [-117.62648347926157, 33.59181897802766], [-117.62647874444885, 33.59182529446618], [-117.62647401506426, 33.591831613549594], [-117.62646929221366, 33.59183793706922], [-117.62646457477706, 33.59184426233213], [-117.62645986278291, 33.591850591141565], [-117.6264551562312, 33.59185692349746], [-117.62645045617074, 33.591863257584926], [-117.62644576156694, 33.59186959612032], [-117.62644107237716, 33.59187593639915], [-117.62643638970712, 33.59188228021256], [-117.62643171247949, 33.59188862757241], [-117.62642704175738, 33.591894977565325], [-117.62642237538617, 33.591901330215116], [-117.62641771658356, 33.591907684584456], [-117.62641306108311, 33.59191404342568], [-117.62640841317963, 33.59192040578952], [-117.62640377070434, 33.59192677079831], [-117.62639913473456, 33.59193313844016], [-117.62639450419303, 33.59193950872694], [-117.62638987909395, 33.59194588256027], [-117.62638526050037, 33.59195225902664], [-117.62638064734924, 33.591958639039426], [-117.62637603962634, 33.591965021697156], [-117.62637143840897, 33.591971406987945], [-117.62636684371122, 33.59197779581332], [-117.62636225336456, 33.59198418729564], [-117.62635766952336, 33.59199058141094], [-117.62635309221612, 33.59199697996231], [-117.62634852032286, 33.592003380257154], [-117.62634395385791, 33.592009783196914], [-117.62633939282118, 33.592016188781685], [-117.62633483830416, 33.592022597901035], [-117.62633029030685, 33.59202901055495], [-117.6263257477236, 33.59203542495231], [-117.62632121058283, 33.59204184289609], [-117.62631667994755, 33.592048263472996], [-117.62631215581774, 33.592054686682914], [-117.62630763605318, 33.59206111345125], [-117.62630312279417, 33.59206754285265], [-117.62629861604061, 33.59207397488705], [-117.62629411365228, 33.59208041047988], [-117.62628961884673, 33.592086848693924], [-117.62628512839217, 33.59209328956478], [-117.6262806444431, 33.59209973306869], [-117.6262761670138, 33.592106180107216], [-117.62627169501275, 33.5921126297907], [-117.62626722843996, 33.59211908211916], [-117.62626276837271, 33.592125537080655], [-117.6262583137479, 33.592131995588666], [-117.6262538645514, 33.592138456741644], [-117.62624942186036, 33.59214492052768], [-117.62624498567486, 33.592151386946746], [-117.62624055493184, 33.59215785691236], [-117.62623612958866, 33.592164327719814], [-117.62623171077941, 33.592170802963494], [-117.62622729848994, 33.59217728174172], [-117.62622289161457, 33.59218376226337], [-117.62621849018156, 33.59219024633155], [-117.62621409523996, 33.592196732131235], [-117.62620970681803, 33.59220322146555], [-117.62620532276141, 33.59220971435826], [-117.62620094627333, 33.592216208970626], [-117.62619657522772, 33.592222707129515], [-117.6261922095962, 33.592229207031785], [-117.62618785048438, 33.592235710468664], [-117.62618349680089, 33.59224221655056], [-117.62617914965135, 33.592248727068615], [-117.62617480790169, 33.59225523842852], [-117.62617047267175, 33.59226175332306], [-117.6261661428558, 33.59226826996105], [-117.6261618195597, 33.59227479013366], [-117.62615750169186, 33.592281312951194], [-117.62615319142104, 33.59228783929148], [-117.626148885487, 33.59229436738709], [-117.62614458605853, 33.59230089811578], [-117.62614029207256, 33.59230743239104], [-117.62613600459211, 33.592313969299276], [-117.62613172254, 33.59232050885257], [-117.62612744699334, 33.592327051038886], [-117.62612317687501, 33.59233359587028], [-117.62611891326226, 33.592340143334674], [-117.62611465507781, 33.59234669344407], [-117.62611040339888, 33.59235324618654], [-117.62610615823972, 33.592359802463655], [-117.62610191850887, 33.592366361385736], [-117.62609768311479, 33.59237292206319], [-117.6260934553178, 33.59237948626332], [-117.62608923402632, 33.59238605309659], [-117.62608501816315, 33.592392622574785], [-117.62608080880557, 33.59239919468609], [-117.62607660487622, 33.59240576944243], [-117.62607240743824, 33.59241234593023], [-117.62606821544281, 33.59241892596462], [-117.62606402995293, 33.59242550863205], [-117.62684343146755, 33.59272861465312], [-117.62684424131626, 33.59272893121714], [-117.62684505010198, 33.59272924869463], [-117.6268458578531, 33.59272956888867], [-117.6268466645412, 33.592729889996136], [-117.62684747019475, 33.592730213820154], [-117.62684827478523, 33.59273053855761], [-117.62684907834115, 33.592730866011536], [-117.62684988083406, 33.59273119437895], [-117.62685068121515, 33.59273152547487], [-117.62685148161043, 33.59273185747224], [-117.62685228097115, 33.59273219218618], [-117.62685307928304, 33.592732528715125], [-117.62685387653195, 33.59273286615748], [-117.62685467166902, 33.59273320632831], [-117.62685546682027, 33.59273354740066], [-117.626856260937, 33.59273389118955], [-117.62685705291344, 33.592734235903755], [-117.62685784493252, 33.59273458332266], [-117.62685863482558, 33.592734932568405], [-117.62685942365562, 33.59273528272762], [-117.62686021252834, 33.59273563559144], [-117.62686099926073, 33.59273598938066], [-117.62686178494437, 33.59273634498483], [-117.62686256959341, 33.592736703305526], [-117.62686335210216, 33.592737062551564], [-117.62686413465362, 33.59273742450226], [-117.62686491614204, 33.592737787366396], [-117.62686569550436, 33.59273815205744], [-117.6268664738179, 33.59273851856349], [-117.62686725215994, 33.592738886872574], [-117.62686802837585, 33.5927392570086], [-117.62686880355726, 33.59273962986111], [-117.62686957659838, 33.59274000363902], [-117.62687034965369, 33.59274037831843], [-117.62687112059717, 33.592740755726275], [-117.62687189156915, 33.592741134937256], [-117.62687266041502, 33.59274151597509], [-117.62687342819788, 33.592741897926416], [-117.62687419386894, 33.59274228260611], [-117.62687495955417, 33.59274266818741], [-117.62687572312765, 33.59274305649713], [-117.62687648563802, 33.59274344572034], [-117.62687724709961, 33.59274383675843], [-117.62687800752664, 33.59274423051315], [-117.62687876689067, 33.592744625181275], [-117.6268795241144, 33.59274502077475], [-117.6268802803035, 33.592745419084785], [-117.62688103544389, 33.592745819209796], [-117.62688178953542, 33.59274622114983], [-117.62688254148665, 33.59274662401516], [-117.62688329238912, 33.59274702869551], [-117.626884042257, 33.59274743609239], [-117.62688479106187, 33.59274784440275], [-117.62688553774066, 33.592748254539956], [-117.62688628337067, 33.59274866649213], [-117.62688702793766, 33.59274907935779], [-117.62688777147004, 33.59274949493997], [-117.62688851286212, 33.59274991144755], [-117.62688925321969, 33.592750330671656], [-117.62688999251417, 33.59275075080916], [-117.62689072968266, 33.5927511727736], [-117.62689146580232, 33.59275159655302], [-117.62689220085888, 33.592752021245886], [-117.62689293380369, 33.59275244866715], [-117.62689366676273, 33.592752876990005], [-117.62689439651847, 33.59275330715165], [-117.62689512630263, 33.59275373911638], [-117.6268958539607, 33.592754172908016], [-117.62689658057003, 33.59275460851465], [-117.62689730611633, 33.59275504503474], [-117.62689802955077, 33.59275548428323], [-117.62689875192217, 33.59275592444518], [-117.62689947216751, 33.592756366434045], [-117.62690019134992, 33.59275680933634], [-117.62690090949764, 33.59275725495522], [-117.62690162550516, 33.59275770149935], [-117.62690234046383, 33.59275814985851], [-117.62690305437367, 33.59275860003272], [-117.62690376615751, 33.59275905203381], [-117.62690447687828, 33.5927595049483], [-117.62690518655033, 33.59275995967781], [-117.62690589409627, 33.5927604162342], [-117.62690659951612, 33.5927608746175], [-117.62690730496445, 33.592761334803875], [-117.6269080071952, 33.59276179592751], [-117.6269087094545, 33.59276225885425], [-117.62690940958768, 33.592762723607876], [-117.62691010758058, 33.59276318928686], [-117.62691080560197, 33.5927636567689], [-117.62691150042001, 33.59276412608978], [-117.6269121952665, 33.59276459721375], [-117.62691288690972, 33.59276507017648], [-117.62691357856711, 33.59276554404081], [-117.62691426809849, 33.59276601973202], [-117.62691495548957, 33.59276649634857], [-117.62691564184608, 33.59276697568164], [-117.62691632713957, 33.59276745592818], [-117.62691701029277, 33.59276793710005], [-117.62691769133416, 33.592768421000386], [-117.62728007005686, 33.59302613336183], [-117.62728050154855, 33.593026438776945], [-117.62728093411751, 33.59302674418019], [-117.62728136667222, 33.59302704868191], [-117.62728180028996, 33.593027352270084], [-117.6272822339077, 33.59302765585834], [-117.62728266965156, 33.5930279576197], [-117.62728310538117, 33.59302825847945], [-117.6272835421881, 33.59302855932733], [-117.62728398005798, 33.59302885926172], [-117.62728441791364, 33.59302915829459], [-117.62728485683233, 33.593029456414015], [-117.62728529681414, 33.593029753619994], [-117.62728573678166, 33.59303004992437], [-117.6272861789037, 33.59303034620495], [-117.62728662099728, 33.59303064068246], [-117.62728706309088, 33.593030935159945], [-117.62728750732478, 33.59303122871208], [-117.62728795154443, 33.59303152136265], [-117.62728839682717, 33.593031813099806], [-117.62728884209567, 33.593032103935364], [-117.6272892884414, 33.59303239475902], [-117.62728973583596, 33.59303268376771], [-117.62729018430775, 33.59303297276447], [-117.62729063275111, 33.59303325995811], [-117.62729108227177, 33.593033547139896], [-117.62729153285541, 33.59303383340819], [-117.62729198342483, 33.593034118774945], [-117.62729243613457, 33.59303440321635], [-117.6272928877528, 33.59303468676812], [-117.62729334151133, 33.59303496939445], [-117.62729379526988, 33.593035252020854], [-117.62729425007721, 33.59303553283226], [-117.6272947048846, 33.59303581364363], [-117.62729516183225, 33.59303609352969], [-117.62729561875136, 33.59303637161261], [-117.62729607567057, 33.5930366496955], [-117.62729653365284, 33.593036926864976], [-117.62729699269809, 33.59303720312098], [-117.62729745282061, 33.59303747936511], [-117.62729791291471, 33.5930377538061], [-117.62729837407181, 33.59303802733368], [-117.62729883630615, 33.59303830084932], [-117.62729929851213, 33.593038572561895], [-117.62729976179526, 33.59303884426253], [-117.62730022506422, 33.5930391150616], [-117.62730069045924, 33.59303938403381], [-117.6273011558543, 33.593039653006], [-117.62730162123505, 33.59303992107664], [-117.62730208767894, 33.59304018823385], [-117.62730255518576, 33.59304045447756], [-117.62730302375567, 33.593040719807846], [-117.6273034923256, 33.593040985138146], [-117.627303960867, 33.593041248665294], [-117.62730443154877, 33.59304151126712], [-117.62730490223052, 33.593041773868904], [-117.62730537396106, 33.59304203465571], [-117.62730584569162, 33.59304229544256], [-117.6273063184852, 33.59304255531589], [-117.62730679232759, 33.59304281337424], [-117.62730726617, 33.59304307143263], [-117.62730774107544, 33.593043328577494], [-117.62730821596664, 33.59304358482083], [-117.62730869192087, 33.59304384015074], [-117.62730916893817, 33.59304409456716], [-117.6273096459412, 33.59304434808205], [-117.62731012400727, 33.59304460068353], [-117.62731060313644, 33.59304485237151], [-117.62731108225132, 33.59304510315796], [-117.62731156242923, 33.593045353030945], [-117.62731204260716, 33.59304560290389], [-117.62731252383391, 33.5930458509619], [-117.62731300613791, 33.59304609900792], [-117.62731348841345, 33.59304634525093], [-117.62731397176624, 33.59304659148192], [-117.62731445509061, 33.59304683590992], [-117.6273149394922, 33.59304708032598], [-117.6273154249426, 33.593047322927085], [-117.62731591039302, 33.59304756552812], [-117.62731639690651, 33.59304780721572], [-117.62731688339149, 33.59304804710024], [-117.62731737095378, 33.593048286972824], [-117.62731785957908, 33.59304852593197], [-117.62731834819009, 33.593048763989586], [-117.62731883678696, 33.5930490011456], [-117.62731932750985, 33.593049236474734], [-117.62731981823278, 33.59304947180388], [-117.62732030894148, 33.59304970623149], [-117.62732080071319, 33.593049939745576], [-117.62732129354795, 33.5930501723463], [-117.62732178636846, 33.593050404045414], [-117.62732227917475, 33.593050634843024], [-117.62732277412137, 33.59305086471523], [-117.62732326905369, 33.593051093685894], [-117.62732376398608, 33.59305132265656], [-117.62732425996725, 33.59305154981228], [-117.6273247559342, 33.593051776066396], [-117.62732525296416, 33.59305200140705], [-117.62778566462268, 33.5932581575], [-117.62800797800045, 33.59335769827349], [-117.62800820261796, 33.59335779858303], [-117.62800842831275, 33.593357898880576], [-117.62800865400759, 33.59335799917814], [-117.62800887968811, 33.5933580985742], [-117.62800910536872, 33.5933581979702], [-117.62800933211224, 33.59335829645274], [-117.62800955776436, 33.59335839404573], [-117.62800978450794, 33.59335849252828], [-117.62801001230031, 33.59335858919585], [-117.62801023902968, 33.59335868677683], [-117.62801046680782, 33.59335878254288], [-117.62801069460019, 33.59335887921044], [-117.62801092237831, 33.593358974976454], [-117.62801115121948, 33.59335906982902], [-117.62801138006064, 33.59335916468154], [-117.62801160888759, 33.5933592586326], [-117.62801183771455, 33.5933593525836], [-117.6280120676187, 33.5933594465227], [-117.62801229643145, 33.59335953957211], [-117.62801252632138, 33.593359632609705], [-117.62801275619714, 33.593359724745724], [-117.62801298713586, 33.59335981596822], [-117.62801321808881, 33.593359908092275], [-117.6280134479361, 33.593359998425235], [-117.6280136799379, 33.59336008873429], [-117.62801391086244, 33.59336017905531], [-117.62801414177268, 33.59336026847478], [-117.62801437376024, 33.5933603578823], [-117.62801460574778, 33.59336044728985], [-117.62801483878414, 33.593360534882365], [-117.62801507075747, 33.593360623388364], [-117.62801530379379, 33.59336071098089], [-117.62801553681592, 33.59336079767189], [-117.62801576983802, 33.59336088436285], [-117.62801600286011, 33.593360971053855], [-117.62801623694521, 33.59336105683135], [-117.62801647101612, 33.59336114170737], [-117.62801670508703, 33.59336122658334], [-117.62801693915796, 33.5933613114593], [-117.62801717321456, 33.5933613954337], [-117.62801740833424, 33.59336147849471], [-117.62801764346817, 33.59336156245726], [-117.62801787857363, 33.59336164461665], [-117.62801811367915, 33.59336172677609], [-117.62801834986183, 33.593361808923596], [-117.62801858495304, 33.593361890181484], [-117.62801882112151, 33.59336197142745], [-117.62801905727578, 33.59336205177189], [-117.62801929450727, 33.59336213210437], [-117.6280195306473, 33.59336221154724], [-117.62801976786456, 33.593362290978206], [-117.62802000506758, 33.593362369507624], [-117.62802024227065, 33.59336244803704], [-117.62802047945942, 33.593362525664865], [-117.62802071772549, 33.59336260328084], [-117.62802095490007, 33.593362680007154], [-117.6280211931519, 33.59336275672159], [-117.62802143140371, 33.59336283343598], [-117.62802167070433, 33.5933629083354], [-117.62802190894195, 33.593362984148264], [-117.62802214824255, 33.59336305904768], [-117.62802238752896, 33.5933631330455], [-117.62802262681535, 33.593363207043396], [-117.62802286608748, 33.593363280139684], [-117.62802310535959, 33.593363353235986], [-117.62802334570904, 33.59336342632037], [-117.62802358604418, 33.59336349850321], [-117.62802382636515, 33.59336356978457], [-117.62802406668611, 33.593363641065835], [-117.62802430700702, 33.593363712347156], [-117.628024548391, 33.593363782714995], [-117.62802478976072, 33.59336385218128], [-117.62802503113046, 33.59336392164759], [-117.62802527250021, 33.59336399111387], [-117.62802551385566, 33.593364059678656], [-117.62802575519692, 33.59336412734186], [-117.62802599761544, 33.59336419499315], [-117.628026240034, 33.59336426264444], [-117.62802648243827, 33.593364329394205], [-117.62802672482833, 33.5933643952424], [-117.62802696721835, 33.59336446109062], [-117.62802720960839, 33.59336452693881], [-117.62802745306148, 33.59336459187353], [-117.62802769650033, 33.59336465590674], [-117.62802793993919, 33.593364719939906], [-117.628028183378, 33.59336478397313], [-117.6280284268026, 33.59336484710477], [-117.62802867129021, 33.59336490932296], [-117.62802891470061, 33.59336497155307], [-117.62802915918822, 33.593365033771235], [-117.62802940366163, 33.593365095087904], [-117.62802964812076, 33.59336515550297], [-117.62802989257993, 33.59336521591809], [-117.62803013703906, 33.59336527633317], [-117.62803038256125, 33.59336533583482], [-117.62803062806925, 33.59336539443498], [-117.62803087249989, 33.59336545304695], [-117.62803111800785, 33.59336551164701], [-117.62803136457883, 33.59336556933365], [-117.62776439659733, 33.59434751486689], [-117.62771342626094, 33.59453498503217], [-117.62770293216735, 33.594541974751905], [-117.62770226154649, 33.59454242490343], [-117.6277015942001, 33.59454287772381], [-117.62770092906528, 33.59454333412651], [-117.62770026829648, 33.594543794087734], [-117.62769961081649, 33.59454425761941], [-117.62769895661103, 33.59454472382], [-117.62769830677162, 33.59454519357909], [-117.62769765914373, 33.59454566692051], [-117.62769701480462, 33.59454614383239], [-117.6276963748173, 33.594546623401214], [-117.62769573811882, 33.59454710654046], [-117.62769510469485, 33.59454759234864], [-117.6276944745739, 33.59454808262878], [-117.62769384879056, 33.59454857466437], [-117.62769322631023, 33.59454907117192], [-117.62769260709017, 33.59454956944683], [-117.62769199009587, 33.59455007220562], [-117.6276913785307, 33.59455057760947], [-117.62769077024002, 33.59455108568223], [-117.62769016631546, 33.59455159731351], [-117.62768956566545, 33.59455211161364], [-117.62768896830417, 33.594552629484234], [-117.62768837529474, 33.594553150011755], [-117.62768778665139, 33.59455367409788], [-117.62768720126832, 33.59455419995132], [-117.62768661918827, 33.59455473027674], [-117.62768604144583, 33.59455526235758], [-117.62768546806944, 33.59455579799695], [-117.6276848979676, 33.594556336305224], [-117.62768433221763, 33.594556877270456], [-117.6276837697564, 33.59455742180614], [-117.62768321164697, 33.59455796899879], [-117.62768265788937, 33.594558518848395], [-117.62768210740637, 33.594559071366916], [-117.62768156127518, 33.594559626542456], [-117.62768101950998, 33.594560185276436], [-117.6276804810052, 33.59456074577787], [-117.6276799479437, 33.5945613098258], [-117.62767941815675, 33.59456187654267], [-117.62767889270741, 33.59456244501496], [-117.62767837054685, 33.5945630170577], [-117.62767785381541, 33.5945635917455], [-117.62767734035847, 33.5945641691022], [-117.62767683123914, 33.594564748214346], [-117.6276763264859, 33.594565330885004], [-117.62767582607023, 33.59456591531105], [-117.6276753300064, 33.59456650239415], [-117.62767483830862, 33.59456709303573], [-117.62767435094848, 33.59456768543274], [-117.6276738668486, 33.59456827959709], [-117.6276733881921, 33.5945688773081], [-117.62767291387314, 33.59456947677452], [-117.62767244390606, 33.594570078897895], [-117.62767197721348, 33.59457068369019], [-117.6276715159358, 33.594571290226], [-117.62767105900994, 33.594571899418796], [-117.62767060643594, 33.59457251126857], [-117.62767015819948, 33.594573124873776], [-117.62766971539217, 33.59457374112403], [-117.62766927584516, 33.59457435914165], [-117.62766884065002, 33.594574979816265], [-117.6276684108697, 33.59457560223436], [-117.62766798544122, 33.59457622730946], [-117.62766756435035, 33.59457685413998], [-117.62766714761135, 33.594577483627525], [-117.62766673628713, 33.594578114858535], [-117.62766632823751, 33.59457874875844], [-117.62766592560274, 33.59457938440187], [-117.62766552838292, 33.59458002178888], [-117.62766513442334, 33.59458066094319], [-117.6276647458929, 33.594581302742576], [-117.62766436170007, 33.59458194629738], [-117.62766398292209, 33.59458259159574], [-117.62766360740437, 33.59458323866144], [-117.62766323839314, 33.594583888360305], [-117.62766287262792, 33.59458453892495], [-117.62766251229186, 33.594585192134694], [-117.62766215629337, 33.594585847099815], [-117.62766180570979, 33.59458650380848], [-117.62766145946374, 33.59458716227261], [-117.62766111755533, 33.59458782249217], [-117.6276607810618, 33.59458848445527], [-117.62766044996894, 33.594589147260294], [-117.62766012322784, 33.59458981272232], [-117.62765980082435, 33.594590479939825], [-117.62765948382155, 33.59459114799928], [-117.62765917117055, 33.5945918187157], [-117.62765886392022, 33.59459249027412], [-117.62765856100746, 33.59459316358793], [-117.62765826349535, 33.594593837743794], [-117.62765797033502, 33.59459451455656], [-117.62765768257539, 33.594595192211386], [-117.6276574002307, 33.594595871609684], [-117.62765712220926, 33.59459655186191], [-117.62765684852545, 33.59459723386947], [-117.62765658133382, 33.594597917608795], [-117.62765631738827, 33.594598602213814], [-117.62765605993488, 33.59459928855051], [-117.62765580680484, 33.59459997574103], [-117.62727003227327, 33.59565914776247], [-117.6272691620769, 33.59566149459188], [-117.62726826372848, 33.595663832715516], [-117.627267336165, 33.59566616304679], [-117.62726637938633, 33.59566848558567], [-117.62726539445563, 33.595670799418826], [-117.62726438245015, 33.59567310453421], [-117.62726334121535, 33.595675400955734], [-117.62726227182844, 33.5956776886714], [-117.62726117427526, 33.59567996677977], [-117.62726004855578, 33.59568223528074], [-117.62725889574727, 33.59568449416242], [-117.62725771477247, 33.59568674343682], [-117.6272565066944, 33.59568898219041], [-117.62725527042164, 33.595691209533506], [-117.6272540081371, 33.595693427245486], [-117.62725271765783, 33.59569563354696], [-117.62725140113832, 33.5956978284142], [-117.62725005642406, 33.595700011871], [-117.62724868566964, 33.59570218389352], [-117.62724728887501, 33.595704344481796], [-117.62724586493448, 33.595706491844616], [-117.62724441495374, 33.59570862777315], [-117.62724293782698, 33.595710750476286], [-117.62724143572318, 33.59571286083162], [-117.62723990755073, 33.595714957949646], [-117.62723835546419, 33.595717041806466], [-117.62723677623164, 33.59571911243786], [-117.62723517200783, 33.59572116981997], [-117.62723354168685, 33.59572321216162], [-117.62723188745183, 33.59572524124215], [-117.62723020711968, 33.595727255282135], [-117.62722850285925, 33.59572925515946], [-117.62722677467049, 33.59573124087406], [-117.62722502144769, 33.595733210634705], [-117.62722324428235, 33.595735165331085], [-117.62722144425175, 33.595737104951304], [-117.62721961920136, 33.59573902951913], [-117.62721777125728, 33.595740937207744], [-117.6272158993706, 33.595742829832], [-117.62721400459031, 33.59574470557704], [-117.62721208693048, 33.59574656534429], [-117.62721014745435, 33.59574840822037], [-117.62720818402133, 33.59575023513067], [-117.62720619875778, 33.5957520442482], [-117.6272041916778, 33.59575383647451], [-117.62720216276712, 33.595755610908164], [-117.62720011204011, 33.595757368450556], [-117.6271980394825, 33.59575910820017], [-117.62719594615724, 33.59576082924371], [-117.6271938320929, 33.59576253338409], [-117.6271916961837, 33.59576421883018], [-117.62718954058421, 33.5957658855582], [-117.6271873642172, 33.59576753358], [-117.6271851681599, 33.5957691628837], [-117.62718295025775, 33.59577077349306], [-117.62718071480568, 33.59577236445902], [-117.62717845966337, 33.595773936706856], [-117.62717618481652, 33.59577548933507], [-117.62717389134251, 33.595777022331674], [-117.62717157922707, 33.59577853479517], [-117.62716924849866, 33.59578002852866], [-117.62716689912881, 33.59578150172904], [-117.62716453327212, 33.59578295437253], [-117.62716214877402, 33.59578438648283], [-117.6271597467118, 33.595785798048176], [-117.62715732708546, 33.59578718906848], [-117.62715489097228, 33.595788559531876], [-117.62715243835798, 33.59578990853674], [-117.62714996924275, 33.595791236083166], [-117.62714748364058, 33.59579254307266], [-117.62714498261475, 33.59579382859173], [-117.62714246507359, 33.595795091750844], [-117.62713993318596, 33.5957963334276], [-117.62713738587462, 33.59579755363402], [-117.62713482313946, 33.59579875236999], [-117.62713224710674, 33.595799927808706], [-117.62712965565026, 33.59580108177702], [-117.6271270498331, 33.59580221336149], [-117.6271244318099, 33.59580332253828], [-117.62712179834864, 33.595804409343124], [-117.62711915374447, 33.595805472826896], [-117.62711649477959, 33.59580651392678], [-117.62711382359434, 33.59580753171748], [-117.62711114020308, 33.59580852710051], [-117.62710844459154, 33.59580949917431], [-117.62710573675963, 33.59581044793892], [-117.62710301777052, 33.59581137248081], [-117.62710028765267, 33.59581227460318], [-117.6270975463918, 33.59581315340441], [-117.62709479505101, 33.5958140079711], [-117.6270920336445, 33.59581483920472], [-117.62708926108081, 33.595815646215684], [-117.62708647952873, 33.59581642988173], [-117.6270836878967, 33.595817189313145], [-117.62708088726205, 33.59581792449811], [-117.627078077639, 33.595818636338116], [-117.62707526007642, 33.59581932301822], [-117.62707243352551, 33.595819986353376], [-117.62706959903498, 33.59582062452853], [-117.62684701460962, 33.59586974673902], [-117.62668882161292, 33.59590466307232], [-117.62663360351489, 33.595916879023996], [-117.62741483662003, 33.59597066262288], [-117.62874597806014, 33.59606148436501], [-117.62883663642896, 33.59606772621632], [-117.6302346829676, 33.595172787264126], [-117.63052325899788, 33.59523539425919], [-117.63113192583319, 33.59536744164836], [-117.63071114861978, 33.596218660938284], [-117.63061754480768, 33.59627116196878], [-117.6304652844435, 33.596356562232074], [-117.63031589966941, 33.596658755357126], [-117.6305869245172, 33.59725029449071], [-117.63030537589296, 33.598241890395144], [-117.6297779739856, 33.59882541508437], [-117.62935151555729, 33.5989473799429], [-117.62895266769887, 33.59906144451488], [-117.62851204973263, 33.59918745582479], [-117.62792142489889, 33.59973588784757], [-117.6274390248337, 33.60041731600237], [-117.6274227721436, 33.600878006566276], [-117.6273450337415, 33.60099903914633], [-117.626512376651, 33.6015170785678], [-117.62637622304747, 33.601824439290496], [-117.62601161684974, 33.60209575736018], [-117.62594087953308, 33.60227978195624], [-117.62588792595278, 33.60241753958212], [-117.62577532425696, 33.60271046925093], [-117.6258775739477, 33.60303236769511], [-117.6250389744614, 33.60427323820817], [-117.62502520179582, 33.60432697817536], [-117.62500241629017, 33.60454051210516], [-117.6248612981068, 33.6047814911499], [-117.62484679947653, 33.604866992426494], [-117.62468341327512, 33.605830446095624], [-117.62485165378699, 33.6059533822132], [-117.62486129531302, 33.605961186429546], [-117.62487166270473, 33.60596957775685], [-117.62559437085977, 33.60655450044532], [-117.62598702294792, 33.606872288666985], [-117.62418591970267, 33.60864326694618], [-117.62392918525805, 33.60889569887187], [-117.62379089084364, 33.6090316740448], [-117.62409616236978, 33.60913365335282], [-117.62399153069317, 33.60923823910851], [-117.62402380789584, 33.609289242096224], [-117.62394194336628, 33.6093987443772], [-117.62391437660219, 33.60953420201404], [-117.62393784341896, 33.609860642782536], [-117.62385567560293, 33.61014088568083], [-117.62371722607347, 33.610525007782904], [-117.62371858345472, 33.610780583484846], [-117.62368555018861, 33.6107802767897], [-117.62368509292729, 33.61078107712781], [-117.6236846269892, 33.6107818739547], [-117.62368415345199, 33.610782667258654], [-117.62368367123814, 33.61078345705143], [-117.62368318142506, 33.6107842433212], [-117.62368268294958, 33.61078502698137], [-117.62368217793815, 33.6107858062051], [-117.62368166425013, 33.610786581917694], [-117.62368114188534, 33.61078735411916], [-117.62368061299892, 33.61078812278569], [-117.62368007542169, 33.610788887039604], [-117.62367953024521, 33.61078964777045], [-117.62367897746954, 33.610790404978296], [-117.62367841708055, 33.61079115776158], [-117.62367784909237, 33.61079190702185], [-117.6236772724133, 33.610792651869396], [-117.62367668919838, 33.61079339228055], [-117.62367609838424, 33.61079412916868], [-117.62367550102007, 33.6107948607188], [-117.62367489497919, 33.61079558875783], [-117.62367428132495, 33.61079631237229], [-117.6236736611348, 33.61079703155028], [-117.62367303333133, 33.610797746303724], [-117.62367239899191, 33.61079845662073], [-117.62367175596164, 33.61079916252503], [-117.623671107473, 33.610799863981065], [-117.62367045027926, 33.61080056012284], [-117.62366978654964, 33.61080125182815], [-117.62366911628415, 33.610801939097044], [-117.62366843839102, 33.61080262103989], [-117.62366775396204, 33.610803298546216], [-117.6236670629972, 33.61080397161617], [-117.62366636546807, 33.61080463844655], [-117.62366566032549, 33.61080530085238], [-117.62366494864709, 33.61080595882182], [-117.62366423041856, 33.61080661145319], [-117.62366350563994, 33.610807258746675], [-117.62366277431124, 33.610807900702085], [-117.6236620364325, 33.61080853731956], [-117.6236612920036, 33.61080916859904], [-117.62366054103887, 33.61080979544212], [-117.6236597835098, 33.61081041604564], [-117.62365902050814, 33.61081103129927], [-117.62365825095637, 33.610811641214966], [-117.6236574748546, 33.6108122457927], [-117.62365669328015, 33.61081284502053], [-117.62365590514142, 33.61081343800883], [-117.6236551104526, 33.61081402565924], [-117.62365431029119, 33.61081460795964], [-117.62365350464302, 33.61081518400875], [-117.62365269352213, 33.610815754707964], [-117.62365187583704, 33.61081631916761], [-117.62365105267935, 33.61081687827744], [-117.62365022295734, 33.61081743114777], [-117.62364938884019, 33.61081797865634], [-117.62364854922203, 33.61081851901194], [-117.6236477030539, 33.61081905402957], [-117.62364685249054, 33.61081958368548], [-117.6236459964262, 33.61082010618847], [-117.62364513488926, 33.61082062334155], [-117.62364426786557, 33.610821134243224], [-117.62364339643247, 33.61082163888164], [-117.62364251842098, 33.610822136378964], [-117.62364163709182, 33.61082262850274], [-117.62364075027585, 33.61082311437505], [-117.62363985797305, 33.61082359399596], [-117.6236389612468, 33.610824066452054], [-117.6236380590479, 33.61082453355828], [-117.623637153503, 33.61082499348778], [-117.62363624247128, 33.61082544716593], [-117.62363532703026, 33.61082589458077], [-117.62363440608824, 33.610826334842656], [-117.6236334818144, 33.6108267688294], [-117.62363255313117, 33.61082719655287], [-117.6236316200245, 33.61082761711148], [-117.6236306825085, 33.610828031406875], [-117.62362974058321, 33.61082843943894], [-117.62362879529768, 33.61082883939274], [-117.62362784561702, 33.61082923398485], [-117.62362689151283, 33.61082962141211], [-117.62362593406264, 33.61083000166268], [-117.62362497218896, 33.61083037474842], [-117.62362400698339, 33.610830741559006], [-117.62362303735435, 33.6108311012047], [-117.62362206547095, 33.610831454563446], [-117.62362108916405, 33.61083180075734], [-117.62362010951115, 33.61083213977452], [-117.62361912651218, 33.610832471615026], [-117.62361814016721, 33.61083279627879], [-117.62361715049042, 33.61083311466741], [-117.62361615745337, 33.61083342497781], [-117.62361516108456, 33.61083372901303], [-117.62361416244711, 33.61083402585966], [-117.62361316046369, 33.61083431552961], [-117.6236121551343, 33.610834598022805], [-117.62361114752208, 33.61083487242594], [-117.6236101365781, 33.61083514055387], [-117.62360912336555, 33.61083540149323], [-117.62360810788444, 33.61083565524406], [-117.62360616751052, 33.61083589304116], [-117.62360422949034, 33.610836143436046], [-117.6236022938238, 33.610836406428724], [-117.62360036052513, 33.610836682920734], [-117.62359843065771, 33.610836971998644], [-117.62359650315815, 33.61083727457593], [-117.6235945779981, 33.61083758884941], [-117.6235926562834, 33.610837916610365], [-117.62359073799983, 33.61083825695721], [-117.62358882314747, 33.61083860988999], [-117.62358691174049, 33.61083897631022], [-117.623585002673, 33.610839354426695], [-117.62358309920586, 33.61083974600688], [-117.62358119809237, 33.610840150184885], [-117.62357930148757, 33.61084056693683], [-117.62357740829972, 33.61084099537324], [-117.62357551963473, 33.61084143728518], [-117.62357363547838, 33.610841891771145], [-117.62357175583068, 33.61084235883114], [-117.62356987961415, 33.61084283847708], [-117.62356800896954, 33.61084332978363], [-117.6235661428478, 33.61084383456577], [-117.62356428122051, 33.61084435102039], [-117.62356242517932, 33.61084488003716], [-117.62356057364684, 33.61084542162801], [-117.62355872768623, 33.610845974879474], [-117.62355688731175, 33.61084654069302], [-117.62355505144595, 33.610847119080674], [-117.62355322222959, 33.61084770911702], [-117.62355139752178, 33.61084831172748], [-117.62354957947767, 33.61084892688816], [-117.62354776700546, 33.6108495537095], [-117.62354596118264, 33.61085019217953], [-117.62354416094594, 33.610850843211765], [-117.62354236735867, 33.61085150589275], [-117.62354057934338, 33.61085218023434], [-117.62353879799161, 33.61085286712619], [-117.62353702328934, 33.610853565666815], [-117.6235352552364, 33.610854275856184], [-117.6235334949104, 33.610854997682424], [-117.62353174015627, 33.61085573116929], [-117.62352999312905, 33.610856476293016], [-117.62352825382881, 33.61085723305358], [-117.62352652117791, 33.610858001462915], [-117.62352479517641, 33.610858781520996], [-117.62352307797929, 33.61085957320408], [-117.62352136743154, 33.61086037653593], [-117.62351966459654, 33.61086119060311], [-117.62351796947424, 33.61086201540559], [-117.62351628317045, 33.61086285273462], [-117.62351460350192, 33.610863700810846], [-117.62351293262357, 33.610864559610505], [-117.62351127054956, 33.61086543003516], [-117.62350961618824, 33.6108663111952], [-117.62350797061715, 33.61086720307866], [-117.62350633277286, 33.610868106598986], [-117.6235047047821, 33.610869019929396], [-117.62350308451819, 33.610869944896656], [-117.62350147304451, 33.61087088058738], [-117.62349987143845, 33.61087182698965], [-117.62349827862256, 33.61087278411538], [-117.62349669458266, 33.61087375106307], [-117.62349511934717, 33.61087472963573], [-117.62349355396508, 33.6108757180184], [-117.62349199843646, 33.610876716211166], [-117.62349045063478, 33.610877726040776], [-117.62348891482725, 33.61087874475511], [-117.62348738780994, 33.61087977419297], [-117.62348587066028, 33.61088081434239], [-117.62348436336407, 33.610881864301845], [-117.62348286592136, 33.610882924071355], [-117.62348138048704, 33.61088399362713], [-117.62347990275124, 33.61088507301669], [-117.62347843702388, 33.61088616219258], [-117.62347698116416, 33.61088726208], [-117.6234755351437, 33.610888370876], [-117.62347410004, 33.610889488568574], [-117.6234726758814, 33.61089061696088], [-117.62347126263958, 33.6108917542498], [-117.62346985923706, 33.61089290044723], [-117.62346846784298, 33.61089405643097], [-117.62346708737981, 33.61089522221289], [-117.62346571781916, 33.61089639598985], [-117.6234643591895, 33.61089757956503], [-117.6234630114766, 33.610898772036805], [-117.62346167575791, 33.61089997339335], [-117.62346035203349, 33.61090118363466], [-117.62345903922578, 33.610902402772595], [-117.62345773841233, 33.610903630795256], [-117.62345644850146, 33.61090486681303], [-117.62345517058478, 33.610906111715565], [-117.62345390572561, 33.61090736458947], [-117.62345265178325, 33.61090862635995], [-117.62345140983513, 33.61090989701519], [-117.62345017985282, 33.61091117475216], [-117.62344896294225, 33.61091246136198], [-117.62344775801171, 33.61091375595499], [-117.62344656506126, 33.61091505853129], [-117.6234453851541, 33.61091636817733], [-117.62331646382596, 33.6111095161187], [-117.62330991984406, 33.611119420348636], [-117.6233034778826, 33.611129370342034], [-117.62329713795563, 33.611139367000526], [-117.62329090111238, 33.611149408509114], [-117.62328476735289, 33.611159494867856], [-117.62327873774039, 33.61116962516333], [-117.62327281224661, 33.61117979759249], [-117.62326699088575, 33.61119001305693], [-117.62326127469274, 33.61120026884003], [-117.623255663696, 33.611210566745], [-117.62325015999372, 33.6112209031419], [-117.6232447614594, 33.61123127985759], [-117.62323946912797, 33.611241694175575], [-117.62323428516864, 33.61125214697368], [-117.62322920847554, 33.61126263646066], [-117.62322423903454, 33.61127316173508], [-117.6232193779089, 33.61128372188345], [-117.62321462509873, 33.61129431690581], [-117.62320998166736, 33.61130494588878], [-117.62320544760061, 33.61131560793079], [-117.62320102288432, 33.61132630213039], [-117.62319670858183, 33.61133702757406], [-117.62319250360149, 33.611347783372246], [-117.6231884100983, 33.61135856950111], [-117.62318442588902, 33.611369384181444], [-117.62318055420604, 33.61138022737756], [-117.62317679395774, 33.61139109819977], [-117.6231731451159, 33.611401994845124], [-117.62316960877207, 33.61141291820323], [-117.6231661838205, 33.61142386648282], [-117.62316287240202, 33.61143483875874], [-117.62315967342498, 33.611445834141236], [-117.62315658688945, 33.61145685263042], [-117.62315361384454, 33.61146789241121], [-117.62315075429025, 33.6114789534837], [-117.62314800819829, 33.61149003404479], [-117.62314537556873, 33.61150113409452], [-117.62314285747905, 33.61151225362101], [-117.6231404528093, 33.61152338993147], [-117.62313816371444, 33.61153454300224], [-117.623135989117, 33.61154571284508], [-117.62313392898871, 33.611556897657096], [-117.6231319833154, 33.611568096536566], [-117.62313015317454, 33.61157930947173], [-117.62312843746042, 33.611590534671315], [-117.62312683725051, 33.61160177212359], [-117.62312535251642, 33.6116130200253], [-117.62312398434996, 33.611624279266195], [-117.6231227305678, 33.611635548067], [-117.62312159220487, 33.61164682371114], [-117.62312057036712, 33.61165810798984], [-117.62311966502615, 33.61166939910008], [-117.62311887402711, 33.61168069706556], [-117.62311820055993, 33.61169199914605], [-117.62311764248379, 33.61170330626682], [-117.62311719978455, 33.611714617526324], [-117.62311687458899, 33.611725931097794], [-117.62311666472785, 33.61173724610336], [-117.62311657020126, 33.6117485625431], [-117.62311659314993, 33.611759879491665], [-117.62311673139068, 33.61177119516979], [-117.62311698709269, 33.6117825104552], [-117.6231173569809, 33.611793822678884], [-117.62311784428788, 33.611805131805255], [-117.6231184468587, 33.61181643785805], [-117.6231191657283, 33.61182773812082], [-117.62312000091092, 33.611839033495], [-117.62312095130078, 33.6118503221895], [-117.62312201797529, 33.61186160419235], [-117.62312320198374, 33.61187287768869], [-117.62312450007944, 33.611884141812475], [-117.62312591441743, 33.61189539654002], [-117.62312744390609, 33.61190664098164], [-117.62312908851705, 33.611917873334264], [-117.62313084825034, 33.61192909359784], [-117.62313272310608, 33.611940301772435], [-117.62313471304164, 33.6119514951534], [-117.62313681805715, 33.61196267374069], [-117.62313903707509, 33.6119738375462], [-117.62314137114468, 33.611984984755026], [-117.62314381917425, 33.6119961144774], [-117.62314638114958, 33.61200722581178], [-117.62314905814831, 33.61201831874636], [-117.6231518480013, 33.6120293924033], [-117.62315475177179, 33.61204044586918], [-117.62315776833985, 33.61205147645121], [-117.62316089882557, 33.612062486842156], [-117.6231641420947, 33.61207347344775], [-117.62329731335286, 33.61240517662591], [-117.623375916565, 33.61259059643307], [-117.62338291132042, 33.61260740091261], [-117.62338967754906, 33.612624270127526], [-117.62339621522258, 33.6126412022748], [-117.62340252217153, 33.612658196476566], [-117.62340859832483, 33.612675248225344], [-117.62341444260487, 33.6126923575329], [-117.62342005387727, 33.612709520805005], [-117.62342543319096, 33.61272673622673], [-117.62343057728496, 33.612744002030695], [-117.62343548827151, 33.61276131548854], [-117.62344016287541, 33.61277867393127], [-117.62344460215985, 33.612796076445534], [-117.6234488049762, 33.61281351853548], [-117.62345277133855, 33.61283100110269], [-117.62345650008399, 33.61284851874988], [-117.62345999121248, 33.61286607147697], [-117.62346324360378, 33.61288365659134], [-117.62346625720092, 33.61290127048676], [-117.62346903200385, 33.61291891316326], [-117.62347156794134, 33.61293658011315], [-117.62347386282991, 33.61295426955717], [-117.6234759188102, 33.61297198057003], [-117.62347773368447, 33.61298971047085], [-117.62347930738169, 33.61300745475188], [-117.6234806409933, 33.6130252143029], [-117.62348173337068, 33.613042984628], [-117.62348258556285, 33.61306076391227], [-117.62348319540047, 33.61307855127802], [-117.62348356388979, 33.61309634220547], [-117.62348369209418, 33.61311413578138], [-117.62348357781576, 33.613131929324744], [-117.62348322318107, 33.61314972100888], [-117.62348262599228, 33.61316750815283], [-117.62348178837598, 33.613185288929735], [-117.62348070919762, 33.61320305974535], [-117.62347938952047, 33.61322081968625], [-117.6234778292875, 33.61323856514626], [-117.62347602740695, 33.6132562952357], [-117.62347398599111, 33.61327400722612], [-117.62347170391965, 33.613291698424945], [-117.62346918224172, 33.613309367017024], [-117.62346642091438, 33.613327010297766], [-117.62346341990923, 33.61334462646415], [-117.62346018133854, 33.6133622127877], [-117.62345670409633, 33.61337976747723], [-117.62345298921728, 33.61339728781626], [-117.62344903668712, 33.61341477290313], [-117.62344484642055, 33.61343221732859], [-117.62344042057241, 33.613449621069016], [-117.62343575911429, 33.61346698232114], [-117.6234308620033, 33.61348429838037], [-117.62342573027443, 33.61350156653021], [-117.62342036497655, 33.613518784955566], [-117.62341476608123, 33.61353595185346], [-117.62340893460897, 33.61355306360577], [-117.62340287162304, 33.61357011929903], [-117.6233965781583, 33.61358711621675], [-117.62339005310865, 33.613604052567666], [-117.62338329966393, 33.61362092561146], [-117.62337631779567, 33.613637733545104], [-117.62336910853871, 33.61365447365194], [-117.62336167294202, 33.613671144117085], [-117.62335400989966, 33.613687743149264], [-117.62334612369308, 33.61370426889783], [-117.62333801427968, 33.61372071865814], [-117.62332968161682, 33.613737089725525], [-117.62332112784516, 33.613753381174625], [-117.62331235290783, 33.613769589399254], [-117.62330335895982, 33.613785714375695], [-117.62329414702178, 33.613801752485706], [-117.6232847181427, 33.61381770191437], [-117.62327507337164, 33.61383356084674], [-117.62326521375772, 33.61384932746776], [-117.62325514141324, 33.613864999048936], [-117.62324485632395, 33.61388057468878], [-117.62323436166552, 33.6138960507454], [-117.62322365742376, 33.61391142631725], [-117.62321274464776, 33.613926699589264], [-117.62320162544981, 33.61394186783312], [-117.62319030197074, 33.61395693012333], [-117.62317877524545, 33.61397188374349], [-117.6231670452455, 33.61398672689035], [-117.6231551151608, 33.61400145682366], [-117.62314298606883, 33.614016073531495], [-117.62313066008201, 33.61403057428544], [-117.62311813715768, 33.614044956380766], [-117.62310542051426, 33.61405921888029], [-117.62309251120078, 33.614073359969005], [-117.62307941025216, 33.614087376930385], [-117.62306612088682, 33.61410126882717], [-117.62305264307622, 33.61411503385618], [-117.62303897894704, 33.61412867019064], [-117.62302513171772, 33.61414217689326], [-117.62301110347221, 33.61415554943251], [-117.62299689313309, 33.614168787820255], [-117.62298250391865, 33.61418189111926], [-117.62296793901893, 33.61419485658923], [-117.62295319841965, 33.61420768332853], [-117.6229382842476, 33.61422036951032], [-117.6226904176902, 33.61442882946922], [-117.62257262179767, 33.61453742349174], [-117.62260194572241, 33.6145618277168], [-117.62205785722007, 33.61505193953017], [-117.62205747116569, 33.61505247307658], [-117.62205708509711, 33.615053005721485], [-117.62205669904272, 33.615053539267834], [-117.6220563140517, 33.615054071900836], [-117.62205592907482, 33.6150546054354], [-117.62205554409799, 33.615055138969936], [-117.62205515912113, 33.61505567250449], [-117.62205477522183, 33.61505620602715], [-117.62205439132244, 33.61505673954981], [-117.62205400743727, 33.615057273974024], [-117.6220536235521, 33.61505780839828], [-117.6220532407303, 33.61505834190906], [-117.62205285684516, 33.61505887633327], [-117.62205247403746, 33.61505941074563], [-117.62205209230741, 33.61505994514604], [-117.62205170951391, 33.61506048045995], [-117.62205132778377, 33.61506101486044], [-117.62205094606787, 33.61506155016242], [-117.6220505643377, 33.61506208456291], [-117.62205018262178, 33.615062619864936], [-117.62204980198337, 33.61506315515508], [-117.6220494213449, 33.61506369044524], [-117.62204904072064, 33.61506422663693], [-117.62204866008223, 33.61506476192701], [-117.62204828053552, 33.61506529810686], [-117.62204789991124, 33.61506583429854], [-117.62204752142786, 33.61506636956496], [-117.62204714188113, 33.615066905744804], [-117.62204676234853, 33.61506744282612], [-117.62204638387936, 33.615067978994084], [-117.62204600541013, 33.61506851516203], [-117.62204562695507, 33.61506905223149], [-117.6220452495776, 33.6150695892891], [-117.62204487112255, 33.61507012635857], [-117.62204449374501, 33.6150706634162], [-117.62204411636749, 33.61507120047379], [-117.62204374006751, 33.61507173751957], [-117.62204336268995, 33.615072274577216], [-117.62204298640411, 33.615072812524474], [-117.62204261011831, 33.615073350471796], [-117.62204223491004, 33.61507388840719], [-117.62204185862419, 33.61507442635447], [-117.6220414834159, 33.61507496428988], [-117.62204110820757, 33.61507550222534], [-117.62204073301346, 33.61507604106222], [-117.62204035888266, 33.6150765789858], [-117.6220399836885, 33.61507711782275], [-117.62203960957194, 33.615077656647884], [-117.6220392354553, 33.61507819547292], [-117.62203886241618, 33.61507873428617], [-117.62203848937712, 33.61507927309938], [-117.62203811526054, 33.61507981192449], [-117.62203774331313, 33.61508035162738], [-117.62203737028821, 33.615080891342146], [-117.62203699834085, 33.61508143104501], [-117.6220366253159, 33.61508197075977], [-117.6220362533685, 33.61508251046266], [-117.62203588249865, 33.61508305015368], [-117.62203551055123, 33.61508358985655], [-117.6220351396955, 33.615084130449155], [-117.62203476883982, 33.61508467104169], [-117.62203439796994, 33.61508521073274], [-117.62203402819179, 33.61508575131338], [-117.6220336584136, 33.6150862918941], [-117.62203328864959, 33.61508683337631], [-117.62203291887141, 33.61508737395703], [-117.6220325491074, 33.61508791543927], [-117.62203218040673, 33.615088456008074], [-117.62203181172025, 33.61508899747846], [-117.62203144303376, 33.6150895389488], [-117.62203107434728, 33.61509008041918], [-117.62203070673833, 33.61509062187768], [-117.62203033912937, 33.615091163336146], [-117.62202997153454, 33.61509170569616], [-117.62202960393977, 33.61509224805621], [-117.6220292374083, 33.61509278950287], [-117.62202886981353, 33.6150933318629], [-117.62202850329622, 33.61509387421107], [-117.6220281378565, 33.61509441654737], [-117.6220277713534, 33.61509495979704], [-117.62202740591364, 33.61509550213336], [-117.62202704048812, 33.615096045371175], [-117.62202667506253, 33.61509658860904], [-117.62202631070028, 33.61509713093347], [-117.6220259452747, 33.61509767417132], [-117.62202558094086, 33.615098218298826], [-117.6220252165928, 33.61509876152479], [-117.62202485332223, 33.61509930473886], [-117.62202448898837, 33.615099848866386], [-117.62202412571781, 33.61510039208049], [-117.6220237624615, 33.61510093619615], [-117.62202340028267, 33.615101480299906], [-117.62202303702625, 33.61510202441554], [-117.62202267486161, 33.61510256942088], [-117.62202231268276, 33.61510311352461], [-117.62202195050395, 33.61510365762839], [-117.62202158941679, 33.61510420262186], [-117.62202122832964, 33.61510474761525], [-117.62202086722831, 33.61510529170717], [-117.62201328246924, 33.615116819546486], [-117.62200581386962, 33.615128401109835], [-117.62199846032348, 33.615140034606064], [-117.6219912239719, 33.61515171910987], [-117.62198410480067, 33.615163453719745], [-117.62197710279564, 33.61517523753415], [-117.62197021903438, 33.61518707054127], [-117.62196345456616, 33.615198950926136], [-117.62195680831337, 33.61521087870067], [-117.62195028348039, 33.61522285202622], [-117.6219438768488, 33.615234871839945], [-117.62193759159457, 33.61524693450009], [-117.62193142668269, 33.61525904272316], [-117.62192538421161, 33.61527119287928], [-117.62191946199792, 33.615283383189144], [-117.62191366331673, 33.61529561632172], [-117.62190798595643, 33.6153078886947], [-117.62190243316378, 33.615320201174], [-117.62189700275539, 33.615332551980224], [-117.62189169579466, 33.6153449402001], [-117.62188651334505, 33.615357364920186], [-117.6218814554066, 33.615369826140466], [-117.62187652302845, 33.615382322046024], [-117.62187171511904, 33.6153948517472], [-117.62186703275589, 33.61540741523221], [-117.62186247591076, 33.61542001069794], [-117.62185804566114, 33.61543263813248], [-117.62185374197884, 33.61544529573285], [-117.62184956486378, 33.61545798349904], [-117.62184551536528, 33.61547069961612], [-117.62184159239166, 33.61548344319437], [-117.62183779703469, 33.615496215123564], [-117.62183413032942, 33.615509012687184], [-117.62183059117008, 33.615521834094004], [-117.62182718174, 33.615534681123435], [-117.62182390091928, 33.61554755108273], [-117.62182074763048, 33.615560443983725], [-117.62181772509192, 33.61557335888932], [-117.62181483004282, 33.61558629403203], [-117.6218120657017, 33.61559924847474], [-117.621809430991, 33.615612222229316], [-117.62180692589656, 33.615625214394264], [-117.62180455039025, 33.615638223166414], [-117.62180230554947, 33.61565124853403], [-117.62180019134604, 33.61566428869393], [-117.62179820777996, 33.61567734364621], [-117.62179635483722, 33.615690412489286], [-117.62179463247519, 33.61570349251858], [-117.62179304073655, 33.61571658643867], [-117.62179158061383, 33.615729688828495], [-117.62179025212126, 33.615742800589565], [-117.62178905419552, 33.615755922635344], [-117.6217869836049, 33.61578331821886], [-117.62178624890993, 33.61579533148905], [-117.62178557624378, 33.61580847931175], [-117.6217850362006, 33.61582163108461], [-117.62178462662537, 33.615834786831414], [-117.62178434964488, 33.61584794472537], [-117.62178420416745, 33.61586110387669], [-117.6217841901932, 33.61587426428543], [-117.62178430875717, 33.615887423235144], [-117.62178455771847, 33.61590058165109], [-117.62178493920392, 33.61591373770644], [-117.62178545105853, 33.6159268914249], [-117.62178609645821, 33.61594003916473], [-117.62178687219878, 33.61595318276464], [-117.62178777826617, 33.61596632132301], [-117.62178881677289, 33.61597945211156], [-117.6217899866557, 33.61599257604368], [-117.6217912889497, 33.61600569040284], [-117.62179272149974, 33.61601879521278], [-117.62179428538357, 33.616031890461656], [-117.62179597948106, 33.616044973456695], [-117.62179780486991, 33.616058044186026], [-117.62179976153588, 33.61607110174811], [-117.62180184838736, 33.61608414525325], [-117.62180406541029, 33.6160971737999], [-117.62180641259049, 33.6161101864865], [-117.62180889100556, 33.61612318330121], [-117.6218114984437, 33.616136160661625], [-117.62181423706015, 33.616149118543916], [-117.62181710363652, 33.61616205788525], [-117.62182010029952, 33.61617497685885], [-117.62182322595748, 33.61618787457496], [-117.6218264805822, 33.616200749230536], [-117.62182986311026, 33.616213601738956], [-117.62183337457681, 33.61622642938369], [-117.62183701498178, 33.6162392321648], [-117.62184078321945, 33.61625200829105], [-117.6218446782264, 33.61626475867576], [-117.6218487010378, 33.61627748060251], [-117.62185285165361, 33.61629017407126], [-117.62185712898216, 33.61630283819231], [-117.62186153194605, 33.61631547297753], [-117.62186606264358, 33.61632807479697], [-117.62187071785641, 33.616340644587765], [-117.62187549972546, 33.61635318142473], [-117.62188040608156, 33.61636568442994], [-117.62197344704538, 33.61660049509786], [-117.62197797842444, 33.61661204192094], [-117.62198243037759, 33.61662360945556], [-117.62198680507402, 33.61663519857955], [-117.6219911003444, 33.616646808415226], [-117.6219953172522, 33.61665843804906], [-117.6219994536563, 33.61667008840638], [-117.62200351169773, 33.616681758561946], [-117.62200749134803, 33.61669344671259], [-117.62201139046621, 33.616705153783734], [-117.6220152101157, 33.61671687886186], [-117.62201894921888, 33.6167286219589], [-117.62202260993087, 33.61674038305115], [-117.62202619008224, 33.616752161260706], [-117.62202968967304, 33.616763956587704], [-117.62203310976665, 33.616775768118615], [-117.62203644928537, 33.616787595865425], [-117.62203970821508, 33.616799438926556], [-117.62204288763327, 33.61681129729016], [-117.62204598538483, 33.61682317097992], [-117.62204900253305, 33.61683505908248], [-117.62205193907793, 33.61684696159788], [-117.62205479500531, 33.61685887762451], [-117.62205756923748, 33.616870807174315], [-117.62206026285205, 33.61688275023534], [-117.62206287474304, 33.61689470501652], [-117.62206540598801, 33.61690667150586], [-117.6220678555235, 33.616918650616796], [-117.62207022441292, 33.61693064143598], [-117.62207251048687, 33.61694264308559], [-117.62207471588626, 33.616954654640296], [-117.62207683956191, 33.61696667791517], [-117.6220788814712, 33.6169787102055], [-117.62208084162835, 33.6169907524128], [-117.62208272001904, 33.617002803635636], [-117.62208451555153, 33.61701486298426], [-117.62208623039517, 33.61702693133656], [-117.62208786238052, 33.61703900781468], [-117.62208941257094, 33.61705109150521], [-117.62209088096648, 33.617063182408174], [-117.62209226648945, 33.617075280535374], [-117.62209357020328, 33.61708738497357], [-117.62209479207948, 33.617099493919525], [-117.62209593108308, 33.61711161008979], [-117.62209698824897, 33.61712373076781], [-117.62209796251386, 33.617135856867144], [-117.6220988549268, 33.617147986572704], [-117.62209966443862, 33.61716012169957], [-117.62210039208429, 33.617172259531124], [-117.62210103678622, 33.61718440007933], [-117.62210159855856, 33.617196544245644], [-117.62210207846466, 33.617208691116716], [-117.6221024754127, 33.61722083980289], [-117.62210279048026, 33.61723299029228], [-117.6221030225755, 33.61724514169515], [-117.62210317169843, 33.61725729401159], [-117.62210323892663, 33.617269447229724], [-117.62210322318238, 33.61728160136139], [-117.62210312442325, 33.617293753701965], [-117.62210294374077, 33.61730590514116], [-117.62210268114927, 33.61731805658049], [-117.62210233446507, 33.617330206240574], [-117.62210190692095, 33.617342354085864], [-117.62210139528412, 33.617354500151954], [-117.62210080168127, 33.61736664261198], [-117.62210012612664, 33.617378782367524], [-117.62209936646505, 33.617390919442364], [-117.62209852590074, 33.61740305199768], [-117.6220976022928, 33.617415180958915], [-117.6220965966903, 33.61742730451095], [-117.6220955091075, 33.61743942355546], [-117.62209433845251, 33.617451537202676], [-117.62209308580299, 33.61746364544085], [-117.62209175114461, 33.61747574736826], [-117.62209033447739, 33.617487842985106], [-117.62208883578707, 33.61749993138968], [-117.62208725507364, 33.617512012582075], [-117.62208559123121, 33.617524084771034], [-117.62208384536557, 33.61753614974776], [-117.62208201854008, 33.617548206598876], [-117.62208010966305, 33.61756025443469], [-117.62207811872021, 33.617572292353664], [-117.62207604572572, 33.617584321257326], [-117.62207389066532, 33.61759634024413], [-117.62207165460235, 33.617608348400665], [-117.6220693375369, 33.617620345726976], [-117.62206693839124, 33.61763233223479], [-117.62206445822885, 33.61764430701082], [-117.622061895972, 33.61765627006698], [-117.62205925266989, 33.61766821958813], [-117.62205652835091, 33.617680157377514], [-117.62205372298668, 33.617692081631944], [-117.62205083766882, 33.61770399324114], [-117.62204787021385, 33.61771589042575], [-117.62204482169933, 33.61772777317391], [-117.6220416931886, 33.617739640572175], [-117.62203848468165, 33.617751492620535], [-117.622035195115, 33.61776333023241], [-117.6220318244745, 33.61777515250626], [-117.62202837488685, 33.61778695761526], [-117.6217934692298, 33.618580892494194], [-117.62176942027669, 33.61857591025533], [-117.6215853360457, 33.61919808832349], [-117.62146466077216, 33.61960593674893], [-117.62146311586498, 33.619611117759604], [-117.62146155259597, 33.61961629626719], [-117.6214599687675, 33.61962146959095], [-117.62145836656305, 33.61962663951005], [-117.62145674381328, 33.619631805146746], [-117.62145510267335, 33.61963696647732], [-117.6214534420515, 33.61964212261216], [-117.62145176197612, 33.619647275354204], [-117.62145006243298, 33.61965242380197], [-117.6214483444855, 33.61965756704213], [-117.62144660707025, 33.61966270598801], [-117.62144485018727, 33.619667840639636], [-117.62144307382232, 33.61967297009539], [-117.62144127798962, 33.619678095256894], [-117.62143946376675, 33.61968321611231], [-117.62143763006198, 33.61968833177189], [-117.62143577687522, 33.61969344223571], [-117.62143390529828, 33.61969854839338], [-117.62143201423939, 33.61970364935523], [-117.62143010369854, 33.619708745121216], [-117.62142817476749, 33.61971383658118], [-117.6214262263545, 33.61971892284522], [-117.62142425844533, 33.61972400301196], [-117.62142227216017, 33.61972907977408], [-117.62142026637886, 33.61973415043885], [-117.621418242179, 33.61973921499441], [-117.62141619851138, 33.6197442752557], [-117.62141413642514, 33.61974932940778], [-117.6214120559345, 33.61975437835215], [-117.6214099559619, 33.619759422100685], [-117.6214078364931, 33.61976445975193], [-117.6214056986058, 33.61976949129391], [-117.62140354231407, 33.61977451762821], [-117.62140136654033, 33.61977953876667], [-117.62139917236215, 33.619784554697475], [-117.62139695975127, 33.61978956361749], [-117.62139472767251, 33.619794568243236], [-117.62139247716101, 33.61979956585823], [-117.62139020823092, 33.61980455736395], [-117.62138792089642, 33.619809543661994], [-117.62138561406574, 33.61981452386271], [-117.62138328881643, 33.61981949795417], [-117.62138094513439, 33.61982446503484], [-117.62137858304787, 33.61982942690784], [-117.62137620146517, 33.61983438268345], [-117.62137380252724, 33.619839331436424], [-117.62137138517076, 33.619844274080165], [-117.621368948318, 33.619849210626526], [-117.62136649304671, 33.619854141063676], [-117.62136402042016, 33.619859064478156], [-117.62136152829741, 33.61986398179525], [-117.62135901774184, 33.6198688921016], [-117.62135648984521, 33.61987379628682], [-117.62135394243823, 33.61987869347314], [-117.62135137767606, 33.61988358363679], [-117.62134879341761, 33.61988846770309], [-117.62134619180395, 33.619893344746714], [-117.62134357175748, 33.619898214779546], [-117.62134093329242, 33.619903078703146], [-117.62133827638031, 33.6199079347144], [-117.62133560212716, 33.61991278460459], [-117.62133290942703, 33.61991762658243], [-117.62133019830817, 33.61992246245097], [-117.62132746981997, 33.619927290395346], [-117.62132472289893, 33.619932111328964], [-117.62132195754506, 33.61993692525171], [-117.62131917482182, 33.6199417312503], [-117.62131637366566, 33.61994653023812], [-117.62131355407665, 33.61995132221511], [-117.62131071928768, 33.619956107145754], [-117.62130786389645, 33.619960884187726], [-117.62130499114997, 33.61996565420706], [-117.62130210103405, 33.61997041630223], [-117.6212991924711, 33.619975170485006], [-117.62129626653878, 33.61997991674359], [-117.62129332217353, 33.61998465599136], [-117.6212903615165, 33.61998938730305], [-117.62128738133478, 33.61999411071433], [-117.62128438486124, 33.619998826189416], [-117.6212813699407, 33.62000353375228], [-117.62127833766486, 33.62000823429237], [-117.62127528799122, 33.62001292510522], [-117.62127222096233, 33.6200176088954], [-117.62126913656395, 33.620022284761355], [-117.62126603370437, 33.62002695181343], [-117.62126291348955, 33.62003161184278], [-117.62125977696864, 33.620036263034535], [-117.62125662200069, 33.62004090631394], [-117.62125345072677, 33.62004554075572], [-117.62125026100573, 33.62005016728513], [-117.62124705391521, 33.62005478589033], [-117.62124383050453, 33.62005939475633], [-117.62124058973855, 33.62006399659965], [-117.62123733049715, 33.62006858872755], [-117.62123405496388, 33.620073172919334], [-117.62123076312454, 33.62007774827351], [-117.62122745283817, 33.62008231571533], [-117.62122412623152, 33.62008687341795], [-117.62122078225543, 33.62009142319638], [-117.62123511523842, 33.62009516351545], [-117.62124939339172, 33.62009904960914], [-117.62126361454605, 33.62010308059958], [-117.62127777546864, 33.6201072565224], [-117.62129187505367, 33.62011157558642], [-117.62130591006837, 33.62011603782721], [-117.62131987943513, 33.6201206432566], [-117.62133378097059, 33.6201253900953], [-117.62134761250536, 33.62013027746554], [-117.62136137188435, 33.62013530539101], [-117.62137505801576, 33.62014047298202], [-117.6213886665751, 33.620145779384615], [-117.62140219648488, 33.62015122461054], [-117.62141564771673, 33.620156806856826], [-117.62142901702377, 33.620162525257506], [-117.62144230115902, 33.62016837894663], [-117.62145550010844, 33.62017436702272], [-117.62146861170261, 33.62018048860792], [-117.621481632723, 33.62018674463947], [-117.62149456095773, 33.620193131534876], [-117.621507396421, 33.62019965019575], [-117.62152013583754, 33.62020629795305], [-117.62153277706639, 33.620213075732046], [-117.62154532007918, 33.62021998172976], [-117.62155776053714, 33.62022701419058], [-117.62157009844047, 33.62023417311447], [-117.6215823316055, 33.62024145672214], [-117.62159445787708, 33.620248865037325], [-117.62160647505758, 33.62025639537917], [-117.62161838314691, 33.62026404774772], [-117.62163017780641, 33.62027182038731], [-117.6216418590219, 33.6202797123965], [-117.6216534246382, 33.62028772379903], [-117.62166487352103, 33.62029585100063], [-117.62167620245171, 33.62030409493846], [-117.6216874113878, 33.62031245290786], [-117.62169849814573, 33.62032092312958], [-117.62170945952107, 33.62032950744236], [-117.62172029652046, 33.620338201326604], [-117.62173100592535, 33.62034700571944], [-117.62174158769325, 33.62035591791635], [-117.62175203751364, 33.62036493796477], [-117.62176235642164, 33.620374063148304], [-117.6217725422479, 33.62038329258909], [-117.62178259280881, 33.62039262450787], [-117.6217925070126, 33.620402058014975], [-117.62180228376742, 33.62041159222079], [-117.62181192088981, 33.620421225345915], [-117.62182141727372, 33.62043095559923], [-117.62183077182736, 33.620440782091116], [-117.62183998236713, 33.62045070304213], [-117.6218490477729, 33.62046071575974], [-117.6218579680588, 33.62047082114531], [-117.62186673992122, 33.6204810147269], [-117.62187536338834, 33.62049129830756], [-117.62188383626243, 33.62050166920646], [-117.62189215742337, 33.62051212473089], [-117.62190032685687, 33.620522663979244], [-117.62190834239358, 33.620533286073865], [-117.62191620292754, 33.620543989223464], [-117.62192390733847, 33.62055477073542], [-117.6219314534711, 33.62056563063339], [-117.6219388423606, 33.620576566200995], [-117.6219460718233, 33.62058757565878], [-117.62195313968971, 33.62059865812918], [-117.62196004702328, 33.62060981269862], [-117.62196679053434, 33.62062103579662], [-117.62197337130056, 33.62063232741138], [-117.62197978818756, 33.62064368394866], [-117.62198603794816, 33.620655104542465], [-117.62199212164586, 33.620666588279356], [-117.62199803926642, 33.62067813425803], [-117.62200378752017, 33.62068973890772], [-117.62200936637872, 33.620701400425475], [-117.62201477584208, 33.62071311881137], [-117.62202001479002, 33.62072489137258], [-117.6220250810246, 33.620736715428265], [-117.62202997670116, 33.62074859095471], [-117.62203469854414, 33.62076051528297], [-117.6220392465252, 33.62077248660991], [-117.62204362063002, 33.62078450403407], [-117.62204781973844, 33.62079656486265], [-117.6220518427444, 33.62080866730451], [-117.62205568961946, 33.62082080955656], [-117.62205936033526, 33.620832989815696], [-117.62206285378565, 33.620845206290795], [-117.62206616887886, 33.62085745809221], [-117.6220693055722, 33.620869742515296], [-117.62207226383727, 33.62088205775696], [-117.62207504256808, 33.62089440202609], [-117.6220776417503, 33.62090677442104], [-117.62208006024957, 33.62091917134758], [-117.6220822991434, 33.620931592793944], [-117.62208435731151, 33.62094403606725], [-117.62208623471139, 33.620956498463], [-117.6220879302653, 33.62096897999297], [-117.62208944500823, 33.62098147794079], [-117.62209077783405, 33.62099399051516], [-117.6220919276227, 33.62100651502335], [-117.62240338865281, 33.62132610414982], [-117.6223539049591, 33.621372018762386], [-117.62205570103112, 33.62207486867148], [-117.62191965163093, 33.622151843706966], [-117.62193987308036, 33.6223478632295], [-117.6218135091344, 33.62264568998059], [-117.62178684580142, 33.62280692514015], [-117.62140887708169, 33.62298362244134], [-117.62128299881245, 33.62304246986247], [-117.62128349226401, 33.62304561134656], [-117.62128396421967, 33.62304875667393], [-117.6212844157144, 33.62305190312815], [-117.62128484785427, 33.62305505250041], [-117.62128525845564, 33.62305820301135], [-117.62128564971633, 33.623061357341854], [-117.62128601942432, 33.62306451190953], [-117.6212863697491, 33.623067667592125], [-117.62128669962718, 33.62307082530318], [-117.62128700796674, 33.62307398415284], [-117.62128729585956, 33.62307714503091], [-117.62128756329156, 33.623080307035764], [-117.62128781024848, 33.62308346926594], [-117.62128803675867, 33.62308663352449], [-117.621288242808, 33.62308979890989], [-117.62128842730463, 33.62309296453241], [-117.62128859241801, 33.62309613126988], [-117.62128873597868, 33.62309929824457], [-117.62128886015614, 33.623102466334124], [-117.62128896278081, 33.62310563466092], [-117.62128904494462, 33.6231088041145], [-117.6212891066192, 33.623111972891856], [-117.62128914780449, 33.623115140992965], [-117.62128916854309, 33.62311831112242], [-117.62128916879239, 33.62312148057566], [-117.62128914748898, 33.623124650265986], [-117.62128910677399, 33.6231278192683], [-117.62128904450626, 33.623130988507675], [-117.62128896176344, 33.6231341579724], [-117.62128885959478, 33.623137325847445], [-117.62128873587342, 33.62314049395969], [-117.6212885916628, 33.62314366139561], [-117.62128842696289, 33.62314682815535], [-117.62128824177373, 33.6231499942388], [-117.62128803500342, 33.62315315875636], [-117.62128780882155, 33.62315632258577], [-117.62128756215033, 33.623159485738995], [-117.62128729389806, 33.623162647326225], [-117.62128700623413, 33.62316580822542], [-117.62128669806667, 33.623168967546725], [-117.62128636831821, 33.62317212530219], [-117.6212860191297, 33.62317528056644], [-117.62128564837424, 33.62317843516628], [-117.621285258193, 33.62318158817653], [-117.62128484641642, 33.623184738719246], [-117.62128441521406, 33.623187887672366], [-117.62128396350818, 33.623191035047654], [-117.621283490207, 33.62319417995551], [-117.6212829974658, 33.62319732237217], [-117.6212824842212, 33.62320046321102], [-117.62128195045884, 33.62320360157059], [-117.62128139616466, 33.623206736549264], [-117.62128082244466, 33.623209869938336], [-117.62128022711518, 33.62321299995833], [-117.62127961234563, 33.623216127487176], [-117.62127897598086, 33.623219252548544], [-117.62127832016176, 33.62322237421717], [-117.62127764488855, 33.62322549249308], [-117.62127694802001, 33.62322860830153], [-117.6212762316972, 33.62323172071722], [-117.62127549484254, 33.62323482975209], [-117.62127473747026, 33.62323793630759], [-117.62127396061535, 33.6232410376673], [-117.62127316324279, 33.623244136547704], [-117.62127234641596, 33.62324723203537], [-117.62127150904317, 33.62325032324062], [-117.62127065112429, 33.623253410163464], [-117.62126977375118, 33.62325649369353], [-117.62126887583203, 33.62325957294129], [-117.6212679584586, 33.62326264879625], [-117.62126702052501, 33.623265719467234], [-117.62126606312297, 33.62326878584398], [-117.6212650851891, 33.623271848839835], [-117.62126408778677, 33.62327490754147], [-117.62126307090183, 33.62327796104725], [-117.62126203453433, 33.62328100935725], [-117.62126097762076, 33.623284053384815], [-117.62125990014697, 33.62328709222843], [-117.62125880426821, 33.62329012586438], [-117.62125768784337, 33.623293155217915], [-117.62125655301357, 33.62329617936377], [-117.62125539760937, 33.62329919742418], [-117.6212542227367, 33.62330221119025], [-117.62125302836726, 33.623305218858995], [-117.6212518134376, 33.62330822134379], [-117.62125058010294, 33.623311218620934], [-117.62124932727149, 33.62331420980069], [-117.62124805495745, 33.623317195784644], [-117.62124676313242, 33.623320174769674], [-117.62124545182473, 33.62332314855893], [-117.62124412211215, 33.6233261171405], [-117.62124277181088, 33.62332907873499], [-117.62124140309048, 33.62333203422034], [-117.62124001485913, 33.623334982706766], [-117.62123860820861, 33.623337925083966], [-117.62123718206131, 33.623340861363786], [-117.62123573641713, 33.62334379154627], [-117.62123427233965, 33.623346714718025], [-117.62123278876537, 33.62334963179234], [-117.62123036781819, 33.62335620382917], [-117.62122787977361, 33.62336275857024], [-117.62122532244794, 33.62336929423628], [-117.62122269584115, 33.623375810827255], [-117.62122000209436, 33.62338230741792], [-117.62121723905226, 33.623388784031974], [-117.62121440779251, 33.623395240657516], [-117.62121150936443, 33.62340167547972], [-117.62120854270444, 33.62340808941186], [-117.62120550995364, 33.623414481528734], [-117.6212024089285, 33.62342085005096], [-117.62119924179832, 33.62342719585636], [-117.62119600747141, 33.623433518055315], [-117.62119270702529, 33.62343981663585], [-117.62118933935402, 33.62344608980677], [-117.62118590878237, 33.623452338422204], [-117.62118240990777, 33.62345856163991], [-117.62117884704101, 33.62346475941244], [-117.6211752179983, 33.623470929960405], [-117.62117152493494, 33.6234770732601], [-117.62116776678745, 33.6234831902249], [-117.62116394459095, 33.623489278138415], [-117.6211600583596, 33.623495337902014], [-117.62115610917107, 33.62350136950395], [-117.6211520959193, 33.623507371153025], [-117.62114802078794, 33.62351334462846], [-117.62114388156505, 33.623519286347936], [-117.62113968042001, 33.62352519718922], [-117.62113541843044, 33.62353107714052], [-117.62113109342697, 33.623536925323876], [-117.6211267075648, 33.62354274171563], [-117.62112226082975, 33.62354852541428], [-117.62111775322184, 33.62355427641976], [-117.62111318472692, 33.62355999383058], [-117.62110855642254, 33.62356567763478], [-117.62110386937225, 33.623571326919105], [-117.62109912248421, 33.62357694079373], [-117.62109431683601, 33.62358251924683], [-117.62108945244184, 33.62358806318001], [-117.62108453035103, 33.623593570778304], [-117.62107954948581, 33.623599042053414], [-117.62107451200163, 33.62360447698186], [-117.62106941679247, 33.62360987377221], [-117.62106426602762, 33.62361523330242], [-117.62105905860126, 33.62362055378118], [-117.62105379561932, 33.62362583699973], [-117.62104847703924, 33.623631080253496], [-117.62104310396708, 33.62363628533361], [-117.62103767636029, 33.62364144953547], [-117.62103219423304, 33.62364657376069], [-117.62102665866293, 33.62365165799732], [-117.62102106962166, 33.62365670044228], [-117.62101542927866, 33.623661701973404], [-117.62100973438687, 33.62366666172472], [-117.62100398817921, 33.62367157966069], [-117.62099819064144, 33.62367645487969], [-117.62099234177367, 33.623681287381835], [-117.62098644263924, 33.62368607625357], [-117.6209804932383, 33.62369082149499], [-117.62097449357073, 33.62369552310604], [-117.6209684457777, 33.623700180161535], [-117.62096234878159, 33.62370479267324], [-117.62095620256812, 33.62370935973967], [-117.62095000930691, 33.6237138822386], [-117.6209437689695, 33.623718358366965], [-117.62093748155596, 33.623722788124766], [-117.62093114814388, 33.62372717150013], [-117.6209247676557, 33.62373150850492], [-117.6209183433101, 33.62373579820204], [-117.62091187293768, 33.62374003971359], [-117.62090535870787, 33.623744233917456], [-117.62089880062065, 33.62374838081362], [-117.62089219757013, 33.623752478610804], [-117.62088555278918, 33.62375652727354], [-117.62087886627775, 33.62376052680173], [-117.62087213803605, 33.62376447719537], [-117.62086536806386, 33.62376837845449], [-117.62085855741057, 33.623772228764174], [-117.62085170610457, 33.623776029927434], [-117.62084481625861, 33.623779779215965], [-117.62083788574574, 33.623783478456566], [-117.62083091778479, 33.62378712671212], [-117.6208239123615, 33.62379072308108], [-117.62081686732067, 33.623794267587094], [-117.62080978697281, 33.6237977601828], [-117.62080266916277, 33.62380120089194], [-117.62079551495385, 33.62380458880102], [-117.6207883265015, 33.623807923886396], [-117.62078110271382, 33.62381120525833], [-117.62077384469687, 33.62381443470807], [-117.62076655348577, 33.62381760951911], [-117.62075922801705, 33.623820730604905], [-117.62075187152364, 33.62382379792984], [-117.62074448183617, 33.62382681061605], [-117.6207370611382, 33.623829770442946], [-117.620729609373, 33.62383267380439], [-117.62072212764677, 33.62383552249154], [-117.6207146159593, 33.6238383165044], [-117.62070707536007, 33.62384105402811], [-117.62006019521183, 33.624056145546454], [-117.62026030835419, 33.62417012695684], [-117.62026488428693, 33.6241727672999], [-117.620269422161, 33.62417545494929], [-117.6202739197929, 33.62417818812575], [-117.62027837826022, 33.6241809668173], [-117.6202827964712, 33.62418379013439], [-117.62028717334815, 33.624186658088774], [-117.62029150887687, 33.62418956977898], [-117.62029580090217, 33.624192525228636], [-117.62030005157924, 33.62419552441415], [-117.62030425764682, 33.62419856556786], [-117.62030841911925, 33.62420164959147], [-117.62031253596797, 33.62420477468179], [-117.62031660711546, 33.62420794085078], [-117.62032063257581, 33.62421114899978], [-117.62032461232081, 33.624214397325936], [-117.62032854311741, 33.62421768586469], [-117.62033242712091, 33.62422101459239], [-117.62033626213358, 33.62422438082809], [-117.62034004926133, 33.62422778636311], [-117.62034378741244, 33.62423123030763], [-117.6203474744173, 33.62423471178385], [-117.6203511102619, 33.624238229890324], [-117.62035469602377, 33.624241784615116], [-117.62035822953354, 33.624245375080456], [-117.62036171079113, 33.62424900128625], [-117.62036513978238, 33.62425266233109], [-117.62036851542972, 33.62425635822675], [-117.6203718377047, 33.62426008717015], [-117.6203751055439, 33.624263850074776], [-117.6203783189332, 33.624267646038994], [-117.62038147676648, 33.6242714732716], [-117.62038457905803, 33.624275332674166], [-117.62038762579364, 33.62427922334511], [-117.62039061588143, 33.62428314439481], [-117.62039354932149, 33.62428709582321], [-117.62039642608545, 33.62429107582731], [-117.62039924401796, 33.624295084430756], [-117.6204020042109, 33.62429912252325], [-117.62040470554408, 33.62430318741202], [-117.62040734801751, 33.62430727909709], [-117.62040993163113, 33.624311397578495], [-117.6204124552932, 33.62431554196649], [-117.62041491898951, 33.62431971135958], [-117.6204173227201, 33.62432390575773], [-117.62041966430122, 33.624328123381616], [-117.62042194591658, 33.624332366010535], [-117.62042416643185, 33.6243366300503], [-117.62042632370593, 33.62434091642607], [-117.62042841987986, 33.62434522421264], [-117.62043045386186, 33.624349552520314], [-117.62043242458842, 33.62435390226253], [-117.62043433201703, 33.624358270734575], [-117.62043617722537, 33.62436265792467], [-117.62043795805819, 33.62436706385659], [-117.62043967557878, 33.62437148761682], [-117.62044132869546, 33.62437592831569], [-117.62044291737988, 33.62438038415026], [-117.62044444166031, 33.62438485692338], [-117.62044590150849, 33.62438934483217], [-117.62044729583249, 33.624393846986884], [-117.62044862570998, 33.62439836337567], [-117.6204498900492, 33.62440289310882], [-117.62045108882174, 33.62440743438328], [-117.62045222096411, 33.624411988112456], [-117.62045328860337, 33.62441655246956], [-117.62045428958409, 33.62442112747832], [-117.62045522389215, 33.62442571223712], [-117.62045609259094, 33.624430305832654], [-117.62045689460294, 33.62443490827674], [-117.62045762991393, 33.62443951866784], [-117.6204582995873, 33.62444413609255], [-117.62045890145363, 33.62444875967312], [-117.62045943659056, 33.62445338939758], [-117.62045990496975, 33.62445802346289], [-117.6204603066054, 33.62446266277066], [-117.62046064039143, 33.6244673055296], [-117.62046090739136, 33.624471950826354], [-117.62046110760521, 33.62447659866089], [-117.62046123994106, 33.624481248143475], [-117.62046130547665, 33.624485899262424], [-117.62046130418365, 33.62449055021444], [-117.62046123498423, 33.62449520101156], [-117.62046109894204, 33.62449985074036], [-117.62046089604286, 33.624504498499164], [-117.62046062520896, 33.624509144299985], [-117.62046028856737, 33.62451378631596], [-117.62045988397698, 33.624518425472374], [-117.620459412487, 33.62452305995424], [-117.62045887301981, 33.624527689773515], [-117.62045826770236, 33.62453231310326], [-117.62045759545707, 33.624536929955475], [-117.6204568562697, 33.624541539428535], [-117.6204560512178, 33.62454614151061], [-117.62045517920973, 33.62455073531202], [-117.6204542413088, 33.62455531991939], [-117.62045323750097, 33.62455989443114], [-117.62045216669429, 33.6245644579576], [-117.62045103105831, 33.62456901137661], [-117.62044982839517, 33.62457355200723], [-117.6203872616556, 33.62480334962149], [-117.6203859165878, 33.624808225443786], [-117.62038453584393, 33.624813094444804], [-117.62038311942385, 33.62481795662451], [-117.62038166840529, 33.62482281197113], [-117.62038018169638, 33.62482765959489], [-117.62037866038901, 33.62483250038552], [-117.62037710337708, 33.62483733255179], [-117.62037551175251, 33.6248421569834], [-117.62037388550107, 33.62484697277877], [-117.62037222355922, 33.624851780851294], [-117.62037052699058, 33.624856580287634], [-117.620368795795, 33.624861371087675], [-117.62036702888076, 33.624866152361875], [-117.62036522841728, 33.62487092498796], [-117.62036339332693, 33.62487568897783], [-117.62036152358135, 33.6248804425284], [-117.62035961920888, 33.624885187442736], [-117.62035768018119, 33.62488992191775], [-117.62035570651237, 33.624894646855005], [-117.62035369926598, 33.62489936134109], [-117.6203516573644, 33.62490406538789], [-117.62034958188516, 33.62490875898352], [-117.62034747176482, 33.624913443041336], [-117.62034532911625, 33.624918114833086], [-117.62034315181239, 33.624922776185535], [-117.62034093985325, 33.62492742709862], [-117.62033869536589, 33.624932065745604], [-117.6203364162232, 33.62493669395327], [-117.62033410455224, 33.62494130989486], [-117.62033175927529, 33.624945913582174], [-117.62032938040652, 33.62495050591678], [-117.62032696791765, 33.624955085095586], [-117.6203245229146, 33.6249596529098], [-117.62032204430565, 33.62496420846977], [-117.62031953315419, 33.62496875086209], [-117.62031698838254, 33.62497328009862], [-117.62031441109673, 33.62497779797051], [-117.62031180124013, 33.624982300871736], [-117.62030915884101, 33.62498679060528], [-117.62030648389938, 33.62499126717116], [-117.62030377641524, 33.62499573056938], [-117.62030103745211, 33.625000179886555], [-117.62029826591812, 33.625004614232964], [-117.62029546076391, 33.625009035423545], [-117.62029262519422, 33.62501344161971], [-117.62028975706782, 33.625017833746604], [-117.62028685638472, 33.62502221180435], [-117.62028392527196, 33.6250265739661], [-117.62028096160246, 33.62503092205859], [-117.62027796750327, 33.62503525425512], [-117.62027494083316, 33.625039571480904], [-117.62027188374753, 33.62504387371219], [-117.62026879514038, 33.62504815915779], [-117.62026567502582, 33.625052428719236], [-117.62026252449569, 33.62505668328621], [-117.62025934353579, 33.62506092195714], [-117.62025613105446, 33.62506514384244], [-117.6202528881433, 33.62506934983171], [-117.62024961478822, 33.62507353902341], [-117.62024631208111, 33.62507771230721], [-117.62024297783827, 33.62508186790383], [-117.62023961422919, 33.62508600669097], [-117.62023622016198, 33.62509012777909], [-117.6202327967286, 33.62509423205772], [-117.62022934391477, 33.62509831862543], [-117.62022586065699, 33.6251023883956], [-117.62022234800463, 33.62510643955323], [-117.62021880704957, 33.625110472988055], [-117.62021523562223, 33.625114487822245], [-117.62021163590624, 33.62511848583515], [-117.62020800678157, 33.62512246433398], [-117.62020434935408, 33.62512642511002], [-117.62020066144018, 33.62513036638387], [-117.62019694628702, 33.62513428902149], [-117.62019320281694, 33.62513819303473], [-117.62018943210751, 33.62514207841176], [-117.62018563198937, 33.62514594427476], [-117.62018180460363, 33.62514978969843], [-117.62017794890096, 33.62515361649771], [-117.62017406594477, 33.62515742375929], [-117.62017015465757, 33.62516121149491], [-117.62016621610272, 33.62516497879121], [-117.62016225137208, 33.62516872653792], [-117.620158258282, 33.6251724529556], [-117.62015423901614, 33.62517615982365], [-117.62015019248265, 33.625179846252465], [-117.62014611975921, 33.62518351223001], [-117.62014201975406, 33.625187156866694], [-117.62013789355886, 33.62519078105224], [-117.6201337422373, 33.62519438387324], [-117.62012956472572, 33.62519796624308], [-117.6201253609959, 33.62520152635861], [-117.62012113107613, 33.62520506602299], [-117.62011687493803, 33.62520858343311], [-117.62011259367355, 33.625212079478615], [-117.6201082872684, 33.625215553258016], [-117.62010395681452, 33.62521900566099], [-117.62009960014231, 33.62522243580975], [-117.62009521832948, 33.625225843692334], [-117.62009440249889, 33.62523140799683], [-117.62009355318988, 33.625236968160905], [-117.62009266935301, 33.62524252599939], [-117.6200917520236, 33.62524807879597], [-117.62009080013803, 33.62525362746391], [-117.62008981477399, 33.62525917199142], [-117.62008879593147, 33.62526471237855], [-117.62008774361047, 33.62527024862517], [-117.62008665671922, 33.625275779841665], [-117.62008553634942, 33.625281306917685], [-117.62008438248698, 33.625286828951765], [-117.62008319511773, 33.625292345042325], [-117.6200819742699, 33.62529785699238], [-117.62008071885181, 33.625303363912344], [-117.62007943099029, 33.625308863975384], [-117.6200781085585, 33.62531435900826], [-117.62007675371164, 33.625319848987324], [-117.62007536535792, 33.625325333022865], [-117.62007394241967, 33.625330811126695], [-117.62007248703802, 33.62533628237365], [-117.62007099816368, 33.62534174857855], [-117.62006947683176, 33.62534720702504], [-117.62006792091533, 33.62535265953981], [-117.62006633255548, 33.625358105197655], [-117.62006471068872, 33.62536354491201], [-117.62006305528669, 33.62536897687972], [-117.62006136742717, 33.62537440108895], [-117.62005964604644, 33.62537981845315], [-117.62005789222239, 33.625385228960326], [-117.62005610378539, 33.62539063173279], [-117.62005428396844, 33.62539602673494], [-117.62005243169388, 33.62540141397863], [-117.6200505458699, 33.62540679257414], [-117.62004862758832, 33.625412163411184], [-117.6200466768491, 33.62541752648973], [-117.62004469256044, 33.62542288092013], [-117.62004267580001, 33.6254282266905], [-117.62004062764541, 33.62543356378903], [-117.62003854594127, 33.62543889223937], [-117.62003643175129, 33.62544421112811], [-117.6200342861671, 33.62544952134506], [-117.62003210703341, 33.625454822913795], [-117.62002989647728, 33.62546011400756], [-117.62002765344927, 33.62546539644132], [-117.62002537794946, 33.625470670215044], [-117.62002306993531, 33.625475932624106], [-117.62002073051282, 33.62548118545976], [-117.62001835968199, 33.62548642872202], [-117.62001595635098, 33.62549166152118], [-117.62001352051976, 33.62549688385715], [-117.62001105326605, 33.62550209571822], [-117.62000855457568, 33.62550729620279], [-117.62000602555459, 33.62551248710207], [-117.62000346294141, 33.625517666648584], [-117.62000086998339, 33.62552283570819], [-117.61999824449687, 33.62552799250163], [-117.61999558758775, 33.62553313882011], [-117.61999290030545, 33.62553827284869], [-117.61999018160061, 33.625543396402286], [-117.61998743038134, 33.62554850859117], [-117.6199846498665, 33.625553608478384], [-117.61998183682316, 33.6255586960993], [-117.6199789934207, 33.625563772331944], [-117.61997611855318, 33.6255688353849], [-117.61997321440425, 33.62557388703766], [-117.6199702777126, 33.62557892552271], [-117.61996731173953, 33.62558395260746], [-117.61996431428722, 33.62558896561109], [-117.61996128646166, 33.625593966324786], [-117.61995822824863, 33.62559895384704], [-117.61995513966234, 33.6256039290794], [-117.61995202067452, 33.62560889021867], [-117.61994887129927, 33.62561383816652], [-117.6199456926142, 33.62561877291108], [-117.61994248352755, 33.625623693562645], [-117.61993924405346, 33.62562860102266], [-117.6199359752554, 33.625633494377844], [-117.6199326760558, 33.62563837364001], [-117.61992934753216, 33.62564323879731], [-117.61992598968465, 33.625648089849754], [-117.61992260249895, 33.625652925895764], [-117.61991918491175, 33.62565774784876], [-117.61991573690865, 33.62566255480723], [-117.61991226173694, 33.6256673476371], [-117.61990875722718, 33.62567212546051], [-117.6199052233792, 33.62567688827753], [-117.61990166017898, 33.62568163518663], [-117.61989806765473, 33.6256863679908], [-117.61989444793359, 33.62569108486331], [-117.61989079778246, 33.62569578583969], [-117.61988712044852, 33.625700471786004], [-117.61988341376225, 33.62570514182429], [-117.61987967880137, 33.625709795942775], [-117.61987591558, 33.62571443504298], [-117.61987212405562, 33.625719056420245], [-117.61986830427084, 33.62572366277928], [-117.61986445727487, 33.625728252305066], [-117.6198605819901, 33.62573282500947], [-117.61985667841648, 33.625737380892495], [-117.61985973420462, 33.62573848343888], [-117.61986277111872, 33.6257396195553], [-117.61986579025057, 33.625740790131424], [-117.61986878944484, 33.62574199519103], [-117.6198717697509, 33.62574323291913], [-117.61987472904178, 33.62574450514252], [-117.61987766836678, 33.62574581004625], [-117.61988058558467, 33.62574714855557], [-117.61988348175908, 33.625748519757146], [-117.6198863547346, 33.6257499236746], [-117.61988920451125, 33.62575136030792], [-117.6198920321384, 33.62575282784224], [-117.61989483441131, 33.625754328116166], [-117.61989761345706, 33.62575585930296], [-117.61990036713445, 33.62575742232773], [-117.61990309435167, 33.62575901630095], [-117.61990579617219, 33.62576064030911], [-117.61990847261025, 33.62576229525384], [-117.61991112041859, 33.62576398026908], [-117.61991374172423, 33.62576569352806], [-117.61991633549206, 33.62576743774734], [-117.61991890061609, 33.62576921113557], [-117.6199214360044, 33.625771012803064], [-117.61992394274888, 33.62577284363959], [-117.61992641975772, 33.62577470275546], [-117.61992886593907, 33.62577658926092], [-117.61993128237063, 33.62577850314412], [-117.61993366689697, 33.62578044442889], [-117.6199360205817, 33.62578241220162], [-117.61993834126945, 33.625784406486225], [-117.61994063110136, 33.62578642635738], [-117.6199428868586, 33.625788472752134], [-117.61994510959053, 33.625790543855565], [-117.61994729929722, 33.62579263966774], [-117.61994945382318, 33.62579476021234], [-117.61995157424624, 33.62579690547748], [-117.6199536605521, 33.62579907456164], [-117.61995571164897, 33.625801266575124], [-117.61995772645925, 33.62580348152982], [-117.61995970604637, 33.625805718512325], [-117.61996164826917, 33.625807978447796], [-117.61996355526885, 33.6258102604111], [-117.61996542378405, 33.62581256263467], [-117.61996725599847, 33.62581488689793], [-117.6199690507919, 33.62581723050806], [-117.61997080711502, 33.62581959527994], [-117.61997252492533, 33.62582197850906], [-117.6199742042512, 33.625824381998456], [-117.61997584398664, 33.62582680395691], [-117.61997744519503, 33.625829243470996], [-117.61997900681301, 33.62583170145416], [-117.61998052882628, 33.62583417700483], [-117.61998201014316, 33.625836669233294], [-117.6199834507635, 33.62583917813961], [-117.61998485176511, 33.62584170371191], [-117.61998621096419, 33.6258442441708], [-117.61998753051617, 33.62584679949259], [-117.619988807188, 33.625849369712824], [-117.619990043135, 33.62585195480782], [-117.61999123617359, 33.62585455299819], [-117.61999238845901, 33.62585716426022], [-117.61999349783592, 33.625859788617646], [-117.61999456429021, 33.62586242516891], [-117.61999558888533, 33.62586507300058], [-117.61999657055789, 33.62586773302612], [-117.61999750927941, 33.62587040344247], [-117.6199984039723, 33.62587308426139], [-117.6199992557142, 33.625875775471066], [-117.62000006447683, 33.62587847526848], [-117.62000082919657, 33.62588118456692], [-117.62000154984523, 33.62588390156338], [-117.62000222645104, 33.625886628060904], [-117.6200028600492, 33.625889361343056], [-117.62000344847019, 33.62589210053198], [-117.62000399280592, 33.62589484651737], [-117.62000449304213, 33.625897598397714], [-117.62000494917883, 33.62590035617298], [-117.62000536011007, 33.62590311805191], [-117.62000572584994, 33.62590588493611], [-117.62000604744786, 33.625908655010605], [-117.62000632491794, 33.62591142917693], [-117.62000655715418, 33.62591420564396], [-117.62000674417075, 33.62591698531309], [-117.62000688701704, 33.62591976636947], [-117.62000698461532, 33.625922548824974], [-117.62000703695139, 33.62592533177797], [-117.6200070440253, 33.62592811522861], [-117.6200070069006, 33.625930898263306], [-117.62000692449949, 33.62593368089408], [-117.62000679789976, 33.62593646310899], [-117.62000662598118, 33.6259392422153], [-117.6200064087721, 33.62594202001608], [-117.620006147336, 33.62594479559794], [-117.6200058405527, 33.62594756626812], [-117.62000548952831, 33.625950333817904], [-117.62000509424851, 33.62595309734568], [-117.62000465363572, 33.62595585686331], [-117.62000416873924, 33.62595861055584], [-117.62000363955909, 33.62596135842334], [-117.61994295978366, 33.62626339398717], [-117.61987996115718, 33.62657696239427], [-117.61987870359835, 33.626582952641336], [-117.61987734018615, 33.62658892872305], [-117.61987587084967, 33.626594886131784], [-117.61987429666664, 33.62660082485564], [-117.61987261868632, 33.62660674307968], [-117.61987083583102, 33.626612640815836], [-117.61986894913603, 33.62661851534752], [-117.61986695967887, 33.626624366663], [-117.61986486633947, 33.62663019206937], [-117.61986267127317, 33.62663599154312], [-117.6198603733738, 33.62664176329281], [-117.61985797478273, 33.62664750639336], [-117.61985547437968, 33.62665321815192], [-117.61985287325649, 33.62665889945817], [-117.61985017352607, 33.62666454758384], [-117.61984737301877, 33.62667016165109], [-117.61984447495364, 33.62667574072278], [-117.61984147822447, 33.626681283007734], [-117.61983838390904, 33.62668678849403], [-117.61983519304253, 33.6266922544653], [-117.6198319056249, 33.62669768092141], [-117.61982852270548, 33.62670306604756], [-117.61982504534784, 33.62670840893028], [-117.6198214746013, 33.62671370775463], [-117.61981781046582, 33.62671896252066], [-117.61981405399074, 33.62672417141342], [-117.61981020622548, 33.62672933261798], [-117.61980626826185, 33.626734447024], [-117.61980224004317, 33.62673951102534], [-117.6197981226613, 33.62674452551173], [-117.61979391824326, 33.62674948865632], [-117.61978962568303, 33.626754398667934], [-117.61978524715016, 33.626759256424386], [-117.6197807836657, 33.62676405830761], [-117.61977623632141, 33.6267688052074], [-117.61977160510327, 33.62677349622214], [-117.619766892124, 33.62677812862353], [-117.61976209738363, 33.62678270241156], [-117.61975722410116, 33.62678721664919], [-117.61975227009277, 33.62679166955693], [-117.61974723860573, 33.62679606200084], [-117.61974213066107, 33.62680039036302], [-117.61973694628713, 33.62680465644629], [-117.61973168651903, 33.626808857534414], [-117.61972635458993, 33.62681299359169], [-117.6197209493938, 33.62681706282704], [-117.61971547308596, 33.62682106521657], [-117.61970992673005, 33.626824999846995], [-117.61970431137527, 33.626828864903445], [-117.61969862917708, 33.62683266036213], [-117.61969288012138, 33.62683638532153], [-117.61968706634929, 33.62684003885642], [-117.6196811889385, 33.62684362095496], [-117.61967524786077, 33.626847129813974], [-117.61966924633498, 33.62685056449654], [-117.61966318543878, 33.62685392499073], [-117.61965706514387, 33.62685720949338], [-117.61965088761984, 33.62686041888246], [-117.61964465285249, 33.62686355225637], [-117.61963836512422, 33.6268666077646], [-117.61963202334327, 33.62686958451751], [-117.61962563075679, 33.626872483381156], [-117.61961918735071, 33.626875303453865], [-117.619612695252, 33.62687804290894], [-117.6196061544749, 33.626880702647874], [-117.61959956822416, 33.62688328083214], [-117.61959293757745, 33.62688577744982], [-117.61958626252064, 33.626888191599406], [-117.61957954630095, 33.626890524146816], [-117.61957278995355, 33.62689277237564], [-117.61956599457038, 33.62689493717558], [-117.61955916121497, 33.62689701763327], [-117.61955229312035, 33.62689901371316], [-117.61954539028658, 33.62690092541518], [-117.61953845377715, 33.626902751826016], [-117.61953148571916, 33.62690449111889], [-117.61952448723277, 33.62690614598654], [-117.61951746150862, 33.626907713688865], [-117.6195104085467, 33.62690919422581], [-117.6195033294247, 33.62691058758562], [-117.61949622736157, 33.62691189283108], [-117.61948910344911, 33.626913110852016], [-117.61948195767326, 33.62691424074677], [-117.61947479325282, 33.62691528157836], [-117.61946761129397, 33.62691623513807], [-117.61946041283184, 33.62691709870926], [-117.61945320112781, 33.62691787405964], [-117.61944597509006, 33.62691856029949], [-117.6194387390152, 33.626919156479815], [-117.61943149185397, 33.62691966441558], [-117.619424236811, 33.626920082268235], [-117.61941697604175, 33.626920410014016], [-117.61940970956036, 33.626920648554496], [-117.61940243952223, 33.62692079786601], [-117.6193951680686, 33.62692085702328], [-117.6193878962772, 33.62692082601452], [-117.61938062631752, 33.62692070571759], [-117.61937335925319, 33.626920495219046], [-117.61936609617595, 33.626920195408665], [-117.61919627526618, 33.62691213083344], [-117.61919097500282, 33.626911900520284], [-117.6191856721433, 33.626911710811676], [-117.61918036670183, 33.626911562609095], [-117.61917506083365, 33.626911455888866], [-117.61916975235518, 33.626911388871626], [-117.61916444454187, 33.62691136422639], [-117.61915913627355, 33.626911379260456], [-117.61915382867046, 33.62691143666652], [-117.61914852168995, 33.6269115337401], [-117.6191432164382, 33.626911672272335], [-117.61913791291508, 33.62691185226326], [-117.61913261218415, 33.626912072799456], [-117.61912731318188, 33.62691233479434], [-117.61912201695758, 33.626912636432984], [-117.61911672570915, 33.62691298039633], [-117.61911143723867, 33.62691336400343], [-117.61910615372993, 33.62691378903373], [-117.61910087518284, 33.62691425548717], [-117.61909560156911, 33.62691476156071], [-117.61909033399465, 33.62691530904558], [-117.6190850724454, 33.626915897040206], [-117.61907981799898, 33.626916525532806], [-117.61907457065541, 33.62691719452335], [-117.61906933257004, 33.6269179039882], [-117.61906410050977, 33.6269186539628], [-117.61905887770773, 33.626919444411705], [-117.61905366308616, 33.62692027534672], [-117.61904845880046, 33.62692114674422], [-117.61904326375875, 33.626922057714395], [-117.61903807905291, 33.62692300914705], [-117.6190329046687, 33.6269240001406], [-117.61902774168384, 33.626925030683246], [-117.61902259011255, 33.62692610167649], [-117.61901745103239, 33.62692721310852], [-117.6190123244151, 33.626928363176205], [-117.61900721135251, 33.62692955276931], [-117.61900211078107, 33.62693078280124], [-117.61899702375021, 33.62693205145701], [-117.61899195133748, 33.62693335872478], [-117.61898689357133, 33.626934706407674], [-117.61898185042332, 33.62693609270263], [-117.61897682297123, 33.626937517597725], [-117.61897181229266, 33.626938981081246], [-117.61896681731002, 33.626940483164944], [-117.61896183910085, 33.626942023837024], [-117.61895687874296, 33.626943603085635], [-117.61895193515855, 33.626945220922586], [-117.61894700941117, 33.62694687643455], [-117.61894210259275, 33.62694857051126], [-117.61893721467487, 33.62695030134954], [-117.61893234568588, 33.62695207075252], [-117.61892749668931, 33.626953877806855], [-117.61892266874867, 33.626955721599145], [-117.61891786080037, 33.626957603042754], [-117.61891307283034, 33.626959521236174], [-117.61890830807157, 33.626961476143904], [-117.61890356329108, 33.62696346780145], [-117.61889884172187, 33.62696549617326], [-117.61889414228622, 33.62696756127121], [-117.61888946712536, 33.6269696621701], [-117.61888481409811, 33.62697179979516], [-117.61888018533149, 33.62697397231956], [-117.61887557976195, 33.626976180656726], [-117.6188709995449, 33.62697842478304], [-117.61886644468032, 33.62698070469843], [-117.61886191513995, 33.626983018599844], [-117.61885741095193, 33.62698536829042], [-117.61885293208813, 33.62698775196698], [-117.61884848179575, 33.62699017049563], [-117.61884405684162, 33.62699262391184], [-117.61883965935286, 33.62699511038891], [-117.61883529042125, 33.62699763081651], [-117.6188309478915, 33.62700018521831], [-117.61882663499667, 33.62700277355882], [-117.61882235063067, 33.62700539404683], [-117.61881809482189, 33.627008048485344], [-117.61881386861965, 33.62701073505955], [-117.61880967202404, 33.62701345376938], [-117.61880550612678, 33.627016205504525], [-117.61880137091381, 33.62701898936351], [-117.6187972663709, 33.627021804444794], [-117.61879319251229, 33.62702465164985], [-117.6187891514791, 33.62702753005359], [-117.61878514111604, 33.62703043967954], [-117.6187811635643, 33.62703337960258], [-117.61877721883795, 33.6270363507243], [-117.61877330692296, 33.62703935214304], [-117.61876942780519, 33.627042382957384], [-117.61876558365405, 33.627045444045145], [-117.61876177231422, 33.627048535429985], [-117.61875799484926, 33.62705165619851], [-117.61875425338621, 33.62705480452411], [-117.61875054581216, 33.627057983134904], [-117.61874687316237, 33.62706118931453], [-117.61874323760631, 33.62706442394088], [-117.61873963481914, 33.62706768615969], [-117.61873607126697, 33.62707097590001], [-117.61873254265312, 33.62707429411071], [-117.61872905110476, 33.62707763896505], [-117.61848275537389, 33.62731594341597], [-117.61847861838874, 33.627319921125014], [-117.61847444873307, 33.62732387755193], [-117.61847024962577, 33.627327811759855], [-117.61846601998927, 33.627331723760435], [-117.61846176088697, 33.62733561264041], [-117.61845747233315, 33.62733947930124], [-117.61845315429937, 33.627343321939925], [-117.61844880681402, 33.62734714235955], [-117.61844442984878, 33.62735093875693], [-117.61844002448132, 33.627354711120276], [-117.61843558964813, 33.62735846036299], [-117.61843112749044, 33.62736218555985], [-117.61842663586705, 33.62736588763603], [-117.61842211582723, 33.62736956477665], [-117.61841756846299, 33.62737321787138], [-117.61841299269648, 33.6273768469321], [-117.61840838959134, 33.62738045104538], [-117.61840375914757, 33.62738403021125], [-117.61839910136513, 33.62738758442969], [-117.61839441625817, 33.627391114602254], [-117.61838970487608, 33.627394618914025], [-117.61838496614125, 33.62739809737684], [-117.61838020008192, 33.62740155179372], [-117.61837540881099, 33.62740497943645], [-117.61837059127909, 33.627408382119896], [-117.61836574854976, 33.627411758930705], [-117.61836087845357, 33.62741510899099], [-117.61835598423768, 33.62741843316682], [-117.61835106482431, 33.62742173146992], [-117.61834611913585, 33.62742500391228], [-117.61834114929943, 33.62742824866704], [-117.61833615426555, 33.627431467549144], [-117.61833113508371, 33.62743465874372], [-117.61832609178217, 33.62743782405374], [-117.61832102431848, 33.62744096077462], [-117.61831593273506, 33.62744407161106], [-117.6183108170037, 33.62744715475987], [-117.61830567821612, 33.62745021111083], [-117.61830051634412, 33.62745323886079], [-117.618295331416, 33.62745623981291], [-117.61829012448112, 33.62745921215222], [-117.61828489449009, 33.62746215769363], [-117.61827964140045, 33.627465073732495], [-117.6182743663324, 33.62746796296169], [-117.61826906924351, 33.62747082267649], [-117.618263750162, 33.627473654680045], [-117.61825841016557, 33.6274764589605], [-117.61825304814833, 33.62747923372658], [-117.61824766518787, 33.62748197896649], [-117.61824226239023, 33.627484696471484], [-117.61823683757173, 33.62748738446209], [-117.61823139290192, 33.62749004381615], [-117.6182259272889, 33.627492673644106], [-117.61822044290226, 33.627495274823644], [-117.61821493755836, 33.62749784557553], [-117.61820941344081, 33.62750038767905], [-117.61820386944369, 33.62750289934299], [-117.61819830665878, 33.627505381457055], [-117.61819272508612, 33.627507834021266], [-117.61818712472575, 33.627510257035546], [-117.61818150664116, 33.6275126495866], [-117.61817586867693, 33.62751501169809], [-117.61817021300274, 33.62751734424784], [-117.61816454068196, 33.627519646322526], [-117.61815885063709, 33.62752191793394], [-117.6181531439457, 33.62752415907022], [-117.61814741953016, 33.62752636974327], [-117.61814167845398, 33.62752854903973], [-117.61813592073133, 33.62753069786105], [-117.61813014636222, 33.62753281620728], [-117.61812435641015, 33.62753490316503], [-117.6181185498117, 33.627536959647685], [-117.61811272870797, 33.627538984730016], [-117.6181068920214, 33.62754097842391], [-117.61810103976605, 33.627542941630814], [-117.61809517299137, 33.62754487253593], [-117.61808929171146, 33.627546772040695], [-117.61808339486282, 33.62754864105851], [-117.61807748672801, 33.62755047773897], [-117.61807156191843, 33.62755228214123], [-117.61806562477322, 33.62755405602108], [-117.61805967309459, 33.6275557966975], [-117.61805370908031, 33.62755750685151], [-117.61804773162442, 33.6275591846918], [-117.61804174180466, 33.62756083020653], [-117.61803573854327, 33.627562443407626], [-117.61802972400982, 33.62756402517288], [-117.61802369709835, 33.627565573711045], [-117.61801765891485, 33.627567090813415], [-117.61801160944515, 33.62756857557837], [-117.61800554867516, 33.62757002710449], [-117.61799947555541, 33.62757144720656], [-117.61799339329076, 33.6275728340461], [-117.61798729973991, 33.62757418854827], [-117.61798119598068, 33.62757551070118], [-117.61797508307646, 33.62757679959164], [-117.61796895996383, 33.627578056132776], [-117.61796282664277, 33.62757928032478], [-117.61795668416265, 33.6275804703526], [-117.61795370332848, 33.62758105670975], [-117.61795073266005, 33.62758167271113], [-117.61794777003037, 33.62758232018339], [-117.61794481867236, 33.62758299909119], [-117.61794187640254, 33.62758370765501], [-117.6179389453903, 33.627584446752756], [-117.61793602564987, 33.62758521728602], [-117.61793311821641, 33.627586016538274], [-117.61793022205467, 33.62758684722598], [-117.61792733821419, 33.62758770753431], [-117.61792446777244, 33.62758859745132], [-117.6179216107438, 33.627589517878675], [-117.61791876817749, 33.62759046700134], [-117.6179159390242, 33.627591446634355], [-117.61791312541095, 33.62759245495088], [-117.61791032626014, 33.62759349196277], [-117.61790754374117, 33.62759455854794], [-117.61790477676233, 33.627595653816655], [-117.61790202532359, 33.6275967777689], [-117.61789929158023, 33.6275979303811], [-117.6178965755324, 33.627599111653176], [-117.61789387716584, 33.62760032068362], [-117.61789119648061, 33.62760155747242], [-117.61788853455435, 33.62760282200775], [-117.61788589140129, 33.62760411519115], [-117.6178832680566, 33.6276054343062], [-117.61788066454861, 33.62760678115594], [-117.61787808086315, 33.62760815483894], [-117.61787551807791, 33.62760955534319], [-117.61787297619296, 33.6276109826688], [-117.61787045519408, 33.627612435914244], [-117.61786795617313, 33.62761391596923], [-117.61786548017953, 33.62761542101882], [-117.61786302614973, 33.62761695197642], [-117.61786059516136, 33.62761850883014], [-117.61785818718621, 33.627620089777004], [-117.6178558044079, 33.62762169659634], [-117.61785344356508, 33.6276233275206], [-117.61785110790508, 33.62762498341581], [-117.61784879739943, 33.627626662478974], [-117.61784651207653, 33.62762836651307], [-117.61784425190798, 33.62763009371511], [-117.61784201689399, 33.62763184408506], [-117.61783980918975, 33.62763361759923], [-117.61783762663997, 33.6276354142813], [-117.61783547246358, 33.62763723319428], [-117.61783334450516, 33.627639074361795], [-117.61783124384242, 33.62764093777202], [-117.61782917153892, 33.62764282251162], [-117.61782712759471, 33.62764472858055], [-117.61782511200971, 33.627646655978836], [-117.61782312476973, 33.62764860380499], [-117.61782116696675, 33.62765057294859], [-117.61781923857245, 33.62765256160669], [-117.61781733960088, 33.6276545706808], [-117.61781547002387, 33.62765659836785], [-117.61781363202503, 33.6276586464472], [-117.61781182342072, 33.627660713139505], [-117.61781004636633, 33.62766279842108], [-117.61780830084764, 33.62766490139036], [-117.61780658580123, 33.62766702296074], [-117.61780490336827, 33.627669162207056], [-117.61780325139338, 33.62767131915299], [-117.61780163308136, 33.627673491959804], [-117.61780004630512, 33.627675682454445], [-117.61779849211408, 33.62767788882191], [-117.61779697158595, 33.627680111050395], [-117.61779548364298, 33.627682349151705], [-117.61779402828525, 33.627684603125864], [-117.61779260763981, 33.62768687114613], [-117.61779122064307, 33.62768915412589], [-117.61778986728098, 33.62769145116353], [-117.61778854863125, 33.627693762247375], [-117.61778726360194, 33.62769608648759], [-117.61778601436265, 33.62769842476208], [-117.61778479872974, 33.62770077529148], [-117.61778361885854, 33.62770313805208], [-117.61778247367145, 33.627705513055695], [-117.61778136424607, 33.6277079002906], [-117.61778029055414, 33.6277102979536], [-117.61777925260978, 33.62771270694626], [-117.61777824933542, 33.627715127280446], [-117.61777728285804, 33.627717557129436], [-117.61777635317772, 33.62771999649323], [-117.61777545923091, 33.62772244628512], [-117.61777460206697, 33.62772490469027], [-117.61777378060823, 33.62772737172054], [-117.61777299701014, 33.62772984735219], [-117.61777224910308, 33.627732330707396], [-117.61777153797894, 33.627734822675855], [-117.61777086467302, 33.62773732054109], [-117.61777022813584, 33.62773982611801], [-117.61776962941693, 33.62774233759182], [-117.61776906743846, 33.627744854974225], [-117.61776854326408, 33.62774737735193], [-117.6177680569221, 33.62774990652797], [-117.61776760727817, 33.62775243890802], [-117.6177671965302, 33.62775497717312], [-117.61776682248033, 33.62775751864221], [-117.61776573794309, 33.627764998365734], [-117.61776457134548, 33.62777246907122], [-117.61776332376506, 33.6277799307468], [-117.61776199411004, 33.62778738250278], [-117.61776058344398, 33.62779482342573], [-117.61775909175262, 33.6278022526142], [-117.61775751797246, 33.6278096709814], [-117.61775586424471, 33.627817077602295], [-117.61775412946339, 33.627824470685624], [-117.61775231362847, 33.627831850231296], [-117.6177504178035, 33.62783921532589], [-117.61774844091076, 33.627846565981415], [-117.61774638401378, 33.62785390128443], [-117.61774424709836, 33.62786122033328], [-117.6177420312423, 33.62786852311627], [-117.61773973426176, 33.62787580785395], [-117.6177373583264, 33.627883075424116], [-117.61773490342199, 33.62789032492535], [-117.61773236952017, 33.62789755455447], [-117.61772975662107, 33.62790476431155], [-117.61772706472455, 33.62791195419657], [-117.61772429489417, 33.627919123296046], [-117.61772144711584, 33.62792627070856], [-117.6177185203118, 33.627933396445925], [-117.61771551662325, 33.627940499582856], [-117.61771243495843, 33.62794757922978], [-117.61770927638085, 33.62795463447321], [-117.61770604090461, 33.627961666214716], [-117.6177027285014, 33.62796867265119], [-117.61769933917121, 33.62797565378266], [-117.6176958750412, 33.62798260778244], [-117.61769233397007, 33.627989535575566], [-117.61768871808488, 33.62799643533544], [-117.6176850263221, 33.62800330797538], [-117.61768125973114, 33.62801015168043], [-117.61767741938968, 33.62801696643885], [-117.61767350420583, 33.62802375136086], [-117.61766951417964, 33.628030506446436], [-117.61766545143823, 33.62803722986891], [-117.61766131599559, 33.628043922529734], [-117.61765710676006, 33.62805058353921], [-117.61765282479504, 33.62805721198402], [-117.61764847008644, 33.62806380696257], [-117.61764404372607, 33.628070369364586], [-117.61763954674925, 33.628076896473644], [-117.61763497810648, 33.62808339010455], [-117.61763033883307, 33.62808984754092], [-117.61762563002083, 33.628096269672476], [-117.61762085057796, 33.62810265560946], [-117.61761600156798, 33.62810900443848], [-117.61761108299085, 33.62811531615966], [-117.61760609592434, 33.628121590761], [-117.61760104032597, 33.62812782553796], [-117.61759591730168, 33.62813402228177], [-117.61759072683735, 33.62814018009087], [-117.61758546890478, 33.62814629716224], [-117.61758014458154, 33.628152373483935], [-117.61757475494538, 33.62815840904418], [-117.61756929999632, 33.62816440384305], [-117.6175637786283, 33.628170356089115], [-117.61755819191914, 33.628176265770705], [-117.61755254094639, 33.628182132875864], [-117.61754682677376, 33.62818795649126], [-117.61754104940113, 33.628193736616915], [-117.61753520880019, 33.62819947144971], [-117.61752930498521, 33.62820516189122], [-117.61752334009739, 33.62821080701619], [-117.61751731413666, 33.62821640682462], [-117.61751122707486, 33.62822195951348], [-117.61750507891192, 33.62822746508273], [-117.61749887073965, 33.62823292442201], [-117.6174926046853, 33.62823833570468], [-117.61748627857918, 33.62824369805282], [-117.61747989351322, 33.62824901235609], [-117.61747345056507, 33.62825427860272], [-117.61746695184779, 33.62825949406446], [-117.61746039629774, 33.62826465965452], [-117.61745378391494, 33.62826977537301], [-117.61744711576304, 33.62827484030653], [-117.6174403929196, 33.62827985444324], [-117.61743361643421, 33.628284815968286], [-117.61742678525725, 33.628289726696465], [-117.61741990042422, 33.6282945839114], [-117.61741296304099, 33.628299389404276], [-117.61740597306516, 33.628304140470554], [-117.61739893268039, 33.628308838889595], [-117.61739183970307, 33.62831348288196], [-117.61738469842986, 33.62831807149887], [-117.61737750671945, 33.62832260566542], [-117.61737026457192, 33.62832708538161], [-117.61736297412847, 33.62833150972231], [-117.61735563537502, 33.62833587778592], [-117.61734825046693, 33.62834018954875], [-117.61734081723478, 33.62834444413305], [-117.61733333892568, 33.62834864240474], [-117.61732581444788, 33.628352783474156], [-117.61731824486495, 33.628356866427865], [-117.61731063233226, 33.628360891242274], [-117.61730297470862, 33.62836485884254], [-117.6168956379915, 33.62857379296741], [-117.61655082866731, 33.62875065314011], [-117.61592327567544, 33.62835570572162], [-117.61520071720146, 33.62817138891964], [-117.61491421354847, 33.628122627274614], [-117.61483065694388, 33.628067029637], [-117.61474896581609, 33.62805914081019], [-117.6147149650382, 33.62807573907874], [-117.61478529738507, 33.62819659192419], [-117.61510230795385, 33.62861712659826], [-117.6151610711231, 33.628829150731924], [-117.61512010163318, 33.629113436925415], [-117.61522408128224, 33.629507212189154], [-117.6152221081913, 33.62950862421161], [-117.61510371119364, 33.629492345267074], [-117.61510323919121, 33.6294946254065], [-117.61510271640911, 33.6294968979869], [-117.61510214391097, 33.62949916209491], [-117.61510152168267, 33.62950141682896], [-117.61510084971009, 33.62950366128757], [-117.61510012907095, 33.629505895458884], [-117.61509935975108, 33.62950811844136], [-117.61509854172235, 33.62951032843199], [-117.61509767607654, 33.62951252632046], [-117.61509676278537, 33.62951471030369], [-117.61509580075709, 33.62951687949191], [-117.61509479216122, 33.62951903476312], [-117.6150937358777, 33.629521173424514], [-117.615092634062, 33.629523295452415], [-117.61509148455856, 33.62952540087044], [-117.61509029057245, 33.62952748784013], [-117.61508904994815, 33.62952955638511], [-117.61508776481287, 33.62953160467866], [-117.61508643519488, 33.629533634523845], [-117.6150850610377, 33.62953564231458], [-117.61508364344729, 33.629537629842034], [-117.61508218345895, 33.62953959438985], [-117.6150806800092, 33.62954153687137], [-117.61507913414742, 33.629543455471705], [-117.6150775458737, 33.62954535019087], [-117.61507591734339, 33.62954722100518], [-117.61507424745066, 33.62954906612345], [-117.61507253833665, 33.629550884620535], [-117.61507078893794, 33.62955267740966], [-117.61506900139578, 33.629554443565844], [-117.61506717460418, 33.62955618129771], [-117.6150653107187, 33.62955789058167], [-117.61506340973921, 33.62955957141769], [-117.61506147272938, 33.62956122289248], [-117.61505949861144, 33.62956284501779], [-117.61505749059036, 33.62956443595522], [-117.61505544758845, 33.62956599571644], [-117.61505337068341, 33.629567524289726], [-117.61505126093883, 33.62956902076174], [-117.61504911834052, 33.62957048423097], [-117.61504694398047, 33.62957191558708], [-117.61504473998579, 33.62957331300341], [-117.61504250309518, 33.6295746747123], [-117.61504023875362, 33.6295760042609], [-117.6150379458269, 33.62957729805481], [-117.6150356243151, 33.62957855609408], [-117.61503327638778, 33.629579779256595], [-117.6150309009389, 33.62958096575112], [-117.61502850121579, 33.62958211644371], [-117.61502607611254, 33.62958322954324], [-117.61502362670687, 33.62958430503777], [-117.61502115515417, 33.6295853429037], [-117.61501866037672, 33.629586343152916], [-117.6150161445159, 33.62958730486024], [-117.61501360757168, 33.62958822802559], [-117.61501105169948, 33.629589112625446], [-117.61500847688521, 33.62958995775826], [-117.61500588311478, 33.62959076252247], [-117.61500327255776, 33.629591527796016], [-117.61500064629175, 33.62959225356704], [-117.61499800428867, 33.629592938032566], [-117.61499534657663, 33.62959358299563], [-117.61499267636069, 33.629594186617695], [-117.61498999364072, 33.62959474889884], [-117.61498729843092, 33.62959527074056], [-117.61498459285852, 33.62959575031616], [-117.61498187695166, 33.629596189428725], [-117.61497915175994, 33.62959658626339], [-117.614976418361, 33.62959694080837], [-117.61497367786082, 33.62959725485484], [-117.61497093021705, 33.62959752569834], [-117.61496817761335, 33.62959775511818], [-117.61496542002158, 33.629597941311395], [-117.61496265962529, 33.62959808605739], [-117.61495989641041, 33.62959818845469], [-117.61495713145472, 33.62959824849146], [-117.61495436475808, 33.629598266167704], [-117.61495159849021, 33.62959824236135], [-117.61494883370048, 33.62959817525748], [-117.61494607149496, 33.629598066647404], [-117.61494331076759, 33.62959791473989], [-117.61494055476568, 33.62959772040098], [-117.61493780242562, 33.62959748454413], [-117.61493505696649, 33.62959720623226], [-117.61493231732463, 33.62959688637879], [-117.61492958456374, 33.62959652407042], [-117.61492686085327, 33.62959612018498], [-117.61492414619327, 33.62959567472251], [-117.61492144275327, 33.629595188561], [-117.61491874942735, 33.6295946599091], [-117.61491606839918, 33.629594090546334], [-117.61491339966875, 33.6295934804727], [-117.6149107464551, 33.62959282875117], [-117.61490810663099, 33.62959213720857], [-117.61490548235194, 33.629591405821174], [-117.61490287468148, 33.62959063367568], [-117.61490028471144, 33.629589821661845], [-117.61489771245596, 33.62958897068118], [-117.6148951600564, 33.62958807980859], [-117.61489296257291, 33.6295872761201], [-117.61489078080376, 33.629586443405366], [-117.61488861584078, 33.62958558255408], [-117.61488646659207, 33.62958469267645], [-117.61488433522722, 33.62958377465051], [-117.61488222173212, 33.629582827574694], [-117.61488012613502, 33.62958185325211], [-117.61487804842177, 33.62958085078114], [-117.61487599076197, 33.62957982103978], [-117.6148739531696, 33.62957876492952], [-117.61487193561663, 33.629577680647365], [-117.61486993922297, 33.62957657088604], [-117.61486796396039, 33.62957543384254], [-117.61486600985721, 33.629574271319825], [-117.614864077977, 33.62957308240478], [-117.61486216942562, 33.62957186888848], [-117.61486028417497, 33.62957062896795], [-117.61485842334504, 33.629569365335904], [-117.61485658582988, 33.62956807620112], [-117.6148547727354, 33.62956676335491], [-117.61485298513942, 33.62956542678546], [-117.6148512230418, 33.62956406649278], [-117.6148494875204, 33.62956268246498], [-117.61484777751149, 33.62956127561549], [-117.61484609518473, 33.62955984682223], [-117.61484443946226, 33.629558396097025], [-117.61484281249963, 33.629556923416196], [-117.61484121321908, 33.62955542879158], [-117.61483964163473, 33.6295539131248], [-117.61483809991611, 33.62955237729362], [-117.61483658698549, 33.629550821310055], [-117.61483510392067, 33.62954924516211], [-117.61483365181334, 33.62954764973961], [-117.61483222958583, 33.62954603505436], [-117.6148308372382, 33.62954440110639], [-117.61482947695404, 33.62954274967511], [-117.61482814765564, 33.62954108077233], [-117.61482685148434, 33.629539393472974], [-117.61482558631292, 33.62953768960362], [-117.61482435321905, 33.62953596915256], [-117.61482315435828, 33.62953423209614], [-117.61482198760326, 33.62953248026102], [-117.61482085401764, 33.62953071273399], [-117.61481975469324, 33.629528930404604], [-117.61481868855238, 33.629527133284824], [-117.6148176577787, 33.62952532315397], [-117.6148166601885, 33.62952349823275], [-117.61481569797954, 33.629521661201984], [-117.61481477115191, 33.6295198120618], [-117.61481387861369, 33.62951794992246], [-117.61481302254852, 33.629516076563384], [-117.61481220187873, 33.62951419199637], [-117.6148114166184, 33.62951229712299], [-117.61481066784526, 33.6295103919315], [-117.6148099544816, 33.62950847643364], [-117.61480927763333, 33.629506552420565], [-117.61480863836408, 33.62950461897915], [-117.61480803454661, 33.62950267793598], [-117.61480746833634, 33.62950072926743], [-117.61480693973326, 33.62949877297353], [-117.61480644767381, 33.6294968099676], [-117.61480599323565, 33.62949484023782], [-117.61480557536926, 33.62949286559913], [-117.61480519621605, 33.629490885126415], [-117.61480485363467, 33.62948889974463], [-117.6148045487169, 33.62948691034375], [-117.61480428254043, 33.62948491691181], [-117.61480405404171, 33.62948292036222], [-117.61480386214303, 33.62948092070676], [-117.61480370901387, 33.62947891882339], [-117.61480359466836, 33.629476915613616], [-117.61480351695107, 33.629474911101035], [-117.61480347801744, 33.62947290526207], [-117.61480347789566, 33.629470899899815], [-117.61480351441617, 33.629468894136316], [-117.61480358976267, 33.629466889750994], [-117.61480370284329, 33.629464885854155], [-117.6148038536863, 33.62946288424893], [-117.6148040433693, 33.6294608849234], [-117.614804269737, 33.62945888790128], [-117.6148045349729, 33.62945689496197], [-117.6148048369076, 33.629454905227604], [-117.61480517771054, 33.62945291957599], [-117.61480555524038, 33.62945093893237], [-117.61480597057492, 33.62944896328499], [-117.61480642372824, 33.629446993535275], [-117.61480691363668, 33.629445030596585], [-117.61480744136385, 33.62944307355564], [-117.61480800478257, 33.629441124239044], [-117.6148086060483, 33.6294391826233], [-117.61480924409733, 33.62943724962163], [-117.61480991891565, 33.62943532433256], [-117.61481063053138, 33.629433408559095], [-117.61481137788098, 33.629431503214725], [-117.61481216095032, 33.62942960739771], [-117.61481297976763, 33.62942772291128], [-117.61481383433288, 33.62942584975541], [-117.61481472463197, 33.62942398702852], [-117.6148156506931, 33.629422136533684], [-117.61481306156293, 33.62942716386808], [-117.61481043990351, 33.62943217893498], [-117.61480778682079, 33.629437183525525], [-117.61480510227237, 33.62944217493523], [-117.61480238522294, 33.629447155880456], [-117.61479963670782, 33.629452123644775], [-117.61479685674117, 33.629457079129764], [-117.61479404532294, 33.62946202233544], [-117.61479120245316, 33.62946695326169], [-117.61478832919539, 33.629471870995225], [-117.61478542340834, 33.62947677646123], [-117.61478248614151, 33.62948166784479], [-117.61477951850082, 33.629486546937194], [-117.61477652047216, 33.629491412836906], [-117.61477348988596, 33.62949626466591], [-117.61477042998943, 33.62950110329044], [-117.61476733753545, 33.62950592784429], [-117.61476421577119, 33.62951073919364], [-117.6147610625271, 33.629515536460566], [-117.61475787994449, 33.62952031871985], [-117.61475466589623, 33.62952508779824], [-117.61475142250939, 33.62952984186901], [-117.61474814872048, 33.629534581845526], [-117.61474484451527, 33.62953930682621], [-117.61474150990799, 33.62954401771265], [-117.6147381459481, 33.62954871268991], [-117.61473475157194, 33.629553392671404], [-117.61473132787137, 33.629558058546785], [-117.61472787480403, 33.62956270761145], [-117.61472439133459, 33.62956734258189], [-117.61472087959028, 33.62957196163132], [-117.61471733741551, 33.62957656478343], [-117.61471376696585, 33.62958115201452], [-117.61471016607173, 33.629585722446706], [-117.61470653691681, 33.6295902778595], [-117.61470287840916, 33.62959481736312], [-117.6146991915984, 33.62959933914264], [-117.61469547544911, 33.629603845914545], [-117.61469173208843, 33.62960833585212], [-117.61468795828331, 33.629612808990764], [-117.61468415725277, 33.62961726439357], [-117.61468032793312, 33.62962170297383], [-117.61467647032443, 33.62962612473159], [-117.61467258442669, 33.629630529666755], [-117.6146686702258, 33.62963491687791], [-117.61466472879938, 33.62963928635316], [-117.61466075906985, 33.62964363810431], [-117.61465676211485, 33.62964797211961], [-117.61465273685664, 33.62965228841082], [-117.61464868437305, 33.62965658696616], [-117.61464460572758, 33.629660866872236], [-117.61464049877887, 33.629665129054246], [-117.6146363645906, 33.62966937259881], [-117.61463220425462, 33.629673598395705], [-117.61462801666495, 33.6296778046536], [-117.61462380183569, 33.629681992274065], [-117.61461956084462, 33.62968616124529], [-117.61461529367757, 33.62969031066575], [-117.61461099927091, 33.629694441448734], [-117.61460667978011, 33.62969855357063], [-117.61460233303562, 33.629702646153596], [-117.6145979601152, 33.62970671918572], [-117.61459356209656, 33.62971077265531], [-117.61458913790187, 33.62971480657404], [-117.61458468859486, 33.629718820028664], [-117.61458021420367, 33.62972281482222], [-117.61457571362244, 33.62972678916345], [-117.61457118792885, 33.62973074304046], [-117.61456663712289, 33.62973467645341], [-117.61456206229641, 33.629738590291865], [-117.6145574612798, 33.62974248367803], [-117.61455283621451, 33.629746355686656], [-117.61454818605095, 33.62975020813265], [-117.6145435118386, 33.629754039201224], [-117.61453881359168, 33.6297578497938], [-117.61453409129594, 33.629761639008834], [-117.61452934387377, 33.629765406858134], [-117.61452457349468, 33.62976915421975], [-117.61451977905274, 33.62977287930226], [-117.61451496057619, 33.629776583908786], [-117.61451011911446, 33.629780266224486], [-117.61450525360404, 33.629783927162634], [-117.61450036512258, 33.62978756671146], [-117.61449545367007, 33.62979118487095], [-117.61449052029606, 33.62979477982629], [-117.61448556395104, 33.62979835339228], [-117.61448058355727, 33.629801905580706], [-117.61447558124203, 33.62980543456496], [-117.61447055594165, 33.629808941258304], [-117.61446550981155, 33.629812425637155], [-117.61446043961863, 33.62981588773694], [-117.61445534858194, 33.62981932662072], [-117.61445023563786, 33.62982274320183], [-117.61444510077224, 33.62982613657869], [-117.61443994507697, 33.62982950764104], [-117.61443476746025, 33.6298328554992], [-117.61442956899973, 33.62983618014129], [-117.61442434861765, 33.62983948157919], [-117.61441910739184, 33.62984275980098], [-117.61436674778291, 33.62987532592603], [-117.61428765224011, 33.629924528760895], [-117.61426020865956, 33.62989365045257], [-117.6142595285142, 33.62989289326256], [-117.61425883231584, 33.6298921434618], [-117.6142581244036, 33.62989140280616], [-117.61425740474927, 33.629890669492596], [-117.61425667336695, 33.62988994442263], [-117.614255929193, 33.629889228509626], [-117.61425517329108, 33.62988852084015], [-117.61425440567528, 33.629887822315894], [-117.61425362740916, 33.62988713202338], [-117.61425283744326, 33.62988645177757], [-117.61425203574936, 33.62988577977536], [-117.61425122451118, 33.62988511779622], [-117.6142504004813, 33.629884464974026], [-117.61424956690712, 33.629883822174875], [-117.61424872269674, 33.62988318850907], [-117.61424786786432, 33.6298825648782], [-117.61424700347341, 33.629881950368784], [-117.61424612847459, 33.62988134679582], [-117.61424524393135, 33.62988075324596], [-117.6142443487802, 33.629880170632504], [-117.61424344514829, 33.62987959712879], [-117.61424253198611, 33.629879034549624], [-117.61424160929373, 33.62987848289517], [-117.61424067707107, 33.6298779421653], [-117.61423973745951, 33.6298774114349], [-117.61423878725408, 33.62987689254249], [-117.61423782965974, 33.629876383649496], [-117.61423686470472, 33.62987588655909], [-117.61423589021943, 33.62987540039331], [-117.61423490837342, 33.62987492603012], [-117.61423391807493, 33.62987446257967], [-117.61423292149338, 33.62987401092004], [-117.61423191645937, 33.6298735701732], [-117.61423090515642, 33.62987314211867], [-117.61422988540097, 33.629872724977005], [-117.6142288604402, 33.62987231961421], [-117.61422782813291, 33.629871926955616], [-117.6142267895285, 33.62987154518616], [-117.61422574465517, 33.62987117610902], [-117.61422469349887, 33.629870818822646], [-117.6142236371514, 33.62987047421678], [-117.61422257559866, 33.629870141389866], [-117.61422150777702, 33.629869821255284], [-117.61422043475012, 33.62986951289965], [-117.61421935760977, 33.6298692172127], [-117.61421827527825, 33.629868934206264], [-117.61421718775557, 33.62986866388034], [-117.61421609610531, 33.62986840532159], [-117.6142150003557, 33.62986816033307], [-117.6142139015563, 33.6298679270999], [-117.61421279757981, 33.62986770744878], [-117.6142116916453, 33.62986750044276], [-117.61421058158322, 33.629867305203945], [-117.6142094674359, 33.62986712443689], [-117.61420835131646, 33.62986695541341], [-117.61420723325315, 33.6298667999366], [-117.61420611214, 33.629866656215135], [-117.61420498801928, 33.62986652695363], [-117.61420386300414, 33.629866409423954], [-117.61420273498152, 33.629866306354224], [-117.61420160606453, 33.629866215016264], [-117.61420047628127, 33.62986613721316], [-117.61419934455414, 33.62986607295677], [-117.61419821193256, 33.62986602043209], [-117.61419707845896, 33.62986598234379], [-117.61419594518271, 33.629865956877026], [-117.61419481102624, 33.629865944043615], [-117.61419367708119, 33.62986594473325], [-117.61419254227006, 33.629865958957694], [-117.61419140873396, 33.62986598579186], [-117.61419027540946, 33.62986602614911], [-117.61418914336008, 33.62986607911609], [-117.61418801150809, 33.62986614470458], [-117.61418688203717, 33.62986622469407], [-117.61418575274958, 33.629866316403515], [-117.61418462582895, 33.62986642161244], [-117.61418350019753, 33.62986654033267], [-117.61418237691899, 33.62986667165077], [-117.61418125599333, 33.62986681556681], [-117.61418013743459, 33.629866972982285], [-117.6141790223064, 33.629867142983976], [-117.61417790954525, 33.62986732648506], [-117.61417679912277, 33.629867521682534], [-117.61417569322273, 33.62986773035591], [-117.61417458967553, 33.6298679516272], [-117.61417349065071, 33.62986818637435], [-117.61417239504236, 33.62986843280609], [-117.61417130395647, 33.62986869271376], [-117.61417021736466, 33.6298689642942], [-117.61416913528123, 33.629869248448976], [-117.61416805772015, 33.6298695460796], [-117.61416698573102, 33.629869855371254], [-117.61416591932787, 33.629870177225406], [-117.6141648574189, 33.62987051075237], [-117.61416380111008, 33.62987085774339], [-117.61416275143674, 33.62987121548216], [-117.61416170736351, 33.62987158668494], [-117.61416066884816, 33.6298719686472], [-117.61415963807414, 33.62987236314843], [-117.6138158934336, 33.63000624641704], [-117.61382847240218, 33.630028843132855], [-117.61376713720887, 33.6301527088545], [-117.61365581109955, 33.6301604461737], [-117.61365542157709, 33.63016448821223], [-117.6136549532681, 33.63016852389923], [-117.61365440834186, 33.63017255411266], [-117.61365378674216, 33.63017657524636], [-117.61365308956076, 33.6301805881901], [-117.61365231676938, 33.63018459114075], [-117.61365146727636, 33.630188583208664], [-117.61365054215925, 33.6301925643819], [-117.61364954137584, 33.63019653195597], [-117.61364846600377, 33.63020048591902], [-117.61364731495132, 33.63020442538138], [-117.61364609034561, 33.630208348516234], [-117.61364479110905, 33.630212255335536], [-117.61364341721334, 33.6302161440361], [-117.61364197081392, 33.63022001459437], [-117.6136404508049, 33.6302238652191], [-117.6136388582499, 33.6302276949969], [-117.61363719313476, 33.63023150302624], [-117.61363545545953, 33.63023528930715], [-117.61363364625967, 33.63023905112322], [-117.6136317666128, 33.63024278846263], [-117.61362981544129, 33.6302465013372], [-117.6136277948582, 33.63025018701869], [-117.61362570486358, 33.63025384550711], [-117.61362354436558, 33.630257475912735], [-117.6136213165833, 33.63026107729859], [-117.6136190204249, 33.63026464877503], [-117.61361665693988, 33.63026818852706], [-117.61361422614235, 33.630271697456315], [-117.6136117290678, 33.63027517284636], [-117.61360916680793, 33.63027861558686], [-117.6136065393206, 33.630282022973326], [-117.61360384769748, 33.630285395895406], [-117.61360109298818, 33.630288732538204], [-117.61359827300898, 33.63029203112237], [-117.61359539317681, 33.63029529339191], [-117.61359245127976, 33.630298515764274], [-117.61358944840967, 33.63030169912914], [-117.61358638563011, 33.63030484257329], [-117.61358326400475, 33.630307945183326], [-117.61358008350551, 33.63031100515617], [-117.61357684520992, 33.63031402248006], [-117.6135735501958, 33.63031699714314], [-117.61357019951274, 33.63031992733063], [-117.61356679316063, 33.63032281304241], [-117.61356333326677, 33.63032565245191], [-117.61355981984528, 33.63032844646059], [-117.61355625288206, 33.630331194167006], [-117.61355263556798, 33.63033389283109], [-117.61354896683943, 33.6303365433662], [-117.61354524776003, 33.630339144858944], [-117.61354148047114, 33.63034169638433], [-117.6135376649728, 33.630344197942215], [-117.61353380340637, 33.63034664860755], [-117.61352989467993, 33.630349047490554], [-117.6135259420268, 33.630351394555845], [-117.61352194435504, 33.630353688913715], [-117.61351790380608, 33.63035592963904], [-117.61351382145762, 33.63035811671996], [-117.61350969835924, 33.630360248341674], [-117.61350553561687, 33.63036232629539], [-117.6135013331882, 33.63036434787658], [-117.61349709432046, 33.63036631395136], [-117.6134928168442, 33.63036822364177], [-117.61348850504213, 33.63037007509757], [-117.61348415786462, 33.63037187013362], [-117.61347977851682, 33.63037360691147], [-117.61347536592085, 33.63037528544292], [-117.61347092223228, 33.630376905704374], [-117.61346644742291, 33.63037846589276], [-117.61346194475408, 33.630379967775774], [-117.61345741310582, 33.630381408660625], [-117.61345285572546, 33.63038278941342], [-117.61344827259876, 33.630384109132656], [-117.61344366374, 33.630385368719864], [-117.61343903343182, 33.630386566324795], [-117.61343437951878, 33.63038770197107], [-117.61342970524814, 33.63038877652476], [-117.61342501060587, 33.63038978908437], [-117.6134202977333, 33.63039073872485], [-117.61341556770817, 33.63039162543434], [-117.61341082160827, 33.630392449201004], [-117.61340606052534, 33.630393210914704], [-117.61340128441718, 33.63039390787077], [-117.61339649655928, 33.630394542738394], [-117.6133916969092, 33.630395112813055], [-117.6133868865731, 33.63039561988596], [-117.61338206876992, 33.63039606302028], [-117.61337724242203, 33.630396442227735], [-117.61337240967075, 33.630396756583224], [-117.61336757053017, 33.63039700698827], [-117.61336272823357, 33.63039719340758], [-117.61335788278082, 33.63039731584107], [-117.61335303631343, 33.630397373363635], [-117.61334818884545, 33.63039736687686], [-117.61334334145458, 33.63039729636891], [-117.61333849735993, 33.63039716090296], [-117.61333365549793, 33.63039696139223], [-117.613328818024, 33.63039669781318], [-117.61331862408962, 33.630395931071234], [-117.61330846662769, 33.63039487719144], [-117.61329835650002, 33.63039354146527], [-117.61328830553366, 33.63039192195988], [-117.61327832564001, 33.63039002215179], [-117.61326842763866, 33.63038784462774], [-117.61325862124336, 33.630385390183285], [-117.61324891944338, 33.63038266228301], [-117.6132393319945, 33.63037966442705], [-117.613229871872, 33.6303763991786], [-117.61322054561272, 33.63037287097463], [-117.61321136620572, 33.630369083279916], [-117.61320234449886, 33.63036504048423], [-117.61319348919848, 33.630360747902614], [-117.61318481006064, 33.630356209035085], [-117.61317631794715, 33.63035142917307], [-117.61316802265628, 33.63034641452127], [-117.61315993181653, 33.63034117040647], [-117.61315205628992, 33.630335702120085], [-117.61314440371902, 33.63033001589028], [-117.61313698283851, 33.630324118835276], [-117.61312980236877, 33.63031801717147], [-117.61312287104435, 33.63031171801693], [-117.61311619543024, 33.630305227611736], [-117.6131097832255, 33.63029855579034], [-117.61310364095277, 33.630291706088265], [-117.61309777738893, 33.63028468832812], [-117.61309219804927, 33.63027751056481], [-117.61308690843519, 33.63027017995184], [-117.61308191623152, 33.630262705422], [-117.61307722695376, 33.630255095030364], [-117.61307284397589, 33.630247357756915], [-117.6130687728132, 33.63023950165654], [-117.61306501900933, 33.630231536587324], [-117.61306158700185, 33.63022347061602], [-117.61305847908714, 33.63021531273438], [-117.61305569971674, 33.63020707191067], [-117.61305325121526, 33.63019875893984], [-117.61305113800614, 33.630190380987045], [-117.6130493613502, 33.63018194976049], [-117.61304792243774, 33.63017347246073], [-117.613046824671, 33.630164959870896], [-117.61304606820482, 33.63015642190783], [-117.61304565424359, 33.63014786667369], [-117.61304558187865, 33.630139304998615], [-117.61304585448389, 33.630130745862694], [-117.61304646898105, 33.63012219921819], [-117.6130474244614, 33.63011367589533], [-117.61304872103753, 33.6301051831064], [-117.61305035670891, 33.630096730791934], [-117.61305233056675, 33.6300883297821], [-117.61305463950467, 33.630079988226065], [-117.6130572804443, 33.63007171607615], [-117.61306025138519, 33.630063523272774], [-117.61306354922087, 33.63005541796515], [-117.61306716976709, 33.63004740831419], [-117.61307110889618, 33.63003950608712], [-117.61307536133214, 33.63003171855496], [-117.61307992396846, 33.630024053867096], [-117.61308479157155, 33.630016521999124], [-117.61308995671, 33.63000913024595], [-117.61309541413598, 33.63000188768187], [-117.6131011607432, 33.629994802455926], [-117.61310718694479, 33.6299878818866], [-117.61311348640122, 33.62998113415838], [-117.61312005383651, 33.62997456654236], [-117.61312687967805, 33.62996818725852], [-117.61313395646626, 33.62996200179859], [-117.61314127786164, 33.62995601834692], [-117.61314883535515, 33.62995024421028], [-117.61315661824005, 33.62994468401402], [-117.61316462017685, 33.62993934594281], [-117.61317283153649, 33.629934234610246], [-117.61318124271817, 33.62992935643326], [-117.61318984517058, 33.629924716013655], [-117.61319862821526, 33.62992031978017], [-117.61320758330088, 33.629916172334745], [-117.61321669755124, 33.62991227742489], [-117.61322596350686, 33.62990864054236], [-117.61323537044704, 33.62990526541109], [-117.61324490657321, 33.629902155766906], [-117.61325456115051, 33.629899314432286], [-117.61326432562775, 33.62989674600916], [-117.61327418602286, 33.62989445245392], [-117.61328413375631, 33.62989243656534], [-117.61329415592385, 33.629890700287994], [-117.61330424177653, 33.629889245542856], [-117.61331438056541, 33.62988807425081], [-117.61332456046378, 33.62988718834463], [-117.61333477069459, 33.6298865879422], [-117.6133449983253, 33.629886273184994], [-117.61335523368473, 33.62988624598212], [-117.61336546382617, 33.629886505573566], [-117.6133756779726, 33.62988705207715], [-117.61338586531869, 33.6298878838078], [-117.61339601291776, 33.629889000005385], [-117.61340610999271, 33.62989040078781], [-117.61341614572422, 33.62989208356838], [-117.61342610822926, 33.629894046673755], [-117.61348339725082, 33.6298312681277], [-117.61359226169152, 33.62990789134324], [-117.61383743815479, 33.62985973817761], [-117.61240715771511, 33.62900276678714], [-117.61233235946433, 33.629107245632845], [-117.61217356811393, 33.629289780399155], [-117.61177399308332, 33.62971920713913], [-117.61172114279061, 33.62990542489298], [-117.61155998769898, 33.630205035947576], [-117.61151201446128, 33.630380429596], [-117.61145460967957, 33.630491284868505], [-117.61136711809854, 33.630604354180775], [-117.61131403318504, 33.63071996911175], [-117.61121709540546, 33.6310561820948], [-117.61111477414761, 33.631311887627874], [-117.61103915458094, 33.63149133217302], [-117.61066366081953, 33.63194230028022], [-117.61066143479002, 33.6319449881775], [-117.61065922292589, 33.631947685838746], [-117.6106570273543, 33.631950391437215], [-117.61065484701173, 33.631953105886375], [-117.61065268188408, 33.631955828284575], [-117.61065053199941, 33.63195856043498], [-117.6106483973297, 33.631961300534414], [-117.6106462789526, 33.6319640485712], [-117.6106441768822, 33.631966805446844], [-117.61064208896308, 33.63196957118488], [-117.61064001841434, 33.631972344848435], [-117.61063796415827, 33.631975126449326], [-117.6106359240393, 33.631977916011046], [-117.61063390022709, 33.631980714411654], [-117.61063189269349, 33.63198351984809], [-117.6106299003889, 33.63198633413509], [-117.61062792544057, 33.63198915544613], [-117.6106259657213, 33.631991985607804], [-117.61062402120284, 33.63199482281703], [-117.61062209405475, 33.63199766795181], [-117.61062018319936, 33.63200052102395], [-117.61061828862258, 33.63200338113186], [-117.61061640926076, 33.632006249188855], [-117.6106145472693, 33.63200912517141], [-117.61061270154237, 33.63201200728824], [-117.6106108721081, 33.632014897342394], [-117.61060905895249, 33.63201779443235], [-117.6106072620895, 33.632020699459616], [-117.61060548255479, 33.63202360970784], [-117.61060371932679, 33.63202652879496], [-117.61060197236333, 33.63202945401631], [-117.61060024169255, 33.632032387175016], [-117.61059852836408, 33.63203532645622], [-117.61059683239192, 33.63203827276148], [-117.61059515160666, 33.63204122521271], [-117.61059348926952, 33.63204418557781], [-117.61059184318286, 33.63204715117561], [-117.61059021229711, 33.632050123820946], [-117.61058859984543, 33.63205310347859], [-117.61058700473612, 33.63205608925873], [-117.61058542589132, 33.63205908117312], [-117.61058386546658, 33.632062079198256], [-117.61058232130635, 33.632065083357645], [-117.61058079341078, 33.63206809365136], [-117.61057928393522, 33.63207111005575], [-117.61057779072424, 33.63207413259445], [-117.61057631485558, 33.63207716125561], [-117.61057485739293, 33.63208019512605], [-117.61057341619485, 33.632083235130665], [-117.61057199232498, 33.632086280356276], [-117.61057058579749, 33.63208933170445], [-117.61056919661227, 33.632092389175064], [-117.6105678247413, 33.632095450965146], [-117.61056647129038, 33.632098518866016], [-117.61056513409, 33.63210159199953], [-117.61056381529555, 33.63210467034231], [-117.61056251382944, 33.63210775390605], [-117.61056122969158, 33.63211084269076], [-117.61055996288202, 33.632113936696435], [-117.61055871447843, 33.63211703591135], [-117.61055748231135, 33.63212013945741], [-117.610556269628, 33.632123248201], [-117.61055507319524, 33.63212636217727], [-117.6105538951544, 33.632129480461224], [-117.61055273442774, 33.63213260306463], [-117.61055159210717, 33.63213573087724], [-117.61055046708677, 33.63213886210773], [-117.61054936047233, 33.63214199854751], [-117.61054827117219, 33.632145139306644], [-117.61054720026394, 33.632148284373486], [-117.61054614666996, 33.6321514337598], [-117.61054511146799, 33.63215458745373], [-117.61054409465794, 33.6321577454554], [-117.61054309514812, 33.63216090687495], [-117.6105421129525, 33.63216407261394], [-117.61054115021254, 33.63216724174732], [-117.61054020478687, 33.632170415200136], [-117.61053927773906, 33.63217359205903], [-117.61053836799145, 33.63217677233595], [-117.61053747663581, 33.63217995692048], [-117.61053660364408, 33.63218314400969], [-117.6105357490443, 33.63218633540651], [-117.61053491283656, 33.63218953111104], [-117.61053409390085, 33.63219272843035], [-117.61053329334312, 33.63219592915584], [-117.61053251224101, 33.632199133275755], [-117.61053174843912, 33.63220234081354], [-117.61053100300114, 33.632205550855915], [-117.6105302748633, 33.63220876431624], [-117.61052956616717, 33.6322119802694], [-117.61052887583487, 33.63221519872717], [-117.61052820280277, 33.632218420602825], [-117.61052754921234, 33.632221644971395], [-117.6105269139858, 33.632224871844485], [-117.6105262960313, 33.63222810033243], [-117.61052569753251, 33.63223133221483], [-117.61052511739766, 33.63223456660178], [-117.61052455453489, 33.63223780260361], [-117.61052401111374, 33.63224104109825], [-117.61044091479253, 33.63274469501401], [-117.60936305846316, 33.633546050504954], [-117.60922543955006, 33.63408323132777], [-117.60926356401781, 33.63432899152232], [-117.60935889339856, 33.63470293160197], [-117.61068427965846, 33.63476652551299], [-117.6104712488531, 33.6358881670694], [-117.6104738623835, 33.63588799246919], [-117.61047647802738, 33.635887815140784], [-117.61047909364305, 33.63588763600925], [-117.61048170815282, 33.63588745508637], [-117.61048432264852, 33.6358872732619], [-117.610486937102, 33.635887088732765], [-117.6104895515273, 33.635886902400486], [-117.6104921659245, 33.63588671426505], [-117.6104947792158, 33.63588652433828], [-117.61049739355671, 33.63588633259664], [-117.61050000680572, 33.635886139965145], [-117.61050262001258, 33.63588594462903], [-117.61050523319132, 33.635885747489695], [-117.61050784634186, 33.6358855485473], [-117.6105104594643, 33.63588534780178], [-117.61051307148078, 33.635885145264886], [-117.61051568454693, 33.635884940913066], [-117.61051829650714, 33.63588473476992], [-117.6105209084392, 33.635884526823595], [-117.61052352034314, 33.63588431707423], [-117.61052613223299, 33.63588410642322], [-117.6105287430028, 33.635883893079274], [-117.61053135374452, 33.635883677932256], [-117.61053396553585, 33.63588346097036], [-117.61053657622129, 33.635883242217034], [-117.61053918687853, 33.6358830216606], [-117.61054179642989, 33.63588279931285], [-117.6105444070309, 33.635882575150156], [-117.61054701652597, 33.63588234919608], [-117.6105496259929, 33.63588212143895], [-117.61055223543164, 33.63588189187865], [-117.61055484484226, 33.635881660515274], [-117.61055745314694, 33.63588142736047], [-117.61056006250129, 33.635881192390755], [-117.61056267074966, 33.63588095562973], [-117.61056527896994, 33.63588071706554], [-117.61056788716203, 33.635880476698205], [-117.6105704942482, 33.63588023453954], [-117.61057310236998, 33.63587998966446], [-117.61057570939984, 33.63587974389955], [-117.61057831640159, 33.6358794963315], [-117.61058092337518, 33.63587924696034], [-117.61058353032062, 33.635878995786044], [-117.61058613616012, 33.63587874282037], [-117.6105887419715, 33.635878488051574], [-117.61059134775473, 33.63587823147963], [-117.61059395350975, 33.63587797310459], [-117.6105965581589, 33.63587771293818], [-117.61059916385769, 33.635877450956855], [-117.61060176845051, 33.635877187184185], [-117.61060437301524, 33.635876921608386], [-117.61060697753767, 33.635876653327934], [-117.61060958096832, 33.63587638415762], [-117.61061218546261, 33.635876114074], [-117.6106147888369, 33.63587584129744], [-117.61061739218306, 33.63587556671779], [-117.61061999550108, 33.63587529033496], [-117.61062259771317, 33.635875012160795], [-117.61062519989709, 33.63587473218346], [-117.6106278020528, 33.63587445040305], [-117.61063040418047, 33.63587416681952], [-117.61063300518809, 33.63587388054308], [-117.61063560725944, 33.63587359335327], [-117.61063820714699, 33.635873304383885], [-117.61064080808426, 33.6358730135996], [-117.61064340899331, 33.635872721012156], [-117.6106460087965, 33.635872426633355], [-117.61064860857148, 33.635872130451446], [-117.6106512083183, 33.63587183246643], [-117.61065380694517, 33.635871531788425], [-117.6106564055579, 33.63587123020892], [-117.61065900414253, 33.63587092682628], [-117.61066160269895, 33.635870621640485], [-117.61066420122727, 33.63587031465157], [-117.61066679864965, 33.6358700058713], [-117.61066939496602, 33.635869695299654], [-117.6106719912543, 33.63586938292488], [-117.61067458859226, 33.63586906873521], [-117.61067718482418, 33.63586875275418], [-117.6106797810139, 33.63586843406855], [-117.61068237718959, 33.635868114481255], [-117.6106849722593, 33.635867793102555], [-117.61068756730086, 33.635867469920825], [-117.61069016231426, 33.63586714493595], [-117.6106927572995, 33.635866818147896], [-117.61069535117885, 33.63586648956854], [-117.61069794502998, 33.635866159186], [-117.61070053885301, 33.63586582700039], [-117.61070313157002, 33.63586549302336], [-117.61070572425896, 33.635865157243245], [-117.61070831691968, 33.63586481965997], [-117.61071090955232, 33.63586448027362], [-117.61071350107896, 33.635864139095844], [-117.61071609257746, 33.635863796115], [-117.6107186840478, 33.63586345133097], [-117.61072127441219, 33.635863104755614], [-117.61072386474844, 33.63586275637715], [-117.61072645505655, 33.63586240619555], [-117.6107290464002, 33.63586205329747], [-117.61248558219842, 33.635638429122075], [-117.61304779534052, 33.63514633678952], [-117.61358123050195, 33.63467942526065], [-117.6142031591098, 33.6341350442254], [-117.61425838426197, 33.63417902839875], [-117.61478008155747, 33.63470034112384], [-117.61479739042952, 33.63568955906024], [-117.61391701649917, 33.635700309286925], [-117.61395223958782, 33.636635219608074], [-117.61355253437266, 33.637100801172004]], [[-117.61216524465893, 33.63273406916741], [-117.61200648089789, 33.63332494933041], [-117.61178217840808, 33.63328249237622], [-117.61194094582328, 33.6326916160752], [-117.61216524465893, 33.63273406916741]]], [[[-117.57957004731898, 33.64177404186903], [-117.57945533570611, 33.642417259969946], [-117.57940127296982, 33.64272032131427], [-117.579453478079, 33.64276190751744], [-117.57982824156078, 33.64245077347781], [-117.57983035916439, 33.64244902596264], [-117.57983248659251, 33.64244728645783], [-117.57983462384523, 33.64244555496333], [-117.57983677095004, 33.642443833282215], [-117.57983892787938, 33.64244211961144], [-117.57984109573869, 33.64244041574255], [-117.5798432734501, 33.64243872168704], [-117.57984546098602, 33.64243703564188], [-117.57984765945196, 33.642435359398604], [-117.57984986667827, 33.64243369207868], [-117.57985208482083, 33.64243203365912], [-117.57985431173756, 33.6424303850644], [-117.5798565495705, 33.64242874537007], [-117.57985879616386, 33.64242711459914], [-117.57986105368717, 33.64242549363002], [-117.57986331998472, 33.642423882485836], [-117.57986559504269, 33.642422280265016], [-117.57986788103057, 33.64242068784601], [-117.57987017577894, 33.64241910435043], [-117.57987247930149, 33.642417530679744], [-117.57987479267611, 33.64241596682239], [-117.57987711590278, 33.64241441277847], [-117.57987944790366, 33.642412868559376], [-117.57988178866502, 33.64241133326368], [-117.57988413929215, 33.642409808682935], [-117.5798864986797, 33.642408293025476], [-117.57988886684147, 33.64240678719294], [-117.57989124379124, 33.642405292086785], [-117.57989362950138, 33.64240380590403], [-117.57989602507743, 33.64240233043616], [-117.5798984283497, 33.64240086480469], [-117.5799008403962, 33.64239940899807], [-117.57990326229483, 33.642397963004846], [-117.57990569190348, 33.64239652774955], [-117.57990813028631, 33.64239510231917], [-117.57991057636548, 33.6423936867251], [-117.57991303123259, 33.642392281857504], [-117.57991549487392, 33.642390886814766], [-117.57991796622528, 33.64238950250992], [-117.57992044527295, 33.64238812804149], [-117.57992293310859, 33.64238676429943], [-117.57992542971846, 33.642385410382325], [-117.57992793296047, 33.64238406721455], [-117.57993044499045, 33.64238273477326], [-117.57993296471676, 33.64238141216832], [-117.57993549215317, 33.64238010030125], [-117.57993802729959, 33.6423787991722], [-117.57994057123399, 33.642377508769485], [-117.57994312178684, 33.64237622821462], [-117.57994568006353, 33.642374959299225], [-117.57994824603652, 33.64237370022023], [-117.57995081864169, 33.64237245189064], [-117.57995339895697, 33.642371214298954], [-117.57995598699605, 33.6423699883467], [-117.57995858273148, 33.642368772230824], [-117.57996118509911, 33.642367566864344], [-117.57996379411267, 33.642366373148874], [-117.57996641082256, 33.642365189269725], [-117.57996903525628, 33.64236401703005], [-117.5799716652443, 33.642362855551255], [-117.5799743029425, 33.642361704810384], [-117.57997694728655, 33.6423605657204], [-117.57997959824908, 33.642359436478344], [-117.57998225587137, 33.642358319788755], [-117.579984920112, 33.64235721294709], [-117.5799875909987, 33.6423561177563], [-117.57999026851753, 33.642355033314935], [-117.57999295160444, 33.64235396053602], [-117.57999564240149, 33.64235289849497], [-117.57999833876663, 33.64235184811641], [-117.58000104068603, 33.64235080849872], [-117.58000374925143, 33.642349780532015], [-117.580006464449, 33.64234876331467], [-117.58000918521469, 33.642347757759744], [-117.58001191153474, 33.64234676296578], [-117.58001464451446, 33.64234578072426], [-117.58001738197065, 33.642344809255164], [-117.58002012605904, 33.64234384853543], [-117.58002287572931, 33.64234290037976], [-117.58002563203172, 33.64234196297341], [-117.58002839282443, 33.64234103724102], [-117.5800311591852, 33.64234012317106], [-117.5800339311003, 33.642339219862], [-117.58003670859723, 33.64233832911692], [-117.58003949057067, 33.642337449144236], [-117.58004227811216, 33.64233658083402], [-117.58004507123553, 33.642335725087754], [-117.5800478688353, 33.64233488011388], [-117.5800506720032, 33.642334046802446], [-117.58005347966136, 33.64233322516498], [-117.58005629288756, 33.6423324151899], [-117.5800591095399, 33.64233161780183], [-117.58006193174657, 33.64233083117465], [-117.58006475844347, 33.642330056221375], [-117.58006759072224, 33.64232929383209], [-117.58007042639954, 33.64232854222673], [-117.58007326658088, 33.642327803196764], [-117.5800761112524, 33.64232707584081], [-117.5800789604142, 33.64232636015875], [-117.58008054557413, 33.642325963635194], [-117.58008212849585, 33.64232556172537], [-117.58008371025713, 33.642325154417804], [-117.58008528979391, 33.642324742625554], [-117.58008686818403, 33.64232432633705], [-117.58008844433583, 33.642323904662334], [-117.58009001935476, 33.64232347939293], [-117.5800915910438, 33.64232304784721], [-117.58009316267778, 33.64232261269537], [-117.58009473099564, 33.6423221721687], [-117.58009629815312, 33.642321726244305], [-117.58009786309977, 33.642321276736766], [-117.5800994258082, 33.642320821843036], [-117.58010098629202, 33.64232036246448], [-117.58010254561546, 33.64231989768823], [-117.58010410163658, 33.64231942843877], [-117.58010565651095, 33.64231895469311], [-117.58010720916081, 33.642318476462705], [-117.58010875957241, 33.64231799284607], [-117.58011030883735, 33.64231750473325], [-117.5801118547999, 33.6423170121472], [-117.58011339852416, 33.64231651417487], [-117.58011494111553, 33.64231601260791], [-117.58011648146856, 33.6423155056547], [-117.58011801958334, 33.642314993315225], [-117.58011955440946, 33.642314477404064], [-117.58012108807522, 33.64231395609518], [-117.58012261843851, 33.642313430313074], [-117.58012414657728, 33.64231290004624], [-117.58012567356943, 33.64231236528325], [-117.58012719725913, 33.64231182604703], [-117.58012871871055, 33.64231128142458], [-117.58013023793744, 33.642310732317334], [-117.58013175386193, 33.642310178737], [-117.58013326863976, 33.64230962066032], [-117.58013478011519, 33.64230905811054], [-117.58013628935232, 33.64230849017449], [-117.58013779637868, 33.64230791865528], [-117.58013930116678, 33.64230734174978], [-117.58014080265242, 33.64230676037113], [-117.58014230191351, 33.64230617450775], [-117.58014379787224, 33.64230558417113], [-117.58014529268428, 33.642304989338335], [-117.58014678419393, 33.642304390032315], [-117.58014827240116, 33.64230378625311], [-117.58014975944798, 33.64230317707613], [-117.58015124212825, 33.64230256433898], [-117.5801527236481, 33.642301946204114], [-117.58015420187931, 33.64230132449759], [-117.58015567679436, 33.64230069741629], [-117.58015714949862, 33.64230006675184], [-117.58015861996458, 33.642299430701115], [-117.58016008714186, 33.642298791078716], [-117.58016155100297, 33.64229814608164], [-117.58016301265336, 33.64229749750133], [-117.58016447098755, 33.64229684354632], [-117.58016592709717, 33.64229618510655], [-117.58016737991815, 33.64229552309517], [-117.58016883051462, 33.642294856599065], [-117.58017027671703, 33.64229418473975], [-117.58017172178648, 33.642293509285686], [-117.58017316247569, 33.642292829369985], [-117.58017460094038, 33.64229214496955], [-117.5801760361026, 33.64229145609594], [-117.58017746796244, 33.642290762749084], [-117.5801788975977, 33.64229006491751], [-117.5801803239306, 33.642289362612814], [-117.5801817469748, 33.64228865673638], [-117.58018316671661, 33.642287946386766], [-117.58018458314221, 33.642287230662426], [-117.58018599735705, 33.642286511354875], [-117.58018740828317, 33.64228578847572], [-117.58018881589318, 33.642285060221774], [-117.58019021913661, 33.64228432840764], [-117.5801916201418, 33.642283591207345], [-117.58019301893617, 33.642282850423854], [-117.58019441336401, 33.64228210608014], [-117.58019580447565, 33.64228135636177], [-117.58019719229863, 33.64228060307169], [-117.58019857681917, 33.64227984530838], [-117.58019995803738, 33.64227908307195], [-117.58020133704473, 33.6422783172523], [-117.58020271167177, 33.642277546970966], [-117.58020408299645, 33.642276772216384], [-117.58020545101864, 33.64227599298865], [-117.58020681575222, 33.642275210189226], [-117.58020817610547, 33.64227442292817], [-117.58020953424797, 33.64227363208384], [-117.58021088801016, 33.64227283677789], [-117.58021223954779, 33.64227203698721], [-117.58021358671887, 33.64227123363635], [-117.58021493058754, 33.6422704258123], [-117.58021627007588, 33.642269613526565], [-117.58021760735343, 33.64226879765771], [-117.58021894026454, 33.64226797822862], [-117.58022026985937, 33.642267153424804], [-117.58022159510148, 33.6422663259624], [-117.58022291811896, 33.64226549401527], [-117.58022423675625, 33.64226465760646], [-117.58031835851874, 33.64220474154017], [-117.58032107016818, 33.64220299759527], [-117.58032375773284, 33.64220122956176], [-117.58032642227685, 33.64219943652671], [-117.58032906384156, 33.6421976211947], [-117.58033168239938, 33.64219578176266], [-117.58033427688618, 33.64219391914364], [-117.58033684839361, 33.64219203422761], [-117.58033939583007, 33.64219012612465], [-117.58034191813137, 33.64218819574776], [-117.58034441636168, 33.64218624218382], [-117.58034688947065, 33.64218426724752], [-117.58034933745827, 33.64218227093881], [-117.58035176031073, 33.642180252356226], [-117.58035415696395, 33.642178212412695], [-117.58035652741795, 33.64217615110827], [-117.58035887168643, 33.6421740693445], [-117.58036118976942, 33.64217196712134], [-117.5803634805753, 33.64216984354886], [-117.5803657452094, 33.64216770041856], [-117.58036798150235, 33.642165536851934], [-117.58037019054564, 33.64216335373896], [-117.58037237126142, 33.64216115109124], [-117.58037452474136, 33.64215892979877], [-117.58037664881596, 33.64215668898295], [-117.58037874564093, 33.64215442862087], [-117.58038081308798, 33.64215215053857], [-117.5803828511573, 33.64214985473609], [-117.58038485983495, 33.64214754031184], [-117.58038683913476, 33.642145208167385], [-117.58038878907047, 33.64214285920428], [-117.58039070962832, 33.64214049252097], [-117.58039259866635, 33.64213810904202], [-117.58039445834027, 33.642135708744384], [-117.58039628757221, 33.64213329163958], [-117.58039808531183, 33.64213085954225], [-117.5803998526095, 33.64212841063779], [-117.5804015884148, 33.64212594674065], [-117.58040329271408, 33.64212346694945], [-117.58040496553473, 33.64212097306726], [-117.58040660686305, 33.6421184641925], [-117.58040821562125, 33.64211594033662], [-117.58040979290084, 33.642113402389796], [-117.5804113376377, 33.642110851264924], [-117.58041284981819, 33.64210828606057], [-117.58041432945595, 33.64210570767825], [-117.58041577439529, 33.642103116140916], [-117.5804171878836, 33.642100512315636], [-117.58041856882919, 33.642097895312446], [-117.58041991618177, 33.64209526694579], [-117.5804212299276, 33.64209262631425], [-117.58042251008031, 33.642089974319354], [-117.58042375665379, 33.642087311862554], [-117.58042496962045, 33.64208463714084], [-117.58042614795754, 33.64208195377183], [-117.58042729270153, 33.64207925903944], [-117.5804284027884, 33.64207655385673], [-117.580429479296, 33.64207383821217], [-117.58043052009614, 33.642071113931834], [-117.58043152625288, 33.642068380102735], [-117.58043249887162, 33.64206563851641], [-117.58043343578285, 33.6420628882943], [-117.58043433698656, 33.64206012943642], [-117.58043520465233, 33.642057362821355], [-117.58043603662442, 33.64205458847203], [-117.58043683291646, 33.642051807290045], [-117.58043759352852, 33.64204901927538], [-117.58043831953853, 33.64204622441655], [-117.58043900986857, 33.64204342272503], [-117.58043966454613, 33.64204061600398], [-117.58044028355751, 33.64203780335171], [-117.58044086583855, 33.64203498568141], [-117.58044141353132, 33.64203216206842], [-117.58044192450745, 33.64202933433894], [-117.58044240092286, 33.642026502469804], [-117.58044283953004, 33.64202366559416], [-117.58044324359011, 33.64202082548048], [-117.58044361094747, 33.64201798215177], [-117.58044394267995, 33.642015135596594], [-117.58044423772334, 33.6420122867279], [-117.58044449606395, 33.64200943464419], [-117.5804447188072, 33.64200658113708], [-117.58044490593926, 33.642003725304946], [-117.58044505531824, 33.64200086807248], [-117.58044517017768, 33.64199800940499], [-117.5804452472977, 33.641995150238635], [-117.58044528883416, 33.64199229055036], [-117.5804452937091, 33.64198943035172], [-117.58044526193635, 33.64198657054421], [-117.58044519459371, 33.64198371111637], [-117.58044509061708, 33.64198085298118], [-117.58044495107067, 33.64197799522566], [-117.58044477381233, 33.64197513877429], [-117.58044456101169, 33.6419722845057], [-117.58044431266875, 33.64196943241976], [-117.58044402769183, 33.64196658162658], [-117.58044370612225, 33.641963734830625], [-117.58044334901037, 33.641960890217426], [-117.58044295530573, 33.64195804960153], [-117.58044252499472, 33.64195521208137], [-117.58044243058589, 33.64195460625463], [-117.5804423393969, 33.64195399949181], [-117.58044225036367, 33.64195339270599], [-117.58044216348618, 33.6419527858972], [-117.58044207984238, 33.64195217905386], [-117.58044199834055, 33.641951571285986], [-117.58044191899441, 33.64195096349508], [-117.58044184288198, 33.6419503556697], [-117.58044177000308, 33.6419497478098], [-117.58044169926625, 33.64194913902531], [-117.58044163068512, 33.64194853021784], [-117.58044156535138, 33.641947922277396], [-117.5804415021459, 33.641947312510894], [-117.58044144110988, 33.64194670362287], [-117.58044138330754, 33.64194609470038], [-117.580441328725, 33.6419454848418], [-117.5804412752204, 33.64194487497172], [-117.58044122602729, 33.64194426505562], [-117.58044117791201, 33.64194365512803], [-117.58044113303036, 33.64194304516593], [-117.58044109138237, 33.6419424351693], [-117.58044105189013, 33.641941825149665], [-117.58044101453984, 33.64194121420554], [-117.58044098043696, 33.64194060412837], [-117.58044094847608, 33.64193999312662], [-117.58044091974878, 33.641939382090435], [-117.58044089319104, 33.64193877193275], [-117.58044086985315, 33.641938160839025], [-117.58044084867093, 33.6419375497223], [-117.58044082964456, 33.64193693858251], [-117.58044081385178, 33.641936327408274], [-117.58044080021473, 33.641935716210995], [-117.58044078981129, 33.641935104979204], [-117.58044078156368, 33.64193449372442], [-117.58044077547177, 33.64193388244662], [-117.58044077261341, 33.6419332711343], [-117.58044077300252, 33.64193266068903], [-117.58044077553357, 33.64193204931921], [-117.58044078022039, 33.64193143792632], [-117.58044078814083, 33.64193082649897], [-117.58044079821701, 33.64193021504861], [-117.5804408104627, 33.64192960447677], [-117.58044082592826, 33.64192899296887], [-117.5804408446412, 33.64192838232802], [-117.58044086549614, 33.64192777076255], [-117.5804408885206, 33.6419271600757], [-117.58044091477859, 33.64192654935428], [-117.58044094319241, 33.64192593860989], [-117.58044097483983, 33.64192532783103], [-117.58044100864299, 33.64192471702909], [-117.58044104461565, 33.64192410710569], [-117.58044108380818, 33.641923496246235], [-117.5804411251702, 33.641922886265306], [-117.58044116976588, 33.641922276249915], [-117.58044121651727, 33.64192166621143], [-117.58044126650235, 33.64192105613847], [-117.58044131865685, 33.641920446944056], [-117.58044137295335, 33.64191983682511], [-117.58044143049723, 33.641919227573176], [-117.58044149019689, 33.641918618298256], [-117.58044155314386, 33.64191800989026], [-117.58044161823288, 33.64191740055779], [-117.58044168656922, 33.64191679209237], [-117.5804417559835, 33.641916183615415], [-117.580441829723, 33.641915575994], [-117.5804419056045, 33.64191496744801], [-117.58044198365546, 33.64191435978055], [-117.58044206386218, 33.64191375209009], [-117.58044214731632, 33.641913145266656], [-117.58044223400407, 33.64191253840871], [-117.58044232284753, 33.641911931527744], [-117.5804424138605, 33.64191132552533], [-117.58044250809336, 33.64191071858689], [-117.58044260450946, 33.64191011342846], [-117.58044270306755, 33.641909507345545], [-117.58044280487297, 33.64190890212958], [-117.58044290883417, 33.64190829689066], [-117.58044301604278, 33.64190769251872], [-117.58044312540711, 33.6419070881238], [-117.58044323800506, 33.64190648369437], [-117.58044335169463, 33.641905880154965], [-117.58044346970944, 33.64190527747108], [-117.58044358878838, 33.641904673874166], [-117.58044371111465, 33.64190407114429], [-117.58044383668837, 33.64190346928142], [-117.5804439644178, 33.64190286739551], [-117.58044409431675, 33.64190226638819], [-117.58044422744926, 33.641901665346325], [-117.58044436273754, 33.64190106428141], [-117.58044450019534, 33.64190046409507], [-117.58044464088677, 33.641899863874194], [-117.58044478374767, 33.64189926453191], [-117.58044492877808, 33.641898666068116], [-117.58044507704213, 33.64189806756977], [-117.58044522853974, 33.641897469036984], [-117.58044538220692, 33.64189687138268], [-117.58044553804356, 33.64189627460692], [-117.58044569711379, 33.641895677796626], [-117.58044585726189, 33.64189508097485], [-117.5804979057137, 33.64170389737922], [-117.58050638514533, 33.64157809566209], [-117.58051286500756, 33.64157292025168], [-117.58095638920038, 33.641568350391665], [-117.58161370004274, 33.64156572965303], [-117.58191478747312, 33.641576403359174], [-117.58203291003868, 33.641591864727644], [-117.58259732499117, 33.641684137528905], [-117.58261127233918, 33.64156862673149], [-117.58266225394709, 33.64109413932379], [-117.58266261513468, 33.64109188485396], [-117.58266298388108, 33.64108963120504], [-117.58266336127787, 33.64108737926705], [-117.58266374838924, 33.64108512812682], [-117.58266414413731, 33.64108287779601], [-117.58266454852199, 33.641080628274494], [-117.58266496263501, 33.64107838045236], [-117.58266538538464, 33.64107613343954], [-117.58266581677091, 33.6410738872361], [-117.58266625680767, 33.641071642743505], [-117.58266670657274, 33.64106939995031], [-117.58266716497442, 33.64106715796643], [-117.58266763201277, 33.641064916792], [-117.58266810770158, 33.64106267732835], [-117.58266859313245, 33.641060440465615], [-117.58266908718619, 33.64105820351068], [-117.58266958989036, 33.64105596826664], [-117.58267010124497, 33.64105373473354], [-117.58267062231408, 33.64105150199818], [-117.58267115201987, 33.64104927007222], [-117.58267169038982, 33.64104704075869], [-117.58267223741024, 33.641044813156], [-117.58267279306723, 33.6410425863627], [-117.58267335845261, 33.64104036126873], [-117.58267393248838, 33.641038137885694], [-117.58267451517457, 33.641035916213475], [-117.5826751065112, 33.64103369625217], [-117.58267570649822, 33.641031478001764], [-117.58267631621358, 33.641029261450726], [-117.58267693350146, 33.64102704662208], [-117.58267756050384, 33.641024832591214], [-117.58267819617045, 33.64102262117282], [-117.58267884048742, 33.64102041146528], [-117.58267949453277, 33.64101820345712], [-117.58268015616437, 33.641015998072916], [-117.58268082643265, 33.64101379349804], [-117.58268150644295, 33.641011591524034], [-117.58268219508996, 33.64100939035943], [-117.58268289132326, 33.641007191818716], [-117.58268359729864, 33.641004995878994], [-117.58268431191065, 33.64100280074852], [-117.5826850351868, 33.64100060823049], [-117.58268576711342, 33.64099841742334], [-117.58268650770421, 33.64099622922865], [-117.58268725694543, 33.640994042744765], [-117.58268801592868, 33.64099185886188], [-117.58268878247075, 33.64098967579974], [-117.58268955769076, 33.64098749625166], [-117.58269034156118, 33.640985318414394], [-117.58269113515985, 33.640983142276525], [-117.58269193634489, 33.64098096876262], [-117.58269274619407, 33.64097879786111], [-117.5826935646937, 33.64097662867044], [-117.5826943918575, 33.640974462092224], [-117.58269522876334, 33.640972298114946], [-117.58269607324178, 33.640970135859995], [-117.5826969263843, 33.64096797621753], [-117.58269778709942, 33.640965818297396], [-117.58269865757039, 33.64096366387975], [-117.58269953669168, 33.640961511172975], [-117.58270042339936, 33.64095936109015], [-117.58270131984905, 33.640957213608225], [-117.58270222388511, 33.640955068750216], [-117.58270313766317, 33.6409529264931], [-117.5827040590276, 33.64095078685993], [-117.58270498904233, 33.64094864893764], [-117.58270592773508, 33.64094651452931], [-117.58270687509201, 33.64094438273337], [-117.58270783109934, 33.640942252648344], [-117.58270879470679, 33.64094012608879], [-117.58270976805623, 33.64093800213012], [-117.58271074899197, 33.64093588079538], [-117.58271173751406, 33.64093376208465], [-117.5827127357782, 33.640931645974696], [-117.58271374272026, 33.640929533378774], [-117.58271475723484, 33.64092742250521], [-117.58271578042739, 33.64092531514562], [-117.58271681122008, 33.64092321131154], [-117.58271785174094, 33.64092110917672], [-117.58271889986194, 33.64091901056746], [-117.58271995556923, 33.64091691458212], [-117.58272102103233, 33.640914822099205], [-117.58272209408179, 33.640912732240224], [-117.58272317579535, 33.640910644993696], [-117.58272426510905, 33.640908561272596], [-117.58272536416473, 33.6409064801524], [-117.58272646974267, 33.64090440256918], [-117.58272758506261, 33.64090232758684], [-117.58272870798268, 33.64090025613005], [-117.58272983850277, 33.64089818819868], [-117.58273097768708, 33.64089612287971], [-117.58273212553553, 33.640894060173224], [-117.58273328099786, 33.64089200189366], [-117.58273444512432, 33.64088994622655], [-117.58273561792876, 33.64088789407342], [-117.58273679831947, 33.64088584454417], [-117.58273798631028, 33.64088379854043], [-117.58273918297907, 33.64088175605061], [-117.58274038724788, 33.64087971708627], [-117.58274437365286, 33.64087307502424], [-117.582748446851, 33.64086646900319], [-117.58275260579191, 33.64085990083775], [-117.58275684939778, 33.64085337053941], [-117.58276117769616, 33.640846879911244], [-117.5827655896091, 33.64084042896483], [-117.58277008621448, 33.640834017688555], [-117.58277466432008, 33.64082764882163], [-117.58277932608156, 33.640821322341026], [-117.58278407040733, 33.64081503735665], [-117.5827888951692, 33.64080879569467], [-117.58279380039464, 33.64080259915824], [-117.5827987871478, 33.64079644683409], [-117.5828038533005, 33.64079034054844], [-117.5828089977886, 33.64078428121439], [-117.58281422169004, 33.64077826882035], [-117.58281952286278, 33.640772304290884], [-117.58282490132066, 33.640766388527574], [-117.58283035706366, 33.640760521530346], [-117.58283588796357, 33.64075470512538], [-117.5828414950983, 33.6407489393011], [-117.58284717631206, 33.64074322408058], [-117.58285293055465, 33.640737561278435], [-117.58285875891758, 33.640731951784524], [-117.58286465923149, 33.640726394720524], [-117.58287063261541, 33.64072089277944], [-117.58287667688619, 33.64071544418122], [-117.58288279100724, 33.64071005164203], [-117.5828889760565, 33.64070471515033], [-117.58289522987813, 33.64069943472909], [-117.58290155142193, 33.64069421219305], [-117.58290794067406, 33.64068904664056], [-117.58291439659806, 33.6406839407877], [-117.58292091916627, 33.640678892831495], [-117.5829275073285, 33.64067390458649], [-117.58293415894279, 33.64066897697725], [-117.58294087508703, 33.640664109992265], [-117.58294765361919, 33.6406593045561], [-117.58295449455314, 33.64065456157034], [-117.58296139571937, 33.64064988015641], [-117.58296835822324, 33.640645262105835], [-117.58297537990913, 33.64064070744173], [-117.58298246080456, 33.64063621796718], [-117.58298959980414, 33.640631791890534], [-117.58299679587134, 33.64062743192797], [-117.58300404791459, 33.64062313718951], [-117.58301135486971, 33.64061890858813], [-117.58301871782841, 33.640614747013856], [-117.58302613355715, 33.64061065250132], [-117.5830336020697, 33.64060662595197], [-117.58304112228818, 33.64060266737731], [-117.58304869422646, 33.64059877767901], [-117.5830563146509, 33.64059495689152], [-117.58306398573109, 33.64059120589334], [-117.58307170531123, 33.64058752470748], [-117.5830794723273, 33.64058391424707], [-117.58308728462364, 33.640580374535155], [-117.58309514327802, 33.64057690556008], [-117.58310304724026, 33.640573509136594], [-117.58311099434083, 33.64057018438615], [-117.58311898459358, 33.640566932210255], [-117.58312701692064, 33.640563752620395], [-117.58313508918005, 33.64056064654124], [-117.5831432024497, 33.64055761396122], [-117.58315135350983, 33.64055465581643], [-117.58315954342457, 33.64055177119381], [-117.5831677689879, 33.64054896193106], [-117.58317603235552, 33.64054622800498], [-117.5831843292023, 33.64054356856029], [-117.58319266171151, 33.640540985376965], [-117.58320102555794, 33.64053847759952], [-117.58320942291105, 33.64053604610645], [-117.58321785055126, 33.64053369183392], [-117.5832263095425, 33.64053141386878], [-117.58323479666508, 33.64052921314723], [-117.58324331191895, 33.640527089669206], [-117.58325185422632, 33.64052504344622], [-117.58326042252315, 33.64052307539142], [-117.58326901573157, 33.640521185516214], [-117.58327763277381, 33.64051937383225], [-117.58328627366357, 33.64051764124091], [-117.58329493730935, 33.64051598685235], [-117.58330362047754, 33.640514410700995], [-117.58331232427358, 33.64051291457849], [-117.58332104760586, 33.64051149759479], [-117.58332978831872, 33.640510159773], [-117.58333854534804, 33.64050890202609], [-117.58334731868017, 33.64050772345257], [-117.58335610832883, 33.640506624953936], [-117.58336490998263, 33.64050560657642], [-117.58337372471948, 33.64050466830831], [-117.58338255146157, 33.64050381016128], [-117.58339138805316, 33.64050303215834], [-117.58340023450805, 33.64050233520103], [-117.58340908973464, 33.64050171839932], [-117.58341795266888, 33.640501182666306], [-117.58342682114136, 33.64050072712347], [-117.58343569622988, 33.640500351759286], [-117.58344457472849, 33.64050005841147], [-117.58344723960408, 33.640499986623205], [-117.58344990458994, 33.640499922047155], [-117.58345257076392, 33.64049986467179], [-117.58345523597029, 33.640499814520254], [-117.58345790236486, 33.640499771569424], [-117.58346056779182, 33.64049973584241], [-117.58346323440695, 33.64049970731612], [-117.58346590114613, 33.64049968690355], [-117.5834685669039, 33.6404996728133], [-117.58347123384988, 33.640499665923755], [-117.58347389984202, 33.64049966715949], [-117.58347656594454, 33.64049967560753], [-117.5834792332213, 33.64049969035475], [-117.58348189954435, 33.64049971322728], [-117.58348456489982, 33.64049974332361], [-117.5834872314434, 33.64049978062061], [-117.5834898970194, 33.640499825141426], [-117.58349256270574, 33.64049987687451], [-117.58349522850233, 33.640499935819825], [-117.5834978933314, 33.640500001988926], [-117.58350055828453, 33.64050007627182], [-117.58350322333416, 33.64050015686546], [-117.58350588743, 33.6405002455844], [-117.58350855054454, 33.64050034062557], [-117.58351121378315, 33.64050044378054], [-117.58351387711822, 33.64050055324622], [-117.58351654057738, 33.64050067082574], [-117.58351920197737, 33.64050079473899], [-117.58352186457928, 33.64050092675445], [-117.58352452513576, 33.64050106600533], [-117.58352718580255, 33.64050121246841], [-117.58352984657967, 33.64050136614372], [-117.58353250531133, 33.64050152705439], [-117.5835351641533, 33.64050169517734], [-117.5835378231056, 33.640501870512466], [-117.58354048001249, 33.64050205308296], [-117.58354313702965, 33.64050224286568], [-117.58354579307928, 33.6405024398722], [-117.58354844816132, 33.6405026441025], [-117.5835511022896, 33.64050285645812], [-117.58355375543658, 33.640503075136024], [-117.58355640869385, 33.64050330102611], [-117.58355905990568, 33.64050353415156], [-117.58356171124169, 33.6405037753908], [-117.5835643615963, 33.64050402295224], [-117.58356700990551, 33.640504277749066], [-117.58356965833885, 33.64050454065962], [-117.58357230471293, 33.640504809904], [-117.58357495119739, 33.640505086360655], [-117.58357759565017, 33.640505370954116], [-117.58358023912167, 33.64050566186984], [-117.58358288162562, 33.640505960009314], [-117.58358552317578, 33.64050626627418], [-117.5835881626668, 33.64050657887278], [-117.58359080119023, 33.64050689869517], [-117.58359343874614, 33.640507225741366], [-117.58359607533455, 33.64050756001132], [-117.58359871204702, 33.64050790239512], [-117.58360134562245, 33.64050825112415], [-117.58360397715249, 33.64050860708855], [-117.583606607715, 33.640508970276734], [-117.58360923731, 33.64050934068866], [-117.58361186593737, 33.64050971832441], [-117.58361449251943, 33.64051010319545], [-117.5836171170423, 33.64051049440033], [-117.58361974061137, 33.64051089373049], [-117.58362236213515, 33.64051130029598], [-117.58362498267752, 33.64051171318373], [-117.58362760118834, 33.640512134208294], [-117.58363021763995, 33.64051256156668], [-117.583632833124, 33.64051299614884], [-117.5836354465765, 33.640513438867885], [-117.58363805796985, 33.64051388792069], [-117.58364066839563, 33.64051434419728], [-117.58364327676225, 33.640514806807616], [-117.58364588309726, 33.64051527755482], [-117.58364848738687, 33.640515755537386], [-117.58365109069517, 33.64051623984218], [-117.58365369088027, 33.64051673139382], [-117.58365629009782, 33.640517230169245], [-117.58365888726998, 33.640517736179994], [-117.58366148239672, 33.64051824942607], [-117.58366407440032, 33.640518769918955], [-117.58366666542256, 33.640519296734205], [-117.58366925441317, 33.640519831686184], [-117.58367184134465, 33.64052037297201], [-117.58367442515288, 33.640520921504695], [-117.58367700797983, 33.64052147635955], [-117.58367958877515, 33.64052203935138], [-117.58368216643353, 33.6405226086885], [-117.58368474204646, 33.640523185260896], [-117.58368731561403, 33.640523769068615], [-117.58368988712242, 33.64052435921017], [-117.58369245552139, 33.64052495750006], [-117.58369502186119, 33.64052556212376], [-117.58369758615564, 33.64052617398275], [-117.58370014839093, 33.64052679217558], [-117.58370270750297, 33.64052741761519], [-117.58370526456962, 33.64052805029017], [-117.58416360461841, 33.64064723910267], [-117.58421523498367, 33.64062124450209], [-117.5846156172968, 33.64046631629014], [-117.58496764416357, 33.64030314296434], [-117.58502613462943, 33.64021053008935], [-117.58505960478696, 33.6401229713164], [-117.58508147623297, 33.639987731145155], [-117.58510286368022, 33.639655197202934], [-117.58509797267493, 33.639405788060344], [-117.5850923544607, 33.63911894595259], [-117.58513533601973, 33.63896143428505], [-117.58513606361895, 33.638958825125236], [-117.58513681823308, 33.638956220184454], [-117.5851376009675, 33.63895362125429], [-117.5851384107444, 33.63895102834627], [-117.58513924864162, 33.63894844144885], [-117.58514011358136, 33.63894586057359], [-117.58514100557733, 33.63894328662195], [-117.58514192569355, 33.63894071868098], [-117.5851428718159, 33.63893815947824], [-117.58514384605856, 33.63893560628614], [-117.58514484627962, 33.638933060029245], [-117.58514587464857, 33.63893052158608], [-117.58514692899598, 33.638927990078095], [-117.58514801042728, 33.63892546729683], [-117.58514911785073, 33.63892295235235], [-117.58515025343593, 33.638920446123045], [-117.5851514139355, 33.63891794774209], [-117.58515260153274, 33.638915458989416], [-117.5851538162, 33.63891297806194], [-117.5851550558231, 33.63891050768737], [-117.5851563225162, 33.63890804513801], [-117.58515761524298, 33.638905593130055], [-117.58515893397573, 33.63890314986034], [-117.58516027766429, 33.63890071714357], [-117.5851616473865, 33.638898294968165], [-117.58516304312842, 33.63889588243259], [-117.58516446381235, 33.63889347954841], [-117.58516591054375, 33.63889108810707], [-117.58516738224468, 33.63888870812025], [-117.58516887996542, 33.63888633777321], [-117.58517040159171, 33.63888397979377], [-117.58517194817375, 33.638881632367166], [-117.58517352081708, 33.63887929728499], [-117.58517511735208, 33.63887697366885], [-117.58517673885662, 33.6388746615071], [-117.58517838426673, 33.63887236171292], [-117.58518005466019, 33.63887007427472], [-117.58518174788136, 33.63886779921557], [-117.5851834660997, 33.63886553741396], [-117.58518520822356, 33.63886328797984], [-117.58518697425299, 33.63886105091329], [-117.58518876313768, 33.63885882802884], [-117.58519057594167, 33.63885661841347], [-117.58519241266502, 33.63885442206712], [-117.58519427222987, 33.63885223900143], [-117.58519615465005, 33.63885007011789], [-117.58519805992547, 33.63884791541644], [-117.58519998805619, 33.638845774897106], [-117.58520193904225, 33.63884364855996], [-117.5852039118195, 33.63884153731802], [-117.58520590745205, 33.63883944025822], [-117.58520792487587, 33.63883735829365], [-117.585209964091, 33.63883529142429], [-117.58521202617516, 33.63883323963855], [-117.58521410897276, 33.63883120295966], [-117.58521621357545, 33.638829182277455], [-117.58521833996937, 33.638827176690484], [-117.5852204870905, 33.63882518711181], [-117.58522265495272, 33.63882321444295], [-117.58522484460613, 33.63882125686934], [-117.58522705392276, 33.638819316217116], [-117.58522928396658, 33.63881739157317], [-117.58523153475147, 33.638815483839004], [-117.58523380519956, 33.638813593026235], [-117.58523609531079, 33.638811719134864], [-117.58523840614932, 33.63880986125177], [-117.58524073560076, 33.63880802210463], [-117.58524308470159, 33.63880619897741], [-117.58524545349321, 33.638804394574606], [-117.58524784087024, 33.63880260710467], [-117.58525024792425, 33.63880083745768], [-117.58525267249955, 33.63879908565672], [-117.58525511675191, 33.6387973516786], [-117.58525757853931, 33.63879563644804], [-117.58526005784813, 33.6387939390635], [-117.58526255576987, 33.63879226041486], [-117.58526507122681, 33.63879060051384], [-117.5852676042188, 33.638788959360326], [-117.58527015474596, 33.63878733695434], [-117.58527272280824, 33.63878573329585], [-117.58527530625007, 33.63878414840802], [-117.58527790724077, 33.63878258316924], [-117.58528052470257, 33.638781037591066], [-117.58528315863549, 33.63877951167351], [-117.58528580902575, 33.638778004515004], [-117.58528847482307, 33.63877651793023], [-117.58529115599987, 33.63877505011599], [-117.58529385258373, 33.63877360287554], [-117.58529656456088, 33.638772175307174], [-117.58529929194515, 33.6387707683125], [-117.58530203365862, 33.638769381903074], [-117.58530479076542, 33.63876801516582], [-117.58530756112364, 33.63876666902528], [-117.58531034474706, 33.638765344383096], [-117.58531314376377, 33.63876403941308], [-117.58531595712357, 33.6387627559298], [-117.58531878265693, 33.63876149305483], [-117.58532162251957, 33.63876025076511], [-117.58532447456959, 33.63875902998522], [-117.58556165228039, 33.63865831777729], [-117.58573738585632, 33.63858369384143], [-117.58573960303504, 33.638582760279824], [-117.58574182358531, 33.63858183569898], [-117.58574405075443, 33.638580920965616], [-117.58574628347834, 33.638580016993046], [-117.58574852280728, 33.638579121966444], [-117.58575076661324, 33.63857823771207], [-117.58575301703806, 33.63857736330538], [-117.58575527301767, 33.63857649965925], [-117.58575753346045, 33.6385756458839], [-117.58575980052206, 33.63857480195607], [-117.58576207313853, 33.63857396878892], [-117.58576435021818, 33.63857314549249], [-117.58576663285264, 33.6385723329567], [-117.58576892102812, 33.63857153028003], [-117.58577121368056, 33.63857073837563], [-117.58577351187404, 33.63856995633035], [-117.58577581562236, 33.63856918504573], [-117.5857781227698, 33.638568424544886], [-117.58578043653615, 33.638567673891615], [-117.5857827536878, 33.63856693312061], [-117.5857850764081, 33.63856620401179], [-117.58578740359162, 33.63856548477367], [-117.58578973525213, 33.638564776307746], [-117.58579207245366, 33.63856407770093], [-117.58579441413215, 33.63856338986642], [-117.58579675920986, 33.638562712815606], [-117.58579910876455, 33.63856204653705], [-117.58580146279625, 33.63856139103071], [-117.5858038202133, 33.638560745406586], [-117.5858061821212, 33.63856011145627], [-117.58580854849222, 33.63855948737659], [-117.5858109193403, 33.6385588740691], [-117.58581329250976, 33.63855827155704], [-117.585815671234, 33.63855767980554], [-117.5858180522796, 33.63855709884941], [-117.5858204378022, 33.6385565286655], [-117.58582282671019, 33.638555968363775], [-117.585825220109, 33.638555419735845], [-117.58582761582915, 33.638554881903225], [-117.58583001602629, 33.6385543548428], [-117.58583241854481, 33.63855383857777], [-117.5858348244625, 33.6385533330964], [-117.58583723377936, 33.63855283839889], [-117.58583964650923, 33.638552355386615], [-117.58584206262444, 33.63855188225666], [-117.58584448106107, 33.63855141992199], [-117.58584690291065, 33.63855096927256], [-117.58584932708159, 33.63855052941852], [-117.58585175465173, 33.638550100348205], [-117.58585418454324, 33.63854968207321], [-117.5858566178339, 33.63854927458201], [-117.58585905345976, 33.638548878787674], [-117.58586149032921, 33.63854849380013], [-117.58586393059772, 33.63854811959646], [-117.5858663742655, 33.63854775617648], [-117.58586881917681, 33.63854740356337], [-117.58587126642325, 33.6385470626471], [-117.5858737149133, 33.638546732537776], [-117.58587616681632, 33.63854641411371], [-117.58587861994906, 33.63854610559497], [-117.58588107541696, 33.638545808773074], [-117.58588353320621, 33.63854552274655], [-117.58588599225286, 33.63854524842842], [-117.58588845362087, 33.638544984905536], [-117.58589091515461, 33.63854473220115], [-117.5858933801013, 33.63854449118203], [-117.58589584521377, 33.63854426098131], [-117.58589831264756, 33.63854404157595], [-117.58590078132492, 33.63854383297742], [-117.58590325018179, 33.63854363609885], [-117.58590572137388, 33.638543450917155], [-117.58590819380947, 33.638543276542315], [-117.58591066748863, 33.638543112974396], [-117.58591314133348, 33.638542960224825], [-117.58591561643571, 33.638542819183684], [-117.58591809279535, 33.63854268985091], [-117.58592056930685, 33.63854257043503], [-117.58592304708951, 33.63854246362914], [-117.58592552502411, 33.63854236674007], [-117.58592800421606, 33.638542281559474], [-117.58593048357378, 33.63854220719726], [-117.58593296311092, 33.63854214455501], [-117.58593544389174, 33.63854209271961], [-117.58593792377417, 33.638542052615726], [-117.5859404049002, 33.638542023318706], [-117.58594288619202, 33.63854200484011], [-117.58594536658542, 33.638541998093054], [-117.58594784823632, 33.63854200305434], [-117.58595032896123, 33.63854201794409], [-117.58595280986569, 33.63854204455382], [-117.5859552898719, 33.638542082895], [-117.58595777004382, 33.63854213205465], [-117.5859602503815, 33.638542192032695], [-117.58596272982084, 33.638542263742245], [-117.58596520727029, 33.63854234629333], [-117.58596768596333, 33.63854243965128], [-117.585970163758, 33.63854254474072], [-117.58597264064069, 33.63854266066016], [-117.58597511662506, 33.638542788311106], [-117.58620233737386, 33.63855498172526], [-117.58628265033592, 33.638559290131575], [-117.58628410134534, 33.63855936113806], [-117.5862855521475, 33.638559418621426], [-117.58628700272867, 33.63855946168011], [-117.5862884531164, 33.63855949211732], [-117.5862899043748, 33.638559509019856], [-117.58629135650376, 33.63855951238771], [-117.58629280734768, 33.638559502244014], [-117.58629425907604, 33.638559479467176], [-117.58629570950559, 33.638559442277305], [-117.58629715974163, 33.63855939246587], [-117.58629860867886, 33.638559328241286], [-117.58630005742272, 33.63855925139524], [-117.58630150488148, 33.638559161037584], [-117.58630295105517, 33.63855905716839], [-117.58630439595768, 33.6385589406892], [-117.58630583848345, 33.6385588098085], [-117.58630727973802, 33.63855866631777], [-117.5863087197075, 33.63855850931546], [-117.58631015623628, 33.638558338824815], [-117.5863115914938, 33.63855815572407], [-117.58631302329678, 33.63855795823335], [-117.58631445275068, 33.63855774814428], [-117.58631587985552, 33.63855752545665], [-117.58631730351965, 33.63855728928061], [-117.58631872374306, 33.63855703961616], [-117.5863201405257, 33.63855677646327], [-117.58632155495933, 33.638556500711914], [-117.58632296381035, 33.638556212396814], [-117.58632437029846, 33.63855591058169], [-117.58632577228184, 33.63855559619118], [-117.58632716974672, 33.63855526832387], [-117.58632856270675, 33.638554927881195], [-117.58632995114831, 33.63855457396163], [-117.58633133508506, 33.63855420746678], [-117.58633271453095, 33.63855382929811], [-117.58633408838041, 33.638553437664044], [-117.5863354566335, 33.63855303256475], [-117.58633681931778, 33.63855261580315], [-117.58633817749738, 33.63855218646623], [-117.58633952901651, 33.63855174457707], [-117.58634087495308, 33.638551290124184], [-117.58634221422922, 33.638550823119004], [-117.58634354792281, 33.638550343550044], [-117.58634487496977, 33.638549852330456], [-117.58634619643418, 33.638549348547016], [-117.58634751016038, 33.638548832222945], [-117.58634881723991, 33.63854830424818], [-117.58635011658123, 33.638547763732724], [-117.58635140928976, 33.63854721246815], [-117.58635269424624, 33.63854664776137], [-117.58635397256995, 33.63854607230539], [-117.58635524315537, 33.63854548430878], [-117.58635650495235, 33.63854488558617], [-117.58635775901107, 33.638544274322854], [-117.58635900535923, 33.638543652321964], [-117.58636024289122, 33.638543017791946], [-117.58636147271268, 33.63854237252429], [-117.58636269373187, 33.63854171562914], [-117.58636390596259, 33.63854104800791], [-117.58636510831319, 33.638540368770705], [-117.5863663029532, 33.63853967879587], [-117.58636748772689, 33.638538978106574], [-117.58636866369838, 33.638538265789684], [-117.58636982980354, 33.63853754275831], [-117.58637098604241, 33.63853680901248], [-117.58637213242882, 33.63853606545372], [-117.58637327001298, 33.638535310267365], [-117.58637439666684, 33.63853454527968], [-117.58637551345443, 33.63853376957747], [-117.5863766193117, 33.638532984073876], [-117.58637771530269, 33.63853218785584], [-117.58637880036338, 33.6385313818364], [-117.58637987557155, 33.638530566004015], [-117.58638093875786, 33.638529739480255], [-117.58638199210549, 33.63852890404513], [-117.58638303344496, 33.6385280588202], [-117.5863840638542, 33.638527203793835], [-117.5863850833331, 33.63852633896612], [-117.58638609081768, 33.638525465250126], [-117.58638708738579, 33.638524582634254], [-117.58638807194573, 33.63852369022861], [-117.58638904451134, 33.638522788934665], [-117.58639000400487, 33.638521878763974], [-117.5863909525819, 33.63852095969348], [-117.58639188916459, 33.6385200317347], [-117.58639281376679, 33.638519095789164], [-117.58639372529687, 33.638518150966874], [-117.58639462376861, 33.638517198169424], [-117.58639551024609, 33.638516236483675], [-117.58639638366516, 33.63851526682272], [-117.58639724511752, 33.63851429007664], [-117.58639809241997, 33.63851330446532], [-117.58639892774191, 33.6385123108673], [-117.58639974894149, 33.63851131020716], [-117.58640055708275, 33.638510301571806], [-117.58640135217954, 33.638509285862874], [-117.58640213315391, 33.63850826309185], [-117.58640290108382, 33.63850723324712], [-117.58640365595542, 33.63850619542725], [-117.58643117575849, 33.638467885247316], [-117.58643178071371, 33.63846705371753], [-117.5864323932828, 33.63846622661452], [-117.58643301454359, 33.63846540392682], [-117.58643364341827, 33.6384645856659], [-117.5864342820763, 33.63846377271021], [-117.58643492942602, 33.63846296416978], [-117.58643558438966, 33.63846216005609], [-117.5864362480588, 33.63846136125926], [-117.58643692041964, 33.63846056687756], [-117.58643760149982, 33.63845977871427], [-117.5864382901801, 33.63845899407622], [-117.58643898757968, 33.63845821565643], [-117.58643969260696, 33.63845744256508], [-117.58644040632596, 33.63845667388892], [-117.58644112876428, 33.63845591143107], [-117.58644185773869, 33.6384551534116], [-117.58644259543242, 33.63845440161041], [-117.58644334181781, 33.63845365422448], [-117.58644409476693, 33.63845291307998], [-117.58644485643539, 33.63845217815378], [-117.58644562571773, 33.63845144765439], [-117.58644640265538, 33.63845072428643], [-117.58644718720687, 33.63845000534523], [-117.58644797832208, 33.63844929264548], [-117.58644877815665, 33.63844858616405], [-117.5864495856327, 33.63844788591251], [-117.58645039965864, 33.63844719100085], [-117.58645122132607, 33.63844650231902], [-117.58645205063502, 33.63844581986711], [-117.58645288650762, 33.63844514365662], [-117.58645373002176, 33.638444473676], [-117.58645458009957, 33.63844380993675], [-117.58645543781886, 33.63844315242747], [-117.58645630210188, 33.63844250115958], [-117.58645717294851, 33.63844185613311], [-117.58645805037271, 33.6384412182496], [-117.58645893542459, 33.63844058569444], [-117.5864598259899, 33.6384399611953], [-117.58646072418293, 33.63843934202458], [-117.58646162896733, 33.63843873089832], [-117.58646253922367, 33.638438125123514], [-117.5864634560576, 33.63843752649165], [-117.58646437946895, 33.63843693500277], [-117.5864653094578, 33.63843635065683], [-117.58646624493257, 33.63843577256389], [-117.58646718698475, 33.63843520161391], [-117.58646813453664, 33.63843463781843], [-117.58646908866605, 33.63843408116594], [-117.5864700482951, 33.638433531667985], [-117.58647101448781, 33.63843298841144], [-117.58647198511623, 33.63843245322252], [-117.58647296232212, 33.63843192517655], [-117.58647394394984, 33.6384314042967], [-117.58647493215504, 33.63843089055976], [-117.58647592478209, 33.63843038398894], [-117.58647692400044, 33.63842988546259], [-117.58647792762682, 33.6384293932008], [-117.58647893676674, 33.63842890899508], [-117.58647995034227, 33.63842843285693], [-117.58648097049529, 33.63842796386179], [-117.58648199399231, 33.63842750204428], [-117.58648302300281, 33.63842704828281], [-117.58648405643522, 33.63842660168739], [-117.58648509538102, 33.63842616314807], [-117.5864861376709, 33.638425731786356], [-117.58648718547424, 33.63842530848071], [-117.58648823663542, 33.638424893254275], [-117.58648929331007, 33.63842448608385], [-117.58649035332871, 33.63842408609106], [-117.58649141778307, 33.63842369416594], [-117.58649248667304, 33.638423310308376], [-117.58649355998486, 33.638422933616866], [-117.58649463666833, 33.638422565906104], [-117.58649571669584, 33.63842220537299], [-117.58649680115897, 33.6384218529075], [-117.58649788899376, 33.63842150942266], [-117.58649898017256, 33.63842117311548], [-117.58650007578703, 33.63842084487594], [-117.5865011736953, 33.638420525628646], [-117.58650227602543, 33.638420213547406], [-117.5865033817272, 33.6384199104469], [-117.58650448969513, 33.638419614535586], [-117.58650560103472, 33.63841932760497], [-117.58650671465432, 33.63841904876511], [-117.58650783270956, 33.63841877799277], [-117.58650895198085, 33.638418516224334], [-117.58651007567393, 33.638418261621965], [-117.586511200583, 33.638418016023415], [-117.58651232884992, 33.638417778504], [-117.58651345941065, 33.63841754997689], [-117.58651459223756, 33.63841732863899], [-117.58651572737217, 33.63841711719483], [-117.58651686477289, 33.63841691293993], [-117.5865180044675, 33.6384167176772], [-117.58651914536424, 33.63841653051679], [-117.58652028855482, 33.63841635234866], [-117.58652143402536, 33.6384161822713], [-117.58652258177597, 33.63841602028459], [-117.58652372966472, 33.6384158673133], [-117.58657017586239, 33.63840983653799], [-117.58657279111937, 33.6384094856912], [-117.5865754017195, 33.6384091123521], [-117.58657800659886, 33.63840871743376], [-117.58658060682144, 33.638408300023144], [-117.58658320240102, 33.63840786102175], [-117.58658579225983, 33.638407400441224], [-117.58658837639788, 33.63840691828144], [-117.58659095480131, 33.63840641364093], [-117.5865935264061, 33.63840588743278], [-117.58659609229012, 33.63840533964545], [-117.58659865029767, 33.638404770302024], [-117.58660120258439, 33.63840417937939], [-117.58660374700844, 33.63840356780219], [-117.5866062846201, 33.63840293375587], [-117.58660881327744, 33.63840227816499], [-117.58661133514995, 33.63840160190805], [-117.58661384808195, 33.63840090500804], [-117.58661635204587, 33.63840018566204], [-117.58661884816094, 33.63839944656302], [-117.5866213353217, 33.638398685919455], [-117.58662381245031, 33.63839790374294], [-117.58662627956066, 33.63839710093499], [-117.58662873774428, 33.63839627838566], [-117.58663118589581, 33.63839543430331], [-117.58663362402896, 33.638394569589565], [-117.58663605106598, 33.63839368425593], [-117.58663846702066, 33.638392779203954], [-117.58664087295703, 33.63839185352062], [-117.5866432667194, 33.63839090722894], [-117.5866456493994, 33.63838994121894], [-117.58664801991927, 33.638388955502215], [-117.58665037826512, 33.638387949177144], [-117.58665272445081, 33.63838692314532], [-117.58665505849011, 33.63838587830826], [-117.58665738035549, 33.63838481286293], [-117.58665968898278, 33.63838372772235], [-117.58666198438591, 33.638382623788154], [-117.58666426655107, 33.63838150015875], [-117.58666653441414, 33.63838035774721], [-117.58666878905304, 33.638379196542054], [-117.58667102937612, 33.63837801565321], [-117.58667325541101, 33.63837681688389], [-117.58667546605221, 33.63837559844246], [-117.5866776624052, 33.63837436212038], [-117.58667984445616, 33.6383731070163], [-117.58668201112722, 33.63837183314165], [-117.58668416136827, 33.638370542311065], [-117.58668629730732, 33.63836923269846], [-117.58668841678863, 33.63836790432681], [-117.58669051983993, 33.638366558999266], [-117.58669260646118, 33.63836519671581], [-117.5866946766247, 33.638363815673394], [-117.58669673035817, 33.63836241767511], [-117.58669876766164, 33.63836100272093], [-117.58670078853501, 33.638359570810806], [-117.58670279080889, 33.638358121066396], [-117.58670477558864, 33.6383566552792], [-117.58670674178279, 33.63835517255918], [-117.58670869156062, 33.63835367378484], [-117.58671062167488, 33.63835215808928], [-117.58671253429516, 33.63835062635093], [-117.5867144283573, 33.638349079482865], [-117.58671630383374, 33.63834751568204], [-117.58671815966049, 33.63834593586157], [-117.58671999692918, 33.63834434091135], [-117.58672181563976, 33.638342730831496], [-117.58672361363661, 33.63834110564504], [-117.58672539199753, 33.638339465340444], [-117.58672715072257, 33.63833780991771], [-117.58672888981172, 33.63833613937689], [-117.58673060820094, 33.638334454630964], [-117.58673230696812, 33.63833275566851], [-117.58673398503537, 33.63833104250101], [-117.58673564132484, 33.638329315140055], [-117.58673727799221, 33.63832757356246], [-117.58673889289572, 33.63832581869299], [-117.58674048709935, 33.63832404961847], [-117.58674205955283, 33.63832226815357], [-117.58674361024238, 33.6383204733967], [-117.58674513916803, 33.63831866534798], [-117.5867466463298, 33.63831684400723], [-117.58674813175519, 33.638315011177745], [-117.58674959541673, 33.63831316505629], [-117.58675103626419, 33.63831130745751], [-117.58675245426988, 33.63830943657842], [-117.58675385055317, 33.638307555112], [-117.58675522400848, 33.63830566126675], [-117.58675657357182, 33.63830375595579], [-117.5867579014128, 33.63830184005751], [-117.58675920536177, 33.63829991269351], [-117.58676048649673, 33.63829797385225], [-117.58676174376734, 33.63829602534831], [-117.58676297714602, 33.63829406537867], [-117.58676418775208, 33.63829209663639], [-117.58676537446624, 33.63829011642833], [-117.58676653623826, 33.63828812656922], [-117.5867676752239, 33.63828612703587], [-117.58676878926735, 33.63828411785148], [-117.58676987946038, 33.638282099906036], [-117.58677021485762, 33.63828147594834], [-117.58677055673563, 33.638280852822874], [-117.58677090190234, 33.63828023326888], [-117.5867712535499, 33.638279614547045], [-117.58677160953637, 33.638278997582056], [-117.58677197095346, 33.638278383263916], [-117.58677233778732, 33.63827777069102], [-117.58677270897395, 33.63827716077652], [-117.58677308559112, 33.63827655350884], [-117.58677346761131, 33.63827594708486], [-117.58677385399801, 33.63827534422084], [-117.58677424580159, 33.638274743102116], [-117.586774641944, 33.63827414374022], [-117.5867750435309, 33.638273547926666], [-117.5867754494429, 33.63827295296843], [-117.58677586079932, 33.63827236155854], [-117.58677627757247, 33.63827177189392], [-117.58677669869844, 33.63827118488774], [-117.58677712417715, 33.63827060053991], [-117.58677755507263, 33.63827001793732], [-117.5867779903347, 33.63826943889465], [-117.58677843101354, 33.6382688615973], [-117.58677887604513, 33.638268286958294], [-117.58677932542946, 33.63826771497769], [-117.58677978024441, 33.63826714564393], [-117.58678023941214, 33.63826657896851], [-117.58678070293264, 33.63826601495146], [-117.5867811718837, 33.63826545358127], [-117.58678164518751, 33.63826489486944], [-117.58678212285794, 33.638264339717495], [-117.58678260486731, 33.638263786322426], [-117.58678309232106, 33.63826323647569], [-117.58678358303597, 33.638262688397354], [-117.58678407919524, 33.63826214386741], [-117.58678457972113, 33.63826160289737], [-117.58678508458593, 33.63826106368413], [-117.58678559489515, 33.638260528019316], [-117.58678610847933, 33.6382599950244], [-117.5867866264301, 33.63825946558939], [-117.58678714873358, 33.638258938812776], [-117.58678767646768, 33.63825841468296], [-117.58678820749054, 33.638257894124656], [-117.58678874286613, 33.638257376224686], [-117.58678928260841, 33.63825686188464], [-117.58678982670332, 33.638256350202994], [-117.58679037516488, 33.638255842081264], [-117.58679092797921, 33.6382553366179], [-117.58679148409604, 33.63825483562755], [-117.58679204455186, 33.63825433639402], [-117.58679260938811, 33.638253841621996], [-117.58679317857711, 33.638253349508325], [-117.58679375211887, 33.63825286005304], [-117.58679432896315, 33.63825237507072], [-117.58679491016025, 33.63825189274683], [-117.58679549464605, 33.638251413994396], [-117.58679608457633, 33.638250938790314], [-117.5867966767175, 33.638250467169286], [-117.58679727428927, 33.638249998195086], [-117.5867978740858, 33.63824953370539], [-117.58679847931289, 33.638249071862575], [-117.58679908782878, 33.63824861359123], [-117.58679969964723, 33.638248159792845], [-117.58680031474057, 33.63824770866444], [-117.58680093420051, 33.63824726109597], [-117.58680155802703, 33.63824681708736], [-117.58680218515619, 33.63824637755177], [-117.5868028155602, 33.63824594068616], [-117.58680344926682, 33.638245508293565], [-117.5868040873262, 33.638245078559315], [-117.58680472868815, 33.63824465329807], [-117.58680537333885, 33.63824423160832], [-117.58680602127826, 33.638243813490064], [-117.58680667252035, 33.63824339984477], [-117.58680732811514, 33.63824298885789], [-117.58680798593468, 33.63824258235558], [-117.58680864812082, 33.63824217941321], [-117.58680931360952, 33.63824178094381], [-117.58680998129536, 33.638241385155894], [-117.58681065336157, 33.63824099382947], [-117.58681132765253, 33.63824060698757], [-117.58681200631007, 33.638240223705644], [-117.58681268717851, 33.63823984400673], [-117.58681337134959, 33.63823946878076], [-117.58681405880938, 33.638239097126345], [-117.5868147495579, 33.638238729043394], [-117.58681544253125, 33.63823836544501], [-117.58681613880711, 33.63823800631961], [-117.58681683837176, 33.63823765076571], [-117.58681754122516, 33.6382372987833], [-117.5868182463171, 33.638236952186986], [-117.58681895468399, 33.63823660826056], [-117.58681966528948, 33.63823626972028], [-117.58682037916988, 33.63823593384995], [-117.5868210952888, 33.638235603365736], [-117.58682181469658, 33.63823527645295], [-117.58682253632901, 33.638234954024774], [-117.58682326125025, 33.63823463516805], [-117.58682398841003, 33.6382343216975], [-117.58682471776697, 33.63823401090832], [-117.58682580594335, 33.638233549295926], [-117.58682688972554, 33.63823308232052], [-117.58682797017745, 33.638232609069036], [-117.58682904839078, 33.6382321304314], [-117.58683012113204, 33.63823164644229], [-117.5868311916347, 33.6382311570671], [-117.58683225772936, 33.63823066142735], [-117.58683331944357, 33.63823016132613], [-117.58683437890534, 33.63822965493723], [-117.58683543397294, 33.638229143185406], [-117.58683648572402, 33.63822862605897], [-117.58683753308098, 33.6382281035695], [-117.58683857712143, 33.63822757570548], [-117.5868396167677, 33.63822704247849], [-117.58684065309747, 33.638226503876865], [-117.58684168503312, 33.638225959912326], [-117.58684271257447, 33.63822541058474], [-117.58684373679938, 33.638224855882584], [-117.58684475663007, 33.63822429581742], [-117.58684577206652, 33.63822373038928], [-117.58684678310867, 33.63822315959811], [-117.58684778977049, 33.6382225843455], [-117.58684879311583, 33.63822200371833], [-117.58684979097532, 33.63822141683813], [-117.58685078554602, 33.638220826386494], [-117.58685177463084, 33.63822022968185], [-117.58685276041308, 33.638219628504224], [-117.58685374070939, 33.63821902107359], [-117.5868547177169, 33.638218410071474], [-117.58685568923859, 33.638217792816384], [-117.58685665637982, 33.6382171710998], [-117.58685761914064, 33.63821654492177], [-117.58685857642936, 33.638215913392294], [-117.5868595293239, 33.63821527649983], [-117.58686047783792, 33.638214635145864], [-117.58686142195779, 33.638213988428966], [-117.58686236061932, 33.63821333726213], [-117.58686329488668, 33.6382126807323], [-117.58686422369577, 33.63821201975253], [-117.58686514812442, 33.63821135431133], [-117.58686606815887, 33.638210683507104], [-117.5868669816572, 33.63821000826458], [-117.58686789185295, 33.63820932854901], [-117.58686879549877, 33.63820864349357], [-117.58686969476418, 33.63820795397668], [-117.58687058857136, 33.638207260009814], [-117.58687147799812, 33.638206561581555], [-117.58687236196663, 33.638205858703415], [-117.58687324046302, 33.63820515047378], [-117.58687411351501, 33.63820443869583], [-117.58687498217279, 33.638203721554845], [-117.58687584429443, 33.63820299997552], [-117.58687670204948, 33.63820227483628], [-117.58687755325467, 33.63820154435717], [-117.5868784000932, 33.63820081031814], [-117.58687924145973, 33.638200070927624], [-117.58688007738179, 33.63819932798879], [-117.58688090676779, 33.638198580611586], [-117.58688173175952, 33.63819782787143], [-117.58688255132066, 33.63819707248443], [-117.58688336540973, 33.638196311745986], [-117.58688417297648, 33.63819554747073], [-117.58688497508507, 33.63819477874562], [-117.58688577065752, 33.638194005582136], [-117.58688656186342, 33.63819322885868], [-117.58688734653317, 33.638192447696944], [-117.58688812575855, 33.638191662986856], [-117.58688889844784, 33.638190873838376], [-117.58688966675673, 33.638190080228476], [-117.58689042747928, 33.63818928399491], [-117.58689118380765, 33.63818848239829], [-117.58689193254976, 33.63818767817801], [-117.5868926769114, 33.638186869496266], [-117.58689341473702, 33.63818605637617], [-117.58689414605419, 33.63818524062076], [-117.58689487191309, 33.63818442041553], [-117.58689559124974, 33.638183596673464], [-117.58689630405034, 33.63818276849308], [-117.58689701142029, 33.63818193766587], [-117.58689771333201, 33.63818110238874], [-117.58689840765743, 33.638180264487936], [-117.58689909652463, 33.638179422137206], [-117.58689977886961, 33.638178576249736], [-117.58690045577015, 33.638177726813865], [-117.58690112508437, 33.63817687475432], [-117.58690178894042, 33.63817601824481], [-117.58690244628795, 33.638175159100086], [-117.58690309711328, 33.63817429641854], [-117.58690374141638, 33.63817343020025], [-117.58690437919716, 33.63817256044515], [-117.58690501153352, 33.63817168714169], [-117.58690563628366, 33.63817081121449], [-117.58690625451156, 33.63816993175048], [-117.58690686730881, 33.63816904963969], [-117.586907472506, 33.63816816400369], [-117.58690807118089, 33.638167274830884], [-117.58690866442522, 33.63816638301124], [-117.58690925008331, 33.63816548856784], [-117.58690982921908, 33.638164590587714], [-117.5870820016746, 33.63789545578597], [-117.58699325648185, 33.63766778401338], [-117.58697506343044, 33.63762111486048], [-117.58686189471588, 33.63738606134895], [-117.58677811592277, 33.63721205326279], [-117.58656102281972, 33.63676114904333], [-117.5863733505926, 33.63674910579072], [-117.58607238409678, 33.63668737555243], [-117.58607176441329, 33.636687245138376], [-117.586071145697, 33.636687107500386], [-117.5860705290259, 33.63668696262695], [-117.58606991442755, 33.63668681232123], [-117.58606930293833, 33.636686653866974], [-117.58606869244404, 33.63668648999194], [-117.58606808615045, 33.63668631885838], [-117.58606748191582, 33.63668614139087], [-117.58606687974016, 33.63668595758953], [-117.58606628176518, 33.63668576652969], [-117.58606568584916, 33.63668556913589], [-117.58606509308369, 33.63668536629824], [-117.58606450451904, 33.63668515620203], [-117.58606391801321, 33.63668493977199], [-117.58606333572202, 33.636684716984924], [-117.58606275656754, 33.63668448785242], [-117.5860621816276, 33.63668425236298], [-117.58606160982443, 33.63668401052797], [-117.58606104224965, 33.636683763237635], [-117.58606047781159, 33.6366835096018], [-117.58605991758805, 33.63668324960901], [-117.58605936265693, 33.63668298324769], [-117.58605881087628, 33.63668271144239], [-117.58605826331025, 33.6366824332802], [-117.58605771995875, 33.63668214876097], [-117.58605718083567, 33.63668185878631], [-117.58605664701872, 33.63668156334462], [-117.58605611741632, 33.63668126154594], [-117.58605559312011, 33.63668095428026], [-117.58605507305226, 33.636680641559174], [-117.58605455829058, 33.636680323371024], [-117.5860540488213, 33.63667999881435], [-117.58605354359418, 33.63667966970378], [-117.58605304365938, 33.6366793342247], [-117.5860525490446, 33.63667899418012], [-117.58605205972219, 33.63667864776699], [-117.58605157679753, 33.63667829677685], [-117.58605109810131, 33.63667794033124], [-117.58605062580283, 33.63667757930867], [-117.58605015881055, 33.636677212819045], [-117.58604969712445, 33.63667684086243], [-117.58604924183611, 33.63667646432882], [-117.58604879185393, 33.636676082328165], [-117.58604834828341, 33.6366756966521], [-117.58604791108307, 33.63667530459592], [-117.58604747921648, 33.63667490887582], [-117.58604705374772, 33.636674508578636], [-117.58604663467673, 33.636674103704514], [-117.58604622198975, 33.636673693351824], [-117.58604581571436, 33.636673279323645], [-117.58604541583674, 33.63667286071843], [-117.58604502344858, 33.63667243842621], [-117.58604463636654, 33.636672010667], [-117.58604425678774, 33.63667158012226], [-117.58604388359299, 33.636671144099026], [-117.58604351682358, 33.63667070530182], [-117.58604315752982, 33.63667026191607], [-117.58604280464765, 33.636669814854784], [-117.58604245816329, 33.63666936321656], [-117.58604212025992, 33.63666890878129], [-117.58604178876818, 33.63666845067047], [-117.58604146368806, 33.63666798888422], [-117.58604114717517, 33.636667523399375], [-117.58604083707385, 33.636667054239076], [-117.58604053447573, 33.63666658229331], [-117.58604023828927, 33.63666610667201], [-117.58603995068383, 33.63666562825372], [-117.58603967056779, 33.636665146148395], [-117.58603939796876, 33.636664662159106], [-117.58603913178142, 33.63666417449436], [-117.58603887417506, 33.63666368403257], [-117.58603862407195, 33.63666319078528], [-117.58603838147201, 33.636662694752495], [-117.58603814745311, 33.636662195922675], [-117.5860379198735, 33.63666169522047], [-117.58603770087483, 33.636661191721224], [-117.58603748939329, 33.636660686338004], [-117.5860372864927, 33.63666017815776], [-117.58603709110922, 33.63665966809359], [-117.58603690324273, 33.63665915614546], [-117.58603672395726, 33.63665864140029], [-117.58603655220267, 33.63665812567268], [-117.58603638795127, 33.63665760715962], [-117.58603623230854, 33.6366570876526], [-117.58603608526069, 33.63665656625005], [-117.58603594574362, 33.63665604386511], [-117.58603581482143, 33.636655519584664], [-117.58603569141628, 33.6366549934203], [-117.58603557661974, 33.63665446626196], [-117.58603547043191, 33.6366539381096], [-117.58603537177491, 33.636653408974894], [-117.58603528171273, 33.636652877944655], [-117.58603520027302, 33.63665234682201], [-117.58603512636414, 33.636651814716984], [-117.58603506106391, 33.63665128161798], [-117.5860350033084, 33.636650748438086], [-117.58603495523927, 33.636650214252704], [-117.58603491470099, 33.63664967908486], [-117.58603488172126, 33.63664914473774], [-117.58603391003321, 33.63663061104963], [-117.58603388962753, 33.63663012345548], [-117.58603387461089, 33.636629635803516], [-117.58603386604723, 33.636629147180756], [-117.5860338650421, 33.63662865937863], [-117.5860338705038, 33.636628171507226], [-117.58603388349628, 33.63662768265332], [-117.58603390298329, 33.63662719553328], [-117.58603392893713, 33.63662670834385], [-117.58603396240804, 33.636626219270546], [-117.5860340023872, 33.636625732832485], [-117.58603404991098, 33.636625246313564], [-117.5860341039016, 33.63662475972536], [-117.58603416437293, 33.63662427396938], [-117.58603423240268, 33.63662378903403], [-117.58603430691312, 33.636623304930914], [-117.58603438790416, 33.63662282166004], [-117.58603447645373, 33.63662233920982], [-117.58603457147017, 33.6366218566903], [-117.586034672981, 33.63662137590452], [-117.5860347820641, 33.63662089684093], [-117.58603489761403, 33.63662041770804], [-117.58603501965851, 33.63661994030896], [-117.58603514927519, 33.63661946463203], [-117.58603528429478, 33.63661898979891], [-117.58603542687281, 33.63661851578646], [-117.58603557594526, 33.63661804350775], [-117.58603573259005, 33.63661757295126], [-117.58603589465146, 33.63661710414008], [-117.58603606428512, 33.636616637051134], [-117.5860362393355, 33.636616171707445], [-117.5860364219581, 33.636615708086055], [-117.58603661106139, 33.636615245296845], [-117.58603680667292, 33.63661478514291], [-117.58603700771495, 33.636614327635876], [-117.58603721631545, 33.636613870949496], [-117.58603743142422, 33.63661341689836], [-117.58603765304122, 33.63661296548258], [-117.58603788007497, 33.63661251581214], [-117.58603811469472, 33.63661206876538], [-117.58603835473113, 33.636611623463985], [-117.58603860127587, 33.63661118079785], [-117.58603885432883, 33.63661074076703], [-117.58603911281229, 33.63661030338308], [-117.58603937780401, 33.63660986863445], [-117.58603964930403, 33.636609436521084], [-117.5860399272985, 33.63660900614151], [-117.58604021073724, 33.636608579310305], [-117.58604049962028, 33.63660815602752], [-117.58604079499779, 33.636607734478474], [-117.58604109689736, 33.636607316466254], [-117.58604140422742, 33.63660690110094], [-117.58604171807956, 33.636606489272424], [-117.58604203629815, 33.63660608100388], [-117.58604236101124, 33.63660567446905], [-117.58604269226021, 33.636605272372606], [-117.58604302786185, 33.63660487293463], [-117.58604336999939, 33.636604477934966], [-117.58604371755354, 33.636604084680656], [-117.58604407056582, 33.63660369587624], [-117.5860444290224, 33.63660331062025], [-117.58604479292322, 33.63660292891266], [-117.5860451622683, 33.63660255075342], [-117.58604553597995, 33.636602176154184], [-117.58604591622739, 33.63660180599327], [-117.58604630082758, 33.6366014384908], [-117.58604669196359, 33.63660107542668], [-117.58604708638828, 33.63660071593408], [-117.58604748734889, 33.63660036087989], [-117.58604789267598, 33.63660000938556], [-117.58604830346113, 33.63659966234122], [-117.5860487186266, 33.63659931975837], [-117.58604913815853, 33.63659898073545], [-117.58604956313475, 33.636598645260875], [-117.58604999250505, 33.63659831514941], [-117.58605042731959, 33.636597988586296], [-117.58605086543666, 33.63659766649626], [-117.5860513090118, 33.63659734885609], [-117.58605175696728, 33.636597035677426], [-117.58605220930293, 33.636596726960214], [-117.58605266601894, 33.63659642270456], [-117.58605312603743, 33.63659612292188], [-117.58605359151399, 33.636595827589154], [-117.58605406030684, 33.63659553763099], [-117.5860545334662, 33.63659525123279], [-117.58605501101961, 33.63659497019759], [-117.58605549295329, 33.6365946936239], [-117.5860559771255, 33.63659442243632], [-117.58605646675575, 33.63659415569868], [-117.58605695861073, 33.63659389344563], [-117.58605745593755, 33.63659363654405], [-117.58605795550287, 33.63659338502856], [-117.5860584583707, 33.636593137986175], [-117.58605896561876, 33.63659289540522], [-117.58605947618315, 33.63659265819888], [-117.5860599900638, 33.636592426367116], [-117.58606050618299, 33.63659219992149], [-117.5860610266824, 33.63659197793731], [-117.58606154942035, 33.6365917613392], [-117.58606207655235, 33.63659155010421], [-117.58609311011068, 33.636579272800475], [-117.58583486258063, 33.63620893599374], [-117.58402807638286, 33.639430843993715], [-117.58217796903348, 33.64040316379395], [-117.57957004731898, 33.64177404186903]]], [[[-117.60783077609788, 33.64829261197976], [-117.60829238951185, 33.64894663082372], [-117.6086239352282, 33.64915500729025], [-117.60870647833669, 33.6489979778564], [-117.60877409761888, 33.64890093796421], [-117.60886218582036, 33.64886717082293], [-117.60884362979242, 33.648801227121865], [-117.60922271286954, 33.64825759515217], [-117.61015425451458, 33.64692166011598], [-117.61072976361086, 33.64595376986645], [-117.61107898855306, 33.64536987432792], [-117.61134167352847, 33.645170326968724], [-117.61137667242932, 33.64490313157305], [-117.61140739442372, 33.64485145752672], [-117.61165405971926, 33.64462434757341], [-117.61176419611782, 33.644522942544036], [-117.61178363053327, 33.644184658358135], [-117.6119409101006, 33.64392010687163], [-117.61213461934275, 33.643751854185844], [-117.61216910932446, 33.64353626223637], [-117.61222982549609, 33.64343413441254], [-117.61272204088719, 33.6430535996309], [-117.6133463122873, 33.64305588779768], [-117.61380012105542, 33.64324307088253], [-117.61398947429379, 33.64349408425971], [-117.6140162264394, 33.64358911177655], [-117.61414761493513, 33.64405582548345], [-117.61417330836538, 33.64450325263929], [-117.6142319288866, 33.644506466734796], [-117.6145011756767, 33.64452122808969], [-117.61483743786643, 33.64447037141942], [-117.61496866695138, 33.64442658222341], [-117.61531725108638, 33.64418837255431], [-117.61577563480813, 33.64411558113284], [-117.61599805550237, 33.6441645583194], [-117.61625092825243, 33.64433128565065], [-117.6163386796122, 33.64465560725698], [-117.61653634855664, 33.64452052431342], [-117.61666281244345, 33.64410401647552], [-117.61662076768683, 33.64387084345482], [-117.61646783347712, 33.64378139349612], [-117.61684947723474, 33.64287888962714], [-117.61710231280345, 33.642284269623296], [-117.61747499088321, 33.641407789771044], [-117.61958150455814, 33.6412544001001], [-117.61992540218431, 33.64144056485921], [-117.62075909212106, 33.641891865920634], [-117.6211038700864, 33.6420785028822], [-117.6218756080158, 33.64166043889606], [-117.62107078662618, 33.640619941844676], [-117.62104476020701, 33.64058659145461], [-117.62101844952298, 33.640553398374685], [-117.62099185565216, 33.640520362592945], [-117.62096498079292, 33.640487486790015], [-117.62093782602328, 33.64045477095392], [-117.62091039247792, 33.64042221867878], [-117.62088268235524, 33.64038983264523], [-117.62085469562707, 33.64035761105008], [-117.62082643559795, 33.64032555836531], [-117.6207979033317, 33.64029367367718], [-117.62076909889925, 33.64026196149336], [-117.62074002447072, 33.64023042269147], [-117.62071068112387, 33.6401990572594], [-117.6206810710572, 33.6401678678779], [-117.62065119429913, 33.64013685634984], [-117.62062105517523, 33.64010602352916], [-117.62059065371403, 33.640075371218764], [-117.62055999105009, 33.640044903012715], [-117.62052906932496, 33.64001461798564], [-117.62049789072286, 33.639984517916645], [-117.62046645525787, 33.63995460370721], [-117.62043476514258, 33.639924878939425], [-117.62040282146896, 33.63989534450285], [-117.62037062856258, 33.639866001251484], [-117.62033818537405, 33.63983685100001], [-117.62030549299533, 33.63980789463788], [-117.62027255578037, 33.639779134822156], [-117.62023937160185, 33.639750573379466], [-117.62020594691256, 33.639722209336895], [-117.62017227961361, 33.639694046324124], [-117.62013837403047, 33.63966608519517], [-117.62010423016316, 33.63963832594973], [-117.62006984914618, 33.639610772181996], [-117.62003523530498, 33.63958342474587], [-117.62000038973157, 33.6395562845309], [-117.61996531244006, 33.639529352438394], [-117.6199300056144, 33.63950263024754], [-117.61989447143856, 33.63947611973755], [-117.61985871209659, 33.639449822687595], [-117.61982272977227, 33.63942374087687], [-117.61978652552929, 33.63939787339178], [-117.61975010156569, 33.63937222291308], [-117.61971346003715, 33.639346789416926], [-117.61967660315587, 33.639321576485564], [-117.619639529858, 33.63929658503211], [-117.61960224551854, 33.63927181409573], [-117.6195647491162, 33.639247267294195], [-117.61952704603998, 33.63922294456803], [-117.61948913522612, 33.63919884683048], [-117.6194510210283, 33.63917497673866], [-117.61941270347471, 33.6391513360954], [-117.61937418470671, 33.63912792397528], [-117.619335467986, 33.63910474214568], [-117.61929655441857, 33.63908179239768], [-117.61925744506794, 33.63905907381769], [-117.61921814216038, 33.639036590889546], [-117.61917865000707, 33.63901434356569], [-117.61913896754413, 33.638992332759365], [-117.61909909909691, 33.63897055932449], [-117.61905904575711, 33.63894902415074], [-117.61901881185014, 33.638927728091936], [-117.61897839417051, 33.63890667298658], [-117.6189377992134, 33.63888586056659], [-117.61889702590068, 33.638865290843604], [-117.61885607964967, 33.63884496556126], [-117.61881496046009, 33.63882488471948], [-117.61877367157938, 33.638805049184064], [-117.61873221411348, 33.63878546074618], [-117.61869059132381, 33.63876612117311], [-117.61864880428804, 33.638747030452954], [-117.61860685411207, 33.638728190376746], [-117.61856474509277, 33.638709599995416], [-117.6185224783502, 33.63869126200164], [-117.61848005605383, 33.63867317727309], [-117.61843748034491, 33.63865534488445], [-117.61839475559108, 33.63863776839432], [-117.61835187962222, 33.63862044692473], [-117.61830885680605, 33.638603384034326], [-117.61826569031906, 33.63858657608132], [-117.61822238130951, 33.638570027561414], [-117.61817893190444, 33.63855373664771], [-117.61813534645741, 33.63853770599741], [-117.61809162390429, 33.63852193652362], [-117.61804776747837, 33.63850642819088], [-117.6180037793631, 33.63849118277834], [-117.61795966279172, 33.638476200250395], [-117.61791541993375, 33.6384614814848], [-117.61787105186659, 33.638447026469606], [-117.61782656292947, 33.638432836960476], [-117.6177819531221, 33.6384189129572], [-117.61773722464217, 33.63840525714065], [-117.6176923817724, 33.638391867660346], [-117.61764742672453, 33.63837874809864], [-117.61760235945584, 33.63836589575076], [-117.61755718538338, 33.63835331236065], [-117.61751190345723, 33.63834099974296], [-117.61746651691051, 33.638328957862136], [-117.61742103005399, 33.638317186670825], [-117.61737544397938, 33.63830568705861], [-117.61738037241243, 33.638278240536636], [-117.61737614307407, 33.638277189574985], [-117.61737191270036, 33.638276141329634], [-117.61736768127723, 33.63827509489904], [-117.61736344881878, 33.63827405118473], [-117.61735921532502, 33.63827301018669], [-117.61735498185965, 33.63827197099158], [-117.6173507473448, 33.63827093361123], [-117.61734651180875, 33.63826989984873], [-117.61734227520915, 33.63826886699941], [-117.61733803758835, 33.6382678377679], [-117.61733380001009, 33.638266811240946], [-117.61732956136817, 33.63826578562707], [-117.61732532169101, 33.63826476272957], [-117.61732108097847, 33.63826374254831], [-117.61731684029434, 33.638262724170026], [-117.61731259857486, 33.638261708508], [-117.6173083558059, 33.63826069466067], [-117.61730411200166, 33.638259683529746], [-117.61729986716212, 33.63825867511498], [-117.61729562235094, 33.63825766850323], [-117.61729137650445, 33.638256664607695], [-117.61728713068626, 33.63825566251512], [-117.61728288383281, 33.638254663138845], [-117.61727863485206, 33.63825366558915], [-117.61727438591382, 33.63825267074385], [-117.61727013594022, 33.63825167861488], [-117.61726588599504, 33.638250688288835], [-117.61726163393674, 33.63824970069092], [-117.61725738192081, 33.63824871579746], [-117.61725312885552, 33.638247732718675], [-117.61724887474075, 33.638246751454695], [-117.61724462066849, 33.638245772895196], [-117.61724036556087, 33.63824479705197], [-117.61723610940388, 33.638243823023444], [-117.61723185221146, 33.638242851711276], [-117.61722759506154, 33.63824188310352], [-117.61722333686221, 33.63824091631051], [-117.61721907762755, 33.638239952233796], [-117.61721481734341, 33.63823898997185], [-117.6172105571018, 33.63823803041431], [-117.61720629582484, 33.6382370735731], [-117.61720203349843, 33.63823611854662], [-117.61719776904471, 33.638235165346735], [-117.61719350572545, 33.638234215741015], [-117.61718924134261, 33.6382332670485], [-117.6171849759386, 33.63823232197378], [-117.61718071056283, 33.63823137870199], [-117.61717644415182, 33.6382304381465], [-117.61717217669134, 33.63822949940576], [-117.61716790819554, 33.63822856338128], [-117.61716363972808, 33.63822762915974], [-117.6171593702253, 33.63822669765447], [-117.61715509968717, 33.63822576886548], [-117.61715082917742, 33.63822484187943], [-117.61714655763232, 33.63822391760965], [-117.61714228503779, 33.63822299515464], [-117.61713801140785, 33.638222075415925], [-117.6171337378205, 33.638221158381604], [-117.6171294631836, 33.63822024316204], [-117.61712518751142, 33.63821933065879], [-117.61712091188168, 33.63821842086001], [-117.61711663520249, 33.63821751287598], [-117.61711235745973, 33.638216605805134], [-117.6171080787099, 33.63821570325362], [-117.61710379998839, 33.638214802505075], [-117.6170995202174, 33.638213903571234], [-117.61709524048894, 33.63821300734188], [-117.61709095864728, 33.63821211384063], [-117.61708667683398, 33.63821122214229], [-117.61708239506318, 33.638210333148415], [-117.61707811224292, 33.63820944596927], [-117.61707382840146, 33.63820856240795], [-117.61706954349638, 33.63820767975985], [-117.6170652586479, 33.638206800717775], [-117.61706097274997, 33.638205923490375], [-117.6170566858026, 33.63820504807775], [-117.61705239889764, 33.63820417536958], [-117.61704810987956, 33.63820330538951], [-117.61704382196768, 33.638202437200576], [-117.61703953194257, 33.638201571739685], [-117.61703524195998, 33.638200708983305], [-117.61703095200573, 33.638199848029835], [-117.61702665993833, 33.63819898980442], [-117.61702236789925, 33.638198133382], [-117.61701807591679, 33.638197280565514], [-117.61701378287077, 33.6381964286623], [-117.61700948878931, 33.6381955794753], [-117.61700519475042, 33.63819473299273], [-117.61700089859833, 33.63819388923836], [-117.6169966024746, 33.63819304728689], [-117.61699230639331, 33.63819220803985], [-117.61698800926257, 33.63819137060755], [-117.61698371109647, 33.63819053589157], [-117.61697941189506, 33.63818970389179], [-117.61697511272197, 33.63818887369501], [-117.61697081251354, 33.63818804621445], [-117.61696651233349, 33.638187220536835], [-117.61696221111801, 33.638186397575495], [-117.61695790886722, 33.638185577330475], [-117.61695500791195, 33.63818502484866], [-117.61695210698497, 33.638184474169876], [-117.61694920607206, 33.63818392439251], [-117.61694630518755, 33.638183376418155], [-117.6169434032252, 33.63818282845557], [-117.61694050129121, 33.63818228229598], [-117.61693759937134, 33.63818173703786], [-117.61693469746564, 33.63818119268122], [-117.61693179341849, 33.638180649249655], [-117.61692889046329, 33.63818010670777], [-117.6169259864586, 33.63817956598071], [-117.61692308354587, 33.638179026143305], [-117.61692017956953, 33.63817848721917], [-117.61691727560728, 33.63817794919651], [-117.61691437059561, 33.638177412988675], [-117.61691146558388, 33.63817687678076], [-117.61690856061465, 33.63817634327735], [-117.61690565564541, 33.638175809773955], [-117.61690275069034, 33.63817527717196], [-117.61689984467162, 33.638174745483276], [-117.6168969386812, 33.63817421559762], [-117.61689403162713, 33.638173686625215], [-117.61689112458721, 33.63817315855428], [-117.61688821756144, 33.638172631384855], [-117.61688531054988, 33.63817210511684], [-117.6168824035666, 33.63817158065185], [-117.61687949550554, 33.63817105619862], [-117.61687658747275, 33.638170533548404], [-117.61687367945417, 33.63817001179962], [-117.61687077038599, 33.638169491865696], [-117.61686786131789, 33.63816897193167], [-117.61686495227808, 33.63816845380065], [-117.6168620421746, 33.63816793658293], [-117.61685913316316, 33.638167420254874], [-117.61685622308805, 33.638166904840105], [-117.61685331302706, 33.63816639032674], [-117.61685040191654, 33.63816587762825], [-117.61684749082023, 33.63816536583123], [-117.61684457973804, 33.6381648549357], [-117.61684166867003, 33.63816434494159], [-117.61683875655251, 33.638163836762324], [-117.61683584551282, 33.638163328571174], [-117.61683293234579, 33.63816282220667], [-117.61683002027078, 33.638162316731766], [-117.61682710713208, 33.638161812170225], [-117.6168241950995, 33.63816130939978], [-117.61682128091131, 33.63816080665299], [-117.61681836782924, 33.63816030569734], [-117.61681545368347, 33.638159805654965], [-117.61681253955192, 33.638159306514055], [-117.61680962544864, 33.63815880917618], [-117.6168067113454, 33.63815831183822], [-117.61680379619261, 33.638157816315115], [-117.61680088105403, 33.638157321693456], [-117.61679796592954, 33.63815682797325], [-117.61679504975557, 33.63815633606788], [-117.61679213465943, 33.63815584415061], [-117.61678921851382, 33.63815535404816], [-117.61678630130447, 33.63815486485901], [-117.61678338518715, 33.638154376559505], [-117.61678046800616, 33.63815388917326], [-117.61677755085341, 33.63815340359004], [-117.61677463371488, 33.638152918908276], [-117.61677171551271, 33.63815243513982], [-117.61676879732462, 33.638151952272864], [-117.6167658791508, 33.638151470307314], [-117.6167629610052, 33.63815099014479], [-117.61676004179597, 33.63815051089554], [-117.61675712367868, 33.63815003253595], [-117.61675420341996, 33.63814955510145], [-117.61675128425318, 33.63814907855659], [-117.61674836619255, 33.63814860380296], [-117.61674544597629, 33.638148129072825], [-117.61674252578831, 33.638147656145804], [-117.61673960453669, 33.63814718413199], [-117.6167366843912, 33.63814671390937], [-117.61673376316786, 33.63814624369852], [-117.61673084197285, 33.638145775290646], [-117.61672792079194, 33.63814530778421], [-117.61672499854747, 33.638144841191135], [-117.61672207631705, 33.63814437549946], [-117.61671915411499, 33.63814391161083], [-117.61671623192711, 33.638143448623666], [-117.61671330975335, 33.638142986537936], [-117.61671038651592, 33.63814252536551], [-117.61670746329267, 33.63814206509457], [-117.61670454009769, 33.63814160662662], [-117.61670161582492, 33.63814114817043], [-117.61669869158048, 33.6381406915172], [-117.6166957673643, 33.638140236666985], [-117.61669284314809, 33.63813978181672], [-117.61668991894611, 33.63813932786794], [-117.61668699369463, 33.63813887573396], [-117.61668406845725, 33.63813842450142], [-117.616681143234, 33.6381379741704], [-117.61667821803911, 33.63813752564238], [-117.61667529176637, 33.638137077126075], [-117.61667236552195, 33.63813663041278], [-117.61666943821386, 33.63813618461277], [-117.61629398283715, 33.638079315724525], [-117.6144436387686, 33.63779903186789], [-117.61349165386758, 33.637654818273504], [-117.61348535964414, 33.63765386731337], [-117.61347906441357, 33.63765292087246], [-117.61347276711206, 33.63765197986399], [-117.61346646989517, 33.6376510442644], [-117.61346017059338, 33.637650113195825], [-117.61345387029839, 33.63764918754788], [-117.61344757007404, 33.63764826640728], [-117.6134412677788, 33.63764735069916], [-117.61343496447631, 33.63764643951028], [-117.61342866018069, 33.63764553374196], [-117.613422354892, 33.637644633394395], [-117.61341604859605, 33.637643737566], [-117.61340974129287, 33.63764284625672], [-117.61340343299662, 33.63764196036818], [-117.61339712478502, 33.63764107988846], [-117.61339081450252, 33.63764020484123], [-117.61338450321279, 33.637639334313185], [-117.61337819091585, 33.63763846830425], [-117.61337187762578, 33.63763760771605], [-117.61336556334257, 33.63763675254848], [-117.61335924805216, 33.637635901900126], [-117.61335293176859, 33.63763505667242], [-117.61334661447783, 33.63763421596386], [-117.61334029727172, 33.63763338066415], [-117.6133339779947, 33.63763255079696], [-117.61332765878822, 33.63763172543715], [-117.61332133751083, 33.63763090550979], [-117.61331501630401, 33.63763009008979], [-117.61330869302624, 33.63762928010228], [-117.61330236983315, 33.63762847552368], [-117.61329604563286, 33.637627675464216], [-117.61328971934746, 33.63762687993565], [-117.61328339316087, 33.63762609071757], [-117.61327706596707, 33.63762530601858], [-117.613270737766, 33.63762452583874], [-117.6132644074939, 33.63762375109142], [-117.61325807729246, 33.63762298085144], [-117.6132517471757, 33.637622216020326], [-117.61324541498797, 33.63762145662175], [-117.61323908287078, 33.63762070173044], [-117.61323274976044, 33.63761995225989], [-117.61322641457912, 33.637619208221764], [-117.61322007946845, 33.63761846869102], [-117.61321374444238, 33.63761773456916], [-117.61320740733125, 33.63761700497825], [-117.61320106922696, 33.63761628080805], [-117.61319473120736, 33.63761556204668], [-117.61318839218048, 33.63761484780447], [-117.61318205216043, 33.637614138982926], [-117.61317571113314, 33.637613434680574], [-117.61316936911273, 33.637612735798875], [-117.61316302717695, 33.63761204232608], [-117.61315668315609, 33.63761135338422], [-117.61315033921987, 33.63761066985124], [-117.61314399427643, 33.63760999083743], [-117.61313764943168, 33.63760931813402], [-117.6131313024878, 33.63760864906008], [-117.61312495562859, 33.63760798539493], [-117.61311860777613, 33.637607327150484], [-117.61311225893053, 33.63760667432677], [-117.61310591015557, 33.63760602601037], [-117.6130995593095, 33.63760538312644], [-117.61309320853407, 33.6376047447499], [-117.6130868578432, 33.637604111782196], [-117.6130805050814, 33.63760348424701], [-117.6130741523901, 33.63760286121911], [-117.61306779978348, 33.63760224360019], [-117.61306144509176, 33.637601630512144], [-117.61305509048468, 33.637601022833046], [-117.61304873380661, 33.637600420586374], [-117.61304237827686, 33.63759982283525], [-117.61303602067615, 33.63759923051664], [-117.61302966314597, 33.63759864270534], [-117.61302330462256, 33.63759806031473], [-117.613016945106, 33.63759748334481], [-117.61301058565999, 33.63759691088228], [-117.61300422414295, 33.637596343852145], [-117.61299786271056, 33.63759578223095], [-117.61299150134867, 33.6375952251171], [-117.61298513899361, 33.63759467342391], [-117.61297877564536, 33.637594127151424], [-117.6129724123676, 33.63759358538626], [-117.61296604809671, 33.63759304904181], [-117.61295968283255, 33.637592518118005], [-117.61295331763895, 33.6375919917016], [-117.61294695145217, 33.63759147070586], [-117.61294058533585, 33.637590954217444], [-117.61293421822639, 33.637590443149726], [-117.61292785010963, 33.637589936601124], [-117.61292148207747, 33.63758943546144], [-117.61291511305211, 33.63758893974245], [-117.61290874303353, 33.63758844944411], [-117.61290237308546, 33.63758796365314], [-117.61289600213014, 33.637587482381306], [-117.61288963127348, 33.63758700741984], [-117.61288325940951, 33.63758653697761], [-117.61287688761608, 33.63758607104269], [-117.61287051482945, 33.63758561052841], [-117.61286414104953, 33.63758515543484], [-117.61286182048711, 33.63760801160329], [-117.61259446755234, 33.637759229174726], [-117.61077624736507, 33.63917889961293], [-117.6097703536144, 33.64011028523816], [-117.60941811256092, 33.64043642521613], [-117.6089256500715, 33.641078755300626], [-117.6078987504478, 33.641643103335376], [-117.6078223752129, 33.64168479983674], [-117.60778852738748, 33.64170340608757], [-117.60761964114118, 33.64179619711453], [-117.60645170380216, 33.64282176315981], [-117.60638915751665, 33.64290595722064], [-117.6063022470609, 33.64302295195979], [-117.60567991019735, 33.64386068228074], [-117.60526214687555, 33.64401522882136], [-117.6056181562905, 33.644701286007596], [-117.60563819009062, 33.64473989391475], [-117.60583985035566, 33.64490607556106], [-117.6056911054667, 33.64536917253647], [-117.60613444936965, 33.646216973371594], [-117.60653938311411, 33.64699130626237], [-117.6065443775519, 33.647000839554515], [-117.60654938699773, 33.647010367273054], [-117.60655441146558, 33.6470198903194], [-117.60655945092743, 33.64702940689062], [-117.60656450541131, 33.64703891878968], [-117.60656957488918, 33.647048424213494], [-117.60657465938911, 33.64705792496528], [-117.60657975888304, 33.64706741924184], [-117.60658487341306, 33.64707690974781], [-117.60659000292307, 33.64708639287697], [-117.60659514744111, 33.64709587043254], [-117.60660030588926, 33.64710534242614], [-117.6066054804234, 33.64711480883437], [-117.60661066888758, 33.6471242696806], [-117.60661587343787, 33.647133724941476], [-117.6066210919042, 33.64714317373887], [-117.60662632539258, 33.64715261786407], [-117.60663157387509, 33.64716205551405], [-117.60663683736564, 33.64717148759042], [-117.60664211475824, 33.647180912301764], [-117.60664740826493, 33.64719033323071], [-117.60665271460982, 33.64719974770793], [-117.60665803702668, 33.64720915569812], [-117.60666337446571, 33.647218559016224], [-117.60666872689869, 33.64722795585912], [-117.60667409432583, 33.64723734622668], [-117.60667947569715, 33.64724673193392], [-117.60668487207657, 33.6472561120674], [-117.60669028343602, 33.64726548482411], [-117.6066957108816, 33.647274851995434], [-117.60670115117934, 33.64728421361647], [-117.6067066064712, 33.647293568762265], [-117.60671207675712, 33.64730291743282], [-117.60671756205122, 33.64731226052964], [-117.60672306127553, 33.64732159806452], [-117.60672857549389, 33.64733092912415], [-117.60673410470638, 33.64734025370855], [-117.60673964892703, 33.647349572719165], [-117.60674520706384, 33.64735888526627], [-117.60675078019476, 33.64736819133815], [-117.60675636833386, 33.64737749183629], [-117.60676197038914, 33.647386785870935], [-117.60676758745257, 33.64739607433178], [-117.60677321843222, 33.647405356329145], [-117.60677886440601, 33.647414631851255], [-117.60678452538795, 33.64742390179957], [-117.60679020137803, 33.647433166174224], [-117.60679589127034, 33.647442423183726], [-117.6068015950789, 33.64745167372972], [-117.60680731389559, 33.64746091870198], [-117.6068130476924, 33.64747015629742], [-117.60681879649742, 33.6474793883191], [-117.60682455921865, 33.647488613877236], [-117.60683033585616, 33.64749783297183], [-117.60683612748785, 33.64750704559117], [-117.60684193411363, 33.64751625173513], [-117.60684775466973, 33.64752545231718], [-117.60685358911402, 33.647534644632515], [-117.60685943965849, 33.64754383226393], [-117.60686530302725, 33.64755301254193], [-117.60687118140419, 33.647562187246216], [-117.60687707476139, 33.647571354573635], [-117.6068829820488, 33.64758051633905], [-117.60688890431636, 33.6475896707276], [-117.60689484050025, 33.647598818652625], [-117.60690079061442, 33.647607961015545], [-117.60690675572279, 33.647617096903204], [-117.60691273473341, 33.647626225425704], [-117.6069187287383, 33.64763534747292], [-117.60692473664535, 33.647644462155014], [-117.60693075956071, 33.64765357126334], [-117.6069367963783, 33.647662673006536], [-117.60694284712626, 33.647671769187646], [-117.6069489128544, 33.647680857991894], [-117.60695499248479, 33.64768993943102], [-117.60696108604552, 33.64769901530812], [-117.60696719458649, 33.64770808380833], [-117.6069733170297, 33.64771714494341], [-117.60697945446722, 33.64772619960317], [-117.60698560474306, 33.64773524781099], [-117.60699177001315, 33.64774428954354], [-117.60699795027747, 33.64775332480072], [-117.6070041433662, 33.64776235270449], [-117.6070103514492, 33.64777137413291], [-117.60701657343446, 33.64778038819623], [-117.60702281042805, 33.6477893966857], [-117.60702906023194, 33.647798396920194], [-117.60703532503014, 33.64780739067933], [-117.60704160374466, 33.64781637797486], [-117.60704789743947, 33.64782535789354], [-117.60705420395861, 33.64783433045871], [-117.60706052547205, 33.647843296548544], [-117.6070668608878, 33.64785225527325], [-117.60707321021992, 33.6478612075343], [-117.60707957345437, 33.64787015243017], [-117.60708595168312, 33.64787909085069], [-117.60709234272221, 33.647888021016215], [-117.6070987487556, 33.647896944706396], [-117.60710516870539, 33.64790586193294], [-117.60753382471282, 33.64787188175629], [-117.60783077609788, 33.64829261197976]]], [[[-117.610885747883, 33.6606029282833], [-117.61089520645531, 33.660735482685865], [-117.61066554647351, 33.66074694025656], [-117.61067318162235, 33.66085394910509], [-117.61046718104555, 33.66131027636028], [-117.6102481587391, 33.66179789845363], [-117.61046992242949, 33.661790481732325], [-117.61063970762147, 33.66176232776802], [-117.61076760661823, 33.661700900513345], [-117.61103873984648, 33.66148978723954], [-117.61086222234542, 33.66143434794071], [-117.61104501316034, 33.66103783777396], [-117.61113331654133, 33.660746103063445], [-117.61113139113215, 33.660571665237036], [-117.61091880962564, 33.660411542810145], [-117.61086572483666, 33.66032229731021], [-117.610885747883, 33.6606029282833]]], [[[-117.60173167799783, 33.6677597075991], [-117.60173492426593, 33.6678111268848], [-117.60173679432621, 33.66787873726171], [-117.60173803618, 33.66793893721263], [-117.60174085184819, 33.6679990975593], [-117.60174524846207, 33.66805919117383], [-117.60175121374543, 33.66811919113873], [-117.6017597573512, 33.6681862097946], [-117.60176453257995, 33.66821480445776], [-117.60177824330447, 33.66829688288803], [-117.60179279978777, 33.66837272062364], [-117.60180815628956, 33.668456892944356], [-117.60182195210125, 33.668541254402825], [-117.60183417934928, 33.66862578434611], [-117.6018448431127, 33.6687104628826], [-117.60185393549014, 33.66879526755626], [-117.6018625144165, 33.66889383114439], [-117.6018742229014, 33.669047404856116], [-117.60187740402749, 33.669078690278106], [-117.60188213842387, 33.66910972261904], [-117.60188843453444, 33.66914055949488], [-117.60189627746324, 33.669171144261036], [-117.60190565784531, 33.6692014292295], [-117.60191655860011, 33.66923135597593], [-117.60192895413348, 33.66926087338161], [-117.60194282845694, 33.6692899239118], [-117.60195815824432, 33.669318463636564], [-117.60197490811325, 33.669346436133104], [-117.60199305571751, 33.66937379114898], [-117.60201256696253, 33.66940048577255], [-117.60203340432284, 33.66942646450584], [-117.60205553164501, 33.66945169077127], [-117.60207891683645, 33.66947611171699], [-117.60210350751417, 33.66949968733459], [-117.6021257367259, 33.66951938246983], [-117.60228465919289, 33.669655198867964], [-117.60230861792007, 33.66967661185287], [-117.60233154079792, 33.66969902881861], [-117.60235324079446, 33.66972228047462], [-117.60237368053683, 33.66974632124113], [-117.60239280961541, 33.66977109936797], [-117.60241059606203, 33.66979657011836], [-117.60242700237744, 33.669822679798635], [-117.60244199753153, 33.66984937464504], [-117.6024555516422, 33.669876605389675], [-117.60246763362308, 33.66990431466251], [-117.6024782199773, 33.66993244771625], [-117.60248729688368, 33.66996094789527], [-117.60249483763846, 33.66998976229024], [-117.60250083046499, 33.6700188270099], [-117.6025052615698, 33.67004808720132], [-117.6025081267657, 33.67007748159586], [-117.60250941552182, 33.67010695710855], [-117.60250918384918, 33.67013484141458], [-117.60250254165173, 33.67033263956773], [-117.60250047976392, 33.670370522631245], [-117.60249683805269, 33.670408477832424], [-117.60249162634942, 33.67044630489127], [-117.60248485473508, 33.67048395861409], [-117.60247652033789, 33.6705213930461], [-117.60246664404893, 33.67055856467959], [-117.60245523485712, 33.67059542743093], [-117.602442305014, 33.67063193698454], [-117.60242486670921, 33.670675074101275], [-117.60233778689347, 33.670876357675965], [-117.60231252208906, 33.670932818136066], [-117.60228581775579, 33.67098873425714], [-117.60225765397838, 33.67104414322317], [-117.6022280444499, 33.67109902414595], [-117.60219700604226, 33.67115335249614], [-117.60216454901835, 33.671207094799236], [-117.60213069250477, 33.671260232813005], [-117.60211001364341, 33.67129136486653], [-117.60205062739391, 33.67137938619986], [-117.60203186758352, 33.671408540783], [-117.60201458410585, 33.671438181592194], [-117.60199873486728, 33.67146837580882], [-117.60198434072076, 33.671499077221604], [-117.6019714267482, 33.671530234163384], [-117.60196001486696, 33.671561799509476], [-117.60195011936284, 33.67159372080797], [-117.60194175666437, 33.671625944681864], [-117.6019349465746, 33.67165842673447], [-117.60193032141692, 33.67168660121143], [-117.60190759559478, 33.671845409098054], [-117.60352974273854, 33.67184982283785], [-117.60728924763137, 33.67185997268825], [-117.60777416032784, 33.671861273164744], [-117.61092439300532, 33.6718327195265], [-117.61104903895313, 33.67184575083636], [-117.6117192054439, 33.671996093337704], [-117.6129898401569, 33.67224739231254], [-117.6131229265776, 33.67320696916557], [-117.61198633084038, 33.673916781588844], [-117.61209422561394, 33.67493847507812], [-117.61133994464164, 33.675380540312645], [-117.61253014873738, 33.67537102733208], [-117.6136803248844, 33.675361823505156], [-117.61654994275725, 33.67533881058364], [-117.61656364461473, 33.67393598868284], [-117.61657879964014, 33.672384568387514], [-117.61658469648745, 33.671780921973124], [-117.61660386339244, 33.669836630481534], [-117.61661259649264, 33.668950420939794], [-117.6166228685084, 33.66790869358698], [-117.61662601808835, 33.66758921240989], [-117.61838401441906, 33.66806582206405], [-117.6186640434241, 33.668141735243395], [-117.61882035876322, 33.66818411349524], [-117.61900057478152, 33.668232971936646], [-117.61919535501413, 33.66828577465928], [-117.61937966731297, 33.66833574173126], [-117.61952540787478, 33.668375249763294], [-117.61966914179052, 33.66841421431229], [-117.6198137205819, 33.66845340836134], [-117.61998500832382, 33.66849983965829], [-117.62014450463342, 33.66854307848636], [-117.6203040053715, 33.668586314357945], [-117.62047288187198, 33.66863209612613], [-117.62065740137182, 33.66868211494817], [-117.62083566570075, 33.66873044037682], [-117.62102018346047, 33.66878045868443], [-117.62142171089039, 33.668889301843], [-117.62497388820748, 33.66985213412335], [-117.6252133421293, 33.66991703682164], [-117.62596911946996, 33.67012187720755], [-117.62600748227541, 33.670049572521634], [-117.62655028468117, 33.669026467151056], [-117.62659572147004, 33.66894082218378], [-117.62667062845637, 33.66880290789641], [-117.62675025104328, 33.66866766126647], [-117.62674149108909, 33.66865201006681], [-117.6266484074848, 33.66848569144742], [-117.62662310065762, 33.66845035819556], [-117.62659284362977, 33.66841915905366], [-117.62655830269853, 33.668392781065535], [-117.62652023849802, 33.668371805107185], [-117.62647948924915, 33.66835669309522], [-117.6264369523009, 33.668347777814894], [-117.62583327511932, 33.668249729390595], [-117.6258361070452, 33.66822503607696], [-117.62583492362792, 33.668200209094344], [-117.62582975578681, 33.66817589710223], [-117.62582073854311, 33.66815273530484], [-117.62580810749212, 33.66813132885503], [-117.62579219264781, 33.66811223704336], [-117.62577340982045, 33.66809595868537], [-117.62575224975271, 33.668082919088924], [-117.62577140700729, 33.6680749316485], [-117.62578900095245, 33.66806392016808], [-117.62580455830108, 33.66805018086274], [-117.62581766055166, 33.66803408332761], [-117.62582795524621, 33.66801606059552], [-117.62583516545158, 33.66799659748821], [-117.62583909720915, 33.66797621757433], [-117.62583964475242, 33.66795546908513], [-117.62583679335215, 33.66793491016677], [-117.62583061971264, 33.66791509386584], [-117.62582128990832, 33.66789655325207], [-117.62580905491618, 33.66787978707853], [-117.62579424386449, 33.66786524636481], [-117.62577725517896, 33.66785332226437], [-117.6257586187674, 33.667842733499896], [-117.62573884742758, 33.66783445510087], [-117.62571822629484, 33.66782860645548], [-117.62569548947043, 33.66782160649301], [-117.62567428490061, 33.66781082090648], [-117.6256552374778, 33.667796567543974], [-117.62562829179618, 33.66777648293604], [-117.62559857909135, 33.6677607789109], [-117.62556680559824, 33.66774982873417], [-117.62553372653424, 33.66774389267828], [-117.62550012814857, 33.66774311183605], [-117.62548527428912, 33.6677441845912], [-117.62546090989598, 33.66774803755401], [-117.62543258694434, 33.66775599135155], [-117.62540563190566, 33.66776777601845], [-117.62538056013828, 33.66778316624149], [-117.62536107229184, 33.66779940052625], [-117.62493545962705, 33.66768319473325], [-117.62493532499516, 33.66748047678776], [-117.62493525766077, 33.66737679191564], [-117.62493381924348, 33.6651925266553], [-117.6249338139141, 33.665184257359655], [-117.62359360673929, 33.66589359756786], [-117.6235656239525, 33.66590840852961], [-117.62277227212854, 33.66561818662415], [-117.6227527114445, 33.665611030707396], [-117.62125185890194, 33.6672035815983], [-117.62123943314839, 33.66747522618265], [-117.62107213163138, 33.6676876542467], [-117.62104887297413, 33.66771718767538], [-117.62094650668443, 33.667847163869276], [-117.62116560966723, 33.66745003975253], [-117.62116366480558, 33.66728257600584], [-117.62130855192116, 33.666808296308254], [-117.62130306256985, 33.66664585873067], [-117.62130289510051, 33.66664090221007], [-117.62122404567563, 33.66667615959812], [-117.62075599995336, 33.66688544181276], [-117.620727828437, 33.66689803876151], [-117.62031160724467, 33.66684954413028], [-117.62085753335188, 33.6666454964541], [-117.62108237576672, 33.66623828069368], [-117.6211091437149, 33.66618980123208], [-117.6211539749298, 33.66610860387807], [-117.62160831774071, 33.66528571660035], [-117.62109529948242, 33.66474339523495], [-117.62180367679602, 33.66354292139439], [-117.62195129171187, 33.6632927557988], [-117.62234575604181, 33.66262424318191], [-117.6219868834741, 33.66260348468339], [-117.62272917764501, 33.66148961247836], [-117.62338489116502, 33.66050563378141], [-117.62362354903387, 33.660147492361865], [-117.62357624172549, 33.65961057338754], [-117.62357560915947, 33.65881523705323], [-117.62370643996738, 33.65854092723558], [-117.62372639392217, 33.65849909273981], [-117.62424027090775, 33.65742164596709], [-117.62427078033201, 33.65735771279244], [-117.62430504335371, 33.657352009749694], [-117.62492888326516, 33.657248164122166], [-117.62492888137473, 33.65724284779638], [-117.62492875080167, 33.656925105541106], [-117.62492873570808, 33.65688982449515], [-117.62492845444264, 33.656206022309036], [-117.6246814260107, 33.65615650169421], [-117.62466585025695, 33.65615337957222], [-117.62434731434944, 33.656089523631834], [-117.62451443713185, 33.655833541572015], [-117.62451404569968, 33.655833402519264], [-117.62449123602418, 33.65582527731818], [-117.62442819040665, 33.655912106043615], [-117.62432069372943, 33.65608253415638], [-117.6242687109209, 33.65616494881052], [-117.6242502240803, 33.656194259952706], [-117.6238334772421, 33.65685496826439], [-117.6238107132746, 33.6568906094189], [-117.6237830743624, 33.656932807251955], [-117.6237623287204, 33.65696365172423], [-117.6237483318232, 33.656982660226255], [-117.623715042159, 33.65702433420971], [-117.62364429551856, 33.657112895629936], [-117.62364017315655, 33.65711821862274], [-117.62355679581967, 33.65722490375519], [-117.62346994250368, 33.65732877867658], [-117.6233797078607, 33.65742973018474], [-117.62328619022783, 33.657527648263425], [-117.62318703431438, 33.657625005209454], [-117.62308482209924, 33.65771914836209], [-117.62297965769582, 33.65780998182709], [-117.62294859563453, 33.65783574063439], [-117.6228909450717, 33.65788232452694], [-117.62288411764845, 33.65788773859468], [-117.62277959528983, 33.65796802837619], [-117.62267281741033, 33.65804529322538], [-117.62265327970603, 33.65805893895356], [-117.62255650936837, 33.6581243967055], [-117.622458157929, 33.65818745390111], [-117.62241449357762, 33.65821435036579], [-117.62237971387705, 33.65823527723454], [-117.6222918238568, 33.658286258767056], [-117.62220279890248, 33.658335231512794], [-117.62219482966233, 33.658339489522604], [-117.62218024296443, 33.65834722963972], [-117.62205273134578, 33.65841205946432], [-117.62192328412546, 33.658472932579905], [-117.62179202404481, 33.65852979126682], [-117.62165907556412, 33.658582581611896], [-117.62157576748744, 33.65861427988263], [-117.6214834915726, 33.6586483850629], [-117.62178679562128, 33.65884478530082], [-117.62185225329284, 33.65888717198833], [-117.62184281950384, 33.65911269464643], [-117.62183787577504, 33.65923084559007], [-117.62152877109568, 33.65967771266198], [-117.62150646848686, 33.65970995523132], [-117.6214823549599, 33.65974484072129], [-117.62115033251753, 33.660225192286774], [-117.62054743237186, 33.66010578262743], [-117.62012499439764, 33.660022113593115], [-117.62005133649446, 33.65980015882542], [-117.61995379473065, 33.6595059817149], [-117.61989142422792, 33.65931787743165], [-117.61978900939151, 33.65927424658265], [-117.61976532846751, 33.659264159005794], [-117.61957568700188, 33.659575458388176], [-117.61956245489515, 33.659597178377766], [-117.61951144996087, 33.659575457085516], [-117.61948777771096, 33.65956537567274], [-117.619466707175, 33.659599973065575], [-117.61931851290119, 33.659843305733304], [-117.61930390136628, 33.659862894018644], [-117.61928646943001, 33.659880020765925], [-117.61926662614982, 33.65989428407924], [-117.61924483716777, 33.65990534925596], [-117.61921559745684, 33.65991524387505], [-117.61918518143709, 33.65992050979611], [-117.6191543171716, 33.65992102096969], [-117.61912444663746, 33.65991703171656], [-117.61907797526696, 33.66001319344615], [-117.61902559142933, 33.660106266536076], [-117.61896749947189, 33.66019588791184], [-117.61890392600911, 33.66028170796395], [-117.6188351190386, 33.66036339191171], [-117.61876134697366, 33.66044062110922], [-117.61887428376525, 33.660549651044114], [-117.61890557218673, 33.660579857528795], [-117.61899078032877, 33.66066211868974], [-117.6185063198856, 33.66154777150522], [-117.61842861534761, 33.661689821965936], [-117.61835306782231, 33.661827929973654], [-117.61785308043795, 33.662174457863635], [-117.61766568342277, 33.66256470972395], [-117.61765425676813, 33.662588505195295], [-117.61742758799188, 33.66247977932131], [-117.61739787271647, 33.66246552677127], [-117.61736494889355, 33.662583516246244], [-117.61734131841386, 33.66261449850265], [-117.61698792719787, 33.663077817051374], [-117.61680304974129, 33.66325601319978], [-117.61659236016776, 33.66351114237646], [-117.61647615694986, 33.66358357870905], [-117.61629863421638, 33.66369423934284], [-117.61627794804525, 33.663727910401164], [-117.61614912085243, 33.663937593986134], [-117.61609303393223, 33.66402884853072], [-117.61572964996749, 33.66428680318703], [-117.61549481822263, 33.66451603154522], [-117.61541284680231, 33.6646902392422], [-117.61539874459405, 33.664713803196555], [-117.61534653279685, 33.664801050232185], [-117.61528104454901, 33.664910478875136], [-117.61512190326954, 33.6650934453988], [-117.61505814668062, 33.66519662882373], [-117.61510283206128, 33.66536782925427], [-117.61489502076498, 33.66561844423352], [-117.61487385872533, 33.665637694199646], [-117.61481340250093, 33.66566126594552], [-117.6147795773874, 33.6656744536231], [-117.61467371270622, 33.66562009655836], [-117.61464119330512, 33.66548702129081], [-117.61457028007119, 33.6654429872998], [-117.61452097559511, 33.66541237189449], [-117.61449414155737, 33.66536107931405], [-117.6143360526572, 33.66530888673795], [-117.61417833967755, 33.665245146492595], [-117.614122307262, 33.66524751510065], [-117.61379758728813, 33.66526124004066], [-117.6137171049795, 33.66525357325222], [-117.61350116664904, 33.66519915398031], [-117.61328994488312, 33.66507223607764], [-117.61319005526796, 33.66498790989144], [-117.61304866674777, 33.66483714316889], [-117.6129963984057, 33.66483195278716], [-117.61285195847881, 33.664817608801826], [-117.61283176546675, 33.66481560325773], [-117.61266500149027, 33.66495066590764], [-117.61264218634058, 33.665204779803], [-117.61261688149362, 33.66522247958], [-117.61260011540338, 33.66523420615924], [-117.61253499714547, 33.665233764513495], [-117.61227481008794, 33.665031607884046], [-117.61210827068098, 33.664699312007095], [-117.61199065528183, 33.664711095123366], [-117.61178738238132, 33.664701414960184], [-117.61169027219528, 33.66465511279189], [-117.61158902828231, 33.66460684042631], [-117.6115421855112, 33.66450879791236], [-117.61149140884456, 33.66440252268142], [-117.6113704997085, 33.664188510866175], [-117.6113380506032, 33.664131122224944], [-117.61119886954954, 33.663972056370106], [-117.6111132369064, 33.663861783825084], [-117.61109891677731, 33.66384334382067], [-117.61095355904415, 33.664035884605084], [-117.61088675589531, 33.664081218247404], [-117.61088165018717, 33.66408468324053], [-117.61084734229757, 33.66409346769588], [-117.61074553081649, 33.66411950590119], [-117.6104690729383, 33.6641315647904], [-117.61015184096138, 33.664114990368205], [-117.61010747910855, 33.664098574934116], [-117.61005964008326, 33.664080872839925], [-117.61000510345283, 33.664036065231464], [-117.60990974059334, 33.66390859289572], [-117.6098303349273, 33.66376970606543], [-117.6097653607108, 33.66373611551931], [-117.6097397456528, 33.66372287321576], [-117.6096354937284, 33.663950720423614], [-117.60960597502955, 33.66398836480013], [-117.6094490998208, 33.66427933723311], [-117.60915414043096, 33.66471332131499], [-117.60904889241571, 33.664868175808124], [-117.60866840844395, 33.665427986546995], [-117.60865598292064, 33.66544626831778], [-117.60844414109174, 33.665388822833016], [-117.6084148308091, 33.66538087462686], [-117.60825092572178, 33.66580341260817], [-117.60820934121874, 33.6659106176545], [-117.60778989264071, 33.66699191254881], [-117.60777436853289, 33.66703193236705], [-117.60761933056554, 33.667431581780406], [-117.60761173017399, 33.66745117514193], [-117.60673642356551, 33.66721376482231], [-117.60693964214528, 33.66668990387499], [-117.60706800808053, 33.66635899679412], [-117.607020155888, 33.66628056353805], [-117.60696240316331, 33.666185902220896], [-117.60717359337879, 33.66564146411008], [-117.60721758117059, 33.66552806844735], [-117.60738321872223, 33.66510106047096], [-117.60666356265689, 33.66490590141971], [-117.60688997223967, 33.66444446294859], [-117.60691144327826, 33.66440070142988], [-117.60701071180658, 33.6641983843029], [-117.6071089819486, 33.66340854099915], [-117.60714433179993, 33.6634094681825], [-117.60737851309558, 33.66341560850282], [-117.60773103427717, 33.663424849189305], [-117.60780825400956, 33.663426872940285], [-117.60804374504212, 33.6634330482435], [-117.60898156255664, 33.6639045041429], [-117.60930373235252, 33.664066461158214], [-117.60932734625565, 33.664078332266136], [-117.60934181229631, 33.66405538991151], [-117.60944095279214, 33.66389814913265], [-117.6094589354632, 33.66387522432516], [-117.60962348180719, 33.66351556898981], [-117.60957294259173, 33.663505786789926], [-117.60941865520032, 33.663288554664106], [-117.6093793789842, 33.66323325611761], [-117.60931482839905, 33.66323329983835], [-117.60926212211065, 33.66322145193813], [-117.60915586500222, 33.663143650722425], [-117.60912747033332, 33.66306739646661], [-117.60911617549438, 33.66303706341138], [-117.60910092518378, 33.662929521705976], [-117.60887772555382, 33.662908373639134], [-117.6084911795716, 33.66290227961538], [-117.60835876964903, 33.66278485685099], [-117.60834246406822, 33.66269388778022], [-117.60834105991685, 33.66268605482139], [-117.60824223120173, 33.66274035244357], [-117.60819969256943, 33.66276372401229], [-117.60851612770192, 33.662107948870464], [-117.60853644565276, 33.66206584336379], [-117.60861693899983, 33.66189903026903], [-117.60797306334122, 33.66105028879363], [-117.60791920661113, 33.66097929607036], [-117.6078603287873, 33.660901682838706], [-117.60783202412274, 33.66028509928202], [-117.60812445864786, 33.66002182959858], [-117.60820387060673, 33.659950336499406], [-117.6085067003754, 33.65967770495258], [-117.6085311861435, 33.659677243387726], [-117.60925552937762, 33.659663594096976], [-117.60948060974106, 33.65965935110825], [-117.61018114820925, 33.659646146254495], [-117.61018048270435, 33.659635212471805], [-117.61015773070203, 33.65926160682915], [-117.61055941788184, 33.65906178923187], [-117.61055782430029, 33.65903719693455], [-117.61055621494964, 33.65901235414065], [-117.61061621832786, 33.65879485491241], [-117.61072309145015, 33.65857129333937], [-117.61075533382053, 33.658466091695246], [-117.61082756843206, 33.65831845935353], [-117.61106388257411, 33.658152985853725], [-117.6110822382643, 33.65800245019186], [-117.61108813543612, 33.65795342430266], [-117.61115123981835, 33.65742891570426], [-117.6111712017085, 33.65726552877294], [-117.61083598659603, 33.656969087365056], [-117.6108115605073, 33.65694748629966], [-117.61072189423807, 33.65686817889135], [-117.61042775977518, 33.65660802178439], [-117.61048635877606, 33.65602047429402], [-117.61056418997687, 33.6559795964113], [-117.61088411791532, 33.65581157041051], [-117.61095940880088, 33.65577202744831], [-117.61152252177766, 33.655476258499675], [-117.61146704191428, 33.655320825820674], [-117.61142347472627, 33.65519876697182], [-117.61146123985867, 33.655189343119936], [-117.61184711789132, 33.655093056541595], [-117.61185774042944, 33.655087945165796], [-117.61202179237908, 33.65500900116455], [-117.61208960668213, 33.65497635231893], [-117.61210803155313, 33.65486836075703], [-117.61216367521033, 33.654801296735], [-117.61211845169407, 33.654767061497054], [-117.61200467234661, 33.65468092576406], [-117.61199738597631, 33.65463752155133], [-117.6119897786486, 33.654592206564246], [-117.61198555318008, 33.654502684631744], [-117.61199197878453, 33.65441326544751], [-117.61200297365528, 33.65433025512095], [-117.61193161459092, 33.654262188235535], [-117.61189526374824, 33.65421143898702], [-117.61175966141461, 33.65421525649518], [-117.61186100984702, 33.654017231078704], [-117.61186797450587, 33.65400071741065], [-117.6118721675402, 33.65398329253853], [-117.61187347783209, 33.65396541823181], [-117.61187187065804, 33.65394756817027], [-117.61186738860911, 33.653930215391156], [-117.61186015046226, 33.653913819753456], [-117.61180462387146, 33.65382233256584], [-117.61179764516046, 33.653810834750345], [-117.61173644709383, 33.65385781743077], [-117.61170340499108, 33.653883182998754], [-117.61166645991199, 33.65375356155532], [-117.61166296938323, 33.653741316006624], [-117.61156786229496, 33.653809106580994], [-117.61156076159277, 33.65381416775036], [-117.61155876861494, 33.65381558803175], [-117.61150586414358, 33.653825366612985], [-117.61150118853269, 33.653826230094005], [-117.61147500990121, 33.65383106859786], [-117.61138526565674, 33.65385805506428], [-117.61138356362129, 33.65385856687273], [-117.61126797109864, 33.65389332491733], [-117.61126333395647, 33.65389471906252], [-117.61115220571106, 33.65392813523528], [-117.61114560897073, 33.65393011883328], [-117.61103941074676, 33.65396205190566], [-117.61103068269635, 33.65396467642028], [-117.61094154987543, 33.65399147825624], [-117.61093878218863, 33.653992310969905], [-117.61084831643367, 33.654019513210734], [-117.61081148535163, 33.65403058759514], [-117.61080375287551, 33.654068540110494], [-117.61079994723306, 33.654087219502536], [-117.61059634166729, 33.65404412117898], [-117.61046493077555, 33.654000619741105], [-117.61045291449885, 33.65398985849969], [-117.60999885487371, 33.65358322980855], [-117.60993057157147, 33.65360182626254], [-117.60992747412756, 33.653602669764375], [-117.60983558794015, 33.65362769386783], [-117.60983259785999, 33.65362850824395], [-117.60974623441749, 33.653652028441996], [-117.60973818534063, 33.65365421986497], [-117.60965665751746, 33.6536764230955], [-117.60965016093388, 33.653678192724065], [-117.60958276215473, 33.65369654760549], [-117.60956974802991, 33.65367288231176], [-117.60956785382123, 33.653669436887384], [-117.60960536277213, 33.65365882615695], [-117.60947096517712, 33.65341443172696], [-117.60915050006305, 33.65351599414216], [-117.60906897915612, 33.65347341257159], [-117.60900815582133, 33.65335158516425], [-117.60899941598106, 33.653205624414696], [-117.60838279600424, 33.65310668859969], [-117.60828203067013, 33.65305881050721], [-117.60783502269679, 33.65275397778634], [-117.60764287273344, 33.652622492866946], [-117.60780387223359, 33.652075767537596], [-117.6078333176443, 33.65206429748147], [-117.60837835557791, 33.65185192965961], [-117.60835883946545, 33.65138497675468], [-117.608612262456, 33.65078215901273], [-117.60817616196016, 33.65018848217745], [-117.60808743982317, 33.650179573467256], [-117.6078325502807, 33.650153976575915], [-117.60754023459792, 33.65012461912785], [-117.6072385582299, 33.649448505455865], [-117.60691882659977, 33.648284988545406], [-117.60638503138978, 33.64828031283118], [-117.60637796173908, 33.64827051808305], [-117.60637090816108, 33.648260716847815], [-117.60636387062775, 33.64825090732239], [-117.60635684915295, 33.64824109040835], [-117.6063498426448, 33.648231265215905], [-117.60634285110332, 33.64822143174499], [-117.60633587563449, 33.64821159178704], [-117.60632891621024, 33.648201743538955], [-117.6063219717526, 33.6481918870124], [-117.60631504335355, 33.648182023097284], [-117.6063081309991, 33.64817215089203], [-117.60630123256138, 33.64816227222311], [-117.60629435124618, 33.648152385252374], [-117.60628748598953, 33.64814249089301], [-117.6062806357135, 33.648132589156816], [-117.6062738014821, 33.64812267913051], [-117.60626698330924, 33.64811276171557], [-117.6062601822869, 33.648102837801886], [-117.60625339515322, 33.64809290562146], [-117.60624662407814, 33.648082966052534], [-117.60623986796966, 33.648073018205196], [-117.60623312901164, 33.64806306385907], [-117.60622640502022, 33.648053101234595], [-117.60621969708738, 33.64804313122151], [-117.6062130052271, 33.64803315472142], [-117.60620632833339, 33.64802316994292], [-117.60619966857615, 33.64801317776416], [-117.60619302378554, 33.648003177307054], [-117.6061863950674, 33.64799317036288], [-117.60617978240782, 33.64798315603014], [-117.60617318582077, 33.647973135210414], [-117.6061666042003, 33.647963106112314], [-117.60616003971627, 33.64795306961395], [-117.6061534902269, 33.647943026640306], [-117.6061469578739, 33.647932976266375], [-117.60614044050146, 33.647922918515604], [-117.6061339391875, 33.6479128533763], [-117.60612745394616, 33.64790278175002], [-117.60612098474921, 33.647892701833655], [-117.60611453162477, 33.647882615430305], [-117.60610809454482, 33.64787252073691], [-117.60610167355136, 33.647862420458004], [-117.60609526860242, 33.647852311889075], [-117.60608887972592, 33.64784219683313], [-117.6060825068939, 33.647832073487166], [-117.60607615014835, 33.64782194455571], [-117.60606980944729, 33.647811807334264], [-117.60606348483267, 33.64780166452733], [-117.6060571762625, 33.64779151343036], [-117.60605088376482, 33.647781355846405], [-117.60604460733958, 33.64777119177552], [-117.60603834697278, 33.64776102031608], [-117.60603210267845, 33.64775084236967], [-117.60602587553454, 33.64774065792463], [-117.60601966335703, 33.6477304652012], [-117.60601346832996, 33.64772026597917], [-117.60600728829736, 33.64771006028185], [-117.60600112540115, 33.64769984718434], [-117.60599497857734, 33.64768962759991], [-117.60598884782593, 33.64767940152846], [-117.6059827342109, 33.64766916805683], [-117.60597663559037, 33.647658928110026], [-117.6059705540921, 33.64764867986141], [-117.60596448869431, 33.64763842692897], [-117.60595843935491, 33.64762816660805], [-117.60595240607384, 33.647617898898666], [-117.60594638995721, 33.64760762559212], [-117.60594038882097, 33.64759734490885], [-117.60593440483504, 33.647587057726945], [-117.60592843693553, 33.6475767649596], [-117.60592248617233, 33.64756646479213], [-117.60591655148149, 33.64755615813774], [-117.60591063286303, 33.64754584499639], [-117.60590473030288, 33.647535524466605], [-117.6058988449071, 33.647525198339686], [-117.6058929744917, 33.64751486483606], [-117.60588712231853, 33.647504525723676], [-117.60588128512579, 33.64749417923448], [-117.6058754650973, 33.64748382714822], [-117.60586966111319, 33.64747346677201], [-117.60586387430729, 33.64746310170022], [-117.60585810355977, 33.64745272923996], [-117.60585234889855, 33.6474423511944], [-117.60584661138766, 33.647431966650174], [-117.60584088994902, 33.64742157561911], [-117.60583518458269, 33.647411178101095], [-117.60582949636664, 33.64740077408448], [-117.60582382532884, 33.64739036537233], [-117.60581816927143, 33.64737994928349], [-117.6058125303642, 33.647369526696046], [-117.60580690860714, 33.647359097610014], [-117.60580130293648, 33.64734866293862], [-117.60579571440199, 33.64733822086708], [-117.6057901419678, 33.64732777411175], [-117.60578458559188, 33.64731731996801], [-117.60577904638016, 33.64730686022721], [-117.60577352430458, 33.64729639308629], [-117.60576801832933, 33.64728592126158], [-117.60576252842635, 33.647275442949976], [-117.60493700589768, 33.64569679861477], [-117.60489518465712, 33.64561682175023], [-117.60452223964042, 33.645418003133024], [-117.60434352861833, 33.645213408843965], [-117.60410767912317, 33.64479522739097], [-117.60402451318394, 33.64470294947428], [-117.60360717394879, 33.64492331885755], [-117.60352343141, 33.6449892461368], [-117.60348402170573, 33.64504952805135], [-117.60336954480609, 33.64514025981546], [-117.60330489489336, 33.64517562074349], [-117.60317020614188, 33.6452543024799], [-117.60311228900072, 33.64521867341293], [-117.60286772472365, 33.64540490775539], [-117.60254326181635, 33.64570174024857], [-117.6022846284709, 33.645824121588866], [-117.6020496044234, 33.64620881847979], [-117.6019677613848, 33.64600724943536], [-117.60145818281318, 33.64616519521436], [-117.60084475524381, 33.64611716573072], [-117.59991211444465, 33.646629297149914], [-117.59991760465574, 33.64682536806616], [-117.59991765954929, 33.64682738183961], [-117.59971305422151, 33.64682932769777], [-117.59971066483082, 33.64683460228567], [-117.59970829818799, 33.646839883840734], [-117.59970595752694, 33.64684517232792], [-117.59970363964163, 33.64685046958533], [-117.59970134773813, 33.646855773774924], [-117.59969907967447, 33.646861085821506], [-117.59969683650054, 33.64686640391031], [-117.5996946182584, 33.646871730746014], [-117.59969242382819, 33.646877063635664], [-117.59969025539367, 33.646882404358976], [-117.59968811077108, 33.646887751136255], [-117.59968599106622, 33.6468931057589], [-117.59968389625128, 33.64689846642377], [-117.5996818263541, 33.64690383493406], [-117.59967978136078, 33.646909210388124], [-117.59967776124336, 33.64691459098295], [-117.5996757660298, 33.6469199785216], [-117.59967379464216, 33.646925373015705], [-117.59967185028631, 33.64693077262723], [-117.59966992975636, 33.646936179194306], [-117.5996680341303, 33.646941592705126], [-117.59966616338018, 33.64694701135678], [-117.59966431752, 33.64695243605067], [-117.59966249762762, 33.64695786677517], [-117.5996607026252, 33.646963303542016], [-117.59965893359066, 33.646968746339475], [-117.59965718835413, 33.646974194289356], [-117.59965547016338, 33.646979648258174], [-117.5996537757707, 33.64698510737942], [-117.59965210733195, 33.646990571629786], [-117.59965046378316, 33.64699604192238], [-117.59964884618824, 33.647001517344165], [-117.59964725346941, 33.647006997906715], [-117.59964568669054, 33.64701248269678], [-117.5996441448016, 33.647017973529145], [-117.59964262886662, 33.64702346949061], [-117.59964113779375, 33.64702896969131], [-117.59963967267481, 33.647034475021115], [-117.59963823243186, 33.64703998549167], [-117.59963681811499, 33.64704549928827], [-117.59963542868816, 33.64705101912721], [-117.59963406626532, 33.64705654228049], [-117.59963272764058, 33.64706207058621], [-117.59963141603379, 33.647067603107836], [-117.59963012928908, 33.64707313986869], [-117.59962886847055, 33.6470786799556], [-117.59962763360596, 33.6470842251716], [-117.59962642358954, 33.64708977372529], [-117.59962523949923, 33.64709532560507], [-117.59962408136292, 33.647100882613884], [-117.59962294913878, 33.6471064420473], [-117.59962184285472, 33.64711200570824], [-117.5996207624968, 33.64711757269524], [-117.59961970700098, 33.64712314392142], [-117.59961867743134, 33.647128718473716], [-117.5996176737878, 33.64713429635201], [-117.59961669713438, 33.647139876643195], [-117.59961574532916, 33.647145460272036], [-117.59961481945012, 33.64715104722691], [-117.59961391840535, 33.64715663661797], [-117.59961304436467, 33.647162229323506], [-117.59961219623621, 33.64716782445348], [-117.59961137401994, 33.64717342200795], [-117.59961057772989, 33.64717902288845], [-117.59960980735207, 33.64718462619352], [-117.5996090628864, 33.64719023192306], [-117.59960834433305, 33.64719584007713], [-117.599607651678, 33.64720144975418], [-117.59960698494909, 33.64720706275726], [-117.59960634411848, 33.64721267728336], [-117.59960572920018, 33.64721829423394], [-117.59960514125811, 33.64722391269588], [-117.5996045781224, 33.64722953179085], [-117.59960404199093, 33.64723515420026], [-117.59960353175777, 33.64724077813263], [-117.59960304634498, 33.64724640359965], [-117.59960258790845, 33.64725203057801], [-117.59960215644824, 33.64725765906764], [-117.59960174980834, 33.64726328909197], [-117.59960136906689, 33.647268920639256], [-117.59960101528776, 33.64727455279629], [-117.599600687393, 33.64728018557481], [-117.5996003854106, 33.647285820777796], [-117.59960010929865, 33.647291455700746], [-117.59959985908505, 33.64729709214666], [-117.59959963583385, 33.64730272920234], [-117.59959943846705, 33.647308366879514], [-117.5995992669847, 33.647314005178075], [-117.59959912138676, 33.64731964409818], [-117.59959900165934, 33.6473252827381], [-117.59959890890823, 33.64733092288938], [-117.59959884094972, 33.64733656277224], [-117.59959880103158, 33.647342203253174], [-117.59959878590593, 33.64734784346573], [-117.59959879665085, 33.647353483398156], [-117.59959883435819, 33.6473591239404], [-117.5995988979221, 33.64736476330102], [-117.59959898737046, 33.647370403283105], [-117.59959910267543, 33.64737604208351], [-117.59961565941727, 33.64798268785243], [-117.59961595408213, 33.64799747682623], [-117.59961608165139, 33.64801226670732], [-117.59961604211112, 33.64802705659412], [-117.59961583653907, 33.648041846475], [-117.59961546270952, 33.64805663186562], [-117.59961492282022, 33.648071415447184], [-117.59961421467328, 33.648086194538536], [-117.59961334038259, 33.648100966411654], [-117.59961229994812, 33.648115731066525], [-117.5996110933419, 33.64813048670011], [-117.59960971947191, 33.64814523242252], [-117.59960817938811, 33.64815996641903], [-117.59960647309045, 33.648174688689615], [-117.59960460161491, 33.648189396517964], [-117.59960256277753, 33.648204088124395], [-117.5996003587203, 33.648218762584044], [-117.59959798836512, 33.64823341990847], [-117.59959545382596, 33.64824805736981], [-117.59959275293286, 33.6482626740898], [-117.59958988781379, 33.648277268242104], [-117.59958685739068, 33.648291839838265], [-117.59958366379139, 33.648306387051925], [-117.59958030483213, 33.648320908103386], [-117.59957678265472, 33.648335402067694], [-117.5995730972451, 33.64834986804329], [-117.59956924856141, 33.64836430332557], [-117.59956523660354, 33.64837870791457], [-117.59956106244933, 33.64839308179857], [-117.59955672710694, 33.648407420458135], [-117.59955222843428, 33.64842172481824], [-117.5995475696233, 33.64843599213921], [-117.59954274959605, 33.64845022243267], [-117.59953776940242, 33.64846441388394], [-117.59953262902842, 33.648478565591354], [-117.599527328446, 33.64849267575187], [-117.5995218687192, 33.648506743452295], [-117.5995162509119, 33.64852076777939], [-117.59951047607406, 33.64853474691838], [-117.59950454203579, 33.648548679991045], [-117.59949845309485, 33.64856256604916], [-117.59949220597545, 33.64857640242312], [-117.5994858039254, 33.64859018997941], [-117.59947924581085, 33.648603925123574], [-117.59947253273758, 33.64861760964687], [-117.59946566571371, 33.648631239030074], [-117.59945864475317, 33.64864481417459], [-117.59945147198388, 33.64865833325405], [-117.59944414522194, 33.64867179448871], [-117.59943666770124, 33.648685197843484], [-117.59942903939375, 33.648698541515266], [-117.59942126027154, 33.64871182370104], [-117.59941333249051, 33.64872504437735], [-117.59940525493069, 33.64873820085127], [-117.59939702976202, 33.64875129400102], [-117.59938865587847, 33.64876432203501], [-117.5993801354081, 33.648777283127025], [-117.59937147047884, 33.64879017545046], [-117.59936265894868, 33.64880299993021], [-117.5993537050875, 33.64881575381504], [-117.5993446067255, 33.64882843622662], [-117.59933536492655, 33.648841046251704], [-117.5993259818326, 33.64885358296548], [-117.59931645635179, 33.64886604547806], [-117.59930679168993, 33.64887843195119], [-117.59929698781917, 33.6488907405819], [-117.5992870447534, 33.648902972271685], [-117.59927696460656, 33.64891512429249], [-117.59926674737876, 33.64892719664437], [-117.59925639412003, 33.648939187512525], [-117.59924590589421, 33.64895109598369], [-117.59923528376538, 33.6489629211447], [-117.59922452771961, 33.64897466209389], [-117.59921364097676, 33.64898631789482], [-117.59920262241693, 33.64899788585438], [-117.59919147421006, 33.649009366850834], [-117.59918019742005, 33.64902075997091], [-117.59916879201913, 33.6490320634115], [-117.59915725905718, 33.6490432753578], [-117.59914560070423, 33.649054396688065], [-117.59913381693224, 33.64906542559916], [-117.59912190879126, 33.64907636027626], [-117.59910987843725, 33.64908720069604], [-117.5990977258563, 33.64909794595695], [-117.59908545317633, 33.649108594232516], [-117.59907305931947, 33.64911914553442], [-117.59906054858351, 33.649129598914364], [-117.59904791878465, 33.64913995259262], [-117.59903517315686, 33.649150206534095], [-117.59902231167219, 33.64916035893579], [-117.59900933755057, 33.64917040886103], [-117.59899625079204, 33.64918035630982], [-117.59898305244667, 33.6491901994675], [-117.59896974251444, 33.64919993833389], [-117.59895632313732, 33.64920957198406], [-117.59894279536543, 33.64921909860341], [-117.59892916136867, 33.64922851906998], [-117.59891542110518, 33.649237830679226], [-117.59890157673091, 33.649247033407725], [-117.59888762930989, 33.649256126342195], [-117.59809259210223, 33.649769311459416], [-117.59808958383874, 33.64977124925206], [-117.59808657010166, 33.64977318169363], [-117.59808355198287, 33.649775109674124], [-117.59808052946845, 33.64977703229199], [-117.59807750148039, 33.649778949558815], [-117.5980744690967, 33.64978086146302], [-117.59807143233137, 33.64978276890604], [-117.59806839117034, 33.64978467098646], [-117.59806534345773, 33.649786567727546], [-117.59806229350549, 33.649788459082636], [-117.5980592380796, 33.64979034508672], [-117.598056178272, 33.649792226629636], [-117.5980531140688, 33.64979410280995], [-117.59805004547, 33.64979597362759], [-117.59804697139752, 33.649797839094205], [-117.59804389400742, 33.64979969918655], [-117.59804081115767, 33.64980155482937], [-117.59803772389833, 33.649803404208036], [-117.59803463333525, 33.64980524911391], [-117.59803153729857, 33.649807088668794], [-117.59802843686629, 33.649808922861006], [-117.59802533203838, 33.64981075169057], [-117.5980222228148, 33.64981257515741], [-117.59801910920953, 33.64981439416314], [-117.59801599119473, 33.649816206904724], [-117.5980128698762, 33.649818015173445], [-117.59800974307012, 33.649819817189695], [-117.59800661188233, 33.64982161474478], [-117.59800347628502, 33.64982340603566], [-117.59800033630596, 33.64982519286541], [-117.59799719300926, 33.64982697432087], [-117.59799404423899, 33.64982875042528], [-117.59799089105911, 33.64983052026553], [-117.59798773457553, 33.64983228563295], [-117.59798457261837, 33.64983404564938], [-117.59798140734358, 33.6498358002915], [-117.59797823767312, 33.64983754957094], [-117.59797506360704, 33.64983929348772], [-117.59797188513134, 33.64984103114026], [-117.59796870227404, 33.64984276433173], [-117.59796551609905, 33.64984449214883], [-117.59796232552844, 33.64984621460328], [-117.59795913054826, 33.6498479307935], [-117.5979559311864, 33.64984964252263], [-117.59795272742892, 33.64985134888906], [-117.59794952035381, 33.64985304988116], [-117.59794630886907, 33.64985474460908], [-117.59794309298877, 33.6498564339743], [-117.59793987271281, 33.64985811797681], [-117.59793664911925, 33.649859796605064], [-117.59793342113, 33.64986146987062], [-117.59793018982313, 33.64986313776184], [-117.59792695304266, 33.649864800302055], [-117.59792371400856, 33.649866456554776], [-117.59792046951486, 33.649868108358014], [-117.59791722168954, 33.64986975388532], [-117.59791396946856, 33.64987139405002], [-117.59791071392999, 33.649873028840354], [-117.5979074539819, 33.64987465736654], [-117.59790418965204, 33.64987628143152], [-117.59790092199061, 33.6498778992206], [-117.59789764994756, 33.649879512548644], [-117.59789437455892, 33.64988111869921], [-117.59789109478864, 33.64988272038865], [-117.59788781170069, 33.64988431670376], [-117.59788452420317, 33.64988590675467], [-117.59788123338804, 33.64988749143125], [-117.59787793817729, 33.64988907074516], [-117.59787463963494, 33.6498906437832], [-117.59787133671097, 33.64989221236003], [-117.59786803045537, 33.64989377466109], [-117.59786472088211, 33.649895331587786], [-117.59786140582138, 33.6498968822619], [-117.59785808744296, 33.64989842756169], [-117.59785476682488, 33.64989996747549], [-117.59785144073327, 33.649901502038276], [-117.59784811238801, 33.64990303031353], [-117.59784477964709, 33.649904553226094], [-117.5978414435886, 33.64990607076432], [-117.59783810421244, 33.64990758292822], [-117.59783476042675, 33.64990908882792], [-117.5978314133095, 33.64991058845175], [-117.59782806181052, 33.649912083614396], [-117.59782470805798, 33.649913572489545], [-117.59782134990984, 33.649915056002], [-117.59781798843012, 33.64991653323858], [-117.5978146225548, 33.64991800511245], [-117.59781125443975, 33.64991947160039], [-117.59780788191522, 33.64992093182408], [-117.597804507151, 33.64992238666181], [-117.59780112797729, 33.64992383523527], [-117.59779774440791, 33.64992527844606], [-117.59779435859893, 33.649926716270855], [-117.59779096838035, 33.64992814783146], [-117.59778757484415, 33.649929574017726], [-117.59778417797644, 33.649930993928045], [-117.59778077779102, 33.64993240846411], [-117.597777374288, 33.64993381762577], [-117.59777396745339, 33.64993522051156], [-117.59693436355549, 33.65028017898317], [-117.59692807168629, 33.650282777092485], [-117.5969217920087, 33.65028539671019], [-117.59691552452267, 33.65028803783636], [-117.59690927029222, 33.65029069955776], [-117.59690302933136, 33.650293382775935], [-117.59689680054814, 33.65029608660096], [-117.59689058609847, 33.65029881100955], [-117.59688438384036, 33.65030155692659], [-117.59687819483791, 33.65030432343887], [-117.59687201910491, 33.650307111447916], [-117.59686585769161, 33.65030991913903], [-117.59685970846984, 33.65031274833857], [-117.59685357465958, 33.65031559811005], [-117.596847453027, 33.65031846848842], [-117.59684134572791, 33.650321359450395], [-117.59683525276242, 33.65032427099602], [-117.59682917413045, 33.65032720312521], [-117.59682310983206, 33.650330155838034], [-117.59681705878927, 33.65033312914605], [-117.59681102206608, 33.6503361221362], [-117.5968049996764, 33.65033913570994], [-117.59679899269825, 33.65034216985566], [-117.5967930000397, 33.650345223683495], [-117.5967870227927, 33.65034829808329], [-117.5967810598653, 33.65035139216516], [-117.59677511127141, 33.65035450683071], [-117.59676917915307, 33.65035764115497], [-117.59676326136828, 33.65036079606293], [-117.59675735896711, 33.65036396973975], [-117.59675147197751, 33.650367163988605], [-117.5967456003993, 33.65037037880944], [-117.59673974528278, 33.65037361238754], [-117.5967339044858, 33.650376865647736], [-117.5967280790864, 33.65038013857844], [-117.5967222701765, 33.650383432069475], [-117.59671647772817, 33.65038674431775], [-117.59671070067738, 33.650390076236555], [-117.59670493901025, 33.65039342692433], [-117.59669919489662, 33.65039679725921], [-117.5966934661805, 33.65040018726457], [-117.59668775395386, 33.650403597830326], [-117.59668205817493, 33.65040702625184], [-117.59667637994944, 33.65041047432051], [-117.59667071709372, 33.65041394025663], [-117.59666507180535, 33.65041742674151], [-117.59665944296468, 33.650420931082124], [-117.5966538305995, 33.65042445508161], [-117.59664823577387, 33.65042799782676], [-117.59664265848784, 33.65043155931757], [-117.59663709766338, 33.65043513956567], [-117.59663155437846, 33.65043873855948], [-117.59662602861917, 33.6504423553974], [-117.59662052041342, 33.65044599188257], [-117.5966150297472, 33.650449647113405], [-117.59660955660662, 33.6504533201884], [-117.59660409991368, 33.65045701111916], [-117.5965986618522, 33.65046072168556], [-117.59659324238041, 33.65046444918292], [-117.596587840462, 33.65046819632747], [-117.59651929765764, 33.65051853118164], [-117.59651415723982, 33.650522526166974], [-117.59650903650356, 33.650526538973175], [-117.59650393435702, 33.650530568710465], [-117.59649885187807, 33.650534615367036], [-117.5964937890807, 33.650538679844516], [-117.59648874593711, 33.65054276033989], [-117.59648372247503, 33.65054685865614], [-117.5964787186806, 33.650550973891804], [-117.5964737345399, 33.65055510514533], [-117.59646877114488, 33.650559253306625], [-117.59646382743135, 33.65056341928877], [-117.59645890334376, 33.65056759948577], [-117.59645400002958, 33.6505717983936], [-117.59644911636919, 33.650576013319224], [-117.59644425344048, 33.650580244251174], [-117.59643941017944, 33.65058449210244], [-117.59643458872806, 33.650588755948284], [-117.59642978693036, 33.650593035812065], [-117.59642500586443, 33.65059733168204], [-117.59642024662212, 33.65060164444815], [-117.59641550594164, 33.65060597234228], [-117.59641078708471, 33.65061031713247], [-117.59640609002356, 33.65061467701579], [-117.59640141369414, 33.65061905290531], [-117.59639675809646, 33.6506234448011], [-117.59639212429447, 33.65062785178994], [-117.59638751122426, 33.650632274785075], [-117.59591726275386, 33.65108504921476], [-117.59591276861626, 33.65108935729492], [-117.5959082570078, 33.651093651136556], [-117.59590372577254, 33.65109793076294], [-117.59589917708026, 33.651102197052346], [-117.59589460876126, 33.65110644912651], [-117.59589002190725, 33.65111068787531], [-117.59588541758242, 33.65111491238561], [-117.59588079363074, 33.65111912268061], [-117.5958761511302, 33.65112331874872], [-117.59587149115877, 33.65112750057833], [-117.59586681263862, 33.651131668181044], [-117.5958621166475, 33.6511358215452], [-117.59585740210751, 33.65113996068246], [-117.5958526689909, 33.65114408378972], [-117.59584791950925, 33.65114819444993], [-117.59584315038684, 33.651152289993306], [-117.5958383648576, 33.65115637038496], [-117.59583356079347, 33.65116043745123], [-117.5958287381527, 33.651164488487545], [-117.59582389911895, 33.65116852527363], [-117.5958190426144, 33.651172547821176], [-117.59581416862507, 33.65117655522864], [-117.59580927715092, 33.65118054749602], [-117.595804368192, 33.65118452462332], [-117.59579944068429, 33.65118848752364], [-117.5957944967558, 33.651192434370685], [-117.5957895364345, 33.651196366967575], [-117.59578455753646, 33.65120028353443], [-117.5957795622456, 33.6512041858511], [-117.59577455053399, 33.65120807211449], [-117.59576952133764, 33.65121194323774], [-117.59576447573447, 33.65121579920927], [-117.59575941264653, 33.65121964004068], [-117.5957543331379, 33.65122346481876], [-117.5957492372225, 33.651227274445176], [-117.59574412380839, 33.65123106802988], [-117.59573899506545, 33.65123484645119], [-117.59573384882383, 33.651238608830845], [-117.59572868617548, 33.65124235605871], [-117.59572350818439, 33.651246087221686], [-117.59571831377261, 33.65124980233134], [-117.59571310294008, 33.65125350138769], [-117.59570787568686, 33.65125718439074], [-117.59570263202694, 33.651260852242025], [-117.59569737302425, 33.65126450402834], [-117.5956920986649, 33.651268138848174], [-117.59568680682085, 33.65127175852788], [-117.59568150069816, 33.65127536122947], [-117.59567617815476, 33.6512789478777], [-117.5956708402687, 33.651282518461045], [-117.59566548703988, 33.65128607297941], [-117.59566011845449, 33.65128961053125], [-117.59565473344836, 33.65129313202975], [-117.59564933417755, 33.651296637451686], [-117.59564391955013, 33.65130012590714], [-117.59563848956613, 33.65130359739607], [-117.59563304423939, 33.65130705282005], [-117.59562758463406, 33.65131049126586], [-117.59562210969993, 33.651313914548226], [-117.59561662047328, 33.65131731995093], [-117.595611114812, 33.65132070839874], [-117.59560559595013, 33.65132407985679], [-117.59560006174563, 33.65132743524983], [-117.59559451217056, 33.651330772774855], [-117.59558894939485, 33.651334093310055], [-117.59558337127645, 33.6513373977803], [-117.5955777788656, 33.65134068437086], [-117.5955721721761, 33.65134395398321], [-117.59556655122194, 33.651347207518974], [-117.59556091703935, 33.65135044226182], [-117.59555526751403, 33.65135366093972], [-117.59554960477425, 33.651356861726285], [-117.59554392775578, 33.65136004553464], [-117.59553823753683, 33.65136321235321], [-117.59553253194728, 33.65136636130368], [-117.59552681422126, 33.651369492351215], [-117.59552108221666, 33.65137260642057], [-117.59551533701143, 33.65137570350011], [-117.59550957749984, 33.651378781798385], [-117.59550380587955, 33.65138184399674], [-117.59549801995281, 33.651384887413805], [-117.5954922208255, 33.65138791384113], [-117.5954864073918, 33.651390921487106], [-117.59548058291347, 33.65139391212005], [-117.59547474415659, 33.65139688577483], [-117.59546889324928, 33.651399840624975], [-117.59546302912747, 33.65140277758382], [-117.59545715286924, 33.65140569663966], [-117.59545126339646, 33.65140859780414], [-117.59544536070922, 33.65141148107724], [-117.59543944696344, 33.65141434643569], [-117.59543351998931, 33.65141719300125], [-117.59542757981461, 33.651420022576914], [-117.5954216285675, 33.6514228333365], [-117.5954156651839, 33.651425626193046], [-117.59540968964995, 33.651428400244995], [-117.59540370090151, 33.65143115640555], [-117.59539770109458, 33.65143389465147], [-117.59539168913723, 33.651436614092844], [-117.59493055718234, 33.65164427047818], [-117.59492582889216, 33.65164640437996], [-117.59492110834232, 33.65164855082159], [-117.59491639551895, 33.65165070890165], [-117.594911691514, 33.651652879509946], [-117.5949069952494, 33.65165506265814], [-117.59490230671128, 33.65165725744473], [-117.59489762697771, 33.65165946385806], [-117.59489295498443, 33.65166168281128], [-117.59488829180961, 33.651663914292804], [-117.59488363636122, 33.65166615741265], [-117.59487898863931, 33.651668412170935], [-117.59487434973575, 33.6516706794575], [-117.59486971963668, 33.651672958370796], [-117.59486509726409, 33.65167524892247], [-117.59486048263186, 33.65167755201402], [-117.59485587788204, 33.65167986672072], [-117.59485128085876, 33.6516821930658], [-117.59484669373187, 33.65168453192755], [-117.59484211431743, 33.651686881526146], [-117.59483754372143, 33.651689243653], [-117.59483298192986, 33.65169161740667], [-117.5948284289427, 33.65169400278699], [-117.59482388477394, 33.65169640069569], [-117.59481934939578, 33.65169880932959], [-117.5948148228359, 33.6517012304918], [-117.59481030506656, 33.651703662379205], [-117.59480579611564, 33.651706106794954], [-117.59480129703324, 33.65170856192426], [-117.59479680676911, 33.65171102958186], [-117.59479232529566, 33.65171350796467], [-117.59478785479645, 33.651715998852595], [-117.59478339200977, 33.65171850047732], [-117.59477893802759, 33.65172101372883], [-117.59477449392782, 33.65172353859546], [-117.59477005863248, 33.651726075088916], [-117.59476563321961, 33.65172862319747], [-117.59476121659726, 33.65173118203127], [-117.5947568098573, 33.65173375248019], [-117.59475241299985, 33.6517363345443], [-117.59474802493285, 33.6517389273336], [-117.59474364676224, 33.651741532639576], [-117.59473927844624, 33.65174414775764], [-117.59473492002657, 33.65174677539241], [-117.59473057039739, 33.65174941375245], [-117.59472623171476, 33.65175206281442], [-117.59472190183659, 33.65175472350318], [-117.59471758184077, 33.65175739580708], [-117.59471327171352, 33.651760078824665], [-117.59470897253276, 33.65176277254413], [-117.59470468215648, 33.651765477890486], [-117.59470040272664, 33.65176819393879], [-117.59469613210126, 33.65177092161386], [-117.59469187242239, 33.65177365999097], [-117.59468762262591, 33.651776409983235], [-117.59468338376207, 33.65177916977591], [-117.59467915370269, 33.65178194119538], [-117.5946749345897, 33.65178472331692], [-117.59467072642327, 33.65178751614042], [-117.59466652704744, 33.65179031968916], [-117.59466233863195, 33.65179313484147], [-117.59465816007103, 33.651795959805845], [-117.59465399353466, 33.65179879546061], [-117.59464983580273, 33.651801642742186], [-117.59464569009526, 33.651804500714114], [-117.5946415542424, 33.65180736849816], [-117.59463742934992, 33.651810247885756], [-117.59463331431209, 33.65181313708542], [-117.59462921022075, 33.65181603698713], [-117.5946251181539, 33.65181894757923], [-117.59462103487758, 33.65182186889656], [-117.59461696362567, 33.65182480090432], [-117.59461290330647, 33.65182774271253], [-117.59460885286961, 33.65183069613596], [-117.59460481444336, 33.651833659348185], [-117.5946007858717, 33.651836632372536], [-117.59459676933847, 33.65183961698884], [-117.5945927648019, 33.65184261049246], [-117.59458876906973, 33.65184561562289], [-117.5945847853482, 33.65184863054216], [-117.59458081255923, 33.651851655261964], [-117.59457685179477, 33.651854690672145], [-117.59457290089878, 33.651857736795954], [-117.59456896201343, 33.651860792708646], [-117.59456503406058, 33.651863858421805], [-117.59456111813228, 33.65186693482543], [-117.5945572131227, 33.651870020127966], [-117.59455331907347, 33.65187311703412], [-117.59454943702094, 33.65187622282752], [-117.59454556591491, 33.65187933932303], [-117.59454170681948, 33.651882465607365], [-117.59453785973466, 33.651885601680604], [-117.59453402358238, 33.651888747554366], [-117.59453019944071, 33.651891903216956], [-117.59452638624553, 33.65189506958163], [-117.594522585047, 33.651898244833575], [-117.59451879587304, 33.651901430776], [-117.59451501761778, 33.65190462561738], [-117.59451125245101, 33.65190783023602], [-117.59450749823078, 33.651911045556666], [-117.59400035598348, 33.652346737463915], [-117.59399564285614, 33.65235076831049], [-117.59399091334993, 33.65235478580806], [-117.5939861663729, 33.65235878906689], [-117.59398140192509, 33.65236277808695], [-117.59397662000647, 33.65236675286819], [-117.59397182168122, 33.65237071249748], [-117.59396700697701, 33.65237465877785], [-117.5939621737102, 33.65237858992948], [-117.59395732511466, 33.6523825059176], [-117.5939524590483, 33.65238640766682], [-117.59394757552504, 33.6523902960788], [-117.59394267558123, 33.65239416843726], [-117.59393775924467, 33.652398026545285], [-117.59393282650137, 33.65240186950135], [-117.59392787735139, 33.6524056973054], [-117.59392291180866, 33.652409510859044], [-117.59391792876734, 33.652413308370775], [-117.59391293041121, 33.65241709162045], [-117.59390791564846, 33.65242085971814], [-117.59390288447895, 33.65242461266379], [-117.59389783798082, 33.65242835044588], [-117.59389277399796, 33.65243207308764], [-117.59388769576444, 33.652435780554086], [-117.59388260003242, 33.65243947197863], [-117.59387748898556, 33.6524431491411], [-117.59387236259609, 33.65244681023844], [-117.59386722087798, 33.652450456172154], [-117.5938620627393, 33.65245408605236], [-117.59385688927193, 33.652457700768856], [-117.59385169939797, 33.652461300333414], [-117.59384649524544, 33.652464882919645], [-117.59384127577819, 33.65246845124373], [-117.59383604096838, 33.65247200350273], [-117.59383079081601, 33.65247553969651], [-117.59382552424306, 33.65247905983671], [-117.59382024341946, 33.652482564801666], [-117.59381494831739, 33.652486052788326], [-117.59380963680869, 33.65248952562296], [-117.59380431103536, 33.65249298238078], [-117.59379897099755, 33.65249642306183], [-117.5937936145392, 33.65249984768927], [-117.59378824489421, 33.65250325622828], [-117.59378285989281, 33.65250664780063], [-117.5937774606408, 33.65251002419767], [-117.59377204711032, 33.652513383616416], [-117.59376661931526, 33.65251672695826], [-117.59376117617767, 33.65252005423493], [-117.5937557198397, 33.6525233645217], [-117.5937502481591, 33.6525266587432], [-117.59374476327814, 33.65252993597474], [-117.59373926413261, 33.652533197129486], [-117.59373375072255, 33.652536442207385], [-117.59372822303405, 33.65253967030692], [-117.59372268106716, 33.6525428814281], [-117.59371712589979, 33.65254607555933], [-117.59371155754592, 33.65254925360211], [-117.59370597491363, 33.652552414666474], [-117.59370037908093, 33.652555558740886], [-117.59369477004779, 33.652558685825305], [-117.59368914781423, 33.65256179591974], [-117.59368351130233, 33.65256488903576], [-117.59367786160387, 33.65256796606336], [-117.59367219976906, 33.65257102518782], [-117.59366652366978, 33.65257406823541], [-117.59366083543419, 33.65257709337986], [-117.59365513292022, 33.652580101545894], [-117.59364941828385, 33.65258309271032], [-117.59364369258918, 33.65258606595999], [-117.59363795261609, 33.65258902223128], [-117.59363219944265, 33.65259196151249], [-117.59362643414683, 33.652594883792155], [-117.59362065563667, 33.65259778818025], [-117.59361486500416, 33.65260067556675], [-117.59360906223537, 33.65260354505002], [-117.59360324734422, 33.65260639753168], [-117.59359741923878, 33.65260923212177], [-117.5935915800751, 33.6526120487971], [-117.59358572771097, 33.65261484848238], [-117.59357986428866, 33.652617630252855], [-117.59357398873004, 33.65262039412018], [-117.59356810104904, 33.65262314098581], [-117.5935622023099, 33.65262586993673], [-117.5935562903564, 33.65262858099602], [-117.59355036842271, 33.652631274128915], [-117.59354443435271, 33.65263394935858], [-117.59353848814655, 33.65263660668516], [-117.59353253088211, 33.65263924609684], [-117.59352656255942, 33.65264186759371], [-117.5935205831785, 33.65264447117579], [-117.59351459166137, 33.65264705685466], [-117.59350858908599, 33.65264962461877], [-117.59350257651651, 33.65265217355488], [-117.59349655290274, 33.652654705477694], [-117.5934905182168, 33.65265721858415], [-117.59348447247267, 33.65265971377583], [-117.59347841673444, 33.652662190139466], [-117.59347234993795, 33.65266464858833], [-117.59346627208335, 33.652667089122396], [-117.59346018423463, 33.65266951082841], [-117.59239272345243, 33.653093230724856], [-117.5923903487253, 33.65309417511132], [-117.59238797619575, 33.6530951221792], [-117.5923856047997, 33.65309607284151], [-117.5923832356151, 33.653097027086716], [-117.59238086753622, 33.65309798312337], [-117.59237850059084, 33.65309894275447], [-117.5923761369349, 33.65309990595687], [-117.59237377438474, 33.65310087095064], [-117.59237141296808, 33.653101839538934], [-117.59236905374902, 33.65310281080853], [-117.5923666967414, 33.65310378566109], [-117.5923643408534, 33.65310476320656], [-117.59236198716296, 33.65310574343335], [-117.59235963568406, 33.65310672724306], [-117.59235728532472, 33.6531077137457], [-117.59235493716301, 33.653108702929686], [-117.59235259012088, 33.65310969480662], [-117.59235024529029, 33.65311069026647], [-117.59234790157925, 33.653111688419195], [-117.59234556007969, 33.65311269015488], [-117.59234322076387, 33.6531136936703], [-117.59234088365952, 33.6531147007687], [-117.59233854768864, 33.653115711461524], [-117.59233621282347, 33.6531167239458], [-117.59233388124784, 33.65311774000133], [-117.59233155079176, 33.65311875874982], [-117.59232922146916, 33.65311978109276], [-117.5923268954083, 33.65312080520393], [-117.59232457048091, 33.65312183290963], [-117.59232224668706, 33.65312286420977], [-117.59231992615484, 33.65312389727812], [-117.59231760675615, 33.653124933940965], [-117.59231528955503, 33.65312597328516], [-117.59231297347351, 33.65312701532229], [-117.59231065960351, 33.653128060942365], [-117.59230834793104, 33.6531291092437], [-117.59230603845626, 33.653130160226446], [-117.59230373011488, 33.653131214803636], [-117.59230142395728, 33.65313227116066], [-117.5922991200111, 33.65313333110061], [-117.59229681718458, 33.65313439373347], [-117.59229451764752, 33.6531354599376], [-117.59229221921613, 33.65313652793318], [-117.59228992299626, 33.653137599511616], [-117.592287627896, 33.65313867378304], [-117.59228533500718, 33.65313975163731], [-117.59228304430208, 33.65314083127142], [-117.59228075580849, 33.6531419144884], [-117.59227846951251, 33.65314300038675], [-117.5922761843361, 33.65314408897799], [-117.59227390137112, 33.65314518115218], [-117.59227162060384, 33.65314627600771], [-117.59226934203407, 33.65314737354457], [-117.59226706458394, 33.653148473774436], [-117.5922647904094, 33.65314957667399], [-117.59226251736837, 33.65315068316805], [-117.59226024651099, 33.65315179144191], [-117.59225797786516, 33.65315290329867], [-117.59225571035272, 33.653154018749944], [-117.59225344610206, 33.65315513596937], [-117.59225118297098, 33.6531562558818], [-117.59224892205143, 33.65315737937712], [-117.59224666331554, 33.65315850465223], [-117.5922444067911, 33.65315963351025], [-117.59224215140017, 33.653160765962724], [-117.59223989819296, 33.653161900195045], [-117.59223764719721, 33.65316303801028], [-117.59223539947708, 33.65316417849519], [-117.59223315287657, 33.653165321673086], [-117.59223090847361, 33.65316646753234], [-117.59222866626828, 33.653167616072935], [-117.59222642519636, 33.65316876820803], [-117.59222418738622, 33.65316992211133], [-117.59222195070951, 33.65317107960914], [-117.59221971730844, 33.653172239776666], [-117.59221748502698, 33.65317340263721], [-117.59221525495694, 33.653174569080576], [-117.59221302814863, 33.653175737292166], [-117.59221080247382, 33.65317690909829], [-117.59220857898269, 33.653178082684185], [-117.5922063577031, 33.65317925985298], [-117.592204137543, 33.65318043971479], [-117.59220192065858, 33.65318162224629], [-117.59219970598562, 33.65318280836065], [-117.59219749349639, 33.653183996254846], [-117.59219528214061, 33.65318518774353], [-117.59219307404652, 33.653186381000474], [-117.59219086816394, 33.65318757784026], [-117.59218866340092, 33.653188777373025], [-117.59218646191357, 33.65318997957556], [-117.59218426154574, 33.65319118447104], [-117.59218206445355, 33.65319239203623], [-117.59217986848091, 33.65319360229443], [-117.59217767471978, 33.6531948161355], [-117.59217548422035, 33.65319603174474], [-117.59217329485439, 33.65319725094858], [-117.59217110875014, 33.65319847192053], [-117.59216892377934, 33.653199696487036], [-117.59216674208425, 33.653200923723254], [-117.59216192142631, 33.653203650918705], [-117.5921571117564, 33.653206391520904], [-117.59215231413864, 33.6532091446167], [-117.59214752644468, 33.653211912032475], [-117.59214275081673, 33.6532146928434], [-117.59213798509873, 33.65321748707272], [-117.59213323143283, 33.65322029379571], [-117.59212848876872, 33.653223114827], [-117.59212375707874, 33.65322594836355], [-117.59211903637676, 33.653228795306845], [-117.59211432774075, 33.6532316556454], [-117.59210963115683, 33.65323452847755], [-117.59210494448284, 33.65323741472813], [-117.59210027095284, 33.653240314362264], [-117.59209560839693, 33.65324322650166], [-117.592090956829, 33.65324615204788], [-117.59208631732706, 33.653249090989256], [-117.59208168987713, 33.65325204242433], [-117.59207707447936, 33.65325500635304], [-117.59207247114759, 33.653257983676966], [-117.59206787878988, 33.65326097350613], [-117.59206329957611, 33.653263976718925], [-117.59205873133645, 33.65326699243699], [-117.59205417514886, 33.65327002064864], [-117.59204963210524, 33.65327306224397], [-117.5920451000218, 33.65327611544302], [-117.59204058000437, 33.653279182037295], [-117.59203607311706, 33.6532822611136], [-117.59203157828179, 33.65328535268358], [-117.5920270955125, 33.65328845764876], [-117.59202262585941, 33.6532915741945], [-117.59201816825845, 33.653294703233954], [-117.59201372378756, 33.65329784475544], [-117.59200929136875, 33.653300998770575], [-117.59200487208005, 33.65330416526783], [-117.59200046484344, 33.65330734425876], [-117.59199607072301, 33.65331053483025], [-117.59199168865469, 33.65331373789542], [-117.59198732079446, 33.65331695343101], [-117.59198296498633, 33.65332018146035], [-117.59197862229438, 33.653323421070255], [-117.59197429165452, 33.65332667317379], [-117.59196997520894, 33.65332993684629], [-117.59196567081538, 33.6533332130125], [-117.59196138062998, 33.653336501649214], [-117.59195710356076, 33.65333980186644], [-117.59195283960779, 33.653343113664256], [-117.59194858877098, 33.65334643704262], [-117.5919443510643, 33.6533497729031], [-117.59194012650156, 33.65335312214717], [-117.5919359161053, 33.65335648115714], [-117.59193171776113, 33.653359852660834], [-117.59192753359736, 33.653363234831914], [-117.59192336364165, 33.65336662947356], [-117.5919192068021, 33.65337003569571], [-117.59191506307883, 33.65337345349844], [-117.59191093354977, 33.65337688287019], [-117.59190681713693, 33.65338032382246], [-117.59190271599634, 33.65338377633209], [-117.59189862688004, 33.653387239532364], [-117.59189455304993, 33.653390715191556], [-117.59189049232211, 33.65339420152982], [-117.59188644578846, 33.65339769943702], [-117.59188241343521, 33.65340120801169], [-117.5918783942121, 33.653404729068484], [-117.59187439024733, 33.65340826078111], [-117.59187039938485, 33.65341180317272], [-117.5918664237947, 33.65341535712181], [-117.59186246130683, 33.65341892174991], [-117.59185851409123, 33.65342249793534], [-117.59185458105596, 33.65342608478828], [-117.59185066005888, 33.65342968323339], [-117.59184675539821, 33.653433292322774], [-117.5918428659959, 33.65343691206802], [-117.59183898969594, 33.65344054249226], [-117.59183512866821, 33.65344418447392], [-117.59183128180699, 33.653447836221545], [-117.59182745021798, 33.653451499526525], [-117.59182363280941, 33.65345517349897], [-117.59181983064526, 33.65345885722572], [-117.59181604267538, 33.65346255252151], [-117.59181226996382, 33.65346625847316], [-117.5918085114188, 33.65346997419074], [-117.59180476813215, 33.653473700564135], [-117.59180103902582, 33.65347743760505], [-117.59179732625594, 33.65348118529022], [-117.59179362765255, 33.65348494274133], [-117.59178994430748, 33.653488710848315], [-117.59178627511506, 33.6534924878197], [-117.59178262227292, 33.65349627633687], [-117.5917789836111, 33.653500075521514], [-117.59177536127181, 33.653503884448945], [-117.59177175417706, 33.653507703130735], [-117.59176816234071, 33.65351153246833], [-117.5917645846708, 33.65351537157193], [-117.59176102332341, 33.6535192204182], [-117.59175747722061, 33.653523079018875], [-117.59175394637613, 33.653526948275434], [-117.59175043077617, 33.65353082728634], [-117.59065169734525, 33.6547478958622], [-117.59045849781104, 33.65496189960054], [-117.59044847773944, 33.65497289426328], [-117.59043834330745, 33.65498381441339], [-117.59042809342333, 33.654994659160764], [-117.59041772917881, 33.655005429395395], [-117.59040725267455, 33.655016121487854], [-117.59039666283253, 33.655026735449795], [-117.59038596288683, 33.65503727124633], [-117.59037515066747, 33.65504772799915], [-117.59036422938087, 33.655058103870346], [-117.590353199027, 33.65506839885996], [-117.59034205959198, 33.65507861206632], [-117.5903308132319, 33.65508874346628], [-117.59031945990516, 33.65509879035521], [-117.59030800178174, 33.6551087536114], [-117.59029643776968, 33.655118632344966], [-117.59028477107537, 33.65512842471793], [-117.59027300062081, 33.65513813074191], [-117.59026112961233, 33.655147748579004], [-117.5902491559078, 33.65515727915394], [-117.59023708380546, 33.65516672151887], [-117.5902249111216, 33.65517607389371], [-117.59021264109025, 33.655185336243726], [-117.59020027477554, 33.655194507655786], [-117.59018781002155, 33.65520358815307], [-117.59017525109878, 33.655212574984546], [-117.59016259803498, 33.65522146995327], [-117.59014985078858, 33.655230270354636], [-117.59013701152954, 33.65523897706691], [-117.59012408023004, 33.65524758828702], [-117.59011106012446, 33.65525610398019], [-117.5900979479508, 33.65526452237811], [-117.5900847491131, 33.655272844324294], [-117.59007146359767, 33.65528106891724], [-117.59005809137669, 33.65528919435376], [-117.59004463354215, 33.655297221523874], [-117.59003109114437, 33.65530514861286], [-117.59001746633945, 33.65531297559752], [-117.59000376019158, 33.655320701564676], [-117.58998997271468, 33.655328327415866], [-117.58997610494522, 33.65533585043485], [-117.58996215796124, 33.655343270610075], [-117.58994813390503, 33.65535058701677], [-117.58993403277667, 33.65535779965482], [-117.58991985565412, 33.65536490851277], [-117.58990560467974, 33.65537191266582], [-117.58989127982575, 33.65537881031084], [-117.58987688219804, 33.65538560323933], [-117.58986241498913, 33.6553922887119], [-117.58984787713491, 33.65539886764165], [-117.58983326969953, 33.6554053391154], [-117.58981859590338, 33.65541170219689], [-117.5898038546546, 33.65541795599608], [-117.589789049215, 33.65542410228133], [-117.58977417846503, 33.65543013835958], [-117.5897592445609, 33.65543606420763], [-117.58974424858054, 33.65544187981386], [-117.58972919266633, 33.65544758425355], [-117.58971407574028, 33.655453177538234], [-117.58969890103653, 33.655458659633226], [-117.58968366852741, 33.655464028735295], [-117.58966838038293, 33.655469285722994], [-117.5896530376673, 33.65547442968298], [-117.58963764144478, 33.65547945970223], [-117.58962219172919, 33.65548437668221], [-117.58960669172711, 33.655489178785075], [-117.58959114145247, 33.655493866912444], [-117.58957554303355, 33.6554984392379], [-117.58955989648437, 33.65550289666303], [-117.58954420286912, 33.655507238274794], [-117.58952846434399, 33.6555114640499], [-117.58951268198705, 33.65551557397677], [-117.58949685686252, 33.65551956714226], [-117.58948099003473, 33.65552344263324], [-117.58946508151747, 33.6555272013513], [-117.58944913560917, 33.65553084234842], [-117.58943315123193, 33.65553436563631], [-117.58941713054176, 33.6555377711917], [-117.589401075681, 33.655541058089945], [-117.5893849855717, 33.65554422634258], [-117.58936886236995, 33.655547275926395], [-117.5893527082181, 33.655550205916725], [-117.58933652528611, 33.65555301719194], [-117.58932031140418, 33.65555570887362], [-117.58930406979255, 33.65555828002548], [-117.58928780262121, 33.65556073152591], [-117.58927150881232, 33.65556306338645], [-117.58925519266415, 33.65556527465929], [-117.58923885202069, 33.655567365367496], [-117.58922249011611, 33.65556933547634], [-117.58920610909283, 33.655571184061166], [-117.58918970897845, 33.65557291292502], [-117.58917329080967, 33.65557451935171], [-117.58915685678414, 33.65557600602268], [-117.58914040793837, 33.655577370221685], [-117.58912394536439, 33.655578612838745], [-117.58910747015413, 33.65557973476375], [-117.58909098444991, 33.65558073507206], [-117.58907448715988, 33.655581612873675], [-117.58905798261016, 33.655582369023804], [-117.58825762898776, 33.65561685274309], [-117.58801567796236, 33.655627275355485], [-117.58788307981631, 33.656103915139234], [-117.58783335910614, 33.656282650117454], [-117.58716943489553, 33.65676247546377], [-117.58709756925988, 33.656814414920845], [-117.58709442182808, 33.6568166605041], [-117.58709124152912, 33.65681887217576], [-117.58708802837668, 33.6568210508375], [-117.58708478234318, 33.65682319468606], [-117.58708150344243, 33.65682530462316], [-117.58707819383059, 33.65682738062557], [-117.58707485347999, 33.65682942089017], [-117.58707148239057, 33.656831425417074], [-117.58706808165428, 33.65683339509618], [-117.58706465125728, 33.656835329025974], [-117.58706119226379, 33.65683722629338], [-117.58705770467385, 33.65683908689834], [-117.58705418955161, 33.656840909927766], [-117.58705064692488, 33.656842697184786], [-117.58704707783006, 33.6568444459532], [-117.5870434833592, 33.656846157122935], [-117.5870398624341, 33.656847830705566], [-117.58703621721102, 33.656849466678054], [-117.58703254766219, 33.65685106323723], [-117.58702885270965, 33.656852620394694], [-117.58702513667936, 33.656854139005695], [-117.58702139741528, 33.6568556190934], [-117.58701763596781, 33.65685705884313], [-117.58701385344264, 33.65685846004647], [-117.58701004979835, 33.656859819998715], [-117.5870062261406, 33.656861140491486], [-117.58700238353364, 33.65686242061161], [-117.58699852089944, 33.65686366037058], [-117.5869946403803, 33.65686485884388], [-117.58699074306801, 33.65686601692136], [-117.58698682679277, 33.65686713372471], [-117.58698289586673, 33.65686820920765], [-117.58697894813383, 33.656869243393274], [-117.58697498465826, 33.65687023536846], [-117.58697100760999, 33.656871186011685], [-117.5869670158971, 33.65687209443297], [-117.58696301061158, 33.65687296152223], [-117.58695899388185, 33.656873785453335], [-117.58695496356559, 33.656874567150886], [-117.58695092289699, 33.65687530658026], [-117.58694687079799, 33.65687600375296], [-117.58694280833289, 33.656876657755916], [-117.58693873657968, 33.65687726857755], [-117.58693465664416, 33.65687783800935], [-117.58693056740671, 33.65687836335837], [-117.58692647103729, 33.656878845502966], [-117.58692236754982, 33.65687928534465], [-117.58691825799463, 33.65687968106876], [-117.58691414346364, 33.65688003356534], [-117.58691002287878, 33.65688034284591], [-117.58690589839618, 33.65688060888742], [-117.586901770002, 33.656880830788246], [-117.58689763880197, 33.656881010339916], [-117.58689350692461, 33.656881145716255], [-117.58688937114954, 33.6568812378535], [-117.58688523469704, 33.656881285815395], [-117.58688109758108, 33.656881290503506], [-117.58687696195767, 33.65688125189472], [-117.58687282567081, 33.65688117001212], [-117.58686869194074, 33.65688104391944], [-117.58686455970327, 33.65688087452993], [-117.5868604311145, 33.656880661820345], [-117.58685630617454, 33.65688040579075], [-117.58685218488331, 33.65688010644112], [-117.58684806830504, 33.65687976285832], [-117.58684395754553, 33.65687937683392], [-117.58683985259081, 33.65687894746636], [-117.58683575451909, 33.656878474744104], [-117.58683166440834, 33.65687795865554], [-117.58682758119443, 33.65687740011385], [-117.5868235080976, 33.65687679818273], [-117.58681944405363, 33.65687615377537], [-117.58681538904882, 33.656875465990126], [-117.58681134634492, 33.656874736595505], [-117.58680731375814, 33.65687396381144], [-117.58680329347234, 33.656873149417976], [-117.58679928545975, 33.656872291612], [-117.58679529084, 33.65687139308656], [-117.58679130957162, 33.65687045113703], [-117.58678734277409, 33.656869468456534], [-117.58678339151174, 33.65686844413194], [-117.58677945684875, 33.65686737725013], [-117.58677553773465, 33.65686626962575], [-117.58677163524763, 33.65686512124725], [-117.5867677504518, 33.6568639312015], [-117.586763884453, 33.65686270128011], [-117.58676003722348, 33.656861429679886], [-117.58675620986907, 33.656860118192476], [-117.58675240131157, 33.6568587668293], [-117.58674861370719, 33.65685737556736], [-117.5867448481201, 33.65685594349346], [-117.58674110457804, 33.656854472410764], [-117.58673738200287, 33.656852962330774], [-117.5867336836289, 33.65685141321881], [-117.58673000837791, 33.65684982508651], [-117.58672635732803, 33.656848197922265], [-117.58672273158501, 33.65684653351751], [-117.58671913112119, 33.6568448300693], [-117.58671555596412, 33.6568430893807], [-117.58670818905769, 33.65683947597457], [-117.58670079365243, 33.656835902547655], [-117.58669337085406, 33.65683237089136], [-117.58668592062124, 33.656828878301134], [-117.58667844298135, 33.65682542658005], [-117.58667093901263, 33.65682201571654], [-117.58666340871507, 33.656818645710565], [-117.58665585210237, 33.65681531746367], [-117.58664827022508, 33.65681202916123], [-117.5866406631107, 33.65680878260629], [-117.58663303075927, 33.65680557779886], [-117.58662537423508, 33.6568024138259], [-117.5866176924738, 33.65679929160042], [-117.58660998764539, 33.65679621200086], [-117.58660225864416, 33.6567931732357], [-117.58659450549773, 33.656790177108014], [-117.5865867292841, 33.65678722360623], [-117.5865789310676, 33.656784311817276], [-117.58657110978386, 33.65678144265416], [-117.58656326649718, 33.656778615203905], [-117.58655540123524, 33.656775831269464], [-117.58654751507602, 33.65677309083938], [-117.58653960692763, 33.65677039302361], [-117.58653167786814, 33.6567677378106], [-117.5865237289756, 33.656765125188784], [-117.58651576027758, 33.656762556961276], [-117.58650777174653, 33.65676003132489], [-117.58649976231808, 33.656757549192896], [-117.58649173414844, 33.656755110541944], [-117.58648368831567, 33.65675271536065], [-117.58647562375539, 33.65675036456208], [-117.58646754045394, 33.65674805724464], [-117.58645944058108, 33.656745794286785], [-117.58645132196696, 33.65674357481008], [-117.5864431867815, 33.65674139969288], [-117.58643503502464, 33.65673926893533], [-117.58642686777445, 33.65673718252575], [-117.58641868287485, 33.65673514048728], [-117.58641048355994, 33.65673314278529], [-117.58640226768742, 33.65673119034434], [-117.58639403738574, 33.65672928133833], [-117.58638579269643, 33.65672741847177], [-117.5863775335779, 33.65672559904017], [-117.58636926113596, 33.65672382483495], [-117.58636097429245, 33.656722095867686], [-117.5863526741254, 33.65672041212684], [-117.58634436063494, 33.65671877361233], [-117.58633603597698, 33.65671718030119], [-117.58632769907356, 33.65671563220488], [-117.58631934992466, 33.65671412932336], [-117.58631098854403, 33.656712672558236], [-117.5863026170602, 33.65671126008328], [-117.58629423334466, 33.656709893724745], [-117.58628584063158, 33.65670857344784], [-117.58627743675096, 33.656707298374265], [-117.58626902385896, 33.65670606848086], [-117.5862606008913, 33.656704884680664], [-117.58625216892601, 33.656703746962144], [-117.58624372904119, 33.65670265531377], [-117.58623528014492, 33.656701608845594], [-117.58622682332904, 33.65670060844748], [-117.58621835859354, 33.65669965411954], [-117.58620988809456, 33.65669874583859], [-117.58620140967591, 33.65669788362781], [-117.58619292441567, 33.65669706747557], [-117.58618443339196, 33.65669629737032], [-117.58617593660458, 33.656695573312106], [-117.58616743513171, 33.6566948952894], [-117.58615892790912, 33.656694264215226], [-117.58615041598709, 33.656693678274905], [-117.58614189939341, 33.65669313927164], [-117.58613337920598, 33.6566926471938], [-117.58612485539719, 33.656692200238325], [-117.58611632799465, 33.656691800208264], [-117.58610779806266, 33.65669144619058], [-117.5860992645369, 33.65669113909834], [-117.58609072957347, 33.65669087890841], [-117.58608219315856, 33.65669066471926], [-117.58607365635636, 33.656690495617845], [-117.5860651159742, 33.656690374343334], [-117.5860565762966, 33.65669029904656], [-117.58604803516745, 33.65669026975057], [-117.58603949474293, 33.65669028643229], [-117.5860309550505, 33.65669035089472], [-117.58602241497077, 33.65669046044488], [-117.58601387668737, 33.65669061686273], [-117.58600533912237, 33.65669082015978], [-117.58599680333985, 33.65669106942296], [-117.58598827041789, 33.6566913646407], [-117.58597973821432, 33.65669170673774], [-117.58597120996308, 33.656692095679254], [-117.58596268565047, 33.656692530563866], [-117.58595416419834, 33.65669301140301], [-117.58594564668486, 33.6566935381852], [-117.5859371342018, 33.65669411180046], [-117.58592862567104, 33.656694732260235], [-117.58592012214311, 33.65669539774997], [-117.58591162364553, 33.656696110072694], [-117.58590313124257, 33.65669686831541], [-117.58563031175457, 33.65672187622684], [-117.58553104371371, 33.65673099256751], [-117.58552251764867, 33.656731806147455], [-117.58551400009647, 33.656732682753365], [-117.58550549212137, 33.65673362147224], [-117.5854969937096, 33.656734621402535], [-117.58548850703099, 33.65673568342266], [-117.58548003208557, 33.65673680753258], [-117.5854715677814, 33.656737992842395], [-117.58546311736647, 33.65673924021901], [-117.58545467974896, 33.65674054877235], [-117.58544625600683, 33.656741918490894], [-117.58543784721817, 33.65674334936314], [-117.58542945338286, 33.656744841389056], [-117.5854210755929, 33.65674639545866], [-117.5854127138206, 33.65674800976886], [-117.58540437022194, 33.656749684296564], [-117.58539604373283, 33.656751419954865], [-117.58538773543123, 33.65675321673224], [-117.58537944636758, 33.65675507281407], [-117.58537117656938, 33.65675699000338], [-117.58536292710102, 33.65675896738714], [-117.58535470010473, 33.65676100404074], [-117.58534649343812, 33.65676310088875], [-117.58533830817933, 33.65676525791965], [-117.5853301464568, 33.65676747330731], [-117.58532200722007, 33.6567697488664], [-117.58531389261142, 33.65677208367212], [-117.58530580261711, 33.656774476823124], [-117.58529773832886, 33.656776929209364], [-117.58528969973295, 33.656779439929224], [-117.5852816868293, 33.65678200898278], [-117.58527370070983, 33.65678463725999], [-117.58526574241107, 33.656787322044714], [-117.5852578130526, 33.65679006603007], [-117.58524991259284, 33.65679286651143], [-117.58524204105959, 33.65679572529184], [-117.58523419950306, 33.656798640556715], [-117.58522638901526, 33.65680161319603], [-117.5852186095823, 33.65680464230828], [-117.58521086229604, 33.65680772878346], [-117.5852031471289, 33.65681087081845], [-117.58519546515883, 33.6568140684018], [-117.58518781639978, 33.656817322435025], [-117.58518020191585, 33.656820632004965], [-117.58517262278508, 33.65682399710021], [-117.58516507791565, 33.65682741683066], [-117.58515757054178, 33.65683089116174], [-117.5851500985073, 33.65683442011659], [-117.58514266396823, 33.65683800367206], [-117.58513526691091, 33.65684164092666], [-117.5851279073352, 33.656845331880355], [-117.58512058739728, 33.65684907651014], [-117.58511330600521, 33.656852873925956], [-117.58510606425094, 33.65685672501779], [-117.5850988631848, 33.6568606279711], [-117.58509170280695, 33.656864582785865], [-117.585084584209, 33.656868590352104], [-117.58507750737733, 33.65687264976821], [-117.58507047229813, 33.656876760132725], [-117.58506348114116, 33.65688092232411], [-117.5850565328009, 33.65688513455084], [-117.58504962943343, 33.65688939678976], [-117.58504276996058, 33.65689370905251], [-117.58503595653862, 33.65689807131598], [-117.58502918808935, 33.656902483591715], [-117.58502246674138, 33.65690694405358], [-117.58501579144416, 33.65691145451617], [-117.5850091632344, 33.65691601226332], [-117.58500258320399, 33.65692061818515], [-117.58499605027477, 33.65692527229308], [-117.58498956766712, 33.65692997365098], [-117.5849831332112, 33.65693472138044], [-117.5849767479988, 33.65693951637149], [-117.58497041417226, 33.65694435769944], [-117.58496412957544, 33.656949245387466], [-117.58495789741495, 33.65695417759779], [-117.58495171556226, 33.656959156156574], [-117.58494558828816, 33.65696417831315], [-117.58493951130808, 33.65696924591667], [-117.58493348782854, 33.65697435712947], [-117.58492751783575, 33.65697951105006], [-117.58492160135732, 33.65698470948152], [-117.58491573944366, 33.65698995060913], [-117.5849099320811, 33.656995233531504], [-117.5849041792833, 33.65700055915014], [-117.5848984831926, 33.6570059265404], [-117.58489284271727, 33.6570113348123], [-117.58488725893521, 33.65701678395429], [-117.58488173291076, 33.65702227305334], [-117.58487626142359, 33.65702780304562], [-117.58487084983625, 33.65703337207038], [-117.58486549708464, 33.6570389810406], [-117.58486020206303, 33.65704462816483], [-117.58485496584944, 33.657050313431576], [-117.58484978844396, 33.65705603684072], [-117.58484467200272, 33.65706179836934], [-117.58483961541994, 33.65706759622581], [-117.58483461869574, 33.6570734304102], [-117.58482968398621, 33.65707930089937], [-117.5848248102133, 33.65708520770486], [-117.58482197192568, 33.657088634730925], [-117.58481908465576, 33.657092031624074], [-117.58481614735321, 33.657095400199005], [-117.58481316214649, 33.65709873862952], [-117.58481012902182, 33.657102046014096], [-117.58480704797911, 33.65710532235269], [-117.58480391901844, 33.657108567645366], [-117.5848007431903, 33.65711178007749], [-117.58479752158641, 33.65711496053906], [-117.58479425311504, 33.65711810814002], [-117.58479093993228, 33.6571212228573], [-117.58478758201048, 33.65712430288793], [-117.58478417936348, 33.65712734913327], [-117.58478073305552, 33.65713036068039], [-117.58477724307282, 33.657133336627666], [-117.58477371049338, 33.657136276963605], [-117.58477013423919, 33.6571391816997], [-117.58476651859496, 33.657142048986735], [-117.58476286035399, 33.657144880662386], [-117.58475916055298, 33.65714767401055], [-117.58475542136188, 33.65715042990962], [-117.58475164168875, 33.65715314746962], [-117.5847478226118, 33.65715582667899], [-117.58474396628698, 33.657158467514684], [-117.58474007053071, 33.65716106819663], [-117.5847361385909, 33.657163629591835], [-117.58473216829765, 33.65716615082178], [-117.58472816287133, 33.65716863095035], [-117.58472412124772, 33.65717107089055], [-117.58472004449102, 33.657173469729365], [-117.58471593366555, 33.65717582655366], [-117.5847117887851, 33.65717814226504], [-117.58470761090015, 33.6571804150488], [-117.58470340002442, 33.65718264580657], [-117.58469915613041, 33.657184832735204], [-117.5846948814018, 33.657186977614714], [-117.58469057582485, 33.65718907954355], [-117.58468624043614, 33.65719113580556], [-117.58468187527714, 33.65719314910536], [-117.5846774813983, 33.657195117628355], [-117.58467305986383, 33.65719704046137], [-117.58466860962338, 33.65719891941919], [-117.58466413388346, 33.65720075266395], [-117.58465963048798, 33.65720254021879], [-117.58465510268492, 33.65720428295065], [-117.58465054935479, 33.65720597816643], [-117.58464597160334, 33.65720762765766], [-117.58464136941673, 33.65720923052278], [-117.58463674602918, 33.65721078672726], [-117.58463209928446, 33.65721229629408], [-117.58462743132506, 33.65721375829862], [-117.58462274215093, 33.65721517274094], [-117.58461803390436, 33.65721653869637], [-117.58461330445682, 33.65721785799112], [-117.58460855809304, 33.65721912877591], [-117.58460379265686, 33.65722035107383], [-117.58459900922638, 33.65722152487328], [-117.58459420995769, 33.65722265015127], [-117.58458939485077, 33.65722372690776], [-117.58458456390575, 33.657224755142764], [-117.58457971817293, 33.65722573304163], [-117.58457485983622, 33.65722666238442], [-117.58456998780363, 33.65722754228102], [-117.58456510315332, 33.65722837272], [-117.58456020588523, 33.65722915370129], [-117.58455529923359, 33.65722988519032], [-117.58455038210654, 33.65723056629699], [-117.58454545558213, 33.657231197009956], [-117.5845405196742, 33.65723177823054], [-117.58453557546082, 33.65723230994735], [-117.58453062399248, 33.65723279034569], [-117.58452566636097, 33.657233220315604], [-117.58452070258022, 33.657233600758595], [-117.58451573371437, 33.6572339307616], [-117.58451076084158, 33.65723421031308], [-117.58450578394799, 33.65723443851151], [-117.58450080306125, 33.65723461715991], [-117.5844958214018, 33.657234745322214], [-117.58449083789154, 33.65723482300986], [-117.58448585359473, 33.65723484930984], [-117.58448086852518, 33.65723482512369], [-117.58447588485285, 33.657234751329874], [-117.58447090147205, 33.6572346261368], [-117.58446592163081, 33.657234450411394], [-117.5844609442511, 33.65723422416528], [-117.58445597042468, 33.657233948288386], [-117.58445100120215, 33.65723362096609], [-117.5844460376891, 33.65723324399], [-117.58444107877992, 33.6572328155685], [-117.5844361277364, 33.65723233747011], [-117.58443118348042, 33.657231809706296], [-117.58442624707637, 33.65723123136403], [-117.58442131852412, 33.657230602443306], [-117.58441640108559, 33.65722992471264], [-117.58441149257698, 33.65722919639197], [-117.58440659624635, 33.657228418348204], [-117.5844017110156, 33.65722759059292], [-117.58439683796284, 33.657226713114575], [-117.5843919781799, 33.65722578680317], [-117.584386771042, 33.65722477945106], [-117.5843815567166, 33.65722379561951], [-117.58437633735971, 33.657222835285275], [-117.58437111189328, 33.657221898459944], [-117.58436587923927, 33.65722098515508], [-117.58436064156757, 33.65722009624913], [-117.58435539778641, 33.65721923085211], [-117.58435014897371, 33.65721838895246], [-117.58434489406521, 33.65721757146327], [-117.5843396352034, 33.657216777459844], [-117.58433437023199, 33.657216006965356], [-117.5843291002429, 33.65721526086981], [-117.58432382630035, 33.65721453826009], [-117.58431854734012, 33.65721384004925], [-117.58431326334836, 33.657213165335826], [-117.58430797541693, 33.65721251500975], [-117.58430268353206, 33.65721188816949], [-117.58429738878564, 33.6572112857051], [-117.58429208900766, 33.65721070673798], [-117.58428678528998, 33.65721015215832], [-117.58428147871072, 33.65720962195444], [-117.58427616817804, 33.65720911523638], [-117.58427085478364, 33.657208632894175], [-117.58426553852766, 33.6572081749278], [-117.58426021941004, 33.6572077413372], [-117.58425489741705, 33.65720733122095], [-117.58424957256236, 33.657206945480475], [-117.58424424483225, 33.65720658321433], [-117.58423891533236, 33.65720624621398], [-117.58423358403509, 33.657205932676426], [-117.58422825095417, 33.657205643503104], [-117.5842229149979, 33.65720537780406], [-117.5842175783498, 33.657205137359306], [-117.58421223882627, 33.65720492038887], [-117.58420689967528, 33.657204727759634], [-117.5842015587682, 33.657204561297775], [-117.58419621603613, 33.657204416495595], [-117.58419087369045, 33.65720429693615], [-117.58418553063906, 33.657204201729385], [-117.58418018579034, 33.65720412998544], [-117.58417484131412, 33.6572040825827], [-117.58416949722411, 33.65720406042269], [-117.58416415241476, 33.65720406171392], [-117.58415880797787, 33.65720408734629], [-117.58415346389965, 33.65720413641841], [-117.58414811912964, 33.65720421074481], [-117.58414277581014, 33.65720430940086], [-117.58413743392735, 33.657204431485056], [-117.58413209133899, 33.657204577921995], [-117.58412675129298, 33.657204749578604], [-117.58412141160561, 33.657204944674895], [-117.58411607336876, 33.65720516410086], [-117.58411073656856, 33.657205406954944], [-117.5841054012327, 33.65720567504028], [-117.58410006841162, 33.65720596654221], [-117.58409473705474, 33.65720628327536], [-117.58408940713458, 33.65720662343659], [-117.584084080821, 33.65720698790449], [-117.58407875594413, 33.65720737580054], [-117.58407343468764, 33.6572077889047], [-117.58406811486779, 33.65720822543699], [-117.5840627986545, 33.65720868627596], [-117.58405748604784, 33.65720917142142], [-117.58405217596969, 33.6572096808851], [-117.58404687056232, 33.65721021374228], [-117.58404156768347, 33.65721077091762], [-117.58403626841123, 33.657211352399585], [-117.58403097273172, 33.65721195728662], [-117.58402568065873, 33.65721258648025], [-117.58402039434846, 33.65721323995743], [-117.58401511055284, 33.65721391685123], [-117.58400983251987, 33.657214618028526], [-117.5840045580935, 33.65721534351249], [-117.58399928941594, 33.65721609237843], [-117.58399402540917, 33.65721686463788], [-117.58398876608697, 33.65721766119246], [-117.58398351252744, 33.6572184820306], [-117.58397826363866, 33.65721932626226], [-117.58397302051254, 33.65722019477744], [-117.5839677820572, 33.65722108668621], [-117.58396255150681, 33.657222001953876], [-117.58395732564098, 33.65722294151663], [-117.58395210660203, 33.657223904449914], [-117.58394689331188, 33.65722489076514], [-117.5839416868624, 33.65722590135243], [-117.58393648722604, 33.65722693440867], [-117.58393129443027, 33.657227991736924], [-117.58392610847525, 33.65722907333717], [-117.5839209293332, 33.65723017740637], [-117.58391575810997, 33.65723130573604], [-117.58391059369974, 33.657232456534665], [-117.58390543720822, 33.657233631593826], [-117.58390028752974, 33.657234829121926], [-117.58389514684809, 33.65723605089893], [-117.58389001297938, 33.65723729514492], [-117.58388488810745, 33.6572385636399], [-117.58387977112666, 33.65723985459228], [-117.5838746631288, 33.65724116889204], [-117.58386956303588, 33.65724250655075], [-117.58363847691638, 33.65730368810841], [-117.58361273935131, 33.65741675937], [-117.58335427814998, 33.65755246330181], [-117.58323960178471, 33.657612831904046], [-117.58289486962622, 33.65779385531191], [-117.58276879106381, 33.65840228493837], [-117.58739251489379, 33.659657498916864], [-117.58742973231712, 33.65958087327849], [-117.58743548213998, 33.65958280341604], [-117.58744124969598, 33.65958469459071], [-117.58744703498508, 33.65958654680264], [-117.587452836943, 33.6595883609648], [-117.58745865769833, 33.65959013525103], [-117.58746449510866, 33.65959187058597], [-117.58747034916018, 33.65959356606813], [-117.58747621986666, 33.659595222598995], [-117.58748210505816, 33.65959683930019], [-117.58748800581269, 33.65959841616014], [-117.58749392214418, 33.659599954080385], [-117.58749985294668, 33.65960145126941], [-117.5875057982342, 33.65960290862869], [-117.58751175692858, 33.65960432616991], [-117.58751772902974, 33.65960570389299], [-117.58752371452397, 33.659607040896375], [-117.58752971233307, 33.65960833719173], [-117.587535723549, 33.6596095936689], [-117.58754174492363, 33.659610809461114], [-117.58754777859929, 33.65961198364365], [-117.58755382352558, 33.65961311803121], [-117.58755987970247, 33.65961421262378], [-117.58756594494614, 33.65961526564142], [-117.58757202142654, 33.65961627796245], [-117.58757810697368, 33.65961724870856], [-117.58758420052334, 33.659618178792826], [-117.58759030423158, 33.65961906819215], [-117.58759641594226, 33.659619916929586], [-117.58760253562772, 33.659620723202075], [-117.58760866225143, 33.65962148972581], [-117.5876147968498, 33.659622213784694], [-117.58762093837258, 33.65962289719319], [-117.58762708680582, 33.6596235390499], [-117.58763323999332, 33.65962413937798], [-117.58763939901321, 33.65962469816575], [-117.5876455638655, 33.65962521541324], [-117.58765173240774, 33.65962569204515], [-117.5876579056904, 33.65962612624686], [-117.58766408372738, 33.65962651891979], [-117.5876702643624, 33.65962687008723], [-117.58767644867353, 33.65962717973752], [-117.5876826355827, 33.65962744788225], [-117.58768882508991, 33.65962767452142], [-117.5876950161171, 33.659627859666564], [-117.5877012086503, 33.6596280024162], [-117.58770740270349, 33.65962810367188], [-117.58771359719843, 33.659628163445056], [-117.58771979213519, 33.65962818173581], [-117.58772598749991, 33.6596281576426], [-117.58773218222831, 33.65962809207853], [-117.58773837632043, 33.659627985043585], [-117.58774456869808, 33.65962783654935], [-117.58775075934753, 33.65962764569434], [-117.58775694829636, 33.65962741428151], [-117.58776313551694, 33.659627140507844], [-117.58776931885302, 33.659626824396504], [-117.58777549941038, 33.65962646773897], [-117.58778167608325, 33.65962606874372], [-117.58778784889932, 33.65962562921388], [-117.58779401783089, 33.65962514734635], [-117.58780018073557, 33.65962462406575], [-117.58780633976959, 33.659624059349014], [-117.5878124916986, 33.65962345323082], [-117.58781863867885, 33.65962280568804], [-117.5878247785541, 33.659622116743805], [-117.58783091240247, 33.65962138638658], [-117.58783703808156, 33.659620615540945], [-117.5878431566418, 33.65961980239242], [-117.58784926811087, 33.65961894874392], [-117.5878553692406, 33.6596180537287], [-117.58786146327914, 33.65961711821359], [-117.58786754805647, 33.65961614132015], [-117.58787362250824, 33.65961512396145], [-117.58787968769884, 33.65961406522453], [-117.5878857414858, 33.65961296603398], [-117.5878917849334, 33.65961182547662], [-117.58789781697742, 33.65961064446568], [-117.58790383763161, 33.65960942390268], [-117.58790984579026, 33.65960816199599], [-117.58791584254526, 33.65960685963577], [-117.5879218257404, 33.659605516845055], [-117.58792779645383, 33.659604133612255], [-117.58793375362127, 33.65960271085047], [-117.5879396961507, 33.65960124766989], [-117.58794562513414, 33.65959974496033], [-117.58795153840153, 33.6595982018434], [-117.58795743704478, 33.65959661920907], [-117.58796332106387, 33.65959499705741], [-117.58796918938069, 33.6595933354], [-117.5879750409172, 33.659591634248315], [-117.58798087567338, 33.659589893602444], [-117.58798669366304, 33.65958811436382], [-117.58799249485853, 33.65958629472952], [-117.58799827822318, 33.65958443741558], [-117.58800404265132, 33.6595825406306], [-117.5880097892348, 33.659580605264516], [-117.58801551795979, 33.659578630415794], [-117.5880212256197, 33.6595766179222], [-117.58802691544882, 33.65957456774903], [-117.58803227697295, 33.659572624792425], [-117.58803764959596, 33.65957070245512], [-117.58804303331787, 33.65956880073719], [-117.58804842704677, 33.6595669187486], [-117.58805382973222, 33.65956505830409], [-117.5880592435166, 33.65956321847887], [-117.58806466732179, 33.65956139928458], [-117.58807010114776, 33.65955960072116], [-117.58807554391646, 33.65955782280029], [-117.58808099671988, 33.6595560664118], [-117.58808645953026, 33.65955432975271], [-117.58809193236148, 33.65955261372455], [-117.5880974130712, 33.65955091925188], [-117.5881029038018, 33.65954924541022], [-117.58810840347508, 33.65954759221097], [-117.5881139110269, 33.65954596056731], [-117.58811942859957, 33.65954434955455], [-117.58812495403689, 33.65954275919581], [-117.58813048843088, 33.65954119038112], [-117.58813603070331, 33.65953964312194], [-117.58814158191855, 33.659538116505225], [-117.58814714207656, 33.65953661053099], [-117.58815270903509, 33.65953512612392], [-117.58815828495013, 33.6595336632608], [-117.58816386872994, 33.659532221051734], [-117.58816945931014, 33.659530800409804], [-117.58817505775511, 33.65952940042193], [-117.58818066409238, 33.659528022891124], [-117.58818627829446, 33.65952666601432], [-117.58819189929699, 33.65952533070468], [-117.588197528178, 33.659524016950556], [-117.58820316384575, 33.659522723862054], [-117.58820880632773, 33.65952145324227], [-117.58821445559639, 33.65952020328795], [-117.58822011167938, 33.65951897580241], [-117.58822577454902, 33.65951776898242], [-117.58823144421913, 33.659516583729534], [-117.5882371196255, 33.65951542095692], [-117.58824280183237, 33.65951427975136], [-117.58824848976164, 33.659513160124575], [-117.58825418339951, 33.659512061174915], [-117.58825988385169, 33.659510984693895], [-117.58826559002632, 33.65950992979156], [-117.58827130084528, 33.65950889647952], [-117.58827701846477, 33.659507884734566], [-117.58828274072866, 33.65950689457989], [-117.58828846872873, 33.65950592690546], [-117.58829420245132, 33.659504980809686], [-117.58829993974018, 33.659504056315754], [-117.58830568382956, 33.65950315338892], [-117.58831143149904, 33.659502272965476], [-117.58831718489101, 33.6595014141207], [-117.58832294294118, 33.65950057776769], [-117.58832870454384, 33.659499762115026], [-117.5883344708185, 33.65949896985564], [-117.58834024172374, 33.65949819828498], [-117.58834601620913, 33.659497449217696], [-117.58835179427466, 33.65949672265375], [-117.5883575769846, 33.659496017680105], [-117.58836336326084, 33.65949533430823], [-117.5883691531173, 33.65949467343974], [-117.58837494761806, 33.659494034161526], [-117.58838074354288, 33.65949341740979], [-117.58838654411217, 33.659492822248296], [-117.58839234826156, 33.65949224959017], [-117.58839815382113, 33.659491698556984], [-117.58840396296092, 33.659491170027174], [-117.5884097746028, 33.65949066401229], [-117.58841558981102, 33.659490179599246], [-117.58842140752132, 33.659489717701106], [-117.5884272277199, 33.659489277416355], [-117.58843304934258, 33.65948885965811], [-117.58843887453156, 33.6594884635017], [-117.58844470114464, 33.659488089871786], [-117.58845052918173, 33.659487738768355], [-117.58845635970708, 33.65948740927833], [-117.58846219165652, 33.659487102314806], [-117.58846802610806, 33.65948681786618], [-117.58847386089181, 33.65948655505413], [-117.58847969709953, 33.65948631476853], [-117.5884855358095, 33.65948609699793], [-117.58849137485154, 33.6594859008638], [-117.58849721423961, 33.659485727267764], [-117.58850305503789, 33.65948557529665], [-117.58850889727414, 33.659485446753656], [-117.58851473982868, 33.659485338945586], [-117.58852058166497, 33.65948525458875], [-117.58852642491154, 33.65948519185683], [-117.58853226850411, 33.65948515166298], [-117.58853811244272, 33.65948513400725], [-117.58854395671352, 33.659485137988064], [-117.58854980025224, 33.65948516451842], [-117.5885556441231, 33.65948521268543], [-117.58856148727581, 33.65948528430358], [-117.58856732966876, 33.659485376668286], [-117.5885731724216, 33.659485492472626], [-117.58857901335051, 33.65948562993661], [-117.58858485462544, 33.65948578993869], [-117.58859069409024, 33.65948597250202], [-117.58986857653129, 33.65832150973316], [-117.59040452744668, 33.658403269805554], [-117.59108666925773, 33.658592351412395], [-117.59011977934239, 33.659655976432795], [-117.59012329501317, 33.65965593954602], [-117.59012681060085, 33.659655897249856], [-117.59013032716958, 33.65965584863134], [-117.59013384256316, 33.65965579371351], [-117.59013735785982, 33.659655732484886], [-117.59014087305944, 33.659655664945404], [-117.59014438817589, 33.65965559199666], [-117.59014790210342, 33.65965551184711], [-117.59015141702585, 33.65965542627669], [-117.59015493185132, 33.65965533439543], [-117.59015844550164, 33.659655236214846], [-117.59016195905498, 33.65965513172351], [-117.59016547358935, 33.65965502090977], [-117.59016898694867, 33.659654903796756], [-117.59017249914675, 33.65965478128601], [-117.59017601231197, 33.65965465155135], [-117.59017952431597, 33.65965451641894], [-117.59018303622298, 33.65965437497572], [-117.59018654801909, 33.65965422632011], [-117.59019005973204, 33.659654072255194], [-117.5901935702699, 33.65965391189106], [-117.59019708072462, 33.65965374611763], [-117.59020058999032, 33.6596535731434], [-117.59020409917282, 33.65965339475987], [-117.59020760824454, 33.659653209163956], [-117.59021111723301, 33.659653018158814], [-117.59021462504641, 33.65965282085437], [-117.59021813276283, 33.65965261723909], [-117.59022164038217, 33.659652407313004], [-117.5902251468264, 33.65965219108762], [-117.59022865317357, 33.65965196855148], [-117.59023215835953, 33.6596517406176], [-117.59023566343454, 33.6596515054713], [-117.59023916734836, 33.659651264927376], [-117.59024267116513, 33.6596510180725], [-117.59024617380675, 33.65965076491849], [-117.59024967635136, 33.65965050545363], [-117.59025317772084, 33.659650239689505], [-117.59025667900715, 33.65964996851606], [-117.59026017910446, 33.65964969014184], [-117.59026367911866, 33.65964940635834], [-117.59026717795766, 33.65964911627559], [-117.59027067669966, 33.659648819881994], [-117.59027417426651, 33.659648517189154], [-117.59027767065824, 33.659648208197154], [-117.59028116587481, 33.65964789290583], [-117.59028466100823, 33.6596475722052], [-117.59028815604461, 33.659647245193774], [-117.59029164881392, 33.659646910993175], [-117.59029514150009, 33.6596465713832], [-117.5902986330249, 33.65964622637558], [-117.59030212443885, 33.65964587415555], [-117.59030561359958, 33.65964551564787], [-117.59030910267707, 33.659645151730935], [-117.59031259165756, 33.65964478150314], [-117.59031607838483, 33.659644404987695], [-117.59031956501504, 33.659644022161416], [-117.59032304939204, 33.659643633047516], [-117.59032653367197, 33.65964323762275], [-117.5903300167906, 33.659642836800266], [-117.59033349981222, 33.65964242966693], [-117.5903369805806, 33.65964201624601], [-117.5903404601738, 33.65964159652582], [-117.59034394074813, 33.65964117048318], [-117.59034741906916, 33.6596407381529], [-117.5903508951508, 33.65964030043651], [-117.59035437113538, 33.65963985640929], [-117.59035784594485, 33.659639406082846], [-117.59036131957917, 33.659638949457104], [-117.59036479203832, 33.65963848653218], [-117.59036826225812, 33.659638018221116], [-117.59037173236702, 33.65963754269768], [-117.59037520131463, 33.65963706177649], [-117.590378669087, 33.65963657455617], [-117.59038213569818, 33.65963608193809], [-117.59038560004221, 33.65963558213081], [-117.59038906430305, 33.659635076914235], [-117.59039252631061, 33.659634565409995], [-117.5903959871431, 33.65963404760658], [-117.59039944787844, 33.659633523492296], [-117.59040290637445, 33.659632993991856], [-117.59040636261716, 33.65963245820378], [-117.59040981876292, 33.659631916104885], [-117.59041327373342, 33.65963136770675], [-117.5904167264507, 33.659630813020975], [-117.59042017800665, 33.65963025293748], [-117.59042362838751, 33.65962968655477], [-117.59042707759313, 33.65962911387279], [-117.59043052454554, 33.659628534903206], [-117.59043397033666, 33.65962795053589], [-117.5904374138606, 33.6596273589794], [-117.59044085622331, 33.659626762025205], [-117.59044429742467, 33.659626159673294], [-117.5904477374371, 33.65962555012059], [-117.59045117628811, 33.65962493517016], [-117.59045461288592, 33.65962431393215], [-117.59045804723047, 33.659623686406434], [-117.59046148149183, 33.65962305347144], [-117.59046491348597, 33.65962241334731], [-117.59047123727052, 33.65962120382778], [-117.59047755417042, 33.659619967331494], [-117.59048386421348, 33.65961870566146], [-117.59049016629395, 33.65961741702627], [-117.59049646045332, 33.65961610413049], [-117.59050274772804, 33.65961476425793], [-117.5905090259898, 33.659613399234786], [-117.59051529739465, 33.65961200903804], [-117.59052155977267, 33.659610592789186], [-117.59052781421565, 33.6596091513782], [-117.59053405963175, 33.65960768391517], [-117.59054029709895, 33.6596061903885], [-117.59054652556698, 33.659604672612815], [-117.59055274500807, 33.659603128785136], [-117.59055895434413, 33.65960155891698], [-117.59056515575905, 33.65959996478823], [-117.59057134814704, 33.65959834460746], [-117.59057753044385, 33.65959669928778], [-117.59058370264941, 33.65959502882911], [-117.59058986584192, 33.65959333321999], [-117.59059601786512, 33.65959161248354], [-117.59060216086131, 33.65958986569505], [-117.59060829270211, 33.65958809468077], [-117.59061441445166, 33.659586298527536], [-117.59062052503194, 33.659584477247066], [-117.59062662552095, 33.65958263082766], [-117.59063271485454, 33.6595807601824], [-117.59063879409692, 33.65957886439834], [-117.59064486109183, 33.6595769434985], [-117.59065091691744, 33.65957499747137], [-117.59065696158754, 33.65957302721846], [-117.59066299293214, 33.65957103186143], [-117.59066901419935, 33.65956901226703], [-117.59067502431107, 33.65956696844684], [-117.59068102109727, 33.6595648995226], [-117.59068700672792, 33.65956280637251], [-117.59069297903308, 33.659560688118376], [-117.59069894018268, 33.65955854563844], [-117.5907048880345, 33.65955637985747], [-117.59071082256077, 33.659554188972415], [-117.59071674485344, 33.65955197387319], [-117.59072265383435, 33.659549734571364], [-117.59072854950361, 33.659547471067015], [-117.59073443293926, 33.65954518334842], [-117.59074030198502, 33.659542871438966], [-117.59074615773305, 33.65954053622841], [-117.59075199909118, 33.65953817682694], [-117.59075782715146, 33.65953579412438], [-117.59076364188618, 33.65953338631775], [-117.59076944118071, 33.65953095613485], [-117.5907752271635, 33.659528501749385], [-117.59078099875647, 33.65952602317293], [-117.59078675489538, 33.65952352131867], [-117.59079249773639, 33.65952099616341], [-117.5907982251234, 33.659518447730306], [-117.59080393705628, 33.65951587601941], [-117.59080963459931, 33.65951328011752], [-117.59081531562407, 33.65951066185095], [-117.59082098225892, 33.65950801939346], [-117.59082663345364, 33.659505354559656], [-117.59083226811612, 33.65950266645967], [-117.59083788841652, 33.65949995597181], [-117.59084349109277, 33.659497221327804], [-117.59084907940685, 33.659494464295896], [-117.59085465012457, 33.65949168491092], [-117.59086020538817, 33.65948888224814], [-117.59086574413347, 33.65948605722069], [-117.59087126528227, 33.65948320984017], [-117.59087676989895, 33.65948033919342], [-117.59088225799727, 33.65947744618206], [-117.59088772959113, 33.659474531707545], [-117.5908931835747, 33.659471593978374], [-117.59089862103991, 33.65946863388465], [-117.59090403984452, 33.65946565235094], [-117.59090944213068, 33.65946264845254], [-117.59091482682052, 33.659459622201105], [-117.59092019391382, 33.65945657359666], [-117.59092554234651, 33.65945350355223], [-117.59093087319658, 33.65945041205635], [-117.59093618645026, 33.65944729820733], [-117.59094148104326, 33.659444162918476], [-117.59094675697554, 33.65944100618967], [-117.59095201423332, 33.65943782711941], [-117.59095725284425, 33.65943462751081], [-117.59096247279457, 33.65943140646225], [-117.59096767407031, 33.6594281630723], [-117.59097285669918, 33.659424899143936], [-117.5909780196032, 33.65942161468878], [-117.59098316276845, 33.65941830880541], [-117.59098828727296, 33.65941498148209], [-117.59099339313073, 33.659411633620415], [-117.59099847817156, 33.65940826434201], [-117.59100354348752, 33.65940487453685], [-117.59100858907857, 33.65940146420497], [-117.59101361494467, 33.6593980333463], [-117.59101862000777, 33.6593945819725], [-117.59102360535984, 33.65939111097344], [-117.59102857097308, 33.659387618546134], [-117.59103351471916, 33.6593841065168], [-117.59211899764911, 33.65860544410146], [-117.59168170814488, 33.65819980373282], [-117.5919354302233, 33.65776354836205], [-117.59211968744954, 33.65785124369919], [-117.59208805173826, 33.658125273934004], [-117.59239344934277, 33.658408565324876], [-117.59342028690399, 33.65767193956817], [-117.5934252768078, 33.65766835661172], [-117.5934302634215, 33.657664770083706], [-117.59343524565305, 33.65766117909433], [-117.5934402246083, 33.65765758543499], [-117.5934452002734, 33.657653988204174], [-117.59345017155628, 33.65765038651191], [-117.59345513956298, 33.65764678214974], [-117.59346010318748, 33.657643173326136], [-117.59346506353573, 33.65763956183262], [-117.59347002057989, 33.657635945866055], [-117.5934749732697, 33.65763232724116], [-117.59347992265546, 33.657628704143235], [-117.59348486767297, 33.65762507748549], [-117.59348980833613, 33.65762144816939], [-117.59349474785134, 33.65761781435704], [-117.59349968084219, 33.65761417700806], [-117.59350461162094, 33.65761053607597], [-117.59350953803143, 33.657606891584024], [-117.59351446007364, 33.65760324353219], [-117.59351937883959, 33.657599592810456], [-117.59352429430152, 33.65759593761567], [-117.5935292043171, 33.65759227887265], [-117.59353411212055, 33.657588616546555], [-117.59353901555578, 33.65758495066058], [-117.5935439157008, 33.65758128120311], [-117.5935488114776, 33.657577608185804], [-117.59355370288617, 33.65757393160863], [-117.59355859100455, 33.65757025145997], [-117.59356347583274, 33.65756656773983], [-117.59356835629268, 33.65756288045984], [-117.59357323241218, 33.65755919142308], [-117.59357810521371, 33.657555497011764], [-117.59358297472502, 33.65755179902897], [-117.59358783986815, 33.65754809748627], [-117.59359269956492, 33.657544392395415], [-117.59359755706353, 33.657540684623], [-117.59360241125799, 33.657536972377514], [-117.59360726000617, 33.65753325658384], [-117.59361210655617, 33.6575295381086], [-117.59361694764593, 33.65752581518353], [-117.59362178652354, 33.65752208867547], [-117.59362661996877, 33.65751835952063], [-117.59363145118799, 33.65751462588121], [-117.5936362769748, 33.657510889595066], [-117.59364109947143, 33.65750714973747], [-117.59364591867788, 33.65750340630838], [-117.59365073350216, 33.65749965841795], [-117.59365554397209, 33.65749590786919], [-117.59366035115187, 33.65749215374892], [-117.59366515396333, 33.65748839606886], [-117.59366995240666, 33.65748463482888], [-117.59367474755972, 33.65748087001752], [-117.59367953943654, 33.65747710253615], [-117.59374620477807, 33.65742398360699], [-117.59375093653537, 33.65742016357141], [-117.59375566500249, 33.65741633996438], [-117.59376038910136, 33.657412512797535], [-117.59376510884593, 33.6574086829723], [-117.59376982528634, 33.65740484867415], [-117.59377453737247, 33.657401011717695], [-117.59377924399836, 33.65739717031148], [-117.59378394842605, 33.65739332622375], [-117.59378864848546, 33.65738947857609], [-117.59379334419052, 33.657385628270205], [-117.59379803659148, 33.65738177349131], [-117.59380272463812, 33.65737791605412], [-117.59380740830261, 33.657374054155554], [-117.59381208867697, 33.65737018868553], [-117.59381676469691, 33.6573663205572], [-117.59382143636249, 33.657362449770574], [-117.59382610472404, 33.65735857451099], [-117.59383076873121, 33.65735469659311], [-117.59383542837017, 33.657350815115336], [-117.59384008364086, 33.657346930077765], [-117.59384473562133, 33.65734304146871], [-117.59384938323358, 33.657339149299816], [-117.59385402756953, 33.657335254461096], [-117.59385866645916, 33.65733135607407], [-117.59386330205865, 33.65732745411565], [-117.59386793436792, 33.65732354858578], [-117.59387256230897, 33.65731963949606], [-117.59387718589564, 33.657315727748056], [-117.59388180511408, 33.657311812440206], [-117.59388642104233, 33.65730789356091], [-117.59389103152424, 33.657303971133416], [-117.5938956387299, 33.65730004603603], [-117.59470955066708, 33.65660593279067], [-117.59471828559077, 33.656598462804276], [-117.59472699754016, 33.65659097142468], [-117.59473568547888, 33.656583461368], [-117.594744348315, 33.656575931744406], [-117.59475298711263, 33.656568381640774], [-117.59476160188568, 33.65656081195859], [-117.59477019157005, 33.656553223611056], [-117.5947787561379, 33.65654561479502], [-117.59478729561702, 33.656537987313705], [-117.59479581214961, 33.65653034024219], [-117.59480430250161, 33.65652267361543], [-117.59481276884287, 33.656514988311706], [-117.5948212090035, 33.65650728345274], [-117.59482962406155, 33.656499559026834], [-117.59483801510889, 33.65649181592402], [-117.59484637997564, 33.656484053266], [-117.59485471976755, 33.65647627284416], [-117.59486303444294, 33.656468471953936], [-117.59487132402971, 33.656460652398415], [-117.59487958746355, 33.65645281509076], [-117.59488782579479, 33.65644495821623], [-117.59489603797321, 33.656437083589566], [-117.59490422504902, 33.65642918939612], [-117.59491238597201, 33.65642127745055], [-117.59492052179243, 33.65641334593811], [-117.59492863146001, 33.656405396673605], [-117.59493671603887, 33.656397428743794], [-117.59494477446493, 33.656389443061876], [-117.59495280672424, 33.656381438726356], [-117.59496081283075, 33.65637341663869], [-117.59496879277052, 33.6563653758975], [-117.59497674762159, 33.656357316490954], [-117.59498467525573, 33.65634924024558], [-117.59499257673703, 33.65634114624807], [-117.59500045205161, 33.65633303359695], [-117.59500830121345, 33.65632490319381], [-117.59501612313046, 33.656316754148676], [-117.59502391890861, 33.656308588253005], [-117.59503168853394, 33.656300404605304], [-117.59503943092841, 33.656292203217205], [-117.5950471471701, 33.656283984077064], [-117.59505483727293, 33.65627574808642], [-117.5950624990529, 33.65626749346542], [-117.59507013470795, 33.65625922289556], [-117.59507774311824, 33.65625093368367], [-117.59508532432555, 33.656242628534514], [-117.5950928793661, 33.656234304731775], [-117.59510040720369, 33.65622596499177], [-117.59510790781046, 33.656217607511394], [-117.59511538120033, 33.65620923319213], [-117.59512282737325, 33.65620084203411], [-117.59513024632932, 33.65619243403725], [-117.59513763805458, 33.65618400830001], [-117.59514500257686, 33.656175566625464], [-117.59515233988219, 33.656167108112164], [-117.5951596499846, 33.656158633661555], [-117.59516693177815, 33.656150141482286], [-117.59517418529066, 33.65614163337737], [-117.59518141160025, 33.6561331093352], [-117.59518861069296, 33.65612456845422], [-117.59519578149073, 33.656116010746075], [-117.59520292509946, 33.65610743800231], [-117.5952100404133, 33.6560988484313], [-117.59521712743224, 33.656090242033244], [-117.59522418726216, 33.65608162059946], [-117.59523121881105, 33.65607298324004], [-117.59523822207899, 33.65606432995503], [-117.59524519597399, 33.65605565985463], [-117.59525214267995, 33.65604697471847], [-117.59525906110498, 33.65603827365679], [-117.59526595124903, 33.65602955666945], [-117.59527281419024, 33.65602082374502], [-117.59527964778634, 33.656012075808164], [-117.59528645310141, 33.65600331194576], [-117.59529322907146, 33.65599453307093], [-117.59529997783861, 33.65598573825896], [-117.59530669727461, 33.655976929336134], [-117.59531338950772, 33.65596810447612], [-117.59532005130386, 33.655959263713854], [-117.59532668484688, 33.655950408829135], [-117.59533329012288, 33.65594153892039], [-117.59533986603995, 33.65593265309777], [-117.59534641262589, 33.65592375316442], [-117.59535293093093, 33.6559148373055], [-117.59535941991874, 33.65590590823726], [-117.59536588062569, 33.655896963243556], [-117.59537231200159, 33.655888004139086], [-117.59537871296828, 33.655879030935424], [-117.59538508566807, 33.65587004270783], [-117.59539143011476, 33.65586104035777], [-117.59539774413851, 33.65585202300709], [-117.59540402775306, 33.655842991557215], [-117.59541028311462, 33.65583394598497], [-117.59541650914512, 33.655824886301964], [-117.59542270585847, 33.65581581340973], [-117.59542887324075, 33.65580672640675], [-117.5954350112781, 33.655797624391454], [-117.59544111890636, 33.65578850827708], [-117.5954471982956, 33.655779378941794], [-117.59568959969195, 33.65541413246464], [-117.59569280973484, 33.655409324300166], [-117.59569604366115, 33.655404526698106], [-117.59569930259072, 33.65539974235129], [-117.59570258757378, 33.65539496944504], [-117.59570589754613, 33.65539020889257], [-117.59570923359975, 33.65538546158371], [-117.59571259462876, 33.655380725727106], [-117.59571598064706, 33.655376002224195], [-117.59571939059059, 33.65537129198824], [-117.59572282661534, 33.65536659499588], [-117.59572628762945, 33.6553619103573], [-117.59572977363283, 33.655357238072426], [-117.5957332846394, 33.655352579042855], [-117.59573682064918, 33.65534793326851], [-117.59574038059812, 33.65534330166262], [-117.59574396553633, 33.65533868241045], [-117.59574757547769, 33.655334076413496], [-117.59575120934424, 33.65532948368348], [-117.59575486822793, 33.655324905110255], [-117.5957585510507, 33.65532034070546], [-117.59576225779858, 33.655315789567545], [-117.59576598954968, 33.655311251684815], [-117.59576974417578, 33.655306728883765], [-117.59577352381892, 33.65530222023943], [-117.59577732738724, 33.65529772486197], [-117.59578115489458, 33.65529324365296], [-117.59578500741902, 33.65528877660072], [-117.59578888174046, 33.65528432464171], [-117.59579278106499, 33.6552798859379], [-117.59579670327842, 33.65527546321714], [-117.5958006483389, 33.65527105377497], [-117.59580461736631, 33.65526666030425], [-117.59580861033274, 33.6552622810019], [-117.59581262617414, 33.65525791678114], [-117.59581666489044, 33.65525356764191], [-117.5958207275597, 33.65524923357264], [-117.59582481202585, 33.6552449145965], [-117.59582892044497, 33.65524061069035], [-117.59583305173902, 33.65523632186572], [-117.59583720484386, 33.65523204903582], [-117.59584138191562, 33.655227792177364], [-117.59584558078421, 33.65522355041206], [-117.59584980252774, 33.655219323728325], [-117.5958540471601, 33.655215113027715], [-117.59585831361714, 33.65521091922325], [-117.5958626018711, 33.65520674051205], [-117.59586691301386, 33.65520257778388], [-117.59587124596747, 33.65519843105042], [-117.5958756018238, 33.655194301201526], [-117.59587997839893, 33.65519018645748], [-117.59588437787681, 33.655186088597986], [-117.59588879810143, 33.655182007646395], [-117.59589324013677, 33.65517794268953], [-117.59589770399687, 33.65517389462883], [-117.59590218968162, 33.65516986346437], [-117.5959066960992, 33.65516584830624], [-117.59591122434145, 33.65516185004431], [-117.59591577442228, 33.655157869580144], [-117.59592034523588, 33.655153905122305], [-117.5959249367962, 33.65514995757228], [-117.59592954911706, 33.65514602783167], [-117.59593418324869, 33.655142114085685], [-117.59593883707683, 33.65513821906227], [-117.59594351272969, 33.655134340935106], [-117.59594820806507, 33.65513048062892], [-117.59595292522515, 33.655126637218935], [-117.59595766098975, 33.65512281164157], [-117.59596241859295, 33.65511900386196], [-117.59596719695678, 33.65511521389171], [-117.59597199392513, 33.655111441754066], [-117.59597681165403, 33.65510768742582], [-117.5959816490794, 33.65510395182003], [-117.59598650617342, 33.65510023313379], [-117.5959913829639, 33.655096533169996], [-117.595996279437, 33.65509285102725], [-117.59600119560648, 33.65508918760699], [-117.59600613145855, 33.65508554200773], [-117.59601108592906, 33.655081915142624], [-117.59601606009608, 33.655078307], [-117.59602105395953, 33.65507471757994], [-117.59602606642754, 33.65507114599245], [-117.59603109751394, 33.655067593139165], [-117.5960361483108, 33.655064059909826], [-117.59604121771213, 33.65506054451317], [-117.59604630466782, 33.6550570487638], [-117.59605141132002, 33.65505357173692], [-117.5960565366045, 33.6550501143457], [-117.59606167941551, 33.65504667479875], [-117.59606684087287, 33.65504325578893], [-117.5960720198706, 33.65503985552489], [-117.59607721748674, 33.65503647399503], [-117.59608243265728, 33.655033112112456], [-117.59608766538214, 33.65502976987713], [-117.5960929167394, 33.655026447277464], [-117.59609818565096, 33.655023144325156], [-117.59610347211688, 33.65501986102005], [-117.59610877613716, 33.65501659736226], [-117.59611409663374, 33.655013353363465], [-117.59611943576269, 33.65501012900023], [-117.59653835075594, 33.65475830739265], [-117.59654265588541, 33.65475571363583], [-117.59654695551315, 33.654753112724826], [-117.59655124854713, 33.65475050376969], [-117.59655553501517, 33.65474788857353], [-117.59655981596751, 33.654745265321694], [-117.5965640892481, 33.65474263403732], [-117.59656835704078, 33.65473999650036], [-117.59657261716171, 33.65473735093086], [-117.59657687179475, 33.65473469910876], [-117.596581118756, 33.654732039254206], [-117.59658536021551, 33.65472937224544], [-117.59658959509515, 33.654726698094116], [-117.59659382338103, 33.65472401589871], [-117.59659804402307, 33.65472132747396], [-117.59660225916318, 33.65471863189496], [-117.59660646770962, 33.654715928271905], [-117.59661066861213, 33.654713218419445], [-117.59661486399888, 33.654710500511335], [-117.59661905280578, 33.65470777546061], [-117.59662323395487, 33.65470504327897], [-117.59662740853803, 33.654702304856336], [-117.59663157760546, 33.65469955837796], [-117.59663573901504, 33.654696804768726], [-117.5966398938448, 33.65469404401691], [-117.5966440410306, 33.65469127703574], [-117.59664818270072, 33.6546885019988], [-117.59665231672685, 33.65468572073253], [-117.59665644415924, 33.654682931422236], [-117.59666056502567, 33.65468013587086], [-117.59666467929841, 33.654677332275384], [-117.59666878592719, 33.6546745224506], [-117.59667288597619, 33.65467170548327], [-117.59667697944528, 33.65466888137342], [-117.59668106417853, 33.65466605014426], [-117.59668514340991, 33.65466321176093], [-117.59668921607543, 33.654660367136614], [-117.59669328108303, 33.654657515381395], [-117.59669733951085, 33.65465465648365], [-117.59670139135882, 33.65465179044336], [-117.59670543554894, 33.654648917272176], [-117.59670947317314, 33.65464603785998], [-117.59671350312553, 33.654643150415374], [-117.59671752651198, 33.65464025672976], [-117.59672154225451, 33.65463735681479], [-117.59672555140331, 33.6546344488558], [-117.59672955292206, 33.654631535568946], [-117.59673354786102, 33.65462861513956], [-117.59673753512813, 33.654625686677775], [-117.59674151582934, 33.65462275197497], [-117.59674548888664, 33.65461981104283], [-117.59674945427209, 33.65461686207826], [-117.59675341416971, 33.654613906861044], [-117.5967573653453, 33.65461094542616], [-117.59676130994109, 33.65460797684872], [-117.596765246879, 33.654605001140425], [-117.59676917617294, 33.65460201920272], [-117.59677309888711, 33.65459903012255], [-117.59677701395725, 33.654596034813004], [-117.5967809213696, 33.65459303237255], [-117.59678482113797, 33.65459002370281], [-117.59678871432644, 33.65458700789053], [-117.59679259985714, 33.65458398494739], [-117.59679647775778, 33.654580956676405], [-117.5968003479866, 33.654577920373065], [-117.59680421166347, 33.65457487873022], [-117.59680806768247, 33.654571829956495], [-117.59681191496553, 33.65456877406358], [-117.59681575676069, 33.65456571191803], [-117.59681958983391, 33.65456264355478], [-117.59682341524929, 33.654559568060705], [-117.5968272330207, 33.65455648633721], [-117.59683104422618, 33.65455339837279], [-117.59683484670967, 33.654550304190664], [-117.59683864261333, 33.65454720286602], [-117.59684243085916, 33.6545440944105], [-117.59684621039688, 33.654540980638814], [-117.5968499833548, 33.654537859724655], [-117.59685374866876, 33.65453473258119], [-117.59685750526076, 33.65453159921999], [-117.59686125527288, 33.65452845871625], [-117.596864996577, 33.6545253128964], [-117.59686873130124, 33.65452215993408], [-117.59687245622548, 33.65451900076569], [-117.5968761756479, 33.65451583444311], [-117.59687988636229, 33.65451266280443], [-117.59688358941884, 33.65450948403489], [-117.59688728484532, 33.65450629993751], [-117.59689097261396, 33.654503108709314], [-117.59689465166063, 33.65449991126345], [-117.59689832414138, 33.65449670757661], [-117.5969019879001, 33.65449349767204], [-117.59690564401491, 33.65449028153819], [-117.59690929248582, 33.654487059175054], [-117.59691293331272, 33.65448383058259], [-117.5969165654177, 33.65448059577239], [-117.59692018987867, 33.65447735473288], [-117.59692380669577, 33.65447410746411], [-117.59692741479084, 33.65447085397762], [-117.59693101632006, 33.65446759425014], [-117.59693462098554, 33.65446432817697], [-117.59693823111057, 33.654461066553075], [-117.59694184777307, 33.65445780936688], [-117.59694546880311, 33.65445455574007], [-117.59694909527879, 33.65445130566107], [-117.59695272721387, 33.65444806003141], [-117.5969563635305, 33.654444818862764], [-117.59696000638462, 33.65444158213174], [-117.59696365362024, 33.6544383498617], [-117.59696730630144, 33.654435121139485], [-117.59697096444211, 33.654431896866555], [-117.5969746280283, 33.654428676141436], [-117.59697829600995, 33.65442546077879], [-117.59698197051517, 33.654422248952365], [-117.59698564938797, 33.65441904068529], [-117.59698933373417, 33.654415837769115], [-117.59699302352593, 33.65441263840071], [-117.5969967176992, 33.6544094434933], [-117.59700041733191, 33.65440625303513], [-117.59700412348823, 33.65440306611322], [-117.59700783294804, 33.65439988366383], [-117.59701154894529, 33.65439670565217], [-117.59701526932412, 33.65439353210144], [-117.59701899516236, 33.65439036300005], [-117.59702272644618, 33.65438719744645], [-117.59702646318952, 33.654384036342115], [-117.59703020431435, 33.65438087969879], [-117.59703395089863, 33.654377727504794], [-117.59703770292852, 33.654374578858544], [-117.59704145935379, 33.65437143557483], [-117.59704522122458, 33.65436829583886], [-117.59704898855493, 33.65436516055224], [-117.5970527613448, 33.65436202971491], [-117.5970565374241, 33.65435890244864], [-117.59706032005491, 33.654355780521556], [-117.59706410705327, 33.654352662153975], [-117.59706789951109, 33.65434954823562], [-117.59707169744235, 33.654346439668174], [-117.59707550081922, 33.65434333464852], [-117.59707930856356, 33.65434023318822], [-117.59708312070335, 33.65433713709045], [-117.5970869393806, 33.65433404543033], [-117.59709076242545, 33.65433095732968], [-117.59709458986572, 33.65432787459147], [-117.59709842384345, 33.65432479629093], [-117.59710226112466, 33.654321722463024], [-117.59710610492947, 33.65431865217121], [-117.5971099531157, 33.65431558634034], [-117.5971138056835, 33.654312524970486], [-117.59711766371073, 33.65430946804987], [-117.59712152719747, 33.65430641557861], [-117.5971253961437, 33.65430336755663], [-117.59712926947141, 33.6543003239956], [-117.59713314718057, 33.65429728489557], [-117.59713703034927, 33.65429425024479], [-117.59714091897743, 33.65429122004331], [-117.59714481197318, 33.65428819340129], [-117.59714870936426, 33.654285172121746], [-117.59715261221491, 33.654282155291455], [-117.59715651944701, 33.654279142922164], [-117.59716043213858, 33.65427613500218], [-117.59716435028967, 33.654273131531475], [-117.59716827282224, 33.65427013252172], [-117.5971721997223, 33.654267137071386], [-117.59717613209591, 33.65426414697185], [-117.59718006885088, 33.65426116133332], [-117.59718401106538, 33.65425818014407], [-117.59718795767527, 33.65425520431731], [-117.59719190973077, 33.654252232038274], [-117.59719586616772, 33.6542492642202], [-117.59719982806416, 33.65424630085142], [-117.59720379435605, 33.65424334284515], [-117.59720776501541, 33.65424038839827], [-117.59721174114824, 33.654237439302186], [-117.59721572164858, 33.65423449376551], [-117.5972197076224, 33.65423155357975], [-117.59722369797768, 33.654228617854855], [-117.59722769271441, 33.65422568659093], [-117.59723169291068, 33.654222759776275], [-117.59723569748839, 33.65421983742258], [-117.59723970646158, 33.65421692043144], [-117.59724372088023, 33.65421400698791], [-117.59724773861633, 33.654211098918594], [-117.59725176288991, 33.65420819528693], [-117.59725579154505, 33.65420529611616], [-117.59725982458161, 33.65420240140635], [-117.59726386199966, 33.654199511157444], [-117.59726790489108, 33.65419662625936], [-117.59727195216406, 33.65419374582228], [-117.59727600380455, 33.65419086894455], [-117.59728006091845, 33.65418799741763], [-117.59728412242781, 33.654185131253264], [-117.59728818830472, 33.654182268648206], [-117.59729225857697, 33.654179411405664], [-117.59729633430877, 33.65417655861241], [-117.59730041442205, 33.65417371028009], [-117.59730449891681, 33.65417086640865], [-117.59730858888501, 33.6541680278881], [-117.59731268214269, 33.65416519293855], [-117.59768120079552, 33.65391042155655], [-117.5976849718532, 33.65390780918673], [-117.59768873631717, 33.65390518877283], [-117.59769249312329, 33.6539025612282], [-117.59769624225764, 33.653899925651146], [-117.59769998482608, 33.6538972838332], [-117.59770372081472, 33.653894634872835], [-117.59770744806748, 33.65389197879322], [-117.5977111687265, 33.653889314669684], [-117.5977148817416, 33.653886644316835], [-117.59771858817687, 33.65388396682153], [-117.5977222858763, 33.65388128220708], [-117.59772597699586, 33.65387859045012], [-117.59772966045762, 33.65387589156239], [-117.59773333733953, 33.65387318553225], [-117.59773700548561, 33.653870472382884], [-117.59774066705187, 33.65386775209104], [-117.59774432096023, 33.653865024668484], [-117.59774796722472, 33.65386229101659], [-117.5977516069094, 33.653859550222265], [-117.59775523784424, 33.65385680140725], [-117.59775886113523, 33.65385404636297], [-117.59776247786024, 33.65385128507774], [-117.5977660869135, 33.65384851576021], [-117.59776968724486, 33.653845740225044], [-117.59777328099642, 33.653842957547475], [-117.59777686709012, 33.65384016773904], [-117.59778044553987, 33.65383737170137], [-117.59778401525377, 33.65383456854454], [-117.59778757838782, 33.653831758245296], [-117.59779113386408, 33.65382894081525], [-117.59779468061836, 33.65382611716759], [-117.59779822079287, 33.653823286377445], [-117.5978017522454, 33.65382044936973], [-117.59780527604012, 33.653817605231204], [-117.5978087921909, 33.65381475486339], [-117.5978123006699, 33.65381189646333], [-117.5978158015189, 33.653809032735474], [-117.59781929471013, 33.653806161876844], [-117.59782277916544, 33.653803283899116], [-117.59782625596291, 33.65380039879055], [-117.59782972403846, 33.6537975074644], [-117.5978331844701, 33.65379460990898], [-117.59783663832194, 33.65379170521118], [-117.5978400834518, 33.6537887942957], [-117.59784351985977, 33.653785877162676], [-117.59784694968788, 33.6537829528872], [-117.59785037079403, 33.65378002239413], [-117.59785378316441, 33.653777084781886], [-117.5978571889688, 33.653774140928796], [-117.59786058497332, 33.65377119086971], [-117.59786397439795, 33.65376823366824], [-117.59786735511466, 33.653765271150675], [-117.59787072708156, 33.653762300612485], [-117.59787409141843, 33.65375932474651], [-117.59787744809748, 33.65375634174983], [-117.59788079606857, 33.65375335343706], [-117.5978841363678, 33.65375035709204], [-117.59788746795911, 33.653747355430895], [-117.59789079082847, 33.653744347552184], [-117.59789410711801, 33.65374133253099], [-117.59789741468558, 33.65373831129228], [-117.59790071246715, 33.65373528474915], [-117.59790400259092, 33.653732251075226], [-117.59790728505683, 33.65372921027052], [-117.59791055881472, 33.653726164149795], [-117.59791382385073, 33.6537231118115], [-117.5979170801648, 33.65372005325557], [-117.59792032883493, 33.65371698847042], [-117.59792356876922, 33.65371391656618], [-117.59792680107354, 33.653710839334224], [-117.59793002357796, 33.65370775589633], [-117.5979332384384, 33.65370466622919], [-117.59793644457696, 33.65370157034447], [-117.59793964199356, 33.65369846824217], [-117.59794283176629, 33.65369535991068], [-117.59794601281708, 33.65369224536157], [-117.59794918408184, 33.65368912550809], [-117.59795234768886, 33.65368599852388], [-117.59795550258775, 33.65368286622357], [-117.59795864984284, 33.65367972769406], [-117.5979617873119, 33.653676583860175], [-117.59796491604507, 33.65367343290713], [-117.59796803714833, 33.65367027662643], [-117.59797114845158, 33.653667114139786], [-117.59797425211096, 33.653663945423915], [-117.5979773459704, 33.65366077050217], [-117.59798043219992, 33.653657590252685], [-117.59798350862943, 33.65365440379733], [-117.597986577429, 33.653651212014296], [-117.59798963642864, 33.653648014025265], [-117.59799268778436, 33.65364480980706], [-117.59799572935411, 33.653641600284494], [-117.59799876220195, 33.6536383845444], [-117.59800178634178, 33.65363516348822], [-117.59800480175967, 33.65363193621443], [-117.59800780845568, 33.65362870272313], [-117.59801080536569, 33.653625463927426], [-117.59801379464572, 33.65362221980405], [-117.59801677412584, 33.653618969474785], [-117.598130750359, 33.653494363102126], [-117.59813541178028, 33.65348929752401], [-117.59814011239982, 33.653484256769], [-117.59814484898352, 33.653479240872066], [-117.59814962367362, 33.65347424890833], [-117.59815443541989, 33.65346928269256], [-117.59815928313034, 33.65346434133489], [-117.59816416788304, 33.65345942482358], [-117.59816908861389, 33.653454534071855], [-117.59817404532295, 33.65344966907976], [-117.59817903908808, 33.653444829835585], [-117.59818406667544, 33.653440016374276], [-117.59818913133282, 33.653435229562454], [-117.59819423089037, 33.653430468521826], [-117.59819936643999, 33.65342573414234], [-117.59820453582569, 33.653421026447255], [-117.59820974120346, 33.65341634541321], [-117.59821498043127, 33.65341169196515], [-117.598220254587, 33.65340706609135], [-117.59822556257888, 33.65340246690199], [-117.59823090551265, 33.65339789618835], [-117.59823628121848, 33.65339335307235], [-117.59824169077422, 33.65338883754226], [-117.59824713527195, 33.653384350487975], [-117.59825261147759, 33.65337989194441], [-117.59825812045523, 33.65337546099843], [-117.59826366223271, 33.653371059453065], [-117.59826923679613, 33.65336668640678], [-117.59827484308137, 33.65336234277277], [-117.59828048215257, 33.6533580276379], [-117.5982861529456, 33.65335374191523], [-117.59829185547446, 33.653349486506386], [-117.59829758971124, 33.65334525960829], [-117.59830335460576, 33.653341063035604], [-117.59830915123611, 33.65333689677667], [-117.59831497744622, 33.6533327608549], [-117.59832083537825, 33.65332865434537], [-117.59832672290393, 33.65332457907442], [-117.59833264108744, 33.6533205341289], [-117.5983385888507, 33.653316519520494], [-117.59834456620771, 33.6533125361507], [-117.5983505731585, 33.65330858401955], [-117.59835660970296, 33.653304663126946], [-117.5983626747632, 33.65330077348457], [-117.59836876835305, 33.65329691599405], [-117.5983748893807, 33.65329308976542], [-117.59838104000198, 33.65328929477535], [-117.59838721915301, 33.65328553193708], [-117.59839342576963, 33.65328180216377], [-117.59839965982405, 33.65327810365237], [-117.59840592026596, 33.65327443821757], [-117.5984122092376, 33.653270804934486], [-117.59841852459691, 33.65326720472809], [-117.59842486632985, 33.65326363669677], [-117.59843123445037, 33.65326010174198], [-117.59843762789451, 33.653256600777034], [-117.59844404986836, 33.65325313196381], [-117.59845049500971, 33.653249697163695], [-117.59845696653872, 33.65324629544014], [-117.59846346231326, 33.65324292771804], [-117.59846998341142, 33.653239593985745], [-117.59847652874117, 33.65323629335329], [-117.5984830983305, 33.653233027623834], [-117.59848969215143, 33.65322979499428], [-117.59849631023188, 33.6532265972676], [-117.59850295149391, 33.653223434455576], [-117.59850961700144, 33.65322030564497], [-117.59851630459862, 33.65321721085907], [-117.59852301539127, 33.65321415188932], [-117.59852974827349, 33.653211126944285], [-117.59853650435127, 33.65320813781538], [-117.59854328144057, 33.65320518272284], [-117.5985500806474, 33.653202263458084], [-117.59855690197172, 33.653199380021064], [-117.59856374432158, 33.653196531522], [-117.598570606619, 33.65319371797249], [-117.59857749104788, 33.65319094115225], [-117.59858439434635, 33.653188199293226], [-117.59859131868431, 33.65318549327365], [-117.59859826299771, 33.65318282400662], [-117.59860522727269, 33.65318019059074], [-117.59861221150915, 33.653177593025895], [-117.59861921355115, 33.65317503133538], [-117.59862623556864, 33.653172506397546], [-117.59863327540563, 33.6531700182356], [-117.5986403341401, 33.65316756683793], [-117.5986474106801, 33.653165151314596], [-117.59865450613155, 33.653162773457076], [-117.5986616172186, 33.65316043059569], [-117.59866874615312, 33.653158126313286], [-117.59867589290712, 33.65315585880677], [-117.59868305532463, 33.65315362809951], [-117.59869023449754, 33.653151435081355], [-117.59869742933407, 33.65314927886231], [-117.59870463984804, 33.65314716034411], [-117.59871186711753, 33.65314507951495], [-117.5987191089725, 33.65314303549672], [-117.598726365427, 33.65314102919083], [-117.59873363757299, 33.65313906148723], [-117.59874092322649, 33.653137130606126], [-117.5992241822198, 33.65301046165421], [-117.59923218508361, 33.65300840666477], [-117.59924021501901, 33.65300642892674], [-117.5992482720399, 33.65300452934165], [-117.59925635399036, 33.65300270793289], [-117.59926446087042, 33.65300096470032], [-117.59927259269398, 33.652999300545574], [-117.5992807462271, 33.652997715503595], [-117.59928892037776, 33.652996208684606], [-117.59929711625198, 33.652994781879926], [-117.59930533060178, 33.65299343422293], [-117.59931356342722, 33.652992165713826], [-117.5993218136781, 33.65299097816718], [-117.59933007917063, 33.652989869803356], [-117.59933835991873, 33.6529888415238], [-117.59934665376642, 33.65298789335191], [-117.5993549596497, 33.652987026200854], [-117.5993632775546, 33.6529862391691], [-117.59937160640315, 33.652985532268325], [-117.5993799440672, 33.65298490732491], [-117.59938828942703, 33.652984361645885], [-117.59939664144639, 33.652983897947614], [-117.5994050000975, 33.652983514426985], [-117.59941336325217, 33.65298321291039], [-117.59942173088267, 33.652982991594726], [-117.59943009976884, 33.65298285141661], [-117.5994384709887, 33.65298279236431], [-117.59944684130825, 33.65298281447288], [-117.59945521180558, 33.652982917730576], [-117.5994635803107, 33.652983101259274], [-117.59947194469558, 33.652983366885415], [-117.59948030601024, 33.65298371279415], [-117.59948866103475, 33.652984139922104], [-117.59949700869102, 33.65298464828087], [-117.59950535004319, 33.65298523695735], [-117.59951368293528, 33.65298590597477], [-117.59952200630327, 33.652986656246426], [-117.59953031797711, 33.652987486894105], [-117.59953861797088, 33.65298839881937], [-117.59954690410065, 33.652989390242325], [-117.59955517638033, 33.652990462064714], [-117.5995634337181, 33.6529916133966], [-117.59957167504987, 33.6529928451512], [-117.59957989820569, 33.65299415645034], [-117.59958810210755, 33.65299554730558], [-117.59959628675547, 33.65299701771704], [-117.59960444997952, 33.652998566806474], [-117.59961259179376, 33.65300019547549], [-117.59962071001414, 33.65300190194431], [-117.59962880359069, 33.65300368802767], [-117.59963687249548, 33.653005551922526], [-117.5996449156505, 33.653007493640544], [-117.59965293089977, 33.65300951320506], [-117.59966091715133, 33.65301160972624], [-117.59966887441921, 33.65301378410563], [-117.59967680053343, 33.653016035464994], [-117.59968469548002, 33.65301836290285], [-117.599692557117, 33.653020767344074], [-117.59970038541641, 33.6530232469856], [-117.59970817931423, 33.65302580274057], [-117.59971593664051, 33.65302843373094], [-117.59972365631731, 33.6530311399683], [-117.59973133940869, 33.653033920539414], [-117.59973898268055, 33.65303677547938], [-117.599746586119, 33.653039703886634], [-117.59975414756808, 33.65304270578449], [-117.59976166810577, 33.653045781161374], [-117.59976914448409, 33.653048929150714], [-117.59977657776713, 33.653052148839336], [-117.5997839657989, 33.65305544025056], [-117.59979130751532, 33.653058804297636], [-117.59979860179656, 33.65306223828759], [-117.5998058486566, 33.65306574312204], [-117.5998130469895, 33.65306931700952], [-117.59982019465322, 33.653072960874965], [-117.59982729163383, 33.653076673816834], [-117.59983433683928, 33.653080454945275], [-117.59984132809976, 33.65308430338205], [-117.59984826650712, 33.65308822001721], [-117.59985515204751, 33.65309220394899], [-117.59986197930286, 33.65309625343289], [-117.59986875152129, 33.65310036933532], [-117.59987546545472, 33.653104550789784], [-117.59988212108924, 33.6531087968948], [-117.59988871733295, 33.65311310676051], [-117.59989525418568, 33.653117480386825], [-117.5999017294777, 33.65312191689573], [-117.59990814319487, 33.65312641538557], [-117.59991449427321, 33.653130976769674], [-117.59992078051481, 33.653135598366674], [-117.59992700408966, 33.65314028105488], [-117.59993316173586, 33.65314502306613], [-117.59993925237536, 33.653149824412225], [-117.59994527708614, 33.65315468508137], [-117.59995123476236, 33.653159603282326], [-117.59995712218385, 33.65316457995157], [-117.59996294146487, 33.65316961236116], [-117.59996869044927, 33.65317470053454], [-117.59997436913717, 33.65317984447157], [-117.5999799753585, 33.6531850432942], [-117.60033810037507, 33.653520996429954], [-117.60034311089551, 33.65352574002567], [-117.60034806810212, 33.65353052206946], [-117.60035297305907, 33.653535341648116], [-117.60035782361028, 33.65354019878494], [-117.60036262191174, 33.653545093456565], [-117.60036736471547, 33.653550024796616], [-117.60037205309945, 33.65355499279329], [-117.60037668704977, 33.65355999654511], [-117.60038126547438, 33.65356503516227], [-117.6003857883873, 33.65357010954619], [-117.60039025576056, 33.65357521789394], [-117.60039466545213, 33.653580361130345], [-117.60039901959009, 33.65358553742898], [-117.60040331495432, 33.65359074772646], [-117.60040755367297, 33.65359599019638], [-117.60041173468193, 33.65360126575187], [-117.60041585688924, 33.65360657350315], [-117.60041992134501, 33.65361191163548], [-117.60042392592105, 33.65361728197524], [-117.60042787166755, 33.65362268270774], [-117.60043175747849, 33.65362811204155], [-117.6004355833958, 33.653633572681336], [-117.6004393482995, 33.65363906193416], [-117.6004430532816, 33.65364458068979], [-117.60044669723621, 33.65365012715699], [-117.60045028017718, 33.653655702237224], [-117.6004538009986, 33.653661304139085], [-117.60045726077844, 33.653666932850975], [-117.60046065736083, 33.65367258839618], [-117.60046399179558, 33.653678268959965], [-117.60046726411085, 33.65368397634544], [-117.60047047318658, 33.6536897078597], [-117.60047361903678, 33.653695464404215], [-117.60047670056942, 33.653701245089174], [-117.60047971883459, 33.65370704809991], [-117.60048267386028, 33.65371287523933], [-117.60048556344849, 33.65371872382633], [-117.60048838869115, 33.6537245947507], [-117.60049114958835, 33.65373048801245], [-117.6004938450201, 33.65373640091871], [-117.60049647501428, 33.653742335272526], [-117.6004990406211, 33.653748289259106], [-117.60050153968439, 33.65375426290192], [-117.60050397220421, 33.65376025620084], [-117.60050634030861, 33.65376626732954], [-117.60050864076356, 33.65377229632301], [-117.60051087464703, 33.653778343169606], [-117.60051304302311, 33.653784406956134], [-117.60051514372175, 33.65379048680437], [-117.60051717674294, 33.653796582714364], [-117.60051914315069, 33.653802693772846], [-117.60052104186708, 33.65380881999156], [-117.60052287394207, 33.65381495955577], [-117.60052463724759, 33.65382111429184], [-117.60052633283371, 33.65382728238506], [-117.60052796068642, 33.65383346293392], [-117.60052952080576, 33.653839655938334], [-117.60053101209972, 33.65384586050857], [-117.60053243455425, 33.65385207574301], [-117.60053378926145, 33.65385830253156], [-117.60053507511527, 33.653864539082875], [-117.60053629211572, 33.65387078539681], [-117.60053744026281, 33.653877041473486], [-117.6005385195285, 33.65388330550983], [-117.60053952992685, 33.65388957840732], [-117.6005404714299, 33.65389585836293], [-117.60054134294556, 33.653902144486786], [-117.60054214556591, 33.65390843766884], [-117.60054287819885, 33.653914737019086], [-117.60054354189458, 33.65392104072288], [-117.60054413668092, 33.65392735058322], [-117.600544661438, 33.65393366390727], [-117.60054511616575, 33.653939980694986], [-117.60054550195613, 33.65394630183618], [-117.60054581768931, 33.65395262463799], [-117.60054606445715, 33.65395894999028], [-117.60054624116773, 33.65396527700317], [-117.60054634782094, 33.65397160567664], [-117.60054638438892, 33.65397793420769], [-117.60054635194967, 33.65398426258458], [-117.60054624942514, 33.653990590818914], [-117.60054607787934, 33.65399691799766], [-117.60054583622032, 33.654003243230825], [-117.60054552444805, 33.65400956651851], [-117.60054514362655, 33.65401588694743], [-117.60054469375582, 33.65402220451761], [-117.60054417266579, 33.65402851835083], [-117.60054358357664, 33.65403482751056], [-117.60054292433229, 33.65404113202014], [-117.60054219601065, 33.65404743186794], [-117.60054139750589, 33.65405372526252], [-117.60054052989594, 33.654060012192204], [-117.60053959424484, 33.654066291743824], [-117.6005385884105, 33.65407256484218], [-117.600537513443, 33.65407882967258], [-117.6005363704064, 33.654085085321825], [-117.6005351571726, 33.65409133361633], [-117.60053387584169, 33.65409757092653], [-117.60053252642768, 33.654103798154075], [-117.60041242192237, 33.654643648512355], [-117.60041092943945, 33.65465045526713], [-117.60040947800518, 33.65465726698743], [-117.60040806656951, 33.6546640854879], [-117.6004066972604, 33.65467090894214], [-117.60040536793593, 33.65467773827498], [-117.60040408075217, 33.65468457346318], [-117.60040283463103, 33.65469141451842], [-117.60040162955856, 33.65469826053906], [-117.60040046659884, 33.654705110611964], [-117.60039934362374, 33.65471196656351], [-117.60039826168342, 33.654718826579], [-117.60039722186986, 33.65472569154831], [-117.60039622309105, 33.65473256058147], [-117.60039526642504, 33.65473943366692], [-117.6003943497158, 33.65474631082802], [-117.60039347621134, 33.65475319293116], [-117.60039264263577, 33.654760077306875], [-117.6003918511591, 33.65476696483331], [-117.60039110071726, 33.6547738564237], [-117.6003903923603, 33.654780750263285], [-117.60038972610228, 33.65478764725352], [-117.60038909978712, 33.654794547417865], [-117.600388516621, 33.65480144891825], [-117.60038797341173, 33.654808354494186], [-117.60038747335156, 33.65481526140612], [-117.60038701428434, 33.654822169677374], [-117.60038659623808, 33.65482908111103], [-117.60038622024892, 33.65483599299087], [-117.6003858863448, 33.65484290711991], [-117.6003855934337, 33.65484982260822], [-117.60038534257977, 33.654856738542655], [-117.6003851327188, 33.65486365583649], [-117.60038496600706, 33.65487057446626], [-117.60038483919638, 33.654877493565536], [-117.60038475549298, 33.65488441129617], [-117.60038471279663, 33.65489133128775], [-117.60038471106549, 33.654898250835515], [-117.60038475245561, 33.654905169916255], [-117.6003848348249, 33.65491208945478], [-117.60038495815941, 33.65491900854959], [-117.60038512460126, 33.6549259262758], [-117.60038533200832, 33.65493284355821], [-117.60038558038066, 33.654939760396935], [-117.60038587078229, 33.65494667587873], [-117.60038620321333, 33.65495359000357], [-117.60038657767362, 33.654960502771445], [-117.60038699308528, 33.65496741419409], [-117.60038745051236, 33.65497432335829], [-117.6003879488768, 33.65498123027567], [-117.6003884892567, 33.654988134934555], [-117.60038907165199, 33.65499503733497], [-117.6003896949847, 33.65500193748863], [-117.60039035924085, 33.65500883449388], [-117.60039106657658, 33.6550157283275], [-117.60039181484977, 33.6550226199143], [-117.6003926040464, 33.65502950835275], [-117.6003934352306, 33.655036392729684], [-117.60039430733832, 33.655043273958285], [-117.60039522143357, 33.65505015112529], [-117.60039617643845, 33.65505702424248], [-117.60039717343092, 33.655063893298056], [-117.60039821133299, 33.65507075830379], [-117.60039929122267, 33.65507761924797], [-117.600400411994, 33.65508447433924], [-117.60040157366099, 33.655091324479045], [-117.60040277623763, 33.655098170569026], [-117.60040402078796, 33.6551050116959], [-117.60040530622003, 33.655111846969795], [-117.60040663362574, 33.65511867728062], [-117.60040800083522, 33.65512550175019], [-117.60040941000445, 33.6551323203551], [-117.60041086005545, 33.65513913310707], [-117.60041235097422, 33.655145939104585], [-117.60041388277472, 33.655152739249054], [-117.60041545545708, 33.655159533540626], [-117.60041706899328, 33.655166320176185], [-117.6004187233973, 33.655173100057226], [-117.6004204186552, 33.65517987228225], [-117.6004221547949, 33.655186638654314], [-117.60042393177457, 33.65519339646878], [-117.60042574960818, 33.65520014662723], [-117.60042760830963, 33.6552068900312], [-117.60042950677297, 33.65521362488925], [-117.60043144607631, 33.655220351189755], [-117.60043342623358, 33.655227069834176], [-117.60043544615282, 33.65523377993276], [-117.60043750692603, 33.65524048237526], [-117.60043960851135, 33.65524717445709], [-117.60044174879448, 33.65525385890626], [-117.60044393096783, 33.65526053298311], [-117.60044615290312, 33.655267198514], [-117.60044841458648, 33.65527385459755], [-117.60045071600396, 33.655280500332054], [-117.60045305826142, 33.655287137508935], [-117.60045544023905, 33.65529376343527], [-117.60045786197875, 33.65530038081578], [-117.6004603234386, 33.65530698694574], [-117.60046282463254, 33.6553135827267], [-117.60046536556064, 33.65532016815862], [-117.60056429859172, 33.65557438233275], [-117.60056675201267, 33.65558074689587], [-117.60056916141589, 33.65558712365771], [-117.60057152787937, 33.65559351260657], [-117.6005738492191, 33.65559991196269], [-117.60057612760518, 33.65560632260434], [-117.60057836194558, 33.65561274364163], [-117.60058055225414, 33.65561917597601], [-117.60058269850312, 33.65562561780455], [-117.6005848007063, 33.65563207002866], [-117.60058685778571, 33.65563853266016], [-117.60058887188345, 33.655645004774044], [-117.60059084084342, 33.65565148639372], [-117.60059276572974, 33.655657976606], [-117.60059464549217, 33.65566447722561], [-117.60059648118093, 33.65567098643775], [-117.60059827279598, 33.65567750424249], [-117.60060001925919, 33.65568403065149], [-117.60060172055672, 33.65569056476323], [-117.60060337778046, 33.655697107467574], [-117.60060498983844, 33.65570365787465], [-117.60060655780872, 33.655710215972775], [-117.60060807952112, 33.65571678088376], [-117.6006095571598, 33.655723354387405], [-117.6006109896047, 33.6557299337907], [-117.60061237686985, 33.655736519995216], [-117.60061371895519, 33.655743113000916], [-117.60061501584674, 33.6557497119063], [-117.60061626755855, 33.65575631761288], [-117.60061747406257, 33.655762928317664], [-117.60061863537273, 33.655769544922094], [-117.6006197504111, 33.655776167437914], [-117.60062082131972, 33.65578279494016], [-117.60062184702052, 33.6557894274406], [-117.60062282643551, 33.655796064950856], [-117.6006237606287, 33.655802706557736], [-117.6006246496001, 33.65580935226127], [-117.60062549228566, 33.65581600297461], [-117.60062628974936, 33.65582265778458], [-117.60062704197729, 33.65582931578968], [-117.60062774896946, 33.6558359769898], [-117.60062840964771, 33.655842641396795], [-117.60062902402612, 33.655849309912], [-117.60062959420485, 33.655855978906054], [-117.6006301180976, 33.65586265290995], [-117.60063059564851, 33.65586932831755], [-117.6006310279496, 33.655876006018744], [-117.6006314150009, 33.65588268601351], [-117.60063175571031, 33.65588936741192], [-117.6006320511559, 33.655896050202415], [-117.60063230027362, 33.6559027352982], [-117.6006325041135, 33.655909420884385], [-117.60063266159756, 33.65591610697282], [-117.60063277489576, 33.65592279444158], [-117.60063284076, 33.65592948242422], [-117.60063286133247, 33.655936169995805], [-117.60063283661312, 33.65594285715638], [-117.60063276553785, 33.655949544819144], [-117.60063264809264, 33.6559562320825], [-117.60063248534166, 33.655962918033325], [-117.60063227729884, 33.65596960357314], [-117.60063202287208, 33.65597628781202], [-117.60063172313944, 33.655982970738364], [-117.60063137702296, 33.65598965236379], [-117.6006309855866, 33.65599633177516], [-117.6006305488304, 33.65600300897238], [-117.60063006569024, 33.65600968486876], [-117.60062953613824, 33.65601635766115], [-117.60062896234437, 33.656023028227736], [-117.60062834213865, 33.656029695690414], [-117.60062767659902, 33.65603636003745], [-117.60062696572545, 33.65604302126882], [-117.60062620842606, 33.65604967849466], [-117.60062540579274, 33.65605633260496], [-117.60062455779763, 33.65606298179651], [-117.60062366446854, 33.656069627872384], [-117.60062272469956, 33.656076269041286], [-117.60062174066076, 33.65608290618128], [-117.60062071016802, 33.65608953751274], [-117.60061963540538, 33.65609616481536], [-117.60061851418887, 33.656102786309376], [-117.60061734868849, 33.65610940287301], [-117.60061613779823, 33.656116012714854], [-117.60061488046802, 33.65612261764971], [-117.60061357882599, 33.65612921585104], [-117.60061223182197, 33.65613580913364], [-117.60061084049217, 33.6561423947813], [-117.60060940269443, 33.6561489737188], [-117.60060792057084, 33.65615554502136], [-117.60060639413537, 33.65616210959038], [-117.60060482121796, 33.65616866654777], [-117.60060320506672, 33.65617521676002], [-117.6006015424195, 33.656181758459084], [-117.60059983651055, 33.65618829160995], [-117.60059808519763, 33.656194817137454], [-117.60059628954485, 33.65620133412839], [-117.60059444846016, 33.65620784169297], [-117.60059256412764, 33.65621434161082], [-117.60059063434922, 33.65622083120071], [-117.60058866023091, 33.65622731225411], [-117.60052013427544, 33.6564496336146], [-117.60051861833782, 33.65645457954465], [-117.60051711971872, 33.65645952979551], [-117.60051563839014, 33.65646448256413], [-117.60051417330192, 33.65646943966519], [-117.60051272551826, 33.656474400185495], [-117.60051129503911, 33.65647936412511], [-117.60050988078645, 33.65648433149562], [-117.60050848383823, 33.65648930228545], [-117.60050710418062, 33.656494275592976], [-117.6005057407634, 33.65649925323299], [-117.60050439463679, 33.656504233390756], [-117.60050306580068, 33.656509216066226], [-117.6005017542831, 33.65651420306252], [-117.60050045899199, 33.65651919348972], [-117.60049918206948, 33.65652418642302], [-117.60049792135948, 33.656529181885745], [-117.60049667796807, 33.65653418166921], [-117.60049545077514, 33.65653918308059], [-117.60049424196485, 33.65654418789963], [-117.60049304938104, 33.65654919614951], [-117.6004918740878, 33.65655420691716], [-117.60049071608516, 33.6565592202026], [-117.60048957537312, 33.656564236005735], [-117.60048845196566, 33.656569255228156], [-117.60048734477068, 33.656574276980024], [-117.6004862559444, 33.65657930123791], [-117.60048518333065, 33.65658432802525], [-117.60048412800752, 33.656589357330304], [-117.60048308997503, 33.65659438915317], [-117.60048206923308, 33.65659942349368], [-117.60048106578184, 33.656604460351986], [-117.60048007962114, 33.65660949972803], [-117.60047911073714, 33.65661454072027], [-117.6004781591437, 33.656619584230285], [-117.6004772237629, 33.65662463026972], [-117.60047630675076, 33.65662967881519], [-117.60047540701528, 33.65663472897689], [-117.60047452455652, 33.656639780754816], [-117.60047365940228, 33.656644835951994], [-117.6004728104328, 33.65664989187553], [-117.6004719798459, 33.65665495120671], [-117.60047116652174, 33.65666001125256], [-117.60047037048825, 33.65666507381611], [-117.6004695917314, 33.656670137995924], [-117.60046882918722, 33.656675204705174], [-117.60046808498379, 33.65668027211738], [-117.60046735807101, 33.65668534204737], [-117.60046664843497, 33.65669041359357], [-117.60046595607557, 33.656695486756], [-117.60046528207097, 33.65670056152294], [-117.60046462426504, 33.65670563791783], [-117.6004639837358, 33.65671071592888], [-117.60046336048329, 33.65671579555611], [-117.60046275557158, 33.65672087588643], [-117.60046216685859, 33.65672595784467], [-117.60046159650028, 33.6567310414074], [-117.60046104341878, 33.65673612658635], [-117.60046050652196, 33.656741212491646], [-117.60045998797992, 33.6567463000015], [-117.60045948779269, 33.65675138911591], [-117.60045900486823, 33.65675647894496], [-117.60045853814246, 33.65676157040197], [-117.60045808867947, 33.656766662573645], [-117.60045765757133, 33.65677175634983], [-117.60045724371194, 33.6567768499392], [-117.60045684605127, 33.65678194515647], [-117.60045646674544, 33.65678704197826], [-117.60045610470239, 33.65679213951478], [-117.60045576100015, 33.656797237754255], [-117.60045543348274, 33.656802336720155], [-117.60045512430614, 33.65680743638902], [-117.60045483130035, 33.65681253588275], [-117.60045455664944, 33.656817636980996], [-117.60045429926126, 33.65682273879393], [-117.60045406020004, 33.65682784040837], [-117.60045383733753, 33.65683294365066], [-117.60045363280196, 33.656838046694496], [-117.60045344445113, 33.65684315046463], [-117.60045327442721, 33.65684825403633], [-117.60045312168013, 33.65685335922419], [-117.60045298724602, 33.65685846331199], [-117.60045286901064, 33.65686356902768], [-117.60045276910218, 33.6568686745449], [-117.60045268536456, 33.65687377988696], [-117.60045261996783, 33.65687888593195], [-117.60045257289806, 33.65688399177846], [-117.60045254199916, 33.65688909744986], [-117.6004525294411, 33.6568942038242], [-117.60045253305394, 33.65689931002337], [-117.60045255499371, 33.656904416024055], [-117.60045259418241, 33.6569095218379], [-117.60045265169803, 33.656914627453226], [-117.60045272538457, 33.65691973289335], [-117.60045281741196, 33.656924839036556], [-117.6004529266744, 33.6569299440913], [-117.60045305317172, 33.65693504805774], [-117.60045319693195, 33.65694015273879], [-117.60045335794112, 33.65694525723303], [-117.60045353726329, 33.656950360627285], [-117.60047199647386, 33.657452252736654], [-117.60049387341803, 33.65801940591644], [-117.60050051453709, 33.65807684609403], [-117.60050123001471, 33.65808161817117], [-117.60050197133825, 33.65808638816488], [-117.60050273740158, 33.65809115428389], [-117.60050352823275, 33.65809591833123], [-117.6005043438177, 33.65810067940532], [-117.6005051841565, 33.65810543750632], [-117.60050605031327, 33.65811019172086], [-117.6005069401597, 33.658114943875404], [-117.60050785582416, 33.658119692143536], [-117.60050879622847, 33.65812443653688], [-117.60050976138662, 33.6581291779571], [-117.60051075128465, 33.65813391550258], [-117.60051176485848, 33.658138650086535], [-117.60051280423633, 33.65814337988253], [-117.60051386836803, 33.658148106705355], [-117.60051495723961, 33.65815282965338], [-117.60051607083726, 33.658157547825205], [-117.60051720916073, 33.65816226122074], [-117.60051837223813, 33.65816697164301], [-117.60051955896343, 33.65817167730072], [-117.6005207715067, 33.65817637907205], [-117.60052200769782, 33.65818107607874], [-117.60052326969307, 33.65818576829751], [-117.60052455535009, 33.65819045665319], [-117.60052586571918, 33.658195139331106], [-117.60052720081423, 33.658199817232685], [-117.60052856064924, 33.65820449125958], [-117.60052994411821, 33.658209159620284], [-117.60053135231314, 33.658213823204704], [-117.60053278414205, 33.65821848112305], [-117.60053424177501, 33.658223134253454], [-117.60053572304197, 33.65822778171766], [-117.6005372279429, 33.65823242351578], [-117.60053875755581, 33.65823705963602], [-117.60054031188082, 33.65824169007848], [-117.6005418898398, 33.6582463148548], [-117.60054349251085, 33.658250933953276], [-117.60054511881586, 33.658255547385664], [-117.60054676981895, 33.65826015423864], [-117.6005484444561, 33.65826475542553], [-117.60055014272716, 33.658269350946235], [-117.6005518656824, 33.65827393898609], [-117.6005536122717, 33.658278521359755], [-117.60055538355904, 33.65828309715413], [-117.60055717848041, 33.65828766728231], [-117.60055899700787, 33.65829222994124], [-117.60056083915535, 33.658296786032565], [-117.60056270598706, 33.658301334642935], [-117.60056459537468, 33.65830587759887], [-117.60056650944642, 33.65831041307387], [-117.6005684471243, 33.65831494107967], [-117.60057040842226, 33.6583194625178], [-117.60057239332636, 33.65832397648671], [-117.60057440183651, 33.658328482986356], [-117.60057643396674, 33.658332982918374], [-117.60057848968914, 33.65833747447958], [-117.60058056793957, 33.65834195858325], [-117.60058267087425, 33.65834643520602], [-117.6005847963229, 33.65835090346971], [-117.60058694537778, 33.65835536426416], [-117.60058911803876, 33.65835981758943], [-117.60059131430586, 33.658364263445385], [-117.60059353199503, 33.65836870005245], [-117.6005957743684, 33.658373129178635], [-117.60059804033392, 33.65837754993399], [-117.6006003288136, 33.658381962330274], [-117.60060263980738, 33.65838636636745], [-117.60060497439332, 33.65839076203388], [-117.60060733255749, 33.65839514842799], [-117.60060971324977, 33.658399527364544], [-117.60061211644215, 33.65840389704045], [-117.60061454213472, 33.65840825745576], [-117.60061699141946, 33.65841260950028], [-117.60061946320445, 33.658416952284135], [-117.60062195748945, 33.65842128580741], [-117.60062447535284, 33.65842561005833], [-117.60062701463826, 33.658429925060325], [-117.60062957751586, 33.658434231691515], [-117.60081187140004, 33.65873889242881], [-117.60081474997098, 33.658743739351074], [-117.60081759425321, 33.658748600170036], [-117.60082040319662, 33.65875347670043], [-117.60082317782334, 33.65875836532446], [-117.60082591709734, 33.65876326875842], [-117.60082862099055, 33.6587681851992], [-117.60083129059502, 33.65877311553672], [-117.60083392480476, 33.65877805797955], [-117.60083652364773, 33.65878301433075], [-117.60083908710986, 33.65878798368879], [-117.60084161409918, 33.65879296516386], [-117.60084410678587, 33.658797959634086], [-117.60084656299965, 33.65880296622137], [-117.60084898383266, 33.65880798581544], [-117.60085136817881, 33.658813016625096], [-117.60085371711625, 33.658818058638495], [-117.60085603067293, 33.658823113658805], [-117.60085830665065, 33.65882817900471], [-117.60086054723362, 33.65883325645595], [-117.60086275131577, 33.6588383442212], [-117.60086491998915, 33.65884344319022], [-117.60086705109758, 33.658848553386434], [-117.60086914569125, 33.65885367299505], [-117.60087120487611, 33.658858803807554], [-117.60087322648204, 33.65886394494563], [-117.60087521157318, 33.65886909549621], [-117.60087716016342, 33.658874256360725], [-117.60087907116079, 33.65887942664936], [-117.60088094564334, 33.65888460635045], [-117.60088278251904, 33.658889794574115], [-117.60088458287981, 33.658894992210264], [-117.60088634672579, 33.65890019925887], [-117.60088807296478, 33.65890541483001], [-117.60088976159693, 33.65891063892383], [-117.60089141262219, 33.65891587154017], [-117.60089302711853, 33.65892111266746], [-117.60089460399404, 33.658926361415844], [-117.60089614324859, 33.65893161778527], [-117.60089764488224, 33.658936881775816], [-117.60089910890893, 33.658942154288916], [-117.6009005352868, 33.65894743262003], [-117.60090192404374, 33.658952718572294], [-117.6009032751518, 33.65895801034252], [-117.60090458863887, 33.65896330973383], [-117.60090586341295, 33.65896861585635], [-117.60090710160229, 33.658973926883704], [-117.60090830109252, 33.658979245543804], [-117.60090946184185, 33.65898456913209], [-117.60091058602035, 33.658989898526706], [-117.60091167147183, 33.65899523375104], [-117.60091271818233, 33.659000573903526], [-117.60091372832191, 33.659005919862324], [-117.60091469862854, 33.659011269859526], [-117.60091563235032, 33.65901662476149], [-117.60091652625299, 33.65902198460328], [-117.6009173835708, 33.659027349349934], [-117.6009182010416, 33.65903271723339], [-117.60091898084943, 33.659038090033334], [-117.60091972188829, 33.65904346595833], [-117.60092042523628, 33.65904884499686], [-117.60092108982919, 33.65905422806192], [-117.60092171674519, 33.659059615142034], [-117.60092230380013, 33.659065004457375], [-117.60092285315022, 33.659070395984635], [-117.6009233637452, 33.659075791538555], [-117.60092383662139, 33.659081188402816], [-117.60092427071449, 33.65908658749069], [-117.60092466602467, 33.65909198880211], [-117.60092502255179, 33.659097392337145], [-117.6009253402819, 33.65910279719422], [-117.60092562030707, 33.65910820426322], [-117.60092586044323, 33.65911361176442], [-117.60092606287441, 33.65911902147753], [-117.60092622648061, 33.65912443070962], [-117.60092635238188, 33.65912984215362], [-117.60092643838006, 33.65913525312824], [-117.60092648665928, 33.659140665413304], [-117.60092649503544, 33.659146077228996], [-117.60092646566474, 33.65915148855203], [-117.60092639856104, 33.65915690028388], [-117.60092629155426, 33.6591623115464], [-117.60092614678658, 33.659167721414725], [-117.60092596211584, 33.6591731308137], [-117.6009257396981, 33.65917853972001], [-117.60092547951949, 33.65918394723207], [-117.60092517942373, 33.65918935337324], [-117.6009248415531, 33.659194757218735], [-117.60092446484342, 33.659200159681625], [-117.60092404929473, 33.659205560761976], [-117.60092359595717, 33.65921095864503], [-117.6009231027024, 33.65921635515726], [-117.60092257381496, 33.65922174844879], [-117.60092200391828, 33.65922713947958], [-117.60092139621874, 33.6592325264116], [-117.60092074968013, 33.65923791196104], [-117.60092006532466, 33.65924329251017], [-117.60091934211611, 33.659248670775185], [-117.60091858110465, 33.65925404494139], [-117.60091778121213, 33.659259415020415], [-117.60085729212508, 33.65965592131609], [-117.60085648284361, 33.659661312234554], [-117.60085569841397, 33.65966670649044], [-117.60085493991427, 33.65967210407218], [-117.6008542073166, 33.65967750317659], [-117.60085350063495, 33.659682904705235], [-117.60085281879118, 33.6596883086698], [-117.60085216286338, 33.65969371505862], [-117.6008515317595, 33.659699122981856], [-117.60085092657172, 33.65970453332937], [-117.60085034729987, 33.65970994610111], [-117.60084979285205, 33.65971536040721], [-117.60084926430623, 33.659720776236085], [-117.6008487616485, 33.65972619268609], [-117.60084828492079, 33.65973161246187], [-117.60084783300304, 33.65973703287053], [-117.60084740807946, 33.65974245569178], [-117.60084700796587, 33.65974787914595], [-117.60084663267632, 33.65975330413443], [-117.60084628435298, 33.65975872973249], [-117.6008459608536, 33.65976415686488], [-117.60084566325631, 33.65976958552002], [-117.60084539154717, 33.65977501479633], [-117.60084514574014, 33.659780445595395], [-117.60084492472922, 33.65978587612577], [-117.60084473069846, 33.65979130816719], [-117.60084456146382, 33.65979673993995], [-117.60084441813127, 33.65980217323539], [-117.60084429959483, 33.65980760626223], [-117.60084420801068, 33.65981303899702], [-117.6008441412506, 33.65981847326621], [-117.60084410144285, 33.659823907243414], [-117.60084408643115, 33.65982934095188], [-117.60084409730766, 33.65983477528156], [-117.60084413296632, 33.65984020844106], [-117.60084419559128, 33.659845642210044], [-117.60084428301239, 33.65985107571042], [-117.60084439738581, 33.6598565089187], [-117.60084453655541, 33.65986194185837], [-117.60084470158525, 33.65986737361617], [-117.60084489250333, 33.65987280599514], [-117.60084510818965, 33.65987823630234], [-117.60084535084225, 33.65988366721909], [-117.60084561826314, 33.659889096064084], [-117.60084591155827, 33.65989452462877], [-117.60084623071367, 33.65989995201155], [-117.60084657572942, 33.65990537821245], [-117.60084694552738, 33.659910803243214], [-117.60084734118568, 33.65991622709201], [-117.6008477637824, 33.65992164974732], [-117.60084821116133, 33.65992707123239], [-117.60084868329457, 33.659932489744186], [-117.60084918238022, 33.659937907964], [-117.60084970623419, 33.659943324112014], [-117.60085025593446, 33.659948738176695], [-117.60085083149512, 33.65995415105945], [-117.60085143290219, 33.659959561858784], [-117.60085205907758, 33.65996497058642], [-117.60085271217741, 33.659970377219004], [-117.60085338895352, 33.65997578088993], [-117.60085409268206, 33.65998118426884], [-117.600854821151, 33.65998658377295], [-117.60085557654439, 33.659991981181946], [-117.60085635561414, 33.65999737562939], [-117.60085716160835, 33.66000276798172], [-117.60085799235695, 33.66000815736078], [-117.600858848938, 33.66001354375489], [-117.60085973027347, 33.660018927175734], [-117.60086063745533, 33.660024308513165], [-117.60086157045572, 33.66002968596415], [-117.60086252928866, 33.6600350604301], [-117.60086351287593, 33.66004043192285], [-117.60086452120368, 33.66004579954076], [-117.6008655553639, 33.660051164173744], [-117.60086661535662, 33.660056525821744], [-117.60086770116789, 33.66006188358327], [-117.60086881064154, 33.66006723748164], [-117.60086994701182, 33.66007258748187], [-117.60087110813652, 33.66007793450884], [-117.60087229398772, 33.66008327675947], [-117.60087350567149, 33.66008861602509], [-117.60087474315979, 33.66009395050277], [-117.60087600431054, 33.66009928111724], [-117.60087729234394, 33.66010460693208], [-117.60087860403979, 33.660109928883706], [-117.60087994155418, 33.6601152469489], [-117.60088130487323, 33.66012056022607], [-117.60088269291876, 33.660125868726865], [-117.6008841056769, 33.660131171549786], [-117.60088554317554, 33.66013647049785], [-117.60088700541466, 33.66014176557118], [-117.60088849344447, 33.660147054954884], [-117.60089000620088, 33.66015233956227], [-117.6008915447619, 33.660157619381586], [-117.60089310803554, 33.660162893523015], [-117.60089469603572, 33.660168162888134], [-117.60089630874852, 33.66017342657534], [-117.60089794620183, 33.660178686387745], [-117.60089960941794, 33.66018393870748], [-117.60090129628252, 33.66018918626258], [-117.60096313869262, 33.66037999049786], [-117.60096516857335, 33.66038628930491], [-117.6009671758981, 33.66039259376645], [-117.60096916065287, 33.660398902980894], [-117.60097112283776, 33.6604052169483], [-117.60097306245265, 33.660411535668636], [-117.60097498057567, 33.66041785913022], [-117.60097687612873, 33.66042418734472], [-117.60097874803373, 33.660430520323864], [-117.60098059844682, 33.660436858044285], [-117.60098242628995, 33.66044320051762], [-117.60098423154912, 33.6604495468424], [-117.60098601423834, 33.660455897920095], [-117.60098777435753, 33.66046225375075], [-117.60098951189272, 33.660468613432805], [-117.60099122685799, 33.660474977867835], [-117.60099291923919, 33.660481346154235], [-117.60099458905043, 33.66048771919364], [-117.60099623627764, 33.6604940960844], [-117.60099786092087, 33.660500476826655], [-117.60099946298013, 33.66050686142027], [-117.60100104244142, 33.66051324896377], [-117.60100259825455, 33.660519641271925], [-117.60100413257574, 33.66052603832134], [-117.60100564322082, 33.660532438332346], [-117.60100713236005, 33.66053884218313], [-117.60100859783708, 33.66054524989695], [-117.60101004073012, 33.66055166146225], [-117.60101146103912, 33.66055807687892], [-117.60101285767198, 33.660564495257205], [-117.60101423278495, 33.66057091657368], [-117.60101558423577, 33.660577341753275], [-117.60101691308856, 33.66058376988276], [-117.60101821935724, 33.66059020186369], [-117.60101950302794, 33.660596636794494], [-117.6010207641006, 33.66060307467521], [-117.6010220015111, 33.660609516419086], [-117.60102321630956, 33.66061596021123], [-117.6010244085239, 33.66062240785492], [-117.60102557704813, 33.660628857558564], [-117.6010267229743, 33.66063531021221], [-117.60102784631638, 33.66064176671716], [-117.60102894704639, 33.660648225270606], [-117.60103002408626, 33.66065468588404], [-117.60103107854204, 33.660661150348915], [-117.60103211038573, 33.660667616862185], [-117.60103311853925, 33.66067408543549], [-117.60103410409465, 33.66068055695869], [-117.60103506705201, 33.660687031431806], [-117.60103600630516, 33.66069350706347], [-117.60103692296022, 33.660699985644996], [-117.60103781701716, 33.66070646717647], [-117.60103868735598, 33.66071294896495], [-117.60103953509667, 33.66071943370331], [-117.60104036023917, 33.6607259213916], [-117.60104116167753, 33.660732410238396], [-117.6010419405177, 33.660738902035085], [-117.60104269565376, 33.66074539499036], [-117.60104342819155, 33.660751890895504], [-117.60104413810333, 33.660758387947524], [-117.60104482431089, 33.66076488615805], [-117.60104548790629, 33.660771386416954], [-117.60104612779746, 33.66077788783441], [-117.60104674507652, 33.66078439130022], [-117.60104733865131, 33.660790895924585], [-117.60104790961391, 33.66079740259736], [-117.60104845795044, 33.6608039104169], [-117.60104898258271, 33.66081041939501], [-117.60104948458878, 33.660816929520024], [-117.60104996396873, 33.660823440791845], [-117.60105041964444, 33.660829953222155], [-117.60105085269396, 33.660836466799374], [-117.60105126097511, 33.66084298244834], [-117.60105164768021, 33.6608494974294], [-117.60105201069503, 33.66085601447054], [-117.60105234999155, 33.66086253176867], [-117.60105266774008, 33.66086905020198], [-117.60105296070611, 33.66087556980548], [-117.60105323103195, 33.66088208965431], [-117.6010534787177, 33.66088860974849], [-117.6010537026991, 33.66089513100115], [-117.60105390404033, 33.660901652499184], [-117.60105408167719, 33.6609081751557], [-117.60105423664596, 33.66091469625452], [-117.6010543679243, 33.66092121941338], [-117.6010544765626, 33.660927742817606], [-117.60105456254655, 33.66093426556556], [-117.6010546248262, 33.66094078947208], [-117.60105466337356, 33.66094731273407], [-117.60105467929463, 33.660953837142905], [-117.60105467149741, 33.660960361808776], [-117.60105464103205, 33.660966884916846], [-117.60105458794035, 33.66097340917179], [-117.60105451111635, 33.66097993278224], [-117.60105441163813, 33.66098645573649], [-117.6010542884415, 33.66099297894769], [-117.60105414259071, 33.66099950150268], [-117.60105397300752, 33.66100602341317], [-117.60105378078411, 33.661012545568965], [-117.60105356481435, 33.661019066178696], [-117.60105318110234, 33.661029444204424], [-117.60105275100369, 33.661039820929396], [-117.60105227451841, 33.66105019635361], [-117.60105175272449, 33.66106057046541], [-117.60105118452995, 33.66107094237491], [-117.6010505710268, 33.66108131297197], [-117.60104991220106, 33.66109168135507], [-117.60104920697458, 33.66110204753592], [-117.6010484564255, 33.661112411502785], [-117.60104765946173, 33.66112277236585], [-117.60104681717526, 33.661133131014914], [-117.60104592956613, 33.66114348745004], [-117.60104499554221, 33.66115384078133], [-117.60104401620954, 33.66116419280014], [-117.60104299043421, 33.66117453991214], [-117.60104191933603, 33.66118488481012], [-117.60104080288724, 33.66119522569111], [-117.60103964108774, 33.66120556255503], [-117.60103843287331, 33.661215896315134], [-117.60103717930816, 33.66122622605819], [-117.60103588040627, 33.661236552685736], [-117.60103453613962, 33.66124687439472], [-117.60103314652214, 33.66125719208662], [-117.60103171047575, 33.66126750577319], [-117.60103022906458, 33.66127781454115], [-117.60102870228862, 33.661288118390594], [-117.60102713016174, 33.66129841822287], [-117.6010255126561, 33.66130871223512], [-117.60102384979959, 33.66131900223031], [-117.60102214156419, 33.661329286405376], [-117.60102038793599, 33.66133956385878], [-117.60101858895683, 33.66134983729512], [-117.60101674459882, 33.661360104911324], [-117.60101485487583, 33.661370367608924], [-117.60101291977394, 33.66138062448645], [-117.60101094035728, 33.6613908746306], [-117.60100891446952, 33.66140111806471], [-117.60100684320285, 33.66141135567877], [-117.60100472762133, 33.661421586559406], [-117.60100256666078, 33.66143181161991], [-117.60100036029333, 33.66144202905725], [-117.60099810853285, 33.66145223977288], [-117.60099581245743, 33.66146244375517], [-117.60099347097506, 33.66147264011426], [-117.60099108409965, 33.66148282975162], [-117.60098865289528, 33.661493011754104], [-117.60098617628388, 33.661503186133324], [-117.60098365534355, 33.66151335287773], [-117.60098108899614, 33.661523511998816], [-117.60097847830575, 33.66153366258352], [-117.60097582220827, 33.66154380554494], [-117.60097312176785, 33.66155393996991], [-117.6009703769704, 33.661564064956984], [-117.60096758676579, 33.66157418232073], [-117.60096475221823, 33.661584291148046], [-117.60096187224948, 33.66159439145055], [-117.60095894793768, 33.66160448321664], [-117.60095597925488, 33.661614564643195], [-117.6009529673071, 33.66162463752159], [-117.60094990992415, 33.66163470097367], [-117.60094680818412, 33.661644754987705], [-117.60094366207302, 33.66165479866218], [-117.60094047161881, 33.66166483380022], [-117.60093723677954, 33.661674857697214], [-117.60093395866123, 33.66168487214441], [-117.60093063509369, 33.66169487626382], [-117.60092726823314, 33.66170487003192], [-117.60092385700139, 33.66171485346048], [-117.60092040139853, 33.6617248265495], [-117.60091690250262, 33.66173478928728], [-117.60091336028563, 33.66174473987065], [-117.60090977261939, 33.66175468012622], [-117.60090614164606, 33.661764609128966], [-117.6009024673656, 33.66177452687887], [-117.600898748686, 33.661784432486165], [-117.60089498671329, 33.66179432774218], [-117.60089118034132, 33.6618042108555], [-117.60088733064826, 33.661814081814526], [-117.60088343764808, 33.66182394152069], [-117.60087950134071, 33.66183378997403], [-117.6008755206201, 33.661843625383185], [-117.60087149764249, 33.661853447724816], [-117.6008674302656, 33.661863257923685], [-117.6008633206456, 33.66187305595652], [-117.60085916769044, 33.661882840933465], [-117.600854970322, 33.66189261286615], [-117.6008507306965, 33.661902371731244], [-117.60084644881393, 33.661912117528765], [-117.60084212143987, 33.661921850293766], [-117.60083775287285, 33.661931569077815], [-117.60083334204873, 33.661941274794344], [-117.60082888787538, 33.66195096655343], [-117.6008243903528, 33.66196064435497], [-117.60081985057303, 33.66197030908889], [-117.6008152685082, 33.661979958952145], [-117.60081064309406, 33.66198959485789], [-117.60080597647293, 33.66199921588128], [-117.60080126650249, 33.66200882294723], [-117.60079651423295, 33.662018414240876], [-117.60079404164027, 33.662023421926484], [-117.60079160697701, 33.66202844182466], [-117.60078921024326, 33.66203347393541], [-117.600786852545, 33.662038520050196], [-117.60078453168414, 33.66204357748767], [-117.60078225090899, 33.662048647114354], [-117.6007800069852, 33.66205372896538], [-117.60077780205503, 33.66205882211576], [-117.60077563614645, 33.662063928368575], [-117.60077350813945, 33.66206904503095], [-117.60077141912612, 33.662074172992675], [-117.60076936801437, 33.66207931136393], [-117.60076735696043, 33.66208446012144], [-117.60076538382205, 33.66208962018997], [-117.60076345074147, 33.6620947906447], [-117.60076155662665, 33.662099970595754], [-117.6007597014916, 33.66210516094466], [-117.60075788532228, 33.662110360789924], [-117.60075610919687, 33.66211557011988], [-117.60075437203723, 33.66212078894611], [-117.60075267382942, 33.66212601636721], [-117.60075101566554, 33.66213125327295], [-117.60074939753154, 33.66213649876182], [-117.6007478183355, 33.662141751943985], [-117.60074627916939, 33.66214701370924], [-117.60074478003325, 33.66215228405772], [-117.60074332091305, 33.66215756208778], [-117.600741901795, 33.66216284689789], [-117.60074052270693, 33.66216814029117], [-117.60073918254275, 33.66217344047619], [-117.60073788345878, 33.66217874742963], [-117.60073662437689, 33.66218406116308], [-117.60073540528313, 33.66218938077516], [-117.60073422620549, 33.662194708068824], [-117.60073308818002, 33.66220004032784], [-117.60073199015675, 33.66220537936698], [-117.6007309321076, 33.6622107233831], [-117.60072991512476, 33.66221607326614], [-117.60072893811606, 33.66222142812615], [-117.60072800217371, 33.66222678885307], [-117.60072710619158, 33.662232153655495], [-117.60072625126179, 33.66223752342327], [-117.60072543627827, 33.662242896365], [-117.60072466126897, 33.66224827428377], [-117.60072392839022, 33.66225365715621], [-117.60072323545774, 33.662259043202624], [-117.60072258354967, 33.66226443241133], [-117.60072197268002, 33.66226982568385], [-117.60072140174277, 33.662275221228775], [-117.60072087290807, 33.66228061992437], [-117.60072038403372, 33.662286022695426], [-117.6007199361559, 33.66229142682574], [-117.60071952928855, 33.662296833216814], [-117.60071916343176, 33.66230224186865], [-117.60071883857157, 33.66230765187966], [-117.60071855362976, 33.66231306326162], [-117.60071831077666, 33.66231847689271], [-117.6007181078281, 33.66232389099311], [-117.60071794695425, 33.66232930644112], [-117.60071782598483, 33.66233472235847], [-117.60071774601205, 33.66234013963507], [-117.60071770808612, 33.66234555645617], [-117.60071771006469, 33.662350973746605], [-117.60071775301196, 33.66235639059323], [-117.60071783692797, 33.66236180699608], [-117.60071796289078, 33.66236722294333], [-117.60071812874425, 33.66237263845846], [-117.60071833555241, 33.66237805262823], [-117.60071858331536, 33.66238346545259], [-117.60071887203308, 33.66238887693169], [-117.60071920170562, 33.66239428706534], [-117.60071957231891, 33.66239969495214], [-117.60071998388712, 33.662405101493526], [-117.60072043638209, 33.662410504886516], [-117.60072092983194, 33.66241590693411], [-117.60072146419466, 33.66242130493181], [-117.60072203842017, 33.66242670069423], [-117.60072265465071, 33.66243209329655], [-117.60072331073, 33.66243748276213], [-117.60072400772226, 33.66244286817772], [-117.60072474564143, 33.66244825044495], [-117.60072552444564, 33.66245362685909], [-117.60072634309863, 33.66245900013648], [-117.6007272037428, 33.66246436935222], [-117.60072810314362, 33.662469734541375], [-117.60072904450769, 33.662475093865794], [-117.60073002569267, 33.662480448250406], [-117.60073104777669, 33.66248579768347], [-117.60073210968159, 33.66249114217678], [-117.60073321245765, 33.662496479915504], [-117.60073435504064, 33.66250181181287], [-117.60073553850881, 33.662507137857176], [-117.6007367617839, 33.66251245806009], [-117.60073802591619, 33.66251777060695], [-117.60073932984152, 33.662523076410956], [-117.60074067357387, 33.66252837637354], [-117.60074205707129, 33.66253366779014], [-117.60074348143989, 33.662538952452216], [-117.6007449455876, 33.66254422946982], [-117.60083694258154, 33.66286339608019], [-117.60083813725484, 33.66286777433295], [-117.60083930829325, 33.66287215825187], [-117.60084045565479, 33.662876545132384], [-117.60084158044556, 33.66288093676576], [-117.60084268049533, 33.662885332273916], [-117.6008437579743, 33.66288973253503], [-117.60084481071229, 33.66289413667087], [-117.60084584085153, 33.66289854375664], [-117.60084684626375, 33.66290295561871], [-117.6008478290772, 33.662907370430624], [-117.60084878822781, 33.66291178910565], [-117.60084972371546, 33.66291621164378], [-117.60085063554023, 33.662920638044966], [-117.60085152259605, 33.66292506651785], [-117.600852387081, 33.66292949974371], [-117.60085322787519, 33.66293393502958], [-117.60085404392822, 33.66293837419023], [-117.6008548373686, 33.66294281539921], [-117.60085560606788, 33.662947260483], [-117.60085635107633, 33.66295170762679], [-117.60085707240792, 33.66295615773217], [-117.60085777114067, 33.66296061078743], [-117.60085844404028, 33.6629650668276], [-117.60085909432708, 33.66296952491611], [-117.60085972092304, 33.66297398506465], [-117.60086032275002, 33.662978447284935], [-117.60086090090003, 33.66298291246679], [-117.60086145535915, 33.66298737970861], [-117.60086198611343, 33.662991848109016], [-117.60086249211265, 33.6629963194826], [-117.60086297548509, 33.663000792003054], [-117.60086343408851, 33.663005266595206], [-117.60086386900103, 33.66300974324742], [-117.60086427913046, 33.663014221069744], [-117.60086466663321, 33.66301870003893], [-117.60086502936687, 33.663023181079865], [-117.60086536839566, 33.66302766327926], [-117.6008656826414, 33.66303214664887], [-117.60086597423246, 33.66303662936223], [-117.60086624106839, 33.66304111504889], [-117.6008664831213, 33.6630456019056], [-117.60086670253344, 33.66305008900774], [-117.60086689716249, 33.66305457727996], [-117.60086706807273, 33.66305906580924], [-117.60086721418591, 33.66306355460714], [-117.60086733768627, 33.66306804545341], [-117.60086743637557, 33.66307253566677], [-117.60086751026786, 33.6630770261488], [-117.60086756151941, 33.66308151687615], [-117.60086758797385, 33.663086007872145], [-117.60086759070944, 33.66309049912506], [-117.600867568634, 33.66309498974514], [-117.60086752283964, 33.6630994806222], [-117.6008674533263, 33.66310397175624], [-117.60086736008009, 33.66310846224573], [-117.60086724202284, 33.663112952102274], [-117.60086710023266, 33.66311744131432], [-117.60086693470963, 33.6631219298818], [-117.6008667454676, 33.66312641870624], [-117.60086653140056, 33.663130905996276], [-117.60086629360059, 33.663135392641784], [-117.60086603205373, 33.66313987774116], [-117.6008657456958, 33.66314436220767], [-117.60086543668311, 33.66314884601797], [-117.60086510284535, 33.66315332829383], [-117.60086474526067, 33.663157809023616], [-117.60086436286495, 33.66316228912052], [-117.6008639567223, 33.66316676767128], [-117.60086352789685, 33.6631712437628], [-117.60086307426037, 33.66317571922139], [-117.60086259578479, 33.66318019224409], [-117.60086209464049, 33.663184663709], [-117.60086156973523, 33.663189132726316], [-117.60086102000488, 33.66319360020916], [-117.60086044651369, 33.663198065244416], [-117.60085984927552, 33.66320252873359], [-117.60085922827642, 33.66320698977512], [-117.60085858351638, 33.663211448369], [-117.60085791499542, 33.663215904515276], [-117.60085722054335, 33.663220357335774], [-117.60085650450054, 33.66322480858676], [-117.60085576360464, 33.66322925650035], [-117.60085500002602, 33.66323370195456], [-117.60085421159431, 33.66323814407133], [-117.60085340047979, 33.66324258372877], [-117.60085256449827, 33.66324701914725], [-117.6008517058339, 33.66325145210638], [-117.60085082233041, 33.66325588262958], [-117.60084991611619, 33.663260308890365], [-117.60084898612703, 33.66326473180198], [-117.60084803236296, 33.66326915136447], [-117.60084705482392, 33.663273567577804], [-117.60084605349599, 33.66327797954042], [-117.60084502840702, 33.66328238905544], [-117.6008439805934, 33.663286793406485], [-117.60084290792656, 33.66329119442011], [-117.600841812549, 33.66329559117135], [-117.60084069338255, 33.66329998367183], [-117.6008395504131, 33.66330437102017], [-117.6008373821, 33.66331245555658], [-117.60082240259732, 33.66335605190782], [-117.60080894573089, 33.66340000054886], [-117.60079701948541, 33.66344425991632], [-117.60078664045676, 33.663488787451726], [-117.60077781244287, 33.66353354975211], [-117.60077054132837, 33.66357850888341], [-117.60076484050278, 33.663623624125094], [-117.6007607061754, 33.66366885945114], [-117.60075815176376, 33.66371417594408], [-117.60075716096172, 33.6637658287538], [-117.60075725274301, 33.66459523242367], [-117.6007243879606, 33.664595203434246], [-117.60072512260858, 33.66463900101678], [-117.60072743430094, 33.66468276257926], [-117.60073131913511, 33.66472644488328], [-117.60073677654078, 33.66477001096583], [-117.60074380156527, 33.66481341940299], [-117.60075238175035, 33.66485663155716], [-117.60076251646979, 33.66489960685912], [-117.60077419542179, 33.66494230664775], [-117.60078667633302, 33.664982479347884], [-117.60080584221318, 33.66503826348872], [-117.60082651946999, 33.665093668775825], [-117.6008486990477, 33.66514866735445], [-117.60087236542154, 33.66520323143989], [-117.6008975094798, 33.66525732957112], [-117.60092411786775, 33.66531093484158], [-117.60095217511613, 33.665364023072534], [-117.60098167103482, 33.665416562814556], [-117.60099749415514, 33.66544353110824], [-117.60102363661869, 33.66548891265121], [-117.60104834926479, 33.665534853395684], [-117.6010716132041, 33.6655813174799], [-117.60109341607185, 33.665628272578], [-117.60111374341686, 33.665675690895185], [-117.60113257532701, 33.66572354018736], [-117.60114990474432, 33.66577178266092], [-117.60116571503295, 33.66582038874126], [-117.60117999920458, 33.665869325142395], [-117.60119274917852, 33.665918557688435], [-117.60120394824898, 33.665968052296975], [-117.60120868562039, 33.66599144109166], [-117.60124602313813, 33.66618295232247], [-117.60125654087133, 33.66623280235645], [-117.60126856394187, 33.66628216179065], [-117.60128212260426, 33.66633124309371], [-117.60129721949463, 33.66638000746433], [-117.60131383583925, 33.66642842625163], [-117.60133196028572, 33.66647646260906], [-117.60135158484195, 33.666524087768735], [-117.60136943044871, 33.666564220291214], [-117.60144039000282, 33.66671860816938], [-117.60148017348708, 33.66680699355993], [-117.6015037806393, 33.666863873672376], [-117.60152589535771, 33.666921170303425], [-117.60154650108956, 33.66697885928776], [-117.60156558983762, 33.667036911858986], [-117.60158315360462, 33.667095299250676], [-117.60159525609487, 33.667139050223966], [-117.60167936688045, 33.66745449629939], [-117.60169191062752, 33.667504583104396], [-117.60170298794094, 33.66755523492889], [-117.60171250610341, 33.66760610563068], [-117.60172046788554, 33.66765716542455], [-117.601726858695, 33.66770837749998], [-117.60173167799783, 33.6677597075991]], [[-117.59056292365773, 33.65822883590155], [-117.5905957831145, 33.65815013715646], [-117.5906062532827, 33.65812505517077], [-117.5907303543672, 33.658161292917306], [-117.59068702272967, 33.65826507461498], [-117.59056292365773, 33.65822883590155]]], [[[-117.5483413968722, 33.676653804938674], [-117.55629573577015, 33.67666248187548], [-117.55628879999995, 33.67299642518559], [-117.55628662235341, 33.67184551296002], [-117.556279403852, 33.66933035915487], [-117.5521030201031, 33.66932586508566], [-117.55209729042183, 33.67299056461325], [-117.54834728545534, 33.67298640952225], [-117.5483413968722, 33.676653804938674]]]]}, "properties": {"Area": 161185475.65396515, "Horseshoes": null, "BallFields": 0, "FireRings": 0, "BasketballCourts": 0, "Shape_Length": 310717.3210419732, "Shape_Area": 161101116.75927445, "OBJECTID": 8485, "NAME": "O'Neill Regional Park", "Perimeter": 310717.32104197, "Acres": 3698.38753824, "Hectares": 1497.46805908, "Status": "Existing", "Type": "Regional", "Use_": " ", "Editor": "LUCEROA", "EditDate": 1431596982000, "DogsAllowed": 1, "Amphitheater": 1, "Archery": 0, "Barbeques": 0, "BikeRentals": 0, "BirdWatching": "0", "boardingStables": 0, "bodysurfing": 0, "Camping": 1, "ChildrensZoo": 0, "Classrom": 0, "ConferenceCenter": 0, "ConderenceRooms": 1, "Corral": 0, "DogLeash": 1, "DumpStation": "Yes", "EquestrianCamping": 0, "EquestrianCenter": 0, "EquestrianTrails": 1, "EquipmentRental": 0, "Fishing": 0, "FishingConcession": 0, "FitnessCourse": 0, "FoodConcession": 0, "Gazebo": 0, "Giftshop": 0, "GuestDock": 0, "HikingTrails": 1, "HistoricDam": 0, "HistoricWindmill": 0, "InterpretivePrograms": 0, "InterpretiveCenter": 1, "Kayaking": 0, "KiteFlyingArea": 0, "MarineFossils": 0, "ModelBoats": 0, "ModelGliderArea": 0, "NatureCenter": 0, "PaddleBoarding": 0, "PaddleBoat": 0, "PicnicAreas": 1, "PicnicTables": 1, "PicnicShelters": 0, "PlaygroundTotLot": 0, "Playground": 1, "PonyRides": 0, "PrivatePartyArea": 0, "RacquetballCourt": 0, "Restroom": 1, "RVCamping": 1, "ScenicOutlook": 1, "Shelters": 1, "Showers": 1, "SkinBoarding": 0, "SoccerField": 0, "StorytimeArea": 0, "Surfing": 0, "Swimming": 0, "TennisCourts": 0, "TrailSanitaryStation": 1, "TrainRides": 0, "VolleyballCourts": 0, "WeddingSpecialEvents": 1, "CMMSID": 119}}]}