"STATION","DATE","SOURCE","LATITUDE","LONGITUDE","ELEVATION","NAME","REPORT_TYPE","CALL_SIGN","QUALITY_CONTROL","WND","CIG","VIS","TMP","DEW","SLP","AA1","AB1","AD1","AE1","AH1","AH2","AH3","AH4","AH5","AH6","AI1","AI2","AI3","AI4","AI5","AI6","GJ1","GK1","KA1","KA2","KB1","KB2","KB3","KD1","KD2","KE1","MG1","MH1","MK1","OE1","OE2","OE3","REM","EQD"
"72297793184","2003-01-01T07:59:00","6","33.68","-117.86639","16.5","SANTA ANA JOHN WAYNE AIRPORT, CA US","SOD  ","KSNA ","V020","999,9,9,9999,9","99999,9,9,9","999999,9,9,9","+9999,9","+9999,9","99999,9","24,0000,9,6",,,,,,,,,,,,,,,,"0000,5","000,5","240,M,+0161,5","240,N,+0089,5",,,,,,,"10183,9,99999,4",,,"1,24,00671,280,1249,5","2,24,00536,220,1358,5","3,24,00165,999,9999,5","SOD60524 HR PRECIPITATION (IN): 0.00 TOTAL SUNSHINE (MINUTES):   0 PERCENT POSSIBLE SUNSHINE:  0 24 HR MAX TEMP (F): 6124 HR MAX TEMP TIME (LST):1406 24 HR MIN TEMP (F): 4824 HR MIN TEMP TIME (LST):0653 AVERAGE STATION PRESSURE:30.07  PEAK WIND SPEED (MPH): 15 PEAK WIND DIR (DEG):280 PEAK WIND TIME (LST):1249  FASTEST 2MIN SPEED (MPH): 12FASTEST 2MIN DIR (DEG):220 FASTEST 2MIN TIME (LST):1358 AVERAGE WIND SPEED (MPH): 3.7 24 HR AVG TEMP (F):55 HOURLY INCREMENTAL PRECIPITATION VALUES (IN):.00  .00  .00  .00  .00  .00  .00  .00  .00  .00  .00  .00  .00  .00  .00  .00  .00  .00  .00  .00  .00  .00  .00  .00","R01  0.007AAP092"
"72297793184","2003-01-01T07:59:00","6","33.68","-117.86639","16.5","SANTA ANA JOHN WAYNE AIRPORT, CA US","SOM  ","KSNA ","V020","999,9,9,9999,9","99999,9,9,9","999999,9,9,9","+9999,9","+9999,9","99999,9",,"00559,9,6","00259,9,1616,9999,9999,6","11,6,02,6,99,9,00,5","005,0048,9,200347,5","010,0071,9,200350,5","015,0008,9,200353,5","020,0089,9,200356,6","030,0097,9,200405,6","045,0109,9,200423,6","060,0130,9,200437,6","080,0155,9,161625,5","100,0178,9,161625,5","120,0023,9,161622,5","150,0226,9,161641,6","180,0234,9,161723,6",,,,,"744,N,+0872,5","744,M,+1800,5","744,A,+1339,5","744,H,0269,7","744,C,0000,5","00,5,00,5,00,5,00,5",,"10163,4,10193,4","99999,999999,7,10095,161724,7",,,,"SOM797PCP MTOT: 2.20 PCP GT 24HRS: 1.02 DATE(S):162+ DAYS W/PCP >=.01:11 DAYS W/PCP >=.10: 2 DAYS W/PCP >=1.00:  MSDP AMTS W/DATE-TIME TAGS:MIN:5  .19  20/0347 MIN:10  .28  20/0350 MIN:15  .03  20/0353 MIN:20  .35  20/0356 MIN:30  .38  20/0405 MIN:45  .43  20/0423 MIN:60  .51  20/0437 MIN:80  .61  16/1625 MIN:100  .70  16/1625 MIN:120  .09  16/1622 MIN:150  .89  16/1641 MIN:180  .92  16/1723 SN GT DP ON GRND:0 - DATE(S):0  AVG DLY MIN: 47.7 AVG DLY MAX: 64.4 AVG MLY TMP: 56.1 DAYS MAX <=32:  DAYS MAX >=70: 0 DAYS MAX >=90: 0 DAYS MIN <=32: 0 DAYS MIN  <=0: 0 AVG STP:30.01  AVG SLP:30.10  LWST SLP:29.81 DATE/TIME:161724 HGST SLP:  .00 DATE/TIME: 00000 HDD MTH TOT: 269 DEP NORM:-946 SEASON(JUL 1-JUN 30):    0 DEP NORM:0   0 CDD MTH TOT:   0 DEP NORM:   0 SEASON(JAN 1-DEC 31):    0 DEP NORM:   0","R01  2.207ABP070R02  1.027ADP081R03    117AE1100R04      7AE2103R05   .357A04020R06   .387A05028R07   .437A06034R08   .517A07040R09   .897A11066R10   .927A12072R11   0 -7AKS007R12   2697KDH015R13   .007MKX021"
"72297793184","2003-01-02T07:59:00","6","33.68","-117.86639","16.5","SANTA ANA JOHN WAYNE AIRPORT, CA US","SOD  ","KSNA ","V020","999,9,9,9999,9","99999,9,9,9","999999,9,9,9","+9999,9","+9999,9","99999,9","24,0000,9,5",,,,,,,,,,,,,,,,"0000,5","000,5","240,M,+0233,5","240,N,+0067,6",,,,,,,"10163,9,99999,4",,,"1,24,00805,030,1317,5","2,24,00626,030,1317,5","3,24,00130,999,9999,5","SOD60524 HR PRECIPITATION (IN): 0.00 TOTAL SUNSHINE (MINUTES):   0 PERCENT POSSIBLE SUNSHINE:  0 24 HR MAX TEMP (F): 7424 HR MAX TEMP TIME (LST):1445 24 HR MIN TEMP (F): 4424 HR MIN TEMP TIME (LST):0727 AVERAGE STATION PRESSURE:30.01  PEAK WIND SPEED (MPH): 18 PEAK WIND DIR (DEG): 30 PEAK WIND TIME (LST):1317  FASTEST 2MIN SPEED (MPH): 14FASTEST 2MIN DIR (DEG): 30 FASTEST 2MIN TIME (LST):1317 AVERAGE WIND SPEED (MPH): 2.9 24 HR AVG TEMP (F):59 HOURLY INCREMENTAL PRECIPITATION VALUES (IN):.00  .00  .00  .00  .00  .00  .00  .00  .00  .00  .00  .00  .00  .00  .00  .00  .00  .00  .00  .00  .00  .00  .00  .00","R01    447KAN014"
"72297793184","2003-01-03T07:59:00","6","33.68","-117.86639","16.5","SANTA ANA JOHN WAYNE AIRPORT, CA US","SOD  ","KSNA ","V020","999,9,9,9999,9","99999,9,9,9","999999,9,9,9","+9999,9","+9999,9","99999,9","24,0000,9,5",,,,,,,,,,,,,,,,"0000,5","000,5","240,M,+0278,5","240,N,+0078,5",,,,,,,"10156,9,99999,4",,,"1,24,00536,210,2119,5","2,24,00402,210,2120,5","3,24,00058,999,9999,5","SOD60524 HR PRECIPITATION (IN): 0.00 TOTAL SUNSHINE (MINUTES):   0 PERCENT POSSIBLE SUNSHINE:  0 24 HR MAX TEMP (F): 8224 HR MAX TEMP TIME (LST):1430 24 HR MIN TEMP (F): 4624 HR MIN TEMP TIME (LST):0635 AVERAGE STATION PRESSURE:29.99  PEAK WIND SPEED (MPH): 12 PEAK WIND DIR (DEG):210 PEAK WIND TIME (LST):2119  FASTEST 2MIN SPEED (MPH):  9FASTEST 2MIN DIR (DEG):210 FASTEST 2MIN TIME (LST):2120 AVERAGE WIND SPEED (MPH): 1.3 24 HR AVG TEMP (F):64 HOURLY INCREMENTAL PRECIPITATION VALUES (IN):.00  .00  .00  .00  .00  .00  .00  .00  .00  .00  .00  .00  .00  .00  .00  .00  .00  .00  .00  .00  .00  .00  .00  .00",
"72297793184","2003-01-04T07:59:00","6","33.68","-117.86639","16.5","SANTA ANA JOHN WAYNE AIRPORT, CA US","SOD  ","KSNA ","V020","999,9,9,9999,9","99999,9,9,9","999999,9,9,9","+9999,9","+9999,9","99999,9","24,0000,9,5",,,,,,,,,,,,,,,,"0000,5","000,5","240,M,+0261,5","240,N,+0094,5",,,,,,,"10152,9,99999,4",,,"1,24,00581,120,0728,5","2,24,00358,200,0915,5","3,24,00054,999,9999,5","SOD60524 HR PRECIPITATION (IN): 0.00 TOTAL SUNSHINE (MINUTES):   0 PERCENT POSSIBLE SUNSHINE:  0 24 HR MAX TEMP (F): 7924 HR MAX TEMP TIME (LST):1505 24 HR MIN TEMP (F): 4924 HR MIN TEMP TIME (LST):0508 AVERAGE STATION PRESSURE:29.98  PEAK WIND SPEED (MPH): 13 PEAK WIND DIR (DEG):120 PEAK WIND TIME (LST):0728  FASTEST 2MIN SPEED (MPH):  8FASTEST 2MIN DIR (DEG):200 FASTEST 2MIN TIME (LST):0915 AVERAGE WIND SPEED (MPH): 1.2 24 HR AVG TEMP (F):64 HOURLY INCREMENTAL PRECIPITATION VALUES (IN):.00  .00  .00  .00  .00  .00  .00  .00  .00  .00  .00  .00  .00  .00  .00  .00  .00  .00  .00  .00  .00  .00  .00  .00",
"72297793184","2003-01-05T07:59:00","6","33.68","-117.86639","16.5","SANTA ANA JOHN WAYNE AIRPORT, CA US","SOD  ","KSNA ","V020","999,9,9,9999,9","99999,9,9,9","999999,9,9,9","+9999,9","+9999,9","99999,9","24,0000,9,5",,,,,,,,,,,,,,,,"0000,5","000,5","240,M,+0250,5","240,N,+0094,5",,,,,,,"10159,9,99999,4",,,"1,24,00447,240,1410,5","2,24,00402,260,1431,5","3,24,00076,999,9999,5","SOD60524 HR PRECIPITATION (IN): 0.00 TOTAL SUNSHINE (MINUTES):   0 PERCENT POSSIBLE SUNSHINE:  0 24 HR MAX TEMP (F): 7724 HR MAX TEMP TIME (LST):1347 24 HR MIN TEMP (F): 4924 HR MIN TEMP TIME (LST):0721 AVERAGE STATION PRESSURE:30.00  PEAK WIND SPEED (MPH): 10 PEAK WIND DIR (DEG):240 PEAK WIND TIME (LST):1410  FASTEST 2MIN SPEED (MPH):  9FASTEST 2MIN DIR (DEG):260 FASTEST 2MIN TIME (LST):1431 AVERAGE WIND SPEED (MPH): 1.7 24 HR AVG TEMP (F):63 HOURLY INCREMENTAL PRECIPITATION VALUES (IN):.00  .00  .00  .00  .00  .00  .00  .00  .00  .00  .00  .00  .00  .00  .00  .00  .00  .00  .00  .00  .00  .00  .00  .00",
"72297793184","2003-01-06T07:59:00","6","33.68","-117.86639","16.5","SANTA ANA JOHN WAYNE AIRPORT, CA US","SOD  ","KSNA ","V020","999,9,9,9999,9","99999,9,9,9","999999,9,9,9","+9999,9","+9999,9","99999,9","24,0000,9,5",,,,,,,,,,,,,,,,"0000,5","000,5","240,M,+0244,5","240,N,+0089,5",,,,,,,"10108,9,99999,4",,,"1,24,02146,050,2358,5","2,24,01609,060,2356,5","3,24,00241,999,9999,5","SOD60524 HR PRECIPITATION (IN): 0.00 TOTAL SUNSHINE (MINUTES):   0 PERCENT POSSIBLE SUNSHINE:  0 24 HR MAX TEMP (F): 7624 HR MAX TEMP TIME (LST):1256 24 HR MIN TEMP (F): 4824 HR MIN TEMP TIME (LST):0707 AVERAGE STATION PRESSURE:29.85  PEAK WIND SPEED (MPH): 48 PEAK WIND DIR (DEG): 50 PEAK WIND TIME (LST):2358  FASTEST 2MIN SPEED (MPH): 36FASTEST 2MIN DIR (DEG): 60 FASTEST 2MIN TIME (LST):2356 AVERAGE WIND SPEED (MPH): 5.4 24 HR AVG TEMP (F):62 HOURLY INCREMENTAL PRECIPITATION VALUES (IN):.00  .00  .00  .00  .00  .00  .00  .00  .00  .00  .00  .00  .00  .00  .00  .00  .00  .00  .00  .00  .00  .00  .00  .00",
"72297793184","2003-01-07T07:59:00","6","33.68","-117.86639","16.5","SANTA ANA JOHN WAYNE AIRPORT, CA US","SOD  ","KSNA ","V020","999,9,9,9999,9","99999,9,9,9","999999,9,9,9","+9999,9","+9999,9","99999,9","24,0000,9,5",,,,,,,,,,,,,,,,"0000,5","000,5","240,M,+0239,5","240,N,+0189,5",,,,,,,"10119,9,99999,4",,,"1,24,02190,030,0845,5","2,24,01788,060,0058,5","3,24,00992,999,9999,5","SOD60524 HR PRECIPITATION (IN): 0.00 TOTAL SUNSHINE (MINUTES):   0 PERCENT POSSIBLE SUNSHINE:  0 24 HR MAX TEMP (F): 7524 HR MAX TEMP TIME (LST):1545 24 HR MIN TEMP (F): 6624 HR MIN TEMP TIME (LST):0749 AVERAGE STATION PRESSURE:29.88  PEAK WIND SPEED (MPH): 49 PEAK WIND DIR (DEG): 30 PEAK WIND TIME (LST):0845  FASTEST 2MIN SPEED (MPH): 40FASTEST 2MIN DIR (DEG): 60 FASTEST 2MIN TIME (LST):0058 AVERAGE WIND SPEED (MPH):22.2 24 HR AVG TEMP (F):71 HOURLY INCREMENTAL PRECIPITATION VALUES (IN):.00  .00  .00  .00  .00  .00  .00  .00  .00  .00  .00  .00  .00  .00  .00  .00  .00  .00  .00  .00  .00  .00  .00  .00",
"72297793184","2003-01-08T07:59:00","6","33.68","-117.86639","16.5","SANTA ANA JOHN WAYNE AIRPORT, CA US","SOD  ","KSNA ","V020","999,9,9,9999,9","99999,9,9,9","999999,9,9,9","+9999,9","+9999,9","99999,9","24,0000,9,5",,,,,,,,,,,,,,,,"0000,5","000,5","240,M,+0289,5","240,N,+0150,5",,,,,,,"10112,9,99999,4",,,"1,24,01609,070,0404,5","2,24,01252,060,0358,5","3,24,00371,999,9999,5","SOD58324 HR PRECIPITATION (IN): 0.00 TOTAL SUNSHINE (MINUTES):   0 PERCENT POSSIBLE SUNSHINE:  0 24 HR MAX TEMP (F): 8424 HR MAX TEMP TIME (LST):1410 24 HR MIN TEMP (F): 5924 HR MIN TEMP TIME (LST):2359 AVERAGE STATION PRESSURE:29.86  PEAK WIND SPEED (MPH): 36 PEAK WIND DIR (DEG): 70 PEAK WIND TIME (LST):0404  FASTEST 2MIN SPEED (MPH): 28FASTEST 2MIN DIR (DEG): 60 FASTEST 2MIN TIME (LST):0358 AVERAGE WIND SPEED (MPH): 8.3 HOURLY INCREMENTAL PRECIPITATION VALUES (IN):.00  .00  .00  .00  .00  .00  .00  .00  .00  .00  .00  .00  .00  .00  .00  .00  .00  .00  .00  .00  .00  .00  .00  .00",
"72297793184","2003-01-09T07:59:00","6","33.68","-117.86639","16.5","SANTA ANA JOHN WAYNE AIRPORT, CA US","SOD  ","KSNA ","V020","999,9,9,9999,9","99999,9,9,9","999999,9,9,9","+9999,9","+9999,9","99999,9","24,0010,9,5",,,,,,,,,,,,,,,,"0000,5","000,5","240,M,+0178,5","240,N,+0117,5",,,,,,,"10146,9,99999,4",,,"1,24,00536,210,1259,5","2,24,00447,210,1255,5","3,24,00094,999,9999,5","SOD60524 HR PRECIPITATION (IN): 0.04 TOTAL SUNSHINE (MINUTES):   0 PERCENT POSSIBLE SUNSHINE:  0 24 HR MAX TEMP (F): 6424 HR MAX TEMP TIME (LST):1609 24 HR MIN TEMP (F): 5324 HR MIN TEMP TIME (LST):2359 AVERAGE STATION PRESSURE:29.96  PEAK WIND SPEED (MPH): 12 PEAK WIND DIR (DEG):210 PEAK WIND TIME (LST):1259  FASTEST 2MIN SPEED (MPH): 10FASTEST 2MIN DIR (DEG):210 FASTEST 2MIN TIME (LST):1255 AVERAGE WIND SPEED (MPH): 2.1 24 HR AVG TEMP (F):59 HOURLY INCREMENTAL PRECIPITATION VALUES (IN):.00  .00  .00  .00  .00  .00  .00  .00  .00   T    T    T   .01  .03   T   .00  .00  .00  .00  .00  .00  .00  .00  .00",
"72297793184","2003-01-10T07:59:00","6","33.68","-117.86639","16.5","SANTA ANA JOHN WAYNE AIRPORT, CA US","SOD  ","KSNA ","V020","999,9,9,9999,9","99999,9,9,9","999999,9,9,9","+9999,9","+9999,9","99999,9","24,0003,9,5",,,,,,,,,,,,,,,,"0000,5","000,5","240,M,+0178,5","240,N,+0100,5",,,,,,,"10163,9,99999,4",,,"1,24,00671,210,1306,5","2,24,00581,210,1418,5","3,24,00174,999,9999,5","SOD60524 HR PRECIPITATION (IN): 0.01 TOTAL SUNSHINE (MINUTES):   0 PERCENT POSSIBLE SUNSHINE:  0 24 HR MAX TEMP (F): 6424 HR MAX TEMP TIME (LST):1250 24 HR MIN TEMP (F): 5024 HR MIN TEMP TIME (LST):0519 AVERAGE STATION PRESSURE:30.01  PEAK WIND SPEED (MPH): 15 PEAK WIND DIR (DEG):210 PEAK WIND TIME (LST):1306  FASTEST 2MIN SPEED (MPH): 13FASTEST 2MIN DIR (DEG):210 FASTEST 2MIN TIME (LST):1418 AVERAGE WIND SPEED (MPH): 3.9 24 HR AVG TEMP (F):57 HOURLY INCREMENTAL PRECIPITATION VALUES (IN):.00  .00  .00  .00  .00  .00  .01  .00  .00  .00  .00  .00  .00  .00  .00  .00  .00  .00  .00  .00  .00  .00  .00  .00",
"72297793184","2003-01-11T07:59:00","6","33.68","-117.86639","16.5","SANTA ANA JOHN WAYNE AIRPORT, CA US","SOD  ","KSNA ","V020","999,9,9,9999,9","99999,9,9,9","999999,9,9,9","+9999,9","+9999,9","99999,9","24,0000,9,6",,,,,,,,,,,,,,,,"0000,5","000,5","240,M,+0167,5","240,N,+0089,5",,,,,,,"10163,9,99999,4",,,"1,24,00536,190,1323,5","2,24,00447,190,1310,5","3,24,00094,999,9999,5","SOD60524 HR PRECIPITATION (IN): 0.00 TOTAL SUNSHINE (MINUTES):   0 PERCENT POSSIBLE SUNSHINE:  0 24 HR MAX TEMP (F): 6224 HR MAX TEMP TIME (LST):1243 24 HR MIN TEMP (F): 4824 HR MIN TEMP TIME (LST):0436 AVERAGE STATION PRESSURE:30.01  PEAK WIND SPEED (MPH): 12 PEAK WIND DIR (DEG):190 PEAK WIND TIME (LST):1323  FASTEST 2MIN SPEED (MPH): 10FASTEST 2MIN DIR (DEG):190 FASTEST 2MIN TIME (LST):1310 AVERAGE WIND SPEED (MPH): 2.1 24 HR AVG TEMP (F):55 HOURLY INCREMENTAL PRECIPITATION VALUES (IN):.00  .00  .00  .00  .00  .00  .00  .00  .00  .00  .00  .00  .00  .00  .00  .00  .00  .00  .00  .00  .00  .00  .00  .00","R01  0.007AAP092"
"72297793184","2003-01-12T07:59:00","6","33.68","-117.86639","16.5","SANTA ANA JOHN WAYNE AIRPORT, CA US","SOD  ","KSNA ","V020","999,9,9,9999,9","99999,9,9,9","999999,9,9,9","+9999,9","+9999,9","99999,9","24,0000,9,6",,,,,,,,,,,,,,,,"0000,5","000,5","240,M,+0183,5","240,N,+0094,5",,,,,,,"10169,9,99999,4",,,"1,24,00626,220,1254,5","2,24,00447,260,1243,5","3,24,00112,999,9999,5","SOD60524 HR PRECIPITATION (IN): 0.00 TOTAL SUNSHINE (MINUTES):   0 PERCENT POSSIBLE SUNSHINE:  0 24 HR MAX TEMP (F): 6524 HR MAX TEMP TIME (LST):1518 24 HR MIN TEMP (F): 4924 HR MIN TEMP TIME (LST):0616 AVERAGE STATION PRESSURE:30.03  PEAK WIND SPEED (MPH): 14 PEAK WIND DIR (DEG):220 PEAK WIND TIME (LST):1254  FASTEST 2MIN SPEED (MPH): 10FASTEST 2MIN DIR (DEG):260 FASTEST 2MIN TIME (LST):1243 AVERAGE WIND SPEED (MPH): 2.5 24 HR AVG TEMP (F):57 HOURLY INCREMENTAL PRECIPITATION VALUES (IN):.00  .00  .00  .00  .00  .00  .00  .00  .00  .00  .00  .00  .00  .00  .00  .00  .00  .00  .00  .00  .00  .00  .00  .00","R01  0.007AAP092"
"72297793184","2003-01-13T07:59:00","6","33.68","-117.86639","16.5","SANTA ANA JOHN WAYNE AIRPORT, CA US","SOD  ","KSNA ","V020","999,9,9,9999,9","99999,9,9,9","999999,9,9,9","+9999,9","+9999,9","99999,9","24,0000,9,6",,,,,,,,,,,,,,,,"0000,5","000,5","240,M,+0167,5","240,N,+0100,5",,,,,,,"10213,9,99999,4",,,"1,24,00536,270,1232,5","2,24,00402,260,1226,5","3,24,00103,999,9999,5","SOD60524 HR PRECIPITATION (IN): 0.00 TOTAL SUNSHINE (MINUTES):   0 PERCENT POSSIBLE SUNSHINE:  0 24 HR MAX TEMP (F): 6224 HR MAX TEMP TIME (LST):1430 24 HR MIN TEMP (F): 5024 HR MIN TEMP TIME (LST):2348 AVERAGE STATION PRESSURE:30.16  PEAK WIND SPEED (MPH): 12 PEAK WIND DIR (DEG):270 PEAK WIND TIME (LST):1232  FASTEST 2MIN SPEED (MPH):  9FASTEST 2MIN DIR (DEG):260 FASTEST 2MIN TIME (LST):1226 AVERAGE WIND SPEED (MPH): 2.3 24 HR AVG TEMP (F):56 HOURLY INCREMENTAL PRECIPITATION VALUES (IN):.00  .00  .00  .00  .00  .00  .00  .00  .00  .00  .00  .00  .00  .00  .00  .00  .00  .00  .00  .00  .00  .00  .00  .00","R01  0.007AAP092"
"72297793184","2003-01-14T07:59:00","6","33.68","-117.86639","16.5","SANTA ANA JOHN WAYNE AIRPORT, CA US","SOD  ","KSNA ","V020","999,9,9,9999,9","99999,9,9,9","999999,9,9,9","+9999,9","+9999,9","99999,9","24,0000,9,6",,,,,,,,,,,,,,,,"0000,5","000,5","240,M,+0172,5","240,N,+0106,5",,,,,,,"10203,9,99999,4",,,"1,24,00536,210,1224,5","2,24,00402,190,1231,5","3,24,00085,999,9999,5","SOD60524 HR PRECIPITATION (IN): 0.00 TOTAL SUNSHINE (MINUTES):   0 PERCENT POSSIBLE SUNSHINE:  0 24 HR MAX TEMP (F): 6324 HR MAX TEMP TIME (LST):1356 24 HR MIN TEMP (F): 5124 HR MIN TEMP TIME (LST):2359 AVERAGE STATION PRESSURE:30.13  PEAK WIND SPEED (MPH): 12 PEAK WIND DIR (DEG):210 PEAK WIND TIME (LST):1224  FASTEST 2MIN SPEED (MPH):  9FASTEST 2MIN DIR (DEG):190 FASTEST 2MIN TIME (LST):1231 AVERAGE WIND SPEED (MPH): 1.9 24 HR AVG TEMP (F):57 HOURLY INCREMENTAL PRECIPITATION VALUES (IN):.00  .00  .00  .00  .00  .00  .00  .00  .00  .00  .00  .00  .00  .00  .00  .00  .00  .00  .00  .00  .00  .00  .00  .00","R01  0.007AAP092"
"72297793184","2003-01-15T07:59:00","6","33.68","-117.86639","16.5","SANTA ANA JOHN WAYNE AIRPORT, CA US","SOD  ","KSNA ","V020","999,9,9,9999,9","99999,9,9,9","999999,9,9,9","+9999,9","+9999,9","99999,9","24,0000,9,6",,,,,,,,,,,,,,,,"0000,5","000,5","240,M,+0161,5","240,N,+0089,5",,,,,,,"10176,9,99999,4",,,"1,24,00581,200,1302,5","2,24,00447,200,1310,5","3,24,00085,999,9999,5","SOD58324 HR PRECIPITATION (IN): 0.00 TOTAL SUNSHINE (MINUTES):   0 PERCENT POSSIBLE SUNSHINE:  0 24 HR MAX TEMP (F): 6124 HR MAX TEMP TIME (LST):1250 24 HR MIN TEMP (F): 4824 HR MIN TEMP TIME (LST):0312 AVERAGE STATION PRESSURE:30.05  PEAK WIND SPEED (MPH): 13 PEAK WIND DIR (DEG):200 PEAK WIND TIME (LST):1302  FASTEST 2MIN SPEED (MPH): 10FASTEST 2MIN DIR (DEG):200 FASTEST 2MIN TIME (LST):1310 AVERAGE WIND SPEED (MPH): 1.9 HOURLY INCREMENTAL PRECIPITATION VALUES (IN):.00  .00  .00  .00  .00  .00  .00  .00  .00  .00  .00  .00  .00  .00  .00  .00  .00  .00  .00  .00  .00  .00  .00  .00","R01  0.007AAP092"
"72297793184","2003-01-16T07:59:00","6","33.68","-117.86639","16.5","SANTA ANA JOHN WAYNE AIRPORT, CA US","SOD  ","KSNA ","V020","999,9,9,9999,9","99999,9,9,9","999999,9,9,9","+9999,9","+9999,9","99999,9","24,0003,9,5",,,,,,,,,,,,,,,,"0000,5","000,5","240,M,+0244,5","240,N,+0078,5",,,,,,,"10163,9,99999,4",,,"1,24,00671,110,0910,5","2,24,00402,130,0935,5","3,24,00080,999,9999,5","SOD60524 HR PRECIPITATION (IN): 0.01 TOTAL SUNSHINE (MINUTES):   0 PERCENT POSSIBLE SUNSHINE:  0 24 HR MAX TEMP (F): 7624 HR MAX TEMP TIME (LST):1408 24 HR MIN TEMP (F): 4624 HR MIN TEMP TIME (LST):0537 AVERAGE STATION PRESSURE:30.01  PEAK WIND SPEED (MPH): 15 PEAK WIND DIR (DEG):110 PEAK WIND TIME (LST):0910  FASTEST 2MIN SPEED (MPH):  9FASTEST 2MIN DIR (DEG):130 FASTEST 2MIN TIME (LST):0935 AVERAGE WIND SPEED (MPH): 1.8 24 HR AVG TEMP (F):61 HOURLY INCREMENTAL PRECIPITATION VALUES (IN):.00  .00  .00  .00  .00  .01  .00  .00  .00  .00  .00  .00  .00  .00  .00  .00  .00  .00  .00  .00  .00  .00  .00  .00",
"72297793184","2003-01-17T07:59:00","6","33.68","-117.86639","16.5","SANTA ANA JOHN WAYNE AIRPORT, CA US","SOD  ","KSNA ","V020","999,9,9,9999,9","99999,9,9,9","999999,9,9,9","+9999,9","+9999,9","99999,9","24,0000,9,6",,,,,,,,,,,,,,,,"0000,5","000,5","240,M,+0278,5","240,N,+0067,5",,,,,,,"10169,9,99999,4",,,"1,24,00536,190,1518,5","2,24,00447,200,1519,5","3,24,00094,999,9999,5","SOD60524 HR PRECIPITATION (IN): 0.00 TOTAL SUNSHINE (MINUTES):   0 PERCENT POSSIBLE SUNSHINE:  0 24 HR MAX TEMP (F): 8224 HR MAX TEMP TIME (LST):1353 24 HR MIN TEMP (F): 4424 HR MIN TEMP TIME (LST):0640 AVERAGE STATION PRESSURE:30.03  PEAK WIND SPEED (MPH): 12 PEAK WIND DIR (DEG):190 PEAK WIND TIME (LST):1518  FASTEST 2MIN SPEED (MPH): 10FASTEST 2MIN DIR (DEG):200 FASTEST 2MIN TIME (LST):1519 AVERAGE WIND SPEED (MPH): 2.1 24 HR AVG TEMP (F):63 HOURLY INCREMENTAL PRECIPITATION VALUES (IN):.00  .00  .00  .00  .00  .00  .00  .00  .00  .00  .00  .00  .00  .00  .00  .00  .00  .00  .00  .00  .00  .00  .00  .00","R01  0.007AAP092"
"72297793184","2003-01-18T07:59:00","6","33.68","-117.86639","16.5","SANTA ANA JOHN WAYNE AIRPORT, CA US","SOD  ","KSNA ","V020","999,9,9,9999,9","99999,9,9,9","999999,9,9,9","+9999,9","+9999,9","99999,9","24,0000,9,6",,,,,,,,,,,,,,,,"0000,5","000,5","240,M,+0239,5","240,N,+0072,5",,,,,,,"10152,9,99999,4",,,"1,24,00581,210,1227,5","2,24,00447,210,1617,5","3,24,00094,999,9999,5","SOD60524 HR PRECIPITATION (IN): 0.00 TOTAL SUNSHINE (MINUTES):   0 PERCENT POSSIBLE SUNSHINE:  0 24 HR MAX TEMP (F): 7524 HR MAX TEMP TIME (LST):1445 24 HR MIN TEMP (F): 4524 HR MIN TEMP TIME (LST):0635 AVERAGE STATION PRESSURE:29.98  PEAK WIND SPEED (MPH): 13 PEAK WIND DIR (DEG):210 PEAK WIND TIME (LST):1227  FASTEST 2MIN SPEED (MPH): 10FASTEST 2MIN DIR (DEG):210 FASTEST 2MIN TIME (LST):1617 AVERAGE WIND SPEED (MPH): 2.1 24 HR AVG TEMP (F):60 HOURLY INCREMENTAL PRECIPITATION VALUES (IN):.00  .00  .00  .00  .00  .00  .00  .00  .00  .00  .00  .00  .00  .00  .00  .00  .00  .00  .00  .00  .00  .00  .00  .00","R01  0.007AAP092"
"72297793184","2003-01-19T07:59:00","6","33.68","-117.86639","16.5","SANTA ANA JOHN WAYNE AIRPORT, CA US","SOD  ","KSNA ","V020","999,9,9,9999,9","99999,9,9,9","999999,9,9,9","+9999,9","+9999,9","99999,9","24,0000,9,6",,,,,,,,,,,,,,,,"0000,5","000,5","240,M,+0222,5","240,N,+0089,5",,,,,,,"10159,9,99999,4",,,"1,24,00626,200,1454,5","2,24,00581,200,1454,5","3,24,00148,999,9999,5","SOD60524 HR PRECIPITATION (IN): 0.00 TOTAL SUNSHINE (MINUTES):   0 PERCENT POSSIBLE SUNSHINE:  0 24 HR MAX TEMP (F): 7224 HR MAX TEMP TIME (LST):1402 24 HR MIN TEMP (F): 4824 HR MIN TEMP TIME (LST):0647 AVERAGE STATION PRESSURE:30.00  PEAK WIND SPEED (MPH): 14 PEAK WIND DIR (DEG):200 PEAK WIND TIME (LST):1454  FASTEST 2MIN SPEED (MPH): 13FASTEST 2MIN DIR (DEG):200 FASTEST 2MIN TIME (LST):1454 AVERAGE WIND SPEED (MPH): 3.3 24 HR AVG TEMP (F):60 HOURLY INCREMENTAL PRECIPITATION VALUES (IN):.00  .00  .00  .00  .00  .00  .00  .00  .00  .00  .00  .00  .00  .00  .00  .00  .00  .00  .00  .00  .00  .00  .00  .00","R01  0.007AAP092"
"72297793184","2003-01-20T07:59:00","6","33.68","-117.86639","16.5","SANTA ANA JOHN WAYNE AIRPORT, CA US","SOD  ","KSNA ","V020","999,9,9,9999,9","99999,9,9,9","999999,9,9,9","+9999,9","+9999,9","99999,9","24,0000,9,6",,,,,,,,,,,,,,,,"0000,5","000,5","240,M,+0206,5","240,N,+0083,5",,,,,,,"10173,9,99999,4",,,"1,24,00671,210,1550,5","2,24,00626,190,1546,5","3,24,00143,999,9999,5","SOD60524 HR PRECIPITATION (IN): 0.00 TOTAL SUNSHINE (MINUTES):   0 PERCENT POSSIBLE SUNSHINE:  0 24 HR MAX TEMP (F): 6924 HR MAX TEMP TIME (LST):1514 24 HR MIN TEMP (F): 4724 HR MIN TEMP TIME (LST):0530 AVERAGE STATION PRESSURE:30.04  PEAK WIND SPEED (MPH): 15 PEAK WIND DIR (DEG):210 PEAK WIND TIME (LST):1550  FASTEST 2MIN SPEED (MPH): 14FASTEST 2MIN DIR (DEG):190 FASTEST 2MIN TIME (LST):1546 AVERAGE WIND SPEED (MPH): 3.2 24 HR AVG TEMP (F):58 HOURLY INCREMENTAL PRECIPITATION VALUES (IN):.00  .00  .00  .00  .00  .00  .00  .00  .00  .00  .00  .00  .00  .00  .00  .00  .00  .00  .00  .00  .00  .00  .00  .00","R01  0.007AAP092"
"72297793184","2003-01-21T07:59:00","6","33.68","-117.86639","16.5","SANTA ANA JOHN WAYNE AIRPORT, CA US","SOD  ","KSNA ","V020","999,9,9,9999,9","99999,9,9,9","999999,9,9,9","+9999,9","+9999,9","99999,9","24,0000,9,6",,,,,,,,,,,,,,,,"0000,5","000,5","240,M,+0200,5","240,N,+0117,5",,,,,,,"10186,9,99999,4",,,"1,24,00671,210,1504,5","2,24,00581,200,1506,5","3,24,00201,999,9999,5","SOD60524 HR PRECIPITATION (IN): 0.00 TOTAL SUNSHINE (MINUTES):   0 PERCENT POSSIBLE SUNSHINE:  0 24 HR MAX TEMP (F): 6824 HR MAX TEMP TIME (LST):1451 24 HR MIN TEMP (F): 5324 HR MIN TEMP TIME (LST):0120 AVERAGE STATION PRESSURE:30.08  PEAK WIND SPEED (MPH): 15 PEAK WIND DIR (DEG):210 PEAK WIND TIME (LST):1504  FASTEST 2MIN SPEED (MPH): 13FASTEST 2MIN DIR (DEG):200 FASTEST 2MIN TIME (LST):1506 AVERAGE WIND SPEED (MPH): 4.5 24 HR AVG TEMP (F):61 HOURLY INCREMENTAL PRECIPITATION VALUES (IN):.00  .00  .00  .00  .00  .00  .00  .00  .00  .00  .00  .00  .00  .00  .00  .00  .00  .00  .00  .00  .00  .00  .00  .00","R01  0.007AAP092"
"72297793184","2003-01-22T07:59:00","6","33.68","-117.86639","16.5","SANTA ANA JOHN WAYNE AIRPORT, CA US","SOD  ","KSNA ","V020","999,9,9,9999,9","99999,9,9,9","999999,9,9,9","+9999,9","+9999,9","99999,9","24,0000,9,6",,,,,,,,,,,,,,,,"0000,5","000,5","240,M,+0183,5","240,N,+0111,5",,,,,,,"10196,9,99999,4",,,"1,24,00671,270,1620,5","2,24,00581,260,1621,5","3,24,00139,999,9999,5","SOD60524 HR PRECIPITATION (IN): 0.00 TOTAL SUNSHINE (MINUTES):   0 PERCENT POSSIBLE SUNSHINE:  0 24 HR MAX TEMP (F): 6524 HR MAX TEMP TIME (LST):1328 24 HR MIN TEMP (F): 5224 HR MIN TEMP TIME (LST):0623 AVERAGE STATION PRESSURE:30.11  PEAK WIND SPEED (MPH): 15 PEAK WIND DIR (DEG):270 PEAK WIND TIME (LST):1620  FASTEST 2MIN SPEED (MPH): 13FASTEST 2MIN DIR (DEG):260 FASTEST 2MIN TIME (LST):1621 AVERAGE WIND SPEED (MPH): 3.1 24 HR AVG TEMP (F):59 HOURLY INCREMENTAL PRECIPITATION VALUES (IN):.00  .00  .00  .00  .00  .00  .00  .00  .00  .00  .00  .00  .00  .00  .00  .00  .00  .00  .00  .00  .00  .00  .00  .00","R01  0.007AAP092"
"72297793184","2003-01-23T07:59:00","6","33.68","-117.86639","16.5","SANTA ANA JOHN WAYNE AIRPORT, CA US","SOD  ","KSNA ","V020","999,9,9,9999,9","99999,9,9,9","999999,9,9,9","+9999,9","+9999,9","99999,9","24,0000,9,6",,,,,,,,,,,,,,,,,,"240,M,+0183,5","240,N,+0100,5",,,,,,,"10207,9,99999,4",,,"1,24,00581,270,1752,5","2,24,00402,260,1752,5","3,24,00125,999,9999,5","SOD54524 HR PRECIPITATION (IN): 0.00 24 HR MAX TEMP (F): 6524 HR MAX TEMP TIME (LST):1418 24 HR MIN TEMP (F): 5024 HR MIN TEMP TIME (LST):0603 AVERAGE STATION PRESSURE:30.14  PEAK WIND SPEED (MPH): 13 PEAK WIND DIR (DEG):270 PEAK WIND TIME (LST):1752  FASTEST 2MIN SPEED (MPH):  9FASTEST 2MIN DIR (DEG):260 FASTEST 2MIN TIME (LST):1752 AVERAGE WIND SPEED (MPH): 2.8 24 HR AVG TEMP (F):58 HOURLY INCREMENTAL PRECIPITATION VALUES (IN):.00  .00  .00  .00  .00  .00  .00  .00  .00  .00  .00  .00  .00  .00  .00  .00  .00  .00  .00  .00  .00  .00  .00  .00","R01  0.007AAP092"
"72297793184","2003-01-24T07:59:00","6","33.68","-117.86639","16.5","SANTA ANA JOHN WAYNE AIRPORT, CA US","SOD  ","KSNA ","V020","999,9,9,9999,9","99999,9,9,9","999999,9,9,9","+9999,9","+9999,9","99999,9","24,0000,9,6",,,,,,,,,,,,,,,,"0000,5","000,5","240,M,+0206,5","240,N,+0117,5",,,,,,,"10166,9,99999,4",,,"1,24,00447,260,1513,5","2,24,00358,190,0943,5","3,24,00107,999,9999,5","SOD60524 HR PRECIPITATION (IN): 0.00 TOTAL SUNSHINE (MINUTES):   0 PERCENT POSSIBLE SUNSHINE:  0 24 HR MAX TEMP (F): 6924 HR MAX TEMP TIME (LST):1450 24 HR MIN TEMP (F): 5324 HR MIN TEMP TIME (LST):0704 AVERAGE STATION PRESSURE:30.02  PEAK WIND SPEED (MPH): 10 PEAK WIND DIR (DEG):260 PEAK WIND TIME (LST):1513  FASTEST 2MIN SPEED (MPH):  8FASTEST 2MIN DIR (DEG):190 FASTEST 2MIN TIME (LST):0943 AVERAGE WIND SPEED (MPH): 2.4 24 HR AVG TEMP (F):61 HOURLY INCREMENTAL PRECIPITATION VALUES (IN):.00  .00  .00  .00  .00  .00  .00  .00  .00  .00  .00  .00  .00  .00  .00  .00  .00  .00  .00  .00  .00  .00  .00  .00","R01  0.007AAP092"
"72297793184","2003-01-25T07:59:00","6","33.68","-117.86639","16.5","SANTA ANA JOHN WAYNE AIRPORT, CA US","SOD  ","KSNA ","V020","999,9,9,9999,9","99999,9,9,9","999999,9,9,9","+9999,9","+9999,9","99999,9","24,0000,9,6",,,,,,,,,,,,,,,,,,"240,M,+0222,5","240,N,+0100,5",,,,,,,,,,"1,24,00626,210,1630,5","2,24,00536,210,1607,5","3,24,00103,999,9999,5","SOD51324 HR PRECIPITATION (IN): 0.00 24 HR MAX TEMP (F): 7224 HR MAX TEMP TIME (LST):1511 24 HR MIN TEMP (F): 5024 HR MIN TEMP TIME (LST):0444 PEAK WIND SPEED (MPH): 14 PEAK WIND DIR (DEG):210 PEAK WIND TIME (LST):1630  FASTEST 2MIN SPEED (MPH): 12FASTEST 2MIN DIR (DEG):210 FASTEST 2MIN TIME (LST):1607 AVERAGE WIND SPEED (MPH): 2.3 24 HR AVG TEMP (F):61 HOURLY INCREMENTAL PRECIPITATION VALUES (IN):.00  .00  .00  .00  .00  .00  .00  .00  .00  .00  .00  .00  .00  .00  .00  .00  .00  .00  .00  .00  .00  .00  .00  .00","R01  0.007AAP092"
"72297793184","2003-01-26T07:59:00","6","33.68","-117.86639","16.5","SANTA ANA JOHN WAYNE AIRPORT, CA US","SOD  ","KSNA ","V020","999,9,9,9999,9","99999,9,9,9","999999,9,9,9","+9999,9","+9999,9","99999,9","24,0000,9,6",,,,,,,,,,,,,,,,"0000,5","000,5","240,M,+0278,5","240,N,+0100,5",,,,,,,"10149,9,99999,4",,,"1,24,01252,070,2155,5","2,24,00939,070,2205,5","3,24,00125,999,9999,5","SOD60524 HR PRECIPITATION (IN): 0.00 TOTAL SUNSHINE (MINUTES):   0 PERCENT POSSIBLE SUNSHINE:  0 24 HR MAX TEMP (F): 8224 HR MAX TEMP TIME (LST):1407 24 HR MIN TEMP (F): 5024 HR MIN TEMP TIME (LST):0647 AVERAGE STATION PRESSURE:29.97  PEAK WIND SPEED (MPH): 28 PEAK WIND DIR (DEG): 70 PEAK WIND TIME (LST):2155  FASTEST 2MIN SPEED (MPH): 21FASTEST 2MIN DIR (DEG): 70 FASTEST 2MIN TIME (LST):2205 AVERAGE WIND SPEED (MPH): 2.8 24 HR AVG TEMP (F):66 HOURLY INCREMENTAL PRECIPITATION VALUES (IN):.00  .00  .00  .00  .00  .00  .00  .00  .00  .00  .00  .00  .00  .00  .00  .00  .00  .00  .00  .00  .00  .00  .00  .00","R01  0.007AAP092"
"72297793184","2003-01-27T07:59:00","6","33.68","-117.86639","16.5","SANTA ANA JOHN WAYNE AIRPORT, CA US","SOD  ","KSNA ","V020","999,9,9,9999,9","99999,9,9,9","999999,9,9,9","+9999,9","+9999,9","99999,9","24,0000,9,6",,,,,,,,,,,,,,,,"0000,5","000,5","240,M,+0283,5","240,N,+0111,5",,,,,,,"10166,9,99999,4",,,"1,24,00536,220,1533,5","2,24,00447,220,1531,5","3,24,00116,999,9999,5","SOD60524 HR PRECIPITATION (IN): 0.00 TOTAL SUNSHINE (MINUTES):   0 PERCENT POSSIBLE SUNSHINE:  0 24 HR MAX TEMP (F): 8324 HR MAX TEMP TIME (LST):1350 24 HR MIN TEMP (F): 5224 HR MIN TEMP TIME (LST):0629 AVERAGE STATION PRESSURE:30.02  PEAK WIND SPEED (MPH): 12 PEAK WIND DIR (DEG):220 PEAK WIND TIME (LST):1533  FASTEST 2MIN SPEED (MPH): 10FASTEST 2MIN DIR (DEG):220 FASTEST 2MIN TIME (LST):1531 AVERAGE WIND SPEED (MPH): 2.6 24 HR AVG TEMP (F):68 HOURLY INCREMENTAL PRECIPITATION VALUES (IN):.00  .00  .00  .00  .00  .00  .00  .00  .00  .00  .00  .00  .00  .00  .00  .00  .00  .00  .00  .00  .00  .00  .00  .00","R01  0.007AAP092"
"72297793184","2003-01-28T07:59:00","6","33.68","-117.86639","16.5","SANTA ANA JOHN WAYNE AIRPORT, CA US","SOD  ","KSNA ","V020","999,9,9,9999,9","99999,9,9,9","999999,9,9,9","+9999,9","+9999,9","99999,9","24,0000,9,6",,,,,,,,,,,,,,,,"0000,5","000,5","240,M,+0250,5","240,N,+0111,5",,,,,,,"10135,9,99999,4",,,"1,24,00671,190,1201,5","2,24,00536,200,1206,5","3,24,00139,999,9999,5","SOD60524 HR PRECIPITATION (IN): 0.00 TOTAL SUNSHINE (MINUTES):   0 PERCENT POSSIBLE SUNSHINE:  0 24 HR MAX TEMP (F): 7724 HR MAX TEMP TIME (LST):1208 24 HR MIN TEMP (F): 5224 HR MIN TEMP TIME (LST):0613 AVERAGE STATION PRESSURE:29.93  PEAK WIND SPEED (MPH): 15 PEAK WIND DIR (DEG):190 PEAK WIND TIME (LST):1201  FASTEST 2MIN SPEED (MPH): 12FASTEST 2MIN DIR (DEG):200 FASTEST 2MIN TIME (LST):1206 AVERAGE WIND SPEED (MPH): 3.1 24 HR AVG TEMP (F):65 HOURLY INCREMENTAL PRECIPITATION VALUES (IN):.00  .00  .00  .00  .00  .00  .00  .00  .00  .00  .00  .00  .00  .00  .00  .00  .00  .00  .00  .00  .00  .00  .00  .00","R01  0.007AAP092"
"72297793184","2003-01-29T07:59:00","6","33.68","-117.86639","16.5","SANTA ANA JOHN WAYNE AIRPORT, CA US","SOD  ","KSNA ","V020","999,9,9,9999,9","99999,9,9,9","999999,9,9,9","+9999,9","+9999,9","99999,9","24,0000,9,6",,,,,,,,,,,,,,,,,,"240,M,+0200,5","240,N,+0100,5",,,,,,,"10142,9,99999,4",,,"1,24,00581,200,1437,5","2,24,00447,200,1439,5","3,24,00179,999,9999,5","SOD54524 HR PRECIPITATION (IN): 0.00 24 HR MAX TEMP (F): 6824 HR MAX TEMP TIME (LST):1434 24 HR MIN TEMP (F): 5024 HR MIN TEMP TIME (LST):0545 AVERAGE STATION PRESSURE:29.95  PEAK WIND SPEED (MPH): 13 PEAK WIND DIR (DEG):200 PEAK WIND TIME (LST):1437  FASTEST 2MIN SPEED (MPH): 10FASTEST 2MIN DIR (DEG):200 FASTEST 2MIN TIME (LST):1439 AVERAGE WIND SPEED (MPH): 4.0 24 HR AVG TEMP (F):59 HOURLY INCREMENTAL PRECIPITATION VALUES (IN):.00  .00  .00  .00  .00  .00  .00  .00  .00  .00  .00  .00  .00  .00  .00  .00  .00  .00  .00  .00  .00  .00  .00  .00","R01  0.007AAP092"
"72297793184","2003-01-30T07:59:00","6","33.68","-117.86639","16.5","SANTA ANA JOHN WAYNE AIRPORT, CA US","SOD  ","KSNA ","V020","999,9,9,9999,9","99999,9,9,9","999999,9,9,9","+9999,9","+9999,9","99999,9","24,0000,9,6",,,,,,,,,,,,,,,,"0000,5","000,5","240,M,+0217,5","240,N,+0100,5",,,,,,,"10173,9,99999,4",,,"1,24,00760,210,1254,5","2,24,00671,210,1254,5","3,24,00161,999,9999,5","SOD60524 HR PRECIPITATION (IN): 0.00 TOTAL SUNSHINE (MINUTES):   0 PERCENT POSSIBLE SUNSHINE:  0 24 HR MAX TEMP (F): 7124 HR MAX TEMP TIME (LST):1208 24 HR MIN TEMP (F): 5024 HR MIN TEMP TIME (LST):0544 AVERAGE STATION PRESSURE:30.04  PEAK WIND SPEED (MPH): 17 PEAK WIND DIR (DEG):210 PEAK WIND TIME (LST):1254  FASTEST 2MIN SPEED (MPH): 15FASTEST 2MIN DIR (DEG):210 FASTEST 2MIN TIME (LST):1254 AVERAGE WIND SPEED (MPH): 3.6 24 HR AVG TEMP (F):61 HOURLY INCREMENTAL PRECIPITATION VALUES (IN):.00  .00  .00  .00  .00  .00  .00  .00  .00  .00  .00  .00  .00  .00  .00  .00  .00  .00  .00  .00  .00  .00  .00  .00","R01  0.007AAP092"
"72297793184","2003-01-31T07:59:00","6","33.68","-117.86639","16.5","SANTA ANA JOHN WAYNE AIRPORT, CA US","SOD  ","KSNA ","V020","999,9,9,9999,9","99999,9,9,9","999999,9,9,9","+9999,9","+9999,9","99999,9","24,0003,9,5",,,,,,,,,,,,,,,,"0000,5","000,5","240,M,+0256,5","240,N,+0100,5",,,,,,,"10163,9,99999,4",,,"1,24,00626,220,1336,5","2,24,00581,200,1333,5","3,24,00085,999,9999,5","SOD60524 HR PRECIPITATION (IN): 0.01 TOTAL SUNSHINE (MINUTES):   0 PERCENT POSSIBLE SUNSHINE:  0 24 HR MAX TEMP (F): 7824 HR MAX TEMP TIME (LST):1319 24 HR MIN TEMP (F): 5024 HR MIN TEMP TIME (LST):0650 AVERAGE STATION PRESSURE:30.01  PEAK WIND SPEED (MPH): 14 PEAK WIND DIR (DEG):220 PEAK WIND TIME (LST):1336  FASTEST 2MIN SPEED (MPH): 13FASTEST 2MIN DIR (DEG):200 FASTEST 2MIN TIME (LST):1333 AVERAGE WIND SPEED (MPH): 1.9 24 HR AVG TEMP (F):64 HOURLY INCREMENTAL PRECIPITATION VALUES (IN):.00  .00  .00  .01  .00  .00  .00  .00  .00  .00  .00  .00  .00  .00  .00  .00  .00  .00  .00  .00  .00  .00  .00  .00",
"72297793184","2003-02-01T07:59:00","6","33.68","-117.86639","16.5","SANTA ANA JOHN WAYNE AIRPORT, CA US","SOD  ","KSNA ","V020","999,9,9,9999,9","99999,9,9,9","999999,9,9,9","+9999,9","+9999,9","99999,9","24,0000,9,6",,,,,,,,,,,,,,,,"0000,5","000,5","240,M,+0322,5","240,N,+0111,5",,,,,,,"10132,9,99999,4",,,"1,24,00626,200,1303,5","2,24,00581,200,1304,5","3,24,00125,999,9999,5","SOD60524 HR PRECIPITATION (IN): 0.00 TOTAL SUNSHINE (MINUTES):   0 PERCENT POSSIBLE SUNSHINE:  0 24 HR MAX TEMP (F): 9024 HR MAX TEMP TIME (LST):1251 24 HR MIN TEMP (F): 5224 HR MIN TEMP TIME (LST):0549 AVERAGE STATION PRESSURE:29.92  PEAK WIND SPEED (MPH): 14 PEAK WIND DIR (DEG):200 PEAK WIND TIME (LST):1303  FASTEST 2MIN SPEED (MPH): 13FASTEST 2MIN DIR (DEG):200 FASTEST 2MIN TIME (LST):1304 AVERAGE WIND SPEED (MPH): 2.8 24 HR AVG TEMP (F):71 HOURLY INCREMENTAL PRECIPITATION VALUES (IN):.00  .00  .00  .00  .00  .00  .00  .00  .00  .00  .00  .00  .00  .00  .00  .00  .00  .00  .00  .00  .00  .00  .00  .00","R01  0.007AAP092"
"72297793184","2003-02-01T07:59:00","6","33.68","-117.86639","16.5","SANTA ANA JOHN WAYNE AIRPORT, CA US","SOM  ","KSNA ","V020","999,9,9,9999,9","99999,9,9,9","999999,9,9,9","+9999,9","+9999,9","99999,9",,"00003,9,6","00003,9,3030,9999,9999,5","01,6,00,5,99,9,00,5","005,0003,9,300326,5","010,0003,9,300326,5","015,0003,9,300326,5","020,0003,9,300326,5","030,0003,9,300326,5","045,0003,9,300326,5","060,0003,9,300326,5","080,0003,9,300326,5","100,0003,9,300326,5","120,0003,9,300326,5","150,0003,9,300326,5","180,0003,9,300326,5",,,,,"744,N,+1006,5","744,M,+2256,5","744,A,+1633,5","744,H,0131,7","744,C,0023,6","00,5,01,6,00,5,00,5",,"10163,4,10179,4","99999,999999,7,10115,999999,7",,,,"SOM808PCP MTOT: 0.01 DEPNRM:-2.63 PCP GT 24HRS: 0.01 DATE(S):30 DAYS W/PCP >=.01: 1 DAYS W/PCP >=.10: 0 DAYS W/PCP >=1.00:  MSDP AMTS W/DATE-TIME TAGS:MIN:5  .01  30/0326 MIN:10  .01  30/0326 MIN:15  .01  30/0326 MIN:20  .01  30/0326 MIN:30  .01  30/0326 MIN:45  .01  30/0326 MIN:60  .01  30/0326 MIN:80  .01  30/0326 MIN:100  .01  30/0326 MIN:120  .01  30/0326 MIN:150  .01  30/0326 MIN:180  .01  30/0326 SN GT DP ON GRND:0 - DATE(S):0  AVG DLY MIN: 50.1 AVG DLY MAX: 72.6 AVG MLY TMP: 61.4 DAYS MAX <=32:  DAYS MAX >=70: 1 DAYS MAX >=90: 1 DAYS MIN <=32: 0 DAYS MIN  <=0: 0 AVG STP:30.01  AVG SLP:30.06  LWST SLP:29.87 DATE/TIME: 60107 HGST SLP:  .00 DATE/TIME: 00000 HDD MTH TOT: 131 DEP NORM:-288 SEASON(JUL 1-JUN 30):    0 DEP NORM:3   0 CDD MTH TOT:  23 DEP NORM:  23 SEASON(JAN 1-DEC 31):   23 DEP NORM:   0","R01  0.017ABP070R02     17AE1100R03   0 -7AKS007R04   1317KDH015R05    237KDC058R06     17KE2035R07   .007MKX021"
"72297793184","2003-02-02T07:59:00","6","33.68","-117.86639","16.5","SANTA ANA JOHN WAYNE AIRPORT, CA US","SOD  ","KSNA ","V020","999,9,9,9999,9","99999,9,9,9","999999,9,9,9","+9999,9","+9999,9","99999,9","24,0000,9,5",,,,,,,,,,,,,,,,"0000,5","000,5","240,M,+0239,5","240,N,+0122,6",,,,,,,"10105,9,99999,4",,,"1,24,00939,220,1501,5","2,24,00805,220,1500,5","3,24,00215,999,9999,5","SOD58324 HR PRECIPITATION (IN): 0.00 TOTAL SUNSHINE (MINUTES):   0 PERCENT POSSIBLE SUNSHINE:  0 24 HR MAX TEMP (F): 7524 HR MAX TEMP TIME (LST):1326 24 HR MIN TEMP (F): 5424 HR MIN TEMP TIME (LST):0655 AVERAGE STATION PRESSURE:29.84  PEAK WIND SPEED (MPH): 21 PEAK WIND DIR (DEG):220 PEAK WIND TIME (LST):1501  FASTEST 2MIN SPEED (MPH): 18FASTEST 2MIN DIR (DEG):220 FASTEST 2MIN TIME (LST):1500 AVERAGE WIND SPEED (MPH): 4.8 HOURLY INCREMENTAL PRECIPITATION VALUES (IN):.00  .00  .00  .00  .00  .00  .00  .00  .00  .00  .00  .00  .00  .00  .00  .00  .00  .00  .00  .00  .00  .00  .00  .00","R01    547KAN014"
"72297793184","2003-02-03T07:59:00","6","33.68","-117.86639","16.5","SANTA ANA JOHN WAYNE AIRPORT, CA US","SOD  ","KSNA ","V020","999,9,9,9999,9","99999,9,9,9","999999,9,9,9","+9999,9","+9999,9","99999,9","24,0000,9,5",,,,,,,,,,,,,,,,"0000,5","000,5","240,M,+0228,5","240,N,+0106,5",,,,,,,"10115,9,99999,4",,,"1,24,00894,070,1221,5","2,24,00671,060,1215,5","3,24,00174,999,9999,5","SOD60524 HR PRECIPITATION (IN): 0.00 TOTAL SUNSHINE (MINUTES):   0 PERCENT POSSIBLE SUNSHINE:  0 24 HR MAX TEMP (F): 7324 HR MAX TEMP TIME (LST):1243 24 HR MIN TEMP (F): 5124 HR MIN TEMP TIME (LST):2354 AVERAGE STATION PRESSURE:29.87  PEAK WIND SPEED (MPH): 20 PEAK WIND DIR (DEG): 70 PEAK WIND TIME (LST):1221  FASTEST 2MIN SPEED (MPH): 15FASTEST 2MIN DIR (DEG): 60 FASTEST 2MIN TIME (LST):1215 AVERAGE WIND SPEED (MPH): 3.9 24 HR AVG TEMP (F):62 HOURLY INCREMENTAL PRECIPITATION VALUES (IN):.00  .00  .00  .00  .00  .00  .00  .00  .00  .00  .00  .00  .00  .00  .00  .00  .00  .00  .00  .00  .00  .00  .00  .00",
"72297793184","2003-02-04T07:59:00","6","33.68","-117.86639","16.5","SANTA ANA JOHN WAYNE AIRPORT, CA US","SOD  ","KSNA ","V020","999,9,9,9999,9","99999,9,9,9","999999,9,9,9","+9999,9","+9999,9","99999,9","24,0000,9,5",,,,,,,,,,,,,,,,"0000,5","000,5","240,M,+0217,5","240,N,+0089,5",,,,,,,"10152,9,99999,4",,,"1,24,01028,070,0910,5","2,24,00760,050,0914,5","3,24,00201,999,9999,5","SOD60524 HR PRECIPITATION (IN): 0.00 TOTAL SUNSHINE (MINUTES):   0 PERCENT POSSIBLE SUNSHINE:  0 24 HR MAX TEMP (F): 7124 HR MAX TEMP TIME (LST):1443 24 HR MIN TEMP (F): 4824 HR MIN TEMP TIME (LST):0645 AVERAGE STATION PRESSURE:29.98  PEAK WIND SPEED (MPH): 23 PEAK WIND DIR (DEG): 70 PEAK WIND TIME (LST):0910  FASTEST 2MIN SPEED (MPH): 17FASTEST 2MIN DIR (DEG): 50 FASTEST 2MIN TIME (LST):0914 AVERAGE WIND SPEED (MPH): 4.5 24 HR AVG TEMP (F):60 HOURLY INCREMENTAL PRECIPITATION VALUES (IN):.00  .00  .00  .00  .00  .00  .00  .00  .00  .00  .00  .00  .00  .00  .00  .00  .00  .00  .00  .00  .00  .00  .00  .00",
"72297793184","2003-02-05T07:59:00","6","33.68","-117.86639","16.5","SANTA ANA JOHN WAYNE AIRPORT, CA US","SOD  ","KSNA ","V020","999,9,9,9999,9","99999,9,9,9","999999,9,9,9","+9999,9","+9999,9","99999,9","24,0000,9,5",,,,,,,,,,,,,,,,"0000,5","000,5","240,M,+0206,5","240,N,+0072,5",,,,,,,"10125,9,99999,4",,,"1,24,00626,190,1509,5","2,24,00536,200,1645,5","3,24,00139,999,9999,5","SOD60524 HR PRECIPITATION (IN): 0.00 TOTAL SUNSHINE (MINUTES):   0 PERCENT POSSIBLE SUNSHINE:  0 24 HR MAX TEMP (F): 6924 HR MAX TEMP TIME (LST):1226 24 HR MIN TEMP (F): 4524 HR MIN TEMP TIME (LST):0620 AVERAGE STATION PRESSURE:29.90  PEAK WIND SPEED (MPH): 14 PEAK WIND DIR (DEG):190 PEAK WIND TIME (LST):1509  FASTEST 2MIN SPEED (MPH): 12FASTEST 2MIN DIR (DEG):200 FASTEST 2MIN TIME (LST):1645 AVERAGE WIND SPEED (MPH): 3.1 24 HR AVG TEMP (F):57 HOURLY INCREMENTAL PRECIPITATION VALUES (IN):.00  .00  .00  .00  .00  .00  .00  .00  .00  .00  .00  .00  .00  .00  .00  .00  .00  .00  .00  .00  .00  .00  .00  .00",
"72297793184","2003-02-06T07:59:00","6","33.68","-117.86639","16.5","SANTA ANA JOHN WAYNE AIRPORT, CA US","SOD  ","KSNA ","V020","999,9,9,9999,9","99999,9,9,9","999999,9,9,9","+9999,9","+9999,9","99999,9","24,0000,9,5",,,,,,,,,,,,,,,,"0000,5","000,5","240,M,+0211,5","240,N,+0072,5",,,,,,,"10119,9,99999,4",,,"1,24,01162,070,1458,5","2,24,00894,050,1305,5","3,24,00259,999,9999,5","SOD60524 HR PRECIPITATION (IN): 0.00 TOTAL SUNSHINE (MINUTES):   0 PERCENT POSSIBLE SUNSHINE:  0 24 HR MAX TEMP (F): 7024 HR MAX TEMP TIME (LST):1348 24 HR MIN TEMP (F): 4524 HR MIN TEMP TIME (LST):0650 AVERAGE STATION PRESSURE:29.88  PEAK WIND SPEED (MPH): 26 PEAK WIND DIR (DEG): 70 PEAK WIND TIME (LST):1458  FASTEST 2MIN SPEED (MPH): 20FASTEST 2MIN DIR (DEG): 50 FASTEST 2MIN TIME (LST):1305 AVERAGE WIND SPEED (MPH): 5.8 24 HR AVG TEMP (F):58 HOURLY INCREMENTAL PRECIPITATION VALUES (IN):.00  .00  .00  .00  .00  .00  .00  .00  .00  .00  .00  .00  .00  .00  .00  .00  .00  .00  .00  .00  .00  .00  .00  .00",
"72297793184","2003-02-07T07:59:00","6","33.68","-117.86639","16.5","SANTA ANA JOHN WAYNE AIRPORT, CA US","SOD  ","KSNA ","V020","999,9,9,9999,9","99999,9,9,9","999999,9,9,9","+9999,9","+9999,9","99999,9","24,0000,9,5",,,,,,,,,,,,,,,,"0000,5","000,5","240,M,+0183,5","240,N,+0061,5",,,,,,,"10132,9,99999,4",,,"1,24,00671,210,1216,5","2,24,00581,200,1224,5","3,24,00183,999,9999,5","SOD60524 HR PRECIPITATION (IN): 0.00 TOTAL SUNSHINE (MINUTES):   0 PERCENT POSSIBLE SUNSHINE:  0 24 HR MAX TEMP (F): 6524 HR MAX TEMP TIME (LST):1404 24 HR MIN TEMP (F): 4324 HR MIN TEMP TIME (LST):0652 AVERAGE STATION PRESSURE:29.92  PEAK WIND SPEED (MPH): 15 PEAK WIND DIR (DEG):210 PEAK WIND TIME (LST):1216  FASTEST 2MIN SPEED (MPH): 13FASTEST 2MIN DIR (DEG):200 FASTEST 2MIN TIME (LST):1224 AVERAGE WIND SPEED (MPH): 4.1 24 HR AVG TEMP (F):54 HOURLY INCREMENTAL PRECIPITATION VALUES (IN):.00  .00  .00  .00  .00  .00  .00  .00  .00  .00  .00  .00  .00  .00  .00  .00  .00  .00  .00  .00  .00  .00  .00  .00",
"72297793184","2003-02-08T07:59:00","6","33.68","-117.86639","16.5","SANTA ANA JOHN WAYNE AIRPORT, CA US","SOD  ","KSNA ","V020","999,9,9,9999,9","99999,9,9,9","999999,9,9,9","+9999,9","+9999,9","99999,9","24,0000,2,5",,,,,,,,,,,,,,,,"0000,5","000,5","240,M,+0183,5","240,N,+0056,5",,,,,,,"10125,9,99999,4",,,"1,24,00671,220,1552,5","2,24,00581,220,1537,5","3,24,00201,999,9999,5","SOD58224 HR PRECIPITATION (IN):  T   TOTAL SUNSHINE (MINUTES):   0 PERCENT POSSIBLE SUNSHINE:  0 24 HR MAX TEMP (F): 6524 HR MAX TEMP TIME (LST):1414 24 HR MIN TEMP (F): 4224 HR MIN TEMP TIME (LST):0658 AVERAGE STATION PRESSURE:29.90  PEAK WIND SPEED (MPH): 15 PEAK WIND DIR (DEG):220 PEAK WIND TIME (LST):1552  FASTEST 2MIN SPEED (MPH): 13FASTEST 2MIN DIR (DEG):220 FASTEST 2MIN TIME (LST):1537 AVERAGE WIND SPEED (MPH): 4.5 HOURLY INCREMENTAL PRECIPITATION VALUES (IN):.00  .00  .00  .00  .00  .00  .00  .00  .00  .00  .00  .00  .00  .00  .00  .00  .00  .00  .00  .00  .00  .00   T    T",
"72297793184","2003-02-09T07:59:00","6","33.68","-117.86639","16.5","SANTA ANA JOHN WAYNE AIRPORT, CA US","SOD  ","KSNA ","V020","999,9,9,9999,9","99999,9,9,9","999999,9,9,9","+9999,9","+9999,9","99999,9","24,0000,9,6",,,,,,,,,,,,,,,,"0000,5","000,5","240,M,+0172,5","240,N,+0094,5",,,,,,,"10135,9,99999,4",,,"1,24,00939,200,0049,5","2,24,00760,200,0050,5","3,24,00228,999,9999,5","SOD60524 HR PRECIPITATION (IN): 0.00 TOTAL SUNSHINE (MINUTES):   0 PERCENT POSSIBLE SUNSHINE:  0 24 HR MAX TEMP (F): 6324 HR MAX TEMP TIME (LST):1502 24 HR MIN TEMP (F): 4924 HR MIN TEMP TIME (LST):2319 AVERAGE STATION PRESSURE:29.93  PEAK WIND SPEED (MPH): 21 PEAK WIND DIR (DEG):200 PEAK WIND TIME (LST):0049  FASTEST 2MIN SPEED (MPH): 17FASTEST 2MIN DIR (DEG):200 FASTEST 2MIN TIME (LST):0050 AVERAGE WIND SPEED (MPH): 5.1 24 HR AVG TEMP (F):56 HOURLY INCREMENTAL PRECIPITATION VALUES (IN):.00  .00  .00  .00  .00  .00  .00  .00  .00  .00  .00  .00  .00  .00  .00  .00  .00  .00  .00  .00  .00  .00  .00  .00","R01  0.007AAP092"
"72297793184","2003-02-10T07:59:00","6","33.68","-117.86639","16.5","SANTA ANA JOHN WAYNE AIRPORT, CA US","SOD  ","KSNA ","V020","999,9,9,9999,9","99999,9,9,9","999999,9,9,9","+9999,9","+9999,9","99999,9","24,0000,9,6",,,,,,,,,,,,,,,,"0000,5","000,5","240,M,+0200,5","240,N,+0067,5",,,,,,,"10169,9,99999,4",,,"1,24,00671,220,1416,5","2,24,00581,220,1417,5","3,24,00152,999,9999,5","SOD60524 HR PRECIPITATION (IN): 0.00 TOTAL SUNSHINE (MINUTES):   0 PERCENT POSSIBLE SUNSHINE:  0 24 HR MAX TEMP (F): 6824 HR MAX TEMP TIME (LST):1325 24 HR MIN TEMP (F): 4424 HR MIN TEMP TIME (LST):0706 AVERAGE STATION PRESSURE:30.03  PEAK WIND SPEED (MPH): 15 PEAK WIND DIR (DEG):220 PEAK WIND TIME (LST):1416  FASTEST 2MIN SPEED (MPH): 13FASTEST 2MIN DIR (DEG):220 FASTEST 2MIN TIME (LST):1417 AVERAGE WIND SPEED (MPH): 3.4 24 HR AVG TEMP (F):56 HOURLY INCREMENTAL PRECIPITATION VALUES (IN):.00  .00  .00  .00  .00  .00  .00  .00  .00  .00  .00  .00  .00  .00  .00  .00  .00  .00  .00  .00  .00  .00  .00  .00","R01  0.007AAP092"
"72297793184","2003-02-11T07:59:00","6","33.68","-117.86639","16.5","SANTA ANA JOHN WAYNE AIRPORT, CA US","SOD  ","KSNA ","V020","999,9,9,9999,9","99999,9,9,9","999999,9,9,9","+9999,9","+9999,9","99999,9","24,0000,9,6",,,,,,,,,,,,,,,,"0000,5","000,5","240,M,+0222,5","240,N,+0072,5",,,,,,,"10132,9,99999,4",,,"1,24,00536,190,2009,5","2,24,00447,190,2010,5","3,24,00188,999,9999,5","SOD60524 HR PRECIPITATION (IN): 0.00 TOTAL SUNSHINE (MINUTES):   0 PERCENT POSSIBLE SUNSHINE:  0 24 HR MAX TEMP (F): 7224 HR MAX TEMP TIME (LST):1300 24 HR MIN TEMP (F): 4524 HR MIN TEMP TIME (LST):0534 AVERAGE STATION PRESSURE:29.92  PEAK WIND SPEED (MPH): 12 PEAK WIND DIR (DEG):190 PEAK WIND TIME (LST):2009  FASTEST 2MIN SPEED (MPH): 10FASTEST 2MIN DIR (DEG):190 FASTEST 2MIN TIME (LST):2010 AVERAGE WIND SPEED (MPH): 4.2 24 HR AVG TEMP (F):59 HOURLY INCREMENTAL PRECIPITATION VALUES (IN):.00  .00  .00  .00  .00  .00  .00  .00  .00  .00  .00  .00  .00  .00  .00  .00  .00  .00  .00  .00  .00  .00  .00  .00","R01  0.007AAP092"
"72297793184","2003-02-12T07:59:00","6","33.68","-117.86639","16.5","SANTA ANA JOHN WAYNE AIRPORT, CA US","SOD  ","KSNA ","V020","999,9,9,9999,9","99999,9,9,9","999999,9,9,9","+9999,9","+9999,9","99999,9","24,0170,9,5",,,,,,,,,,,,,,,,"0000,5","000,5","240,M,+0161,5","240,N,+0117,5",,,,,,,"10098,9,99999,4",,,"1,24,00939,180,0159,5","2,24,00805,170,0159,5","3,24,00206,999,9999,5","SOD60524 HR PRECIPITATION (IN): 0.67 TOTAL SUNSHINE (MINUTES):   0 PERCENT POSSIBLE SUNSHINE:  0 24 HR MAX TEMP (F): 6124 HR MAX TEMP TIME (LST):1332 24 HR MIN TEMP (F): 5324 HR MIN TEMP TIME (LST):0743 AVERAGE STATION PRESSURE:29.82  PEAK WIND SPEED (MPH): 21 PEAK WIND DIR (DEG):180 PEAK WIND TIME (LST):0159  FASTEST 2MIN SPEED (MPH): 18FASTEST 2MIN DIR (DEG):170 FASTEST 2MIN TIME (LST):0159 AVERAGE WIND SPEED (MPH): 4.6 24 HR AVG TEMP (F):57 HOURLY INCREMENTAL PRECIPITATION VALUES (IN):.00   T   .04  .02  .01  .01  .24  .01  .01  .07  .07  .07  .01  .00  .03  .05   T    T   .01  .00  .00  .01  .01  .00",
"72297793184","2003-02-13T07:59:00","6","33.68","-117.86639","16.5","SANTA ANA JOHN WAYNE AIRPORT, CA US","SOD  ","KSNA ","V020","999,9,9,9999,9","99999,9,9,9","999999,9,9,9","+9999,9","+9999,9","99999,9","24,0208,9,5",,,,,,,,,,,,,,,,"0000,5","000,5","240,M,+0183,5","240,N,+0139,5",,,,,,,"10061,9,99999,4",,,"1,24,01475,140,1333,5","2,24,01118,170,1216,5","3,24,00304,999,9999,5","SOD60424 HR PRECIPITATION (IN): 0.82 TOTAL SUNSHINE (MINUTES):   0 PERCENT POSSIBLE SUNSHINE:  0 24 HR MAX TEMP (F): 6524 HR MAX TEMP TIME (LST):1353 24 HR MIN TEMP (F): 5724 HR MIN TEMP TIME (LST):0547 AVERAGE STATION PRESSURE:29.71  PEAK WIND SPEED (MPH): 33 PEAK WIND DIR (DEG):140 PEAK WIND TIME (LST):1333  FASTEST 2MIN SPEED (MPH): 25FASTEST 2MIN DIR (DEG):170 FASTEST 2MIN TIME (LST):1216 AVERAGE WIND SPEED (MPH): 6.8 24 HR AVG TEMP (F):61 HOURLY INCREMENTAL PRECIPITATION VALUES (IN): T   .01  .03  .06  .02  .02  .01  .02  .04  .04  .16  .11  .02   T   .06  .05  .10  .05  .02  .00  .00  .00  .00   T",
"72297793184","2003-02-14T07:59:00","6","33.68","-117.86639","16.5","SANTA ANA JOHN WAYNE AIRPORT, CA US","SOD  ","KSNA ","V020","999,9,9,9999,9","99999,9,9,9","999999,9,9,9","+9999,9","+9999,9","99999,9","24,0102,9,5",,,,,,,,,,,,,,,,"0000,5","000,5","240,M,+0178,5","240,N,+0139,5",,,,,,,"10068,9,99999,4",,,"1,24,00715,190,1249,5","2,24,00626,200,1257,5","3,24,00192,999,9999,5","SOD60524 HR PRECIPITATION (IN): 0.40 TOTAL SUNSHINE (MINUTES):   0 PERCENT POSSIBLE SUNSHINE:  0 24 HR MAX TEMP (F): 6424 HR MAX TEMP TIME (LST):1445 24 HR MIN TEMP (F): 5724 HR MIN TEMP TIME (LST):0748 AVERAGE STATION PRESSURE:29.73  PEAK WIND SPEED (MPH): 16 PEAK WIND DIR (DEG):190 PEAK WIND TIME (LST):1249  FASTEST 2MIN SPEED (MPH): 14FASTEST 2MIN DIR (DEG):200 FASTEST 2MIN TIME (LST):1257 AVERAGE WIND SPEED (MPH): 4.3 24 HR AVG TEMP (F):61 HOURLY INCREMENTAL PRECIPITATION VALUES (IN): T   .03  .06  .06  .02  .03  .07  .02   T    T   .00  .00   T   .00  .00  .00  .00  .00  .10  .01  .00  .00  .00  .00",
"72297793184","2003-02-15T07:59:00","6","33.68","-117.86639","16.5","SANTA ANA JOHN WAYNE AIRPORT, CA US","SOD  ","KSNA ","V020","999,9,9,9999,9","99999,9,9,9","999999,9,9,9","+9999,9","+9999,9","99999,9","24,0000,9,6",,,,,,,,,,,,,,,,"0000,5","000,5","240,M,+0183,5","240,N,+0128,5",,,,,,,"10112,9,99999,4",,,"1,24,00671,210,1628,5","2,24,00581,210,1628,5","3,24,00174,999,9999,5","SOD60524 HR PRECIPITATION (IN): 0.00 TOTAL SUNSHINE (MINUTES):   0 PERCENT POSSIBLE SUNSHINE:  0 24 HR MAX TEMP (F): 6524 HR MAX TEMP TIME (LST):1521 24 HR MIN TEMP (F): 5524 HR MIN TEMP TIME (LST):0702 AVERAGE STATION PRESSURE:29.86  PEAK WIND SPEED (MPH): 15 PEAK WIND DIR (DEG):210 PEAK WIND TIME (LST):1628  FASTEST 2MIN SPEED (MPH): 13FASTEST 2MIN DIR (DEG):210 FASTEST 2MIN TIME (LST):1628 AVERAGE WIND SPEED (MPH): 3.9 24 HR AVG TEMP (F):60 HOURLY INCREMENTAL PRECIPITATION VALUES (IN):.00  .00  .00  .00  .00  .00  .00  .00  .00  .00  .00  .00  .00  .00  .00  .00  .00  .00  .00  .00  .00  .00  .00  .00","R01  0.007AAP092"
"72297793184","2003-02-16T07:59:00","6","33.68","-117.86639","16.5","SANTA ANA JOHN WAYNE AIRPORT, CA US","SOD  ","KSNA ","V020","999,9,9,9999,9","99999,9,9,9","999999,9,9,9","+9999,9","+9999,9","99999,9","24,0000,9,6",,,,,,,,,,,,,,,,"0000,5","000,5","240,M,+0167,5","240,N,+0111,5",,,,,,,"10152,9,99999,4",,,"1,24,00447,210,1425,5","2,24,00402,220,1415,5","3,24,00143,999,9999,5","SOD60524 HR PRECIPITATION (IN): 0.00 TOTAL SUNSHINE (MINUTES):   0 PERCENT POSSIBLE SUNSHINE:  0 24 HR MAX TEMP (F): 6224 HR MAX TEMP TIME (LST):1346 24 HR MIN TEMP (F): 5224 HR MIN TEMP TIME (LST):0609 AVERAGE STATION PRESSURE:29.98  PEAK WIND SPEED (MPH): 10 PEAK WIND DIR (DEG):210 PEAK WIND TIME (LST):1425  FASTEST 2MIN SPEED (MPH):  9FASTEST 2MIN DIR (DEG):220 FASTEST 2MIN TIME (LST):1415 AVERAGE WIND SPEED (MPH): 3.2 24 HR AVG TEMP (F):57 HOURLY INCREMENTAL PRECIPITATION VALUES (IN):.00  .00  .00  .00  .00  .00  .00  .00  .00  .00  .00  .00  .00  .00  .00  .00  .00  .00  .00  .00  .00  .00  .00  .00","R01  0.007AAP092"
"72297793184","2003-02-17T07:59:00","6","33.68","-117.86639","16.5","SANTA ANA JOHN WAYNE AIRPORT, CA US","SOD  ","KSNA ","V020","999,9,9,9999,9","99999,9,9,9","999999,9,9,9","+9999,9","+9999,9","99999,9","24,0000,2,5",,,,,,,,,,,,,,,,"0000,5","000,5","240,M,+0183,5","240,N,+0133,5",,,,,,,"10166,9,99999,4",,,"1,24,00671,260,1431,5","2,24,00581,260,1404,5","3,24,00148,999,9999,5","SOD60524 HR PRECIPITATION (IN):  T   TOTAL SUNSHINE (MINUTES):   0 PERCENT POSSIBLE SUNSHINE:  0 24 HR MAX TEMP (F): 6524 HR MAX TEMP TIME (LST):1457 24 HR MIN TEMP (F): 5624 HR MIN TEMP TIME (LST):0700 AVERAGE STATION PRESSURE:30.02  PEAK WIND SPEED (MPH): 15 PEAK WIND DIR (DEG):260 PEAK WIND TIME (LST):1431  FASTEST 2MIN SPEED (MPH): 13FASTEST 2MIN DIR (DEG):260 FASTEST 2MIN TIME (LST):1404 AVERAGE WIND SPEED (MPH): 3.3 24 HR AVG TEMP (F):61 HOURLY INCREMENTAL PRECIPITATION VALUES (IN):.00  .00   T   .00   T    T   .00  .00  .00  .00  .00  .00  .00  .00  .00  .00  .00  .00  .00  .00  .00  .00  .00  .00",
"72297793184","2003-02-18T07:59:00","6","33.68","-117.86639","16.5","SANTA ANA JOHN WAYNE AIRPORT, CA US","SOD  ","KSNA ","V020","999,9,9,9999,9","99999,9,9,9","999999,9,9,9","+9999,9","+9999,9","99999,9","24,0000,9,6",,,,,,,,,,,,,,,,"0000,5","000,5","240,M,+0189,5","240,N,+0122,5",,,,,,,"10152,9,99999,4",,,"1,24,00626,220,1327,5","2,24,00536,200,1324,5","3,24,00130,999,9999,5","SOD60524 HR PRECIPITATION (IN): 0.00 TOTAL SUNSHINE (MINUTES):   0 PERCENT POSSIBLE SUNSHINE:  0 24 HR MAX TEMP (F): 6624 HR MAX TEMP TIME (LST):1309 24 HR MIN TEMP (F): 5424 HR MIN TEMP TIME (LST):0657 AVERAGE STATION PRESSURE:29.98  PEAK WIND SPEED (MPH): 14 PEAK WIND DIR (DEG):220 PEAK WIND TIME (LST):1327  FASTEST 2MIN SPEED (MPH): 12FASTEST 2MIN DIR (DEG):200 FASTEST 2MIN TIME (LST):1324 AVERAGE WIND SPEED (MPH): 2.9 24 HR AVG TEMP (F):60 HOURLY INCREMENTAL PRECIPITATION VALUES (IN):.00  .00  .00  .00  .00  .00  .00  .00  .00  .00  .00  .00  .00  .00  .00  .00  .00  .00  .00  .00  .00  .00  .00  .00","R01  0.007AAP092"
"72297793184","2003-02-19T07:59:00","6","33.68","-117.86639","16.5","SANTA ANA JOHN WAYNE AIRPORT, CA US","SOD  ","KSNA ","V020","999,9,9,9999,9","99999,9,9,9","999999,9,9,9","+9999,9","+9999,9","99999,9","24,0000,9,6",,,,,,,,,,,,,,,,"0000,5","000,5","240,M,+0189,5","240,N,+0111,5",,,,,,,"10156,9,99999,4",,,"1,24,00626,210,1341,5","2,24,00402,270,1748,5","3,24,00161,999,9999,5","SOD60524 HR PRECIPITATION (IN): 0.00 TOTAL SUNSHINE (MINUTES):   0 PERCENT POSSIBLE SUNSHINE:  0 24 HR MAX TEMP (F): 6624 HR MAX TEMP TIME (LST):1559 24 HR MIN TEMP (F): 5224 HR MIN TEMP TIME (LST):0356 AVERAGE STATION PRESSURE:29.99  PEAK WIND SPEED (MPH): 14 PEAK WIND DIR (DEG):210 PEAK WIND TIME (LST):1341  FASTEST 2MIN SPEED (MPH):  9FASTEST 2MIN DIR (DEG):270 FASTEST 2MIN TIME (LST):1748 AVERAGE WIND SPEED (MPH): 3.6 24 HR AVG TEMP (F):59 HOURLY INCREMENTAL PRECIPITATION VALUES (IN):.00  .00  .00  .00  .00  .00  .00  .00  .00  .00  .00  .00  .00  .00  .00  .00  .00  .00  .00  .00  .00  .00  .00  .00","R01  0.007AAP092"
"72297793184","2003-02-20T07:59:00","6","33.68","-117.86639","16.5","SANTA ANA JOHN WAYNE AIRPORT, CA US","SOD  ","KSNA ","V020","999,9,9,9999,9","99999,9,9,9","999999,9,9,9","+9999,9","+9999,9","99999,9","24,0025,9,5",,,,,,,,,,,,,,,,"0000,5","000,5","240,M,+0178,5","240,N,+0094,5",,,,,,,"10132,9,99999,4",,,"1,24,00805,310,2244,5","2,24,00671,210,1433,5","3,24,00232,999,9999,5","SOD60524 HR PRECIPITATION (IN): 0.10 TOTAL SUNSHINE (MINUTES):   0 PERCENT POSSIBLE SUNSHINE:  0 24 HR MAX TEMP (F): 6424 HR MAX TEMP TIME (LST):1244 24 HR MIN TEMP (F): 4924 HR MIN TEMP TIME (LST):0630 AVERAGE STATION PRESSURE:29.92  PEAK WIND SPEED (MPH): 18 PEAK WIND DIR (DEG):310 PEAK WIND TIME (LST):2244  FASTEST 2MIN SPEED (MPH): 15FASTEST 2MIN DIR (DEG):210 FASTEST 2MIN TIME (LST):1433 AVERAGE WIND SPEED (MPH): 5.2 24 HR AVG TEMP (F):57 HOURLY INCREMENTAL PRECIPITATION VALUES (IN):.00  .00  .00  .00  .00  .00  .00  .00  .00  .00  .00  .00  .00  .00  .00  .00  .00  .00  .00  .00  .10  .00  .00  .00",
"72297793184","2003-02-21T07:59:00","6","33.68","-117.86639","16.5","SANTA ANA JOHN WAYNE AIRPORT, CA US","SOD  ","KSNA ","V020","999,9,9,9999,9","99999,9,9,9","999999,9,9,9","+9999,9","+9999,9","99999,9","24,0000,9,6",,,,,,,,,,,,,,,,"0000,5","000,5","240,M,+0217,5","240,N,+0083,5",,,,,,,"10102,9,99999,4",,,"1,24,00939,270,1511,5","2,24,00715,260,1528,5","3,24,00210,999,9999,5","SOD60524 HR PRECIPITATION (IN): 0.00 TOTAL SUNSHINE (MINUTES):   0 PERCENT POSSIBLE SUNSHINE:  0 24 HR MAX TEMP (F): 7124 HR MAX TEMP TIME (LST):1306 24 HR MIN TEMP (F): 4724 HR MIN TEMP TIME (LST):0656 AVERAGE STATION PRESSURE:29.83  PEAK WIND SPEED (MPH): 21 PEAK WIND DIR (DEG):270 PEAK WIND TIME (LST):1511  FASTEST 2MIN SPEED (MPH): 16FASTEST 2MIN DIR (DEG):260 FASTEST 2MIN TIME (LST):1528 AVERAGE WIND SPEED (MPH): 4.7 24 HR AVG TEMP (F):59 HOURLY INCREMENTAL PRECIPITATION VALUES (IN):.00  .00  .00  .00  .00  .00  .00  .00  .00  .00  .00  .00  .00  .00  .00  .00  .00  .00  .00  .00  .00  .00  .00  .00","R01  0.007AAP092"
"72297793184","2003-02-22T07:59:00","6","33.68","-117.86639","16.5","SANTA ANA JOHN WAYNE AIRPORT, CA US","SOD  ","KSNA ","V020","999,9,9,9999,9","99999,9,9,9","999999,9,9,9","+9999,9","+9999,9","99999,9","24,0000,9,6",,,,,,,,,,,,,,,,"0000,5","000,5","240,M,+0194,5","240,N,+0089,5",,,,,,,"10149,9,99999,4",,,"1,24,00715,210,1349,5","2,24,00626,210,1130,5","3,24,00161,999,9999,5","SOD60524 HR PRECIPITATION (IN): 0.00 TOTAL SUNSHINE (MINUTES):   0 PERCENT POSSIBLE SUNSHINE:  0 24 HR MAX TEMP (F): 6724 HR MAX TEMP TIME (LST):1524 24 HR MIN TEMP (F): 4824 HR MIN TEMP TIME (LST):0556 AVERAGE STATION PRESSURE:29.97  PEAK WIND SPEED (MPH): 16 PEAK WIND DIR (DEG):210 PEAK WIND TIME (LST):1349  FASTEST 2MIN SPEED (MPH): 14FASTEST 2MIN DIR (DEG):210 FASTEST 2MIN TIME (LST):1130 AVERAGE WIND SPEED (MPH): 3.6 24 HR AVG TEMP (F):58 HOURLY INCREMENTAL PRECIPITATION VALUES (IN):.00  .00  .00  .00  .00  .00  .00  .00  .00  .00  .00  .00  .00  .00  .00  .00  .00  .00  .00  .00  .00  .00  .00  .00","R01  0.007AAP092"
"72297793184","2003-02-23T07:59:00","6","33.68","-117.86639","16.5","SANTA ANA JOHN WAYNE AIRPORT, CA US","SOD  ","KSNA ","V020","999,9,9,9999,9","99999,9,9,9","999999,9,9,9","+9999,9","+9999,9","99999,9","24,0000,9,6",,,,,,,,,,,,,,,,"0000,5","000,5","240,M,+0178,5","240,N,+0083,5",,,,,,,"10112,9,99999,4",,,"1,24,00760,210,1229,5","2,24,00671,210,1510,5","3,24,00237,999,9999,5","SOD60524 HR PRECIPITATION (IN): 0.00 TOTAL SUNSHINE (MINUTES):   0 PERCENT POSSIBLE SUNSHINE:  0 24 HR MAX TEMP (F): 6424 HR MAX TEMP TIME (LST):1445 24 HR MIN TEMP (F): 4724 HR MIN TEMP TIME (LST):0636 AVERAGE STATION PRESSURE:29.86  PEAK WIND SPEED (MPH): 17 PEAK WIND DIR (DEG):210 PEAK WIND TIME (LST):1229  FASTEST 2MIN SPEED (MPH): 15FASTEST 2MIN DIR (DEG):210 FASTEST 2MIN TIME (LST):1510 AVERAGE WIND SPEED (MPH): 5.3 24 HR AVG TEMP (F):56 HOURLY INCREMENTAL PRECIPITATION VALUES (IN):.00  .00  .00  .00  .00  .00  .00  .00  .00  .00  .00  .00  .00  .00  .00  .00  .00  .00  .00  .00  .00  .00  .00  .00","R01  0.007AAP092"
"72297793184","2003-02-24T07:59:00","6","33.68","-117.86639","16.5","SANTA ANA JOHN WAYNE AIRPORT, CA US","SOD  ","KSNA ","V020","999,9,9,9999,9","99999,9,9,9","999999,9,9,9","+9999,9","+9999,9","99999,9","24,0000,9,6",,,,,,,,,,,,,,,,,,"240,M,+0172,5","240,N,+0117,5",,,,,,,"10075,9,99999,4",,,"1,24,00894,180,1449,5","2,24,00626,190,1242,5","3,24,00295,999,9999,5","SOD54524 HR PRECIPITATION (IN): 0.00 24 HR MAX TEMP (F): 6324 HR MAX TEMP TIME (LST):1303 24 HR MIN TEMP (F): 5324 HR MIN TEMP TIME (LST):0522 AVERAGE STATION PRESSURE:29.75  PEAK WIND SPEED (MPH): 20 PEAK WIND DIR (DEG):180 PEAK WIND TIME (LST):1449  FASTEST 2MIN SPEED (MPH): 14FASTEST 2MIN DIR (DEG):190 FASTEST 2MIN TIME (LST):1242 AVERAGE WIND SPEED (MPH): 6.6 24 HR AVG TEMP (F):58 HOURLY INCREMENTAL PRECIPITATION VALUES (IN):.00  .00  .00  .00  .00  .00  .00  .00  .00  .00  .00  .00  .00  .00  .00  .00  .00  .00  .00  .00  .00  .00  .00  .00","R01  0.007AAP092"
"72297793184","2003-02-25T07:59:00","6","33.68","-117.86639","16.5","SANTA ANA JOHN WAYNE AIRPORT, CA US","SOD  ","KSNA ","V020","999,9,9,9999,9","99999,9,9,9","999999,9,9,9","+9999,9","+9999,9","99999,9","24,0038,9,5",,,,,,,,,,,,,,,,,,"240,M,+0183,5","240,N,+0122,5",,,,,,,"10064,9,99999,4",,,"1,24,01028,190,1548,5","2,24,00894,200,1852,5","3,24,00452,999,9999,5","SOD54524 HR PRECIPITATION (IN): 0.15 24 HR MAX TEMP (F): 6524 HR MAX TEMP TIME (LST):1138 24 HR MIN TEMP (F): 5424 HR MIN TEMP TIME (LST):2347 AVERAGE STATION PRESSURE:29.72  PEAK WIND SPEED (MPH): 23 PEAK WIND DIR (DEG):190 PEAK WIND TIME (LST):1548  FASTEST 2MIN SPEED (MPH): 20FASTEST 2MIN DIR (DEG):200 FASTEST 2MIN TIME (LST):1852 AVERAGE WIND SPEED (MPH):10.1 24 HR AVG TEMP (F):60 HOURLY INCREMENTAL PRECIPITATION VALUES (IN):.00  .00  .00  .00  .00  .00  .00  .00  .00  .00  .00  .00  .00  .00  .00   T    T   .00   T    T   .01  .00  .05  .09",
"72297793184","2003-02-26T07:59:00","6","33.68","-117.86639","16.5","SANTA ANA JOHN WAYNE AIRPORT, CA US","SOD  ","KSNA ","V020","999,9,9,9999,9","99999,9,9,9","999999,9,9,9","+9999,9","+9999,9","99999,9","24,0257,9,5",,,,,,,,,,,,,,,,,,"240,M,+0150,5","240,N,+0111,5",,,,,,,"10037,9,99999,4",,,"1,24,01162,180,1003,5","2,24,00983,180,1003,5","3,24,00241,999,9999,5","SOD54524 HR PRECIPITATION (IN): 1.01 24 HR MAX TEMP (F): 5924 HR MAX TEMP TIME (LST):1646 24 HR MIN TEMP (F): 5224 HR MIN TEMP TIME (LST):1240 AVERAGE STATION PRESSURE:29.64  PEAK WIND SPEED (MPH): 26 PEAK WIND DIR (DEG):180 PEAK WIND TIME (LST):1003  FASTEST 2MIN SPEED (MPH): 22FASTEST 2MIN DIR (DEG):180 FASTEST 2MIN TIME (LST):1003 AVERAGE WIND SPEED (MPH): 5.4 24 HR AVG TEMP (F):56 HOURLY INCREMENTAL PRECIPITATION VALUES (IN):.23  .13  .12  .06  .10  .06   T    T    T   .01  .06  .05  .03   T    T   .00   T    T   .00  .00  .00  .00  .00  .16",
"72297793184","2003-02-27T07:59:00","6","33.68","-117.86639","16.5","SANTA ANA JOHN WAYNE AIRPORT, CA US","SOD  ","KSNA ","V020","999,9,9,9999,9","99999,9,9,9","999999,9,9,9","+9999,9","+9999,9","99999,9","24,0020,9,5",,,,,,,,,,,,,,,,,,"240,M,+0156,5","240,N,+0106,5",,,,,,,"10095,9,99999,4",,,"1,24,00983,230,1011,5","2,24,00715,250,1003,5","3,24,00326,999,9999,5","SOD54524 HR PRECIPITATION (IN): 0.08 24 HR MAX TEMP (F): 6024 HR MAX TEMP TIME (LST):1548 24 HR MIN TEMP (F): 5124 HR MIN TEMP TIME (LST):0355 AVERAGE STATION PRESSURE:29.81  PEAK WIND SPEED (MPH): 22 PEAK WIND DIR (DEG):230 PEAK WIND TIME (LST):1011  FASTEST 2MIN SPEED (MPH): 16FASTEST 2MIN DIR (DEG):250 FASTEST 2MIN TIME (LST):1003 AVERAGE WIND SPEED (MPH): 7.3 24 HR AVG TEMP (F):56 HOURLY INCREMENTAL PRECIPITATION VALUES (IN):.03  .00  .00  .00  .01  .03  .01  .00  .00  .00  .00  .00  .00  .00  .00  .00  .00  .00  .00  .00  .00  .00  .00  .00",
"72297793184","2003-02-28T07:59:00","6","33.68","-117.86639","16.5","SANTA ANA JOHN WAYNE AIRPORT, CA US","SOD  ","KSNA ","V020","999,9,9,9999,9","99999,9,9,9","999999,9,9,9","+9999,9","+9999,9","99999,9","24,0091,9,5",,,,,,,,,,,,,,,,,,"240,M,+0150,5","240,N,+0100,5",,,,,,,"10115,9,99999,4",,,"1,24,00894,130,1108,5","2,24,00626,250,1643,5","3,24,00237,999,9999,5","SOD54524 HR PRECIPITATION (IN): 0.36 24 HR MAX TEMP (F): 5924 HR MAX TEMP TIME (LST):1601 24 HR MIN TEMP (F): 5024 HR MIN TEMP TIME (LST):0655 AVERAGE STATION PRESSURE:29.87  PEAK WIND SPEED (MPH): 20 PEAK WIND DIR (DEG):130 PEAK WIND TIME (LST):1108  FASTEST 2MIN SPEED (MPH): 14FASTEST 2MIN DIR (DEG):250 FASTEST 2MIN TIME (LST):1643 AVERAGE WIND SPEED (MPH): 5.3 24 HR AVG TEMP (F):55 HOURLY INCREMENTAL PRECIPITATION VALUES (IN):.00  .00  .00   T    T   .05  .04  .02  .08  .13  .04   T   .00  .00  .00  .00  .00  .00  .00  .00  .00  .00  .00  .00",
"72297793184","2003-03-01T07:59:00","6","33.68","-117.86639","16.5","SANTA ANA JOHN WAYNE AIRPORT, CA US","SOD  ","KSNA ","V020","999,9,9,9999,9","99999,9,9,9","999999,9,9,9","+9999,9","+9999,9","99999,9","24,0000,2,5",,,,,,,,,,,,,,,,"0000,5","000,5","240,M,+0178,5","240,N,+0100,5",,,,,,,"10119,9,99999,4",,,"1,24,00760,220,1407,5","2,24,00581,260,1552,5","3,24,00215,999,9999,5","SOD60524 HR PRECIPITATION (IN):  T   TOTAL SUNSHINE (MINUTES):   0 PERCENT POSSIBLE SUNSHINE:  0 24 HR MAX TEMP (F): 6424 HR MAX TEMP TIME (LST):1407 24 HR MIN TEMP (F): 5024 HR MIN TEMP TIME (LST):0657 AVERAGE STATION PRESSURE:29.88  PEAK WIND SPEED (MPH): 17 PEAK WIND DIR (DEG):220 PEAK WIND TIME (LST):1407  FASTEST 2MIN SPEED (MPH): 13FASTEST 2MIN DIR (DEG):260 FASTEST 2MIN TIME (LST):1552 AVERAGE WIND SPEED (MPH): 4.8 24 HR AVG TEMP (F):57 HOURLY INCREMENTAL PRECIPITATION VALUES (IN):.00  .00  .00  .00  .00   T   .00  .00  .00  .00  .00  .00  .00  .00  .00  .00  .00  .00  .00  .00  .00  .00  .00  .00",
"72297793184","2003-03-01T07:59:00","6","33.68","-117.86639","16.5","SANTA ANA JOHN WAYNE AIRPORT, CA US","SOM  ","KSNA ","V020","999,9,9,9999,9","99999,9,9,9","999999,9,9,9","+9999,9","+9999,9","99999,9",,"00912,9,6","00257,9,2525,9999,9999,6","08,6,07,6,99,9,00,5","005,0028,9,250041,5","010,0036,9,252339,5","015,0046,9,250051,5","020,0053,9,250056,5","030,0061,9,250056,5","045,0074,9,250117,5","060,0081,9,250122,5","080,0084,9,250154,5","100,0104,9,250209,5","120,0114,9,250230,5","150,0122,9,250256,5","180,0130,9,250317,5",,,,,"672,N,+1006,5","672,M,+1878,5","672,A,+1444,5","672,H,0191,7","672,C,0000,5","00,5,00,5,00,5,00,5",,"10119,4,10149,4","10220,999999,5,10041,250930,5",,,,"SOM806PCP MTOT: 3.59 DEPNRM: 0.00 PCP GT 24HRS: 1.01 DATE(S):25 DAYS W/PCP >=.01: 8 DAYS W/PCP >=.10: 7 DAYS W/PCP >=1.00:  MSDP AMTS W/DATE-TIME TAGS:MIN:5  .11  25/0041 MIN:10  .14  25/2339 MIN:15  .18  25/0051 MIN:20  .21  25/0056 MIN:30  .24  25/0056 MIN:45  .29  25/0117 MIN:60  .32  25/0122 MIN:80  .33  25/0154 MIN:100  .41  25/0209 MIN:120  .45  25/0230 MIN:150  .48  25/0256 MIN:180  .51  25/0317 SN GT DP ON GRND:0 DATE(S):0  AVG DLY MIN: 50.1 AVG DLY MAX: 65.8 AVG MLY TMP: 58.0 DAYS MAX <=32:  DAYS MAX >=70: 0 DAYS MAX >=90: 0 DAYS MIN <=32: 0 DAYS MIN  <=0: 0 AVG STP:29.88  AVG SLP:29.97  LWST SLP:29.65 DATE/TIME:250930 HGST SLP:30.18 DATE/TIME: 91049 HDD MTH TOT: 191 DEP NORM:-255 SEASON(JUL 1-JUN 30):  718 DEP NORM:38398 CDD MTH TOT:   0 DEP NORM:-255 SEASON(JAN 1-DEC 31):   23 DEP NORM:1444","R01  3.597ABP070R02  1.017ADP081R03     87AE1100R04      7AE2103R05   1917KDH015"
"72297793184","2003-03-02T07:59:00","6","33.68","-117.86639","16.5","SANTA ANA JOHN WAYNE AIRPORT, CA US","SOD  ","KSNA ","V020","999,9,9,9999,9","99999,9,9,9","999999,9,9,9","+9999,9","+9999,9","99999,9","24,0000,9,5",,,,,,,,,,,,,,,,"0000,5","000,5","240,M,+0167,5","240,N,+0106,6",,,,,,,"10129,9,99999,4",,,"1,24,00894,190,1211,5","2,24,00715,200,1346,5","3,24,00335,999,9999,5","SOD60524 HR PRECIPITATION (IN): 0.00 TOTAL SUNSHINE (MINUTES):   0 PERCENT POSSIBLE SUNSHINE:  0 24 HR MAX TEMP (F): 6224 HR MAX TEMP TIME (LST):1402 24 HR MIN TEMP (F): 5124 HR MIN TEMP TIME (LST):0655 AVERAGE STATION PRESSURE:29.91  PEAK WIND SPEED (MPH): 20 PEAK WIND DIR (DEG):190 PEAK WIND TIME (LST):1211  FASTEST 2MIN SPEED (MPH): 16FASTEST 2MIN DIR (DEG):200 FASTEST 2MIN TIME (LST):1346 AVERAGE WIND SPEED (MPH): 7.5 24 HR AVG TEMP (F):57 HOURLY INCREMENTAL PRECIPITATION VALUES (IN):.00  .00  .00  .00  .00  .00  .00  .00  .00  .00  .00  .00  .00  .00  .00  .00  .00  .00  .00  .00  .00  .00  .00  .00","R01    517KAN014"
"72297793184","2003-03-03T07:59:00","6","33.68","-117.86639","16.5","SANTA ANA JOHN WAYNE AIRPORT, CA US","SOD  ","KSNA ","V020","999,9,9,9999,9","99999,9,9,9","999999,9,9,9","+9999,9","+9999,9","99999,9","24,0000,9,5",,,,,,,,,,,,,,,,"0000,5","000,5","240,M,+0217,5","240,N,+0078,5",,,,,,,"10152,9,99999,4",,,"1,24,01118,090,1406,5","2,24,00894,050,1055,5","3,24,00259,999,9999,5","SOD60524 HR PRECIPITATION (IN): 0.00 TOTAL SUNSHINE (MINUTES):   0 PERCENT POSSIBLE SUNSHINE:  0 24 HR MAX TEMP (F): 7124 HR MAX TEMP TIME (LST):1434 24 HR MIN TEMP (F): 4624 HR MIN TEMP TIME (LST):0613 AVERAGE STATION PRESSURE:29.98  PEAK WIND SPEED (MPH): 25 PEAK WIND DIR (DEG): 90 PEAK WIND TIME (LST):1406  FASTEST 2MIN SPEED (MPH): 20FASTEST 2MIN DIR (DEG): 50 FASTEST 2MIN TIME (LST):1055 AVERAGE WIND SPEED (MPH): 5.8 24 HR AVG TEMP (F):59 HOURLY INCREMENTAL PRECIPITATION VALUES (IN):.00  .00  .00  .00  .00  .00  .00  .00  .00  .00  .00  .00  .00  .00  .00  .00  .00  .00  .00  .00  .00  .00  .00  .00",
"72297793184","2003-03-04T07:59:00","6","33.68","-117.86639","16.5","SANTA ANA JOHN WAYNE AIRPORT, CA US","SOD  ","KSNA ","V020","999,9,9,9999,9","99999,9,9,9","999999,9,9,9","+9999,9","+9999,9","99999,9","24,0000,9,5",,,,,,,,,,,,,,,,"0000,5","000,5","240,M,+0161,5","240,N,+0089,5",,,,,,,"10112,9,99999,4",,,"1,24,00671,190,1357,5","2,24,00581,190,1358,5","3,24,00210,999,9999,5","SOD60524 HR PRECIPITATION (IN): 0.00 TOTAL SUNSHINE (MINUTES):   0 PERCENT POSSIBLE SUNSHINE:  0 24 HR MAX TEMP (F): 6124 HR MAX TEMP TIME (LST):1459 24 HR MIN TEMP (F): 4824 HR MIN TEMP TIME (LST):0547 AVERAGE STATION PRESSURE:29.86  PEAK WIND SPEED (MPH): 15 PEAK WIND DIR (DEG):190 PEAK WIND TIME (LST):1357  FASTEST 2MIN SPEED (MPH): 13FASTEST 2MIN DIR (DEG):190 FASTEST 2MIN TIME (LST):1358 AVERAGE WIND SPEED (MPH): 4.7 24 HR AVG TEMP (F):55 HOURLY INCREMENTAL PRECIPITATION VALUES (IN):.00  .00  .00  .00  .00  .00  .00  .00  .00  .00  .00  .00  .00  .00  .00  .00  .00  .00  .00  .00  .00  .00  .00  .00",
"72297793184","2003-03-05T07:59:00","6","33.68","-117.86639","16.5","SANTA ANA JOHN WAYNE AIRPORT, CA US","SOD  ","KSNA ","V020","999,9,9,9999,9","99999,9,9,9","999999,9,9,9","+9999,9","+9999,9","99999,9","24,0018,9,5",,,,,,,,,,,,,,,,"0000,5","000,5","240,M,+0156,5","240,N,+0100,5",,,,,,,"10081,9,99999,4",,,"1,24,00671,210,1548,5","2,24,00581,200,1557,5","3,24,00179,999,9999,5","SOD60524 HR PRECIPITATION (IN): 0.07 TOTAL SUNSHINE (MINUTES):   0 PERCENT POSSIBLE SUNSHINE:  0 24 HR MAX TEMP (F): 6024 HR MAX TEMP TIME (LST):1505 24 HR MIN TEMP (F): 5024 HR MIN TEMP TIME (LST):2359 AVERAGE STATION PRESSURE:29.77  PEAK WIND SPEED (MPH): 15 PEAK WIND DIR (DEG):210 PEAK WIND TIME (LST):1548  FASTEST 2MIN SPEED (MPH): 13FASTEST 2MIN DIR (DEG):200 FASTEST 2MIN TIME (LST):1557 AVERAGE WIND SPEED (MPH): 4.0 24 HR AVG TEMP (F):55 HOURLY INCREMENTAL PRECIPITATION VALUES (IN):.00  .00   T   .06   T   .00  .00  .00  .00   T   .00  .00  .00  .01   T   .00  .00  .00  .00  .00  .00  .00  .00  .00",
"72297793184","2003-03-06T07:59:00","6","33.68","-117.86639","16.5","SANTA ANA JOHN WAYNE AIRPORT, CA US","SOD  ","KSNA ","V020","999,9,9,9999,9","99999,9,9,9","999999,9,9,9","+9999,9","+9999,9","99999,9","24,0000,9,6",,,,,,,,,,,,,,,,"0000,5","000,5","240,M,+0178,5","240,N,+0067,5",,,,,,,"10122,9,99999,4",,,"1,24,00805,180,1216,5","2,24,00671,200,1258,5","3,24,00125,999,9999,5","SOD58324 HR PRECIPITATION (IN): 0.00 TOTAL SUNSHINE (MINUTES):   0 PERCENT POSSIBLE SUNSHINE:  0 24 HR MAX TEMP (F): 6424 HR MAX TEMP TIME (LST):1250 24 HR MIN TEMP (F): 4424 HR MIN TEMP TIME (LST):0522 AVERAGE STATION PRESSURE:29.89  PEAK WIND SPEED (MPH): 18 PEAK WIND DIR (DEG):180 PEAK WIND TIME (LST):1216  FASTEST 2MIN SPEED (MPH): 15FASTEST 2MIN DIR (DEG):200 FASTEST 2MIN TIME (LST):1258 AVERAGE WIND SPEED (MPH): 2.8 HOURLY INCREMENTAL PRECIPITATION VALUES (IN):.00  .00  .00  .00  .00  .00  .00  .00  .00  .00  .00  .00  .00  .00  .00  .00  .00  .00  .00  .00  .00  .00  .00  .00","R01  0.007AAP092"
"72297793184","2003-03-07T07:59:00","6","33.68","-117.86639","16.5","SANTA ANA JOHN WAYNE AIRPORT, CA US","SOD  ","KSNA ","V020","999,9,9,9999,9","99999,9,9,9","999999,9,9,9","+9999,9","+9999,9","99999,9","24,0000,9,6",,,,,,,,,,,,,,,,"0000,5","000,5","240,M,+0189,5","240,N,+0078,5",,,,,,,"10135,9,99999,4",,,"1,24,00805,200,1433,5","2,24,00715,210,1433,5","3,24,00232,999,9999,5","SOD60524 HR PRECIPITATION (IN): 0.00 TOTAL SUNSHINE (MINUTES):   0 PERCENT POSSIBLE SUNSHINE:  0 24 HR MAX TEMP (F): 6624 HR MAX TEMP TIME (LST):1317 24 HR MIN TEMP (F): 4624 HR MIN TEMP TIME (LST):0645 AVERAGE STATION PRESSURE:29.93  PEAK WIND SPEED (MPH): 18 PEAK WIND DIR (DEG):200 PEAK WIND TIME (LST):1433  FASTEST 2MIN SPEED (MPH): 16FASTEST 2MIN DIR (DEG):210 FASTEST 2MIN TIME (LST):1433 AVERAGE WIND SPEED (MPH): 5.2 24 HR AVG TEMP (F):56 HOURLY INCREMENTAL PRECIPITATION VALUES (IN):.00  .00  .00  .00  .00  .00  .00  .00  .00  .00  .00  .00  .00  .00  .00  .00  .00  .00  .00  .00  .00  .00  .00  .00","R01  0.007AAP092"
"72297793184","2003-03-08T07:59:00","6","33.68","-117.86639","16.5","SANTA ANA JOHN WAYNE AIRPORT, CA US","SOD  ","KSNA ","V020","999,9,9,9999,9","99999,9,9,9","999999,9,9,9","+9999,9","+9999,9","99999,9","24,0000,9,6",,,,,,,,,,,,,,,,"0000,5","000,5","240,M,+0183,5","240,N,+0083,5",,,,,,,"10115,9,99999,4",,,"1,24,00671,200,1451,5","2,24,00581,210,1452,5","3,24,00215,999,9999,5","SOD60524 HR PRECIPITATION (IN): 0.00 TOTAL SUNSHINE (MINUTES):   0 PERCENT POSSIBLE SUNSHINE:  0 24 HR MAX TEMP (F): 6524 HR MAX TEMP TIME (LST):1450 24 HR MIN TEMP (F): 4724 HR MIN TEMP TIME (LST):0649 AVERAGE STATION PRESSURE:29.87  PEAK WIND SPEED (MPH): 15 PEAK WIND DIR (DEG):200 PEAK WIND TIME (LST):1451  FASTEST 2MIN SPEED (MPH): 13FASTEST 2MIN DIR (DEG):210 FASTEST 2MIN TIME (LST):1452 AVERAGE WIND SPEED (MPH): 4.8 24 HR AVG TEMP (F):56 HOURLY INCREMENTAL PRECIPITATION VALUES (IN):.00  .00  .00  .00  .00  .00  .00  .00  .00  .00  .00  .00  .00  .00  .00  .00  .00  .00  .00  .00  .00  .00  .00  .00","R01  0.007AAP092"
"72297793184","2003-03-09T07:59:00","6","33.68","-117.86639","16.5","SANTA ANA JOHN WAYNE AIRPORT, CA US","SOD  ","KSNA ","V020","999,9,9,9999,9","99999,9,9,9","999999,9,9,9","+9999,9","+9999,9","99999,9","24,0000,9,6",,,,,,,,,,,,,,,,"0000,5","000,5","240,M,+0194,5","240,N,+0094,5",,,,,,,"10152,9,99999,4",,,"1,24,00760,230,1324,5","2,24,00536,200,1341,5","3,24,00156,999,9999,5","SOD60524 HR PRECIPITATION (IN): 0.00 TOTAL SUNSHINE (MINUTES):   0 PERCENT POSSIBLE SUNSHINE:  0 24 HR MAX TEMP (F): 6724 HR MAX TEMP TIME (LST):1559 24 HR MIN TEMP (F): 4924 HR MIN TEMP TIME (LST):0644 AVERAGE STATION PRESSURE:29.98  PEAK WIND SPEED (MPH): 17 PEAK WIND DIR (DEG):230 PEAK WIND TIME (LST):1324  FASTEST 2MIN SPEED (MPH): 12FASTEST 2MIN DIR (DEG):200 FASTEST 2MIN TIME (LST):1341 AVERAGE WIND SPEED (MPH): 3.5 24 HR AVG TEMP (F):58 HOURLY INCREMENTAL PRECIPITATION VALUES (IN):.00  .00  .00  .00  .00  .00  .00  .00  .00  .00  .00  .00  .00  .00  .00  .00  .00  .00  .00  .00  .00  .00  .00  .00","R01  0.007AAP092"
"72297793184","2003-03-10T07:59:00","6","33.68","-117.86639","16.5","SANTA ANA JOHN WAYNE AIRPORT, CA US","SOD  ","KSNA ","V020","999,9,9,9999,9","99999,9,9,9","999999,9,9,9","+9999,9","+9999,9","99999,9","24,0000,9,6",,,,,,,,,,,,,,,,"0000,5","000,5","240,M,+0217,5","240,N,+0094,5",,,,,,,"10146,9,99999,4",,,"1,24,00626,230,1529,5","2,24,00536,220,1457,5","3,24,00143,999,9999,5","SOD60524 HR PRECIPITATION (IN): 0.00 TOTAL SUNSHINE (MINUTES):   0 PERCENT POSSIBLE SUNSHINE:  0 24 HR MAX TEMP (F): 7124 HR MAX TEMP TIME (LST):1422 24 HR MIN TEMP (F): 4924 HR MIN TEMP TIME (LST):0626 AVERAGE STATION PRESSURE:29.96  PEAK WIND SPEED (MPH): 14 PEAK WIND DIR (DEG):230 PEAK WIND TIME (LST):1529  FASTEST 2MIN SPEED (MPH): 12FASTEST 2MIN DIR (DEG):220 FASTEST 2MIN TIME (LST):1457 AVERAGE WIND SPEED (MPH): 3.2 24 HR AVG TEMP (F):60 HOURLY INCREMENTAL PRECIPITATION VALUES (IN):.00  .00  .00  .00  .00  .00  .00  .00  .00  .00  .00  .00  .00  .00  .00  .00  .00  .00  .00  .00  .00  .00  .00  .00","R01  0.007AAP092"
"72297793184","2003-03-11T07:59:00","6","33.68","-117.86639","16.5","SANTA ANA JOHN WAYNE AIRPORT, CA US","SOD  ","KSNA ","V020","999,9,9,9999,9","99999,9,9,9","999999,9,9,9","+9999,9","+9999,9","99999,9","24,0003,9,5",,,,,,,,,,,,,,,,"0000,5","000,5","240,M,+0211,5","240,N,+0089,5",,,,,,,"10115,9,99999,4",,,"1,24,00671,220,1202,5","2,24,00447,220,1239,5","3,24,00170,999,9999,5","SOD60524 HR PRECIPITATION (IN): 0.01 TOTAL SUNSHINE (MINUTES):   0 PERCENT POSSIBLE SUNSHINE:  0 24 HR MAX TEMP (F): 7024 HR MAX TEMP TIME (LST):1416 24 HR MIN TEMP (F): 4824 HR MIN TEMP TIME (LST):0544 AVERAGE STATION PRESSURE:29.87  PEAK WIND SPEED (MPH): 15 PEAK WIND DIR (DEG):220 PEAK WIND TIME (LST):1202  FASTEST 2MIN SPEED (MPH): 10FASTEST 2MIN DIR (DEG):220 FASTEST 2MIN TIME (LST):1239 AVERAGE WIND SPEED (MPH): 3.8 24 HR AVG TEMP (F):59 HOURLY INCREMENTAL PRECIPITATION VALUES (IN):.00  .00  .00  .00  .01  .00  .00  .00  .00  .00  .00  .00  .00  .00  .00  .00  .00  .00  .00  .00  .00  .00  .00  .00",
"72297793184","2003-03-12T07:59:00","6","33.68","-117.86639","16.5","SANTA ANA JOHN WAYNE AIRPORT, CA US","SOD  ","KSNA ","V020","999,9,9,9999,9","99999,9,9,9","999999,9,9,9","+9999,9","+9999,9","99999,9","24,0000,9,6",,,,,,,,,,,,,,,,"0000,5","000,5","240,M,+0183,5","240,N,+0111,5",,,,,,,"10095,9,99999,4",,,"1,24,00715,210,1248,5","2,24,00626,210,1254,5","3,24,00206,999,9999,5","SOD60524 HR PRECIPITATION (IN): 0.00 TOTAL SUNSHINE (MINUTES):   0 PERCENT POSSIBLE SUNSHINE:  0 24 HR MAX TEMP (F): 6524 HR MAX TEMP TIME (LST):1445 24 HR MIN TEMP (F): 5224 HR MIN TEMP TIME (LST):0825 AVERAGE STATION PRESSURE:29.81  PEAK WIND SPEED (MPH): 16 PEAK WIND DIR (DEG):210 PEAK WIND TIME (LST):1248  FASTEST 2MIN SPEED (MPH): 14FASTEST 2MIN DIR (DEG):210 FASTEST 2MIN TIME (LST):1254 AVERAGE WIND SPEED (MPH): 4.6 24 HR AVG TEMP (F):59 HOURLY INCREMENTAL PRECIPITATION VALUES (IN):.00  .00  .00  .00  .00  .00  .00  .00  .00  .00  .00  .00  .00  .00  .00  .00  .00  .00  .00  .00  .00  .00  .00  .00","R01  0.007AAP092"
"72297793184","2003-03-13T07:59:00","6","33.68","-117.86639","16.5","SANTA ANA JOHN WAYNE AIRPORT, CA US","SOD  ","KSNA ","V020","999,9,9,9999,9","99999,9,9,9","999999,9,9,9","+9999,9","+9999,9","99999,9","24,0000,9,6",,,,,,,,,,,,,,,,"0000,5","000,5","240,M,+0206,5","240,N,+0111,5",,,,,,,"10112,9,99999,4",,,"1,24,00805,220,1436,5","2,24,00715,190,1451,5","3,24,00188,999,9999,5","SOD60524 HR PRECIPITATION (IN): 0.00 TOTAL SUNSHINE (MINUTES):   0 PERCENT POSSIBLE SUNSHINE:  0 24 HR MAX TEMP (F): 6924 HR MAX TEMP TIME (LST):1259 24 HR MIN TEMP (F): 5224 HR MIN TEMP TIME (LST):0254 AVERAGE STATION PRESSURE:29.86  PEAK WIND SPEED (MPH): 18 PEAK WIND DIR (DEG):220 PEAK WIND TIME (LST):1436  FASTEST 2MIN SPEED (MPH): 16FASTEST 2MIN DIR (DEG):190 FASTEST 2MIN TIME (LST):1451 AVERAGE WIND SPEED (MPH): 4.2 24 HR AVG TEMP (F):61 HOURLY INCREMENTAL PRECIPITATION VALUES (IN):.00  .00  .00  .00  .00  .00  .00  .00  .00  .00  .00  .00  .00  .00  .00  .00  .00  .00  .00  .00  .00  .00  .00  .00","R01  0.007AAP092"
"72297793184","2003-03-14T07:59:00","6","33.68","-117.86639","16.5","SANTA ANA JOHN WAYNE AIRPORT, CA US","SOD  ","KSNA ","V020","999,9,9,9999,9","99999,9,9,9","999999,9,9,9","+9999,9","+9999,9","99999,9","24,0000,9,6",,,,,,,,,,,,,,,,"0000,5","000,5","240,M,+0200,5","240,N,+0128,5",,,,,,,"10125,9,99999,4",,,"1,24,00715,220,1629,5","2,24,00581,220,1629,5","3,24,00241,999,9999,5","SOD60524 HR PRECIPITATION (IN): 0.00 TOTAL SUNSHINE (MINUTES):   0 PERCENT POSSIBLE SUNSHINE:  0 24 HR MAX TEMP (F): 6824 HR MAX TEMP TIME (LST):1403 24 HR MIN TEMP (F): 5524 HR MIN TEMP TIME (LST):0343 AVERAGE STATION PRESSURE:29.90  PEAK WIND SPEED (MPH): 16 PEAK WIND DIR (DEG):220 PEAK WIND TIME (LST):1629  FASTEST 2MIN SPEED (MPH): 13FASTEST 2MIN DIR (DEG):220 FASTEST 2MIN TIME (LST):1629 AVERAGE WIND SPEED (MPH): 5.4 24 HR AVG TEMP (F):62 HOURLY INCREMENTAL PRECIPITATION VALUES (IN):.00  .00  .00  .00  .00  .00  .00  .00  .00  .00  .00  .00  .00  .00  .00  .00  .00  .00  .00  .00  .00  .00  .00  .00","R01  0.007AAP092"
"72297793184","2003-03-15T07:59:00","6","33.68","-117.86639","16.5","SANTA ANA JOHN WAYNE AIRPORT, CA US","SOD  ","KSNA ","V020","999,9,9,9999,9","99999,9,9,9","999999,9,9,9","+9999,9","+9999,9","99999,9","24,0000,9,6",,,,,,,,,,,,,,,,"0000,5","000,5","240,M,+0194,5","240,N,+0144,5",,,,,,,"10125,9,99999,4",,,"1,24,00671,240,1710,5","2,24,00581,250,1710,5","3,24,00188,999,9999,5","SOD60524 HR PRECIPITATION (IN): 0.00 TOTAL SUNSHINE (MINUTES):   0 PERCENT POSSIBLE SUNSHINE:  0 24 HR MAX TEMP (F): 6724 HR MAX TEMP TIME (LST):1431 24 HR MIN TEMP (F): 5824 HR MIN TEMP TIME (LST):2359 AVERAGE STATION PRESSURE:29.90  PEAK WIND SPEED (MPH): 15 PEAK WIND DIR (DEG):240 PEAK WIND TIME (LST):1710  FASTEST 2MIN SPEED (MPH): 13FASTEST 2MIN DIR (DEG):250 FASTEST 2MIN TIME (LST):1710 AVERAGE WIND SPEED (MPH): 4.2 24 HR AVG TEMP (F):63 HOURLY INCREMENTAL PRECIPITATION VALUES (IN):.00  .00  .00  .00  .00  .00  .00  .00  .00  .00  .00  .00  .00  .00  .00  .00  .00  .00  .00  .00  .00  .00  .00  .00","R01  0.007AAP092"
"72297793184","2003-03-16T07:59:00","6","33.68","-117.86639","16.5","SANTA ANA JOHN WAYNE AIRPORT, CA US","SOD  ","KSNA ","V020","999,9,9,9999,9","99999,9,9,9","999999,9,9,9","+9999,9","+9999,9","99999,9","24,0556,9,5",,,,,,,,,,,,,,,,"0000,5","000,5","240,M,+0161,5","240,N,+0139,5",,,,,,,"10064,9,99999,4",,,"1,24,01296,170,2230,5","2,24,01028,170,2230,5","3,24,00438,999,9999,5","SOD60524 HR PRECIPITATION (IN): 2.19 TOTAL SUNSHINE (MINUTES):   0 PERCENT POSSIBLE SUNSHINE:  0 24 HR MAX TEMP (F): 6124 HR MAX TEMP TIME (LST):2148 24 HR MIN TEMP (F): 5724 HR MIN TEMP TIME (LST):0305 AVERAGE STATION PRESSURE:29.72  PEAK WIND SPEED (MPH): 29 PEAK WIND DIR (DEG):170 PEAK WIND TIME (LST):2230  FASTEST 2MIN SPEED (MPH): 23FASTEST 2MIN DIR (DEG):170 FASTEST 2MIN TIME (LST):2230 AVERAGE WIND SPEED (MPH): 9.8 24 HR AVG TEMP (F):59 HOURLY INCREMENTAL PRECIPITATION VALUES (IN):.00  .00  .00  .00   T    T   .00  .02  .14  .17  .03  .12  .31  .20  .20  .34  .29  .06   T    T   .00  .00  .04  .25",
"72297793184","2003-03-17T07:59:00","6","33.68","-117.86639","16.5","SANTA ANA JOHN WAYNE AIRPORT, CA US","SOD  ","KSNA ","V020","999,9,9,9999,9","99999,9,9,9","999999,9,9,9","+9999,9","+9999,9","99999,9","24,0165,9,5",,,,,,,,,,,,,,,,"0000,5","000,5","240,M,+0172,5","240,N,+0128,5",,,,,,,"10037,9,99999,4",,,"1,24,01162,120,0103,5","2,24,00939,130,0104,5","3,24,00393,999,9999,5","SOD60524 HR PRECIPITATION (IN): 0.65 TOTAL SUNSHINE (MINUTES):   0 PERCENT POSSIBLE SUNSHINE:  0 24 HR MAX TEMP (F): 6324 HR MAX TEMP TIME (LST):1516 24 HR MIN TEMP (F): 5524 HR MIN TEMP TIME (LST):0617 AVERAGE STATION PRESSURE:29.64  PEAK WIND SPEED (MPH): 26 PEAK WIND DIR (DEG):120 PEAK WIND TIME (LST):0103  FASTEST 2MIN SPEED (MPH): 21FASTEST 2MIN DIR (DEG):130 FASTEST 2MIN TIME (LST):0104 AVERAGE WIND SPEED (MPH): 8.8 24 HR AVG TEMP (F):59 HOURLY INCREMENTAL PRECIPITATION VALUES (IN):.59  .02  .00   T   .04  .01   T   .01  .00  .00  .00  .00  .00  .00  .00  .00  .00  .00  .00  .00  .00  .00  .00  .00",
"72297793184","2003-03-18T07:59:00","6","33.68","-117.86639","16.5","SANTA ANA JOHN WAYNE AIRPORT, CA US","SOD  ","KSNA ","V020","999,9,9,9999,9","99999,9,9,9","999999,9,9,9","+9999,9","+9999,9","99999,9","24,0000,9,6",,,,,,,,,,,,,,,,"0000,5","000,5","240,M,+0194,5","240,N,+0117,5",,,,,,,"10071,9,99999,4",,,"1,24,01296,270,1523,5","2,24,00983,270,1524,5","3,24,00384,999,9999,5","SOD60524 HR PRECIPITATION (IN): 0.00 TOTAL SUNSHINE (MINUTES):   0 PERCENT POSSIBLE SUNSHINE:  0 24 HR MAX TEMP (F): 6724 HR MAX TEMP TIME (LST):1630 24 HR MIN TEMP (F): 5324 HR MIN TEMP TIME (LST):0629 AVERAGE STATION PRESSURE:29.74  PEAK WIND SPEED (MPH): 29 PEAK WIND DIR (DEG):270 PEAK WIND TIME (LST):1523  FASTEST 2MIN SPEED (MPH): 22FASTEST 2MIN DIR (DEG):270 FASTEST 2MIN TIME (LST):1524 AVERAGE WIND SPEED (MPH): 8.6 24 HR AVG TEMP (F):60 HOURLY INCREMENTAL PRECIPITATION VALUES (IN):.00  .00  .00  .00  .00  .00  .00  .00  .00  .00  .00  .00  .00  .00  .00  .00  .00  .00  .00  .00  .00  .00  .00  .00","R01  0.007AAP092"
"72297793184","2003-03-19T07:59:00","6","33.68","-117.86639","16.5","SANTA ANA JOHN WAYNE AIRPORT, CA US","SOD  ","KSNA ","V020","999,9,9,9999,9","99999,9,9,9","999999,9,9,9","+9999,9","+9999,9","99999,9","24,0000,9,6",,,,,,,,,,,,,,,,"0000,5","000,5","240,M,+0200,5","240,N,+0089,5",,,,,,,"10119,9,99999,4",,,"1,24,01028,260,1550,5","2,24,00805,210,1158,5","3,24,00197,999,9999,5","SOD60524 HR PRECIPITATION (IN): 0.00 TOTAL SUNSHINE (MINUTES):   0 PERCENT POSSIBLE SUNSHINE:  0 24 HR MAX TEMP (F): 6824 HR MAX TEMP TIME (LST):1409 24 HR MIN TEMP (F): 4824 HR MIN TEMP TIME (LST):0621 AVERAGE STATION PRESSURE:29.88  PEAK WIND SPEED (MPH): 23 PEAK WIND DIR (DEG):260 PEAK WIND TIME (LST):1550  FASTEST 2MIN SPEED (MPH): 18FASTEST 2MIN DIR (DEG):210 FASTEST 2MIN TIME (LST):1158 AVERAGE WIND SPEED (MPH): 4.4 24 HR AVG TEMP (F):58 HOURLY INCREMENTAL PRECIPITATION VALUES (IN):.00  .00  .00  .00  .00  .00  .00  .00  .00  .00  .00  .00  .00  .00  .00  .00  .00  .00  .00  .00  .00  .00  .00  .00","R01  0.007AAP092"
"72297793184","2003-03-20T07:59:00","6","33.68","-117.86639","16.5","SANTA ANA JOHN WAYNE AIRPORT, CA US","SOD  ","KSNA ","V020","999,9,9,9999,9","99999,9,9,9","999999,9,9,9","+9999,9","+9999,9","99999,9","24,0000,9,6",,,,,,,,,,,,,,,,"0000,5","000,5","240,M,+0189,5","240,N,+0094,5",,,,,,,"10139,9,99999,4",,,"1,24,00715,210,1200,5","2,24,00626,210,1128,5","3,24,00232,999,9999,5","SOD60524 HR PRECIPITATION (IN): 0.00 TOTAL SUNSHINE (MINUTES):   0 PERCENT POSSIBLE SUNSHINE:  0 24 HR MAX TEMP (F): 6624 HR MAX TEMP TIME (LST):1440 24 HR MIN TEMP (F): 4924 HR MIN TEMP TIME (LST):0634 AVERAGE STATION PRESSURE:29.94  PEAK WIND SPEED (MPH): 16 PEAK WIND DIR (DEG):210 PEAK WIND TIME (LST):1200  FASTEST 2MIN SPEED (MPH): 14FASTEST 2MIN DIR (DEG):210 FASTEST 2MIN TIME (LST):1128 AVERAGE WIND SPEED (MPH): 5.2 24 HR AVG TEMP (F):58 HOURLY INCREMENTAL PRECIPITATION VALUES (IN):.00  .00  .00  .00  .00  .00  .00  .00  .00  .00  .00  .00  .00  .00  .00  .00  .00  .00  .00  .00  .00  .00  .00  .00","R01  0.007AAP092"
"72297793184","2003-03-21T07:59:00","6","33.68","-117.86639","16.5","SANTA ANA JOHN WAYNE AIRPORT, CA US","SOD  ","KSNA ","V020","999,9,9,9999,9","99999,9,9,9","999999,9,9,9","+9999,9","+9999,9","99999,9","24,0000,9,6",,,,,,,,,,,,,,,,"0000,5","000,5","240,M,+0172,5","240,N,+0100,5",,,,,,,"10156,9,99999,4",,,"1,24,00805,210,1243,5","2,24,00671,200,1705,5","3,24,00277,999,9999,5","SOD60524 HR PRECIPITATION (IN): 0.00 TOTAL SUNSHINE (MINUTES):   0 PERCENT POSSIBLE SUNSHINE:  0 24 HR MAX TEMP (F): 6324 HR MAX TEMP TIME (LST):1516 24 HR MIN TEMP (F): 5024 HR MIN TEMP TIME (LST):0614 AVERAGE STATION PRESSURE:29.99  PEAK WIND SPEED (MPH): 18 PEAK WIND DIR (DEG):210 PEAK WIND TIME (LST):1243  FASTEST 2MIN SPEED (MPH): 15FASTEST 2MIN DIR (DEG):200 FASTEST 2MIN TIME (LST):1705 AVERAGE WIND SPEED (MPH): 6.2 24 HR AVG TEMP (F):57 HOURLY INCREMENTAL PRECIPITATION VALUES (IN):.00  .00  .00  .00  .00  .00  .00  .00  .00  .00  .00  .00  .00  .00  .00  .00  .00  .00  .00  .00  .00  .00  .00  .00","R01  0.007AAP092"
"72297793184","2003-03-22T07:59:00","6","33.68","-117.86639","16.5","SANTA ANA JOHN WAYNE AIRPORT, CA US","SOD  ","KSNA ","V020","999,9,9,9999,9","99999,9,9,9","999999,9,9,9","+9999,9","+9999,9","99999,9","24,0000,9,6",,,,,,,,,,,,,,,,"0000,5","000,5","240,M,+0200,5","240,N,+0100,5",,,,,,,"10159,9,99999,4",,,"1,24,00760,230,1401,5","2,24,00581,200,1358,5","3,24,00188,999,9999,5","SOD60524 HR PRECIPITATION (IN): 0.00 TOTAL SUNSHINE (MINUTES):   0 PERCENT POSSIBLE SUNSHINE:  0 24 HR MAX TEMP (F): 6824 HR MAX TEMP TIME (LST):1404 24 HR MIN TEMP (F): 5024 HR MIN TEMP TIME (LST):0621 AVERAGE STATION PRESSURE:30.00  PEAK WIND SPEED (MPH): 17 PEAK WIND DIR (DEG):230 PEAK WIND TIME (LST):1401  FASTEST 2MIN SPEED (MPH): 13FASTEST 2MIN DIR (DEG):200 FASTEST 2MIN TIME (LST):1358 AVERAGE WIND SPEED (MPH): 4.2 24 HR AVG TEMP (F):59 HOURLY INCREMENTAL PRECIPITATION VALUES (IN):.00  .00  .00  .00  .00  .00  .00  .00  .00  .00  .00  .00  .00  .00  .00  .00  .00  .00  .00  .00  .00  .00  .00  .00","R01  0.007AAP092"
"72297793184","2003-03-23T07:59:00","6","33.68","-117.86639","16.5","SANTA ANA JOHN WAYNE AIRPORT, CA US","SOD  ","KSNA ","V020","999,9,9,9999,9","99999,9,9,9","999999,9,9,9","+9999,9","+9999,9","99999,9","24,0000,9,6",,,,,,,,,,,,,,,,"0000,5","000,5","240,M,+0222,5","240,N,+0111,5",,,,,,,"10159,9,99999,4",,,"1,24,00715,240,1343,5","2,24,00581,190,1447,5","3,24,00188,999,9999,5","SOD60524 HR PRECIPITATION (IN): 0.00 TOTAL SUNSHINE (MINUTES):   0 PERCENT POSSIBLE SUNSHINE:  0 24 HR MAX TEMP (F): 7224 HR MAX TEMP TIME (LST):1423 24 HR MIN TEMP (F): 5224 HR MIN TEMP TIME (LST):0622 AVERAGE STATION PRESSURE:30.00  PEAK WIND SPEED (MPH): 16 PEAK WIND DIR (DEG):240 PEAK WIND TIME (LST):1343  FASTEST 2MIN SPEED (MPH): 13FASTEST 2MIN DIR (DEG):190 FASTEST 2MIN TIME (LST):1447 AVERAGE WIND SPEED (MPH): 4.2 24 HR AVG TEMP (F):62 HOURLY INCREMENTAL PRECIPITATION VALUES (IN):.00  .00  .00  .00  .00  .00  .00  .00  .00  .00  .00  .00  .00  .00  .00  .00  .00  .00  .00  .00  .00  .00  .00  .00","R01  0.007AAP092"
"72297793184","2003-03-24T07:59:00","6","33.68","-117.86639","16.5","SANTA ANA JOHN WAYNE AIRPORT, CA US","SOD  ","KSNA ","V020","999,9,9,9999,9","99999,9,9,9","999999,9,9,9","+9999,9","+9999,9","99999,9","24,0000,9,6",,,,,,,,,,,,,,,,"0000,5","000,5","240,M,+0183,5","240,N,+0122,5",,,,,,,"10135,9,99999,4",,,"1,24,00715,220,1159,5","2,24,00581,210,1607,5","3,24,00246,999,9999,5","SOD60524 HR PRECIPITATION (IN): 0.00 TOTAL SUNSHINE (MINUTES):   0 PERCENT POSSIBLE SUNSHINE:  0 24 HR MAX TEMP (F): 6524 HR MAX TEMP TIME (LST):1346 24 HR MIN TEMP (F): 5424 HR MIN TEMP TIME (LST):0738 AVERAGE STATION PRESSURE:29.93  PEAK WIND SPEED (MPH): 16 PEAK WIND DIR (DEG):220 PEAK WIND TIME (LST):1159  FASTEST 2MIN SPEED (MPH): 13FASTEST 2MIN DIR (DEG):210 FASTEST 2MIN TIME (LST):1607 AVERAGE WIND SPEED (MPH): 5.5 24 HR AVG TEMP (F):60 HOURLY INCREMENTAL PRECIPITATION VALUES (IN):.00  .00  .00  .00  .00  .00  .00  .00  .00  .00  .00  .00  .00  .00  .00  .00  .00  .00  .00  .00  .00  .00  .00  .00","R01  0.007AAP092"
"72297793184","2003-03-25T07:59:00","6","33.68","-117.86639","16.5","SANTA ANA JOHN WAYNE AIRPORT, CA US","SOD  ","KSNA ","V020","999,9,9,9999,9","99999,9,9,9","999999,9,9,9","+9999,9","+9999,9","99999,9","24,0000,9,6",,,,,,,,,,,,,,,,"0000,5","000,5","240,M,+0178,5","240,N,+0133,5",,,,,,,"10146,9,99999,4",,,"1,24,00715,200,1527,5","2,24,00581,200,1552,5","3,24,00282,999,9999,5","SOD60524 HR PRECIPITATION (IN): 0.00 TOTAL SUNSHINE (MINUTES):   0 PERCENT POSSIBLE SUNSHINE:  0 24 HR MAX TEMP (F): 6424 HR MAX TEMP TIME (LST):1430 24 HR MIN TEMP (F): 5624 HR MIN TEMP TIME (LST):2359 AVERAGE STATION PRESSURE:29.96  PEAK WIND SPEED (MPH): 16 PEAK WIND DIR (DEG):200 PEAK WIND TIME (LST):1527  FASTEST 2MIN SPEED (MPH): 13FASTEST 2MIN DIR (DEG):200 FASTEST 2MIN TIME (LST):1552 AVERAGE WIND SPEED (MPH): 6.3 24 HR AVG TEMP (F):60 HOURLY INCREMENTAL PRECIPITATION VALUES (IN):.00  .00  .00  .00  .00  .00  .00  .00  .00  .00  .00  .00  .00  .00  .00  .00  .00  .00  .00  .00  .00  .00  .00  .00","R01  0.007AAP092"
"72297793184","2003-03-26T07:59:00","6","33.68","-117.86639","16.5","SANTA ANA JOHN WAYNE AIRPORT, CA US","SOD  ","KSNA ","V020","999,9,9,9999,9","99999,9,9,9","999999,9,9,9","+9999,9","+9999,9","99999,9","24,0000,9,6",,,,,,,,,,,,,,,,"0000,5","000,5","240,M,+0222,5","240,N,+0111,5",,,,,,,"10166,9,99999,4",,,"1,24,00581,210,1534,5","2,24,00536,190,1528,5","3,24,00139,999,9999,5","SOD60524 HR PRECIPITATION (IN): 0.00 TOTAL SUNSHINE (MINUTES):   0 PERCENT POSSIBLE SUNSHINE:  0 24 HR MAX TEMP (F): 7224 HR MAX TEMP TIME (LST):1430 24 HR MIN TEMP (F): 5224 HR MIN TEMP TIME (LST):0620 AVERAGE STATION PRESSURE:30.02  PEAK WIND SPEED (MPH): 13 PEAK WIND DIR (DEG):210 PEAK WIND TIME (LST):1534  FASTEST 2MIN SPEED (MPH): 12FASTEST 2MIN DIR (DEG):190 FASTEST 2MIN TIME (LST):1528 AVERAGE WIND SPEED (MPH): 3.1 24 HR AVG TEMP (F):62 HOURLY INCREMENTAL PRECIPITATION VALUES (IN):.00  .00  .00  .00  .00  .00  .00  .00  .00  .00  .00  .00  .00  .00  .00  .00  .00  .00  .00  .00  .00  .00  .00  .00","R01  0.007AAP092"
"72297793184","2003-03-27T07:59:00","6","33.68","-117.86639","16.5","SANTA ANA JOHN WAYNE AIRPORT, CA US","SOD  ","KSNA ","V020","999,9,9,9999,9","99999,9,9,9","999999,9,9,9","+9999,9","+9999,9","99999,9","24,0000,9,6",,,,,,,,,,,,,,,,"0000,5","000,5","240,M,+0228,5","240,N,+0122,5",,,,,,,"10142,9,99999,4",,,"1,24,00671,220,1345,5","2,24,00581,210,2032,5","3,24,00228,999,9999,5","SOD60524 HR PRECIPITATION (IN): 0.00 TOTAL SUNSHINE (MINUTES):   0 PERCENT POSSIBLE SUNSHINE:  0 24 HR MAX TEMP (F): 7324 HR MAX TEMP TIME (LST):1329 24 HR MIN TEMP (F): 5424 HR MIN TEMP TIME (LST):0611 AVERAGE STATION PRESSURE:29.95  PEAK WIND SPEED (MPH): 15 PEAK WIND DIR (DEG):220 PEAK WIND TIME (LST):1345  FASTEST 2MIN SPEED (MPH): 13FASTEST 2MIN DIR (DEG):210 FASTEST 2MIN TIME (LST):2032 AVERAGE WIND SPEED (MPH): 5.1 24 HR AVG TEMP (F):64 HOURLY INCREMENTAL PRECIPITATION VALUES (IN):.00  .00  .00  .00  .00  .00  .00  .00  .00  .00  .00  .00  .00  .00  .00  .00  .00  .00  .00  .00  .00  .00  .00  .00","R01  0.007AAP092"
"72297793184","2003-03-28T07:59:00","6","33.68","-117.86639","16.5","SANTA ANA JOHN WAYNE AIRPORT, CA US","SOD  ","KSNA ","V020","999,9,9,9999,9","99999,9,9,9","999999,9,9,9","+9999,9","+9999,9","99999,9","24,0000,9,6",,,,,,,,,,,,,,,,"0000,5","000,5","240,M,+0222,5","240,N,+0128,5",,,,,,,"10085,9,99999,4",,,"1,24,00805,190,1418,5","2,24,00715,200,1409,5","3,24,00255,999,9999,5","SOD60524 HR PRECIPITATION (IN): 0.00 TOTAL SUNSHINE (MINUTES):   0 PERCENT POSSIBLE SUNSHINE:  0 24 HR MAX TEMP (F): 7224 HR MAX TEMP TIME (LST):1311 24 HR MIN TEMP (F): 5524 HR MIN TEMP TIME (LST):0501 AVERAGE STATION PRESSURE:29.78  PEAK WIND SPEED (MPH): 18 PEAK WIND DIR (DEG):190 PEAK WIND TIME (LST):1418  FASTEST 2MIN SPEED (MPH): 16FASTEST 2MIN DIR (DEG):200 FASTEST 2MIN TIME (LST):1409 AVERAGE WIND SPEED (MPH): 5.7 24 HR AVG TEMP (F):64 HOURLY INCREMENTAL PRECIPITATION VALUES (IN):.00  .00  .00  .00  .00  .00  .00  .00  .00  .00  .00  .00  .00  .00  .00  .00  .00  .00  .00  .00  .00  .00  .00  .00","R01  0.007AAP092"
"72297793184","2003-03-29T07:59:00","6","33.68","-117.86639","16.5","SANTA ANA JOHN WAYNE AIRPORT, CA US","SOD  ","KSNA ","V020","999,9,9,9999,9","99999,9,9,9","999999,9,9,9","+9999,9","+9999,9","99999,9","24,0000,9,6",,,,,,,,,,,,,,,,"0000,5","000,5","240,M,+0261,5","240,N,+0133,5",,,,,,,"10142,9,99999,4",,,"1,24,02012,060,1015,5","2,24,01565,050,1033,5","3,24,00706,999,9999,5","SOD60524 HR PRECIPITATION (IN): 0.00 TOTAL SUNSHINE (MINUTES):   0 PERCENT POSSIBLE SUNSHINE:  0 24 HR MAX TEMP (F): 7924 HR MAX TEMP TIME (LST):1444 24 HR MIN TEMP (F): 5624 HR MIN TEMP TIME (LST):0232 AVERAGE STATION PRESSURE:29.95  PEAK WIND SPEED (MPH): 45 PEAK WIND DIR (DEG): 60 PEAK WIND TIME (LST):1015  FASTEST 2MIN SPEED (MPH): 35FASTEST 2MIN DIR (DEG): 50 FASTEST 2MIN TIME (LST):1033 AVERAGE WIND SPEED (MPH):15.8 24 HR AVG TEMP (F):68 HOURLY INCREMENTAL PRECIPITATION VALUES (IN):.00  .00  .00  .00  .00  .00  .00  .00  .00  .00  .00  .00  .00  .00  .00  .00  .00  .00  .00  .00  .00  .00  .00  .00","R01  0.007AAP092"
"72297793184","2003-03-30T07:59:00","6","33.68","-117.86639","16.5","SANTA ANA JOHN WAYNE AIRPORT, CA US","SOD  ","KSNA ","V020","999,9,9,9999,9","99999,9,9,9","999999,9,9,9","+9999,9","+9999,9","99999,9","24,0000,9,6",,,,,,,,,,,,,,,,"0000,5","000,5","240,M,+0283,5","240,N,+0106,5",,,,,,,"10203,9,99999,4",,,"1,24,01252,080,1244,5","2,24,00983,070,1343,5","3,24,00291,999,9999,5","SOD60524 HR PRECIPITATION (IN): 0.00 TOTAL SUNSHINE (MINUTES):   0 PERCENT POSSIBLE SUNSHINE:  0 24 HR MAX TEMP (F): 8324 HR MAX TEMP TIME (LST):1538 24 HR MIN TEMP (F): 5124 HR MIN TEMP TIME (LST):0524 AVERAGE STATION PRESSURE:30.13  PEAK WIND SPEED (MPH): 28 PEAK WIND DIR (DEG): 80 PEAK WIND TIME (LST):1244  FASTEST 2MIN SPEED (MPH): 22FASTEST 2MIN DIR (DEG): 70 FASTEST 2MIN TIME (LST):1343 AVERAGE WIND SPEED (MPH): 6.5 24 HR AVG TEMP (F):67 HOURLY INCREMENTAL PRECIPITATION VALUES (IN):.00  .00  .00  .00  .00  .00  .00  .00  .00  .00  .00  .00  .00  .00  .00  .00  .00  .00  .00  .00  .00  .00  .00  .00","R01  0.007AAP092"
"72297793184","2003-03-31T07:59:00","6","33.68","-117.86639","16.5","SANTA ANA JOHN WAYNE AIRPORT, CA US","SOD  ","KSNA ","V020","999,9,9,9999,9","99999,9,9,9","999999,9,9,9","+9999,9","+9999,9","99999,9","24,0000,9,6",,,,,,,,,,,,,,,,"0000,5","000,5","240,M,+0322,5","240,N,+0111,5",,,,,,,"10176,9,99999,4",,,"1,24,00805,260,1409,5","2,24,00626,070,1342,5","3,24,00156,999,9999,5","SOD58324 HR PRECIPITATION (IN): 0.00 TOTAL SUNSHINE (MINUTES):   0 PERCENT POSSIBLE SUNSHINE:  0 24 HR MAX TEMP (F): 9024 HR MAX TEMP TIME (LST):1408 24 HR MIN TEMP (F): 5224 HR MIN TEMP TIME (LST):0558 AVERAGE STATION PRESSURE:30.05  PEAK WIND SPEED (MPH): 18 PEAK WIND DIR (DEG):260 PEAK WIND TIME (LST):1409  FASTEST 2MIN SPEED (MPH): 14FASTEST 2MIN DIR (DEG): 70 FASTEST 2MIN TIME (LST):1342 AVERAGE WIND SPEED (MPH): 3.5 HOURLY INCREMENTAL PRECIPITATION VALUES (IN):.00  .00  .00  .00  .00  .00  .00  .00  .00  .00  .00  .00  .00  .00  .00  .00  .00  .00  .00  .00  .00  .00  .00  .00","R01  0.007AAP092"
"72297793184","2003-04-01T07:59:00","6","33.68","-117.86639","16.5","SANTA ANA JOHN WAYNE AIRPORT, CA US","SOD  ","KSNA ","V020","999,9,9,9999,9","99999,9,9,9","999999,9,9,9","+9999,9","+9999,9","99999,9","24,0000,2,5",,,,,,,,,,,,,,,,"0000,5","000,5","240,M,+0278,5","240,N,+0128,5",,,,,,,"10108,9,99999,4",,,"1,24,00805,220,1333,5","2,24,00715,210,1344,5","3,24,00188,999,9999,5","SOD60524 HR PRECIPITATION (IN):  T   TOTAL SUNSHINE (MINUTES):   0 PERCENT POSSIBLE SUNSHINE:  0 24 HR MAX TEMP (F): 8224 HR MAX TEMP TIME (LST):1251 24 HR MIN TEMP (F): 5524 HR MIN TEMP TIME (LST):0511 AVERAGE STATION PRESSURE:29.85  PEAK WIND SPEED (MPH): 18 PEAK WIND DIR (DEG):220 PEAK WIND TIME (LST):1333  FASTEST 2MIN SPEED (MPH): 16FASTEST 2MIN DIR (DEG):210 FASTEST 2MIN TIME (LST):1344 AVERAGE WIND SPEED (MPH): 4.2 24 HR AVG TEMP (F):69 HOURLY INCREMENTAL PRECIPITATION VALUES (IN):.00  .00  .00  .00  .00  .00  .00  .00  .00  .00  .00  .00  .00   T   .00  .00  .00  .00  .00  .00  .00  .00  .00  .00",
"72297793184","2003-04-01T07:59:00","6","33.68","-117.86639","16.5","SANTA ANA JOHN WAYNE AIRPORT, CA US","SOM  ","KSNA ","V020","999,9,9,9999,9","99999,9,9,9","999999,9,9,9","+9999,9","+9999,9","99999,9",,"00742,9,6","00719,9,1515,9999,9999,6","04,6,02,6,99,9,00,5","005,0028,9,160021,5","010,0043,9,160022,5","015,0005,9,160024,5","020,0069,9,160036,6","030,0109,9,160045,6","045,0137,9,160054,6","060,0152,9,160054,6","080,0175,9,160054,5","100,0198,9,160054,5","120,0015,9,160059,5","150,0226,9,160059,6","180,0229,9,160059,6",,,,,"744,N,+1078,5","744,M,+2044,5","744,A,+1561,5","744,H,0159,7","744,C,0015,6","00,5,01,6,00,5,00,5",,"10125,4,10159,4","99999,999999,7,10030,160057,7",,,,"SOM810PCP MTOT: 2.92 DEPNRM:-4.43 PCP GT 24HRS: 2.83 DATE(S):151+ DAYS W/PCP >=.01: 4 DAYS W/PCP >=.10: 2 DAYS W/PCP >=1.00:  MSDP AMTS W/DATE-TIME TAGS:MIN:5  .11  16/0021 MIN:10  .17  16/0022 MIN:15  .02  16/0024 MIN:20  .27  16/0036 MIN:30  .43  16/0045 MIN:45  .54  16/0054 MIN:60  .60  16/0054 MIN:80  .69  16/0054 MIN:100  .78  16/0054 MIN:120  .06  16/0059 MIN:150  .89  16/0059 MIN:180  .90  16/0059 SN GT DP ON GRND:0 - DATE(S):0  AVG DLY MIN: 51.4 AVG DLY MAX: 68.8 AVG MLY TMP: 60.1 DAYS MAX <=32:  DAYS MAX >=70: 1 DAYS MAX >=90: 1 DAYS MIN <=32: 0 DAYS MIN  <=0: 0 AVG STP:29.90  AVG SLP:30.00  LWST SLP:29.62 DATE/TIME:160057 HGST SLP:  .00 DATE/TIME: 00000 HDD MTH TOT: 159 DEP NORM:-856 SEASON(JUL 1-JUN 30):  877 DEP NORM:8   0 CDD MTH TOT:  15 DEP NORM:  15 SEASON(JAN 1-DEC 31):   38 DEP NORM:   0","R01  2.927ABP070R02  2.837ADP081R03     47AE1100R04      7AE2103R05   .277A04020R06   .437A05028R07   .547A06034R08   .607A07040R09   .897A11066R10   .907A12072R11   0 -7AKS007R12   1597KDH015R13    157KDC058R14     17KE2035R15   .007MKX021"
"72297793184","2003-04-02T07:59:00","6","33.68","-117.86639","16.5","SANTA ANA JOHN WAYNE AIRPORT, CA US","SOD  ","KSNA ","V020","999,9,9,9999,9","99999,9,9,9","999999,9,9,9","+9999,9","+9999,9","99999,9","24,0000,9,5",,,,,,,,,,,,,,,,"0000,5","000,5","240,M,+0194,5","240,N,+0133,6",,,,,,,"10091,9,99999,4",,,"1,24,01073,180,1013,5","2,24,00939,190,0959,5","3,24,00362,999,9999,5","SOD60524 HR PRECIPITATION (IN): 0.00 TOTAL SUNSHINE (MINUTES):   0 PERCENT POSSIBLE SUNSHINE:  0 24 HR MAX TEMP (F): 6724 HR MAX TEMP TIME (LST):1351 24 HR MIN TEMP (F): 5624 HR MIN TEMP TIME (LST):1928 AVERAGE STATION PRESSURE:29.80  PEAK WIND SPEED (MPH): 24 PEAK WIND DIR (DEG):180 PEAK WIND TIME (LST):1013  FASTEST 2MIN SPEED (MPH): 21FASTEST 2MIN DIR (DEG):190 FASTEST 2MIN TIME (LST):0959 AVERAGE WIND SPEED (MPH): 8.1 24 HR AVG TEMP (F):62 HOURLY INCREMENTAL PRECIPITATION VALUES (IN):.00  .00  .00  .00  .00  .00  .00  .00  .00  .00  .00  .00  .00  .00  .00  .00  .00  .00  .00  .00  .00  .00  .00  .00","R01    567KAN014"
"72297793184","2003-04-03T07:59:00","6","33.68","-117.86639","16.5","SANTA ANA JOHN WAYNE AIRPORT, CA US","SOD  ","KSNA ","V020","999,9,9,9999,9","99999,9,9,9","999999,9,9,9","+9999,9","+9999,9","99999,9","24,0000,9,5",,,,,,,,,,,,,,,,"0000,5","000,5","240,M,+0172,5","240,N,+0122,5",,,,,,,"10125,9,99999,4",,,"1,24,00983,250,1414,5","2,24,00805,230,1257,5","3,24,00420,999,9999,5","SOD60524 HR PRECIPITATION (IN): 0.00 TOTAL SUNSHINE (MINUTES):   0 PERCENT POSSIBLE SUNSHINE:  0 24 HR MAX TEMP (F): 6324 HR MAX TEMP TIME (LST):1350 24 HR MIN TEMP (F): 5424 HR MIN TEMP TIME (LST):2359 AVERAGE STATION PRESSURE:29.90  PEAK WIND SPEED (MPH): 22 PEAK WIND DIR (DEG):250 PEAK WIND TIME (LST):1414  FASTEST 2MIN SPEED (MPH): 18FASTEST 2MIN DIR (DEG):230 FASTEST 2MIN TIME (LST):1257 AVERAGE WIND SPEED (MPH): 9.4 24 HR AVG TEMP (F):59 HOURLY INCREMENTAL PRECIPITATION VALUES (IN):.00  .00  .00  .00  .00  .00  .00  .00  .00  .00  .00  .00  .00  .00  .00  .00  .00  .00  .00  .00  .00  .00  .00  .00",
"72297793184","2003-04-04T07:59:00","6","33.68","-117.86639","16.5","SANTA ANA JOHN WAYNE AIRPORT, CA US","SOD  ","KSNA ","V020","999,9,9,9999,9","99999,9,9,9","999999,9,9,9","+9999,9","+9999,9","99999,9","24,0000,9,5",,,,,,,,,,,,,,,,"0000,5","000,5","240,M,+0172,5","240,N,+0094,5",,,,,,,"10166,9,99999,4",,,"1,24,00805,230,1619,5","2,24,00671,230,1622,5","3,24,00259,999,9999,5","SOD60524 HR PRECIPITATION (IN): 0.00 TOTAL SUNSHINE (MINUTES):   0 PERCENT POSSIBLE SUNSHINE:  0 24 HR MAX TEMP (F): 6324 HR MAX TEMP TIME (LST):1221 24 HR MIN TEMP (F): 4924 HR MIN TEMP TIME (LST):0537 AVERAGE STATION PRESSURE:30.02  PEAK WIND SPEED (MPH): 18 PEAK WIND DIR (DEG):230 PEAK WIND TIME (LST):1619  FASTEST 2MIN SPEED (MPH): 15FASTEST 2MIN DIR (DEG):230 FASTEST 2MIN TIME (LST):1622 AVERAGE WIND SPEED (MPH): 5.8 24 HR AVG TEMP (F):56 HOURLY INCREMENTAL PRECIPITATION VALUES (IN):.00  .00  .00  .00  .00  .00  .00  .00  .00  .00  .00  .00  .00  .00  .00  .00  .00  .00  .00  .00  .00  .00  .00  .00",
"72297793184","2003-04-05T07:59:00","6","33.68","-117.86639","16.5","SANTA ANA JOHN WAYNE AIRPORT, CA US","SOD  ","KSNA ","V020","999,9,9,9999,9","99999,9,9,9","999999,9,9,9","+9999,9","+9999,9","99999,9","24,0000,9,5",,,,,,,,,,,,,,,,"0000,5","000,5","240,M,+0167,5","240,N,+0100,5",,,,,,,"10149,9,99999,4",,,"1,24,00983,230,1431,5","2,24,00760,250,1338,5","3,24,00331,999,9999,5","SOD60524 HR PRECIPITATION (IN): 0.00 TOTAL SUNSHINE (MINUTES):   0 PERCENT POSSIBLE SUNSHINE:  0 24 HR MAX TEMP (F): 6224 HR MAX TEMP TIME (LST):1317 24 HR MIN TEMP (F): 5024 HR MIN TEMP TIME (LST):0546 AVERAGE STATION PRESSURE:29.97  PEAK WIND SPEED (MPH): 22 PEAK WIND DIR (DEG):230 PEAK WIND TIME (LST):1431  FASTEST 2MIN SPEED (MPH): 17FASTEST 2MIN DIR (DEG):250 FASTEST 2MIN TIME (LST):1338 AVERAGE WIND SPEED (MPH): 7.4 24 HR AVG TEMP (F):56 HOURLY INCREMENTAL PRECIPITATION VALUES (IN):.00  .00  .00  .00  .00  .00  .00  .00  .00  .00  .00  .00  .00  .00  .00  .00  .00  .00  .00  .00  .00  .00  .00  .00",
"72297793184","2003-04-06T07:59:00","6","33.68","-117.86639","16.5","SANTA ANA JOHN WAYNE AIRPORT, CA US","SOD  ","KSNA ","V020","999,9,9,9999,9","99999,9,9,9","999999,9,9,9","+9999,9","+9999,9","99999,9","24,0000,9,5",,,,,,,,,,,,,,,,"0000,5","000,5","240,M,+0178,5","240,N,+0089,5",,,,,,,"10139,9,99999,4",,,"1,24,00983,260,1521,5","2,24,00805,230,1320,5","3,24,00308,999,9999,5","SOD60524 HR PRECIPITATION (IN): 0.00 TOTAL SUNSHINE (MINUTES):   0 PERCENT POSSIBLE SUNSHINE:  0 24 HR MAX TEMP (F): 6424 HR MAX TEMP TIME (LST):1310 24 HR MIN TEMP (F): 4824 HR MIN TEMP TIME (LST):0602 AVERAGE STATION PRESSURE:29.94  PEAK WIND SPEED (MPH): 22 PEAK WIND DIR (DEG):260 PEAK WIND TIME (LST):1521  FASTEST 2MIN SPEED (MPH): 18FASTEST 2MIN DIR (DEG):230 FASTEST 2MIN TIME (LST):1320 AVERAGE WIND SPEED (MPH): 6.9 24 HR AVG TEMP (F):56 HOURLY INCREMENTAL PRECIPITATION VALUES (IN):.00  .00  .00  .00  .00  .00  .00  .00  .00  .00  .00  .00  .00  .00  .00  .00  .00  .00  .00  .00  .00  .00  .00  .00",
"72297793184","2003-04-07T07:59:00","6","33.68","-117.86639","16.5","SANTA ANA JOHN WAYNE AIRPORT, CA US","SOD  ","KSNA ","V020","999,9,9,9999,9","99999,9,9,9","999999,9,9,9","+9999,9","+9999,9","99999,9","24,0000,9,5",,,,,,,,,,,,,,,,"0000,5","000,5","240,M,+0183,5","240,N,+0100,5",,,,,,,"10146,9,99999,4",,,"1,24,00805,200,1039,5","2,24,00626,180,1309,5","3,24,00291,999,9999,5","SOD60524 HR PRECIPITATION (IN): 0.00 TOTAL SUNSHINE (MINUTES):   0 PERCENT POSSIBLE SUNSHINE:  0 24 HR MAX TEMP (F): 6524 HR MAX TEMP TIME (LST):1421 24 HR MIN TEMP (F): 5024 HR MIN TEMP TIME (LST):0617 AVERAGE STATION PRESSURE:29.96  PEAK WIND SPEED (MPH): 18 PEAK WIND DIR (DEG):200 PEAK WIND TIME (LST):1039  FASTEST 2MIN SPEED (MPH): 14FASTEST 2MIN DIR (DEG):180 FASTEST 2MIN TIME (LST):1309 AVERAGE WIND SPEED (MPH): 6.5 24 HR AVG TEMP (F):58 HOURLY INCREMENTAL PRECIPITATION VALUES (IN):.00  .00  .00  .00  .00  .00  .00  .00  .00  .00  .00  .00  .00  .00  .00  .00  .00  .00  .00  .00  .00  .00  .00  .00",
"72297793184","2003-04-08T07:59:00","6","33.68","-117.86639","16.5","SANTA ANA JOHN WAYNE AIRPORT, CA US","SOD  ","KSNA ","V020","999,9,9,9999,9","99999,9,9,9","999999,9,9,9","+9999,9","+9999,9","99999,9","24,0000,9,5",,,,,,,,,,,,,,,,"0000,5","000,5","240,M,+0244,5","240,N,+0100,5",,,,,,,"10142,9,99999,4",,,"1,24,00671,240,1610,5","2,24,00581,220,1445,5","3,24,00170,999,9999,5","SOD60524 HR PRECIPITATION (IN): 0.00 TOTAL SUNSHINE (MINUTES):   0 PERCENT POSSIBLE SUNSHINE:  0 24 HR MAX TEMP (F): 7624 HR MAX TEMP TIME (LST):1453 24 HR MIN TEMP (F): 5024 HR MIN TEMP TIME (LST):0552 AVERAGE STATION PRESSURE:29.95  PEAK WIND SPEED (MPH): 15 PEAK WIND DIR (DEG):240 PEAK WIND TIME (LST):1610  FASTEST 2MIN SPEED (MPH): 13FASTEST 2MIN DIR (DEG):220 FASTEST 2MIN TIME (LST):1445 AVERAGE WIND SPEED (MPH): 3.8 24 HR AVG TEMP (F):63 HOURLY INCREMENTAL PRECIPITATION VALUES (IN):.00  .00  .00  .00  .00  .00  .00  .00  .00  .00  .00  .00  .00  .00  .00  .00  .00  .00  .00  .00  .00  .00  .00  .00",
"72297793184","2003-04-09T07:59:00","6","33.68","-117.86639","16.5","SANTA ANA JOHN WAYNE AIRPORT, CA US","SOD  ","KSNA ","V020","999,9,9,9999,9","99999,9,9,9","999999,9,9,9","+9999,9","+9999,9","99999,9","24,0000,9,5",,,,,,,,,,,,,,,,"0000,5","000,5","240,M,+0289,5","240,N,+0122,5",,,,,,,"10142,9,99999,4",,,"1,24,00894,100,1053,5","2,24,00626,230,1432,5","3,24,00152,999,9999,5","SOD58324 HR PRECIPITATION (IN): 0.00 TOTAL SUNSHINE (MINUTES):   0 PERCENT POSSIBLE SUNSHINE:  0 24 HR MAX TEMP (F): 8424 HR MAX TEMP TIME (LST):1332 24 HR MIN TEMP (F): 5424 HR MIN TEMP TIME (LST):0601 AVERAGE STATION PRESSURE:29.95  PEAK WIND SPEED (MPH): 20 PEAK WIND DIR (DEG):100 PEAK WIND TIME (LST):1053  FASTEST 2MIN SPEED (MPH): 14FASTEST 2MIN DIR (DEG):230 FASTEST 2MIN TIME (LST):1432 AVERAGE WIND SPEED (MPH): 3.4 HOURLY INCREMENTAL PRECIPITATION VALUES (IN):.00  .00  .00  .00  .00  .00  .00  .00  .00  .00  .00  .00  .00  .00  .00  .00  .00  .00  .00  .00  .00  .00  .00  .00",
"72297793184","2003-04-10T07:59:00","6","33.68","-117.86639","16.5","SANTA ANA JOHN WAYNE AIRPORT, CA US","SOD  ","KSNA ","V020","999,9,9,9999,9","99999,9,9,9","999999,9,9,9","+9999,9","+9999,9","99999,9","24,0000,9,5",,,,,,,,,,,,,,,,"0000,5","000,5","240,M,+0239,5","240,N,+0122,5",,,,,,,"10108,9,99999,4",,,"1,24,00805,220,1403,5","2,24,00671,220,1403,5","3,24,00228,999,9999,5","SOD60524 HR PRECIPITATION (IN): 0.00 TOTAL SUNSHINE (MINUTES):   0 PERCENT POSSIBLE SUNSHINE:  0 24 HR MAX TEMP (F): 7524 HR MAX TEMP TIME (LST):1710 24 HR MIN TEMP (F): 5424 HR MIN TEMP TIME (LST):0544 AVERAGE STATION PRESSURE:29.85  PEAK WIND SPEED (MPH): 18 PEAK WIND DIR (DEG):220 PEAK WIND TIME (LST):1403  FASTEST 2MIN SPEED (MPH): 15FASTEST 2MIN DIR (DEG):220 FASTEST 2MIN TIME (LST):1403 AVERAGE WIND SPEED (MPH): 5.1 24 HR AVG TEMP (F):65 HOURLY INCREMENTAL PRECIPITATION VALUES (IN):.00  .00  .00  .00  .00  .00  .00  .00  .00  .00  .00  .00  .00  .00  .00  .00  .00  .00  .00  .00  .00  .00  .00  .00",
"72297793184","2003-04-11T07:59:00","6","33.68","-117.86639","16.5","SANTA ANA JOHN WAYNE AIRPORT, CA US","SOD  ","KSNA ","V020","999,9,9,9999,9","99999,9,9,9","999999,9,9,9","+9999,9","+9999,9","99999,9","24,0000,9,5",,,,,,,,,,,,,,,,"0000,5","000,5","240,M,+0206,5","240,N,+0122,5",,,,,,,"10125,9,99999,4",,,"1,24,00983,210,1329,5","2,24,00894,210,1322,5","3,24,00304,999,9999,5","SOD60524 HR PRECIPITATION (IN): 0.00 TOTAL SUNSHINE (MINUTES):   0 PERCENT POSSIBLE SUNSHINE:  0 24 HR MAX TEMP (F): 6924 HR MAX TEMP TIME (LST):1248 24 HR MIN TEMP (F): 5424 HR MIN TEMP TIME (LST):0430 AVERAGE STATION PRESSURE:29.90  PEAK WIND SPEED (MPH): 22 PEAK WIND DIR (DEG):210 PEAK WIND TIME (LST):1329  FASTEST 2MIN SPEED (MPH): 20FASTEST 2MIN DIR (DEG):210 FASTEST 2MIN TIME (LST):1322 AVERAGE WIND SPEED (MPH): 6.8 24 HR AVG TEMP (F):62 HOURLY INCREMENTAL PRECIPITATION VALUES (IN):.00  .00  .00  .00  .00  .00  .00  .00  .00  .00  .00  .00  .00  .00  .00  .00  .00  .00  .00  .00  .00  .00  .00  .00",
"72297793184","2003-04-12T07:59:00","6","33.68","-117.86639","16.5","SANTA ANA JOHN WAYNE AIRPORT, CA US","SOD  ","KSNA ","V020","999,9,9,9999,9","99999,9,9,9","999999,9,9,9","+9999,9","+9999,9","99999,9","24,0000,9,5",,,,,,,,,,,,,,,,"0000,5","000,5","240,M,+0194,5","240,N,+0122,5",,,,,,,"10139,9,99999,4",,,"1,24,00715,210,1446,5","2,24,00581,210,1446,5","3,24,00232,999,9999,5","SOD60524 HR PRECIPITATION (IN): 0.00 TOTAL SUNSHINE (MINUTES):   0 PERCENT POSSIBLE SUNSHINE:  0 24 HR MAX TEMP (F): 6724 HR MAX TEMP TIME (LST):1520 24 HR MIN TEMP (F): 5424 HR MIN TEMP TIME (LST):0131 AVERAGE STATION PRESSURE:29.94  PEAK WIND SPEED (MPH): 16 PEAK WIND DIR (DEG):210 PEAK WIND TIME (LST):1446  FASTEST 2MIN SPEED (MPH): 13FASTEST 2MIN DIR (DEG):210 FASTEST 2MIN TIME (LST):1446 AVERAGE WIND SPEED (MPH): 5.2 24 HR AVG TEMP (F):61 HOURLY INCREMENTAL PRECIPITATION VALUES (IN):.00  .00  .00  .00  .00  .00  .00  .00  .00  .00  .00  .00  .00  .00  .00  .00  .00  .00  .00  .00  .00  .00  .00  .00",
"72297793184","2003-04-13T07:59:00","6","33.68","-117.86639","16.5","SANTA ANA JOHN WAYNE AIRPORT, CA US","SOD  ","KSNA ","V020","999,9,9,9999,9","99999,9,9,9","999999,9,9,9","+9999,9","+9999,9","99999,9","24,0000,2,5",,,,,,,,,,,,,,,,"0000,5","000,5","240,M,+0206,5","240,N,+0133,5",,,,,,,"10135,9,99999,4",,,"1,24,00805,200,1211,5","2,24,00715,210,1211,5","3,24,00291,999,9999,5","SOD60524 HR PRECIPITATION (IN):  T   TOTAL SUNSHINE (MINUTES):   0 PERCENT POSSIBLE SUNSHINE:  0 24 HR MAX TEMP (F): 6924 HR MAX TEMP TIME (LST):1249 24 HR MIN TEMP (F): 5624 HR MIN TEMP TIME (LST):0544 AVERAGE STATION PRESSURE:29.93  PEAK WIND SPEED (MPH): 18 PEAK WIND DIR (DEG):200 PEAK WIND TIME (LST):1211  FASTEST 2MIN SPEED (MPH): 16FASTEST 2MIN DIR (DEG):210 FASTEST 2MIN TIME (LST):1211 AVERAGE WIND SPEED (MPH): 6.5 24 HR AVG TEMP (F):63 HOURLY INCREMENTAL PRECIPITATION VALUES (IN):.00  .00  .00  .00  .00  .00  .00  .00  .00  .00  .00  .00  .00  .00  .00  .00  .00  .00  .00   T    T    T   .00  .00",
"72297793184","2003-04-14T07:59:00","6","33.68","-117.86639","16.5","SANTA ANA JOHN WAYNE AIRPORT, CA US","SOD  ","KSNA ","V020","999,9,9,9999,9","99999,9,9,9","999999,9,9,9","+9999,9","+9999,9","99999,9","24,0000,2,5",,,,,,,,,,,,,,,,"0000,5","000,5","240,M,+0211,5","240,N,+0144,5",,,,,,,"10132,9,99999,4",,,"1,24,00983,210,1317,5","2,24,00760,200,1331,5","3,24,00367,999,9999,5","SOD60524 HR PRECIPITATION (IN):  T   TOTAL SUNSHINE (MINUTES):   0 PERCENT POSSIBLE SUNSHINE:  0 24 HR MAX TEMP (F): 7024 HR MAX TEMP TIME (LST):1149 24 HR MIN TEMP (F): 5824 HR MIN TEMP TIME (LST):0456 AVERAGE STATION PRESSURE:29.92  PEAK WIND SPEED (MPH): 22 PEAK WIND DIR (DEG):210 PEAK WIND TIME (LST):1317  FASTEST 2MIN SPEED (MPH): 17FASTEST 2MIN DIR (DEG):200 FASTEST 2MIN TIME (LST):1331 AVERAGE WIND SPEED (MPH): 8.2 24 HR AVG TEMP (F):64 HOURLY INCREMENTAL PRECIPITATION VALUES (IN): T    T   .00  .00  .00  .00  .00  .00  .00  .00  .00  .00  .00  .00  .00  .00  .00  .00  .00  .00  .00  .00  .00  .00",
"72297793184","2003-04-15T07:59:00","6","33.68","-117.86639","16.5","SANTA ANA JOHN WAYNE AIRPORT, CA US","SOD  ","KSNA ","V020","999,9,9,9999,9","99999,9,9,9","999999,9,9,9","+9999,9","+9999,9","99999,9","24,0023,9,5",,,,,,,,,,,,,,,,,,"240,M,+0161,5","240,N,+0094,5",,,,,,,"10112,9,99999,4",,,"1,24,00939,280,1316,5","2,24,00671,280,1316,5","3,24,00277,999,9999,5","SOD52224 HR PRECIPITATION (IN): 0.09 24 HR MAX TEMP (F): 6124 HR MAX TEMP TIME (LST):1107 24 HR MIN TEMP (F): 4924 HR MIN TEMP TIME (LST):2156 AVERAGE STATION PRESSURE:29.86  PEAK WIND SPEED (MPH): 21 PEAK WIND DIR (DEG):280 PEAK WIND TIME (LST):1316  FASTEST 2MIN SPEED (MPH): 15FASTEST 2MIN DIR (DEG):280 FASTEST 2MIN TIME (LST):1316 AVERAGE WIND SPEED (MPH): 6.2 HOURLY INCREMENTAL PRECIPITATION VALUES (IN):.00  .01  .00  .00  .00   T   .00  .00  .03  .01   T   .01  .00  .00  .00  .00  .00  .00  .00  .00  .00   T    T    T",
"72297793184","2003-04-16T07:59:00","6","33.68","-117.86639","16.5","SANTA ANA JOHN WAYNE AIRPORT, CA US","SOD  ","KSNA ","V020","999,9,9,9999,9","99999,9,9,9","999999,9,9,9","+9999,9","+9999,9","99999,9","24,0003,9,5",,,,,,,,,,,,,,,,"0000,5","000,5","240,M,+0172,5","240,N,+0100,5",,,,,,,"10173,9,99999,4",,,"1,24,00805,240,1109,5","2,24,00581,220,1457,5","3,24,00241,999,9999,5","SOD60524 HR PRECIPITATION (IN): 0.01 TOTAL SUNSHINE (MINUTES):   0 PERCENT POSSIBLE SUNSHINE:  0 24 HR MAX TEMP (F): 6324 HR MAX TEMP TIME (LST):1355 24 HR MIN TEMP (F): 5024 HR MIN TEMP TIME (LST):0038 AVERAGE STATION PRESSURE:30.04  PEAK WIND SPEED (MPH): 18 PEAK WIND DIR (DEG):240 PEAK WIND TIME (LST):1109  FASTEST 2MIN SPEED (MPH): 13FASTEST 2MIN DIR (DEG):220 FASTEST 2MIN TIME (LST):1457 AVERAGE WIND SPEED (MPH): 5.4 24 HR AVG TEMP (F):57 HOURLY INCREMENTAL PRECIPITATION VALUES (IN): T    T    T   .00  .00  .00  .00  .01  .00  .00  .00  .00  .00  .00  .00  .00  .00  .00  .00  .00  .00  .00  .00  .00",
"72297793184","2003-04-17T07:59:00","6","33.68","-117.86639","16.5","SANTA ANA JOHN WAYNE AIRPORT, CA US","SOD  ","KSNA ","V020","999,9,9,9999,9","99999,9,9,9","999999,9,9,9","+9999,9","+9999,9","99999,9","24,0000,9,6",,,,,,,,,,,,,,,,"0000,5","000,5","240,M,+0183,5","240,N,+0094,5",,,,,,,"10142,9,99999,4",,,"1,24,00715,250,1617,5","2,24,00626,230,1346,5","3,24,00232,999,9999,5","SOD60524 HR PRECIPITATION (IN): 0.00 TOTAL SUNSHINE (MINUTES):   0 PERCENT POSSIBLE SUNSHINE:  0 24 HR MAX TEMP (F): 6524 HR MAX TEMP TIME (LST):1458 24 HR MIN TEMP (F): 4924 HR MIN TEMP TIME (LST):0549 AVERAGE STATION PRESSURE:29.95  PEAK WIND SPEED (MPH): 16 PEAK WIND DIR (DEG):250 PEAK WIND TIME (LST):1617  FASTEST 2MIN SPEED (MPH): 14FASTEST 2MIN DIR (DEG):230 FASTEST 2MIN TIME (LST):1346 AVERAGE WIND SPEED (MPH): 5.2 24 HR AVG TEMP (F):57 HOURLY INCREMENTAL PRECIPITATION VALUES (IN):.00  .00  .00  .00  .00  .00  .00  .00  .00  .00  .00  .00  .00  .00  .00  .00  .00  .00  .00  .00  .00  .00  .00  .00","R01  0.007AAP092"
"72297793184","2003-04-18T07:59:00","6","33.68","-117.86639","16.5","SANTA ANA JOHN WAYNE AIRPORT, CA US","SOD  ","KSNA ","V020","999,9,9,9999,9","99999,9,9,9","999999,9,9,9","+9999,9","+9999,9","99999,9","24,0000,2,5",,,,,,,,,,,,,,,,"0000,5","000,5","240,M,+0167,5","240,N,+0106,5",,,,,,,"10125,9,99999,4",,,"1,24,00894,200,1226,5","2,24,00760,210,1127,5","3,24,00317,999,9999,5","SOD60524 HR PRECIPITATION (IN):  T   TOTAL SUNSHINE (MINUTES):   0 PERCENT POSSIBLE SUNSHINE:  0 24 HR MAX TEMP (F): 6224 HR MAX TEMP TIME (LST):1339 24 HR MIN TEMP (F): 5124 HR MIN TEMP TIME (LST):0320 AVERAGE STATION PRESSURE:29.90  PEAK WIND SPEED (MPH): 20 PEAK WIND DIR (DEG):200 PEAK WIND TIME (LST):1226  FASTEST 2MIN SPEED (MPH): 17FASTEST 2MIN DIR (DEG):210 FASTEST 2MIN TIME (LST):1127 AVERAGE WIND SPEED (MPH): 7.1 24 HR AVG TEMP (F):57 HOURLY INCREMENTAL PRECIPITATION VALUES (IN):.00  .00  .00  .00  .00  .00  .00  .00  .00  .00  .00   T    T   .00  .00  .00  .00  .00  .00  .00  .00  .00  .00  .00",
"72297793184","2003-04-19T07:59:00","6","33.68","-117.86639","16.5","SANTA ANA JOHN WAYNE AIRPORT, CA US","SOD  ","KSNA ","V020","999,9,9,9999,9","99999,9,9,9","999999,9,9,9","+9999,9","+9999,9","99999,9","24,0000,9,6",,,,,,,,,,,,,,,,"0000,5","000,5","240,M,+0178,5","240,N,+0122,5",,,,,,,"10125,9,99999,4",,,"1,24,00939,210,1306,5","2,24,00715,210,1400,5","3,24,00295,999,9999,5","SOD60524 HR PRECIPITATION (IN): 0.00 TOTAL SUNSHINE (MINUTES):   0 PERCENT POSSIBLE SUNSHINE:  0 24 HR MAX TEMP (F): 6424 HR MAX TEMP TIME (LST):1410 24 HR MIN TEMP (F): 5424 HR MIN TEMP TIME (LST):2359 AVERAGE STATION PRESSURE:29.90  PEAK WIND SPEED (MPH): 21 PEAK WIND DIR (DEG):210 PEAK WIND TIME (LST):1306  FASTEST 2MIN SPEED (MPH): 16FASTEST 2MIN DIR (DEG):210 FASTEST 2MIN TIME (LST):1400 AVERAGE WIND SPEED (MPH): 6.6 24 HR AVG TEMP (F):59 HOURLY INCREMENTAL PRECIPITATION VALUES (IN):.00  .00  .00  .00  .00  .00  .00  .00  .00  .00  .00  .00  .00  .00  .00  .00  .00  .00  .00  .00  .00  .00  .00  .00","R01  0.007AAP092"
"72297793184","2003-04-20T07:59:00","6","33.68","-117.86639","16.5","SANTA ANA JOHN WAYNE AIRPORT, CA US","SOD  ","KSNA ","V020","999,9,9,9999,9","99999,9,9,9","999999,9,9,9","+9999,9","+9999,9","99999,9","24,0000,9,6",,,,,,,,,,,,,,,,"0000,5","000,5","240,M,+0200,5","240,N,+0106,5",,,,,,,"10135,9,99999,4",,,"1,24,00805,190,1106,5","2,24,00671,210,1101,5","3,24,00206,999,9999,5","SOD60524 HR PRECIPITATION (IN): 0.00 TOTAL SUNSHINE (MINUTES):   0 PERCENT POSSIBLE SUNSHINE:  0 24 HR MAX TEMP (F): 6824 HR MAX TEMP TIME (LST):1435 24 HR MIN TEMP (F): 5124 HR MIN TEMP TIME (LST):0537 AVERAGE STATION PRESSURE:29.93  PEAK WIND SPEED (MPH): 18 PEAK WIND DIR (DEG):190 PEAK WIND TIME (LST):1106  FASTEST 2MIN SPEED (MPH): 15FASTEST 2MIN DIR (DEG):210 FASTEST 2MIN TIME (LST):1101 AVERAGE WIND SPEED (MPH): 4.6 24 HR AVG TEMP (F):60 HOURLY INCREMENTAL PRECIPITATION VALUES (IN):.00  .00  .00  .00  .00  .00  .00  .00  .00  .00  .00  .00  .00  .00  .00  .00  .00  .00  .00  .00  .00  .00  .00  .00","R01  0.007AAP092"
"72297793184","2003-04-21T07:59:00","6","33.68","-117.86639","16.5","SANTA ANA JOHN WAYNE AIRPORT, CA US","SOD  ","KSNA ","V020","999,9,9,9999,9","99999,9,9,9","999999,9,9,9","+9999,9","+9999,9","99999,9","24,0000,9,6",,,,,,,,,,,,,,,,"0000,5","000,5","240,M,+0222,5","240,N,+0111,5",,,,,,,"10108,9,99999,4",,,"1,24,00715,220,1349,5","2,24,00581,220,2246,5","3,24,00224,999,9999,5","SOD60524 HR PRECIPITATION (IN): 0.00 TOTAL SUNSHINE (MINUTES):   0 PERCENT POSSIBLE SUNSHINE:  0 24 HR MAX TEMP (F): 7224 HR MAX TEMP TIME (LST):1316 24 HR MIN TEMP (F): 5224 HR MIN TEMP TIME (LST):0532 AVERAGE STATION PRESSURE:29.85  PEAK WIND SPEED (MPH): 16 PEAK WIND DIR (DEG):220 PEAK WIND TIME (LST):1349  FASTEST 2MIN SPEED (MPH): 13FASTEST 2MIN DIR (DEG):220 FASTEST 2MIN TIME (LST):2246 AVERAGE WIND SPEED (MPH): 5.0 24 HR AVG TEMP (F):62 HOURLY INCREMENTAL PRECIPITATION VALUES (IN):.00  .00  .00  .00  .00  .00  .00  .00  .00  .00  .00  .00  .00  .00  .00  .00  .00  .00  .00  .00  .00  .00  .00  .00","R01  0.007AAP092"
"72297793184","2003-04-22T07:59:00","6","33.68","-117.86639","16.5","SANTA ANA JOHN WAYNE AIRPORT, CA US","SOD  ","KSNA ","V020","999,9,9,9999,9","99999,9,9,9","999999,9,9,9","+9999,9","+9999,9","99999,9","24,0000,2,5",,,,,,,,,,,,,,,,"0000,5","000,5","240,M,+0183,5","240,N,+0128,5",,,,,,,"10098,9,99999,4",,,"1,24,00983,180,1020,5","2,24,00760,180,1045,5","3,24,00411,999,9999,5","SOD60524 HR PRECIPITATION (IN):  T   TOTAL SUNSHINE (MINUTES):   0 PERCENT POSSIBLE SUNSHINE:  0 24 HR MAX TEMP (F): 6524 HR MAX TEMP TIME (LST):1219 24 HR MIN TEMP (F): 5524 HR MIN TEMP TIME (LST):2359 AVERAGE STATION PRESSURE:29.82  PEAK WIND SPEED (MPH): 22 PEAK WIND DIR (DEG):180 PEAK WIND TIME (LST):1020  FASTEST 2MIN SPEED (MPH): 17FASTEST 2MIN DIR (DEG):180 FASTEST 2MIN TIME (LST):1045 AVERAGE WIND SPEED (MPH): 9.2 24 HR AVG TEMP (F):60 HOURLY INCREMENTAL PRECIPITATION VALUES (IN):.00  .00  .00  .00  .00  .00  .00  .00  .00  .00  .00  .00  .00  .00  .00  .00  .00  .00  .00  .00  .00  .00   T   .00",
"72297793184","2003-04-23T07:59:00","6","33.68","-117.86639","16.5","SANTA ANA JOHN WAYNE AIRPORT, CA US","SOD  ","KSNA ","V020","999,9,9,9999,9","99999,9,9,9","999999,9,9,9","+9999,9","+9999,9","99999,9","24,0000,9,6",,,,,,,,,,,,,,,,"0000,5","000,5","240,M,+0167,5","240,N,+0117,5",,,,,,,"10108,9,99999,4",,,"1,24,01252,240,1155,5","2,24,00939,240,1157,5","3,24,00434,999,9999,5","SOD60524 HR PRECIPITATION (IN): 0.00 TOTAL SUNSHINE (MINUTES):   0 PERCENT POSSIBLE SUNSHINE:  0 24 HR MAX TEMP (F): 6224 HR MAX TEMP TIME (LST):1245 24 HR MIN TEMP (F): 5324 HR MIN TEMP TIME (LST):2359 AVERAGE STATION PRESSURE:29.85  PEAK WIND SPEED (MPH): 28 PEAK WIND DIR (DEG):240 PEAK WIND TIME (LST):1155  FASTEST 2MIN SPEED (MPH): 21FASTEST 2MIN DIR (DEG):240 FASTEST 2MIN TIME (LST):1157 AVERAGE WIND SPEED (MPH): 9.7 24 HR AVG TEMP (F):58 HOURLY INCREMENTAL PRECIPITATION VALUES (IN):.00  .00  .00  .00  .00  .00  .00  .00  .00  .00  .00  .00  .00  .00  .00  .00  .00  .00  .00  .00  .00  .00  .00  .00","R01  0.007AAP092"
"72297793184","2003-04-24T07:59:00","6","33.68","-117.86639","16.5","SANTA ANA JOHN WAYNE AIRPORT, CA US","SOD  ","KSNA ","V020","999,9,9,9999,9","99999,9,9,9","999999,9,9,9","+9999,9","+9999,9","99999,9","24,0000,9,6",,,,,,,,,,,,,,,,"0000,5","000,5","240,M,+0183,5","240,N,+0111,5",,,,,,,"10129,9,99999,4",,,"1,24,00894,220,1234,5","2,24,00715,200,1245,5","3,24,00295,999,9999,5","SOD60524 HR PRECIPITATION (IN): 0.00 TOTAL SUNSHINE (MINUTES):   0 PERCENT POSSIBLE SUNSHINE:  0 24 HR MAX TEMP (F): 6524 HR MAX TEMP TIME (LST):1328 24 HR MIN TEMP (F): 5224 HR MIN TEMP TIME (LST):0425 AVERAGE STATION PRESSURE:29.91  PEAK WIND SPEED (MPH): 20 PEAK WIND DIR (DEG):220 PEAK WIND TIME (LST):1234  FASTEST 2MIN SPEED (MPH): 16FASTEST 2MIN DIR (DEG):200 FASTEST 2MIN TIME (LST):1245 AVERAGE WIND SPEED (MPH): 6.6 24 HR AVG TEMP (F):59 HOURLY INCREMENTAL PRECIPITATION VALUES (IN):.00  .00  .00  .00  .00  .00  .00  .00  .00  .00  .00  .00  .00  .00  .00  .00  .00  .00  .00  .00  .00  .00  .00  .00","R01  0.007AAP092"
"72297793184","2003-04-25T07:59:00","6","33.68","-117.86639","16.5","SANTA ANA JOHN WAYNE AIRPORT, CA US","SOD  ","KSNA ","V020","999,9,9,9999,9","99999,9,9,9","999999,9,9,9","+9999,9","+9999,9","99999,9","24,0000,9,6",,,,,,,,,,,,,,,,"0000,5","000,5","240,M,+0183,5","240,N,+0111,5",,,,,,,"10135,9,99999,4",,,"1,24,00671,250,1712,5","2,24,00581,270,1626,5","3,24,00219,999,9999,5","SOD60524 HR PRECIPITATION (IN): 0.00 TOTAL SUNSHINE (MINUTES):   0 PERCENT POSSIBLE SUNSHINE:  0 24 HR MAX TEMP (F): 6524 HR MAX TEMP TIME (LST):1546 24 HR MIN TEMP (F): 5224 HR MIN TEMP TIME (LST):0321 AVERAGE STATION PRESSURE:29.93  PEAK WIND SPEED (MPH): 15 PEAK WIND DIR (DEG):250 PEAK WIND TIME (LST):1712  FASTEST 2MIN SPEED (MPH): 13FASTEST 2MIN DIR (DEG):270 FASTEST 2MIN TIME (LST):1626 AVERAGE WIND SPEED (MPH): 4.9 24 HR AVG TEMP (F):59 HOURLY INCREMENTAL PRECIPITATION VALUES (IN):.00  .00  .00  .00  .00  .00  .00  .00  .00  .00  .00  .00  .00  .00  .00  .00  .00  .00  .00  .00  .00  .00  .00  .00","R01  0.007AAP092"
"72297793184","2003-04-26T07:59:00","6","33.68","-117.86639","16.5","SANTA ANA JOHN WAYNE AIRPORT, CA US","SOD  ","KSNA ","V020","999,9,9,9999,9","99999,9,9,9","999999,9,9,9","+9999,9","+9999,9","99999,9","24,0000,2,5",,,,,,,,,,,,,,,,,,"240,M,+0200,5","240,N,+0133,5",,,,,,,"10132,9,99999,4",,,"1,24,00805,230,1448,5","2,24,00671,240,1449,5","3,24,00308,999,9999,5","SOD54524 HR PRECIPITATION (IN):  T   24 HR MAX TEMP (F): 6824 HR MAX TEMP TIME (LST):1334 24 HR MIN TEMP (F): 5624 HR MIN TEMP TIME (LST):2359 AVERAGE STATION PRESSURE:29.92  PEAK WIND SPEED (MPH): 18 PEAK WIND DIR (DEG):230 PEAK WIND TIME (LST):1448  FASTEST 2MIN SPEED (MPH): 15FASTEST 2MIN DIR (DEG):240 FASTEST 2MIN TIME (LST):1449 AVERAGE WIND SPEED (MPH): 6.9 24 HR AVG TEMP (F):62 HOURLY INCREMENTAL PRECIPITATION VALUES (IN):.00  .00  .00   T   .00  .00  .00   T   .00  .00  .00  .00  .00  .00  .00  .00  .00  .00  .00  .00  .00  .00  .00  .00",
"72297793184","2003-04-27T07:59:00","6","33.68","-117.86639","16.5","SANTA ANA JOHN WAYNE AIRPORT, CA US","SOD  ","KSNA ","V020","999,9,9,9999,9","99999,9,9,9","999999,9,9,9","+9999,9","+9999,9","99999,9","24,0000,9,6",,,,,,,,,,,,,,,,,,"240,M,+0189,5","240,N,+0111,5",,,,,,,"10119,9,99999,4",,,"1,24,00805,200,1333,5","2,24,00671,200,1244,5","3,24,00282,999,9999,5","SOD54524 HR PRECIPITATION (IN): 0.00 24 HR MAX TEMP (F): 6624 HR MAX TEMP TIME (LST):1320 24 HR MIN TEMP (F): 5224 HR MIN TEMP TIME (LST):0514 AVERAGE STATION PRESSURE:29.88  PEAK WIND SPEED (MPH): 18 PEAK WIND DIR (DEG):200 PEAK WIND TIME (LST):1333  FASTEST 2MIN SPEED (MPH): 15FASTEST 2MIN DIR (DEG):200 FASTEST 2MIN TIME (LST):1244 AVERAGE WIND SPEED (MPH): 6.3 24 HR AVG TEMP (F):59 HOURLY INCREMENTAL PRECIPITATION VALUES (IN):.00  .00  .00  .00  .00  .00  .00  .00  .00  .00  .00  .00  .00  .00  .00  .00  .00  .00  .00  .00  .00  .00  .00  .00","R01  0.007AAP092"
"72297793184","2003-04-28T07:59:00","6","33.68","-117.86639","16.5","SANTA ANA JOHN WAYNE AIRPORT, CA US","SOD  ","KSNA ","V020","999,9,9,9999,9","99999,9,9,9","999999,9,9,9","+9999,9","+9999,9","99999,9","24,0000,9,6",,,,,,,,,,,,,,,,,,"240,M,+0189,5","240,N,+0117,5",,,,,,,"10122,9,99999,4",,,"1,24,00939,190,1222,5","2,24,00715,190,1355,5","3,24,00268,999,9999,5","SOD54524 HR PRECIPITATION (IN): 0.00 24 HR MAX TEMP (F): 6624 HR MAX TEMP TIME (LST):1501 24 HR MIN TEMP (F): 5324 HR MIN TEMP TIME (LST):0405 AVERAGE STATION PRESSURE:29.89  PEAK WIND SPEED (MPH): 21 PEAK WIND DIR (DEG):190 PEAK WIND TIME (LST):1222  FASTEST 2MIN SPEED (MPH): 16FASTEST 2MIN DIR (DEG):190 FASTEST 2MIN TIME (LST):1355 AVERAGE WIND SPEED (MPH): 6.0 24 HR AVG TEMP (F):60 HOURLY INCREMENTAL PRECIPITATION VALUES (IN):.00  .00  .00  .00  .00  .00  .00  .00  .00  .00  .00  .00  .00  .00  .00  .00  .00  .00  .00  .00  .00  .00  .00  .00","R01  0.007AAP092"
"72297793184","2003-04-29T07:59:00","6","33.68","-117.86639","16.5","SANTA ANA JOHN WAYNE AIRPORT, CA US","SOD  ","KSNA ","V020","999,9,9,9999,9","99999,9,9,9","999999,9,9,9","+9999,9","+9999,9","99999,9","24,0000,9,6",,,,,,,,,,,,,,,,,,"240,M,+0200,5","240,N,+0111,5",,,,,,,"10125,9,99999,4",,,"1,24,00805,210,1538,5","2,24,00671,220,1539,5","3,24,00264,999,9999,5","SOD54524 HR PRECIPITATION (IN): 0.00 24 HR MAX TEMP (F): 6824 HR MAX TEMP TIME (LST):1359 24 HR MIN TEMP (F): 5224 HR MIN TEMP TIME (LST):0531 AVERAGE STATION PRESSURE:29.90  PEAK WIND SPEED (MPH): 18 PEAK WIND DIR (DEG):210 PEAK WIND TIME (LST):1538  FASTEST 2MIN SPEED (MPH): 15FASTEST 2MIN DIR (DEG):220 FASTEST 2MIN TIME (LST):1539 AVERAGE WIND SPEED (MPH): 5.9 24 HR AVG TEMP (F):60 HOURLY INCREMENTAL PRECIPITATION VALUES (IN):.00  .00  .00  .00  .00  .00  .00  .00  .00  .00  .00  .00  .00  .00  .00  .00  .00  .00  .00  .00  .00  .00  .00  .00","R01  0.007AAP092"
"72297793184","2003-04-30T07:59:00","6","33.68","-117.86639","16.5","SANTA ANA JOHN WAYNE AIRPORT, CA US","SOD  ","KSNA ","V020","999,9,9,9999,9","99999,9,9,9","999999,9,9,9","+9999,9","+9999,9","99999,9","24,0000,9,6",,,,,,,,,,,,,,,,,,"240,M,+0183,5","240,N,+0100,5",,,,,,,"10125,9,99999,4",,,"1,24,00939,210,1329,5","2,24,00760,210,1329,5","3,24,00268,999,9999,5","SOD54524 HR PRECIPITATION (IN): 0.00 24 HR MAX TEMP (F): 6524 HR MAX TEMP TIME (LST):1345 24 HR MIN TEMP (F): 5024 HR MIN TEMP TIME (LST):0528 AVERAGE STATION PRESSURE:29.90  PEAK WIND SPEED (MPH): 21 PEAK WIND DIR (DEG):210 PEAK WIND TIME (LST):1329  FASTEST 2MIN SPEED (MPH): 17FASTEST 2MIN DIR (DEG):210 FASTEST 2MIN TIME (LST):1329 AVERAGE WIND SPEED (MPH): 6.0 24 HR AVG TEMP (F):58 HOURLY INCREMENTAL PRECIPITATION VALUES (IN):.00  .00  .00  .00  .00  .00  .00  .00  .00  .00  .00  .00  .00  .00  .00  .00  .00  .00  .00  .00  .00  .00  .00  .00","R01  0.007AAP092"
"72297793184","2003-05-01T07:59:00","6","33.68","-117.86639","16.5","SANTA ANA JOHN WAYNE AIRPORT, CA US","SOD  ","KSNA ","V020","999,9,9,9999,9","99999,9,9,9","999999,9,9,9","+9999,9","+9999,9","99999,9","24,0000,9,6",,,,,,,,,,,,,,,,,,"240,M,+0189,5","240,N,+0106,5",,,,,,,"10125,9,99999,4",,,"1,24,00805,190,1054,5","2,24,00671,190,1012,5","3,24,00286,999,9999,5","SOD54524 HR PRECIPITATION (IN): 0.00 24 HR MAX TEMP (F): 6624 HR MAX TEMP TIME (LST):1341 24 HR MIN TEMP (F): 5124 HR MIN TEMP TIME (LST):0503 AVERAGE STATION PRESSURE:29.90  PEAK WIND SPEED (MPH): 18 PEAK WIND DIR (DEG):190 PEAK WIND TIME (LST):1054  FASTEST 2MIN SPEED (MPH): 15FASTEST 2MIN DIR (DEG):190 FASTEST 2MIN TIME (LST):1012 AVERAGE WIND SPEED (MPH): 6.4 24 HR AVG TEMP (F):59 HOURLY INCREMENTAL PRECIPITATION VALUES (IN):.00  .00  .00  .00  .00  .00  .00  .00  .00  .00  .00  .00  .00  .00  .00  .00  .00  .00  .00  .00  .00  .00  .00  .00","R01  0.007AAP092"
"72297793184","2003-05-01T07:59:00","6","33.68","-117.86639","16.5","SANTA ANA JOHN WAYNE AIRPORT, CA US","SOM  ","KSNA ","V020","999,9,9,9999,9","99999,9,9,9","999999,9,9,9","+9999,9","+9999,9","99999,9",,"00025,9,6","00023,9,1414,9999,9999,6","01,6,00,5,99,9,00,5","005,0003,9,150728,5","010,0003,9,150728,5","015,0003,9,150728,5","020,0005,9,140754,5","030,0005,9,142017,5","045,0008,9,140816,5","060,0010,9,140816,5","080,0010,9,140848,5","100,0013,9,140848,5","120,0013,9,140848,5","150,0015,9,140943,5","180,0015,9,140943,5",,,,,"720,N,+1128,5","720,M,+1933,5","720,A,+1533,5","720,H,0159,7","720,C,0004,6","00,5,00,5,00,5,00,5",,"10129,4,10163,4","99999,999999,7,10108,999999,7",,,,"SOM810PCP MTOT: 0.10 DEPNRM:-5.59 PCP GT 24HRS: 0.09 DATE(S):141+ DAYS W/PCP >=.01: 1 DAYS W/PCP >=.10: 0 DAYS W/PCP >=1.00:  MSDP AMTS W/DATE-TIME TAGS:MIN:5  .01  15/0728 MIN:10  .01  15/0728 MIN:15  .01  15/0728 MIN:20  .02  14/0754 MIN:30  .02  14/2017 MIN:45  .03  14/0816 MIN:60  .04  14/0816 MIN:80  .04  14/0848 MIN:100  .05  14/0848 MIN:120  .05  14/0848 MIN:150  .06  14/0943 MIN:180  .06  14/0943 SN GT DP ON GRND:0 - DATE(S):0  AVG DLY MIN: 52.3 AVG DLY MAX: 66.8 AVG MLY TMP: 59.6 DAYS MAX <=32:  DAYS MAX >=70: 0 DAYS MAX >=90: 0 DAYS MIN <=32: 0 DAYS MIN  <=0: 0 AVG STP:29.91  AVG SLP:30.01  LWST SLP:29.85 DATE/TIME: 11729 HGST SLP:  .00 DATE/TIME: 00000 HDD MTH TOT: 159 DEP NORM:-685 SEASON(JUL 1-JUN 30):    0 DEP NORM:0   0 CDD MTH TOT:   4 DEP NORM:   4 SEASON(JAN 1-DEC 31):    0 DEP NORM:   0","R01  0.107ABP070R02  0.097ADP081R03     17AE1100R04   0 -7AKS007R05   1597KDH015R06     47KDC058R07   .007MKX021"
"72297793184","2003-05-02T07:59:00","6","33.68","-117.86639","16.5","SANTA ANA JOHN WAYNE AIRPORT, CA US","SOD  ","KSNA ","V020","999,9,9,9999,9","99999,9,9,9","999999,9,9,9","+9999,9","+9999,9","99999,9","24,0000,9,5",,,,,,,,,,,,,,,,,,"240,M,+0189,5","240,N,+0111,6",,,,,,,"10125,9,99999,4",,,"1,24,00760,180,1309,5","2,24,00626,190,1343,5","3,24,00264,999,9999,5","SOD54524 HR PRECIPITATION (IN): 0.00 24 HR MAX TEMP (F): 6624 HR MAX TEMP TIME (LST):1514 24 HR MIN TEMP (F): 5224 HR MIN TEMP TIME (LST):0514 AVERAGE STATION PRESSURE:29.90  PEAK WIND SPEED (MPH): 17 PEAK WIND DIR (DEG):180 PEAK WIND TIME (LST):1309  FASTEST 2MIN SPEED (MPH): 14FASTEST 2MIN DIR (DEG):190 FASTEST 2MIN TIME (LST):1343 AVERAGE WIND SPEED (MPH): 5.9 24 HR AVG TEMP (F):59 HOURLY INCREMENTAL PRECIPITATION VALUES (IN):.00  .00  .00  .00  .00  .00  .00  .00  .00  .00  .00  .00  .00  .00  .00  .00  .00  .00  .00  .00  .00  .00  .00  .00","R01    527KAN014"
"72297793184","2003-05-03T07:59:00","6","33.68","-117.86639","16.5","SANTA ANA JOHN WAYNE AIRPORT, CA US","SOD  ","KSNA ","V020","999,9,9,9999,9","99999,9,9,9","999999,9,9,9","+9999,9","+9999,9","99999,9","24,0064,9,5",,,,,,,,,,,,,,,,"0000,5","000,5","240,M,+0183,5","240,N,+0117,5",,,,,,,"10112,9,99999,4",,,"1,24,00760,210,1330,5","2,24,00715,210,1314,5","3,24,00313,999,9999,5","SOD60524 HR PRECIPITATION (IN): 0.25 TOTAL SUNSHINE (MINUTES):   0 PERCENT POSSIBLE SUNSHINE:  0 24 HR MAX TEMP (F): 6524 HR MAX TEMP TIME (LST):1124 24 HR MIN TEMP (F): 5324 HR MIN TEMP TIME (LST):0459 AVERAGE STATION PRESSURE:29.86  PEAK WIND SPEED (MPH): 17 PEAK WIND DIR (DEG):210 PEAK WIND TIME (LST):1330  FASTEST 2MIN SPEED (MPH): 16FASTEST 2MIN DIR (DEG):210 FASTEST 2MIN TIME (LST):1314 AVERAGE WIND SPEED (MPH): 7.0 24 HR AVG TEMP (F):59 HOURLY INCREMENTAL PRECIPITATION VALUES (IN):.00  .00  .00  .00  .00  .00  .00  .00  .00  .00  .00  .00  .00  .00  .00  .00  .00  .00   T   .01   T   .09  .04  .11",
"72297793184","2003-05-04T07:59:00","6","33.68","-117.86639","16.5","SANTA ANA JOHN WAYNE AIRPORT, CA US","SOD  ","KSNA ","V020","999,9,9,9999,9","99999,9,9,9","999999,9,9,9","+9999,9","+9999,9","99999,9","24,0097,9,5",,,,,,,,,,,,,,,,"0000,5","000,5","240,M,+0194,5","240,N,+0122,5",,,,,,,"10119,9,99999,4",,,"1,24,01162,170,0800,5","2,24,00805,200,1212,5","3,24,00438,999,9999,5","SOD60524 HR PRECIPITATION (IN): 0.38 TOTAL SUNSHINE (MINUTES):   0 PERCENT POSSIBLE SUNSHINE:  0 24 HR MAX TEMP (F): 6724 HR MAX TEMP TIME (LST):1332 24 HR MIN TEMP (F): 5424 HR MIN TEMP TIME (LST):0221 AVERAGE STATION PRESSURE:29.88  PEAK WIND SPEED (MPH): 26 PEAK WIND DIR (DEG):170 PEAK WIND TIME (LST):0800  FASTEST 2MIN SPEED (MPH): 18FASTEST 2MIN DIR (DEG):200 FASTEST 2MIN TIME (LST):1212 AVERAGE WIND SPEED (MPH): 9.8 24 HR AVG TEMP (F):61 HOURLY INCREMENTAL PRECIPITATION VALUES (IN):.04  .12  .02  .00  .00   T   .17   T   .02  .01  .00  .00  .00  .00  .00  .00  .00  .00  .00  .00   T   .00  .00  .00",
"72297793184","2003-05-05T07:59:00","6","33.68","-117.86639","16.5","SANTA ANA JOHN WAYNE AIRPORT, CA US","SOD  ","KSNA ","V020","999,9,9,9999,9","99999,9,9,9","999999,9,9,9","+9999,9","+9999,9","99999,9","24,0000,9,6",,,,,,,,,,,,,,,,"0000,5","000,5","240,M,+0189,5","240,N,+0139,5",,,,,,,"10139,9,99999,4",,,"1,24,00805,250,1212,5","2,24,00626,230,1207,5","3,24,00286,999,9999,5","SOD60524 HR PRECIPITATION (IN): 0.00 TOTAL SUNSHINE (MINUTES):   0 PERCENT POSSIBLE SUNSHINE:  0 24 HR MAX TEMP (F): 6624 HR MAX TEMP TIME (LST):1545 24 HR MIN TEMP (F): 5724 HR MIN TEMP TIME (LST):2359 AVERAGE STATION PRESSURE:29.94  PEAK WIND SPEED (MPH): 18 PEAK WIND DIR (DEG):250 PEAK WIND TIME (LST):1212  FASTEST 2MIN SPEED (MPH): 14FASTEST 2MIN DIR (DEG):230 FASTEST 2MIN TIME (LST):1207 AVERAGE WIND SPEED (MPH): 6.4 24 HR AVG TEMP (F):62 HOURLY INCREMENTAL PRECIPITATION VALUES (IN):.00  .00  .00  .00  .00  .00  .00  .00  .00  .00  .00  .00  .00  .00  .00  .00  .00  .00  .00  .00  .00  .00  .00  .00","R01  0.007AAP092"
"72297793184","2003-05-06T07:59:00","6","33.68","-117.86639","16.5","SANTA ANA JOHN WAYNE AIRPORT, CA US","SOD  ","KSNA ","V020","999,9,9,9999,9","99999,9,9,9","999999,9,9,9","+9999,9","+9999,9","99999,9","24,0000,9,6",,,,,,,,,,,,,,,,"0000,5","000,5","240,M,+0200,5","240,N,+0133,5",,,,,,,"10112,9,99999,4",,,"1,24,00760,230,1625,5","2,24,00626,210,1516,5","3,24,00300,999,9999,5","SOD60524 HR PRECIPITATION (IN): 0.00 TOTAL SUNSHINE (MINUTES):   0 PERCENT POSSIBLE SUNSHINE:  0 24 HR MAX TEMP (F): 6824 HR MAX TEMP TIME (LST):1454 24 HR MIN TEMP (F): 5624 HR MIN TEMP TIME (LST):0427 AVERAGE STATION PRESSURE:29.86  PEAK WIND SPEED (MPH): 17 PEAK WIND DIR (DEG):230 PEAK WIND TIME (LST):1625  FASTEST 2MIN SPEED (MPH): 14FASTEST 2MIN DIR (DEG):210 FASTEST 2MIN TIME (LST):1516 AVERAGE WIND SPEED (MPH): 6.7 24 HR AVG TEMP (F):62 HOURLY INCREMENTAL PRECIPITATION VALUES (IN):.00  .00  .00  .00  .00  .00  .00  .00  .00  .00  .00  .00  .00  .00  .00  .00  .00  .00  .00  .00  .00  .00  .00  .00","R01  0.007AAP092"
"72297793184","2003-05-07T07:59:00","6","33.68","-117.86639","16.5","SANTA ANA JOHN WAYNE AIRPORT, CA US","SOD  ","KSNA ","V020","999,9,9,9999,9","99999,9,9,9","999999,9,9,9","+9999,9","+9999,9","99999,9","24,0000,9,6",,,,,,,,,,,,,,,,"0000,5","000,5","240,M,+0200,5","240,N,+0133,5",,,,,,,"10105,9,99999,4",,,"1,24,01028,200,1322,5","2,24,00805,180,1334,5","3,24,00358,999,9999,5","SOD60524 HR PRECIPITATION (IN): 0.00 TOTAL SUNSHINE (MINUTES):   0 PERCENT POSSIBLE SUNSHINE:  0 24 HR MAX TEMP (F): 6824 HR MAX TEMP TIME (LST):1240 24 HR MIN TEMP (F): 5624 HR MIN TEMP TIME (LST):0036 AVERAGE STATION PRESSURE:29.84  PEAK WIND SPEED (MPH): 23 PEAK WIND DIR (DEG):200 PEAK WIND TIME (LST):1322  FASTEST 2MIN SPEED (MPH): 18FASTEST 2MIN DIR (DEG):180 FASTEST 2MIN TIME (LST):1334 AVERAGE WIND SPEED (MPH): 8.0 24 HR AVG TEMP (F):62 HOURLY INCREMENTAL PRECIPITATION VALUES (IN):.00  .00  .00  .00  .00  .00  .00  .00  .00  .00  .00  .00  .00  .00  .00  .00  .00  .00  .00  .00  .00  .00  .00  .00","R01  0.007AAP092"
"72297793184","2003-05-08T07:59:00","6","33.68","-117.86639","16.5","SANTA ANA JOHN WAYNE AIRPORT, CA US","SOD  ","KSNA ","V020","999,9,9,9999,9","99999,9,9,9","999999,9,9,9","+9999,9","+9999,9","99999,9","24,0010,9,5",,,,,,,,,,,,,,,,"0000,5","000,5","240,M,+0183,5","240,N,+0128,5",,,,,,,"10115,9,99999,4",,,"1,24,00805,200,1541,5","2,24,00715,200,1538,5","3,24,00308,999,9999,5","SOD60524 HR PRECIPITATION (IN): 0.04 TOTAL SUNSHINE (MINUTES):   0 PERCENT POSSIBLE SUNSHINE:  0 24 HR MAX TEMP (F): 6524 HR MAX TEMP TIME (LST):1129 24 HR MIN TEMP (F): 5524 HR MIN TEMP TIME (LST):2324 AVERAGE STATION PRESSURE:29.87  PEAK WIND SPEED (MPH): 18 PEAK WIND DIR (DEG):200 PEAK WIND TIME (LST):1541  FASTEST 2MIN SPEED (MPH): 16FASTEST 2MIN DIR (DEG):200 FASTEST 2MIN TIME (LST):1538 AVERAGE WIND SPEED (MPH): 6.9 24 HR AVG TEMP (F):60 HOURLY INCREMENTAL PRECIPITATION VALUES (IN):.00  .00  .00  .00  .00  .00  .00  .00  .00  .00  .00  .00   T    T   .00  .00  .00  .04   T   .00  .00  .00  .00  .00",
"72297793184","2003-05-09T07:59:00","6","33.68","-117.86639","16.5","SANTA ANA JOHN WAYNE AIRPORT, CA US","SOD  ","KSNA ","V020","999,9,9,9999,9","99999,9,9,9","999999,9,9,9","+9999,9","+9999,9","99999,9","24,0000,2,5",,,,,,,,,,,,,,,,"0000,5","000,5","240,M,+0178,5","240,N,+0122,5",,,,,,,"10125,9,99999,4",,,"1,24,01073,210,1448,5","2,24,00760,220,1454,5","3,24,00317,999,9999,5","SOD60524 HR PRECIPITATION (IN):  T   TOTAL SUNSHINE (MINUTES):   0 PERCENT POSSIBLE SUNSHINE:  0 24 HR MAX TEMP (F): 6424 HR MAX TEMP TIME (LST):1337 24 HR MIN TEMP (F): 5424 HR MIN TEMP TIME (LST):0240 AVERAGE STATION PRESSURE:29.90  PEAK WIND SPEED (MPH): 24 PEAK WIND DIR (DEG):210 PEAK WIND TIME (LST):1448  FASTEST 2MIN SPEED (MPH): 17FASTEST 2MIN DIR (DEG):220 FASTEST 2MIN TIME (LST):1454 AVERAGE WIND SPEED (MPH): 7.1 24 HR AVG TEMP (F):59 HOURLY INCREMENTAL PRECIPITATION VALUES (IN):.00  .00  .00   T   .00   T    T    T    T   .00  .00  .00  .00  .00  .00  .00  .00  .00  .00  .00  .00  .00  .00  .00",
"72297793184","2003-05-10T07:59:00","6","33.68","-117.86639","16.5","SANTA ANA JOHN WAYNE AIRPORT, CA US","SOD  ","KSNA ","V020","999,9,9,9999,9","99999,9,9,9","999999,9,9,9","+9999,9","+9999,9","99999,9","24,0000,9,6",,,,,,,,,,,,,,,,"0000,5","000,5","240,M,+0183,5","240,N,+0122,5",,,,,,,"10125,9,99999,4",,,"1,24,00983,240,1233,5","2,24,00760,250,1232,5","3,24,00344,999,9999,5","SOD60524 HR PRECIPITATION (IN): 0.00 TOTAL SUNSHINE (MINUTES):   0 PERCENT POSSIBLE SUNSHINE:  0 24 HR MAX TEMP (F): 6524 HR MAX TEMP TIME (LST):1538 24 HR MIN TEMP (F): 5424 HR MIN TEMP TIME (LST):2359 AVERAGE STATION PRESSURE:29.90  PEAK WIND SPEED (MPH): 22 PEAK WIND DIR (DEG):240 PEAK WIND TIME (LST):1233  FASTEST 2MIN SPEED (MPH): 17FASTEST 2MIN DIR (DEG):250 FASTEST 2MIN TIME (LST):1232 AVERAGE WIND SPEED (MPH): 7.7 24 HR AVG TEMP (F):60 HOURLY INCREMENTAL PRECIPITATION VALUES (IN):.00  .00  .00  .00  .00  .00  .00  .00  .00  .00  .00  .00  .00  .00  .00  .00  .00  .00  .00  .00  .00  .00  .00  .00","R01  0.007AAP092"
"72297793184","2003-05-11T07:59:00","6","33.68","-117.86639","16.5","SANTA ANA JOHN WAYNE AIRPORT, CA US","SOD  ","KSNA ","V020","999,9,9,9999,9","99999,9,9,9","999999,9,9,9","+9999,9","+9999,9","99999,9","24,0000,9,6",,,,,,,,,,,,,,,,"0000,5","000,5","240,M,+0200,5","240,N,+0100,5",,,,,,,"10135,9,99999,4",,,"1,24,00760,200,1319,5","2,24,00581,220,1444,5","3,24,00232,999,9999,5","SOD58324 HR PRECIPITATION (IN): 0.00 TOTAL SUNSHINE (MINUTES):   0 PERCENT POSSIBLE SUNSHINE:  0 24 HR MAX TEMP (F): 6824 HR MAX TEMP TIME (LST):1504 24 HR MIN TEMP (F): 5024 HR MIN TEMP TIME (LST):0527 AVERAGE STATION PRESSURE:29.93  PEAK WIND SPEED (MPH): 17 PEAK WIND DIR (DEG):200 PEAK WIND TIME (LST):1319  FASTEST 2MIN SPEED (MPH): 13FASTEST 2MIN DIR (DEG):220 FASTEST 2MIN TIME (LST):1444 AVERAGE WIND SPEED (MPH): 5.2 HOURLY INCREMENTAL PRECIPITATION VALUES (IN):.00  .00  .00  .00  .00  .00  .00  .00  .00  .00  .00  .00  .00  .00  .00  .00  .00  .00  .00  .00  .00  .00  .00  .00","R01  0.007AAP092"
"72297793184","2003-05-12T07:59:00","6","33.68","-117.86639","16.5","SANTA ANA JOHN WAYNE AIRPORT, CA US","SOD  ","KSNA ","V020","999,9,9,9999,9","99999,9,9,9","999999,9,9,9","+9999,9","+9999,9","99999,9","24,0000,9,6",,,,,,,,,,,,,,,,"0000,5","000,5","240,M,+0228,5","240,N,+0117,5",,,,,,,"10125,9,99999,4",,,"1,24,00760,200,1421,5","2,24,00626,220,1504,5","3,24,00215,999,9999,5","SOD60524 HR PRECIPITATION (IN): 0.00 TOTAL SUNSHINE (MINUTES):   0 PERCENT POSSIBLE SUNSHINE:  0 24 HR MAX TEMP (F): 7324 HR MAX TEMP TIME (LST):1424 24 HR MIN TEMP (F): 5324 HR MIN TEMP TIME (LST):0522 AVERAGE STATION PRESSURE:29.90  PEAK WIND SPEED (MPH): 17 PEAK WIND DIR (DEG):200 PEAK WIND TIME (LST):1421  FASTEST 2MIN SPEED (MPH): 14FASTEST 2MIN DIR (DEG):220 FASTEST 2MIN TIME (LST):1504 AVERAGE WIND SPEED (MPH): 4.8 24 HR AVG TEMP (F):63 HOURLY INCREMENTAL PRECIPITATION VALUES (IN):.00  .00  .00  .00  .00  .00  .00  .00  .00  .00  .00  .00  .00  .00  .00  .00  .00  .00  .00  .00  .00  .00  .00  .00","R01  0.007AAP092"
"72297793184","2003-05-13T07:59:00","6","33.68","-117.86639","16.5","SANTA ANA JOHN WAYNE AIRPORT, CA US","SOD  ","KSNA ","V020","999,9,9,9999,9","99999,9,9,9","999999,9,9,9","+9999,9","+9999,9","99999,9","24,0000,9,6",,,,,,,,,,,,,,,,"0000,5","000,5","240,M,+0233,5","240,N,+0128,5",,,,,,,"10119,9,99999,4",,,"1,24,00894,190,1417,5","2,24,00760,200,1413,5","3,24,00224,999,9999,5","SOD60524 HR PRECIPITATION (IN): 0.00 TOTAL SUNSHINE (MINUTES):   0 PERCENT POSSIBLE SUNSHINE:  0 24 HR MAX TEMP (F): 7424 HR MAX TEMP TIME (LST):1147 24 HR MIN TEMP (F): 5524 HR MIN TEMP TIME (LST):0526 AVERAGE STATION PRESSURE:29.88  PEAK WIND SPEED (MPH): 20 PEAK WIND DIR (DEG):190 PEAK WIND TIME (LST):1417  FASTEST 2MIN SPEED (MPH): 17FASTEST 2MIN DIR (DEG):200 FASTEST 2MIN TIME (LST):1413 AVERAGE WIND SPEED (MPH): 5.0 24 HR AVG TEMP (F):65 HOURLY INCREMENTAL PRECIPITATION VALUES (IN):.00  .00  .00  .00  .00  .00  .00  .00  .00  .00  .00  .00  .00  .00  .00  .00  .00  .00  .00  .00  .00  .00  .00  .00","R01  0.007AAP092"
"72297793184","2003-05-14T07:59:00","6","33.68","-117.86639","16.5","SANTA ANA JOHN WAYNE AIRPORT, CA US","SOD  ","KSNA ","V020","999,9,9,9999,9","99999,9,9,9","999999,9,9,9","+9999,9","+9999,9","99999,9","24,0000,9,6",,,,,,,,,,,,,,,,"0000,5","000,5","240,M,+0200,5","240,N,+0144,5",,,,,,,"10122,9,99999,4",,,"1,24,00671,230,1811,5","2,24,00536,220,1811,5","3,24,00206,999,9999,5","SOD60524 HR PRECIPITATION (IN): 0.00 TOTAL SUNSHINE (MINUTES):   0 PERCENT POSSIBLE SUNSHINE:  0 24 HR MAX TEMP (F): 6824 HR MAX TEMP TIME (LST):1045 24 HR MIN TEMP (F): 5824 HR MIN TEMP TIME (LST):2359 AVERAGE STATION PRESSURE:29.89  PEAK WIND SPEED (MPH): 15 PEAK WIND DIR (DEG):230 PEAK WIND TIME (LST):1811  FASTEST 2MIN SPEED (MPH): 12FASTEST 2MIN DIR (DEG):220 FASTEST 2MIN TIME (LST):1811 AVERAGE WIND SPEED (MPH): 4.6 24 HR AVG TEMP (F):63 HOURLY INCREMENTAL PRECIPITATION VALUES (IN):.00  .00  .00  .00  .00  .00  .00  .00  .00  .00  .00  .00  .00  .00  .00  .00  .00  .00  .00  .00  .00  .00  .00  .00","R01  0.007AAP092"
"72297793184","2003-05-15T07:59:00","6","33.68","-117.86639","16.5","SANTA ANA JOHN WAYNE AIRPORT, CA US","SOD  ","KSNA ","V020","999,9,9,9999,9","99999,9,9,9","999999,9,9,9","+9999,9","+9999,9","99999,9","24,0000,9,6",,,,,,,,,,,,,,,,"0000,5","000,5","240,M,+0194,5","240,N,+0133,5",,,,,,,"10119,9,99999,4",,,"1,24,01028,220,1422,5","2,24,00805,220,1422,5","3,24,00308,999,9999,5","SOD60524 HR PRECIPITATION (IN): 0.00 TOTAL SUNSHINE (MINUTES):   0 PERCENT POSSIBLE SUNSHINE:  0 24 HR MAX TEMP (F): 6724 HR MAX TEMP TIME (LST):1353 24 HR MIN TEMP (F): 5624 HR MIN TEMP TIME (LST):2359 AVERAGE STATION PRESSURE:29.88  PEAK WIND SPEED (MPH): 23 PEAK WIND DIR (DEG):220 PEAK WIND TIME (LST):1422  FASTEST 2MIN SPEED (MPH): 18FASTEST 2MIN DIR (DEG):220 FASTEST 2MIN TIME (LST):1422 AVERAGE WIND SPEED (MPH): 6.9 24 HR AVG TEMP (F):62 HOURLY INCREMENTAL PRECIPITATION VALUES (IN):.00  .00  .00  .00  .00  .00  .00  .00  .00  .00  .00  .00  .00  .00  .00  .00  .00  .00  .00  .00  .00  .00  .00  .00","R01  0.007AAP092"
"72297793184","2003-05-16T07:59:00","6","33.68","-117.86639","16.5","SANTA ANA JOHN WAYNE AIRPORT, CA US","SOD  ","KSNA ","V020","999,9,9,9999,9","99999,9,9,9","999999,9,9,9","+9999,9","+9999,9","99999,9","24,0000,9,6",,,,,,,,,,,,,,,,"0000,5","000,5","240,M,+0200,5","240,N,+0122,5",,,,,,,"10129,9,99999,4",,,"1,24,00715,200,1343,5","2,24,00581,200,1352,5","3,24,00228,999,9999,5","SOD60524 HR PRECIPITATION (IN): 0.00 TOTAL SUNSHINE (MINUTES):   0 PERCENT POSSIBLE SUNSHINE:  0 24 HR MAX TEMP (F): 6824 HR MAX TEMP TIME (LST):1528 24 HR MIN TEMP (F): 5424 HR MIN TEMP TIME (LST):0518 AVERAGE STATION PRESSURE:29.91  PEAK WIND SPEED (MPH): 16 PEAK WIND DIR (DEG):200 PEAK WIND TIME (LST):1343  FASTEST 2MIN SPEED (MPH): 13FASTEST 2MIN DIR (DEG):200 FASTEST 2MIN TIME (LST):1352 AVERAGE WIND SPEED (MPH): 5.1 24 HR AVG TEMP (F):61 HOURLY INCREMENTAL PRECIPITATION VALUES (IN):.00  .00  .00  .00  .00  .00  .00  .00  .00  .00  .00  .00  .00  .00  .00  .00  .00  .00  .00  .00  .00  .00  .00  .00","R01  0.007AAP092"
"72297793184","2003-05-17T07:59:00","6","33.68","-117.86639","16.5","SANTA ANA JOHN WAYNE AIRPORT, CA US","SOD  ","KSNA ","V020","999,9,9,9999,9","99999,9,9,9","999999,9,9,9","+9999,9","+9999,9","99999,9","24,0000,9,6",,,,,,,,,,,,,,,,"0000,5","000,5","240,M,+0228,5","240,N,+0128,5",,,,,,,"10102,9,99999,4",,,"1,24,00760,200,1401,5","2,24,00581,220,1414,5","3,24,00268,999,9999,5","SOD60524 HR PRECIPITATION (IN): 0.00 TOTAL SUNSHINE (MINUTES):   0 PERCENT POSSIBLE SUNSHINE:  0 24 HR MAX TEMP (F): 7324 HR MAX TEMP TIME (LST):1354 24 HR MIN TEMP (F): 5524 HR MIN TEMP TIME (LST):0518 AVERAGE STATION PRESSURE:29.83  PEAK WIND SPEED (MPH): 17 PEAK WIND DIR (DEG):200 PEAK WIND TIME (LST):1401  FASTEST 2MIN SPEED (MPH): 13FASTEST 2MIN DIR (DEG):220 FASTEST 2MIN TIME (LST):1414 AVERAGE WIND SPEED (MPH): 6.0 24 HR AVG TEMP (F):64 HOURLY INCREMENTAL PRECIPITATION VALUES (IN):.00  .00  .00  .00  .00  .00  .00  .00  .00  .00  .00  .00  .00  .00  .00  .00  .00  .00  .00  .00  .00  .00  .00  .00","R01  0.007AAP092"
"72297793184","2003-05-18T07:59:00","6","33.68","-117.86639","16.5","SANTA ANA JOHN WAYNE AIRPORT, CA US","SOD  ","KSNA ","V020","999,9,9,9999,9","99999,9,9,9","999999,9,9,9","+9999,9","+9999,9","99999,9","24,0000,9,6",,,,,,,,,,,,,,,,"0000,5","000,5","240,M,+0206,5","240,N,+0144,5",,,,,,,"10095,9,99999,4",,,"1,24,00894,200,1132,5","2,24,00715,210,1422,5","3,24,00291,999,9999,5","SOD60524 HR PRECIPITATION (IN): 0.00 TOTAL SUNSHINE (MINUTES):   0 PERCENT POSSIBLE SUNSHINE:  0 24 HR MAX TEMP (F): 6924 HR MAX TEMP TIME (LST):1049 24 HR MIN TEMP (F): 5824 HR MIN TEMP TIME (LST):2159 AVERAGE STATION PRESSURE:29.81  PEAK WIND SPEED (MPH): 20 PEAK WIND DIR (DEG):200 PEAK WIND TIME (LST):1132  FASTEST 2MIN SPEED (MPH): 16FASTEST 2MIN DIR (DEG):210 FASTEST 2MIN TIME (LST):1422 AVERAGE WIND SPEED (MPH): 6.5 24 HR AVG TEMP (F):64 HOURLY INCREMENTAL PRECIPITATION VALUES (IN):.00  .00  .00  .00  .00  .00  .00  .00  .00  .00  .00  .00  .00  .00  .00  .00  .00  .00  .00  .00  .00  .00  .00  .00","R01  0.007AAP092"
"72297793184","2003-05-19T07:59:00","6","33.68","-117.86639","16.5","SANTA ANA JOHN WAYNE AIRPORT, CA US","SOD  ","KSNA ","V020","999,9,9,9999,9","99999,9,9,9","999999,9,9,9","+9999,9","+9999,9","99999,9","24,0000,9,6",,,,,,,,,,,,,,,,"0000,5","000,5","240,M,+0206,5","240,N,+0144,5",,,,,,,"10119,9,99999,4",,,"1,24,00715,210,1538,5","2,24,00626,210,1532,5","3,24,00304,999,9999,5","SOD60524 HR PRECIPITATION (IN): 0.00 TOTAL SUNSHINE (MINUTES):   0 PERCENT POSSIBLE SUNSHINE:  0 24 HR MAX TEMP (F): 6924 HR MAX TEMP TIME (LST):1217 24 HR MIN TEMP (F): 5824 HR MIN TEMP TIME (LST):2356 AVERAGE STATION PRESSURE:29.88  PEAK WIND SPEED (MPH): 16 PEAK WIND DIR (DEG):210 PEAK WIND TIME (LST):1538  FASTEST 2MIN SPEED (MPH): 14FASTEST 2MIN DIR (DEG):210 FASTEST 2MIN TIME (LST):1532 AVERAGE WIND SPEED (MPH): 6.8 24 HR AVG TEMP (F):64 HOURLY INCREMENTAL PRECIPITATION VALUES (IN):.00  .00  .00  .00  .00  .00  .00  .00  .00  .00  .00  .00  .00  .00  .00  .00  .00  .00  .00  .00  .00  .00  .00  .00","R01  0.007AAP092"
"72297793184","2003-05-20T07:59:00","6","33.68","-117.86639","16.5","SANTA ANA JOHN WAYNE AIRPORT, CA US","SOD  ","KSNA ","V020","999,9,9,9999,9","99999,9,9,9","999999,9,9,9","+9999,9","+9999,9","99999,9","24,0000,9,6",,,,,,,,,,,,,,,,"0000,5","000,5","240,M,+0217,5","240,N,+0133,5",,,,,,,"10115,9,99999,4",,,"1,24,00805,220,1131,5","2,24,00581,220,1303,5","3,24,00237,999,9999,5","SOD60524 HR PRECIPITATION (IN): 0.00 TOTAL SUNSHINE (MINUTES):   0 PERCENT POSSIBLE SUNSHINE:  0 24 HR MAX TEMP (F): 7124 HR MAX TEMP TIME (LST):1408 24 HR MIN TEMP (F): 5624 HR MIN TEMP TIME (LST):0442 AVERAGE STATION PRESSURE:29.87  PEAK WIND SPEED (MPH): 18 PEAK WIND DIR (DEG):220 PEAK WIND TIME (LST):1131  FASTEST 2MIN SPEED (MPH): 13FASTEST 2MIN DIR (DEG):220 FASTEST 2MIN TIME (LST):1303 AVERAGE WIND SPEED (MPH): 5.3 24 HR AVG TEMP (F):64 HOURLY INCREMENTAL PRECIPITATION VALUES (IN):.00  .00  .00  .00  .00  .00  .00  .00  .00  .00  .00  .00  .00  .00  .00  .00  .00  .00  .00  .00  .00  .00  .00  .00","R01  0.007AAP092"
"72297793184","2003-05-21T07:59:00","6","33.68","-117.86639","16.5","SANTA ANA JOHN WAYNE AIRPORT, CA US","SOD  ","KSNA ","V020","999,9,9,9999,9","99999,9,9,9","999999,9,9,9","+9999,9","+9999,9","99999,9","24,0000,9,6",,,,,,,,,,,,,,,,"0000,5","000,5","240,M,+0250,5","240,N,+0128,5",,,,,,,"10102,9,99999,4",,,"1,24,00760,190,1253,5","2,24,00671,200,1254,5","3,24,00241,999,9999,5","SOD60524 HR PRECIPITATION (IN): 0.00 TOTAL SUNSHINE (MINUTES):   0 PERCENT POSSIBLE SUNSHINE:  0 24 HR MAX TEMP (F): 7724 HR MAX TEMP TIME (LST):1534 24 HR MIN TEMP (F): 5524 HR MIN TEMP TIME (LST):0601 AVERAGE STATION PRESSURE:29.83  PEAK WIND SPEED (MPH): 17 PEAK WIND DIR (DEG):190 PEAK WIND TIME (LST):1253  FASTEST 2MIN SPEED (MPH): 15FASTEST 2MIN DIR (DEG):200 FASTEST 2MIN TIME (LST):1254 AVERAGE WIND SPEED (MPH): 5.4 24 HR AVG TEMP (F):66 HOURLY INCREMENTAL PRECIPITATION VALUES (IN):.00  .00  .00  .00  .00  .00  .00  .00  .00  .00  .00  .00  .00  .00  .00  .00  .00  .00  .00  .00  .00  .00  .00  .00","R01  0.007AAP092"
"72297793184","2003-05-22T07:59:00","6","33.68","-117.86639","16.5","SANTA ANA JOHN WAYNE AIRPORT, CA US","SOD  ","KSNA ","V020","999,9,9,9999,9","99999,9,9,9","999999,9,9,9","+9999,9","+9999,9","99999,9","24,0000,9,6",,,,,,,,,,,,,,,,,,"240,M,+0267,5","240,N,+0139,5",,,,,,,"10085,9,99999,4",,,"1,24,00805,190,1722,5","2,24,00715,210,1747,5","3,24,00228,999,9999,5","SOD54524 HR PRECIPITATION (IN): 0.00 24 HR MAX TEMP (F): 8024 HR MAX TEMP TIME (LST):1508 24 HR MIN TEMP (F): 5724 HR MIN TEMP TIME (LST):0531 AVERAGE STATION PRESSURE:29.78  PEAK WIND SPEED (MPH): 18 PEAK WIND DIR (DEG):190 PEAK WIND TIME (LST):1722  FASTEST 2MIN SPEED (MPH): 16FASTEST 2MIN DIR (DEG):210 FASTEST 2MIN TIME (LST):1747 AVERAGE WIND SPEED (MPH): 5.1 24 HR AVG TEMP (F):69 HOURLY INCREMENTAL PRECIPITATION VALUES (IN):.00  .00  .00  .00  .00  .00  .00  .00  .00  .00  .00  .00  .00  .00  .00  .00  .00  .00  .00  .00  .00  .00  .00  .00","R01  0.007AAP092"
"72297793184","2003-05-23T07:59:00","6","33.68","-117.86639","16.5","SANTA ANA JOHN WAYNE AIRPORT, CA US","SOD  ","KSNA ","V020","999,9,9,9999,9","99999,9,9,9","999999,9,9,9","+9999,9","+9999,9","99999,9","24,0000,9,6",,,,,,,,,,,,,,,,,,"240,M,+0211,5","240,N,+0144,5",,,,,,,"10095,9,99999,4",,,"1,24,00894,200,1816,5","2,24,00760,200,1817,5","3,24,00326,999,9999,5","SOD54524 HR PRECIPITATION (IN): 0.00 24 HR MAX TEMP (F): 7024 HR MAX TEMP TIME (LST):1317 24 HR MIN TEMP (F): 5824 HR MIN TEMP TIME (LST):1912 AVERAGE STATION PRESSURE:29.81  PEAK WIND SPEED (MPH): 20 PEAK WIND DIR (DEG):200 PEAK WIND TIME (LST):1816  FASTEST 2MIN SPEED (MPH): 17FASTEST 2MIN DIR (DEG):200 FASTEST 2MIN TIME (LST):1817 AVERAGE WIND SPEED (MPH): 7.3 24 HR AVG TEMP (F):64 HOURLY INCREMENTAL PRECIPITATION VALUES (IN):.00  .00  .00  .00  .00  .00  .00  .00  .00  .00  .00  .00  .00  .00  .00  .00  .00  .00  .00  .00  .00  .00  .00  .00","R01  0.007AAP092"
"72297793184","2003-05-24T07:59:00","6","33.68","-117.86639","16.5","SANTA ANA JOHN WAYNE AIRPORT, CA US","SOD  ","KSNA ","V020","999,9,9,9999,9","99999,9,9,9","999999,9,9,9","+9999,9","+9999,9","99999,9","24,0000,9,6",,,,,,,,,,,,,,,,,,"240,M,+0200,5","240,N,+0144,5",,,,,,,"10105,9,99999,4",,,"1,24,00983,210,1512,5","2,24,00760,220,1514,5","3,24,00308,999,9999,5","SOD54524 HR PRECIPITATION (IN): 0.00 24 HR MAX TEMP (F): 6824 HR MAX TEMP TIME (LST):1337 24 HR MIN TEMP (F): 5824 HR MIN TEMP TIME (LST):2344 AVERAGE STATION PRESSURE:29.84  PEAK WIND SPEED (MPH): 22 PEAK WIND DIR (DEG):210 PEAK WIND TIME (LST):1512  FASTEST 2MIN SPEED (MPH): 17FASTEST 2MIN DIR (DEG):220 FASTEST 2MIN TIME (LST):1514 AVERAGE WIND SPEED (MPH): 6.9 24 HR AVG TEMP (F):63 HOURLY INCREMENTAL PRECIPITATION VALUES (IN):.00  .00  .00  .00  .00  .00  .00  .00  .00  .00  .00  .00  .00  .00  .00  .00  .00  .00  .00  .00  .00  .00  .00  .00","R01  0.007AAP092"
"72297793184","2003-05-25T07:59:00","6","33.68","-117.86639","16.5","SANTA ANA JOHN WAYNE AIRPORT, CA US","SOD  ","KSNA ","V020","999,9,9,9999,9","99999,9,9,9","999999,9,9,9","+9999,9","+9999,9","99999,9","24,0000,2,5",,,,,,,,,,,,,,,,,,"240,M,+0167,5","240,N,+0144,5",,,,,,,"10102,9,99999,4",,,"1,24,00581,200,1436,5","2,24,00402,200,1530,5","3,24,00255,999,9999,5","SOD54524 HR PRECIPITATION (IN):  T   24 HR MAX TEMP (F): 6224 HR MAX TEMP TIME (LST):1706 24 HR MIN TEMP (F): 5824 HR MIN TEMP TIME (LST):0941 AVERAGE STATION PRESSURE:29.83  PEAK WIND SPEED (MPH): 13 PEAK WIND DIR (DEG):200 PEAK WIND TIME (LST):1436  FASTEST 2MIN SPEED (MPH):  9FASTEST 2MIN DIR (DEG):200 FASTEST 2MIN TIME (LST):1530 AVERAGE WIND SPEED (MPH): 5.7 24 HR AVG TEMP (F):60 HOURLY INCREMENTAL PRECIPITATION VALUES (IN):.00  .00  .00  .00  .00  .00  .00  .00   T    T   .00  .00  .00  .00  .00  .00  .00  .00  .00  .00  .00  .00  .00  .00",
"72297793184","2003-05-26T07:59:00","6","33.68","-117.86639","16.5","SANTA ANA JOHN WAYNE AIRPORT, CA US","SOD  ","KSNA ","V020","999,9,9,9999,9","99999,9,9,9","999999,9,9,9","+9999,9","+9999,9","99999,9","24,0000,9,6",,,,,,,,,,,,,,,,,,"240,M,+0206,5","240,N,+0144,5",,,,,,,"10102,9,99999,4",,,"1,24,00760,210,1335,5","2,24,00536,210,1701,5","3,24,00268,999,9999,5","SOD54524 HR PRECIPITATION (IN): 0.00 24 HR MAX TEMP (F): 6924 HR MAX TEMP TIME (LST):1437 24 HR MIN TEMP (F): 5824 HR MIN TEMP TIME (LST):0118 AVERAGE STATION PRESSURE:29.83  PEAK WIND SPEED (MPH): 17 PEAK WIND DIR (DEG):210 PEAK WIND TIME (LST):1335  FASTEST 2MIN SPEED (MPH): 12FASTEST 2MIN DIR (DEG):210 FASTEST 2MIN TIME (LST):1701 AVERAGE WIND SPEED (MPH): 6.0 24 HR AVG TEMP (F):64 HOURLY INCREMENTAL PRECIPITATION VALUES (IN):.00  .00  .00  .00  .00  .00  .00  .00  .00  .00  .00  .00  .00  .00  .00  .00  .00  .00  .00  .00  .00  .00  .00  .00","R01  0.007AAP092"
"72297793184","2003-05-27T07:59:00","6","33.68","-117.86639","16.5","SANTA ANA JOHN WAYNE AIRPORT, CA US","SOD  ","KSNA ","V020","999,9,9,9999,9","99999,9,9,9","999999,9,9,9","+9999,9","+9999,9","99999,9","24,0000,9,6",,,,,,,,,,,,,,,,,,"240,M,+0233,5","240,N,+0156,5",,,,,,,"10115,9,99999,4",,,"1,24,00760,220,1331,5","2,24,00581,240,1331,5","3,24,00237,999,9999,5","SOD54524 HR PRECIPITATION (IN): 0.00 24 HR MAX TEMP (F): 7424 HR MAX TEMP TIME (LST):1230 24 HR MIN TEMP (F): 6024 HR MIN TEMP TIME (LST):2359 AVERAGE STATION PRESSURE:29.87  PEAK WIND SPEED (MPH): 17 PEAK WIND DIR (DEG):220 PEAK WIND TIME (LST):1331  FASTEST 2MIN SPEED (MPH): 13FASTEST 2MIN DIR (DEG):240 FASTEST 2MIN TIME (LST):1331 AVERAGE WIND SPEED (MPH): 5.3 24 HR AVG TEMP (F):67 HOURLY INCREMENTAL PRECIPITATION VALUES (IN):.00  .00  .00  .00  .00  .00  .00  .00  .00  .00  .00  .00  .00  .00  .00  .00  .00  .00  .00  .00  .00  .00  .00  .00","R01  0.007AAP092"
"72297793184","2003-05-28T07:59:00","6","33.68","-117.86639","16.5","SANTA ANA JOHN WAYNE AIRPORT, CA US","SOD  ","KSNA ","V020","999,9,9,9999,9","99999,9,9,9","999999,9,9,9","+9999,9","+9999,9","99999,9","24,0000,9,6",,,,,,,,,,,,,,,,"0000,5","000,5","240,M,+0239,5","240,N,+0144,5",,,,,,,"10102,9,99999,4",,,"1,24,00805,210,1455,5","2,24,00715,220,1442,5","3,24,00277,999,9999,5","SOD60524 HR PRECIPITATION (IN): 0.00 TOTAL SUNSHINE (MINUTES):   0 PERCENT POSSIBLE SUNSHINE:  0 24 HR MAX TEMP (F): 7524 HR MAX TEMP TIME (LST):1329 24 HR MIN TEMP (F): 5824 HR MIN TEMP TIME (LST):0355 AVERAGE STATION PRESSURE:29.83  PEAK WIND SPEED (MPH): 18 PEAK WIND DIR (DEG):210 PEAK WIND TIME (LST):1455  FASTEST 2MIN SPEED (MPH): 16FASTEST 2MIN DIR (DEG):220 FASTEST 2MIN TIME (LST):1442 AVERAGE WIND SPEED (MPH): 6.2 24 HR AVG TEMP (F):67 HOURLY INCREMENTAL PRECIPITATION VALUES (IN):.00  .00  .00  .00  .00  .00  .00  .00  .00  .00  .00  .00  .00  .00  .00  .00  .00  .00  .00  .00  .00  .00  .00  .00","R01  0.007AAP092"
"72297793184","2003-05-29T07:59:00","6","33.68","-117.86639","16.5","SANTA ANA JOHN WAYNE AIRPORT, CA US","SOD  ","KSNA ","V020","999,9,9,9999,9","99999,9,9,9","999999,9,9,9","+9999,9","+9999,9","99999,9","24,0000,9,6",,,,,,,,,,,,,,,,"0000,5","000,5","240,M,+0256,5","240,N,+0150,5",,,,,,,"10088,9,99999,4",,,"1,24,00715,200,1536,5","2,24,00671,190,1357,5","3,24,00250,999,9999,5","SOD58324 HR PRECIPITATION (IN): 0.00 TOTAL SUNSHINE (MINUTES):   0 PERCENT POSSIBLE SUNSHINE:  0 24 HR MAX TEMP (F): 7824 HR MAX TEMP TIME (LST):1335 24 HR MIN TEMP (F): 5924 HR MIN TEMP TIME (LST):0256 AVERAGE STATION PRESSURE:29.79  PEAK WIND SPEED (MPH): 16 PEAK WIND DIR (DEG):200 PEAK WIND TIME (LST):1536  FASTEST 2MIN SPEED (MPH): 15FASTEST 2MIN DIR (DEG):190 FASTEST 2MIN TIME (LST):1357 AVERAGE WIND SPEED (MPH): 5.6 HOURLY INCREMENTAL PRECIPITATION VALUES (IN):.00  .00  .00  .00  .00  .00  .00  .00  .00  .00  .00  .00  .00  .00  .00  .00  .00  .00  .00  .00  .00  .00  .00  .00","R01  0.007AAP092"
"72297793184","2003-05-30T07:59:00","6","33.68","-117.86639","16.5","SANTA ANA JOHN WAYNE AIRPORT, CA US","SOD  ","KSNA ","V020","999,9,9,9999,9","99999,9,9,9","999999,9,9,9","+9999,9","+9999,9","99999,9","24,0000,9,6",,,,,,,,,,,,,,,,,,"240,M,+0222,5","240,N,+0156,5",,,,,,,"10095,9,99999,4",,,"1,24,00894,200,1609,5","2,24,00715,200,1609,5","3,24,00335,999,9999,5","SOD54524 HR PRECIPITATION (IN): 0.00 24 HR MAX TEMP (F): 7224 HR MAX TEMP TIME (LST):1256 24 HR MIN TEMP (F): 6024 HR MIN TEMP TIME (LST):0352 AVERAGE STATION PRESSURE:29.81  PEAK WIND SPEED (MPH): 20 PEAK WIND DIR (DEG):200 PEAK WIND TIME (LST):1609  FASTEST 2MIN SPEED (MPH): 16FASTEST 2MIN DIR (DEG):200 FASTEST 2MIN TIME (LST):1609 AVERAGE WIND SPEED (MPH): 7.5 24 HR AVG TEMP (F):66 HOURLY INCREMENTAL PRECIPITATION VALUES (IN):.00  .00  .00  .00  .00  .00  .00  .00  .00  .00  .00  .00  .00  .00  .00  .00  .00  .00  .00  .00  .00  .00  .00  .00","R01  0.007AAP092"
"72297793184","2003-05-31T07:59:00","6","33.68","-117.86639","16.5","SANTA ANA JOHN WAYNE AIRPORT, CA US","SOD  ","KSNA ","V020","999,9,9,9999,9","99999,9,9,9","999999,9,9,9","+9999,9","+9999,9","99999,9","24,0000,9,6",,,,,,,,,,,,,,,,,,"240,M,+0222,5","240,N,+0167,5",,,,,,,"10091,9,99999,4",,,"1,24,00760,220,1334,5","2,24,00626,190,1552,5","3,24,00291,999,9999,5","SOD54524 HR PRECIPITATION (IN): 0.00 24 HR MAX TEMP (F): 7224 HR MAX TEMP TIME (LST):1252 24 HR MIN TEMP (F): 6224 HR MIN TEMP TIME (LST):2359 AVERAGE STATION PRESSURE:29.80  PEAK WIND SPEED (MPH): 17 PEAK WIND DIR (DEG):220 PEAK WIND TIME (LST):1334  FASTEST 2MIN SPEED (MPH): 14FASTEST 2MIN DIR (DEG):190 FASTEST 2MIN TIME (LST):1552 AVERAGE WIND SPEED (MPH): 6.5 24 HR AVG TEMP (F):67 HOURLY INCREMENTAL PRECIPITATION VALUES (IN):.00  .00  .00  .00  .00  .00  .00  .00  .00  .00  .00  .00  .00  .00  .00  .00  .00  .00  .00  .00  .00  .00  .00  .00","R01  0.007AAP092"
"72297793184","2003-06-01T07:59:00","6","33.68","-117.86639","16.5","SANTA ANA JOHN WAYNE AIRPORT, CA US","SOD  ","KSNA ","V020","999,9,9,9999,9","99999,9,9,9","999999,9,9,9","+9999,9","+9999,9","99999,9","24,0000,9,6",,,,,,,,,,,,,,,,,,"240,M,+0217,5","240,N,+0161,5",,,,,,,"10098,9,99999,4",,,"1,24,00760,210,1619,5","2,24,00626,200,1507,5","3,24,00282,999,9999,5","SOD54524 HR PRECIPITATION (IN): 0.00 24 HR MAX TEMP (F): 7124 HR MAX TEMP TIME (LST):1303 24 HR MIN TEMP (F): 6124 HR MIN TEMP TIME (LST):2359 AVERAGE STATION PRESSURE:29.82  PEAK WIND SPEED (MPH): 17 PEAK WIND DIR (DEG):210 PEAK WIND TIME (LST):1619  FASTEST 2MIN SPEED (MPH): 14FASTEST 2MIN DIR (DEG):200 FASTEST 2MIN TIME (LST):1507 AVERAGE WIND SPEED (MPH): 6.3 24 HR AVG TEMP (F):66 HOURLY INCREMENTAL PRECIPITATION VALUES (IN):.00  .00  .00  .00  .00  .00  .00  .00  .00  .00  .00  .00  .00  .00  .00  .00  .00  .00  .00  .00  .00  .00  .00  .00","R01  0.007AAP092"
"72297793184","2003-06-01T07:59:00","6","33.68","-117.86639","16.5","SANTA ANA JOHN WAYNE AIRPORT, CA US","SOM  ","KSNA ","V020","999,9,9,9999,9","99999,9,9,9","999999,9,9,9","+9999,9","+9999,9","99999,9",,"00170,9,6","00160,9,0202,9999,9999,6","03,6,02,6,99,9,00,5","005,0013,9,030636,5","010,0018,9,030618,5","015,0020,9,030618,5","020,0023,9,030626,5","030,0038,9,030636,5","045,0043,9,030646,5","060,0043,9,030646,5","080,0043,9,030646,5","100,0043,9,030646,5","120,0046,9,030754,5","150,0005,9,030152,5","180,0069,9,030210,5",,,,,"744,N,+1356,5","744,M,+2094,5","744,A,+1728,5","744,H,0071,6","744,C,0017,6","00,5,00,5,00,5,00,5",,"10112,4,10142,4","99999,999999,7,10102,211736,7",,,,"SOM810PCP MTOT: 0.67 DEPNRM: 0.35 PCP GT 24HRS: 0.63 DATE(S):020+ DAYS W/PCP >=.01: 3 DAYS W/PCP >=.10: 2 DAYS W/PCP >=1.00:  MSDP AMTS W/DATE-TIME TAGS:MIN:5  .05  03/0636 MIN:10  .07  03/0618 MIN:15  .08  03/0618 MIN:20  .09  03/0626 MIN:30  .15  03/0636 MIN:45  .17  03/0646 MIN:60  .17  03/0646 MIN:80  .17  03/0646 MIN:100  .17  03/0646 MIN:120  .18  03/0754 MIN:150  .02  03/0152 MIN:180  .27  03/0210 SN GT DP ON GRND:0 - DATE(S):0  AVG DLY MIN: 56.4 AVG DLY MAX: 69.7 AVG MLY TMP: 63.1 DAYS MAX <=32:  DAYS MAX >=70: 0 DAYS MAX >=90: 0 DAYS MIN <=32: 0 DAYS MIN  <=0: 0 AVG STP:29.86  AVG SLP:29.95  LWST SLP:29.83 DATE/TIME:211736 HGST SLP:  .00 DATE/TIME: 00000 HDD MTH TOT:  71 DEP NORM:-159 SEASON(JUL 1-JUN 30):    0 DEP NORM:0   0 CDD MTH TOT:  17 DEP NORM:  12 SEASON(JAN 1-DEC 31):    0 DEP NORM:   0","R01  0.677ABP070R02  0.637ADP081R03     37AE1100R04      7AE2103R05   0 -7AKS007R06    717KDH045R07    177KDC058R08   .007MKX021"
"72297793184","2003-06-02T07:59:00","6","33.68","-117.86639","16.5","SANTA ANA JOHN WAYNE AIRPORT, CA US","SOD  ","KSNA ","V020","999,9,9,9999,9","99999,9,9,9","999999,9,9,9","+9999,9","+9999,9","99999,9","24,0000,9,5",,,,,,,,,,,,,,,,,,"240,M,+0222,5","240,N,+0156,6",,,,,,,"10091,9,99999,4",,,"1,24,00760,210,1354,5","2,24,00626,200,1540,5","3,24,00277,999,9999,5","SOD54524 HR PRECIPITATION (IN): 0.00 24 HR MAX TEMP (F): 7224 HR MAX TEMP TIME (LST):1329 24 HR MIN TEMP (F): 6024 HR MIN TEMP TIME (LST):0702 AVERAGE STATION PRESSURE:29.80  PEAK WIND SPEED (MPH): 17 PEAK WIND DIR (DEG):210 PEAK WIND TIME (LST):1354  FASTEST 2MIN SPEED (MPH): 14FASTEST 2MIN DIR (DEG):200 FASTEST 2MIN TIME (LST):1540 AVERAGE WIND SPEED (MPH): 6.2 24 HR AVG TEMP (F):66 HOURLY INCREMENTAL PRECIPITATION VALUES (IN):.00  .00  .00  .00  .00  .00  .00  .00  .00  .00  .00  .00  .00  .00  .00  .00  .00  .00  .00  .00  .00  .00  .00  .00","R01    607KAN014"
"72297793184","2003-06-03T07:59:00","6","33.68","-117.86639","16.5","SANTA ANA JOHN WAYNE AIRPORT, CA US","SOD  ","KSNA ","V020","999,9,9,9999,9","99999,9,9,9","999999,9,9,9","+9999,9","+9999,9","99999,9","24,0000,9,5",,,,,,,,,,,,,,,,,,"240,M,+0206,5","240,N,+0156,5",,,,,,,"10085,9,99999,4",,,"1,24,00805,200,1609,5","2,24,00671,190,1659,5","3,24,00331,999,9999,5","SOD54524 HR PRECIPITATION (IN): 0.00 24 HR MAX TEMP (F): 6924 HR MAX TEMP TIME (LST):1406 24 HR MIN TEMP (F): 6024 HR MIN TEMP TIME (LST):0527 AVERAGE STATION PRESSURE:29.78  PEAK WIND SPEED (MPH): 18 PEAK WIND DIR (DEG):200 PEAK WIND TIME (LST):1609  FASTEST 2MIN SPEED (MPH): 15FASTEST 2MIN DIR (DEG):190 FASTEST 2MIN TIME (LST):1659 AVERAGE WIND SPEED (MPH): 7.4 24 HR AVG TEMP (F):65 HOURLY INCREMENTAL PRECIPITATION VALUES (IN):.00  .00  .00  .00  .00  .00  .00  .00  .00  .00  .00  .00  .00  .00  .00  .00  .00  .00  .00  .00  .00  .00  .00  .00",
"72297793184","2003-06-04T07:59:00","6","33.68","-117.86639","16.5","SANTA ANA JOHN WAYNE AIRPORT, CA US","SOD  ","KSNA ","V020","999,9,9,9999,9","99999,9,9,9","999999,9,9,9","+9999,9","+9999,9","99999,9","24,0000,9,5",,,,,,,,,,,,,,,,,,"240,M,+0189,5","240,N,+0156,5",,,,,,,"10095,9,99999,4",,,"1,24,00671,200,1231,5","2,24,00581,180,1204,5","3,24,00304,999,9999,5","SOD54524 HR PRECIPITATION (IN): 0.00 24 HR MAX TEMP (F): 6624 HR MAX TEMP TIME (LST):1453 24 HR MIN TEMP (F): 6024 HR MIN TEMP TIME (LST):0256 AVERAGE STATION PRESSURE:29.81  PEAK WIND SPEED (MPH): 15 PEAK WIND DIR (DEG):200 PEAK WIND TIME (LST):1231  FASTEST 2MIN SPEED (MPH): 13FASTEST 2MIN DIR (DEG):180 FASTEST 2MIN TIME (LST):1204 AVERAGE WIND SPEED (MPH): 6.8 24 HR AVG TEMP (F):63 HOURLY INCREMENTAL PRECIPITATION VALUES (IN):.00  .00  .00  .00  .00  .00  .00  .00  .00  .00  .00  .00  .00  .00  .00  .00  .00  .00  .00  .00  .00  .00  .00  .00",
"72297793184","2003-06-05T07:59:00","6","33.68","-117.86639","16.5","SANTA ANA JOHN WAYNE AIRPORT, CA US","SOD  ","KSNA ","V020","999,9,9,9999,9","99999,9,9,9","999999,9,9,9","+9999,9","+9999,9","99999,9","24,0000,9,5",,,,,,,,,,,,,,,,"0000,5","000,5","240,M,+0222,5","240,N,+0156,5",,,,,,,"10088,9,99999,4",,,"1,24,00760,210,1405,5","2,24,00536,220,1606,5","3,24,00215,999,9999,5","SOD60524 HR PRECIPITATION (IN): 0.00 TOTAL SUNSHINE (MINUTES):   0 PERCENT POSSIBLE SUNSHINE:  0 24 HR MAX TEMP (F): 7224 HR MAX TEMP TIME (LST):1416 24 HR MIN TEMP (F): 6024 HR MIN TEMP TIME (LST):0527 AVERAGE STATION PRESSURE:29.79  PEAK WIND SPEED (MPH): 17 PEAK WIND DIR (DEG):210 PEAK WIND TIME (LST):1405  FASTEST 2MIN SPEED (MPH): 12FASTEST 2MIN DIR (DEG):220 FASTEST 2MIN TIME (LST):1606 AVERAGE WIND SPEED (MPH): 4.8 24 HR AVG TEMP (F):66 HOURLY INCREMENTAL PRECIPITATION VALUES (IN):.00  .00  .00  .00  .00  .00  .00  .00  .00  .00  .00  .00  .00  .00  .00  .00  .00  .00  .00  .00  .00  .00  .00  .00",
"72297793184","2003-06-06T07:59:00","6","33.68","-117.86639","16.5","SANTA ANA JOHN WAYNE AIRPORT, CA US","SOD  ","KSNA ","V020","999,9,9,9999,9","99999,9,9,9","999999,9,9,9","+9999,9","+9999,9","99999,9","24,0000,9,5",,,,,,,,,,,,,,,,"0000,5","000,5","240,M,+0183,5","240,N,+0161,5",,,,,,,"10095,9,99999,4",,,"1,24,00581,190,1327,5","2,24,00447,190,1327,5","3,24,00228,999,9999,5","SOD60524 HR PRECIPITATION (IN): 0.00 TOTAL SUNSHINE (MINUTES):   0 PERCENT POSSIBLE SUNSHINE:  0 24 HR MAX TEMP (F): 6524 HR MAX TEMP TIME (LST):1634 24 HR MIN TEMP (F): 6124 HR MIN TEMP TIME (LST):0551 AVERAGE STATION PRESSURE:29.81  PEAK WIND SPEED (MPH): 13 PEAK WIND DIR (DEG):190 PEAK WIND TIME (LST):1327  FASTEST 2MIN SPEED (MPH): 10FASTEST 2MIN DIR (DEG):190 FASTEST 2MIN TIME (LST):1327 AVERAGE WIND SPEED (MPH): 5.1 24 HR AVG TEMP (F):63 HOURLY INCREMENTAL PRECIPITATION VALUES (IN):.00  .00  .00  .00  .00  .00  .00  .00  .00  .00  .00  .00  .00  .00  .00  .00  .00  .00  .00  .00  .00  .00  .00  .00",
"72297793184","2003-06-07T07:59:00","6","33.68","-117.86639","16.5","SANTA ANA JOHN WAYNE AIRPORT, CA US","SOD  ","KSNA ","V020","999,9,9,9999,9","99999,9,9,9","999999,9,9,9","+9999,9","+9999,9","99999,9","24,0000,9,5",,,,,,,,,,,,,,,,"0000,5","000,5","240,M,+0194,5","240,N,+0161,5",,,,,,,"10108,9,99999,4",,,"1,24,00581,260,1547,5","2,24,00447,270,1849,5","3,24,00259,999,9999,5","SOD60524 HR PRECIPITATION (IN): 0.00 TOTAL SUNSHINE (MINUTES):   0 PERCENT POSSIBLE SUNSHINE:  0 24 HR MAX TEMP (F): 6724 HR MAX TEMP TIME (LST):1511 24 HR MIN TEMP (F): 6124 HR MIN TEMP TIME (LST):0550 AVERAGE STATION PRESSURE:29.85  PEAK WIND SPEED (MPH): 13 PEAK WIND DIR (DEG):260 PEAK WIND TIME (LST):1547  FASTEST 2MIN SPEED (MPH): 10FASTEST 2MIN DIR (DEG):270 FASTEST 2MIN TIME (LST):1849 AVERAGE WIND SPEED (MPH): 5.8 24 HR AVG TEMP (F):64 HOURLY INCREMENTAL PRECIPITATION VALUES (IN):.00  .00  .00  .00  .00  .00  .00  .00  .00  .00  .00  .00  .00  .00  .00  .00  .00  .00  .00  .00  .00  .00  .00  .00",
"72297793184","2003-06-08T07:59:00","6","33.68","-117.86639","16.5","SANTA ANA JOHN WAYNE AIRPORT, CA US","SOD  ","KSNA ","V020","999,9,9,9999,9","99999,9,9,9","999999,9,9,9","+9999,9","+9999,9","99999,9","24,0000,9,5",,,,,,,,,,,,,,,,"0000,5","000,5","240,M,+0200,5","240,N,+0172,5",,,,,,,"10091,9,99999,4",,,"1,24,00626,260,1448,5","2,24,00536,250,1449,5","3,24,00219,999,9999,5","SOD60524 HR PRECIPITATION (IN): 0.00 TOTAL SUNSHINE (MINUTES):   0 PERCENT POSSIBLE SUNSHINE:  0 24 HR MAX TEMP (F): 6824 HR MAX TEMP TIME (LST):1404 24 HR MIN TEMP (F): 6324 HR MIN TEMP TIME (LST):2359 AVERAGE STATION PRESSURE:29.80  PEAK WIND SPEED (MPH): 14 PEAK WIND DIR (DEG):260 PEAK WIND TIME (LST):1448  FASTEST 2MIN SPEED (MPH): 12FASTEST 2MIN DIR (DEG):250 FASTEST 2MIN TIME (LST):1449 AVERAGE WIND SPEED (MPH): 4.9 24 HR AVG TEMP (F):66 HOURLY INCREMENTAL PRECIPITATION VALUES (IN):.00  .00  .00  .00  .00  .00  .00  .00  .00  .00  .00  .00  .00  .00  .00  .00  .00  .00  .00  .00  .00  .00  .00  .00",
"72297793184","2003-06-09T07:59:00","6","33.68","-117.86639","16.5","SANTA ANA JOHN WAYNE AIRPORT, CA US","SOD  ","KSNA ","V020","999,9,9,9999,9","99999,9,9,9","999999,9,9,9","+9999,9","+9999,9","99999,9","24,0000,9,5",,,,,,,,,,,,,,,,"0000,5","000,5","240,M,+0194,5","240,N,+0167,5",,,,,,,"10068,9,99999,4",,,"1,24,00581,210,1349,5","2,24,00447,180,2250,5","3,24,00273,999,9999,5","SOD60524 HR PRECIPITATION (IN): 0.00 TOTAL SUNSHINE (MINUTES):   0 PERCENT POSSIBLE SUNSHINE:  0 24 HR MAX TEMP (F): 6724 HR MAX TEMP TIME (LST):1357 24 HR MIN TEMP (F): 6224 HR MIN TEMP TIME (LST):2359 AVERAGE STATION PRESSURE:29.73  PEAK WIND SPEED (MPH): 13 PEAK WIND DIR (DEG):210 PEAK WIND TIME (LST):1349  FASTEST 2MIN SPEED (MPH): 10FASTEST 2MIN DIR (DEG):180 FASTEST 2MIN TIME (LST):2250 AVERAGE WIND SPEED (MPH): 6.1 24 HR AVG TEMP (F):65 HOURLY INCREMENTAL PRECIPITATION VALUES (IN):.00  .00  .00  .00  .00  .00  .00  .00  .00  .00  .00  .00  .00  .00  .00  .00  .00  .00  .00  .00  .00  .00  .00  .00",
"72297793184","2003-06-10T07:59:00","6","33.68","-117.86639","16.5","SANTA ANA JOHN WAYNE AIRPORT, CA US","SOD  ","KSNA ","V020","999,9,9,9999,9","99999,9,9,9","999999,9,9,9","+9999,9","+9999,9","99999,9","24,0000,9,5",,,,,,,,,,,,,,,,"0000,5","000,5","240,M,+0189,5","240,N,+0161,5",,,,,,,"10085,9,99999,4",,,"1,24,00894,180,0824,5","2,24,00626,170,0845,5","3,24,00313,999,9999,5","SOD60524 HR PRECIPITATION (IN): 0.00 TOTAL SUNSHINE (MINUTES):   0 PERCENT POSSIBLE SUNSHINE:  0 24 HR MAX TEMP (F): 6624 HR MAX TEMP TIME (LST):1419 24 HR MIN TEMP (F): 6124 HR MIN TEMP TIME (LST):2359 AVERAGE STATION PRESSURE:29.78  PEAK WIND SPEED (MPH): 20 PEAK WIND DIR (DEG):180 PEAK WIND TIME (LST):0824  FASTEST 2MIN SPEED (MPH): 14FASTEST 2MIN DIR (DEG):170 FASTEST 2MIN TIME (LST):0845 AVERAGE WIND SPEED (MPH): 7.0 24 HR AVG TEMP (F):64 HOURLY INCREMENTAL PRECIPITATION VALUES (IN):.00  .00  .00  .00  .00  .00  .00  .00  .00  .00  .00  .00  .00  .00  .00  .00  .00  .00  .00  .00  .00  .00  .00  .00",
"72297793184","2003-06-11T07:59:00","6","33.68","-117.86639","16.5","SANTA ANA JOHN WAYNE AIRPORT, CA US","SOD  ","KSNA ","V020","999,9,9,9999,9","99999,9,9,9","999999,9,9,9","+9999,9","+9999,9","99999,9","24,0000,9,5",,,,,,,,,,,,,,,,"0000,5","000,5","240,M,+0189,5","240,N,+0156,5",,,,,,,"10112,9,99999,4",,,"1,24,00715,200,1156,5","2,24,00581,210,1346,5","3,24,00300,999,9999,5","SOD58324 HR PRECIPITATION (IN): 0.00 TOTAL SUNSHINE (MINUTES):   0 PERCENT POSSIBLE SUNSHINE:  0 24 HR MAX TEMP (F): 6624 HR MAX TEMP TIME (LST):1448 24 HR MIN TEMP (F): 6024 HR MIN TEMP TIME (LST):0451 AVERAGE STATION PRESSURE:29.86  PEAK WIND SPEED (MPH): 16 PEAK WIND DIR (DEG):200 PEAK WIND TIME (LST):1156  FASTEST 2MIN SPEED (MPH): 13FASTEST 2MIN DIR (DEG):210 FASTEST 2MIN TIME (LST):1346 AVERAGE WIND SPEED (MPH): 6.7 HOURLY INCREMENTAL PRECIPITATION VALUES (IN):.00  .00  .00  .00  .00  .00  .00  .00  .00  .00  .00  .00  .00  .00  .00  .00  .00  .00  .00  .00  .00  .00  .00  .00",
"72297793184","2003-06-12T07:59:00","6","33.68","-117.86639","16.5","SANTA ANA JOHN WAYNE AIRPORT, CA US","SOD  ","KSNA ","V020","999,9,9,9999,9","99999,9,9,9","999999,9,9,9","+9999,9","+9999,9","99999,9","24,0000,9,5",,,,,,,,,,,,,,,,"0000,5","000,5","240,M,+0228,5","240,N,+0167,5",,,,,,,"10112,9,99999,4",,,"1,24,00805,220,1412,5","2,24,00626,260,1455,5","3,24,00300,999,9999,5","SOD60524 HR PRECIPITATION (IN): 0.00 TOTAL SUNSHINE (MINUTES):   0 PERCENT POSSIBLE SUNSHINE:  0 24 HR MAX TEMP (F): 7324 HR MAX TEMP TIME (LST):1117 24 HR MIN TEMP (F): 6224 HR MIN TEMP TIME (LST):2351 AVERAGE STATION PRESSURE:29.86  PEAK WIND SPEED (MPH): 18 PEAK WIND DIR (DEG):220 PEAK WIND TIME (LST):1412  FASTEST 2MIN SPEED (MPH): 14FASTEST 2MIN DIR (DEG):260 FASTEST 2MIN TIME (LST):1455 AVERAGE WIND SPEED (MPH): 6.7 24 HR AVG TEMP (F):68 HOURLY INCREMENTAL PRECIPITATION VALUES (IN):.00  .00  .00  .00  .00  .00  .00  .00  .00  .00  .00  .00  .00  .00  .00  .00  .00  .00  .00  .00  .00  .00  .00  .00",
"72297793184","2003-06-13T07:59:00","6","33.68","-117.86639","16.5","SANTA ANA JOHN WAYNE AIRPORT, CA US","SOD  ","KSNA ","V020","999,9,9,9999,9","99999,9,9,9","999999,9,9,9","+9999,9","+9999,9","99999,9","24,0000,9,5",,,,,,,,,,,,,,,,,,"240,M,+0211,5","240,N,+0167,5",,,,,,,"10091,9,99999,4",,,"1,24,00760,240,1717,5","2,24,00536,230,1545,5","3,24,00246,999,9999,5","SOD54524 HR PRECIPITATION (IN): 0.00 24 HR MAX TEMP (F): 7024 HR MAX TEMP TIME (LST):1515 24 HR MIN TEMP (F): 6224 HR MIN TEMP TIME (LST):0600 AVERAGE STATION PRESSURE:29.80  PEAK WIND SPEED (MPH): 17 PEAK WIND DIR (DEG):240 PEAK WIND TIME (LST):1717  FASTEST 2MIN SPEED (MPH): 12FASTEST 2MIN DIR (DEG):230 FASTEST 2MIN TIME (LST):1545 AVERAGE WIND SPEED (MPH): 5.5 24 HR AVG TEMP (F):66 HOURLY INCREMENTAL PRECIPITATION VALUES (IN):.00  .00  .00  .00  .00  .00  .00  .00  .00  .00  .00  .00  .00  .00  .00  .00  .00  .00  .00  .00  .00  .00  .00  .00",
"72297793184","2003-06-14T07:59:00","6","33.68","-117.86639","16.5","SANTA ANA JOHN WAYNE AIRPORT, CA US","SOD  ","KSNA ","V020","999,9,9,9999,9","99999,9,9,9","999999,9,9,9","+9999,9","+9999,9","99999,9","24,0000,9,5",,,,,,,,,,,,,,,,,,"240,M,+0228,5","240,N,+0161,5",,,,,,,"10091,9,99999,4",,,"1,24,00715,220,1527,5","2,24,00581,220,1530,5","3,24,00246,999,9999,5","SOD54524 HR PRECIPITATION (IN): 0.00 24 HR MAX TEMP (F): 7324 HR MAX TEMP TIME (LST):1418 24 HR MIN TEMP (F): 6124 HR MIN TEMP TIME (LST):2356 AVERAGE STATION PRESSURE:29.80  PEAK WIND SPEED (MPH): 16 PEAK WIND DIR (DEG):220 PEAK WIND TIME (LST):1527  FASTEST 2MIN SPEED (MPH): 13FASTEST 2MIN DIR (DEG):220 FASTEST 2MIN TIME (LST):1530 AVERAGE WIND SPEED (MPH): 5.5 24 HR AVG TEMP (F):67 HOURLY INCREMENTAL PRECIPITATION VALUES (IN):.00  .00  .00  .00  .00  .00  .00  .00  .00  .00  .00  .00  .00  .00  .00  .00  .00  .00  .00  .00  .00  .00  .00  .00",
"72297793184","2003-06-15T07:59:00","6","33.68","-117.86639","16.5","SANTA ANA JOHN WAYNE AIRPORT, CA US","SOD  ","KSNA ","V020","999,9,9,9999,9","99999,9,9,9","999999,9,9,9","+9999,9","+9999,9","99999,9","24,0000,9,5",,,,,,,,,,,,,,,,,,"240,M,+0239,5","240,N,+0156,5",,,,,,,"10091,9,99999,4",,,"1,24,00760,220,1245,5","2,24,00626,220,1245,5","3,24,00224,999,9999,5","SOD54524 HR PRECIPITATION (IN): 0.00 24 HR MAX TEMP (F): 7524 HR MAX TEMP TIME (LST):1355 24 HR MIN TEMP (F): 6024 HR MIN TEMP TIME (LST):0356 AVERAGE STATION PRESSURE:29.80  PEAK WIND SPEED (MPH): 17 PEAK WIND DIR (DEG):220 PEAK WIND TIME (LST):1245  FASTEST 2MIN SPEED (MPH): 14FASTEST 2MIN DIR (DEG):220 FASTEST 2MIN TIME (LST):1245 AVERAGE WIND SPEED (MPH): 5.0 24 HR AVG TEMP (F):68 HOURLY INCREMENTAL PRECIPITATION VALUES (IN):.00  .00  .00  .00  .00  .00  .00  .00  .00  .00  .00  .00  .00  .00  .00  .00  .00  .00  .00  .00  .00  .00  .00  .00",
"72297793184","2003-06-16T07:59:00","6","33.68","-117.86639","16.5","SANTA ANA JOHN WAYNE AIRPORT, CA US","SOD  ","KSNA ","V020","999,9,9,9999,9","99999,9,9,9","999999,9,9,9","+9999,9","+9999,9","99999,9","24,0000,9,5",,,,,,,,,,,,,,,,,,"240,M,+0222,5","240,N,+0161,5",,,,,,,"10091,9,99999,4",,,"1,24,00894,210,1439,5","2,24,00671,200,1424,5","3,24,00313,999,9999,5","SOD54524 HR PRECIPITATION (IN): 0.00 24 HR MAX TEMP (F): 7224 HR MAX TEMP TIME (LST):1414 24 HR MIN TEMP (F): 6124 HR MIN TEMP TIME (LST):0444 AVERAGE STATION PRESSURE:29.80  PEAK WIND SPEED (MPH): 20 PEAK WIND DIR (DEG):210 PEAK WIND TIME (LST):1439  FASTEST 2MIN SPEED (MPH): 15FASTEST 2MIN DIR (DEG):200 FASTEST 2MIN TIME (LST):1424 AVERAGE WIND SPEED (MPH): 7.0 24 HR AVG TEMP (F):67 HOURLY INCREMENTAL PRECIPITATION VALUES (IN):.00  .00  .00  .00  .00  .00  .00  .00  .00  .00  .00  .00  .00  .00  .00  .00  .00  .00  .00  .00  .00  .00  .00  .00",
"72297793184","2003-06-17T07:59:00","6","33.68","-117.86639","16.5","SANTA ANA JOHN WAYNE AIRPORT, CA US","SOD  ","KSNA ","V020","999,9,9,9999,9","99999,9,9,9","999999,9,9,9","+9999,9","+9999,9","99999,9","24,0000,9,5",,,,,,,,,,,,,,,,,,"240,M,+0211,5","240,N,+0161,5",,,,,,,"10091,9,99999,4",,,"1,24,00805,210,1330,5","2,24,00671,200,1339,5","3,24,00295,999,9999,5","SOD54524 HR PRECIPITATION (IN): 0.00 24 HR MAX TEMP (F): 7024 HR MAX TEMP TIME (LST):1424 24 HR MIN TEMP (F): 6124 HR MIN TEMP TIME (LST):0430 AVERAGE STATION PRESSURE:29.80  PEAK WIND SPEED (MPH): 18 PEAK WIND DIR (DEG):210 PEAK WIND TIME (LST):1330  FASTEST 2MIN SPEED (MPH): 15FASTEST 2MIN DIR (DEG):200 FASTEST 2MIN TIME (LST):1339 AVERAGE WIND SPEED (MPH): 6.6 24 HR AVG TEMP (F):66 HOURLY INCREMENTAL PRECIPITATION VALUES (IN):.00  .00  .00  .00  .00  .00  .00  .00  .00  .00  .00  .00  .00  .00  .00  .00  .00  .00  .00  .00  .00  .00  .00  .00",
"72297793184","2003-06-18T07:59:00","6","33.68","-117.86639","16.5","SANTA ANA JOHN WAYNE AIRPORT, CA US","SOD  ","KSNA ","V020","999,9,9,9999,9","99999,9,9,9","999999,9,9,9","+9999,9","+9999,9","99999,9","24,0000,9,5",,,,,,,,,,,,,,,,,,"240,M,+0217,5","240,N,+0167,5",,,,,,,"10081,9,99999,4",,,"1,24,00760,200,1513,5","2,24,00626,210,1502,5","3,24,00326,999,9999,5","SOD54524 HR PRECIPITATION (IN): 0.00 24 HR MAX TEMP (F): 7124 HR MAX TEMP TIME (LST):1351 24 HR MIN TEMP (F): 6224 HR MIN TEMP TIME (LST):2319 AVERAGE STATION PRESSURE:29.77  PEAK WIND SPEED (MPH): 17 PEAK WIND DIR (DEG):200 PEAK WIND TIME (LST):1513  FASTEST 2MIN SPEED (MPH): 14FASTEST 2MIN DIR (DEG):210 FASTEST 2MIN TIME (LST):1502 AVERAGE WIND SPEED (MPH): 7.3 24 HR AVG TEMP (F):67 HOURLY INCREMENTAL PRECIPITATION VALUES (IN):.00  .00  .00  .00  .00  .00  .00  .00  .00  .00  .00  .00  .00  .00  .00  .00  .00  .00  .00  .00  .00  .00  .00  .00",
"72297793184","2003-06-19T07:59:00","6","33.68","-117.86639","16.5","SANTA ANA JOHN WAYNE AIRPORT, CA US","SOD  ","KSNA ","V020","999,9,9,9999,9","99999,9,9,9","999999,9,9,9","+9999,9","+9999,9","99999,9","24,0000,9,5",,,,,,,,,,,,,,,,"0000,5","000,5","240,M,+0200,5","240,N,+0161,5",,,,,,,"10058,9,99999,4",,,"1,24,00715,210,1303,5","2,24,00581,190,1344,5","3,24,00308,999,9999,5","SOD60524 HR PRECIPITATION (IN): 0.00 TOTAL SUNSHINE (MINUTES):   0 PERCENT POSSIBLE SUNSHINE:  0 24 HR MAX TEMP (F): 6824 HR MAX TEMP TIME (LST):1244 24 HR MIN TEMP (F): 6124 HR MIN TEMP TIME (LST):2046 AVERAGE STATION PRESSURE:29.70  PEAK WIND SPEED (MPH): 16 PEAK WIND DIR (DEG):210 PEAK WIND TIME (LST):1303  FASTEST 2MIN SPEED (MPH): 13FASTEST 2MIN DIR (DEG):190 FASTEST 2MIN TIME (LST):1344 AVERAGE WIND SPEED (MPH): 6.9 24 HR AVG TEMP (F):65 HOURLY INCREMENTAL PRECIPITATION VALUES (IN):.00  .00  .00  .00  .00  .00  .00  .00  .00  .00  .00  .00  .00  .00  .00  .00  .00  .00  .00  .00  .00  .00  .00  .00",
"72297793184","2003-06-20T07:59:00","6","33.68","-117.86639","16.5","SANTA ANA JOHN WAYNE AIRPORT, CA US","SOD  ","KSNA ","V020","999,9,9,9999,9","99999,9,9,9","999999,9,9,9","+9999,9","+9999,9","99999,9","24,0000,9,5",,,,,,,,,,,,,,,,"0000,5","000,5","240,M,+0189,5","240,N,+0161,5",,,,,,,"10058,9,99999,4",,,"1,24,00715,180,1044,5","2,24,00626,180,1013,5","3,24,00340,999,9999,5","SOD60524 HR PRECIPITATION (IN): 0.00 TOTAL SUNSHINE (MINUTES):   0 PERCENT POSSIBLE SUNSHINE:  0 24 HR MAX TEMP (F): 6624 HR MAX TEMP TIME (LST):1559 24 HR MIN TEMP (F): 6124 HR MIN TEMP TIME (LST):0657 AVERAGE STATION PRESSURE:29.70  PEAK WIND SPEED (MPH): 16 PEAK WIND DIR (DEG):180 PEAK WIND TIME (LST):1044  FASTEST 2MIN SPEED (MPH): 14FASTEST 2MIN DIR (DEG):180 FASTEST 2MIN TIME (LST):1013 AVERAGE WIND SPEED (MPH): 7.6 24 HR AVG TEMP (F):64 HOURLY INCREMENTAL PRECIPITATION VALUES (IN):.00  .00  .00  .00  .00  .00  .00  .00  .00  .00  .00  .00  .00  .00  .00  .00  .00  .00  .00  .00  .00  .00  .00  .00",
"72297793184","2003-06-21T07:59:00","6","33.68","-117.86639","16.5","SANTA ANA JOHN WAYNE AIRPORT, CA US","SOD  ","KSNA ","V020","999,9,9,9999,9","99999,9,9,9","999999,9,9,9","+9999,9","+9999,9","99999,9","24,0000,2,5",,,,,,,,,,,,,,,,"0000,5","000,5","240,M,+0211,5","240,N,+0161,5",,,,,,,"10081,9,99999,4",,,"1,24,00805,210,1259,5","2,24,00671,200,1341,5","3,24,00322,999,9999,5","SOD60524 HR PRECIPITATION (IN):  T   TOTAL SUNSHINE (MINUTES):   0 PERCENT POSSIBLE SUNSHINE:  0 24 HR MAX TEMP (F): 7024 HR MAX TEMP TIME (LST):1226 24 HR MIN TEMP (F): 6124 HR MIN TEMP TIME (LST):0551 AVERAGE STATION PRESSURE:29.77  PEAK WIND SPEED (MPH): 18 PEAK WIND DIR (DEG):210 PEAK WIND TIME (LST):1259  FASTEST 2MIN SPEED (MPH): 15FASTEST 2MIN DIR (DEG):200 FASTEST 2MIN TIME (LST):1341 AVERAGE WIND SPEED (MPH): 7.2 24 HR AVG TEMP (F):66 HOURLY INCREMENTAL PRECIPITATION VALUES (IN):.00  .00  .00  .00  .00   T   .00  .00  .00  .00  .00  .00  .00  .00  .00  .00  .00  .00  .00  .00  .00  .00  .00  .00",
"72297793184","2003-06-22T07:59:00","6","33.68","-117.86639","16.5","SANTA ANA JOHN WAYNE AIRPORT, CA US","SOD  ","KSNA ","V020","999,9,9,9999,9","99999,9,9,9","999999,9,9,9","+9999,9","+9999,9","99999,9","24,0000,9,6",,,,,,,,,,,,,,,,"0000,5","000,5","240,M,+0200,5","240,N,+0167,5",,,,,,,"10088,9,99999,4",,,"1,24,00671,210,1631,5","2,24,00536,190,1701,5","3,24,00308,999,9999,5","SOD60524 HR PRECIPITATION (IN): 0.00 TOTAL SUNSHINE (MINUTES):   0 PERCENT POSSIBLE SUNSHINE:  0 24 HR MAX TEMP (F): 6824 HR MAX TEMP TIME (LST):1332 24 HR MIN TEMP (F): 6224 HR MIN TEMP TIME (LST):2359 AVERAGE STATION PRESSURE:29.79  PEAK WIND SPEED (MPH): 15 PEAK WIND DIR (DEG):210 PEAK WIND TIME (LST):1631  FASTEST 2MIN SPEED (MPH): 12FASTEST 2MIN DIR (DEG):190 FASTEST 2MIN TIME (LST):1701 AVERAGE WIND SPEED (MPH): 6.9 24 HR AVG TEMP (F):65 HOURLY INCREMENTAL PRECIPITATION VALUES (IN):.00  .00  .00  .00  .00  .00  .00  .00  .00  .00  .00  .00  .00  .00  .00  .00  .00  .00  .00  .00  .00  .00  .00  .00","R01  0.007AAP092"
"72297793184","2003-06-23T07:59:00","6","33.68","-117.86639","16.5","SANTA ANA JOHN WAYNE AIRPORT, CA US","SOD  ","KSNA ","V020","999,9,9,9999,9","99999,9,9,9","999999,9,9,9","+9999,9","+9999,9","99999,9","24,0000,9,6",,,,,,,,,,,,,,,,"0000,5","000,5","240,M,+0194,5","240,N,+0167,5",,,,,,,"10078,9,99999,4",,,"1,24,00715,190,1120,5","2,24,00581,190,1122,5","3,24,00286,999,9999,5","SOD60524 HR PRECIPITATION (IN): 0.00 TOTAL SUNSHINE (MINUTES):   0 PERCENT POSSIBLE SUNSHINE:  0 24 HR MAX TEMP (F): 6724 HR MAX TEMP TIME (LST):1402 24 HR MIN TEMP (F): 6224 HR MIN TEMP TIME (LST):0550 AVERAGE STATION PRESSURE:29.76  PEAK WIND SPEED (MPH): 16 PEAK WIND DIR (DEG):190 PEAK WIND TIME (LST):1120  FASTEST 2MIN SPEED (MPH): 13FASTEST 2MIN DIR (DEG):190 FASTEST 2MIN TIME (LST):1122 AVERAGE WIND SPEED (MPH): 6.4 24 HR AVG TEMP (F):65 HOURLY INCREMENTAL PRECIPITATION VALUES (IN):.00  .00  .00  .00  .00  .00  .00  .00  .00  .00  .00  .00  .00  .00  .00  .00  .00  .00  .00  .00  .00  .00  .00  .00","R01  0.007AAP092"
"72297793184","2003-06-24T07:59:00","6","33.68","-117.86639","16.5","SANTA ANA JOHN WAYNE AIRPORT, CA US","SOD  ","KSNA ","V020","999,9,9,9999,9","99999,9,9,9","999999,9,9,9","+9999,9","+9999,9","99999,9","24,0003,9,5",,,,,,,,,,,,,,,,"0000,5","000,5","240,M,+0217,5","240,N,+0156,5",,,,,,,"10064,9,99999,4",,,"1,24,00805,200,1556,5","2,24,00671,200,1600,5","3,24,00317,999,9999,5","SOD60524 HR PRECIPITATION (IN): 0.01 TOTAL SUNSHINE (MINUTES):   0 PERCENT POSSIBLE SUNSHINE:  0 24 HR MAX TEMP (F): 7124 HR MAX TEMP TIME (LST):1357 24 HR MIN TEMP (F): 6024 HR MIN TEMP TIME (LST):0656 AVERAGE STATION PRESSURE:29.72  PEAK WIND SPEED (MPH): 18 PEAK WIND DIR (DEG):200 PEAK WIND TIME (LST):1556  FASTEST 2MIN SPEED (MPH): 15FASTEST 2MIN DIR (DEG):200 FASTEST 2MIN TIME (LST):1600 AVERAGE WIND SPEED (MPH): 7.1 24 HR AVG TEMP (F):66 HOURLY INCREMENTAL PRECIPITATION VALUES (IN):.00  .00  .00  .00   T   .01   T   .00  .00  .00  .00  .00  .00  .00  .00  .00  .00  .00  .00  .00  .00  .00  .00  .00",
"72297793184","2003-06-25T07:59:00","6","33.68","-117.86639","16.5","SANTA ANA JOHN WAYNE AIRPORT, CA US","SOD  ","KSNA ","V020","999,9,9,9999,9","99999,9,9,9","999999,9,9,9","+9999,9","+9999,9","99999,9","24,0000,9,6",,,,,,,,,,,,,,,,"0000,5","000,5","240,M,+0222,5","240,N,+0161,5",,,,,,,"10085,9,99999,4",,,"1,24,00760,220,1515,5","2,24,00671,200,1437,5","3,24,00268,999,9999,5","SOD60524 HR PRECIPITATION (IN): 0.00 TOTAL SUNSHINE (MINUTES):   0 PERCENT POSSIBLE SUNSHINE:  0 24 HR MAX TEMP (F): 7224 HR MAX TEMP TIME (LST):1358 24 HR MIN TEMP (F): 6124 HR MIN TEMP TIME (LST):0436 AVERAGE STATION PRESSURE:29.78  PEAK WIND SPEED (MPH): 17 PEAK WIND DIR (DEG):220 PEAK WIND TIME (LST):1515  FASTEST 2MIN SPEED (MPH): 15FASTEST 2MIN DIR (DEG):200 FASTEST 2MIN TIME (LST):1437 AVERAGE WIND SPEED (MPH): 6.0 24 HR AVG TEMP (F):67 HOURLY INCREMENTAL PRECIPITATION VALUES (IN):.00  .00  .00  .00  .00  .00  .00  .00  .00  .00  .00  .00  .00  .00  .00  .00  .00  .00  .00  .00  .00  .00  .00  .00","R01  0.007AAP092"
"72297793184","2003-06-26T07:59:00","6","33.68","-117.86639","16.5","SANTA ANA JOHN WAYNE AIRPORT, CA US","SOD  ","KSNA ","V020","999,9,9,9999,9","99999,9,9,9","999999,9,9,9","+9999,9","+9999,9","99999,9","24,0000,9,6",,,,,,,,,,,,,,,,,,"240,M,+0250,5","240,N,+0161,5",,,,,,,"10095,9,99999,4",,,"1,24,00760,220,1520,5","2,24,00626,200,1618,5","3,24,00224,999,9999,5","SOD54524 HR PRECIPITATION (IN): 0.00 24 HR MAX TEMP (F): 7724 HR MAX TEMP TIME (LST):1258 24 HR MIN TEMP (F): 6124 HR MIN TEMP TIME (LST):0542 AVERAGE STATION PRESSURE:29.81  PEAK WIND SPEED (MPH): 17 PEAK WIND DIR (DEG):220 PEAK WIND TIME (LST):1520  FASTEST 2MIN SPEED (MPH): 14FASTEST 2MIN DIR (DEG):200 FASTEST 2MIN TIME (LST):1618 AVERAGE WIND SPEED (MPH): 5.0 24 HR AVG TEMP (F):69 HOURLY INCREMENTAL PRECIPITATION VALUES (IN):.00  .00  .00  .00  .00  .00  .00  .00  .00  .00  .00  .00  .00  .00  .00  .00  .00  .00  .00  .00  .00  .00  .00  .00","R01  0.007AAP092"
"72297793184","2003-06-27T07:59:00","6","33.68","-117.86639","16.5","SANTA ANA JOHN WAYNE AIRPORT, CA US","SOD  ","KSNA ","V020","999,9,9,9999,9","99999,9,9,9","999999,9,9,9","+9999,9","+9999,9","99999,9","24,0000,9,6",,,,,,,,,,,,,,,,,,"240,M,+0267,5","240,N,+0161,5",,,,,,,"10098,9,99999,4",,,"1,24,00760,230,1445,5","2,24,00581,210,1426,5","3,24,00215,999,9999,5","SOD54524 HR PRECIPITATION (IN): 0.00 24 HR MAX TEMP (F): 8024 HR MAX TEMP TIME (LST):1401 24 HR MIN TEMP (F): 6124 HR MIN TEMP TIME (LST):0410 AVERAGE STATION PRESSURE:29.82  PEAK WIND SPEED (MPH): 17 PEAK WIND DIR (DEG):230 PEAK WIND TIME (LST):1445  FASTEST 2MIN SPEED (MPH): 13FASTEST 2MIN DIR (DEG):210 FASTEST 2MIN TIME (LST):1426 AVERAGE WIND SPEED (MPH): 4.8 24 HR AVG TEMP (F):71 HOURLY INCREMENTAL PRECIPITATION VALUES (IN):.00  .00  .00  .00  .00  .00  .00  .00  .00  .00  .00  .00  .00  .00  .00  .00  .00  .00  .00  .00  .00  .00  .00  .00","R01  0.007AAP092"
"72297793184","2003-06-28T07:59:00","6","33.68","-117.86639","16.5","SANTA ANA JOHN WAYNE AIRPORT, CA US","SOD  ","KSNA ","V020","999,9,9,9999,9","99999,9,9,9","999999,9,9,9","+9999,9","+9999,9","99999,9","24,0000,9,6",,,,,,,,,,,,,,,,,,"240,M,+0239,5","240,N,+0172,5",,,,,,,"10091,9,99999,4",,,"1,24,00805,220,1234,5","2,24,00626,220,1526,5","3,24,00273,999,9999,5","SOD54524 HR PRECIPITATION (IN): 0.00 24 HR MAX TEMP (F): 7524 HR MAX TEMP TIME (LST):1434 24 HR MIN TEMP (F): 6324 HR MIN TEMP TIME (LST):2359 AVERAGE STATION PRESSURE:29.80  PEAK WIND SPEED (MPH): 18 PEAK WIND DIR (DEG):220 PEAK WIND TIME (LST):1234  FASTEST 2MIN SPEED (MPH): 14FASTEST 2MIN DIR (DEG):220 FASTEST 2MIN TIME (LST):1526 AVERAGE WIND SPEED (MPH): 6.1 24 HR AVG TEMP (F):69 HOURLY INCREMENTAL PRECIPITATION VALUES (IN):.00  .00  .00  .00  .00  .00  .00  .00  .00  .00  .00  .00  .00  .00  .00  .00  .00  .00  .00  .00  .00  .00  .00  .00","R01  0.007AAP092"
"72297793184","2003-06-29T07:59:00","6","33.68","-117.86639","16.5","SANTA ANA JOHN WAYNE AIRPORT, CA US","SOD  ","KSNA ","V020","999,9,9,9999,9","99999,9,9,9","999999,9,9,9","+9999,9","+9999,9","99999,9","24,0000,9,6",,,,,,,,,,,,,,,,,,"240,M,+0233,5","240,N,+0167,5",,,,,,,"10091,9,99999,4",,,"1,24,00760,200,1550,5","2,24,00626,200,1557,5","3,24,00268,999,9999,5","SOD54524 HR PRECIPITATION (IN): 0.00 24 HR MAX TEMP (F): 7424 HR MAX TEMP TIME (LST):1354 24 HR MIN TEMP (F): 6224 HR MIN TEMP TIME (LST):0618 AVERAGE STATION PRESSURE:29.80  PEAK WIND SPEED (MPH): 17 PEAK WIND DIR (DEG):200 PEAK WIND TIME (LST):1550  FASTEST 2MIN SPEED (MPH): 14FASTEST 2MIN DIR (DEG):200 FASTEST 2MIN TIME (LST):1557 AVERAGE WIND SPEED (MPH): 6.0 24 HR AVG TEMP (F):68 HOURLY INCREMENTAL PRECIPITATION VALUES (IN):.00  .00  .00  .00  .00  .00  .00  .00  .00  .00  .00  .00  .00  .00  .00  .00  .00  .00  .00  .00  .00  .00  .00  .00","R01  0.007AAP092"
"72297793184","2003-06-30T07:59:00","6","33.68","-117.86639","16.5","SANTA ANA JOHN WAYNE AIRPORT, CA US","SOD  ","KSNA ","V020","999,9,9,9999,9","99999,9,9,9","999999,9,9,9","+9999,9","+9999,9","99999,9","24,0000,9,6",,,,,,,,,,,,,,,,,,"240,M,+0267,5","240,N,+0172,5",,,,,,,"10091,9,99999,4",,,"1,24,00760,220,1618,5","2,24,00581,220,1421,5","3,24,00259,999,9999,5","SOD52324 HR PRECIPITATION (IN): 0.00 24 HR MAX TEMP (F): 8024 HR MAX TEMP TIME (LST):1247 24 HR MIN TEMP (F): 6324 HR MIN TEMP TIME (LST):2354 AVERAGE STATION PRESSURE:29.80  PEAK WIND SPEED (MPH): 17 PEAK WIND DIR (DEG):220 PEAK WIND TIME (LST):1618  FASTEST 2MIN SPEED (MPH): 13FASTEST 2MIN DIR (DEG):220 FASTEST 2MIN TIME (LST):1421 AVERAGE WIND SPEED (MPH): 5.8 HOURLY INCREMENTAL PRECIPITATION VALUES (IN):.00  .00  .00  .00  .00  .00  .00  .00  .00  .00  .00  .00  .00  .00  .00  .00  .00  .00  .00  .00  .00  .00  .00  .00","R01  0.007AAP092"
"72297793184","2003-07-01T07:59:00","6","33.68","-117.86639","16.5","SANTA ANA JOHN WAYNE AIRPORT, CA US","SOD  ","KSNA ","V020","999,9,9,9999,9","99999,9,9,9","999999,9,9,9","+9999,9","+9999,9","99999,9","24,0000,9,6",,,,,,,,,,,,,,,,,,"240,M,+0256,5","240,N,+0167,5",,,,,,,"10095,9,99999,4",,,"1,24,00805,180,1126,5","2,24,00671,190,1127,5","3,24,00237,999,9999,5","SOD54524 HR PRECIPITATION (IN): 0.00 24 HR MAX TEMP (F): 7824 HR MAX TEMP TIME (LST):1733 24 HR MIN TEMP (F): 6224 HR MIN TEMP TIME (LST):0556 AVERAGE STATION PRESSURE:29.81  PEAK WIND SPEED (MPH): 18 PEAK WIND DIR (DEG):180 PEAK WIND TIME (LST):1126  FASTEST 2MIN SPEED (MPH): 15FASTEST 2MIN DIR (DEG):190 FASTEST 2MIN TIME (LST):1127 AVERAGE WIND SPEED (MPH): 5.3 24 HR AVG TEMP (F):70 HOURLY INCREMENTAL PRECIPITATION VALUES (IN):.00  .00  .00  .00  .00  .00  .00  .00  .00  .00  .00  .00  .00  .00  .00  .00  .00  .00  .00  .00  .00  .00  .00  .00","R01  0.007AAP092"
"72297793184","2003-07-01T07:59:00","6","33.68","-117.86639","16.5","SANTA ANA JOHN WAYNE AIRPORT, CA US","SOM  ","KSNA ","V020","999,9,9,9999,9","99999,9,9,9","999999,9,9,9","+9999,9","+9999,9","99999,9",,"00003,9,6","00003,9,2323,9999,9999,5","01,6,00,5,99,9,00,5","005,0003,9,230532,5","010,0003,9,230532,5","015,0003,9,230532,5","020,0003,9,230532,5","030,0003,9,230532,5","045,0003,9,230532,5","060,0003,9,230532,5","080,0003,9,230532,5","100,0003,9,230532,5","120,0003,9,230532,5","150,0003,9,230532,5","180,0003,9,230532,5",,,,,"720,N,+1622,5","720,M,+2161,5","720,A,+1894,5","720,H,0009,6","720,C,0050,6","00,5,00,5,00,5,00,5",,"10088,4,10122,4","10156,101147,5,10078,181735,5",,,,"SOM806PCP MTOT: 0.01 DEPNRM: 0.00 PCP GT 24HRS: 0.01 DATE(S):23 DAYS W/PCP >=.01: 1 DAYS W/PCP >=.10: 0 DAYS W/PCP >=1.00:  MSDP AMTS W/DATE-TIME TAGS:MIN:5  .01  23/0532 MIN:10  .01  23/0532 MIN:15  .01  23/0532 MIN:20  .01  23/0532 MIN:30  .01  23/0532 MIN:45  .01  23/0532 MIN:60  .01  23/0532 MIN:80  .01  23/0532 MIN:100  .01  23/0532 MIN:120  .01  23/0532 MIN:150  .01  23/0532 MIN:180  .01  23/0532 SN GT DP ON GRND:0 DATE(S):0  AVG DLY MIN: 61.2 AVG DLY MAX: 70.9 AVG MLY TMP: 66.1 DAYS MAX <=32:  DAYS MAX >=70: 0 DAYS MAX >=90: 0 DAYS MIN <=32: 0 DAYS MIN  <=0: 0 AVG STP:29.79  AVG SLP:29.89  LWST SLP:29.76 DATE/TIME:181735 HGST SLP:29.99 DATE/TIME:101147 HDD MTH TOT:   9 DEP NORM:-255 SEASON(JUL 1-JUN 30): 1116 DEP NORM:92013 CDD MTH TOT:  50 DEP NORM:-255 SEASON(JAN 1-DEC 31):  109 DEP NORM:2225","R01  0.017ABP070R02     17AE1100R03     97KDH045R04    507KDC058"
"72297793184","2003-07-02T07:59:00","6","33.68","-117.86639","16.5","SANTA ANA JOHN WAYNE AIRPORT, CA US","SOD  ","KSNA ","V020","999,9,9,9999,9","99999,9,9,9","999999,9,9,9","+9999,9","+9999,9","99999,9","24,0000,9,5",,,,,,,,,,,,,,,,"0000,5","000,5","240,M,+0261,5","240,N,+0167,6",,,,,,,"10098,9,99999,4",,,"1,24,00805,220,1401,5","2,24,00715,200,1357,5","3,24,00317,999,9999,5","SOD60524 HR PRECIPITATION (IN): 0.00 TOTAL SUNSHINE (MINUTES):   0 PERCENT POSSIBLE SUNSHINE:  0 24 HR MAX TEMP (F): 7924 HR MAX TEMP TIME (LST):1410 24 HR MIN TEMP (F): 6224 HR MIN TEMP TIME (LST):0548 AVERAGE STATION PRESSURE:29.82  PEAK WIND SPEED (MPH): 18 PEAK WIND DIR (DEG):220 PEAK WIND TIME (LST):1401  FASTEST 2MIN SPEED (MPH): 16FASTEST 2MIN DIR (DEG):200 FASTEST 2MIN TIME (LST):1357 AVERAGE WIND SPEED (MPH): 7.1 24 HR AVG TEMP (F):71 HOURLY INCREMENTAL PRECIPITATION VALUES (IN):.00  .00  .00  .00  .00  .00  .00  .00  .00  .00  .00  .00  .00  .00  .00  .00  .00  .00  .00  .00  .00  .00  .00  .00","R01    627KAN014"
"72297793184","2003-07-03T07:59:00","6","33.68","-117.86639","16.5","SANTA ANA JOHN WAYNE AIRPORT, CA US","SOD  ","KSNA ","V020","999,9,9,9999,9","99999,9,9,9","999999,9,9,9","+9999,9","+9999,9","99999,9","24,0000,9,5",,,,,,,,,,,,,,,,"0000,5","000,5","240,M,+0272,5","240,N,+0172,5",,,,,,,"10091,9,99999,4",,,"1,24,00894,200,1525,5","2,24,00760,210,1427,5","3,24,00308,999,9999,5","SOD60524 HR PRECIPITATION (IN): 0.00 TOTAL SUNSHINE (MINUTES):   0 PERCENT POSSIBLE SUNSHINE:  0 24 HR MAX TEMP (F): 8124 HR MAX TEMP TIME (LST):1126 24 HR MIN TEMP (F): 6324 HR MIN TEMP TIME (LST):0526 AVERAGE STATION PRESSURE:29.80  PEAK WIND SPEED (MPH): 20 PEAK WIND DIR (DEG):200 PEAK WIND TIME (LST):1525  FASTEST 2MIN SPEED (MPH): 17FASTEST 2MIN DIR (DEG):210 FASTEST 2MIN TIME (LST):1427 AVERAGE WIND SPEED (MPH): 6.9 24 HR AVG TEMP (F):72 HOURLY INCREMENTAL PRECIPITATION VALUES (IN):.00  .00  .00  .00  .00  .00  .00  .00  .00  .00  .00  .00  .00  .00  .00  .00  .00  .00  .00  .00  .00  .00  .00  .00",
"72297793184","2003-07-04T07:59:00","6","33.68","-117.86639","16.5","SANTA ANA JOHN WAYNE AIRPORT, CA US","SOD  ","KSNA ","V020","999,9,9,9999,9","99999,9,9,9","999999,9,9,9","+9999,9","+9999,9","99999,9","24,0000,9,5",,,,,,,,,,,,,,,,"0000,5","000,5","240,M,+0289,5","240,N,+0189,5",,,,,,,"10088,9,99999,4",,,"1,24,00671,240,1352,5","2,24,00581,220,1215,5","3,24,00250,999,9999,5","SOD60524 HR PRECIPITATION (IN): 0.00 TOTAL SUNSHINE (MINUTES):   0 PERCENT POSSIBLE SUNSHINE:  0 24 HR MAX TEMP (F): 8424 HR MAX TEMP TIME (LST):1305 24 HR MIN TEMP (F): 6624 HR MIN TEMP TIME (LST):0515 AVERAGE STATION PRESSURE:29.79  PEAK WIND SPEED (MPH): 15 PEAK WIND DIR (DEG):240 PEAK WIND TIME (LST):1352  FASTEST 2MIN SPEED (MPH): 13FASTEST 2MIN DIR (DEG):220 FASTEST 2MIN TIME (LST):1215 AVERAGE WIND SPEED (MPH): 5.6 24 HR AVG TEMP (F):75 HOURLY INCREMENTAL PRECIPITATION VALUES (IN):.00  .00  .00  .00  .00  .00  .00  .00  .00  .00  .00  .00  .00  .00  .00  .00  .00  .00  .00  .00  .00  .00  .00  .00",
"72297793184","2003-07-05T07:59:00","6","33.68","-117.86639","16.5","SANTA ANA JOHN WAYNE AIRPORT, CA US","SOD  ","KSNA ","V020","999,9,9,9999,9","99999,9,9,9","999999,9,9,9","+9999,9","+9999,9","99999,9","24,0000,9,5",,,,,,,,,,,,,,,,"0000,5","000,5","240,M,+0283,5","240,N,+0178,5",,,,,,,"10071,9,99999,4",,,"1,24,00760,210,1359,5","2,24,00671,210,1149,5","3,24,00255,999,9999,5","SOD60524 HR PRECIPITATION (IN): 0.00 TOTAL SUNSHINE (MINUTES):   0 PERCENT POSSIBLE SUNSHINE:  0 24 HR MAX TEMP (F): 8324 HR MAX TEMP TIME (LST):1242 24 HR MIN TEMP (F): 6424 HR MIN TEMP TIME (LST):0516 AVERAGE STATION PRESSURE:29.74  PEAK WIND SPEED (MPH): 17 PEAK WIND DIR (DEG):210 PEAK WIND TIME (LST):1359  FASTEST 2MIN SPEED (MPH): 15FASTEST 2MIN DIR (DEG):210 FASTEST 2MIN TIME (LST):1149 AVERAGE WIND SPEED (MPH): 5.7 24 HR AVG TEMP (F):74 HOURLY INCREMENTAL PRECIPITATION VALUES (IN):.00  .00  .00  .00  .00  .00  .00  .00  .00  .00  .00  .00  .00  .00  .00  .00  .00  .00  .00  .00  .00  .00  .00  .00",
"72297793184","2003-07-06T07:59:00","6","33.68","-117.86639","16.5","SANTA ANA JOHN WAYNE AIRPORT, CA US","SOD  ","KSNA ","V020","999,9,9,9999,9","99999,9,9,9","999999,9,9,9","+9999,9","+9999,9","99999,9","24,0000,9,5",,,,,,,,,,,,,,,,,,"240,M,+0278,5","240,N,+0178,5",,,,,,,"10068,9,99999,4",,,"1,24,00805,220,1716,5","2,24,00715,210,1700,5","3,24,00291,999,9999,5","SOD54524 HR PRECIPITATION (IN): 0.00 24 HR MAX TEMP (F): 8224 HR MAX TEMP TIME (LST):1315 24 HR MIN TEMP (F): 6424 HR MIN TEMP TIME (LST):0519 AVERAGE STATION PRESSURE:29.73  PEAK WIND SPEED (MPH): 18 PEAK WIND DIR (DEG):220 PEAK WIND TIME (LST):1716  FASTEST 2MIN SPEED (MPH): 16FASTEST 2MIN DIR (DEG):210 FASTEST 2MIN TIME (LST):1700 AVERAGE WIND SPEED (MPH): 6.5 24 HR AVG TEMP (F):73 HOURLY INCREMENTAL PRECIPITATION VALUES (IN):.00  .00  .00  .00  .00  .00  .00  .00  .00  .00  .00  .00  .00  .00  .00  .00  .00  .00  .00  .00  .00  .00  .00  .00",
"72297793184","2003-07-07T07:59:00","6","33.68","-117.86639","16.5","SANTA ANA JOHN WAYNE AIRPORT, CA US","SOD  ","KSNA ","V020","999,9,9,9999,9","99999,9,9,9","999999,9,9,9","+9999,9","+9999,9","99999,9","24,0000,9,5",,,,,,,,,,,,,,,,,,"240,M,+0239,5","240,N,+0183,5",,,,,,,"10061,9,99999,4",,,"1,24,00939,200,1306,5","2,24,00760,210,1250,5","3,24,00353,999,9999,5","SOD54524 HR PRECIPITATION (IN): 0.00 24 HR MAX TEMP (F): 7524 HR MAX TEMP TIME (LST):1425 24 HR MIN TEMP (F): 6524 HR MIN TEMP TIME (LST):0211 AVERAGE STATION PRESSURE:29.71  PEAK WIND SPEED (MPH): 21 PEAK WIND DIR (DEG):200 PEAK WIND TIME (LST):1306  FASTEST 2MIN SPEED (MPH): 17FASTEST 2MIN DIR (DEG):210 FASTEST 2MIN TIME (LST):1250 AVERAGE WIND SPEED (MPH): 7.9 24 HR AVG TEMP (F):70 HOURLY INCREMENTAL PRECIPITATION VALUES (IN):.00  .00  .00  .00  .00  .00  .00  .00  .00  .00  .00  .00  .00  .00  .00  .00  .00  .00  .00  .00  .00  .00  .00  .00",
"72297793184","2003-07-08T07:59:00","6","33.68","-117.86639","16.5","SANTA ANA JOHN WAYNE AIRPORT, CA US","SOD  ","KSNA ","V020","999,9,9,9999,9","99999,9,9,9","999999,9,9,9","+9999,9","+9999,9","99999,9","24,0000,9,5",,,,,,,,,,,,,,,,,,"240,M,+0244,5","240,N,+0183,5",,,,,,,"10078,9,99999,4",,,"1,24,00760,210,1520,5","2,24,00671,200,1444,5","3,24,00326,999,9999,5","SOD54524 HR PRECIPITATION (IN): 0.00 24 HR MAX TEMP (F): 7624 HR MAX TEMP TIME (LST):1319 24 HR MIN TEMP (F): 6524 HR MIN TEMP TIME (LST):0440 AVERAGE STATION PRESSURE:29.76  PEAK WIND SPEED (MPH): 17 PEAK WIND DIR (DEG):210 PEAK WIND TIME (LST):1520  FASTEST 2MIN SPEED (MPH): 15FASTEST 2MIN DIR (DEG):200 FASTEST 2MIN TIME (LST):1444 AVERAGE WIND SPEED (MPH): 7.3 24 HR AVG TEMP (F):71 HOURLY INCREMENTAL PRECIPITATION VALUES (IN):.00  .00  .00  .00  .00  .00  .00  .00  .00  .00  .00  .00  .00  .00  .00  .00  .00  .00  .00  .00  .00  .00  .00  .00",
"72297793184","2003-07-09T07:59:00","6","33.68","-117.86639","16.5","SANTA ANA JOHN WAYNE AIRPORT, CA US","SOD  ","KSNA ","V020","999,9,9,9999,9","99999,9,9,9","999999,9,9,9","+9999,9","+9999,9","99999,9","24,0000,9,5",,,,,,,,,,,,,,,,,,"240,M,+0233,5","240,N,+0189,5",,,,,,,"10091,9,99999,4",,,"1,24,00894,210,1253,5","2,24,00626,210,1319,5","3,24,00313,999,9999,5","SOD54524 HR PRECIPITATION (IN): 0.00 24 HR MAX TEMP (F): 7424 HR MAX TEMP TIME (LST):1547 24 HR MIN TEMP (F): 6624 HR MIN TEMP TIME (LST):2343 AVERAGE STATION PRESSURE:29.80  PEAK WIND SPEED (MPH): 20 PEAK WIND DIR (DEG):210 PEAK WIND TIME (LST):1253  FASTEST 2MIN SPEED (MPH): 14FASTEST 2MIN DIR (DEG):210 FASTEST 2MIN TIME (LST):1319 AVERAGE WIND SPEED (MPH): 7.0 24 HR AVG TEMP (F):70 HOURLY INCREMENTAL PRECIPITATION VALUES (IN):.00  .00  .00  .00  .00  .00  .00  .00  .00  .00  .00  .00  .00  .00  .00  .00  .00  .00  .00  .00  .00  .00  .00  .00",
"72297793184","2003-07-10T07:59:00","6","33.68","-117.86639","16.5","SANTA ANA JOHN WAYNE AIRPORT, CA US","SOD  ","KSNA ","V020","999,9,9,9999,9","99999,9,9,9","999999,9,9,9","+9999,9","+9999,9","99999,9","24,0000,9,5",,,,,,,,,,,,,,,,,,"240,M,+0244,5","240,N,+0183,5",,,,,,,"10098,9,99999,4",,,"1,24,00715,200,1615,5","2,24,00626,200,1524,5","3,24,00259,999,9999,5","SOD54524 HR PRECIPITATION (IN): 0.00 24 HR MAX TEMP (F): 7624 HR MAX TEMP TIME (LST):1317 24 HR MIN TEMP (F): 6524 HR MIN TEMP TIME (LST):0558 AVERAGE STATION PRESSURE:29.82  PEAK WIND SPEED (MPH): 16 PEAK WIND DIR (DEG):200 PEAK WIND TIME (LST):1615  FASTEST 2MIN SPEED (MPH): 14FASTEST 2MIN DIR (DEG):200 FASTEST 2MIN TIME (LST):1524 AVERAGE WIND SPEED (MPH): 5.8 24 HR AVG TEMP (F):71 HOURLY INCREMENTAL PRECIPITATION VALUES (IN):.00  .00  .00  .00  .00  .00  .00  .00  .00  .00  .00  .00  .00  .00  .00  .00  .00  .00  .00  .00  .00  .00  .00  .00",
"72297793184","2003-07-11T07:59:00","6","33.68","-117.86639","16.5","SANTA ANA JOHN WAYNE AIRPORT, CA US","SOD  ","KSNA ","V020","999,9,9,9999,9","99999,9,9,9","999999,9,9,9","+9999,9","+9999,9","99999,9","24,0000,9,5",,,,,,,,,,,,,,,,,,"240,M,+0267,5","240,N,+0189,5",,,,,,,"10091,9,99999,4",,,"1,24,00939,190,1000,5","2,24,00715,180,1006,5","3,24,00255,999,9999,5","SOD54524 HR PRECIPITATION (IN): 0.00 24 HR MAX TEMP (F): 8024 HR MAX TEMP TIME (LST):1623 24 HR MIN TEMP (F): 6624 HR MIN TEMP TIME (LST):0501 AVERAGE STATION PRESSURE:29.80  PEAK WIND SPEED (MPH): 21 PEAK WIND DIR (DEG):190 PEAK WIND TIME (LST):1000  FASTEST 2MIN SPEED (MPH): 16FASTEST 2MIN DIR (DEG):180 FASTEST 2MIN TIME (LST):1006 AVERAGE WIND SPEED (MPH): 5.7 24 HR AVG TEMP (F):73 HOURLY INCREMENTAL PRECIPITATION VALUES (IN):.00  .00  .00  .00  .00  .00  .00  .00  .00  .00  .00  .00  .00  .00  .00  .00  .00  .00  .00  .00  .00  .00  .00  .00",
"72297793184","2003-07-12T07:59:00","6","33.68","-117.86639","16.5","SANTA ANA JOHN WAYNE AIRPORT, CA US","SOD  ","KSNA ","V020","999,9,9,9999,9","99999,9,9,9","999999,9,9,9","+9999,9","+9999,9","99999,9","24,0000,9,5",,,,,,,,,,,,,,,,"0000,5","000,5","240,M,+0261,5","240,N,+0189,5",,,,,,,"10112,9,99999,4",,,"1,24,01028,160,0446,5","2,24,00760,210,1548,5","3,24,00362,999,9999,5","SOD60524 HR PRECIPITATION (IN): 0.00 TOTAL SUNSHINE (MINUTES):   0 PERCENT POSSIBLE SUNSHINE:  0 24 HR MAX TEMP (F): 7924 HR MAX TEMP TIME (LST):1057 24 HR MIN TEMP (F): 6624 HR MIN TEMP TIME (LST):2359 AVERAGE STATION PRESSURE:29.86  PEAK WIND SPEED (MPH): 23 PEAK WIND DIR (DEG):160 PEAK WIND TIME (LST):0446  FASTEST 2MIN SPEED (MPH): 17FASTEST 2MIN DIR (DEG):210 FASTEST 2MIN TIME (LST):1548 AVERAGE WIND SPEED (MPH): 8.1 24 HR AVG TEMP (F):73 HOURLY INCREMENTAL PRECIPITATION VALUES (IN):.00  .00  .00  .00  .00  .00  .00  .00  .00  .00  .00  .00  .00  .00  .00  .00  .00  .00  .00  .00  .00  .00  .00  .00",
"72297793184","2003-07-13T07:59:00","6","33.68","-117.86639","16.5","SANTA ANA JOHN WAYNE AIRPORT, CA US","SOD  ","KSNA ","V020","999,9,9,9999,9","99999,9,9,9","999999,9,9,9","+9999,9","+9999,9","99999,9","24,0000,9,5",,,,,,,,,,,,,,,,"0000,5","000,5","240,M,+0272,5","240,N,+0178,5",,,,,,,"10125,9,99999,4",,,"1,24,00805,230,1213,5","2,24,00671,200,1203,5","3,24,00255,999,9999,5","SOD60524 HR PRECIPITATION (IN): 0.00 TOTAL SUNSHINE (MINUTES):   0 PERCENT POSSIBLE SUNSHINE:  0 24 HR MAX TEMP (F): 8124 HR MAX TEMP TIME (LST):1140 24 HR MIN TEMP (F): 6424 HR MIN TEMP TIME (LST):0532 AVERAGE STATION PRESSURE:29.90  PEAK WIND SPEED (MPH): 18 PEAK WIND DIR (DEG):230 PEAK WIND TIME (LST):1213  FASTEST 2MIN SPEED (MPH): 15FASTEST 2MIN DIR (DEG):200 FASTEST 2MIN TIME (LST):1203 AVERAGE WIND SPEED (MPH): 5.7 24 HR AVG TEMP (F):73 HOURLY INCREMENTAL PRECIPITATION VALUES (IN):.00  .00  .00  .00  .00  .00  .00  .00  .00  .00  .00  .00  .00  .00  .00  .00  .00  .00  .00  .00  .00  .00  .00  .00",
"72297793184","2003-07-14T07:59:00","6","33.68","-117.86639","16.5","SANTA ANA JOHN WAYNE AIRPORT, CA US","SOD  ","KSNA ","V020","999,9,9,9999,9","99999,9,9,9","999999,9,9,9","+9999,9","+9999,9","99999,9","24,0000,9,5",,,,,,,,,,,,,,,,"0000,5","000,5","240,M,+0278,5","240,N,+0194,5",,,,,,,"10112,9,99999,4",,,"1,24,00805,220,1214,5","2,24,00671,210,1035,5","3,24,00250,999,9999,5","SOD60524 HR PRECIPITATION (IN): 0.00 TOTAL SUNSHINE (MINUTES):   0 PERCENT POSSIBLE SUNSHINE:  0 24 HR MAX TEMP (F): 8224 HR MAX TEMP TIME (LST):1424 24 HR MIN TEMP (F): 6724 HR MIN TEMP TIME (LST):0640 AVERAGE STATION PRESSURE:29.86  PEAK WIND SPEED (MPH): 18 PEAK WIND DIR (DEG):220 PEAK WIND TIME (LST):1214  FASTEST 2MIN SPEED (MPH): 15FASTEST 2MIN DIR (DEG):210 FASTEST 2MIN TIME (LST):1035 AVERAGE WIND SPEED (MPH): 5.6 24 HR AVG TEMP (F):75 HOURLY INCREMENTAL PRECIPITATION VALUES (IN):.00  .00  .00  .00  .00  .00  .00  .00  .00  .00  .00  .00  .00  .00  .00  .00  .00  .00  .00  .00  .00  .00  .00  .00",
"72297793184","2003-07-15T07:59:00","6","33.68","-117.86639","16.5","SANTA ANA JOHN WAYNE AIRPORT, CA US","SOD  ","KSNA ","V020","999,9,9,9999,9","99999,9,9,9","999999,9,9,9","+9999,9","+9999,9","99999,9","24,0000,9,5",,,,,,,,,,,,,,,,"0000,5","000,5","240,M,+0256,5","240,N,+0194,5",,,,,,,"10088,9,99999,4",,,"1,24,00805,200,1213,5","2,24,00671,210,1302,5","3,24,00286,999,9999,5","SOD60524 HR PRECIPITATION (IN): 0.00 TOTAL SUNSHINE (MINUTES):   0 PERCENT POSSIBLE SUNSHINE:  0 24 HR MAX TEMP (F): 7824 HR MAX TEMP TIME (LST):1412 24 HR MIN TEMP (F): 6724 HR MIN TEMP TIME (LST):0545 AVERAGE STATION PRESSURE:29.79  PEAK WIND SPEED (MPH): 18 PEAK WIND DIR (DEG):200 PEAK WIND TIME (LST):1213  FASTEST 2MIN SPEED (MPH): 15FASTEST 2MIN DIR (DEG):210 FASTEST 2MIN TIME (LST):1302 AVERAGE WIND SPEED (MPH): 6.4 24 HR AVG TEMP (F):73 HOURLY INCREMENTAL PRECIPITATION VALUES (IN):.00  .00  .00  .00  .00  .00  .00  .00  .00  .00  .00  .00  .00  .00  .00  .00  .00  .00  .00  .00  .00  .00  .00  .00",
"72297793184","2003-07-16T07:59:00","6","33.68","-117.86639","16.5","SANTA ANA JOHN WAYNE AIRPORT, CA US","SOD  ","KSNA ","V020","999,9,9,9999,9","99999,9,9,9","999999,9,9,9","+9999,9","+9999,9","99999,9","24,0000,9,5",,,,,,,,,,,,,,,,"0000,5","000,5","240,M,+0261,5","240,N,+0200,5",,,,,,,"10071,9,99999,4",,,"1,24,00983,190,1643,5","2,24,00894,200,1611,5","3,24,00326,999,9999,5","SOD60524 HR PRECIPITATION (IN): 0.00 TOTAL SUNSHINE (MINUTES):   0 PERCENT POSSIBLE SUNSHINE:  0 24 HR MAX TEMP (F): 7924 HR MAX TEMP TIME (LST):1342 24 HR MIN TEMP (F): 6824 HR MIN TEMP TIME (LST):0321 AVERAGE STATION PRESSURE:29.74  PEAK WIND SPEED (MPH): 22 PEAK WIND DIR (DEG):190 PEAK WIND TIME (LST):1643  FASTEST 2MIN SPEED (MPH): 20FASTEST 2MIN DIR (DEG):200 FASTEST 2MIN TIME (LST):1611 AVERAGE WIND SPEED (MPH): 7.3 24 HR AVG TEMP (F):74 HOURLY INCREMENTAL PRECIPITATION VALUES (IN):.00  .00  .00  .00  .00  .00  .00  .00  .00  .00  .00  .00  .00  .00  .00  .00  .00  .00  .00  .00  .00  .00  .00  .00",
"72297793184","2003-07-17T07:59:00","6","33.68","-117.86639","16.5","SANTA ANA JOHN WAYNE AIRPORT, CA US","SOD  ","KSNA ","V020","999,9,9,9999,9","99999,9,9,9","999999,9,9,9","+9999,9","+9999,9","99999,9","24,0000,2,5",,,,,,,,,,,,,,,,,,"240,M,+0317,5","240,N,+0200,5",,,,,,,"10064,9,99999,4",,,"1,24,01028,180,1139,5","2,24,00894,190,1140,5","3,24,00259,999,9999,5","SOD52324 HR PRECIPITATION (IN):  T   24 HR MAX TEMP (F): 8924 HR MAX TEMP TIME (LST):1834 24 HR MIN TEMP (F): 6824 HR MIN TEMP TIME (LST):0419 AVERAGE STATION PRESSURE:29.72  PEAK WIND SPEED (MPH): 23 PEAK WIND DIR (DEG):180 PEAK WIND TIME (LST):1139  FASTEST 2MIN SPEED (MPH): 20FASTEST 2MIN DIR (DEG):190 FASTEST 2MIN TIME (LST):1140 AVERAGE WIND SPEED (MPH): 5.8 HOURLY INCREMENTAL PRECIPITATION VALUES (IN):.00  .00  .00  .00  .00  .00  .00  .00  .00  .00  .00  .00  .00   T   .00  .00  .00  .00  .00  .00  .00  .00  .00  .00",
"72297793184","2003-07-18T07:59:00","6","33.68","-117.86639","16.5","SANTA ANA JOHN WAYNE AIRPORT, CA US","SOD  ","KSNA ","V020","999,9,9,9999,9","99999,9,9,9","999999,9,9,9","+9999,9","+9999,9","99999,9","24,0000,9,6",,,,,,,,,,,,,,,,"0000,5","000,5","240,M,+0289,5","240,N,+0206,5",,,,,,,"10095,9,99999,4",,,"1,24,00805,180,1733,5","2,24,00715,220,1128,5","3,24,00308,999,9999,5","SOD60524 HR PRECIPITATION (IN): 0.00 TOTAL SUNSHINE (MINUTES):   0 PERCENT POSSIBLE SUNSHINE:  0 24 HR MAX TEMP (F): 8424 HR MAX TEMP TIME (LST):0958 24 HR MIN TEMP (F): 6924 HR MIN TEMP TIME (LST):0605 AVERAGE STATION PRESSURE:29.81  PEAK WIND SPEED (MPH): 18 PEAK WIND DIR (DEG):180 PEAK WIND TIME (LST):1733  FASTEST 2MIN SPEED (MPH): 16FASTEST 2MIN DIR (DEG):220 FASTEST 2MIN TIME (LST):1128 AVERAGE WIND SPEED (MPH): 6.9 24 HR AVG TEMP (F):77 HOURLY INCREMENTAL PRECIPITATION VALUES (IN):.00  .00  .00  .00  .00  .00  .00  .00  .00  .00  .00  .00  .00  .00  .00  .00  .00  .00  .00  .00  .00  .00  .00  .00","R01  0.007AAP092"
"72297793184","2003-07-19T07:59:00","6","33.68","-117.86639","16.5","SANTA ANA JOHN WAYNE AIRPORT, CA US","SOD  ","KSNA ","V020","999,9,9,9999,9","99999,9,9,9","999999,9,9,9","+9999,9","+9999,9","99999,9","24,0000,2,5",,,,,,,,,,,,,,,,"0000,5","000,5","240,M,+0239,5","240,N,+0206,5",,,,,,,"10125,9,99999,4",,,"1,24,00671,190,1553,5","2,24,00626,190,0922,5","3,24,00277,999,9999,5","SOD60524 HR PRECIPITATION (IN):  T   TOTAL SUNSHINE (MINUTES):   0 PERCENT POSSIBLE SUNSHINE:  0 24 HR MAX TEMP (F): 7524 HR MAX TEMP TIME (LST):1607 24 HR MIN TEMP (F): 6924 HR MIN TEMP TIME (LST):2320 AVERAGE STATION PRESSURE:29.90  PEAK WIND SPEED (MPH): 15 PEAK WIND DIR (DEG):190 PEAK WIND TIME (LST):1553  FASTEST 2MIN SPEED (MPH): 14FASTEST 2MIN DIR (DEG):190 FASTEST 2MIN TIME (LST):0922 AVERAGE WIND SPEED (MPH): 6.2 24 HR AVG TEMP (F):72 HOURLY INCREMENTAL PRECIPITATION VALUES (IN): T   .00  .00  .00  .00  .00  .00  .00  .00  .00  .00  .00  .00  .00  .00  .00  .00  .00  .00  .00  .00  .00  .00  .00",
"72297793184","2003-07-20T07:59:00","6","33.68","-117.86639","16.5","SANTA ANA JOHN WAYNE AIRPORT, CA US","SOD  ","KSNA ","V020","999,9,9,9999,9","99999,9,9,9","999999,9,9,9","+9999,9","+9999,9","99999,9","24,0000,9,6",,,,,,,,,,,,,,,,"0000,5","000,5","240,M,+0278,5","240,N,+0206,5",,,,,,,"10125,9,99999,4",,,"1,24,00894,190,1322,5","2,24,00715,190,1322,5","3,24,00277,999,9999,5","SOD60524 HR PRECIPITATION (IN): 0.00 TOTAL SUNSHINE (MINUTES):   0 PERCENT POSSIBLE SUNSHINE:  0 24 HR MAX TEMP (F): 8224 HR MAX TEMP TIME (LST):1119 24 HR MIN TEMP (F): 6924 HR MIN TEMP TIME (LST):0522 AVERAGE STATION PRESSURE:29.90  PEAK WIND SPEED (MPH): 20 PEAK WIND DIR (DEG):190 PEAK WIND TIME (LST):1322  FASTEST 2MIN SPEED (MPH): 16FASTEST 2MIN DIR (DEG):190 FASTEST 2MIN TIME (LST):1322 AVERAGE WIND SPEED (MPH): 6.2 24 HR AVG TEMP (F):76 HOURLY INCREMENTAL PRECIPITATION VALUES (IN):.00  .00  .00  .00  .00  .00  .00  .00  .00  .00  .00  .00  .00  .00  .00  .00  .00  .00  .00  .00  .00  .00  .00  .00","R01  0.007AAP092"
"72297793184","2003-07-21T07:59:00","6","33.68","-117.86639","16.5","SANTA ANA JOHN WAYNE AIRPORT, CA US","SOD  ","KSNA ","V020","999,9,9,9999,9","99999,9,9,9","999999,9,9,9","+9999,9","+9999,9","99999,9","24,0000,9,6",,,,,,,,,,,,,,,,"0000,5","000,5","240,M,+0289,5","240,N,+0206,5",,,,,,,"10119,9,99999,4",,,"1,24,00626,210,1937,5","2,24,00581,200,1932,5","3,24,00286,999,9999,5","SOD60524 HR PRECIPITATION (IN): 0.00 TOTAL SUNSHINE (MINUTES):   0 PERCENT POSSIBLE SUNSHINE:  0 24 HR MAX TEMP (F): 8424 HR MAX TEMP TIME (LST):1509 24 HR MIN TEMP (F): 6924 HR MIN TEMP TIME (LST):0605 AVERAGE STATION PRESSURE:29.88  PEAK WIND SPEED (MPH): 14 PEAK WIND DIR (DEG):210 PEAK WIND TIME (LST):1937  FASTEST 2MIN SPEED (MPH): 13FASTEST 2MIN DIR (DEG):200 FASTEST 2MIN TIME (LST):1932 AVERAGE WIND SPEED (MPH): 6.4 24 HR AVG TEMP (F):77 HOURLY INCREMENTAL PRECIPITATION VALUES (IN):.00  .00  .00  .00  .00  .00  .00  .00  .00  .00  .00  .00  .00  .00  .00  .00  .00  .00  .00  .00  .00  .00  .00  .00","R01  0.007AAP092"
"72297793184","2003-07-22T07:59:00","6","33.68","-117.86639","16.5","SANTA ANA JOHN WAYNE AIRPORT, CA US","SOD  ","KSNA ","V020","999,9,9,9999,9","99999,9,9,9","999999,9,9,9","+9999,9","+9999,9","99999,9","24,0000,9,6",,,,,,,,,,,,,,,,"0000,5","000,5","240,M,+0283,5","240,N,+0211,5",,,,,,,"10108,9,99999,4",,,"1,24,00671,220,1351,5","2,24,00581,220,1352,5","3,24,00232,999,9999,5","SOD60524 HR PRECIPITATION (IN): 0.00 TOTAL SUNSHINE (MINUTES):   0 PERCENT POSSIBLE SUNSHINE:  0 24 HR MAX TEMP (F): 8324 HR MAX TEMP TIME (LST):1028 24 HR MIN TEMP (F): 7024 HR MIN TEMP TIME (LST):2359 AVERAGE STATION PRESSURE:29.85  PEAK WIND SPEED (MPH): 15 PEAK WIND DIR (DEG):220 PEAK WIND TIME (LST):1351  FASTEST 2MIN SPEED (MPH): 13FASTEST 2MIN DIR (DEG):220 FASTEST 2MIN TIME (LST):1352 AVERAGE WIND SPEED (MPH): 5.2 24 HR AVG TEMP (F):77 HOURLY INCREMENTAL PRECIPITATION VALUES (IN):.00  .00  .00  .00  .00  .00  .00  .00  .00  .00  .00  .00  .00  .00  .00  .00  .00  .00  .00  .00  .00  .00  .00  .00","R01  0.007AAP092"
"72297793184","2003-07-23T07:59:00","6","33.68","-117.86639","16.5","SANTA ANA JOHN WAYNE AIRPORT, CA US","SOD  ","KSNA ","V020","999,9,9,9999,9","99999,9,9,9","999999,9,9,9","+9999,9","+9999,9","99999,9","24,0000,2,5",,,,,,,,,,,,,,,,"0000,5","000,5","240,M,+0233,5","240,N,+0189,5",,,,,,,"10102,9,99999,4",,,"1,24,00715,180,1453,5","2,24,00581,220,1703,5","3,24,00264,999,9999,5","SOD58324 HR PRECIPITATION (IN):  T   TOTAL SUNSHINE (MINUTES):   0 PERCENT POSSIBLE SUNSHINE:  0 24 HR MAX TEMP (F): 7424 HR MAX TEMP TIME (LST):1059 24 HR MIN TEMP (F): 6624 HR MIN TEMP TIME (LST):2359 AVERAGE STATION PRESSURE:29.83  PEAK WIND SPEED (MPH): 16 PEAK WIND DIR (DEG):180 PEAK WIND TIME (LST):1453  FASTEST 2MIN SPEED (MPH): 13FASTEST 2MIN DIR (DEG):220 FASTEST 2MIN TIME (LST):1703 AVERAGE WIND SPEED (MPH): 5.9 HOURLY INCREMENTAL PRECIPITATION VALUES (IN):.00  .00  .00  .00  .00  .00  .00  .00  .00  .00  .00   T   .00  .00  .00  .00  .00  .00  .00  .00  .00  .00  .00  .00",
"72297793184","2003-07-24T07:59:00","6","33.68","-117.86639","16.5","SANTA ANA JOHN WAYNE AIRPORT, CA US","SOD  ","KSNA ","V020","999,9,9,9999,9","99999,9,9,9","999999,9,9,9","+9999,9","+9999,9","99999,9","24,0000,9,6",,,,,,,,,,,,,,,,"0000,5","000,5","240,M,+0256,5","240,N,+0189,5",,,,,,,,,,"1,24,00715,210,1415,5","2,24,00581,190,1733,5","3,24,00282,999,9999,5","SOD57324 HR PRECIPITATION (IN): 0.00 TOTAL SUNSHINE (MINUTES):   0 PERCENT POSSIBLE SUNSHINE:  0 24 HR MAX TEMP (F): 7824 HR MAX TEMP TIME (LST):1419 24 HR MIN TEMP (F): 6624 HR MIN TEMP TIME (LST):0032 PEAK WIND SPEED (MPH): 16 PEAK WIND DIR (DEG):210 PEAK WIND TIME (LST):1415  FASTEST 2MIN SPEED (MPH): 13FASTEST 2MIN DIR (DEG):190 FASTEST 2MIN TIME (LST):1733 AVERAGE WIND SPEED (MPH): 6.3 24 HR AVG TEMP (F):72 HOURLY INCREMENTAL PRECIPITATION VALUES (IN):.00  .00  .00  .00  .00  .00  .00  .00  .00  .00  .00  .00  .00  .00  .00  .00  .00  .00  .00  .00  .00  .00  .00  .00","R01  0.007AAP092"
"72297793184","2003-07-25T07:59:00","6","33.68","-117.86639","16.5","SANTA ANA JOHN WAYNE AIRPORT, CA US","SOD  ","KSNA ","V020","999,9,9,9999,9","99999,9,9,9","999999,9,9,9","+9999,9","+9999,9","99999,9","24,0000,9,6",,,,,,,,,,,,,,,,"0000,5","000,5","240,M,+0250,5","240,N,+0200,5",,,,,,,"10095,9,99999,4",,,"1,24,00760,210,1651,5","2,24,00626,210,1721,5","3,24,00317,999,9999,5","SOD60524 HR PRECIPITATION (IN): 0.00 TOTAL SUNSHINE (MINUTES):   0 PERCENT POSSIBLE SUNSHINE:  0 24 HR MAX TEMP (F): 7724 HR MAX TEMP TIME (LST):1354 24 HR MIN TEMP (F): 6824 HR MIN TEMP TIME (LST):2359 AVERAGE STATION PRESSURE:29.81  PEAK WIND SPEED (MPH): 17 PEAK WIND DIR (DEG):210 PEAK WIND TIME (LST):1651  FASTEST 2MIN SPEED (MPH): 14FASTEST 2MIN DIR (DEG):210 FASTEST 2MIN TIME (LST):1721 AVERAGE WIND SPEED (MPH): 7.1 24 HR AVG TEMP (F):73 HOURLY INCREMENTAL PRECIPITATION VALUES (IN):.00  .00  .00  .00  .00  .00  .00  .00  .00  .00  .00  .00  .00  .00  .00  .00  .00  .00  .00  .00  .00  .00  .00  .00","R01  0.007AAP092"
"72297793184","2003-07-26T07:59:00","6","33.68","-117.86639","16.5","SANTA ANA JOHN WAYNE AIRPORT, CA US","SOD  ","KSNA ","V020","999,9,9,9999,9","99999,9,9,9","999999,9,9,9","+9999,9","+9999,9","99999,9","24,0000,9,6",,,,,,,,,,,,,,,,,,"240,M,+0256,5","240,N,+0200,5",,,,,,,"10102,9,99999,4",,,"1,24,00715,220,1431,5","2,24,00581,230,1431,5","3,24,00215,999,9999,5","SOD54524 HR PRECIPITATION (IN): 0.00 24 HR MAX TEMP (F): 7824 HR MAX TEMP TIME (LST):1331 24 HR MIN TEMP (F): 6824 HR MIN TEMP TIME (LST):2323 AVERAGE STATION PRESSURE:29.83  PEAK WIND SPEED (MPH): 16 PEAK WIND DIR (DEG):220 PEAK WIND TIME (LST):1431  FASTEST 2MIN SPEED (MPH): 13FASTEST 2MIN DIR (DEG):230 FASTEST 2MIN TIME (LST):1431 AVERAGE WIND SPEED (MPH): 4.8 24 HR AVG TEMP (F):73 HOURLY INCREMENTAL PRECIPITATION VALUES (IN):.00  .00  .00  .00  .00  .00  .00  .00  .00  .00  .00  .00  .00  .00  .00  .00  .00  .00  .00  .00  .00  .00  .00  .00","R01  0.007AAP092"
"72297793184","2003-07-27T07:59:00","6","33.68","-117.86639","16.5","SANTA ANA JOHN WAYNE AIRPORT, CA US","SOD  ","KSNA ","V020","999,9,9,9999,9","99999,9,9,9","999999,9,9,9","+9999,9","+9999,9","99999,9","24,0000,9,6",,,,,,,,,,,,,,,,,,"240,M,+0256,5","240,N,+0200,5",,,,,,,"10125,9,99999,4",,,"1,24,00715,220,1447,5","2,24,00581,220,1447,5","3,24,00232,999,9999,5","SOD54524 HR PRECIPITATION (IN): 0.00 24 HR MAX TEMP (F): 7824 HR MAX TEMP TIME (LST):1404 24 HR MIN TEMP (F): 6824 HR MIN TEMP TIME (LST):2359 AVERAGE STATION PRESSURE:29.90  PEAK WIND SPEED (MPH): 16 PEAK WIND DIR (DEG):220 PEAK WIND TIME (LST):1447  FASTEST 2MIN SPEED (MPH): 13FASTEST 2MIN DIR (DEG):220 FASTEST 2MIN TIME (LST):1447 AVERAGE WIND SPEED (MPH): 5.2 24 HR AVG TEMP (F):73 HOURLY INCREMENTAL PRECIPITATION VALUES (IN):.00  .00  .00  .00  .00  .00  .00  .00  .00  .00  .00  .00  .00  .00  .00  .00  .00  .00  .00  .00  .00  .00  .00  .00","R01  0.007AAP092"
"72297793184","2003-07-28T07:59:00","6","33.68","-117.86639","16.5","SANTA ANA JOHN WAYNE AIRPORT, CA US","SOD  ","KSNA ","V020","999,9,9,9999,9","99999,9,9,9","999999,9,9,9","+9999,9","+9999,9","99999,9","24,0000,9,6",,,,,,,,,,,,,,,,,,"240,M,+0272,5","240,N,+0194,5",,,,,,,"10125,9,99999,4",,,"1,24,00715,220,1448,5","2,24,00626,210,1236,5","3,24,00232,999,9999,5","SOD54524 HR PRECIPITATION (IN): 0.00 24 HR MAX TEMP (F): 8124 HR MAX TEMP TIME (LST):1119 24 HR MIN TEMP (F): 6724 HR MIN TEMP TIME (LST):0515 AVERAGE STATION PRESSURE:29.90  PEAK WIND SPEED (MPH): 16 PEAK WIND DIR (DEG):220 PEAK WIND TIME (LST):1448  FASTEST 2MIN SPEED (MPH): 14FASTEST 2MIN DIR (DEG):210 FASTEST 2MIN TIME (LST):1236 AVERAGE WIND SPEED (MPH): 5.2 24 HR AVG TEMP (F):74 HOURLY INCREMENTAL PRECIPITATION VALUES (IN):.00  .00  .00  .00  .00  .00  .00  .00  .00  .00  .00  .00  .00  .00  .00  .00  .00  .00  .00  .00  .00  .00  .00  .00","R01  0.007AAP092"
"72297793184","2003-07-29T07:59:00","6","33.68","-117.86639","16.5","SANTA ANA JOHN WAYNE AIRPORT, CA US","SOD  ","KSNA ","V020","999,9,9,9999,9","99999,9,9,9","999999,9,9,9","+9999,9","+9999,9","99999,9","24,0000,2,5",,,,,,,,,,,,,,,,,,"240,M,+0250,5","240,N,+0189,5",,,,,,,"10119,9,99999,4",,,"1,24,00805,220,1404,5","2,24,00626,210,1404,5","3,24,00259,999,9999,5","SOD54524 HR PRECIPITATION (IN):  T   24 HR MAX TEMP (F): 7724 HR MAX TEMP TIME (LST):1411 24 HR MIN TEMP (F): 6624 HR MIN TEMP TIME (LST):0547 AVERAGE STATION PRESSURE:29.88  PEAK WIND SPEED (MPH): 18 PEAK WIND DIR (DEG):220 PEAK WIND TIME (LST):1404  FASTEST 2MIN SPEED (MPH): 14FASTEST 2MIN DIR (DEG):210 FASTEST 2MIN TIME (LST):1404 AVERAGE WIND SPEED (MPH): 5.8 24 HR AVG TEMP (F):72 HOURLY INCREMENTAL PRECIPITATION VALUES (IN):.00  .00  .00  .00  .00  .00  .00  .00  .00  .00  .00  .00  .00  .00  .00  .00  .00  .00  .00  .00   T    T   .00  .00",
"72297793184","2003-07-30T07:59:00","6","33.68","-117.86639","16.5","SANTA ANA JOHN WAYNE AIRPORT, CA US","SOD  ","KSNA ","V020","999,9,9,9999,9","99999,9,9,9","999999,9,9,9","+9999,9","+9999,9","99999,9","24,0003,9,5",,,,,,,,,,,,,,,,,,"240,M,+0272,5","240,N,+0194,5",,,,,,,"10102,9,99999,4",,,"1,24,00760,200,1301,5","2,24,00626,210,1248,5","3,24,00291,999,9999,5","SOD54524 HR PRECIPITATION (IN): 0.01 24 HR MAX TEMP (F): 8124 HR MAX TEMP TIME (LST):1435 24 HR MIN TEMP (F): 6724 HR MIN TEMP TIME (LST):0150 AVERAGE STATION PRESSURE:29.83  PEAK WIND SPEED (MPH): 17 PEAK WIND DIR (DEG):200 PEAK WIND TIME (LST):1301  FASTEST 2MIN SPEED (MPH): 14FASTEST 2MIN DIR (DEG):210 FASTEST 2MIN TIME (LST):1248 AVERAGE WIND SPEED (MPH): 6.5 24 HR AVG TEMP (F):74 HOURLY INCREMENTAL PRECIPITATION VALUES (IN):.00  .01   T   .00  .00  .00  .00  .00  .00  .00  .00  .00  .00  .00  .00  .00  .00  .00  .00  .00  .00  .00  .00  .00",
"72297793184","2003-07-31T07:59:00","6","33.68","-117.86639","16.5","SANTA ANA JOHN WAYNE AIRPORT, CA US","SOD  ","KSNA ","V020","999,9,9,9999,9","99999,9,9,9","999999,9,9,9","+9999,9","+9999,9","99999,9","24,0018,9,5",,,,,,,,,,,,,,,,,,"240,M,+0289,5","240,N,+0206,5",,,,,,,"10119,9,99999,4",,,"1,24,00805,200,1627,5","2,24,00715,220,1634,5","3,24,00264,999,9999,5","SOD54524 HR PRECIPITATION (IN): 0.07 24 HR MAX TEMP (F): 8424 HR MAX TEMP TIME (LST):1453 24 HR MIN TEMP (F): 6924 HR MIN TEMP TIME (LST):2049 AVERAGE STATION PRESSURE:29.88  PEAK WIND SPEED (MPH): 18 PEAK WIND DIR (DEG):200 PEAK WIND TIME (LST):1627  FASTEST 2MIN SPEED (MPH): 16FASTEST 2MIN DIR (DEG):220 FASTEST 2MIN TIME (LST):1634 AVERAGE WIND SPEED (MPH): 5.9 24 HR AVG TEMP (F):77 HOURLY INCREMENTAL PRECIPITATION VALUES (IN):.00  .00  .00  .00  .00  .00  .00  .00  .02  .05  .00  .00  .00  .00  .00  .00  .00  .00  .00  .00  .00  .00  .00  .00",
"72297793184","2003-08-01T07:59:00","6","33.68","-117.86639","16.5","SANTA ANA JOHN WAYNE AIRPORT, CA US","SOD  ","KSNA ","V020","999,9,9,9999,9","99999,9,9,9","999999,9,9,9","+9999,9","+9999,9","99999,9","24,0000,9,6",,,,,,,,,,,,,,,,,,"240,M,+0267,5","240,N,+0200,5",,,,,,,"10125,9,99999,4",,,"1,24,00760,230,1428,5","2,24,00626,220,1436,5","3,24,00255,999,9999,5","SOD54524 HR PRECIPITATION (IN): 0.00 24 HR MAX TEMP (F): 8024 HR MAX TEMP TIME (LST):1348 24 HR MIN TEMP (F): 6824 HR MIN TEMP TIME (LST):2359 AVERAGE STATION PRESSURE:29.90  PEAK WIND SPEED (MPH): 17 PEAK WIND DIR (DEG):230 PEAK WIND TIME (LST):1428  FASTEST 2MIN SPEED (MPH): 14FASTEST 2MIN DIR (DEG):220 FASTEST 2MIN TIME (LST):1436 AVERAGE WIND SPEED (MPH): 5.7 24 HR AVG TEMP (F):74 HOURLY INCREMENTAL PRECIPITATION VALUES (IN):.00  .00  .00  .00  .00  .00  .00  .00  .00  .00  .00  .00  .00  .00  .00  .00  .00  .00  .00  .00  .00  .00  .00  .00","R01  0.007AAP092"
"72297793184","2003-08-01T07:59:00","6","33.68","-117.86639","16.5","SANTA ANA JOHN WAYNE AIRPORT, CA US","SOM  ","KSNA ","V020","999,9,9,9999,9","99999,9,9,9","999999,9,9,9","+9999,9","+9999,9","99999,9",,"00020,9,6","00018,9,3030,9999,9999,6","02,6,00,5,99,9,00,5","005,0005,9,300921,5","010,0008,9,300908,5","015,0010,9,300921,5","020,0010,9,300921,5","030,0013,9,300921,5","045,0015,9,300921,5","060,0018,9,300921,5","080,0018,9,300921,5","100,0018,9,300921,5","120,0018,9,300921,5","150,0018,9,300921,5","180,0018,9,300921,5",,,,,"744,N,+1922,5","744,M,+2656,5","744,A,+2289,5","744,H,0000,5","744,C,0263,6","00,5,00,5,00,5,00,5",,"10102,4,10119,4","99999,999999,7,10071,161858,7",,,,"SOM808PCP MTOT: 0.08 DEPNRM:-1.78 PCP GT 24HRS: 0.07 DATE(S):30 DAYS W/PCP >=.01: 2 DAYS W/PCP >=.10: 0 DAYS W/PCP >=1.00:  MSDP AMTS W/DATE-TIME TAGS:MIN:5  .02  30/0921 MIN:10  .03  30/0908 MIN:15  .04  30/0921 MIN:20  .04  30/0921 MIN:30  .05  30/0921 MIN:45  .06  30/0921 MIN:60  .07  30/0921 MIN:80  .07  30/0921 MIN:100  .07  30/0921 MIN:120  .07  30/0921 MIN:150  .07  30/0921 MIN:180  .07  30/0921 SN GT DP ON GRND:0 - DATE(S):0  AVG DLY MIN: 66.6 AVG DLY MAX: 79.8 AVG MLY TMP: 73.2 DAYS MAX <=32:  DAYS MAX >=70: 0 DAYS MAX >=90: 0 DAYS MIN <=32: 0 DAYS MIN  <=0: 0 AVG STP:29.83  AVG SLP:29.88  LWST SLP:29.74 DATE/TIME:161858 HGST SLP:  .00 DATE/TIME: 00000 HDD MTH TOT:   0 DEP NORM:-291 SEASON(JUL 1-JUN 30):    0 DEP NORM:2   0 CDD MTH TOT: 263 DEP NORM: 251 SEASON(JAN 1-DEC 31):  372 DEP NORM:   0","R01  0.087ABP070R02  0.077ADP081R03     27AE1100R04   0 -7AKS007R05   2637KDC058R06   .007MKX021"
"72297793184","2003-08-02T07:59:00","6","33.68","-117.86639","16.5","SANTA ANA JOHN WAYNE AIRPORT, CA US","SOD  ","KSNA ","V020","999,9,9,9999,9","99999,9,9,9","999999,9,9,9","+9999,9","+9999,9","99999,9","24,0000,9,5",,,,,,,,,,,,,,,,"0000,5","000,5","240,M,+0267,5","240,N,+0194,6",,,,,,,"10132,9,99999,4",,,"1,24,00760,330,1620,5","2,24,00581,260,1656,5","3,24,00210,999,9999,5","SOD60524 HR PRECIPITATION (IN): 0.00 TOTAL SUNSHINE (MINUTES):   0 PERCENT POSSIBLE SUNSHINE:  0 24 HR MAX TEMP (F): 8024 HR MAX TEMP TIME (LST):1459 24 HR MIN TEMP (F): 6724 HR MIN TEMP TIME (LST):0415 AVERAGE STATION PRESSURE:29.92  PEAK WIND SPEED (MPH): 17 PEAK WIND DIR (DEG):330 PEAK WIND TIME (LST):1620  FASTEST 2MIN SPEED (MPH): 13FASTEST 2MIN DIR (DEG):260 FASTEST 2MIN TIME (LST):1656 AVERAGE WIND SPEED (MPH): 4.7 24 HR AVG TEMP (F):74 HOURLY INCREMENTAL PRECIPITATION VALUES (IN):.00  .00  .00  .00  .00  .00  .00  .00  .00  .00  .00  .00  .00  .00  .00  .00  .00  .00  .00  .00  .00  .00  .00  .00","R01    677KAN014"
"72297793184","2003-08-03T07:59:00","6","33.68","-117.86639","16.5","SANTA ANA JOHN WAYNE AIRPORT, CA US","SOD  ","KSNA ","V020","999,9,9,9999,9","99999,9,9,9","999999,9,9,9","+9999,9","+9999,9","99999,9","24,0000,9,5",,,,,,,,,,,,,,,,"0000,5","000,5","240,M,+0267,5","240,N,+0194,5",,,,,,,"10135,9,99999,4",,,"1,24,00715,220,1536,5","2,24,00626,230,1512,5","3,24,00246,999,9999,5","SOD60524 HR PRECIPITATION (IN): 0.00 TOTAL SUNSHINE (MINUTES):   0 PERCENT POSSIBLE SUNSHINE:  0 24 HR MAX TEMP (F): 8024 HR MAX TEMP TIME (LST):1402 24 HR MIN TEMP (F): 6724 HR MIN TEMP TIME (LST):2358 AVERAGE STATION PRESSURE:29.93  PEAK WIND SPEED (MPH): 16 PEAK WIND DIR (DEG):220 PEAK WIND TIME (LST):1536  FASTEST 2MIN SPEED (MPH): 14FASTEST 2MIN DIR (DEG):230 FASTEST 2MIN TIME (LST):1512 AVERAGE WIND SPEED (MPH): 5.5 24 HR AVG TEMP (F):74 HOURLY INCREMENTAL PRECIPITATION VALUES (IN):.00  .00  .00  .00  .00  .00  .00  .00  .00  .00  .00  .00  .00  .00  .00  .00  .00  .00  .00  .00  .00  .00  .00  .00",
"72297793184","2003-08-04T07:59:00","6","33.68","-117.86639","16.5","SANTA ANA JOHN WAYNE AIRPORT, CA US","SOD  ","KSNA ","V020","999,9,9,9999,9","99999,9,9,9","999999,9,9,9","+9999,9","+9999,9","99999,9","24,0000,9,5",,,,,,,,,,,,,,,,"0000,5","000,5","240,M,+0261,5","240,N,+0189,5",,,,,,,"10125,9,99999,4",,,"1,24,00671,210,1418,5","2,24,00581,220,1316,5","3,24,00206,999,9999,5","SOD60524 HR PRECIPITATION (IN): 0.00 TOTAL SUNSHINE (MINUTES):   0 PERCENT POSSIBLE SUNSHINE:  0 24 HR MAX TEMP (F): 7924 HR MAX TEMP TIME (LST):1430 24 HR MIN TEMP (F): 6624 HR MIN TEMP TIME (LST):0619 AVERAGE STATION PRESSURE:29.90  PEAK WIND SPEED (MPH): 15 PEAK WIND DIR (DEG):210 PEAK WIND TIME (LST):1418  FASTEST 2MIN SPEED (MPH): 13FASTEST 2MIN DIR (DEG):220 FASTEST 2MIN TIME (LST):1316 AVERAGE WIND SPEED (MPH): 4.6 24 HR AVG TEMP (F):73 HOURLY INCREMENTAL PRECIPITATION VALUES (IN):.00  .00  .00  .00  .00  .00  .00  .00  .00  .00  .00  .00  .00  .00  .00  .00  .00  .00  .00  .00  .00  .00  .00  .00",
"72297793184","2003-08-05T07:59:00","6","33.68","-117.86639","16.5","SANTA ANA JOHN WAYNE AIRPORT, CA US","SOD  ","KSNA ","V020","999,9,9,9999,9","99999,9,9,9","999999,9,9,9","+9999,9","+9999,9","99999,9","24,0000,9,5",,,,,,,,,,,,,,,,"0000,5","000,5","240,M,+0272,5","240,N,+0189,5",,,,,,,"10119,9,99999,4",,,"1,24,00715,240,1430,5","2,24,00581,210,1515,5","3,24,00183,999,9999,5","SOD60524 HR PRECIPITATION (IN): 0.00 TOTAL SUNSHINE (MINUTES):   0 PERCENT POSSIBLE SUNSHINE:  0 24 HR MAX TEMP (F): 8124 HR MAX TEMP TIME (LST):1543 24 HR MIN TEMP (F): 6624 HR MIN TEMP TIME (LST):0550 AVERAGE STATION PRESSURE:29.88  PEAK WIND SPEED (MPH): 16 PEAK WIND DIR (DEG):240 PEAK WIND TIME (LST):1430  FASTEST 2MIN SPEED (MPH): 13FASTEST 2MIN DIR (DEG):210 FASTEST 2MIN TIME (LST):1515 AVERAGE WIND SPEED (MPH): 4.1 24 HR AVG TEMP (F):74 HOURLY INCREMENTAL PRECIPITATION VALUES (IN):.00  .00  .00  .00  .00  .00  .00  .00  .00  .00  .00  .00  .00  .00  .00  .00  .00  .00  .00  .00  .00  .00  .00  .00",
"72297793184","2003-08-06T07:59:00","6","33.68","-117.86639","16.5","SANTA ANA JOHN WAYNE AIRPORT, CA US","SOD  ","KSNA ","V020","999,9,9,9999,9","99999,9,9,9","999999,9,9,9","+9999,9","+9999,9","99999,9","24,0000,9,5",,,,,,,,,,,,,,,,"0000,5","000,5","240,M,+0272,5","240,N,+0178,5",,,,,,,"10105,9,99999,4",,,"1,24,00715,220,1446,5","2,24,00626,210,1348,5","3,24,00224,999,9999,5","SOD60524 HR PRECIPITATION (IN): 0.00 TOTAL SUNSHINE (MINUTES):   0 PERCENT POSSIBLE SUNSHINE:  0 24 HR MAX TEMP (F): 8124 HR MAX TEMP TIME (LST):1157 24 HR MIN TEMP (F): 6424 HR MIN TEMP TIME (LST):0514 AVERAGE STATION PRESSURE:29.84  PEAK WIND SPEED (MPH): 16 PEAK WIND DIR (DEG):220 PEAK WIND TIME (LST):1446  FASTEST 2MIN SPEED (MPH): 14FASTEST 2MIN DIR (DEG):210 FASTEST 2MIN TIME (LST):1348 AVERAGE WIND SPEED (MPH): 5.0 24 HR AVG TEMP (F):73 HOURLY INCREMENTAL PRECIPITATION VALUES (IN):.00  .00  .00  .00  .00  .00  .00  .00  .00  .00  .00  .00  .00  .00  .00  .00  .00  .00  .00  .00  .00  .00  .00  .00",
"72297793184","2003-08-07T07:59:00","6","33.68","-117.86639","16.5","SANTA ANA JOHN WAYNE AIRPORT, CA US","SOD  ","KSNA ","V020","999,9,9,9999,9","99999,9,9,9","999999,9,9,9","+9999,9","+9999,9","99999,9","24,0000,9,5",,,,,,,,,,,,,,,,"0000,5","000,5","240,M,+0272,5","240,N,+0178,5",,,,,,,"10108,9,99999,4",,,"1,24,00805,200,1138,5","2,24,00626,200,1512,5","3,24,00237,999,9999,5","SOD60524 HR PRECIPITATION (IN): 0.00 TOTAL SUNSHINE (MINUTES):   0 PERCENT POSSIBLE SUNSHINE:  0 24 HR MAX TEMP (F): 8124 HR MAX TEMP TIME (LST):1448 24 HR MIN TEMP (F): 6424 HR MIN TEMP TIME (LST):0427 AVERAGE STATION PRESSURE:29.85  PEAK WIND SPEED (MPH): 18 PEAK WIND DIR (DEG):200 PEAK WIND TIME (LST):1138  FASTEST 2MIN SPEED (MPH): 14FASTEST 2MIN DIR (DEG):200 FASTEST 2MIN TIME (LST):1512 AVERAGE WIND SPEED (MPH): 5.3 24 HR AVG TEMP (F):73 HOURLY INCREMENTAL PRECIPITATION VALUES (IN):.00  .00  .00  .00  .00  .00  .00  .00  .00  .00  .00  .00  .00  .00  .00  .00  .00  .00  .00  .00  .00  .00  .00  .00",
"72297793184","2003-08-08T07:59:00","6","33.68","-117.86639","16.5","SANTA ANA JOHN WAYNE AIRPORT, CA US","SOD  ","KSNA ","V020","999,9,9,9999,9","99999,9,9,9","999999,9,9,9","+9999,9","+9999,9","99999,9","24,0000,9,5",,,,,,,,,,,,,,,,"0000,5","000,5","240,M,+0283,5","240,N,+0172,5",,,,,,,"10098,9,99999,4",,,"1,24,00671,230,1442,5","2,24,00581,220,1443,5","3,24,00232,999,9999,5","SOD60524 HR PRECIPITATION (IN): 0.00 TOTAL SUNSHINE (MINUTES):   0 PERCENT POSSIBLE SUNSHINE:  0 24 HR MAX TEMP (F): 8324 HR MAX TEMP TIME (LST):1350 24 HR MIN TEMP (F): 6324 HR MIN TEMP TIME (LST):0509 AVERAGE STATION PRESSURE:29.82  PEAK WIND SPEED (MPH): 15 PEAK WIND DIR (DEG):230 PEAK WIND TIME (LST):1442  FASTEST 2MIN SPEED (MPH): 13FASTEST 2MIN DIR (DEG):220 FASTEST 2MIN TIME (LST):1443 AVERAGE WIND SPEED (MPH): 5.2 24 HR AVG TEMP (F):73 HOURLY INCREMENTAL PRECIPITATION VALUES (IN):.00  .00  .00  .00  .00  .00  .00  .00  .00  .00  .00  .00  .00  .00  .00  .00  .00  .00  .00  .00  .00  .00  .00  .00",
"72297793184","2003-08-09T07:59:00","6","33.68","-117.86639","16.5","SANTA ANA JOHN WAYNE AIRPORT, CA US","SOD  ","KSNA ","V020","999,9,9,9999,9","99999,9,9,9","999999,9,9,9","+9999,9","+9999,9","99999,9","24,0000,9,5",,,,,,,,,,,,,,,,"0000,5","000,5","240,M,+0300,5","240,N,+0194,5",,,,,,,"10095,9,99999,4",,,"1,24,00626,220,1341,5","2,24,00536,210,1446,5","3,24,00210,999,9999,5","SOD60524 HR PRECIPITATION (IN): 0.00 TOTAL SUNSHINE (MINUTES):   0 PERCENT POSSIBLE SUNSHINE:  0 24 HR MAX TEMP (F): 8624 HR MAX TEMP TIME (LST):1551 24 HR MIN TEMP (F): 6724 HR MIN TEMP TIME (LST):0533 AVERAGE STATION PRESSURE:29.81  PEAK WIND SPEED (MPH): 14 PEAK WIND DIR (DEG):220 PEAK WIND TIME (LST):1341  FASTEST 2MIN SPEED (MPH): 12FASTEST 2MIN DIR (DEG):210 FASTEST 2MIN TIME (LST):1446 AVERAGE WIND SPEED (MPH): 4.7 24 HR AVG TEMP (F):77 HOURLY INCREMENTAL PRECIPITATION VALUES (IN):.00  .00  .00  .00  .00  .00  .00  .00  .00  .00  .00  .00  .00  .00  .00  .00  .00  .00  .00  .00  .00  .00  .00  .00",
"72297793184","2003-08-10T07:59:00","6","33.68","-117.86639","16.5","SANTA ANA JOHN WAYNE AIRPORT, CA US","SOD  ","KSNA ","V020","999,9,9,9999,9","99999,9,9,9","999999,9,9,9","+9999,9","+9999,9","99999,9","24,0000,9,5",,,,,,,,,,,,,,,,"0000,5","000,5","240,M,+0322,5","240,N,+0194,5",,,,,,,"10102,9,99999,4",,,"1,24,00671,200,1215,5","2,24,00581,210,1215,5","3,24,00224,999,9999,5","SOD60524 HR PRECIPITATION (IN): 0.00 TOTAL SUNSHINE (MINUTES):   0 PERCENT POSSIBLE SUNSHINE:  0 24 HR MAX TEMP (F): 9024 HR MAX TEMP TIME (LST):1210 24 HR MIN TEMP (F): 6724 HR MIN TEMP TIME (LST):0431 AVERAGE STATION PRESSURE:29.83  PEAK WIND SPEED (MPH): 15 PEAK WIND DIR (DEG):200 PEAK WIND TIME (LST):1215  FASTEST 2MIN SPEED (MPH): 13FASTEST 2MIN DIR (DEG):210 FASTEST 2MIN TIME (LST):1215 AVERAGE WIND SPEED (MPH): 5.0 24 HR AVG TEMP (F):79 HOURLY INCREMENTAL PRECIPITATION VALUES (IN):.00  .00  .00  .00  .00  .00  .00  .00  .00  .00  .00  .00  .00  .00  .00  .00  .00  .00  .00  .00  .00  .00  .00  .00",
"72297793184","2003-08-11T07:59:00","6","33.68","-117.86639","16.5","SANTA ANA JOHN WAYNE AIRPORT, CA US","SOD  ","KSNA ","V020","999,9,9,9999,9","99999,9,9,9","999999,9,9,9","+9999,9","+9999,9","99999,9","24,0000,9,5",,,,,,,,,,,,,,,,,,"240,M,+0328,5","240,N,+0206,5",,,,,,,"10112,9,99999,4",,,"1,24,00626,230,1337,5","2,24,00536,220,1621,5","3,24,00201,999,9999,5","SOD54524 HR PRECIPITATION (IN): 0.00 24 HR MAX TEMP (F): 9124 HR MAX TEMP TIME (LST):1419 24 HR MIN TEMP (F): 6924 HR MIN TEMP TIME (LST):0519 AVERAGE STATION PRESSURE:29.86  PEAK WIND SPEED (MPH): 14 PEAK WIND DIR (DEG):230 PEAK WIND TIME (LST):1337  FASTEST 2MIN SPEED (MPH): 12FASTEST 2MIN DIR (DEG):220 FASTEST 2MIN TIME (LST):1621 AVERAGE WIND SPEED (MPH): 4.5 24 HR AVG TEMP (F):80 HOURLY INCREMENTAL PRECIPITATION VALUES (IN):.00  .00  .00  .00  .00  .00  .00  .00  .00  .00  .00  .00  .00  .00  .00  .00  .00  .00  .00  .00  .00  .00  .00  .00",
"72297793184","2003-08-12T07:59:00","6","33.68","-117.86639","16.5","SANTA ANA JOHN WAYNE AIRPORT, CA US","SOD  ","KSNA ","V020","999,9,9,9999,9","99999,9,9,9","999999,9,9,9","+9999,9","+9999,9","99999,9","24,0000,9,5",,,,,,,,,,,,,,,,,,"240,M,+0317,5","240,N,+0211,5",,,,,,,"10081,9,99999,4",,,"1,24,00626,200,1327,5","2,24,00536,200,1328,5","3,24,00210,999,9999,5","SOD54524 HR PRECIPITATION (IN): 0.00 24 HR MAX TEMP (F): 8924 HR MAX TEMP TIME (LST):1242 24 HR MIN TEMP (F): 7024 HR MIN TEMP TIME (LST):2351 AVERAGE STATION PRESSURE:29.77  PEAK WIND SPEED (MPH): 14 PEAK WIND DIR (DEG):200 PEAK WIND TIME (LST):1327  FASTEST 2MIN SPEED (MPH): 12FASTEST 2MIN DIR (DEG):200 FASTEST 2MIN TIME (LST):1328 AVERAGE WIND SPEED (MPH): 4.7 24 HR AVG TEMP (F):80 HOURLY INCREMENTAL PRECIPITATION VALUES (IN):.00  .00  .00  .00  .00  .00  .00  .00  .00  .00  .00  .00  .00  .00  .00  .00  .00  .00  .00  .00  .00  .00  .00  .00",
"72297793184","2003-08-13T07:59:00","6","33.68","-117.86639","16.5","SANTA ANA JOHN WAYNE AIRPORT, CA US","SOD  ","KSNA ","V020","999,9,9,9999,9","99999,9,9,9","999999,9,9,9","+9999,9","+9999,9","99999,9","24,0000,9,5",,,,,,,,,,,,,,,,"0000,5","000,5","240,M,+0300,5","240,N,+0200,5",,,,,,,"10075,9,99999,4",,,"1,24,00715,230,1312,5","2,24,00536,190,1756,5","3,24,00237,999,9999,5","SOD60524 HR PRECIPITATION (IN): 0.00 TOTAL SUNSHINE (MINUTES):   0 PERCENT POSSIBLE SUNSHINE:  0 24 HR MAX TEMP (F): 8624 HR MAX TEMP TIME (LST):1521 24 HR MIN TEMP (F): 6824 HR MIN TEMP TIME (LST):0612 AVERAGE STATION PRESSURE:29.75  PEAK WIND SPEED (MPH): 16 PEAK WIND DIR (DEG):230 PEAK WIND TIME (LST):1312  FASTEST 2MIN SPEED (MPH): 12FASTEST 2MIN DIR (DEG):190 FASTEST 2MIN TIME (LST):1756 AVERAGE WIND SPEED (MPH): 5.3 24 HR AVG TEMP (F):77 HOURLY INCREMENTAL PRECIPITATION VALUES (IN):.00  .00  .00  .00  .00  .00  .00  .00  .00  .00  .00  .00  .00  .00  .00  .00  .00  .00  .00  .00  .00  .00  .00  .00",
"72297793184","2003-08-14T07:59:00","6","33.68","-117.86639","16.5","SANTA ANA JOHN WAYNE AIRPORT, CA US","SOD  ","KSNA ","V020","999,9,9,9999,9","99999,9,9,9","999999,9,9,9","+9999,9","+9999,9","99999,9","24,0000,9,5",,,,,,,,,,,,,,,,"0000,5","000,5","240,M,+0306,5","240,N,+0200,5",,,,,,,"10091,9,99999,4",,,"1,24,00715,200,1246,5","2,24,00581,210,1249,5","3,24,00206,999,9999,5","SOD60524 HR PRECIPITATION (IN): 0.00 TOTAL SUNSHINE (MINUTES):   0 PERCENT POSSIBLE SUNSHINE:  0 24 HR MAX TEMP (F): 8724 HR MAX TEMP TIME (LST):1639 24 HR MIN TEMP (F): 6824 HR MIN TEMP TIME (LST):0609 AVERAGE STATION PRESSURE:29.80  PEAK WIND SPEED (MPH): 16 PEAK WIND DIR (DEG):200 PEAK WIND TIME (LST):1246  FASTEST 2MIN SPEED (MPH): 13FASTEST 2MIN DIR (DEG):210 FASTEST 2MIN TIME (LST):1249 AVERAGE WIND SPEED (MPH): 4.6 24 HR AVG TEMP (F):78 HOURLY INCREMENTAL PRECIPITATION VALUES (IN):.00  .00  .00  .00  .00  .00  .00  .00  .00  .00  .00  .00  .00  .00  .00  .00  .00  .00  .00  .00  .00  .00  .00  .00",
"72297793184","2003-08-15T07:59:00","6","33.68","-117.86639","16.5","SANTA ANA JOHN WAYNE AIRPORT, CA US","SOD  ","KSNA ","V020","999,9,9,9999,9","99999,9,9,9","999999,9,9,9","+9999,9","+9999,9","99999,9","24,0000,9,5",,,,,,,,,,,,,,,,"0000,5","000,5","240,M,+0311,5","240,N,+0194,5",,,,,,,"10091,9,99999,4",,,"1,24,00805,210,1717,5","2,24,00715,210,1727,5","3,24,00255,999,9999,5","SOD60524 HR PRECIPITATION (IN): 0.00 TOTAL SUNSHINE (MINUTES):   0 PERCENT POSSIBLE SUNSHINE:  0 24 HR MAX TEMP (F): 8824 HR MAX TEMP TIME (LST):1520 24 HR MIN TEMP (F): 6724 HR MIN TEMP TIME (LST):0533 AVERAGE STATION PRESSURE:29.80  PEAK WIND SPEED (MPH): 18 PEAK WIND DIR (DEG):210 PEAK WIND TIME (LST):1717  FASTEST 2MIN SPEED (MPH): 16FASTEST 2MIN DIR (DEG):210 FASTEST 2MIN TIME (LST):1727 AVERAGE WIND SPEED (MPH): 5.7 24 HR AVG TEMP (F):78 HOURLY INCREMENTAL PRECIPITATION VALUES (IN):.00  .00  .00  .00  .00  .00  .00  .00  .00  .00  .00  .00  .00  .00  .00  .00  .00  .00  .00  .00  .00  .00  .00  .00",
"72297793184","2003-08-16T07:59:00","6","33.68","-117.86639","16.5","SANTA ANA JOHN WAYNE AIRPORT, CA US","SOD  ","KSNA ","V020","999,9,9,9999,9","99999,9,9,9","999999,9,9,9","+9999,9","+9999,9","99999,9","24,0000,9,5",,,,,,,,,,,,,,,,"0000,5","000,5","240,M,+0317,5","240,N,+0211,5",,,,,,,"10102,9,99999,4",,,"1,24,00894,210,1404,5","2,24,00760,200,1404,5","3,24,00268,999,9999,5","SOD58324 HR PRECIPITATION (IN): 0.00 TOTAL SUNSHINE (MINUTES):   0 PERCENT POSSIBLE SUNSHINE:  0 24 HR MAX TEMP (F): 8924 HR MAX TEMP TIME (LST):1020 24 HR MIN TEMP (F): 7024 HR MIN TEMP TIME (LST):0559 AVERAGE STATION PRESSURE:29.83  PEAK WIND SPEED (MPH): 20 PEAK WIND DIR (DEG):210 PEAK WIND TIME (LST):1404  FASTEST 2MIN SPEED (MPH): 17FASTEST 2MIN DIR (DEG):200 FASTEST 2MIN TIME (LST):1404 AVERAGE WIND SPEED (MPH): 6.0 HOURLY INCREMENTAL PRECIPITATION VALUES (IN):.00  .00  .00  .00  .00  .00  .00  .00  .00  .00  .00  .00  .00  .00  .00  .00  .00  .00  .00  .00  .00  .00  .00  .00",
"72297793184","2003-08-17T07:59:00","6","33.68","-117.86639","16.5","SANTA ANA JOHN WAYNE AIRPORT, CA US","SOD  ","KSNA ","V020","999,9,9,9999,9","99999,9,9,9","999999,9,9,9","+9999,9","+9999,9","99999,9","24,0000,9,5",,,,,,,,,,,,,,,,"0000,5","000,5","240,M,+0311,5","240,N,+0206,5",,,,,,,"10112,9,99999,4",,,"1,24,00760,210,1413,5","2,24,00581,220,1504,5","3,24,00210,999,9999,5","SOD60524 HR PRECIPITATION (IN): 0.00 TOTAL SUNSHINE (MINUTES):   0 PERCENT POSSIBLE SUNSHINE:  0 24 HR MAX TEMP (F): 8824 HR MAX TEMP TIME (LST):1249 24 HR MIN TEMP (F): 6924 HR MIN TEMP TIME (LST):2359 AVERAGE STATION PRESSURE:29.86  PEAK WIND SPEED (MPH): 17 PEAK WIND DIR (DEG):210 PEAK WIND TIME (LST):1413  FASTEST 2MIN SPEED (MPH): 13FASTEST 2MIN DIR (DEG):220 FASTEST 2MIN TIME (LST):1504 AVERAGE WIND SPEED (MPH): 4.7 24 HR AVG TEMP (F):79 HOURLY INCREMENTAL PRECIPITATION VALUES (IN):.00  .00  .00  .00  .00  .00  .00  .00  .00  .00  .00  .00  .00  .00  .00  .00  .00  .00  .00  .00  .00  .00  .00  .00",
"72297793184","2003-08-18T07:59:00","6","33.68","-117.86639","16.5","SANTA ANA JOHN WAYNE AIRPORT, CA US","SOD  ","KSNA ","V020","999,9,9,9999,9","99999,9,9,9","999999,9,9,9","+9999,9","+9999,9","99999,9","24,0000,9,5",,,,,,,,,,,,,,,,"0000,5","000,5","240,M,+0294,5","240,N,+0194,5",,,,,,,"10078,9,99999,4",,,"1,24,00671,220,1305,5","2,24,00536,220,1320,5","3,24,00206,999,9999,5","SOD60524 HR PRECIPITATION (IN): 0.00 TOTAL SUNSHINE (MINUTES):   0 PERCENT POSSIBLE SUNSHINE:  0 24 HR MAX TEMP (F): 8524 HR MAX TEMP TIME (LST):1605 24 HR MIN TEMP (F): 6724 HR MIN TEMP TIME (LST):0533 AVERAGE STATION PRESSURE:29.76  PEAK WIND SPEED (MPH): 15 PEAK WIND DIR (DEG):220 PEAK WIND TIME (LST):1305  FASTEST 2MIN SPEED (MPH): 12FASTEST 2MIN DIR (DEG):220 FASTEST 2MIN TIME (LST):1320 AVERAGE WIND SPEED (MPH): 4.6 24 HR AVG TEMP (F):76 HOURLY INCREMENTAL PRECIPITATION VALUES (IN):.00  .00  .00  .00  .00  .00  .00  .00  .00  .00  .00  .00  .00  .00  .00  .00  .00  .00  .00  .00  .00  .00  .00  .00",
"72297793184","2003-08-19T07:59:00","6","33.68","-117.86639","16.5","SANTA ANA JOHN WAYNE AIRPORT, CA US","SOD  ","KSNA ","V020","999,9,9,9999,9","99999,9,9,9","999999,9,9,9","+9999,9","+9999,9","99999,9","24,0000,9,5",,,,,,,,,,,,,,,,"0000,5","000,5","240,M,+0261,5","240,N,+0189,5",,,,,,,"10078,9,99999,4",,,"1,24,00939,210,1509,5","2,24,00805,220,1505,5","3,24,00367,999,9999,5","SOD60524 HR PRECIPITATION (IN): 0.00 TOTAL SUNSHINE (MINUTES):   0 PERCENT POSSIBLE SUNSHINE:  0 24 HR MAX TEMP (F): 7924 HR MAX TEMP TIME (LST):1339 24 HR MIN TEMP (F): 6624 HR MIN TEMP TIME (LST):0510 AVERAGE STATION PRESSURE:29.76  PEAK WIND SPEED (MPH): 21 PEAK WIND DIR (DEG):210 PEAK WIND TIME (LST):1509  FASTEST 2MIN SPEED (MPH): 18FASTEST 2MIN DIR (DEG):220 FASTEST 2MIN TIME (LST):1505 AVERAGE WIND SPEED (MPH): 8.2 24 HR AVG TEMP (F):73 HOURLY INCREMENTAL PRECIPITATION VALUES (IN):.00  .00  .00  .00  .00  .00  .00  .00  .00  .00  .00  .00  .00  .00  .00  .00  .00  .00  .00  .00  .00  .00  .00  .00",
"72297793184","2003-08-20T07:59:00","6","33.68","-117.86639","16.5","SANTA ANA JOHN WAYNE AIRPORT, CA US","SOD  ","KSNA ","V020","999,9,9,9999,9","99999,9,9,9","999999,9,9,9","+9999,9","+9999,9","99999,9","24,0000,9,5",,,,,,,,,,,,,,,,"0000,5","000,5","240,M,+0256,5","240,N,+0200,5",,,,,,,"10102,9,99999,4",,,"1,24,00939,220,1325,5","2,24,00760,220,1333,5","3,24,00331,999,9999,5","SOD60524 HR PRECIPITATION (IN): 0.00 TOTAL SUNSHINE (MINUTES):   0 PERCENT POSSIBLE SUNSHINE:  0 24 HR MAX TEMP (F): 7824 HR MAX TEMP TIME (LST):1321 24 HR MIN TEMP (F): 6824 HR MIN TEMP TIME (LST):2359 AVERAGE STATION PRESSURE:29.83  PEAK WIND SPEED (MPH): 21 PEAK WIND DIR (DEG):220 PEAK WIND TIME (LST):1325  FASTEST 2MIN SPEED (MPH): 17FASTEST 2MIN DIR (DEG):220 FASTEST 2MIN TIME (LST):1333 AVERAGE WIND SPEED (MPH): 7.4 24 HR AVG TEMP (F):73 HOURLY INCREMENTAL PRECIPITATION VALUES (IN):.00  .00  .00  .00  .00  .00  .00  .00  .00  .00  .00  .00  .00  .00  .00  .00  .00  .00  .00  .00  .00  .00  .00  .00",
"72297793184","2003-08-21T07:59:00","6","33.68","-117.86639","16.5","SANTA ANA JOHN WAYNE AIRPORT, CA US","SOD  ","KSNA ","V020","999,9,9,9999,9","99999,9,9,9","999999,9,9,9","+9999,9","+9999,9","99999,9","24,0000,9,5",,,,,,,,,,,,,,,,"0000,5","000,5","240,M,+0278,5","240,N,+0194,5",,,,,,,"10112,9,99999,4",,,"1,24,00760,220,1602,5","2,24,00671,210,1603,5","3,24,00232,999,9999,5","SOD60524 HR PRECIPITATION (IN): 0.00 TOTAL SUNSHINE (MINUTES):   0 PERCENT POSSIBLE SUNSHINE:  0 24 HR MAX TEMP (F): 8224 HR MAX TEMP TIME (LST):1356 24 HR MIN TEMP (F): 6724 HR MIN TEMP TIME (LST):0520 AVERAGE STATION PRESSURE:29.86  PEAK WIND SPEED (MPH): 17 PEAK WIND DIR (DEG):220 PEAK WIND TIME (LST):1602  FASTEST 2MIN SPEED (MPH): 15FASTEST 2MIN DIR (DEG):210 FASTEST 2MIN TIME (LST):1603 AVERAGE WIND SPEED (MPH): 5.2 24 HR AVG TEMP (F):75 HOURLY INCREMENTAL PRECIPITATION VALUES (IN):.00  .00  .00  .00  .00  .00  .00  .00  .00  .00  .00  .00  .00  .00  .00  .00  .00  .00  .00  .00  .00  .00  .00  .00",
"72297793184","2003-08-22T07:59:00","6","33.68","-117.86639","16.5","SANTA ANA JOHN WAYNE AIRPORT, CA US","SOD  ","KSNA ","V020","999,9,9,9999,9","99999,9,9,9","999999,9,9,9","+9999,9","+9999,9","99999,9","24,0000,9,5",,,,,,,,,,,,,,,,"0000,5","000,5","240,M,+0267,5","240,N,+0200,5",,,,,,,"10119,9,99999,4",,,"1,24,00715,210,1534,5","2,24,00581,220,1535,5","3,24,00264,999,9999,5","SOD60524 HR PRECIPITATION (IN): 0.00 TOTAL SUNSHINE (MINUTES):   0 PERCENT POSSIBLE SUNSHINE:  0 24 HR MAX TEMP (F): 8024 HR MAX TEMP TIME (LST):1214 24 HR MIN TEMP (F): 6824 HR MIN TEMP TIME (LST):2359 AVERAGE STATION PRESSURE:29.88  PEAK WIND SPEED (MPH): 16 PEAK WIND DIR (DEG):210 PEAK WIND TIME (LST):1534  FASTEST 2MIN SPEED (MPH): 13FASTEST 2MIN DIR (DEG):220 FASTEST 2MIN TIME (LST):1535 AVERAGE WIND SPEED (MPH): 5.9 24 HR AVG TEMP (F):74 HOURLY INCREMENTAL PRECIPITATION VALUES (IN):.00  .00  .00  .00  .00  .00  .00  .00  .00  .00  .00  .00  .00  .00  .00  .00  .00  .00  .00  .00  .00  .00  .00  .00",
"72297793184","2003-08-23T07:59:00","6","33.68","-117.86639","16.5","SANTA ANA JOHN WAYNE AIRPORT, CA US","SOD  ","KSNA ","V020","999,9,9,9999,9","99999,9,9,9","999999,9,9,9","+9999,9","+9999,9","99999,9","24,0000,9,5",,,,,,,,,,,,,,,,"0000,5","000,5","240,M,+0250,5","240,N,+0194,5",,,,,,,"10108,9,99999,4",,,"1,24,00715,230,1418,5","2,24,00581,220,1408,5","3,24,00255,999,9999,5","SOD60524 HR PRECIPITATION (IN): 0.00 TOTAL SUNSHINE (MINUTES):   0 PERCENT POSSIBLE SUNSHINE:  0 24 HR MAX TEMP (F): 7724 HR MAX TEMP TIME (LST):1438 24 HR MIN TEMP (F): 6724 HR MIN TEMP TIME (LST):2359 AVERAGE STATION PRESSURE:29.85  PEAK WIND SPEED (MPH): 16 PEAK WIND DIR (DEG):230 PEAK WIND TIME (LST):1418  FASTEST 2MIN SPEED (MPH): 13FASTEST 2MIN DIR (DEG):220 FASTEST 2MIN TIME (LST):1408 AVERAGE WIND SPEED (MPH): 5.7 24 HR AVG TEMP (F):72 HOURLY INCREMENTAL PRECIPITATION VALUES (IN):.00  .00  .00  .00  .00  .00  .00  .00  .00  .00  .00  .00  .00  .00  .00  .00  .00  .00  .00  .00  .00  .00  .00  .00",
"72297793184","2003-08-24T07:59:00","6","33.68","-117.86639","16.5","SANTA ANA JOHN WAYNE AIRPORT, CA US","SOD  ","KSNA ","V020","999,9,9,9999,9","99999,9,9,9","999999,9,9,9","+9999,9","+9999,9","99999,9","24,0000,9,5",,,,,,,,,,,,,,,,"0000,5","000,5","240,M,+0272,5","240,N,+0183,5",,,,,,,"10091,9,99999,4",,,"1,24,00671,260,1353,5","2,24,00581,220,1338,5","3,24,00206,999,9999,5","SOD60524 HR PRECIPITATION (IN): 0.00 TOTAL SUNSHINE (MINUTES):   0 PERCENT POSSIBLE SUNSHINE:  0 24 HR MAX TEMP (F): 8124 HR MAX TEMP TIME (LST):1321 24 HR MIN TEMP (F): 6524 HR MIN TEMP TIME (LST):0555 AVERAGE STATION PRESSURE:29.80  PEAK WIND SPEED (MPH): 15 PEAK WIND DIR (DEG):260 PEAK WIND TIME (LST):1353  FASTEST 2MIN SPEED (MPH): 13FASTEST 2MIN DIR (DEG):220 FASTEST 2MIN TIME (LST):1338 AVERAGE WIND SPEED (MPH): 4.6 24 HR AVG TEMP (F):73 HOURLY INCREMENTAL PRECIPITATION VALUES (IN):.00  .00  .00  .00  .00  .00  .00  .00  .00  .00  .00  .00  .00  .00  .00  .00  .00  .00  .00  .00  .00  .00  .00  .00",
"72297793184","2003-08-25T07:59:00","6","33.68","-117.86639","16.5","SANTA ANA JOHN WAYNE AIRPORT, CA US","SOD  ","KSNA ","V020","999,9,9,9999,9","99999,9,9,9","999999,9,9,9","+9999,9","+9999,9","99999,9","24,0000,9,5",,,,,,,,,,,,,,,,"0000,5","000,5","240,M,+0294,5","240,N,+0194,5",,,,,,,"10102,9,99999,4",,,"1,24,00805,220,1556,5","2,24,00715,210,1555,5","3,24,00219,999,9999,5","SOD60524 HR PRECIPITATION (IN): 0.00 TOTAL SUNSHINE (MINUTES):   0 PERCENT POSSIBLE SUNSHINE:  0 24 HR MAX TEMP (F): 8524 HR MAX TEMP TIME (LST):1222 24 HR MIN TEMP (F): 6724 HR MIN TEMP TIME (LST):2358 AVERAGE STATION PRESSURE:29.83  PEAK WIND SPEED (MPH): 18 PEAK WIND DIR (DEG):220 PEAK WIND TIME (LST):1556  FASTEST 2MIN SPEED (MPH): 16FASTEST 2MIN DIR (DEG):210 FASTEST 2MIN TIME (LST):1555 AVERAGE WIND SPEED (MPH): 4.9 24 HR AVG TEMP (F):76 HOURLY INCREMENTAL PRECIPITATION VALUES (IN):.00  .00  .00  .00  .00  .00  .00  .00  .00  .00  .00  .00  .00  .00  .00  .00  .00  .00  .00  .00  .00  .00  .00  .00",
"72297793184","2003-08-26T07:59:00","6","33.68","-117.86639","16.5","SANTA ANA JOHN WAYNE AIRPORT, CA US","SOD  ","KSNA ","V020","999,9,9,9999,9","99999,9,9,9","999999,9,9,9","+9999,9","+9999,9","99999,9","24,0000,9,5",,,,,,,,,,,,,,,,"0000,5","000,5","240,M,+0278,5","240,N,+0183,5",,,,,,,"10098,9,99999,4",,,"1,24,00671,210,1551,5","2,24,00581,220,1552,5","3,24,00228,999,9999,5","SOD60524 HR PRECIPITATION (IN): 0.00 TOTAL SUNSHINE (MINUTES):   0 PERCENT POSSIBLE SUNSHINE:  0 24 HR MAX TEMP (F): 8224 HR MAX TEMP TIME (LST):1257 24 HR MIN TEMP (F): 6524 HR MIN TEMP TIME (LST):0432 AVERAGE STATION PRESSURE:29.82  PEAK WIND SPEED (MPH): 15 PEAK WIND DIR (DEG):210 PEAK WIND TIME (LST):1551  FASTEST 2MIN SPEED (MPH): 13FASTEST 2MIN DIR (DEG):220 FASTEST 2MIN TIME (LST):1552 AVERAGE WIND SPEED (MPH): 5.1 24 HR AVG TEMP (F):74 HOURLY INCREMENTAL PRECIPITATION VALUES (IN):.00  .00  .00  .00  .00  .00  .00  .00  .00  .00  .00  .00  .00  .00  .00  .00  .00  .00  .00  .00  .00  .00  .00  .00",
"72297793184","2003-08-27T07:59:00","6","33.68","-117.86639","16.5","SANTA ANA JOHN WAYNE AIRPORT, CA US","SOD  ","KSNA ","V020","999,9,9,9999,9","99999,9,9,9","999999,9,9,9","+9999,9","+9999,9","99999,9","24,0000,9,5",,,,,,,,,,,,,,,,"0000,5","000,5","240,M,+0267,5","240,N,+0156,5",,,,,,,"10088,9,99999,4",,,"1,24,00715,190,1405,5","2,24,00626,210,1208,5","3,24,00268,999,9999,5","SOD60524 HR PRECIPITATION (IN): 0.00 TOTAL SUNSHINE (MINUTES):   0 PERCENT POSSIBLE SUNSHINE:  0 24 HR MAX TEMP (F): 8024 HR MAX TEMP TIME (LST):1143 24 HR MIN TEMP (F): 6024 HR MIN TEMP TIME (LST):2359 AVERAGE STATION PRESSURE:29.79  PEAK WIND SPEED (MPH): 16 PEAK WIND DIR (DEG):190 PEAK WIND TIME (LST):1405  FASTEST 2MIN SPEED (MPH): 14FASTEST 2MIN DIR (DEG):210 FASTEST 2MIN TIME (LST):1208 AVERAGE WIND SPEED (MPH): 6.0 24 HR AVG TEMP (F):70 HOURLY INCREMENTAL PRECIPITATION VALUES (IN):.00  .00  .00  .00  .00  .00  .00  .00  .00  .00  .00  .00  .00  .00  .00  .00  .00  .00  .00  .00  .00  .00  .00  .00",
"72297793184","2003-08-28T07:59:00","6","33.68","-117.86639","16.5","SANTA ANA JOHN WAYNE AIRPORT, CA US","SOD  ","KSNA ","V020","999,9,9,9999,9","99999,9,9,9","999999,9,9,9","+9999,9","+9999,9","99999,9","24,0000,9,5",,,,,,,,,,,,,,,,"0000,5","000,5","240,M,+0267,5","240,N,+0144,5",,,,,,,"10091,9,99999,4",,,"1,24,00760,190,1431,5","2,24,00671,200,1402,5","3,24,00291,999,9999,5","SOD58324 HR PRECIPITATION (IN): 0.00 TOTAL SUNSHINE (MINUTES):   0 PERCENT POSSIBLE SUNSHINE:  0 24 HR MAX TEMP (F): 8024 HR MAX TEMP TIME (LST):1339 24 HR MIN TEMP (F): 5824 HR MIN TEMP TIME (LST):0649 AVERAGE STATION PRESSURE:29.80  PEAK WIND SPEED (MPH): 17 PEAK WIND DIR (DEG):190 PEAK WIND TIME (LST):1431  FASTEST 2MIN SPEED (MPH): 15FASTEST 2MIN DIR (DEG):200 FASTEST 2MIN TIME (LST):1402 AVERAGE WIND SPEED (MPH): 6.5 HOURLY INCREMENTAL PRECIPITATION VALUES (IN):.00  .00  .00  .00  .00  .00  .00  .00  .00  .00  .00  .00  .00  .00  .00  .00  .00  .00  .00  .00  .00  .00  .00  .00",
"72297793184","2003-08-29T07:59:00","6","33.68","-117.86639","16.5","SANTA ANA JOHN WAYNE AIRPORT, CA US","SOD  ","KSNA ","V020","999,9,9,9999,9","99999,9,9,9","999999,9,9,9","+9999,9","+9999,9","99999,9","24,0000,9,5",,,,,,,,,,,,,,,,"0000,5","000,5","240,M,+0267,5","240,N,+0183,5",,,,,,,"10095,9,99999,4",,,"1,24,00671,190,1045,5","2,24,00581,220,1149,5","3,24,00250,999,9999,5","SOD60524 HR PRECIPITATION (IN): 0.00 TOTAL SUNSHINE (MINUTES):   0 PERCENT POSSIBLE SUNSHINE:  0 24 HR MAX TEMP (F): 8024 HR MAX TEMP TIME (LST):1522 24 HR MIN TEMP (F): 6524 HR MIN TEMP TIME (LST):0547 AVERAGE STATION PRESSURE:29.81  PEAK WIND SPEED (MPH): 15 PEAK WIND DIR (DEG):190 PEAK WIND TIME (LST):1045  FASTEST 2MIN SPEED (MPH): 13FASTEST 2MIN DIR (DEG):220 FASTEST 2MIN TIME (LST):1149 AVERAGE WIND SPEED (MPH): 5.6 24 HR AVG TEMP (F):73 HOURLY INCREMENTAL PRECIPITATION VALUES (IN):.00  .00  .00  .00  .00  .00  .00  .00  .00  .00  .00  .00  .00  .00  .00  .00  .00  .00  .00  .00  .00  .00  .00  .00",
"72297793184","2003-08-30T07:59:00","6","33.68","-117.86639","16.5","SANTA ANA JOHN WAYNE AIRPORT, CA US","SOD  ","KSNA ","V020","999,9,9,9999,9","99999,9,9,9","999999,9,9,9","+9999,9","+9999,9","99999,9","24,0000,9,5",,,,,,,,,,,,,,,,"0000,5","000,5","240,M,+0256,5","240,N,+0172,5",,,,,,,"10091,9,99999,4",,,"1,24,00715,200,1258,5","2,24,00626,200,1301,5","3,24,00268,999,9999,5","SOD60524 HR PRECIPITATION (IN): 0.00 TOTAL SUNSHINE (MINUTES):   0 PERCENT POSSIBLE SUNSHINE:  0 24 HR MAX TEMP (F): 7824 HR MAX TEMP TIME (LST):1519 24 HR MIN TEMP (F): 6324 HR MIN TEMP TIME (LST):0543 AVERAGE STATION PRESSURE:29.80  PEAK WIND SPEED (MPH): 16 PEAK WIND DIR (DEG):200 PEAK WIND TIME (LST):1258  FASTEST 2MIN SPEED (MPH): 14FASTEST 2MIN DIR (DEG):200 FASTEST 2MIN TIME (LST):1301 AVERAGE WIND SPEED (MPH): 6.0 24 HR AVG TEMP (F):71 HOURLY INCREMENTAL PRECIPITATION VALUES (IN):.00  .00  .00  .00  .00  .00  .00  .00  .00  .00  .00  .00  .00  .00  .00  .00  .00  .00  .00  .00  .00  .00  .00  .00",
"72297793184","2003-08-31T07:59:00","6","33.68","-117.86639","16.5","SANTA ANA JOHN WAYNE AIRPORT, CA US","SOD  ","KSNA ","V020","999,9,9,9999,9","99999,9,9,9","999999,9,9,9","+9999,9","+9999,9","99999,9","24,0000,9,5",,,,,,,,,,,,,,,,"0000,5","000,5","240,M,+0250,5","240,N,+0178,5",,,,,,,"10095,9,99999,4",,,"1,24,00715,210,1412,5","2,24,00581,200,1427,5","3,24,00246,999,9999,5","SOD60524 HR PRECIPITATION (IN): 0.00 TOTAL SUNSHINE (MINUTES):   0 PERCENT POSSIBLE SUNSHINE:  0 24 HR MAX TEMP (F): 7724 HR MAX TEMP TIME (LST):1429 24 HR MIN TEMP (F): 6424 HR MIN TEMP TIME (LST):0545 AVERAGE STATION PRESSURE:29.81  PEAK WIND SPEED (MPH): 16 PEAK WIND DIR (DEG):210 PEAK WIND TIME (LST):1412  FASTEST 2MIN SPEED (MPH): 13FASTEST 2MIN DIR (DEG):200 FASTEST 2MIN TIME (LST):1427 AVERAGE WIND SPEED (MPH): 5.5 24 HR AVG TEMP (F):71 HOURLY INCREMENTAL PRECIPITATION VALUES (IN):.00  .00  .00  .00  .00  .00  .00  .00  .00  .00  .00  .00  .00  .00  .00  .00  .00  .00  .00  .00  .00  .00  .00  .00",
"72297793184","2003-09-01T07:59:00","6","33.68","-117.86639","16.5","SANTA ANA JOHN WAYNE AIRPORT, CA US","SOD  ","KSNA ","V020","999,9,9,9999,9","99999,9,9,9","999999,9,9,9","+9999,9","+9999,9","99999,9","24,0000,9,5",,,,,,,,,,,,,,,,"0000,5","000,5","240,M,+0250,5","240,N,+0183,5",,,,,,,"10081,9,99999,4",,,"1,24,00715,200,1441,5","2,24,00626,200,1442,5","3,24,00286,999,9999,5","SOD60524 HR PRECIPITATION (IN): 0.00 TOTAL SUNSHINE (MINUTES):   0 PERCENT POSSIBLE SUNSHINE:  0 24 HR MAX TEMP (F): 7724 HR MAX TEMP TIME (LST):1450 24 HR MIN TEMP (F): 6524 HR MIN TEMP TIME (LST):2351 AVERAGE STATION PRESSURE:29.77  PEAK WIND SPEED (MPH): 16 PEAK WIND DIR (DEG):200 PEAK WIND TIME (LST):1441  FASTEST 2MIN SPEED (MPH): 14FASTEST 2MIN DIR (DEG):200 FASTEST 2MIN TIME (LST):1442 AVERAGE WIND SPEED (MPH): 6.4 24 HR AVG TEMP (F):71 HOURLY INCREMENTAL PRECIPITATION VALUES (IN):.00  .00  .00  .00  .00  .00  .00  .00  .00  .00  .00  .00  .00  .00  .00  .00  .00  .00  .00  .00  .00  .00  .00  .00",
"72297793184","2003-09-01T07:59:00","6","33.68","-117.86639","16.5","SANTA ANA JOHN WAYNE AIRPORT, CA US","SOM  ","KSNA ","V020","999,9,9,9999,9","99999,9,9,9","999999,9,9,9","+9999,9","+9999,9","99999,9",,"00000,9,5","00000,9,9999,9999,9999,5","00,5,00,5,99,9,00,5",,,,,,,,,,,,,,,,,"744,N,+1889,5","744,M,+2811,5","744,A,+2350,5","744,H,0000,5","744,C,0298,6","00,5,02,6,00,5,00,5",,"10102,4,10132,4","99999,999999,7,10085,171814,7",,,,"SOM515PCP MTOT: 0.00 DEPNRM:-2.20 PCP GT 24HRS: 0.00 DAYS W/PCP >=.01: 0 DAYS W/PCP >=.10: 0 DAYS W/PCP >=1.00:  SN GT DP ON GRND:0 - DATE(S):0  AVG DLY MIN: 66.0 AVG DLY MAX: 82.6 AVG MLY TMP: 74.3 DAYS MAX <=32:  DAYS MAX >=70: 2 DAYS MAX >=90: 2 DAYS MIN <=32: 0 DAYS MIN  <=0: 0 AVG STP:29.83  AVG SLP:29.92  LWST SLP:29.78 DATE/TIME:171814 HGST SLP:  .00 DATE/TIME: 00000 HDD MTH TOT:   0 DEP NORM:-263 SEASON(JUL 1-JUN 30):    0 DEP NORM:0   0 CDD MTH TOT: 298 DEP NORM: 284 SEASON(JAN 1-DEC 31):    0 DEP NORM:   0","R01   0 -7AKS007R02   2987KDC058R03     27KE2035R04   .007MKX021"
"72297793184","2003-09-02T07:59:00","6","33.68","-117.86639","16.5","SANTA ANA JOHN WAYNE AIRPORT, CA US","SOD  ","KSNA ","V020","999,9,9,9999,9","99999,9,9,9","999999,9,9,9","+9999,9","+9999,9","99999,9","24,0000,9,5",,,,,,,,,,,,,,,,"0000,5","000,5","240,M,+0244,5","240,N,+0183,6",,,,,,,"10085,9,99999,4",,,"1,24,00715,210,1511,5","2,24,00581,210,1555,5","3,24,00228,999,9999,5","SOD60524 HR PRECIPITATION (IN): 0.00 TOTAL SUNSHINE (MINUTES):   0 PERCENT POSSIBLE SUNSHINE:  0 24 HR MAX TEMP (F): 7624 HR MAX TEMP TIME (LST):1339 24 HR MIN TEMP (F): 6524 HR MIN TEMP TIME (LST):2359 AVERAGE STATION PRESSURE:29.78  PEAK WIND SPEED (MPH): 16 PEAK WIND DIR (DEG):210 PEAK WIND TIME (LST):1511  FASTEST 2MIN SPEED (MPH): 13FASTEST 2MIN DIR (DEG):210 FASTEST 2MIN TIME (LST):1555 AVERAGE WIND SPEED (MPH): 5.1 24 HR AVG TEMP (F):71 HOURLY INCREMENTAL PRECIPITATION VALUES (IN):.00  .00  .00  .00  .00  .00  .00  .00  .00  .00  .00  .00  .00  .00  .00  .00  .00  .00  .00  .00  .00  .00  .00  .00","R01    657KAN014"
"72297793184","2003-09-03T07:59:00","6","33.68","-117.86639","16.5","SANTA ANA JOHN WAYNE AIRPORT, CA US","SOD  ","KSNA ","V020","999,9,9,9999,9","99999,9,9,9","999999,9,9,9","+9999,9","+9999,9","99999,9","24,0000,9,5",,,,,,,,,,,,,,,,"0000,5","000,5","240,M,+0250,5","240,N,+0183,5",,,,,,,"10091,9,99999,4",,,"1,24,00671,210,1717,5","2,24,00626,210,1715,5","3,24,00210,999,9999,5","SOD60524 HR PRECIPITATION (IN): 0.00 TOTAL SUNSHINE (MINUTES):   0 PERCENT POSSIBLE SUNSHINE:  0 24 HR MAX TEMP (F): 7724 HR MAX TEMP TIME (LST):1434 24 HR MIN TEMP (F): 6524 HR MIN TEMP TIME (LST):0632 AVERAGE STATION PRESSURE:29.80  PEAK WIND SPEED (MPH): 15 PEAK WIND DIR (DEG):210 PEAK WIND TIME (LST):1717  FASTEST 2MIN SPEED (MPH): 14FASTEST 2MIN DIR (DEG):210 FASTEST 2MIN TIME (LST):1715 AVERAGE WIND SPEED (MPH): 4.7 24 HR AVG TEMP (F):71 HOURLY INCREMENTAL PRECIPITATION VALUES (IN):.00  .00  .00  .00  .00  .00  .00  .00  .00  .00  .00  .00  .00  .00  .00  .00  .00  .00  .00  .00  .00  .00  .00  .00",
"72297793184","2003-09-04T07:59:00","6","33.68","-117.86639","16.5","SANTA ANA JOHN WAYNE AIRPORT, CA US","SOD  ","KSNA ","V020","999,9,9,9999,9","99999,9,9,9","999999,9,9,9","+9999,9","+9999,9","99999,9","24,0000,9,5",,,,,,,,,,,,,,,,"0000,5","000,5","240,M,+0267,5","240,N,+0183,5",,,,,,,"10091,9,99999,4",,,"1,24,00671,250,1519,5","2,24,00536,220,1544,5","3,24,00250,999,9999,5","SOD60524 HR PRECIPITATION (IN): 0.00 TOTAL SUNSHINE (MINUTES):   0 PERCENT POSSIBLE SUNSHINE:  0 24 HR MAX TEMP (F): 8024 HR MAX TEMP TIME (LST):1457 24 HR MIN TEMP (F): 6524 HR MIN TEMP TIME (LST):0601 AVERAGE STATION PRESSURE:29.80  PEAK WIND SPEED (MPH): 15 PEAK WIND DIR (DEG):250 PEAK WIND TIME (LST):1519  FASTEST 2MIN SPEED (MPH): 12FASTEST 2MIN DIR (DEG):220 FASTEST 2MIN TIME (LST):1544 AVERAGE WIND SPEED (MPH): 5.6 24 HR AVG TEMP (F):73 HOURLY INCREMENTAL PRECIPITATION VALUES (IN):.00  .00  .00  .00  .00  .00  .00  .00  .00  .00  .00  .00  .00  .00  .00  .00  .00  .00  .00  .00  .00  .00  .00  .00",
"72297793184","2003-09-05T07:59:00","6","33.68","-117.86639","16.5","SANTA ANA JOHN WAYNE AIRPORT, CA US","SOD  ","KSNA ","V020","999,9,9,9999,9","99999,9,9,9","999999,9,9,9","+9999,9","+9999,9","99999,9","24,0000,9,5",,,,,,,,,,,,,,,,"0000,5","000,5","240,M,+0300,5","240,N,+0183,5",,,,,,,"10091,9,99999,4",,,"1,24,00626,240,1244,5","2,24,00447,220,2015,5","3,24,00246,999,9999,5","SOD60524 HR PRECIPITATION (IN): 0.00 TOTAL SUNSHINE (MINUTES):   0 PERCENT POSSIBLE SUNSHINE:  0 24 HR MAX TEMP (F): 8624 HR MAX TEMP TIME (LST):1437 24 HR MIN TEMP (F): 6524 HR MIN TEMP TIME (LST):0537 AVERAGE STATION PRESSURE:29.80  PEAK WIND SPEED (MPH): 14 PEAK WIND DIR (DEG):240 PEAK WIND TIME (LST):1244  FASTEST 2MIN SPEED (MPH): 10FASTEST 2MIN DIR (DEG):220 FASTEST 2MIN TIME (LST):2015 AVERAGE WIND SPEED (MPH): 5.5 24 HR AVG TEMP (F):76 HOURLY INCREMENTAL PRECIPITATION VALUES (IN):.00  .00  .00  .00  .00  .00  .00  .00  .00  .00  .00  .00  .00  .00  .00  .00  .00  .00  .00  .00  .00  .00  .00  .00",
"72297793184","2003-09-06T07:59:00","6","33.68","-117.86639","16.5","SANTA ANA JOHN WAYNE AIRPORT, CA US","SOD  ","KSNA ","V020","999,9,9,9999,9","99999,9,9,9","999999,9,9,9","+9999,9","+9999,9","99999,9","24,0000,9,5",,,,,,,,,,,,,,,,"0000,5","000,5","240,M,+0311,5","240,N,+0189,5",,,,,,,"10095,9,99999,4",,,"1,24,00715,200,1634,5","2,24,00581,200,1654,5","3,24,00210,999,9999,5","SOD58324 HR PRECIPITATION (IN): 0.00 TOTAL SUNSHINE (MINUTES):   0 PERCENT POSSIBLE SUNSHINE:  0 24 HR MAX TEMP (F): 8824 HR MAX TEMP TIME (LST):1409 24 HR MIN TEMP (F): 6624 HR MIN TEMP TIME (LST):0429 AVERAGE STATION PRESSURE:29.81  PEAK WIND SPEED (MPH): 16 PEAK WIND DIR (DEG):200 PEAK WIND TIME (LST):1634  FASTEST 2MIN SPEED (MPH): 13FASTEST 2MIN DIR (DEG):200 FASTEST 2MIN TIME (LST):1654 AVERAGE WIND SPEED (MPH): 4.7 HOURLY INCREMENTAL PRECIPITATION VALUES (IN):.00  .00  .00  .00  .00  .00  .00  .00  .00  .00  .00  .00  .00  .00  .00  .00  .00  .00  .00  .00  .00  .00  .00  .00",
"72297793184","2003-09-07T07:59:00","6","33.68","-117.86639","16.5","SANTA ANA JOHN WAYNE AIRPORT, CA US","SOD  ","KSNA ","V020","999,9,9,9999,9","99999,9,9,9","999999,9,9,9","+9999,9","+9999,9","99999,9","24,0000,9,5",,,,,,,,,,,,,,,,"0000,5","000,5","240,M,+0300,5","240,N,+0189,5",,,,,,,"10098,9,99999,4",,,"1,24,00760,210,1110,5","2,24,00626,210,1141,5","3,24,00250,999,9999,5","SOD60524 HR PRECIPITATION (IN): 0.00 TOTAL SUNSHINE (MINUTES):   0 PERCENT POSSIBLE SUNSHINE:  0 24 HR MAX TEMP (F): 8624 HR MAX TEMP TIME (LST):1433 24 HR MIN TEMP (F): 6624 HR MIN TEMP TIME (LST):0537 AVERAGE STATION PRESSURE:29.82  PEAK WIND SPEED (MPH): 17 PEAK WIND DIR (DEG):210 PEAK WIND TIME (LST):1110  FASTEST 2MIN SPEED (MPH): 14FASTEST 2MIN DIR (DEG):210 FASTEST 2MIN TIME (LST):1141 AVERAGE WIND SPEED (MPH): 5.6 24 HR AVG TEMP (F):76 HOURLY INCREMENTAL PRECIPITATION VALUES (IN):.00  .00  .00  .00  .00  .00  .00  .00  .00  .00  .00  .00  .00  .00  .00  .00  .00  .00  .00  .00  .00  .00  .00  .00",
"72297793184","2003-09-08T07:59:00","6","33.68","-117.86639","16.5","SANTA ANA JOHN WAYNE AIRPORT, CA US","SOD  ","KSNA ","V020","999,9,9,9999,9","99999,9,9,9","999999,9,9,9","+9999,9","+9999,9","99999,9","24,0000,9,5",,,,,,,,,,,,,,,,"0000,5","000,5","240,M,+0289,5","240,N,+0183,5",,,,,,,"10095,9,99999,4",,,"1,24,00715,220,1513,5","2,24,00671,200,1327,5","3,24,00259,999,9999,5","SOD60524 HR PRECIPITATION (IN): 0.00 TOTAL SUNSHINE (MINUTES):   0 PERCENT POSSIBLE SUNSHINE:  0 24 HR MAX TEMP (F): 8424 HR MAX TEMP TIME (LST):1209 24 HR MIN TEMP (F): 6524 HR MIN TEMP TIME (LST):2359 AVERAGE STATION PRESSURE:29.81  PEAK WIND SPEED (MPH): 16 PEAK WIND DIR (DEG):220 PEAK WIND TIME (LST):1513  FASTEST 2MIN SPEED (MPH): 15FASTEST 2MIN DIR (DEG):200 FASTEST 2MIN TIME (LST):1327 AVERAGE WIND SPEED (MPH): 5.8 24 HR AVG TEMP (F):75 HOURLY INCREMENTAL PRECIPITATION VALUES (IN):.00  .00  .00  .00  .00  .00  .00  .00  .00  .00  .00  .00  .00  .00  .00  .00  .00  .00  .00  .00  .00  .00  .00  .00",
"72297793184","2003-09-09T07:59:00","6","33.68","-117.86639","16.5","SANTA ANA JOHN WAYNE AIRPORT, CA US","SOD  ","KSNA ","V020","999,9,9,9999,9","99999,9,9,9","999999,9,9,9","+9999,9","+9999,9","99999,9","24,0000,9,5",,,,,,,,,,,,,,,,"0000,5","000,5","240,M,+0244,5","240,N,+0178,5",,,,,,,"10085,9,99999,4",,,"1,24,00983,190,1528,5","2,24,00760,210,1433,5","3,24,00295,999,9999,5","SOD60524 HR PRECIPITATION (IN): 0.00 TOTAL SUNSHINE (MINUTES):   0 PERCENT POSSIBLE SUNSHINE:  0 24 HR MAX TEMP (F): 7624 HR MAX TEMP TIME (LST):1038 24 HR MIN TEMP (F): 6424 HR MIN TEMP TIME (LST):0216 AVERAGE STATION PRESSURE:29.78  PEAK WIND SPEED (MPH): 22 PEAK WIND DIR (DEG):190 PEAK WIND TIME (LST):1528  FASTEST 2MIN SPEED (MPH): 17FASTEST 2MIN DIR (DEG):210 FASTEST 2MIN TIME (LST):1433 AVERAGE WIND SPEED (MPH): 6.6 24 HR AVG TEMP (F):70 HOURLY INCREMENTAL PRECIPITATION VALUES (IN):.00  .00  .00  .00  .00  .00  .00  .00  .00  .00  .00  .00  .00  .00  .00  .00  .00  .00  .00  .00  .00  .00  .00  .00",
"72297793184","2003-09-10T07:59:00","6","33.68","-117.86639","16.5","SANTA ANA JOHN WAYNE AIRPORT, CA US","SOD  ","KSNA ","V020","999,9,9,9999,9","99999,9,9,9","999999,9,9,9","+9999,9","+9999,9","99999,9","24,0000,9,5",,,,,,,,,,,,,,,,"0000,5","000,5","240,M,+0239,5","240,N,+0178,5",,,,,,,"10091,9,99999,4",,,"1,24,01028,190,1225,5","2,24,00805,190,1241,5","3,24,00402,999,9999,5","SOD60524 HR PRECIPITATION (IN): 0.00 TOTAL SUNSHINE (MINUTES):   0 PERCENT POSSIBLE SUNSHINE:  0 24 HR MAX TEMP (F): 7524 HR MAX TEMP TIME (LST):1125 24 HR MIN TEMP (F): 6424 HR MIN TEMP TIME (LST):2312 AVERAGE STATION PRESSURE:29.80  PEAK WIND SPEED (MPH): 23 PEAK WIND DIR (DEG):190 PEAK WIND TIME (LST):1225  FASTEST 2MIN SPEED (MPH): 18FASTEST 2MIN DIR (DEG):190 FASTEST 2MIN TIME (LST):1241 AVERAGE WIND SPEED (MPH): 9.0 24 HR AVG TEMP (F):70 HOURLY INCREMENTAL PRECIPITATION VALUES (IN):.00  .00  .00  .00  .00  .00  .00  .00  .00  .00  .00  .00  .00  .00  .00  .00  .00  .00  .00  .00  .00  .00  .00  .00",
"72297793184","2003-09-11T07:59:00","6","33.68","-117.86639","16.5","SANTA ANA JOHN WAYNE AIRPORT, CA US","SOD  ","KSNA ","V020","999,9,9,9999,9","99999,9,9,9","999999,9,9,9","+9999,9","+9999,9","99999,9","24,0000,9,5",,,,,,,,,,,,,,,,"0000,5","000,5","240,M,+0244,5","240,N,+0172,5",,,,,,,"10098,9,99999,4",,,"1,24,00715,170,1520,5","2,24,00581,210,1545,5","3,24,00241,999,9999,5","SOD60524 HR PRECIPITATION (IN): 0.00 TOTAL SUNSHINE (MINUTES):   0 PERCENT POSSIBLE SUNSHINE:  0 24 HR MAX TEMP (F): 7624 HR MAX TEMP TIME (LST):1455 24 HR MIN TEMP (F): 6324 HR MIN TEMP TIME (LST):0543 AVERAGE STATION PRESSURE:29.82  PEAK WIND SPEED (MPH): 16 PEAK WIND DIR (DEG):170 PEAK WIND TIME (LST):1520  FASTEST 2MIN SPEED (MPH): 13FASTEST 2MIN DIR (DEG):210 FASTEST 2MIN TIME (LST):1545 AVERAGE WIND SPEED (MPH): 5.4 24 HR AVG TEMP (F):70 HOURLY INCREMENTAL PRECIPITATION VALUES (IN):.00  .00  .00  .00  .00  .00  .00  .00  .00  .00  .00  .00  .00  .00  .00  .00  .00  .00  .00  .00  .00  .00  .00  .00",
"72297793184","2003-09-12T07:59:00","6","33.68","-117.86639","16.5","SANTA ANA JOHN WAYNE AIRPORT, CA US","SOD  ","KSNA ","V020","999,9,9,9999,9","99999,9,9,9","999999,9,9,9","+9999,9","+9999,9","99999,9","24,0000,9,5",,,,,,,,,,,,,,,,"0000,5","000,5","240,M,+0256,5","240,N,+0178,5",,,,,,,"10119,9,99999,4",,,"1,24,00626,220,1346,5","2,24,00536,210,1347,5","3,24,00210,999,9999,5","SOD60524 HR PRECIPITATION (IN): 0.00 TOTAL SUNSHINE (MINUTES):   0 PERCENT POSSIBLE SUNSHINE:  0 24 HR MAX TEMP (F): 7824 HR MAX TEMP TIME (LST):1430 24 HR MIN TEMP (F): 6424 HR MIN TEMP TIME (LST):2359 AVERAGE STATION PRESSURE:29.88  PEAK WIND SPEED (MPH): 14 PEAK WIND DIR (DEG):220 PEAK WIND TIME (LST):1346  FASTEST 2MIN SPEED (MPH): 12FASTEST 2MIN DIR (DEG):210 FASTEST 2MIN TIME (LST):1347 AVERAGE WIND SPEED (MPH): 4.7 24 HR AVG TEMP (F):71 HOURLY INCREMENTAL PRECIPITATION VALUES (IN):.00  .00  .00  .00  .00  .00  .00  .00  .00  .00  .00  .00  .00  .00  .00  .00  .00  .00  .00  .00  .00  .00  .00  .00",
"72297793184","2003-09-13T07:59:00","6","33.68","-117.86639","16.5","SANTA ANA JOHN WAYNE AIRPORT, CA US","SOD  ","KSNA ","V020","999,9,9,9999,9","99999,9,9,9","999999,9,9,9","+9999,9","+9999,9","99999,9","24,0000,9,5",,,,,,,,,,,,,,,,"0000,5","000,5","240,M,+0239,5","240,N,+0172,5",,,,,,,"10088,9,99999,4",,,"1,24,00671,260,1501,5","2,24,00536,220,1512,5","3,24,00206,999,9999,5","SOD60524 HR PRECIPITATION (IN): 0.00 TOTAL SUNSHINE (MINUTES):   0 PERCENT POSSIBLE SUNSHINE:  0 24 HR MAX TEMP (F): 7524 HR MAX TEMP TIME (LST):1442 24 HR MIN TEMP (F): 6324 HR MIN TEMP TIME (LST):0505 AVERAGE STATION PRESSURE:29.79  PEAK WIND SPEED (MPH): 15 PEAK WIND DIR (DEG):260 PEAK WIND TIME (LST):1501  FASTEST 2MIN SPEED (MPH): 12FASTEST 2MIN DIR (DEG):220 FASTEST 2MIN TIME (LST):1512 AVERAGE WIND SPEED (MPH): 4.6 24 HR AVG TEMP (F):69 HOURLY INCREMENTAL PRECIPITATION VALUES (IN):.00  .00  .00  .00  .00  .00  .00  .00  .00  .00  .00  .00  .00  .00  .00  .00  .00  .00  .00  .00  .00  .00  .00  .00",
"72297793184","2003-09-14T07:59:00","6","33.68","-117.86639","16.5","SANTA ANA JOHN WAYNE AIRPORT, CA US","SOD  ","KSNA ","V020","999,9,9,9999,9","99999,9,9,9","999999,9,9,9","+9999,9","+9999,9","99999,9","24,0000,9,5",,,,,,,,,,,,,,,,"0000,5","000,5","240,M,+0244,5","240,N,+0178,5",,,,,,,"10075,9,99999,4",,,"1,24,00715,210,1337,5","2,24,00626,200,1334,5","3,24,00268,999,9999,5","SOD60524 HR PRECIPITATION (IN): 0.00 TOTAL SUNSHINE (MINUTES):   0 PERCENT POSSIBLE SUNSHINE:  0 24 HR MAX TEMP (F): 7624 HR MAX TEMP TIME (LST):1321 24 HR MIN TEMP (F): 6424 HR MIN TEMP TIME (LST):0657 AVERAGE STATION PRESSURE:29.75  PEAK WIND SPEED (MPH): 16 PEAK WIND DIR (DEG):210 PEAK WIND TIME (LST):1337  FASTEST 2MIN SPEED (MPH): 14FASTEST 2MIN DIR (DEG):200 FASTEST 2MIN TIME (LST):1334 AVERAGE WIND SPEED (MPH): 6.0 24 HR AVG TEMP (F):70 HOURLY INCREMENTAL PRECIPITATION VALUES (IN):.00  .00  .00  .00  .00  .00  .00  .00  .00  .00  .00  .00  .00  .00  .00  .00  .00  .00  .00  .00  .00  .00  .00  .00",
"72297793184","2003-09-15T07:59:00","6","33.68","-117.86639","16.5","SANTA ANA JOHN WAYNE AIRPORT, CA US","SOD  ","KSNA ","V020","999,9,9,9999,9","99999,9,9,9","999999,9,9,9","+9999,9","+9999,9","99999,9","24,0000,9,5",,,,,,,,,,,,,,,,"0000,5","000,5","240,M,+0244,5","240,N,+0178,5",,,,,,,"10102,9,99999,4",,,"1,24,00581,230,1447,5","2,24,00536,220,1442,5","3,24,00192,999,9999,5","SOD60524 HR PRECIPITATION (IN): 0.00 TOTAL SUNSHINE (MINUTES):   0 PERCENT POSSIBLE SUNSHINE:  0 24 HR MAX TEMP (F): 7624 HR MAX TEMP TIME (LST):1318 24 HR MIN TEMP (F): 6424 HR MIN TEMP TIME (LST):2358 AVERAGE STATION PRESSURE:29.83  PEAK WIND SPEED (MPH): 13 PEAK WIND DIR (DEG):230 PEAK WIND TIME (LST):1447  FASTEST 2MIN SPEED (MPH): 12FASTEST 2MIN DIR (DEG):220 FASTEST 2MIN TIME (LST):1442 AVERAGE WIND SPEED (MPH): 4.3 24 HR AVG TEMP (F):70 HOURLY INCREMENTAL PRECIPITATION VALUES (IN):.00  .00  .00  .00  .00  .00  .00  .00  .00  .00  .00  .00  .00  .00  .00  .00  .00  .00  .00  .00  .00  .00  .00  .00",
"72297793184","2003-09-16T07:59:00","6","33.68","-117.86639","16.5","SANTA ANA JOHN WAYNE AIRPORT, CA US","SOD  ","KSNA ","V020","999,9,9,9999,9","99999,9,9,9","999999,9,9,9","+9999,9","+9999,9","99999,9","24,0000,9,5",,,,,,,,,,,,,,,,"0000,5","000,5","240,M,+0233,5","240,N,+0161,5",,,,,,,"10105,9,99999,4",,,"1,24,00626,210,1339,5","2,24,00536,250,1300,5","3,24,00201,999,9999,5","SOD60524 HR PRECIPITATION (IN): 0.00 TOTAL SUNSHINE (MINUTES):   0 PERCENT POSSIBLE SUNSHINE:  0 24 HR MAX TEMP (F): 7424 HR MAX TEMP TIME (LST):1503 24 HR MIN TEMP (F): 6124 HR MIN TEMP TIME (LST):2359 AVERAGE STATION PRESSURE:29.84  PEAK WIND SPEED (MPH): 14 PEAK WIND DIR (DEG):210 PEAK WIND TIME (LST):1339  FASTEST 2MIN SPEED (MPH): 12FASTEST 2MIN DIR (DEG):250 FASTEST 2MIN TIME (LST):1300 AVERAGE WIND SPEED (MPH): 4.5 24 HR AVG TEMP (F):68 HOURLY INCREMENTAL PRECIPITATION VALUES (IN):.00  .00  .00  .00  .00  .00  .00  .00  .00  .00  .00  .00  .00  .00  .00  .00  .00  .00  .00  .00  .00  .00  .00  .00",
"72297793184","2003-09-17T07:59:00","6","33.68","-117.86639","16.5","SANTA ANA JOHN WAYNE AIRPORT, CA US","SOD  ","KSNA ","V020","999,9,9,9999,9","99999,9,9,9","999999,9,9,9","+9999,9","+9999,9","99999,9","24,0000,9,5",,,,,,,,,,,,,,,,"0000,5","000,5","240,M,+0222,5","240,N,+0161,5",,,,,,,"10085,9,99999,4",,,"1,24,00671,220,1222,5","2,24,00536,220,1223,5","3,24,00219,999,9999,5","SOD60524 HR PRECIPITATION (IN): 0.00 TOTAL SUNSHINE (MINUTES):   0 PERCENT POSSIBLE SUNSHINE:  0 24 HR MAX TEMP (F): 7224 HR MAX TEMP TIME (LST):1356 24 HR MIN TEMP (F): 6124 HR MIN TEMP TIME (LST):0043 AVERAGE STATION PRESSURE:29.78  PEAK WIND SPEED (MPH): 15 PEAK WIND DIR (DEG):220 PEAK WIND TIME (LST):1222  FASTEST 2MIN SPEED (MPH): 12FASTEST 2MIN DIR (DEG):220 FASTEST 2MIN TIME (LST):1223 AVERAGE WIND SPEED (MPH): 4.9 24 HR AVG TEMP (F):67 HOURLY INCREMENTAL PRECIPITATION VALUES (IN):.00  .00  .00  .00  .00  .00  .00  .00  .00  .00  .00  .00  .00  .00  .00  .00  .00  .00  .00  .00  .00  .00  .00  .00",
"72297793184","2003-09-18T07:59:00","6","33.68","-117.86639","16.5","SANTA ANA JOHN WAYNE AIRPORT, CA US","SOD  ","KSNA ","V020","999,9,9,9999,9","99999,9,9,9","999999,9,9,9","+9999,9","+9999,9","99999,9","24,0000,9,5",,,,,,,,,,,,,,,,"0000,5","000,5","240,M,+0228,5","240,N,+0167,5",,,,,,,"10071,9,99999,4",,,"1,24,00715,210,1452,5","2,24,00626,210,1415,5","3,24,00273,999,9999,5","SOD60524 HR PRECIPITATION (IN): 0.00 TOTAL SUNSHINE (MINUTES):   0 PERCENT POSSIBLE SUNSHINE:  0 24 HR MAX TEMP (F): 7324 HR MAX TEMP TIME (LST):1459 24 HR MIN TEMP (F): 6224 HR MIN TEMP TIME (LST):0052 AVERAGE STATION PRESSURE:29.74  PEAK WIND SPEED (MPH): 16 PEAK WIND DIR (DEG):210 PEAK WIND TIME (LST):1452  FASTEST 2MIN SPEED (MPH): 14FASTEST 2MIN DIR (DEG):210 FASTEST 2MIN TIME (LST):1415 AVERAGE WIND SPEED (MPH): 6.1 24 HR AVG TEMP (F):68 HOURLY INCREMENTAL PRECIPITATION VALUES (IN):.00  .00  .00  .00  .00  .00  .00  .00  .00  .00  .00  .00  .00  .00  .00  .00  .00  .00  .00  .00  .00  .00  .00  .00",
"72297793184","2003-09-19T07:59:00","6","33.68","-117.86639","16.5","SANTA ANA JOHN WAYNE AIRPORT, CA US","SOD  ","KSNA ","V020","999,9,9,9999,9","99999,9,9,9","999999,9,9,9","+9999,9","+9999,9","99999,9","24,0000,9,5",,,,,,,,,,,,,,,,"0000,5","000,5","240,M,+0256,5","240,N,+0178,5",,,,,,,"10081,9,99999,4",,,"1,24,00626,200,1700,5","2,24,00536,200,1701,5","3,24,00215,999,9999,5","SOD60524 HR PRECIPITATION (IN): 0.00 TOTAL SUNSHINE (MINUTES):   0 PERCENT POSSIBLE SUNSHINE:  0 24 HR MAX TEMP (F): 7824 HR MAX TEMP TIME (LST):1302 24 HR MIN TEMP (F): 6424 HR MIN TEMP TIME (LST):2345 AVERAGE STATION PRESSURE:29.77  PEAK WIND SPEED (MPH): 14 PEAK WIND DIR (DEG):200 PEAK WIND TIME (LST):1700  FASTEST 2MIN SPEED (MPH): 12FASTEST 2MIN DIR (DEG):200 FASTEST 2MIN TIME (LST):1701 AVERAGE WIND SPEED (MPH): 4.8 24 HR AVG TEMP (F):71 HOURLY INCREMENTAL PRECIPITATION VALUES (IN):.00  .00  .00  .00  .00  .00  .00  .00  .00  .00  .00  .00  .00  .00  .00  .00  .00  .00  .00  .00  .00  .00  .00  .00",
"72297793184","2003-09-20T07:59:00","6","33.68","-117.86639","16.5","SANTA ANA JOHN WAYNE AIRPORT, CA US","SOD  ","KSNA ","V020","999,9,9,9999,9","99999,9,9,9","999999,9,9,9","+9999,9","+9999,9","99999,9","24,0000,9,5",,,,,,,,,,,,,,,,"0000,5","000,5","240,M,+0250,5","240,N,+0167,5",,,,,,,"10075,9,99999,4",,,"1,24,00626,190,1557,5","2,24,00536,200,1604,5","3,24,00206,999,9999,5","SOD60524 HR PRECIPITATION (IN): 0.00 TOTAL SUNSHINE (MINUTES):   0 PERCENT POSSIBLE SUNSHINE:  0 24 HR MAX TEMP (F): 7724 HR MAX TEMP TIME (LST):1532 24 HR MIN TEMP (F): 6224 HR MIN TEMP TIME (LST):0632 AVERAGE STATION PRESSURE:29.75  PEAK WIND SPEED (MPH): 14 PEAK WIND DIR (DEG):190 PEAK WIND TIME (LST):1557  FASTEST 2MIN SPEED (MPH): 12FASTEST 2MIN DIR (DEG):200 FASTEST 2MIN TIME (LST):1604 AVERAGE WIND SPEED (MPH): 4.6 24 HR AVG TEMP (F):70 HOURLY INCREMENTAL PRECIPITATION VALUES (IN):.00  .00  .00  .00  .00  .00  .00  .00  .00  .00  .00  .00  .00  .00  .00  .00  .00  .00  .00  .00  .00  .00  .00  .00",
"72297793184","2003-09-21T07:59:00","6","33.68","-117.86639","16.5","SANTA ANA JOHN WAYNE AIRPORT, CA US","SOD  ","KSNA ","V020","999,9,9,9999,9","99999,9,9,9","999999,9,9,9","+9999,9","+9999,9","99999,9","24,0000,9,5",,,,,,,,,,,,,,,,"0000,5","000,5","240,M,+0250,5","240,N,+0167,5",,,,,,,"10061,9,99999,4",,,"1,24,00626,200,1106,5","2,24,00581,200,1106,5","3,24,00170,999,9999,5","SOD60524 HR PRECIPITATION (IN): 0.00 TOTAL SUNSHINE (MINUTES):   0 PERCENT POSSIBLE SUNSHINE:  0 24 HR MAX TEMP (F): 7724 HR MAX TEMP TIME (LST):1112 24 HR MIN TEMP (F): 6224 HR MIN TEMP TIME (LST):0614 AVERAGE STATION PRESSURE:29.71  PEAK WIND SPEED (MPH): 14 PEAK WIND DIR (DEG):200 PEAK WIND TIME (LST):1106  FASTEST 2MIN SPEED (MPH): 13FASTEST 2MIN DIR (DEG):200 FASTEST 2MIN TIME (LST):1106 AVERAGE WIND SPEED (MPH): 3.8 24 HR AVG TEMP (F):70 HOURLY INCREMENTAL PRECIPITATION VALUES (IN):.00  .00  .00  .00  .00  .00  .00  .00  .00  .00  .00  .00  .00  .00  .00  .00  .00  .00  .00  .00  .00  .00  .00  .00",
"72297793184","2003-09-22T07:59:00","6","33.68","-117.86639","16.5","SANTA ANA JOHN WAYNE AIRPORT, CA US","SOD  ","KSNA ","V020","999,9,9,9999,9","99999,9,9,9","999999,9,9,9","+9999,9","+9999,9","99999,9","24,0000,9,5",,,,,,,,,,,,,,,,"0000,5","000,5","240,M,+0256,5","240,N,+0150,5",,,,,,,"10051,9,99999,4",,,"1,24,00671,220,1634,5","2,24,00581,190,1723,5","3,24,00192,999,9999,5","SOD60524 HR PRECIPITATION (IN): 0.00 TOTAL SUNSHINE (MINUTES):   0 PERCENT POSSIBLE SUNSHINE:  0 24 HR MAX TEMP (F): 7824 HR MAX TEMP TIME (LST):1126 24 HR MIN TEMP (F): 5924 HR MIN TEMP TIME (LST):0421 AVERAGE STATION PRESSURE:29.68  PEAK WIND SPEED (MPH): 15 PEAK WIND DIR (DEG):220 PEAK WIND TIME (LST):1634  FASTEST 2MIN SPEED (MPH): 13FASTEST 2MIN DIR (DEG):190 FASTEST 2MIN TIME (LST):1723 AVERAGE WIND SPEED (MPH): 4.3 24 HR AVG TEMP (F):69 HOURLY INCREMENTAL PRECIPITATION VALUES (IN):.00  .00  .00  .00  .00  .00  .00  .00  .00  .00  .00  .00  .00  .00  .00  .00  .00  .00  .00  .00  .00  .00  .00  .00",
"72297793184","2003-09-23T07:59:00","6","33.68","-117.86639","16.5","SANTA ANA JOHN WAYNE AIRPORT, CA US","SOD  ","KSNA ","V020","999,9,9,9999,9","99999,9,9,9","999999,9,9,9","+9999,9","+9999,9","99999,9","24,0000,9,5",,,,,,,,,,,,,,,,"0000,5","000,5","240,M,+0256,5","240,N,+0156,5",,,,,,,"10054,9,99999,4",,,"1,24,00626,260,1327,5","2,24,00447,220,1700,5","3,24,00165,999,9999,5","SOD60524 HR PRECIPITATION (IN): 0.00 TOTAL SUNSHINE (MINUTES):   0 PERCENT POSSIBLE SUNSHINE:  0 24 HR MAX TEMP (F): 7824 HR MAX TEMP TIME (LST):1251 24 HR MIN TEMP (F): 6024 HR MIN TEMP TIME (LST):0203 AVERAGE STATION PRESSURE:29.69  PEAK WIND SPEED (MPH): 14 PEAK WIND DIR (DEG):260 PEAK WIND TIME (LST):1327  FASTEST 2MIN SPEED (MPH): 10FASTEST 2MIN DIR (DEG):220 FASTEST 2MIN TIME (LST):1700 AVERAGE WIND SPEED (MPH): 3.7 24 HR AVG TEMP (F):69 HOURLY INCREMENTAL PRECIPITATION VALUES (IN):.00  .00  .00  .00  .00  .00  .00  .00  .00  .00  .00  .00  .00  .00  .00  .00  .00  .00  .00  .00  .00  .00  .00  .00",
"72297793184","2003-09-24T07:59:00","6","33.68","-117.86639","16.5","SANTA ANA JOHN WAYNE AIRPORT, CA US","SOD  ","KSNA ","V020","999,9,9,9999,9","99999,9,9,9","999999,9,9,9","+9999,9","+9999,9","99999,9","24,0000,9,5",,,,,,,,,,,,,,,,"0000,5","000,5","240,M,+0222,5","240,N,+0161,5",,,,,,,"10068,9,99999,4",,,"1,24,00894,210,1044,5","2,24,00715,210,1239,5","3,24,00322,999,9999,5","SOD60524 HR PRECIPITATION (IN): 0.00 TOTAL SUNSHINE (MINUTES):   0 PERCENT POSSIBLE SUNSHINE:  0 24 HR MAX TEMP (F): 7224 HR MAX TEMP TIME (LST):1236 24 HR MIN TEMP (F): 6124 HR MIN TEMP TIME (LST):0440 AVERAGE STATION PRESSURE:29.73  PEAK WIND SPEED (MPH): 20 PEAK WIND DIR (DEG):210 PEAK WIND TIME (LST):1044  FASTEST 2MIN SPEED (MPH): 16FASTEST 2MIN DIR (DEG):210 FASTEST 2MIN TIME (LST):1239 AVERAGE WIND SPEED (MPH): 7.2 24 HR AVG TEMP (F):67 HOURLY INCREMENTAL PRECIPITATION VALUES (IN):.00  .00  .00  .00  .00  .00  .00  .00  .00  .00  .00  .00  .00  .00  .00  .00  .00  .00  .00  .00  .00  .00  .00  .00",
"72297793184","2003-09-25T07:59:00","6","33.68","-117.86639","16.5","SANTA ANA JOHN WAYNE AIRPORT, CA US","SOD  ","KSNA ","V020","999,9,9,9999,9","99999,9,9,9","999999,9,9,9","+9999,9","+9999,9","99999,9","24,0000,9,5",,,,,,,,,,,,,,,,"0000,5","000,5","240,M,+0228,5","240,N,+0178,5",,,,,,,"10112,9,99999,4",,,"1,24,00715,170,1027,5","2,24,00581,180,1027,5","3,24,00291,999,9999,5","SOD60524 HR PRECIPITATION (IN): 0.00 TOTAL SUNSHINE (MINUTES):   0 PERCENT POSSIBLE SUNSHINE:  0 24 HR MAX TEMP (F): 7324 HR MAX TEMP TIME (LST):1350 24 HR MIN TEMP (F): 6424 HR MIN TEMP TIME (LST):0829 AVERAGE STATION PRESSURE:29.86  PEAK WIND SPEED (MPH): 16 PEAK WIND DIR (DEG):170 PEAK WIND TIME (LST):1027  FASTEST 2MIN SPEED (MPH): 13FASTEST 2MIN DIR (DEG):180 FASTEST 2MIN TIME (LST):1027 AVERAGE WIND SPEED (MPH): 6.5 24 HR AVG TEMP (F):69 HOURLY INCREMENTAL PRECIPITATION VALUES (IN):.00  .00  .00  .00  .00  .00  .00  .00  .00  .00  .00  .00  .00  .00  .00  .00  .00  .00  .00  .00  .00  .00  .00  .00",
"72297793184","2003-09-26T07:59:00","6","33.68","-117.86639","16.5","SANTA ANA JOHN WAYNE AIRPORT, CA US","SOD  ","KSNA ","V020","999,9,9,9999,9","99999,9,9,9","999999,9,9,9","+9999,9","+9999,9","99999,9","24,0000,9,5",,,,,,,,,,,,,,,,"0000,5","000,5","240,M,+0239,5","240,N,+0172,5",,,,,,,"10108,9,99999,4",,,"1,24,00671,220,1324,5","2,24,00581,210,1348,5","3,24,00219,999,9999,5","SOD60524 HR PRECIPITATION (IN): 0.00 TOTAL SUNSHINE (MINUTES):   0 PERCENT POSSIBLE SUNSHINE:  0 24 HR MAX TEMP (F): 7524 HR MAX TEMP TIME (LST):1158 24 HR MIN TEMP (F): 6324 HR MIN TEMP TIME (LST):2253 AVERAGE STATION PRESSURE:29.85  PEAK WIND SPEED (MPH): 15 PEAK WIND DIR (DEG):220 PEAK WIND TIME (LST):1324  FASTEST 2MIN SPEED (MPH): 13FASTEST 2MIN DIR (DEG):210 FASTEST 2MIN TIME (LST):1348 AVERAGE WIND SPEED (MPH): 4.9 24 HR AVG TEMP (F):69 HOURLY INCREMENTAL PRECIPITATION VALUES (IN):.00  .00  .00  .00  .00  .00  .00  .00  .00  .00  .00  .00  .00  .00  .00  .00  .00  .00  .00  .00  .00  .00  .00  .00",
"72297793184","2003-09-27T07:59:00","6","33.68","-117.86639","16.5","SANTA ANA JOHN WAYNE AIRPORT, CA US","SOD  ","KSNA ","V020","999,9,9,9999,9","99999,9,9,9","999999,9,9,9","+9999,9","+9999,9","99999,9","24,0000,9,5",,,,,,,,,,,,,,,,"0000,5","000,5","240,M,+0239,5","240,N,+0167,5",,,,,,,"10085,9,99999,4",,,"1,24,00671,190,1230,5","2,24,00536,210,1548,5","3,24,00206,999,9999,5","SOD60524 HR PRECIPITATION (IN): 0.00 TOTAL SUNSHINE (MINUTES):   0 PERCENT POSSIBLE SUNSHINE:  0 24 HR MAX TEMP (F): 7524 HR MAX TEMP TIME (LST):1225 24 HR MIN TEMP (F): 6224 HR MIN TEMP TIME (LST):0202 AVERAGE STATION PRESSURE:29.78  PEAK WIND SPEED (MPH): 15 PEAK WIND DIR (DEG):190 PEAK WIND TIME (LST):1230  FASTEST 2MIN SPEED (MPH): 12FASTEST 2MIN DIR (DEG):210 FASTEST 2MIN TIME (LST):1548 AVERAGE WIND SPEED (MPH): 4.6 24 HR AVG TEMP (F):69 HOURLY INCREMENTAL PRECIPITATION VALUES (IN):.00  .00  .00  .00  .00  .00  .00  .00  .00  .00  .00  .00  .00  .00  .00  .00  .00  .00  .00  .00  .00  .00  .00  .00",
"72297793184","2003-09-28T07:59:00","6","33.68","-117.86639","16.5","SANTA ANA JOHN WAYNE AIRPORT, CA US","SOD  ","KSNA ","V020","999,9,9,9999,9","99999,9,9,9","999999,9,9,9","+9999,9","+9999,9","99999,9","24,0000,9,5",,,,,,,,,,,,,,,,"0000,5","000,5","240,M,+0233,5","240,N,+0178,5",,,,,,,"10078,9,99999,4",,,"1,24,00626,210,1647,5","2,24,00536,190,1606,5","3,24,00219,999,9999,5","SOD60524 HR PRECIPITATION (IN): 0.00 TOTAL SUNSHINE (MINUTES):   0 PERCENT POSSIBLE SUNSHINE:  0 24 HR MAX TEMP (F): 7424 HR MAX TEMP TIME (LST):1259 24 HR MIN TEMP (F): 6424 HR MIN TEMP TIME (LST):2212 AVERAGE STATION PRESSURE:29.76  PEAK WIND SPEED (MPH): 14 PEAK WIND DIR (DEG):210 PEAK WIND TIME (LST):1647  FASTEST 2MIN SPEED (MPH): 12FASTEST 2MIN DIR (DEG):190 FASTEST 2MIN TIME (LST):1606 AVERAGE WIND SPEED (MPH): 4.9 24 HR AVG TEMP (F):69 HOURLY INCREMENTAL PRECIPITATION VALUES (IN):.00  .00  .00  .00  .00  .00  .00  .00  .00  .00  .00  .00  .00  .00  .00  .00  .00  .00  .00  .00  .00  .00  .00  .00",
"72297793184","2003-09-29T07:59:00","6","33.68","-117.86639","16.5","SANTA ANA JOHN WAYNE AIRPORT, CA US","SOD  ","KSNA ","V020","999,9,9,9999,9","99999,9,9,9","999999,9,9,9","+9999,9","+9999,9","99999,9","24,0000,9,5",,,,,,,,,,,,,,,,"0000,5","000,5","240,M,+0206,5","240,N,+0178,5",,,,,,,"10091,9,99999,4",,,"1,24,00581,190,1842,5","2,24,00447,190,1813,5","3,24,00224,999,9999,5","SOD58324 HR PRECIPITATION (IN): 0.00 TOTAL SUNSHINE (MINUTES):   0 PERCENT POSSIBLE SUNSHINE:  0 24 HR MAX TEMP (F): 6924 HR MAX TEMP TIME (LST):1454 24 HR MIN TEMP (F): 6424 HR MIN TEMP TIME (LST):0828 AVERAGE STATION PRESSURE:29.80  PEAK WIND SPEED (MPH): 13 PEAK WIND DIR (DEG):190 PEAK WIND TIME (LST):1842  FASTEST 2MIN SPEED (MPH): 10FASTEST 2MIN DIR (DEG):190 FASTEST 2MIN TIME (LST):1813 AVERAGE WIND SPEED (MPH): 5.0 HOURLY INCREMENTAL PRECIPITATION VALUES (IN):.00  .00  .00  .00  .00  .00  .00  .00  .00  .00  .00  .00  .00  .00  .00  .00  .00  .00  .00  .00  .00  .00  .00  .00",
"72297793184","2003-09-30T07:59:00","6","33.68","-117.86639","16.5","SANTA ANA JOHN WAYNE AIRPORT, CA US","SOD  ","KSNA ","V020","999,9,9,9999,9","99999,9,9,9","999999,9,9,9","+9999,9","+9999,9","99999,9","24,0000,9,5",,,,,,,,,,,,,,,,"0000,5","000,5","240,M,+0239,5","240,N,+0183,5",,,,,,,"10091,9,99999,4",,,"1,24,00671,220,1557,5","2,24,00581,210,1607,5","3,24,00241,999,9999,5","SOD60524 HR PRECIPITATION (IN): 0.00 TOTAL SUNSHINE (MINUTES):   0 PERCENT POSSIBLE SUNSHINE:  0 24 HR MAX TEMP (F): 7524 HR MAX TEMP TIME (LST):1258 24 HR MIN TEMP (F): 6524 HR MIN TEMP TIME (LST):0806 AVERAGE STATION PRESSURE:29.80  PEAK WIND SPEED (MPH): 15 PEAK WIND DIR (DEG):220 PEAK WIND TIME (LST):1557  FASTEST 2MIN SPEED (MPH): 13FASTEST 2MIN DIR (DEG):210 FASTEST 2MIN TIME (LST):1607 AVERAGE WIND SPEED (MPH): 5.4 24 HR AVG TEMP (F):70 HOURLY INCREMENTAL PRECIPITATION VALUES (IN):.00  .00  .00  .00  .00  .00  .00  .00  .00  .00  .00  .00  .00  .00  .00  .00  .00  .00  .00  .00  .00  .00  .00  .00",
"72297793184","2003-10-01T07:59:00","6","33.68","-117.86639","16.5","SANTA ANA JOHN WAYNE AIRPORT, CA US","SOD  ","KSNA ","V020","999,9,9,9999,9","99999,9,9,9","999999,9,9,9","+9999,9","+9999,9","99999,9","24,0000,9,5",,,,,,,,,,,,,,,,"0000,5","000,5","240,M,+0222,5","240,N,+0178,5",,,,,,,"10115,9,99999,4",,,"1,24,00671,220,1323,5","2,24,00536,190,1454,5","3,24,00228,999,9999,5","SOD60524 HR PRECIPITATION (IN): 0.00 TOTAL SUNSHINE (MINUTES):   0 PERCENT POSSIBLE SUNSHINE:  0 24 HR MAX TEMP (F): 7224 HR MAX TEMP TIME (LST):1237 24 HR MIN TEMP (F): 6424 HR MIN TEMP TIME (LST):0535 AVERAGE STATION PRESSURE:29.87  PEAK WIND SPEED (MPH): 15 PEAK WIND DIR (DEG):220 PEAK WIND TIME (LST):1323  FASTEST 2MIN SPEED (MPH): 12FASTEST 2MIN DIR (DEG):190 FASTEST 2MIN TIME (LST):1454 AVERAGE WIND SPEED (MPH): 5.1 24 HR AVG TEMP (F):68 HOURLY INCREMENTAL PRECIPITATION VALUES (IN):.00  .00  .00  .00  .00  .00  .00  .00  .00  .00  .00  .00  .00  .00  .00  .00  .00  .00  .00  .00  .00  .00  .00  .00",
"72297793184","2003-10-01T07:59:00","6","33.68","-117.86639","16.5","SANTA ANA JOHN WAYNE AIRPORT, CA US","SOM  ","KSNA ","V020","999,9,9,9999,9","99999,9,9,9","999999,9,9,9","+9999,9","+9999,9","99999,9",,"00000,9,5","00000,9,9999,9999,9999,5","00,5,00,5,99,9,00,5",,,,,,,,,,,,,,,,,"720,N,+1744,5","720,M,+2483,5","720,A,+2117,5","720,H,0000,5","720,C,0159,6","00,5,00,5,00,5,00,5",,"10088,4,10119,4","99999,999999,7,10061,211529,7",,,,"SOM515PCP MTOT: 0.00 DEPNRM:-4.16 PCP GT 24HRS: 0.00 DAYS W/PCP >=.01: 0 DAYS W/PCP >=.10: 0 DAYS W/PCP >=1.00:  SN GT DP ON GRND:0 - DATE(S):0  AVG DLY MIN: 63.4 AVG DLY MAX: 76.7 AVG MLY TMP: 70.1 DAYS MAX <=32:  DAYS MAX >=70: 0 DAYS MAX >=90: 0 DAYS MIN <=32: 0 DAYS MIN  <=0: 0 AVG STP:29.79  AVG SLP:29.88  LWST SLP:29.71 DATE/TIME:211529 HGST SLP:  .00 DATE/TIME: 00000 HDD MTH TOT:   0 DEP NORM:-408 SEASON(JUL 1-JUN 30):    0 DEP NORM:0   0 CDD MTH TOT: 159 DEP NORM: 150 SEASON(JAN 1-DEC 31):    0 DEP NORM:   0","R01   0 -7AKS007R02   1597KDC058R03   .007MKX021"
"72297793184","2003-10-02T07:59:00","6","33.68","-117.86639","16.5","SANTA ANA JOHN WAYNE AIRPORT, CA US","SOD  ","KSNA ","V020","999,9,9,9999,9","99999,9,9,9","999999,9,9,9","+9999,9","+9999,9","99999,9","24,0000,9,5",,,,,,,,,,,,,,,,"0000,5","000,5","240,M,+0233,5","240,N,+0167,6",,,,,,,"10115,9,99999,4",,,"1,24,00715,220,1255,5","2,24,00626,220,1255,5","3,24,00232,999,9999,5","SOD60524 HR PRECIPITATION (IN): 0.00 TOTAL SUNSHINE (MINUTES):   0 PERCENT POSSIBLE SUNSHINE:  0 24 HR MAX TEMP (F): 7424 HR MAX TEMP TIME (LST):1257 24 HR MIN TEMP (F): 6224 HR MIN TEMP TIME (LST):2201 AVERAGE STATION PRESSURE:29.87  PEAK WIND SPEED (MPH): 16 PEAK WIND DIR (DEG):220 PEAK WIND TIME (LST):1255  FASTEST 2MIN SPEED (MPH): 14FASTEST 2MIN DIR (DEG):220 FASTEST 2MIN TIME (LST):1255 AVERAGE WIND SPEED (MPH): 5.2 24 HR AVG TEMP (F):68 HOURLY INCREMENTAL PRECIPITATION VALUES (IN):.00  .00  .00  .00  .00  .00  .00  .00  .00  .00  .00  .00  .00  .00  .00  .00  .00  .00  .00  .00  .00  .00  .00  .00","R01    627KAN014"
"72297793184","2003-10-03T07:59:00","6","33.68","-117.86639","16.5","SANTA ANA JOHN WAYNE AIRPORT, CA US","SOD  ","KSNA ","V020","999,9,9,9999,9","99999,9,9,9","999999,9,9,9","+9999,9","+9999,9","99999,9","24,0000,9,5",,,,,,,,,,,,,,,,"0000,5","000,5","240,M,+0222,5","240,N,+0167,5",,,,,,,"10075,9,99999,4",,,"1,24,00760,210,1328,5","2,24,00626,210,1329,5","3,24,00286,999,9999,5","SOD60524 HR PRECIPITATION (IN): 0.00 TOTAL SUNSHINE (MINUTES):   0 PERCENT POSSIBLE SUNSHINE:  0 24 HR MAX TEMP (F): 7224 HR MAX TEMP TIME (LST):1254 24 HR MIN TEMP (F): 6224 HR MIN TEMP TIME (LST):0444 AVERAGE STATION PRESSURE:29.75  PEAK WIND SPEED (MPH): 17 PEAK WIND DIR (DEG):210 PEAK WIND TIME (LST):1328  FASTEST 2MIN SPEED (MPH): 14FASTEST 2MIN DIR (DEG):210 FASTEST 2MIN TIME (LST):1329 AVERAGE WIND SPEED (MPH): 6.4 24 HR AVG TEMP (F):67 HOURLY INCREMENTAL PRECIPITATION VALUES (IN):.00  .00  .00  .00  .00  .00  .00  .00  .00  .00  .00  .00  .00  .00  .00  .00  .00  .00  .00  .00  .00  .00  .00  .00",
"72297793184","2003-10-04T07:59:00","6","33.68","-117.86639","16.5","SANTA ANA JOHN WAYNE AIRPORT, CA US","SOD  ","KSNA ","V020","999,9,9,9999,9","99999,9,9,9","999999,9,9,9","+9999,9","+9999,9","99999,9","24,0000,9,5",,,,,,,,,,,,,,,,"0000,5","000,5","240,M,+0206,5","240,N,+0167,5",,,,,,,"10068,9,99999,4",,,"1,24,00715,180,1043,5","2,24,00581,190,1323,5","3,24,00246,999,9999,5","SOD60524 HR PRECIPITATION (IN): 0.00 TOTAL SUNSHINE (MINUTES):   0 PERCENT POSSIBLE SUNSHINE:  0 24 HR MAX TEMP (F): 6924 HR MAX TEMP TIME (LST):1234 24 HR MIN TEMP (F): 6224 HR MIN TEMP TIME (LST):2359 AVERAGE STATION PRESSURE:29.73  PEAK WIND SPEED (MPH): 16 PEAK WIND DIR (DEG):180 PEAK WIND TIME (LST):1043  FASTEST 2MIN SPEED (MPH): 13FASTEST 2MIN DIR (DEG):190 FASTEST 2MIN TIME (LST):1323 AVERAGE WIND SPEED (MPH): 5.5 24 HR AVG TEMP (F):66 HOURLY INCREMENTAL PRECIPITATION VALUES (IN):.00  .00  .00  .00  .00  .00  .00  .00  .00  .00  .00  .00  .00  .00  .00  .00  .00  .00  .00  .00  .00  .00  .00  .00",
"72297793184","2003-10-05T07:59:00","6","33.68","-117.86639","16.5","SANTA ANA JOHN WAYNE AIRPORT, CA US","SOD  ","KSNA ","V020","999,9,9,9999,9","99999,9,9,9","999999,9,9,9","+9999,9","+9999,9","99999,9","24,0000,9,5",,,,,,,,,,,,,,,,"0000,5","000,5","240,M,+0222,5","240,N,+0150,5",,,,,,,"10088,9,99999,4",,,"1,24,00626,220,1453,5","2,24,00447,240,1448,5","3,24,00143,999,9999,5","SOD60524 HR PRECIPITATION (IN): 0.00 TOTAL SUNSHINE (MINUTES):   0 PERCENT POSSIBLE SUNSHINE:  0 24 HR MAX TEMP (F): 7224 HR MAX TEMP TIME (LST):1240 24 HR MIN TEMP (F): 5924 HR MIN TEMP TIME (LST):0605 AVERAGE STATION PRESSURE:29.79  PEAK WIND SPEED (MPH): 14 PEAK WIND DIR (DEG):220 PEAK WIND TIME (LST):1453  FASTEST 2MIN SPEED (MPH): 10FASTEST 2MIN DIR (DEG):240 FASTEST 2MIN TIME (LST):1448 AVERAGE WIND SPEED (MPH): 3.2 24 HR AVG TEMP (F):66 HOURLY INCREMENTAL PRECIPITATION VALUES (IN):.00  .00  .00  .00  .00  .00  .00  .00  .00  .00  .00  .00  .00  .00  .00  .00  .00  .00  .00  .00  .00  .00  .00  .00",
"72297793184","2003-10-06T07:59:00","6","33.68","-117.86639","16.5","SANTA ANA JOHN WAYNE AIRPORT, CA US","SOD  ","KSNA ","V020","999,9,9,9999,9","99999,9,9,9","999999,9,9,9","+9999,9","+9999,9","99999,9","24,0000,9,5",,,,,,,,,,,,,,,,"0000,5","000,5","240,M,+0222,5","240,N,+0167,5",,,,,,,"10091,9,99999,4",,,"1,24,00626,220,1501,5","2,24,00536,220,1533,5","3,24,00192,999,9999,5","SOD60524 HR PRECIPITATION (IN): 0.00 TOTAL SUNSHINE (MINUTES):   0 PERCENT POSSIBLE SUNSHINE:  0 24 HR MAX TEMP (F): 7224 HR MAX TEMP TIME (LST):1302 24 HR MIN TEMP (F): 6224 HR MIN TEMP TIME (LST):0130 AVERAGE STATION PRESSURE:29.80  PEAK WIND SPEED (MPH): 14 PEAK WIND DIR (DEG):220 PEAK WIND TIME (LST):1501  FASTEST 2MIN SPEED (MPH): 12FASTEST 2MIN DIR (DEG):220 FASTEST 2MIN TIME (LST):1533 AVERAGE WIND SPEED (MPH): 4.3 24 HR AVG TEMP (F):67 HOURLY INCREMENTAL PRECIPITATION VALUES (IN):.00  .00  .00  .00  .00  .00  .00  .00  .00  .00  .00  .00  .00  .00  .00  .00  .00  .00  .00  .00  .00  .00  .00  .00",
"72297793184","2003-10-07T07:59:00","6","33.68","-117.86639","16.5","SANTA ANA JOHN WAYNE AIRPORT, CA US","SOD  ","KSNA ","V020","999,9,9,9999,9","99999,9,9,9","999999,9,9,9","+9999,9","+9999,9","99999,9","24,0000,9,5",,,,,,,,,,,,,,,,"0000,5","000,5","240,M,+0217,5","240,N,+0172,5",,,,,,,"10071,9,99999,4",,,"1,24,00671,200,1452,5","2,24,00581,200,1444,5","3,24,00192,999,9999,5","SOD60524 HR PRECIPITATION (IN): 0.00 TOTAL SUNSHINE (MINUTES):   0 PERCENT POSSIBLE SUNSHINE:  0 24 HR MAX TEMP (F): 7124 HR MAX TEMP TIME (LST):1236 24 HR MIN TEMP (F): 6324 HR MIN TEMP TIME (LST):0545 AVERAGE STATION PRESSURE:29.74  PEAK WIND SPEED (MPH): 15 PEAK WIND DIR (DEG):200 PEAK WIND TIME (LST):1452  FASTEST 2MIN SPEED (MPH): 13FASTEST 2MIN DIR (DEG):200 FASTEST 2MIN TIME (LST):1444 AVERAGE WIND SPEED (MPH): 4.3 24 HR AVG TEMP (F):67 HOURLY INCREMENTAL PRECIPITATION VALUES (IN):.00  .00  .00  .00  .00  .00  .00  .00  .00  .00  .00  .00  .00  .00  .00  .00  .00  .00  .00  .00  .00  .00  .00  .00",
"72297793184","2003-10-08T07:59:00","6","33.68","-117.86639","16.5","SANTA ANA JOHN WAYNE AIRPORT, CA US","SOD  ","KSNA ","V020","999,9,9,9999,9","99999,9,9,9","999999,9,9,9","+9999,9","+9999,9","99999,9","24,0000,9,5",,,,,,,,,,,,,,,,"0000,5","000,5","240,M,+0222,5","240,N,+0172,5",,,,,,,"10058,9,99999,4",,,"1,24,00671,210,1619,5","2,24,00581,200,1619,5","3,24,00188,999,9999,5","SOD60524 HR PRECIPITATION (IN): 0.00 TOTAL SUNSHINE (MINUTES):   0 PERCENT POSSIBLE SUNSHINE:  0 24 HR MAX TEMP (F): 7224 HR MAX TEMP TIME (LST):1129 24 HR MIN TEMP (F): 6324 HR MIN TEMP TIME (LST):0504 AVERAGE STATION PRESSURE:29.70  PEAK WIND SPEED (MPH): 15 PEAK WIND DIR (DEG):210 PEAK WIND TIME (LST):1619  FASTEST 2MIN SPEED (MPH): 13FASTEST 2MIN DIR (DEG):200 FASTEST 2MIN TIME (LST):1619 AVERAGE WIND SPEED (MPH): 4.2 24 HR AVG TEMP (F):68 HOURLY INCREMENTAL PRECIPITATION VALUES (IN):.00  .00  .00  .00  .00  .00  .00  .00  .00  .00  .00  .00  .00  .00  .00  .00  .00  .00  .00  .00  .00  .00  .00  .00",
"72297793184","2003-10-09T07:59:00","6","33.68","-117.86639","16.5","SANTA ANA JOHN WAYNE AIRPORT, CA US","SOD  ","KSNA ","V020","999,9,9,9999,9","99999,9,9,9","999999,9,9,9","+9999,9","+9999,9","99999,9","24,0000,9,5",,,,,,,,,,,,,,,,"0000,5","000,5","240,M,+0250,5","240,N,+0167,5",,,,,,,"10058,9,99999,4",,,"1,24,00626,240,1421,5","2,24,00536,230,1422,5","3,24,00197,999,9999,5","SOD60524 HR PRECIPITATION (IN): 0.00 TOTAL SUNSHINE (MINUTES):   0 PERCENT POSSIBLE SUNSHINE:  0 24 HR MAX TEMP (F): 7724 HR MAX TEMP TIME (LST):1116 24 HR MIN TEMP (F): 6224 HR MIN TEMP TIME (LST):2359 AVERAGE STATION PRESSURE:29.70  PEAK WIND SPEED (MPH): 14 PEAK WIND DIR (DEG):240 PEAK WIND TIME (LST):1421  FASTEST 2MIN SPEED (MPH): 12FASTEST 2MIN DIR (DEG):230 FASTEST 2MIN TIME (LST):1422 AVERAGE WIND SPEED (MPH): 4.4 24 HR AVG TEMP (F):70 HOURLY INCREMENTAL PRECIPITATION VALUES (IN):.00  .00  .00  .00  .00  .00  .00  .00  .00  .00  .00  .00  .00  .00  .00  .00  .00  .00  .00  .00  .00  .00  .00  .00",
"72297793184","2003-10-10T07:59:00","6","33.68","-117.86639","16.5","SANTA ANA JOHN WAYNE AIRPORT, CA US","SOD  ","KSNA ","V020","999,9,9,9999,9","99999,9,9,9","999999,9,9,9","+9999,9","+9999,9","99999,9","24,0000,2,5",,,,,,,,,,,,,,,,"0000,5","000,5","240,M,+0200,5","240,N,+0156,5",,,,,,,"10061,9,99999,4",,,"1,24,00760,180,1816,5","2,24,00626,180,1758,5","3,24,00250,999,9999,5","SOD60524 HR PRECIPITATION (IN):  T   TOTAL SUNSHINE (MINUTES):   0 PERCENT POSSIBLE SUNSHINE:  0 24 HR MAX TEMP (F): 6824 HR MAX TEMP TIME (LST):1632 24 HR MIN TEMP (F): 6024 HR MIN TEMP TIME (LST):0100 AVERAGE STATION PRESSURE:29.71  PEAK WIND SPEED (MPH): 17 PEAK WIND DIR (DEG):180 PEAK WIND TIME (LST):1816  FASTEST 2MIN SPEED (MPH): 14FASTEST 2MIN DIR (DEG):180 FASTEST 2MIN TIME (LST):1758 AVERAGE WIND SPEED (MPH): 5.6 24 HR AVG TEMP (F):64 HOURLY INCREMENTAL PRECIPITATION VALUES (IN):.00  .00  .00  .00  .00  .00  .00  .00  .00  .00  .00   T   .00  .00  .00  .00  .00  .00  .00  .00  .00  .00  .00  .00",
"72297793184","2003-10-11T07:59:00","6","33.68","-117.86639","16.5","SANTA ANA JOHN WAYNE AIRPORT, CA US","SOD  ","KSNA ","V020","999,9,9,9999,9","99999,9,9,9","999999,9,9,9","+9999,9","+9999,9","99999,9","24,0000,9,6",,,,,,,,,,,,,,,,"0000,5","000,5","240,M,+0222,5","240,N,+0183,5",,,,,,,"10061,9,99999,4",,,"1,24,00626,190,1330,5","2,24,00536,190,1346,5","3,24,00250,999,9999,5","SOD60524 HR PRECIPITATION (IN): 0.00 TOTAL SUNSHINE (MINUTES):   0 PERCENT POSSIBLE SUNSHINE:  0 24 HR MAX TEMP (F): 7224 HR MAX TEMP TIME (LST):1317 24 HR MIN TEMP (F): 6524 HR MIN TEMP TIME (LST):0848 AVERAGE STATION PRESSURE:29.71  PEAK WIND SPEED (MPH): 14 PEAK WIND DIR (DEG):190 PEAK WIND TIME (LST):1330  FASTEST 2MIN SPEED (MPH): 12FASTEST 2MIN DIR (DEG):190 FASTEST 2MIN TIME (LST):1346 AVERAGE WIND SPEED (MPH): 5.6 24 HR AVG TEMP (F):69 HOURLY INCREMENTAL PRECIPITATION VALUES (IN):.00  .00  .00  .00  .00  .00  .00  .00  .00  .00  .00  .00  .00  .00  .00  .00  .00  .00  .00  .00  .00  .00  .00  .00","R01  0.007AAP092"
"72297793184","2003-10-12T07:59:00","6","33.68","-117.86639","16.5","SANTA ANA JOHN WAYNE AIRPORT, CA US","SOD  ","KSNA ","V020","999,9,9,9999,9","99999,9,9,9","999999,9,9,9","+9999,9","+9999,9","99999,9","24,0000,9,6",,,,,,,,,,,,,,,,"0000,5","000,5","240,M,+0256,5","240,N,+0183,5",,,,,,,"10098,9,99999,4",,,"1,24,00671,250,1442,5","2,24,00581,220,1409,5","3,24,00210,999,9999,5","SOD60524 HR PRECIPITATION (IN): 0.00 TOTAL SUNSHINE (MINUTES):   0 PERCENT POSSIBLE SUNSHINE:  0 24 HR MAX TEMP (F): 7824 HR MAX TEMP TIME (LST):1116 24 HR MIN TEMP (F): 6524 HR MIN TEMP TIME (LST):2359 AVERAGE STATION PRESSURE:29.82  PEAK WIND SPEED (MPH): 15 PEAK WIND DIR (DEG):250 PEAK WIND TIME (LST):1442  FASTEST 2MIN SPEED (MPH): 13FASTEST 2MIN DIR (DEG):220 FASTEST 2MIN TIME (LST):1409 AVERAGE WIND SPEED (MPH): 4.7 24 HR AVG TEMP (F):72 HOURLY INCREMENTAL PRECIPITATION VALUES (IN):.00  .00  .00  .00  .00  .00  .00  .00  .00  .00  .00  .00  .00  .00  .00  .00  .00  .00  .00  .00  .00  .00  .00  .00","R01  0.007AAP092"
"72297793184","2003-10-13T07:59:00","6","33.68","-117.86639","16.5","SANTA ANA JOHN WAYNE AIRPORT, CA US","SOD  ","KSNA ","V020","999,9,9,9999,9","99999,9,9,9","999999,9,9,9","+9999,9","+9999,9","99999,9","24,0000,9,6",,,,,,,,,,,,,,,,"0000,5","000,5","240,M,+0272,5","240,N,+0161,5",,,,,,,"10105,9,99999,4",,,"1,24,00626,210,1132,5","2,24,00447,200,1943,5","3,24,00148,999,9999,5","SOD60524 HR PRECIPITATION (IN): 0.00 TOTAL SUNSHINE (MINUTES):   0 PERCENT POSSIBLE SUNSHINE:  0 24 HR MAX TEMP (F): 8124 HR MAX TEMP TIME (LST):1518 24 HR MIN TEMP (F): 6124 HR MIN TEMP TIME (LST):0555 AVERAGE STATION PRESSURE:29.84  PEAK WIND SPEED (MPH): 14 PEAK WIND DIR (DEG):210 PEAK WIND TIME (LST):1132  FASTEST 2MIN SPEED (MPH): 10FASTEST 2MIN DIR (DEG):200 FASTEST 2MIN TIME (LST):1943 AVERAGE WIND SPEED (MPH): 3.3 24 HR AVG TEMP (F):71 HOURLY INCREMENTAL PRECIPITATION VALUES (IN):.00  .00  .00  .00  .00  .00  .00  .00  .00  .00  .00  .00  .00  .00  .00  .00  .00  .00  .00  .00  .00  .00  .00  .00","R01  0.007AAP092"
"72297793184","2003-10-14T07:59:00","6","33.68","-117.86639","16.5","SANTA ANA JOHN WAYNE AIRPORT, CA US","SOD  ","KSNA ","V020","999,9,9,9999,9","99999,9,9,9","999999,9,9,9","+9999,9","+9999,9","99999,9","24,0000,9,6",,,,,,,,,,,,,,,,"0000,5","000,5","240,M,+0289,5","240,N,+0156,5",,,,,,,"10095,9,99999,4",,,"1,24,00715,210,1222,5","2,24,00671,210,1218,5","3,24,00179,999,9999,5","SOD60524 HR PRECIPITATION (IN): 0.00 TOTAL SUNSHINE (MINUTES):   0 PERCENT POSSIBLE SUNSHINE:  0 24 HR MAX TEMP (F): 8424 HR MAX TEMP TIME (LST):1206 24 HR MIN TEMP (F): 6024 HR MIN TEMP TIME (LST):0608 AVERAGE STATION PRESSURE:29.81  PEAK WIND SPEED (MPH): 16 PEAK WIND DIR (DEG):210 PEAK WIND TIME (LST):1222  FASTEST 2MIN SPEED (MPH): 15FASTEST 2MIN DIR (DEG):210 FASTEST 2MIN TIME (LST):1218 AVERAGE WIND SPEED (MPH): 4.0 24 HR AVG TEMP (F):72 HOURLY INCREMENTAL PRECIPITATION VALUES (IN):.00  .00  .00  .00  .00  .00  .00  .00  .00  .00  .00  .00  .00  .00  .00  .00  .00  .00  .00  .00  .00  .00  .00  .00","R01  0.007AAP092"
"72297793184","2003-10-15T07:59:00","6","33.68","-117.86639","16.5","SANTA ANA JOHN WAYNE AIRPORT, CA US","SOD  ","KSNA ","V020","999,9,9,9999,9","99999,9,9,9","999999,9,9,9","+9999,9","+9999,9","99999,9","24,0000,9,6",,,,,,,,,,,,,,,,,,"240,M,+0222,5","240,N,+0161,5",,,,,,,"10112,9,99999,4",,,"1,24,00894,200,1400,5","2,24,00715,220,1316,5","3,24,00246,999,9999,5","SOD54524 HR PRECIPITATION (IN): 0.00 24 HR MAX TEMP (F): 7224 HR MAX TEMP TIME (LST):1217 24 HR MIN TEMP (F): 6124 HR MIN TEMP TIME (LST):0627 AVERAGE STATION PRESSURE:29.86  PEAK WIND SPEED (MPH): 20 PEAK WIND DIR (DEG):200 PEAK WIND TIME (LST):1400  FASTEST 2MIN SPEED (MPH): 16FASTEST 2MIN DIR (DEG):220 FASTEST 2MIN TIME (LST):1316 AVERAGE WIND SPEED (MPH): 5.5 24 HR AVG TEMP (F):67 HOURLY INCREMENTAL PRECIPITATION VALUES (IN):.00  .00  .00  .00  .00  .00  .00  .00  .00  .00  .00  .00  .00  .00  .00  .00  .00  .00  .00  .00  .00  .00  .00  .00","R01  0.007AAP092"
"72297793184","2003-10-16T07:59:00","6","33.68","-117.86639","16.5","SANTA ANA JOHN WAYNE AIRPORT, CA US","SOD  ","KSNA ","V020","999,9,9,9999,9","99999,9,9,9","999999,9,9,9","+9999,9","+9999,9","99999,9","24,0000,9,6",,,,,,,,,,,,,,,,"0000,5","000,5","240,M,+0228,5","240,N,+0156,5",,,,,,,"10125,9,99999,4",,,"1,24,00760,200,1355,5","2,24,00626,200,1356,5","3,24,00188,999,9999,5","SOD60524 HR PRECIPITATION (IN): 0.00 TOTAL SUNSHINE (MINUTES):   0 PERCENT POSSIBLE SUNSHINE:  0 24 HR MAX TEMP (F): 7324 HR MAX TEMP TIME (LST):1152 24 HR MIN TEMP (F): 6024 HR MIN TEMP TIME (LST):2359 AVERAGE STATION PRESSURE:29.90  PEAK WIND SPEED (MPH): 17 PEAK WIND DIR (DEG):200 PEAK WIND TIME (LST):1355  FASTEST 2MIN SPEED (MPH): 14FASTEST 2MIN DIR (DEG):200 FASTEST 2MIN TIME (LST):1356 AVERAGE WIND SPEED (MPH): 4.2 24 HR AVG TEMP (F):67 HOURLY INCREMENTAL PRECIPITATION VALUES (IN):.00  .00  .00  .00  .00  .00  .00  .00  .00  .00  .00  .00  .00  .00  .00  .00  .00  .00  .00  .00  .00  .00  .00  .00","R01  0.007AAP092"
"72297793184","2003-10-17T07:59:00","6","33.68","-117.86639","16.5","SANTA ANA JOHN WAYNE AIRPORT, CA US","SOD  ","KSNA ","V020","999,9,9,9999,9","99999,9,9,9","999999,9,9,9","+9999,9","+9999,9","99999,9","24,0000,9,6",,,,,,,,,,,,,,,,"0000,5","000,5","240,M,+0261,5","240,N,+0139,5",,,,,,,"10142,9,99999,4",,,"1,24,00626,220,1626,5","2,24,00581,210,1620,5","3,24,00161,999,9999,5","SOD60524 HR PRECIPITATION (IN): 0.00 TOTAL SUNSHINE (MINUTES):   0 PERCENT POSSIBLE SUNSHINE:  0 24 HR MAX TEMP (F): 7924 HR MAX TEMP TIME (LST):1435 24 HR MIN TEMP (F): 5724 HR MIN TEMP TIME (LST):0221 AVERAGE STATION PRESSURE:29.95  PEAK WIND SPEED (MPH): 14 PEAK WIND DIR (DEG):220 PEAK WIND TIME (LST):1626  FASTEST 2MIN SPEED (MPH): 13FASTEST 2MIN DIR (DEG):210 FASTEST 2MIN TIME (LST):1620 AVERAGE WIND SPEED (MPH): 3.6 24 HR AVG TEMP (F):68 HOURLY INCREMENTAL PRECIPITATION VALUES (IN):.00  .00  .00  .00  .00  .00  .00  .00  .00  .00  .00  .00  .00  .00  .00  .00  .00  .00  .00  .00  .00  .00  .00  .00","R01  0.007AAP092"
"72297793184","2003-10-18T07:59:00","6","33.68","-117.86639","16.5","SANTA ANA JOHN WAYNE AIRPORT, CA US","SOD  ","KSNA ","V020","999,9,9,9999,9","99999,9,9,9","999999,9,9,9","+9999,9","+9999,9","99999,9","24,0000,9,6",,,,,,,,,,,,,,,,"0000,5","000,5","240,M,+0272,5","240,N,+0150,5",,,,,,,"10135,9,99999,4",,,"1,24,00536,230,1317,5","2,24,00447,220,1317,5","3,24,00125,999,9999,5","SOD60524 HR PRECIPITATION (IN): 0.00 TOTAL SUNSHINE (MINUTES):   0 PERCENT POSSIBLE SUNSHINE:  0 24 HR MAX TEMP (F): 8124 HR MAX TEMP TIME (LST):1522 24 HR MIN TEMP (F): 5924 HR MIN TEMP TIME (LST):0730 AVERAGE STATION PRESSURE:29.93  PEAK WIND SPEED (MPH): 12 PEAK WIND DIR (DEG):230 PEAK WIND TIME (LST):1317  FASTEST 2MIN SPEED (MPH): 10FASTEST 2MIN DIR (DEG):220 FASTEST 2MIN TIME (LST):1317 AVERAGE WIND SPEED (MPH): 2.8 24 HR AVG TEMP (F):70 HOURLY INCREMENTAL PRECIPITATION VALUES (IN):.00  .00  .00  .00  .00  .00  .00  .00  .00  .00  .00  .00  .00  .00  .00  .00  .00  .00  .00  .00  .00  .00  .00  .00","R01  0.007AAP092"
"72297793184","2003-10-19T07:59:00","6","33.68","-117.86639","16.5","SANTA ANA JOHN WAYNE AIRPORT, CA US","SOD  ","KSNA ","V020","999,9,9,9999,9","99999,9,9,9","999999,9,9,9","+9999,9","+9999,9","99999,9","24,0000,9,6",,,,,,,,,,,,,,,,"0000,5","000,5","240,M,+0289,5","240,N,+0172,5",,,,,,,"10119,9,99999,4",,,"1,24,00671,220,1627,5","2,24,00626,210,0841,5","3,24,00206,999,9999,5","SOD60524 HR PRECIPITATION (IN): 0.00 TOTAL SUNSHINE (MINUTES):   0 PERCENT POSSIBLE SUNSHINE:  0 24 HR MAX TEMP (F): 8424 HR MAX TEMP TIME (LST):1325 24 HR MIN TEMP (F): 6324 HR MIN TEMP TIME (LST):0657 AVERAGE STATION PRESSURE:29.88  PEAK WIND SPEED (MPH): 15 PEAK WIND DIR (DEG):220 PEAK WIND TIME (LST):1627  FASTEST 2MIN SPEED (MPH): 14FASTEST 2MIN DIR (DEG):210 FASTEST 2MIN TIME (LST):0841 AVERAGE WIND SPEED (MPH): 4.6 24 HR AVG TEMP (F):74 HOURLY INCREMENTAL PRECIPITATION VALUES (IN):.00  .00  .00  .00  .00  .00  .00  .00  .00  .00  .00  .00  .00  .00  .00  .00  .00  .00  .00  .00  .00  .00  .00  .00","R01  0.007AAP092"
"72297793184","2003-10-20T07:59:00","6","33.68","-117.86639","16.5","SANTA ANA JOHN WAYNE AIRPORT, CA US","SOD  ","KSNA ","V020","999,9,9,9999,9","99999,9,9,9","999999,9,9,9","+9999,9","+9999,9","99999,9","24,0000,9,6",,,,,,,,,,,,,,,,,,"240,M,+0278,5","240,N,+0156,5",,,,,,,"10119,9,99999,4",,,"1,24,00626,230,1439,5","2,24,00581,200,1155,5","3,24,00152,999,9999,5","SOD54524 HR PRECIPITATION (IN): 0.00 24 HR MAX TEMP (F): 8224 HR MAX TEMP TIME (LST):1418 24 HR MIN TEMP (F): 6024 HR MIN TEMP TIME (LST):0405 AVERAGE STATION PRESSURE:29.88  PEAK WIND SPEED (MPH): 14 PEAK WIND DIR (DEG):230 PEAK WIND TIME (LST):1439  FASTEST 2MIN SPEED (MPH): 13FASTEST 2MIN DIR (DEG):200 FASTEST 2MIN TIME (LST):1155 AVERAGE WIND SPEED (MPH): 3.4 24 HR AVG TEMP (F):71 HOURLY INCREMENTAL PRECIPITATION VALUES (IN):.00  .00  .00  .00  .00  .00  .00  .00  .00  .00  .00  .00  .00  .00  .00  .00  .00  .00  .00  .00  .00  .00  .00  .00","R01  0.007AAP092"
"72297793184","2003-10-21T07:59:00","6","33.68","-117.86639","16.5","SANTA ANA JOHN WAYNE AIRPORT, CA US","SOD  ","KSNA ","V020","999,9,9,9999,9","99999,9,9,9","999999,9,9,9","+9999,9","+9999,9","99999,9","24,0000,9,6",,,,,,,,,,,,,,,,"0000,5","000,5","240,M,+0306,5","240,N,+0161,5",,,,,,,"10125,9,99999,4",,,"1,24,00626,240,1119,5","2,24,00447,220,1110,5","3,24,00125,999,9999,5","SOD60524 HR PRECIPITATION (IN): 0.00 TOTAL SUNSHINE (MINUTES):   0 PERCENT POSSIBLE SUNSHINE:  0 24 HR MAX TEMP (F): 8724 HR MAX TEMP TIME (LST):1450 24 HR MIN TEMP (F): 6124 HR MIN TEMP TIME (LST):0622 AVERAGE STATION PRESSURE:29.90  PEAK WIND SPEED (MPH): 14 PEAK WIND DIR (DEG):240 PEAK WIND TIME (LST):1119  FASTEST 2MIN SPEED (MPH): 10FASTEST 2MIN DIR (DEG):220 FASTEST 2MIN TIME (LST):1110 AVERAGE WIND SPEED (MPH): 2.8 24 HR AVG TEMP (F):74 HOURLY INCREMENTAL PRECIPITATION VALUES (IN):.00  .00  .00  .00  .00  .00  .00  .00  .00  .00  .00  .00  .00  .00  .00  .00  .00  .00  .00  .00  .00  .00  .00  .00","R01  0.007AAP092"
"72297793184","2003-10-22T07:59:00","6","33.68","-117.86639","16.5","SANTA ANA JOHN WAYNE AIRPORT, CA US","SOD  ","KSNA ","V020","999,9,9,9999,9","99999,9,9,9","999999,9,9,9","+9999,9","+9999,9","99999,9","24,0000,9,6",,,,,,,,,,,,,,,,"0000,5","000,5","240,M,+0317,5","240,N,+0161,5",,,,,,,"10119,9,99999,4",,,"1,24,00626,200,1304,5","2,24,00536,210,1319,5","3,24,00116,999,9999,5","SOD60524 HR PRECIPITATION (IN): 0.00 TOTAL SUNSHINE (MINUTES):   0 PERCENT POSSIBLE SUNSHINE:  0 24 HR MAX TEMP (F): 8924 HR MAX TEMP TIME (LST):1124 24 HR MIN TEMP (F): 6124 HR MIN TEMP TIME (LST):0555 AVERAGE STATION PRESSURE:29.88  PEAK WIND SPEED (MPH): 14 PEAK WIND DIR (DEG):200 PEAK WIND TIME (LST):1304  FASTEST 2MIN SPEED (MPH): 12FASTEST 2MIN DIR (DEG):210 FASTEST 2MIN TIME (LST):1319 AVERAGE WIND SPEED (MPH): 2.6 24 HR AVG TEMP (F):75 HOURLY INCREMENTAL PRECIPITATION VALUES (IN):.00  .00  .00  .00  .00  .00  .00  .00  .00  .00  .00  .00  .00  .00  .00  .00  .00  .00  .00  .00  .00  .00  .00  .00","R01  0.007AAP092"
"72297793184","2003-10-23T07:59:00","6","33.68","-117.86639","16.5","SANTA ANA JOHN WAYNE AIRPORT, CA US","SOD  ","KSNA ","V020","999,9,9,9999,9","99999,9,9,9","999999,9,9,9","+9999,9","+9999,9","99999,9","24,0000,9,6",,,,,,,,,,,,,,,,"0000,5","000,5","240,M,+0300,5","240,N,+0156,5",,,,,,,"10112,9,99999,4",,,"1,24,00581,310,1831,5","2,24,00447,230,1457,5","3,24,00116,999,9999,5","SOD60524 HR PRECIPITATION (IN): 0.00 TOTAL SUNSHINE (MINUTES):   0 PERCENT POSSIBLE SUNSHINE:  0 24 HR MAX TEMP (F): 8624 HR MAX TEMP TIME (LST):1302 24 HR MIN TEMP (F): 6024 HR MIN TEMP TIME (LST):0549 AVERAGE STATION PRESSURE:29.86  PEAK WIND SPEED (MPH): 13 PEAK WIND DIR (DEG):310 PEAK WIND TIME (LST):1831  FASTEST 2MIN SPEED (MPH): 10FASTEST 2MIN DIR (DEG):230 FASTEST 2MIN TIME (LST):1457 AVERAGE WIND SPEED (MPH): 2.6 24 HR AVG TEMP (F):73 HOURLY INCREMENTAL PRECIPITATION VALUES (IN):.00  .00  .00  .00  .00  .00  .00  .00  .00  .00  .00  .00  .00  .00  .00  .00  .00  .00  .00  .00  .00  .00  .00  .00","R01  0.007AAP092"
"72297793184","2003-10-24T07:59:00","6","33.68","-117.86639","16.5","SANTA ANA JOHN WAYNE AIRPORT, CA US","SOD  ","KSNA ","V020","999,9,9,9999,9","99999,9,9,9","999999,9,9,9","+9999,9","+9999,9","99999,9","24,0000,9,6",,,,,,,,,,,,,,,,"0000,5","000,5","240,M,+0306,5","240,N,+0150,5",,,,,,,"10085,9,99999,4",,,"1,24,00581,220,1346,5","2,24,00402,200,1543,5","3,24,00125,999,9999,5","SOD60524 HR PRECIPITATION (IN): 0.00 TOTAL SUNSHINE (MINUTES):   0 PERCENT POSSIBLE SUNSHINE:  0 24 HR MAX TEMP (F): 8724 HR MAX TEMP TIME (LST):1258 24 HR MIN TEMP (F): 5924 HR MIN TEMP TIME (LST):0618 AVERAGE STATION PRESSURE:29.78  PEAK WIND SPEED (MPH): 13 PEAK WIND DIR (DEG):220 PEAK WIND TIME (LST):1346  FASTEST 2MIN SPEED (MPH):  9FASTEST 2MIN DIR (DEG):200 FASTEST 2MIN TIME (LST):1543 AVERAGE WIND SPEED (MPH): 2.8 24 HR AVG TEMP (F):73 HOURLY INCREMENTAL PRECIPITATION VALUES (IN):.00  .00  .00  .00  .00  .00  .00  .00  .00  .00  .00  .00  .00  .00  .00  .00  .00  .00  .00  .00  .00  .00  .00  .00","R01  0.007AAP092"
"72297793184","2003-10-25T07:59:00","6","33.68","-117.86639","16.5","SANTA ANA JOHN WAYNE AIRPORT, CA US","SOD  ","KSNA ","V020","999,9,9,9999,9","99999,9,9,9","999999,9,9,9","+9999,9","+9999,9","99999,9","24,0000,9,6",,,,,,,,,,,,,,,,"0000,5","000,5","240,M,+0233,5","240,N,+0144,5",,,,,,,"10102,9,99999,4",,,"1,24,00581,210,1320,5","2,24,00536,190,1047,5","3,24,00148,999,9999,5","SOD60524 HR PRECIPITATION (IN): 0.00 TOTAL SUNSHINE (MINUTES):   0 PERCENT POSSIBLE SUNSHINE:  0 24 HR MAX TEMP (F): 7424 HR MAX TEMP TIME (LST):1304 24 HR MIN TEMP (F): 5824 HR MIN TEMP TIME (LST):0614 AVERAGE STATION PRESSURE:29.83  PEAK WIND SPEED (MPH): 13 PEAK WIND DIR (DEG):210 PEAK WIND TIME (LST):1320  FASTEST 2MIN SPEED (MPH): 12FASTEST 2MIN DIR (DEG):190 FASTEST 2MIN TIME (LST):1047 AVERAGE WIND SPEED (MPH): 3.3 24 HR AVG TEMP (F):66 HOURLY INCREMENTAL PRECIPITATION VALUES (IN):.00  .00  .00  .00  .00  .00  .00  .00  .00  .00  .00  .00  .00  .00  .00  .00  .00  .00  .00  .00  .00  .00  .00  .00","R01  0.007AAP092"
"72297793184","2003-10-26T07:59:00","6","33.68","-117.86639","16.5","SANTA ANA JOHN WAYNE AIRPORT, CA US","SOD  ","KSNA ","V020","999,9,9,9999,9","99999,9,9,9","999999,9,9,9","+9999,9","+9999,9","99999,9","24,0000,9,6",,,,,,,,,,,,,,,,"0000,5","000,5","240,M,+0289,5","240,N,+0150,5",,,,,,,"10135,9,99999,4",,,"1,24,00715,190,2059,5","2,24,00626,200,2059,5","3,24,00130,999,9999,5","SOD60524 HR PRECIPITATION (IN): 0.00 TOTAL SUNSHINE (MINUTES):   0 PERCENT POSSIBLE SUNSHINE:  0 24 HR MAX TEMP (F): 8424 HR MAX TEMP TIME (LST):2206 24 HR MIN TEMP (F): 5924 HR MIN TEMP TIME (LST):0631 AVERAGE STATION PRESSURE:29.93  PEAK WIND SPEED (MPH): 16 PEAK WIND DIR (DEG):190 PEAK WIND TIME (LST):2059  FASTEST 2MIN SPEED (MPH): 14FASTEST 2MIN DIR (DEG):200 FASTEST 2MIN TIME (LST):2059 AVERAGE WIND SPEED (MPH): 2.9 24 HR AVG TEMP (F):72 HOURLY INCREMENTAL PRECIPITATION VALUES (IN):.00  .00  .00  .00  .00  .00  .00  .00  .00  .00  .00  .00  .00  .00  .00  .00  .00  .00  .00  .00  .00  .00  .00  .00","R01  0.007AAP092"
"72297793184","2003-10-27T07:59:00","6","33.68","-117.86639","16.5","SANTA ANA JOHN WAYNE AIRPORT, CA US","SOD  ","KSNA ","V020","999,9,9,9999,9","99999,9,9,9","999999,9,9,9","+9999,9","+9999,9","99999,9","24,0000,9,6",,,,,,,,,,,,,,,,"0000,5","000,5","240,M,+0339,5","240,N,+0178,5",,,,,,,"10159,9,99999,4",,,"1,24,01028,080,0550,5","2,24,00894,080,0551,5","3,24,00268,999,9999,5","SOD58324 HR PRECIPITATION (IN): 0.00 TOTAL SUNSHINE (MINUTES):   0 PERCENT POSSIBLE SUNSHINE:  0 24 HR MAX TEMP (F): 9324 HR MAX TEMP TIME (LST):1350 24 HR MIN TEMP (F): 6424 HR MIN TEMP TIME (LST):2359 AVERAGE STATION PRESSURE:30.00  PEAK WIND SPEED (MPH): 23 PEAK WIND DIR (DEG): 80 PEAK WIND TIME (LST):0550  FASTEST 2MIN SPEED (MPH): 20FASTEST 2MIN DIR (DEG): 80 FASTEST 2MIN TIME (LST):0551 AVERAGE WIND SPEED (MPH): 6.0 HOURLY INCREMENTAL PRECIPITATION VALUES (IN):.00  .00  .00  .00  .00  .00  .00  .00  .00  .00  .00  .00  .00  .00  .00  .00  .00  .00  .00  .00  .00  .00  .00  .00","R01  0.007AAP092"
"72297793184","2003-10-28T07:59:00","6","33.68","-117.86639","16.5","SANTA ANA JOHN WAYNE AIRPORT, CA US","SOD  ","KSNA ","V020","999,9,9,9999,9","99999,9,9,9","999999,9,9,9","+9999,9","+9999,9","99999,9","24,0000,9,6",,,,,,,,,,,,,,,,"0000,5","000,5","240,M,+0311,5","240,N,+0144,5",,,,,,,"10129,9,99999,4",,,"1,24,00536,340,1125,5","2,24,00358,200,1450,5","3,24,00116,999,9999,5","SOD60524 HR PRECIPITATION (IN): 0.00 TOTAL SUNSHINE (MINUTES):   0 PERCENT POSSIBLE SUNSHINE:  0 24 HR MAX TEMP (F): 8824 HR MAX TEMP TIME (LST):1353 24 HR MIN TEMP (F): 5824 HR MIN TEMP TIME (LST):0616 AVERAGE STATION PRESSURE:29.91  PEAK WIND SPEED (MPH): 12 PEAK WIND DIR (DEG):340 PEAK WIND TIME (LST):1125  FASTEST 2MIN SPEED (MPH):  8FASTEST 2MIN DIR (DEG):200 FASTEST 2MIN TIME (LST):1450 AVERAGE WIND SPEED (MPH): 2.6 24 HR AVG TEMP (F):73 HOURLY INCREMENTAL PRECIPITATION VALUES (IN):.00  .00  .00  .00  .00  .00  .00  .00  .00  .00  .00  .00  .00  .00  .00  .00  .00  .00  .00  .00  .00  .00  .00  .00","R01  0.007AAP092"
"72297793184","2003-10-29T07:59:00","6","33.68","-117.86639","16.5","SANTA ANA JOHN WAYNE AIRPORT, CA US","SOD  ","KSNA ","V020","999,9,9,9999,9","99999,9,9,9","999999,9,9,9","+9999,9","+9999,9","99999,9","24,0000,9,6",,,,,,,,,,,,,,,,"0000,5","000,5","240,M,+0289,5","240,N,+0139,5",,,,,,,"10075,9,99999,4",,,"1,24,00626,200,1510,5","2,24,00581,200,1508,5","3,24,00103,999,9999,5","SOD60524 HR PRECIPITATION (IN): 0.00 TOTAL SUNSHINE (MINUTES):   0 PERCENT POSSIBLE SUNSHINE:  0 24 HR MAX TEMP (F): 8424 HR MAX TEMP TIME (LST):1241 24 HR MIN TEMP (F): 5724 HR MIN TEMP TIME (LST):0619 AVERAGE STATION PRESSURE:29.75  PEAK WIND SPEED (MPH): 14 PEAK WIND DIR (DEG):200 PEAK WIND TIME (LST):1510  FASTEST 2MIN SPEED (MPH): 13FASTEST 2MIN DIR (DEG):200 FASTEST 2MIN TIME (LST):1508 AVERAGE WIND SPEED (MPH): 2.3 24 HR AVG TEMP (F):71 HOURLY INCREMENTAL PRECIPITATION VALUES (IN):.00  .00  .00  .00  .00  .00  .00  .00  .00  .00  .00  .00  .00  .00  .00  .00  .00  .00  .00  .00  .00  .00  .00  .00","R01  0.007AAP092"
"72297793184","2003-10-30T07:59:00","6","33.68","-117.86639","16.5","SANTA ANA JOHN WAYNE AIRPORT, CA US","SOD  ","KSNA ","V020","999,9,9,9999,9","99999,9,9,9","999999,9,9,9","+9999,9","+9999,9","99999,9","24,0000,9,6",,,,,,,,,,,,,,,,"0000,5","000,5","240,M,+0222,5","240,N,+0139,5",,,,,,,"10061,9,99999,4",,,"1,24,01073,190,1250,5","2,24,00894,200,1328,5","3,24,00317,999,9999,5","SOD60524 HR PRECIPITATION (IN): 0.00 TOTAL SUNSHINE (MINUTES):   0 PERCENT POSSIBLE SUNSHINE:  0 24 HR MAX TEMP (F): 7224 HR MAX TEMP TIME (LST):1245 24 HR MIN TEMP (F): 5724 HR MIN TEMP TIME (LST):0627 AVERAGE STATION PRESSURE:29.71  PEAK WIND SPEED (MPH): 24 PEAK WIND DIR (DEG):190 PEAK WIND TIME (LST):1250  FASTEST 2MIN SPEED (MPH): 20FASTEST 2MIN DIR (DEG):200 FASTEST 2MIN TIME (LST):1328 AVERAGE WIND SPEED (MPH): 7.1 24 HR AVG TEMP (F):65 HOURLY INCREMENTAL PRECIPITATION VALUES (IN):.00  .00  .00  .00  .00  .00  .00  .00  .00  .00  .00  .00  .00  .00  .00  .00  .00  .00  .00  .00  .00  .00  .00  .00","R01  0.007AAP092"
"72297793184","2003-10-31T07:59:00","6","33.68","-117.86639","16.5","SANTA ANA JOHN WAYNE AIRPORT, CA US","SOD  ","KSNA ","V020","999,9,9,9999,9","99999,9,9,9","999999,9,9,9","+9999,9","+9999,9","99999,9","24,0000,2,5",,,,,,,,,,,,,,,,"0000,5","000,5","240,M,+0206,5","240,N,+0139,5",,,,,,,"10064,9,99999,4",,,"1,24,00760,220,1402,5","2,24,00581,230,1418,5","3,24,00286,999,9999,5","SOD60524 HR PRECIPITATION (IN):  T   TOTAL SUNSHINE (MINUTES):   0 PERCENT POSSIBLE SUNSHINE:  0 24 HR MAX TEMP (F): 6924 HR MAX TEMP TIME (LST):1058 24 HR MIN TEMP (F): 5724 HR MIN TEMP TIME (LST):2359 AVERAGE STATION PRESSURE:29.72  PEAK WIND SPEED (MPH): 17 PEAK WIND DIR (DEG):220 PEAK WIND TIME (LST):1402  FASTEST 2MIN SPEED (MPH): 13FASTEST 2MIN DIR (DEG):230 FASTEST 2MIN TIME (LST):1418 AVERAGE WIND SPEED (MPH): 6.4 24 HR AVG TEMP (F):63 HOURLY INCREMENTAL PRECIPITATION VALUES (IN):.00  .00  .00  .00  .00  .00  .00   T    T   .00  .00  .00  .00  .00  .00  .00  .00  .00  .00  .00  .00  .00  .00  .00",
"72297793184","2003-11-01T07:59:00","6","33.68","-117.86639","16.5","SANTA ANA JOHN WAYNE AIRPORT, CA US","SOD  ","KSNA ","V020","999,9,9,9999,9","99999,9,9,9","999999,9,9,9","+9999,9","+9999,9","99999,9","24,0015,9,5",,,,,,,,,,,,,,,,"0000,5","000,5","240,M,+0189,5","240,N,+0128,5",,,,,,,"10102,9,99999,4",,,"1,24,00939,210,2317,5","2,24,00715,220,1419,5","3,24,00344,999,9999,5","SOD58324 HR PRECIPITATION (IN): 0.06 TOTAL SUNSHINE (MINUTES):   0 PERCENT POSSIBLE SUNSHINE:  0 24 HR MAX TEMP (F): 6624 HR MAX TEMP TIME (LST):1149 24 HR MIN TEMP (F): 5524 HR MIN TEMP TIME (LST):0545 AVERAGE STATION PRESSURE:29.83  PEAK WIND SPEED (MPH): 21 PEAK WIND DIR (DEG):210 PEAK WIND TIME (LST):2317  FASTEST 2MIN SPEED (MPH): 16FASTEST 2MIN DIR (DEG):220 FASTEST 2MIN TIME (LST):1419 AVERAGE WIND SPEED (MPH): 7.7 HOURLY INCREMENTAL PRECIPITATION VALUES (IN):.00  .00  .00  .00  .00  .00  .00  .00  .00  .00  .00  .00  .00  .00  .00  .00  .00  .00  .00  .00   T    T    T   .06",
"72297793184","2003-11-01T07:59:00","6","33.68","-117.86639","16.5","SANTA ANA JOHN WAYNE AIRPORT, CA US","SOM  ","KSNA ","V020","999,9,9,9999,9","99999,9,9,9","999999,9,9,9","+9999,9","+9999,9","99999,9",,"00015,9,6","00015,9,3131,9999,9999,6","01,6,00,5,99,9,00,5","005,0008,9,312315,5","010,0010,9,312315,5","015,0010,9,312326,5","020,0013,9,312331,5","030,0015,9,312331,5","045,0015,9,312331,5","060,0015,9,312331,5","080,0015,9,312331,5","100,0015,9,312331,5","120,0015,9,312331,5","150,0015,9,312331,5","180,0015,9,312331,5",,,,,"744,N,+1578,5","744,M,+2544,5","744,A,+2061,5","744,H,0007,6","744,C,0141,6","00,5,01,6,00,5,00,5",,"10098,4,10129,4","10207,260833,5,10068,999999,5",,,,"SOM808PCP MTOT: 0.06 DEPNRM: -.39 PCP GT 24HRS: 0.06 DATE(S):31 DAYS W/PCP >=.01: 1 DAYS W/PCP >=.10: 0 DAYS W/PCP >=1.00:  MSDP AMTS W/DATE-TIME TAGS:MIN:5  .03  31/2315 MIN:10  .04  31/2315 MIN:15  .04  31/2326 MIN:20  .05  31/2331 MIN:30  .06  31/2331 MIN:45  .06  31/2331 MIN:60  .06  31/2331 MIN:80  .06  31/2331 MIN:100  .06  31/2331 MIN:120  .06  31/2331 MIN:150  .06  31/2331 MIN:180  .06  31/2331 SN GT DP ON GRND:0 - DATE(S):0  AVG DLY MIN: 60.4 AVG DLY MAX: 77.8 AVG MLY TMP: 69.1 DAYS MAX <=32:  DAYS MAX >=70: 1 DAYS MAX >=90: 1 DAYS MIN <=32: 0 DAYS MIN  <=0: 0 AVG STP:29.82  AVG SLP:29.91  LWST SLP:29.73 DATE/TIME: 81707 HGST SLP:30.14 DATE/TIME:260833 HDD MTH TOT:   7 DEP NORM:-134 SEASON(JUL 1-JUN 30):    0 DEP NORM:0   0 CDD MTH TOT: 141 DEP NORM: 123 SEASON(JAN 1-DEC 31):    0 DEP NORM:   0","R01  0.067ABP070R02  0.067ADP081R03     17AE1100R04   0 -7AKS007R05     77KDH045R06   1417KDC058R07     17KE2035"
"72297793184","2003-11-02T07:59:00","6","33.68","-117.86639","16.5","SANTA ANA JOHN WAYNE AIRPORT, CA US","SOD  ","KSNA ","V020","999,9,9,9999,9","99999,9,9,9","999999,9,9,9","+9999,9","+9999,9","99999,9","24,0023,9,5",,,,,,,,,,,,,,,,"0000,5","000,5","240,M,+0189,5","240,N,+0122,6",,,,,,,"10129,9,99999,4",,,"1,24,00760,190,1305,5","2,24,00581,200,1255,5","3,24,00152,999,9999,5","SOD60524 HR PRECIPITATION (IN): 0.09 TOTAL SUNSHINE (MINUTES):   0 PERCENT POSSIBLE SUNSHINE:  0 24 HR MAX TEMP (F): 6624 HR MAX TEMP TIME (LST):1428 24 HR MIN TEMP (F): 5424 HR MIN TEMP TIME (LST):2342 AVERAGE STATION PRESSURE:29.91  PEAK WIND SPEED (MPH): 17 PEAK WIND DIR (DEG):190 PEAK WIND TIME (LST):1305  FASTEST 2MIN SPEED (MPH): 13FASTEST 2MIN DIR (DEG):200 FASTEST 2MIN TIME (LST):1255 AVERAGE WIND SPEED (MPH): 3.4 24 HR AVG TEMP (F):60 HOURLY INCREMENTAL PRECIPITATION VALUES (IN):.07  .02  .00   T    T   .00  .00  .00  .00  .00  .00  .00  .00  .00  .00  .00  .00  .00  .00  .00  .00  .00  .00  .00","R01    547KAN014"
"72297793184","2003-11-03T07:59:00","6","33.68","-117.86639","16.5","SANTA ANA JOHN WAYNE AIRPORT, CA US","SOD  ","KSNA ","V020","999,9,9,9999,9","99999,9,9,9","999999,9,9,9","+9999,9","+9999,9","99999,9","24,0000,9,6",,,,,,,,,,,,,,,,"0000,5","000,5","240,M,+0183,5","240,N,+0094,5",,,,,,,"10122,9,99999,4",,,"1,24,00760,230,1404,5","2,24,00626,190,1341,5","3,24,00210,999,9999,5","SOD60524 HR PRECIPITATION (IN): 0.00 TOTAL SUNSHINE (MINUTES):   0 PERCENT POSSIBLE SUNSHINE:  0 24 HR MAX TEMP (F): 6524 HR MAX TEMP TIME (LST):1358 24 HR MIN TEMP (F): 4924 HR MIN TEMP TIME (LST):0402 AVERAGE STATION PRESSURE:29.89  PEAK WIND SPEED (MPH): 17 PEAK WIND DIR (DEG):230 PEAK WIND TIME (LST):1404  FASTEST 2MIN SPEED (MPH): 14FASTEST 2MIN DIR (DEG):190 FASTEST 2MIN TIME (LST):1341 AVERAGE WIND SPEED (MPH): 4.7 24 HR AVG TEMP (F):57 HOURLY INCREMENTAL PRECIPITATION VALUES (IN):.00  .00  .00  .00  .00  .00  .00  .00  .00  .00  .00  .00  .00  .00  .00  .00  .00  .00  .00  .00  .00  .00  .00  .00","R01  0.007AAP092"
"72297793184","2003-11-04T07:59:00","6","33.68","-117.86639","16.5","SANTA ANA JOHN WAYNE AIRPORT, CA US","SOD  ","KSNA ","V020","999,9,9,9999,9","99999,9,9,9","999999,9,9,9","+9999,9","+9999,9","99999,9","24,0003,9,5",,,,,,,,,,,,,,,,,,"240,M,+0172,5","240,N,+0100,5",,,,,,,"10149,9,99999,4",,,"1,24,00581,230,1354,5","2,24,00447,230,1356,5","3,24,00192,999,9999,5","SOD54524 HR PRECIPITATION (IN): 0.01 24 HR MAX TEMP (F): 6324 HR MAX TEMP TIME (LST):0949 24 HR MIN TEMP (F): 5024 HR MIN TEMP TIME (LST):0545 AVERAGE STATION PRESSURE:29.97  PEAK WIND SPEED (MPH): 13 PEAK WIND DIR (DEG):230 PEAK WIND TIME (LST):1354  FASTEST 2MIN SPEED (MPH): 10FASTEST 2MIN DIR (DEG):230 FASTEST 2MIN TIME (LST):1356 AVERAGE WIND SPEED (MPH): 4.3 24 HR AVG TEMP (F):57 HOURLY INCREMENTAL PRECIPITATION VALUES (IN):.00  .00  .00  .00  .00  .00  .00  .00  .00  .00   T    T   .00   T   .01  .00  .00  .00  .00  .00  .00  .00  .00  .00",
"72297793184","2003-11-05T07:59:00","6","33.68","-117.86639","16.5","SANTA ANA JOHN WAYNE AIRPORT, CA US","SOD  ","KSNA ","V020","999,9,9,9999,9","99999,9,9,9","999999,9,9,9","+9999,9","+9999,9","99999,9","24,0000,9,6",,,,,,,,,,,,,,,,"0000,5","000,5","240,M,+0183,5","240,N,+0100,5",,,,,,,"10146,9,99999,4",,,"1,24,00715,210,1350,5","2,24,00626,210,1234,5","3,24,00156,999,9999,5","SOD60524 HR PRECIPITATION (IN): 0.00 TOTAL SUNSHINE (MINUTES):   0 PERCENT POSSIBLE SUNSHINE:  0 24 HR MAX TEMP (F): 6524 HR MAX TEMP TIME (LST):1226 24 HR MIN TEMP (F): 5024 HR MIN TEMP TIME (LST):0646 AVERAGE STATION PRESSURE:29.96  PEAK WIND SPEED (MPH): 16 PEAK WIND DIR (DEG):210 PEAK WIND TIME (LST):1350  FASTEST 2MIN SPEED (MPH): 14FASTEST 2MIN DIR (DEG):210 FASTEST 2MIN TIME (LST):1234 AVERAGE WIND SPEED (MPH): 3.5 24 HR AVG TEMP (F):58 HOURLY INCREMENTAL PRECIPITATION VALUES (IN):.00  .00  .00  .00  .00  .00  .00  .00  .00  .00  .00  .00  .00  .00  .00  .00  .00  .00  .00  .00  .00  .00  .00  .00","R01  0.007AAP092"
"72297793184","2003-11-06T07:59:00","6","33.68","-117.86639","16.5","SANTA ANA JOHN WAYNE AIRPORT, CA US","SOD  ","KSNA ","V020","999,9,9,9999,9","99999,9,9,9","999999,9,9,9","+9999,9","+9999,9","99999,9","24,0000,9,6",,,,,,,,,,,,,,,,"0000,5","000,5","240,M,+0194,5","240,N,+0089,5",,,,,,,"10135,9,99999,4",,,"1,24,00671,220,1321,5","2,24,00536,230,1417,5","3,24,00139,999,9999,5","SOD60524 HR PRECIPITATION (IN): 0.00 TOTAL SUNSHINE (MINUTES):   0 PERCENT POSSIBLE SUNSHINE:  0 24 HR MAX TEMP (F): 6724 HR MAX TEMP TIME (LST):1221 24 HR MIN TEMP (F): 4824 HR MIN TEMP TIME (LST):0643 AVERAGE STATION PRESSURE:29.93  PEAK WIND SPEED (MPH): 15 PEAK WIND DIR (DEG):220 PEAK WIND TIME (LST):1321  FASTEST 2MIN SPEED (MPH): 12FASTEST 2MIN DIR (DEG):230 FASTEST 2MIN TIME (LST):1417 AVERAGE WIND SPEED (MPH): 3.1 24 HR AVG TEMP (F):58 HOURLY INCREMENTAL PRECIPITATION VALUES (IN):.00  .00  .00  .00  .00  .00  .00  .00  .00  .00  .00  .00  .00  .00  .00  .00  .00  .00  .00  .00  .00  .00  .00  .00","R01  0.007AAP092"
"72297793184","2003-11-07T07:59:00","6","33.68","-117.86639","16.5","SANTA ANA JOHN WAYNE AIRPORT, CA US","SOD  ","KSNA ","V020","999,9,9,9999,9","99999,9,9,9","999999,9,9,9","+9999,9","+9999,9","99999,9","24,0000,9,6",,,,,,,,,,,,,,,,"0000,5","000,5","240,M,+0200,5","240,N,+0111,5",,,,,,,"10142,9,99999,4",,,"1,24,00671,260,1357,5","2,24,00447,210,1516,5","3,24,00134,999,9999,5","SOD60524 HR PRECIPITATION (IN): 0.00 TOTAL SUNSHINE (MINUTES):   0 PERCENT POSSIBLE SUNSHINE:  0 24 HR MAX TEMP (F): 6824 HR MAX TEMP TIME (LST):1451 24 HR MIN TEMP (F): 5224 HR MIN TEMP TIME (LST):0655 AVERAGE STATION PRESSURE:29.95  PEAK WIND SPEED (MPH): 15 PEAK WIND DIR (DEG):260 PEAK WIND TIME (LST):1357  FASTEST 2MIN SPEED (MPH): 10FASTEST 2MIN DIR (DEG):210 FASTEST 2MIN TIME (LST):1516 AVERAGE WIND SPEED (MPH): 3.0 24 HR AVG TEMP (F):60 HOURLY INCREMENTAL PRECIPITATION VALUES (IN):.00  .00  .00  .00  .00  .00  .00  .00  .00  .00  .00  .00  .00  .00  .00  .00  .00  .00  .00  .00  .00  .00  .00  .00","R01  0.007AAP092"
"72297793184","2003-11-08T07:59:00","6","33.68","-117.86639","16.5","SANTA ANA JOHN WAYNE AIRPORT, CA US","SOD  ","KSNA ","V020","999,9,9,9999,9","99999,9,9,9","999999,9,9,9","+9999,9","+9999,9","99999,9","24,0000,9,6",,,,,,,,,,,,,,,,"0000,5","000,5","240,M,+0228,5","240,N,+0106,5",,,,,,,"10152,9,99999,4",,,"1,24,00626,260,1601,5","2,24,00536,220,1429,5","3,24,00130,999,9999,5","SOD60524 HR PRECIPITATION (IN): 0.00 TOTAL SUNSHINE (MINUTES):   0 PERCENT POSSIBLE SUNSHINE:  0 24 HR MAX TEMP (F): 7324 HR MAX TEMP TIME (LST):1330 24 HR MIN TEMP (F): 5124 HR MIN TEMP TIME (LST):0543 AVERAGE STATION PRESSURE:29.98  PEAK WIND SPEED (MPH): 14 PEAK WIND DIR (DEG):260 PEAK WIND TIME (LST):1601  FASTEST 2MIN SPEED (MPH): 12FASTEST 2MIN DIR (DEG):220 FASTEST 2MIN TIME (LST):1429 AVERAGE WIND SPEED (MPH): 2.9 24 HR AVG TEMP (F):62 HOURLY INCREMENTAL PRECIPITATION VALUES (IN):.00  .00  .00  .00  .00  .00  .00  .00  .00  .00  .00  .00  .00  .00  .00  .00  .00  .00  .00  .00  .00  .00  .00  .00","R01  0.007AAP092"
"72297793184","2003-11-09T07:59:00","6","33.68","-117.86639","16.5","SANTA ANA JOHN WAYNE AIRPORT, CA US","SOD  ","KSNA ","V020","999,9,9,9999,9","99999,9,9,9","999999,9,9,9","+9999,9","+9999,9","99999,9","24,0000,9,6",,,,,,,,,,,,,,,,"0000,5","000,5","240,M,+0233,5","240,N,+0106,5",,,,,,,"10149,9,99999,4",,,"1,24,00581,250,1406,5","2,24,00447,250,1408,5","3,24,00121,999,9999,5","SOD60524 HR PRECIPITATION (IN): 0.00 TOTAL SUNSHINE (MINUTES):   0 PERCENT POSSIBLE SUNSHINE:  0 24 HR MAX TEMP (F): 7424 HR MAX TEMP TIME (LST):1249 24 HR MIN TEMP (F): 5124 HR MIN TEMP TIME (LST):0608 AVERAGE STATION PRESSURE:29.97  PEAK WIND SPEED (MPH): 13 PEAK WIND DIR (DEG):250 PEAK WIND TIME (LST):1406  FASTEST 2MIN SPEED (MPH): 10FASTEST 2MIN DIR (DEG):250 FASTEST 2MIN TIME (LST):1408 AVERAGE WIND SPEED (MPH): 2.7 24 HR AVG TEMP (F):63 HOURLY INCREMENTAL PRECIPITATION VALUES (IN):.00  .00  .00  .00  .00  .00  .00  .00  .00  .00  .00  .00  .00  .00  .00  .00  .00  .00  .00  .00  .00  .00  .00  .00","R01  0.007AAP092"
"72297793184","2003-11-10T07:59:00","6","33.68","-117.86639","16.5","SANTA ANA JOHN WAYNE AIRPORT, CA US","SOD  ","KSNA ","V020","999,9,9,9999,9","99999,9,9,9","999999,9,9,9","+9999,9","+9999,9","99999,9","24,0000,2,5",,,,,,,,,,,,,,,,"0000,5","000,5","240,M,+0200,5","240,N,+0150,5",,,,,,,"10146,9,99999,4",,,"1,24,00402,290,2035,5","2,24,00313,310,2036,5","3,24,00058,999,9999,5","SOD60524 HR PRECIPITATION (IN):  T   TOTAL SUNSHINE (MINUTES):   0 PERCENT POSSIBLE SUNSHINE:  0 24 HR MAX TEMP (F): 6824 HR MAX TEMP TIME (LST):1240 24 HR MIN TEMP (F): 5924 HR MIN TEMP TIME (LST):0616 AVERAGE STATION PRESSURE:29.96  PEAK WIND SPEED (MPH):  9 PEAK WIND DIR (DEG):290 PEAK WIND TIME (LST):2035  FASTEST 2MIN SPEED (MPH):  7FASTEST 2MIN DIR (DEG):310 FASTEST 2MIN TIME (LST):2036 AVERAGE WIND SPEED (MPH): 1.3 24 HR AVG TEMP (F):64 HOURLY INCREMENTAL PRECIPITATION VALUES (IN):.00  .00  .00  .00  .00  .00  .00  .00   T    T   .00  .00  .00  .00  .00  .00  .00  .00  .00  .00  .00  .00  .00  .00",
"72297793184","2003-11-11T07:59:00","6","33.68","-117.86639","16.5","SANTA ANA JOHN WAYNE AIRPORT, CA US","SOD  ","KSNA ","V020","999,9,9,9999,9","99999,9,9,9","999999,9,9,9","+9999,9","+9999,9","99999,9","24,0000,9,6",,,,,,,,,,,,,,,,"0000,5","000,5","240,M,+0217,5","240,N,+0150,5",,,,,,,"10135,9,99999,4",,,"1,24,00626,230,1318,5","2,24,00536,210,1230,5","3,24,00116,999,9999,5","SOD60524 HR PRECIPITATION (IN): 0.00 TOTAL SUNSHINE (MINUTES):   0 PERCENT POSSIBLE SUNSHINE:  0 24 HR MAX TEMP (F): 7124 HR MAX TEMP TIME (LST):1305 24 HR MIN TEMP (F): 5924 HR MIN TEMP TIME (LST):2354 AVERAGE STATION PRESSURE:29.93  PEAK WIND SPEED (MPH): 14 PEAK WIND DIR (DEG):230 PEAK WIND TIME (LST):1318  FASTEST 2MIN SPEED (MPH): 12FASTEST 2MIN DIR (DEG):210 FASTEST 2MIN TIME (LST):1230 AVERAGE WIND SPEED (MPH): 2.6 24 HR AVG TEMP (F):65 HOURLY INCREMENTAL PRECIPITATION VALUES (IN):.00  .00  .00  .00  .00  .00  .00  .00  .00  .00  .00  .00  .00  .00  .00  .00  .00  .00  .00  .00  .00  .00  .00  .00","R01  0.007AAP092"
"72297793184","2003-11-12T07:59:00","6","33.68","-117.86639","16.5","SANTA ANA JOHN WAYNE AIRPORT, CA US","SOD  ","KSNA ","V020","999,9,9,9999,9","99999,9,9,9","999999,9,9,9","+9999,9","+9999,9","99999,9","24,0000,9,6",,,,,,,,,,,,,,,,"0000,5","000,5","240,M,+0217,5","240,N,+0128,5",,,,,,,"10135,9,99999,4",,,"1,24,00626,270,1326,5","2,24,00536,210,1138,5","3,24,00125,999,9999,5","SOD60524 HR PRECIPITATION (IN): 0.00 TOTAL SUNSHINE (MINUTES):   0 PERCENT POSSIBLE SUNSHINE:  0 24 HR MAX TEMP (F): 7124 HR MAX TEMP TIME (LST):1411 24 HR MIN TEMP (F): 5524 HR MIN TEMP TIME (LST):0620 AVERAGE STATION PRESSURE:29.93  PEAK WIND SPEED (MPH): 14 PEAK WIND DIR (DEG):270 PEAK WIND TIME (LST):1326  FASTEST 2MIN SPEED (MPH): 12FASTEST 2MIN DIR (DEG):210 FASTEST 2MIN TIME (LST):1138 AVERAGE WIND SPEED (MPH): 2.8 24 HR AVG TEMP (F):63 HOURLY INCREMENTAL PRECIPITATION VALUES (IN):.00  .00  .00  .00  .00  .00  .00  .00  .00  .00  .00  .00  .00  .00  .00  .00  .00  .00  .00  .00  .00  .00  .00  .00","R01  0.007AAP092"
"72297793184","2003-11-13T07:59:00","6","33.68","-117.86639","16.5","SANTA ANA JOHN WAYNE AIRPORT, CA US","SOD  ","KSNA ","V020","999,9,9,9999,9","99999,9,9,9","999999,9,9,9","+9999,9","+9999,9","99999,9","24,0010,9,5",,,,,,,,,,,,,,,,"0000,5","000,5","240,M,+0206,5","240,N,+0133,5",,,,,,,"10119,9,99999,4",,,"1,24,00760,210,1631,5","2,24,00671,210,1638,5","3,24,00259,999,9999,5","SOD60524 HR PRECIPITATION (IN): 0.04 TOTAL SUNSHINE (MINUTES):   0 PERCENT POSSIBLE SUNSHINE:  0 24 HR MAX TEMP (F): 6924 HR MAX TEMP TIME (LST):1225 24 HR MIN TEMP (F): 5624 HR MIN TEMP TIME (LST):2327 AVERAGE STATION PRESSURE:29.88  PEAK WIND SPEED (MPH): 17 PEAK WIND DIR (DEG):210 PEAK WIND TIME (LST):1631  FASTEST 2MIN SPEED (MPH): 15FASTEST 2MIN DIR (DEG):210 FASTEST 2MIN TIME (LST):1638 AVERAGE WIND SPEED (MPH): 5.8 24 HR AVG TEMP (F):63 HOURLY INCREMENTAL PRECIPITATION VALUES (IN):.00  .00   T    T    T   .00  .00  .00  .00  .00  .00  .00  .00  .00  .00  .00  .00  .00  .00  .02  .02  .00  .00  .00",
"72297793184","2003-11-14T07:59:00","6","33.68","-117.86639","16.5","SANTA ANA JOHN WAYNE AIRPORT, CA US","SOD  ","KSNA ","V020","999,9,9,9999,9","99999,9,9,9","999999,9,9,9","+9999,9","+9999,9","99999,9","24,0000,9,6",,,,,,,,,,,,,,,,"0000,5","000,5","240,M,+0206,5","240,N,+0111,5",,,,,,,"10163,9,99999,4",,,"1,24,00626,220,1052,5","2,24,00536,210,1047,5","3,24,00206,999,9999,5","SOD60524 HR PRECIPITATION (IN): 0.00 TOTAL SUNSHINE (MINUTES):   0 PERCENT POSSIBLE SUNSHINE:  0 24 HR MAX TEMP (F): 6924 HR MAX TEMP TIME (LST):1441 24 HR MIN TEMP (F): 5224 HR MIN TEMP TIME (LST):0641 AVERAGE STATION PRESSURE:30.01  PEAK WIND SPEED (MPH): 14 PEAK WIND DIR (DEG):220 PEAK WIND TIME (LST):1052  FASTEST 2MIN SPEED (MPH): 12FASTEST 2MIN DIR (DEG):210 FASTEST 2MIN TIME (LST):1047 AVERAGE WIND SPEED (MPH): 4.6 24 HR AVG TEMP (F):61 HOURLY INCREMENTAL PRECIPITATION VALUES (IN):.00  .00  .00  .00  .00  .00  .00  .00  .00  .00  .00  .00  .00  .00  .00  .00  .00  .00  .00  .00  .00  .00  .00  .00","R01  0.007AAP092"
"72297793184","2003-11-15T07:59:00","6","33.68","-117.86639","16.5","SANTA ANA JOHN WAYNE AIRPORT, CA US","SOD  ","KSNA ","V020","999,9,9,9999,9","99999,9,9,9","999999,9,9,9","+9999,9","+9999,9","99999,9","24,0000,9,6",,,,,,,,,,,,,,,,"0000,5","000,5","240,M,+0194,5","240,N,+0100,5",,,,,,,"10169,9,99999,4",,,"1,24,00715,260,1509,5","2,24,00626,250,1509,5","3,24,00161,999,9999,5","SOD60524 HR PRECIPITATION (IN): 0.00 TOTAL SUNSHINE (MINUTES):   0 PERCENT POSSIBLE SUNSHINE:  0 24 HR MAX TEMP (F): 6724 HR MAX TEMP TIME (LST):1401 24 HR MIN TEMP (F): 5024 HR MIN TEMP TIME (LST):0628 AVERAGE STATION PRESSURE:30.03  PEAK WIND SPEED (MPH): 16 PEAK WIND DIR (DEG):260 PEAK WIND TIME (LST):1509  FASTEST 2MIN SPEED (MPH): 14FASTEST 2MIN DIR (DEG):250 FASTEST 2MIN TIME (LST):1509 AVERAGE WIND SPEED (MPH): 3.6 24 HR AVG TEMP (F):59 HOURLY INCREMENTAL PRECIPITATION VALUES (IN):.00  .00  .00  .00  .00  .00  .00  .00  .00  .00  .00  .00  .00  .00  .00  .00  .00  .00  .00  .00  .00  .00  .00  .00","R01  0.007AAP092"
"72297793184","2003-11-16T07:59:00","6","33.68","-117.86639","16.5","SANTA ANA JOHN WAYNE AIRPORT, CA US","SOD  ","KSNA ","V020","999,9,9,9999,9","99999,9,9,9","999999,9,9,9","+9999,9","+9999,9","99999,9","24,0046,9,5",,,,,,,,,,,,,,,,"0000,5","000,5","240,M,+0167,5","240,N,+0106,5",,,,,,,"10146,9,99999,4",,,"1,24,00581,260,2135,5","2,24,00447,290,2121,5","3,24,00197,999,9999,5","SOD60424 HR PRECIPITATION (IN): 0.18 TOTAL SUNSHINE (MINUTES):   0 PERCENT POSSIBLE SUNSHINE:  0 24 HR MAX TEMP (F): 6224 HR MAX TEMP TIME (LST):0953 24 HR MIN TEMP (F): 5124 HR MIN TEMP TIME (LST):0521 AVERAGE STATION PRESSURE:29.96  PEAK WIND SPEED (MPH): 13 PEAK WIND DIR (DEG):260 PEAK WIND TIME (LST):2135  FASTEST 2MIN SPEED (MPH): 10FASTEST 2MIN DIR (DEG):290 FASTEST 2MIN TIME (LST):2121 AVERAGE WIND SPEED (MPH): 4.4 24 HR AVG TEMP (F):57 HOURLY INCREMENTAL PRECIPITATION VALUES (IN):.00  .00  .00  .00  .00  .00  .00  .00  .00   T    T    T   .18   T    T   .00  .00  .00  .00  .00  .00  .00   T    T",
"72297793184","2003-11-17T07:59:00","6","33.68","-117.86639","16.5","SANTA ANA JOHN WAYNE AIRPORT, CA US","SOD  ","KSNA ","V020","999,9,9,9999,9","99999,9,9,9","999999,9,9,9","+9999,9","+9999,9","99999,9","24,0003,9,5",,,,,,,,,,,,,,,,"0000,5","000,5","240,M,+0178,5","240,N,+0117,5",,,,,,,"10139,9,99999,4",,,"1,24,00626,230,1341,5","2,24,00447,250,1552,5","3,24,00112,999,9999,5","SOD60524 HR PRECIPITATION (IN): 0.01 TOTAL SUNSHINE (MINUTES):   0 PERCENT POSSIBLE SUNSHINE:  0 24 HR MAX TEMP (F): 6424 HR MAX TEMP TIME (LST):1439 24 HR MIN TEMP (F): 5324 HR MIN TEMP TIME (LST):2359 AVERAGE STATION PRESSURE:29.94  PEAK WIND SPEED (MPH): 14 PEAK WIND DIR (DEG):230 PEAK WIND TIME (LST):1341  FASTEST 2MIN SPEED (MPH): 10FASTEST 2MIN DIR (DEG):250 FASTEST 2MIN TIME (LST):1552 AVERAGE WIND SPEED (MPH): 2.5 24 HR AVG TEMP (F):59 HOURLY INCREMENTAL PRECIPITATION VALUES (IN):.01  .00  .00   T   .00  .00  .00  .00  .00  .00  .00  .00  .00  .00  .00  .00  .00  .00  .00  .00  .00  .00  .00  .00",
"72297793184","2003-11-18T07:59:00","6","33.68","-117.86639","16.5","SANTA ANA JOHN WAYNE AIRPORT, CA US","SOD  ","KSNA ","V020","999,9,9,9999,9","99999,9,9,9","999999,9,9,9","+9999,9","+9999,9","99999,9","24,0000,9,6",,,,,,,,,,,,,,,,"0000,5","000,5","240,M,+0183,5","240,N,+0094,5",,,,,,,"10159,9,99999,4",,,"1,24,00626,210,1233,5","2,24,00581,220,1232,5","3,24,00156,999,9999,5","SOD60524 HR PRECIPITATION (IN): 0.00 TOTAL SUNSHINE (MINUTES):   0 PERCENT POSSIBLE SUNSHINE:  0 24 HR MAX TEMP (F): 6524 HR MAX TEMP TIME (LST):1425 24 HR MIN TEMP (F): 4924 HR MIN TEMP TIME (LST):0451 AVERAGE STATION PRESSURE:30.00  PEAK WIND SPEED (MPH): 14 PEAK WIND DIR (DEG):210 PEAK WIND TIME (LST):1233  FASTEST 2MIN SPEED (MPH): 13FASTEST 2MIN DIR (DEG):220 FASTEST 2MIN TIME (LST):1232 AVERAGE WIND SPEED (MPH): 3.5 24 HR AVG TEMP (F):57 HOURLY INCREMENTAL PRECIPITATION VALUES (IN):.00  .00  .00  .00  .00  .00  .00  .00  .00  .00  .00  .00  .00  .00  .00  .00  .00  .00  .00  .00  .00  .00  .00  .00","R01  0.007AAP092"
"72297793184","2003-11-19T07:59:00","6","33.68","-117.86639","16.5","SANTA ANA JOHN WAYNE AIRPORT, CA US","SOD  ","KSNA ","V020","999,9,9,9999,9","99999,9,9,9","999999,9,9,9","+9999,9","+9999,9","99999,9","24,0000,9,6",,,,,,,,,,,,,,,,"0000,5","000,5","240,M,+0239,5","240,N,+0094,5",,,,,,,"10166,9,99999,4",,,"1,24,00581,200,1441,5","2,24,00447,200,1442,5","3,24,00103,999,9999,5","SOD60524 HR PRECIPITATION (IN): 0.00 TOTAL SUNSHINE (MINUTES):   0 PERCENT POSSIBLE SUNSHINE:  0 24 HR MAX TEMP (F): 7524 HR MAX TEMP TIME (LST):1234 24 HR MIN TEMP (F): 4924 HR MIN TEMP TIME (LST):0656 AVERAGE STATION PRESSURE:30.02  PEAK WIND SPEED (MPH): 13 PEAK WIND DIR (DEG):200 PEAK WIND TIME (LST):1441  FASTEST 2MIN SPEED (MPH): 10FASTEST 2MIN DIR (DEG):200 FASTEST 2MIN TIME (LST):1442 AVERAGE WIND SPEED (MPH): 2.3 24 HR AVG TEMP (F):62 HOURLY INCREMENTAL PRECIPITATION VALUES (IN):.00  .00  .00  .00  .00  .00  .00  .00  .00  .00  .00  .00  .00  .00  .00  .00  .00  .00  .00  .00  .00  .00  .00  .00","R01  0.007AAP092"
"72297793184","2003-11-20T07:59:00","6","33.68","-117.86639","16.5","SANTA ANA JOHN WAYNE AIRPORT, CA US","SOD  ","KSNA ","V020","999,9,9,9999,9","99999,9,9,9","999999,9,9,9","+9999,9","+9999,9","99999,9","24,0000,9,6",,,,,,,,,,,,,,,,"0000,5","000,5","240,M,+0294,5","240,N,+0100,5",,,,,,,"10142,9,99999,4",,,"1,24,00536,220,1609,5","2,24,00402,220,1556,5","3,24,00107,999,9999,5","SOD58324 HR PRECIPITATION (IN): 0.00 TOTAL SUNSHINE (MINUTES):   0 PERCENT POSSIBLE SUNSHINE:  0 24 HR MAX TEMP (F): 8524 HR MAX TEMP TIME (LST):1346 24 HR MIN TEMP (F): 5024 HR MIN TEMP TIME (LST):0641 AVERAGE STATION PRESSURE:29.95  PEAK WIND SPEED (MPH): 12 PEAK WIND DIR (DEG):220 PEAK WIND TIME (LST):1609  FASTEST 2MIN SPEED (MPH):  9FASTEST 2MIN DIR (DEG):220 FASTEST 2MIN TIME (LST):1556 AVERAGE WIND SPEED (MPH): 2.4 HOURLY INCREMENTAL PRECIPITATION VALUES (IN):.00  .00  .00  .00  .00  .00  .00  .00  .00  .00  .00  .00  .00  .00  .00  .00  .00  .00  .00  .00  .00  .00  .00  .00","R01  0.007AAP092"
"72297793184","2003-11-21T07:59:00","6","33.68","-117.86639","16.5","SANTA ANA JOHN WAYNE AIRPORT, CA US","SOD  ","KSNA ","V020","999,9,9,9999,9","99999,9,9,9","999999,9,9,9","+9999,9","+9999,9","99999,9","24,0000,9,6",,,,,,,,,,,,,,,,"0000,5","000,5","240,M,+0189,5","240,N,+0111,5",,,,,,,"10122,9,99999,4",,,"1,24,00581,220,1503,5","2,24,00447,200,1406,5","3,24,00139,999,9999,5","SOD60524 HR PRECIPITATION (IN): 0.00 TOTAL SUNSHINE (MINUTES):   0 PERCENT POSSIBLE SUNSHINE:  0 24 HR MAX TEMP (F): 6624 HR MAX TEMP TIME (LST):1325 24 HR MIN TEMP (F): 5224 HR MIN TEMP TIME (LST):0511 AVERAGE STATION PRESSURE:29.89  PEAK WIND SPEED (MPH): 13 PEAK WIND DIR (DEG):220 PEAK WIND TIME (LST):1503  FASTEST 2MIN SPEED (MPH): 10FASTEST 2MIN DIR (DEG):200 FASTEST 2MIN TIME (LST):1406 AVERAGE WIND SPEED (MPH): 3.1 24 HR AVG TEMP (F):59 HOURLY INCREMENTAL PRECIPITATION VALUES (IN):.00  .00  .00  .00  .00  .00  .00  .00  .00  .00  .00  .00  .00  .00  .00  .00  .00  .00  .00  .00  .00  .00  .00  .00","R01  0.007AAP092"
"72297793184","2003-11-22T07:59:00","6","33.68","-117.86639","16.5","SANTA ANA JOHN WAYNE AIRPORT, CA US","SOD  ","KSNA ","V020","999,9,9,9999,9","99999,9,9,9","999999,9,9,9","+9999,9","+9999,9","99999,9","24,0000,9,6",,,,,,,,,,,,,,,,"0000,5","000,5","240,M,+0172,5","240,N,+0133,5",,,,,,,"10112,9,99999,4",,,"1,24,00805,210,1532,5","2,24,00581,200,1533,5","3,24,00215,999,9999,5","SOD60524 HR PRECIPITATION (IN): 0.00 TOTAL SUNSHINE (MINUTES):   0 PERCENT POSSIBLE SUNSHINE:  0 24 HR MAX TEMP (F): 6324 HR MAX TEMP TIME (LST):1400 24 HR MIN TEMP (F): 5624 HR MIN TEMP TIME (LST):2359 AVERAGE STATION PRESSURE:29.86  PEAK WIND SPEED (MPH): 18 PEAK WIND DIR (DEG):210 PEAK WIND TIME (LST):1532  FASTEST 2MIN SPEED (MPH): 13FASTEST 2MIN DIR (DEG):200 FASTEST 2MIN TIME (LST):1533 AVERAGE WIND SPEED (MPH): 4.8 24 HR AVG TEMP (F):60 HOURLY INCREMENTAL PRECIPITATION VALUES (IN):.00  .00  .00  .00  .00  .00  .00  .00  .00  .00  .00  .00  .00  .00  .00  .00  .00  .00  .00  .00  .00  .00  .00  .00","R01  0.007AAP092"
"72297793184","2003-11-23T07:59:00","6","33.68","-117.86639","16.5","SANTA ANA JOHN WAYNE AIRPORT, CA US","SOD  ","KSNA ","V020","999,9,9,9999,9","99999,9,9,9","999999,9,9,9","+9999,9","+9999,9","99999,9","24,0000,9,6",,,,,,,,,,,,,,,,"0000,5","000,5","240,M,+0189,5","240,N,+0078,5",,,,,,,"10125,9,99999,4",,,"1,24,01252,050,1127,5","2,24,00939,050,1129,5","3,24,00282,999,9999,5","SOD60524 HR PRECIPITATION (IN): 0.00 TOTAL SUNSHINE (MINUTES):   0 PERCENT POSSIBLE SUNSHINE:  0 24 HR MAX TEMP (F): 6624 HR MAX TEMP TIME (LST):1339 24 HR MIN TEMP (F): 4624 HR MIN TEMP TIME (LST):0643 AVERAGE STATION PRESSURE:29.90  PEAK WIND SPEED (MPH): 28 PEAK WIND DIR (DEG): 50 PEAK WIND TIME (LST):1127  FASTEST 2MIN SPEED (MPH): 21FASTEST 2MIN DIR (DEG): 50 FASTEST 2MIN TIME (LST):1129 AVERAGE WIND SPEED (MPH): 6.3 24 HR AVG TEMP (F):56 HOURLY INCREMENTAL PRECIPITATION VALUES (IN):.00  .00  .00  .00  .00  .00  .00  .00  .00  .00  .00  .00  .00  .00  .00  .00  .00  .00  .00  .00  .00  .00  .00  .00","R01  0.007AAP092"
"72297793184","2003-11-24T07:59:00","6","33.68","-117.86639","16.5","SANTA ANA JOHN WAYNE AIRPORT, CA US","SOD  ","KSNA ","V020","999,9,9,9999,9","99999,9,9,9","999999,9,9,9","+9999,9","+9999,9","99999,9","24,0000,9,6",,,,,,,,,,,,,,,,"0000,5","000,5","240,M,+0206,5","240,N,+0078,5",,,,,,,"10169,9,99999,4",,,"1,24,00983,060,0605,5","2,24,00760,050,0605,5","3,24,00215,999,9999,5","SOD60524 HR PRECIPITATION (IN): 0.00 TOTAL SUNSHINE (MINUTES):   0 PERCENT POSSIBLE SUNSHINE:  0 24 HR MAX TEMP (F): 6924 HR MAX TEMP TIME (LST):1509 24 HR MIN TEMP (F): 4624 HR MIN TEMP TIME (LST):0322 AVERAGE STATION PRESSURE:30.03  PEAK WIND SPEED (MPH): 22 PEAK WIND DIR (DEG): 60 PEAK WIND TIME (LST):0605  FASTEST 2MIN SPEED (MPH): 17FASTEST 2MIN DIR (DEG): 50 FASTEST 2MIN TIME (LST):0605 AVERAGE WIND SPEED (MPH): 4.8 24 HR AVG TEMP (F):58 HOURLY INCREMENTAL PRECIPITATION VALUES (IN):.00  .00  .00  .00  .00  .00  .00  .00  .00  .00  .00  .00  .00  .00  .00  .00  .00  .00  .00  .00  .00  .00  .00  .00","R01  0.007AAP092"
"72297793184","2003-11-25T07:59:00","6","33.68","-117.86639","16.5","SANTA ANA JOHN WAYNE AIRPORT, CA US","SOD  ","KSNA ","V020","999,9,9,9999,9","99999,9,9,9","999999,9,9,9","+9999,9","+9999,9","99999,9","24,0000,9,6",,,,,,,,,,,,,,,,"0000,5","000,5","240,M,+0178,5","240,N,+0061,5",,,,,,,"10135,9,99999,4",,,"1,24,00581,190,1254,5","2,24,00447,210,1255,5","3,24,00112,999,9999,5","SOD58324 HR PRECIPITATION (IN): 0.00 TOTAL SUNSHINE (MINUTES):   0 PERCENT POSSIBLE SUNSHINE:  0 24 HR MAX TEMP (F): 6424 HR MAX TEMP TIME (LST):1106 24 HR MIN TEMP (F): 4324 HR MIN TEMP TIME (LST):0432 AVERAGE STATION PRESSURE:29.93  PEAK WIND SPEED (MPH): 13 PEAK WIND DIR (DEG):190 PEAK WIND TIME (LST):1254  FASTEST 2MIN SPEED (MPH): 10FASTEST 2MIN DIR (DEG):210 FASTEST 2MIN TIME (LST):1255 AVERAGE WIND SPEED (MPH): 2.5 HOURLY INCREMENTAL PRECIPITATION VALUES (IN):.00  .00  .00  .00  .00  .00  .00  .00  .00  .00  .00  .00  .00  .00  .00  .00  .00  .00  .00  .00  .00  .00  .00  .00","R01  0.007AAP092"
"72297793184","2003-11-26T07:59:00","6","33.68","-117.86639","16.5","SANTA ANA JOHN WAYNE AIRPORT, CA US","SOD  ","KSNA ","V020","999,9,9,9999,9","99999,9,9,9","999999,9,9,9","+9999,9","+9999,9","99999,9","24,0000,9,6",,,,,,,,,,,,,,,,"0000,5","000,5","240,M,+0172,5","240,N,+0089,5",,,,,,,"10098,9,99999,4",,,"1,24,00805,200,1333,5","2,24,00715,210,1311,5","3,24,00192,999,9999,5","SOD60524 HR PRECIPITATION (IN): 0.00 TOTAL SUNSHINE (MINUTES):   0 PERCENT POSSIBLE SUNSHINE:  0 24 HR MAX TEMP (F): 6324 HR MAX TEMP TIME (LST):1230 24 HR MIN TEMP (F): 4824 HR MIN TEMP TIME (LST):0637 AVERAGE STATION PRESSURE:29.82  PEAK WIND SPEED (MPH): 18 PEAK WIND DIR (DEG):200 PEAK WIND TIME (LST):1333  FASTEST 2MIN SPEED (MPH): 16FASTEST 2MIN DIR (DEG):210 FASTEST 2MIN TIME (LST):1311 AVERAGE WIND SPEED (MPH): 4.3 24 HR AVG TEMP (F):56 HOURLY INCREMENTAL PRECIPITATION VALUES (IN):.00  .00  .00  .00  .00  .00  .00  .00  .00  .00  .00  .00  .00  .00  .00  .00  .00  .00  .00  .00  .00  .00  .00  .00","R01  0.007AAP092"
"72297793184","2003-11-27T07:59:00","6","33.68","-117.86639","16.5","SANTA ANA JOHN WAYNE AIRPORT, CA US","SOD  ","KSNA ","V020","999,9,9,9999,9","99999,9,9,9","999999,9,9,9","+9999,9","+9999,9","99999,9","24,0000,9,6",,,,,,,,,,,,,,,,"0000,5","000,5","240,M,+0172,5","240,N,+0078,5",,,,,,,"10135,9,99999,4",,,"1,24,00715,200,1331,5","2,24,00581,210,1404,5","3,24,00134,999,9999,5","SOD60524 HR PRECIPITATION (IN): 0.00 TOTAL SUNSHINE (MINUTES):   0 PERCENT POSSIBLE SUNSHINE:  0 24 HR MAX TEMP (F): 6324 HR MAX TEMP TIME (LST):1321 24 HR MIN TEMP (F): 4624 HR MIN TEMP TIME (LST):0612 AVERAGE STATION PRESSURE:29.93  PEAK WIND SPEED (MPH): 16 PEAK WIND DIR (DEG):200 PEAK WIND TIME (LST):1331  FASTEST 2MIN SPEED (MPH): 13FASTEST 2MIN DIR (DEG):210 FASTEST 2MIN TIME (LST):1404 AVERAGE WIND SPEED (MPH): 3.0 24 HR AVG TEMP (F):55 HOURLY INCREMENTAL PRECIPITATION VALUES (IN):.00  .00  .00  .00  .00  .00  .00  .00  .00  .00  .00  .00  .00  .00  .00  .00  .00  .00  .00  .00  .00  .00  .00  .00","R01  0.007AAP092"
"72297793184","2003-11-28T07:59:00","6","33.68","-117.86639","16.5","SANTA ANA JOHN WAYNE AIRPORT, CA US","SOD  ","KSNA ","V020","999,9,9,9999,9","99999,9,9,9","999999,9,9,9","+9999,9","+9999,9","99999,9","24,0000,9,6",,,,,,,,,,,,,,,,"0000,5","000,5","240,M,+0250,5","240,N,+0067,5",,,,,,,"10200,9,99999,4",,,"1,24,00671,070,1902,5","2,24,00536,040,1333,5","3,24,00139,999,9999,5","SOD60524 HR PRECIPITATION (IN): 0.00 TOTAL SUNSHINE (MINUTES):   0 PERCENT POSSIBLE SUNSHINE:  0 24 HR MAX TEMP (F): 7724 HR MAX TEMP TIME (LST):1410 24 HR MIN TEMP (F): 4424 HR MIN TEMP TIME (LST):0629 AVERAGE STATION PRESSURE:30.12  PEAK WIND SPEED (MPH): 15 PEAK WIND DIR (DEG): 70 PEAK WIND TIME (LST):1902  FASTEST 2MIN SPEED (MPH): 12FASTEST 2MIN DIR (DEG): 40 FASTEST 2MIN TIME (LST):1333 AVERAGE WIND SPEED (MPH): 3.1 24 HR AVG TEMP (F):61 HOURLY INCREMENTAL PRECIPITATION VALUES (IN):.00  .00  .00  .00  .00  .00  .00  .00  .00  .00  .00  .00  .00  .00  .00  .00  .00  .00  .00  .00  .00  .00  .00  .00","R01  0.007AAP092"
"72297793184","2003-11-29T07:59:00","6","33.68","-117.86639","16.5","SANTA ANA JOHN WAYNE AIRPORT, CA US","SOD  ","KSNA ","V020","999,9,9,9999,9","99999,9,9,9","999999,9,9,9","+9999,9","+9999,9","99999,9","24,0000,9,6",,,,,,,,,,,,,,,,"0000,5","000,5","240,M,+0239,5","240,N,+0083,5",,,,,,,"10183,9,99999,4",,,"1,24,00447,270,1347,5","2,24,00402,270,1311,5","3,24,00072,999,9999,5","SOD60524 HR PRECIPITATION (IN): 0.00 TOTAL SUNSHINE (MINUTES):   0 PERCENT POSSIBLE SUNSHINE:  0 24 HR MAX TEMP (F): 7524 HR MAX TEMP TIME (LST):1408 24 HR MIN TEMP (F): 4724 HR MIN TEMP TIME (LST):0644 AVERAGE STATION PRESSURE:30.07  PEAK WIND SPEED (MPH): 10 PEAK WIND DIR (DEG):270 PEAK WIND TIME (LST):1347  FASTEST 2MIN SPEED (MPH):  9FASTEST 2MIN DIR (DEG):270 FASTEST 2MIN TIME (LST):1311 AVERAGE WIND SPEED (MPH): 1.6 24 HR AVG TEMP (F):61 HOURLY INCREMENTAL PRECIPITATION VALUES (IN):.00  .00  .00  .00  .00  .00  .00  .00  .00  .00  .00  .00  .00  .00  .00  .00  .00  .00  .00  .00  .00  .00  .00  .00","R01  0.007AAP092"
"72297793184","2003-11-30T07:59:00","6","33.68","-117.86639","16.5","SANTA ANA JOHN WAYNE AIRPORT, CA US","SOD  ","KSNA ","V020","999,9,9,9999,9","99999,9,9,9","999999,9,9,9","+9999,9","+9999,9","99999,9","24,0000,9,6",,,,,,,,,,,,,,,,"0000,5","000,5","240,M,+0222,5","240,N,+0100,5",,,,,,,"10142,9,99999,4",,,"1,24,00536,240,1601,5","2,24,00402,240,1602,5","3,24,00089,999,9999,5","SOD60524 HR PRECIPITATION (IN): 0.00 TOTAL SUNSHINE (MINUTES):   0 PERCENT POSSIBLE SUNSHINE:  0 24 HR MAX TEMP (F): 7224 HR MAX TEMP TIME (LST):1418 24 HR MIN TEMP (F): 5024 HR MIN TEMP TIME (LST):2359 AVERAGE STATION PRESSURE:29.95  PEAK WIND SPEED (MPH): 12 PEAK WIND DIR (DEG):240 PEAK WIND TIME (LST):1601  FASTEST 2MIN SPEED (MPH):  9FASTEST 2MIN DIR (DEG):240 FASTEST 2MIN TIME (LST):1602 AVERAGE WIND SPEED (MPH): 2.0 24 HR AVG TEMP (F):61 HOURLY INCREMENTAL PRECIPITATION VALUES (IN):.00  .00  .00  .00  .00  .00  .00  .00  .00  .00  .00  .00  .00  .00  .00  .00  .00  .00  .00  .00  .00  .00  .00  .00","R01  0.007AAP092"
"72297793184","2003-12-01T07:59:00","6","33.68","-117.86639","16.5","SANTA ANA JOHN WAYNE AIRPORT, CA US","SOD  ","KSNA ","V020","999,9,9,9999,9","99999,9,9,9","999999,9,9,9","+9999,9","+9999,9","99999,9","24,0000,9,6",,,,,,,,,,,,,,,,"0000,5","000,5","240,M,+0217,5","240,N,+0072,5",,,,,,,"10142,9,99999,4",,,"1,24,00671,210,1458,5","2,24,00581,210,1500,5","3,24,00112,999,9999,5","SOD60524 HR PRECIPITATION (IN): 0.00 TOTAL SUNSHINE (MINUTES):   0 PERCENT POSSIBLE SUNSHINE:  0 24 HR MAX TEMP (F): 7124 HR MAX TEMP TIME (LST):1312 24 HR MIN TEMP (F): 4524 HR MIN TEMP TIME (LST):0609 AVERAGE STATION PRESSURE:29.95  PEAK WIND SPEED (MPH): 15 PEAK WIND DIR (DEG):210 PEAK WIND TIME (LST):1458  FASTEST 2MIN SPEED (MPH): 13FASTEST 2MIN DIR (DEG):210 FASTEST 2MIN TIME (LST):1500 AVERAGE WIND SPEED (MPH): 2.5 24 HR AVG TEMP (F):58 HOURLY INCREMENTAL PRECIPITATION VALUES (IN):.00  .00  .00  .00  .00  .00  .00  .00  .00  .00  .00  .00  .00  .00  .00  .00  .00  .00  .00  .00  .00  .00  .00  .00","R01  0.007AAP092"
"72297793184","2003-12-01T07:59:00","6","33.68","-117.86639","16.5","SANTA ANA JOHN WAYNE AIRPORT, CA US","SOM  ","KSNA ","V020","999,9,9,9999,9","99999,9,9,9","999999,9,9,9","+9999,9","+9999,9","99999,9",,"00084,9,6","00048,9,1515,9999,9999,6","05,6,01,6,99,9,00,5","005,0020,9,151231,5","010,0030,9,151233,5","015,0038,9,151237,5","020,0041,9,151241,5","030,0043,9,151244,5","045,0046,9,151244,5","060,0046,9,151244,5","080,0046,9,151244,5","100,0046,9,151244,5","120,0046,9,151244,5","150,0046,9,151244,5","180,0046,9,151244,5",,,,,"720,N,+1022,5","720,M,+2028,5","720,A,+1528,5","720,H,0161,7","720,C,0003,6","00,5,00,5,00,5,00,5",,"10146,4,10176,4","10257,272248,5,10115,251529,5",,,,"SOM797PCP MTOT: 0.33 PCP GT 24HRS: 0.19 DATE(S):151+ DAYS W/PCP >=.01: 5 DAYS W/PCP >=.10: 1 DAYS W/PCP >=1.00:  MSDP AMTS W/DATE-TIME TAGS:MIN:5  .08  15/1231 MIN:10  .12  15/1233 MIN:15  .15  15/1237 MIN:20  .16  15/1241 MIN:30  .17  15/1244 MIN:45  .18  15/1244 MIN:60  .18  15/1244 MIN:80  .18  15/1244 MIN:100  .18  15/1244 MIN:120  .18  15/1244 MIN:150  .18  15/1244 MIN:180  .18  15/1244 SN GT DP ON GRND:0 - DATE(S):0  AVG DLY MIN: 50.4 AVG DLY MAX: 68.5 AVG MLY TMP: 59.5 DAYS MAX <=32:  DAYS MAX >=70: 0 DAYS MAX >=90: 0 DAYS MIN <=32: 0 DAYS MIN  <=0: 0 AVG STP:29.96  AVG SLP:30.05  LWST SLP:29.87 DATE/TIME:251529 HGST SLP:30.29 DATE/TIME:272248 HDD MTH TOT: 161 DEP NORM:-869 SEASON(JUL 1-JUN 30):    0 DEP NORM:0   0 CDD MTH TOT:   3 DEP NORM:   3 SEASON(JAN 1-DEC 31):    0 DEP NORM:   0","R01  0.337ABP070R02  0.197ADP081R03     57AE1100R04      7AE2103R05   0 -7AKS007R06   1617KDH015R07     37KDC058"
"72297793184","2003-12-02T07:59:00","6","33.68","-117.86639","16.5","SANTA ANA JOHN WAYNE AIRPORT, CA US","SOD  ","KSNA ","V020","999,9,9,9999,9","99999,9,9,9","999999,9,9,9","+9999,9","+9999,9","99999,9","24,0000,9,5",,,,,,,,,,,,,,,,"0000,5","000,5","240,M,+0189,5","240,N,+0078,6",,,,,,,"10179,9,99999,4",,,"1,24,00581,240,1219,5","2,24,00447,210,1432,5","3,24,00112,999,9999,5","SOD60524 HR PRECIPITATION (IN): 0.00 TOTAL SUNSHINE (MINUTES):   0 PERCENT POSSIBLE SUNSHINE:  0 24 HR MAX TEMP (F): 6624 HR MAX TEMP TIME (LST):1412 24 HR MIN TEMP (F): 4624 HR MIN TEMP TIME (LST):0622 AVERAGE STATION PRESSURE:30.06  PEAK WIND SPEED (MPH): 13 PEAK WIND DIR (DEG):240 PEAK WIND TIME (LST):1219  FASTEST 2MIN SPEED (MPH): 10FASTEST 2MIN DIR (DEG):210 FASTEST 2MIN TIME (LST):1432 AVERAGE WIND SPEED (MPH): 2.5 24 HR AVG TEMP (F):56 HOURLY INCREMENTAL PRECIPITATION VALUES (IN):.00  .00  .00  .00  .00  .00  .00  .00  .00  .00  .00  .00  .00  .00  .00  .00  .00  .00  .00  .00  .00  .00  .00  .00","R01    467KAN014"
"72297793184","2003-12-03T07:59:00","6","33.68","-117.86639","16.5","SANTA ANA JOHN WAYNE AIRPORT, CA US","SOD  ","KSNA ","V020","999,9,9,9999,9","99999,9,9,9","999999,9,9,9","+9999,9","+9999,9","99999,9","24,0000,9,5",,,,,,,,,,,,,,,,"0000,5","000,5","240,M,+0194,5","240,N,+0078,5",,,,,,,"10186,9,99999,4",,,"1,24,00581,250,1207,5","2,24,00402,210,1637,5","3,24,00112,999,9999,5","SOD60524 HR PRECIPITATION (IN): 0.00 TOTAL SUNSHINE (MINUTES):   0 PERCENT POSSIBLE SUNSHINE:  0 24 HR MAX TEMP (F): 6724 HR MAX TEMP TIME (LST):1420 24 HR MIN TEMP (F): 4624 HR MIN TEMP TIME (LST):0639 AVERAGE STATION PRESSURE:30.08  PEAK WIND SPEED (MPH): 13 PEAK WIND DIR (DEG):250 PEAK WIND TIME (LST):1207  FASTEST 2MIN SPEED (MPH):  9FASTEST 2MIN DIR (DEG):210 FASTEST 2MIN TIME (LST):1637 AVERAGE WIND SPEED (MPH): 2.5 24 HR AVG TEMP (F):57 HOURLY INCREMENTAL PRECIPITATION VALUES (IN):.00  .00  .00  .00  .00  .00  .00  .00  .00  .00  .00  .00  .00  .00  .00  .00  .00  .00  .00  .00  .00  .00  .00  .00",
"72297793184","2003-12-04T07:59:00","6","33.68","-117.86639","16.5","SANTA ANA JOHN WAYNE AIRPORT, CA US","SOD  ","KSNA ","V020","999,9,9,9999,9","99999,9,9,9","999999,9,9,9","+9999,9","+9999,9","99999,9","24,0000,9,5",,,,,,,,,,,,,,,,"0000,5","000,5","240,M,+0189,5","240,N,+0083,5",,,,,,,"10139,9,99999,4",,,"1,24,00626,220,1145,5","2,24,00536,220,1146,5","3,24,00125,999,9999,5","SOD60524 HR PRECIPITATION (IN): 0.00 TOTAL SUNSHINE (MINUTES):   0 PERCENT POSSIBLE SUNSHINE:  0 24 HR MAX TEMP (F): 6624 HR MAX TEMP TIME (LST):1533 24 HR MIN TEMP (F): 4724 HR MIN TEMP TIME (LST):0615 AVERAGE STATION PRESSURE:29.94  PEAK WIND SPEED (MPH): 14 PEAK WIND DIR (DEG):220 PEAK WIND TIME (LST):1145  FASTEST 2MIN SPEED (MPH): 12FASTEST 2MIN DIR (DEG):220 FASTEST 2MIN TIME (LST):1146 AVERAGE WIND SPEED (MPH): 2.8 24 HR AVG TEMP (F):57 HOURLY INCREMENTAL PRECIPITATION VALUES (IN):.00  .00  .00  .00  .00  .00  .00  .00  .00  .00  .00  .00  .00  .00  .00  .00  .00  .00  .00  .00  .00  .00  .00  .00",
"72297793184","2003-12-05T07:59:00","6","33.68","-117.86639","16.5","SANTA ANA JOHN WAYNE AIRPORT, CA US","SOD  ","KSNA ","V020","999,9,9,9999,9","99999,9,9,9","999999,9,9,9","+9999,9","+9999,9","99999,9","24,0000,9,5",,,,,,,,,,,,,,,,,,"240,M,+0183,5","240,N,+0100,5",,,,,,,"10139,9,99999,4",,,"1,24,00447,220,1445,5","2,24,00358,220,1510,5","3,24,00085,999,9999,5","SOD54524 HR PRECIPITATION (IN): 0.00 24 HR MAX TEMP (F): 6524 HR MAX TEMP TIME (LST):1500 24 HR MIN TEMP (F): 5024 HR MIN TEMP TIME (LST):0841 AVERAGE STATION PRESSURE:29.94  PEAK WIND SPEED (MPH): 10 PEAK WIND DIR (DEG):220 PEAK WIND TIME (LST):1445  FASTEST 2MIN SPEED (MPH):  8FASTEST 2MIN DIR (DEG):220 FASTEST 2MIN TIME (LST):1510 AVERAGE WIND SPEED (MPH): 1.9 24 HR AVG TEMP (F):58 HOURLY INCREMENTAL PRECIPITATION VALUES (IN):.00  .00  .00  .00  .00  .00  .00  .00  .00  .00  .00  .00  .00  .00  .00  .00  .00  .00  .00  .00  .00  .00  .00  .00",
"72297793184","2003-12-06T07:59:00","6","33.68","-117.86639","16.5","SANTA ANA JOHN WAYNE AIRPORT, CA US","SOD  ","KSNA ","V020","999,9,9,9999,9","99999,9,9,9","999999,9,9,9","+9999,9","+9999,9","99999,9","24,0003,9,6",,,,,,,,,,,,,,,,"0000,5","000,5","240,M,+0178,5","240,N,+0111,5",,,,,,,"10139,9,99999,4",,,"1,24,00358,110,2023,5","2,24,00313,120,2037,5","3,24,00067,999,9999,5","SOD60524 HR PRECIPITATION (IN): 0.01 TOTAL SUNSHINE (MINUTES):   0 PERCENT POSSIBLE SUNSHINE:  0 24 HR MAX TEMP (F): 6424 HR MAX TEMP TIME (LST):1456 24 HR MIN TEMP (F): 5224 HR MIN TEMP TIME (LST):0540 AVERAGE STATION PRESSURE:29.94  PEAK WIND SPEED (MPH):  8 PEAK WIND DIR (DEG):110 PEAK WIND TIME (LST):2023  FASTEST 2MIN SPEED (MPH):  7FASTEST 2MIN DIR (DEG):120 FASTEST 2MIN TIME (LST):2037 AVERAGE WIND SPEED (MPH): 1.5 24 HR AVG TEMP (F):58 HOURLY INCREMENTAL PRECIPITATION VALUES (IN):.00  .00  .00  .00  .00  .00  .00  .00  .01  .00  .00  .00  .00  .00  .00  .00  .00  .00  .00  .00  .00  .00  .00  .00","R01  0.017AAP092"
"72297793184","2003-12-07T07:59:00","6","33.68","-117.86639","16.5","SANTA ANA JOHN WAYNE AIRPORT, CA US","SOD  ","KSNA ","V020","999,9,9,9999,9","99999,9,9,9","999999,9,9,9","+9999,9","+9999,9","99999,9","24,0000,9,5",,,,,,,,,,,,,,,,"0000,5","000,5","240,M,+0194,5","240,N,+0106,5",,,,,,,"10132,9,99999,4",,,"1,24,00402,200,1545,5","2,24,00358,200,1554,5","3,24,00134,999,9999,5","SOD60524 HR PRECIPITATION (IN): 0.00 TOTAL SUNSHINE (MINUTES):   0 PERCENT POSSIBLE SUNSHINE:  0 24 HR MAX TEMP (F): 6724 HR MAX TEMP TIME (LST):1426 24 HR MIN TEMP (F): 5124 HR MIN TEMP TIME (LST):0527 AVERAGE STATION PRESSURE:29.92  PEAK WIND SPEED (MPH):  9 PEAK WIND DIR (DEG):200 PEAK WIND TIME (LST):1545  FASTEST 2MIN SPEED (MPH):  8FASTEST 2MIN DIR (DEG):200 FASTEST 2MIN TIME (LST):1554 AVERAGE WIND SPEED (MPH): 3.0 24 HR AVG TEMP (F):59 HOURLY INCREMENTAL PRECIPITATION VALUES (IN):.00  .00  .00  .00  .00  .00  .00  .00  .00  .00  .00  .00  .00  .00  .00  .00  .00  .00  .00  .00  .00  .00  .00  .00",
"72297793184","2003-12-08T07:59:00","6","33.68","-117.86639","16.5","SANTA ANA JOHN WAYNE AIRPORT, CA US","SOD  ","KSNA ","V020","999,9,9,9999,9","99999,9,9,9","999999,9,9,9","+9999,9","+9999,9","99999,9","24,0051,9,5",,,,,,,,,,,,,,,,"0000,5","000,5","240,M,+0167,5","240,N,+0139,5",,,,,,,"10125,9,99999,4",,,"1,24,00536,230,1545,5","2,24,00402,260,1520,5","3,24,00165,999,9999,5","SOD60524 HR PRECIPITATION (IN): 0.20 TOTAL SUNSHINE (MINUTES):   0 PERCENT POSSIBLE SUNSHINE:  0 24 HR MAX TEMP (F): 6224 HR MAX TEMP TIME (LST):1515 24 HR MIN TEMP (F): 5724 HR MIN TEMP TIME (LST):1920 AVERAGE STATION PRESSURE:29.90  PEAK WIND SPEED (MPH): 12 PEAK WIND DIR (DEG):230 PEAK WIND TIME (LST):1545  FASTEST 2MIN SPEED (MPH):  9FASTEST 2MIN DIR (DEG):260 FASTEST 2MIN TIME (LST):1520 AVERAGE WIND SPEED (MPH): 3.7 24 HR AVG TEMP (F):60 HOURLY INCREMENTAL PRECIPITATION VALUES (IN): T    T   .00  .02  .02   T   .01   T    T   .09  .00  .05  .00  .00   T    T    T    T    T   .00  .00   T   .00  .00",
"72297793184","2003-12-09T07:59:00","6","33.68","-117.86639","16.5","SANTA ANA JOHN WAYNE AIRPORT, CA US","SOD  ","KSNA ","V020","999,9,9,9999,9","99999,9,9,9","999999,9,9,9","+9999,9","+9999,9","99999,9","24,0000,9,6",,,,,,,,,,,,,,,,"0000,5","000,5","240,M,+0172,5","240,N,+0089,5",,,,,,,"10139,9,99999,4",,,"1,24,00760,190,1340,5","2,24,00671,210,1347,5","3,24,00143,999,9999,5","SOD60524 HR PRECIPITATION (IN): 0.00 TOTAL SUNSHINE (MINUTES):   0 PERCENT POSSIBLE SUNSHINE:  0 24 HR MAX TEMP (F): 6324 HR MAX TEMP TIME (LST):1449 24 HR MIN TEMP (F): 4824 HR MIN TEMP TIME (LST):2314 AVERAGE STATION PRESSURE:29.94  PEAK WIND SPEED (MPH): 17 PEAK WIND DIR (DEG):190 PEAK WIND TIME (LST):1340  FASTEST 2MIN SPEED (MPH): 15FASTEST 2MIN DIR (DEG):210 FASTEST 2MIN TIME (LST):1347 AVERAGE WIND SPEED (MPH): 3.2 24 HR AVG TEMP (F):56 HOURLY INCREMENTAL PRECIPITATION VALUES (IN):.00  .00  .00  .00  .00  .00  .00  .00  .00  .00  .00  .00  .00  .00  .00  .00  .00  .00  .00  .00  .00  .00  .00  .00","R01  0.007AAP092"
"72297793184","2003-12-10T07:59:00","6","33.68","-117.86639","16.5","SANTA ANA JOHN WAYNE AIRPORT, CA US","SOD  ","KSNA ","V020","999,9,9,9999,9","99999,9,9,9","999999,9,9,9","+9999,9","+9999,9","99999,9","24,0000,9,6",,,,,,,,,,,,,,,,"0000,5","000,5","240,M,+0200,5","240,N,+0067,5",,,,,,,"10166,9,99999,4",,,"1,24,00581,200,1403,5","2,24,00447,200,1527,5","3,24,00089,999,9999,5","SOD60524 HR PRECIPITATION (IN): 0.00 TOTAL SUNSHINE (MINUTES):   0 PERCENT POSSIBLE SUNSHINE:  0 24 HR MAX TEMP (F): 6824 HR MAX TEMP TIME (LST):1347 24 HR MIN TEMP (F): 4424 HR MIN TEMP TIME (LST):0657 AVERAGE STATION PRESSURE:30.02  PEAK WIND SPEED (MPH): 13 PEAK WIND DIR (DEG):200 PEAK WIND TIME (LST):1403  FASTEST 2MIN SPEED (MPH): 10FASTEST 2MIN DIR (DEG):200 FASTEST 2MIN TIME (LST):1527 AVERAGE WIND SPEED (MPH): 2.0 24 HR AVG TEMP (F):56 HOURLY INCREMENTAL PRECIPITATION VALUES (IN):.00  .00  .00  .00  .00  .00  .00  .00  .00  .00  .00  .00  .00  .00  .00  .00  .00  .00  .00  .00  .00  .00  .00  .00","R01  0.007AAP092"
"72297793184","2003-12-11T07:59:00","6","33.68","-117.86639","16.5","SANTA ANA JOHN WAYNE AIRPORT, CA US","SOD  ","KSNA ","V020","999,9,9,9999,9","99999,9,9,9","999999,9,9,9","+9999,9","+9999,9","99999,9","24,0005,9,5",,,,,,,,,,,,,,,,"0000,5","000,5","240,M,+0167,5","240,N,+0100,5",,,,,,,"10149,9,99999,4",,,"1,24,00760,210,1214,5","2,24,00581,200,1215,5","3,24,00241,999,9999,5","SOD60424 HR PRECIPITATION (IN): 0.02 TOTAL SUNSHINE (MINUTES):   0 PERCENT POSSIBLE SUNSHINE:  0 24 HR MAX TEMP (F): 6224 HR MAX TEMP TIME (LST):1353 24 HR MIN TEMP (F): 5024 HR MIN TEMP TIME (LST):0005 AVERAGE STATION PRESSURE:29.97  PEAK WIND SPEED (MPH): 17 PEAK WIND DIR (DEG):210 PEAK WIND TIME (LST):1214  FASTEST 2MIN SPEED (MPH): 13FASTEST 2MIN DIR (DEG):200 FASTEST 2MIN TIME (LST):1215 AVERAGE WIND SPEED (MPH): 5.4 24 HR AVG TEMP (F):56 HOURLY INCREMENTAL PRECIPITATION VALUES (IN):.00  .00  .00  .00  .00  .00  .00  .00  .01   T   .00  .00  .00  .00  .00  .00  .00  .00  .00  .00  .00  .00  .01   T",
"72297793184","2003-12-12T07:59:00","6","33.68","-117.86639","16.5","SANTA ANA JOHN WAYNE AIRPORT, CA US","SOD  ","KSNA ","V020","999,9,9,9999,9","99999,9,9,9","999999,9,9,9","+9999,9","+9999,9","99999,9","24,0000,2,5",,,,,,,,,,,,,,,,"0000,5","000,5","240,M,+0161,5","240,N,+0078,5",,,,,,,"10125,9,99999,4",,,"1,24,01073,270,1340,5","2,24,00715,290,1427,5","3,24,00201,999,9999,5","SOD60524 HR PRECIPITATION (IN):  T   TOTAL SUNSHINE (MINUTES):   0 PERCENT POSSIBLE SUNSHINE:  0 24 HR MAX TEMP (F): 6124 HR MAX TEMP TIME (LST):1441 24 HR MIN TEMP (F): 4624 HR MIN TEMP TIME (LST):2340 AVERAGE STATION PRESSURE:29.90  PEAK WIND SPEED (MPH): 24 PEAK WIND DIR (DEG):270 PEAK WIND TIME (LST):1340  FASTEST 2MIN SPEED (MPH): 16FASTEST 2MIN DIR (DEG):290 FASTEST 2MIN TIME (LST):1427 AVERAGE WIND SPEED (MPH): 4.5 24 HR AVG TEMP (F):54 HOURLY INCREMENTAL PRECIPITATION VALUES (IN):.00  .00  .00  .00  .00  .00  .00  .00  .00  .00   T   .00  .00  .00  .00  .00  .00  .00  .00  .00  .00  .00  .00  .00",
"72297793184","2003-12-13T07:59:00","6","33.68","-117.86639","16.5","SANTA ANA JOHN WAYNE AIRPORT, CA US","SOD  ","KSNA ","V020","999,9,9,9999,9","99999,9,9,9","999999,9,9,9","+9999,9","+9999,9","99999,9","24,0000,9,6",,,,,,,,,,,,,,,,"0000,5","000,5","240,M,+0167,5","240,N,+0050,5",,,,,,,"10179,9,99999,4",,,"1,24,00626,210,1427,5","2,24,00581,210,1400,5","3,24,00179,999,9999,5","SOD60524 HR PRECIPITATION (IN): 0.00 TOTAL SUNSHINE (MINUTES):   0 PERCENT POSSIBLE SUNSHINE:  0 24 HR MAX TEMP (F): 6224 HR MAX TEMP TIME (LST):1336 24 HR MIN TEMP (F): 4124 HR MIN TEMP TIME (LST):0650 AVERAGE STATION PRESSURE:30.06  PEAK WIND SPEED (MPH): 14 PEAK WIND DIR (DEG):210 PEAK WIND TIME (LST):1427  FASTEST 2MIN SPEED (MPH): 13FASTEST 2MIN DIR (DEG):210 FASTEST 2MIN TIME (LST):1400 AVERAGE WIND SPEED (MPH): 4.0 24 HR AVG TEMP (F):52 HOURLY INCREMENTAL PRECIPITATION VALUES (IN):.00  .00  .00  .00  .00  .00  .00  .00  .00  .00  .00  .00  .00  .00  .00  .00  .00  .00  .00  .00  .00  .00  .00  .00","R01  0.007AAP092"
"72297793184","2003-12-14T07:59:00","6","33.68","-117.86639","16.5","SANTA ANA JOHN WAYNE AIRPORT, CA US","SOD  ","KSNA ","V020","999,9,9,9999,9","99999,9,9,9","999999,9,9,9","+9999,9","+9999,9","99999,9","24,0000,9,6",,,,,,,,,,,,,,,,"0000,5","000,5","240,M,+0178,5","240,N,+0061,5",,,,,,,"10200,9,99999,4",,,"1,24,00447,220,1515,5","2,24,00402,220,1516,5","3,24,00103,999,9999,5","SOD60524 HR PRECIPITATION (IN): 0.00 TOTAL SUNSHINE (MINUTES):   0 PERCENT POSSIBLE SUNSHINE:  0 24 HR MAX TEMP (F): 6424 HR MAX TEMP TIME (LST):1436 24 HR MIN TEMP (F): 4324 HR MIN TEMP TIME (LST):0628 AVERAGE STATION PRESSURE:30.12  PEAK WIND SPEED (MPH): 10 PEAK WIND DIR (DEG):220 PEAK WIND TIME (LST):1515  FASTEST 2MIN SPEED (MPH):  9FASTEST 2MIN DIR (DEG):220 FASTEST 2MIN TIME (LST):1516 AVERAGE WIND SPEED (MPH): 2.3 24 HR AVG TEMP (F):54 HOURLY INCREMENTAL PRECIPITATION VALUES (IN):.00  .00  .00  .00  .00  .00  .00  .00  .00  .00  .00  .00  .00  .00  .00  .00  .00  .00  .00  .00  .00  .00  .00  .00","R01  0.007AAP092"
"72297793184","2003-12-15T07:59:00","6","33.68","-117.86639","16.5","SANTA ANA JOHN WAYNE AIRPORT, CA US","SOD  ","KSNA ","V020","999,9,9,9999,9","99999,9,9,9","999999,9,9,9","+9999,9","+9999,9","99999,9","24,0023,9,5",,,,,,,,,,,,,,,,"0000,5","000,5","240,M,+0161,5","240,N,+0061,5",,,,,,,"10169,9,99999,4",,,"1,24,00894,200,1336,5","2,24,00581,220,1342,5","3,24,00152,999,9999,5","SOD60524 HR PRECIPITATION (IN): 0.09 TOTAL SUNSHINE (MINUTES):   0 PERCENT POSSIBLE SUNSHINE:  0 24 HR MAX TEMP (F): 6124 HR MAX TEMP TIME (LST):1222 24 HR MIN TEMP (F): 4324 HR MIN TEMP TIME (LST):0400 AVERAGE STATION PRESSURE:30.03  PEAK WIND SPEED (MPH): 20 PEAK WIND DIR (DEG):200 PEAK WIND TIME (LST):1336  FASTEST 2MIN SPEED (MPH): 13FASTEST 2MIN DIR (DEG):220 FASTEST 2MIN TIME (LST):1342 AVERAGE WIND SPEED (MPH): 3.4 24 HR AVG TEMP (F):52 HOURLY INCREMENTAL PRECIPITATION VALUES (IN):.00  .00  .00  .00  .00  .00  .00  .00  .00  .00  .00  .00  .00   T   .04  .05   T   .00  .00  .00  .00  .00  .00  .00",
"72297793184","2003-12-16T07:59:00","6","33.68","-117.86639","16.5","SANTA ANA JOHN WAYNE AIRPORT, CA US","SOD  ","KSNA ","V020","999,9,9,9999,9","99999,9,9,9","999999,9,9,9","+9999,9","+9999,9","99999,9","24,0003,9,5",,,,,,,,,,,,,,,,"0000,5","000,5","240,M,+0206,5","240,N,+0067,5",,,,,,,"10200,9,99999,4",,,"1,24,00939,060,1440,5","2,24,00715,050,1441,5","3,24,00201,999,9999,5","SOD60524 HR PRECIPITATION (IN): 0.01 TOTAL SUNSHINE (MINUTES):   0 PERCENT POSSIBLE SUNSHINE:  0 24 HR MAX TEMP (F): 6924 HR MAX TEMP TIME (LST):1313 24 HR MIN TEMP (F): 4424 HR MIN TEMP TIME (LST):0716 AVERAGE STATION PRESSURE:30.12  PEAK WIND SPEED (MPH): 21 PEAK WIND DIR (DEG): 60 PEAK WIND TIME (LST):1440  FASTEST 2MIN SPEED (MPH): 16FASTEST 2MIN DIR (DEG): 50 FASTEST 2MIN TIME (LST):1441 AVERAGE WIND SPEED (MPH): 4.5 24 HR AVG TEMP (F):57 HOURLY INCREMENTAL PRECIPITATION VALUES (IN):.00  .00  .00  .00  .00  .01  .00  .00  .00  .00  .00  .00  .00  .00  .00  .00  .00  .00  .00  .00  .00  .00  .00  .00",
"72297793184","2003-12-17T07:59:00","6","33.68","-117.86639","16.5","SANTA ANA JOHN WAYNE AIRPORT, CA US","SOD  ","KSNA ","V020","999,9,9,9999,9","99999,9,9,9","999999,9,9,9","+9999,9","+9999,9","99999,9","24,0000,9,6",,,,,,,,,,,,,,,,"0000,5","000,5","240,M,+0228,5","240,N,+0050,5",,,,,,,"10210,9,99999,4",,,"1,24,00983,090,1455,5","2,24,00671,040,0141,5","3,24,00206,999,9999,5","SOD60524 HR PRECIPITATION (IN): 0.00 TOTAL SUNSHINE (MINUTES):   0 PERCENT POSSIBLE SUNSHINE:  0 24 HR MAX TEMP (F): 7324 HR MAX TEMP TIME (LST):1501 24 HR MIN TEMP (F): 4124 HR MIN TEMP TIME (LST):0552 AVERAGE STATION PRESSURE:30.15  PEAK WIND SPEED (MPH): 22 PEAK WIND DIR (DEG): 90 PEAK WIND TIME (LST):1455  FASTEST 2MIN SPEED (MPH): 15FASTEST 2MIN DIR (DEG): 40 FASTEST 2MIN TIME (LST):0141 AVERAGE WIND SPEED (MPH): 4.6 24 HR AVG TEMP (F):57 HOURLY INCREMENTAL PRECIPITATION VALUES (IN):.00  .00  .00  .00  .00  .00  .00  .00  .00  .00  .00  .00  .00  .00  .00  .00  .00  .00  .00  .00  .00  .00  .00  .00","R01  0.007AAP092"
"72297793184","2003-12-18T07:59:00","6","33.68","-117.86639","16.5","SANTA ANA JOHN WAYNE AIRPORT, CA US","SOD  ","KSNA ","V020","999,9,9,9999,9","99999,9,9,9","999999,9,9,9","+9999,9","+9999,9","99999,9","24,0000,9,6",,,,,,,,,,,,,,,,"0000,5","000,5","240,M,+0228,5","240,N,+0044,5",,,,,,,"10176,9,99999,4",,,"1,24,00447,240,1229,5","2,24,00358,210,1542,5","3,24,00103,999,9999,5","SOD60524 HR PRECIPITATION (IN): 0.00 TOTAL SUNSHINE (MINUTES):   0 PERCENT POSSIBLE SUNSHINE:  0 24 HR MAX TEMP (F): 7324 HR MAX TEMP TIME (LST):1424 24 HR MIN TEMP (F): 4024 HR MIN TEMP TIME (LST):0418 AVERAGE STATION PRESSURE:30.05  PEAK WIND SPEED (MPH): 10 PEAK WIND DIR (DEG):240 PEAK WIND TIME (LST):1229  FASTEST 2MIN SPEED (MPH):  8FASTEST 2MIN DIR (DEG):210 FASTEST 2MIN TIME (LST):1542 AVERAGE WIND SPEED (MPH): 2.3 24 HR AVG TEMP (F):57 HOURLY INCREMENTAL PRECIPITATION VALUES (IN):.00  .00  .00  .00  .00  .00  .00  .00  .00  .00  .00  .00  .00  .00  .00  .00  .00  .00  .00  .00  .00  .00  .00  .00","R01  0.007AAP092"
"72297793184","2003-12-19T07:59:00","6","33.68","-117.86639","16.5","SANTA ANA JOHN WAYNE AIRPORT, CA US","SOD  ","KSNA ","V020","999,9,9,9999,9","99999,9,9,9","999999,9,9,9","+9999,9","+9999,9","99999,9","24,0000,9,6",,,,,,,,,,,,,,,,"0000,5","000,5","240,M,+0233,5","240,N,+0078,5",,,,,,,"10163,9,99999,4",,,"1,24,00536,110,0722,5","2,24,00402,040,0140,5","3,24,00094,999,9999,5","SOD60524 HR PRECIPITATION (IN): 0.00 TOTAL SUNSHINE (MINUTES):   0 PERCENT POSSIBLE SUNSHINE:  0 24 HR MAX TEMP (F): 7424 HR MAX TEMP TIME (LST):1409 24 HR MIN TEMP (F): 4624 HR MIN TEMP TIME (LST):0651 AVERAGE STATION PRESSURE:30.01  PEAK WIND SPEED (MPH): 12 PEAK WIND DIR (DEG):110 PEAK WIND TIME (LST):0722  FASTEST 2MIN SPEED (MPH):  9FASTEST 2MIN DIR (DEG): 40 FASTEST 2MIN TIME (LST):0140 AVERAGE WIND SPEED (MPH): 2.1 24 HR AVG TEMP (F):60 HOURLY INCREMENTAL PRECIPITATION VALUES (IN):.00  .00  .00  .00  .00  .00  .00  .00  .00  .00  .00  .00  .00  .00  .00  .00  .00  .00  .00  .00  .00  .00  .00  .00","R01  0.007AAP092"
"72297793184","2003-12-20T07:59:00","6","33.68","-117.86639","16.5","SANTA ANA JOHN WAYNE AIRPORT, CA US","SOD  ","KSNA ","V020","999,9,9,9999,9","99999,9,9,9","999999,9,9,9","+9999,9","+9999,9","99999,9","24,0000,9,6",,,,,,,,,,,,,,,,"0000,5","000,5","240,M,+0222,5","240,N,+0072,5",,,,,,,"10163,9,99999,4",,,"1,24,00715,200,1256,5","2,24,00671,200,1256,5","3,24,00143,999,9999,5","SOD60524 HR PRECIPITATION (IN): 0.00 TOTAL SUNSHINE (MINUTES):   0 PERCENT POSSIBLE SUNSHINE:  0 24 HR MAX TEMP (F): 7224 HR MAX TEMP TIME (LST):1239 24 HR MIN TEMP (F): 4524 HR MIN TEMP TIME (LST):0502 AVERAGE STATION PRESSURE:30.01  PEAK WIND SPEED (MPH): 16 PEAK WIND DIR (DEG):200 PEAK WIND TIME (LST):1256  FASTEST 2MIN SPEED (MPH): 15FASTEST 2MIN DIR (DEG):200 FASTEST 2MIN TIME (LST):1256 AVERAGE WIND SPEED (MPH): 3.2 24 HR AVG TEMP (F):59 HOURLY INCREMENTAL PRECIPITATION VALUES (IN):.00  .00  .00  .00  .00  .00  .00  .00  .00  .00  .00  .00  .00  .00  .00  .00  .00  .00  .00  .00  .00  .00  .00  .00","R01  0.007AAP092"
"72297793184","2003-12-21T07:59:00","6","33.68","-117.86639","16.5","SANTA ANA JOHN WAYNE AIRPORT, CA US","SOD  ","KSNA ","V020","999,9,9,9999,9","99999,9,9,9","999999,9,9,9","+9999,9","+9999,9","99999,9","24,0000,2,5",,,,,,,,,,,,,,,,"0000,5","000,5","240,M,+0172,5","240,N,+0100,5",,,,,,,"10152,9,99999,4",,,"1,24,00447,270,1811,5","2,24,00402,270,1811,5","3,24,00107,999,9999,5","SOD60524 HR PRECIPITATION (IN):  T   TOTAL SUNSHINE (MINUTES):   0 PERCENT POSSIBLE SUNSHINE:  0 24 HR MAX TEMP (F): 6324 HR MAX TEMP TIME (LST):1209 24 HR MIN TEMP (F): 5024 HR MIN TEMP TIME (LST):0228 AVERAGE STATION PRESSURE:29.98  PEAK WIND SPEED (MPH): 10 PEAK WIND DIR (DEG):270 PEAK WIND TIME (LST):1811  FASTEST 2MIN SPEED (MPH):  9FASTEST 2MIN DIR (DEG):270 FASTEST 2MIN TIME (LST):1811 AVERAGE WIND SPEED (MPH): 2.4 24 HR AVG TEMP (F):57 HOURLY INCREMENTAL PRECIPITATION VALUES (IN):.00  .00  .00  .00  .00  .00  .00  .00  .00  .00  .00   T   .00  .00  .00  .00  .00  .00  .00  .00  .00  .00  .00  .00",
"72297793184","2003-12-22T07:59:00","6","33.68","-117.86639","16.5","SANTA ANA JOHN WAYNE AIRPORT, CA US","SOD  ","KSNA ","V020","999,9,9,9999,9","99999,9,9,9","999999,9,9,9","+9999,9","+9999,9","99999,9","24,0000,2,5",,,,,,,,,,,,,,,,"0000,5","000,5","240,M,+0178,5","240,N,+0117,5",,,,,,,"10169,9,99999,4",,,"1,24,00581,230,1620,5","2,24,00402,230,1637,5","3,24,00143,999,9999,5","SOD60524 HR PRECIPITATION (IN):  T   TOTAL SUNSHINE (MINUTES):   0 PERCENT POSSIBLE SUNSHINE:  0 24 HR MAX TEMP (F): 6424 HR MAX TEMP TIME (LST):1400 24 HR MIN TEMP (F): 5324 HR MIN TEMP TIME (LST):2359 AVERAGE STATION PRESSURE:30.03  PEAK WIND SPEED (MPH): 13 PEAK WIND DIR (DEG):230 PEAK WIND TIME (LST):1620  FASTEST 2MIN SPEED (MPH):  9FASTEST 2MIN DIR (DEG):230 FASTEST 2MIN TIME (LST):1637 AVERAGE WIND SPEED (MPH): 3.2 24 HR AVG TEMP (F):59 HOURLY INCREMENTAL PRECIPITATION VALUES (IN):.00  .00  .00  .00  .00  .00  .00  .00   T    T   .00  .00  .00  .00  .00  .00  .00  .00  .00  .00  .00  .00  .00  .00",
"72297793184","2003-12-23T07:59:00","6","33.68","-117.86639","16.5","SANTA ANA JOHN WAYNE AIRPORT, CA US","SOD  ","KSNA ","V020","999,9,9,9999,9","99999,9,9,9","999999,9,9,9","+9999,9","+9999,9","99999,9","24,0000,9,6",,,,,,,,,,,,,,,,"0000,5","000,5","240,M,+0233,5","240,N,+0072,5",,,,,,,"10152,9,99999,4",,,"1,24,00671,220,1447,5","2,24,00402,200,1448,5","3,24,00089,999,9999,5","SOD58324 HR PRECIPITATION (IN): 0.00 TOTAL SUNSHINE (MINUTES):   0 PERCENT POSSIBLE SUNSHINE:  0 24 HR MAX TEMP (F): 7424 HR MAX TEMP TIME (LST):1434 24 HR MIN TEMP (F): 4524 HR MIN TEMP TIME (LST):0644 AVERAGE STATION PRESSURE:29.98  PEAK WIND SPEED (MPH): 15 PEAK WIND DIR (DEG):220 PEAK WIND TIME (LST):1447  FASTEST 2MIN SPEED (MPH):  9FASTEST 2MIN DIR (DEG):200 FASTEST 2MIN TIME (LST):1448 AVERAGE WIND SPEED (MPH): 2.0 HOURLY INCREMENTAL PRECIPITATION VALUES (IN):.00  .00  .00  .00  .00  .00  .00  .00  .00  .00  .00  .00  .00  .00  .00  .00  .00  .00  .00  .00  .00  .00  .00  .00","R01  0.007AAP092"
"72297793184","2003-12-24T07:59:00","6","33.68","-117.86639","16.5","SANTA ANA JOHN WAYNE AIRPORT, CA US","SOD  ","KSNA ","V020","999,9,9,9999,9","99999,9,9,9","999999,9,9,9","+9999,9","+9999,9","99999,9","24,0003,9,5",,,,,,,,,,,,,,,,"0000,5","000,5","240,M,+0150,5","240,N,+0089,5",,,,,,,"10125,9,99999,4",,,"1,24,00581,250,1304,5","2,24,00402,270,1311,5","3,24,00080,999,9999,5","SOD60524 HR PRECIPITATION (IN): 0.01 TOTAL SUNSHINE (MINUTES):   0 PERCENT POSSIBLE SUNSHINE:  0 24 HR MAX TEMP (F): 5924 HR MAX TEMP TIME (LST):1208 24 HR MIN TEMP (F): 4824 HR MIN TEMP TIME (LST):0350 AVERAGE STATION PRESSURE:29.90  PEAK WIND SPEED (MPH): 13 PEAK WIND DIR (DEG):250 PEAK WIND TIME (LST):1304  FASTEST 2MIN SPEED (MPH):  9FASTEST 2MIN DIR (DEG):270 FASTEST 2MIN TIME (LST):1311 AVERAGE WIND SPEED (MPH): 1.8 24 HR AVG TEMP (F):54 HOURLY INCREMENTAL PRECIPITATION VALUES (IN):.00  .00  .00  .00  .00  .00  .00  .00  .00  .00   T    T    T   .01   T    T    T    T   .00  .00  .00  .00  .00  .00",
"72297793184","2003-12-25T07:59:00","6","33.68","-117.86639","16.5","SANTA ANA JOHN WAYNE AIRPORT, CA US","SOD  ","KSNA ","V020","999,9,9,9999,9","99999,9,9,9","999999,9,9,9","+9999,9","+9999,9","99999,9","24,0015,9,5",,,,,,,,,,,,,,,,"0000,5","000,5","240,M,+0167,5","240,N,+0100,5",,,,,,,"10132,9,99999,4",,,"1,24,00447,110,2319,5","2,24,00447,200,1442,5","3,24,00165,999,9999,5","SOD60524 HR PRECIPITATION (IN): 0.06 TOTAL SUNSHINE (MINUTES):   0 PERCENT POSSIBLE SUNSHINE:  0 24 HR MAX TEMP (F): 6224 HR MAX TEMP TIME (LST):1353 24 HR MIN TEMP (F): 5024 HR MIN TEMP TIME (LST):0136 AVERAGE STATION PRESSURE:29.92  PEAK WIND SPEED (MPH): 10 PEAK WIND DIR (DEG):110 PEAK WIND TIME (LST):2319  FASTEST 2MIN SPEED (MPH): 10FASTEST 2MIN DIR (DEG):200 FASTEST 2MIN TIME (LST):1442 AVERAGE WIND SPEED (MPH): 3.7 24 HR AVG TEMP (F):56 HOURLY INCREMENTAL PRECIPITATION VALUES (IN):.00  .00  .00  .00  .00  .00  .00  .00  .00  .00  .00  .00   T    T   .00  .00  .00   T   .01  .01  .01  .02  .01  .00",
"72297793184","2003-12-26T07:59:00","6","33.68","-117.86639","16.5","SANTA ANA JOHN WAYNE AIRPORT, CA US","SOD  ","KSNA ","V020","999,9,9,9999,9","99999,9,9,9","999999,9,9,9","+9999,9","+9999,9","99999,9","24,0081,9,5",,,,,,,,,,,,,,,,"0000,5","000,5","240,M,+0167,5","240,N,+0111,5",,,,,,,"10102,9,99999,4",,,"1,24,01743,220,1704,5","2,24,01341,190,1636,5","3,24,00519,999,9999,5","SOD60524 HR PRECIPITATION (IN): 0.32 TOTAL SUNSHINE (MINUTES):   0 PERCENT POSSIBLE SUNSHINE:  0 24 HR MAX TEMP (F): 6224 HR MAX TEMP TIME (LST):0957 24 HR MIN TEMP (F): 5224 HR MIN TEMP TIME (LST):2359 AVERAGE STATION PRESSURE:29.83  PEAK WIND SPEED (MPH): 39 PEAK WIND DIR (DEG):220 PEAK WIND TIME (LST):1704  FASTEST 2MIN SPEED (MPH): 30FASTEST 2MIN DIR (DEG):190 FASTEST 2MIN TIME (LST):1636 AVERAGE WIND SPEED (MPH):11.6 24 HR AVG TEMP (F):57 HOURLY INCREMENTAL PRECIPITATION VALUES (IN): T   .00  .00  .00   T   .01   T   .01   T    T   .00  .00  .00   T   .00  .07  .15  .08   T   .00  .00  .00  .00  .00",
"72297793184","2003-12-27T07:59:00","6","33.68","-117.86639","16.5","SANTA ANA JOHN WAYNE AIRPORT, CA US","SOD  ","KSNA ","V020","999,9,9,9999,9","99999,9,9,9","999999,9,9,9","+9999,9","+9999,9","99999,9","24,0000,9,6",,,,,,,,,,,,,,,,"0000,5","000,5","240,M,+0144,5","240,N,+0056,5",,,,,,,"10179,9,99999,4",,,"1,24,00671,240,1504,5","2,24,00536,250,1507,5","3,24,00134,999,9999,5","SOD60524 HR PRECIPITATION (IN): 0.00 TOTAL SUNSHINE (MINUTES):   0 PERCENT POSSIBLE SUNSHINE:  0 24 HR MAX TEMP (F): 5824 HR MAX TEMP TIME (LST):1420 24 HR MIN TEMP (F): 4224 HR MIN TEMP TIME (LST):0704 AVERAGE STATION PRESSURE:30.06  PEAK WIND SPEED (MPH): 15 PEAK WIND DIR (DEG):240 PEAK WIND TIME (LST):1504  FASTEST 2MIN SPEED (MPH): 12FASTEST 2MIN DIR (DEG):250 FASTEST 2MIN TIME (LST):1507 AVERAGE WIND SPEED (MPH): 3.0 24 HR AVG TEMP (F):50 HOURLY INCREMENTAL PRECIPITATION VALUES (IN):.00  .00  .00  .00  .00  .00  .00  .00  .00  .00  .00  .00  .00  .00  .00  .00  .00  .00  .00  .00  .00  .00  .00  .00","R01  0.007AAP092"
"72297793184","2003-12-28T07:59:00","6","33.68","-117.86639","16.5","SANTA ANA JOHN WAYNE AIRPORT, CA US","SOD  ","KSNA ","V020","999,9,9,9999,9","99999,9,9,9","999999,9,9,9","+9999,9","+9999,9","99999,9","24,0000,9,6",,,,,,,,,,,,,,,,"0000,5","000,5","240,M,+0144,5","240,N,+0022,5",,,,,,,"10244,9,99999,4",,,"1,24,00581,210,1437,5","2,24,00447,190,1446,5","3,24,00121,999,9999,5","SOD58324 HR PRECIPITATION (IN): 0.00 TOTAL SUNSHINE (MINUTES):   0 PERCENT POSSIBLE SUNSHINE:  0 24 HR MAX TEMP (F): 5824 HR MAX TEMP TIME (LST):1333 24 HR MIN TEMP (F): 3624 HR MIN TEMP TIME (LST):0645 AVERAGE STATION PRESSURE:30.25  PEAK WIND SPEED (MPH): 13 PEAK WIND DIR (DEG):210 PEAK WIND TIME (LST):1437  FASTEST 2MIN SPEED (MPH): 10FASTEST 2MIN DIR (DEG):190 FASTEST 2MIN TIME (LST):1446 AVERAGE WIND SPEED (MPH): 2.7 HOURLY INCREMENTAL PRECIPITATION VALUES (IN):.00  .00  .00  .00  .00  .00  .00  .00  .00  .00  .00  .00  .00  .00  .00  .00  .00  .00  .00  .00  .00  .00  .00  .00","R01  0.007AAP092"
"72297793184","2003-12-29T07:59:00","6","33.68","-117.86639","16.5","SANTA ANA JOHN WAYNE AIRPORT, CA US","SOD  ","KSNA ","V020","999,9,9,9999,9","99999,9,9,9","999999,9,9,9","+9999,9","+9999,9","99999,9","24,0000,9,6",,,,,,,,,,,,,,,,"0000,5","000,5","240,M,+0150,5","240,N,+0022,5",,,,,,,"10244,9,99999,4",,,"1,24,00626,210,1243,5","2,24,00536,200,1507,5","3,24,00125,999,9999,5","SOD60524 HR PRECIPITATION (IN): 0.00 TOTAL SUNSHINE (MINUTES):   0 PERCENT POSSIBLE SUNSHINE:  0 24 HR MAX TEMP (F): 5924 HR MAX TEMP TIME (LST):1507 24 HR MIN TEMP (F): 3624 HR MIN TEMP TIME (LST):0720 AVERAGE STATION PRESSURE:30.25  PEAK WIND SPEED (MPH): 14 PEAK WIND DIR (DEG):210 PEAK WIND TIME (LST):1243  FASTEST 2MIN SPEED (MPH): 12FASTEST 2MIN DIR (DEG):200 FASTEST 2MIN TIME (LST):1507 AVERAGE WIND SPEED (MPH): 2.8 24 HR AVG TEMP (F):48 HOURLY INCREMENTAL PRECIPITATION VALUES (IN):.00  .00  .00  .00  .00  .00  .00  .00  .00  .00  .00  .00  .00  .00  .00  .00  .00  .00  .00  .00  .00  .00  .00  .00","R01  0.007AAP092"
"72297793184","2003-12-30T07:59:00","6","33.68","-117.86639","16.5","SANTA ANA JOHN WAYNE AIRPORT, CA US","SOD  ","KSNA ","V020","999,9,9,9999,9","99999,9,9,9","999999,9,9,9","+9999,9","+9999,9","99999,9","24,0000,9,6",,,,,,,,,,,,,,,,"0000,5","000,5","240,M,+0150,5","240,N,+0039,5",,,,,,,"10159,9,99999,4",,,"1,24,00536,190,1500,5","2,24,00447,200,1337,5","3,24,00121,999,9999,5","SOD60524 HR PRECIPITATION (IN): 0.00 TOTAL SUNSHINE (MINUTES):   0 PERCENT POSSIBLE SUNSHINE:  0 24 HR MAX TEMP (F): 5924 HR MAX TEMP TIME (LST):1319 24 HR MIN TEMP (F): 3924 HR MIN TEMP TIME (LST):0203 AVERAGE STATION PRESSURE:30.00  PEAK WIND SPEED (MPH): 12 PEAK WIND DIR (DEG):190 PEAK WIND TIME (LST):1500  FASTEST 2MIN SPEED (MPH): 10FASTEST 2MIN DIR (DEG):200 FASTEST 2MIN TIME (LST):1337 AVERAGE WIND SPEED (MPH): 2.7 24 HR AVG TEMP (F):49 HOURLY INCREMENTAL PRECIPITATION VALUES (IN):.00  .00  .00  .00  .00  .00  .00  .00  .00  .00  .00  .00  .00  .00  .00  .00  .00  .00  .00  .00  .00  .00  .00  .00","R01  0.007AAP092"
"72297793184","2003-12-31T07:59:00","6","33.68","-117.86639","16.5","SANTA ANA JOHN WAYNE AIRPORT, CA US","SOD  ","KSNA ","V020","999,9,9,9999,9","99999,9,9,9","999999,9,9,9","+9999,9","+9999,9","99999,9","24,0000,9,6",,,,,,,,,,,,,,,,"0000,5","000,5","240,M,+0161,5","240,N,+0083,5",,,,,,,"10088,9,99999,4",,,"1,24,00626,190,1439,5","2,24,00536,190,1441,5","3,24,00170,999,9999,5","SOD60524 HR PRECIPITATION (IN): 0.00 TOTAL SUNSHINE (MINUTES):   0 PERCENT POSSIBLE SUNSHINE:  0 24 HR MAX TEMP (F): 6124 HR MAX TEMP TIME (LST):1458 24 HR MIN TEMP (F): 4724 HR MIN TEMP TIME (LST):2343 AVERAGE STATION PRESSURE:29.79  PEAK WIND SPEED (MPH): 14 PEAK WIND DIR (DEG):190 PEAK WIND TIME (LST):1439  FASTEST 2MIN SPEED (MPH): 12FASTEST 2MIN DIR (DEG):190 FASTEST 2MIN TIME (LST):1441 AVERAGE WIND SPEED (MPH): 3.8 24 HR AVG TEMP (F):54 HOURLY INCREMENTAL PRECIPITATION VALUES (IN):.00  .00  .00  .00  .00  .00  .00  .00  .00  .00  .00  .00  .00  .00  .00  .00  .00  .00  .00  .00  .00  .00  .00  .00","R01  0.007AAP092"
