"STATION","DATE","SOURCE","LATITUDE","LONGITUDE","ELEVATION","NAME","REPORT_TYPE","CALL_SIGN","QUALITY_CONTROL","WND","CIG","VIS","TMP","DEW","SLP","AA1","AB1","AD1","AE1","AH1","AH2","AH3","AH4","AH5","AH6","AI1","AI2","AI3","AI4","AI5","AI6","AJ1","GJ1","GK1","KA1","KA2","KB1","KB2","KB3","KD1","KD2","KE1","MG1","MH1","MK1","OE1","OE2","OE3","REM","EQD"
"72297793184","2000-01-01T07:59:00","6","33.68","-117.86639","16.5","SANTA ANA JOHN WAYNE AIRPORT, CA US","SOD  ","KSNA ","V020","999,9,9,9999,9","99999,9,9,9","999999,9,9,9","+9999,9","+9999,9","99999,9","24,0003,9,5",,,,,,,,,,,,,,,,,,,"240,M,+0156,5","240,N,+0100,5",,,,,,,"10146,9,99999,4",,,"1,24,00894,180,1419,5","2,24,00715,200,1355,5","3,24,00170,999,9999,5","SOD54524 HR PRECIPITATION (IN): 0.01 24 HR MAX TEMP (F): 6024 HR MAX TEMP TIME (LST):1327 24 HR MIN TEMP (F): 5024 HR MIN TEMP TIME (LST):2352 AVERAGE STATION PRESSURE:29.96  PEAK WIND SPEED (MPH): 20 PEAK WIND DIR (DEG):180 PEAK WIND TIME (LST):1419  FASTEST 2MIN SPEED (MPH): 16FASTEST 2MIN DIR (DEG):200 FASTEST 2MIN TIME (LST):1355 AVERAGE WIND SPEED (MPH): 3.8 24 HR AVG TEMP (F):55 HOURLY INCREMENTAL PRECIPITATION VALUES (IN):.00  .00  .00  .00  .00  .00  .00   T    T   .00   T   .00  .00  .00   T   .00   T   .00  .00  .00  .00  .00  .00  .01",
"72297793184","2000-01-01T07:59:00","6","33.68","-117.86639","16.5","SANTA ANA JOHN WAYNE AIRPORT, CA US","SOM  ","KSNA ","V020","999,9,9,9999,9","99999,9,9,9","999999,9,9,9","+9999,9","+9999,9","99999,9",,"00005,9,6","00003,9,3131,9999,9999,5","00,5,00,5,99,9,00,5",,,,,,,,,,,,,,,,,,"744,N,+0767,5","744,M,+2139,5","744,A,+1456,5","744,H,0208,7","744,C,0002,6","00,5,00,5,00,5,00,5",,"10169,4,10203,4","10281,241020,5,10125,101451,5",,,,"SOM441PCP MTOT: 0.02 DEPNRM: 0.00 PCP GT 24HRS: 0.01 DATE(S):31 DAYS W/PCP >=.01: 0 DAYS W/PCP >=.10: 0 DAYS W/PCP >=1.00:  SN GT DP ON GRND:0 DATE(S):0  AVG DLY MIN: 45.8 AVG DLY MAX: 70.5 AVG MLY TMP: 58.2 DAYS MAX <=32:  DAYS MAX >=70: 0 DAYS MAX >=90: 0 DAYS MIN <=32: 0 DAYS MIN  <=0: 0 AVG STP:30.03  AVG SLP:30.13  LWST SLP:29.90 DATE/TIME:101451 HGST SLP:30.36 DATE/TIME:241020 HDD MTH TOT: 208 DEP NORM:-255 CDD MTH TOT:   2 DEP NORM:-255","R01  0.027ABP070R02   2087KDH015R03     27KDC058"
"72297793184","2000-01-02T07:59:00","6","33.68","-117.86639","16.5","SANTA ANA JOHN WAYNE AIRPORT, CA US","SOD  ","KSNA ","V020","999,9,9,9999,9","99999,9,9,9","999999,9,9,9","+9999,9","+9999,9","99999,9","24,0008,9,5",,,,,,,,,,,,,,,,,,,"240,M,+0144,5","240,N,+0089,6",,,,,,,"10159,9,99999,4",,,"1,24,00581,200,1447,5","2,24,00447,200,1526,5","3,24,00134,999,9999,5","SOD54424 HR PRECIPITATION (IN): 0.03 24 HR MAX TEMP (F): 5824 HR MAX TEMP TIME (LST):1430 24 HR MIN TEMP (F): 4824 HR MIN TEMP TIME (LST):0538 AVERAGE STATION PRESSURE:30.00  PEAK WIND SPEED (MPH): 13 PEAK WIND DIR (DEG):200 PEAK WIND TIME (LST):1447  FASTEST 2MIN SPEED (MPH): 10FASTEST 2MIN DIR (DEG):200 FASTEST 2MIN TIME (LST):1526 AVERAGE WIND SPEED (MPH): 3.0 24 HR AVG TEMP (F):53 HOURLY INCREMENTAL PRECIPITATION VALUES (IN):.00  .00  .00  .01  .00  .00  .00  .00  .00  .00  .00  .00  .00  .00  .00  .00  .00  .00  .00  .01   T    T   .01   T","R01    487KAN014"
"72297793184","2000-01-03T07:59:00","6","33.68","-117.86639","16.5","SANTA ANA JOHN WAYNE AIRPORT, CA US","SOD  ","KSNA ","V020","999,9,9,9999,9","99999,9,9,9","999999,9,9,9","+9999,9","+9999,9","99999,9","24,0000,9,6",,,,,,,,,,,,,,,,,,,"240,M,+0172,5","240,N,+0072,5",,,,,,,"10176,9,99999,4",,,"1,24,01162,220,1404,5","2,24,00939,220,1405,5","3,24,00219,999,9999,5","SOD54524 HR PRECIPITATION (IN): 0.00 24 HR MAX TEMP (F): 6324 HR MAX TEMP TIME (LST):1234 24 HR MIN TEMP (F): 4524 HR MIN TEMP TIME (LST):2347 AVERAGE STATION PRESSURE:30.05  PEAK WIND SPEED (MPH): 26 PEAK WIND DIR (DEG):220 PEAK WIND TIME (LST):1404  FASTEST 2MIN SPEED (MPH): 21FASTEST 2MIN DIR (DEG):220 FASTEST 2MIN TIME (LST):1405 AVERAGE WIND SPEED (MPH): 4.9 24 HR AVG TEMP (F):54 HOURLY INCREMENTAL PRECIPITATION VALUES (IN):.00  .00  .00  .00  .00  .00  .00  .00  .00  .00  .00  .00  .00  .00  .00  .00  .00  .00  .00  .00  .00  .00  .00  .00","R01  0.007AAP092"
"72297793184","2000-01-04T07:59:00","6","33.68","-117.86639","16.5","SANTA ANA JOHN WAYNE AIRPORT, CA US","SOD  ","KSNA ","V020","999,9,9,9999,9","99999,9,9,9","999999,9,9,9","+9999,9","+9999,9","99999,9","24,0000,9,6",,,,,,,,,,,,,,,,,,,"240,M,+0189,5","240,N,+0050,5",,,,,,,"10230,9,99999,4",,,"1,24,00492,090,0920,5","2,24,00358,270,1232,5","3,24,00125,999,9999,5","SOD54524 HR PRECIPITATION (IN): 0.00 24 HR MAX TEMP (F): 6624 HR MAX TEMP TIME (LST):1507 24 HR MIN TEMP (F): 4124 HR MIN TEMP TIME (LST):0600 AVERAGE STATION PRESSURE:30.21  PEAK WIND SPEED (MPH): 11 PEAK WIND DIR (DEG):090 PEAK WIND TIME (LST):0920  FASTEST 2MIN SPEED (MPH):  8FASTEST 2MIN DIR (DEG):270 FASTEST 2MIN TIME (LST):1232 AVERAGE WIND SPEED (MPH): 2.8 24 HR AVG TEMP (F):54 HOURLY INCREMENTAL PRECIPITATION VALUES (IN):.00  .00  .00  .00  .00  .00  .00  .00  .00  .00  .00  .00  .00  .00  .00  .00  .00  .00  .00  .00  .00  .00  .00  .00","R01  0.007AAP092"
"72297793184","2000-01-05T07:59:00","6","33.68","-117.86639","16.5","SANTA ANA JOHN WAYNE AIRPORT, CA US","SOD  ","KSNA ","V020","999,9,9,9999,9","99999,9,9,9","999999,9,9,9","+9999,9","+9999,9","99999,9","24,0000,9,6",,,,,,,,,,,,,,,,,,,"240,M,+0217,5","240,N,+0056,5",,,,,,,"10200,9,99999,4",,,"1,24,00581,260,1542,5","2,24,00447,270,1542,5","3,24,00103,999,9999,5","SOD54524 HR PRECIPITATION (IN): 0.00 24 HR MAX TEMP (F): 7124 HR MAX TEMP TIME (LST):1357 24 HR MIN TEMP (F): 4224 HR MIN TEMP TIME (LST):0504 AVERAGE STATION PRESSURE:30.12  PEAK WIND SPEED (MPH): 13 PEAK WIND DIR (DEG):260 PEAK WIND TIME (LST):1542  FASTEST 2MIN SPEED (MPH): 10FASTEST 2MIN DIR (DEG):270 FASTEST 2MIN TIME (LST):1542 AVERAGE WIND SPEED (MPH): 2.3 24 HR AVG TEMP (F):57 HOURLY INCREMENTAL PRECIPITATION VALUES (IN):.00  .00  .00  .00  .00  .00  .00  .00  .00  .00  .00  .00  .00  .00   T   .00  .00  .00  .00  .00  .00  .00  .00  .00","R01  0.007AAP092"
"72297793184","2000-01-06T07:59:00","6","33.68","-117.86639","16.5","SANTA ANA JOHN WAYNE AIRPORT, CA US","SOD  ","KSNA ","V020","999,9,9,9999,9","99999,9,9,9","999999,9,9,9","+9999,9","+9999,9","99999,9","24,0000,9,6",,,,,,,,,,,,,,,,,,,"240,M,+0194,5","240,N,+0056,5",,,,,,,"10149,9,99999,4",,,"1,24,01520,070,2030,5","2,24,01118,060,2030,5","3,24,00277,999,9999,5","SOD54524 HR PRECIPITATION (IN): 0.00 24 HR MAX TEMP (F): 6724 HR MAX TEMP TIME (LST):1445 24 HR MIN TEMP (F): 4224 HR MIN TEMP TIME (LST):0707 AVERAGE STATION PRESSURE:29.97  PEAK WIND SPEED (MPH): 34 PEAK WIND DIR (DEG):070 PEAK WIND TIME (LST):2030  FASTEST 2MIN SPEED (MPH): 25FASTEST 2MIN DIR (DEG):060 FASTEST 2MIN TIME (LST):2030 AVERAGE WIND SPEED (MPH): 6.2 24 HR AVG TEMP (F):55 HOURLY INCREMENTAL PRECIPITATION VALUES (IN):.00  .00  .00  .00  .00  .00  .00  .00  .00  .00  .00  .00  .00  .00  .00  .00  .00  .00  .00  .00  .00  .00  .00  .00","R01  0.007AAP092"
"72297793184","2000-01-07T07:59:00","6","33.68","-117.86639","16.5","SANTA ANA JOHN WAYNE AIRPORT, CA US","SOD  ","KSNA ","V020","999,9,9,9999,9","99999,9,9,9","999999,9,9,9","+9999,9","+9999,9","99999,9","24,0000,9,6",,,,,,,,,,,,,,,,,,,"240,M,+0233,5","240,N,+0089,5",,,,,,,"10207,9,99999,4",,,"1,24,01520,060,0434,5","2,24,01296,060,0400,5","3,24,00393,999,9999,5","SOD54524 HR PRECIPITATION (IN): 0.00 24 HR MAX TEMP (F): 7424 HR MAX TEMP TIME (LST):1155 24 HR MIN TEMP (F): 4824 HR MIN TEMP TIME (LST):2347 AVERAGE STATION PRESSURE:30.14  PEAK WIND SPEED (MPH): 34 PEAK WIND DIR (DEG):060 PEAK WIND TIME (LST):0434  FASTEST 2MIN SPEED (MPH): 29FASTEST 2MIN DIR (DEG):060 FASTEST 2MIN TIME (LST):0400 AVERAGE WIND SPEED (MPH): 8.8 24 HR AVG TEMP (F):61 HOURLY INCREMENTAL PRECIPITATION VALUES (IN):.00  .00  .00  .00  .00  .00  .00  .00  .00  .00  .00  .00  .00  .00  .00  .00  .00  .00  .00  .00  .00  .00  .00  .00","R01  0.007AAP092"
"72297793184","2000-01-08T07:59:00","6","33.68","-117.86639","16.5","SANTA ANA JOHN WAYNE AIRPORT, CA US","SOD  ","KSNA ","V020","999,9,9,9999,9","99999,9,9,9","999999,9,9,9","+9999,9","+9999,9","99999,9","24,0000,9,6",,,,,,,,,,,,,,,,,,,"240,M,+0178,5","240,N,+0056,5",,,,,,,"10203,9,99999,4",,,"1,24,00492,180,1425,5","2,24,00402,200,1635,5","3,24,00116,999,9999,5","SOD54524 HR PRECIPITATION (IN): 0.00 24 HR MAX TEMP (F): 6424 HR MAX TEMP TIME (LST):1359 24 HR MIN TEMP (F): 4224 HR MIN TEMP TIME (LST):0441 AVERAGE STATION PRESSURE:30.13  PEAK WIND SPEED (MPH): 11 PEAK WIND DIR (DEG):180 PEAK WIND TIME (LST):1425  FASTEST 2MIN SPEED (MPH):  9FASTEST 2MIN DIR (DEG):200 FASTEST 2MIN TIME (LST):1635 AVERAGE WIND SPEED (MPH): 2.6 24 HR AVG TEMP (F):53 HOURLY INCREMENTAL PRECIPITATION VALUES (IN):.00  .00  .00  .00  .00  .00  .00  .00  .00  .00  .00  .00  .00  .00  .00  .00  .00  .00  .00  .00  .00  .00  .00  .00","R01  0.007AAP092"
"72297793184","2000-01-09T07:59:00","6","33.68","-117.86639","16.5","SANTA ANA JOHN WAYNE AIRPORT, CA US","SOD  ","KSNA ","V020","999,9,9,9999,9","99999,9,9,9","999999,9,9,9","+9999,9","+9999,9","99999,9","24,0000,9,6",,,,,,,,,,,,,,,,,,,"240,M,+0189,5","240,N,+0039,5",,,,,,,"10173,9,99999,4",,,"1,24,00492,210,1545,5","2,24,00402,210,1603,5","3,24,00098,999,9999,5","SOD54524 HR PRECIPITATION (IN): 0.00 24 HR MAX TEMP (F): 6624 HR MAX TEMP TIME (LST):1510 24 HR MIN TEMP (F): 3924 HR MIN TEMP TIME (LST):0716 AVERAGE STATION PRESSURE:30.04  PEAK WIND SPEED (MPH): 11 PEAK WIND DIR (DEG):210 PEAK WIND TIME (LST):1545  FASTEST 2MIN SPEED (MPH):  9FASTEST 2MIN DIR (DEG):210 FASTEST 2MIN TIME (LST):1603 AVERAGE WIND SPEED (MPH): 2.2 24 HR AVG TEMP (F):53 HOURLY INCREMENTAL PRECIPITATION VALUES (IN):.00  .00  .00  .00  .00  .00  .00  .00  .00  .00  .00  .00  .00  .00  .00  .00  .00  .00  .00  .00  .00  .00  .00  .00","R01  0.007AAP092"
"72297793184","2000-01-10T07:59:00","6","33.68","-117.86639","16.5","SANTA ANA JOHN WAYNE AIRPORT, CA US","SOD  ","KSNA ","V020","999,9,9,9999,9","99999,9,9,9","999999,9,9,9","+9999,9","+9999,9","99999,9","24,0000,9,6",,,,,,,,,,,,,,,,,,,"240,M,+0178,5","240,N,+0044,5",,,,,,,"10169,9,99999,4",,,"1,24,00492,220,1304,5","2,24,00402,220,1247,5","3,24,00085,999,9999,5","SOD52324 HR PRECIPITATION (IN): 0.00 24 HR MAX TEMP (F): 6424 HR MAX TEMP TIME (LST):1315 24 HR MIN TEMP (F): 4024 HR MIN TEMP TIME (LST):0707 AVERAGE STATION PRESSURE:30.03  PEAK WIND SPEED (MPH): 11 PEAK WIND DIR (DEG):220 PEAK WIND TIME (LST):1304  FASTEST 2MIN SPEED (MPH):  9FASTEST 2MIN DIR (DEG):220 FASTEST 2MIN TIME (LST):1247 AVERAGE WIND SPEED (MPH): 1.9 HOURLY INCREMENTAL PRECIPITATION VALUES (IN):.00  .00  .00  .00  .00  .00  .00  .00  .00  .00  .00  .00  .00  .00  .00  .00  .00  .00  .00  .00  .00  .00  .00  .00","R01  0.007AAP092"
"72297793184","2000-01-11T07:59:00","6","33.68","-117.86639","16.5","SANTA ANA JOHN WAYNE AIRPORT, CA US","SOD  ","KSNA ","V020","999,9,9,9999,9","99999,9,9,9","999999,9,9,9","+9999,9","+9999,9","99999,9","24,0000,9,6",,,,,,,,,,,,,,,,,,,"240,M,+0178,5","240,N,+0072,5",,,,,,,"10163,9,99999,4",,,"1,24,00492,240,1516,5","2,24,00447,200,1330,5","3,24,00112,999,9999,5","SOD54524 HR PRECIPITATION (IN): 0.00 24 HR MAX TEMP (F): 6424 HR MAX TEMP TIME (LST):1337 24 HR MIN TEMP (F): 4524 HR MIN TEMP TIME (LST):0719 AVERAGE STATION PRESSURE:30.01  PEAK WIND SPEED (MPH): 11 PEAK WIND DIR (DEG):240 PEAK WIND TIME (LST):1516  FASTEST 2MIN SPEED (MPH): 10FASTEST 2MIN DIR (DEG):200 FASTEST 2MIN TIME (LST):1330 AVERAGE WIND SPEED (MPH): 2.5 24 HR AVG TEMP (F):55 HOURLY INCREMENTAL PRECIPITATION VALUES (IN):.00  .00  .00  .00  .00  .00  .00  .00  .00  .00  .00  .00  .00  .00  .00  .00  .00  .00  .00  .00  .00  .00  .00  .00","R01  0.007AAP092"
"72297793184","2000-01-12T07:59:00","6","33.68","-117.86639","16.5","SANTA ANA JOHN WAYNE AIRPORT, CA US","SOD  ","KSNA ","V020","999,9,9,9999,9","99999,9,9,9","999999,9,9,9","+9999,9","+9999,9","99999,9","24,0000,9,6",,,,,,,,,,,,,,,,,,,"240,M,+0172,5","240,N,+0078,5",,,,,,,"10159,9,99999,4",,,"1,24,00492,260,1336,5","2,24,00402,230,1401,5","3,24,00188,999,9999,5","SOD54524 HR PRECIPITATION (IN): 0.00 24 HR MAX TEMP (F): 6324 HR MAX TEMP TIME (LST):1245 24 HR MIN TEMP (F): 4624 HR MIN TEMP TIME (LST):0236 AVERAGE STATION PRESSURE:30.00  PEAK WIND SPEED (MPH): 11 PEAK WIND DIR (DEG):260 PEAK WIND TIME (LST):1336  FASTEST 2MIN SPEED (MPH):  9FASTEST 2MIN DIR (DEG):230 FASTEST 2MIN TIME (LST):1401 AVERAGE WIND SPEED (MPH): 4.2 24 HR AVG TEMP (F):55 HOURLY INCREMENTAL PRECIPITATION VALUES (IN):.00  .00  .00  .00  .00  .00  .00  .00  .00  .00  .00  .00  .00  .00  .00  .00  .00  .00  .00  .00  .00  .00  .00  .00","R01  0.007AAP092"
"72297793184","2000-01-13T07:59:00","6","33.68","-117.86639","16.5","SANTA ANA JOHN WAYNE AIRPORT, CA US","SOD  ","KSNA ","V020","999,9,9,9999,9","99999,9,9,9","999999,9,9,9","+9999,9","+9999,9","99999,9","24,0000,9,6",,,,,,,,,,,,,,,,,,,"240,M,+0178,5","240,N,+0106,5",,,,,,,"10183,9,99999,4",,,"1,24,00581,240,1408,5","2,24,00402,230,1430,5","3,24,00156,999,9999,5","SOD54524 HR PRECIPITATION (IN): 0.00 24 HR MAX TEMP (F): 6424 HR MAX TEMP TIME (LST):1401 24 HR MIN TEMP (F): 5124 HR MIN TEMP TIME (LST):2352 AVERAGE STATION PRESSURE:30.07  PEAK WIND SPEED (MPH): 13 PEAK WIND DIR (DEG):240 PEAK WIND TIME (LST):1408  FASTEST 2MIN SPEED (MPH):  9FASTEST 2MIN DIR (DEG):230 FASTEST 2MIN TIME (LST):1430 AVERAGE WIND SPEED (MPH): 3.5 24 HR AVG TEMP (F):58 HOURLY INCREMENTAL PRECIPITATION VALUES (IN):.00  .00  .00  .00  .00  .00  .00  .00  .00  .00  .00  .00  .00  .00  .00  .00  .00  .00  .00  .00  .00  .00  .00  .00","R01  0.007AAP092"
"72297793184","2000-01-14T07:59:00","6","33.68","-117.86639","16.5","SANTA ANA JOHN WAYNE AIRPORT, CA US","SOD  ","KSNA ","V020","999,9,9,9999,9","99999,9,9,9","999999,9,9,9","+9999,9","+9999,9","99999,9","24,0003,9,5",,,,,,,,,,,,,,,,,,,"240,M,+0250,5","240,N,+0072,5",,,,,,,"10179,9,99999,4",,,"1,24,00358,270,1447,5","2,24,00313,240,1733,5","3,24,00067,999,9999,5","SOD54524 HR PRECIPITATION (IN): 0.01 24 HR MAX TEMP (F): 7724 HR MAX TEMP TIME (LST):1424 24 HR MIN TEMP (F): 4524 HR MIN TEMP TIME (LST):0642 AVERAGE STATION PRESSURE:30.06  PEAK WIND SPEED (MPH):  8 PEAK WIND DIR (DEG):270 PEAK WIND TIME (LST):1447  FASTEST 2MIN SPEED (MPH):  7FASTEST 2MIN DIR (DEG):240 FASTEST 2MIN TIME (LST):1733 AVERAGE WIND SPEED (MPH): 1.5 24 HR AVG TEMP (F):61 HOURLY INCREMENTAL PRECIPITATION VALUES (IN):.00  .00  .00  .01  .00  .00  .00  .00  .00  .00  .00  .00  .00  .00  .00  .00  .00  .00  .00  .00  .00  .00  .00  .00",
"72297793184","2000-01-15T07:59:00","6","33.68","-117.86639","16.5","SANTA ANA JOHN WAYNE AIRPORT, CA US","SOD  ","KSNA ","V020","999,9,9,9999,9","99999,9,9,9","999999,9,9,9","+9999,9","+9999,9","99999,9","24,0000,9,6",,,,,,,,,,,,,,,,,,,"240,M,+0267,5","240,N,+0094,5",,,,,,,"10152,9,99999,4",,,"1,24,00447,250,1543,5","2,24,00358,250,1614,5","3,24,00072,999,9999,5","SOD54524 HR PRECIPITATION (IN): 0.00 24 HR MAX TEMP (F): 8024 HR MAX TEMP TIME (LST):1500 24 HR MIN TEMP (F): 4924 HR MIN TEMP TIME (LST):0650 AVERAGE STATION PRESSURE:29.98  PEAK WIND SPEED (MPH): 10 PEAK WIND DIR (DEG):250 PEAK WIND TIME (LST):1543  FASTEST 2MIN SPEED (MPH):  8FASTEST 2MIN DIR (DEG):250 FASTEST 2MIN TIME (LST):1614 AVERAGE WIND SPEED (MPH): 1.6 24 HR AVG TEMP (F):65 HOURLY INCREMENTAL PRECIPITATION VALUES (IN):.00  .00  .00  .00  .00  .00  .00  .00  .00  .00  .00  .00  .00  .00  .00  .00  .00  .00  .00  .00  .00  .00  .00  .00","R01  0.007AAP092"
"72297793184","2000-01-16T07:59:00","6","33.68","-117.86639","16.5","SANTA ANA JOHN WAYNE AIRPORT, CA US","SOD  ","KSNA ","V020","999,9,9,9999,9","99999,9,9,9","999999,9,9,9","+9999,9","+9999,9","99999,9","24,0000,9,6",,,,,,,,,,,,,,,,,,,"240,M,+0261,5","240,N,+0117,5",,,,,,,"10129,9,99999,4",,,"1,24,00715,200,1239,5","2,24,00626,210,1323,5","3,24,00170,999,9999,5","SOD54524 HR PRECIPITATION (IN): 0.00 24 HR MAX TEMP (F): 7924 HR MAX TEMP TIME (LST):1151 24 HR MIN TEMP (F): 5324 HR MIN TEMP TIME (LST):0621 AVERAGE STATION PRESSURE:29.91  PEAK WIND SPEED (MPH): 16 PEAK WIND DIR (DEG):200 PEAK WIND TIME (LST):1239  FASTEST 2MIN SPEED (MPH): 14FASTEST 2MIN DIR (DEG):210 FASTEST 2MIN TIME (LST):1323 AVERAGE WIND SPEED (MPH): 3.8 24 HR AVG TEMP (F):66 HOURLY INCREMENTAL PRECIPITATION VALUES (IN):.00  .00  .00  .00  .00  .00  .00  .00  .00  .00  .00  .00  .00  .00  .00  .00  .00  .00  .00  .00  .00  .00  .00  .00","R01  0.007AAP092"
"72297793184","2000-01-17T07:59:00","6","33.68","-117.86639","16.5","SANTA ANA JOHN WAYNE AIRPORT, CA US","SOD  ","KSNA ","V020","999,9,9,9999,9","99999,9,9,9","999999,9,9,9","+9999,9","+9999,9","99999,9","24,0000,2,5",,,,,,,,,,,,,,,,,,,"240,M,+0167,5","240,N,+0139,5",,,,,,,"10169,9,99999,4",,,"1,24,00581,100,2143,5","2,24,00447,210,1038,5","3,24,00152,999,9999,5","SOD54524 HR PRECIPITATION (IN):  T   24 HR MAX TEMP (F): 6224 HR MAX TEMP TIME (LST):1231 24 HR MIN TEMP (F): 5724 HR MIN TEMP TIME (LST):0758 AVERAGE STATION PRESSURE:30.03  PEAK WIND SPEED (MPH): 13 PEAK WIND DIR (DEG):100 PEAK WIND TIME (LST):2143  FASTEST 2MIN SPEED (MPH): 10FASTEST 2MIN DIR (DEG):210 FASTEST 2MIN TIME (LST):1038 AVERAGE WIND SPEED (MPH): 3.4 24 HR AVG TEMP (F):60 HOURLY INCREMENTAL PRECIPITATION VALUES (IN):.00  .00  .00  .00  .00   T    T    T    T   .00   T    T    T    T   .00  .00  .00  .00  .00  .00  .00   T   .00  .00",
"72297793184","2000-01-18T07:59:00","6","33.68","-117.86639","16.5","SANTA ANA JOHN WAYNE AIRPORT, CA US","SOD  ","KSNA ","V020","999,9,9,9999,9","99999,9,9,9","999999,9,9,9","+9999,9","+9999,9","99999,9","24,0000,2,5",,,,,,,,,,,,,,,,,,,"240,M,+0211,5","240,N,+0139,5",,,,,,,"10166,9,99999,4",,,"1,24,00492,350,1717,5","2,24,00358,010,1719,5","3,24,00049,999,9999,5","SOD54524 HR PRECIPITATION (IN):  T   24 HR MAX TEMP (F): 7024 HR MAX TEMP TIME (LST):1722 24 HR MIN TEMP (F): 5724 HR MIN TEMP TIME (LST):0643 AVERAGE STATION PRESSURE:30.02  PEAK WIND SPEED (MPH): 11 PEAK WIND DIR (DEG):350 PEAK WIND TIME (LST):1717  FASTEST 2MIN SPEED (MPH):  8FASTEST 2MIN DIR (DEG):010 FASTEST 2MIN TIME (LST):1719 AVERAGE WIND SPEED (MPH): 1.1 24 HR AVG TEMP (F):64 HOURLY INCREMENTAL PRECIPITATION VALUES (IN):.00   T   .00   T    T    T    T    T   .00  .00  .00  .00  .00  .00   T    T   .00  .00  .00  .00  .00  .00  .00  .00",
"72297793184","2000-01-19T07:59:00","6","33.68","-117.86639","16.5","SANTA ANA JOHN WAYNE AIRPORT, CA US","SOD  ","KSNA ","V020","999,9,9,9999,9","99999,9,9,9","999999,9,9,9","+9999,9","+9999,9","99999,9","24,0000,9,6",,,,,,,,,,,,,,,,,,,"240,M,+0250,5","240,N,+0150,5",,,,,,,"10152,9,99999,4",,,"1,24,00671,260,1522,5","2,24,00581,260,1300,5","3,24,00130,999,9999,5","SOD52324 HR PRECIPITATION (IN): 0.00 24 HR MAX TEMP (F): 7724 HR MAX TEMP TIME (LST):1512 24 HR MIN TEMP (F): 5924 HR MIN TEMP TIME (LST):0401 AVERAGE STATION PRESSURE:29.98  PEAK WIND SPEED (MPH): 15 PEAK WIND DIR (DEG):260 PEAK WIND TIME (LST):1522  FASTEST 2MIN SPEED (MPH): 13FASTEST 2MIN DIR (DEG):260 FASTEST 2MIN TIME (LST):1300 AVERAGE WIND SPEED (MPH): 2.9 HOURLY INCREMENTAL PRECIPITATION VALUES (IN):.00  .00  .00  .00  .00  .00  .00  .00  .00  .00  .00  .00  .00  .00  .00  .00  .00  .00  .00  .00  .00  .00  .00  .00","R01  0.007AAP092"
"72297793184","2000-01-20T07:59:00","6","33.68","-117.86639","16.5","SANTA ANA JOHN WAYNE AIRPORT, CA US","SOD  ","KSNA ","V020","999,9,9,9999,9","99999,9,9,9","999999,9,9,9","+9999,9","+9999,9","99999,9","24,0000,9,6",,,,,,,,,,,,,,,,,,,"240,M,+0233,5","240,N,+0128,5",,,,,,,"10163,9,99999,4",,,"1,24,00671,270,1510,5","2,24,00492,270,1527,5","3,24,00156,999,9999,5","SOD54524 HR PRECIPITATION (IN): 0.00 24 HR MAX TEMP (F): 7424 HR MAX TEMP TIME (LST):1246 24 HR MIN TEMP (F): 5524 HR MIN TEMP TIME (LST):0524 AVERAGE STATION PRESSURE:30.01  PEAK WIND SPEED (MPH): 15 PEAK WIND DIR (DEG):270 PEAK WIND TIME (LST):1510  FASTEST 2MIN SPEED (MPH): 11FASTEST 2MIN DIR (DEG):270 FASTEST 2MIN TIME (LST):1527 AVERAGE WIND SPEED (MPH): 3.5 24 HR AVG TEMP (F):65 HOURLY INCREMENTAL PRECIPITATION VALUES (IN):.00  .00  .00  .00  .00  .00  .00  .00  .00  .00  .00  .00  .00  .00  .00  .00  .00  .00  .00  .00  .00  .00  .00  .00","R01  0.007AAP092"
"72297793184","2000-01-21T07:59:00","6","33.68","-117.86639","16.5","SANTA ANA JOHN WAYNE AIRPORT, CA US","SOD  ","KSNA ","V020","999,9,9,9999,9","99999,9,9,9","999999,9,9,9","+9999,9","+9999,9","99999,9","24,0000,9,6",,,,,,,,,,,,,,,,,,,"240,M,+0200,5","240,N,+0139,5",,,,,,,"10159,9,99999,4",,,"1,24,00715,220,1445,5","2,24,00581,220,1446,5","3,24,00224,999,9999,5","SOD54524 HR PRECIPITATION (IN): 0.00 24 HR MAX TEMP (F): 6824 HR MAX TEMP TIME (LST):1342 24 HR MIN TEMP (F): 5724 HR MIN TEMP TIME (LST):0706 AVERAGE STATION PRESSURE:30.00  PEAK WIND SPEED (MPH): 16 PEAK WIND DIR (DEG):220 PEAK WIND TIME (LST):1445  FASTEST 2MIN SPEED (MPH): 13FASTEST 2MIN DIR (DEG):220 FASTEST 2MIN TIME (LST):1446 AVERAGE WIND SPEED (MPH): 5.0 24 HR AVG TEMP (F):63 HOURLY INCREMENTAL PRECIPITATION VALUES (IN):.00  .00  .00  .00  .00  .00  .00  .00  .00  .00  .00  .00  .00  .00  .00  .00  .00  .00  .00  .00  .00  .00  .00  .00","R01  0.007AAP092"
"72297793184","2000-01-22T07:59:00","6","33.68","-117.86639","16.5","SANTA ANA JOHN WAYNE AIRPORT, CA US","SOD  ","KSNA ","V020","999,9,9,9999,9","99999,9,9,9","999999,9,9,9","+9999,9","+9999,9","99999,9","24,0000,9,6",,,,,,,,,,,,,,,,,,,"240,M,+0172,5","240,N,+0122,5",,,,,,,"10156,9,99999,4",,,"1,24,00715,200,1346,5","2,24,00492,200,1538,5","3,24,00219,999,9999,5","SOD54524 HR PRECIPITATION (IN): 0.00 24 HR MAX TEMP (F): 6324 HR MAX TEMP TIME (LST):1309 24 HR MIN TEMP (F): 5424 HR MIN TEMP TIME (LST):2352 AVERAGE STATION PRESSURE:29.99  PEAK WIND SPEED (MPH): 16 PEAK WIND DIR (DEG):200 PEAK WIND TIME (LST):1346  FASTEST 2MIN SPEED (MPH): 11FASTEST 2MIN DIR (DEG):200 FASTEST 2MIN TIME (LST):1538 AVERAGE WIND SPEED (MPH): 4.9 24 HR AVG TEMP (F):59 HOURLY INCREMENTAL PRECIPITATION VALUES (IN):.00  .00  .00  .00  .00  .00  .00  .00  .00  .00  .00  .00  .00  .00  .00  .00  .00  .00  .00  .00  .00  .00  .00  .00","R01  0.007AAP092"
"72297793184","2000-01-23T07:59:00","6","33.68","-117.86639","16.5","SANTA ANA JOHN WAYNE AIRPORT, CA US","SOD  ","KSNA ","V020","999,9,9,9999,9","99999,9,9,9","999999,9,9,9","+9999,9","+9999,9","99999,9","24,0000,9,6",,,,,,,,,,,,,,,,,,,"240,M,+0172,5","240,N,+0111,5",,,,,,,"10152,9,99999,4",,,"1,24,00581,200,1241,5","2,24,00447,200,1241,5","3,24,00121,999,9999,5","SOD54524 HR PRECIPITATION (IN): 0.00 24 HR MAX TEMP (F): 6324 HR MAX TEMP TIME (LST):1215 24 HR MIN TEMP (F): 5224 HR MIN TEMP TIME (LST):0652 AVERAGE STATION PRESSURE:29.98  PEAK WIND SPEED (MPH): 13 PEAK WIND DIR (DEG):200 PEAK WIND TIME (LST):1241  FASTEST 2MIN SPEED (MPH): 10FASTEST 2MIN DIR (DEG):200 FASTEST 2MIN TIME (LST):1241 AVERAGE WIND SPEED (MPH): 2.7 24 HR AVG TEMP (F):58 HOURLY INCREMENTAL PRECIPITATION VALUES (IN):.00  .00  .00  .00  .00  .00  .00  .00  .00  .00  .00  .00  .00  .00  .00  .00  .00  .00  .00  .00  .00  .00  .00  .00","R01  0.007AAP092"
"72297793184","2000-01-24T07:59:00","6","33.68","-117.86639","16.5","SANTA ANA JOHN WAYNE AIRPORT, CA US","SOD  ","KSNA ","V020","999,9,9,9999,9","99999,9,9,9","999999,9,9,9","+9999,9","+9999,9","99999,9","24,0000,2,5",,,,,,,,,,,,,,,,,,,"240,M,+0194,5","240,N,+0094,5",,,,,,,"10159,9,99999,4",,,"1,24,00671,270,1400,5","2,24,00492,260,1404,5","3,24,00098,999,9999,5","SOD54524 HR PRECIPITATION (IN):  T   24 HR MAX TEMP (F): 6724 HR MAX TEMP TIME (LST):1400 24 HR MIN TEMP (F): 4924 HR MIN TEMP TIME (LST):0716 AVERAGE STATION PRESSURE:30.00  PEAK WIND SPEED (MPH): 15 PEAK WIND DIR (DEG):270 PEAK WIND TIME (LST):1400  FASTEST 2MIN SPEED (MPH): 11FASTEST 2MIN DIR (DEG):260 FASTEST 2MIN TIME (LST):1404 AVERAGE WIND SPEED (MPH): 2.2 24 HR AVG TEMP (F):58 HOURLY INCREMENTAL PRECIPITATION VALUES (IN):.00  .00  .00  .00  .00  .00  .00  .00  .00  .00  .00  .00  .00  .00  .00   T    T    T   .00  .00  .00  .00  .00  .00",
"72297793184","2000-01-25T07:59:00","6","33.68","-117.86639","16.5","SANTA ANA JOHN WAYNE AIRPORT, CA US","SOD  ","KSNA ","V020","999,9,9,9999,9","99999,9,9,9","999999,9,9,9","+9999,9","+9999,9","99999,9","24,0000,2,5",,,,,,,,,,,,,,,,,,,"240,M,+0244,5","240,N,+0139,5",,,,,,,"10149,9,99999,4",,,"1,24,00492,250,1609,5","2,24,00402,250,1612,5","3,24,00067,999,9999,5","SOD54424 HR PRECIPITATION (IN):  T   24 HR MAX TEMP (F): 7624 HR MAX TEMP TIME (LST):1422 24 HR MIN TEMP (F): 5724 HR MIN TEMP TIME (LST):0712 AVERAGE STATION PRESSURE:29.97  PEAK WIND SPEED (MPH): 11 PEAK WIND DIR (DEG):250 PEAK WIND TIME (LST):1609  FASTEST 2MIN SPEED (MPH):  9FASTEST 2MIN DIR (DEG):250 FASTEST 2MIN TIME (LST):1612 AVERAGE WIND SPEED (MPH): 1.5 24 HR AVG TEMP (F):67 HOURLY INCREMENTAL PRECIPITATION VALUES (IN):.00  .00  .00  .00  .00  .00  .00  .00  .00  .00  .00  .00  .00  .00  .00  .00  .00  .00  .00  .00   T    T    T    T",
"72297793184","2000-01-26T07:59:00","6","33.68","-117.86639","16.5","SANTA ANA JOHN WAYNE AIRPORT, CA US","SOD  ","KSNA ","V020","999,9,9,9999,9","99999,9,9,9","999999,9,9,9","+9999,9","+9999,9","99999,9","24,0112,9,5",,,,,,,,,,,,,,,,,,,"240,M,+0183,5","240,N,+0144,5",,,,,,,"10132,9,99999,4",,,"1,24,00626,110,1058,5","2,24,00402,070,1433,5","3,24,00165,999,9999,5","SOD54524 HR PRECIPITATION (IN): 0.44 24 HR MAX TEMP (F): 6524 HR MAX TEMP TIME (LST):0054 24 HR MIN TEMP (F): 5824 HR MIN TEMP TIME (LST):2352 AVERAGE STATION PRESSURE:29.92  PEAK WIND SPEED (MPH): 14 PEAK WIND DIR (DEG):110 PEAK WIND TIME (LST):1058  FASTEST 2MIN SPEED (MPH):  9FASTEST 2MIN DIR (DEG):070 FASTEST 2MIN TIME (LST):1433 AVERAGE WIND SPEED (MPH): 3.7 24 HR AVG TEMP (F):62 HOURLY INCREMENTAL PRECIPITATION VALUES (IN): T   .00  .00   T    T    T   .06  .06  .08  .05   T   .02  .05   T   .00  .00  .00  .00  .02  .02  .00  .01  .07  .00",
"72297793184","2000-01-27T07:59:00","6","33.68","-117.86639","16.5","SANTA ANA JOHN WAYNE AIRPORT, CA US","SOD  ","KSNA ","V020","999,9,9,9999,9","99999,9,9,9","999999,9,9,9","+9999,9","+9999,9","99999,9","24,0000,9,6",,,,,,,,,,,,,,,,,,,"240,M,+0189,5","240,N,+0106,5",,,,,,,"10146,9,99999,4",,,"1,24,00760,270,1434,5","2,24,00626,250,1402,5","3,24,00197,999,9999,5","SOD54524 HR PRECIPITATION (IN): 0.00 24 HR MAX TEMP (F): 6624 HR MAX TEMP TIME (LST):1329 24 HR MIN TEMP (F): 5124 HR MIN TEMP TIME (LST):0656 AVERAGE STATION PRESSURE:29.96  PEAK WIND SPEED (MPH): 17 PEAK WIND DIR (DEG):270 PEAK WIND TIME (LST):1434  FASTEST 2MIN SPEED (MPH): 14FASTEST 2MIN DIR (DEG):250 FASTEST 2MIN TIME (LST):1402 AVERAGE WIND SPEED (MPH): 4.4 24 HR AVG TEMP (F):59 HOURLY INCREMENTAL PRECIPITATION VALUES (IN):.00  .00  .00  .00  .00  .00  .00  .00  .00  .00  .00  .00  .00   T   .00  .00  .00  .00  .00  .00  .00  .00  .00  .00","R01  0.007AAP092"
"72297793184","2000-01-28T07:59:00","6","33.68","-117.86639","16.5","SANTA ANA JOHN WAYNE AIRPORT, CA US","SOD  ","KSNA ","V020","999,9,9,9999,9","99999,9,9,9","999999,9,9,9","+9999,9","+9999,9","99999,9","24,0000,9,6",,,,,,,,,,,,,,,,,,,"240,M,+0189,5","240,N,+0078,5",,,,,,,"10166,9,99999,4",,,"1,24,00671,220,1728,5","2,24,00402,190,1554,5","3,24,00125,999,9999,5","SOD54524 HR PRECIPITATION (IN): 0.00 24 HR MAX TEMP (F): 6624 HR MAX TEMP TIME (LST):1326 24 HR MIN TEMP (F): 4624 HR MIN TEMP TIME (LST):0651 AVERAGE STATION PRESSURE:30.02  PEAK WIND SPEED (MPH): 15 PEAK WIND DIR (DEG):220 PEAK WIND TIME (LST):1728  FASTEST 2MIN SPEED (MPH):  9FASTEST 2MIN DIR (DEG):190 FASTEST 2MIN TIME (LST):1554 AVERAGE WIND SPEED (MPH): 2.8 24 HR AVG TEMP (F):56 HOURLY INCREMENTAL PRECIPITATION VALUES (IN):.00  .00  .00  .00  .00  .00  .00  .00  .00  .00  .00  .00  .00  .00  .00  .00  .00  .00  .00  .00  .00  .00  .00  .00","R01  0.007AAP092"
"72297793184","2000-01-29T07:59:00","6","33.68","-117.86639","16.5","SANTA ANA JOHN WAYNE AIRPORT, CA US","SOD  ","KSNA ","V020","999,9,9,9999,9","99999,9,9,9","999999,9,9,9","+9999,9","+9999,9","99999,9","24,0000,9,6",,,,,,,,,,,,,,,,,,,"240,M,+0183,5","240,N,+0089,5",,,,,,,"10159,9,99999,4",,,"1,24,00581,220,1458,5","2,24,00447,220,1511,5","3,24,00130,999,9999,5","SOD54524 HR PRECIPITATION (IN): 0.00 24 HR MAX TEMP (F): 6524 HR MAX TEMP TIME (LST):1342 24 HR MIN TEMP (F): 4824 HR MIN TEMP TIME (LST):0551 AVERAGE STATION PRESSURE:30.00  PEAK WIND SPEED (MPH): 13 PEAK WIND DIR (DEG):220 PEAK WIND TIME (LST):1458  FASTEST 2MIN SPEED (MPH): 10FASTEST 2MIN DIR (DEG):220 FASTEST 2MIN TIME (LST):1511 AVERAGE WIND SPEED (MPH): 2.9 24 HR AVG TEMP (F):57 HOURLY INCREMENTAL PRECIPITATION VALUES (IN):.00  .00  .00  .00  .00  .00  .00  .00  .00  .00  .00  .00  .00  .00  .00  .00  .00  .00  .00  .00  .00  .00  .00  .00","R01  0.007AAP092"
"72297793184","2000-01-30T07:59:00","6","33.68","-117.86639","16.5","SANTA ANA JOHN WAYNE AIRPORT, CA US","SOD  ","KSNA ","V020","999,9,9,9999,9","99999,9,9,9","999999,9,9,9","+9999,9","+9999,9","99999,9","24,0003,9,5",,,,,,,,,,,,,,,,,,,"240,M,+0172,5","240,N,+0100,5",,,,,,,"10156,9,99999,4",,,"1,24,00671,200,1431,5","2,24,00581,210,1433,5","3,24,00170,999,9999,5","SOD54524 HR PRECIPITATION (IN): 0.01 24 HR MAX TEMP (F): 6324 HR MAX TEMP TIME (LST):1400 24 HR MIN TEMP (F): 5024 HR MIN TEMP TIME (LST):0819 AVERAGE STATION PRESSURE:29.99  PEAK WIND SPEED (MPH): 15 PEAK WIND DIR (DEG):200 PEAK WIND TIME (LST):1431  FASTEST 2MIN SPEED (MPH): 13FASTEST 2MIN DIR (DEG):210 FASTEST 2MIN TIME (LST):1433 AVERAGE WIND SPEED (MPH): 3.8 24 HR AVG TEMP (F):57 HOURLY INCREMENTAL PRECIPITATION VALUES (IN):.00  .00  .00  .00  .00  .00  .00  .00  .00  .00  .00  .00  .00  .00  .00  .00  .00  .00   T    T   .00   T    T   .01",
"72297793184","2000-01-31T07:59:00","6","33.68","-117.86639","16.5","SANTA ANA JOHN WAYNE AIRPORT, CA US","SOD  ","KSNA ","V020","999,9,9,9999,9","99999,9,9,9","999999,9,9,9","+9999,9","+9999,9","99999,9","24,0025,9,5",,,,,,,,,,,,,,,,,,,"240,M,+0172,5","240,N,+0117,5",,,,,,,"10179,9,99999,4",,,"1,24,00671,200,1658,5","2,24,00492,210,1708,5","3,24,00188,999,9999,5","SOD54424 HR PRECIPITATION (IN): 0.10 24 HR MAX TEMP (F): 6324 HR MAX TEMP TIME (LST):1308 24 HR MIN TEMP (F): 5324 HR MIN TEMP TIME (LST):0704 AVERAGE STATION PRESSURE:30.06  PEAK WIND SPEED (MPH): 15 PEAK WIND DIR (DEG):200 PEAK WIND TIME (LST):1658  FASTEST 2MIN SPEED (MPH): 11FASTEST 2MIN DIR (DEG):210 FASTEST 2MIN TIME (LST):1708 AVERAGE WIND SPEED (MPH): 4.2 24 HR AVG TEMP (F):58 HOURLY INCREMENTAL PRECIPITATION VALUES (IN):.00  .00  .00  .00  .00  .00  .00  .00  .00   T    T   .00  .00  .00   T    T   .00  .00   T    T    T   .03  .06   T",
"72297793184","2000-02-01T07:59:00","6","33.68","-117.86639","16.5","SANTA ANA JOHN WAYNE AIRPORT, CA US","SOD  ","KSNA ","V020","999,9,9,9999,9","99999,9,9,9","999999,9,9,9","+9999,9","+9999,9","99999,9","24,0008,9,5",,,,,,,,,,,,,,,,,,,"240,M,+0172,5","240,N,+0111,5",,,,,,,"10190,9,99999,4",,,"1,24,00626,190,1525,5","2,24,00492,220,1523,5","3,24,00201,999,9999,5","SOD54524 HR PRECIPITATION (IN): 0.03 24 HR MAX TEMP (F): 6324 HR MAX TEMP TIME (LST):1401 24 HR MIN TEMP (F): 5224 HR MIN TEMP TIME (LST):2348 AVERAGE STATION PRESSURE:30.09  PEAK WIND SPEED (MPH): 14 PEAK WIND DIR (DEG):190 PEAK WIND TIME (LST):1525  FASTEST 2MIN SPEED (MPH): 11FASTEST 2MIN DIR (DEG):220 FASTEST 2MIN TIME (LST):1523 AVERAGE WIND SPEED (MPH): 4.5 24 HR AVG TEMP (F):58 HOURLY INCREMENTAL PRECIPITATION VALUES (IN):.03   T   .01   T   .00  .00  .00  .00  .00  .00  .00  .00  .00  .00  .00  .00  .00  .00  .00  .00  .00  .00  .00  .00",
"72297793184","2000-02-01T07:59:00","6","33.68","-117.86639","16.5","SANTA ANA JOHN WAYNE AIRPORT, CA US","SOM  ","KSNA ","V020","999,9,9,9999,9","99999,9,9,9","999999,9,9,9","+9999,9","+9999,9","99999,9",,"00157,9,6","00112,9,2525,9999,9999,6","00,5,00,5,99,9,00,5",,,,,,,,,,,,,,,,,,"744,N,+0967,5","744,M,+1972,5","744,A,+1472,5","744,H,0200,7","744,C,0006,6","00,5,00,5,00,5,00,5",,"10166,4,10203,4","10284,999999,5,10142,150608,5",,,,"SOM441PCP MTOT: 0.62 DEPNRM: 0.00 PCP GT 24HRS: 0.44 DATE(S):25 DAYS W/PCP >=.01: 0 DAYS W/PCP >=.10: 0 DAYS W/PCP >=1.00:  SN GT DP ON GRND:0 DATE(S):0  AVG DLY MIN: 49.4 AVG DLY MAX: 67.5 AVG MLY TMP: 58.5 DAYS MAX <=32:  DAYS MAX >=70: 0 DAYS MAX >=90: 0 DAYS MIN <=32: 0 DAYS MIN  <=0: 0 AVG STP:30.02  AVG SLP:30.13  LWST SLP:29.95 DATE/TIME:150608 HGST SLP:30.37 DATE/TIME: 32259 HDD MTH TOT: 200 DEP NORM:-255 CDD MTH TOT:   6 DEP NORM:-255","R01  0.627ABP070R02  0.447ADP081R03   2007KDH015R04     67KDC058"
"72297793184","2000-02-02T07:59:00","6","33.68","-117.86639","16.5","SANTA ANA JOHN WAYNE AIRPORT, CA US","SOD  ","KSNA ","V020","999,9,9,9999,9","99999,9,9,9","999999,9,9,9","+9999,9","+9999,9","99999,9","24,0000,9,5",,,,,,,,,,,,,,,,,,,"240,M,+0228,5","240,N,+0083,6",,,,,,,"10196,9,99999,4",,,"1,24,00581,220,1331,5","2,24,00447,210,1326,5","3,24,00148,999,9999,5","SOD54524 HR PRECIPITATION (IN): 0.00 24 HR MAX TEMP (F): 7324 HR MAX TEMP TIME (LST):1552 24 HR MIN TEMP (F): 4724 HR MIN TEMP TIME (LST):0657 AVERAGE STATION PRESSURE:30.11  PEAK WIND SPEED (MPH): 13 PEAK WIND DIR (DEG):220 PEAK WIND TIME (LST):1331  FASTEST 2MIN SPEED (MPH): 10FASTEST 2MIN DIR (DEG):210 FASTEST 2MIN TIME (LST):1326 AVERAGE WIND SPEED (MPH): 3.3 24 HR AVG TEMP (F):60 HOURLY INCREMENTAL PRECIPITATION VALUES (IN):.00  .00  .00  .00  .00  .00  .00  .00  .00  .00  .00  .00  .00  .00  .00  .00  .00  .00  .00  .00  .00  .00  .00  .00","R01    477KAN014"
"72297793184","2000-02-03T07:59:00","6","33.68","-117.86639","16.5","SANTA ANA JOHN WAYNE AIRPORT, CA US","SOD  ","KSNA ","V020","999,9,9,9999,9","99999,9,9,9","999999,9,9,9","+9999,9","+9999,9","99999,9","24,0000,9,5",,,,,,,,,,,,,,,,,,,"240,M,+0250,5","240,N,+0089,5",,,,,,,"10179,9,99999,4",,,"1,24,00715,200,1304,5","2,24,00626,210,1307,5","3,24,00143,999,9999,5","SOD54524 HR PRECIPITATION (IN): 0.00 24 HR MAX TEMP (F): 7724 HR MAX TEMP TIME (LST):1248 24 HR MIN TEMP (F): 4824 HR MIN TEMP TIME (LST):0554 AVERAGE STATION PRESSURE:30.06  PEAK WIND SPEED (MPH): 16 PEAK WIND DIR (DEG):200 PEAK WIND TIME (LST):1304  FASTEST 2MIN SPEED (MPH): 14FASTEST 2MIN DIR (DEG):210 FASTEST 2MIN TIME (LST):1307 AVERAGE WIND SPEED (MPH): 3.2 24 HR AVG TEMP (F):63 HOURLY INCREMENTAL PRECIPITATION VALUES (IN):.00  .00  .00  .00  .00  .00  .00  .00  .00  .00  .00  .00  .00  .00  .00  .00  .00  .00  .00  .00  .00  .00  .00  .00",
"72297793184","2000-02-04T07:59:00","6","33.68","-117.86639","16.5","SANTA ANA JOHN WAYNE AIRPORT, CA US","SOD  ","KSNA ","V020","999,9,9,9999,9","99999,9,9,9","999999,9,9,9","+9999,9","+9999,9","99999,9","24,0000,9,5",,,,,,,,,,,,,,,,,,,"240,M,+0239,5","240,N,+0089,5",,,,,,,"10159,9,99999,4",,,"1,24,00715,200,1508,5","2,24,00671,200,1211,5","3,24,00192,999,9999,5","SOD54524 HR PRECIPITATION (IN): 0.00 24 HR MAX TEMP (F): 7524 HR MAX TEMP TIME (LST):1105 24 HR MIN TEMP (F): 4824 HR MIN TEMP TIME (LST):0459 AVERAGE STATION PRESSURE:30.00  PEAK WIND SPEED (MPH): 16 PEAK WIND DIR (DEG):200 PEAK WIND TIME (LST):1508  FASTEST 2MIN SPEED (MPH): 15FASTEST 2MIN DIR (DEG):200 FASTEST 2MIN TIME (LST):1211 AVERAGE WIND SPEED (MPH): 4.3 24 HR AVG TEMP (F):62 HOURLY INCREMENTAL PRECIPITATION VALUES (IN):.00  .00  .00  .00  .00  .00  .00  .00  .00  .00  .00  .00  .00  .00  .00  .00  .00  .00  .00  .00  .00  .00  .00  .00",
"72297793184","2000-02-05T07:59:00","6","33.68","-117.86639","16.5","SANTA ANA JOHN WAYNE AIRPORT, CA US","SOD  ","KSNA ","V020","999,9,9,9999,9","99999,9,9,9","999999,9,9,9","+9999,9","+9999,9","99999,9","24,0000,9,5",,,,,,,,,,,,,,,,,,,"240,M,+0183,5","240,N,+0106,5",,,,,,,"10159,9,99999,4",,,"1,24,00715,130,0722,5","2,24,00447,220,1240,5","3,24,00134,999,9999,5","SOD54524 HR PRECIPITATION (IN): 0.00 24 HR MAX TEMP (F): 6524 HR MAX TEMP TIME (LST):1201 24 HR MIN TEMP (F): 5124 HR MIN TEMP TIME (LST):0227 AVERAGE STATION PRESSURE:30.00  PEAK WIND SPEED (MPH): 16 PEAK WIND DIR (DEG):130 PEAK WIND TIME (LST):0722  FASTEST 2MIN SPEED (MPH): 10FASTEST 2MIN DIR (DEG):220 FASTEST 2MIN TIME (LST):1240 AVERAGE WIND SPEED (MPH): 3.0 24 HR AVG TEMP (F):58 HOURLY INCREMENTAL PRECIPITATION VALUES (IN):.00  .00  .00  .00  .00  .00  .00  .00  .00  .00  .00  .00  .00  .00  .00  .00  .00  .00  .00  .00  .00  .00  .00  .00",
"72297793184","2000-02-06T07:59:00","6","33.68","-117.86639","16.5","SANTA ANA JOHN WAYNE AIRPORT, CA US","SOD  ","KSNA ","V020","999,9,9,9999,9","99999,9,9,9","999999,9,9,9","+9999,9","+9999,9","99999,9","24,0005,9,5",,,,,,,,,,,,,,,,,,,"240,M,+0189,5","240,N,+0122,5",,,,,,,"10169,9,99999,4",,,"1,24,00671,240,1612,5","2,24,00581,210,1255,5","3,24,00161,999,9999,5","SOD54524 HR PRECIPITATION (IN): 0.02 24 HR MAX TEMP (F): 6624 HR MAX TEMP TIME (LST):1357 24 HR MIN TEMP (F): 5424 HR MIN TEMP TIME (LST):2352 AVERAGE STATION PRESSURE:30.03  PEAK WIND SPEED (MPH): 15 PEAK WIND DIR (DEG):240 PEAK WIND TIME (LST):1612  FASTEST 2MIN SPEED (MPH): 13FASTEST 2MIN DIR (DEG):210 FASTEST 2MIN TIME (LST):1255 AVERAGE WIND SPEED (MPH): 3.6 24 HR AVG TEMP (F):60 HOURLY INCREMENTAL PRECIPITATION VALUES (IN):.00  .00  .00  .00  .01  .01  .00  .00  .00  .00  .00  .00  .00  .00  .00  .00  .00  .00  .00  .00  .00  .00  .00  .00",
"72297793184","2000-02-07T07:59:00","6","33.68","-117.86639","16.5","SANTA ANA JOHN WAYNE AIRPORT, CA US","SOD  ","KSNA ","V020","999,9,9,9999,9","99999,9,9,9","999999,9,9,9","+9999,9","+9999,9","99999,9","24,0003,9,5",,,,,,,,,,,,,,,,,,,"240,M,+0239,5","240,N,+0089,5",,,,,,,"10186,9,99999,4",,,"1,24,00715,260,1447,5","2,24,00581,240,1454,5","3,24,00125,999,9999,5","SOD54524 HR PRECIPITATION (IN): 0.01 24 HR MAX TEMP (F): 7524 HR MAX TEMP TIME (LST):1416 24 HR MIN TEMP (F): 4824 HR MIN TEMP TIME (LST):0719 AVERAGE STATION PRESSURE:30.08  PEAK WIND SPEED (MPH): 16 PEAK WIND DIR (DEG):260 PEAK WIND TIME (LST):1447  FASTEST 2MIN SPEED (MPH): 13FASTEST 2MIN DIR (DEG):240 FASTEST 2MIN TIME (LST):1454 AVERAGE WIND SPEED (MPH): 2.8 24 HR AVG TEMP (F):62 HOURLY INCREMENTAL PRECIPITATION VALUES (IN):.00  .00  .00  .00  .00  .00  .00  .01  .00  .00  .00  .00  .00  .00  .00  .00  .00  .00  .00  .00  .00  .00  .00  .00",
"72297793184","2000-02-08T07:59:00","6","33.68","-117.86639","16.5","SANTA ANA JOHN WAYNE AIRPORT, CA US","SOD  ","KSNA ","V020","999,9,9,9999,9","99999,9,9,9","999999,9,9,9","+9999,9","+9999,9","99999,9","24,0000,9,6",,,,,,,,,,,,,,,,,,,"240,M,+0250,5","240,N,+0094,5",,,,,,,"10196,9,99999,4",,,"1,24,00715,210,2234,5","2,24,00626,220,2234,5","3,24,00139,999,9999,5","SOD54524 HR PRECIPITATION (IN): 0.00 24 HR MAX TEMP (F): 7724 HR MAX TEMP TIME (LST):1401 24 HR MIN TEMP (F): 4924 HR MIN TEMP TIME (LST):0652 AVERAGE STATION PRESSURE:30.11  PEAK WIND SPEED (MPH): 16 PEAK WIND DIR (DEG):210 PEAK WIND TIME (LST):2234  FASTEST 2MIN SPEED (MPH): 14FASTEST 2MIN DIR (DEG):220 FASTEST 2MIN TIME (LST):2234 AVERAGE WIND SPEED (MPH): 3.1 24 HR AVG TEMP (F):63 HOURLY INCREMENTAL PRECIPITATION VALUES (IN):.00  .00  .00  .00  .00  .00  .00  .00  .00  .00  .00  .00  .00  .00  .00  .00  .00  .00  .00  .00  .00  .00  .00  .00","R01  0.007AAP092"
"72297793184","2000-02-09T07:59:00","6","33.68","-117.86639","16.5","SANTA ANA JOHN WAYNE AIRPORT, CA US","SOD  ","KSNA ","V020","999,9,9,9999,9","99999,9,9,9","999999,9,9,9","+9999,9","+9999,9","99999,9","24,0000,9,6",,,,,,,,,,,,,,,,,,,"240,M,+0200,5","240,N,+0122,5",,,,,,,"10169,9,99999,4",,,"1,24,00715,090,1316,5","2,24,00626,180,0934,5","3,24,00161,999,9999,5","SOD54524 HR PRECIPITATION (IN): 0.00 24 HR MAX TEMP (F): 6824 HR MAX TEMP TIME (LST):1508 24 HR MIN TEMP (F): 5424 HR MIN TEMP TIME (LST):0214 AVERAGE STATION PRESSURE:30.03  PEAK WIND SPEED (MPH): 16 PEAK WIND DIR (DEG):090 PEAK WIND TIME (LST):1316  FASTEST 2MIN SPEED (MPH): 14FASTEST 2MIN DIR (DEG):180 FASTEST 2MIN TIME (LST):0934 AVERAGE WIND SPEED (MPH): 3.6 24 HR AVG TEMP (F):61 HOURLY INCREMENTAL PRECIPITATION VALUES (IN):.00  .00  .00  .00  .00  .00  .00  .00  .00  .00  .00  .00  .00  .00  .00  .00  .00  .00  .00  .00  .00  .00  .00  .00","R01  0.007AAP092"
"72297793184","2000-02-10T07:59:00","6","33.68","-117.86639","16.5","SANTA ANA JOHN WAYNE AIRPORT, CA US","SOD  ","KSNA ","V020","999,9,9,9999,9","99999,9,9,9","999999,9,9,9","+9999,9","+9999,9","99999,9","24,0000,9,6",,,,,,,,,,,,,,,,,,,"240,M,+0183,5","240,N,+0100,5",,,,,,,"10152,9,99999,4",,,"1,24,00760,220,1415,5","2,24,00581,220,1430,5","3,24,00170,999,9999,5","SOD54524 HR PRECIPITATION (IN): 0.00 24 HR MAX TEMP (F): 6524 HR MAX TEMP TIME (LST):1345 24 HR MIN TEMP (F): 5024 HR MIN TEMP TIME (LST):0609 AVERAGE STATION PRESSURE:29.98  PEAK WIND SPEED (MPH): 17 PEAK WIND DIR (DEG):220 PEAK WIND TIME (LST):1415  FASTEST 2MIN SPEED (MPH): 13FASTEST 2MIN DIR (DEG):220 FASTEST 2MIN TIME (LST):1430 AVERAGE WIND SPEED (MPH): 3.8 24 HR AVG TEMP (F):58 HOURLY INCREMENTAL PRECIPITATION VALUES (IN):.00  .00  .00  .00  .00  .00  .00  .00  .00  .00  .00  .00  .00  .00  .00  .00  .00  .00  .00  .00  .00  .00  .00  .00","R01  0.007AAP092"
"72297793184","2000-02-11T07:59:00","6","33.68","-117.86639","16.5","SANTA ANA JOHN WAYNE AIRPORT, CA US","SOD  ","KSNA ","V020","999,9,9,9999,9","99999,9,9,9","999999,9,9,9","+9999,9","+9999,9","99999,9","24,0043,9,5",,,,,,,,,,,,,,,,,,,"240,M,+0167,5","240,N,+0122,5",,,,,,,"10146,9,99999,4",,,"1,24,01296,190,1500,5","2,24,00983,200,1501,5","3,24,00313,999,9999,5","SOD54524 HR PRECIPITATION (IN): 0.17 24 HR MAX TEMP (F): 6224 HR MAX TEMP TIME (LST):1257 24 HR MIN TEMP (F): 5424 HR MIN TEMP TIME (LST):2352 AVERAGE STATION PRESSURE:29.96  PEAK WIND SPEED (MPH): 29 PEAK WIND DIR (DEG):190 PEAK WIND TIME (LST):1500  FASTEST 2MIN SPEED (MPH): 22FASTEST 2MIN DIR (DEG):200 FASTEST 2MIN TIME (LST):1501 AVERAGE WIND SPEED (MPH): 7.0 24 HR AVG TEMP (F):58 HOURLY INCREMENTAL PRECIPITATION VALUES (IN):.01  .01   T   .00  .00  .00  .00  .00   T   .02   T   .00  .00   T   .01  .03  .02  .02  .00  .00  .00  .00  .00  .05",
"72297793184","2000-02-12T07:59:00","6","33.68","-117.86639","16.5","SANTA ANA JOHN WAYNE AIRPORT, CA US","SOD  ","KSNA ","V020","999,9,9,9999,9","99999,9,9,9","999999,9,9,9","+9999,9","+9999,9","99999,9","24,0013,9,5",,,,,,,,,,,,,,,,,,,"240,M,+0167,5","240,N,+0100,5",,,,,,,"10163,9,99999,4",,,"1,24,00715,190,1536,5","2,24,00626,190,1537,5","3,24,00219,999,9999,5","SOD54524 HR PRECIPITATION (IN): 0.05 24 HR MAX TEMP (F): 6224 HR MAX TEMP TIME (LST):1359 24 HR MIN TEMP (F): 5024 HR MIN TEMP TIME (LST):0532 AVERAGE STATION PRESSURE:30.01  PEAK WIND SPEED (MPH): 16 PEAK WIND DIR (DEG):190 PEAK WIND TIME (LST):1536  FASTEST 2MIN SPEED (MPH): 14FASTEST 2MIN DIR (DEG):190 FASTEST 2MIN TIME (LST):1537 AVERAGE WIND SPEED (MPH): 4.9 24 HR AVG TEMP (F):56 HOURLY INCREMENTAL PRECIPITATION VALUES (IN):.01  .02  .00  .02  .00  .00  .00  .00  .00  .00  .00  .00  .00  .00  .00  .00  .00  .00  .00  .00  .00  .00  .00  .00",
"72297793184","2000-02-13T07:59:00","6","33.68","-117.86639","16.5","SANTA ANA JOHN WAYNE AIRPORT, CA US","SOD  ","KSNA ","V020","999,9,9,9999,9","99999,9,9,9","999999,9,9,9","+9999,9","+9999,9","99999,9","24,0104,9,5",,,,,,,,,,,,,,,,,,,"240,M,+0167,5","240,N,+0128,5",,,,,,,"10142,9,99999,4",,,"1,24,01252,200,0223,5","2,24,00983,210,0224,5","3,24,00317,999,9999,5","SOD54524 HR PRECIPITATION (IN): 0.41 24 HR MAX TEMP (F): 6224 HR MAX TEMP TIME (LST):1515 24 HR MIN TEMP (F): 5524 HR MIN TEMP TIME (LST):2341 AVERAGE STATION PRESSURE:29.95  PEAK WIND SPEED (MPH): 28 PEAK WIND DIR (DEG):200 PEAK WIND TIME (LST):0223  FASTEST 2MIN SPEED (MPH): 22FASTEST 2MIN DIR (DEG):210 FASTEST 2MIN TIME (LST):0224 AVERAGE WIND SPEED (MPH): 7.1 24 HR AVG TEMP (F):59 HOURLY INCREMENTAL PRECIPITATION VALUES (IN):.00  .02  .28  .08  .02   T   .00  .00  .00  .00  .00  .00  .00  .00  .00  .00  .00  .00  .00  .00  .00   T   .01  .00",
"72297793184","2000-02-14T07:59:00","6","33.68","-117.86639","16.5","SANTA ANA JOHN WAYNE AIRPORT, CA US","SOD  ","KSNA ","V020","999,9,9,9999,9","99999,9,9,9","999999,9,9,9","+9999,9","+9999,9","99999,9","24,0015,9,5",,,,,,,,,,,,,,,,,,,"240,M,+0150,5","240,N,+0122,5",,,,,,,"10159,9,99999,4",,,"1,24,00715,110,2021,5","2,24,00492,110,2055,5","3,24,00228,999,9999,5","SOD54524 HR PRECIPITATION (IN): 0.06 24 HR MAX TEMP (F): 5924 HR MAX TEMP TIME (LST):1529 24 HR MIN TEMP (F): 5424 HR MIN TEMP TIME (LST):0747 AVERAGE STATION PRESSURE:30.00  PEAK WIND SPEED (MPH): 16 PEAK WIND DIR (DEG):110 PEAK WIND TIME (LST):2021  FASTEST 2MIN SPEED (MPH): 11FASTEST 2MIN DIR (DEG):110 FASTEST 2MIN TIME (LST):2055 AVERAGE WIND SPEED (MPH): 5.1 24 HR AVG TEMP (F):57 HOURLY INCREMENTAL PRECIPITATION VALUES (IN):.00  .00  .00   T   .00  .00  .00  .01   T    T    T   .01   T    T   .00  .00  .00   T   .01  .01  .01   T   .00  .01",
"72297793184","2000-02-15T07:59:00","6","33.68","-117.86639","16.5","SANTA ANA JOHN WAYNE AIRPORT, CA US","SOD  ","KSNA ","V020","999,9,9,9999,9","99999,9,9,9","999999,9,9,9","+9999,9","+9999,9","99999,9","24,0015,9,5",,,,,,,,,,,,,,,,,,,"240,M,+0183,5","240,N,+0133,5",,,,,,,"10176,9,99999,4",,,"1,24,00715,180,1118,5","2,24,00581,180,1122,5","3,24,00232,999,9999,5","SOD54524 HR PRECIPITATION (IN): 0.06 24 HR MAX TEMP (F): 6524 HR MAX TEMP TIME (LST):1507 24 HR MIN TEMP (F): 5624 HR MIN TEMP TIME (LST):0356 AVERAGE STATION PRESSURE:30.05  PEAK WIND SPEED (MPH): 16 PEAK WIND DIR (DEG):180 PEAK WIND TIME (LST):1118  FASTEST 2MIN SPEED (MPH): 13FASTEST 2MIN DIR (DEG):180 FASTEST 2MIN TIME (LST):1122 AVERAGE WIND SPEED (MPH): 5.2 24 HR AVG TEMP (F):61 HOURLY INCREMENTAL PRECIPITATION VALUES (IN): T    T   .00  .00  .00  .00  .00  .00  .00  .05   T   .01  .00  .00  .00  .00  .00  .00  .00  .00  .00  .00  .00  .00",
"72297793184","2000-02-16T07:59:00","6","33.68","-117.86639","16.5","SANTA ANA JOHN WAYNE AIRPORT, CA US","SOD  ","KSNA ","V020","999,9,9,9999,9","99999,9,9,9","999999,9,9,9","+9999,9","+9999,9","99999,9","24,0000,9,6",,,,,,,,,,,,,,,,"0000,9,5,999999,9,9",,,"240,M,+0189,5","240,N,+0117,5",,,,,,,"10166,9,99999,4",,,"1,24,00626,220,1302,5","2,24,00581,220,1227,5","3,24,00103,999,9999,5","SOD56624 HR PRECIPITATION (IN): 0.00 SNOW DEPTH (IN):0.0  24 HR MAX TEMP (F): 6624 HR MAX TEMP TIME (LST):1211 24 HR MIN TEMP (F): 5324 HR MIN TEMP TIME (LST):0435 AVERAGE STATION PRESSURE:30.02  PEAK WIND SPEED (MPH): 14 PEAK WIND DIR (DEG):220 PEAK WIND TIME (LST):1302  FASTEST 2MIN SPEED (MPH): 13FASTEST 2MIN DIR (DEG):220 FASTEST 2MIN TIME (LST):1227 AVERAGE WIND SPEED (MPH): 2.3 24 HR AVG TEMP (F):60 HOURLY INCREMENTAL PRECIPITATION VALUES (IN):.00  .00  .00  .00  .00  .00  .00  .00  .00  .00  .00  .00  .00  .00  .00  .00  .00  .00  .00  .00  .00  .00  .00  .00","R01  0.007AAP092"
"72297793184","2000-02-17T07:59:00","6","33.68","-117.86639","16.5","SANTA ANA JOHN WAYNE AIRPORT, CA US","SOD  ","KSNA ","V020","999,9,9,9999,9","99999,9,9,9","999999,9,9,9","+9999,9","+9999,9","99999,9","24,0036,9,5",,,,,,,,,,,,,,,,,,,"240,M,+0156,5","240,N,+0111,5",,,,,,,"10146,9,99999,4",,,"1,24,01296,210,1541,5","2,24,01028,210,1542,5","3,24,00326,999,9999,5","SOD54424 HR PRECIPITATION (IN): 0.14 24 HR MAX TEMP (F): 6024 HR MAX TEMP TIME (LST):1551 24 HR MIN TEMP (F): 5224 HR MIN TEMP TIME (LST):2352 AVERAGE STATION PRESSURE:29.96  PEAK WIND SPEED (MPH): 29 PEAK WIND DIR (DEG):210 PEAK WIND TIME (LST):1541  FASTEST 2MIN SPEED (MPH): 23FASTEST 2MIN DIR (DEG):210 FASTEST 2MIN TIME (LST):1542 AVERAGE WIND SPEED (MPH): 7.3 24 HR AVG TEMP (F):56 HOURLY INCREMENTAL PRECIPITATION VALUES (IN):.00  .00  .00   T   .04  .05  .02  .01  .00  .00  .00   T   .00  .01  .01   T    T   .00  .00  .00   T    T    T    T",
"72297793184","2000-02-18T07:59:00","6","33.68","-117.86639","16.5","SANTA ANA JOHN WAYNE AIRPORT, CA US","SOD  ","KSNA ","V020","999,9,9,9999,9","99999,9,9,9","999999,9,9,9","+9999,9","+9999,9","99999,9","24,0000,2,5",,,,,,,,,,,,,,,,,,,"240,M,+0156,5","240,N,+0089,5",,,,,,,"10163,9,99999,4",,,"1,24,00760,220,1120,5","2,24,00626,220,1429,5","3,24,00228,999,9999,5","SOD54524 HR PRECIPITATION (IN):  T   24 HR MAX TEMP (F): 6024 HR MAX TEMP TIME (LST):1435 24 HR MIN TEMP (F): 4824 HR MIN TEMP TIME (LST):0516 AVERAGE STATION PRESSURE:30.01  PEAK WIND SPEED (MPH): 17 PEAK WIND DIR (DEG):220 PEAK WIND TIME (LST):1120  FASTEST 2MIN SPEED (MPH): 14FASTEST 2MIN DIR (DEG):220 FASTEST 2MIN TIME (LST):1429 AVERAGE WIND SPEED (MPH): 5.1 24 HR AVG TEMP (F):54 HOURLY INCREMENTAL PRECIPITATION VALUES (IN): T   .00  .00  .00  .00  .00  .00  .00  .00  .00  .00  .00  .00  .00  .00  .00  .00  .00  .00  .00  .00  .00  .00  .00",
"72297793184","2000-02-19T07:59:00","6","33.68","-117.86639","16.5","SANTA ANA JOHN WAYNE AIRPORT, CA US","SOD  ","KSNA ","V020","999,9,9,9999,9","99999,9,9,9","999999,9,9,9","+9999,9","+9999,9","99999,9","24,0000,9,6",,,,,,,,,,,,,,,,"0000,9,5,999999,9,9",,,"240,M,+0211,5","240,N,+0078,5",,,,,,,"10142,9,99999,4",,,"1,24,00671,210,1541,5","2,24,00581,210,1539,5","3,24,00107,999,9999,5","SOD56624 HR PRECIPITATION (IN): 0.00 SNOW DEPTH (IN):0.0  24 HR MAX TEMP (F): 7024 HR MAX TEMP TIME (LST):1434 24 HR MIN TEMP (F): 4624 HR MIN TEMP TIME (LST):0643 AVERAGE STATION PRESSURE:29.95  PEAK WIND SPEED (MPH): 15 PEAK WIND DIR (DEG):210 PEAK WIND TIME (LST):1541  FASTEST 2MIN SPEED (MPH): 13FASTEST 2MIN DIR (DEG):210 FASTEST 2MIN TIME (LST):1539 AVERAGE WIND SPEED (MPH): 2.4 24 HR AVG TEMP (F):58 HOURLY INCREMENTAL PRECIPITATION VALUES (IN):.00  .00  .00  .00  .00  .00  .00  .00  .00  .00  .00  .00  .00  .00  .00  .00  .00  .00  .00  .00  .00  .00  .00  .00","R01  0.007AAP092"
"72297793184","2000-02-20T07:59:00","6","33.68","-117.86639","16.5","SANTA ANA JOHN WAYNE AIRPORT, CA US","SOD  ","KSNA ","V020","999,9,9,9999,9","99999,9,9,9","999999,9,9,9","+9999,9","+9999,9","99999,9","24,0000,9,6",,,,,,,,,,,,,,,,,,,"240,M,+0256,5","240,N,+0100,5",,,,,,,"10129,9,99999,4",,,"1,24,00939,180,1315,5","2,24,00760,190,1212,5","3,24,00224,999,9999,5","SOD52324 HR PRECIPITATION (IN): 0.00 24 HR MAX TEMP (F): 7824 HR MAX TEMP TIME (LST):1257 24 HR MIN TEMP (F): 5024 HR MIN TEMP TIME (LST):0622 AVERAGE STATION PRESSURE:29.91  PEAK WIND SPEED (MPH): 21 PEAK WIND DIR (DEG):180 PEAK WIND TIME (LST):1315  FASTEST 2MIN SPEED (MPH): 17FASTEST 2MIN DIR (DEG):190 FASTEST 2MIN TIME (LST):1212 AVERAGE WIND SPEED (MPH): 5.0 HOURLY INCREMENTAL PRECIPITATION VALUES (IN):.00  .00  .00  .00  .00  .00  .00  .00  .00  .00  .00  .00  .00  .00  .00  .00  .00  .00  .00  .00  .00  .00  .00  .00","R01  0.007AAP092"
"72297793184","2000-02-21T07:59:00","6","33.68","-117.86639","16.5","SANTA ANA JOHN WAYNE AIRPORT, CA US","SOD  ","KSNA ","V020","999,9,9,9999,9","99999,9,9,9","999999,9,9,9","+9999,9","+9999,9","99999,9","24,0165,9,5",,,,,,,,,,,,,,,,,,,"240,M,+0183,5","240,N,+0100,5",,,,,,,"10088,9,99999,4",,,"1,24,01788,160,1901,5","2,24,01296,160,1902,5","3,24,00554,999,9999,5","SOD54524 HR PRECIPITATION (IN): 0.65 24 HR MAX TEMP (F): 6524 HR MAX TEMP TIME (LST):1248 24 HR MIN TEMP (F): 5024 HR MIN TEMP TIME (LST):2352 AVERAGE STATION PRESSURE:29.79  PEAK WIND SPEED (MPH): 40 PEAK WIND DIR (DEG):160 PEAK WIND TIME (LST):1901  FASTEST 2MIN SPEED (MPH): 29FASTEST 2MIN DIR (DEG):160 FASTEST 2MIN TIME (LST):1902 AVERAGE WIND SPEED (MPH):12.4 24 HR AVG TEMP (F):58 HOURLY INCREMENTAL PRECIPITATION VALUES (IN):.00  .00  .00   T   .01  .00  .05  .01   T    T   .00  .00  .01   T    T    T   .00  .01  .13  .29  .01  .02  .05  .04",
"72297793184","2000-02-22T07:59:00","6","33.68","-117.86639","16.5","SANTA ANA JOHN WAYNE AIRPORT, CA US","SOD  ","KSNA ","V020","999,9,9,9999,9","99999,9,9,9","999999,9,9,9","+9999,9","+9999,9","99999,9","24,0203,9,5",,,,,,,,,,,,,,,,,,,"240,M,+0139,5","240,N,+0094,5",,,,,,,"10122,9,99999,4",,,"1,24,01162,180,1229,5","2,24,00983,180,1231,5","3,24,00304,999,9999,5","SOD54524 HR PRECIPITATION (IN): 0.80 24 HR MAX TEMP (F): 5724 HR MAX TEMP TIME (LST):1111 24 HR MIN TEMP (F): 4924 HR MIN TEMP TIME (LST):0147 AVERAGE STATION PRESSURE:29.89  PEAK WIND SPEED (MPH): 26 PEAK WIND DIR (DEG):180 PEAK WIND TIME (LST):1229  FASTEST 2MIN SPEED (MPH): 22FASTEST 2MIN DIR (DEG):180 FASTEST 2MIN TIME (LST):1231 AVERAGE WIND SPEED (MPH): 6.8 24 HR AVG TEMP (F):53 HOURLY INCREMENTAL PRECIPITATION VALUES (IN):.09  .06   T   .00  .00  .00  .02  .03  .03  .03  .02  .02  .19  .17  .13  .00  .00  .00  .00  .00  .03  .00  .00  .00",
"72297793184","2000-02-23T07:59:00","6","33.68","-117.86639","16.5","SANTA ANA JOHN WAYNE AIRPORT, CA US","SOD  ","KSNA ","V020","999,9,9,9999,9","99999,9,9,9","999999,9,9,9","+9999,9","+9999,9","99999,9","24,0000,9,6",,,,,,,,,,,,,,,,,,,"240,M,+0172,5","240,N,+0083,5",,,,,,,"10196,9,99999,4",,,"1,24,00760,180,1441,5","2,24,00626,210,1139,5","3,24,00179,999,9999,5","SOD54524 HR PRECIPITATION (IN): 0.00 24 HR MAX TEMP (F): 6324 HR MAX TEMP TIME (LST):1430 24 HR MIN TEMP (F): 4724 HR MIN TEMP TIME (LST):0643 AVERAGE STATION PRESSURE:30.11  PEAK WIND SPEED (MPH): 17 PEAK WIND DIR (DEG):180 PEAK WIND TIME (LST):1441  FASTEST 2MIN SPEED (MPH): 14FASTEST 2MIN DIR (DEG):210 FASTEST 2MIN TIME (LST):1139 AVERAGE WIND SPEED (MPH): 4.0 24 HR AVG TEMP (F):55 HOURLY INCREMENTAL PRECIPITATION VALUES (IN):.00  .00  .00  .00  .00  .00  .00  .00  .00  .00  .00  .00  .00  .00  .00  .00  .00  .00  .00  .00  .00  .00  .00  .00","R01  0.007AAP092"
"72297793184","2000-02-24T07:59:00","6","33.68","-117.86639","16.5","SANTA ANA JOHN WAYNE AIRPORT, CA US","SOD  ","KSNA ","V020","999,9,9,9999,9","99999,9,9,9","999999,9,9,9","+9999,9","+9999,9","99999,9","24,0150,9,5",,,,,,,,,,,,,,,,,,,"240,M,+0139,5","240,N,+0106,5",,,,,,,"10129,9,99999,4",,,"1,24,01341,190,1343,5","2,24,01118,190,1344,5","3,24,00340,999,9999,5","SOD54524 HR PRECIPITATION (IN): 0.59 24 HR MAX TEMP (F): 5724 HR MAX TEMP TIME (LST):1340 24 HR MIN TEMP (F): 5124 HR MIN TEMP TIME (LST):2352 AVERAGE STATION PRESSURE:29.91  PEAK WIND SPEED (MPH): 30 PEAK WIND DIR (DEG):190 PEAK WIND TIME (LST):1343  FASTEST 2MIN SPEED (MPH): 25FASTEST 2MIN DIR (DEG):190 FASTEST 2MIN TIME (LST):1344 AVERAGE WIND SPEED (MPH): 7.6 24 HR AVG TEMP (F):54 HOURLY INCREMENTAL PRECIPITATION VALUES (IN):.00  .00  .00  .00  .00   T   .01  .04  .02   T   .05  .06  .10  .14  .13  .04  .00   T   .00  .00  .00  .00  .00  .00",
"72297793184","2000-02-25T07:59:00","6","33.68","-117.86639","16.5","SANTA ANA JOHN WAYNE AIRPORT, CA US","SOD  ","KSNA ","V020","999,9,9,9999,9","99999,9,9,9","999999,9,9,9","+9999,9","+9999,9","99999,9","24,0000,9,6",,,,,,,,,,,,,,,,,,,"240,M,+0144,5","240,N,+0061,5",,,,,,,"10142,9,99999,4",,,"1,24,00894,270,1402,5","2,24,00626,230,1509,5","3,24,00170,999,9999,5","SOD52324 HR PRECIPITATION (IN): 0.00 24 HR MAX TEMP (F): 5824 HR MAX TEMP TIME (LST):1503 24 HR MIN TEMP (F): 4324 HR MIN TEMP TIME (LST):0700 AVERAGE STATION PRESSURE:29.95  PEAK WIND SPEED (MPH): 20 PEAK WIND DIR (DEG):270 PEAK WIND TIME (LST):1402  FASTEST 2MIN SPEED (MPH): 14FASTEST 2MIN DIR (DEG):230 FASTEST 2MIN TIME (LST):1509 AVERAGE WIND SPEED (MPH): 3.8 HOURLY INCREMENTAL PRECIPITATION VALUES (IN):.00  .00  .00  .00  .00  .00  .00  .00  .00  .00  .00  .00  .00  .00  .00  .00  .00  .00  .00  .00  .00  .00  .00  .00","R01  0.007AAP092"
"72297793184","2000-02-26T07:59:00","6","33.68","-117.86639","16.5","SANTA ANA JOHN WAYNE AIRPORT, CA US","SOD  ","KSNA ","V020","999,9,9,9999,9","99999,9,9,9","999999,9,9,9","+9999,9","+9999,9","99999,9","24,0000,2,5",,,,,,,,,,,,,,,,,,,"240,M,+0150,5","240,N,+0100,5",,,,,,,"10186,9,99999,4",,,"1,24,00671,190,1441,5","2,24,00492,210,1559,5","3,24,00156,999,9999,5","SOD54524 HR PRECIPITATION (IN):  T   24 HR MAX TEMP (F): 5924 HR MAX TEMP TIME (LST):1511 24 HR MIN TEMP (F): 5024 HR MIN TEMP TIME (LST):2331 AVERAGE STATION PRESSURE:30.08  PEAK WIND SPEED (MPH): 15 PEAK WIND DIR (DEG):190 PEAK WIND TIME (LST):1441  FASTEST 2MIN SPEED (MPH): 11FASTEST 2MIN DIR (DEG):210 FASTEST 2MIN TIME (LST):1559 AVERAGE WIND SPEED (MPH): 3.5 24 HR AVG TEMP (F):55 HOURLY INCREMENTAL PRECIPITATION VALUES (IN):.00  .00  .00  .00  .00   T    T    T   .00  .00  .00  .00  .00  .00  .00  .00  .00  .00  .00  .00  .00  .00  .00  .00",
"72297793184","2000-02-27T07:59:00","6","33.68","-117.86639","16.5","SANTA ANA JOHN WAYNE AIRPORT, CA US","SOD  ","KSNA ","V020","999,9,9,9999,9","99999,9,9,9","999999,9,9,9","+9999,9","+9999,9","99999,9","24,0000,9,6",,,,,,,,,,,,,,,,,,,"240,M,+0189,5","240,N,+0078,5",,,,,,,"10183,9,99999,4",,,"1,24,00581,270,1642,5","2,24,00447,250,1639,5","3,24,00107,999,9999,5","SOD54524 HR PRECIPITATION (IN): 0.00 24 HR MAX TEMP (F): 6624 HR MAX TEMP TIME (LST):1516 24 HR MIN TEMP (F): 4624 HR MIN TEMP TIME (LST):0655 AVERAGE STATION PRESSURE:30.07  PEAK WIND SPEED (MPH): 13 PEAK WIND DIR (DEG):270 PEAK WIND TIME (LST):1642  FASTEST 2MIN SPEED (MPH): 10FASTEST 2MIN DIR (DEG):250 FASTEST 2MIN TIME (LST):1639 AVERAGE WIND SPEED (MPH): 2.4 24 HR AVG TEMP (F):56 HOURLY INCREMENTAL PRECIPITATION VALUES (IN):.00  .00  .00  .00  .00  .00  .00  .00  .00  .00  .00  .00  .00  .00  .00  .00  .00  .00  .00  .00  .00  .00  .00  .00","R01  0.007AAP092"
"72297793184","2000-02-28T07:59:00","6","33.68","-117.86639","16.5","SANTA ANA JOHN WAYNE AIRPORT, CA US","SOD  ","KSNA ","V020","999,9,9,9999,9","99999,9,9,9","999999,9,9,9","+9999,9","+9999,9","99999,9","24,0020,9,5",,,,,,,,,,,,,,,,,,,"240,M,+0156,5","240,N,+0100,5",,,,,,,"10139,9,99999,4",,,"1,24,00939,180,1329,5","2,24,00760,180,1331,5","3,24,00250,999,9999,5","SOD54524 HR PRECIPITATION (IN): 0.08 24 HR MAX TEMP (F): 6024 HR MAX TEMP TIME (LST):1129 24 HR MIN TEMP (F): 5024 HR MIN TEMP TIME (LST):0415 AVERAGE STATION PRESSURE:29.94  PEAK WIND SPEED (MPH): 21 PEAK WIND DIR (DEG):180 PEAK WIND TIME (LST):1329  FASTEST 2MIN SPEED (MPH): 17FASTEST 2MIN DIR (DEG):180 FASTEST 2MIN TIME (LST):1331 AVERAGE WIND SPEED (MPH): 5.6 24 HR AVG TEMP (F):55 HOURLY INCREMENTAL PRECIPITATION VALUES (IN):.00  .00  .00  .00  .00  .00  .00  .00  .00  .00  .00   T    T    T   .05  .03   T    T   .00  .00  .00  .00  .00  .00",
"72297793184","2000-03-01T07:59:00","6","33.68","-117.86639","16.5","SANTA ANA JOHN WAYNE AIRPORT, CA US","SOD  ","KSNA ","V020","999,9,9,9999,9","99999,9,9,9","999999,9,9,9","+9999,9","+9999,9","99999,9","24,0000,9,6",,,,,,,,,,,,,,,,,,,"240,M,+0161,5","240,N,+0078,5",,,,,,,"10159,9,99999,4",,,"1,24,00760,190,1516,5","2,24,00626,200,1526,5","3,24,00165,999,9999,5","SOD54524 HR PRECIPITATION (IN): 0.00 24 HR MAX TEMP (F): 6124 HR MAX TEMP TIME (LST):1405 24 HR MIN TEMP (F): 4624 HR MIN TEMP TIME (LST):0608 AVERAGE STATION PRESSURE:30.00  PEAK WIND SPEED (MPH): 17 PEAK WIND DIR (DEG):190 PEAK WIND TIME (LST):1516  FASTEST 2MIN SPEED (MPH): 14FASTEST 2MIN DIR (DEG):200 FASTEST 2MIN TIME (LST):1526 AVERAGE WIND SPEED (MPH): 3.7 24 HR AVG TEMP (F):54 HOURLY INCREMENTAL PRECIPITATION VALUES (IN):.00  .00  .00  .00  .00  .00  .00  .00  .00  .00  .00  .00  .00  .00  .00  .00  .00  .00  .00  .00  .00  .00  .00  .00","R01  0.007AAP092"
"72297793184","2000-03-01T07:59:00","6","33.68","-117.86639","16.5","SANTA ANA JOHN WAYNE AIRPORT, CA US","SOM  ","KSNA ","V020","999,9,9,9999,9","99999,9,9,9","999999,9,9,9","+9999,9","+9999,9","99999,9",,"00538,9,6","00340,9,2020,9999,9999,6","99,9,99,9,99,9,01,6",,,,,,,,,,,,,,,,,,"696,N,+0994,5","696,M,+1850,5","696,A,+1422,5","696,H,0209,7","696,C,0000,5","00,5,00,5,00,5,00,5",,"10159,4,10193,4","10251,999999,5,10098,200451,5",,,,"SOM403PCP MTOT: 2.12 DEPNRM: 0.00 PCP GT 24HRS: 1.34 DATE(S):20 + DAYS W/PCP >=1.00:  SN GT DP ON GRND:0 DATE(S):0  AVG DLY MIN: 49.9 AVG DLY MAX: 65.3 AVG MLY TMP: 57.6 DAYS MAX <=32:  DAYS MAX >=70: 0 DAYS MAX >=90: 0 DAYS MIN <=32: 0 DAYS MIN  <=0: 0 AVG STP:30.00  AVG SLP:30.10  LWST SLP:29.82 DATE/TIME:200451 HGST SLP:30.27 DATE/TIME: 71018 HDD MTH TOT: 209 DEP NORM:-255 CDD MTH TOT:   0 DEP NORM:-255","R01  2.127ABP070R02  1.347ADP081R03     17AE4109R04   2097KDH015"
"72297793184","2000-03-02T07:59:00","6","33.68","-117.86639","16.5","SANTA ANA JOHN WAYNE AIRPORT, CA US","SOD  ","KSNA ","V020","999,9,9,9999,9","99999,9,9,9","999999,9,9,9","+9999,9","+9999,9","99999,9","24,0000,2,5",,,,,,,,,,,,,,,,,,,"240,M,+0172,5","240,N,+0106,6",,,,,,,"10159,9,99999,4",,,"1,24,00715,180,1137,5","2,24,00581,190,1138,5","3,24,00161,999,9999,5","SOD54524 HR PRECIPITATION (IN):  T   24 HR MAX TEMP (F): 6324 HR MAX TEMP TIME (LST):1354 24 HR MIN TEMP (F): 5124 HR MIN TEMP TIME (LST):2344 AVERAGE STATION PRESSURE:30.00  PEAK WIND SPEED (MPH): 16 PEAK WIND DIR (DEG):180 PEAK WIND TIME (LST):1137  FASTEST 2MIN SPEED (MPH): 13FASTEST 2MIN DIR (DEG):190 FASTEST 2MIN TIME (LST):1138 AVERAGE WIND SPEED (MPH): 3.6 24 HR AVG TEMP (F):57 HOURLY INCREMENTAL PRECIPITATION VALUES (IN): T    T   .00  .00  .00  .00  .00  .00  .00  .00  .00  .00  .00  .00  .00  .00  .00  .00  .00  .00  .00  .00  .00  .00","R01    517KAN014"
"72297793184","2000-03-03T07:59:00","6","33.68","-117.86639","16.5","SANTA ANA JOHN WAYNE AIRPORT, CA US","SOD  ","KSNA ","V020","999,9,9,9999,9","99999,9,9,9","999999,9,9,9","+9999,9","+9999,9","99999,9","24,0000,9,6",,,,,,,,,,,,,,,,,,,"240,M,+0189,5","240,N,+0083,5",,,,,,,"10142,9,99999,4",,,"1,24,00894,250,1520,5","2,24,00671,260,1531,5","3,24,00179,999,9999,5","SOD54524 HR PRECIPITATION (IN): 0.00 24 HR MAX TEMP (F): 6624 HR MAX TEMP TIME (LST):1150 24 HR MIN TEMP (F): 4724 HR MIN TEMP TIME (LST):0647 AVERAGE STATION PRESSURE:29.95  PEAK WIND SPEED (MPH): 20 PEAK WIND DIR (DEG):250 PEAK WIND TIME (LST):1520  FASTEST 2MIN SPEED (MPH): 15FASTEST 2MIN DIR (DEG):260 FASTEST 2MIN TIME (LST):1531 AVERAGE WIND SPEED (MPH): 4.0 24 HR AVG TEMP (F):57 HOURLY INCREMENTAL PRECIPITATION VALUES (IN):.00  .00  .00  .00  .00  .00  .00  .00  .00  .00  .00  .00  .00  .00  .00  .00  .00  .00  .00  .00  .00  .00  .00  .00","R01  0.007AAP092"
"72297793184","2000-03-04T07:59:00","6","33.68","-117.86639","16.5","SANTA ANA JOHN WAYNE AIRPORT, CA US","SOD  ","KSNA ","V020","999,9,9,9999,9","99999,9,9,9","999999,9,9,9","+9999,9","+9999,9","99999,9","24,0069,9,5",,,,,,,,,,,,,,,,,,,"240,M,+0178,5","240,N,+0100,5",,,,,,,"10108,9,99999,4",,,"1,24,00894,180,1232,5","2,24,00671,180,1334,5","3,24,00286,999,9999,5","SOD54524 HR PRECIPITATION (IN): 0.27 24 HR MAX TEMP (F): 6424 HR MAX TEMP TIME (LST):1133 24 HR MIN TEMP (F): 5024 HR MIN TEMP TIME (LST):2344 AVERAGE STATION PRESSURE:29.85  PEAK WIND SPEED (MPH): 20 PEAK WIND DIR (DEG):180 PEAK WIND TIME (LST):1232  FASTEST 2MIN SPEED (MPH): 15FASTEST 2MIN DIR (DEG):180 FASTEST 2MIN TIME (LST):1334 AVERAGE WIND SPEED (MPH): 6.4 24 HR AVG TEMP (F):57 HOURLY INCREMENTAL PRECIPITATION VALUES (IN):.00  .00  .00  .00  .00  .00  .00  .00   T    T   .00  .00  .00  .00  .00  .00  .00   T   .02  .11  .13  .00  .00  .00",
"72297793184","2000-03-05T07:59:00","6","33.68","-117.86639","16.5","SANTA ANA JOHN WAYNE AIRPORT, CA US","SOD  ","KSNA ","V020","999,9,9,9999,9","99999,9,9,9","999999,9,9,9","+9999,9","+9999,9","99999,9","24,0056,9,5",,,,,,,,,,,,,,,,,,,"240,M,+0139,5","240,N,+0100,5",,,,,,,"10081,9,99999,4",,,"1,24,00626,220,1307,5","2,24,00492,220,1308,5","3,24,00179,999,9999,5","SOD54524 HR PRECIPITATION (IN): 0.22 24 HR MAX TEMP (F): 5724 HR MAX TEMP TIME (LST):1036 24 HR MIN TEMP (F): 5024 HR MIN TEMP TIME (LST):2352 AVERAGE STATION PRESSURE:29.77  PEAK WIND SPEED (MPH): 14 PEAK WIND DIR (DEG):220 PEAK WIND TIME (LST):1307  FASTEST 2MIN SPEED (MPH): 11FASTEST 2MIN DIR (DEG):220 FASTEST 2MIN TIME (LST):1308 AVERAGE WIND SPEED (MPH): 4.0 24 HR AVG TEMP (F):54 HOURLY INCREMENTAL PRECIPITATION VALUES (IN):.00  .00  .00  .00  .00  .00  .00  .00  .00  .00  .00  .00   T   .02   T   .00  .00  .02  .06  .07  .04  .00   T   .01",
"72297793184","2000-03-06T07:59:00","6","33.68","-117.86639","16.5","SANTA ANA JOHN WAYNE AIRPORT, CA US","SOD  ","KSNA ","V020","999,9,9,9999,9","99999,9,9,9","999999,9,9,9","+9999,9","+9999,9","99999,9","24,0185,9,5",,,,,,,,,,,,,,,,,,,"240,M,+0139,5","240,N,+0089,5",,,,,,,"10024,9,99999,4",,,"1,24,01743,160,1047,5","2,24,01252,180,1119,5","3,24,00429,999,9999,5","SOD54524 HR PRECIPITATION (IN): 0.73 24 HR MAX TEMP (F): 5724 HR MAX TEMP TIME (LST):1439 24 HR MIN TEMP (F): 4824 HR MIN TEMP TIME (LST):2352 AVERAGE STATION PRESSURE:29.60  PEAK WIND SPEED (MPH): 39 PEAK WIND DIR (DEG):160 PEAK WIND TIME (LST):1047  FASTEST 2MIN SPEED (MPH): 28FASTEST 2MIN DIR (DEG):180 FASTEST 2MIN TIME (LST):1119 AVERAGE WIND SPEED (MPH): 9.6 24 HR AVG TEMP (F):53 HOURLY INCREMENTAL PRECIPITATION VALUES (IN):.00  .02   T    T   .01  .02  .09  .15  .14  .07  .14   T    T    T   .00   T   .01  .01   T   .07  .00  .00   T   .00",
"72297793184","2000-03-07T07:59:00","6","33.68","-117.86639","16.5","SANTA ANA JOHN WAYNE AIRPORT, CA US","SOD  ","KSNA ","V020","999,9,9,9999,9","99999,9,9,9","999999,9,9,9","+9999,9","+9999,9","99999,9","24,0000,9,6",,,,,,,,,,,,,,,,,,,"240,M,+0150,5","240,N,+0061,5",,,,,,,"10075,9,99999,4",,,"1,24,00715,220,1525,5","2,24,00626,200,1521,5","3,24,00259,999,9999,5","SOD52324 HR PRECIPITATION (IN): 0.00 24 HR MAX TEMP (F): 5924 HR MAX TEMP TIME (LST):1406 24 HR MIN TEMP (F): 4324 HR MIN TEMP TIME (LST):0636 AVERAGE STATION PRESSURE:29.75  PEAK WIND SPEED (MPH): 16 PEAK WIND DIR (DEG):220 PEAK WIND TIME (LST):1525  FASTEST 2MIN SPEED (MPH): 14FASTEST 2MIN DIR (DEG):200 FASTEST 2MIN TIME (LST):1521 AVERAGE WIND SPEED (MPH): 5.8 HOURLY INCREMENTAL PRECIPITATION VALUES (IN):.00  .00  .00  .00  .00  .00  .00  .00  .00  .00  .00  .00  .00  .00  .00  .00  .00  .00  .00  .00  .00  .00  .00  .00","R01  0.007AAP092"
"72297793184","2000-03-08T07:59:00","6","33.68","-117.86639","16.5","SANTA ANA JOHN WAYNE AIRPORT, CA US","SOD  ","KSNA ","V020","999,9,9,9999,9","99999,9,9,9","999999,9,9,9","+9999,9","+9999,9","99999,9","24,0003,9,5",,,,,,,,,,,,,,,,,,,"240,M,+0161,5","240,N,+0072,5",,,,,,,"10156,9,99999,4",,,"1,24,01028,160,1247,5","2,24,00805,190,1314,5","3,24,00331,999,9999,5","SOD54524 HR PRECIPITATION (IN): 0.01 24 HR MAX TEMP (F): 6124 HR MAX TEMP TIME (LST):1206 24 HR MIN TEMP (F): 4524 HR MIN TEMP TIME (LST):0319 AVERAGE STATION PRESSURE:29.99  PEAK WIND SPEED (MPH): 23 PEAK WIND DIR (DEG):160 PEAK WIND TIME (LST):1247  FASTEST 2MIN SPEED (MPH): 18FASTEST 2MIN DIR (DEG):190 FASTEST 2MIN TIME (LST):1314 AVERAGE WIND SPEED (MPH): 7.4 24 HR AVG TEMP (F):53 HOURLY INCREMENTAL PRECIPITATION VALUES (IN):.00  .00  .00  .00  .00   T    T   .00  .00  .00  .00  .00  .00  .00  .00  .00  .00  .00  .00  .00  .00  .00  .00  .01",
"72297793184","2000-03-09T07:59:00","6","33.68","-117.86639","16.5","SANTA ANA JOHN WAYNE AIRPORT, CA US","SOD  ","KSNA ","V020","999,9,9,9999,9","99999,9,9,9","999999,9,9,9","+9999,9","+9999,9","99999,9","24,0117,9,5",,,,,,,,,,,,,,,,,,,"240,M,+0150,5","240,N,+0100,5",,,,,,,"10169,9,99999,4",,,"1,24,00939,160,1227,5","2,24,00715,160,1228,5","3,24,00308,999,9999,5","SOD54524 HR PRECIPITATION (IN): 0.46 24 HR MAX TEMP (F): 5924 HR MAX TEMP TIME (LST):1525 24 HR MIN TEMP (F): 5024 HR MIN TEMP TIME (LST):2352 AVERAGE STATION PRESSURE:30.03  PEAK WIND SPEED (MPH): 21 PEAK WIND DIR (DEG):160 PEAK WIND TIME (LST):1227  FASTEST 2MIN SPEED (MPH): 16FASTEST 2MIN DIR (DEG):160 FASTEST 2MIN TIME (LST):1228 AVERAGE WIND SPEED (MPH): 6.9 24 HR AVG TEMP (F):55 HOURLY INCREMENTAL PRECIPITATION VALUES (IN):.02   T   .01  .05  .07  .03  .02  .02   T   .02  .17  .04  .00  .01  .00  .00  .00  .00  .00  .00  .00  .00  .00  .00",
"72297793184","2000-03-10T07:59:00","6","33.68","-117.86639","16.5","SANTA ANA JOHN WAYNE AIRPORT, CA US","SOD  ","KSNA ","V020","999,9,9,9999,9","99999,9,9,9","999999,9,9,9","+9999,9","+9999,9","99999,9",,,,,,,,,,,,,,,,,,,,,,,,,,,,"10200,9,99999,4",,,"1,24,99999,999,9999,7","2,24,99999,999,9999,7",,"SOD195AVERAGE STATION PRESSURE:30.12  HOURLY INCREMENTAL PRECIPITATION VALUES (IN):.00  .00  .00   T   .00  .00  .00  .00  .00  .00  .00  .00  .00  .00  .00  .00  .00  .00  .00  .00  .00  .00  .00  .00",
"72297793184","2000-03-11T07:59:00","6","33.68","-117.86639","16.5","SANTA ANA JOHN WAYNE AIRPORT, CA US","SOD  ","KSNA ","V020","999,9,9,9999,9","99999,9,9,9","999999,9,9,9","+9999,9","+9999,9","99999,9",,,,,,,,,,,,,,,,,,,,,,,,,,,,"10193,9,99999,4",,,"1,24,99999,999,9999,7","2,24,99999,999,9999,7",,"SOD195AVERAGE STATION PRESSURE:30.10  HOURLY INCREMENTAL PRECIPITATION VALUES (IN):.00  .00  .00  .00  .00  .00  .00  .00  .00  .00  .00  .00  .00  .00  .00  .00  .00  .00  .00  .00  .00  .00  .00  .00",
"72297793184","2000-03-12T07:59:00","6","33.68","-117.86639","16.5","SANTA ANA JOHN WAYNE AIRPORT, CA US","SOD  ","KSNA ","V020","999,9,9,9999,9","99999,9,9,9","999999,9,9,9","+9999,9","+9999,9","99999,9",,,,,,,,,,,,,,,,,,,,,,,,,,,,"10163,9,99999,4",,,"1,24,99999,999,9999,7","2,24,99999,999,9999,7",,"SOD195AVERAGE STATION PRESSURE:30.01  HOURLY INCREMENTAL PRECIPITATION VALUES (IN):.00  .00  .00  .00  .00  .00  .00  .00  .00  .00  .00  .00  .00  .00  .00  .00  .00  .00  .00  .00  .00  .00  .00  .00",
"72297793184","2000-03-13T07:59:00","6","33.68","-117.86639","16.5","SANTA ANA JOHN WAYNE AIRPORT, CA US","SOD  ","KSNA ","V020","999,9,9,9999,9","99999,9,9,9","999999,9,9,9","+9999,9","+9999,9","99999,9",,,,,,,,,,,,,,,,,,,,,,,,,,,,"10122,9,99999,4",,,"1,24,99999,999,9999,7","2,24,99999,999,9999,7",,"SOD195AVERAGE STATION PRESSURE:29.89  HOURLY INCREMENTAL PRECIPITATION VALUES (IN):.00  .00  .00  .00  .00  .00  .00  .00  .00  .00  .00  .00  .00  .00  .00  .00  .00  .00  .00  .00  .00  .00  .00  .00",
"72297793184","2000-03-14T07:59:00","6","33.68","-117.86639","16.5","SANTA ANA JOHN WAYNE AIRPORT, CA US","SOD  ","KSNA ","V020","999,9,9,9999,9","99999,9,9,9","999999,9,9,9","+9999,9","+9999,9","99999,9","24,0000,9,6",,,,,,,,,,,,,,,,,,,"240,M,+0211,5","240,N,+0122,6",,,,,,,"10125,9,99999,4",,,"1,24,00805,210,1427,5","2,24,00536,220,1446,5",,"SOD51524 HR PRECIPITATION (IN): 0.00 24 HR MAX TEMP (F): 7024 HR MAX TEMP TIME (LST):1400 24 HR MIN TEMP (F): 5424 HR MIN TEMP TIME (LST):2330 AVERAGE STATION PRESSURE:29.90  PEAK WIND SPEED (MPH): 18 PEAK WIND DIR (DEG):210 PEAK WIND TIME (LST):1427  FASTEST 2MIN SPEED (MPH): 12FASTEST 2MIN DIR (DEG):220 FASTEST 2MIN TIME (LST):1446 24 HR AVG TEMP (F):62 HOURLY INCREMENTAL PRECIPITATION VALUES (IN):.00  .00  .00  .00  .00  .00  .00  .00  .00  .00  .00  .00  .00  .00  .00  .00  .00  .00  .00  .00  .00  .00  .00  .00","R01  0.007AAP092R02    547KAN014"
"72297793184","2000-03-15T07:59:00","6","33.68","-117.86639","16.5","SANTA ANA JOHN WAYNE AIRPORT, CA US","SOD  ","KSNA ","V020","999,9,9,9999,9","99999,9,9,9","999999,9,9,9","+9999,9","+9999,9","99999,9","24,0000,9,6",,,,,,,,,,,,,,,,,,,"240,M,+0211,5","240,N,+0100,5",,,,,,,"10108,9,99999,4",,,"1,24,00760,260,1513,5","2,24,00536,210,2025,5","3,24,00161,999,9999,5","SOD54524 HR PRECIPITATION (IN): 0.00 24 HR MAX TEMP (F): 7024 HR MAX TEMP TIME (LST):1316 24 HR MIN TEMP (F): 5024 HR MIN TEMP TIME (LST):0624 AVERAGE STATION PRESSURE:29.85  PEAK WIND SPEED (MPH): 17 PEAK WIND DIR (DEG):260 PEAK WIND TIME (LST):1513  FASTEST 2MIN SPEED (MPH): 12FASTEST 2MIN DIR (DEG):210 FASTEST 2MIN TIME (LST):2025 AVERAGE WIND SPEED (MPH): 3.6 24 HR AVG TEMP (F):60 HOURLY INCREMENTAL PRECIPITATION VALUES (IN):.00  .00  .00  .00  .00  .00  .00  .00  .00  .00  .00  .00  .00  .00  .00  .00  .00  .00  .00  .00  .00  .00  .00  .00","R01  0.007AAP092"
"72297793184","2000-03-16T07:59:00","6","33.68","-117.86639","16.5","SANTA ANA JOHN WAYNE AIRPORT, CA US","SOD  ","KSNA ","V020","999,9,9,9999,9","99999,9,9,9","999999,9,9,9","+9999,9","+9999,9","99999,9","24,0000,9,6",,,,,,,,,,,,,,,,,,,"240,M,+0189,5","240,N,+0117,5",,,,,,,"10091,9,99999,4",,,"1,24,00715,200,1558,5","2,24,00626,190,1442,5","3,24,00241,999,9999,5","SOD54524 HR PRECIPITATION (IN): 0.00 24 HR MAX TEMP (F): 6624 HR MAX TEMP TIME (LST):1240 24 HR MIN TEMP (F): 5324 HR MIN TEMP TIME (LST):0003 AVERAGE STATION PRESSURE:29.80  PEAK WIND SPEED (MPH): 16 PEAK WIND DIR (DEG):200 PEAK WIND TIME (LST):1558  FASTEST 2MIN SPEED (MPH): 14FASTEST 2MIN DIR (DEG):190 FASTEST 2MIN TIME (LST):1442 AVERAGE WIND SPEED (MPH): 5.4 24 HR AVG TEMP (F):60 HOURLY INCREMENTAL PRECIPITATION VALUES (IN):.00  .00  .00  .00  .00  .00  .00  .00  .00  .00  .00  .00  .00  .00  .00  .00  .00  .00  .00  .00  .00  .00  .00  .00","R01  0.007AAP092"
"72297793184","2000-03-17T07:59:00","6","33.68","-117.86639","16.5","SANTA ANA JOHN WAYNE AIRPORT, CA US","SOD  ","KSNA ","V020","999,9,9,9999,9","99999,9,9,9","999999,9,9,9","+9999,9","+9999,9","99999,9","24,0000,9,6",,,,,,,,,,,,,,,,,,,"240,M,+0194,5","240,N,+0128,5",,,,,,,"10129,9,99999,4",,,"1,24,00715,180,1930,5","2,24,00581,200,1743,5","3,24,00241,999,9999,5","SOD54524 HR PRECIPITATION (IN): 0.00 24 HR MAX TEMP (F): 6724 HR MAX TEMP TIME (LST):1141 24 HR MIN TEMP (F): 5524 HR MIN TEMP TIME (LST):0116 AVERAGE STATION PRESSURE:29.91  PEAK WIND SPEED (MPH): 16 PEAK WIND DIR (DEG):180 PEAK WIND TIME (LST):1930  FASTEST 2MIN SPEED (MPH): 13FASTEST 2MIN DIR (DEG):200 FASTEST 2MIN TIME (LST):1743 AVERAGE WIND SPEED (MPH): 5.4 24 HR AVG TEMP (F):61 HOURLY INCREMENTAL PRECIPITATION VALUES (IN):.00  .00  .00  .00  .00  .00  .00  .00  .00  .00  .00  .00  .00  .00  .00  .00  .00  .00  .00  .00  .00  .00  .00  .00","R01  0.007AAP092"
"72297793184","2000-03-18T07:59:00","6","33.68","-117.86639","16.5","SANTA ANA JOHN WAYNE AIRPORT, CA US","SOD  ","KSNA ","V020","999,9,9,9999,9","99999,9,9,9","999999,9,9,9","+9999,9","+9999,9","99999,9","24,0000,9,6",,,,,,,,,,,,,,,,,,,"240,M,+0200,5","240,N,+0133,5",,,,,,,"10142,9,99999,4",,,"1,24,00715,220,1317,5","2,24,00536,250,1321,5","3,24,00215,999,9999,5","SOD54524 HR PRECIPITATION (IN): 0.00 24 HR MAX TEMP (F): 6824 HR MAX TEMP TIME (LST):1734 24 HR MIN TEMP (F): 5624 HR MIN TEMP TIME (LST):0525 AVERAGE STATION PRESSURE:29.95  PEAK WIND SPEED (MPH): 16 PEAK WIND DIR (DEG):220 PEAK WIND TIME (LST):1317  FASTEST 2MIN SPEED (MPH): 12FASTEST 2MIN DIR (DEG):250 FASTEST 2MIN TIME (LST):1321 AVERAGE WIND SPEED (MPH): 4.8 24 HR AVG TEMP (F):62 HOURLY INCREMENTAL PRECIPITATION VALUES (IN):.00  .00  .00  .00  .00  .00  .00  .00  .00  .00  .00  .00  .00  .00  .00  .00  .00  .00  .00  .00  .00  .00  .00  .00","R01  0.007AAP092"
"72297793184","2000-03-19T07:59:00","6","33.68","-117.86639","16.5","SANTA ANA JOHN WAYNE AIRPORT, CA US","SOD  ","KSNA ","V020","999,9,9,9999,9","99999,9,9,9","999999,9,9,9","+9999,9","+9999,9","99999,9","24,0000,9,6",,,,,,,,,,,,,,,,,,,"240,M,+0228,5","240,N,+0106,5",,,,,,,"10156,9,99999,4",,,"1,24,00626,200,1350,5","2,24,00581,200,1328,5","3,24,00170,999,9999,5","SOD54524 HR PRECIPITATION (IN): 0.00 24 HR MAX TEMP (F): 7324 HR MAX TEMP TIME (LST):1240 24 HR MIN TEMP (F): 5124 HR MIN TEMP TIME (LST):0640 AVERAGE STATION PRESSURE:29.99  PEAK WIND SPEED (MPH): 14 PEAK WIND DIR (DEG):200 PEAK WIND TIME (LST):1350  FASTEST 2MIN SPEED (MPH): 13FASTEST 2MIN DIR (DEG):200 FASTEST 2MIN TIME (LST):1328 AVERAGE WIND SPEED (MPH): 3.8 24 HR AVG TEMP (F):62 HOURLY INCREMENTAL PRECIPITATION VALUES (IN):.00  .00  .00  .00  .00  .00  .00  .00  .00  .00  .00  .00  .00  .00  .00  .00  .00  .00  .00  .00  .00  .00  .00  .00","R01  0.007AAP092"
"72297793184","2000-03-20T07:59:00","6","33.68","-117.86639","16.5","SANTA ANA JOHN WAYNE AIRPORT, CA US","SOD  ","KSNA ","V020","999,9,9,9999,9","99999,9,9,9","999999,9,9,9","+9999,9","+9999,9","99999,9","24,0000,9,6",,,,,,,,,,,,,,,,,,,"240,M,+0206,5","240,N,+0111,5",,,,,,,"10098,9,99999,4",,,"1,24,00715,200,1652,5","2,24,00626,200,1655,5","3,24,00237,999,9999,5","SOD54524 HR PRECIPITATION (IN): 0.00 24 HR MAX TEMP (F): 6924 HR MAX TEMP TIME (LST):1233 24 HR MIN TEMP (F): 5224 HR MIN TEMP TIME (LST):0340 AVERAGE STATION PRESSURE:29.82  PEAK WIND SPEED (MPH): 16 PEAK WIND DIR (DEG):200 PEAK WIND TIME (LST):1652  FASTEST 2MIN SPEED (MPH): 14FASTEST 2MIN DIR (DEG):200 FASTEST 2MIN TIME (LST):1655 AVERAGE WIND SPEED (MPH): 5.3 24 HR AVG TEMP (F):61 HOURLY INCREMENTAL PRECIPITATION VALUES (IN):.00  .00  .00  .00  .00  .00  .00  .00  .00  .00  .00  .00  .00  .00  .00  .00  .00  .00  .00  .00  .00  .00  .00  .00","R01  0.007AAP092"
"72297793184","2000-03-21T07:59:00","6","33.68","-117.86639","16.5","SANTA ANA JOHN WAYNE AIRPORT, CA US","SOD  ","KSNA ","V020","999,9,9,9999,9","99999,9,9,9","999999,9,9,9","+9999,9","+9999,9","99999,9","24,0000,9,6",,,,,,,,,,,,,,,,,,,"240,M,+0228,5","240,N,+0139,5",,,,,,,"10041,9,99999,4",,,"1,24,01296,070,1203,5","2,24,00894,070,1459,5","3,24,00344,999,9999,5","SOD54524 HR PRECIPITATION (IN): 0.00 24 HR MAX TEMP (F): 7324 HR MAX TEMP TIME (LST):1434 24 HR MIN TEMP (F): 5724 HR MIN TEMP TIME (LST):0640 AVERAGE STATION PRESSURE:29.65  PEAK WIND SPEED (MPH): 29 PEAK WIND DIR (DEG):070 PEAK WIND TIME (LST):1203  FASTEST 2MIN SPEED (MPH): 20FASTEST 2MIN DIR (DEG):070 FASTEST 2MIN TIME (LST):1459 AVERAGE WIND SPEED (MPH): 7.7 24 HR AVG TEMP (F):65 HOURLY INCREMENTAL PRECIPITATION VALUES (IN):.00  .00  .00  .00  .00  .00  .00  .00  .00  .00  .00  .00  .00  .00  .00  .00  .00  .00  .00  .00  .00  .00  .00  .00","R01  0.007AAP092"
"72297793184","2000-03-22T07:59:00","6","33.68","-117.86639","16.5","SANTA ANA JOHN WAYNE AIRPORT, CA US","SOD  ","KSNA ","V020","999,9,9,9999,9","99999,9,9,9","999999,9,9,9","+9999,9","+9999,9","99999,9","24,0000,9,6",,,,,,,,,,,,,,,,,,,"240,M,+0217,5","240,N,+0122,5",,,,,,,"10098,9,99999,4",,,"1,24,01565,070,0850,5","2,24,01118,070,0851,5","3,24,00340,999,9999,5","SOD54524 HR PRECIPITATION (IN): 0.00 24 HR MAX TEMP (F): 7124 HR MAX TEMP TIME (LST):1348 24 HR MIN TEMP (F): 5424 HR MIN TEMP TIME (LST):2359 AVERAGE STATION PRESSURE:29.82  PEAK WIND SPEED (MPH): 35 PEAK WIND DIR (DEG):070 PEAK WIND TIME (LST):0850  FASTEST 2MIN SPEED (MPH): 25FASTEST 2MIN DIR (DEG):070 FASTEST 2MIN TIME (LST):0851 AVERAGE WIND SPEED (MPH): 7.6 24 HR AVG TEMP (F):63 HOURLY INCREMENTAL PRECIPITATION VALUES (IN):.00  .00  .00  .00  .00  .00  .00  .00  .00  .00  .00  .00  .00  .00  .00  .00  .00  .00  .00  .00  .00  .00  .00  .00","R01  0.007AAP092"
"72297793184","2000-03-23T07:59:00","6","33.68","-117.86639","16.5","SANTA ANA JOHN WAYNE AIRPORT, CA US","SOD  ","KSNA ","V020","999,9,9,9999,9","99999,9,9,9","999999,9,9,9","+9999,9","+9999,9","99999,9","24,0000,9,6",,,,,,,,,,,,,,,,,,,"240,M,+0200,5","240,N,+0089,5",,,,,,,"10149,9,99999,4",,,"1,24,00805,220,1544,5","2,24,00671,210,1550,5","3,24,00224,999,9999,5","SOD54524 HR PRECIPITATION (IN): 0.00 24 HR MAX TEMP (F): 6824 HR MAX TEMP TIME (LST):1347 24 HR MIN TEMP (F): 4824 HR MIN TEMP TIME (LST):0523 AVERAGE STATION PRESSURE:29.97  PEAK WIND SPEED (MPH): 18 PEAK WIND DIR (DEG):220 PEAK WIND TIME (LST):1544  FASTEST 2MIN SPEED (MPH): 15FASTEST 2MIN DIR (DEG):210 FASTEST 2MIN TIME (LST):1550 AVERAGE WIND SPEED (MPH): 5.0 24 HR AVG TEMP (F):58 HOURLY INCREMENTAL PRECIPITATION VALUES (IN):.00  .00  .00  .00  .00  .00  .00  .00  .00  .00  .00  .00  .00  .00  .00  .00  .00  .00  .00  .00  .00  .00  .00  .00","R01  0.007AAP092"
"72297793184","2000-03-24T07:59:00","6","33.68","-117.86639","16.5","SANTA ANA JOHN WAYNE AIRPORT, CA US","SOD  ","KSNA ","V020","999,9,9,9999,9","99999,9,9,9","999999,9,9,9","+9999,9","+9999,9","99999,9","24,0000,9,6",,,,,,,,,,,,,,,,,,,"240,M,+0194,5","240,N,+0089,5",,,,,,,"10149,9,99999,4",,,"1,24,00671,220,1531,5","2,24,00581,210,1531,5","3,24,00201,999,9999,5","SOD54524 HR PRECIPITATION (IN): 0.00 24 HR MAX TEMP (F): 6724 HR MAX TEMP TIME (LST):1455 24 HR MIN TEMP (F): 4824 HR MIN TEMP TIME (LST):0544 AVERAGE STATION PRESSURE:29.97  PEAK WIND SPEED (MPH): 15 PEAK WIND DIR (DEG):220 PEAK WIND TIME (LST):1531  FASTEST 2MIN SPEED (MPH): 13FASTEST 2MIN DIR (DEG):210 FASTEST 2MIN TIME (LST):1531 AVERAGE WIND SPEED (MPH): 4.5 24 HR AVG TEMP (F):58 HOURLY INCREMENTAL PRECIPITATION VALUES (IN):.00  .00  .00  .00  .00  .00  .00  .00  .00  .00  .00  .00  .00  .00  .00  .00  .00  .00  .00  .00  .00  .00  .00  .00","R01  0.007AAP092"
"72297793184","2000-03-25T07:59:00","6","33.68","-117.86639","16.5","SANTA ANA JOHN WAYNE AIRPORT, CA US","SOD  ","KSNA ","V020","999,9,9,9999,9","99999,9,9,9","999999,9,9,9","+9999,9","+9999,9","99999,9","24,0000,9,6",,,,,,,,,,,,,,,,,,,"240,M,+0194,5","240,N,+0100,5",,,,,,,"10119,9,99999,4",,,"1,24,00760,250,1454,5","2,24,00626,210,1329,5","3,24,00170,999,9999,5","SOD54524 HR PRECIPITATION (IN): 0.00 24 HR MAX TEMP (F): 6724 HR MAX TEMP TIME (LST):1325 24 HR MIN TEMP (F): 5024 HR MIN TEMP TIME (LST):0532 AVERAGE STATION PRESSURE:29.88  PEAK WIND SPEED (MPH): 17 PEAK WIND DIR (DEG):250 PEAK WIND TIME (LST):1454  FASTEST 2MIN SPEED (MPH): 14FASTEST 2MIN DIR (DEG):210 FASTEST 2MIN TIME (LST):1329 AVERAGE WIND SPEED (MPH): 3.8 24 HR AVG TEMP (F):59 HOURLY INCREMENTAL PRECIPITATION VALUES (IN):.00  .00  .00  .00  .00  .00  .00  .00  .00  .00  .00  .00  .00  .00  .00  .00  .00  .00  .00  .00  .00  .00  .00  .00","R01  0.007AAP092"
"72297793184","2000-03-26T07:59:00","6","33.68","-117.86639","16.5","SANTA ANA JOHN WAYNE AIRPORT, CA US","SOD  ","KSNA ","V020","999,9,9,9999,9","99999,9,9,9","999999,9,9,9","+9999,9","+9999,9","99999,9","24,0000,9,6",,,,,,,,,,,,,,,,,,,"240,M,+0178,5","240,N,+0106,5",,,,,,,"10156,9,99999,4",,,"1,24,00671,240,1611,5","2,24,00536,240,1612,5","3,24,00170,999,9999,5","SOD54524 HR PRECIPITATION (IN): 0.00 24 HR MAX TEMP (F): 6424 HR MAX TEMP TIME (LST):1421 24 HR MIN TEMP (F): 5124 HR MIN TEMP TIME (LST):0351 AVERAGE STATION PRESSURE:29.99  PEAK WIND SPEED (MPH): 15 PEAK WIND DIR (DEG):240 PEAK WIND TIME (LST):1611  FASTEST 2MIN SPEED (MPH): 12FASTEST 2MIN DIR (DEG):240 FASTEST 2MIN TIME (LST):1612 AVERAGE WIND SPEED (MPH): 3.8 24 HR AVG TEMP (F):58 HOURLY INCREMENTAL PRECIPITATION VALUES (IN):.00  .00  .00  .00  .00  .00  .00  .00  .00  .00  .00  .00  .00  .00  .00  .00  .00  .00  .00  .00  .00  .00  .00  .00","R01  0.007AAP092"
"72297793184","2000-03-27T07:59:00","6","33.68","-117.86639","16.5","SANTA ANA JOHN WAYNE AIRPORT, CA US","SOD  ","KSNA ","V020","999,9,9,9999,9","99999,9,9,9","999999,9,9,9","+9999,9","+9999,9","99999,9","24,0000,9,6",,,,,,,,,,,,,,,,,,,"240,M,+0200,5","240,N,+0094,5",,,,,,,"10176,9,99999,4",,,"1,24,00715,200,1419,5","2,24,00536,220,1500,5","3,24,00179,999,9999,5","SOD54524 HR PRECIPITATION (IN): 0.00 24 HR MAX TEMP (F): 6824 HR MAX TEMP TIME (LST):1349 24 HR MIN TEMP (F): 4924 HR MIN TEMP TIME (LST):0616 AVERAGE STATION PRESSURE:30.05  PEAK WIND SPEED (MPH): 16 PEAK WIND DIR (DEG):200 PEAK WIND TIME (LST):1419  FASTEST 2MIN SPEED (MPH): 12FASTEST 2MIN DIR (DEG):220 FASTEST 2MIN TIME (LST):1500 AVERAGE WIND SPEED (MPH): 4.0 24 HR AVG TEMP (F):59 HOURLY INCREMENTAL PRECIPITATION VALUES (IN):.00  .00  .00  .00  .00  .00  .00  .00  .00  .00  .00  .00  .00  .00  .00  .00  .00  .00  .00  .00  .00  .00  .00  .00","R01  0.007AAP092"
"72297793184","2000-03-28T07:59:00","6","33.68","-117.86639","16.5","SANTA ANA JOHN WAYNE AIRPORT, CA US","SOD  ","KSNA ","V020","999,9,9,9999,9","99999,9,9,9","999999,9,9,9","+9999,9","+9999,9","99999,9","24,0000,9,6",,,,,,,,,,,,,,,,,,,"240,M,+0172,5","240,N,+0122,5",,,,,,,"10122,9,99999,4",,,"1,24,00939,190,1609,5","2,24,00715,180,1612,5","3,24,00313,999,9999,5","SOD54524 HR PRECIPITATION (IN): 0.00 24 HR MAX TEMP (F): 6324 HR MAX TEMP TIME (LST):1441 24 HR MIN TEMP (F): 5424 HR MIN TEMP TIME (LST):2359 AVERAGE STATION PRESSURE:29.89  PEAK WIND SPEED (MPH): 21 PEAK WIND DIR (DEG):190 PEAK WIND TIME (LST):1609  FASTEST 2MIN SPEED (MPH): 16FASTEST 2MIN DIR (DEG):180 FASTEST 2MIN TIME (LST):1612 AVERAGE WIND SPEED (MPH): 7.0 24 HR AVG TEMP (F):59 HOURLY INCREMENTAL PRECIPITATION VALUES (IN):.00  .00  .00  .00  .00  .00  .00  .00  .00  .00  .00  .00  .00  .00  .00  .00  .00  .00  .00  .00  .00  .00  .00  .00","R01  0.007AAP092"
"72297793184","2000-03-29T07:59:00","6","33.68","-117.86639","16.5","SANTA ANA JOHN WAYNE AIRPORT, CA US","SOD  ","KSNA ","V020","999,9,9,9999,9","99999,9,9,9","999999,9,9,9","+9999,9","+9999,9","99999,9","24,0000,9,6",,,,,,,,,,,,,,,,,,,"240,M,+0178,5","240,N,+0117,5",,,,,,,"10098,9,99999,4",,,"1,24,00715,210,1524,5","2,24,00671,200,1435,5","3,24,00304,999,9999,5","SOD54524 HR PRECIPITATION (IN): 0.00 24 HR MAX TEMP (F): 6424 HR MAX TEMP TIME (LST):1359 24 HR MIN TEMP (F): 5324 HR MIN TEMP TIME (LST):0449 AVERAGE STATION PRESSURE:29.82  PEAK WIND SPEED (MPH): 16 PEAK WIND DIR (DEG):210 PEAK WIND TIME (LST):1524  FASTEST 2MIN SPEED (MPH): 15FASTEST 2MIN DIR (DEG):200 FASTEST 2MIN TIME (LST):1435 AVERAGE WIND SPEED (MPH): 6.8 24 HR AVG TEMP (F):59 HOURLY INCREMENTAL PRECIPITATION VALUES (IN):.00  .00  .00  .00  .00  .00  .00  .00  .00  .00  .00  .00  .00  .00  .00  .00  .00  .00  .00  .00  .00  .00  .00  .00","R01  0.007AAP092"
"72297793184","2000-03-30T07:59:00","6","33.68","-117.86639","16.5","SANTA ANA JOHN WAYNE AIRPORT, CA US","SOD  ","KSNA ","V020","999,9,9,9999,9","99999,9,9,9","999999,9,9,9","+9999,9","+9999,9","99999,9","24,0000,9,6",,,,,,,,,,,,,,,,,,,"240,M,+0183,5","240,N,+0111,5",,,,,,,"10125,9,99999,4",,,"1,24,00805,210,1230,5","2,24,00715,200,1230,5","3,24,00259,999,9999,5","SOD54524 HR PRECIPITATION (IN): 0.00 24 HR MAX TEMP (F): 6524 HR MAX TEMP TIME (LST):1336 24 HR MIN TEMP (F): 5224 HR MIN TEMP TIME (LST):0320 AVERAGE STATION PRESSURE:29.90  PEAK WIND SPEED (MPH): 18 PEAK WIND DIR (DEG):210 PEAK WIND TIME (LST):1230  FASTEST 2MIN SPEED (MPH): 16FASTEST 2MIN DIR (DEG):200 FASTEST 2MIN TIME (LST):1230 AVERAGE WIND SPEED (MPH): 5.8 24 HR AVG TEMP (F):59 HOURLY INCREMENTAL PRECIPITATION VALUES (IN):.00  .00  .00  .00  .00  .00  .00  .00  .00  .00  .00  .00  .00  .00  .00  .00  .00  .00  .00  .00  .00  .00  .00  .00","R01  0.007AAP092"
"72297793184","2000-03-31T07:59:00","6","33.68","-117.86639","16.5","SANTA ANA JOHN WAYNE AIRPORT, CA US","SOD  ","KSNA ","V020","999,9,9,9999,9","99999,9,9,9","999999,9,9,9","+9999,9","+9999,9","99999,9","24,0000,9,6",,,,,,,,,,,,,,,,,,,"240,M,+0189,5","240,N,+0122,5",,,,,,,"10125,9,99999,4",,,"1,24,00760,220,1257,5","2,24,00626,220,1307,5","3,24,00188,999,9999,5","SOD54524 HR PRECIPITATION (IN): 0.00 24 HR MAX TEMP (F): 6624 HR MAX TEMP TIME (LST):1326 24 HR MIN TEMP (F): 5424 HR MIN TEMP TIME (LST):0208 AVERAGE STATION PRESSURE:29.90  PEAK WIND SPEED (MPH): 17 PEAK WIND DIR (DEG):220 PEAK WIND TIME (LST):1257  FASTEST 2MIN SPEED (MPH): 14FASTEST 2MIN DIR (DEG):220 FASTEST 2MIN TIME (LST):1307 AVERAGE WIND SPEED (MPH): 4.2 24 HR AVG TEMP (F):60 HOURLY INCREMENTAL PRECIPITATION VALUES (IN):.00  .00  .00  .00  .00  .00  .00  .00  .00  .00  .00  .00  .00  .00  .00  .00  .00  .00  .00  .00  .00  .00  .00  .00","R01  0.007AAP092"
"72297793184","2000-04-01T07:59:00","6","33.68","-117.86639","16.5","SANTA ANA JOHN WAYNE AIRPORT, CA US","SOD  ","KSNA ","V020","999,9,9,9999,9","99999,9,9,9","999999,9,9,9","+9999,9","+9999,9","99999,9","24,0000,9,6",,,,,,,,,,,,,,,,,,,"240,M,+0283,5","240,N,+0094,5",,,,,,,"10108,9,99999,4",,,"1,24,01296,050,1107,5","2,24,01028,040,1108,5","3,24,00304,999,9999,5","SOD52324 HR PRECIPITATION (IN): 0.00 24 HR MAX TEMP (F): 8324 HR MAX TEMP TIME (LST):1556 24 HR MIN TEMP (F): 4924 HR MIN TEMP TIME (LST):0509 AVERAGE STATION PRESSURE:29.85  PEAK WIND SPEED (MPH): 29 PEAK WIND DIR (DEG):050 PEAK WIND TIME (LST):1107  FASTEST 2MIN SPEED (MPH): 23FASTEST 2MIN DIR (DEG):040 FASTEST 2MIN TIME (LST):1108 AVERAGE WIND SPEED (MPH): 6.8 HOURLY INCREMENTAL PRECIPITATION VALUES (IN):.00  .00  .00  .00  .00  .00  .00  .00  .00  .00  .00  .00  .00  .00  .00  .00  .00  .00  .00  .00  .00  .00  .00  .00","R01  0.007AAP092"
"72297793184","2000-04-01T07:59:00","6","33.68","-117.86639","16.5","SANTA ANA JOHN WAYNE AIRPORT, CA US","SOM  ","KSNA ","V020","999,9,9,9999,9","99999,9,9,9","999999,9,9,9","+9999,9","+9999,9","99999,9",,"00000,9,5","00000,9,9999,9999,9999,5","00,5,00,5,99,9,01,6",,,,,,,"060,9999,9,999999,7","080,9999,9,999999,7","100,9999,9,999999,7","120,9999,9,999999,7","150,9999,9,999999,7","180,9999,9,999999,7",,,,,,"744,N,+1117,5","744,M,+2028,5","744,A,+1572,5","744,H,0085,6","744,C,0001,6","00,5,00,5,00,5,00,5",,"10125,4,10163,4","10227,260956,5,10054,200531,5",,,,"SOM712PCP MTOT: 0.00 DEPNRM: 0.00 PCP GT 24HRS: 0.00 DAYS W/PCP >=.01: 0 DAYS W/PCP >=.10: 0 DAYS W/PCP >=1.00:  MSDP AMTS W/DATE-TIME TAGS:MIN:5  .00    /     MIN:10  .00    /     MIN:15  .00    /     MIN:20  .00    /     MIN:30  .00    /     MIN:45  .00    /     MIN:60  .00    /     MIN:80  .00    /     MIN:100  .00    /     MIN:120  .00    /     MIN:150  .00    /     MIN:180  .00    /     SN GT DP ON GRND:0 DATE(S):0  AVG DLY MIN: 52.1 AVG DLY MAX: 68.5 AVG MLY TMP: 60.3 DAYS MAX <=32:  DAYS MAX >=70: 0 DAYS MAX >=90: 0 DAYS MIN <=32: 0 DAYS MIN  <=0: 0 AVG STP:29.90  AVG SLP:30.01  LWST SLP:29.69 DATE/TIME:200531 HGST SLP:30.20 DATE/TIME:260956 HDD MTH TOT:  85 DEP NORM:-255 CDD MTH TOT:   1 DEP NORM:-255","R01     17AE4109R02   .007A01001R03   .007A02007R04   .007A03013R05   .007A04019R06   .007A05026R07   .007A06033R08   .007A07039R09   .007A08046R10   .007A09052R11   .007A10058R12   .007A11065R13   .007A12071R14    857KDH045R15     17KDC058"
"72297793184","2000-04-02T07:59:00","6","33.68","-117.86639","16.5","SANTA ANA JOHN WAYNE AIRPORT, CA US","SOD  ","KSNA ","V020","999,9,9,9999,9","99999,9,9,9","999999,9,9,9","+9999,9","+9999,9","99999,9","24,0000,9,5",,,,,,,,,,,,,,,,,,,"240,M,+0289,5","240,N,+0117,6",,,,,,,"10112,9,99999,4",,,"1,24,01475,070,0934,5","2,24,01252,060,0937,5","3,24,00452,999,9999,5","SOD54524 HR PRECIPITATION (IN): 0.00 24 HR MAX TEMP (F): 8424 HR MAX TEMP TIME (LST):1202 24 HR MIN TEMP (F): 5324 HR MIN TEMP TIME (LST):0150 AVERAGE STATION PRESSURE:29.86  PEAK WIND SPEED (MPH): 33 PEAK WIND DIR (DEG):070 PEAK WIND TIME (LST):0934  FASTEST 2MIN SPEED (MPH): 28FASTEST 2MIN DIR (DEG):060 FASTEST 2MIN TIME (LST):0937 AVERAGE WIND SPEED (MPH):10.1 24 HR AVG TEMP (F):69 HOURLY INCREMENTAL PRECIPITATION VALUES (IN):.00  .00  .00  .00  .00  .00  .00  .00  .00  .00  .00  .00  .00  .00  .00  .00  .00  .00  .00  .00  .00  .00  .00  .00","R01    537KAN014"
"72297793184","2000-04-03T07:59:00","6","33.68","-117.86639","16.5","SANTA ANA JOHN WAYNE AIRPORT, CA US","SOD  ","KSNA ","V020","999,9,9,9999,9","99999,9,9,9","999999,9,9,9","+9999,9","+9999,9","99999,9","24,0000,9,5",,,,,,,,,,,,,,,,,,,"240,M,+0233,5","240,N,+0117,5",,,,,,,"10132,9,99999,4",,,"1,24,00894,210,1205,5","2,24,00760,220,1205,5","3,24,00291,999,9999,5","SOD54524 HR PRECIPITATION (IN): 0.00 24 HR MAX TEMP (F): 7424 HR MAX TEMP TIME (LST):1154 24 HR MIN TEMP (F): 5324 HR MIN TEMP TIME (LST):0603 AVERAGE STATION PRESSURE:29.92  PEAK WIND SPEED (MPH): 20 PEAK WIND DIR (DEG):210 PEAK WIND TIME (LST):1205  FASTEST 2MIN SPEED (MPH): 17FASTEST 2MIN DIR (DEG):220 FASTEST 2MIN TIME (LST):1205 AVERAGE WIND SPEED (MPH): 6.5 24 HR AVG TEMP (F):64 HOURLY INCREMENTAL PRECIPITATION VALUES (IN):.00  .00  .00  .00  .00  .00  .00  .00  .00  .00  .00  .00  .00  .00  .00  .00  .00  .00  .00  .00  .00  .00  .00  .00",
"72297793184","2000-04-04T07:59:00","6","33.68","-117.86639","16.5","SANTA ANA JOHN WAYNE AIRPORT, CA US","SOD  ","KSNA ","V020","999,9,9,9999,9","99999,9,9,9","999999,9,9,9","+9999,9","+9999,9","99999,9","24,0000,9,5",,,,,,,,,,,,,,,,,,,"240,M,+0217,5","240,N,+0122,5",,,,,,,"10179,9,99999,4",,,"1,24,00715,200,1416,5","2,24,00626,190,1413,5","3,24,00201,999,9999,5","SOD54524 HR PRECIPITATION (IN): 0.00 24 HR MAX TEMP (F): 7124 HR MAX TEMP TIME (LST):1614 24 HR MIN TEMP (F): 5424 HR MIN TEMP TIME (LST):0442 AVERAGE STATION PRESSURE:30.06  PEAK WIND SPEED (MPH): 16 PEAK WIND DIR (DEG):200 PEAK WIND TIME (LST):1416  FASTEST 2MIN SPEED (MPH): 14FASTEST 2MIN DIR (DEG):190 FASTEST 2MIN TIME (LST):1413 AVERAGE WIND SPEED (MPH): 4.5 24 HR AVG TEMP (F):63 HOURLY INCREMENTAL PRECIPITATION VALUES (IN):.00  .00  .00  .00  .00  .00  .00  .00  .00  .00  .00  .00  .00  .00  .00  .00  .00  .00  .00  .00  .00  .00  .00  .00",
"72297793184","2000-04-05T07:59:00","6","33.68","-117.86639","16.5","SANTA ANA JOHN WAYNE AIRPORT, CA US","SOD  ","KSNA ","V020","999,9,9,9999,9","99999,9,9,9","999999,9,9,9","+9999,9","+9999,9","99999,9","24,0000,9,5",,,,,,,,,,,,,,,,,,,"240,M,+0233,5","240,N,+0133,5",,,,,,,"10146,9,99999,4",,,"1,24,00715,200,1057,5","2,24,00581,210,1635,5","3,24,00179,999,9999,5","SOD54524 HR PRECIPITATION (IN): 0.00 24 HR MAX TEMP (F): 7424 HR MAX TEMP TIME (LST):1412 24 HR MIN TEMP (F): 5624 HR MIN TEMP TIME (LST):2348 AVERAGE STATION PRESSURE:29.96  PEAK WIND SPEED (MPH): 16 PEAK WIND DIR (DEG):200 PEAK WIND TIME (LST):1057  FASTEST 2MIN SPEED (MPH): 13FASTEST 2MIN DIR (DEG):210 FASTEST 2MIN TIME (LST):1635 AVERAGE WIND SPEED (MPH): 4.0 24 HR AVG TEMP (F):65 HOURLY INCREMENTAL PRECIPITATION VALUES (IN):.00  .00  .00  .00  .00  .00  .00  .00  .00  .00  .00  .00  .00  .00  .00  .00  .00  .00  .00  .00  .00  .00  .00  .00",
"72297793184","2000-04-06T07:59:00","6","33.68","-117.86639","16.5","SANTA ANA JOHN WAYNE AIRPORT, CA US","SOD  ","KSNA ","V020","999,9,9,9999,9","99999,9,9,9","999999,9,9,9","+9999,9","+9999,9","99999,9","24,0000,9,5",,,,,,,,,,,,,,,,,,,"240,M,+0194,5","240,N,+0128,5",,,,,,,"10132,9,99999,4",,,"1,24,00983,200,1349,5","2,24,00760,210,1407,5","3,24,00295,999,9999,5","SOD54524 HR PRECIPITATION (IN): 0.00 24 HR MAX TEMP (F): 6724 HR MAX TEMP TIME (LST):1225 24 HR MIN TEMP (F): 5524 HR MIN TEMP TIME (LST):0209 AVERAGE STATION PRESSURE:29.92  PEAK WIND SPEED (MPH): 22 PEAK WIND DIR (DEG):200 PEAK WIND TIME (LST):1349  FASTEST 2MIN SPEED (MPH): 17FASTEST 2MIN DIR (DEG):210 FASTEST 2MIN TIME (LST):1407 AVERAGE WIND SPEED (MPH): 6.6 24 HR AVG TEMP (F):61 HOURLY INCREMENTAL PRECIPITATION VALUES (IN):.00  .00  .00  .00  .00  .00  .00  .00  .00  .00  .00  .00  .00  .00  .00  .00  .00  .00  .00  .00  .00  .00  .00  .00",
"72297793184","2000-04-07T07:59:00","6","33.68","-117.86639","16.5","SANTA ANA JOHN WAYNE AIRPORT, CA US","SOD  ","KSNA ","V020","999,9,9,9999,9","99999,9,9,9","999999,9,9,9","+9999,9","+9999,9","99999,9","24,0000,9,5",,,,,,,,,,,,,,,,,,,"240,M,+0189,5","240,N,+0128,5",,,,,,,"10156,9,99999,4",,,"1,24,00715,220,1241,5","2,24,00581,210,1302,5","3,24,00259,999,9999,5","SOD54524 HR PRECIPITATION (IN): 0.00 24 HR MAX TEMP (F): 6624 HR MAX TEMP TIME (LST):1434 24 HR MIN TEMP (F): 5524 HR MIN TEMP TIME (LST):0520 AVERAGE STATION PRESSURE:29.99  PEAK WIND SPEED (MPH): 16 PEAK WIND DIR (DEG):220 PEAK WIND TIME (LST):1241  FASTEST 2MIN SPEED (MPH): 13FASTEST 2MIN DIR (DEG):210 FASTEST 2MIN TIME (LST):1302 AVERAGE WIND SPEED (MPH): 5.8 24 HR AVG TEMP (F):61 HOURLY INCREMENTAL PRECIPITATION VALUES (IN):.00  .00  .00  .00  .00  .00  .00  .00  .00  .00  .00  .00  .00  .00  .00  .00  .00  .00  .00  .00  .00  .00  .00  .00",
"72297793184","2000-04-08T07:59:00","6","33.68","-117.86639","16.5","SANTA ANA JOHN WAYNE AIRPORT, CA US","SOD  ","KSNA ","V020","999,9,9,9999,9","99999,9,9,9","999999,9,9,9","+9999,9","+9999,9","99999,9","24,0000,9,5",,,,,,,,,,,,,,,,,,,"240,M,+0200,5","240,N,+0139,5",,,,,,,"10156,9,99999,4",,,"1,24,00760,220,1141,5","2,24,00626,230,1142,5","3,24,00174,999,9999,5","SOD54524 HR PRECIPITATION (IN): 0.00 24 HR MAX TEMP (F): 6824 HR MAX TEMP TIME (LST):1057 24 HR MIN TEMP (F): 5724 HR MIN TEMP TIME (LST):0103 AVERAGE STATION PRESSURE:29.99  PEAK WIND SPEED (MPH): 17 PEAK WIND DIR (DEG):220 PEAK WIND TIME (LST):1141  FASTEST 2MIN SPEED (MPH): 14FASTEST 2MIN DIR (DEG):230 FASTEST 2MIN TIME (LST):1142 AVERAGE WIND SPEED (MPH): 3.9 24 HR AVG TEMP (F):63 HOURLY INCREMENTAL PRECIPITATION VALUES (IN):.00  .00  .00  .00  .00  .00  .00  .00  .00  .00  .00  .00  .00  .00  .00  .00  .00  .00  .00  .00  .00  .00  .00  .00",
"72297793184","2000-04-09T07:59:00","6","33.68","-117.86639","16.5","SANTA ANA JOHN WAYNE AIRPORT, CA US","SOD  ","KSNA ","V020","999,9,9,9999,9","99999,9,9,9","999999,9,9,9","+9999,9","+9999,9","99999,9","24,0000,9,5",,,,,,,,,,,,,,,,,,,"240,M,+0228,5","240,N,+0128,5",,,,,,,"10135,9,99999,4",,,"1,24,00671,220,1350,5","2,24,00536,200,2130,5","3,24,00219,999,9999,5","SOD54524 HR PRECIPITATION (IN): 0.00 24 HR MAX TEMP (F): 7324 HR MAX TEMP TIME (LST):1518 24 HR MIN TEMP (F): 5524 HR MIN TEMP TIME (LST):0640 AVERAGE STATION PRESSURE:29.93  PEAK WIND SPEED (MPH): 15 PEAK WIND DIR (DEG):220 PEAK WIND TIME (LST):1350  FASTEST 2MIN SPEED (MPH): 12FASTEST 2MIN DIR (DEG):200 FASTEST 2MIN TIME (LST):2130 AVERAGE WIND SPEED (MPH): 4.9 24 HR AVG TEMP (F):64 HOURLY INCREMENTAL PRECIPITATION VALUES (IN):.00  .00  .00  .00  .00  .00  .00  .00  .00  .00  .00  .00  .00  .00  .00  .00  .00  .00  .00  .00  .00  .00  .00  .00",
"72297793184","2000-04-10T07:59:00","6","33.68","-117.86639","16.5","SANTA ANA JOHN WAYNE AIRPORT, CA US","SOD  ","KSNA ","V020","999,9,9,9999,9","99999,9,9,9","999999,9,9,9","+9999,9","+9999,9","99999,9","24,0000,9,5",,,,,,,,,,,,,,,,,,,"240,M,+0206,5","240,N,+0106,5",,,,,,,"10119,9,99999,4",,,"1,24,00760,230,1135,5","2,24,00626,220,1307,5","3,24,00255,999,9999,5","SOD54524 HR PRECIPITATION (IN): 0.00 24 HR MAX TEMP (F): 6924 HR MAX TEMP TIME (LST):1456 24 HR MIN TEMP (F): 5124 HR MIN TEMP TIME (LST):0551 AVERAGE STATION PRESSURE:29.88  PEAK WIND SPEED (MPH): 17 PEAK WIND DIR (DEG):230 PEAK WIND TIME (LST):1135  FASTEST 2MIN SPEED (MPH): 14FASTEST 2MIN DIR (DEG):220 FASTEST 2MIN TIME (LST):1307 AVERAGE WIND SPEED (MPH): 5.7 24 HR AVG TEMP (F):60 HOURLY INCREMENTAL PRECIPITATION VALUES (IN):.00  .00  .00  .00  .00  .00  .00  .00  .00  .00  .00  .00  .00  .00  .00  .00  .00  .00  .00  .00  .00  .00  .00  .00",
"72297793184","2000-04-11T07:59:00","6","33.68","-117.86639","16.5","SANTA ANA JOHN WAYNE AIRPORT, CA US","SOD  ","KSNA ","V020","999,9,9,9999,9","99999,9,9,9","999999,9,9,9","+9999,9","+9999,9","99999,9","24,0000,9,5",,,,,,,,,,,,,,,,,,,"240,M,+0206,5","240,N,+0117,5",,,,,,,"10112,9,99999,4",,,"1,24,00715,230,1500,5","2,24,00581,220,1507,5","3,24,00259,999,9999,5","SOD54524 HR PRECIPITATION (IN): 0.00 24 HR MAX TEMP (F): 6924 HR MAX TEMP TIME (LST):1336 24 HR MIN TEMP (F): 5324 HR MIN TEMP TIME (LST):0500 AVERAGE STATION PRESSURE:29.86  PEAK WIND SPEED (MPH): 16 PEAK WIND DIR (DEG):230 PEAK WIND TIME (LST):1500  FASTEST 2MIN SPEED (MPH): 13FASTEST 2MIN DIR (DEG):220 FASTEST 2MIN TIME (LST):1507 AVERAGE WIND SPEED (MPH): 5.8 24 HR AVG TEMP (F):61 HOURLY INCREMENTAL PRECIPITATION VALUES (IN):.00  .00  .00  .00  .00  .00  .00  .00  .00  .00  .00  .00  .00  .00  .00  .00  .00  .00  .00  .00  .00  .00  .00  .00",
"72297793184","2000-04-12T07:59:00","6","33.68","-117.86639","16.5","SANTA ANA JOHN WAYNE AIRPORT, CA US","SOD  ","KSNA ","V020","999,9,9,9999,9","99999,9,9,9","999999,9,9,9","+9999,9","+9999,9","99999,9","24,0000,9,5",,,,,,,,,,,,,,,,,,,"240,M,+0228,5","240,N,+0117,5",,,,,,,"10125,9,99999,4",,,"1,24,00671,200,1422,5","2,24,00581,200,1255,5","3,24,00228,999,9999,5","SOD54524 HR PRECIPITATION (IN): 0.00 24 HR MAX TEMP (F): 7324 HR MAX TEMP TIME (LST):1444 24 HR MIN TEMP (F): 5324 HR MIN TEMP TIME (LST):0559 AVERAGE STATION PRESSURE:29.90  PEAK WIND SPEED (MPH): 15 PEAK WIND DIR (DEG):200 PEAK WIND TIME (LST):1422  FASTEST 2MIN SPEED (MPH): 13FASTEST 2MIN DIR (DEG):200 FASTEST 2MIN TIME (LST):1255 AVERAGE WIND SPEED (MPH): 5.1 24 HR AVG TEMP (F):63 HOURLY INCREMENTAL PRECIPITATION VALUES (IN):.00  .00  .00  .00  .00  .00  .00  .00  .00  .00  .00  .00  .00  .00  .00  .00  .00  .00  .00  .00  .00  .00  .00  .00",
"72297793184","2000-04-13T07:59:00","6","33.68","-117.86639","16.5","SANTA ANA JOHN WAYNE AIRPORT, CA US","SOD  ","KSNA ","V020","999,9,9,9999,9","99999,9,9,9","999999,9,9,9","+9999,9","+9999,9","99999,9","24,0000,9,5",,,,,,,,,,,,,,,,,,,"240,M,+0222,5","240,N,+0128,5",,,,,,,"10152,9,99999,4",,,"1,24,00671,220,1225,5","2,24,00536,210,2109,5","3,24,00268,999,9999,5","SOD54524 HR PRECIPITATION (IN): 0.00 24 HR MAX TEMP (F): 7224 HR MAX TEMP TIME (LST):1204 24 HR MIN TEMP (F): 5524 HR MIN TEMP TIME (LST):2328 AVERAGE STATION PRESSURE:29.98  PEAK WIND SPEED (MPH): 15 PEAK WIND DIR (DEG):220 PEAK WIND TIME (LST):1225  FASTEST 2MIN SPEED (MPH): 12FASTEST 2MIN DIR (DEG):210 FASTEST 2MIN TIME (LST):2109 AVERAGE WIND SPEED (MPH): 6.0 24 HR AVG TEMP (F):64 HOURLY INCREMENTAL PRECIPITATION VALUES (IN):.00  .00  .00  .00  .00  .00  .00  .00  .00  .00  .00  .00  .00  .00  .00  .00  .00  .00  .00  .00  .00  .00  .00  .00",
"72297793184","2000-04-14T07:59:00","6","33.68","-117.86639","16.5","SANTA ANA JOHN WAYNE AIRPORT, CA US","SOD  ","KSNA ","V020","999,9,9,9999,9","99999,9,9,9","999999,9,9,9","+9999,9","+9999,9","99999,9","24,0000,9,5",,,,,,,,,,,,,,,,,,,"240,M,+0222,5","240,N,+0122,5",,,,,,,"10146,9,99999,4",,,"1,24,00715,230,1256,5","2,24,00581,220,1422,5","3,24,00264,999,9999,5","SOD54524 HR PRECIPITATION (IN): 0.00 24 HR MAX TEMP (F): 7224 HR MAX TEMP TIME (LST):1405 24 HR MIN TEMP (F): 5424 HR MIN TEMP TIME (LST):0453 AVERAGE STATION PRESSURE:29.96  PEAK WIND SPEED (MPH): 16 PEAK WIND DIR (DEG):230 PEAK WIND TIME (LST):1256  FASTEST 2MIN SPEED (MPH): 13FASTEST 2MIN DIR (DEG):220 FASTEST 2MIN TIME (LST):1422 AVERAGE WIND SPEED (MPH): 5.9 24 HR AVG TEMP (F):63 HOURLY INCREMENTAL PRECIPITATION VALUES (IN):.00  .00  .00  .00  .00  .00  .00  .00  .00  .00  .00  .00  .00  .00  .00  .00  .00  .00  .00  .00  .00  .00  .00  .00",
"72297793184","2000-04-15T07:59:00","6","33.68","-117.86639","16.5","SANTA ANA JOHN WAYNE AIRPORT, CA US","SOD  ","KSNA ","V020","999,9,9,9999,9","99999,9,9,9","999999,9,9,9","+9999,9","+9999,9","99999,9","24,0000,9,5",,,,,,,,,,,,,,,,,,,"240,M,+0189,5","240,N,+0139,5",,,,,,,"10119,9,99999,4",,,"1,24,01028,240,1540,5","2,24,00715,220,1608,5","3,24,00335,999,9999,5","SOD54524 HR PRECIPITATION (IN): 0.00 24 HR MAX TEMP (F): 6624 HR MAX TEMP TIME (LST):1419 24 HR MIN TEMP (F): 5724 HR MIN TEMP TIME (LST):2238 AVERAGE STATION PRESSURE:29.88  PEAK WIND SPEED (MPH): 23 PEAK WIND DIR (DEG):240 PEAK WIND TIME (LST):1540  FASTEST 2MIN SPEED (MPH): 16FASTEST 2MIN DIR (DEG):220 FASTEST 2MIN TIME (LST):1608 AVERAGE WIND SPEED (MPH): 7.5 24 HR AVG TEMP (F):62 HOURLY INCREMENTAL PRECIPITATION VALUES (IN):.00  .00  .00  .00  .00  .00  .00  .00  .00  .00  .00  .00  .00  .00  .00  .00  .00  .00  .00  .00  .00  .00  .00  .00",
"72297793184","2000-04-16T07:59:00","6","33.68","-117.86639","16.5","SANTA ANA JOHN WAYNE AIRPORT, CA US","SOD  ","KSNA ","V020","999,9,9,9999,9","99999,9,9,9","999999,9,9,9","+9999,9","+9999,9","99999,9","24,0000,2,5",,,,,,,,,,,,,,,,,,,"240,M,+0194,5","240,N,+0139,5",,,,,,,"10122,9,99999,4",,,"1,24,00894,190,1408,5","2,24,00671,210,1426,5","3,24,00282,999,9999,5","SOD54524 HR PRECIPITATION (IN):  T   24 HR MAX TEMP (F): 6724 HR MAX TEMP TIME (LST):1509 24 HR MIN TEMP (F): 5724 HR MIN TEMP TIME (LST):2359 AVERAGE STATION PRESSURE:29.89  PEAK WIND SPEED (MPH): 20 PEAK WIND DIR (DEG):190 PEAK WIND TIME (LST):1408  FASTEST 2MIN SPEED (MPH): 15FASTEST 2MIN DIR (DEG):210 FASTEST 2MIN TIME (LST):1426 AVERAGE WIND SPEED (MPH): 6.3 24 HR AVG TEMP (F):62 HOURLY INCREMENTAL PRECIPITATION VALUES (IN): T    T    T   .00  .00  .00  .00  .00  .00  .00  .00  .00  .00  .00  .00  .00  .00  .00  .00  .00  .00  .00  .00  .00",
"72297793184","2000-04-17T07:59:00","6","33.68","-117.86639","16.5","SANTA ANA JOHN WAYNE AIRPORT, CA US","SOD  ","KSNA ","V020","999,9,9,9999,9","99999,9,9,9","999999,9,9,9","+9999,9","+9999,9","99999,9","24,0000,9,6",,,,,,,,,,,,,,,,,,,"240,M,+0200,5","240,N,+0133,5",,,,,,,"10125,9,99999,4",,,"1,24,00894,200,1354,5","2,24,00671,210,1355,5","3,24,00331,999,9999,5","SOD54524 HR PRECIPITATION (IN): 0.00 24 HR MAX TEMP (F): 6824 HR MAX TEMP TIME (LST):1132 24 HR MIN TEMP (F): 5624 HR MIN TEMP TIME (LST):0601 AVERAGE STATION PRESSURE:29.90  PEAK WIND SPEED (MPH): 20 PEAK WIND DIR (DEG):200 PEAK WIND TIME (LST):1354  FASTEST 2MIN SPEED (MPH): 15FASTEST 2MIN DIR (DEG):210 FASTEST 2MIN TIME (LST):1355 AVERAGE WIND SPEED (MPH): 7.4 24 HR AVG TEMP (F):62 HOURLY INCREMENTAL PRECIPITATION VALUES (IN):.00  .00  .00  .00  .00  .00  .00  .00  .00  .00  .00  .00  .00  .00  .00  .00  .00  .00  .00  .00  .00  .00  .00  .00","R01  0.007AAP092"
"72297793184","2000-04-18T07:59:00","6","33.68","-117.86639","16.5","SANTA ANA JOHN WAYNE AIRPORT, CA US","SOD  ","KSNA ","V020","999,9,9,9999,9","99999,9,9,9","999999,9,9,9","+9999,9","+9999,9","99999,9","24,0150,9,5",,,,,,,,,,,,,,,,,,,"240,M,+0183,5","240,N,+0117,5",,,,,,,"10115,9,99999,4",,,"1,24,01341,180,1353,5","2,24,01028,170,1355,5","3,24,00393,999,9999,5","SOD54524 HR PRECIPITATION (IN): 0.59 24 HR MAX TEMP (F): 6524 HR MAX TEMP TIME (LST):1122 24 HR MIN TEMP (F): 5324 HR MIN TEMP TIME (LST):2359 AVERAGE STATION PRESSURE:29.87  PEAK WIND SPEED (MPH): 30 PEAK WIND DIR (DEG):180 PEAK WIND TIME (LST):1353  FASTEST 2MIN SPEED (MPH): 23FASTEST 2MIN DIR (DEG):170 FASTEST 2MIN TIME (LST):1355 AVERAGE WIND SPEED (MPH): 8.8 24 HR AVG TEMP (F):59 HOURLY INCREMENTAL PRECIPITATION VALUES (IN):.00  .00  .00  .00  .00  .00  .00  .00  .00  .00  .00   T   .05  .17  .06  .13  .08  .09  .01  .00  .00  .00  .00  .00",
"72297793184","2000-04-19T07:59:00","6","33.68","-117.86639","16.5","SANTA ANA JOHN WAYNE AIRPORT, CA US","SOD  ","KSNA ","V020","999,9,9,9999,9","99999,9,9,9","999999,9,9,9","+9999,9","+9999,9","99999,9","24,0023,9,5",,,,,,,,,,,,,,,,,,,"240,M,+0183,5","240,N,+0111,5",,,,,,,"10152,9,99999,4",,,"1,24,01028,190,0752,5","2,24,00894,210,0757,5","3,24,00344,999,9999,5","SOD54524 HR PRECIPITATION (IN): 0.09 24 HR MAX TEMP (F): 6524 HR MAX TEMP TIME (LST):1250 24 HR MIN TEMP (F): 5224 HR MIN TEMP TIME (LST):0538 AVERAGE STATION PRESSURE:29.98  PEAK WIND SPEED (MPH): 23 PEAK WIND DIR (DEG):190 PEAK WIND TIME (LST):0752  FASTEST 2MIN SPEED (MPH): 20FASTEST 2MIN DIR (DEG):210 FASTEST 2MIN TIME (LST):0757 AVERAGE WIND SPEED (MPH): 7.7 24 HR AVG TEMP (F):59 HOURLY INCREMENTAL PRECIPITATION VALUES (IN):.00   T   .01   T   .04  .04  .00  .00   T    T   .00  .00  .00  .00  .00  .00  .00  .00  .00  .00  .00  .00  .00  .00",
"72297793184","2000-04-20T07:59:00","6","33.68","-117.86639","16.5","SANTA ANA JOHN WAYNE AIRPORT, CA US","SOD  ","KSNA ","V020","999,9,9,9999,9","99999,9,9,9","999999,9,9,9","+9999,9","+9999,9","99999,9","24,0000,9,6",,,,,,,,,,,,,,,,,,,"240,M,+0194,5","240,N,+0106,5",,,,,,,"10156,9,99999,4",,,"1,24,00939,210,1018,5","2,24,00581,210,1146,5","3,24,00165,999,9999,5","SOD52324 HR PRECIPITATION (IN): 0.00 24 HR MAX TEMP (F): 6724 HR MAX TEMP TIME (LST):1356 24 HR MIN TEMP (F): 5124 HR MIN TEMP TIME (LST):0500 AVERAGE STATION PRESSURE:29.99  PEAK WIND SPEED (MPH): 21 PEAK WIND DIR (DEG):210 PEAK WIND TIME (LST):1018  FASTEST 2MIN SPEED (MPH): 13FASTEST 2MIN DIR (DEG):210 FASTEST 2MIN TIME (LST):1146 AVERAGE WIND SPEED (MPH): 3.7 HOURLY INCREMENTAL PRECIPITATION VALUES (IN):.00  .00  .00  .00  .00  .00  .00  .00  .00  .00  .00  .00  .00  .00  .00  .00  .00  .00  .00  .00  .00  .00  .00  .00","R01  0.007AAP092"
"72297793184","2000-04-21T07:59:00","6","33.68","-117.86639","16.5","SANTA ANA JOHN WAYNE AIRPORT, CA US","SOD  ","KSNA ","V020","999,9,9,9999,9","99999,9,9,9","999999,9,9,9","+9999,9","+9999,9","99999,9","24,0000,9,6",,,,,,,,,,,,,,,,,,,"240,M,+0228,5","240,N,+0117,5",,,,,,,"10108,9,99999,4",,,"1,24,00715,270,1616,5","2,24,00626,210,1224,5","3,24,00206,999,9999,5","SOD54524 HR PRECIPITATION (IN): 0.00 24 HR MAX TEMP (F): 7324 HR MAX TEMP TIME (LST):1553 24 HR MIN TEMP (F): 5324 HR MIN TEMP TIME (LST):0538 AVERAGE STATION PRESSURE:29.85  PEAK WIND SPEED (MPH): 16 PEAK WIND DIR (DEG):270 PEAK WIND TIME (LST):1616  FASTEST 2MIN SPEED (MPH): 14FASTEST 2MIN DIR (DEG):210 FASTEST 2MIN TIME (LST):1224 AVERAGE WIND SPEED (MPH): 4.6 24 HR AVG TEMP (F):63 HOURLY INCREMENTAL PRECIPITATION VALUES (IN):.00  .00  .00  .00  .00  .00  .00  .00  .00  .00  .00  .00  .00  .00  .00  .00  .00  .00  .00  .00  .00  .00  .00  .00","R01  0.007AAP092"
"72297793184","2000-04-22T07:59:00","6","33.68","-117.86639","16.5","SANTA ANA JOHN WAYNE AIRPORT, CA US","SOD  ","KSNA ","V020","999,9,9,9999,9","99999,9,9,9","999999,9,9,9","+9999,9","+9999,9","99999,9","24,0000,9,6",,,,,,,,,,,,,,,,,,,"240,M,+0194,5","240,N,+0128,5",,,,,,,"10115,9,99999,4",,,"1,24,01073,200,1209,5","2,24,00894,180,1302,5","3,24,00407,999,9999,5","SOD54524 HR PRECIPITATION (IN): 0.00 24 HR MAX TEMP (F): 6724 HR MAX TEMP TIME (LST):1210 24 HR MIN TEMP (F): 5524 HR MIN TEMP TIME (LST):0145 AVERAGE STATION PRESSURE:29.87  PEAK WIND SPEED (MPH): 24 PEAK WIND DIR (DEG):200 PEAK WIND TIME (LST):1209  FASTEST 2MIN SPEED (MPH): 20FASTEST 2MIN DIR (DEG):180 FASTEST 2MIN TIME (LST):1302 AVERAGE WIND SPEED (MPH): 9.1 24 HR AVG TEMP (F):61 HOURLY INCREMENTAL PRECIPITATION VALUES (IN):.00  .00  .00  .00  .00  .00  .00  .00  .00  .00  .00  .00  .00  .00  .00  .00  .00  .00  .00  .00  .00  .00  .00  .00","R01  0.007AAP092"
"72297793184","2000-04-23T07:59:00","6","33.68","-117.86639","16.5","SANTA ANA JOHN WAYNE AIRPORT, CA US","SOD  ","KSNA ","V020","999,9,9,9999,9","99999,9,9,9","999999,9,9,9","+9999,9","+9999,9","99999,9","24,0000,2,5",,,,,,,,,,,,,,,,,,,"240,M,+0194,5","240,N,+0133,5",,,,,,,"10149,9,99999,4",,,"1,24,00805,210,1534,5","2,24,00671,210,1535,5","3,24,00304,999,9999,5","SOD54524 HR PRECIPITATION (IN):  T   24 HR MAX TEMP (F): 6724 HR MAX TEMP TIME (LST):1333 24 HR MIN TEMP (F): 5624 HR MIN TEMP TIME (LST):2359 AVERAGE STATION PRESSURE:29.97  PEAK WIND SPEED (MPH): 18 PEAK WIND DIR (DEG):210 PEAK WIND TIME (LST):1534  FASTEST 2MIN SPEED (MPH): 15FASTEST 2MIN DIR (DEG):210 FASTEST 2MIN TIME (LST):1535 AVERAGE WIND SPEED (MPH): 6.8 24 HR AVG TEMP (F):62 HOURLY INCREMENTAL PRECIPITATION VALUES (IN): T   .00  .00  .00  .00  .00  .00  .00  .00  .00  .00  .00  .00  .00  .00  .00  .00  .00  .00  .00  .00  .00  .00  .00",
"72297793184","2000-04-24T07:59:00","6","33.68","-117.86639","16.5","SANTA ANA JOHN WAYNE AIRPORT, CA US","SOD  ","KSNA ","V020","999,9,9,9999,9","99999,9,9,9","999999,9,9,9","+9999,9","+9999,9","99999,9","24,0000,9,6",,,,,,,,,,,,,,,,,,,"240,M,+0200,5","240,N,+0128,5",,,,,,,"10135,9,99999,4",,,"1,24,00805,190,1256,5","2,24,00671,190,1250,5","3,24,00206,999,9999,5","SOD54524 HR PRECIPITATION (IN): 0.00 24 HR MAX TEMP (F): 6824 HR MAX TEMP TIME (LST):1403 24 HR MIN TEMP (F): 5524 HR MIN TEMP TIME (LST):0114 AVERAGE STATION PRESSURE:29.93  PEAK WIND SPEED (MPH): 18 PEAK WIND DIR (DEG):190 PEAK WIND TIME (LST):1256  FASTEST 2MIN SPEED (MPH): 15FASTEST 2MIN DIR (DEG):190 FASTEST 2MIN TIME (LST):1250 AVERAGE WIND SPEED (MPH): 4.6 24 HR AVG TEMP (F):62 HOURLY INCREMENTAL PRECIPITATION VALUES (IN):.00  .00  .00  .00  .00  .00  .00  .00  .00  .00  .00  .00  .00  .00  .00  .00  .00  .00  .00  .00  .00  .00  .00  .00","R01  0.007AAP092"
"72297793184","2000-04-25T07:59:00","6","33.68","-117.86639","16.5","SANTA ANA JOHN WAYNE AIRPORT, CA US","SOD  ","KSNA ","V020","999,9,9,9999,9","99999,9,9,9","999999,9,9,9","+9999,9","+9999,9","99999,9","24,0000,9,6",,,,,,,,,,,,,,,,,,,"240,M,+0228,5","240,N,+0122,5",,,,,,,"10108,9,99999,4",,,"1,24,00626,220,1302,5","2,24,00536,230,1303,5","3,24,00206,999,9999,5","SOD54524 HR PRECIPITATION (IN): 0.00 24 HR MAX TEMP (F): 7324 HR MAX TEMP TIME (LST):1303 24 HR MIN TEMP (F): 5424 HR MIN TEMP TIME (LST):0538 AVERAGE STATION PRESSURE:29.85  PEAK WIND SPEED (MPH): 14 PEAK WIND DIR (DEG):220 PEAK WIND TIME (LST):1302  FASTEST 2MIN SPEED (MPH): 12FASTEST 2MIN DIR (DEG):230 FASTEST 2MIN TIME (LST):1303 AVERAGE WIND SPEED (MPH): 4.6 24 HR AVG TEMP (F):64 HOURLY INCREMENTAL PRECIPITATION VALUES (IN):.00  .00  .00  .00  .00  .00  .00  .00  .00  .00  .00  .00  .00  .00  .00  .00  .00  .00  .00  .00  .00  .00  .00  .00","R01  0.007AAP092"
"72297793184","2000-04-26T07:59:00","6","33.68","-117.86639","16.5","SANTA ANA JOHN WAYNE AIRPORT, CA US","SOD  ","KSNA ","V020","999,9,9,9999,9","99999,9,9,9","999999,9,9,9","+9999,9","+9999,9","99999,9","24,0000,9,6",,,,,,,,,,,,,,,,,,,"240,M,+0244,5","240,N,+0139,5",,,,,,,"10102,9,99999,4",,,"1,24,00626,210,1252,5","2,24,00447,240,1419,5","3,24,00183,999,9999,5","SOD54524 HR PRECIPITATION (IN): 0.00 24 HR MAX TEMP (F): 7624 HR MAX TEMP TIME (LST):1637 24 HR MIN TEMP (F): 5724 HR MIN TEMP TIME (LST):0434 AVERAGE STATION PRESSURE:29.83  PEAK WIND SPEED (MPH): 14 PEAK WIND DIR (DEG):210 PEAK WIND TIME (LST):1252  FASTEST 2MIN SPEED (MPH): 10FASTEST 2MIN DIR (DEG):240 FASTEST 2MIN TIME (LST):1419 AVERAGE WIND SPEED (MPH): 4.1 24 HR AVG TEMP (F):67 HOURLY INCREMENTAL PRECIPITATION VALUES (IN):.00  .00  .00  .00  .00  .00  .00  .00  .00  .00  .00  .00  .00  .00  .00  .00  .00  .00  .00  .00  .00  .00  .00  .00","R01  0.007AAP092"
"72297793184","2000-04-27T07:59:00","6","33.68","-117.86639","16.5","SANTA ANA JOHN WAYNE AIRPORT, CA US","SOD  ","KSNA ","V020","999,9,9,9999,9","99999,9,9,9","999999,9,9,9","+9999,9","+9999,9","99999,9","24,0000,9,6",,,,,,,,,,,,,,,,,,,"240,M,+0294,5","240,N,+0133,5",,,,,,,"10095,9,99999,4",,,"1,24,00760,200,1250,5","2,24,00626,190,1413,5","3,24,00232,999,9999,5","SOD52324 HR PRECIPITATION (IN): 0.00 24 HR MAX TEMP (F): 8524 HR MAX TEMP TIME (LST):1224 24 HR MIN TEMP (F): 5624 HR MIN TEMP TIME (LST):0540 AVERAGE STATION PRESSURE:29.81  PEAK WIND SPEED (MPH): 17 PEAK WIND DIR (DEG):200 PEAK WIND TIME (LST):1250  FASTEST 2MIN SPEED (MPH): 14FASTEST 2MIN DIR (DEG):190 FASTEST 2MIN TIME (LST):1413 AVERAGE WIND SPEED (MPH): 5.2 HOURLY INCREMENTAL PRECIPITATION VALUES (IN):.00  .00  .00  .00  .00  .00  .00  .00  .00  .00  .00  .00  .00  .00  .00  .00  .00  .00  .00  .00  .00  .00  .00  .00","R01  0.007AAP092"
"72297793184","2000-04-28T07:59:00","6","33.68","-117.86639","16.5","SANTA ANA JOHN WAYNE AIRPORT, CA US","SOD  ","KSNA ","V020","999,9,9,9999,9","99999,9,9,9","999999,9,9,9","+9999,9","+9999,9","99999,9","24,0000,9,6",,,,,,,,,,,,,,,,,,,"240,M,+0217,5","240,N,+0144,5",,,,,,,"10112,9,99999,4",,,"1,24,00939,200,1235,5","2,24,00715,200,1223,5","3,24,00282,999,9999,5","SOD54524 HR PRECIPITATION (IN): 0.00 24 HR MAX TEMP (F): 7124 HR MAX TEMP TIME (LST):1116 24 HR MIN TEMP (F): 5824 HR MIN TEMP TIME (LST):0554 AVERAGE STATION PRESSURE:29.86  PEAK WIND SPEED (MPH): 21 PEAK WIND DIR (DEG):200 PEAK WIND TIME (LST):1235  FASTEST 2MIN SPEED (MPH): 16FASTEST 2MIN DIR (DEG):200 FASTEST 2MIN TIME (LST):1223 AVERAGE WIND SPEED (MPH): 6.3 24 HR AVG TEMP (F):65 HOURLY INCREMENTAL PRECIPITATION VALUES (IN):.00  .00  .00  .00  .00  .00  .00  .00  .00  .00  .00  .00  .00  .00  .00  .00  .00  .00  .00  .00  .00  .00  .00  .00","R01  0.007AAP092"
"72297793184","2000-04-29T07:59:00","6","33.68","-117.86639","16.5","SANTA ANA JOHN WAYNE AIRPORT, CA US","SOD  ","KSNA ","V020","999,9,9,9999,9","99999,9,9,9","999999,9,9,9","+9999,9","+9999,9","99999,9","24,0000,9,6",,,,,,,,,,,,,,,,,,,"240,M,+0211,5","240,N,+0139,5",,,,,,,"10115,9,99999,4",,,"1,24,00894,230,1506,5","2,24,00715,220,1319,5","3,24,00308,999,9999,5","SOD54524 HR PRECIPITATION (IN): 0.00 24 HR MAX TEMP (F): 7024 HR MAX TEMP TIME (LST):1222 24 HR MIN TEMP (F): 5724 HR MIN TEMP TIME (LST):2346 AVERAGE STATION PRESSURE:29.87  PEAK WIND SPEED (MPH): 20 PEAK WIND DIR (DEG):230 PEAK WIND TIME (LST):1506  FASTEST 2MIN SPEED (MPH): 16FASTEST 2MIN DIR (DEG):220 FASTEST 2MIN TIME (LST):1319 AVERAGE WIND SPEED (MPH): 6.9 24 HR AVG TEMP (F):64 HOURLY INCREMENTAL PRECIPITATION VALUES (IN):.00  .00  .00  .00  .00  .00  .00  .00  .00  .00  .00  .00  .00  .00  .00  .00  .00  .00  .00  .00  .00  .00  .00  .00","R01  0.007AAP092"
"72297793184","2000-04-30T07:59:00","6","33.68","-117.86639","16.5","SANTA ANA JOHN WAYNE AIRPORT, CA US","SOD  ","KSNA ","V020","999,9,9,9999,9","99999,9,9,9","999999,9,9,9","+9999,9","+9999,9","99999,9","24,0000,9,6",,,,,,,,,,,,,,,,,,,"240,M,+0233,5","240,N,+0122,5",,,,,,,"10125,9,99999,4",,,"1,24,00760,210,1312,5","2,24,00626,210,1313,5","3,24,00259,999,9999,5","SOD54524 HR PRECIPITATION (IN): 0.00 24 HR MAX TEMP (F): 7424 HR MAX TEMP TIME (LST):1412 24 HR MIN TEMP (F): 5424 HR MIN TEMP TIME (LST):0510 AVERAGE STATION PRESSURE:29.90  PEAK WIND SPEED (MPH): 17 PEAK WIND DIR (DEG):210 PEAK WIND TIME (LST):1312  FASTEST 2MIN SPEED (MPH): 14FASTEST 2MIN DIR (DEG):210 FASTEST 2MIN TIME (LST):1313 AVERAGE WIND SPEED (MPH): 5.8 24 HR AVG TEMP (F):64 HOURLY INCREMENTAL PRECIPITATION VALUES (IN):.00  .00  .00  .00  .00  .00  .00  .00  .00  .00  .00  .00  .00  .00  .00  .00  .00  .00  .00  .00  .00  .00  .00  .00","R01  0.007AAP092"
"72297793184","2000-05-01T07:59:00","6","33.68","-117.86639","16.5","SANTA ANA JOHN WAYNE AIRPORT, CA US","SOD  ","KSNA ","V020","999,9,9,9999,9","99999,9,9,9","999999,9,9,9","+9999,9","+9999,9","99999,9","24,0000,9,6",,,,,,,,,,,,,,,,,,,"240,M,+0256,5","240,N,+0122,5",,,,,,,"10129,9,99999,4",,,"1,24,00626,210,1151,5","2,24,00536,210,1152,5","3,24,00179,999,9999,5","SOD54524 HR PRECIPITATION (IN): 0.00 24 HR MAX TEMP (F): 7824 HR MAX TEMP TIME (LST):1557 24 HR MIN TEMP (F): 5424 HR MIN TEMP TIME (LST):0527 AVERAGE STATION PRESSURE:29.91  PEAK WIND SPEED (MPH): 14 PEAK WIND DIR (DEG):210 PEAK WIND TIME (LST):1151  FASTEST 2MIN SPEED (MPH): 12FASTEST 2MIN DIR (DEG):210 FASTEST 2MIN TIME (LST):1152 AVERAGE WIND SPEED (MPH): 4.0 24 HR AVG TEMP (F):66 HOURLY INCREMENTAL PRECIPITATION VALUES (IN):.00  .00  .00  .00  .00  .00  .00  .00  .00  .00  .00  .00  .00  .00  .00  .00  .00  .00  .00  .00  .00  .00  .00  .00","R01  0.007AAP092"
"72297793184","2000-05-01T07:59:00","6","33.68","-117.86639","16.5","SANTA ANA JOHN WAYNE AIRPORT, CA US","SOM  ","KSNA ","V020","999,9,9,9999,9","99999,9,9,9","999999,9,9,9","+9999,9","+9999,9","99999,9",,"00173,9,6","00173,9,1717,9999,9999,6","02,6,01,6,99,9,00,5","005,0010,9,180504,5","010,0015,9,171345,5","015,0023,9,171345,5","020,0025,9,171349,5","030,0030,9,171356,5","045,0041,9,171349,5","060,0046,9,171356,5","080,0053,9,171356,5","100,0056,9,171356,5","120,0066,9,171530,5","150,0084,9,171538,5","180,0097,9,171538,5",,,,,,"720,N,+1256,5","720,M,+2172,5","720,A,+1717,5","720,H,0070,6","720,C,0013,6","00,5,00,5,00,5,00,5",,"10129,4,10163,4","10224,999999,5,10119,210301,5",,,,"SOM725PCP MTOT: 0.68 DEPNRM: 0.00 PCP GT 24HRS: 0.68 DATE(S):171+ DAYS W/PCP >=.01: 2 DAYS W/PCP >=.10: 1 DAYS W/PCP >=1.00:  MSDP AMTS W/DATE-TIME TAGS:MIN:5  .04  18/0504 MIN:10  .06  17/1345 MIN:15  .09  17/1345 MIN:20  .10  17/1349 MIN:30  .12  17/1356 MIN:45  .16  17/1349 MIN:60  .18  17/1356 MIN:80  .21  17/1356 MIN:100  .22  17/1356 MIN:120  .26  17/1530 MIN:150  .33  17/1538 MIN:180  .38  17/1538 SN GT DP ON GRND:0 DATE(S):0  AVG DLY MIN: 54.6 AVG DLY MAX: 71.1 AVG MLY TMP: 62.9 DAYS MAX <=32:  DAYS MAX >=70: 0 DAYS MAX >=90: 0 DAYS MIN <=32: 0 DAYS MIN  <=0: 0 AVG STP:29.91  AVG SLP:30.01  LWST SLP:29.88 DATE/TIME:210301 HGST SLP:30.19 DATE/TIME: 31055 HDD MTH TOT:  70 DEP NORM:-255 CDD MTH TOT:  13 DEP NORM:-255","R01  0.687ABP070R02  0.687ADP081R03     27AE1100R04      7AE2103R05    707KDH045R06    137KDC058"
"72297793184","2000-05-02T07:59:00","6","33.68","-117.86639","16.5","SANTA ANA JOHN WAYNE AIRPORT, CA US","SOD  ","KSNA ","V020","999,9,9,9999,9","99999,9,9,9","999999,9,9,9","+9999,9","+9999,9","99999,9","24,0000,9,5",,,,,,,,,,,,,,,,,,,"240,M,+0283,5","240,N,+0144,6",,,,,,,"10108,9,99999,4",,,"1,24,00760,210,1335,5","2,24,00581,200,1241,5","3,24,00219,999,9999,5","SOD54524 HR PRECIPITATION (IN): 0.00 24 HR MAX TEMP (F): 8324 HR MAX TEMP TIME (LST):1510 24 HR MIN TEMP (F): 5824 HR MIN TEMP TIME (LST):0550 AVERAGE STATION PRESSURE:29.85  PEAK WIND SPEED (MPH): 17 PEAK WIND DIR (DEG):210 PEAK WIND TIME (LST):1335  FASTEST 2MIN SPEED (MPH): 13FASTEST 2MIN DIR (DEG):200 FASTEST 2MIN TIME (LST):1241 AVERAGE WIND SPEED (MPH): 4.9 24 HR AVG TEMP (F):71 HOURLY INCREMENTAL PRECIPITATION VALUES (IN):.00  .00  .00  .00  .00  .00  .00  .00  .00  .00  .00  .00  .00  .00  .00  .00  .00  .00  .00  .00  .00  .00  .00  .00","R01    587KAN014"
"72297793184","2000-05-03T07:59:00","6","33.68","-117.86639","16.5","SANTA ANA JOHN WAYNE AIRPORT, CA US","SOD  ","KSNA ","V020","999,9,9,9999,9","99999,9,9,9","999999,9,9,9","+9999,9","+9999,9","99999,9","24,0000,9,5",,,,,,,,,,,,,,,,,,,"240,M,+0239,5","240,N,+0144,5",,,,,,,"10081,9,99999,4",,,"1,24,00760,220,1401,5","2,24,00581,210,1416,5","3,24,00255,999,9999,5","SOD54524 HR PRECIPITATION (IN): 0.00 24 HR MAX TEMP (F): 7524 HR MAX TEMP TIME (LST):1548 24 HR MIN TEMP (F): 5824 HR MIN TEMP TIME (LST):0535 AVERAGE STATION PRESSURE:29.77  PEAK WIND SPEED (MPH): 17 PEAK WIND DIR (DEG):220 PEAK WIND TIME (LST):1401  FASTEST 2MIN SPEED (MPH): 13FASTEST 2MIN DIR (DEG):210 FASTEST 2MIN TIME (LST):1416 AVERAGE WIND SPEED (MPH): 5.7 24 HR AVG TEMP (F):67 HOURLY INCREMENTAL PRECIPITATION VALUES (IN):.00  .00  .00  .00  .00  .00  .00  .00  .00  .00  .00  .00  .00  .00  .00  .00  .00  .00  .00  .00  .00  .00  .00  .00",
"72297793184","2000-05-04T07:59:00","6","33.68","-117.86639","16.5","SANTA ANA JOHN WAYNE AIRPORT, CA US","SOD  ","KSNA ","V020","999,9,9,9999,9","99999,9,9,9","999999,9,9,9","+9999,9","+9999,9","99999,9","24,0000,9,5",,,,,,,,,,,,,,,,,,,"240,M,+0228,5","240,N,+0150,5",,,,,,,"10085,9,99999,4",,,"1,24,00805,230,1358,5","2,24,00671,190,1350,5","3,24,00295,999,9999,5","SOD54524 HR PRECIPITATION (IN): 0.00 24 HR MAX TEMP (F): 7324 HR MAX TEMP TIME (LST):1224 24 HR MIN TEMP (F): 5924 HR MIN TEMP TIME (LST):0317 AVERAGE STATION PRESSURE:29.78  PEAK WIND SPEED (MPH): 18 PEAK WIND DIR (DEG):230 PEAK WIND TIME (LST):1358  FASTEST 2MIN SPEED (MPH): 15FASTEST 2MIN DIR (DEG):190 FASTEST 2MIN TIME (LST):1350 AVERAGE WIND SPEED (MPH): 6.6 24 HR AVG TEMP (F):66 HOURLY INCREMENTAL PRECIPITATION VALUES (IN):.00  .00  .00  .00  .00  .00  .00  .00  .00  .00  .00  .00  .00  .00  .00  .00  .00  .00  .00  .00  .00  .00  .00  .00",
"72297793184","2000-05-05T07:59:00","6","33.68","-117.86639","16.5","SANTA ANA JOHN WAYNE AIRPORT, CA US","SOD  ","KSNA ","V020","999,9,9,9999,9","99999,9,9,9","999999,9,9,9","+9999,9","+9999,9","99999,9","24,0000,9,5",,,,,,,,,,,,,,,,,,,"240,M,+0217,5","240,N,+0161,5",,,,,,,"10091,9,99999,4",,,"1,24,00715,210,1443,5","2,24,00581,200,1509,5","3,24,00277,999,9999,5","SOD54524 HR PRECIPITATION (IN): 0.00 24 HR MAX TEMP (F): 7124 HR MAX TEMP TIME (LST):1317 24 HR MIN TEMP (F): 6124 HR MIN TEMP TIME (LST):0204 AVERAGE STATION PRESSURE:29.80  PEAK WIND SPEED (MPH): 16 PEAK WIND DIR (DEG):210 PEAK WIND TIME (LST):1443  FASTEST 2MIN SPEED (MPH): 13FASTEST 2MIN DIR (DEG):200 FASTEST 2MIN TIME (LST):1509 AVERAGE WIND SPEED (MPH): 6.2 24 HR AVG TEMP (F):66 HOURLY INCREMENTAL PRECIPITATION VALUES (IN):.00  .00  .00  .00  .00  .00  .00  .00  .00  .00  .00  .00  .00  .00  .00  .00  .00  .00  .00  .00  .00  .00  .00  .00",
"72297793184","2000-05-06T07:59:00","6","33.68","-117.86639","16.5","SANTA ANA JOHN WAYNE AIRPORT, CA US","SOD  ","KSNA ","V020","999,9,9,9999,9","99999,9,9,9","999999,9,9,9","+9999,9","+9999,9","99999,9","24,0000,9,5",,,,,,,,,,,,,,,,,,,"240,M,+0200,5","240,N,+0161,5",,,,,,,"10095,9,99999,4",,,"1,24,00671,210,1438,5","2,24,00581,200,1412,5","3,24,00300,999,9999,5","SOD54524 HR PRECIPITATION (IN): 0.00 24 HR MAX TEMP (F): 6824 HR MAX TEMP TIME (LST):1427 24 HR MIN TEMP (F): 6124 HR MIN TEMP TIME (LST):0646 AVERAGE STATION PRESSURE:29.81  PEAK WIND SPEED (MPH): 15 PEAK WIND DIR (DEG):210 PEAK WIND TIME (LST):1438  FASTEST 2MIN SPEED (MPH): 13FASTEST 2MIN DIR (DEG):200 FASTEST 2MIN TIME (LST):1412 AVERAGE WIND SPEED (MPH): 6.7 24 HR AVG TEMP (F):65 HOURLY INCREMENTAL PRECIPITATION VALUES (IN):.00  .00  .00  .00  .00  .00  .00  .00  .00  .00  .00  .00  .00  .00  .00  .00  .00  .00  .00  .00  .00  .00  .00  .00",
"72297793184","2000-05-07T07:59:00","6","33.68","-117.86639","16.5","SANTA ANA JOHN WAYNE AIRPORT, CA US","SOD  ","KSNA ","V020","999,9,9,9999,9","99999,9,9,9","999999,9,9,9","+9999,9","+9999,9","99999,9","24,0000,9,5",,,,,,,,,,,,,,,,,,,"240,M,+0217,5","240,N,+0150,5",,,,,,,"10119,9,99999,4",,,"1,24,00805,220,1213,5","2,24,00626,190,1259,5","3,24,00241,999,9999,5","SOD54524 HR PRECIPITATION (IN): 0.00 24 HR MAX TEMP (F): 7124 HR MAX TEMP TIME (LST):1326 24 HR MIN TEMP (F): 5924 HR MIN TEMP TIME (LST):2357 AVERAGE STATION PRESSURE:29.88  PEAK WIND SPEED (MPH): 18 PEAK WIND DIR (DEG):220 PEAK WIND TIME (LST):1213  FASTEST 2MIN SPEED (MPH): 14FASTEST 2MIN DIR (DEG):190 FASTEST 2MIN TIME (LST):1259 AVERAGE WIND SPEED (MPH): 5.4 24 HR AVG TEMP (F):65 HOURLY INCREMENTAL PRECIPITATION VALUES (IN):.00  .00  .00  .00  .00  .00  .00  .00  .00  .00  .00  .00  .00  .00  .00  .00  .00  .00  .00  .00  .00  .00  .00  .00",
"72297793184","2000-05-08T07:59:00","6","33.68","-117.86639","16.5","SANTA ANA JOHN WAYNE AIRPORT, CA US","SOD  ","KSNA ","V020","999,9,9,9999,9","99999,9,9,9","999999,9,9,9","+9999,9","+9999,9","99999,9","24,0000,9,5",,,,,,,,,,,,,,,,,,,"240,M,+0222,5","240,N,+0156,5",,,,,,,"10125,9,99999,4",,,"1,24,00715,240,1535,5","2,24,00581,220,1507,5","3,24,00259,999,9999,5","SOD54524 HR PRECIPITATION (IN): 0.00 24 HR MAX TEMP (F): 7224 HR MAX TEMP TIME (LST):1209 24 HR MIN TEMP (F): 6024 HR MIN TEMP TIME (LST):0509 AVERAGE STATION PRESSURE:29.90  PEAK WIND SPEED (MPH): 16 PEAK WIND DIR (DEG):240 PEAK WIND TIME (LST):1535  FASTEST 2MIN SPEED (MPH): 13FASTEST 2MIN DIR (DEG):220 FASTEST 2MIN TIME (LST):1507 AVERAGE WIND SPEED (MPH): 5.8 24 HR AVG TEMP (F):66 HOURLY INCREMENTAL PRECIPITATION VALUES (IN):.00  .00  .00  .00  .00  .00  .00  .00  .00  .00  .00  .00  .00  .00  .00  .00  .00  .00  .00  .00  .00  .00  .00  .00",
"72297793184","2000-05-09T07:59:00","6","33.68","-117.86639","16.5","SANTA ANA JOHN WAYNE AIRPORT, CA US","SOD  ","KSNA ","V020","999,9,9,9999,9","99999,9,9,9","999999,9,9,9","+9999,9","+9999,9","99999,9","24,0000,2,5",,,,,,,,,,,,,,,,,,,"240,M,+0217,5","240,N,+0150,5",,,,,,,"10125,9,99999,4",,,"1,24,00715,190,1458,5","2,24,00626,210,1347,5","3,24,00300,999,9999,5","SOD54524 HR PRECIPITATION (IN):  T   24 HR MAX TEMP (F): 7124 HR MAX TEMP TIME (LST):1331 24 HR MIN TEMP (F): 5924 HR MIN TEMP TIME (LST):2359 AVERAGE STATION PRESSURE:29.90  PEAK WIND SPEED (MPH): 16 PEAK WIND DIR (DEG):190 PEAK WIND TIME (LST):1458  FASTEST 2MIN SPEED (MPH): 14FASTEST 2MIN DIR (DEG):210 FASTEST 2MIN TIME (LST):1347 AVERAGE WIND SPEED (MPH): 6.7 24 HR AVG TEMP (F):65 HOURLY INCREMENTAL PRECIPITATION VALUES (IN):.00  .00   T    T   .00  .00   T    T    T    T   .00  .00  .00  .00  .00  .00  .00  .00  .00  .00  .00  .00  .00  .00",
"72297793184","2000-05-10T07:59:00","6","33.68","-117.86639","16.5","SANTA ANA JOHN WAYNE AIRPORT, CA US","SOD  ","KSNA ","V020","999,9,9,9999,9","99999,9,9,9","999999,9,9,9","+9999,9","+9999,9","99999,9","24,0000,9,6",,,,,,,,,,,,,,,,,,,"240,M,+0222,5","240,N,+0150,5",,,,,,,"10088,9,99999,4",,,"1,24,00671,220,1446,5","2,24,00581,200,1648,5","3,24,00255,999,9999,5","SOD54524 HR PRECIPITATION (IN): 0.00 24 HR MAX TEMP (F): 7224 HR MAX TEMP TIME (LST):1451 24 HR MIN TEMP (F): 5924 HR MIN TEMP TIME (LST):0032 AVERAGE STATION PRESSURE:29.79  PEAK WIND SPEED (MPH): 15 PEAK WIND DIR (DEG):220 PEAK WIND TIME (LST):1446  FASTEST 2MIN SPEED (MPH): 13FASTEST 2MIN DIR (DEG):200 FASTEST 2MIN TIME (LST):1648 AVERAGE WIND SPEED (MPH): 5.7 24 HR AVG TEMP (F):66 HOURLY INCREMENTAL PRECIPITATION VALUES (IN):.00  .00  .00  .00  .00  .00  .00  .00  .00  .00  .00  .00  .00  .00  .00  .00  .00  .00  .00  .00  .00  .00  .00  .00","R01  0.007AAP092"
"72297793184","2000-05-11T07:59:00","6","33.68","-117.86639","16.5","SANTA ANA JOHN WAYNE AIRPORT, CA US","SOD  ","KSNA ","V020","999,9,9,9999,9","99999,9,9,9","999999,9,9,9","+9999,9","+9999,9","99999,9","24,0000,9,6",,,,,,,,,,,,,,,,,,,"240,M,+0211,5","240,N,+0144,5",,,,,,,"10091,9,99999,4",,,"1,24,00805,210,1523,5","2,24,00671,220,1114,5","3,24,00317,999,9999,5","SOD54524 HR PRECIPITATION (IN): 0.00 24 HR MAX TEMP (F): 7024 HR MAX TEMP TIME (LST):1309 24 HR MIN TEMP (F): 5824 HR MIN TEMP TIME (LST):2336 AVERAGE STATION PRESSURE:29.80  PEAK WIND SPEED (MPH): 18 PEAK WIND DIR (DEG):210 PEAK WIND TIME (LST):1523  FASTEST 2MIN SPEED (MPH): 15FASTEST 2MIN DIR (DEG):220 FASTEST 2MIN TIME (LST):1114 AVERAGE WIND SPEED (MPH): 7.1 24 HR AVG TEMP (F):64 HOURLY INCREMENTAL PRECIPITATION VALUES (IN):.00  .00  .00  .00  .00  .00  .00  .00  .00  .00  .00  .00  .00  .00  .00  .00  .00  .00  .00  .00  .00  .00  .00  .00","R01  0.007AAP092"
"72297793184","2000-05-12T07:59:00","6","33.68","-117.86639","16.5","SANTA ANA JOHN WAYNE AIRPORT, CA US","SOD  ","KSNA ","V020","999,9,9,9999,9","99999,9,9,9","999999,9,9,9","+9999,9","+9999,9","99999,9","24,0000,9,6",,,,,,,,,,,,,,,,,,,"240,M,+0211,5","240,N,+0139,5",,,,,,,"10119,9,99999,4",,,"1,24,00939,260,1555,5","2,24,00760,260,1542,5","3,24,00264,999,9999,5","SOD54524 HR PRECIPITATION (IN): 0.00 24 HR MAX TEMP (F): 7024 HR MAX TEMP TIME (LST):1423 24 HR MIN TEMP (F): 5724 HR MIN TEMP TIME (LST):2359 AVERAGE STATION PRESSURE:29.88  PEAK WIND SPEED (MPH): 21 PEAK WIND DIR (DEG):260 PEAK WIND TIME (LST):1555  FASTEST 2MIN SPEED (MPH): 17FASTEST 2MIN DIR (DEG):260 FASTEST 2MIN TIME (LST):1542 AVERAGE WIND SPEED (MPH): 5.9 24 HR AVG TEMP (F):64 HOURLY INCREMENTAL PRECIPITATION VALUES (IN):.00  .00  .00  .00  .00  .00  .00  .00  .00  .00  .00  .00  .00  .00  .00  .00  .00  .00  .00  .00  .00  .00  .00  .00","R01  0.007AAP092"
"72297793184","2000-05-13T07:59:00","6","33.68","-117.86639","16.5","SANTA ANA JOHN WAYNE AIRPORT, CA US","SOD  ","KSNA ","V020","999,9,9,9999,9","99999,9,9,9","999999,9,9,9","+9999,9","+9999,9","99999,9","24,0000,9,6",,,,,,,,,,,,,,,,,,,"240,M,+0267,5","240,N,+0111,5",,,,,,,"10129,9,99999,4",,,"1,24,00760,360,1821,5","2,24,00536,270,1712,5","3,24,00206,999,9999,5","SOD54524 HR PRECIPITATION (IN): 0.00 24 HR MAX TEMP (F): 8024 HR MAX TEMP TIME (LST):1334 24 HR MIN TEMP (F): 5224 HR MIN TEMP TIME (LST):0509 AVERAGE STATION PRESSURE:29.91  PEAK WIND SPEED (MPH): 17 PEAK WIND DIR (DEG):360 PEAK WIND TIME (LST):1821  FASTEST 2MIN SPEED (MPH): 12FASTEST 2MIN DIR (DEG):270 FASTEST 2MIN TIME (LST):1712 AVERAGE WIND SPEED (MPH): 4.6 24 HR AVG TEMP (F):66 HOURLY INCREMENTAL PRECIPITATION VALUES (IN):.00  .00  .00  .00  .00  .00  .00  .00  .00  .00  .00  .00  .00  .00  .00  .00  .00  .00  .00  .00  .00  .00  .00  .00","R01  0.007AAP092"
"72297793184","2000-05-14T07:59:00","6","33.68","-117.86639","16.5","SANTA ANA JOHN WAYNE AIRPORT, CA US","SOD  ","KSNA ","V020","999,9,9,9999,9","99999,9,9,9","999999,9,9,9","+9999,9","+9999,9","99999,9","24,0000,9,6",,,,,,,,,,,,,,,,,,,"240,M,+0239,5","240,N,+0128,5",,,,,,,"10119,9,99999,4",,,"1,24,00715,240,1306,5","2,24,00581,220,1201,5","3,24,00264,999,9999,5","SOD54524 HR PRECIPITATION (IN): 0.00 24 HR MAX TEMP (F): 7524 HR MAX TEMP TIME (LST):1425 24 HR MIN TEMP (F): 5524 HR MIN TEMP TIME (LST):0514 AVERAGE STATION PRESSURE:29.88  PEAK WIND SPEED (MPH): 16 PEAK WIND DIR (DEG):240 PEAK WIND TIME (LST):1306  FASTEST 2MIN SPEED (MPH): 13FASTEST 2MIN DIR (DEG):220 FASTEST 2MIN TIME (LST):1201 AVERAGE WIND SPEED (MPH): 5.9 24 HR AVG TEMP (F):65 HOURLY INCREMENTAL PRECIPITATION VALUES (IN):.00  .00  .00  .00  .00  .00  .00  .00  .00  .00  .00  .00  .00  .00  .00  .00  .00  .00  .00  .00  .00  .00  .00  .00","R01  0.007AAP092"
"72297793184","2000-05-15T07:59:00","6","33.68","-117.86639","16.5","SANTA ANA JOHN WAYNE AIRPORT, CA US","SOD  ","KSNA ","V020","999,9,9,9999,9","99999,9,9,9","999999,9,9,9","+9999,9","+9999,9","99999,9","24,0000,9,6",,,,,,,,,,,,,,,,,,,"240,M,+0222,5","240,N,+0122,5",,,,,,,"10122,9,99999,4",,,"1,24,00671,220,1416,5","2,24,00536,220,1427,5","3,24,00197,999,9999,5","SOD54524 HR PRECIPITATION (IN): 0.00 24 HR MAX TEMP (F): 7224 HR MAX TEMP TIME (LST):1542 24 HR MIN TEMP (F): 5424 HR MIN TEMP TIME (LST):0422 AVERAGE STATION PRESSURE:29.89  PEAK WIND SPEED (MPH): 15 PEAK WIND DIR (DEG):220 PEAK WIND TIME (LST):1416  FASTEST 2MIN SPEED (MPH): 12FASTEST 2MIN DIR (DEG):220 FASTEST 2MIN TIME (LST):1427 AVERAGE WIND SPEED (MPH): 4.4 24 HR AVG TEMP (F):63 HOURLY INCREMENTAL PRECIPITATION VALUES (IN):.00  .00  .00  .00  .00  .00  .00  .00  .00  .00  .00  .00  .00  .00  .00  .00  .00  .00  .00  .00  .00  .00  .00  .00","R01  0.007AAP092"
"72297793184","2000-05-16T07:59:00","6","33.68","-117.86639","16.5","SANTA ANA JOHN WAYNE AIRPORT, CA US","SOD  ","KSNA ","V020","999,9,9,9999,9","99999,9,9,9","999999,9,9,9","+9999,9","+9999,9","99999,9","24,0000,2,5",,,,,,,,,,,,,,,,,,,"240,M,+0222,5","240,N,+0133,5",,,,,,,"10112,9,99999,4",,,"1,24,00894,250,1605,5","2,24,00715,250,1606,5","3,24,00313,999,9999,5","SOD54524 HR PRECIPITATION (IN):  T   24 HR MAX TEMP (F): 7224 HR MAX TEMP TIME (LST):1332 24 HR MIN TEMP (F): 5624 HR MIN TEMP TIME (LST):0524 AVERAGE STATION PRESSURE:29.86  PEAK WIND SPEED (MPH): 20 PEAK WIND DIR (DEG):250 PEAK WIND TIME (LST):1605  FASTEST 2MIN SPEED (MPH): 16FASTEST 2MIN DIR (DEG):250 FASTEST 2MIN TIME (LST):1606 AVERAGE WIND SPEED (MPH): 7.0 24 HR AVG TEMP (F):64 HOURLY INCREMENTAL PRECIPITATION VALUES (IN):.00  .00  .00  .00  .00  .00  .00  .00  .00  .00  .00  .00  .00  .00  .00  .00  .00  .00  .00  .00  .00  .00   T   .00",
"72297793184","2000-05-17T07:59:00","6","33.68","-117.86639","16.5","SANTA ANA JOHN WAYNE AIRPORT, CA US","SOD  ","KSNA ","V020","999,9,9,9999,9","99999,9,9,9","999999,9,9,9","+9999,9","+9999,9","99999,9","24,0000,9,6",,,,,,,,,,,,,,,,,,,"240,M,+0189,5","240,N,+0139,5",,,,,,,"10125,9,99999,4",,,"1,24,01073,250,1311,5","2,24,00760,260,1327,5","3,24,00362,999,9999,5","SOD54524 HR PRECIPITATION (IN): 0.00 24 HR MAX TEMP (F): 6624 HR MAX TEMP TIME (LST):1436 24 HR MIN TEMP (F): 5724 HR MIN TEMP TIME (LST):0555 AVERAGE STATION PRESSURE:29.90  PEAK WIND SPEED (MPH): 24 PEAK WIND DIR (DEG):250 PEAK WIND TIME (LST):1311  FASTEST 2MIN SPEED (MPH): 17FASTEST 2MIN DIR (DEG):260 FASTEST 2MIN TIME (LST):1327 AVERAGE WIND SPEED (MPH): 8.1 24 HR AVG TEMP (F):62 HOURLY INCREMENTAL PRECIPITATION VALUES (IN):.00  .00  .00  .00  .00  .00  .00  .00  .00  .00  .00  .00  .00  .00  .00  .00  .00  .00  .00  .00  .00  .00  .00  .00","R01  0.007AAP092"
"72297793184","2000-05-18T07:59:00","6","33.68","-117.86639","16.5","SANTA ANA JOHN WAYNE AIRPORT, CA US","SOD  ","KSNA ","V020","999,9,9,9999,9","99999,9,9,9","999999,9,9,9","+9999,9","+9999,9","99999,9","24,0000,9,6",,,,,,,,,,,,,,,,,,,"240,M,+0211,5","240,N,+0122,5",,,,,,,"10119,9,99999,4",,,"1,24,00805,210,1213,5","2,24,00671,200,1203,5","3,24,00300,999,9999,5","SOD52324 HR PRECIPITATION (IN): 0.00 24 HR MAX TEMP (F): 7024 HR MAX TEMP TIME (LST):1444 24 HR MIN TEMP (F): 5424 HR MIN TEMP TIME (LST):0506 AVERAGE STATION PRESSURE:29.88  PEAK WIND SPEED (MPH): 18 PEAK WIND DIR (DEG):210 PEAK WIND TIME (LST):1213  FASTEST 2MIN SPEED (MPH): 15FASTEST 2MIN DIR (DEG):200 FASTEST 2MIN TIME (LST):1203 AVERAGE WIND SPEED (MPH): 6.7 HOURLY INCREMENTAL PRECIPITATION VALUES (IN):.00  .00  .00  .00  .00  .00  .00  .00  .00  .00  .00  .00  .00  .00  .00  .00  .00  .00  .00  .00  .00  .00  .00  .00","R01  0.007AAP092"
"72297793184","2000-05-19T07:59:00","6","33.68","-117.86639","16.5","SANTA ANA JOHN WAYNE AIRPORT, CA US","SOD  ","KSNA ","V020","999,9,9,9999,9","99999,9,9,9","999999,9,9,9","+9999,9","+9999,9","99999,9","24,0000,9,6",,,,,,,,,,,,,,,,,,,"240,M,+0233,5","240,N,+0139,5",,,,,,,"10122,9,99999,4",,,"1,24,00760,220,1256,5","2,24,00626,250,1419,5","3,24,00224,999,9999,5","SOD54524 HR PRECIPITATION (IN): 0.00 24 HR MAX TEMP (F): 7424 HR MAX TEMP TIME (LST):1348 24 HR MIN TEMP (F): 5724 HR MIN TEMP TIME (LST):0525 AVERAGE STATION PRESSURE:29.89  PEAK WIND SPEED (MPH): 17 PEAK WIND DIR (DEG):220 PEAK WIND TIME (LST):1256  FASTEST 2MIN SPEED (MPH): 14FASTEST 2MIN DIR (DEG):250 FASTEST 2MIN TIME (LST):1419 AVERAGE WIND SPEED (MPH): 5.0 24 HR AVG TEMP (F):66 HOURLY INCREMENTAL PRECIPITATION VALUES (IN):.00  .00  .00  .00  .00  .00  .00  .00  .00  .00  .00  .00  .00  .00  .00  .00  .00  .00  .00  .00  .00  .00  .00  .00","R01  0.007AAP092"
"72297793184","2000-05-20T07:59:00","6","33.68","-117.86639","16.5","SANTA ANA JOHN WAYNE AIRPORT, CA US","SOD  ","KSNA ","V020","999,9,9,9999,9","99999,9,9,9","999999,9,9,9","+9999,9","+9999,9","99999,9","24,0000,9,6",,,,,,,,,,,,,,,,,,,"240,M,+0261,5","240,N,+0139,5",,,,,,,"10112,9,99999,4",,,"1,24,00626,220,2113,5","2,24,00581,200,1906,5","3,24,00259,999,9999,5","SOD54524 HR PRECIPITATION (IN): 0.00 24 HR MAX TEMP (F): 7924 HR MAX TEMP TIME (LST):1349 24 HR MIN TEMP (F): 5724 HR MIN TEMP TIME (LST):0531 AVERAGE STATION PRESSURE:29.86  PEAK WIND SPEED (MPH): 14 PEAK WIND DIR (DEG):220 PEAK WIND TIME (LST):2113  FASTEST 2MIN SPEED (MPH): 13FASTEST 2MIN DIR (DEG):200 FASTEST 2MIN TIME (LST):1906 AVERAGE WIND SPEED (MPH): 5.8 24 HR AVG TEMP (F):68 HOURLY INCREMENTAL PRECIPITATION VALUES (IN):.00  .00  .00  .00  .00  .00  .00  .00  .00  .00  .00  .00  .00  .00  .00  .00  .00  .00  .00  .00  .00  .00  .00  .00","R01  0.007AAP092"
"72297793184","2000-05-21T07:59:00","6","33.68","-117.86639","16.5","SANTA ANA JOHN WAYNE AIRPORT, CA US","SOD  ","KSNA ","V020","999,9,9,9999,9","99999,9,9,9","999999,9,9,9","+9999,9","+9999,9","99999,9","24,0000,9,6",,,,,,,,,,,,,,,,,,,"240,M,+0250,5","240,N,+0144,5",,,,,,,"10085,9,99999,4",,,"1,24,00805,200,1304,5","2,24,00626,200,1830,5","3,24,00277,999,9999,5","SOD54524 HR PRECIPITATION (IN): 0.00 24 HR MAX TEMP (F): 7724 HR MAX TEMP TIME (LST):1251 24 HR MIN TEMP (F): 5824 HR MIN TEMP TIME (LST):0351 AVERAGE STATION PRESSURE:29.78  PEAK WIND SPEED (MPH): 18 PEAK WIND DIR (DEG):200 PEAK WIND TIME (LST):1304  FASTEST 2MIN SPEED (MPH): 14FASTEST 2MIN DIR (DEG):200 FASTEST 2MIN TIME (LST):1830 AVERAGE WIND SPEED (MPH): 6.2 24 HR AVG TEMP (F):68 HOURLY INCREMENTAL PRECIPITATION VALUES (IN):.00  .00  .00  .00  .00  .00  .00  .00  .00  .00  .00  .00  .00  .00  .00  .00  .00  .00  .00  .00  .00  .00  .00  .00","R01  0.007AAP092"
"72297793184","2000-05-22T07:59:00","6","33.68","-117.86639","16.5","SANTA ANA JOHN WAYNE AIRPORT, CA US","SOD  ","KSNA ","V020","999,9,9,9999,9","99999,9,9,9","999999,9,9,9","+9999,9","+9999,9","99999,9","24,0000,9,6",,,,,,,,,,,,,,,,,,,"240,M,+0233,5","240,N,+0144,5",,,,,,,"10091,9,99999,4",,,"1,24,00894,210,1548,5","2,24,00715,210,1713,5","3,24,00322,999,9999,5","SOD54524 HR PRECIPITATION (IN): 0.00 24 HR MAX TEMP (F): 7424 HR MAX TEMP TIME (LST):1305 24 HR MIN TEMP (F): 5824 HR MIN TEMP TIME (LST):0531 AVERAGE STATION PRESSURE:29.80  PEAK WIND SPEED (MPH): 20 PEAK WIND DIR (DEG):210 PEAK WIND TIME (LST):1548  FASTEST 2MIN SPEED (MPH): 16FASTEST 2MIN DIR (DEG):210 FASTEST 2MIN TIME (LST):1713 AVERAGE WIND SPEED (MPH): 7.2 24 HR AVG TEMP (F):66 HOURLY INCREMENTAL PRECIPITATION VALUES (IN):.00  .00  .00  .00  .00  .00  .00  .00  .00  .00  .00  .00  .00  .00  .00  .00  .00  .00  .00  .00  .00  .00  .00  .00","R01  0.007AAP092"
"72297793184","2000-05-23T07:59:00","6","33.68","-117.86639","16.5","SANTA ANA JOHN WAYNE AIRPORT, CA US","SOD  ","KSNA ","V020","999,9,9,9999,9","99999,9,9,9","999999,9,9,9","+9999,9","+9999,9","99999,9","24,0000,9,6",,,,,,,,,,,,,,,,,,,"240,M,+0222,5","240,N,+0161,5",,,,,,,"10085,9,99999,4",,,"1,24,00939,190,1427,5","2,24,00760,210,1456,5","3,24,00389,999,9999,5","SOD54524 HR PRECIPITATION (IN): 0.00 24 HR MAX TEMP (F): 7224 HR MAX TEMP TIME (LST):1336 24 HR MIN TEMP (F): 6124 HR MIN TEMP TIME (LST):2016 AVERAGE STATION PRESSURE:29.78  PEAK WIND SPEED (MPH): 21 PEAK WIND DIR (DEG):190 PEAK WIND TIME (LST):1427  FASTEST 2MIN SPEED (MPH): 17FASTEST 2MIN DIR (DEG):210 FASTEST 2MIN TIME (LST):1456 AVERAGE WIND SPEED (MPH): 8.7 24 HR AVG TEMP (F):67 HOURLY INCREMENTAL PRECIPITATION VALUES (IN):.00  .00  .00  .00  .00  .00  .00  .00  .00  .00  .00  .00  .00  .00  .00  .00  .00  .00  .00  .00  .00  .00  .00  .00","R01  0.007AAP092"
"72297793184","2000-05-24T07:59:00","6","33.68","-117.86639","16.5","SANTA ANA JOHN WAYNE AIRPORT, CA US","SOD  ","KSNA ","V020","999,9,9,9999,9","99999,9,9,9","999999,9,9,9","+9999,9","+9999,9","99999,9","24,0000,9,6",,,,,,,,,,,,,,,,,,,"240,M,+0217,5","240,N,+0156,5",,,,,,,"10102,9,99999,4",,,"1,24,00939,190,1514,5","2,24,00760,190,1531,5","3,24,00340,999,9999,5","SOD54524 HR PRECIPITATION (IN): 0.00 24 HR MAX TEMP (F): 7124 HR MAX TEMP TIME (LST):1517 24 HR MIN TEMP (F): 6024 HR MIN TEMP TIME (LST):0440 AVERAGE STATION PRESSURE:29.83  PEAK WIND SPEED (MPH): 21 PEAK WIND DIR (DEG):190 PEAK WIND TIME (LST):1514  FASTEST 2MIN SPEED (MPH): 17FASTEST 2MIN DIR (DEG):190 FASTEST 2MIN TIME (LST):1531 AVERAGE WIND SPEED (MPH): 7.6 24 HR AVG TEMP (F):66 HOURLY INCREMENTAL PRECIPITATION VALUES (IN):.00  .00  .00  .00  .00  .00  .00  .00  .00  .00  .00  .00  .00  .00  .00  .00  .00  .00  .00  .00  .00  .00  .00  .00","R01  0.007AAP092"
"72297793184","2000-05-25T07:59:00","6","33.68","-117.86639","16.5","SANTA ANA JOHN WAYNE AIRPORT, CA US","SOD  ","KSNA ","V020","999,9,9,9999,9","99999,9,9,9","999999,9,9,9","+9999,9","+9999,9","99999,9","24,0003,9,5",,,,,,,,,,,,,,,,,,,"240,M,+0194,5","240,N,+0161,5",,,,,,,"10095,9,99999,4",,,"1,24,00715,190,1159,5","2,24,00581,200,1333,5","3,24,00268,999,9999,5","SOD54524 HR PRECIPITATION (IN): 0.01 24 HR MAX TEMP (F): 6724 HR MAX TEMP TIME (LST):1113 24 HR MIN TEMP (F): 6124 HR MIN TEMP TIME (LST):0723 AVERAGE STATION PRESSURE:29.81  PEAK WIND SPEED (MPH): 16 PEAK WIND DIR (DEG):190 PEAK WIND TIME (LST):1159  FASTEST 2MIN SPEED (MPH): 13FASTEST 2MIN DIR (DEG):200 FASTEST 2MIN TIME (LST):1333 AVERAGE WIND SPEED (MPH): 6.0 24 HR AVG TEMP (F):64 HOURLY INCREMENTAL PRECIPITATION VALUES (IN):.00  .00  .00  .00  .00   T   .00  .01  .00  .00  .00  .00  .00  .00  .00  .00  .00  .00  .00  .00   T   .00  .00  .00",
"72297793184","2000-05-26T07:59:00","6","33.68","-117.86639","16.5","SANTA ANA JOHN WAYNE AIRPORT, CA US","SOD  ","KSNA ","V020","999,9,9,9999,9","99999,9,9,9","999999,9,9,9","+9999,9","+9999,9","99999,9","24,0003,9,5",,,,,,,,,,,,,,,,,,,"240,M,+0200,5","240,N,+0156,5",,,,,,,"10088,9,99999,4",,,"1,24,00671,200,1347,5","2,24,00581,210,1347,5","3,24,00224,999,9999,5","SOD54524 HR PRECIPITATION (IN): 0.01 24 HR MAX TEMP (F): 6824 HR MAX TEMP TIME (LST):1321 24 HR MIN TEMP (F): 6024 HR MIN TEMP TIME (LST):2252 AVERAGE STATION PRESSURE:29.79  PEAK WIND SPEED (MPH): 15 PEAK WIND DIR (DEG):200 PEAK WIND TIME (LST):1347  FASTEST 2MIN SPEED (MPH): 13FASTEST 2MIN DIR (DEG):210 FASTEST 2MIN TIME (LST):1347 AVERAGE WIND SPEED (MPH): 5.0 24 HR AVG TEMP (F):64 HOURLY INCREMENTAL PRECIPITATION VALUES (IN):.00  .00  .00  .00  .00  .00  .00  .00  .00  .01  .00  .00  .00  .00  .00  .00  .00  .00  .00  .00  .00  .00  .00  .00",
"72297793184","2000-05-27T07:59:00","6","33.68","-117.86639","16.5","SANTA ANA JOHN WAYNE AIRPORT, CA US","SOD  ","KSNA ","V020","999,9,9,9999,9","99999,9,9,9","999999,9,9,9","+9999,9","+9999,9","99999,9","24,0000,9,6",,,,,,,,,,,,,,,,,,,"240,M,+0233,5","240,N,+0161,5",,,,,,,"10061,9,99999,4",,,"1,24,00715,260,1416,5","2,24,00581,220,1402,5","3,24,00224,999,9999,5","SOD54524 HR PRECIPITATION (IN): 0.00 24 HR MAX TEMP (F): 7424 HR MAX TEMP TIME (LST):1620 24 HR MIN TEMP (F): 6124 HR MIN TEMP TIME (LST):0516 AVERAGE STATION PRESSURE:29.71  PEAK WIND SPEED (MPH): 16 PEAK WIND DIR (DEG):260 PEAK WIND TIME (LST):1416  FASTEST 2MIN SPEED (MPH): 13FASTEST 2MIN DIR (DEG):220 FASTEST 2MIN TIME (LST):1402 AVERAGE WIND SPEED (MPH): 5.0 24 HR AVG TEMP (F):68 HOURLY INCREMENTAL PRECIPITATION VALUES (IN):.00  .00  .00  .00  .00  .00  .00  .00  .00  .00  .00  .00  .00  .00  .00  .00  .00  .00  .00  .00  .00  .00  .00  .00","R01  0.007AAP092"
"72297793184","2000-05-28T07:59:00","6","33.68","-117.86639","16.5","SANTA ANA JOHN WAYNE AIRPORT, CA US","SOD  ","KSNA ","V020","999,9,9,9999,9","99999,9,9,9","999999,9,9,9","+9999,9","+9999,9","99999,9","24,0000,9,6",,,,,,,,,,,,,,,,,,,"240,M,+0294,5","240,N,+0161,5",,,,,,,"10085,9,99999,4",,,"1,24,00805,210,1500,5","2,24,00671,190,1557,5","3,24,00210,999,9999,5","SOD54524 HR PRECIPITATION (IN): 0.00 24 HR MAX TEMP (F): 8524 HR MAX TEMP TIME (LST):1105 24 HR MIN TEMP (F): 6124 HR MIN TEMP TIME (LST):0458 AVERAGE STATION PRESSURE:29.78  PEAK WIND SPEED (MPH): 18 PEAK WIND DIR (DEG):210 PEAK WIND TIME (LST):1500  FASTEST 2MIN SPEED (MPH): 15FASTEST 2MIN DIR (DEG):190 FASTEST 2MIN TIME (LST):1557 AVERAGE WIND SPEED (MPH): 4.7 24 HR AVG TEMP (F):73 HOURLY INCREMENTAL PRECIPITATION VALUES (IN):.00  .00  .00  .00  .00  .00  .00  .00  .00  .00  .00  .00  .00  .00  .00  .00  .00  .00  .00  .00  .00  .00  .00  .00","R01  0.007AAP092"
"72297793184","2000-05-29T07:59:00","6","33.68","-117.86639","16.5","SANTA ANA JOHN WAYNE AIRPORT, CA US","SOD  ","KSNA ","V020","999,9,9,9999,9","99999,9,9,9","999999,9,9,9","+9999,9","+9999,9","99999,9","24,0000,9,6",,,,,,,,,,,,,,,,,,,"240,M,+0283,5","240,N,+0172,5",,,,,,,"10091,9,99999,4",,,"1,24,00805,210,1227,5","2,24,00671,200,1227,5","3,24,00259,999,9999,5","SOD52324 HR PRECIPITATION (IN): 0.00 24 HR MAX TEMP (F): 8324 HR MAX TEMP TIME (LST):1023 24 HR MIN TEMP (F): 6324 HR MIN TEMP TIME (LST):2359 AVERAGE STATION PRESSURE:29.80  PEAK WIND SPEED (MPH): 18 PEAK WIND DIR (DEG):210 PEAK WIND TIME (LST):1227  FASTEST 2MIN SPEED (MPH): 15FASTEST 2MIN DIR (DEG):200 FASTEST 2MIN TIME (LST):1227 AVERAGE WIND SPEED (MPH): 5.8 HOURLY INCREMENTAL PRECIPITATION VALUES (IN):.00  .00  .00  .00  .00  .00  .00  .00  .00  .00  .00  .00  .00  .00  .00  .00  .00  .00  .00  .00  .00  .00  .00  .00","R01  0.007AAP092"
"72297793184","2000-05-30T07:59:00","6","33.68","-117.86639","16.5","SANTA ANA JOHN WAYNE AIRPORT, CA US","SOD  ","KSNA ","V020","999,9,9,9999,9","99999,9,9,9","999999,9,9,9","+9999,9","+9999,9","99999,9","24,0000,9,6",,,,,,,,,,,,,,,,,,,"240,M,+0228,5","240,N,+0167,5",,,,,,,"10085,9,99999,4",,,"1,24,00939,210,1529,5","2,24,00760,210,1536,5","3,24,00304,999,9999,5","SOD54524 HR PRECIPITATION (IN): 0.00 24 HR MAX TEMP (F): 7324 HR MAX TEMP TIME (LST):1145 24 HR MIN TEMP (F): 6224 HR MIN TEMP TIME (LST):2051 AVERAGE STATION PRESSURE:29.78  PEAK WIND SPEED (MPH): 21 PEAK WIND DIR (DEG):210 PEAK WIND TIME (LST):1529  FASTEST 2MIN SPEED (MPH): 17FASTEST 2MIN DIR (DEG):210 FASTEST 2MIN TIME (LST):1536 AVERAGE WIND SPEED (MPH): 6.8 24 HR AVG TEMP (F):68 HOURLY INCREMENTAL PRECIPITATION VALUES (IN):.00  .00  .00  .00  .00  .00  .00  .00  .00  .00  .00  .00  .00  .00  .00  .00  .00  .00  .00  .00  .00  .00  .00  .00","R01  0.007AAP092"
"72297793184","2000-05-31T07:59:00","6","33.68","-117.86639","16.5","SANTA ANA JOHN WAYNE AIRPORT, CA US","SOD  ","KSNA ","V020","999,9,9,9999,9","99999,9,9,9","999999,9,9,9","+9999,9","+9999,9","99999,9","24,0000,9,6",,,,,,,,,,,,,,,,,,,"240,M,+0228,5","240,N,+0161,5",,,,,,,"10085,9,99999,4",,,"1,24,00805,200,1333,5","2,24,00671,190,1528,5","3,24,00308,999,9999,5","SOD54524 HR PRECIPITATION (IN): 0.00 24 HR MAX TEMP (F): 7324 HR MAX TEMP TIME (LST):1315 24 HR MIN TEMP (F): 6124 HR MIN TEMP TIME (LST):0527 AVERAGE STATION PRESSURE:29.78  PEAK WIND SPEED (MPH): 18 PEAK WIND DIR (DEG):200 PEAK WIND TIME (LST):1333  FASTEST 2MIN SPEED (MPH): 15FASTEST 2MIN DIR (DEG):190 FASTEST 2MIN TIME (LST):1528 AVERAGE WIND SPEED (MPH): 6.9 24 HR AVG TEMP (F):67 HOURLY INCREMENTAL PRECIPITATION VALUES (IN):.00  .00  .00  .00  .00  .00  .00  .00  .00  .00  .00  .00  .00  .00  .00  .00  .00  .00  .00  .00  .00  .00  .00  .00","R01  0.007AAP092"
"72297793184","2000-06-01T07:59:00","6","33.68","-117.86639","16.5","SANTA ANA JOHN WAYNE AIRPORT, CA US","SOD  ","KSNA ","V020","999,9,9,9999,9","99999,9,9,9","999999,9,9,9","+9999,9","+9999,9","99999,9","24,0000,9,6",,,,,,,,,,,,,,,,,,,"240,M,+0228,5","240,N,+0167,5",,,,,,,"10085,9,99999,4",,,"1,24,00805,210,1158,5","2,24,00626,200,1524,5","3,24,00313,999,9999,5","SOD54524 HR PRECIPITATION (IN): 0.00 24 HR MAX TEMP (F): 7324 HR MAX TEMP TIME (LST):1328 24 HR MIN TEMP (F): 6224 HR MIN TEMP TIME (LST):0256 AVERAGE STATION PRESSURE:29.78  PEAK WIND SPEED (MPH): 18 PEAK WIND DIR (DEG):210 PEAK WIND TIME (LST):1158  FASTEST 2MIN SPEED (MPH): 14FASTEST 2MIN DIR (DEG):200 FASTEST 2MIN TIME (LST):1524 AVERAGE WIND SPEED (MPH): 7.0 24 HR AVG TEMP (F):68 HOURLY INCREMENTAL PRECIPITATION VALUES (IN):.00  .00  .00  .00  .00  .00  .00  .00  .00  .00  .00  .00  .00  .00  .00  .00  .00  .00  .00  .00  .00  .00  .00  .00","R01  0.007AAP092"
"72297793184","2000-06-01T07:59:00","6","33.68","-117.86639","16.5","SANTA ANA JOHN WAYNE AIRPORT, CA US","SOM  ","KSNA ","V020","999,9,9,9999,9","99999,9,9,9","999999,9,9,9","+9999,9","+9999,9","99999,9",,"00005,9,6","00003,9,2525,9999,9999,5","02,6,00,5,99,9,00,5","005,0003,9,250931,5","010,0003,9,250931,5","015,0003,9,250931,5","020,0003,9,250931,5","030,0003,9,250931,5","045,0003,9,250931,5","060,0003,9,250931,5","080,0003,9,250931,5","100,0003,9,250931,5","120,0003,9,250931,5","150,0003,9,250931,5","180,0003,9,250931,5",,,,,,"744,N,+1483,5","744,M,+2300,5","744,A,+1894,5","744,H,0013,6","744,C,0051,6","00,5,00,5,00,5,00,5",,"10102,4,10135,4","10176,121028,5,10085,261734,5",,,,"SOM723PCP MTOT: 0.02 DEPNRM: 0.00 PCP GT 24HRS: 0.01 DATE(S):25 DAYS W/PCP >=.01: 2 DAYS W/PCP >=.10: 0 DAYS W/PCP >=1.00:  MSDP AMTS W/DATE-TIME TAGS:MIN:5  .01  25/0931 MIN:10  .01  25/0931 MIN:15  .01  25/0931 MIN:20  .01  25/0931 MIN:30  .01  25/0931 MIN:45  .01  25/0931 MIN:60  .01  25/0931 MIN:80  .01  25/0931 MIN:100  .01  25/0931 MIN:120  .01  25/0931 MIN:150  .01  25/0931 MIN:180  .01  25/0931 SN GT DP ON GRND:0 DATE(S):0  AVG DLY MIN: 58.7 AVG DLY MAX: 73.4 AVG MLY TMP: 66.1 DAYS MAX <=32:  DAYS MAX >=70: 0 DAYS MAX >=90: 0 DAYS MIN <=32: 0 DAYS MIN  <=0: 0 AVG STP:29.83  AVG SLP:29.93  LWST SLP:29.78 DATE/TIME:261734 HGST SLP:30.05 DATE/TIME:121028 HDD MTH TOT:  13 DEP NORM:-255 CDD MTH TOT:  51 DEP NORM:-255","R01  0.027ABP070R02     27AE1100R03    137KDH045R04    517KDC058"
"72297793184","2000-06-02T07:59:00","6","33.68","-117.86639","16.5","SANTA ANA JOHN WAYNE AIRPORT, CA US","SOD  ","KSNA ","V020","999,9,9,9999,9","99999,9,9,9","999999,9,9,9","+9999,9","+9999,9","99999,9","24,0000,9,5",,,,,,,,,,,,,,,,,,,"240,M,+0233,5","240,N,+0167,6",,,,,,,"10091,9,99999,4",,,"1,24,00760,210,1402,5","2,24,00581,200,1444,5","3,24,00286,999,9999,5","SOD54524 HR PRECIPITATION (IN): 0.00 24 HR MAX TEMP (F): 7424 HR MAX TEMP TIME (LST):1459 24 HR MIN TEMP (F): 6224 HR MIN TEMP TIME (LST):2359 AVERAGE STATION PRESSURE:29.80  PEAK WIND SPEED (MPH): 17 PEAK WIND DIR (DEG):210 PEAK WIND TIME (LST):1402  FASTEST 2MIN SPEED (MPH): 13FASTEST 2MIN DIR (DEG):200 FASTEST 2MIN TIME (LST):1444 AVERAGE WIND SPEED (MPH): 6.4 24 HR AVG TEMP (F):68 HOURLY INCREMENTAL PRECIPITATION VALUES (IN):.00  .00  .00  .00  .00  .00  .00  .00  .00  .00  .00  .00  .00  .00  .00  .00  .00  .00  .00  .00  .00  .00  .00  .00","R01    627KAN014"
"72297793184","2000-06-03T07:59:00","6","33.68","-117.86639","16.5","SANTA ANA JOHN WAYNE AIRPORT, CA US","SOD  ","KSNA ","V020","999,9,9,9999,9","99999,9,9,9","999999,9,9,9","+9999,9","+9999,9","99999,9","24,0000,9,5",,,,,,,,,,,,,,,,,,,"240,M,+0239,5","240,N,+0167,5",,,,,,,"10132,9,99999,4",,,"1,24,00715,220,1450,5","2,24,00581,200,1510,5","3,24,00241,999,9999,5","SOD54524 HR PRECIPITATION (IN): 0.00 24 HR MAX TEMP (F): 7524 HR MAX TEMP TIME (LST):1453 24 HR MIN TEMP (F): 6224 HR MIN TEMP TIME (LST):0600 AVERAGE STATION PRESSURE:29.92  PEAK WIND SPEED (MPH): 16 PEAK WIND DIR (DEG):220 PEAK WIND TIME (LST):1450  FASTEST 2MIN SPEED (MPH): 13FASTEST 2MIN DIR (DEG):200 FASTEST 2MIN TIME (LST):1510 AVERAGE WIND SPEED (MPH): 5.4 24 HR AVG TEMP (F):69 HOURLY INCREMENTAL PRECIPITATION VALUES (IN):.00  .00  .00  .00  .00  .00  .00  .00  .00  .00  .00  .00  .00  .00  .00  .00  .00  .00  .00  .00  .00  .00  .00  .00",
"72297793184","2000-06-04T07:59:00","6","33.68","-117.86639","16.5","SANTA ANA JOHN WAYNE AIRPORT, CA US","SOD  ","KSNA ","V020","999,9,9,9999,9","99999,9,9,9","999999,9,9,9","+9999,9","+9999,9","99999,9","24,0000,9,5",,,,,,,,,,,,,,,,,,,"240,M,+0267,5","240,N,+0161,5",,,,,,,"10135,9,99999,4",,,"1,24,00715,210,1420,5","2,24,00581,210,1542,5","3,24,00206,999,9999,5","SOD54524 HR PRECIPITATION (IN): 0.00 24 HR MAX TEMP (F): 8024 HR MAX TEMP TIME (LST):1239 24 HR MIN TEMP (F): 6124 HR MIN TEMP TIME (LST):0516 AVERAGE STATION PRESSURE:29.93  PEAK WIND SPEED (MPH): 16 PEAK WIND DIR (DEG):210 PEAK WIND TIME (LST):1420  FASTEST 2MIN SPEED (MPH): 13FASTEST 2MIN DIR (DEG):210 FASTEST 2MIN TIME (LST):1542 AVERAGE WIND SPEED (MPH): 4.6 24 HR AVG TEMP (F):71 HOURLY INCREMENTAL PRECIPITATION VALUES (IN):.00  .00  .00  .00  .00  .00  .00  .00  .00  .00  .00  .00  .00  .00  .00  .00  .00  .00  .00  .00  .00  .00  .00  .00",
"72297793184","2000-06-05T07:59:00","6","33.68","-117.86639","16.5","SANTA ANA JOHN WAYNE AIRPORT, CA US","SOD  ","KSNA ","V020","999,9,9,9999,9","99999,9,9,9","999999,9,9,9","+9999,9","+9999,9","99999,9","24,0000,9,5",,,,,,,,,,,,,,,,,,,"240,M,+0250,5","240,N,+0161,5",,,,,,,"10125,9,99999,4",,,"1,24,00715,230,1226,5","2,24,00581,210,1404,5","3,24,00219,999,9999,5","SOD54524 HR PRECIPITATION (IN): 0.00 24 HR MAX TEMP (F): 7724 HR MAX TEMP TIME (LST):1341 24 HR MIN TEMP (F): 6124 HR MIN TEMP TIME (LST):0441 AVERAGE STATION PRESSURE:29.90  PEAK WIND SPEED (MPH): 16 PEAK WIND DIR (DEG):230 PEAK WIND TIME (LST):1226  FASTEST 2MIN SPEED (MPH): 13FASTEST 2MIN DIR (DEG):210 FASTEST 2MIN TIME (LST):1404 AVERAGE WIND SPEED (MPH): 4.9 24 HR AVG TEMP (F):69 HOURLY INCREMENTAL PRECIPITATION VALUES (IN):.00  .00  .00  .00  .00  .00  .00  .00  .00  .00  .00  .00  .00  .00  .00  .00  .00  .00  .00  .00  .00  .00  .00  .00",
"72297793184","2000-06-06T07:59:00","6","33.68","-117.86639","16.5","SANTA ANA JOHN WAYNE AIRPORT, CA US","SOD  ","KSNA ","V020","999,9,9,9999,9","99999,9,9,9","999999,9,9,9","+9999,9","+9999,9","99999,9","24,0000,9,5",,,,,,,,,,,,,,,,,,,"240,M,+0244,5","240,N,+0161,5",,,,,,,"10115,9,99999,4",,,"1,24,00715,230,1225,5","2,24,00581,210,1718,5","3,24,00259,999,9999,5","SOD54524 HR PRECIPITATION (IN): 0.00 24 HR MAX TEMP (F): 7624 HR MAX TEMP TIME (LST):1545 24 HR MIN TEMP (F): 6124 HR MIN TEMP TIME (LST):2359 AVERAGE STATION PRESSURE:29.87  PEAK WIND SPEED (MPH): 16 PEAK WIND DIR (DEG):230 PEAK WIND TIME (LST):1225  FASTEST 2MIN SPEED (MPH): 13FASTEST 2MIN DIR (DEG):210 FASTEST 2MIN TIME (LST):1718 AVERAGE WIND SPEED (MPH): 5.8 24 HR AVG TEMP (F):69 HOURLY INCREMENTAL PRECIPITATION VALUES (IN):.00  .00  .00  .00  .00  .00  .00  .00  .00  .00  .00  .00  .00  .00  .00  .00  .00  .00  .00  .00  .00  .00  .00  .00",
"72297793184","2000-06-07T07:59:00","6","33.68","-117.86639","16.5","SANTA ANA JOHN WAYNE AIRPORT, CA US","SOD  ","KSNA ","V020","999,9,9,9999,9","99999,9,9,9","999999,9,9,9","+9999,9","+9999,9","99999,9","24,0000,9,5",,,,,,,,,,,,,,,,,,,"240,M,+0256,5","240,N,+0150,5",,,,,,,"10108,9,99999,4",,,"1,24,00715,210,1249,5","2,24,00581,210,1250,5","3,24,00250,999,9999,5","SOD54524 HR PRECIPITATION (IN): 0.00 24 HR MAX TEMP (F): 7824 HR MAX TEMP TIME (LST):1444 24 HR MIN TEMP (F): 5924 HR MIN TEMP TIME (LST):0506 AVERAGE STATION PRESSURE:29.85  PEAK WIND SPEED (MPH): 16 PEAK WIND DIR (DEG):210 PEAK WIND TIME (LST):1249  FASTEST 2MIN SPEED (MPH): 13FASTEST 2MIN DIR (DEG):210 FASTEST 2MIN TIME (LST):1250 AVERAGE WIND SPEED (MPH): 5.6 24 HR AVG TEMP (F):69 HOURLY INCREMENTAL PRECIPITATION VALUES (IN):.00  .00  .00  .00  .00  .00  .00  .00  .00  .00  .00  .00  .00  .00  .00  .00  .00  .00  .00  .00  .00  .00  .00  .00",
"72297793184","2000-06-08T07:59:00","6","33.68","-117.86639","16.5","SANTA ANA JOHN WAYNE AIRPORT, CA US","SOD  ","KSNA ","V020","999,9,9,9999,9","99999,9,9,9","999999,9,9,9","+9999,9","+9999,9","99999,9","24,0000,9,5",,,,,,,,,,,,,,,,,,,"240,M,+0250,5","240,N,+0161,5",,,,,,,"10108,9,99999,4",,,"1,24,00805,230,1531,5","2,24,00671,210,1641,5","3,24,00291,999,9999,5","SOD54524 HR PRECIPITATION (IN): 0.00 24 HR MAX TEMP (F): 7724 HR MAX TEMP TIME (LST):1423 24 HR MIN TEMP (F): 6124 HR MIN TEMP TIME (LST):0614 AVERAGE STATION PRESSURE:29.85  PEAK WIND SPEED (MPH): 18 PEAK WIND DIR (DEG):230 PEAK WIND TIME (LST):1531  FASTEST 2MIN SPEED (MPH): 15FASTEST 2MIN DIR (DEG):210 FASTEST 2MIN TIME (LST):1641 AVERAGE WIND SPEED (MPH): 6.5 24 HR AVG TEMP (F):69 HOURLY INCREMENTAL PRECIPITATION VALUES (IN):.00  .00  .00  .00  .00  .00  .00  .00  .00  .00  .00  .00  .00  .00  .00  .00  .00  .00  .00  .00  .00  .00  .00  .00",
"72297793184","2000-06-09T07:59:00","6","33.68","-117.86639","16.5","SANTA ANA JOHN WAYNE AIRPORT, CA US","SOD  ","KSNA ","V020","999,9,9,9999,9","99999,9,9,9","999999,9,9,9","+9999,9","+9999,9","99999,9","24,0000,9,5",,,,,,,,,,,,,,,,,,,"240,M,+0217,5","240,N,+0150,5",,,,,,,"10098,9,99999,4",,,"1,24,00939,220,1445,5","2,24,00715,250,1523,5","3,24,00326,999,9999,5","SOD52324 HR PRECIPITATION (IN): 0.00 24 HR MAX TEMP (F): 7124 HR MAX TEMP TIME (LST):1402 24 HR MIN TEMP (F): 5924 HR MIN TEMP TIME (LST):2359 AVERAGE STATION PRESSURE:29.82  PEAK WIND SPEED (MPH): 21 PEAK WIND DIR (DEG):220 PEAK WIND TIME (LST):1445  FASTEST 2MIN SPEED (MPH): 16FASTEST 2MIN DIR (DEG):250 FASTEST 2MIN TIME (LST):1523 AVERAGE WIND SPEED (MPH): 7.3 HOURLY INCREMENTAL PRECIPITATION VALUES (IN):.00  .00  .00  .00  .00  .00  .00  .00  .00  .00  .00  .00  .00  .00  .00  .00  .00  .00  .00  .00  .00  .00  .00  .00",
"72297793184","2000-06-10T07:59:00","6","33.68","-117.86639","16.5","SANTA ANA JOHN WAYNE AIRPORT, CA US","SOD  ","KSNA ","V020","999,9,9,9999,9","99999,9,9,9","999999,9,9,9","+9999,9","+9999,9","99999,9","24,0000,9,5",,,,,,,,,,,,,,,,,,,"240,M,+0228,5","240,N,+0144,5",,,,,,,"10091,9,99999,4",,,"1,24,00894,220,1422,5","2,24,00671,190,1237,5","3,24,00317,999,9999,5","SOD54524 HR PRECIPITATION (IN): 0.00 24 HR MAX TEMP (F): 7324 HR MAX TEMP TIME (LST):1518 24 HR MIN TEMP (F): 5824 HR MIN TEMP TIME (LST):0339 AVERAGE STATION PRESSURE:29.80  PEAK WIND SPEED (MPH): 20 PEAK WIND DIR (DEG):220 PEAK WIND TIME (LST):1422  FASTEST 2MIN SPEED (MPH): 15FASTEST 2MIN DIR (DEG):190 FASTEST 2MIN TIME (LST):1237 AVERAGE WIND SPEED (MPH): 7.1 24 HR AVG TEMP (F):66 HOURLY INCREMENTAL PRECIPITATION VALUES (IN):.00  .00  .00  .00  .00  .00  .00  .00  .00  .00  .00  .00  .00  .00  .00  .00  .00  .00  .00  .00  .00  .00  .00  .00",
"72297793184","2000-06-11T07:59:00","6","33.68","-117.86639","16.5","SANTA ANA JOHN WAYNE AIRPORT, CA US","SOD  ","KSNA ","V020","999,9,9,9999,9","99999,9,9,9","999999,9,9,9","+9999,9","+9999,9","99999,9","24,0000,9,5",,,,,,,,,,,,,,,,,,,"240,M,+0228,5","240,N,+0150,5",,,,,,,"10091,9,99999,4",,,"1,24,00894,190,1339,5","2,24,00626,200,1440,5","3,24,00250,999,9999,5","SOD54524 HR PRECIPITATION (IN): 0.00 24 HR MAX TEMP (F): 7324 HR MAX TEMP TIME (LST):1425 24 HR MIN TEMP (F): 5924 HR MIN TEMP TIME (LST):0452 AVERAGE STATION PRESSURE:29.80  PEAK WIND SPEED (MPH): 20 PEAK WIND DIR (DEG):190 PEAK WIND TIME (LST):1339  FASTEST 2MIN SPEED (MPH): 14FASTEST 2MIN DIR (DEG):200 FASTEST 2MIN TIME (LST):1440 AVERAGE WIND SPEED (MPH): 5.6 24 HR AVG TEMP (F):66 HOURLY INCREMENTAL PRECIPITATION VALUES (IN):.00  .00  .00  .00  .00  .00  .00  .00  .00  .00  .00  .00  .00  .00  .00  .00  .00  .00  .00  .00  .00  .00  .00  .00",
"72297793184","2000-06-12T07:59:00","6","33.68","-117.86639","16.5","SANTA ANA JOHN WAYNE AIRPORT, CA US","SOD  ","KSNA ","V020","999,9,9,9999,9","99999,9,9,9","999999,9,9,9","+9999,9","+9999,9","99999,9","24,0000,9,5",,,,,,,,,,,,,,,,,,,"240,M,+0233,5","240,N,+0161,5",,,,,,,"10095,9,99999,4",,,"1,24,00983,210,1123,5","2,24,00671,190,1503,5","3,24,00273,999,9999,5","SOD54524 HR PRECIPITATION (IN): 0.00 24 HR MAX TEMP (F): 7424 HR MAX TEMP TIME (LST):1457 24 HR MIN TEMP (F): 6124 HR MIN TEMP TIME (LST):0528 AVERAGE STATION PRESSURE:29.81  PEAK WIND SPEED (MPH): 22 PEAK WIND DIR (DEG):210 PEAK WIND TIME (LST):1123  FASTEST 2MIN SPEED (MPH): 15FASTEST 2MIN DIR (DEG):190 FASTEST 2MIN TIME (LST):1503 AVERAGE WIND SPEED (MPH): 6.1 24 HR AVG TEMP (F):68 HOURLY INCREMENTAL PRECIPITATION VALUES (IN):.00  .00  .00  .00  .00  .00  .00  .00  .00  .00  .00  .00  .00  .00  .00  .00  .00  .00  .00  .00  .00  .00  .00  .00",
"72297793184","2000-06-13T07:59:00","6","33.68","-117.86639","16.5","SANTA ANA JOHN WAYNE AIRPORT, CA US","SOD  ","KSNA ","V020","999,9,9,9999,9","99999,9,9,9","999999,9,9,9","+9999,9","+9999,9","99999,9","24,0000,9,5",,,,,,,,,,,,,,,,,,,"240,M,+0250,5","240,N,+0161,5",,,,,,,"10095,9,99999,4",,,"1,24,00760,230,1504,5","2,24,00626,210,1348,5","3,24,00228,999,9999,5","SOD54524 HR PRECIPITATION (IN): 0.00 24 HR MAX TEMP (F): 7724 HR MAX TEMP TIME (LST):1450 24 HR MIN TEMP (F): 6124 HR MIN TEMP TIME (LST):0451 AVERAGE STATION PRESSURE:29.81  PEAK WIND SPEED (MPH): 17 PEAK WIND DIR (DEG):230 PEAK WIND TIME (LST):1504  FASTEST 2MIN SPEED (MPH): 14FASTEST 2MIN DIR (DEG):210 FASTEST 2MIN TIME (LST):1348 AVERAGE WIND SPEED (MPH): 5.1 24 HR AVG TEMP (F):69 HOURLY INCREMENTAL PRECIPITATION VALUES (IN):.00  .00  .00  .00  .00  .00  .00  .00  .00  .00  .00  .00  .00  .00  .00  .00  .00  .00  .00  .00  .00  .00  .00  .00",
"72297793184","2000-06-14T07:59:00","6","33.68","-117.86639","16.5","SANTA ANA JOHN WAYNE AIRPORT, CA US","SOD  ","KSNA ","V020","999,9,9,9999,9","99999,9,9,9","999999,9,9,9","+9999,9","+9999,9","99999,9","24,0000,9,5",,,,,,,,,,,,,,,,,,,"240,M,+0239,5","240,N,+0167,5",,,,,,,"10078,9,99999,4",,,"1,24,00894,220,1529,5","2,24,00760,220,1432,5","3,24,00322,999,9999,5","SOD54524 HR PRECIPITATION (IN): 0.00 24 HR MAX TEMP (F): 7524 HR MAX TEMP TIME (LST):1418 24 HR MIN TEMP (F): 6224 HR MIN TEMP TIME (LST):0316 AVERAGE STATION PRESSURE:29.76  PEAK WIND SPEED (MPH): 20 PEAK WIND DIR (DEG):220 PEAK WIND TIME (LST):1529  FASTEST 2MIN SPEED (MPH): 17FASTEST 2MIN DIR (DEG):220 FASTEST 2MIN TIME (LST):1432 AVERAGE WIND SPEED (MPH): 7.2 24 HR AVG TEMP (F):69 HOURLY INCREMENTAL PRECIPITATION VALUES (IN):.00  .00  .00  .00  .00  .00  .00  .00  .00  .00  .00  .00  .00  .00  .00  .00  .00  .00  .00  .00  .00  .00  .00  .00",
"72297793184","2000-06-15T07:59:00","6","33.68","-117.86639","16.5","SANTA ANA JOHN WAYNE AIRPORT, CA US","SOD  ","KSNA ","V020","999,9,9,9999,9","99999,9,9,9","999999,9,9,9","+9999,9","+9999,9","99999,9","24,0000,9,5",,,,,,,,,,,,,,,,,,,"240,M,+0239,5","240,N,+0172,5",,,,,,,"10095,9,99999,4",,,"1,24,00983,190,1627,5","2,24,00805,210,1546,5","3,24,00344,999,9999,5","SOD54524 HR PRECIPITATION (IN): 0.00 24 HR MAX TEMP (F): 7524 HR MAX TEMP TIME (LST):1113 24 HR MIN TEMP (F): 6324 HR MIN TEMP TIME (LST):2359 AVERAGE STATION PRESSURE:29.81  PEAK WIND SPEED (MPH): 22 PEAK WIND DIR (DEG):190 PEAK WIND TIME (LST):1627  FASTEST 2MIN SPEED (MPH): 18FASTEST 2MIN DIR (DEG):210 FASTEST 2MIN TIME (LST):1546 AVERAGE WIND SPEED (MPH): 7.7 24 HR AVG TEMP (F):69 HOURLY INCREMENTAL PRECIPITATION VALUES (IN):.00  .00  .00  .00  .00  .00  .00  .00  .00  .00  .00  .00  .00  .00  .00  .00  .00  .00  .00  .00  .00  .00  .00  .00",
"72297793184","2000-06-16T07:59:00","6","33.68","-117.86639","16.5","SANTA ANA JOHN WAYNE AIRPORT, CA US","SOD  ","KSNA ","V020","999,9,9,9999,9","99999,9,9,9","999999,9,9,9","+9999,9","+9999,9","99999,9","24,0000,9,5",,,,,,,,,,,,,,,,,,,"240,M,+0250,5","240,N,+0167,5",,,,,,,"10078,9,99999,4",,,"1,24,00805,230,1229,5","2,24,00581,210,1658,5","3,24,00246,999,9999,5","SOD54524 HR PRECIPITATION (IN): 0.00 24 HR MAX TEMP (F): 7724 HR MAX TEMP TIME (LST):1307 24 HR MIN TEMP (F): 6224 HR MIN TEMP TIME (LST):0510 AVERAGE STATION PRESSURE:29.76  PEAK WIND SPEED (MPH): 18 PEAK WIND DIR (DEG):230 PEAK WIND TIME (LST):1229  FASTEST 2MIN SPEED (MPH): 13FASTEST 2MIN DIR (DEG):210 FASTEST 2MIN TIME (LST):1658 AVERAGE WIND SPEED (MPH): 5.5 24 HR AVG TEMP (F):70 HOURLY INCREMENTAL PRECIPITATION VALUES (IN):.00  .00  .00  .00  .00  .00  .00  .00  .00  .00  .00  .00  .00  .00  .00  .00  .00  .00  .00  .00  .00  .00  .00  .00",
"72297793184","2000-06-17T07:59:00","6","33.68","-117.86639","16.5","SANTA ANA JOHN WAYNE AIRPORT, CA US","SOD  ","KSNA ","V020","999,9,9,9999,9","99999,9,9,9","999999,9,9,9","+9999,9","+9999,9","99999,9","24,0000,9,5",,,,,,,,,,,,,,,,,,,"240,M,+0233,5","240,N,+0183,5",,,,,,,"10047,9,99999,4",,,"1,24,00760,190,1452,5","2,24,00626,210,1609,5","3,24,00362,999,9999,5","SOD54524 HR PRECIPITATION (IN): 0.00 24 HR MAX TEMP (F): 7424 HR MAX TEMP TIME (LST):1406 24 HR MIN TEMP (F): 6524 HR MIN TEMP TIME (LST):0440 AVERAGE STATION PRESSURE:29.67  PEAK WIND SPEED (MPH): 17 PEAK WIND DIR (DEG):190 PEAK WIND TIME (LST):1452  FASTEST 2MIN SPEED (MPH): 14FASTEST 2MIN DIR (DEG):210 FASTEST 2MIN TIME (LST):1609 AVERAGE WIND SPEED (MPH): 8.1 24 HR AVG TEMP (F):70 HOURLY INCREMENTAL PRECIPITATION VALUES (IN):.00  .00  .00  .00  .00  .00  .00  .00  .00  .00  .00  .00  .00  .00  .00  .00  .00  .00  .00  .00  .00  .00  .00  .00",
"72297793184","2000-06-18T07:59:00","6","33.68","-117.86639","16.5","SANTA ANA JOHN WAYNE AIRPORT, CA US","SOD  ","KSNA ","V020","999,9,9,9999,9","99999,9,9,9","999999,9,9,9","+9999,9","+9999,9","99999,9","24,0000,9,5",,,,,,,,,,,,,,,,,,,"240,M,+0239,5","240,N,+0172,5",,,,,,,"10064,9,99999,4",,,"1,24,00805,200,1536,5","2,24,00671,220,1502,5","3,24,00376,999,9999,5","SOD54524 HR PRECIPITATION (IN): 0.00 24 HR MAX TEMP (F): 7524 HR MAX TEMP TIME (LST):1050 24 HR MIN TEMP (F): 6324 HR MIN TEMP TIME (LST):2359 AVERAGE STATION PRESSURE:29.72  PEAK WIND SPEED (MPH): 18 PEAK WIND DIR (DEG):200 PEAK WIND TIME (LST):1536  FASTEST 2MIN SPEED (MPH): 15FASTEST 2MIN DIR (DEG):220 FASTEST 2MIN TIME (LST):1502 AVERAGE WIND SPEED (MPH): 8.4 24 HR AVG TEMP (F):69 HOURLY INCREMENTAL PRECIPITATION VALUES (IN):.00  .00  .00  .00  .00  .00  .00  .00  .00  .00  .00  .00  .00  .00  .00  .00  .00  .00  .00  .00  .00  .00  .00  .00",
"72297793184","2000-06-19T07:59:00","6","33.68","-117.86639","16.5","SANTA ANA JOHN WAYNE AIRPORT, CA US","SOD  ","KSNA ","V020","999,9,9,9999,9","99999,9,9,9","999999,9,9,9","+9999,9","+9999,9","99999,9","24,0000,9,5",,,,,,,,,,,,,,,,,,,"240,M,+0233,5","240,N,+0172,5",,,,,,,"10091,9,99999,4",,,"1,24,00805,220,1448,5","2,24,00581,200,1441,5","3,24,00255,999,9999,5","SOD54524 HR PRECIPITATION (IN): 0.00 24 HR MAX TEMP (F): 7424 HR MAX TEMP TIME (LST):1453 24 HR MIN TEMP (F): 6324 HR MIN TEMP TIME (LST):0351 AVERAGE STATION PRESSURE:29.80  PEAK WIND SPEED (MPH): 18 PEAK WIND DIR (DEG):220 PEAK WIND TIME (LST):1448  FASTEST 2MIN SPEED (MPH): 13FASTEST 2MIN DIR (DEG):200 FASTEST 2MIN TIME (LST):1441 AVERAGE WIND SPEED (MPH): 5.7 24 HR AVG TEMP (F):69 HOURLY INCREMENTAL PRECIPITATION VALUES (IN):.00  .00  .00  .00  .00  .00  .00  .00  .00  .00  .00  .00  .00  .00  .00  .00  .00  .00  .00  .00  .00  .00  .00  .00",
"72297793184","2000-06-20T07:59:00","6","33.68","-117.86639","16.5","SANTA ANA JOHN WAYNE AIRPORT, CA US","SOD  ","KSNA ","V020","999,9,9,9999,9","99999,9,9,9","999999,9,9,9","+9999,9","+9999,9","99999,9","24,0000,9,5",,,,,,,,,,,,,,,,,,,"240,M,+0250,5","240,N,+0178,5",,,,,,,"10091,9,99999,4",,,"1,24,00894,210,1050,5","2,24,00626,190,1258,5","3,24,00246,999,9999,5","SOD54524 HR PRECIPITATION (IN): 0.00 24 HR MAX TEMP (F): 7724 HR MAX TEMP TIME (LST):1427 24 HR MIN TEMP (F): 6424 HR MIN TEMP TIME (LST):2316 AVERAGE STATION PRESSURE:29.80  PEAK WIND SPEED (MPH): 20 PEAK WIND DIR (DEG):210 PEAK WIND TIME (LST):1050  FASTEST 2MIN SPEED (MPH): 14FASTEST 2MIN DIR (DEG):190 FASTEST 2MIN TIME (LST):1258 AVERAGE WIND SPEED (MPH): 5.5 24 HR AVG TEMP (F):71 HOURLY INCREMENTAL PRECIPITATION VALUES (IN):.00  .00  .00  .00  .00  .00  .00  .00  .00  .00  .00  .00  .00  .00  .00  .00  .00  .00  .00  .00  .00  .00  .00  .00",
"72297793184","2000-06-21T07:59:00","6","33.68","-117.86639","16.5","SANTA ANA JOHN WAYNE AIRPORT, CA US","SOD  ","KSNA ","V020","999,9,9,9999,9","99999,9,9,9","999999,9,9,9","+9999,9","+9999,9","99999,9","24,0000,9,5",,,,,,,,,,,,,,,,,,,"240,M,+0250,5","240,N,+0189,5",,,,,,,"10091,9,99999,4",,,"1,24,00760,250,1209,5","2,24,00581,220,1602,5","3,24,00232,999,9999,5","SOD54524 HR PRECIPITATION (IN): 0.00 24 HR MAX TEMP (F): 7724 HR MAX TEMP TIME (LST):1048 24 HR MIN TEMP (F): 6624 HR MIN TEMP TIME (LST):2359 AVERAGE STATION PRESSURE:29.80  PEAK WIND SPEED (MPH): 17 PEAK WIND DIR (DEG):250 PEAK WIND TIME (LST):1209  FASTEST 2MIN SPEED (MPH): 13FASTEST 2MIN DIR (DEG):220 FASTEST 2MIN TIME (LST):1602 AVERAGE WIND SPEED (MPH): 5.2 24 HR AVG TEMP (F):72 HOURLY INCREMENTAL PRECIPITATION VALUES (IN):.00  .00  .00  .00  .00  .00  .00  .00  .00  .00  .00  .00  .00  .00  .00  .00  .00  .00  .00  .00  .00  .00  .00  .00",
"72297793184","2000-06-22T07:59:00","6","33.68","-117.86639","16.5","SANTA ANA JOHN WAYNE AIRPORT, CA US","SOD  ","KSNA ","V020","999,9,9,9999,9","99999,9,9,9","999999,9,9,9","+9999,9","+9999,9","99999,9","24,0000,9,5",,,,,,,,,,,,,,,,,,,"240,M,+0250,5","240,N,+0178,5",,,,,,,"10088,9,99999,4",,,"1,24,00760,220,1452,5","2,24,00581,220,1609,5","3,24,00282,999,9999,5","SOD54524 HR PRECIPITATION (IN): 0.00 24 HR MAX TEMP (F): 7724 HR MAX TEMP TIME (LST):1404 24 HR MIN TEMP (F): 6424 HR MIN TEMP TIME (LST):2359 AVERAGE STATION PRESSURE:29.79  PEAK WIND SPEED (MPH): 17 PEAK WIND DIR (DEG):220 PEAK WIND TIME (LST):1452  FASTEST 2MIN SPEED (MPH): 13FASTEST 2MIN DIR (DEG):220 FASTEST 2MIN TIME (LST):1609 AVERAGE WIND SPEED (MPH): 6.3 24 HR AVG TEMP (F):71 HOURLY INCREMENTAL PRECIPITATION VALUES (IN):.00  .00  .00  .00  .00  .00  .00  .00  .00  .00  .00  .00  .00  .00  .00  .00  .00  .00  .00  .00  .00  .00  .00  .00",
"72297793184","2000-06-23T07:59:00","6","33.68","-117.86639","16.5","SANTA ANA JOHN WAYNE AIRPORT, CA US","SOD  ","KSNA ","V020","999,9,9,9999,9","99999,9,9,9","999999,9,9,9","+9999,9","+9999,9","99999,9","24,0000,9,5",,,,,,,,,,,,,,,,,,,"240,M,+0244,5","240,N,+0178,5",,,,,,,"10088,9,99999,4",,,"1,24,00760,230,1401,5","2,24,00581,210,1710,5","3,24,00268,999,9999,5","SOD54524 HR PRECIPITATION (IN): 0.00 24 HR MAX TEMP (F): 7624 HR MAX TEMP TIME (LST):1430 24 HR MIN TEMP (F): 6424 HR MIN TEMP TIME (LST):0021 AVERAGE STATION PRESSURE:29.79  PEAK WIND SPEED (MPH): 17 PEAK WIND DIR (DEG):230 PEAK WIND TIME (LST):1401  FASTEST 2MIN SPEED (MPH): 13FASTEST 2MIN DIR (DEG):210 FASTEST 2MIN TIME (LST):1710 AVERAGE WIND SPEED (MPH): 6.0 24 HR AVG TEMP (F):70 HOURLY INCREMENTAL PRECIPITATION VALUES (IN):.00  .00  .00  .00  .00  .00  .00  .00  .00  .00  .00  .00  .00  .00  .00  .00  .00  .00  .00  .00  .00  .00  .00  .00",
"72297793184","2000-06-24T07:59:00","6","33.68","-117.86639","16.5","SANTA ANA JOHN WAYNE AIRPORT, CA US","SOD  ","KSNA ","V020","999,9,9,9999,9","99999,9,9,9","999999,9,9,9","+9999,9","+9999,9","99999,9","24,0000,9,5",,,,,,,,,,,,,,,,,,,"240,M,+0233,5","240,N,+0189,5",,,,,,,"10115,9,99999,4",,,"1,24,00939,210,1220,5","2,24,00715,210,1401,5","3,24,00384,999,9999,5","SOD54524 HR PRECIPITATION (IN): 0.00 24 HR MAX TEMP (F): 7424 HR MAX TEMP TIME (LST):1300 24 HR MIN TEMP (F): 6624 HR MIN TEMP TIME (LST):2359 AVERAGE STATION PRESSURE:29.87  PEAK WIND SPEED (MPH): 21 PEAK WIND DIR (DEG):210 PEAK WIND TIME (LST):1220  FASTEST 2MIN SPEED (MPH): 16FASTEST 2MIN DIR (DEG):210 FASTEST 2MIN TIME (LST):1401 AVERAGE WIND SPEED (MPH): 8.6 24 HR AVG TEMP (F):70 HOURLY INCREMENTAL PRECIPITATION VALUES (IN):.00  .00  .00  .00  .00  .00  .00  .00  .00  .00  .00  .00  .00  .00  .00  .00  .00  .00  .00  .00  .00  .00  .00  .00",
"72297793184","2000-06-25T07:59:00","6","33.68","-117.86639","16.5","SANTA ANA JOHN WAYNE AIRPORT, CA US","SOD  ","KSNA ","V020","999,9,9,9999,9","99999,9,9,9","999999,9,9,9","+9999,9","+9999,9","99999,9","24,0000,9,5",,,,,,,,,,,,,,,,,,,"240,M,+0261,5","240,N,+0183,5",,,,,,,"10125,9,99999,4",,,"1,24,00715,210,1524,5","2,24,00581,220,1548,5","3,24,00237,999,9999,5","SOD54524 HR PRECIPITATION (IN): 0.00 24 HR MAX TEMP (F): 7924 HR MAX TEMP TIME (LST):1416 24 HR MIN TEMP (F): 6524 HR MIN TEMP TIME (LST):0604 AVERAGE STATION PRESSURE:29.90  PEAK WIND SPEED (MPH): 16 PEAK WIND DIR (DEG):210 PEAK WIND TIME (LST):1524  FASTEST 2MIN SPEED (MPH): 13FASTEST 2MIN DIR (DEG):220 FASTEST 2MIN TIME (LST):1548 AVERAGE WIND SPEED (MPH): 5.3 24 HR AVG TEMP (F):72 HOURLY INCREMENTAL PRECIPITATION VALUES (IN):.00  .00  .00  .00  .00  .00  .00  .00  .00  .00  .00  .00  .00  .00  .00  .00  .00  .00  .00  .00  .00  .00  .00  .00",
"72297793184","2000-06-26T07:59:00","6","33.68","-117.86639","16.5","SANTA ANA JOHN WAYNE AIRPORT, CA US","SOD  ","KSNA ","V020","999,9,9,9999,9","99999,9,9,9","999999,9,9,9","+9999,9","+9999,9","99999,9","24,0000,9,5",,,,,,,,,,,,,,,,,,,"240,M,+0328,5","240,N,+0183,5",,,,,,,"10112,9,99999,4",,,"1,24,00671,260,1635,5","2,24,00536,220,2344,5","3,24,00210,999,9999,5","SOD52324 HR PRECIPITATION (IN): 0.00 24 HR MAX TEMP (F): 9124 HR MAX TEMP TIME (LST):1433 24 HR MIN TEMP (F): 6524 HR MIN TEMP TIME (LST):0608 AVERAGE STATION PRESSURE:29.86  PEAK WIND SPEED (MPH): 15 PEAK WIND DIR (DEG):260 PEAK WIND TIME (LST):1635  FASTEST 2MIN SPEED (MPH): 12FASTEST 2MIN DIR (DEG):220 FASTEST 2MIN TIME (LST):2344 AVERAGE WIND SPEED (MPH): 4.7 HOURLY INCREMENTAL PRECIPITATION VALUES (IN):.00  .00  .00  .00  .00  .00  .00  .00  .00  .00  .00  .00  .00  .00  .00  .00  .00  .00  .00  .00  .00  .00  .00  .00",
"72297793184","2000-06-27T07:59:00","6","33.68","-117.86639","16.5","SANTA ANA JOHN WAYNE AIRPORT, CA US","SOD  ","KSNA ","V020","999,9,9,9999,9","99999,9,9,9","999999,9,9,9","+9999,9","+9999,9","99999,9","24,0000,9,5",,,,,,,,,,,,,,,,,,,"240,M,+0283,5","240,N,+0189,5",,,,,,,"10081,9,99999,4",,,"1,24,00671,210,1233,5","2,24,00581,210,1124,5","3,24,00286,999,9999,5","SOD54524 HR PRECIPITATION (IN): 0.00 24 HR MAX TEMP (F): 8324 HR MAX TEMP TIME (LST):1633 24 HR MIN TEMP (F): 6624 HR MIN TEMP TIME (LST):0526 AVERAGE STATION PRESSURE:29.77  PEAK WIND SPEED (MPH): 15 PEAK WIND DIR (DEG):210 PEAK WIND TIME (LST):1233  FASTEST 2MIN SPEED (MPH): 13FASTEST 2MIN DIR (DEG):210 FASTEST 2MIN TIME (LST):1124 AVERAGE WIND SPEED (MPH): 6.4 24 HR AVG TEMP (F):75 HOURLY INCREMENTAL PRECIPITATION VALUES (IN):.00  .00  .00  .00  .00  .00  .00  .00  .00  .00  .00  .00  .00  .00  .00  .00  .00  .00  .00  .00  .00  .00  .00  .00",
"72297793184","2000-06-28T07:59:00","6","33.68","-117.86639","16.5","SANTA ANA JOHN WAYNE AIRPORT, CA US","SOD  ","KSNA ","V020","999,9,9,9999,9","99999,9,9,9","999999,9,9,9","+9999,9","+9999,9","99999,9","24,0000,9,5",,,,,,,,,,,,,,,,,,,"240,M,+0267,5","240,N,+0183,5",,,,,,,,,,"1,24,00760,200,1304,5","2,24,00626,200,1418,5","3,24,00277,999,9999,5","SOD51324 HR PRECIPITATION (IN): 0.00 24 HR MAX TEMP (F): 8024 HR MAX TEMP TIME (LST):1443 24 HR MIN TEMP (F): 6524 HR MIN TEMP TIME (LST):2359 PEAK WIND SPEED (MPH): 17 PEAK WIND DIR (DEG):200 PEAK WIND TIME (LST):1304  FASTEST 2MIN SPEED (MPH): 14FASTEST 2MIN DIR (DEG):200 FASTEST 2MIN TIME (LST):1418 AVERAGE WIND SPEED (MPH): 6.2 24 HR AVG TEMP (F):73 HOURLY INCREMENTAL PRECIPITATION VALUES (IN):.00  .00  .00  .00  .00  .00  .00  .00  .00  .00  .00  .00  .00  .00  .00  .00  .00  .00  .00  .00  .00  .00  .00  .00",
"72297793184","2000-06-29T07:59:00","6","33.68","-117.86639","16.5","SANTA ANA JOHN WAYNE AIRPORT, CA US","SOD  ","KSNA ","V020","999,9,9,9999,9","99999,9,9,9","999999,9,9,9","+9999,9","+9999,9","99999,9","24,0000,9,5",,,,,,,,,,,,,,,,,,,"240,M,+0256,5","240,N,+0178,5",,,,,,,,,,"1,24,00760,210,1643,5","2,24,00581,210,1306,5","3,24,00308,999,9999,5","SOD51324 HR PRECIPITATION (IN): 0.00 24 HR MAX TEMP (F): 7824 HR MAX TEMP TIME (LST):1558 24 HR MIN TEMP (F): 6424 HR MIN TEMP TIME (LST):0111 PEAK WIND SPEED (MPH): 17 PEAK WIND DIR (DEG):210 PEAK WIND TIME (LST):1643  FASTEST 2MIN SPEED (MPH): 13FASTEST 2MIN DIR (DEG):210 FASTEST 2MIN TIME (LST):1306 AVERAGE WIND SPEED (MPH): 6.9 24 HR AVG TEMP (F):71 HOURLY INCREMENTAL PRECIPITATION VALUES (IN):.00  .00  .00  .00  .00  .00  .00  .00  .00  .00  .00  .00  .00  .00  .00  .00  .00  .00  .00  .00  .00  .00  .00  .00",
"72297793184","2000-06-30T07:59:00","6","33.68","-117.86639","16.5","SANTA ANA JOHN WAYNE AIRPORT, CA US","SOD  ","KSNA ","V020","999,9,9,9999,9","99999,9,9,9","999999,9,9,9","+9999,9","+9999,9","99999,9","24,0000,9,5",,,,,,,,,,,,,,,,,,,"240,M,+0261,5","240,N,+0183,5",,,,,,,"10091,9,99999,4",,,"1,24,00671,230,1611,5","2,24,00581,220,1539,5","3,24,00268,999,9999,5","SOD54524 HR PRECIPITATION (IN): 0.00 24 HR MAX TEMP (F): 7924 HR MAX TEMP TIME (LST):1349 24 HR MIN TEMP (F): 6524 HR MIN TEMP TIME (LST):0349 AVERAGE STATION PRESSURE:29.80  PEAK WIND SPEED (MPH): 15 PEAK WIND DIR (DEG):230 PEAK WIND TIME (LST):1611  FASTEST 2MIN SPEED (MPH): 13FASTEST 2MIN DIR (DEG):220 FASTEST 2MIN TIME (LST):1539 AVERAGE WIND SPEED (MPH): 6.0 24 HR AVG TEMP (F):72 HOURLY INCREMENTAL PRECIPITATION VALUES (IN):.00  .00  .00  .00  .00  .00  .00  .00  .00  .00  .00  .00  .00  .00  .00  .00  .00  .00  .00  .00  .00  .00  .00  .00",
"72297793184","2000-07-01T07:59:00","6","33.68","-117.86639","16.5","SANTA ANA JOHN WAYNE AIRPORT, CA US","SOD  ","KSNA ","V020","999,9,9,9999,9","99999,9,9,9","999999,9,9,9","+9999,9","+9999,9","99999,9","24,0000,9,5",,,,,,,,,,,,,,,,,,,"240,M,+0256,5","240,N,+0183,5",,,,,,,"10091,9,99999,4",,,"1,24,00939,200,1243,5","2,24,00671,210,1210,5","3,24,00282,999,9999,5","SOD54524 HR PRECIPITATION (IN): 0.00 24 HR MAX TEMP (F): 7824 HR MAX TEMP TIME (LST):1338 24 HR MIN TEMP (F): 6524 HR MIN TEMP TIME (LST):2248 AVERAGE STATION PRESSURE:29.80  PEAK WIND SPEED (MPH): 21 PEAK WIND DIR (DEG):200 PEAK WIND TIME (LST):1243  FASTEST 2MIN SPEED (MPH): 15FASTEST 2MIN DIR (DEG):210 FASTEST 2MIN TIME (LST):1210 AVERAGE WIND SPEED (MPH): 6.3 24 HR AVG TEMP (F):72 HOURLY INCREMENTAL PRECIPITATION VALUES (IN):.00  .00  .00  .00  .00  .00  .00  .00  .00  .00  .00  .00  .00  .00  .00  .00  .00  .00  .00  .00  .00  .00  .00  .00",
"72297793184","2000-07-01T07:59:00","6","33.68","-117.86639","16.5","SANTA ANA JOHN WAYNE AIRPORT, CA US","SOM  ","KSNA ","V020","999,9,9,9999,9","99999,9,9,9","999999,9,9,9","+9999,9","+9999,9","99999,9",,"00000,9,5","00000,9,9999,9999,9999,5","00,5,00,5,99,9,00,5",,,,,,,"060,9999,9,999999,7","080,9999,9,999999,7","100,9999,9,999999,7","120,9999,9,999999,7","150,9999,9,999999,7","180,9999,9,999999,7",,,,,,"720,N,+1706,5","720,M,+2489,5","720,A,+2100,5","720,H,0000,5","720,C,0151,6","00,5,01,6,00,5,00,5",,"10098,4,10132,4","10186,999999,5,10061,161808,5",,,,"SOM712PCP MTOT: 0.00 DEPNRM: 0.00 PCP GT 24HRS: 0.00 DAYS W/PCP >=.01: 0 DAYS W/PCP >=.10: 0 DAYS W/PCP >=1.00:  MSDP AMTS W/DATE-TIME TAGS:MIN:5  .00    /     MIN:10  .00    /     MIN:15  .00    /     MIN:20  .00    /     MIN:30  .00    /     MIN:45  .00    /     MIN:60  .00    /     MIN:80  .00    /     MIN:100  .00    /     MIN:120  .00    /     MIN:150  .00    /     MIN:180  .00    /     SN GT DP ON GRND:0 DATE(S):0  AVG DLY MIN: 62.7 AVG DLY MAX: 76.8 AVG MLY TMP: 69.8 DAYS MAX <=32:  DAYS MAX >=70: 1 DAYS MAX >=90: 1 DAYS MIN <=32: 0 DAYS MIN  <=0: 0 AVG STP:29.82  AVG SLP:29.92  LWST SLP:29.71 DATE/TIME:161808 HGST SLP:30.08 DATE/TIME: 30837 HDD MTH TOT:   0 DEP NORM:-255 CDD MTH TOT: 151 DEP NORM:-255","R01   .007A01001R02   .007A02007R03   .007A03013R04   .007A04019R05   .007A05026R06   .007A06033R07   .007A07039R08   .007A08046R09   .007A09052R10   .007A10058R11   .007A11065R12   .007A12071R13   1517KDC058R14     17KE2035"
"72297793184","2000-07-02T07:59:00","6","33.68","-117.86639","16.5","SANTA ANA JOHN WAYNE AIRPORT, CA US","SOD  ","KSNA ","V020","999,9,9,9999,9","99999,9,9,9","999999,9,9,9","+9999,9","+9999,9","99999,9","24,0000,9,5",,,,,,,,,,,,,,,,,,,"240,M,+0244,5","240,N,+0183,6",,,,,,,"10102,9,99999,4",,,"1,24,00805,210,1425,5","2,24,00626,200,1545,5","3,24,00326,999,9999,5","SOD54524 HR PRECIPITATION (IN): 0.00 24 HR MAX TEMP (F): 7624 HR MAX TEMP TIME (LST):1346 24 HR MIN TEMP (F): 6524 HR MIN TEMP TIME (LST):2322 AVERAGE STATION PRESSURE:29.83  PEAK WIND SPEED (MPH): 18 PEAK WIND DIR (DEG):210 PEAK WIND TIME (LST):1425  FASTEST 2MIN SPEED (MPH): 14FASTEST 2MIN DIR (DEG):200 FASTEST 2MIN TIME (LST):1545 AVERAGE WIND SPEED (MPH): 7.3 24 HR AVG TEMP (F):71 HOURLY INCREMENTAL PRECIPITATION VALUES (IN):.00  .00  .00  .00  .00  .00  .00  .00  .00  .00  .00  .00  .00  .00  .00  .00  .00  .00  .00  .00  .00  .00  .00  .00","R01    657KAN014"
"72297793184","2000-07-03T07:59:00","6","33.68","-117.86639","16.5","SANTA ANA JOHN WAYNE AIRPORT, CA US","SOD  ","KSNA ","V020","999,9,9,9999,9","99999,9,9,9","999999,9,9,9","+9999,9","+9999,9","99999,9","24,0000,9,5",,,,,,,,,,,,,,,,,,,"240,M,+0239,5","240,N,+0183,5",,,,,,,"10102,9,99999,4",,,"1,24,00894,230,0849,5","2,24,00626,200,1257,5","3,24,00317,999,9999,5","SOD54524 HR PRECIPITATION (IN): 0.00 24 HR MAX TEMP (F): 7524 HR MAX TEMP TIME (LST):1417 24 HR MIN TEMP (F): 6524 HR MIN TEMP TIME (LST):2314 AVERAGE STATION PRESSURE:29.83  PEAK WIND SPEED (MPH): 20 PEAK WIND DIR (DEG):230 PEAK WIND TIME (LST):0849  FASTEST 2MIN SPEED (MPH): 14FASTEST 2MIN DIR (DEG):200 FASTEST 2MIN TIME (LST):1257 AVERAGE WIND SPEED (MPH): 7.1 24 HR AVG TEMP (F):70 HOURLY INCREMENTAL PRECIPITATION VALUES (IN):.00  .00  .00  .00  .00  .00  .00  .00  .00  .00  .00  .00  .00  .00  .00  .00  .00  .00  .00  .00  .00  .00  .00  .00",
"72297793184","2000-07-04T07:59:00","6","33.68","-117.86639","16.5","SANTA ANA JOHN WAYNE AIRPORT, CA US","SOD  ","KSNA ","V020","999,9,9,9999,9","99999,9,9,9","999999,9,9,9","+9999,9","+9999,9","99999,9","24,0000,9,5",,,,,,,,,,,,,,,,,,,"240,M,+0244,5","240,N,+0178,5",,,,,,,"10112,9,99999,4",,,"1,24,00805,180,1231,5","2,24,00581,210,1502,5","3,24,00273,999,9999,5","SOD54524 HR PRECIPITATION (IN): 0.00 24 HR MAX TEMP (F): 7624 HR MAX TEMP TIME (LST):1345 24 HR MIN TEMP (F): 6424 HR MIN TEMP TIME (LST):2359 AVERAGE STATION PRESSURE:29.86  PEAK WIND SPEED (MPH): 18 PEAK WIND DIR (DEG):180 PEAK WIND TIME (LST):1231  FASTEST 2MIN SPEED (MPH): 13FASTEST 2MIN DIR (DEG):210 FASTEST 2MIN TIME (LST):1502 AVERAGE WIND SPEED (MPH): 6.1 24 HR AVG TEMP (F):70 HOURLY INCREMENTAL PRECIPITATION VALUES (IN):.00  .00  .00  .00  .00  .00  .00  .00  .00  .00  .00  .00  .00  .00  .00  .00  .00  .00  .00  .00  .00  .00  .00  .00",
"72297793184","2000-07-05T07:59:00","6","33.68","-117.86639","16.5","SANTA ANA JOHN WAYNE AIRPORT, CA US","SOD  ","KSNA ","V020","999,9,9,9999,9","99999,9,9,9","999999,9,9,9","+9999,9","+9999,9","99999,9","24,0000,9,5",,,,,,,,,,,,,,,,,,,"240,M,+0222,5","240,N,+0178,5",,,,,,,"10112,9,99999,4",,,"1,24,00805,200,1233,5","2,24,00715,220,1122,5","3,24,00326,999,9999,5","SOD54524 HR PRECIPITATION (IN): 0.00 24 HR MAX TEMP (F): 7224 HR MAX TEMP TIME (LST):1715 24 HR MIN TEMP (F): 6424 HR MIN TEMP TIME (LST):2359 AVERAGE STATION PRESSURE:29.86  PEAK WIND SPEED (MPH): 18 PEAK WIND DIR (DEG):200 PEAK WIND TIME (LST):1233  FASTEST 2MIN SPEED (MPH): 16FASTEST 2MIN DIR (DEG):220 FASTEST 2MIN TIME (LST):1122 AVERAGE WIND SPEED (MPH): 7.3 24 HR AVG TEMP (F):68 HOURLY INCREMENTAL PRECIPITATION VALUES (IN):.00  .00  .00  .00  .00  .00  .00  .00  .00  .00  .00  .00  .00  .00  .00  .00  .00  .00  .00  .00  .00  .00  .00  .00",
"72297793184","2000-07-06T07:59:00","6","33.68","-117.86639","16.5","SANTA ANA JOHN WAYNE AIRPORT, CA US","SOD  ","KSNA ","V020","999,9,9,9999,9","99999,9,9,9","999999,9,9,9","+9999,9","+9999,9","99999,9","24,0000,9,5",,,,,,,,,,,,,,,,,,,"240,M,+0233,5","240,N,+0167,5",,,,,,,"10095,9,99999,4",,,"1,24,00894,210,1111,5","2,24,00671,210,1247,5","3,24,00277,999,9999,5","SOD52324 HR PRECIPITATION (IN): 0.00 24 HR MAX TEMP (F): 7424 HR MAX TEMP TIME (LST):1429 24 HR MIN TEMP (F): 6224 HR MIN TEMP TIME (LST):0133 AVERAGE STATION PRESSURE:29.81  PEAK WIND SPEED (MPH): 20 PEAK WIND DIR (DEG):210 PEAK WIND TIME (LST):1111  FASTEST 2MIN SPEED (MPH): 15FASTEST 2MIN DIR (DEG):210 FASTEST 2MIN TIME (LST):1247 AVERAGE WIND SPEED (MPH): 6.2 HOURLY INCREMENTAL PRECIPITATION VALUES (IN):.00  .00  .00  .00  .00  .00  .00  .00  .00  .00  .00  .00  .00  .00  .00  .00  .00  .00  .00  .00  .00  .00  .00  .00",
"72297793184","2000-07-07T07:59:00","6","33.68","-117.86639","16.5","SANTA ANA JOHN WAYNE AIRPORT, CA US","SOD  ","KSNA ","V020","999,9,9,9999,9","99999,9,9,9","999999,9,9,9","+9999,9","+9999,9","99999,9","24,0000,9,5",,,,,,,,,,,,,,,,,,,"240,M,+0239,5","240,N,+0172,5",,,,,,,"10091,9,99999,4",,,"1,24,00760,190,1222,5","2,24,00626,200,1215,5","3,24,00237,999,9999,5","SOD54524 HR PRECIPITATION (IN): 0.00 24 HR MAX TEMP (F): 7524 HR MAX TEMP TIME (LST):1452 24 HR MIN TEMP (F): 6324 HR MIN TEMP TIME (LST):0435 AVERAGE STATION PRESSURE:29.80  PEAK WIND SPEED (MPH): 17 PEAK WIND DIR (DEG):190 PEAK WIND TIME (LST):1222  FASTEST 2MIN SPEED (MPH): 14FASTEST 2MIN DIR (DEG):200 FASTEST 2MIN TIME (LST):1215 AVERAGE WIND SPEED (MPH): 5.3 24 HR AVG TEMP (F):69 HOURLY INCREMENTAL PRECIPITATION VALUES (IN):.00  .00  .00  .00  .00  .00  .00  .00  .00  .00  .00  .00  .00  .00  .00  .00  .00  .00  .00  .00  .00  .00  .00  .00",
"72297793184","2000-07-08T07:59:00","6","33.68","-117.86639","16.5","SANTA ANA JOHN WAYNE AIRPORT, CA US","SOD  ","KSNA ","V020","999,9,9,9999,9","99999,9,9,9","999999,9,9,9","+9999,9","+9999,9","99999,9","24,0000,9,5",,,,,,,,,,,,,,,,,,,"240,M,+0244,5","240,N,+0172,5",,,,,,,"10108,9,99999,4",,,"1,24,00805,210,1143,5","2,24,00626,210,1517,5","3,24,00264,999,9999,5","SOD54524 HR PRECIPITATION (IN): 0.00 24 HR MAX TEMP (F): 7624 HR MAX TEMP TIME (LST):1340 24 HR MIN TEMP (F): 6324 HR MIN TEMP TIME (LST):0200 AVERAGE STATION PRESSURE:29.85  PEAK WIND SPEED (MPH): 18 PEAK WIND DIR (DEG):210 PEAK WIND TIME (LST):1143  FASTEST 2MIN SPEED (MPH): 14FASTEST 2MIN DIR (DEG):210 FASTEST 2MIN TIME (LST):1517 AVERAGE WIND SPEED (MPH): 5.9 24 HR AVG TEMP (F):70 HOURLY INCREMENTAL PRECIPITATION VALUES (IN):.00  .00  .00  .00  .00  .00  .00  .00  .00  .00  .00  .00  .00  .00  .00  .00  .00  .00  .00  .00  .00  .00  .00  .00",
"72297793184","2000-07-09T07:59:00","6","33.68","-117.86639","16.5","SANTA ANA JOHN WAYNE AIRPORT, CA US","SOD  ","KSNA ","V020","999,9,9,9999,9","99999,9,9,9","999999,9,9,9","+9999,9","+9999,9","99999,9","24,0000,9,5",,,,,,,,,,,,,,,,,,,"240,M,+0233,5","240,N,+0172,5",,,,,,,"10122,9,99999,4",,,"1,24,00805,190,1426,5","2,24,00581,210,1424,5","3,24,00317,999,9999,5","SOD54524 HR PRECIPITATION (IN): 0.00 24 HR MAX TEMP (F): 7424 HR MAX TEMP TIME (LST):1420 24 HR MIN TEMP (F): 6324 HR MIN TEMP TIME (LST):0606 AVERAGE STATION PRESSURE:29.89  PEAK WIND SPEED (MPH): 18 PEAK WIND DIR (DEG):190 PEAK WIND TIME (LST):1426  FASTEST 2MIN SPEED (MPH): 13FASTEST 2MIN DIR (DEG):210 FASTEST 2MIN TIME (LST):1424 AVERAGE WIND SPEED (MPH): 7.1 24 HR AVG TEMP (F):69 HOURLY INCREMENTAL PRECIPITATION VALUES (IN):.00  .00  .00  .00  .00  .00  .00  .00  .00  .00  .00  .00  .00  .00  .00  .00  .00  .00  .00  .00  .00  .00  .00  .00",
"72297793184","2000-07-10T07:59:00","6","33.68","-117.86639","16.5","SANTA ANA JOHN WAYNE AIRPORT, CA US","SOD  ","KSNA ","V020","999,9,9,9999,9","99999,9,9,9","999999,9,9,9","+9999,9","+9999,9","99999,9","24,0000,9,5",,,,,,,,,,,,,,,,,,,"240,M,+0239,5","240,N,+0178,5",,,,,,,"10105,9,99999,4",,,"1,24,00805,190,1410,5","2,24,00671,210,1355,5","3,24,00282,999,9999,5","SOD54524 HR PRECIPITATION (IN): 0.00 24 HR MAX TEMP (F): 7524 HR MAX TEMP TIME (LST):1354 24 HR MIN TEMP (F): 6424 HR MIN TEMP TIME (LST):2359 AVERAGE STATION PRESSURE:29.84  PEAK WIND SPEED (MPH): 18 PEAK WIND DIR (DEG):190 PEAK WIND TIME (LST):1410  FASTEST 2MIN SPEED (MPH): 15FASTEST 2MIN DIR (DEG):210 FASTEST 2MIN TIME (LST):1355 AVERAGE WIND SPEED (MPH): 6.3 24 HR AVG TEMP (F):70 HOURLY INCREMENTAL PRECIPITATION VALUES (IN):.00  .00  .00  .00  .00  .00  .00  .00  .00  .00  .00  .00  .00  .00  .00  .00  .00  .00  .00  .00  .00  .00  .00  .00",
"72297793184","2000-07-11T07:59:00","6","33.68","-117.86639","16.5","SANTA ANA JOHN WAYNE AIRPORT, CA US","SOD  ","KSNA ","V020","999,9,9,9999,9","99999,9,9,9","999999,9,9,9","+9999,9","+9999,9","99999,9","24,0000,9,5",,,,,,,,,,,,,,,,,,,"240,M,+0233,5","240,N,+0172,5",,,,,,,"10112,9,99999,4",,,"1,24,00715,220,1447,5","2,24,00581,210,1518,5","3,24,00259,999,9999,5","SOD54524 HR PRECIPITATION (IN): 0.00 24 HR MAX TEMP (F): 7424 HR MAX TEMP TIME (LST):1359 24 HR MIN TEMP (F): 6324 HR MIN TEMP TIME (LST):2359 AVERAGE STATION PRESSURE:29.86  PEAK WIND SPEED (MPH): 16 PEAK WIND DIR (DEG):220 PEAK WIND TIME (LST):1447  FASTEST 2MIN SPEED (MPH): 13FASTEST 2MIN DIR (DEG):210 FASTEST 2MIN TIME (LST):1518 AVERAGE WIND SPEED (MPH): 5.8 24 HR AVG TEMP (F):69 HOURLY INCREMENTAL PRECIPITATION VALUES (IN):.00  .00  .00  .00  .00  .00  .00  .00  .00  .00  .00  .00  .00  .00  .00  .00  .00  .00  .00  .00  .00  .00  .00  .00",
"72297793184","2000-07-12T07:59:00","6","33.68","-117.86639","16.5","SANTA ANA JOHN WAYNE AIRPORT, CA US","SOD  ","KSNA ","V020","999,9,9,9999,9","99999,9,9,9","999999,9,9,9","+9999,9","+9999,9","99999,9","24,0000,9,5",,,,,,,,,,,,,,,,,,,"240,M,+0239,5","240,N,+0172,5",,,,,,,"10125,9,99999,4",,,"1,24,00760,230,1325,5","2,24,00626,230,1407,5","3,24,00232,999,9999,5","SOD54524 HR PRECIPITATION (IN): 0.00 24 HR MAX TEMP (F): 7524 HR MAX TEMP TIME (LST):1236 24 HR MIN TEMP (F): 6324 HR MIN TEMP TIME (LST):0100 AVERAGE STATION PRESSURE:29.90  PEAK WIND SPEED (MPH): 17 PEAK WIND DIR (DEG):230 PEAK WIND TIME (LST):1325  FASTEST 2MIN SPEED (MPH): 14FASTEST 2MIN DIR (DEG):230 FASTEST 2MIN TIME (LST):1407 AVERAGE WIND SPEED (MPH): 5.2 24 HR AVG TEMP (F):69 HOURLY INCREMENTAL PRECIPITATION VALUES (IN):.00  .00  .00  .00  .00  .00  .00  .00  .00  .00  .00  .00  .00  .00  .00  .00  .00  .00  .00  .00  .00  .00  .00  .00",
"72297793184","2000-07-13T07:59:00","6","33.68","-117.86639","16.5","SANTA ANA JOHN WAYNE AIRPORT, CA US","SOD  ","KSNA ","V020","999,9,9,9999,9","99999,9,9,9","999999,9,9,9","+9999,9","+9999,9","99999,9","24,0000,9,5",,,,,,,,,,,,,,,,,,,"240,M,+0239,5","240,N,+0172,5",,,,,,,"10139,9,99999,4",,,"1,24,00715,240,1411,5","2,24,00626,220,1338,5","3,24,00228,999,9999,5","SOD54524 HR PRECIPITATION (IN): 0.00 24 HR MAX TEMP (F): 7524 HR MAX TEMP TIME (LST):1503 24 HR MIN TEMP (F): 6324 HR MIN TEMP TIME (LST):0218 AVERAGE STATION PRESSURE:29.94  PEAK WIND SPEED (MPH): 16 PEAK WIND DIR (DEG):240 PEAK WIND TIME (LST):1411  FASTEST 2MIN SPEED (MPH): 14FASTEST 2MIN DIR (DEG):220 FASTEST 2MIN TIME (LST):1338 AVERAGE WIND SPEED (MPH): 5.1 24 HR AVG TEMP (F):69 HOURLY INCREMENTAL PRECIPITATION VALUES (IN):.00  .00  .00  .00  .00  .00  .00  .00  .00  .00  .00  .00  .00  .00  .00  .00  .00  .00  .00  .00  .00  .00  .00  .00",
"72297793184","2000-07-14T07:59:00","6","33.68","-117.86639","16.5","SANTA ANA JOHN WAYNE AIRPORT, CA US","SOD  ","KSNA ","V020","999,9,9,9999,9","99999,9,9,9","999999,9,9,9","+9999,9","+9999,9","99999,9","24,0000,9,5",,,,,,,,,,,,,,,,,"0000,5","000,5","240,M,+0256,5","240,N,+0167,5",,,,,,,"10149,9,99999,4",,,"1,24,00715,240,1524,5","2,24,00581,220,1238,5","3,24,00215,999,9999,5","SOD60524 HR PRECIPITATION (IN): 0.00 TOTAL SUNSHINE (MINUTES):   0 PERCENT POSSIBLE SUNSHINE:  0 24 HR MAX TEMP (F): 7824 HR MAX TEMP TIME (LST):1553 24 HR MIN TEMP (F): 6224 HR MIN TEMP TIME (LST):0541 AVERAGE STATION PRESSURE:29.97  PEAK WIND SPEED (MPH): 16 PEAK WIND DIR (DEG):240 PEAK WIND TIME (LST):1524  FASTEST 2MIN SPEED (MPH): 13FASTEST 2MIN DIR (DEG):220 FASTEST 2MIN TIME (LST):1238 AVERAGE WIND SPEED (MPH): 4.8 24 HR AVG TEMP (F):70 HOURLY INCREMENTAL PRECIPITATION VALUES (IN):.00  .00  .00  .00  .00  .00  .00  .00  .00  .00  .00  .00  .00  .00  .00  .00  .00  .00  .00  .00  .00  .00  .00  .00",
"72297793184","2000-07-15T07:59:00","6","33.68","-117.86639","16.5","SANTA ANA JOHN WAYNE AIRPORT, CA US","SOD  ","KSNA ","V020","999,9,9,9999,9","99999,9,9,9","999999,9,9,9","+9999,9","+9999,9","99999,9","24,0000,9,5",,,,,,,,,,,,,,,,,"0000,5","000,5","240,M,+0261,5","240,N,+0172,5",,,,,,,"10142,9,99999,4",,,"1,24,00671,210,1734,5","2,24,00536,220,1749,5","3,24,00259,999,9999,5","SOD60524 HR PRECIPITATION (IN): 0.00 TOTAL SUNSHINE (MINUTES):   0 PERCENT POSSIBLE SUNSHINE:  0 24 HR MAX TEMP (F): 7924 HR MAX TEMP TIME (LST):1436 24 HR MIN TEMP (F): 6324 HR MIN TEMP TIME (LST):0440 AVERAGE STATION PRESSURE:29.95  PEAK WIND SPEED (MPH): 15 PEAK WIND DIR (DEG):210 PEAK WIND TIME (LST):1734  FASTEST 2MIN SPEED (MPH): 12FASTEST 2MIN DIR (DEG):220 FASTEST 2MIN TIME (LST):1749 AVERAGE WIND SPEED (MPH): 5.8 24 HR AVG TEMP (F):71 HOURLY INCREMENTAL PRECIPITATION VALUES (IN):.00  .00  .00  .00  .00  .00  .00  .00  .00  .00  .00  .00  .00  .00  .00  .00  .00  .00  .00  .00  .00  .00  .00  .00",
"72297793184","2000-07-16T07:59:00","6","33.68","-117.86639","16.5","SANTA ANA JOHN WAYNE AIRPORT, CA US","SOD  ","KSNA ","V020","999,9,9,9999,9","99999,9,9,9","999999,9,9,9","+9999,9","+9999,9","99999,9","24,0000,9,5",,,,,,,,,,,,,,,,,"0000,5","000,5","240,M,+0250,5","240,N,+0178,5",,,,,,,"10132,9,99999,4",,,"1,24,00760,210,1202,5","2,24,00626,200,1210,5","3,24,00277,999,9999,5","SOD60524 HR PRECIPITATION (IN): 0.00 TOTAL SUNSHINE (MINUTES):   0 PERCENT POSSIBLE SUNSHINE:  0 24 HR MAX TEMP (F): 7724 HR MAX TEMP TIME (LST):1208 24 HR MIN TEMP (F): 6424 HR MIN TEMP TIME (LST):0446 AVERAGE STATION PRESSURE:29.92  PEAK WIND SPEED (MPH): 17 PEAK WIND DIR (DEG):210 PEAK WIND TIME (LST):1202  FASTEST 2MIN SPEED (MPH): 14FASTEST 2MIN DIR (DEG):200 FASTEST 2MIN TIME (LST):1210 AVERAGE WIND SPEED (MPH): 6.2 24 HR AVG TEMP (F):71 HOURLY INCREMENTAL PRECIPITATION VALUES (IN):.00  .00  .00  .00  .00  .00  .00  .00  .00  .00  .00  .00  .00  .00  .00  .00  .00  .00  .00  .00  .00  .00  .00  .00",
"72297793184","2000-07-17T07:59:00","6","33.68","-117.86639","16.5","SANTA ANA JOHN WAYNE AIRPORT, CA US","SOD  ","KSNA ","V020","999,9,9,9999,9","99999,9,9,9","999999,9,9,9","+9999,9","+9999,9","99999,9","24,0000,9,5",,,,,,,,,,,,,,,,,"0000,5","000,5","240,M,+0239,5","240,N,+0172,5",,,,,,,"10122,9,99999,4",,,"1,24,00671,230,1634,5","2,24,00581,210,1632,5","3,24,00255,999,9999,5","SOD60524 HR PRECIPITATION (IN): 0.00 TOTAL SUNSHINE (MINUTES):   0 PERCENT POSSIBLE SUNSHINE:  0 24 HR MAX TEMP (F): 7524 HR MAX TEMP TIME (LST):1352 24 HR MIN TEMP (F): 6324 HR MIN TEMP TIME (LST):0332 AVERAGE STATION PRESSURE:29.89  PEAK WIND SPEED (MPH): 15 PEAK WIND DIR (DEG):230 PEAK WIND TIME (LST):1634  FASTEST 2MIN SPEED (MPH): 13FASTEST 2MIN DIR (DEG):210 FASTEST 2MIN TIME (LST):1632 AVERAGE WIND SPEED (MPH): 5.7 24 HR AVG TEMP (F):69 HOURLY INCREMENTAL PRECIPITATION VALUES (IN):.00  .00  .00  .00  .00  .00  .00  .00  .00  .00  .00  .00  .00  .00  .00  .00  .00  .00  .00  .00  .00  .00  .00  .00",
"72297793184","2000-07-18T07:59:00","6","33.68","-117.86639","16.5","SANTA ANA JOHN WAYNE AIRPORT, CA US","SOD  ","KSNA ","V020","999,9,9,9999,9","99999,9,9,9","999999,9,9,9","+9999,9","+9999,9","99999,9","24,0000,9,5",,,,,,,,,,,,,,,,,"0000,5","000,5","240,M,+0267,5","240,N,+0161,5",,,,,,,"10125,9,99999,4",,,"1,24,00671,250,1258,5","2,24,00536,220,1434,5","3,24,00201,999,9999,5","SOD60524 HR PRECIPITATION (IN): 0.00 TOTAL SUNSHINE (MINUTES):   0 PERCENT POSSIBLE SUNSHINE:  0 24 HR MAX TEMP (F): 8024 HR MAX TEMP TIME (LST):1622 24 HR MIN TEMP (F): 6124 HR MIN TEMP TIME (LST):0345 AVERAGE STATION PRESSURE:29.90  PEAK WIND SPEED (MPH): 15 PEAK WIND DIR (DEG):250 PEAK WIND TIME (LST):1258  FASTEST 2MIN SPEED (MPH): 12FASTEST 2MIN DIR (DEG):220 FASTEST 2MIN TIME (LST):1434 AVERAGE WIND SPEED (MPH): 4.5 24 HR AVG TEMP (F):71 HOURLY INCREMENTAL PRECIPITATION VALUES (IN):.00  .00  .00  .00  .00  .00  .00  .00  .00  .00  .00  .00  .00  .00  .00  .00  .00  .00  .00  .00  .00  .00  .00  .00",
"72297793184","2000-07-19T07:59:00","6","33.68","-117.86639","16.5","SANTA ANA JOHN WAYNE AIRPORT, CA US","SOD  ","KSNA ","V020","999,9,9,9999,9","99999,9,9,9","999999,9,9,9","+9999,9","+9999,9","99999,9","24,0000,9,5",,,,,,,,,,,,,,,,,,,"240,M,+0300,5","240,N,+0172,5",,,,,,,"10112,9,99999,4",,,"1,24,00671,220,1242,5","2,24,00536,220,1243,5","3,24,00277,999,9999,5","SOD54524 HR PRECIPITATION (IN): 0.00 24 HR MAX TEMP (F): 8624 HR MAX TEMP TIME (LST):1620 24 HR MIN TEMP (F): 6324 HR MIN TEMP TIME (LST):0531 AVERAGE STATION PRESSURE:29.86  PEAK WIND SPEED (MPH): 15 PEAK WIND DIR (DEG):220 PEAK WIND TIME (LST):1242  FASTEST 2MIN SPEED (MPH): 12FASTEST 2MIN DIR (DEG):220 FASTEST 2MIN TIME (LST):1243 AVERAGE WIND SPEED (MPH): 6.2 24 HR AVG TEMP (F):75 HOURLY INCREMENTAL PRECIPITATION VALUES (IN):.00  .00  .00  .00  .00  .00  .00  .00  .00  .00  .00  .00  .00  .00  .00  .00  .00  .00  .00  .00  .00  .00  .00  .00",
"72297793184","2000-07-20T07:59:00","6","33.68","-117.86639","16.5","SANTA ANA JOHN WAYNE AIRPORT, CA US","SOD  ","KSNA ","V020","999,9,9,9999,9","99999,9,9,9","999999,9,9,9","+9999,9","+9999,9","99999,9","24,0000,9,5",,,,,,,,,,,,,,,,,,,"240,M,+0289,5","240,N,+0178,5",,,,,,,"10091,9,99999,4",,,"1,24,00760,200,1408,5","2,24,00671,200,1339,5","3,24,00224,999,9999,5","SOD54524 HR PRECIPITATION (IN): 0.00 24 HR MAX TEMP (F): 8424 HR MAX TEMP TIME (LST):1619 24 HR MIN TEMP (F): 6424 HR MIN TEMP TIME (LST):0544 AVERAGE STATION PRESSURE:29.80  PEAK WIND SPEED (MPH): 17 PEAK WIND DIR (DEG):200 PEAK WIND TIME (LST):1408  FASTEST 2MIN SPEED (MPH): 15FASTEST 2MIN DIR (DEG):200 FASTEST 2MIN TIME (LST):1339 AVERAGE WIND SPEED (MPH): 5.0 24 HR AVG TEMP (F):74 HOURLY INCREMENTAL PRECIPITATION VALUES (IN):.00  .00  .00  .00  .00  .00  .00  .00  .00  .00  .00  .00  .00  .00  .00  .00  .00  .00  .00  .00  .00  .00  .00  .00",
"72297793184","2000-07-21T07:59:00","6","33.68","-117.86639","16.5","SANTA ANA JOHN WAYNE AIRPORT, CA US","SOD  ","KSNA ","V020","999,9,9,9999,9","99999,9,9,9","999999,9,9,9","+9999,9","+9999,9","99999,9","24,0000,9,5",,,,,,,,,,,,,,,,,,,"240,M,+0261,5","240,N,+0167,5",,,,,,,"10085,9,99999,4",,,"1,24,00805,190,1458,5","2,24,00671,200,1607,5","3,24,00308,999,9999,5","SOD54524 HR PRECIPITATION (IN): 0.00 24 HR MAX TEMP (F): 7924 HR MAX TEMP TIME (LST):1337 24 HR MIN TEMP (F): 6224 HR MIN TEMP TIME (LST):0417 AVERAGE STATION PRESSURE:29.78  PEAK WIND SPEED (MPH): 18 PEAK WIND DIR (DEG):190 PEAK WIND TIME (LST):1458  FASTEST 2MIN SPEED (MPH): 15FASTEST 2MIN DIR (DEG):200 FASTEST 2MIN TIME (LST):1607 AVERAGE WIND SPEED (MPH): 6.9 24 HR AVG TEMP (F):71 HOURLY INCREMENTAL PRECIPITATION VALUES (IN):.00  .00  .00  .00  .00  .00  .00  .00  .00  .00  .00  .00  .00  .00  .00  .00  .00  .00  .00  .00  .00  .00  .00  .00",
"72297793184","2000-07-22T07:59:00","6","33.68","-117.86639","16.5","SANTA ANA JOHN WAYNE AIRPORT, CA US","SOD  ","KSNA ","V020","999,9,9,9999,9","99999,9,9,9","999999,9,9,9","+9999,9","+9999,9","99999,9","24,0000,9,5",,,,,,,,,,,,,,,,,,,"240,M,+0233,5","240,N,+0178,5",,,,,,,"10091,9,99999,4",,,"1,24,00805,220,1437,5","2,24,00715,210,1433,5","3,24,00313,999,9999,5","SOD54524 HR PRECIPITATION (IN): 0.00 24 HR MAX TEMP (F): 7424 HR MAX TEMP TIME (LST):1435 24 HR MIN TEMP (F): 6424 HR MIN TEMP TIME (LST):2250 AVERAGE STATION PRESSURE:29.80  PEAK WIND SPEED (MPH): 18 PEAK WIND DIR (DEG):220 PEAK WIND TIME (LST):1437  FASTEST 2MIN SPEED (MPH): 16FASTEST 2MIN DIR (DEG):210 FASTEST 2MIN TIME (LST):1433 AVERAGE WIND SPEED (MPH): 7.0 24 HR AVG TEMP (F):69 HOURLY INCREMENTAL PRECIPITATION VALUES (IN):.00  .00  .00  .00  .00  .00  .00  .00  .00  .00  .00  .00  .00  .00  .00  .00  .00  .00  .00  .00  .00  .00  .00  .00",
"72297793184","2000-07-23T07:59:00","6","33.68","-117.86639","16.5","SANTA ANA JOHN WAYNE AIRPORT, CA US","SOD  ","KSNA ","V020","999,9,9,9999,9","99999,9,9,9","999999,9,9,9","+9999,9","+9999,9","99999,9","24,0000,9,5",,,,,,,,,,,,,,,,,,,"240,M,+0267,5","240,N,+0172,5",,,,,,,"10108,9,99999,4",,,"1,24,00939,200,1309,5","2,24,00715,200,1332,5","3,24,00273,999,9999,5","SOD54524 HR PRECIPITATION (IN): 0.00 24 HR MAX TEMP (F): 8024 HR MAX TEMP TIME (LST):1540 24 HR MIN TEMP (F): 6324 HR MIN TEMP TIME (LST):0535 AVERAGE STATION PRESSURE:29.85  PEAK WIND SPEED (MPH): 21 PEAK WIND DIR (DEG):200 PEAK WIND TIME (LST):1309  FASTEST 2MIN SPEED (MPH): 16FASTEST 2MIN DIR (DEG):200 FASTEST 2MIN TIME (LST):1332 AVERAGE WIND SPEED (MPH): 6.1 24 HR AVG TEMP (F):72 HOURLY INCREMENTAL PRECIPITATION VALUES (IN):.00  .00  .00  .00  .00  .00  .00  .00  .00  .00  .00  .00  .00  .00  .00  .00  .00  .00  .00  .00  .00  .00  .00  .00",
"72297793184","2000-07-24T07:59:00","6","33.68","-117.86639","16.5","SANTA ANA JOHN WAYNE AIRPORT, CA US","SOD  ","KSNA ","V020","999,9,9,9999,9","99999,9,9,9","999999,9,9,9","+9999,9","+9999,9","99999,9","24,0000,9,5",,,,,,,,,,,,,,,,,,,"240,M,+0283,5","240,N,+0189,5",,,,,,,"10125,9,99999,4",,,"1,24,00760,210,1507,5","2,24,00671,210,1422,5","3,24,00237,999,9999,5","SOD54524 HR PRECIPITATION (IN): 0.00 24 HR MAX TEMP (F): 8324 HR MAX TEMP TIME (LST):1311 24 HR MIN TEMP (F): 6624 HR MIN TEMP TIME (LST):0304 AVERAGE STATION PRESSURE:29.90  PEAK WIND SPEED (MPH): 17 PEAK WIND DIR (DEG):210 PEAK WIND TIME (LST):1507  FASTEST 2MIN SPEED (MPH): 15FASTEST 2MIN DIR (DEG):210 FASTEST 2MIN TIME (LST):1422 AVERAGE WIND SPEED (MPH): 5.3 24 HR AVG TEMP (F):75 HOURLY INCREMENTAL PRECIPITATION VALUES (IN):.00  .00  .00  .00  .00  .00  .00  .00  .00  .00  .00  .00  .00  .00  .00  .00  .00  .00  .00  .00  .00  .00  .00  .00",
"72297793184","2000-07-25T07:59:00","6","33.68","-117.86639","16.5","SANTA ANA JOHN WAYNE AIRPORT, CA US","SOD  ","KSNA ","V020","999,9,9,9999,9","99999,9,9,9","999999,9,9,9","+9999,9","+9999,9","99999,9","24,0000,9,5",,,,,,,,,,,,,,,,,,,"240,M,+0283,5","240,N,+0183,5",,,,,,,"10112,9,99999,4",,,"1,24,00715,210,1431,5","2,24,00626,200,1431,5","3,24,00250,999,9999,5","SOD54524 HR PRECIPITATION (IN): 0.00 24 HR MAX TEMP (F): 8324 HR MAX TEMP TIME (LST):1402 24 HR MIN TEMP (F): 6524 HR MIN TEMP TIME (LST):0350 AVERAGE STATION PRESSURE:29.86  PEAK WIND SPEED (MPH): 16 PEAK WIND DIR (DEG):210 PEAK WIND TIME (LST):1431  FASTEST 2MIN SPEED (MPH): 14FASTEST 2MIN DIR (DEG):200 FASTEST 2MIN TIME (LST):1431 AVERAGE WIND SPEED (MPH): 5.6 24 HR AVG TEMP (F):74 HOURLY INCREMENTAL PRECIPITATION VALUES (IN):.00  .00  .00  .00  .00  .00  .00  .00  .00  .00  .00  .00  .00  .00  .00  .00  .00  .00  .00  .00  .00  .00  .00  .00",
"72297793184","2000-07-26T07:59:00","6","33.68","-117.86639","16.5","SANTA ANA JOHN WAYNE AIRPORT, CA US","SOD  ","KSNA ","V020","999,9,9,9999,9","99999,9,9,9","999999,9,9,9","+9999,9","+9999,9","99999,9","24,0000,9,5",,,,,,,,,,,,,,,,,,,"240,M,+0256,5","240,N,+0189,5",,,,,,,"10078,9,99999,4",,,"1,24,00760,220,1232,5","2,24,00626,200,1236,5","3,24,00291,999,9999,5","SOD54524 HR PRECIPITATION (IN): 0.00 24 HR MAX TEMP (F): 7824 HR MAX TEMP TIME (LST):1210 24 HR MIN TEMP (F): 6624 HR MIN TEMP TIME (LST):0649 AVERAGE STATION PRESSURE:29.76  PEAK WIND SPEED (MPH): 17 PEAK WIND DIR (DEG):220 PEAK WIND TIME (LST):1232  FASTEST 2MIN SPEED (MPH): 14FASTEST 2MIN DIR (DEG):200 FASTEST 2MIN TIME (LST):1236 AVERAGE WIND SPEED (MPH): 6.5 24 HR AVG TEMP (F):72 HOURLY INCREMENTAL PRECIPITATION VALUES (IN):.00  .00  .00  .00  .00  .00  .00  .00  .00  .00  .00  .00  .00  .00  .00  .00  .00  .00  .00  .00  .00  .00  .00  .00",
"72297793184","2000-07-27T07:59:00","6","33.68","-117.86639","16.5","SANTA ANA JOHN WAYNE AIRPORT, CA US","SOD  ","KSNA ","V020","999,9,9,9999,9","99999,9,9,9","999999,9,9,9","+9999,9","+9999,9","99999,9","24,0000,9,5",,,,,,,,,,,,,,,,,,,"240,M,+0250,5","240,N,+0183,5",,,,,,,"10078,9,99999,4",,,"1,24,00805,190,1340,5","2,24,00626,210,1336,5","3,24,00295,999,9999,5","SOD54524 HR PRECIPITATION (IN): 0.00 24 HR MAX TEMP (F): 7724 HR MAX TEMP TIME (LST):1342 24 HR MIN TEMP (F): 6524 HR MIN TEMP TIME (LST):2359 AVERAGE STATION PRESSURE:29.76  PEAK WIND SPEED (MPH): 18 PEAK WIND DIR (DEG):190 PEAK WIND TIME (LST):1340  FASTEST 2MIN SPEED (MPH): 14FASTEST 2MIN DIR (DEG):210 FASTEST 2MIN TIME (LST):1336 AVERAGE WIND SPEED (MPH): 6.6 24 HR AVG TEMP (F):71 HOURLY INCREMENTAL PRECIPITATION VALUES (IN):.00  .00  .00  .00  .00  .00  .00  .00  .00  .00  .00  .00  .00  .00  .00  .00  .00  .00  .00  .00  .00  .00  .00  .00",
"72297793184","2000-07-28T07:59:00","6","33.68","-117.86639","16.5","SANTA ANA JOHN WAYNE AIRPORT, CA US","SOD  ","KSNA ","V020","999,9,9,9999,9","99999,9,9,9","999999,9,9,9","+9999,9","+9999,9","99999,9","24,0000,9,5",,,,,,,,,,,,,,,,,,,"240,M,+0261,5","240,N,+0178,5",,,,,,,"10091,9,99999,4",,,"1,24,00894,210,1455,5","2,24,00671,210,1456,5","3,24,00246,999,9999,5","SOD54524 HR PRECIPITATION (IN): 0.00 24 HR MAX TEMP (F): 7924 HR MAX TEMP TIME (LST):1308 24 HR MIN TEMP (F): 6424 HR MIN TEMP TIME (LST):0237 AVERAGE STATION PRESSURE:29.80  PEAK WIND SPEED (MPH): 20 PEAK WIND DIR (DEG):210 PEAK WIND TIME (LST):1455  FASTEST 2MIN SPEED (MPH): 15FASTEST 2MIN DIR (DEG):210 FASTEST 2MIN TIME (LST):1456 AVERAGE WIND SPEED (MPH): 5.5 24 HR AVG TEMP (F):72 HOURLY INCREMENTAL PRECIPITATION VALUES (IN):.00  .00  .00  .00  .00  .00  .00  .00  .00  .00  .00  .00  .00  .00  .00  .00  .00  .00  .00  .00  .00  .00  .00  .00",
"72297793184","2000-07-29T07:59:00","6","33.68","-117.86639","16.5","SANTA ANA JOHN WAYNE AIRPORT, CA US","SOD  ","KSNA ","V020","999,9,9,9999,9","99999,9,9,9","999999,9,9,9","+9999,9","+9999,9","99999,9","24,0000,9,5",,,,,,,,,,,,,,,,,,,"240,M,+0272,5","240,N,+0189,5",,,,,,,"10098,9,99999,4",,,"1,24,00715,210,1830,5","2,24,00626,210,1831,5","3,24,00255,999,9999,5","SOD54524 HR PRECIPITATION (IN): 0.00 24 HR MAX TEMP (F): 8124 HR MAX TEMP TIME (LST):1346 24 HR MIN TEMP (F): 6624 HR MIN TEMP TIME (LST):0510 AVERAGE STATION PRESSURE:29.82  PEAK WIND SPEED (MPH): 16 PEAK WIND DIR (DEG):210 PEAK WIND TIME (LST):1830  FASTEST 2MIN SPEED (MPH): 14FASTEST 2MIN DIR (DEG):210 FASTEST 2MIN TIME (LST):1831 AVERAGE WIND SPEED (MPH): 5.7 24 HR AVG TEMP (F):74 HOURLY INCREMENTAL PRECIPITATION VALUES (IN):.00  .00  .00  .00  .00  .00  .00  .00  .00  .00  .00  .00  .00  .00  .00  .00  .00  .00  .00  .00  .00  .00  .00  .00",
"72297793184","2000-07-30T07:59:00","6","33.68","-117.86639","16.5","SANTA ANA JOHN WAYNE AIRPORT, CA US","SOD  ","KSNA ","V020","999,9,9,9999,9","99999,9,9,9","999999,9,9,9","+9999,9","+9999,9","99999,9","24,0000,9,5",,,,,,,,,,,,,,,,,,,"240,M,+0267,5","240,N,+0189,5",,,,,,,"10088,9,99999,4",,,"1,24,00805,200,1409,5","2,24,00671,190,1409,5","3,24,00241,999,9999,5","SOD54524 HR PRECIPITATION (IN): 0.00 24 HR MAX TEMP (F): 8024 HR MAX TEMP TIME (LST):1017 24 HR MIN TEMP (F): 6624 HR MIN TEMP TIME (LST):2359 AVERAGE STATION PRESSURE:29.79  PEAK WIND SPEED (MPH): 18 PEAK WIND DIR (DEG):200 PEAK WIND TIME (LST):1409  FASTEST 2MIN SPEED (MPH): 15FASTEST 2MIN DIR (DEG):190 FASTEST 2MIN TIME (LST):1409 AVERAGE WIND SPEED (MPH): 5.4 24 HR AVG TEMP (F):73 HOURLY INCREMENTAL PRECIPITATION VALUES (IN):.00  .00  .00  .00  .00  .00  .00  .00  .00  .00  .00  .00  .00  .00  .00  .00  .00  .00  .00  .00  .00  .00  .00  .00",
"72297793184","2000-07-31T07:59:00","6","33.68","-117.86639","16.5","SANTA ANA JOHN WAYNE AIRPORT, CA US","SOD  ","KSNA ","V020","999,9,9,9999,9","99999,9,9,9","999999,9,9,9","+9999,9","+9999,9","99999,9","24,0000,9,5",,,,,,,,,,,,,,,,,"0000,5","000,5","240,M,+0278,5","240,N,+0183,5",,,,,,,"10071,9,99999,4",,,"1,24,00894,200,1539,5","2,24,00715,210,1546,5","3,24,00286,999,9999,5","SOD60524 HR PRECIPITATION (IN): 0.00 TOTAL SUNSHINE (MINUTES):   0 PERCENT POSSIBLE SUNSHINE:  0 24 HR MAX TEMP (F): 8224 HR MAX TEMP TIME (LST):1154 24 HR MIN TEMP (F): 6524 HR MIN TEMP TIME (LST):0328 AVERAGE STATION PRESSURE:29.74  PEAK WIND SPEED (MPH): 20 PEAK WIND DIR (DEG):200 PEAK WIND TIME (LST):1539  FASTEST 2MIN SPEED (MPH): 16FASTEST 2MIN DIR (DEG):210 FASTEST 2MIN TIME (LST):1546 AVERAGE WIND SPEED (MPH): 6.4 24 HR AVG TEMP (F):74 HOURLY INCREMENTAL PRECIPITATION VALUES (IN):.00  .00  .00  .00  .00  .00  .00  .00  .00  .00  .00  .00  .00  .00  .00  .00  .00  .00  .00  .00  .00  .00  .00  .00",
"72297793184","2000-08-01T07:59:00","6","33.68","-117.86639","16.5","SANTA ANA JOHN WAYNE AIRPORT, CA US","SOD  ","KSNA ","V020","999,9,9,9999,9","99999,9,9,9","999999,9,9,9","+9999,9","+9999,9","99999,9","24,0000,9,5",,,,,,,,,,,,,,,,,,,"240,M,+0300,5","240,N,+0189,5",,,,,,,"10088,9,99999,4",,,"1,24,00939,210,1624,5","2,24,00805,210,1626,5","3,24,00295,999,9999,5","SOD52324 HR PRECIPITATION (IN): 0.00 24 HR MAX TEMP (F): 8624 HR MAX TEMP TIME (LST):1201 24 HR MIN TEMP (F): 6624 HR MIN TEMP TIME (LST):0035 AVERAGE STATION PRESSURE:29.79  PEAK WIND SPEED (MPH): 21 PEAK WIND DIR (DEG):210 PEAK WIND TIME (LST):1624  FASTEST 2MIN SPEED (MPH): 18FASTEST 2MIN DIR (DEG):210 FASTEST 2MIN TIME (LST):1626 AVERAGE WIND SPEED (MPH): 6.6 HOURLY INCREMENTAL PRECIPITATION VALUES (IN):.00  .00  .00  .00  .00  .00  .00  .00  .00  .00  .00  .00  .00  .00  .00  .00  .00  .00  .00  .00  .00  .00  .00  .00",
"72297793184","2000-08-01T07:59:00","6","33.68","-117.86639","16.5","SANTA ANA JOHN WAYNE AIRPORT, CA US","SOM  ","KSNA ","V020","999,9,9,9999,9","99999,9,9,9","999999,9,9,9","+9999,9","+9999,9","99999,9",,"00000,9,5","00000,9,9999,9999,9999,5","00,5,00,5,99,9,00,5",,,,,,,"060,9999,9,999999,7","080,9999,9,999999,7","100,9999,9,999999,7","120,9999,9,999999,7","150,9999,9,999999,7","180,9999,9,999999,7",,,,,,"744,N,+1772,5","744,M,+2556,5","744,A,+2167,5","744,H,0000,5","744,C,0191,6","00,5,00,5,00,5,00,5",,"10108,4,10139,4","10186,140801,5,10091,251836,5",,,,"SOM712PCP MTOT: 0.00 DEPNRM: 0.00 PCP GT 24HRS: 0.00 DAYS W/PCP >=.01: 0 DAYS W/PCP >=.10: 0 DAYS W/PCP >=1.00:  MSDP AMTS W/DATE-TIME TAGS:MIN:5  .00    /     MIN:10  .00    /     MIN:15  .00    /     MIN:20  .00    /     MIN:30  .00    /     MIN:45  .00    /     MIN:60  .00    /     MIN:80  .00    /     MIN:100  .00    /     MIN:120  .00    /     MIN:150  .00    /     MIN:180  .00    /     SN GT DP ON GRND:0 DATE(S):0  AVG DLY MIN: 63.9 AVG DLY MAX: 78.0 AVG MLY TMP: 71.0 DAYS MAX <=32:  DAYS MAX >=70: 0 DAYS MAX >=90: 0 DAYS MIN <=32: 0 DAYS MIN  <=0: 0 AVG STP:29.85  AVG SLP:29.94  LWST SLP:29.80 DATE/TIME:251836 HGST SLP:30.08 DATE/TIME:140801 HDD MTH TOT:   0 DEP NORM:-255 CDD MTH TOT: 191 DEP NORM:-255","R01   .007A01001R02   .007A02007R03   .007A03013R04   .007A04019R05   .007A05026R06   .007A06033R07   .007A07039R08   .007A08046R09   .007A09052R10   .007A10058R11   .007A11065R12   .007A12071R13   1917KDC058"
"72297793184","2000-08-02T07:59:00","6","33.68","-117.86639","16.5","SANTA ANA JOHN WAYNE AIRPORT, CA US","SOD  ","KSNA ","V020","999,9,9,9999,9","99999,9,9,9","999999,9,9,9","+9999,9","+9999,9","99999,9","24,0000,9,5",,,,,,,,,,,,,,,,,,,"240,M,+0289,5","240,N,+0200,6",,,,,,,"10091,9,99999,4",,,"1,24,00894,220,1249,5","2,24,00805,210,1230,5","3,24,00268,999,9999,5","SOD54524 HR PRECIPITATION (IN): 0.00 24 HR MAX TEMP (F): 8424 HR MAX TEMP TIME (LST):1538 24 HR MIN TEMP (F): 6824 HR MIN TEMP TIME (LST):0441 AVERAGE STATION PRESSURE:29.80  PEAK WIND SPEED (MPH): 20 PEAK WIND DIR (DEG):220 PEAK WIND TIME (LST):1249  FASTEST 2MIN SPEED (MPH): 18FASTEST 2MIN DIR (DEG):210 FASTEST 2MIN TIME (LST):1230 AVERAGE WIND SPEED (MPH): 6.0 24 HR AVG TEMP (F):76 HOURLY INCREMENTAL PRECIPITATION VALUES (IN):.00  .00  .00  .00  .00  .00  .00  .00  .00  .00  .00  .00  .00  .00  .00  .00  .00  .00  .00  .00  .00  .00  .00  .00","R01    687KAN014"
"72297793184","2000-08-03T07:59:00","6","33.68","-117.86639","16.5","SANTA ANA JOHN WAYNE AIRPORT, CA US","SOD  ","KSNA ","V020","999,9,9,9999,9","99999,9,9,9","999999,9,9,9","+9999,9","+9999,9","99999,9","24,0000,9,5",,,,,,,,,,,,,,,,,,,"240,M,+0283,5","240,N,+0194,5",,,,,,,"10088,9,99999,4",,,"1,24,00983,210,1308,5","2,24,00805,210,1511,5","3,24,00273,999,9999,5","SOD54524 HR PRECIPITATION (IN): 0.00 24 HR MAX TEMP (F): 8324 HR MAX TEMP TIME (LST):1056 24 HR MIN TEMP (F): 6724 HR MIN TEMP TIME (LST):2310 AVERAGE STATION PRESSURE:29.79  PEAK WIND SPEED (MPH): 22 PEAK WIND DIR (DEG):210 PEAK WIND TIME (LST):1308  FASTEST 2MIN SPEED (MPH): 18FASTEST 2MIN DIR (DEG):210 FASTEST 2MIN TIME (LST):1511 AVERAGE WIND SPEED (MPH): 6.1 24 HR AVG TEMP (F):75 HOURLY INCREMENTAL PRECIPITATION VALUES (IN):.00  .00  .00  .00  .00  .00  .00  .00  .00  .00  .00  .00  .00  .00  .00  .00  .00  .00  .00  .00  .00  .00  .00  .00",
"72297793184","2000-08-04T07:59:00","6","33.68","-117.86639","16.5","SANTA ANA JOHN WAYNE AIRPORT, CA US","SOD  ","KSNA ","V020","999,9,9,9999,9","99999,9,9,9","999999,9,9,9","+9999,9","+9999,9","99999,9","24,0000,9,5",,,,,,,,,,,,,,,,,,,"240,M,+0283,5","240,N,+0194,5",,,,,,,"10091,9,99999,4",,,"1,24,00671,240,1346,5","2,24,00536,220,1603,5","3,24,00232,999,9999,5","SOD54524 HR PRECIPITATION (IN): 0.00 24 HR MAX TEMP (F): 8324 HR MAX TEMP TIME (LST):1428 24 HR MIN TEMP (F): 6724 HR MIN TEMP TIME (LST):0426 AVERAGE STATION PRESSURE:29.80  PEAK WIND SPEED (MPH): 15 PEAK WIND DIR (DEG):240 PEAK WIND TIME (LST):1346  FASTEST 2MIN SPEED (MPH): 12FASTEST 2MIN DIR (DEG):220 FASTEST 2MIN TIME (LST):1603 AVERAGE WIND SPEED (MPH): 5.2 24 HR AVG TEMP (F):75 HOURLY INCREMENTAL PRECIPITATION VALUES (IN):.00  .00  .00  .00  .00  .00  .00  .00  .00  .00  .00  .00  .00  .00  .00  .00  .00  .00  .00  .00  .00  .00  .00  .00",
"72297793184","2000-08-05T07:59:00","6","33.68","-117.86639","16.5","SANTA ANA JOHN WAYNE AIRPORT, CA US","SOD  ","KSNA ","V020","999,9,9,9999,9","99999,9,9,9","999999,9,9,9","+9999,9","+9999,9","99999,9","24,0000,9,5",,,,,,,,,,,,,,,,,,,"240,M,+0283,5","240,N,+0189,5",,,,,,,"10105,9,99999,4",,,"1,24,00671,230,1332,5","2,24,00581,220,1332,5","3,24,00215,999,9999,5","SOD54524 HR PRECIPITATION (IN): 0.00 24 HR MAX TEMP (F): 8324 HR MAX TEMP TIME (LST):1451 24 HR MIN TEMP (F): 6624 HR MIN TEMP TIME (LST):0601 AVERAGE STATION PRESSURE:29.84  PEAK WIND SPEED (MPH): 15 PEAK WIND DIR (DEG):230 PEAK WIND TIME (LST):1332  FASTEST 2MIN SPEED (MPH): 13FASTEST 2MIN DIR (DEG):220 FASTEST 2MIN TIME (LST):1332 AVERAGE WIND SPEED (MPH): 4.8 24 HR AVG TEMP (F):75 HOURLY INCREMENTAL PRECIPITATION VALUES (IN):.00  .00  .00  .00  .00  .00  .00  .00  .00  .00  .00  .00  .00  .00  .00  .00  .00  .00  .00  .00  .00  .00  .00  .00",
"72297793184","2000-08-06T07:59:00","6","33.68","-117.86639","16.5","SANTA ANA JOHN WAYNE AIRPORT, CA US","SOD  ","KSNA ","V020","999,9,9,9999,9","99999,9,9,9","999999,9,9,9","+9999,9","+9999,9","99999,9","24,0000,9,5",,,,,,,,,,,,,,,,,,,"240,M,+0278,5","240,N,+0189,5",,,,,,,"10091,9,99999,4",,,"1,24,00671,220,1604,5","2,24,00626,210,1313,5","3,24,00259,999,9999,5","SOD54524 HR PRECIPITATION (IN): 0.00 24 HR MAX TEMP (F): 8224 HR MAX TEMP TIME (LST):1153 24 HR MIN TEMP (F): 6624 HR MIN TEMP TIME (LST):2359 AVERAGE STATION PRESSURE:29.80  PEAK WIND SPEED (MPH): 15 PEAK WIND DIR (DEG):220 PEAK WIND TIME (LST):1604  FASTEST 2MIN SPEED (MPH): 14FASTEST 2MIN DIR (DEG):210 FASTEST 2MIN TIME (LST):1313 AVERAGE WIND SPEED (MPH): 5.8 24 HR AVG TEMP (F):74 HOURLY INCREMENTAL PRECIPITATION VALUES (IN):.00  .00  .00  .00  .00  .00  .00  .00  .00  .00  .00  .00  .00  .00  .00  .00  .00  .00  .00  .00  .00  .00  .00  .00",
"72297793184","2000-08-07T07:59:00","6","33.68","-117.86639","16.5","SANTA ANA JOHN WAYNE AIRPORT, CA US","SOD  ","KSNA ","V020","999,9,9,9999,9","99999,9,9,9","999999,9,9,9","+9999,9","+9999,9","99999,9","24,0000,9,5",,,,,,,,,,,,,,,,,"0000,5","000,5","240,M,+0244,5","240,N,+0183,5",,,,,,,"10078,9,99999,4",,,"1,24,00894,220,1343,5","2,24,00671,210,1442,5","3,24,00304,999,9999,5","SOD60524 HR PRECIPITATION (IN): 0.00 TOTAL SUNSHINE (MINUTES):   0 PERCENT POSSIBLE SUNSHINE:  0 24 HR MAX TEMP (F): 7624 HR MAX TEMP TIME (LST):1421 24 HR MIN TEMP (F): 6524 HR MIN TEMP TIME (LST):0612 AVERAGE STATION PRESSURE:29.76  PEAK WIND SPEED (MPH): 20 PEAK WIND DIR (DEG):220 PEAK WIND TIME (LST):1343  FASTEST 2MIN SPEED (MPH): 15FASTEST 2MIN DIR (DEG):210 FASTEST 2MIN TIME (LST):1442 AVERAGE WIND SPEED (MPH): 6.8 24 HR AVG TEMP (F):71 HOURLY INCREMENTAL PRECIPITATION VALUES (IN):.00  .00  .00  .00  .00  .00  .00  .00  .00  .00  .00  .00  .00  .00  .00  .00  .00  .00  .00  .00  .00  .00  .00  .00",
"72297793184","2000-08-08T07:59:00","6","33.68","-117.86639","16.5","SANTA ANA JOHN WAYNE AIRPORT, CA US","SOD  ","KSNA ","V020","999,9,9,9999,9","99999,9,9,9","999999,9,9,9","+9999,9","+9999,9","99999,9","24,0000,9,5",,,,,,,,,,,,,,,,,"0000,5","000,5","240,M,+0244,5","240,N,+0194,5",,,,,,,"10091,9,99999,4",,,"1,24,00805,200,1431,5","2,24,00671,200,1431,5","3,24,00304,999,9999,5","SOD60524 HR PRECIPITATION (IN): 0.00 TOTAL SUNSHINE (MINUTES):   0 PERCENT POSSIBLE SUNSHINE:  0 24 HR MAX TEMP (F): 7624 HR MAX TEMP TIME (LST):1312 24 HR MIN TEMP (F): 6724 HR MIN TEMP TIME (LST):2359 AVERAGE STATION PRESSURE:29.80  PEAK WIND SPEED (MPH): 18 PEAK WIND DIR (DEG):200 PEAK WIND TIME (LST):1431  FASTEST 2MIN SPEED (MPH): 15FASTEST 2MIN DIR (DEG):200 FASTEST 2MIN TIME (LST):1431 AVERAGE WIND SPEED (MPH): 6.8 24 HR AVG TEMP (F):72 HOURLY INCREMENTAL PRECIPITATION VALUES (IN):.00  .00  .00  .00  .00  .00  .00  .00  .00  .00  .00  .00  .00  .00  .00  .00  .00  .00  .00  .00  .00  .00  .00  .00",
"72297793184","2000-08-09T07:59:00","6","33.68","-117.86639","16.5","SANTA ANA JOHN WAYNE AIRPORT, CA US","SOD  ","KSNA ","V020","999,9,9,9999,9","99999,9,9,9","999999,9,9,9","+9999,9","+9999,9","99999,9","24,0000,9,5",,,,,,,,,,,,,,,,,"0000,5","000,5","240,M,+0261,5","240,N,+0194,5",,,,,,,"10102,9,99999,4",,,"1,24,00760,220,1432,5","2,24,00581,220,1421,5","3,24,00201,999,9999,5","SOD60524 HR PRECIPITATION (IN): 0.00 TOTAL SUNSHINE (MINUTES):   0 PERCENT POSSIBLE SUNSHINE:  0 24 HR MAX TEMP (F): 7924 HR MAX TEMP TIME (LST):1409 24 HR MIN TEMP (F): 6724 HR MIN TEMP TIME (LST):0636 AVERAGE STATION PRESSURE:29.83  PEAK WIND SPEED (MPH): 17 PEAK WIND DIR (DEG):220 PEAK WIND TIME (LST):1432  FASTEST 2MIN SPEED (MPH): 13FASTEST 2MIN DIR (DEG):220 FASTEST 2MIN TIME (LST):1421 AVERAGE WIND SPEED (MPH): 4.5 24 HR AVG TEMP (F):73 HOURLY INCREMENTAL PRECIPITATION VALUES (IN):.00  .00  .00  .00  .00  .00  .00  .00  .00  .00  .00  .00  .00  .00  .00  .00  .00  .00  .00  .00  .00  .00  .00  .00",
"72297793184","2000-08-10T07:59:00","6","33.68","-117.86639","16.5","SANTA ANA JOHN WAYNE AIRPORT, CA US","SOD  ","KSNA ","V020","999,9,9,9999,9","99999,9,9,9","999999,9,9,9","+9999,9","+9999,9","99999,9","24,0000,9,5",,,,,,,,,,,,,,,,,"0000,5","000,5","240,M,+0278,5","240,N,+0183,5",,,,,,,"10091,9,99999,4",,,"1,24,00671,220,1416,5","2,24,00581,210,1043,5","3,24,00241,999,9999,5","SOD60524 HR PRECIPITATION (IN): 0.00 TOTAL SUNSHINE (MINUTES):   0 PERCENT POSSIBLE SUNSHINE:  0 24 HR MAX TEMP (F): 8224 HR MAX TEMP TIME (LST):1605 24 HR MIN TEMP (F): 6524 HR MIN TEMP TIME (LST):0752 AVERAGE STATION PRESSURE:29.80  PEAK WIND SPEED (MPH): 15 PEAK WIND DIR (DEG):220 PEAK WIND TIME (LST):1416  FASTEST 2MIN SPEED (MPH): 13FASTEST 2MIN DIR (DEG):210 FASTEST 2MIN TIME (LST):1043 AVERAGE WIND SPEED (MPH): 5.4 24 HR AVG TEMP (F):74 HOURLY INCREMENTAL PRECIPITATION VALUES (IN):.00  .00  .00  .00  .00  .00  .00  .00  .00  .00  .00  .00  .00  .00  .00  .00  .00  .00  .00  .00  .00  .00  .00  .00",
"72297793184","2000-08-11T07:59:00","6","33.68","-117.86639","16.5","SANTA ANA JOHN WAYNE AIRPORT, CA US","SOD  ","KSNA ","V020","999,9,9,9999,9","99999,9,9,9","999999,9,9,9","+9999,9","+9999,9","99999,9","24,0000,9,5",,,,,,,,,,,,,,,,,"0000,5","000,5","240,M,+0311,5","240,N,+0183,5",,,,,,,"10078,9,99999,4",,,"1,24,00626,210,1044,5","2,24,00536,210,1340,5","3,24,00206,999,9999,5","SOD60524 HR PRECIPITATION (IN): 0.00 TOTAL SUNSHINE (MINUTES):   0 PERCENT POSSIBLE SUNSHINE:  0 24 HR MAX TEMP (F): 8824 HR MAX TEMP TIME (LST):1548 24 HR MIN TEMP (F): 6524 HR MIN TEMP TIME (LST):0440 AVERAGE STATION PRESSURE:29.76  PEAK WIND SPEED (MPH): 14 PEAK WIND DIR (DEG):210 PEAK WIND TIME (LST):1044  FASTEST 2MIN SPEED (MPH): 12FASTEST 2MIN DIR (DEG):210 FASTEST 2MIN TIME (LST):1340 AVERAGE WIND SPEED (MPH): 4.6 24 HR AVG TEMP (F):77 HOURLY INCREMENTAL PRECIPITATION VALUES (IN):.00  .00  .00  .00  .00  .00  .00  .00  .00  .00  .00  .00  .00  .00  .00  .00  .00  .00  .00  .00  .00  .00  .00  .00",
"72297793184","2000-08-12T07:59:00","6","33.68","-117.86639","16.5","SANTA ANA JOHN WAYNE AIRPORT, CA US","SOD  ","KSNA ","V020","999,9,9,9999,9","99999,9,9,9","999999,9,9,9","+9999,9","+9999,9","99999,9","24,0000,9,5",,,,,,,,,,,,,,,,,,,"240,M,+0306,5","240,N,+0189,5",,,,,,,"10071,9,99999,4",,,"1,24,00626,200,2228,5","2,24,00536,180,2240,5","3,24,00219,999,9999,5","SOD54524 HR PRECIPITATION (IN): 0.00 24 HR MAX TEMP (F): 8724 HR MAX TEMP TIME (LST):1335 24 HR MIN TEMP (F): 6624 HR MIN TEMP TIME (LST):0547 AVERAGE STATION PRESSURE:29.74  PEAK WIND SPEED (MPH): 14 PEAK WIND DIR (DEG):200 PEAK WIND TIME (LST):2228  FASTEST 2MIN SPEED (MPH): 12FASTEST 2MIN DIR (DEG):180 FASTEST 2MIN TIME (LST):2240 AVERAGE WIND SPEED (MPH): 4.9 24 HR AVG TEMP (F):77 HOURLY INCREMENTAL PRECIPITATION VALUES (IN):.00  .00  .00  .00  .00  .00  .00  .00  .00  .00  .00  .00  .00  .00  .00  .00  .00  .00  .00  .00  .00  .00  .00  .00",
"72297793184","2000-08-13T07:59:00","6","33.68","-117.86639","16.5","SANTA ANA JOHN WAYNE AIRPORT, CA US","SOD  ","KSNA ","V020","999,9,9,9999,9","99999,9,9,9","999999,9,9,9","+9999,9","+9999,9","99999,9","24,0000,9,5",,,,,,,,,,,,,,,,,,,"240,M,+0289,5","240,N,+0183,5",,,,,,,"10085,9,99999,4",,,"1,24,00671,210,1818,5","2,24,00626,200,1730,5","3,24,00215,999,9999,5","SOD54524 HR PRECIPITATION (IN): 0.00 24 HR MAX TEMP (F): 8424 HR MAX TEMP TIME (LST):1208 24 HR MIN TEMP (F): 6524 HR MIN TEMP TIME (LST):0529 AVERAGE STATION PRESSURE:29.78  PEAK WIND SPEED (MPH): 15 PEAK WIND DIR (DEG):210 PEAK WIND TIME (LST):1818  FASTEST 2MIN SPEED (MPH): 14FASTEST 2MIN DIR (DEG):200 FASTEST 2MIN TIME (LST):1730 AVERAGE WIND SPEED (MPH): 4.8 24 HR AVG TEMP (F):75 HOURLY INCREMENTAL PRECIPITATION VALUES (IN):.00  .00  .00  .00  .00  .00  .00  .00  .00  .00  .00  .00  .00  .00  .00  .00  .00  .00  .00  .00  .00  .00  .00  .00",
"72297793184","2000-08-14T07:59:00","6","33.68","-117.86639","16.5","SANTA ANA JOHN WAYNE AIRPORT, CA US","SOD  ","KSNA ","V020","999,9,9,9999,9","99999,9,9,9","999999,9,9,9","+9999,9","+9999,9","99999,9","24,0000,9,5",,,,,,,,,,,,,,,,,,,"240,M,+0294,5","240,N,+0189,5",,,,,,,"10068,9,99999,4",,,"1,24,00805,210,1712,5","2,24,00715,210,1712,5","3,24,00250,999,9999,5","SOD54524 HR PRECIPITATION (IN): 0.00 24 HR MAX TEMP (F): 8524 HR MAX TEMP TIME (LST):1201 24 HR MIN TEMP (F): 6624 HR MIN TEMP TIME (LST):0524 AVERAGE STATION PRESSURE:29.73  PEAK WIND SPEED (MPH): 18 PEAK WIND DIR (DEG):210 PEAK WIND TIME (LST):1712  FASTEST 2MIN SPEED (MPH): 16FASTEST 2MIN DIR (DEG):210 FASTEST 2MIN TIME (LST):1712 AVERAGE WIND SPEED (MPH): 5.6 24 HR AVG TEMP (F):76 HOURLY INCREMENTAL PRECIPITATION VALUES (IN):.00  .00  .00  .00  .00  .00  .00  .00  .00  .00  .00  .00  .00  .00  .00  .00  .00  .00  .00  .00  .00  .00  .00  .00",
"72297793184","2000-08-15T07:59:00","6","33.68","-117.86639","16.5","SANTA ANA JOHN WAYNE AIRPORT, CA US","SOD  ","KSNA ","V020","999,9,9,9999,9","99999,9,9,9","999999,9,9,9","+9999,9","+9999,9","99999,9","24,0000,9,5",,,,,,,,,,,,,,,,,,,"240,M,+0272,5","240,N,+0194,5",,,,,,,"10068,9,99999,4",,,"1,24,00894,210,1420,5","2,24,00760,220,1417,5","3,24,00300,999,9999,5","SOD54524 HR PRECIPITATION (IN): 0.00 24 HR MAX TEMP (F): 8124 HR MAX TEMP TIME (LST):1213 24 HR MIN TEMP (F): 6724 HR MIN TEMP TIME (LST):0451 AVERAGE STATION PRESSURE:29.73  PEAK WIND SPEED (MPH): 20 PEAK WIND DIR (DEG):210 PEAK WIND TIME (LST):1420  FASTEST 2MIN SPEED (MPH): 17FASTEST 2MIN DIR (DEG):220 FASTEST 2MIN TIME (LST):1417 AVERAGE WIND SPEED (MPH): 6.7 24 HR AVG TEMP (F):74 HOURLY INCREMENTAL PRECIPITATION VALUES (IN):.00  .00  .00  .00  .00  .00  .00  .00  .00  .00  .00  .00  .00  .00  .00  .00  .00  .00  .00  .00  .00  .00  .00  .00",
"72297793184","2000-08-16T07:59:00","6","33.68","-117.86639","16.5","SANTA ANA JOHN WAYNE AIRPORT, CA US","SOD  ","KSNA ","V020","999,9,9,9999,9","99999,9,9,9","999999,9,9,9","+9999,9","+9999,9","99999,9","24,0000,9,5",,,,,,,,,,,,,,,,,,,"240,M,+0278,5","240,N,+0200,5",,,,,,,"10112,9,99999,4",,,"1,24,00894,180,1251,5","2,24,00671,190,1523,5","3,24,00277,999,9999,5","SOD54524 HR PRECIPITATION (IN): 0.00 24 HR MAX TEMP (F): 8224 HR MAX TEMP TIME (LST):1236 24 HR MIN TEMP (F): 6824 HR MIN TEMP TIME (LST):0451 AVERAGE STATION PRESSURE:29.86  PEAK WIND SPEED (MPH): 20 PEAK WIND DIR (DEG):180 PEAK WIND TIME (LST):1251  FASTEST 2MIN SPEED (MPH): 15FASTEST 2MIN DIR (DEG):190 FASTEST 2MIN TIME (LST):1523 AVERAGE WIND SPEED (MPH): 6.2 24 HR AVG TEMP (F):75 HOURLY INCREMENTAL PRECIPITATION VALUES (IN):.00  .00  .00  .00  .00  .00  .00  .00  .00  .00  .00  .00  .00  .00  .00  .00  .00  .00  .00  .00  .00  .00  .00  .00",
"72297793184","2000-08-17T07:59:00","6","33.68","-117.86639","16.5","SANTA ANA JOHN WAYNE AIRPORT, CA US","SOD  ","KSNA ","V020","999,9,9,9999,9","99999,9,9,9","999999,9,9,9","+9999,9","+9999,9","99999,9","24,0000,9,5",,,,,,,,,,,,,,,,,,,"240,M,+0317,5","240,N,+0211,5",,,,,,,"10102,9,99999,4",,,"1,24,00760,210,1451,5","2,24,00671,210,1451,5","3,24,00210,999,9999,5","SOD52324 HR PRECIPITATION (IN): 0.00 24 HR MAX TEMP (F): 8924 HR MAX TEMP TIME (LST):1128 24 HR MIN TEMP (F): 7024 HR MIN TEMP TIME (LST):0555 AVERAGE STATION PRESSURE:29.83  PEAK WIND SPEED (MPH): 17 PEAK WIND DIR (DEG):210 PEAK WIND TIME (LST):1451  FASTEST 2MIN SPEED (MPH): 15FASTEST 2MIN DIR (DEG):210 FASTEST 2MIN TIME (LST):1451 AVERAGE WIND SPEED (MPH): 4.7 HOURLY INCREMENTAL PRECIPITATION VALUES (IN):.00  .00  .00  .00  .00  .00  .00  .00  .00  .00  .00  .00  .00  .00  .00  .00  .00  .00  .00  .00  .00  .00  .00  .00",
"72297793184","2000-08-18T07:59:00","6","33.68","-117.86639","16.5","SANTA ANA JOHN WAYNE AIRPORT, CA US","SOD  ","KSNA ","V020","999,9,9,9999,9","99999,9,9,9","999999,9,9,9","+9999,9","+9999,9","99999,9","24,0000,9,5",,,,,,,,,,,,,,,,,,,"240,M,+0289,5","240,N,+0206,5",,,,,,,"10102,9,99999,4",,,"1,24,00939,220,1246,5","2,24,00760,220,1322,5","3,24,00322,999,9999,5","SOD54524 HR PRECIPITATION (IN): 0.00 24 HR MAX TEMP (F): 8424 HR MAX TEMP TIME (LST):1355 24 HR MIN TEMP (F): 6924 HR MIN TEMP TIME (LST):0441 AVERAGE STATION PRESSURE:29.83  PEAK WIND SPEED (MPH): 21 PEAK WIND DIR (DEG):220 PEAK WIND TIME (LST):1246  FASTEST 2MIN SPEED (MPH): 17FASTEST 2MIN DIR (DEG):220 FASTEST 2MIN TIME (LST):1322 AVERAGE WIND SPEED (MPH): 7.2 24 HR AVG TEMP (F):77 HOURLY INCREMENTAL PRECIPITATION VALUES (IN):.00  .00  .00  .00  .00  .00  .00  .00  .00  .00  .00  .00  .00  .00  .00  .00  .00  .00  .00  .00  .00  .00  .00  .00",
"72297793184","2000-08-19T07:59:00","6","33.68","-117.86639","16.5","SANTA ANA JOHN WAYNE AIRPORT, CA US","SOD  ","KSNA ","V020","999,9,9,9999,9","99999,9,9,9","999999,9,9,9","+9999,9","+9999,9","99999,9","24,0000,9,5",,,,,,,,,,,,,,,,,,,"240,M,+0283,5","240,N,+0194,5",,,,,,,"10108,9,99999,4",,,"1,24,00939,210,1328,5","2,24,00760,210,1413,5","3,24,00224,999,9999,5","SOD54524 HR PRECIPITATION (IN): 0.00 24 HR MAX TEMP (F): 8324 HR MAX TEMP TIME (LST):1029 24 HR MIN TEMP (F): 6724 HR MIN TEMP TIME (LST):0526 AVERAGE STATION PRESSURE:29.85  PEAK WIND SPEED (MPH): 21 PEAK WIND DIR (DEG):210 PEAK WIND TIME (LST):1328  FASTEST 2MIN SPEED (MPH): 17FASTEST 2MIN DIR (DEG):210 FASTEST 2MIN TIME (LST):1413 AVERAGE WIND SPEED (MPH): 5.0 24 HR AVG TEMP (F):75 HOURLY INCREMENTAL PRECIPITATION VALUES (IN):.00  .00  .00  .00  .00  .00  .00  .00  .00  .00  .00  .00  .00  .00  .00  .00  .00  .00  .00  .00  .00  .00  .00  .00",
"72297793184","2000-08-20T07:59:00","6","33.68","-117.86639","16.5","SANTA ANA JOHN WAYNE AIRPORT, CA US","SOD  ","KSNA ","V020","999,9,9,9999,9","99999,9,9,9","999999,9,9,9","+9999,9","+9999,9","99999,9","24,0000,9,5",,,,,,,,,,,,,,,,,,,"240,M,+0294,5","240,N,+0183,5",,,,,,,"10115,9,99999,4",,,"1,24,00760,200,1317,5","2,24,00671,190,1311,5","3,24,00237,999,9999,5","SOD54524 HR PRECIPITATION (IN): 0.00 24 HR MAX TEMP (F): 8524 HR MAX TEMP TIME (LST):1247 24 HR MIN TEMP (F): 6524 HR MIN TEMP TIME (LST):0608 AVERAGE STATION PRESSURE:29.87  PEAK WIND SPEED (MPH): 17 PEAK WIND DIR (DEG):200 PEAK WIND TIME (LST):1317  FASTEST 2MIN SPEED (MPH): 15FASTEST 2MIN DIR (DEG):190 FASTEST 2MIN TIME (LST):1311 AVERAGE WIND SPEED (MPH): 5.3 24 HR AVG TEMP (F):75 HOURLY INCREMENTAL PRECIPITATION VALUES (IN):.00  .00  .00  .00  .00  .00  .00  .00  .00  .00  .00  .00  .00  .00  .00  .00  .00  .00  .00  .00  .00  .00  .00  .00",
"72297793184","2000-08-21T07:59:00","6","33.68","-117.86639","16.5","SANTA ANA JOHN WAYNE AIRPORT, CA US","SOD  ","KSNA ","V020","999,9,9,9999,9","99999,9,9,9","999999,9,9,9","+9999,9","+9999,9","99999,9","24,0000,9,5",,,,,,,,,,,,,,,,,,,"240,M,+0256,5","240,N,+0172,5",,,,,,,"10112,9,99999,4",,,"1,24,00939,210,1404,5","2,24,00715,220,1325,5","3,24,00295,999,9999,5","SOD54524 HR PRECIPITATION (IN): 0.00 24 HR MAX TEMP (F): 7824 HR MAX TEMP TIME (LST):1252 24 HR MIN TEMP (F): 6324 HR MIN TEMP TIME (LST):0508 AVERAGE STATION PRESSURE:29.86  PEAK WIND SPEED (MPH): 21 PEAK WIND DIR (DEG):210 PEAK WIND TIME (LST):1404  FASTEST 2MIN SPEED (MPH): 16FASTEST 2MIN DIR (DEG):220 FASTEST 2MIN TIME (LST):1325 AVERAGE WIND SPEED (MPH): 6.6 24 HR AVG TEMP (F):71 HOURLY INCREMENTAL PRECIPITATION VALUES (IN):.00  .00  .00  .00  .00  .00  .00  .00  .00  .00  .00  .00  .00  .00  .00  .00  .00  .00  .00  .00  .00  .00  .00  .00",
"72297793184","2000-08-22T07:59:00","6","33.68","-117.86639","16.5","SANTA ANA JOHN WAYNE AIRPORT, CA US","SOD  ","KSNA ","V020","999,9,9,9999,9","99999,9,9,9","999999,9,9,9","+9999,9","+9999,9","99999,9","24,0000,9,5",,,,,,,,,,,,,,,,,,,"240,M,+0256,5","240,N,+0183,5",,,,,,,"10091,9,99999,4",,,"1,24,00760,210,1408,5","2,24,00626,200,1418,5","3,24,00273,999,9999,5","SOD54524 HR PRECIPITATION (IN): 0.00 24 HR MAX TEMP (F): 7824 HR MAX TEMP TIME (LST):1419 24 HR MIN TEMP (F): 6524 HR MIN TEMP TIME (LST):0210 AVERAGE STATION PRESSURE:29.80  PEAK WIND SPEED (MPH): 17 PEAK WIND DIR (DEG):210 PEAK WIND TIME (LST):1408  FASTEST 2MIN SPEED (MPH): 14FASTEST 2MIN DIR (DEG):200 FASTEST 2MIN TIME (LST):1418 AVERAGE WIND SPEED (MPH): 6.1 24 HR AVG TEMP (F):72 HOURLY INCREMENTAL PRECIPITATION VALUES (IN):.00  .00  .00  .00  .00  .00  .00  .00  .00  .00  .00  .00  .00  .00  .00  .00  .00  .00  .00  .00  .00  .00  .00  .00",
"72297793184","2000-08-23T07:59:00","6","33.68","-117.86639","16.5","SANTA ANA JOHN WAYNE AIRPORT, CA US","SOD  ","KSNA ","V020","999,9,9,9999,9","99999,9,9,9","999999,9,9,9","+9999,9","+9999,9","99999,9","24,0000,9,5",,,,,,,,,,,,,,,,,,,"240,M,+0256,5","240,N,+0194,5",,,,,,,"10091,9,99999,4",,,"1,24,00760,210,1235,5","2,24,00581,220,1501,5","3,24,00264,999,9999,5","SOD54524 HR PRECIPITATION (IN): 0.00 24 HR MAX TEMP (F): 7824 HR MAX TEMP TIME (LST):1358 24 HR MIN TEMP (F): 6724 HR MIN TEMP TIME (LST):2213 AVERAGE STATION PRESSURE:29.80  PEAK WIND SPEED (MPH): 17 PEAK WIND DIR (DEG):210 PEAK WIND TIME (LST):1235  FASTEST 2MIN SPEED (MPH): 13FASTEST 2MIN DIR (DEG):220 FASTEST 2MIN TIME (LST):1501 AVERAGE WIND SPEED (MPH): 5.9 24 HR AVG TEMP (F):73 HOURLY INCREMENTAL PRECIPITATION VALUES (IN):.00  .00  .00  .00  .00  .00  .00  .00  .00  .00  .00  .00  .00  .00  .00  .00  .00  .00  .00  .00  .00  .00  .00  .00",
"72297793184","2000-08-24T07:59:00","6","33.68","-117.86639","16.5","SANTA ANA JOHN WAYNE AIRPORT, CA US","SOD  ","KSNA ","V020","999,9,9,9999,9","99999,9,9,9","999999,9,9,9","+9999,9","+9999,9","99999,9","24,0000,9,5",,,,,,,,,,,,,,,,,,,"240,M,+0261,5","240,N,+0194,5",,,,,,,"10115,9,99999,4",,,"1,24,00671,240,1504,5","2,24,00581,220,1135,5","3,24,00250,999,9999,5","SOD54524 HR PRECIPITATION (IN): 0.00 24 HR MAX TEMP (F): 7924 HR MAX TEMP TIME (LST):1442 24 HR MIN TEMP (F): 6724 HR MIN TEMP TIME (LST):2231 AVERAGE STATION PRESSURE:29.87  PEAK WIND SPEED (MPH): 15 PEAK WIND DIR (DEG):240 PEAK WIND TIME (LST):1504  FASTEST 2MIN SPEED (MPH): 13FASTEST 2MIN DIR (DEG):220 FASTEST 2MIN TIME (LST):1135 AVERAGE WIND SPEED (MPH): 5.6 24 HR AVG TEMP (F):73 HOURLY INCREMENTAL PRECIPITATION VALUES (IN):.00  .00  .00  .00  .00  .00  .00  .00  .00  .00  .00  .00  .00  .00  .00  .00  .00  .00  .00  .00  .00  .00  .00  .00",
"72297793184","2000-08-25T07:59:00","6","33.68","-117.86639","16.5","SANTA ANA JOHN WAYNE AIRPORT, CA US","SOD  ","KSNA ","V020","999,9,9,9999,9","99999,9,9,9","999999,9,9,9","+9999,9","+9999,9","99999,9","24,0000,9,5",,,,,,,,,,,,,,,,,,,"240,M,+0267,5","240,N,+0194,5",,,,,,,"10125,9,99999,4",,,"1,24,00760,190,1525,5","2,24,00671,200,1516,5","3,24,00268,999,9999,5","SOD54524 HR PRECIPITATION (IN): 0.00 24 HR MAX TEMP (F): 8024 HR MAX TEMP TIME (LST):1228 24 HR MIN TEMP (F): 6724 HR MIN TEMP TIME (LST):0609 AVERAGE STATION PRESSURE:29.90  PEAK WIND SPEED (MPH): 17 PEAK WIND DIR (DEG):190 PEAK WIND TIME (LST):1525  FASTEST 2MIN SPEED (MPH): 15FASTEST 2MIN DIR (DEG):200 FASTEST 2MIN TIME (LST):1516 AVERAGE WIND SPEED (MPH): 6.0 24 HR AVG TEMP (F):74 HOURLY INCREMENTAL PRECIPITATION VALUES (IN):.00  .00  .00  .00  .00  .00  .00  .00  .00  .00  .00  .00  .00  .00  .00  .00  .00  .00  .00  .00  .00  .00  .00  .00",
"72297793184","2000-08-26T07:59:00","6","33.68","-117.86639","16.5","SANTA ANA JOHN WAYNE AIRPORT, CA US","SOD  ","KSNA ","V020","999,9,9,9999,9","99999,9,9,9","999999,9,9,9","+9999,9","+9999,9","99999,9","24,0000,9,5",,,,,,,,,,,,,,,,,,,"240,M,+0267,5","240,N,+0189,5",,,,,,,"10112,9,99999,4",,,"1,24,00715,190,1430,5","2,24,00581,230,1505,5","3,24,00219,999,9999,5","SOD54524 HR PRECIPITATION (IN): 0.00 24 HR MAX TEMP (F): 8024 HR MAX TEMP TIME (LST):1415 24 HR MIN TEMP (F): 6624 HR MIN TEMP TIME (LST):2353 AVERAGE STATION PRESSURE:29.86  PEAK WIND SPEED (MPH): 16 PEAK WIND DIR (DEG):190 PEAK WIND TIME (LST):1430  FASTEST 2MIN SPEED (MPH): 13FASTEST 2MIN DIR (DEG):230 FASTEST 2MIN TIME (LST):1505 AVERAGE WIND SPEED (MPH): 4.9 24 HR AVG TEMP (F):73 HOURLY INCREMENTAL PRECIPITATION VALUES (IN):.00  .00  .00  .00  .00  .00  .00  .00  .00  .00  .00  .00  .00  .00  .00  .00  .00  .00  .00  .00  .00  .00  .00  .00",
"72297793184","2000-08-27T07:59:00","6","33.68","-117.86639","16.5","SANTA ANA JOHN WAYNE AIRPORT, CA US","SOD  ","KSNA ","V020","999,9,9,9999,9","99999,9,9,9","999999,9,9,9","+9999,9","+9999,9","99999,9","24,0000,9,5",,,,,,,,,,,,,,,,,,,"240,M,+0261,5","240,N,+0183,5",,,,,,,"10085,9,99999,4",,,"1,24,00715,220,1455,5","2,24,00581,220,1514,5","3,24,00224,999,9999,5","SOD54524 HR PRECIPITATION (IN): 0.00 24 HR MAX TEMP (F): 7924 HR MAX TEMP TIME (LST):1332 24 HR MIN TEMP (F): 6524 HR MIN TEMP TIME (LST):0555 AVERAGE STATION PRESSURE:29.78  PEAK WIND SPEED (MPH): 16 PEAK WIND DIR (DEG):220 PEAK WIND TIME (LST):1455  FASTEST 2MIN SPEED (MPH): 13FASTEST 2MIN DIR (DEG):220 FASTEST 2MIN TIME (LST):1514 AVERAGE WIND SPEED (MPH): 5.0 24 HR AVG TEMP (F):72 HOURLY INCREMENTAL PRECIPITATION VALUES (IN):.00  .00  .00  .00  .00  .00  .00  .00  .00  .00  .00  .00  .00  .00  .00  .00  .00  .00  .00  .00  .00  .00  .00  .00",
"72297793184","2000-08-28T07:59:00","6","33.68","-117.86639","16.5","SANTA ANA JOHN WAYNE AIRPORT, CA US","SOD  ","KSNA ","V020","999,9,9,9999,9","99999,9,9,9","999999,9,9,9","+9999,9","+9999,9","99999,9","24,0000,9,5",,,,,,,,,,,,,,,,,,,"240,M,+0250,5","240,N,+0189,5",,,,,,,"10068,9,99999,4",,,"1,24,00805,210,1213,5","2,24,00671,200,1650,5","3,24,00268,999,9999,5","SOD54524 HR PRECIPITATION (IN): 0.00 24 HR MAX TEMP (F): 7724 HR MAX TEMP TIME (LST):1411 24 HR MIN TEMP (F): 6624 HR MIN TEMP TIME (LST):0657 AVERAGE STATION PRESSURE:29.73  PEAK WIND SPEED (MPH): 18 PEAK WIND DIR (DEG):210 PEAK WIND TIME (LST):1213  FASTEST 2MIN SPEED (MPH): 15FASTEST 2MIN DIR (DEG):200 FASTEST 2MIN TIME (LST):1650 AVERAGE WIND SPEED (MPH): 6.0 24 HR AVG TEMP (F):72 HOURLY INCREMENTAL PRECIPITATION VALUES (IN):.00  .00  .00  .00  .00  .00  .00  .00  .00  .00  .00  .00  .00  .00  .00  .00  .00  .00  .00  .00  .00  .00  .00  .00",
"72297793184","2000-08-29T07:59:00","6","33.68","-117.86639","16.5","SANTA ANA JOHN WAYNE AIRPORT, CA US","SOD  ","KSNA ","V020","999,9,9,9999,9","99999,9,9,9","999999,9,9,9","+9999,9","+9999,9","99999,9","24,0000,2,5",,,,,,,,,,,,,,,,,,,"240,M,+0239,5","240,N,+0194,5",,,,,,,"10091,9,99999,4",,,"1,24,00715,210,1434,5","2,24,00536,220,1706,5","3,24,00224,999,9999,5","SOD54424 HR PRECIPITATION (IN):  T   24 HR MAX TEMP (F): 7524 HR MAX TEMP TIME (LST):1257 24 HR MIN TEMP (F): 6724 HR MIN TEMP TIME (LST):2359 AVERAGE STATION PRESSURE:29.80  PEAK WIND SPEED (MPH): 16 PEAK WIND DIR (DEG):210 PEAK WIND TIME (LST):1434  FASTEST 2MIN SPEED (MPH): 12FASTEST 2MIN DIR (DEG):220 FASTEST 2MIN TIME (LST):1706 AVERAGE WIND SPEED (MPH): 5.0 24 HR AVG TEMP (F):71 HOURLY INCREMENTAL PRECIPITATION VALUES (IN):.00  .00  .00  .00  .00  .00  .00  .00  .00  .00  .00  .00  .00  .00  .00  .00  .00  .00   T    T   .00   T    T    T",
"72297793184","2000-08-30T07:59:00","6","33.68","-117.86639","16.5","SANTA ANA JOHN WAYNE AIRPORT, CA US","SOD  ","KSNA ","V020","999,9,9,9999,9","99999,9,9,9","999999,9,9,9","+9999,9","+9999,9","99999,9","24,0000,2,5",,,,,,,,,,,,,,,,,,,"240,M,+0211,5","240,N,+0189,5",,,,,,,"10112,9,99999,4",,,"1,24,00805,360,1407,5","2,24,00447,240,1430,5","3,24,00161,999,9999,5","SOD52324 HR PRECIPITATION (IN):  T   24 HR MAX TEMP (F): 7024 HR MAX TEMP TIME (LST):1916 24 HR MIN TEMP (F): 6624 HR MIN TEMP TIME (LST):0545 AVERAGE STATION PRESSURE:29.86  PEAK WIND SPEED (MPH): 18 PEAK WIND DIR (DEG):360 PEAK WIND TIME (LST):1407  FASTEST 2MIN SPEED (MPH): 10FASTEST 2MIN DIR (DEG):240 FASTEST 2MIN TIME (LST):1430 AVERAGE WIND SPEED (MPH): 3.6 HOURLY INCREMENTAL PRECIPITATION VALUES (IN):.00   T   .00  .00  .00  .00  .00  .00  .00  .00  .00  .00  .00  .00  .00  .00  .00  .00  .00  .00  .00  .00  .00  .00",
"72297793184","2000-08-31T07:59:00","6","33.68","-117.86639","16.5","SANTA ANA JOHN WAYNE AIRPORT, CA US","SOD  ","KSNA ","V020","999,9,9,9999,9","99999,9,9,9","999999,9,9,9","+9999,9","+9999,9","99999,9","24,0000,2,5",,,,,,,,,,,,,,,,,,,"240,M,+0244,5","240,N,+0189,5",,,,,,,"10112,9,99999,4",,,"1,24,00760,240,1229,5","2,24,00626,200,1210,5","3,24,00219,999,9999,5","SOD54524 HR PRECIPITATION (IN):  T   24 HR MAX TEMP (F): 7624 HR MAX TEMP TIME (LST):1226 24 HR MIN TEMP (F): 6624 HR MIN TEMP TIME (LST):0553 AVERAGE STATION PRESSURE:29.86  PEAK WIND SPEED (MPH): 17 PEAK WIND DIR (DEG):240 PEAK WIND TIME (LST):1229  FASTEST 2MIN SPEED (MPH): 14FASTEST 2MIN DIR (DEG):200 FASTEST 2MIN TIME (LST):1210 AVERAGE WIND SPEED (MPH): 4.9 24 HR AVG TEMP (F):71 HOURLY INCREMENTAL PRECIPITATION VALUES (IN):.00  .00  .00  .00  .00   T   .00  .00  .00  .00  .00  .00  .00  .00  .00  .00  .00  .00  .00  .00  .00  .00  .00  .00",
"72297793184","2000-09-01T07:59:00","6","33.68","-117.86639","16.5","SANTA ANA JOHN WAYNE AIRPORT, CA US","SOD  ","KSNA ","V020","999,9,9,9999,9","99999,9,9,9","999999,9,9,9","+9999,9","+9999,9","99999,9","24,0000,9,6",,,,,,,,,,,,,,,,,"0000,5","000,5","240,M,+0244,5","240,N,+0189,5",,,,,,,"10115,9,99999,4",,,"1,24,00805,220,1425,5","2,24,00626,210,1230,5","3,24,00255,999,9999,5","SOD60524 HR PRECIPITATION (IN): 0.00 TOTAL SUNSHINE (MINUTES):   0 PERCENT POSSIBLE SUNSHINE:  0 24 HR MAX TEMP (F): 7624 HR MAX TEMP TIME (LST):1319 24 HR MIN TEMP (F): 6624 HR MIN TEMP TIME (LST):2359 AVERAGE STATION PRESSURE:29.87  PEAK WIND SPEED (MPH): 18 PEAK WIND DIR (DEG):220 PEAK WIND TIME (LST):1425  FASTEST 2MIN SPEED (MPH): 14FASTEST 2MIN DIR (DEG):210 FASTEST 2MIN TIME (LST):1230 AVERAGE WIND SPEED (MPH): 5.7 24 HR AVG TEMP (F):71 HOURLY INCREMENTAL PRECIPITATION VALUES (IN):.00  .00  .00  .00  .00  .00  .00  .00  .00  .00  .00  .00  .00  .00  .00  .00  .00  .00  .00  .00  .00  .00  .00  .00","R01  0.007AAP092"
"72297793184","2000-09-01T07:59:00","6","33.68","-117.86639","16.5","SANTA ANA JOHN WAYNE AIRPORT, CA US","SOM  ","KSNA ","V020","999,9,9,9999,9","99999,9,9,9","999999,9,9,9","+9999,9","+9999,9","99999,9",,"00000,2,5","00000,9,9999,9999,9999,5","00,5,00,5,99,9,00,5","005,0000,2,999999,5","010,0000,2,999999,5","015,0000,2,999999,5","020,0000,2,999999,5","030,0000,2,999999,5","045,0000,2,999999,5","060,0000,2,999999,5","080,0000,2,999999,5",,,,,,,,,,"744,N,+1911,5","744,M,+2706,5","744,A,+2311,5","744,H,0000,5","744,C,0272,6","00,5,00,5,00,5,00,5",,"10095,4,10132,4","10173,251003,5,10088,131827,5",,,,"SOM529PCP MTOT:  T DEPNRM: 0.00 PCP GT 24HRS: 0.00 DAYS W/PCP >=.01: 0 DAYS W/PCP >=.10: 0 DAYS W/PCP >=1.00:  MSDP AMTS W/DATE-TIME TAGS:MIN: 5/T MIN:10/T MIN:15/T MIN:20/T MIN:30/T MIN:45/T MIN:60/T MIN:80/T SN GT DP ON GRND:0 - DATE(S):0  AVG DLY MIN: 66.4 AVG DLY MAX: 80.7 AVG MLY TMP: 73.6 DAYS MAX <=32:  DAYS MAX >=70: 0 DAYS MAX >=90: 0 DAYS MIN <=32: 0 DAYS MIN  <=0: 0 AVG STP:29.81  AVG SLP:29.92  LWST SLP:29.79 DATE/TIME:131827 HGST SLP:30.04 DATE/TIME:251003 HDD MTH TOT:   0 DEP NORM:   0 CDD MTH TOT: 272 DEP NORM: 272","R01   0 -7AKS007R02   2727KDC058"
"72297793184","2000-09-02T07:59:00","6","33.68","-117.86639","16.5","SANTA ANA JOHN WAYNE AIRPORT, CA US","SOD  ","KSNA ","V020","999,9,9,9999,9","99999,9,9,9","999999,9,9,9","+9999,9","+9999,9","99999,9","24,0000,9,5",,,,,,,,,,,,,,,,,,,"240,M,+0244,5","240,N,+0178,6",,,,,,,"10125,9,99999,4",,,"1,24,00805,230,1357,5","2,24,00715,220,1317,5","3,24,00232,999,9999,5","SOD54524 HR PRECIPITATION (IN): 0.00 24 HR MAX TEMP (F): 7624 HR MAX TEMP TIME (LST):1230 24 HR MIN TEMP (F): 6424 HR MIN TEMP TIME (LST):0356 AVERAGE STATION PRESSURE:29.90  PEAK WIND SPEED (MPH): 18 PEAK WIND DIR (DEG):230 PEAK WIND TIME (LST):1357  FASTEST 2MIN SPEED (MPH): 16FASTEST 2MIN DIR (DEG):220 FASTEST 2MIN TIME (LST):1317 AVERAGE WIND SPEED (MPH): 5.2 24 HR AVG TEMP (F):70 HOURLY INCREMENTAL PRECIPITATION VALUES (IN):.00  .00  .00  .00  .00  .00  .00  .00  .00  .00  .00  .00  .00  .00  .00  .00  .00  .00  .00  .00  .00  .00  .00  .00","R01    647KAN014"
"72297793184","2000-09-03T07:59:00","6","33.68","-117.86639","16.5","SANTA ANA JOHN WAYNE AIRPORT, CA US","SOD  ","KSNA ","V020","999,9,9,9999,9","99999,9,9,9","999999,9,9,9","+9999,9","+9999,9","99999,9","24,0000,2,5",,,,,,,,,,,,,,,,,,,"240,M,+0250,5","240,N,+0178,5",,,,,,,"10122,9,99999,4",,,"1,24,00760,230,1526,5","2,24,00581,250,1643,5","3,24,00224,999,9999,5","SOD54524 HR PRECIPITATION (IN):  T   24 HR MAX TEMP (F): 7724 HR MAX TEMP TIME (LST):1329 24 HR MIN TEMP (F): 6424 HR MIN TEMP TIME (LST):2357 AVERAGE STATION PRESSURE:29.89  PEAK WIND SPEED (MPH): 17 PEAK WIND DIR (DEG):230 PEAK WIND TIME (LST):1526  FASTEST 2MIN SPEED (MPH): 13FASTEST 2MIN DIR (DEG):250 FASTEST 2MIN TIME (LST):1643 AVERAGE WIND SPEED (MPH): 5.0 24 HR AVG TEMP (F):71 HOURLY INCREMENTAL PRECIPITATION VALUES (IN):.00  .00   T    T   .00  .00  .00  .00  .00  .00  .00  .00  .00  .00  .00  .00  .00  .00  .00  .00  .00  .00  .00  .00",
"72297793184","2000-09-04T07:59:00","6","33.68","-117.86639","16.5","SANTA ANA JOHN WAYNE AIRPORT, CA US","SOD  ","KSNA ","V020","999,9,9,9999,9","99999,9,9,9","999999,9,9,9","+9999,9","+9999,9","99999,9","24,0000,9,6",,,,,,,,,,,,,,,,,,,"240,M,+0256,5","240,N,+0161,5",,,,,,,"10108,9,99999,4",,,"1,24,00715,210,1316,5","2,24,00581,220,1544,5","3,24,00165,999,9999,5","SOD54524 HR PRECIPITATION (IN): 0.00 24 HR MAX TEMP (F): 7824 HR MAX TEMP TIME (LST):1238 24 HR MIN TEMP (F): 6124 HR MIN TEMP TIME (LST):0547 AVERAGE STATION PRESSURE:29.85  PEAK WIND SPEED (MPH): 16 PEAK WIND DIR (DEG):210 PEAK WIND TIME (LST):1316  FASTEST 2MIN SPEED (MPH): 13FASTEST 2MIN DIR (DEG):220 FASTEST 2MIN TIME (LST):1544 AVERAGE WIND SPEED (MPH): 3.7 24 HR AVG TEMP (F):70 HOURLY INCREMENTAL PRECIPITATION VALUES (IN):.00  .00  .00  .00  .00  .00  .00  .00  .00  .00  .00  .00  .00  .00  .00  .00  .00  .00  .00  .00  .00  .00  .00  .00","R01  0.007AAP092"
"72297793184","2000-09-05T07:59:00","6","33.68","-117.86639","16.5","SANTA ANA JOHN WAYNE AIRPORT, CA US","SOD  ","KSNA ","V020","999,9,9,9999,9","99999,9,9,9","999999,9,9,9","+9999,9","+9999,9","99999,9","24,0000,9,6",,,,,,,,,,,,,,,,,"0000,5","000,5","240,M,+0261,5","240,N,+0161,5",,,,,,,"10095,9,99999,4",,,"1,24,00671,220,1503,5","2,24,00581,210,1528,5","3,24,00188,999,9999,5","SOD60524 HR PRECIPITATION (IN): 0.00 TOTAL SUNSHINE (MINUTES):   0 PERCENT POSSIBLE SUNSHINE:  0 24 HR MAX TEMP (F): 7924 HR MAX TEMP TIME (LST):1251 24 HR MIN TEMP (F): 6124 HR MIN TEMP TIME (LST):0548 AVERAGE STATION PRESSURE:29.81  PEAK WIND SPEED (MPH): 15 PEAK WIND DIR (DEG):220 PEAK WIND TIME (LST):1503  FASTEST 2MIN SPEED (MPH): 13FASTEST 2MIN DIR (DEG):210 FASTEST 2MIN TIME (LST):1528 AVERAGE WIND SPEED (MPH): 4.2 24 HR AVG TEMP (F):70 HOURLY INCREMENTAL PRECIPITATION VALUES (IN):.00  .00  .00  .00  .00  .00  .00  .00  .00  .00  .00  .00  .00  .00  .00  .00  .00  .00  .00  .00  .00  .00  .00  .00","R01  0.007AAP092"
"72297793184","2000-09-06T07:59:00","6","33.68","-117.86639","16.5","SANTA ANA JOHN WAYNE AIRPORT, CA US","SOD  ","KSNA ","V020","999,9,9,9999,9","99999,9,9,9","999999,9,9,9","+9999,9","+9999,9","99999,9","24,0000,9,6",,,,,,,,,,,,,,,,,"0000,5","000,5","240,M,+0278,5","240,N,+0156,5",,,,,,,"10098,9,99999,4",,,"1,24,00626,210,1630,5","2,24,00536,220,1631,5","3,24,00210,999,9999,5","SOD60524 HR PRECIPITATION (IN): 0.00 TOTAL SUNSHINE (MINUTES):   0 PERCENT POSSIBLE SUNSHINE:  0 24 HR MAX TEMP (F): 8224 HR MAX TEMP TIME (LST):1407 24 HR MIN TEMP (F): 6024 HR MIN TEMP TIME (LST):0545 AVERAGE STATION PRESSURE:29.82  PEAK WIND SPEED (MPH): 14 PEAK WIND DIR (DEG):210 PEAK WIND TIME (LST):1630  FASTEST 2MIN SPEED (MPH): 12FASTEST 2MIN DIR (DEG):220 FASTEST 2MIN TIME (LST):1631 AVERAGE WIND SPEED (MPH): 4.7 24 HR AVG TEMP (F):71 HOURLY INCREMENTAL PRECIPITATION VALUES (IN):.00  .00  .00  .00  .00  .00  .00  .00  .00  .00  .00  .00  .00  .00  .00  .00  .00  .00  .00  .00  .00  .00  .00  .00","R01  0.007AAP092"
"72297793184","2000-09-07T07:59:00","6","33.68","-117.86639","16.5","SANTA ANA JOHN WAYNE AIRPORT, CA US","SOD  ","KSNA ","V020","999,9,9,9999,9","99999,9,9,9","999999,9,9,9","+9999,9","+9999,9","99999,9","24,0000,9,6",,,,,,,,,,,,,,,,,,,"240,M,+0294,5","240,N,+0161,5",,,,,,,"10085,9,99999,4",,,"1,24,00626,220,1525,5","2,24,00536,220,1528,5","3,24,00183,999,9999,5","SOD54524 HR PRECIPITATION (IN): 0.00 24 HR MAX TEMP (F): 8524 HR MAX TEMP TIME (LST):1457 24 HR MIN TEMP (F): 6124 HR MIN TEMP TIME (LST):0554 AVERAGE STATION PRESSURE:29.78  PEAK WIND SPEED (MPH): 14 PEAK WIND DIR (DEG):220 PEAK WIND TIME (LST):1525  FASTEST 2MIN SPEED (MPH): 12FASTEST 2MIN DIR (DEG):220 FASTEST 2MIN TIME (LST):1528 AVERAGE WIND SPEED (MPH): 4.1 24 HR AVG TEMP (F):73 HOURLY INCREMENTAL PRECIPITATION VALUES (IN):.00  .00  .00  .00  .00  .00  .00  .00  .00  .00  .00  .00  .00  .00  .00  .00  .00  .00  .00  .00  .00  .00  .00  .00","R01  0.007AAP092"
"72297793184","2000-09-08T07:59:00","6","33.68","-117.86639","16.5","SANTA ANA JOHN WAYNE AIRPORT, CA US","SOD  ","KSNA ","V020","999,9,9,9999,9","99999,9,9,9","999999,9,9,9","+9999,9","+9999,9","99999,9","24,0000,9,6",,,,,,,,,,,,,,,,,,,"240,M,+0294,5","240,N,+0167,5",,,,,,,"10064,9,99999,4",,,"1,24,00671,240,1222,5","2,24,00581,240,1222,5","3,24,00152,999,9999,5","SOD54524 HR PRECIPITATION (IN): 0.00 24 HR MAX TEMP (F): 8524 HR MAX TEMP TIME (LST):1130 24 HR MIN TEMP (F): 6224 HR MIN TEMP TIME (LST):0547 AVERAGE STATION PRESSURE:29.72  PEAK WIND SPEED (MPH): 15 PEAK WIND DIR (DEG):240 PEAK WIND TIME (LST):1222  FASTEST 2MIN SPEED (MPH): 13FASTEST 2MIN DIR (DEG):240 FASTEST 2MIN TIME (LST):1222 AVERAGE WIND SPEED (MPH): 3.4 24 HR AVG TEMP (F):74 HOURLY INCREMENTAL PRECIPITATION VALUES (IN):.00  .00  .00  .00  .00  .00  .00  .00  .00  .00  .00  .00  .00  .00  .00  .00  .00  .00  .00  .00  .00  .00  .00  .00","R01  0.007AAP092"
"72297793184","2000-09-09T07:59:00","6","33.68","-117.86639","16.5","SANTA ANA JOHN WAYNE AIRPORT, CA US","SOD  ","KSNA ","V020","999,9,9,9999,9","99999,9,9,9","999999,9,9,9","+9999,9","+9999,9","99999,9","24,0000,9,6",,,,,,,,,,,,,,,,,,,"240,M,+0250,5","240,N,+0161,5",,,,,,,"10051,9,99999,4",,,"1,24,00671,260,1045,5","2,24,00536,210,1630,5","3,24,00192,999,9999,5","SOD54524 HR PRECIPITATION (IN): 0.00 24 HR MAX TEMP (F): 7724 HR MAX TEMP TIME (LST):1405 24 HR MIN TEMP (F): 6124 HR MIN TEMP TIME (LST):2346 AVERAGE STATION PRESSURE:29.68  PEAK WIND SPEED (MPH): 15 PEAK WIND DIR (DEG):260 PEAK WIND TIME (LST):1045  FASTEST 2MIN SPEED (MPH): 12FASTEST 2MIN DIR (DEG):210 FASTEST 2MIN TIME (LST):1630 AVERAGE WIND SPEED (MPH): 4.3 24 HR AVG TEMP (F):69 HOURLY INCREMENTAL PRECIPITATION VALUES (IN):.00  .00  .00  .00  .00  .00  .00  .00  .00  .00  .00  .00  .00  .00  .00  .00  .00  .00  .00  .00  .00  .00  .00  .00","R01  0.007AAP092"
"72297793184","2000-09-10T07:59:00","6","33.68","-117.86639","16.5","SANTA ANA JOHN WAYNE AIRPORT, CA US","SOD  ","KSNA ","V020","999,9,9,9999,9","99999,9,9,9","999999,9,9,9","+9999,9","+9999,9","99999,9","24,0000,9,6",,,,,,,,,,,,,,,,,,,"240,M,+0256,5","240,N,+0150,5",,,,,,,"10061,9,99999,4",,,"1,24,00760,190,1246,5","2,24,00626,200,1239,5","3,24,00219,999,9999,5","SOD54524 HR PRECIPITATION (IN): 0.00 24 HR MAX TEMP (F): 7824 HR MAX TEMP TIME (LST):1332 24 HR MIN TEMP (F): 5924 HR MIN TEMP TIME (LST):0652 AVERAGE STATION PRESSURE:29.71  PEAK WIND SPEED (MPH): 17 PEAK WIND DIR (DEG):190 PEAK WIND TIME (LST):1246  FASTEST 2MIN SPEED (MPH): 14FASTEST 2MIN DIR (DEG):200 FASTEST 2MIN TIME (LST):1239 AVERAGE WIND SPEED (MPH): 4.9 24 HR AVG TEMP (F):69 HOURLY INCREMENTAL PRECIPITATION VALUES (IN):.00  .00  .00  .00  .00  .00  .00  .00  .00  .00  .00  .00  .00  .00  .00  .00  .00  .00  .00  .00  .00  .00  .00  .00","R01  0.007AAP092"
"72297793184","2000-09-11T07:59:00","6","33.68","-117.86639","16.5","SANTA ANA JOHN WAYNE AIRPORT, CA US","SOD  ","KSNA ","V020","999,9,9,9999,9","99999,9,9,9","999999,9,9,9","+9999,9","+9999,9","99999,9","24,0000,9,6",,,,,,,,,,,,,,,,,,,"240,M,+0261,5","240,N,+0161,5",,,,,,,"10091,9,99999,4",,,"1,24,00760,190,1614,5","2,24,00626,200,1615,5","3,24,00188,999,9999,5","SOD54524 HR PRECIPITATION (IN): 0.00 24 HR MAX TEMP (F): 7924 HR MAX TEMP TIME (LST):1357 24 HR MIN TEMP (F): 6124 HR MIN TEMP TIME (LST):0645 AVERAGE STATION PRESSURE:29.80  PEAK WIND SPEED (MPH): 17 PEAK WIND DIR (DEG):190 PEAK WIND TIME (LST):1614  FASTEST 2MIN SPEED (MPH): 14FASTEST 2MIN DIR (DEG):200 FASTEST 2MIN TIME (LST):1615 AVERAGE WIND SPEED (MPH): 4.2 24 HR AVG TEMP (F):70 HOURLY INCREMENTAL PRECIPITATION VALUES (IN):.00  .00  .00  .00  .00  .00  .00  .00  .00  .00  .00  .00  .00  .00  .00  .00  .00  .00  .00  .00  .00  .00  .00  .00","R01  0.007AAP092"
"72297793184","2000-09-12T07:59:00","6","33.68","-117.86639","16.5","SANTA ANA JOHN WAYNE AIRPORT, CA US","SOD  ","KSNA ","V020","999,9,9,9999,9","99999,9,9,9","999999,9,9,9","+9999,9","+9999,9","99999,9","24,0000,9,6",,,,,,,,,,,,,,,,,,,"240,M,+0328,5","240,N,+0150,5",,,,,,,"10091,9,99999,4",,,"1,24,00671,220,1526,5","2,24,00581,220,1527,5","3,24,00125,999,9999,5","SOD54524 HR PRECIPITATION (IN): 0.00 24 HR MAX TEMP (F): 9124 HR MAX TEMP TIME (LST):1431 24 HR MIN TEMP (F): 5924 HR MIN TEMP TIME (LST):0559 AVERAGE STATION PRESSURE:29.80  PEAK WIND SPEED (MPH): 15 PEAK WIND DIR (DEG):220 PEAK WIND TIME (LST):1526  FASTEST 2MIN SPEED (MPH): 13FASTEST 2MIN DIR (DEG):220 FASTEST 2MIN TIME (LST):1527 AVERAGE WIND SPEED (MPH): 2.8 24 HR AVG TEMP (F):75 HOURLY INCREMENTAL PRECIPITATION VALUES (IN):.00  .00  .00  .00  .00  .00  .00  .00  .00  .00  .00  .00  .00  .00  .00  .00  .00  .00  .00  .00  .00  .00  .00  .00","R01  0.007AAP092"
"72297793184","2000-09-13T07:59:00","6","33.68","-117.86639","16.5","SANTA ANA JOHN WAYNE AIRPORT, CA US","SOD  ","KSNA ","V020","999,9,9,9999,9","99999,9,9,9","999999,9,9,9","+9999,9","+9999,9","99999,9","24,0000,9,6",,,,,,,,,,,,,,,,,,,"240,M,+0317,5","240,N,+0183,5",,,,,,,"10075,9,99999,4",,,"1,24,00715,210,1556,5","2,24,00671,210,1552,5","3,24,00206,999,9999,5","SOD54524 HR PRECIPITATION (IN): 0.00 24 HR MAX TEMP (F): 8924 HR MAX TEMP TIME (LST):1305 24 HR MIN TEMP (F): 6524 HR MIN TEMP TIME (LST):0542 AVERAGE STATION PRESSURE:29.75  PEAK WIND SPEED (MPH): 16 PEAK WIND DIR (DEG):210 PEAK WIND TIME (LST):1556  FASTEST 2MIN SPEED (MPH): 15FASTEST 2MIN DIR (DEG):210 FASTEST 2MIN TIME (LST):1552 AVERAGE WIND SPEED (MPH): 4.6 24 HR AVG TEMP (F):77 HOURLY INCREMENTAL PRECIPITATION VALUES (IN):.00  .00  .00  .00  .00  .00  .00  .00  .00  .00  .00  .00  .00  .00  .00  .00  .00  .00  .00  .00  .00  .00  .00  .00","R01  0.007AAP092"
"72297793184","2000-09-14T07:59:00","6","33.68","-117.86639","16.5","SANTA ANA JOHN WAYNE AIRPORT, CA US","SOD  ","KSNA ","V020","999,9,9,9999,9","99999,9,9,9","999999,9,9,9","+9999,9","+9999,9","99999,9","24,0000,9,6",,,,,,,,,,,,,,,,,,,"240,M,+0311,5","240,N,+0200,5",,,,,,,"10071,9,99999,4",,,"1,24,00939,210,1342,5","2,24,00894,220,1327,5","3,24,00317,999,9999,5","SOD54524 HR PRECIPITATION (IN): 0.00 24 HR MAX TEMP (F): 8824 HR MAX TEMP TIME (LST):1328 24 HR MIN TEMP (F): 6824 HR MIN TEMP TIME (LST):0504 AVERAGE STATION PRESSURE:29.74  PEAK WIND SPEED (MPH): 21 PEAK WIND DIR (DEG):210 PEAK WIND TIME (LST):1342  FASTEST 2MIN SPEED (MPH): 20FASTEST 2MIN DIR (DEG):220 FASTEST 2MIN TIME (LST):1327 AVERAGE WIND SPEED (MPH): 7.1 24 HR AVG TEMP (F):78 HOURLY INCREMENTAL PRECIPITATION VALUES (IN):.00  .00  .00  .00  .00  .00  .00  .00  .00  .00  .00  .00  .00  .00  .00  .00  .00  .00  .00  .00  .00  .00  .00  .00","R01  0.007AAP092"
"72297793184","2000-09-15T07:59:00","6","33.68","-117.86639","16.5","SANTA ANA JOHN WAYNE AIRPORT, CA US","SOD  ","KSNA ","V020","999,9,9,9999,9","99999,9,9,9","999999,9,9,9","+9999,9","+9999,9","99999,9","24,0000,9,6",,,,,,,,,,,,,,,,,,,"240,M,+0278,5","240,N,+0194,5",,,,,,,"10098,9,99999,4",,,"1,24,00671,240,1339,5","2,24,00536,230,1449,5","3,24,00192,999,9999,5","SOD54524 HR PRECIPITATION (IN): 0.00 24 HR MAX TEMP (F): 8224 HR MAX TEMP TIME (LST):1340 24 HR MIN TEMP (F): 6724 HR MIN TEMP TIME (LST):2206 AVERAGE STATION PRESSURE:29.82  PEAK WIND SPEED (MPH): 15 PEAK WIND DIR (DEG):240 PEAK WIND TIME (LST):1339  FASTEST 2MIN SPEED (MPH): 12FASTEST 2MIN DIR (DEG):230 FASTEST 2MIN TIME (LST):1449 AVERAGE WIND SPEED (MPH): 4.3 24 HR AVG TEMP (F):75 HOURLY INCREMENTAL PRECIPITATION VALUES (IN):.00  .00  .00  .00  .00  .00  .00  .00  .00  .00  .00  .00  .00  .00  .00  .00  .00  .00  .00  .00  .00  .00  .00  .00","R01  0.007AAP092"
"72297793184","2000-09-16T07:59:00","6","33.68","-117.86639","16.5","SANTA ANA JOHN WAYNE AIRPORT, CA US","SOD  ","KSNA ","V020","999,9,9,9999,9","99999,9,9,9","999999,9,9,9","+9999,9","+9999,9","99999,9","24,0000,9,6",,,,,,,,,,,,,,,,,,,"240,M,+0283,5","240,N,+0183,5",,,,,,,"10078,9,99999,4",,,"1,24,00581,230,1436,5","2,24,00447,230,1437,5","3,24,00219,999,9999,5","SOD54524 HR PRECIPITATION (IN): 0.00 24 HR MAX TEMP (F): 8324 HR MAX TEMP TIME (LST):1638 24 HR MIN TEMP (F): 6524 HR MIN TEMP TIME (LST):0644 AVERAGE STATION PRESSURE:29.76  PEAK WIND SPEED (MPH): 13 PEAK WIND DIR (DEG):230 PEAK WIND TIME (LST):1436  FASTEST 2MIN SPEED (MPH): 10FASTEST 2MIN DIR (DEG):230 FASTEST 2MIN TIME (LST):1437 AVERAGE WIND SPEED (MPH): 4.9 24 HR AVG TEMP (F):74 HOURLY INCREMENTAL PRECIPITATION VALUES (IN):.00  .00  .00  .00  .00  .00  .00  .00  .00  .00  .00  .00  .00  .00  .00  .00  .00  .00  .00  .00  .00  .00  .00  .00","R01  0.007AAP092"
"72297793184","2000-09-17T07:59:00","6","33.68","-117.86639","16.5","SANTA ANA JOHN WAYNE AIRPORT, CA US","SOD  ","KSNA ","V020","999,9,9,9999,9","99999,9,9,9","999999,9,9,9","+9999,9","+9999,9","99999,9","24,0000,9,6",,,,,,,,,,,,,,,,,,,"240,M,+0322,5","240,N,+0189,5",,,,,,,"10051,9,99999,4",,,"1,24,00626,200,1143,5","2,24,00536,210,2024,5","3,24,00192,999,9999,5","SOD54524 HR PRECIPITATION (IN): 0.00 24 HR MAX TEMP (F): 9024 HR MAX TEMP TIME (LST):1519 24 HR MIN TEMP (F): 6624 HR MIN TEMP TIME (LST):0554 AVERAGE STATION PRESSURE:29.68  PEAK WIND SPEED (MPH): 14 PEAK WIND DIR (DEG):200 PEAK WIND TIME (LST):1143  FASTEST 2MIN SPEED (MPH): 12FASTEST 2MIN DIR (DEG):210 FASTEST 2MIN TIME (LST):2024 AVERAGE WIND SPEED (MPH): 4.3 24 HR AVG TEMP (F):78 HOURLY INCREMENTAL PRECIPITATION VALUES (IN):.00  .00  .00  .00  .00  .00  .00  .00  .00  .00  .00  .00  .00  .00  .00  .00  .00  .00  .00  .00  .00  .00  .00  .00","R01  0.007AAP092"
"72297793184","2000-09-18T07:59:00","6","33.68","-117.86639","16.5","SANTA ANA JOHN WAYNE AIRPORT, CA US","SOD  ","KSNA ","V020","999,9,9,9999,9","99999,9,9,9","999999,9,9,9","+9999,9","+9999,9","99999,9","24,0000,9,6",,,,,,,,,,,,,,,,,,,"240,M,+0317,5","240,N,+0194,5",,,,,,,"10061,9,99999,4",,,"1,24,00805,210,1622,5","2,24,00760,210,1557,5","3,24,00232,999,9999,5","SOD52324 HR PRECIPITATION (IN): 0.00 24 HR MAX TEMP (F): 8924 HR MAX TEMP TIME (LST):1343 24 HR MIN TEMP (F): 6724 HR MIN TEMP TIME (LST):0546 AVERAGE STATION PRESSURE:29.71  PEAK WIND SPEED (MPH): 18 PEAK WIND DIR (DEG):210 PEAK WIND TIME (LST):1622  FASTEST 2MIN SPEED (MPH): 17FASTEST 2MIN DIR (DEG):210 FASTEST 2MIN TIME (LST):1557 AVERAGE WIND SPEED (MPH): 5.2 HOURLY INCREMENTAL PRECIPITATION VALUES (IN):.00  .00  .00  .00  .00  .00  .00  .00  .00  .00  .00  .00  .00  .00  .00  .00  .00  .00  .00  .00  .00  .00  .00  .00","R01  0.007AAP092"
"72297793184","2000-09-19T07:59:00","6","33.68","-117.86639","16.5","SANTA ANA JOHN WAYNE AIRPORT, CA US","SOD  ","KSNA ","V020","999,9,9,9999,9","99999,9,9,9","999999,9,9,9","+9999,9","+9999,9","99999,9","24,0000,9,6",,,,,,,,,,,,,,,,,,,"240,M,+0272,5","240,N,+0189,5",,,,,,,"10078,9,99999,4",,,"1,24,00760,200,1155,5","2,24,00626,190,1157,5","3,24,00232,999,9999,5","SOD54524 HR PRECIPITATION (IN): 0.00 24 HR MAX TEMP (F): 8124 HR MAX TEMP TIME (LST):1024 24 HR MIN TEMP (F): 6624 HR MIN TEMP TIME (LST):2259 AVERAGE STATION PRESSURE:29.76  PEAK WIND SPEED (MPH): 17 PEAK WIND DIR (DEG):200 PEAK WIND TIME (LST):1155  FASTEST 2MIN SPEED (MPH): 14FASTEST 2MIN DIR (DEG):190 FASTEST 2MIN TIME (LST):1157 AVERAGE WIND SPEED (MPH): 5.2 24 HR AVG TEMP (F):74 HOURLY INCREMENTAL PRECIPITATION VALUES (IN):.00  .00  .00  .00  .00  .00  .00  .00  .00  .00  .00  .00  .00  .00  .00  .00  .00  .00  .00  .00  .00  .00  .00  .00","R01  0.007AAP092"
"72297793184","2000-09-20T07:59:00","6","33.68","-117.86639","16.5","SANTA ANA JOHN WAYNE AIRPORT, CA US","SOD  ","KSNA ","V020","999,9,9,9999,9","99999,9,9,9","999999,9,9,9","+9999,9","+9999,9","99999,9","24,0000,9,6",,,,,,,,,,,,,,,,,,,"240,M,+0261,5","240,N,+0183,5",,,,,,,"10047,9,99999,4",,,"1,24,00626,230,1502,5","2,24,00536,220,1306,5","3,24,00246,999,9999,5","SOD54524 HR PRECIPITATION (IN): 0.00 24 HR MAX TEMP (F): 7924 HR MAX TEMP TIME (LST):1228 24 HR MIN TEMP (F): 6524 HR MIN TEMP TIME (LST):2117 AVERAGE STATION PRESSURE:29.67  PEAK WIND SPEED (MPH): 14 PEAK WIND DIR (DEG):230 PEAK WIND TIME (LST):1502  FASTEST 2MIN SPEED (MPH): 12FASTEST 2MIN DIR (DEG):220 FASTEST 2MIN TIME (LST):1306 AVERAGE WIND SPEED (MPH): 5.5 24 HR AVG TEMP (F):72 HOURLY INCREMENTAL PRECIPITATION VALUES (IN):.00  .00  .00  .00  .00  .00  .00  .00  .00  .00  .00  .00  .00  .00  .00  .00  .00  .00  .00  .00  .00  .00  .00  .00","R01  0.007AAP092"
"72297793184","2000-09-21T07:59:00","6","33.68","-117.86639","16.5","SANTA ANA JOHN WAYNE AIRPORT, CA US","SOD  ","KSNA ","V020","999,9,9,9999,9","99999,9,9,9","999999,9,9,9","+9999,9","+9999,9","99999,9","24,0000,9,6",,,,,,,,,,,,,,,,,"0000,5","000,5","240,M,+0244,5","240,N,+0194,5",,,,,,,"10044,9,99999,4",,,"1,24,00894,220,1250,5","2,24,00715,210,1505,5","3,24,00380,999,9999,5","SOD60524 HR PRECIPITATION (IN): 0.00 TOTAL SUNSHINE (MINUTES):   0 PERCENT POSSIBLE SUNSHINE:  0 24 HR MAX TEMP (F): 7624 HR MAX TEMP TIME (LST):1130 24 HR MIN TEMP (F): 6724 HR MIN TEMP TIME (LST):2359 AVERAGE STATION PRESSURE:29.66  PEAK WIND SPEED (MPH): 20 PEAK WIND DIR (DEG):220 PEAK WIND TIME (LST):1250  FASTEST 2MIN SPEED (MPH): 16FASTEST 2MIN DIR (DEG):210 FASTEST 2MIN TIME (LST):1505 AVERAGE WIND SPEED (MPH): 8.5 24 HR AVG TEMP (F):72 HOURLY INCREMENTAL PRECIPITATION VALUES (IN):.00  .00  .00  .00  .00  .00  .00  .00  .00  .00  .00  .00  .00  .00  .00  .00  .00  .00  .00  .00  .00  .00  .00  .00","R01  0.007AAP092"
"72297793184","2000-09-22T07:59:00","6","33.68","-117.86639","16.5","SANTA ANA JOHN WAYNE AIRPORT, CA US","SOD  ","KSNA ","V020","999,9,9,9999,9","99999,9,9,9","999999,9,9,9","+9999,9","+9999,9","99999,9","24,0000,2,5",,,,,,,,,,,,,,,,,"0000,5","000,5","240,M,+0222,5","240,N,+0194,5",,,,,,,"10037,9,99999,4",,,"1,24,00805,190,1517,5","2,24,00626,190,1349,5","3,24,00282,999,9999,5","SOD60524 HR PRECIPITATION (IN):  T   TOTAL SUNSHINE (MINUTES):   0 PERCENT POSSIBLE SUNSHINE:  0 24 HR MAX TEMP (F): 7224 HR MAX TEMP TIME (LST):1309 24 HR MIN TEMP (F): 6724 HR MIN TEMP TIME (LST):2359 AVERAGE STATION PRESSURE:29.64  PEAK WIND SPEED (MPH): 18 PEAK WIND DIR (DEG):190 PEAK WIND TIME (LST):1517  FASTEST 2MIN SPEED (MPH): 14FASTEST 2MIN DIR (DEG):190 FASTEST 2MIN TIME (LST):1349 AVERAGE WIND SPEED (MPH): 6.3 24 HR AVG TEMP (F):70 HOURLY INCREMENTAL PRECIPITATION VALUES (IN):.00  .00  .00  .00  .00  .00  .00  .00   T   .00  .00  .00  .00  .00  .00  .00  .00  .00  .00  .00  .00  .00  .00  .00",
"72297793184","2000-09-23T07:59:00","6","33.68","-117.86639","16.5","SANTA ANA JOHN WAYNE AIRPORT, CA US","SOD  ","KSNA ","V020","999,9,9,9999,9","99999,9,9,9","999999,9,9,9","+9999,9","+9999,9","99999,9","24,0015,9,5",,,,,,,,,,,,,,,,,"0000,5","000,5","240,M,+0233,5","240,N,+0172,5",,,,,,,"10051,9,99999,4",,,"1,24,00939,190,1551,5","2,24,00805,190,1552,5","3,24,00371,999,9999,5","SOD60524 HR PRECIPITATION (IN): 0.06 TOTAL SUNSHINE (MINUTES):   0 PERCENT POSSIBLE SUNSHINE:  0 24 HR MAX TEMP (F): 7424 HR MAX TEMP TIME (LST):1306 24 HR MIN TEMP (F): 6324 HR MIN TEMP TIME (LST):2207 AVERAGE STATION PRESSURE:29.68  PEAK WIND SPEED (MPH): 21 PEAK WIND DIR (DEG):190 PEAK WIND TIME (LST):1551  FASTEST 2MIN SPEED (MPH): 18FASTEST 2MIN DIR (DEG):190 FASTEST 2MIN TIME (LST):1552 AVERAGE WIND SPEED (MPH): 8.3 24 HR AVG TEMP (F):69 HOURLY INCREMENTAL PRECIPITATION VALUES (IN):.00   T   .00  .00   T   .00  .00  .00  .00  .00  .00  .00  .00  .00  .00  .00   T   .00   T   .00  .06   T   .00  .00",
"72297793184","2000-09-24T07:59:00","6","33.68","-117.86639","16.5","SANTA ANA JOHN WAYNE AIRPORT, CA US","SOD  ","KSNA ","V020","999,9,9,9999,9","99999,9,9,9","999999,9,9,9","+9999,9","+9999,9","99999,9","24,0000,9,6",,,,,,,,,,,,,,,,,"0000,5","000,5","240,M,+0239,5","240,N,+0178,5",,,,,,,"10098,9,99999,4",,,"1,24,00894,190,1207,5","2,24,00671,200,1159,5","3,24,00228,999,9999,5","SOD60524 HR PRECIPITATION (IN): 0.00 TOTAL SUNSHINE (MINUTES):   0 PERCENT POSSIBLE SUNSHINE:  0 24 HR MAX TEMP (F): 7524 HR MAX TEMP TIME (LST):1340 24 HR MIN TEMP (F): 6424 HR MIN TEMP TIME (LST):2359 AVERAGE STATION PRESSURE:29.82  PEAK WIND SPEED (MPH): 20 PEAK WIND DIR (DEG):190 PEAK WIND TIME (LST):1207  FASTEST 2MIN SPEED (MPH): 15FASTEST 2MIN DIR (DEG):200 FASTEST 2MIN TIME (LST):1159 AVERAGE WIND SPEED (MPH): 5.1 24 HR AVG TEMP (F):70 HOURLY INCREMENTAL PRECIPITATION VALUES (IN):.00  .00  .00  .00  .00  .00  .00  .00  .00  .00  .00  .00  .00  .00  .00  .00  .00  .00  .00  .00  .00  .00  .00  .00","R01  0.007AAP092"
"72297793184","2000-09-25T07:59:00","6","33.68","-117.86639","16.5","SANTA ANA JOHN WAYNE AIRPORT, CA US","SOD  ","KSNA ","V020","999,9,9,9999,9","99999,9,9,9","999999,9,9,9","+9999,9","+9999,9","99999,9","24,0000,9,6",,,,,,,,,,,,,,,,,,,"240,M,+0261,5","240,N,+0150,5",,,,,,,"10125,9,99999,4",,,"1,24,00671,230,1519,5","2,24,00581,220,1433,5","3,24,00152,999,9999,5","SOD54524 HR PRECIPITATION (IN): 0.00 24 HR MAX TEMP (F): 7924 HR MAX TEMP TIME (LST):1204 24 HR MIN TEMP (F): 5924 HR MIN TEMP TIME (LST):0602 AVERAGE STATION PRESSURE:29.90  PEAK WIND SPEED (MPH): 15 PEAK WIND DIR (DEG):230 PEAK WIND TIME (LST):1519  FASTEST 2MIN SPEED (MPH): 13FASTEST 2MIN DIR (DEG):220 FASTEST 2MIN TIME (LST):1433 AVERAGE WIND SPEED (MPH): 3.4 24 HR AVG TEMP (F):69 HOURLY INCREMENTAL PRECIPITATION VALUES (IN):.00  .00  .00  .00  .00  .00  .00  .00  .00  .00  .00  .00  .00  .00  .00  .00  .00  .00  .00  .00  .00  .00  .00  .00","R01  0.007AAP092"
"72297793184","2000-09-26T07:59:00","6","33.68","-117.86639","16.5","SANTA ANA JOHN WAYNE AIRPORT, CA US","SOD  ","KSNA ","V020","999,9,9,9999,9","99999,9,9,9","999999,9,9,9","+9999,9","+9999,9","99999,9","24,0000,9,6",,,,,,,,,,,,,,,,,,,"240,M,+0289,5","240,N,+0167,5",,,,,,,"10102,9,99999,4",,,"1,24,00805,360,0948,5","2,24,00536,230,1428,5","3,24,00170,999,9999,5","SOD54524 HR PRECIPITATION (IN): 0.00 24 HR MAX TEMP (F): 8424 HR MAX TEMP TIME (LST):1135 24 HR MIN TEMP (F): 6224 HR MIN TEMP TIME (LST):0602 AVERAGE STATION PRESSURE:29.83  PEAK WIND SPEED (MPH): 18 PEAK WIND DIR (DEG):360 PEAK WIND TIME (LST):0948  FASTEST 2MIN SPEED (MPH): 12FASTEST 2MIN DIR (DEG):230 FASTEST 2MIN TIME (LST):1428 AVERAGE WIND SPEED (MPH): 3.8 24 HR AVG TEMP (F):73 HOURLY INCREMENTAL PRECIPITATION VALUES (IN):.00  .00  .00  .00  .00  .00  .00  .00  .00  .00  .00  .00  .00  .00  .00  .00  .00  .00  .00  .00  .00  .00  .00  .00","R01  0.007AAP092"
"72297793184","2000-09-27T07:59:00","6","33.68","-117.86639","16.5","SANTA ANA JOHN WAYNE AIRPORT, CA US","SOD  ","KSNA ","V020","999,9,9,9999,9","99999,9,9,9","999999,9,9,9","+9999,9","+9999,9","99999,9","24,0000,9,6",,,,,,,,,,,,,,,,,,,"240,M,+0250,5","240,N,+0183,5",,,,,,,"10102,9,99999,4",,,"1,24,00760,210,1407,5","2,24,00671,200,1537,5","3,24,00264,999,9999,5","SOD54524 HR PRECIPITATION (IN): 0.00 24 HR MAX TEMP (F): 7724 HR MAX TEMP TIME (LST):1424 24 HR MIN TEMP (F): 6524 HR MIN TEMP TIME (LST):2359 AVERAGE STATION PRESSURE:29.83  PEAK WIND SPEED (MPH): 17 PEAK WIND DIR (DEG):210 PEAK WIND TIME (LST):1407  FASTEST 2MIN SPEED (MPH): 15FASTEST 2MIN DIR (DEG):200 FASTEST 2MIN TIME (LST):1537 AVERAGE WIND SPEED (MPH): 5.9 24 HR AVG TEMP (F):71 HOURLY INCREMENTAL PRECIPITATION VALUES (IN):.00  .00  .00  .00  .00  .00  .00  .00  .00  .00  .00  .00  .00  .00  .00  .00  .00  .00  .00  .00  .00  .00  .00  .00","R01  0.007AAP092"
"72297793184","2000-09-28T07:59:00","6","33.68","-117.86639","16.5","SANTA ANA JOHN WAYNE AIRPORT, CA US","SOD  ","KSNA ","V020","999,9,9,9999,9","99999,9,9,9","999999,9,9,9","+9999,9","+9999,9","99999,9","24,0000,9,6",,,,,,,,,,,,,,,,,"0000,5","000,5","240,M,+0228,5","240,N,+0183,5",,,,,,,"10132,9,99999,4",,,"1,24,00626,180,1628,5","2,24,00447,210,1741,5","3,24,00232,999,9999,5","SOD60524 HR PRECIPITATION (IN): 0.00 TOTAL SUNSHINE (MINUTES):   0 PERCENT POSSIBLE SUNSHINE:  0 24 HR MAX TEMP (F): 7324 HR MAX TEMP TIME (LST):1455 24 HR MIN TEMP (F): 6524 HR MIN TEMP TIME (LST):0019 AVERAGE STATION PRESSURE:29.92  PEAK WIND SPEED (MPH): 14 PEAK WIND DIR (DEG):180 PEAK WIND TIME (LST):1628  FASTEST 2MIN SPEED (MPH): 10FASTEST 2MIN DIR (DEG):210 FASTEST 2MIN TIME (LST):1741 AVERAGE WIND SPEED (MPH): 5.2 24 HR AVG TEMP (F):69 HOURLY INCREMENTAL PRECIPITATION VALUES (IN):.00  .00  .00  .00  .00  .00  .00  .00  .00  .00  .00  .00  .00  .00  .00  .00  .00  .00  .00  .00  .00  .00  .00  .00","R01  0.007AAP092"
"72297793184","2000-09-29T07:59:00","6","33.68","-117.86639","16.5","SANTA ANA JOHN WAYNE AIRPORT, CA US","SOD  ","KSNA ","V020","999,9,9,9999,9","99999,9,9,9","999999,9,9,9","+9999,9","+9999,9","99999,9","24,0000,9,6",,,,,,,,,,,,,,,,,"0000,5","000,5","240,M,+0239,5","240,N,+0183,5",,,,,,,"10112,9,99999,4",,,"1,24,00671,290,1600,5","2,24,00536,230,1358,5","3,24,00183,999,9999,5","SOD60524 HR PRECIPITATION (IN): 0.00 TOTAL SUNSHINE (MINUTES):   0 PERCENT POSSIBLE SUNSHINE:  0 24 HR MAX TEMP (F): 7524 HR MAX TEMP TIME (LST):1351 24 HR MIN TEMP (F): 6524 HR MIN TEMP TIME (LST):2151 AVERAGE STATION PRESSURE:29.86  PEAK WIND SPEED (MPH): 15 PEAK WIND DIR (DEG):290 PEAK WIND TIME (LST):1600  FASTEST 2MIN SPEED (MPH): 12FASTEST 2MIN DIR (DEG):230 FASTEST 2MIN TIME (LST):1358 AVERAGE WIND SPEED (MPH): 4.1 24 HR AVG TEMP (F):70 HOURLY INCREMENTAL PRECIPITATION VALUES (IN):.00  .00  .00  .00  .00  .00  .00  .00  .00  .00  .00  .00  .00  .00  .00  .00  .00  .00  .00  .00  .00  .00  .00  .00","R01  0.007AAP092"
"72297793184","2000-09-30T07:59:00","6","33.68","-117.86639","16.5","SANTA ANA JOHN WAYNE AIRPORT, CA US","SOD  ","KSNA ","V020","999,9,9,9999,9","99999,9,9,9","999999,9,9,9","+9999,9","+9999,9","99999,9","24,0000,9,6",,,,,,,,,,,,,,,,,"0000,5","000,5","240,M,+0239,5","240,N,+0178,5",,,,,,,"10078,9,99999,4",,,"1,24,00760,230,1527,5","2,24,00626,190,1304,5","3,24,00206,999,9999,5","SOD60524 HR PRECIPITATION (IN): 0.00 TOTAL SUNSHINE (MINUTES):   0 PERCENT POSSIBLE SUNSHINE:  0 24 HR MAX TEMP (F): 7524 HR MAX TEMP TIME (LST):1402 24 HR MIN TEMP (F): 6424 HR MIN TEMP TIME (LST):2359 AVERAGE STATION PRESSURE:29.76  PEAK WIND SPEED (MPH): 17 PEAK WIND DIR (DEG):230 PEAK WIND TIME (LST):1527  FASTEST 2MIN SPEED (MPH): 14FASTEST 2MIN DIR (DEG):190 FASTEST 2MIN TIME (LST):1304 AVERAGE WIND SPEED (MPH): 4.6 24 HR AVG TEMP (F):70 HOURLY INCREMENTAL PRECIPITATION VALUES (IN):.00  .00  .00  .00  .00  .00  .00  .00  .00  .00  .00  .00  .00  .00  .00  .00  .00  .00  .00  .00  .00  .00  .00  .00","R01  0.007AAP092"
"72297793184","2000-10-01T07:59:00","6","33.68","-117.86639","16.5","SANTA ANA JOHN WAYNE AIRPORT, CA US","SOD  ","KSNA ","V020","999,9,9,9999,9","99999,9,9,9","999999,9,9,9","+9999,9","+9999,9","99999,9","24,0000,9,6",,,,,,,,,,,,,,,,,"0000,5","000,5","240,M,+0233,5","240,N,+0172,5",,,,,,,"10068,9,99999,4",,,"1,24,00671,210,1421,5","2,24,00581,220,1351,5","3,24,00197,999,9999,5","SOD58324 HR PRECIPITATION (IN): 0.00 TOTAL SUNSHINE (MINUTES):   0 PERCENT POSSIBLE SUNSHINE:  0 24 HR MAX TEMP (F): 7424 HR MAX TEMP TIME (LST):1350 24 HR MIN TEMP (F): 6324 HR MIN TEMP TIME (LST):0211 AVERAGE STATION PRESSURE:29.73  PEAK WIND SPEED (MPH): 15 PEAK WIND DIR (DEG):210 PEAK WIND TIME (LST):1421  FASTEST 2MIN SPEED (MPH): 13FASTEST 2MIN DIR (DEG):220 FASTEST 2MIN TIME (LST):1351 AVERAGE WIND SPEED (MPH): 4.4 HOURLY INCREMENTAL PRECIPITATION VALUES (IN):.00  .00  .00  .00  .00  .00  .00  .00  .00  .00  .00  .00  .00  .00  .00  .00  .00  .00  .00  .00  .00  .00  .00  .00","R01  0.007AAP092"
"72297793184","2000-10-01T07:59:00","6","33.68","-117.86639","16.5","SANTA ANA JOHN WAYNE AIRPORT, CA US","SOM  ","KSNA ","V020","999,9,9,9999,9","99999,9,9,9","999999,9,9,9","+9999,9","+9999,9","99999,9",,"00015,9,6","00015,9,2222,9999,9999,6","01,6,00,5,99,9,01,6","005,0005,9,222041,5","010,0010,9,222037,5","015,0013,9,222041,5","020,0015,9,222046,5","030,0015,9,222046,5","045,0015,9,222046,5","060,0015,9,222046,5","080,0015,9,222046,5","100,0015,9,222046,5","120,0015,9,222046,5","150,0015,9,222046,5","180,0015,9,222046,5",,,,,,"720,N,+1750,5","720,M,+2672,5","720,A,+2211,5","720,H,0000,5","720,C,0210,6","00,5,02,6,00,5,00,5",,"10085,4,10119,4","10186,270937,5,10058,191758,5",,,,"SOM725PCP MTOT: 0.06 DEPNRM: -.29 PCP GT 24HRS: 0.06 DATE(S):22 DAYS W/PCP >=.01: 1 DAYS W/PCP >=.10: 0 DAYS W/PCP >=1.00:  MSDP AMTS W/DATE-TIME TAGS:MIN:5  .02  22/2041 MIN:10  .04  22/2037 MIN:15  .05  22/2041 MIN:20  .06  22/2046 MIN:30  .06  22/2046 MIN:45  .06  22/2046 MIN:60  .06  22/2046 MIN:80  .06  22/2046 MIN:100  .06  22/2046 MIN:120  .06  22/2046 MIN:150  .06  22/2046 MIN:180  .06  22/2046 SN GT DP ON GRND:0 - DATE(S):0  AVG DLY MIN: 63.5 AVG DLY MAX: 80.1 AVG MLY TMP: 71.8 DAYS MAX <=32:  DAYS MAX >=70: 2 DAYS MAX >=90: 2 DAYS MIN <=32: 0 DAYS MIN  <=0: 0 AVG STP:29.78  AVG SLP:29.88  LWST SLP:29.70 DATE/TIME:191758 HGST SLP:30.08 DATE/TIME:270937 HDD MTH TOT:   0 DEP NORM:   0 CDD MTH TOT: 210 DEP NORM:-231","R01  0.067ABP070R02  0.067ADP081R03     17AE1100R04     17AE4109R05   0 -7AKS007R06   2107KDC058R07     27KE2035"
"72297793184","2000-10-02T07:59:00","6","33.68","-117.86639","16.5","SANTA ANA JOHN WAYNE AIRPORT, CA US","SOD  ","KSNA ","V020","999,9,9,9999,9","99999,9,9,9","999999,9,9,9","+9999,9","+9999,9","99999,9","24,0000,9,5",,,,,,,,,,,,,,,,,,,"240,M,+0239,5","240,N,+0167,6",,,,,,,"10088,9,99999,4",,,"1,24,00671,230,1416,5","2,24,00447,230,1348,5","3,24,00130,999,9999,5","SOD54524 HR PRECIPITATION (IN): 0.00 24 HR MAX TEMP (F): 7524 HR MAX TEMP TIME (LST):1212 24 HR MIN TEMP (F): 6224 HR MIN TEMP TIME (LST):0315 AVERAGE STATION PRESSURE:29.79  PEAK WIND SPEED (MPH): 15 PEAK WIND DIR (DEG):230 PEAK WIND TIME (LST):1416  FASTEST 2MIN SPEED (MPH): 10FASTEST 2MIN DIR (DEG):230 FASTEST 2MIN TIME (LST):1348 AVERAGE WIND SPEED (MPH): 2.9 24 HR AVG TEMP (F):69 HOURLY INCREMENTAL PRECIPITATION VALUES (IN):.00  .00  .00  .00  .00  .00  .00  .00  .00  .00  .00  .00  .00  .00  .00  .00  .00  .00  .00  .00  .00  .00  .00  .00","R01    627KAN014"
"72297793184","2000-10-03T07:59:00","6","33.68","-117.86639","16.5","SANTA ANA JOHN WAYNE AIRPORT, CA US","SOD  ","KSNA ","V020","999,9,9,9999,9","99999,9,9,9","999999,9,9,9","+9999,9","+9999,9","99999,9","24,0000,9,5",,,,,,,,,,,,,,,,,,,"240,M,+0250,5","240,N,+0178,5",,,,,,,"10098,9,99999,4",,,"1,24,00626,210,1425,5","2,24,00536,240,1418,5","3,24,00183,999,9999,5","SOD52324 HR PRECIPITATION (IN): 0.00 24 HR MAX TEMP (F): 7724 HR MAX TEMP TIME (LST):1314 24 HR MIN TEMP (F): 6424 HR MIN TEMP TIME (LST):2235 AVERAGE STATION PRESSURE:29.82  PEAK WIND SPEED (MPH): 14 PEAK WIND DIR (DEG):210 PEAK WIND TIME (LST):1425  FASTEST 2MIN SPEED (MPH): 12FASTEST 2MIN DIR (DEG):240 FASTEST 2MIN TIME (LST):1418 AVERAGE WIND SPEED (MPH): 4.1 HOURLY INCREMENTAL PRECIPITATION VALUES (IN):.00  .00  .00  .00  .00  .00  .00  .00  .00  .00  .00  .00  .00  .00  .00  .00  .00  .00  .00  .00  .00  .00  .00  .00",
"72297793184","2000-10-04T07:59:00","6","33.68","-117.86639","16.5","SANTA ANA JOHN WAYNE AIRPORT, CA US","SOD  ","KSNA ","V020","999,9,9,9999,9","99999,9,9,9","999999,9,9,9","+9999,9","+9999,9","99999,9","24,0000,9,5",,,,,,,,,,,,,,,,,"0000,5","000,5","240,M,+0239,5","240,N,+0183,5",,,,,,,"10091,9,99999,4",,,"1,24,00715,190,1318,5","2,24,00626,200,1306,5","3,24,00224,999,9999,5","SOD60524 HR PRECIPITATION (IN): 0.00 TOTAL SUNSHINE (MINUTES):   0 PERCENT POSSIBLE SUNSHINE:  0 24 HR MAX TEMP (F): 7524 HR MAX TEMP TIME (LST):1131 24 HR MIN TEMP (F): 6524 HR MIN TEMP TIME (LST):0723 AVERAGE STATION PRESSURE:29.80  PEAK WIND SPEED (MPH): 16 PEAK WIND DIR (DEG):190 PEAK WIND TIME (LST):1318  FASTEST 2MIN SPEED (MPH): 14FASTEST 2MIN DIR (DEG):200 FASTEST 2MIN TIME (LST):1306 AVERAGE WIND SPEED (MPH): 5.0 24 HR AVG TEMP (F):70 HOURLY INCREMENTAL PRECIPITATION VALUES (IN):.00  .00  .00  .00  .00  .00  .00  .00  .00  .00  .00  .00  .00  .00  .00  .00  .00  .00  .00  .00  .00  .00  .00  .00",
"72297793184","2000-10-05T07:59:00","6","33.68","-117.86639","16.5","SANTA ANA JOHN WAYNE AIRPORT, CA US","SOD  ","KSNA ","V020","999,9,9,9999,9","99999,9,9,9","999999,9,9,9","+9999,9","+9999,9","99999,9","24,0000,2,5",,,,,,,,,,,,,,,,,"0000,5","000,5","240,M,+0211,5","240,N,+0178,5",,,,,,,"10091,9,99999,4",,,"1,24,00536,220,1550,5","2,24,00447,210,1444,5","3,24,00103,999,9999,5","SOD60524 HR PRECIPITATION (IN):  T   TOTAL SUNSHINE (MINUTES):   0 PERCENT POSSIBLE SUNSHINE:  0 24 HR MAX TEMP (F): 7024 HR MAX TEMP TIME (LST):1444 24 HR MIN TEMP (F): 6424 HR MIN TEMP TIME (LST):0812 AVERAGE STATION PRESSURE:29.80  PEAK WIND SPEED (MPH): 12 PEAK WIND DIR (DEG):220 PEAK WIND TIME (LST):1550  FASTEST 2MIN SPEED (MPH): 10FASTEST 2MIN DIR (DEG):210 FASTEST 2MIN TIME (LST):1444 AVERAGE WIND SPEED (MPH): 2.3 24 HR AVG TEMP (F):67 HOURLY INCREMENTAL PRECIPITATION VALUES (IN):.00  .00  .00  .00  .00  .00  .00   T    T   .00  .00  .00  .00  .00  .00  .00  .00  .00  .00  .00  .00  .00  .00  .00",
"72297793184","2000-10-06T07:59:00","6","33.68","-117.86639","16.5","SANTA ANA JOHN WAYNE AIRPORT, CA US","SOD  ","KSNA ","V020","999,9,9,9999,9","99999,9,9,9","999999,9,9,9","+9999,9","+9999,9","99999,9","24,0000,9,6",,,,,,,,,,,,,,,,,"0000,5","000,5","240,M,+0228,5","240,N,+0189,5",,,,,,,"10085,9,99999,4",,,"1,24,00715,210,1325,5","2,24,00581,250,1408,5","3,24,00215,999,9999,5","SOD60524 HR PRECIPITATION (IN): 0.00 TOTAL SUNSHINE (MINUTES):   0 PERCENT POSSIBLE SUNSHINE:  0 24 HR MAX TEMP (F): 7324 HR MAX TEMP TIME (LST):1432 24 HR MIN TEMP (F): 6624 HR MIN TEMP TIME (LST):2359 AVERAGE STATION PRESSURE:29.78  PEAK WIND SPEED (MPH): 16 PEAK WIND DIR (DEG):210 PEAK WIND TIME (LST):1325  FASTEST 2MIN SPEED (MPH): 13FASTEST 2MIN DIR (DEG):250 FASTEST 2MIN TIME (LST):1408 AVERAGE WIND SPEED (MPH): 4.8 24 HR AVG TEMP (F):70 HOURLY INCREMENTAL PRECIPITATION VALUES (IN):.00  .00  .00  .00  .00  .00  .00  .00  .00  .00  .00  .00  .00  .00  .00  .00  .00  .00  .00  .00  .00  .00  .00  .00","R01  0.007AAP092"
"72297793184","2000-10-07T07:59:00","6","33.68","-117.86639","16.5","SANTA ANA JOHN WAYNE AIRPORT, CA US","SOD  ","KSNA ","V020","999,9,9,9999,9","99999,9,9,9","999999,9,9,9","+9999,9","+9999,9","99999,9","24,0000,2,5",,,,,,,,,,,,,,,,,"0000,5","000,5","240,M,+0222,5","240,N,+0183,5",,,,,,,"10091,9,99999,4",,,"1,24,00447,260,1338,5","2,24,00358,250,1448,5","3,24,00188,999,9999,5","SOD60524 HR PRECIPITATION (IN):  T   TOTAL SUNSHINE (MINUTES):   0 PERCENT POSSIBLE SUNSHINE:  0 24 HR MAX TEMP (F): 7224 HR MAX TEMP TIME (LST):0618 24 HR MIN TEMP (F): 6524 HR MIN TEMP TIME (LST):0603 AVERAGE STATION PRESSURE:29.80  PEAK WIND SPEED (MPH): 10 PEAK WIND DIR (DEG):260 PEAK WIND TIME (LST):1338  FASTEST 2MIN SPEED (MPH):  8FASTEST 2MIN DIR (DEG):250 FASTEST 2MIN TIME (LST):1448 AVERAGE WIND SPEED (MPH): 4.2 24 HR AVG TEMP (F):69 HOURLY INCREMENTAL PRECIPITATION VALUES (IN):.00  .00  .00  .00  .00  .00  .00  .00  .00  .00  .00   T    T   .00  .00  .00  .00  .00  .00  .00  .00  .00  .00  .00",
"72297793184","2000-10-08T07:59:00","6","33.68","-117.86639","16.5","SANTA ANA JOHN WAYNE AIRPORT, CA US","SOD  ","KSNA ","V020","999,9,9,9999,9","99999,9,9,9","999999,9,9,9","+9999,9","+9999,9","99999,9","24,0000,2,5",,,,,,,,,,,,,,,,,"0000,5","000,5","240,M,+0222,5","240,N,+0172,5",,,,,,,"10098,9,99999,4",,,"1,24,00626,240,1434,5","2,24,00447,250,1524,5","3,24,00197,999,9999,5","SOD60524 HR PRECIPITATION (IN):  T   TOTAL SUNSHINE (MINUTES):   0 PERCENT POSSIBLE SUNSHINE:  0 24 HR MAX TEMP (F): 7224 HR MAX TEMP TIME (LST):1347 24 HR MIN TEMP (F): 6324 HR MIN TEMP TIME (LST):2359 AVERAGE STATION PRESSURE:29.82  PEAK WIND SPEED (MPH): 14 PEAK WIND DIR (DEG):240 PEAK WIND TIME (LST):1434  FASTEST 2MIN SPEED (MPH): 10FASTEST 2MIN DIR (DEG):250 FASTEST 2MIN TIME (LST):1524 AVERAGE WIND SPEED (MPH): 4.4 24 HR AVG TEMP (F):68 HOURLY INCREMENTAL PRECIPITATION VALUES (IN):.00  .00  .00  .00  .00  .00  .00  .00  .00  .00   T   .00  .00  .00  .00  .00  .00  .00  .00  .00  .00  .00  .00  .00",
"72297793184","2000-10-09T07:59:00","6","33.68","-117.86639","16.5","SANTA ANA JOHN WAYNE AIRPORT, CA US","SOD  ","KSNA ","V020","999,9,9,9999,9","99999,9,9,9","999999,9,9,9","+9999,9","+9999,9","99999,9","24,0000,9,6",,,,,,,,,,,,,,,,,"0000,5","000,5","240,M,+0228,5","240,N,+0167,5",,,,,,,"10102,9,99999,4",,,"1,24,00626,210,1457,5","2,24,00536,220,1458,5","3,24,00152,999,9999,5","SOD60524 HR PRECIPITATION (IN): 0.00 TOTAL SUNSHINE (MINUTES):   0 PERCENT POSSIBLE SUNSHINE:  0 24 HR MAX TEMP (F): 7324 HR MAX TEMP TIME (LST):1429 24 HR MIN TEMP (F): 6224 HR MIN TEMP TIME (LST):2359 AVERAGE STATION PRESSURE:29.83  PEAK WIND SPEED (MPH): 14 PEAK WIND DIR (DEG):210 PEAK WIND TIME (LST):1457  FASTEST 2MIN SPEED (MPH): 12FASTEST 2MIN DIR (DEG):220 FASTEST 2MIN TIME (LST):1458 AVERAGE WIND SPEED (MPH): 3.4 24 HR AVG TEMP (F):68 HOURLY INCREMENTAL PRECIPITATION VALUES (IN):.00  .00  .00  .00  .00  .00  .00  .00  .00  .00  .00  .00  .00  .00  .00  .00  .00  .00  .00  .00  .00  .00  .00  .00","R01  0.007AAP092"
"72297793184","2000-10-10T07:59:00","6","33.68","-117.86639","16.5","SANTA ANA JOHN WAYNE AIRPORT, CA US","SOD  ","KSNA ","V020","999,9,9,9999,9","99999,9,9,9","999999,9,9,9","+9999,9","+9999,9","99999,9","24,0000,9,6",,,,,,,,,,,,,,,,,"0000,5","000,5","240,M,+0233,5","240,N,+0167,5",,,,,,,"10102,9,99999,4",,,"1,24,00760,200,1410,5","2,24,00581,220,1500,5","3,24,00174,999,9999,5","SOD60524 HR PRECIPITATION (IN): 0.00 TOTAL SUNSHINE (MINUTES):   0 PERCENT POSSIBLE SUNSHINE:  0 24 HR MAX TEMP (F): 7424 HR MAX TEMP TIME (LST):1413 24 HR MIN TEMP (F): 6224 HR MIN TEMP TIME (LST):0042 AVERAGE STATION PRESSURE:29.83  PEAK WIND SPEED (MPH): 17 PEAK WIND DIR (DEG):200 PEAK WIND TIME (LST):1410  FASTEST 2MIN SPEED (MPH): 13FASTEST 2MIN DIR (DEG):220 FASTEST 2MIN TIME (LST):1500 AVERAGE WIND SPEED (MPH): 3.9 24 HR AVG TEMP (F):68 HOURLY INCREMENTAL PRECIPITATION VALUES (IN):.00  .00  .00  .00  .00  .00  .00  .00  .00  .00  .00  .00  .00  .00  .00  .00  .00  .00  .00  .00  .00  .00  .00  .00","R01  0.007AAP092"
"72297793184","2000-10-11T07:59:00","6","33.68","-117.86639","16.5","SANTA ANA JOHN WAYNE AIRPORT, CA US","SOD  ","KSNA ","V020","999,9,9,9999,9","99999,9,9,9","999999,9,9,9","+9999,9","+9999,9","99999,9","24,0000,2,5",,,,,,,,,,,,,,,,,,,"240,M,+0200,5","240,N,+0144,5",,,,,,,"10091,9,99999,4",,,"1,24,00983,240,1502,5","2,24,00715,240,1520,5","3,24,00295,999,9999,5","SOD54524 HR PRECIPITATION (IN):  T   24 HR MAX TEMP (F): 6824 HR MAX TEMP TIME (LST):1309 24 HR MIN TEMP (F): 5824 HR MIN TEMP TIME (LST):2340 AVERAGE STATION PRESSURE:29.80  PEAK WIND SPEED (MPH): 22 PEAK WIND DIR (DEG):240 PEAK WIND TIME (LST):1502  FASTEST 2MIN SPEED (MPH): 16FASTEST 2MIN DIR (DEG):240 FASTEST 2MIN TIME (LST):1520 AVERAGE WIND SPEED (MPH): 6.6 24 HR AVG TEMP (F):63 HOURLY INCREMENTAL PRECIPITATION VALUES (IN):.00  .00  .00   T   .00  .00  .00  .00  .00  .00  .00  .00   T   .00  .00  .00  .00  .00  .00   T   .00   T   .00  .00",
"72297793184","2000-10-12T07:59:00","6","33.68","-117.86639","16.5","SANTA ANA JOHN WAYNE AIRPORT, CA US","SOD  ","KSNA ","V020","999,9,9,9999,9","99999,9,9,9","999999,9,9,9","+9999,9","+9999,9","99999,9","24,0013,9,5",,,,,,,,,,,,,,,,,,,"240,M,+0200,5","240,N,+0128,5",,,,,,,"10119,9,99999,4",,,"1,24,00894,220,1226,5","2,24,00626,220,1507,5","3,24,00219,999,9999,5","SOD54424 HR PRECIPITATION (IN): 0.05 24 HR MAX TEMP (F): 6824 HR MAX TEMP TIME (LST):1304 24 HR MIN TEMP (F): 5524 HR MIN TEMP TIME (LST):0307 AVERAGE STATION PRESSURE:29.88  PEAK WIND SPEED (MPH): 20 PEAK WIND DIR (DEG):220 PEAK WIND TIME (LST):1226  FASTEST 2MIN SPEED (MPH): 14FASTEST 2MIN DIR (DEG):220 FASTEST 2MIN TIME (LST):1507 AVERAGE WIND SPEED (MPH): 4.9 24 HR AVG TEMP (F):62 HOURLY INCREMENTAL PRECIPITATION VALUES (IN): T   .00  .00  .00  .01  .03   T   .01   T   .00  .00  .00  .00  .00  .00  .00  .00  .00  .00  .00  .00  .00   T    T",
"72297793184","2000-10-13T07:59:00","6","33.68","-117.86639","16.5","SANTA ANA JOHN WAYNE AIRPORT, CA US","SOD  ","KSNA ","V020","999,9,9,9999,9","99999,9,9,9","999999,9,9,9","+9999,9","+9999,9","99999,9","24,0000,2,5",,,,,,,,,,,,,,,,,,,"240,M,+0200,5","240,N,+0128,5",,,,,,,"10163,9,99999,4",,,"1,24,00805,230,1359,5","2,24,00626,250,1451,5","3,24,00165,999,9999,5","SOD54524 HR PRECIPITATION (IN):  T   24 HR MAX TEMP (F): 6824 HR MAX TEMP TIME (LST):1347 24 HR MIN TEMP (F): 5524 HR MIN TEMP TIME (LST):0514 AVERAGE STATION PRESSURE:30.01  PEAK WIND SPEED (MPH): 18 PEAK WIND DIR (DEG):230 PEAK WIND TIME (LST):1359  FASTEST 2MIN SPEED (MPH): 14FASTEST 2MIN DIR (DEG):250 FASTEST 2MIN TIME (LST):1451 AVERAGE WIND SPEED (MPH): 3.7 24 HR AVG TEMP (F):62 HOURLY INCREMENTAL PRECIPITATION VALUES (IN): T   .00  .00  .00  .00  .00  .00  .00  .00  .00  .00  .00  .00  .00  .00  .00  .00  .00  .00  .00  .00  .00  .00  .00",
"72297793184","2000-10-14T07:59:00","6","33.68","-117.86639","16.5","SANTA ANA JOHN WAYNE AIRPORT, CA US","SOD  ","KSNA ","V020","999,9,9,9999,9","99999,9,9,9","999999,9,9,9","+9999,9","+9999,9","99999,9","24,0000,9,6",,,,,,,,,,,,,,,,,,,"240,M,+0233,5","240,N,+0117,5",,,,,,,"10146,9,99999,4",,,"1,24,00760,250,1525,5","2,24,00671,270,1532,5","3,24,00152,999,9999,5","SOD54524 HR PRECIPITATION (IN): 0.00 24 HR MAX TEMP (F): 7424 HR MAX TEMP TIME (LST):1338 24 HR MIN TEMP (F): 5324 HR MIN TEMP TIME (LST):0603 AVERAGE STATION PRESSURE:29.96  PEAK WIND SPEED (MPH): 17 PEAK WIND DIR (DEG):250 PEAK WIND TIME (LST):1525  FASTEST 2MIN SPEED (MPH): 15FASTEST 2MIN DIR (DEG):270 FASTEST 2MIN TIME (LST):1532 AVERAGE WIND SPEED (MPH): 3.4 24 HR AVG TEMP (F):64 HOURLY INCREMENTAL PRECIPITATION VALUES (IN):.00  .00  .00  .00  .00  .00  .00  .00  .00  .00  .00  .00  .00  .00  .00  .00  .00  .00  .00  .00  .00  .00  .00  .00","R01  0.007AAP092"
"72297793184","2000-10-15T07:59:00","6","33.68","-117.86639","16.5","SANTA ANA JOHN WAYNE AIRPORT, CA US","SOD  ","KSNA ","V020","999,9,9,9999,9","99999,9,9,9","999999,9,9,9","+9999,9","+9999,9","99999,9","24,0000,9,6",,,,,,,,,,,,,,,,,,,"240,M,+0244,5","240,N,+0122,5",,,,,,,"10115,9,99999,4",,,"1,24,00671,230,1305,5","2,24,00447,200,1435,5","3,24,00139,999,9999,5","SOD54524 HR PRECIPITATION (IN): 0.00 24 HR MAX TEMP (F): 7624 HR MAX TEMP TIME (LST):1359 24 HR MIN TEMP (F): 5424 HR MIN TEMP TIME (LST):0538 AVERAGE STATION PRESSURE:29.87  PEAK WIND SPEED (MPH): 15 PEAK WIND DIR (DEG):230 PEAK WIND TIME (LST):1305  FASTEST 2MIN SPEED (MPH): 10FASTEST 2MIN DIR (DEG):200 FASTEST 2MIN TIME (LST):1435 AVERAGE WIND SPEED (MPH): 3.1 24 HR AVG TEMP (F):65 HOURLY INCREMENTAL PRECIPITATION VALUES (IN):.00  .00  .00  .00  .00  .00  .00  .00  .00  .00  .00  .00  .00  .00  .00  .00  .00  .00  .00  .00  .00  .00  .00  .00","R01  0.007AAP092"
"72297793184","2000-10-16T07:59:00","6","33.68","-117.86639","16.5","SANTA ANA JOHN WAYNE AIRPORT, CA US","SOD  ","KSNA ","V020","999,9,9,9999,9","99999,9,9,9","999999,9,9,9","+9999,9","+9999,9","99999,9","24,0000,9,6",,,,,,,,,,,,,,,,,,,"240,M,+0239,5","240,N,+0128,5",,,,,,,"10119,9,99999,4",,,"1,24,00671,210,1157,5","2,24,00581,210,1154,5","3,24,00183,999,9999,5","SOD54524 HR PRECIPITATION (IN): 0.00 24 HR MAX TEMP (F): 7524 HR MAX TEMP TIME (LST):1306 24 HR MIN TEMP (F): 5524 HR MIN TEMP TIME (LST):0633 AVERAGE STATION PRESSURE:29.88  PEAK WIND SPEED (MPH): 15 PEAK WIND DIR (DEG):210 PEAK WIND TIME (LST):1157  FASTEST 2MIN SPEED (MPH): 13FASTEST 2MIN DIR (DEG):210 FASTEST 2MIN TIME (LST):1154 AVERAGE WIND SPEED (MPH): 4.1 24 HR AVG TEMP (F):65 HOURLY INCREMENTAL PRECIPITATION VALUES (IN):.00  .00  .00  .00  .00  .00  .00  .00  .00  .00  .00  .00  .00  .00  .00  .00  .00  .00  .00  .00  .00  .00  .00  .00","R01  0.007AAP092"
"72297793184","2000-10-17T07:59:00","6","33.68","-117.86639","16.5","SANTA ANA JOHN WAYNE AIRPORT, CA US","SOD  ","KSNA ","V020","999,9,9,9999,9","99999,9,9,9","999999,9,9,9","+9999,9","+9999,9","99999,9","24,0000,9,6",,,,,,,,,,,,,,,,,"0000,5","000,5","240,M,+0228,5","240,N,+0144,5",,,,,,,"10122,9,99999,4",,,"1,24,00536,210,1420,5","2,24,00358,220,1732,5","3,24,00161,999,9999,5","SOD60524 HR PRECIPITATION (IN): 0.00 TOTAL SUNSHINE (MINUTES):   0 PERCENT POSSIBLE SUNSHINE:  0 24 HR MAX TEMP (F): 7324 HR MAX TEMP TIME (LST):1554 24 HR MIN TEMP (F): 5824 HR MIN TEMP TIME (LST):0744 AVERAGE STATION PRESSURE:29.89  PEAK WIND SPEED (MPH): 12 PEAK WIND DIR (DEG):210 PEAK WIND TIME (LST):1420  FASTEST 2MIN SPEED (MPH):  8FASTEST 2MIN DIR (DEG):220 FASTEST 2MIN TIME (LST):1732 AVERAGE WIND SPEED (MPH): 3.6 24 HR AVG TEMP (F):66 HOURLY INCREMENTAL PRECIPITATION VALUES (IN):.00  .00  .00  .00  .00  .00  .00  .00  .00  .00  .00  .00  .00  .00  .00  .00  .00  .00  .00  .00  .00  .00  .00  .00","R01  0.007AAP092"
"72297793184","2000-10-18T07:59:00","6","33.68","-117.86639","16.5","SANTA ANA JOHN WAYNE AIRPORT, CA US","SOD  ","KSNA ","V020","999,9,9,9999,9","99999,9,9,9","999999,9,9,9","+9999,9","+9999,9","99999,9","24,0000,9,6",,,,,,,,,,,,,,,,,,,"240,M,+0233,5","240,N,+0150,5",,,,,,,"10125,9,99999,4",,,"1,24,00939,210,1129,5","2,24,00760,220,1129,5","3,24,00264,999,9999,5","SOD54524 HR PRECIPITATION (IN): 0.00 24 HR MAX TEMP (F): 7424 HR MAX TEMP TIME (LST):1111 24 HR MIN TEMP (F): 5924 HR MIN TEMP TIME (LST):0648 AVERAGE STATION PRESSURE:29.90  PEAK WIND SPEED (MPH): 21 PEAK WIND DIR (DEG):210 PEAK WIND TIME (LST):1129  FASTEST 2MIN SPEED (MPH): 17FASTEST 2MIN DIR (DEG):220 FASTEST 2MIN TIME (LST):1129 AVERAGE WIND SPEED (MPH): 5.9 24 HR AVG TEMP (F):67 HOURLY INCREMENTAL PRECIPITATION VALUES (IN):.00  .00  .00  .00  .00  .00  .00  .00  .00  .00  .00  .00  .00  .00  .00  .00  .00  .00  .00  .00  .00  .00  .00  .00","R01  0.007AAP092"
"72297793184","2000-10-19T07:59:00","6","33.68","-117.86639","16.5","SANTA ANA JOHN WAYNE AIRPORT, CA US","SOD  ","KSNA ","V020","999,9,9,9999,9","99999,9,9,9","999999,9,9,9","+9999,9","+9999,9","99999,9","24,0000,9,6",,,,,,,,,,,,,,,,,,,"240,M,+0222,5","240,N,+0161,5",,,,,,,"10125,9,99999,4",,,"1,24,00805,210,1509,5","2,24,00760,210,1509,5","3,24,00143,999,9999,5","SOD54524 HR PRECIPITATION (IN): 0.00 24 HR MAX TEMP (F): 7224 HR MAX TEMP TIME (LST):1509 24 HR MIN TEMP (F): 6124 HR MIN TEMP TIME (LST):0306 AVERAGE STATION PRESSURE:29.90  PEAK WIND SPEED (MPH): 18 PEAK WIND DIR (DEG):210 PEAK WIND TIME (LST):1509  FASTEST 2MIN SPEED (MPH): 17FASTEST 2MIN DIR (DEG):210 FASTEST 2MIN TIME (LST):1509 AVERAGE WIND SPEED (MPH): 3.2 24 HR AVG TEMP (F):67 HOURLY INCREMENTAL PRECIPITATION VALUES (IN):.00  .00  .00  .00  .00  .00  .00  .00  .00  .00  .00  .00  .00  .00  .00  .00  .00  .00  .00  .00  .00  .00  .00  .00","R01  0.007AAP092"
"72297793184","2000-10-20T07:59:00","6","33.68","-117.86639","16.5","SANTA ANA JOHN WAYNE AIRPORT, CA US","SOD  ","KSNA ","V020","999,9,9,9999,9","99999,9,9,9","999999,9,9,9","+9999,9","+9999,9","99999,9","24,0000,9,6",,,,,,,,,,,,,,,,,"0000,5","000,5","240,M,+0228,5","240,N,+0167,5",,,,,,,"10112,9,99999,4",,,"1,24,00581,230,1348,5","2,24,00447,210,1407,5","3,24,00201,999,9999,5","SOD60524 HR PRECIPITATION (IN): 0.00 TOTAL SUNSHINE (MINUTES):   0 PERCENT POSSIBLE SUNSHINE:  0 24 HR MAX TEMP (F): 7324 HR MAX TEMP TIME (LST):1346 24 HR MIN TEMP (F): 6224 HR MIN TEMP TIME (LST):2359 AVERAGE STATION PRESSURE:29.86  PEAK WIND SPEED (MPH): 13 PEAK WIND DIR (DEG):230 PEAK WIND TIME (LST):1348  FASTEST 2MIN SPEED (MPH): 10FASTEST 2MIN DIR (DEG):210 FASTEST 2MIN TIME (LST):1407 AVERAGE WIND SPEED (MPH): 4.5 24 HR AVG TEMP (F):68 HOURLY INCREMENTAL PRECIPITATION VALUES (IN):.00  .00  .00  .00  .00  .00  .00  .00  .00  .00  .00  .00  .00  .00  .00  .00  .00  .00  .00  .00  .00  .00  .00  .00","R01  0.007AAP092"
"72297793184","2000-10-21T07:59:00","6","33.68","-117.86639","16.5","SANTA ANA JOHN WAYNE AIRPORT, CA US","SOD  ","KSNA ","V020","999,9,9,9999,9","99999,9,9,9","999999,9,9,9","+9999,9","+9999,9","99999,9","24,0000,9,6",,,,,,,,,,,,,,,,,"0000,5","000,5","240,M,+0206,5","240,N,+0161,5",,,,,,,"10098,9,99999,4",,,"1,24,00626,250,1303,5","2,24,00536,250,1303,5","3,24,00201,999,9999,5","SOD60524 HR PRECIPITATION (IN): 0.00 TOTAL SUNSHINE (MINUTES):   0 PERCENT POSSIBLE SUNSHINE:  0 24 HR MAX TEMP (F): 6924 HR MAX TEMP TIME (LST):1238 24 HR MIN TEMP (F): 6124 HR MIN TEMP TIME (LST):0429 AVERAGE STATION PRESSURE:29.82  PEAK WIND SPEED (MPH): 14 PEAK WIND DIR (DEG):250 PEAK WIND TIME (LST):1303  FASTEST 2MIN SPEED (MPH): 12FASTEST 2MIN DIR (DEG):250 FASTEST 2MIN TIME (LST):1303 AVERAGE WIND SPEED (MPH): 4.5 24 HR AVG TEMP (F):65 HOURLY INCREMENTAL PRECIPITATION VALUES (IN):.00  .00  .00  .00  .00  .00  .00  .00  .00  .00  .00  .00  .00  .00  .00  .00  .00  .00  .00  .00  .00  .00  .00  .00","R01  0.007AAP092"
"72297793184","2000-10-22T07:59:00","6","33.68","-117.86639","16.5","SANTA ANA JOHN WAYNE AIRPORT, CA US","SOD  ","KSNA ","V020","999,9,9,9999,9","99999,9,9,9","999999,9,9,9","+9999,9","+9999,9","99999,9","24,0000,9,6",,,,,,,,,,,,,,,,,"0000,5","000,5","240,M,+0233,5","240,N,+0172,5",,,,,,,"10044,9,99999,4",,,"1,24,01073,180,1343,5","2,24,00939,190,1322,5","3,24,00313,999,9999,5","SOD60524 HR PRECIPITATION (IN): 0.00 TOTAL SUNSHINE (MINUTES):   0 PERCENT POSSIBLE SUNSHINE:  0 24 HR MAX TEMP (F): 7424 HR MAX TEMP TIME (LST):1209 24 HR MIN TEMP (F): 6324 HR MIN TEMP TIME (LST):2359 AVERAGE STATION PRESSURE:29.66  PEAK WIND SPEED (MPH): 24 PEAK WIND DIR (DEG):180 PEAK WIND TIME (LST):1343  FASTEST 2MIN SPEED (MPH): 21FASTEST 2MIN DIR (DEG):190 FASTEST 2MIN TIME (LST):1322 AVERAGE WIND SPEED (MPH): 7.0 24 HR AVG TEMP (F):69 HOURLY INCREMENTAL PRECIPITATION VALUES (IN):.00  .00  .00  .00  .00  .00  .00  .00  .00  .00  .00  .00  .00  .00  .00  .00  .00  .00  .00  .00  .00  .00  .00  .00","R01  0.007AAP092"
"72297793184","2000-10-23T07:59:00","6","33.68","-117.86639","16.5","SANTA ANA JOHN WAYNE AIRPORT, CA US","SOD  ","KSNA ","V020","999,9,9,9999,9","99999,9,9,9","999999,9,9,9","+9999,9","+9999,9","99999,9","24,0000,9,6",,,,,,,,,,,,,,,,,"0000,5","000,5","240,M,+0244,5","240,N,+0139,5",,,,,,,"10030,9,99999,4",,,"1,24,00983,070,1851,5","2,24,00715,060,1733,5","3,24,00228,999,9999,5","SOD60524 HR PRECIPITATION (IN): 0.00 TOTAL SUNSHINE (MINUTES):   0 PERCENT POSSIBLE SUNSHINE:  0 24 HR MAX TEMP (F): 7624 HR MAX TEMP TIME (LST):2200 24 HR MIN TEMP (F): 5724 HR MIN TEMP TIME (LST):0645 AVERAGE STATION PRESSURE:29.62  PEAK WIND SPEED (MPH): 22 PEAK WIND DIR (DEG): 70 PEAK WIND TIME (LST):1851  FASTEST 2MIN SPEED (MPH): 16FASTEST 2MIN DIR (DEG): 60 FASTEST 2MIN TIME (LST):1733 AVERAGE WIND SPEED (MPH): 5.1 24 HR AVG TEMP (F):67 HOURLY INCREMENTAL PRECIPITATION VALUES (IN):.00  .00  .00  .00  .00  .00  .00  .00  .00  .00  .00  .00  .00  .00  .00  .00  .00  .00  .00  .00  .00  .00  .00  .00","R01  0.007AAP092"
"72297793184","2000-10-24T07:59:00","6","33.68","-117.86639","16.5","SANTA ANA JOHN WAYNE AIRPORT, CA US","SOD  ","KSNA ","V020","999,9,9,9999,9","99999,9,9,9","999999,9,9,9","+9999,9","+9999,9","99999,9","24,0000,9,6",,,,,,,,,,,,,,,,,"0000,5","000,5","240,M,+0250,5","240,N,+0156,5",,,,,,,"10102,9,99999,4",,,"1,24,00894,220,1359,5","2,24,00715,200,1438,5","3,24,00277,999,9999,5","SOD60524 HR PRECIPITATION (IN): 0.00 TOTAL SUNSHINE (MINUTES):   0 PERCENT POSSIBLE SUNSHINE:  0 24 HR MAX TEMP (F): 7724 HR MAX TEMP TIME (LST):1327 24 HR MIN TEMP (F): 6024 HR MIN TEMP TIME (LST):0531 AVERAGE STATION PRESSURE:29.83  PEAK WIND SPEED (MPH): 20 PEAK WIND DIR (DEG):220 PEAK WIND TIME (LST):1359  FASTEST 2MIN SPEED (MPH): 16FASTEST 2MIN DIR (DEG):200 FASTEST 2MIN TIME (LST):1438 AVERAGE WIND SPEED (MPH): 6.2 24 HR AVG TEMP (F):69 HOURLY INCREMENTAL PRECIPITATION VALUES (IN):.00  .00  .00  .00  .00  .00  .00  .00  .00  .00  .00  .00  .00  .00  .00  .00  .00  .00  .00  .00  .00  .00  .00  .00","R01  0.007AAP092"
"72297793184","2000-10-25T07:59:00","6","33.68","-117.86639","16.5","SANTA ANA JOHN WAYNE AIRPORT, CA US","SOD  ","KSNA ","V020","999,9,9,9999,9","99999,9,9,9","999999,9,9,9","+9999,9","+9999,9","99999,9","24,0000,9,6",,,,,,,,,,,,,,,,,"0000,5","000,5","240,M,+0228,5","240,N,+0161,5",,,,,,,"10166,9,99999,4",,,"1,24,00715,220,1330,5","2,24,00536,210,1158,5","3,24,00224,999,9999,5","SOD60524 HR PRECIPITATION (IN): 0.00 TOTAL SUNSHINE (MINUTES):   0 PERCENT POSSIBLE SUNSHINE:  0 24 HR MAX TEMP (F): 7324 HR MAX TEMP TIME (LST):1439 24 HR MIN TEMP (F): 6124 HR MIN TEMP TIME (LST):2359 AVERAGE STATION PRESSURE:30.02  PEAK WIND SPEED (MPH): 16 PEAK WIND DIR (DEG):220 PEAK WIND TIME (LST):1330  FASTEST 2MIN SPEED (MPH): 12FASTEST 2MIN DIR (DEG):210 FASTEST 2MIN TIME (LST):1158 AVERAGE WIND SPEED (MPH): 5.0 24 HR AVG TEMP (F):67 HOURLY INCREMENTAL PRECIPITATION VALUES (IN):.00  .00  .00  .00  .00  .00  .00  .00  .00  .00  .00  .00  .00  .00  .00  .00  .00  .00  .00  .00  .00  .00  .00  .00","R01  0.007AAP092"
"72297793184","2000-10-26T07:59:00","6","33.68","-117.86639","16.5","SANTA ANA JOHN WAYNE AIRPORT, CA US","SOD  ","KSNA ","V020","999,9,9,9999,9","99999,9,9,9","999999,9,9,9","+9999,9","+9999,9","99999,9","24,0000,9,6",,,,,,,,,,,,,,,,,"0000,5","000,5","240,M,+0233,5","240,N,+0139,5",,,,,,,"10135,9,99999,4",,,"1,24,00715,240,1457,5","2,24,00626,250,1444,5","3,24,00188,999,9999,5","SOD60524 HR PRECIPITATION (IN): 0.00 TOTAL SUNSHINE (MINUTES):   0 PERCENT POSSIBLE SUNSHINE:  0 24 HR MAX TEMP (F): 7424 HR MAX TEMP TIME (LST):1223 24 HR MIN TEMP (F): 5724 HR MIN TEMP TIME (LST):0423 AVERAGE STATION PRESSURE:29.93  PEAK WIND SPEED (MPH): 16 PEAK WIND DIR (DEG):240 PEAK WIND TIME (LST):1457  FASTEST 2MIN SPEED (MPH): 14FASTEST 2MIN DIR (DEG):250 FASTEST 2MIN TIME (LST):1444 AVERAGE WIND SPEED (MPH): 4.2 24 HR AVG TEMP (F):66 HOURLY INCREMENTAL PRECIPITATION VALUES (IN):.00  .00  .00  .00  .00  .00  .00  .00  .00  .00  .00  .00  .00  .00  .00  .00  .00  .00  .00  .00  .00  .00  .00  .00","R01  0.007AAP092"
"72297793184","2000-10-27T07:59:00","6","33.68","-117.86639","16.5","SANTA ANA JOHN WAYNE AIRPORT, CA US","SOD  ","KSNA ","V020","999,9,9,9999,9","99999,9,9,9","999999,9,9,9","+9999,9","+9999,9","99999,9","24,0020,9,5",,,,,,,,,,,,,,,,,"0000,5","000,5","240,M,+0206,5","240,N,+0144,5",,,,,,,"10085,9,99999,4",,,"1,24,00671,220,1235,5","2,24,00581,200,1434,5","3,24,00255,999,9999,5","SOD60524 HR PRECIPITATION (IN): 0.08 TOTAL SUNSHINE (MINUTES):   0 PERCENT POSSIBLE SUNSHINE:  0 24 HR MAX TEMP (F): 6924 HR MAX TEMP TIME (LST):1303 24 HR MIN TEMP (F): 5824 HR MIN TEMP TIME (LST):2359 AVERAGE STATION PRESSURE:29.78  PEAK WIND SPEED (MPH): 15 PEAK WIND DIR (DEG):220 PEAK WIND TIME (LST):1235  FASTEST 2MIN SPEED (MPH): 13FASTEST 2MIN DIR (DEG):200 FASTEST 2MIN TIME (LST):1434 AVERAGE WIND SPEED (MPH): 5.7 24 HR AVG TEMP (F):64 HOURLY INCREMENTAL PRECIPITATION VALUES (IN):.00  .00   T   .01  .00  .00  .00  .00   T   .00  .00  .00  .00  .00  .00  .00  .00  .00   T   .00   T   .02  .04  .01",
"72297793184","2000-10-28T07:59:00","6","33.68","-117.86639","16.5","SANTA ANA JOHN WAYNE AIRPORT, CA US","SOD  ","KSNA ","V020","999,9,9,9999,9","99999,9,9,9","999999,9,9,9","+9999,9","+9999,9","99999,9","24,0211,9,5",,,,,,,,,,,,,,,,,"0000,5","000,5","240,M,+0183,5","240,N,+0133,5",,,,,,,"10068,9,99999,4",,,"1,24,00805,110,0809,5","2,24,00536,180,1429,5","3,24,00304,999,9999,5","SOD60524 HR PRECIPITATION (IN): 0.83 TOTAL SUNSHINE (MINUTES):   0 PERCENT POSSIBLE SUNSHINE:  0 24 HR MAX TEMP (F): 6524 HR MAX TEMP TIME (LST):1538 24 HR MIN TEMP (F): 5624 HR MIN TEMP TIME (LST):0716 AVERAGE STATION PRESSURE:29.73  PEAK WIND SPEED (MPH): 18 PEAK WIND DIR (DEG):110 PEAK WIND TIME (LST):0809  FASTEST 2MIN SPEED (MPH): 12FASTEST 2MIN DIR (DEG):180 FASTEST 2MIN TIME (LST):1429 AVERAGE WIND SPEED (MPH): 6.8 24 HR AVG TEMP (F):61 HOURLY INCREMENTAL PRECIPITATION VALUES (IN): T   .06  .03  .22  .13  .16  .17  .05  .01  .00  .00  .00  .00  .00  .00  .00  .00  .00  .00  .00  .00  .00  .00  .00",
"72297793184","2000-10-29T07:59:00","6","33.68","-117.86639","16.5","SANTA ANA JOHN WAYNE AIRPORT, CA US","SOD  ","KSNA ","V020","999,9,9,9999,9","99999,9,9,9","999999,9,9,9","+9999,9","+9999,9","99999,9","24,0000,2,5",,,,,,,,,,,,,,,,,"0000,5","000,5","240,M,+0200,5","240,N,+0133,5",,,,,,,"10149,9,99999,4",,,"1,24,00715,190,1530,5","2,24,00626,180,1606,5","3,24,00250,999,9999,5","SOD60524 HR PRECIPITATION (IN):  T   TOTAL SUNSHINE (MINUTES):   0 PERCENT POSSIBLE SUNSHINE:  0 24 HR MAX TEMP (F): 6824 HR MAX TEMP TIME (LST):1404 24 HR MIN TEMP (F): 5624 HR MIN TEMP TIME (LST):0239 AVERAGE STATION PRESSURE:29.97  PEAK WIND SPEED (MPH): 16 PEAK WIND DIR (DEG):190 PEAK WIND TIME (LST):1530  FASTEST 2MIN SPEED (MPH): 14FASTEST 2MIN DIR (DEG):180 FASTEST 2MIN TIME (LST):1606 AVERAGE WIND SPEED (MPH): 5.6 24 HR AVG TEMP (F):62 HOURLY INCREMENTAL PRECIPITATION VALUES (IN):.00  .00  .00  .00  .00   T   .00  .00  .00  .00   T    T   .00  .00  .00  .00  .00  .00  .00  .00  .00   T    T   .00",
"72297793184","2000-10-30T07:59:00","6","33.68","-117.86639","16.5","SANTA ANA JOHN WAYNE AIRPORT, CA US","SOD  ","KSNA ","V020","999,9,9,9999,9","99999,9,9,9","999999,9,9,9","+9999,9","+9999,9","99999,9","24,0076,9,5",,,,,,,,,,,,,,,,,"0000,5","000,5","240,M,+0200,5","240,N,+0144,5",,,,,,,"10142,9,99999,4",,,"1,24,00805,190,1934,5","2,24,00671,210,1225,5","3,24,00268,999,9999,5","SOD60524 HR PRECIPITATION (IN): 0.30 TOTAL SUNSHINE (MINUTES):   0 PERCENT POSSIBLE SUNSHINE:  0 24 HR MAX TEMP (F): 6824 HR MAX TEMP TIME (LST):1047 24 HR MIN TEMP (F): 5824 HR MIN TEMP TIME (LST):1922 AVERAGE STATION PRESSURE:29.95  PEAK WIND SPEED (MPH): 18 PEAK WIND DIR (DEG):190 PEAK WIND TIME (LST):1934  FASTEST 2MIN SPEED (MPH): 15FASTEST 2MIN DIR (DEG):210 FASTEST 2MIN TIME (LST):1225 AVERAGE WIND SPEED (MPH): 6.0 24 HR AVG TEMP (F):63 HOURLY INCREMENTAL PRECIPITATION VALUES (IN):.00  .00  .00  .00   T    T   .00  .00  .00  .00  .00  .00  .00  .00  .00   T    T   .01  .06  .18  .04   T   .00  .00",
"72297793184","2000-10-31T07:59:00","6","33.68","-117.86639","16.5","SANTA ANA JOHN WAYNE AIRPORT, CA US","SOD  ","KSNA ","V020","999,9,9,9999,9","99999,9,9,9","999999,9,9,9","+9999,9","+9999,9","99999,9","24,0003,9,5",,,,,,,,,,,,,,,,,,,"240,M,+0189,5","240,N,+0122,5",,,,,,,"10125,9,99999,4",,,"1,24,00894,270,1402,5","2,24,00626,250,1525,5","3,24,00215,999,9999,5","SOD54524 HR PRECIPITATION (IN): 0.01 24 HR MAX TEMP (F): 6624 HR MAX TEMP TIME (LST):1303 24 HR MIN TEMP (F): 5424 HR MIN TEMP TIME (LST):0637 AVERAGE STATION PRESSURE:29.90  PEAK WIND SPEED (MPH): 20 PEAK WIND DIR (DEG):270 PEAK WIND TIME (LST):1402  FASTEST 2MIN SPEED (MPH): 14FASTEST 2MIN DIR (DEG):250 FASTEST 2MIN TIME (LST):1525 AVERAGE WIND SPEED (MPH): 4.8 24 HR AVG TEMP (F):60 HOURLY INCREMENTAL PRECIPITATION VALUES (IN):.00  .00  .00  .01  .00  .00  .00  .00  .00  .00  .00   T   .00  .00  .00  .00  .00  .00  .00  .00  .00  .00  .00  .00",
"72297793184","2000-11-01T07:59:00","6","33.68","-117.86639","16.5","SANTA ANA JOHN WAYNE AIRPORT, CA US","SOD  ","KSNA ","V020","999,9,9,9999,9","99999,9,9,9","999999,9,9,9","+9999,9","+9999,9","99999,9","24,0000,2,5",,,,,,,,,,,,,,,,,,,"240,M,+0194,5","240,N,+0111,5",,,,,,,"10152,9,99999,4",,,"1,24,00626,210,1322,5","2,24,00536,210,1323,5","3,24,00174,999,9999,5","SOD52324 HR PRECIPITATION (IN):  T   24 HR MAX TEMP (F): 6724 HR MAX TEMP TIME (LST):1452 24 HR MIN TEMP (F): 5224 HR MIN TEMP TIME (LST):0635 AVERAGE STATION PRESSURE:29.98  PEAK WIND SPEED (MPH): 14 PEAK WIND DIR (DEG):210 PEAK WIND TIME (LST):1322  FASTEST 2MIN SPEED (MPH): 12FASTEST 2MIN DIR (DEG):210 FASTEST 2MIN TIME (LST):1323 AVERAGE WIND SPEED (MPH): 3.9 HOURLY INCREMENTAL PRECIPITATION VALUES (IN):.00  .00  .00  .00  .00  .00  .00  .00  .00  .00  .00  .00  .00  .00  .00  .00  .00  .00  .00  .00  .00  .00  .00  .00",
"72297793184","2000-11-01T07:59:00","6","33.68","-117.86639","16.5","SANTA ANA JOHN WAYNE AIRPORT, CA US","SOM  ","KSNA ","V020","999,9,9,9999,9","99999,9,9,9","999999,9,9,9","+9999,9","+9999,9","99999,9",,"00323,9,6","00229,9,2626,9999,9999,6","05,6,02,6,99,9,08,6","005,0013,9,291932,5","010,0020,9,291934,5","015,0028,9,291934,5","020,0033,9,291936,5","030,0041,9,291936,5","045,0056,9,270407,5","060,0064,9,270424,5","080,0076,9,270428,5","100,0089,9,270428,5","120,0094,9,270447,5","150,0112,9,270553,5","180,0140,9,270630,5",,,,,,"744,N,+1511,5","744,M,+2217,5","744,A,+1867,5","744,H,0029,6","744,C,0056,6","00,5,00,5,00,5,00,5",,"10108,4,10142,4","10217,241100,5,10047,220333,5",,,,"SOM725PCP MTOT: 1.27 DEPNRM: 0.00 PCP GT 24HRS: 0.90 DATE(S):262+ DAYS W/PCP >=.01: 5 DAYS W/PCP >=.10: 2 DAYS W/PCP >=1.00:  MSDP AMTS W/DATE-TIME TAGS:MIN:5  .05  29/1932 MIN:10  .08  29/1934 MIN:15  .11  29/1934 MIN:20  .13  29/1936 MIN:30  .16  29/1936 MIN:45  .22  27/0407 MIN:60  .25  27/0424 MIN:80  .30  27/0428 MIN:100  .35  27/0428 MIN:120  .37  27/0447 MIN:150  .44  27/0553 MIN:180  .55  27/0630 SN GT DP ON GRND:0 DATE(S):0  AVG DLY MIN: 59.2 AVG DLY MAX: 71.9 AVG MLY TMP: 65.6 DAYS MAX <=32:  DAYS MAX >=70: 0 DAYS MAX >=90: 0 DAYS MIN <=32: 0 DAYS MIN  <=0: 0 AVG STP:29.85  AVG SLP:29.95  LWST SLP:29.67 DATE/TIME:220333 HGST SLP:30.17 DATE/TIME:241100 HDD MTH TOT:  29 DEP NORM:-255 CDD MTH TOT:  56 DEP NORM:-255","R01  1.277ABP070R02  0.907ADP081R03     57AE1100R04      7AE2103R05     87AE4109R06    297KDH045R07    567KDC058"
