claimId,subjectEntityId,claimType,claimText,dateStart,dateEnd,temporalPrecision,claimScope,supportingObservationIds,sourceIds,supportType,statementClass,confidence,conflictStatus,reviewStatus,limitations,notes
LH-CLM-TRACT-15615,LH-TRACT-15615,legal_recording_milestone,County tract map 15615 was recorded 1998-12-11.,1998-12-11,,day,legal_subdivision,LH-OBS-TRACT-15615,LH-SRC-OC-TRACTS,direct_observation,documented_exact,high,no_conflict_identified,legal_map_relationship_review_required,The claim is limited to recording and carries no physical-development lifecycle meaning.,MM 777/14-31
LH-CLM-TRACT-15616,LH-TRACT-15616,legal_recording_milestone,County tract map 15616 was recorded 1999-06-30.,1999-06-30,,day,legal_subdivision,LH-OBS-TRACT-15616,LH-SRC-OC-TRACTS,direct_observation,documented_exact,high,no_conflict_identified,legal_map_relationship_review_required,The claim is limited to recording and carries no physical-development lifecycle meaning.,MM 787/39-42
LH-CLM-TRACT-15617,LH-TRACT-15617,legal_recording_milestone,County tract map 15617 was recorded 1999-07-28.,1999-07-28,,day,legal_subdivision,LH-OBS-TRACT-15617,LH-SRC-OC-TRACTS,direct_observation,documented_exact,high,no_conflict_identified,legal_map_relationship_review_required,The claim is limited to recording and carries no physical-development lifecycle meaning.,MM 787/48-50
LH-CLM-TRACT-15618,LH-TRACT-15618,legal_recording_milestone,County tract map 15618 was recorded 1999-05-28.,1999-05-28,,day,legal_subdivision,LH-OBS-TRACT-15618,LH-SRC-OC-TRACTS,direct_observation,documented_exact,high,no_conflict_identified,legal_map_relationship_review_required,The claim is limited to recording and carries no physical-development lifecycle meaning.,MM 786/44-47
LH-CLM-TRACT-15619,LH-TRACT-15619,legal_recording_milestone,County tract map 15619 was recorded 2001-03-09.,2001-03-09,,day,legal_subdivision,LH-OBS-TRACT-15619,LH-SRC-OC-TRACTS,direct_observation,documented_exact,high,no_conflict_identified,legal_map_relationship_review_required,The claim is limited to recording and carries no physical-development lifecycle meaning.,MM 814/3-6
LH-CLM-TRACT-15620,LH-TRACT-15620,legal_recording_milestone,County tract map 15620 was recorded 1999-05-15.,1999-05-15,,day,legal_subdivision,LH-OBS-TRACT-15620,LH-SRC-OC-TRACTS,direct_observation,documented_exact,high,no_conflict_identified,legal_map_relationship_review_required,The claim is limited to recording and carries no physical-development lifecycle meaning.,MM 785/6-9
LH-CLM-TRACT-15621,LH-TRACT-15621,legal_recording_milestone,County tract map 15621 was recorded 1999-03-30.,1999-03-30,,day,legal_subdivision,LH-OBS-TRACT-15621,LH-SRC-OC-TRACTS,direct_observation,documented_exact,high,no_conflict_identified,legal_map_relationship_review_required,The claim is limited to recording and carries no physical-development lifecycle meaning.,MM 781/14-16
LH-CLM-TRACT-15622,LH-TRACT-15622,legal_recording_milestone,County tract map 15622 was recorded 1999-05-14.,1999-05-14,,day,legal_subdivision,LH-OBS-TRACT-15622,LH-SRC-OC-TRACTS,direct_observation,documented_exact,high,no_conflict_identified,legal_map_relationship_review_required,The claim is limited to recording and carries no physical-development lifecycle meaning.,MM 784/47-50
LH-CLM-TRACT-15623,LH-TRACT-15623,legal_recording_milestone,County tract map 15623 was recorded 1999-05-04.,1999-05-04,,day,legal_subdivision,LH-OBS-TRACT-15623,LH-SRC-OC-TRACTS,direct_observation,documented_exact,high,no_conflict_identified,legal_map_relationship_review_required,The claim is limited to recording and carries no physical-development lifecycle meaning.,MM 784/19-21
LH-CLM-TRACT-15624,LH-TRACT-15624,legal_recording_milestone,County tract map 15624 was recorded 2000-04-06.,2000-04-06,,day,legal_subdivision,LH-OBS-TRACT-15624,LH-SRC-OC-TRACTS,direct_observation,documented_exact,high,no_conflict_identified,legal_map_relationship_review_required,The claim is limited to recording and carries no physical-development lifecycle meaning.,MM 798/38-43
LH-CLM-TRACT-15625,LH-TRACT-15625,legal_recording_milestone,County tract map 15625 was recorded 1999-04-22.,1999-04-22,,day,legal_subdivision,LH-OBS-TRACT-15625,LH-SRC-OC-TRACTS,direct_observation,documented_exact,high,no_conflict_identified,legal_map_relationship_review_required,The claim is limited to recording and carries no physical-development lifecycle meaning.,MM 782/38-44
LH-CLM-TRACT-15626,LH-TRACT-15626,legal_recording_milestone,County tract map 15626 was recorded 1999-05-07.,1999-05-07,,day,legal_subdivision,LH-OBS-TRACT-15626,LH-SRC-OC-TRACTS,direct_observation,documented_exact,high,no_conflict_identified,legal_map_relationship_review_required,The claim is limited to recording and carries no physical-development lifecycle meaning.,MM 784/32-35
LH-CLM-TRACT-15627,LH-TRACT-15627,legal_recording_milestone,County tract map 15627 was recorded 1999-05-14.,1999-05-14,,day,legal_subdivision,LH-OBS-TRACT-15627,LH-SRC-OC-TRACTS,direct_observation,documented_exact,high,no_conflict_identified,legal_map_relationship_review_required,The claim is limited to recording and carries no physical-development lifecycle meaning.,MM 785/17-20
LH-CLM-TRACT-15628,LH-TRACT-15628,legal_recording_milestone,County tract map 15628 was recorded 1999-05-25.,1999-05-25,,day,legal_subdivision,LH-OBS-TRACT-15628,LH-SRC-OC-TRACTS,direct_observation,documented_exact,high,no_conflict_identified,legal_map_relationship_review_required,The claim is limited to recording and carries no physical-development lifecycle meaning.,MM 786/23-26
LH-CLM-TRACT-15629,LH-TRACT-15629,legal_recording_milestone,County tract map 15629 was recorded 1999-06-30.,1999-06-30,,day,legal_subdivision,LH-OBS-TRACT-15629,LH-SRC-OC-TRACTS,direct_observation,documented_exact,high,no_conflict_identified,legal_map_relationship_review_required,The claim is limited to recording and carries no physical-development lifecycle meaning.,MM 787/43-47
LH-CLM-TRACT-15630,LH-TRACT-15630,legal_recording_milestone,County tract map 15630 was recorded 1999-05-14.,1999-05-14,,day,legal_subdivision,LH-OBS-TRACT-15630,LH-SRC-OC-TRACTS,direct_observation,documented_exact,high,no_conflict_identified,legal_map_relationship_review_required,The claim is limited to recording and carries no physical-development lifecycle meaning.,MM 785/10-16
LH-CLM-TRACT-15631,LH-TRACT-15631,legal_recording_milestone,County tract map 15631 was recorded 2000-09-14.,2000-09-14,,day,legal_subdivision,LH-OBS-TRACT-15631,LH-SRC-OC-TRACTS,direct_observation,documented_exact,high,no_conflict_identified,legal_map_relationship_review_required,The claim is limited to recording and carries no physical-development lifecycle meaning.,MM 795/26-30
LH-CLM-TRACT-15632,LH-TRACT-15632,legal_recording_milestone,County tract map 15632 was recorded 1999-08-30.,1999-08-30,,day,legal_subdivision,LH-OBS-TRACT-15632,LH-SRC-OC-TRACTS,direct_observation,documented_exact,high,no_conflict_identified,legal_map_relationship_review_required,The claim is limited to recording and carries no physical-development lifecycle meaning.,MM 790/34-37
LH-CLM-TRACT-15793,LH-TRACT-15793,legal_recording_milestone,County tract map 15793 was recorded 2008-12-24.,2008-12-24,,day,legal_subdivision,LH-OBS-TRACT-15793,LH-SRC-OC-TRACTS,direct_observation,documented_exact,high,no_conflict_identified,no_material_overlap_found,The claim is limited to recording and carries no physical-development lifecycle meaning.,MM 897/28-33
LH-CLM-TRACT-15813,LH-TRACT-15813,legal_recording_milestone,County tract map 15813 was recorded 2000-06-14.,2000-06-14,,day,legal_subdivision,LH-OBS-TRACT-15813,LH-SRC-OC-TRACTS,direct_observation,documented_exact,high,no_conflict_identified,legal_map_relationship_review_required,The claim is limited to recording and carries no physical-development lifecycle meaning.,MM 795/1-16
LH-CLM-TRACT-15827,LH-TRACT-15827,legal_recording_milestone,County tract map 15827 was recorded 2000-05-10.,2000-05-10,,day,legal_subdivision,LH-OBS-TRACT-15827,LH-SRC-OC-TRACTS,direct_observation,documented_exact,high,no_conflict_identified,legal_map_relationship_review_required,The claim is limited to recording and carries no physical-development lifecycle meaning.,MM 797/32-39
LH-CLM-TRACT-15884,LH-TRACT-15884,legal_recording_milestone,County tract map 15884 was recorded 2000-01-14.,2000-01-14,,day,legal_subdivision,LH-OBS-TRACT-15884,LH-SRC-OC-TRACTS,direct_observation,documented_exact,high,no_conflict_identified,legal_map_relationship_review_required,The claim is limited to recording and carries no physical-development lifecycle meaning.,MM 794/33-44
LH-CLM-TRACT-15885,LH-TRACT-15885,legal_recording_milestone,County tract map 15885 was recorded 2000-07-27.,2000-07-27,,day,legal_subdivision,LH-OBS-TRACT-15885,LH-SRC-OC-TRACTS,direct_observation,documented_exact,high,no_conflict_identified,legal_map_relationship_review_required,The claim is limited to recording and carries no physical-development lifecycle meaning.,MM 804/30-33
LH-CLM-TRACT-15886,LH-TRACT-15886,legal_recording_milestone,County tract map 15886 was recorded 2000-10-30.,2000-10-30,,day,legal_subdivision,LH-OBS-TRACT-15886,LH-SRC-OC-TRACTS,direct_observation,documented_exact,high,no_conflict_identified,legal_map_relationship_review_required,The claim is limited to recording and carries no physical-development lifecycle meaning.,MM 807/25-28
LH-CLM-TRACT-15887,LH-TRACT-15887,legal_recording_milestone,County tract map 15887 was recorded 2000-06-02.,2000-06-02,,day,legal_subdivision,LH-OBS-TRACT-15887,LH-SRC-OC-TRACTS,direct_observation,documented_exact,high,no_conflict_identified,legal_map_relationship_review_required,The claim is limited to recording and carries no physical-development lifecycle meaning.,MM 802/25-28
LH-CLM-TRACT-15888,LH-TRACT-15888,legal_recording_milestone,County tract map 15888 was recorded 2000-06-02.,2000-06-02,,day,legal_subdivision,LH-OBS-TRACT-15888,LH-SRC-OC-TRACTS,direct_observation,documented_exact,high,no_conflict_identified,legal_map_relationship_review_required,The claim is limited to recording and carries no physical-development lifecycle meaning.,MM 802/14-17
LH-CLM-TRACT-15901,LH-TRACT-15901,legal_recording_milestone,County tract map 15901 was recorded 2000-07-06.,2000-07-06,,day,legal_subdivision,LH-OBS-TRACT-15901,LH-SRC-OC-TRACTS,direct_observation,documented_exact,high,no_conflict_identified,legal_map_relationship_review_required,The claim is limited to recording and carries no physical-development lifecycle meaning.,MM 803/48-50
LH-CLM-TRACT-15902,LH-TRACT-15902,legal_recording_milestone,County tract map 15902 was recorded 2000-06-16.,2000-06-16,,day,legal_subdivision,LH-OBS-TRACT-15902,LH-SRC-OC-TRACTS,direct_observation,documented_exact,high,no_conflict_identified,legal_map_relationship_review_required,The claim is limited to recording and carries no physical-development lifecycle meaning.,MM 803/28-30
LH-CLM-TRACT-15903,LH-TRACT-15903,legal_recording_milestone,County tract map 15903 was recorded 2000-06-16.,2000-06-16,,day,legal_subdivision,LH-OBS-TRACT-15903,LH-SRC-OC-TRACTS,direct_observation,documented_exact,high,no_conflict_identified,legal_map_relationship_review_required,The claim is limited to recording and carries no physical-development lifecycle meaning.,MM 803/22-27
LH-CLM-TRACT-15904,LH-TRACT-15904,legal_recording_milestone,County tract map 15904 was recorded 2000-06-02.,2000-06-02,,day,legal_subdivision,LH-OBS-TRACT-15904,LH-SRC-OC-TRACTS,direct_observation,documented_exact,high,no_conflict_identified,legal_map_relationship_review_required,The claim is limited to recording and carries no physical-development lifecycle meaning.,MM 800/48-50
LH-CLM-TRACT-15905,LH-TRACT-15905,legal_recording_milestone,County tract map 15905 was recorded 2000-08-16.,2000-08-16,,day,legal_subdivision,LH-OBS-TRACT-15905,LH-SRC-OC-TRACTS,direct_observation,documented_exact,high,no_conflict_identified,legal_map_relationship_review_required,The claim is limited to recording and carries no physical-development lifecycle meaning.,MM 805/6-8
LH-CLM-TRACT-15906,LH-TRACT-15906,legal_recording_milestone,County tract map 15906 was recorded 2000-06-16.,2000-06-16,,day,legal_subdivision,LH-OBS-TRACT-15906,LH-SRC-OC-TRACTS,direct_observation,documented_exact,high,no_conflict_identified,legal_map_relationship_review_required,The claim is limited to recording and carries no physical-development lifecycle meaning.,MM 803/16-21
LH-CLM-TRACT-15907,LH-TRACT-15907,legal_recording_milestone,County tract map 15907 was recorded 2000-08-25.,2000-08-25,,day,legal_subdivision,LH-OBS-TRACT-15907,LH-SRC-OC-TRACTS,direct_observation,documented_exact,high,no_conflict_identified,legal_map_relationship_review_required,The claim is limited to recording and carries no physical-development lifecycle meaning.,MM 805/26-28
LH-CLM-TRACT-15908,LH-TRACT-15908,legal_recording_milestone,County tract map 15908 was recorded 2001-06-29.,2001-06-29,,day,legal_subdivision,LH-OBS-TRACT-15908,LH-SRC-OC-TRACTS,direct_observation,documented_exact,high,no_conflict_identified,legal_map_relationship_review_required,The claim is limited to recording and carries no physical-development lifecycle meaning.,MM 820/10-15
LH-CLM-TRACT-15909,LH-TRACT-15909,legal_recording_milestone,County tract map 15909 was recorded 2001-06-29.,2001-06-29,,day,legal_subdivision,LH-OBS-TRACT-15909,LH-SRC-OC-TRACTS,direct_observation,documented_exact,high,no_conflict_identified,legal_map_relationship_review_required,The claim is limited to recording and carries no physical-development lifecycle meaning.,MM 820/29-34
LH-CLM-TRACT-15910,LH-TRACT-15910,legal_recording_milestone,County tract map 15910 was recorded 2000-10-13.,2000-10-13,,day,legal_subdivision,LH-OBS-TRACT-15910,LH-SRC-OC-TRACTS,direct_observation,documented_exact,high,no_conflict_identified,legal_map_relationship_review_required,The claim is limited to recording and carries no physical-development lifecycle meaning.,MM 806/33-37
LH-CLM-TRACT-15911,LH-TRACT-15911,legal_recording_milestone,County tract map 15911 was recorded 2000-10-11.,2000-10-11,,day,legal_subdivision,LH-OBS-TRACT-15911,LH-SRC-OC-TRACTS,direct_observation,documented_exact,high,no_conflict_identified,legal_map_relationship_review_required,The claim is limited to recording and carries no physical-development lifecycle meaning.,MM 806/27-30
LH-CLM-TRACT-15912,LH-TRACT-15912,legal_recording_milestone,County tract map 15912 was recorded 2000-06-22.,2000-06-22,,day,legal_subdivision,LH-OBS-TRACT-15912,LH-SRC-OC-TRACTS,direct_observation,documented_exact,high,no_conflict_identified,legal_map_relationship_review_required,The claim is limited to recording and carries no physical-development lifecycle meaning.,MM 804/1-4
LH-CLM-TRACT-15914,LH-TRACT-15914,legal_recording_milestone,County tract map 15914 was recorded 2001-05-30.,2001-05-30,,day,legal_subdivision,LH-OBS-TRACT-15914,LH-SRC-OC-TRACTS,direct_observation,documented_exact,high,no_conflict_identified,legal_map_relationship_review_required,The claim is limited to recording and carries no physical-development lifecycle meaning.,MM 817/45-47
LH-CLM-TRACT-15915,LH-TRACT-15915,legal_recording_milestone,County tract map 15915 was recorded 2000-08-25.,2000-08-25,,day,legal_subdivision,LH-OBS-TRACT-15915,LH-SRC-OC-TRACTS,direct_observation,documented_exact,high,no_conflict_identified,legal_map_relationship_review_required,The claim is limited to recording and carries no physical-development lifecycle meaning.,MM 805/29-34
LH-CLM-TRACT-15985,LH-TRACT-15985,legal_recording_milestone,County tract map 15985 was recorded 2003-04-04.,2003-04-04,,day,legal_subdivision,LH-OBS-TRACT-15985,LH-SRC-OC-TRACTS,direct_observation,documented_exact,high,no_conflict_identified,legal_map_relationship_review_required,The claim is limited to recording and carries no physical-development lifecycle meaning.,MM 842/8-20
LH-CLM-TRACT-15986,LH-TRACT-15986,legal_recording_milestone,County tract map 15986 was recorded 2003-08-28.,2003-08-28,,day,legal_subdivision,LH-OBS-TRACT-15986,LH-SRC-OC-TRACTS,direct_observation,documented_exact,high,no_conflict_identified,legal_map_relationship_review_required,The claim is limited to recording and carries no physical-development lifecycle meaning.,MM 849/1-15
LH-CLM-TRACT-15987,LH-TRACT-15987,legal_recording_milestone,County tract map 15987 was recorded 2002-12-17.,2002-12-17,,day,legal_subdivision,LH-OBS-TRACT-15987,LH-SRC-OC-TRACTS,direct_observation,documented_exact,high,no_conflict_identified,legal_map_relationship_review_required,The claim is limited to recording and carries no physical-development lifecycle meaning.,MM 839/1-18
LH-CLM-TRACT-15988,LH-TRACT-15988,legal_recording_milestone,County tract map 15988 was recorded 2004-01-30.,2004-01-30,,day,legal_subdivision,LH-OBS-TRACT-15988,LH-SRC-OC-TRACTS,direct_observation,documented_exact,high,no_conflict_identified,legal_map_relationship_review_required,The claim is limited to recording and carries no physical-development lifecycle meaning.,MM 854/6-16
LH-CLM-TRACT-15989,LH-TRACT-15989,legal_recording_milestone,County tract map 15989 was recorded 2004-11-15.,2004-11-15,,day,legal_subdivision,LH-OBS-TRACT-15989,LH-SRC-OC-TRACTS,direct_observation,documented_exact,high,no_conflict_identified,no_material_overlap_found,The claim is limited to recording and carries no physical-development lifecycle meaning.,MM 863/8-14
LH-CLM-TRACT-15990,LH-TRACT-15990,legal_recording_milestone,County tract map 15990 was recorded 2004-10-28.,2004-10-28,,day,legal_subdivision,LH-OBS-TRACT-15990,LH-SRC-OC-TRACTS,direct_observation,documented_exact,high,no_conflict_identified,no_material_overlap_found,The claim is limited to recording and carries no physical-development lifecycle meaning.,MM 862/34-41
LH-CLM-TRACT-16025,LH-TRACT-16025,legal_recording_milestone,County tract map 16025 was recorded 2001-01-26.,2001-01-26,,day,legal_subdivision,LH-OBS-TRACT-16025,LH-SRC-OC-TRACTS,direct_observation,documented_exact,high,no_conflict_identified,legal_map_relationship_review_required,The claim is limited to recording and carries no physical-development lifecycle meaning.,MM 812/22-29
LH-CLM-TRACT-16063,LH-TRACT-16063,legal_recording_milestone,County tract map 16063 was recorded 2001-05-25.,2001-05-25,,day,legal_subdivision,LH-OBS-TRACT-16063,LH-SRC-OC-TRACTS,direct_observation,documented_exact,high,no_conflict_identified,legal_map_relationship_review_required,The claim is limited to recording and carries no physical-development lifecycle meaning.,MM 818/32-40
LH-CLM-TRACT-16101,LH-TRACT-16101,legal_recording_milestone,County tract map 16101 was recorded 2001-06-29.,2001-06-29,,day,legal_subdivision,LH-OBS-TRACT-16101,LH-SRC-OC-TRACTS,direct_observation,documented_exact,high,no_conflict_identified,legal_map_relationship_review_required,The claim is limited to recording and carries no physical-development lifecycle meaning.,MM 820/21-25
LH-CLM-TRACT-16102,LH-TRACT-16102,legal_recording_milestone,County tract map 16102 was recorded 2001-06-12.,2001-06-12,,day,legal_subdivision,LH-OBS-TRACT-16102,LH-SRC-OC-TRACTS,direct_observation,documented_exact,high,no_conflict_identified,legal_map_relationship_review_required,The claim is limited to recording and carries no physical-development lifecycle meaning.,MM 819/1-5
LH-CLM-TRACT-16103,LH-TRACT-16103,legal_recording_milestone,County tract map 16103 was recorded 2001-06-12.,2001-06-12,,day,legal_subdivision,LH-OBS-TRACT-16103,LH-SRC-OC-TRACTS,direct_observation,documented_exact,high,no_conflict_identified,legal_map_relationship_review_required,The claim is limited to recording and carries no physical-development lifecycle meaning.,MM 817/1-5
LH-CLM-TRACT-16104,LH-TRACT-16104,legal_recording_milestone,County tract map 16104 was recorded 2001-07-31.,2001-07-31,,day,legal_subdivision,LH-OBS-TRACT-16104,LH-SRC-OC-TRACTS,direct_observation,documented_exact,high,no_conflict_identified,legal_map_relationship_review_required,The claim is limited to recording and carries no physical-development lifecycle meaning.,MM 821/35-40
LH-CLM-TRACT-16105,LH-TRACT-16105,legal_recording_milestone,County tract map 16105 was recorded 2001-04-01.,2001-04-01,,day,legal_subdivision,LH-OBS-TRACT-16105,LH-SRC-OC-TRACTS,direct_observation,documented_exact,high,no_conflict_identified,legal_map_relationship_review_required,The claim is limited to recording and carries no physical-development lifecycle meaning.,MM 823/18-26
LH-CLM-TRACT-16114,LH-TRACT-16114,legal_recording_milestone,County tract map 16114 was recorded 2001-07-31.,2001-07-31,,day,legal_subdivision,LH-OBS-TRACT-16114,LH-SRC-OC-TRACTS,direct_observation,documented_exact,high,no_conflict_identified,legal_map_relationship_review_required,The claim is limited to recording and carries no physical-development lifecycle meaning.,MM 821/41-44
LH-CLM-TRACT-16115,LH-TRACT-16115,legal_recording_milestone,County tract map 16115 was recorded 2002-02-14.,2002-02-14,,day,legal_subdivision,LH-OBS-TRACT-16115,LH-SRC-OC-TRACTS,direct_observation,documented_exact,high,no_conflict_identified,legal_map_relationship_review_required,The claim is limited to recording and carries no physical-development lifecycle meaning.,MM 825/40-45
LH-CLM-TRACT-16116,LH-TRACT-16116,legal_recording_milestone,County tract map 16116 was recorded 2002-05-16.,2002-05-16,,day,legal_subdivision,LH-OBS-TRACT-16116,LH-SRC-OC-TRACTS,direct_observation,documented_exact,high,no_conflict_identified,legal_map_relationship_review_required,The claim is limited to recording and carries no physical-development lifecycle meaning.,MM 830/35-40
LH-CLM-TRACT-16117,LH-TRACT-16117,legal_recording_milestone,County tract map 16117 was recorded 2001-12-26.,2001-12-26,,day,legal_subdivision,LH-OBS-TRACT-16117,LH-SRC-OC-TRACTS,direct_observation,documented_exact,high,no_conflict_identified,legal_map_relationship_review_required,The claim is limited to recording and carries no physical-development lifecycle meaning.,MM 826/1-3
LH-CLM-TRACT-16118,LH-TRACT-16118,legal_recording_milestone,County tract map 16118 was recorded 2001-10-26.,2001-10-26,,day,legal_subdivision,LH-OBS-TRACT-16118,LH-SRC-OC-TRACTS,direct_observation,documented_exact,high,no_conflict_identified,legal_map_relationship_review_required,The claim is limited to recording and carries no physical-development lifecycle meaning.,MM 823/30-33
LH-CLM-TRACT-16119,LH-TRACT-16119,legal_recording_milestone,County tract map 16119 was recorded 2001-12-26.,2001-12-26,,day,legal_subdivision,LH-OBS-TRACT-16119,LH-SRC-OC-TRACTS,direct_observation,documented_exact,high,no_conflict_identified,legal_map_relationship_review_required,The claim is limited to recording and carries no physical-development lifecycle meaning.,MM 824/48-50
LH-CLM-TRACT-16120,LH-TRACT-16120,legal_recording_milestone,County tract map 16120 was recorded 2001-10-12.,2001-10-12,,day,legal_subdivision,LH-OBS-TRACT-16120,LH-SRC-OC-TRACTS,direct_observation,documented_exact,high,no_conflict_identified,legal_map_relationship_review_required,The claim is limited to recording and carries no physical-development lifecycle meaning.,MM 822/40-43
LH-CLM-TRACT-16121,LH-TRACT-16121,legal_recording_milestone,County tract map 16121 was recorded 2001-12-26.,2001-12-26,,day,legal_subdivision,LH-OBS-TRACT-16121,LH-SRC-OC-TRACTS,direct_observation,documented_exact,high,no_conflict_identified,legal_map_relationship_review_required,The claim is limited to recording and carries no physical-development lifecycle meaning.,MM 825/46-50
LH-CLM-TRACT-16122,LH-TRACT-16122,legal_recording_milestone,County tract map 16122 was recorded 2001-12-26.,2001-12-26,,day,legal_subdivision,LH-OBS-TRACT-16122,LH-SRC-OC-TRACTS,direct_observation,documented_exact,high,no_conflict_identified,legal_map_relationship_review_required,The claim is limited to recording and carries no physical-development lifecycle meaning.,MM 823/34-38
LH-CLM-TRACT-16126,LH-TRACT-16126,legal_recording_milestone,County tract map 16126 was recorded 2001-11-08.,2001-11-08,,day,legal_subdivision,LH-OBS-TRACT-16126,LH-SRC-OC-TRACTS,direct_observation,documented_exact,high,no_conflict_identified,legal_map_relationship_review_required,The claim is limited to recording and carries no physical-development lifecycle meaning.,MM 824/15-20
LH-CLM-TRACT-16127,LH-TRACT-16127,legal_recording_milestone,County tract map 16127 was recorded 2001-07-30.,2001-07-30,,day,legal_subdivision,LH-OBS-TRACT-16127,LH-SRC-OC-TRACTS,direct_observation,documented_exact,high,no_conflict_identified,legal_map_relationship_review_required,The claim is limited to recording and carries no physical-development lifecycle meaning.,MM 821/29-34
LH-CLM-TRACT-16155,LH-TRACT-16155,legal_recording_milestone,County tract map 16155 was recorded 2001-01-26.,2001-01-26,,day,legal_subdivision,LH-OBS-TRACT-16155,LH-SRC-OC-TRACTS,direct_observation,documented_exact,high,no_conflict_identified,legal_map_relationship_review_required,The claim is limited to recording and carries no physical-development lifecycle meaning.,MM 812/30-39
LH-CLM-TRACT-16156,LH-TRACT-16156,legal_recording_milestone,County tract map 16156 was recorded 2001-01-26.,2001-01-26,,day,legal_subdivision,LH-OBS-TRACT-16156,LH-SRC-OC-TRACTS,direct_observation,documented_exact,high,no_conflict_identified,legal_map_relationship_review_required,The claim is limited to recording and carries no physical-development lifecycle meaning.,MM 812/40-48
LH-CLM-TRACT-16157,LH-TRACT-16157,legal_recording_milestone,County tract map 16157 was recorded 2001-01-26.,2001-01-26,,day,legal_subdivision,LH-OBS-TRACT-16157,LH-SRC-OC-TRACTS,direct_observation,documented_exact,high,no_conflict_identified,legal_map_relationship_review_required,The claim is limited to recording and carries no physical-development lifecycle meaning.,MM 813/1-9
LH-CLM-TRACT-16203,LH-TRACT-16203,legal_recording_milestone,County tract map 16203 was recorded 2002-01-24.,2002-01-24,,day,legal_subdivision,LH-OBS-TRACT-16203,LH-SRC-OC-TRACTS,direct_observation,documented_exact,high,no_conflict_identified,legal_map_relationship_review_required,The claim is limited to recording and carries no physical-development lifecycle meaning.,MM 826/8-20
LH-CLM-TRACT-16234,LH-TRACT-16234,legal_recording_milestone,County tract map 16234 was recorded 2001-12-26.,2001-12-26,,day,legal_subdivision,LH-OBS-TRACT-16234,LH-SRC-OC-TRACTS,direct_observation,documented_exact,high,no_conflict_identified,legal_map_relationship_review_required,The claim is limited to recording and carries no physical-development lifecycle meaning.,MM 825/19-29
LH-CLM-TRACT-16235,LH-TRACT-16235,legal_recording_milestone,County tract map 16235 was recorded 2002-02-14.,2002-02-14,,day,legal_subdivision,LH-OBS-TRACT-16235,LH-SRC-OC-TRACTS,direct_observation,documented_exact,high,no_conflict_identified,legal_map_relationship_review_required,The claim is limited to recording and carries no physical-development lifecycle meaning.,MM 825/30-39
LH-CLM-TRACT-16236,LH-TRACT-16236,legal_recording_milestone,County tract map 16236 was recorded 2002-05-29.,2002-05-29,,day,legal_subdivision,LH-OBS-TRACT-16236,LH-SRC-OC-TRACTS,direct_observation,documented_exact,high,no_conflict_identified,legal_map_relationship_review_required,The claim is limited to recording and carries no physical-development lifecycle meaning.,MM 832/24-29
LH-CLM-TRACT-16237,LH-TRACT-16237,legal_recording_milestone,County tract map 16237 was recorded 2002-08-14.,2002-08-14,,day,legal_subdivision,LH-OBS-TRACT-16237,LH-SRC-OC-TRACTS,direct_observation,documented_exact,high,no_conflict_identified,legal_map_relationship_review_required,The claim is limited to recording and carries no physical-development lifecycle meaning.,MM 835/17-20
LH-CLM-TRACT-16238,LH-TRACT-16238,legal_recording_milestone,County tract map 16238 was recorded 2002-08-21.,2002-08-21,,day,legal_subdivision,LH-OBS-TRACT-16238,LH-SRC-OC-TRACTS,direct_observation,documented_exact,high,no_conflict_identified,legal_map_relationship_review_required,The claim is limited to recording and carries no physical-development lifecycle meaning.,MM 835/21-25
LH-CLM-TRACT-16239,LH-TRACT-16239,legal_recording_milestone,County tract map 16239 was recorded 2002-06-26.,2002-06-26,,day,legal_subdivision,LH-OBS-TRACT-16239,LH-SRC-OC-TRACTS,direct_observation,documented_exact,high,no_conflict_identified,legal_map_relationship_review_required,The claim is limited to recording and carries no physical-development lifecycle meaning.,MM 834/9-15
LH-CLM-TRACT-16240,LH-TRACT-16240,legal_recording_milestone,County tract map 16240 was recorded 2002-06-28.,2002-06-28,,day,legal_subdivision,LH-OBS-TRACT-16240,LH-SRC-OC-TRACTS,direct_observation,documented_exact,high,no_conflict_identified,legal_map_relationship_review_required,The claim is limited to recording and carries no physical-development lifecycle meaning.,MM 834/22-25
LH-CLM-TRACT-16241,LH-TRACT-16241,legal_recording_milestone,County tract map 16241 was recorded 2003-02-25.,2003-02-25,,day,legal_subdivision,LH-OBS-TRACT-16241,LH-SRC-OC-TRACTS,direct_observation,documented_exact,high,no_conflict_identified,legal_map_relationship_review_required,The claim is limited to recording and carries no physical-development lifecycle meaning.,MM 840/32-36
LH-CLM-TRACT-16242,LH-TRACT-16242,legal_recording_milestone,County tract map 16242 was recorded 2002-06-18.,2002-06-18,,day,legal_subdivision,LH-OBS-TRACT-16242,LH-SRC-OC-TRACTS,direct_observation,documented_exact,high,no_conflict_identified,legal_map_relationship_review_required,The claim is limited to recording and carries no physical-development lifecycle meaning.,MM 833/24-27
LH-CLM-TRACT-16243,LH-TRACT-16243,legal_recording_milestone,County tract map 16243 was recorded 2002-08-30.,2002-08-30,,day,legal_subdivision,LH-OBS-TRACT-16243,LH-SRC-OC-TRACTS,direct_observation,documented_exact,high,no_conflict_identified,legal_map_relationship_review_required,The claim is limited to recording and carries no physical-development lifecycle meaning.,MM 835/34-39
LH-CLM-TRACT-16244,LH-TRACT-16244,legal_recording_milestone,County tract map 16244 was recorded 2003-05-02.,2003-05-02,,day,legal_subdivision,LH-OBS-TRACT-16244,LH-SRC-OC-TRACTS,direct_observation,documented_exact,high,no_conflict_identified,legal_map_relationship_review_required,The claim is limited to recording and carries no physical-development lifecycle meaning.,MM 840/47-50
LH-CLM-TRACT-16245,LH-TRACT-16245,legal_recording_milestone,County tract map 16245 was recorded 2002-07-26.,2002-07-26,,day,legal_subdivision,LH-OBS-TRACT-16245,LH-SRC-OC-TRACTS,direct_observation,documented_exact,high,no_conflict_identified,legal_map_relationship_review_required,The claim is limited to recording and carries no physical-development lifecycle meaning.,MM 835/7-11
LH-CLM-TRACT-16246,LH-TRACT-16246,legal_recording_milestone,County tract map 16246 was recorded 2003-05-02.,2003-05-02,,day,legal_subdivision,LH-OBS-TRACT-16246,LH-SRC-OC-TRACTS,direct_observation,documented_exact,high,no_conflict_identified,legal_map_relationship_review_required,The claim is limited to recording and carries no physical-development lifecycle meaning.,MM 842/45-49
LH-CLM-TRACT-16247,LH-TRACT-16247,legal_recording_milestone,County tract map 16247 was recorded 2002-05-24.,2002-05-24,,day,legal_subdivision,LH-OBS-TRACT-16247,LH-SRC-OC-TRACTS,direct_observation,documented_exact,high,no_conflict_identified,legal_map_relationship_review_required,The claim is limited to recording and carries no physical-development lifecycle meaning.,MM 832/16-19
LH-CLM-TRACT-16248,LH-TRACT-16248,legal_recording_milestone,County tract map 16248 was recorded 2003-01-17.,2003-01-17,,day,legal_subdivision,LH-OBS-TRACT-16248,LH-SRC-OC-TRACTS,direct_observation,documented_exact,high,no_conflict_identified,legal_map_relationship_review_required,The claim is limited to recording and carries no physical-development lifecycle meaning.,MM 839/27-33
LH-CLM-TRACT-16249,LH-TRACT-16249,legal_recording_milestone,County tract map 16249 was recorded 2002-08-22.,2002-08-22,,day,legal_subdivision,LH-OBS-TRACT-16249,LH-SRC-OC-TRACTS,direct_observation,documented_exact,high,no_conflict_identified,legal_map_relationship_review_required,The claim is limited to recording and carries no physical-development lifecycle meaning.,MM 835/26-33
LH-CLM-TRACT-16250,LH-TRACT-16250,legal_recording_milestone,County tract map 16250 was recorded 2002-05-24.,2002-05-24,,day,legal_subdivision,LH-OBS-TRACT-16250,LH-SRC-OC-TRACTS,direct_observation,documented_exact,high,no_conflict_identified,legal_map_relationship_review_required,The claim is limited to recording and carries no physical-development lifecycle meaning.,MM 832/20-23
LH-CLM-TRACT-16270,LH-TRACT-16270,legal_recording_milestone,County tract map 16270 was recorded 2002-09-27.,2002-09-27,,day,legal_subdivision,LH-OBS-TRACT-16270,LH-SRC-OC-TRACTS,direct_observation,documented_exact,high,no_conflict_identified,legal_map_relationship_review_required,The claim is limited to recording and carries no physical-development lifecycle meaning.,MM 836/40-43
LH-CLM-TRACT-16271,LH-TRACT-16271,legal_recording_milestone,County tract map 16271 was recorded 2003-02-27.,2003-02-27,,day,legal_subdivision,LH-OBS-TRACT-16271,LH-SRC-OC-TRACTS,direct_observation,documented_exact,high,no_conflict_identified,legal_map_relationship_review_required,The claim is limited to recording and carries no physical-development lifecycle meaning.,MM 839/34-45
LH-CLM-TRACT-16341,LH-TRACT-16341,legal_recording_milestone,County tract map 16341 was recorded 2003-02-27.,2003-02-27,,day,legal_subdivision,LH-OBS-TRACT-16341,LH-SRC-OC-TRACTS,direct_observation,documented_exact,high,no_conflict_identified,legal_map_relationship_review_required,The claim is limited to recording and carries no physical-development lifecycle meaning.,MM 840/1-20
LH-CLM-TRACT-16342,LH-TRACT-16342,legal_recording_milestone,County tract map 16342 was recorded 2003-07-25.,2003-07-25,,day,legal_subdivision,LH-OBS-TRACT-16342,LH-SRC-OC-TRACTS,direct_observation,documented_exact,high,no_conflict_identified,legal_map_relationship_review_required,The claim is limited to recording and carries no physical-development lifecycle meaning.,MM 847/36-39
LH-CLM-TRACT-16346,LH-TRACT-16346,legal_recording_milestone,County tract map 16346 was recorded 2003-08-18.,2003-08-18,,day,legal_subdivision,LH-OBS-TRACT-16346,LH-SRC-OC-TRACTS,direct_observation,documented_exact,high,no_conflict_identified,legal_map_relationship_review_required,The claim is limited to recording and carries no physical-development lifecycle meaning.,MM 848/15-18
LH-CLM-TRACT-16347,LH-TRACT-16347,legal_recording_milestone,County tract map 16347 was recorded 2003-09-19.,2003-09-19,,day,legal_subdivision,LH-OBS-TRACT-16347,LH-SRC-OC-TRACTS,direct_observation,documented_exact,high,no_conflict_identified,legal_map_relationship_review_required,The claim is limited to recording and carries no physical-development lifecycle meaning.,MM 849/31-39
LH-CLM-TRACT-16348,LH-TRACT-16348,legal_recording_milestone,County tract map 16348 was recorded 2003-08-18.,2003-08-18,,day,legal_subdivision,LH-OBS-TRACT-16348,LH-SRC-OC-TRACTS,direct_observation,documented_exact,high,no_conflict_identified,legal_map_relationship_review_required,The claim is limited to recording and carries no physical-development lifecycle meaning.,MM 848/23-28
LH-CLM-TRACT-16349,LH-TRACT-16349,legal_recording_milestone,County tract map 16349 was recorded 2003-07-08.,2003-07-08,,day,legal_subdivision,LH-OBS-TRACT-16349,LH-SRC-OC-TRACTS,direct_observation,documented_exact,high,no_conflict_identified,legal_map_relationship_review_required,The claim is limited to recording and carries no physical-development lifecycle meaning.,MM 847/5-10
LH-CLM-TRACT-16350,LH-TRACT-16350,legal_recording_milestone,County tract map 16350 was recorded 2003-07-08.,2003-07-08,,day,legal_subdivision,LH-OBS-TRACT-16350,LH-SRC-OC-TRACTS,direct_observation,documented_exact,high,no_conflict_identified,legal_map_relationship_review_required,The claim is limited to recording and carries no physical-development lifecycle meaning.,MM 847/1-4
LH-CLM-TRACT-16351,LH-TRACT-16351,legal_recording_milestone,County tract map 16351 was recorded 2003-10-31.,2003-10-31,,day,legal_subdivision,LH-OBS-TRACT-16351,LH-SRC-OC-TRACTS,direct_observation,documented_exact,high,no_conflict_identified,legal_map_relationship_review_required,The claim is limited to recording and carries no physical-development lifecycle meaning.,MM 850/28-32
LH-CLM-TRACT-16352,LH-TRACT-16352,legal_recording_milestone,County tract map 16352 was recorded 2003-10-31.,2003-10-31,,day,legal_subdivision,LH-OBS-TRACT-16352,LH-SRC-OC-TRACTS,direct_observation,documented_exact,high,no_conflict_identified,legal_map_relationship_review_required,The claim is limited to recording and carries no physical-development lifecycle meaning.,MM 850/33-37
LH-CLM-TRACT-16353,LH-TRACT-16353,legal_recording_milestone,County tract map 16353 was recorded 2003-12-19.,2003-12-19,,day,legal_subdivision,LH-OBS-TRACT-16353,LH-SRC-OC-TRACTS,direct_observation,documented_exact,high,no_conflict_identified,legal_map_relationship_review_required,The claim is limited to recording and carries no physical-development lifecycle meaning.,MM 853/16-20
LH-CLM-TRACT-16354,LH-TRACT-16354,legal_recording_milestone,County tract map 16354 was recorded 2003-08-18.,2003-08-18,,day,legal_subdivision,LH-OBS-TRACT-16354,LH-SRC-OC-TRACTS,direct_observation,documented_exact,high,no_conflict_identified,legal_map_relationship_review_required,The claim is limited to recording and carries no physical-development lifecycle meaning.,MM 848/19-22
LH-CLM-TRACT-16355,LH-TRACT-16355,legal_recording_milestone,County tract map 16355 was recorded 2003-12-18.,2003-12-18,,day,legal_subdivision,LH-OBS-TRACT-16355,LH-SRC-OC-TRACTS,direct_observation,documented_exact,high,no_conflict_identified,legal_map_relationship_review_required,The claim is limited to recording and carries no physical-development lifecycle meaning.,MM 852/1-6
LH-CLM-TRACT-16356,LH-TRACT-16356,legal_recording_milestone,County tract map 16356 was recorded 2003-08-28.,2003-08-28,,day,legal_subdivision,LH-OBS-TRACT-16356,LH-SRC-OC-TRACTS,direct_observation,documented_exact,high,no_conflict_identified,legal_map_relationship_review_required,The claim is limited to recording and carries no physical-development lifecycle meaning.,MM 848/44-46
LH-CLM-TRACT-16384,LH-TRACT-16384,legal_recording_milestone,County tract map 16384 was recorded 2004-02-13.,2004-02-13,,day,legal_subdivision,LH-OBS-TRACT-16384,LH-SRC-OC-TRACTS,direct_observation,documented_exact,high,no_conflict_identified,legal_map_relationship_review_required,The claim is limited to recording and carries no physical-development lifecycle meaning.,MM 853/39-42
LH-CLM-TRACT-16385,LH-TRACT-16385,legal_recording_milestone,County tract map 16385 was recorded 2004-02-13.,2004-02-13,,day,legal_subdivision,LH-OBS-TRACT-16385,LH-SRC-OC-TRACTS,direct_observation,documented_exact,high,no_conflict_identified,legal_map_relationship_review_required,The claim is limited to recording and carries no physical-development lifecycle meaning.,MM 853/34-38
LH-CLM-TRACT-16386,LH-TRACT-16386,legal_recording_milestone,County tract map 16386 was recorded 2004-02-13.,2004-02-13,,day,legal_subdivision,LH-OBS-TRACT-16386,LH-SRC-OC-TRACTS,direct_observation,documented_exact,high,no_conflict_identified,legal_map_relationship_review_required,The claim is limited to recording and carries no physical-development lifecycle meaning.,MM 852/45-49
LH-CLM-TRACT-16387,LH-TRACT-16387,legal_recording_milestone,County tract map 16387 was recorded 2004-02-04.,2004-02-04,,day,legal_subdivision,LH-OBS-TRACT-16387,LH-SRC-OC-TRACTS,direct_observation,documented_exact,high,no_conflict_identified,legal_map_relationship_review_required,The claim is limited to recording and carries no physical-development lifecycle meaning.,MM 853/47-50
LH-CLM-TRACT-16388,LH-TRACT-16388,legal_recording_milestone,County tract map 16388 was recorded 2004-01-30.,2004-01-30,,day,legal_subdivision,LH-OBS-TRACT-16388,LH-SRC-OC-TRACTS,direct_observation,documented_exact,high,no_conflict_identified,legal_map_relationship_review_required,The claim is limited to recording and carries no physical-development lifecycle meaning.,MM 854/1-5
LH-CLM-TRACT-16389,LH-TRACT-16389,legal_recording_milestone,County tract map 16389 was recorded 2003-02-06.,2003-02-06,,day,legal_subdivision,LH-OBS-TRACT-16389,LH-SRC-OC-TRACTS,direct_observation,documented_exact,high,no_conflict_identified,legal_map_relationship_review_required,The claim is limited to recording and carries no physical-development lifecycle meaning.,MM 839/24-26
LH-CLM-TRACT-16390,LH-TRACT-16390,legal_recording_milestone,County tract map 16390 was recorded 2004-04-23.,2004-04-23,,day,legal_subdivision,LH-OBS-TRACT-16390,LH-SRC-OC-TRACTS,direct_observation,documented_exact,high,no_conflict_identified,legal_map_relationship_review_required,The claim is limited to recording and carries no physical-development lifecycle meaning.,MM 856/30-34
LH-CLM-TRACT-16391,LH-TRACT-16391,legal_recording_milestone,County tract map 16391 was recorded 2004-10-29.,2004-10-29,,day,legal_subdivision,LH-OBS-TRACT-16391,LH-SRC-OC-TRACTS,direct_observation,documented_exact,high,no_conflict_identified,legal_map_relationship_review_required,The claim is limited to recording and carries no physical-development lifecycle meaning.,MM 861/29-35
LH-CLM-TRACT-16392,LH-TRACT-16392,legal_recording_milestone,County tract map 16392 was recorded 2004-07-06.,2004-07-06,,day,legal_subdivision,LH-OBS-TRACT-16392,LH-SRC-OC-TRACTS,direct_observation,documented_exact,high,no_conflict_identified,legal_map_relationship_review_required,The claim is limited to recording and carries no physical-development lifecycle meaning.,MM 859/22-27
LH-CLM-TRACT-16393,LH-TRACT-16393,legal_recording_milestone,County tract map 16393 was recorded 2004-07-19.,2004-07-19,,day,legal_subdivision,LH-OBS-TRACT-16393,LH-SRC-OC-TRACTS,direct_observation,documented_exact,high,no_conflict_identified,legal_map_relationship_review_required,The claim is limited to recording and carries no physical-development lifecycle meaning.,MM 859/17-21
LH-CLM-TRACT-16394,LH-TRACT-16394,legal_recording_milestone,County tract map 16394 was recorded 2004-07-06.,2004-07-06,,day,legal_subdivision,LH-OBS-TRACT-16394,LH-SRC-OC-TRACTS,direct_observation,documented_exact,high,no_conflict_identified,legal_map_relationship_review_required,The claim is limited to recording and carries no physical-development lifecycle meaning.,MM 859/33-37
LH-CLM-TRACT-16395,LH-TRACT-16395,legal_recording_milestone,County tract map 16395 was recorded 2004-10-28.,2004-10-28,,day,legal_subdivision,LH-OBS-TRACT-16395,LH-SRC-OC-TRACTS,direct_observation,documented_exact,high,no_conflict_identified,legal_map_relationship_review_required,The claim is limited to recording and carries no physical-development lifecycle meaning.,MM 861/36-41
LH-CLM-TRACT-16400,LH-TRACT-16400,legal_recording_milestone,County tract map 16400 was recorded 2004-07-06.,2004-07-06,,day,legal_subdivision,LH-OBS-TRACT-16400,LH-SRC-OC-TRACTS,direct_observation,documented_exact,high,no_conflict_identified,legal_map_relationship_review_required,The claim is limited to recording and carries no physical-development lifecycle meaning.,MM 859/28-32
LH-CLM-TRACT-16414,LH-TRACT-16414,legal_recording_milestone,County tract map 16414 was recorded 2003-02-06.,2003-02-06,,day,legal_subdivision,LH-OBS-TRACT-16414,LH-SRC-OC-TRACTS,direct_observation,documented_exact,high,no_conflict_identified,legal_map_relationship_review_required,The claim is limited to recording and carries no physical-development lifecycle meaning.,MM 838/47-50
LH-CLM-TRACT-16471,LH-TRACT-16471,legal_recording_milestone,County tract map 16471 was recorded 2004-10-28.,2004-10-28,,day,legal_subdivision,LH-OBS-TRACT-16471,LH-SRC-OC-TRACTS,direct_observation,documented_exact,high,no_conflict_identified,no_material_overlap_found,The claim is limited to recording and carries no physical-development lifecycle meaning.,MM 861/42-49
LH-CLM-TRACT-16472,LH-TRACT-16472,legal_recording_milestone,County tract map 16472 was recorded 2004-10-26.,2004-10-26,,day,legal_subdivision,LH-OBS-TRACT-16472,LH-SRC-OC-TRACTS,direct_observation,documented_exact,high,no_conflict_identified,no_material_overlap_found,The claim is limited to recording and carries no physical-development lifecycle meaning.,MM 862/1-10
LH-CLM-TRACT-16473,LH-TRACT-16473,legal_recording_milestone,County tract map 16473 was recorded 2004-10-26.,2004-10-26,,day,legal_subdivision,LH-OBS-TRACT-16473,LH-SRC-OC-TRACTS,direct_observation,documented_exact,high,no_conflict_identified,no_material_overlap_found,The claim is limited to recording and carries no physical-development lifecycle meaning.,MM 862/11-20
LH-CLM-TRACT-16504,LH-TRACT-16504,legal_recording_milestone,County tract map 16504 was recorded 2004-04-30.,2004-04-30,,day,legal_subdivision,LH-OBS-TRACT-16504,LH-SRC-OC-TRACTS,direct_observation,documented_exact,high,no_conflict_identified,legal_map_relationship_review_required,The claim is limited to recording and carries no physical-development lifecycle meaning.,MM 856/37-41
LH-CLM-TRACT-16505,LH-TRACT-16505,legal_recording_milestone,County tract map 16505 was recorded 2004-04-30.,2004-04-30,,day,legal_subdivision,LH-OBS-TRACT-16505,LH-SRC-OC-TRACTS,direct_observation,documented_exact,high,no_conflict_identified,legal_map_relationship_review_required,The claim is limited to recording and carries no physical-development lifecycle meaning.,MM 856/42-46
LH-CLM-TRACT-16515,LH-TRACT-16515,legal_recording_milestone,County tract map 16515 was recorded 2003-10-27.,2003-10-27,,day,legal_subdivision,LH-OBS-TRACT-16515,LH-SRC-OC-TRACTS,direct_observation,documented_exact,high,no_conflict_identified,legal_map_relationship_review_required,The claim is limited to recording and carries no physical-development lifecycle meaning.,MM 850/21-25
LH-CLM-TRACT-16586,LH-TRACT-16586,legal_recording_milestone,County tract map 16586 was recorded 2004-06-10.,2004-06-10,,day,legal_subdivision,LH-OBS-TRACT-16586,LH-SRC-OC-TRACTS,direct_observation,documented_exact,high,no_conflict_identified,no_material_overlap_found,The claim is limited to recording and carries no physical-development lifecycle meaning.,MM 858/29-44
LH-CLM-TRACT-16667,LH-TRACT-16667,legal_recording_milestone,County tract map 16667 was recorded 2004-10-29.,2004-10-29,,day,legal_subdivision,LH-OBS-TRACT-16667,LH-SRC-OC-TRACTS,direct_observation,documented_exact,high,no_conflict_identified,legal_map_relationship_review_required,The claim is limited to recording and carries no physical-development lifecycle meaning.,MM 861/25-28
LH-CLM-TRACT-16687,LH-TRACT-16687,legal_recording_milestone,County tract map 16687 was recorded 2005-04-14.,2005-04-14,,day,legal_subdivision,LH-OBS-TRACT-16687,LH-SRC-OC-TRACTS,direct_observation,documented_exact,high,no_conflict_identified,legal_map_relationship_review_required,The claim is limited to recording and carries no physical-development lifecycle meaning.,MM 865/34-39
LH-CLM-LH-EVT-001,LH-FEAT-COMMUNITY,eir_certification,Board of Supervisors certifies Final EIR 555,1995-10-17,,day,historical_event,LH-OBS-LH-EVT-001,LH-SRC-OC-EIR-CERT,direct_observation,documented_exact,high,conflict_documented,reviewed_first_edition,Developer retrospective separately describes County approval in 1997; the exact broader entitlement action remains to be retrieved,Official County staff record retrospectively identifies the certification date
LH-CLM-LH-EVT-001B,LH-FEAT-COMMUNITY,approval_claim,Developer retrospective places County approval in 1997,1997-01-01,1997-12-31,year,historical_event,LH-OBS-LH-EVT-001B,LH-SRC-RMV-PLANNING,direct_observation,documented_approximate,low,conflict_documented,reviewed_first_edition,Official County record dates Final EIR 555 certification to 1995-10-17; the retrospective does not identify the 1997 action,"Preserved as a source claim, not treated as the exact entitlement action"
LH-CLM-LH-EVT-002,LH-FEAT-COMMUNITY,development_start,Development begins,1998-01-01,1998-12-31,year,historical_event,LH-OBS-LH-EVT-002,LH-SRC-ULI-CASE,direct_observation,documented_approximate,medium,no_conflict_identified,reviewed_first_edition,,Substantial completion is separately dated to 2006
LH-CLM-LH-EVT-003,LH-FEAT-COMMUNITY,standards_approval,Original alternative development standards approved,1998-04-07,,day,historical_event,LH-OBS-LH-EVT-003,LH-SRC-OC-ADS,direct_observation,documented_exact,high,no_conflict_identified,reviewed_first_edition,,Regulatory milestone only
LH-CLM-LH-EVT-004,LH-FEAT-UTILITIES,utilities,Phase 1 utility environmental record received,1999-03-09,,day,historical_event,LH-OBS-LH-EVT-004,LH-SRC-CEQANET-UTILITIES,direct_observation,documented_exact,high,no_conflict_identified,reviewed_first_edition,,Includes domestic and nondomestic water sewer force mains pump station and lift station
LH-CLM-LH-EVT-005,LH-FEAT-COMMUNITY,standards_approval,Alternative development standards approval,1999-03-09,,day,historical_event,LH-OBS-LH-EVT-005,LH-SRC-OC-ADS,direct_observation,documented_exact,high,no_conflict_identified,reviewed_first_edition,,Regulatory milestone only
LH-CLM-LH-EVT-006,LH-FEAT-SALES,sales,Dirt Tour sales begin,1999-08-01,1999-08-31,month,historical_event,LH-OBS-LH-EVT-006,LH-SRC-LARMAC-TIMELINE,direct_observation,documented_exact,medium,no_conflict_identified,reviewed_first_edition,,Exact day not published
LH-CLM-LH-EVT-007,LH-FEAT-SALES,sales,93 new homes sold,1999-10-01,1999-10-31,month,historical_event,LH-OBS-LH-EVT-007,LH-SRC-LARMAC-TIMELINE,direct_observation,documented_exact,medium,no_conflict_identified,reviewed_first_edition,,Sales figure awaits original sales ledger corroboration
LH-CLM-LH-EVT-008,LH-FEAT-OCCUPANCY,occupancy,First resident moves in,1999-12-14,,day,historical_event,LH-OBS-LH-EVT-008,LH-SRC-LARMAC-TIMELINE,direct_observation,documented_exact,medium,no_conflict_identified,reviewed_first_edition,,Community-level event; village assignment is not encoded without a primary occupancy record
LH-CLM-LH-EVT-009,LH-FEAT-COMMUNITY,standards_approval,Chief County Engineer approves standards supplement 3,2000-02-28,,day,historical_event,LH-OBS-LH-EVT-009,LH-SRC-OC-ADS,direct_observation,documented_exact,high,no_conflict_identified,reviewed_first_edition,,Regulatory milestone only
LH-CLM-LH-EVT-010,LH-FEAT-SALES,sales,562 total new homes sold,2000-03-01,2000-03-31,month,historical_event,LH-OBS-LH-EVT-010,LH-SRC-LARMAC-TIMELINE,direct_observation,documented_exact,medium,no_conflict_identified,reviewed_first_edition,,Timeline reports 469 new and 562 total
LH-CLM-LH-EVT-011,LH-FEAT-OAK-KNOLL-CLUBHOUSE,clubhouse,Oak Knoll Clubhouse opens,2000-03-01,2000-03-31,month,historical_event,LH-OBS-LH-EVT-011,LH-SRC-LARMAC-TIMELINE,direct_observation,documented_exact,medium,no_conflict_identified,reviewed_first_edition,,Exact day not published
LH-CLM-LH-EVT-012,LH-FEAT-SALES,sales,1546 total new homes sold,2001-02-01,2001-02-28,month,historical_event,LH-OBS-LH-EVT-012,LH-SRC-LARMAC-TIMELINE,direct_observation,documented_exact,medium,no_conflict_identified,reviewed_first_edition,,Timeline reports 984 new and 31 neighborhoods open
LH-CLM-LH-EVT-013,LH-FEAT-SPORTS-PARK,park,Ladera Ranch Sports Park opens,2001-06-01,2001-06-30,month,historical_event,LH-OBS-LH-EVT-013,LH-SRC-LARMAC-TIMELINE,direct_observation,documented_exact,medium,no_conflict_identified,reviewed_first_edition,,Exact day not published
LH-CLM-LH-EVT-014,LH-SCHOOL-CHAPARRAL,school,Chaparral Elementary opens,2001-09-01,2001-09-30,month,historical_event,LH-OBS-LH-EVT-014,LH-SRC-CUSD-CHAPARRAL,direct_observation,documented_exact,high,no_conflict_identified,reviewed_first_edition,,Exact day not published
LH-CLM-LH-EVT-015,LH-FEAT-BRIDGEPARK-PLAZA,commercial,Bridgepark Plaza opens,2001-10-01,2001-10-31,month,historical_event,LH-OBS-LH-EVT-015,LH-SRC-LARMAC-TIMELINE,direct_observation,documented_exact,medium,no_conflict_identified,reviewed_first_edition,,Exact day not published
LH-CLM-LH-EVT-016,LH-FEAT-TOWN-GREEN,park,Town Green opens,2001-10-01,2001-10-31,month,historical_event,LH-OBS-LH-EVT-016,LH-SRC-LARMAC-TIMELINE,direct_observation,documented_exact,medium,no_conflict_identified,reviewed_first_edition,,Exact day not published
LH-CLM-LH-EVT-017,LH-FEAT-SALES,sales,2488 total new homes sold,2002-03-01,2002-03-31,month,historical_event,LH-OBS-LH-EVT-017,LH-SRC-LARMAC-TIMELINE,direct_observation,documented_exact,medium,no_conflict_identified,reviewed_first_edition,,Timeline reports 942 new and 54 neighborhoods open
LH-CLM-LH-EVT-018,LH-FEAT-AVENDALE-CLUBHOUSE,clubhouse,Avendale Village Clubhouse opens,2002-06-01,2002-06-30,month,historical_event,LH-OBS-LH-EVT-018,LH-SRC-LARMAC-TIMELINE,direct_observation,documented_exact,medium,no_conflict_identified,reviewed_first_edition,,Exact day not published
LH-CLM-LH-EVT-019,LH-FEAT-SALES,sales,3987 total new homes sold,2003-04-01,2003-04-30,month,historical_event,LH-OBS-LH-EVT-019,LH-SRC-LARMAC-TIMELINE,direct_observation,documented_exact,medium,no_conflict_identified,reviewed_first_edition,,Timeline also reports population 6112
LH-CLM-LH-EVT-020,LH-FEAT-FOUNDERS-PARK,park,Founders Park opens,2003-07-01,2003-07-31,month,historical_event,LH-OBS-LH-EVT-020,LH-SRC-LARMAC-TIMELINE,direct_observation,documented_exact,medium,no_conflict_identified,reviewed_first_edition,,Community timeline month conflicts with school reports exact August 27 opening; events are preserved separately
LH-CLM-LH-EVT-021,LH-FEAT-LIBRARY,library,Ladera Ranch Library opens,2003-07-01,2003-07-31,month,historical_event,LH-OBS-LH-EVT-021,LH-SRC-LARMAC-TIMELINE,direct_observation,documented_exact,medium,no_conflict_identified,reviewed_first_edition,,Exact day not published
LH-CLM-LH-EVT-022,LH-FEAT-COMMUNITY,plan_revision,Ladera Planned Community Program revised,2003-07-30,,day,historical_event,LH-OBS-LH-EVT-022,LH-SRC-OC-PC,direct_observation,documented_exact,high,no_conflict_identified,reviewed_first_edition,,Statistical summary amended by Orange County Planning Commission
LH-CLM-LH-EVT-023,LH-SCHOOL-LRES,school,Ladera Ranch School opens,2003-08-27,,day,historical_event,LH-OBS-LH-EVT-023,LH-SRC-CUSD-LRES;LH-SRC-CUSD-LRMS,direct_observation,documented_exact,high,conflict_documented,reviewed_first_edition,LARMAC retrospective groups the schools under July 2003; official school reports give August 27,Shared elementary and middle campus
LH-CLM-LH-EVT-024,LH-FEAT-SALES,sales,5087 total new homes sold,2004-01-01,2004-01-31,month,historical_event,LH-OBS-LH-EVT-024,LH-SRC-LARMAC-TIMELINE,direct_observation,documented_exact,medium,no_conflict_identified,reviewed_first_edition,,Timeline reports 1100 new homes since prior milestone
LH-CLM-LH-EVT-025,LH-SCHOOL-LRMS,school,Ladera Ranch School splits into elementary and middle schools,2004-01-01,2004-12-31,year,historical_event,LH-OBS-LH-EVT-025,LH-SRC-CUSD-LRMS,direct_observation,documented_exact,high,no_conflict_identified,reviewed_first_edition,,Exact date not published
LH-CLM-LH-EVT-026,LH-FEAT-VILLAGE-CLUBHOUSES,clubhouse,Flintridge and Covenant Hills village clubhouses open,2004-12-01,2004-12-31,month,historical_event,LH-OBS-LH-EVT-026,LH-SRC-LARMAC-TIMELINE,direct_observation,documented_exact,medium,no_conflict_identified,reviewed_first_edition,,Exact days not published
LH-CLM-LH-EVT-027,LH-FEAT-SALES,sales,5879 total new homes sold,2005-02-01,2005-02-28,month,historical_event,LH-OBS-LH-EVT-027,LH-SRC-LARMAC-TIMELINE,direct_observation,documented_exact,medium,no_conflict_identified,reviewed_first_edition,,Timeline reports 792 new homes since prior milestone
LH-CLM-LH-EVT-028,LH-SCHOOL-OSO-GRANDE,school,Oso Grande Elementary opens,2005-08-24,,day,historical_event,LH-OBS-LH-EVT-028,LH-SRC-CDE-OSO,direct_observation,documented_exact,high,no_conflict_identified,reviewed_first_edition,,Official registry date
LH-CLM-LH-EVT-029,LH-FEAT-2005-PARKS,park,Skate Park Wagsdale Park and Terramor Water Park open,2005-11-01,2005-11-30,month,historical_event,LH-OBS-LH-EVT-029,LH-SRC-LARMAC-TIMELINE,direct_observation,documented_exact,medium,no_conflict_identified,reviewed_first_edition,,Exact days not published
LH-CLM-LH-EVT-030,LH-FEAT-SALES,sales,6380 total new homes sold,2006-03-01,2006-03-31,month,historical_event,LH-OBS-LH-EVT-030,LH-SRC-LARMAC-TIMELINE,direct_observation,documented_exact,medium,no_conflict_identified,reviewed_first_edition,,Timeline reports 501 new homes since prior milestone
LH-CLM-LH-EVT-031,LH-FEAT-COMMUNITY,substantial_completion,Community substantially completed,2006-01-01,2006-12-31,year,historical_event,LH-OBS-LH-EVT-031,LH-SRC-ULI-CASE,direct_observation,documented_approximate,medium,no_conflict_identified,reviewed_first_edition,,Custom lots and later sales remained
LH-CLM-LH-EVT-032,LH-FEAT-SALES,sales,Community sells out except custom lots,2007-04-01,2007-04-30,month,historical_event,LH-OBS-LH-EVT-032,LH-SRC-LARMAC-TIMELINE,direct_observation,documented_exact,medium,no_conflict_identified,reviewed_first_edition,,Timeline reports 6585 total new homes sold
LH-CLM-LH-EVT-033,LH-FEAT-SALES,sales,6631 total new homes sold,2008-01-01,2008-01-31,month,historical_event,LH-OBS-LH-EVT-033,LH-SRC-LARMAC-TIMELINE,direct_observation,documented_exact,medium,no_conflict_identified,reviewed_first_edition,,Later custom-lot completion remains unresolved
LH-CLM-LH-EVT-M5-001,LH-PHASE-I,builder_selection,"Nine builders selected for the initial approximately 1,000-home phase",1998-01-20,,day,historical_event,LH-OBS-LH-EVT-M5-001,LH-SRC-LAT-BUILDERS-1998,direct_observation,documented_exact,medium,conflict_documented,reviewed_mission5,The 1999 announcement lists eight builders and revised allocations; both dated selections are retained.,Selection is not a construction-start date.
LH-CLM-LH-EVT-M5-002,LH-VILLAGE-OAK-KNOLL,builder_selection,Eight Phase I builders and revised unit allocations announced,1999-05-04,,day,historical_event,LH-OBS-LH-EVT-M5-002,LH-SRC-LAT-PHASE1-1999,direct_observation,documented_exact,medium,conflict_documented,reviewed_mission5,"Supersedes or revises the 1998 selection, but the article does not state the legal change mechanism.",Builder selection is not a physical-construction milestone.
LH-CLM-LH-EVT-M5-003,LH-VILLAGE-OAK-KNOLL,model_and_sales_opening,Oak Knoll grand opening and model-home access,1999-07-31,,day,historical_event,LH-OBS-LH-EVT-M5-003,LH-SRC-LAT-OPENING-1999;LH-SRC-PROB-TRAILS-1999,direct_observation,documented_exact,high,no_conflict_identified,reviewed_mission5,,Opening and sales evidence does not establish occupancy.
LH-CLM-LH-EVT-M5-004,LH-VILLAGE-OAK-KNOLL,escrow_closing,Contemporary report dates first Oak Knoll residents' escrow closing,1999-11-29,,day,historical_event,LH-OBS-LH-EVT-M5-004,LH-SRC-LAT-FIRST-RESIDENT-1999,direct_observation,documented_exact,medium,conflict_documented,reviewed_mission5,Official retrospective instead dates the first resident to 1999-12-14.,Named-address geometry is not published in the archived article.
LH-CLM-LH-EVT-M5-005,LH-VILLAGE-OAK-KNOLL,first_reported_overnight_occupancy,Contemporary report says first Oak Knoll couple spent the night,1999-11-30,,day,historical_event,LH-OBS-LH-EVT-M5-005,LH-SRC-LAT-FIRST-RESIDENT-1999,direct_observation,documented_exact,medium,conflict_documented,reviewed_mission5,Official retrospective instead dates the first resident to 1999-12-14.,Article reports no gas or electricity that first night; no habitability conclusion is inferred.
LH-CLM-LH-ABS-CFD-99-1-PHASE-I-1999,LH-CFD-99-1-PHASE-I,annual_built_and_occupied_absorption,97 units absorbed under the report definition during 1999,1999-01-01,1999-12-31,year,cfd_aggregate,LH-OBS-LH-ABS-CFD-99-1-PHASE-I-1999,LH-SRC-OC-BOND-2006Q4,direct_observation,documented_exact,high,no_conflict_identified,reviewed_mission5,"Annual CFD aggregate is nonspatial and cannot be assigned to a tract, address, or household.",Absorption = Built and Occupied
LH-CLM-LH-ABS-CFD-99-1-PHASE-I-2000,LH-CFD-99-1-PHASE-I,annual_built_and_occupied_absorption,557 units absorbed under the report definition during 2000,2000-01-01,2000-12-31,year,cfd_aggregate,LH-OBS-LH-ABS-CFD-99-1-PHASE-I-2000,LH-SRC-OC-BOND-2006Q4,direct_observation,documented_exact,high,no_conflict_identified,reviewed_mission5,"Annual CFD aggregate is nonspatial and cannot be assigned to a tract, address, or household.",Absorption = Built and Occupied
LH-CLM-LH-ABS-CFD-99-1-PHASE-I-2001,LH-CFD-99-1-PHASE-I,annual_built_and_occupied_absorption,276 units absorbed under the report definition during 2001,2001-01-01,2001-12-31,year,cfd_aggregate,LH-OBS-LH-ABS-CFD-99-1-PHASE-I-2001,LH-SRC-OC-BOND-2006Q4,direct_observation,documented_exact,high,no_conflict_identified,reviewed_mission5,"Annual CFD aggregate is nonspatial and cannot be assigned to a tract, address, or household.",Absorption = Built and Occupied
LH-CLM-LH-ABS-CFD-99-1-PHASE-I-2002,LH-CFD-99-1-PHASE-I,annual_built_and_occupied_absorption,30 units absorbed under the report definition during 2002,2002-01-01,2002-12-31,year,cfd_aggregate,LH-OBS-LH-ABS-CFD-99-1-PHASE-I-2002,LH-SRC-OC-BOND-2006Q4,direct_observation,documented_exact,high,no_conflict_identified,reviewed_mission5,"Annual CFD aggregate is nonspatial and cannot be assigned to a tract, address, or household.",Absorption = Built and Occupied
LH-CLM-LH-ABS-CFD-99-1-PHASE-I-2003,LH-CFD-99-1-PHASE-I,annual_built_and_occupied_absorption,0 units absorbed under the report definition during 2003,2003-01-01,2003-12-31,year,cfd_aggregate,LH-OBS-LH-ABS-CFD-99-1-PHASE-I-2003,LH-SRC-OC-BOND-2006Q4,direct_observation,documented_exact,high,no_conflict_identified,reviewed_mission5,"Annual CFD aggregate is nonspatial and cannot be assigned to a tract, address, or household.",Absorption = Built and Occupied
LH-CLM-LH-ABS-CFD-99-1-PHASE-I-2004,LH-CFD-99-1-PHASE-I,annual_built_and_occupied_absorption,14 units absorbed under the report definition during 2004,2004-01-01,2004-12-31,year,cfd_aggregate,LH-OBS-LH-ABS-CFD-99-1-PHASE-I-2004,LH-SRC-OC-BOND-2006Q4,direct_observation,documented_exact,high,no_conflict_identified,reviewed_mission5,"Annual CFD aggregate is nonspatial and cannot be assigned to a tract, address, or household.",Absorption = Built and Occupied
LH-CLM-LH-ABS-CFD-99-1-PHASE-I-2005,LH-CFD-99-1-PHASE-I,annual_built_and_occupied_absorption,98 units absorbed under the report definition during 2005,2005-01-01,2005-12-31,year,cfd_aggregate,LH-OBS-LH-ABS-CFD-99-1-PHASE-I-2005,LH-SRC-OC-BOND-2006Q4,direct_observation,documented_exact,high,no_conflict_identified,reviewed_mission5,"Annual CFD aggregate is nonspatial and cannot be assigned to a tract, address, or household.",Absorption = Built and Occupied
LH-CLM-LH-ABS-CFD-99-1-PHASE-I-2006,LH-CFD-99-1-PHASE-I,annual_built_and_occupied_absorption,57 units absorbed under the report definition during 2006,2006-01-01,2006-12-31,year,cfd_aggregate,LH-OBS-LH-ABS-CFD-99-1-PHASE-I-2006,LH-SRC-OC-BOND-2006Q4,direct_observation,documented_exact,high,no_conflict_identified,reviewed_mission5,"Annual CFD aggregate is nonspatial and cannot be assigned to a tract, address, or household.",Absorption = Built and Occupied
LH-CLM-LH-ABS-CFD-2002-1-URBAN-ACTIVITY-CENTER-2003,LH-CFD-2002-1-URBAN-ACTIVITY-CENTER,annual_built_and_occupied_absorption,158 units absorbed under the report definition during 2003,2003-01-01,2003-12-31,year,cfd_aggregate,LH-OBS-LH-ABS-CFD-2002-1-URBAN-ACTIVITY-CENTER-2003,LH-SRC-OC-BOND-2006Q4,direct_observation,documented_exact,high,no_conflict_identified,reviewed_mission5,"Annual CFD aggregate is nonspatial and cannot be assigned to a tract, address, or household.",Absorption = Built and Occupied
LH-CLM-LH-ABS-CFD-2002-1-URBAN-ACTIVITY-CENTER-2004,LH-CFD-2002-1-URBAN-ACTIVITY-CENTER,annual_built_and_occupied_absorption,179 units absorbed under the report definition during 2004,2004-01-01,2004-12-31,year,cfd_aggregate,LH-OBS-LH-ABS-CFD-2002-1-URBAN-ACTIVITY-CENTER-2004,LH-SRC-OC-BOND-2006Q4,direct_observation,documented_exact,high,no_conflict_identified,reviewed_mission5,"Annual CFD aggregate is nonspatial and cannot be assigned to a tract, address, or household.",Absorption = Built and Occupied
LH-CLM-LH-ABS-CFD-2002-1-URBAN-ACTIVITY-CENTER-2005,LH-CFD-2002-1-URBAN-ACTIVITY-CENTER,annual_built_and_occupied_absorption,49 units absorbed under the report definition during 2005,2005-01-01,2005-12-31,year,cfd_aggregate,LH-OBS-LH-ABS-CFD-2002-1-URBAN-ACTIVITY-CENTER-2005,LH-SRC-OC-BOND-2006Q4,direct_observation,documented_exact,high,no_conflict_identified,reviewed_mission5,"Annual CFD aggregate is nonspatial and cannot be assigned to a tract, address, or household.",Absorption = Built and Occupied
LH-CLM-LH-ABS-CFD-2003-1-PHASE-V-2004,LH-CFD-2003-1-PHASE-V,annual_built_and_occupied_absorption,741 units absorbed under the report definition during 2004,2004-01-01,2004-12-31,year,cfd_aggregate,LH-OBS-LH-ABS-CFD-2003-1-PHASE-V-2004,LH-SRC-OC-BOND-2006Q4,direct_observation,documented_exact,high,no_conflict_identified,reviewed_mission5,"Annual CFD aggregate is nonspatial and cannot be assigned to a tract, address, or household.",Absorption = Built and Occupied
LH-CLM-LH-ABS-CFD-2003-1-PHASE-V-2005,LH-CFD-2003-1-PHASE-V,annual_built_and_occupied_absorption,375 units absorbed under the report definition during 2005,2005-01-01,2005-12-31,year,cfd_aggregate,LH-OBS-LH-ABS-CFD-2003-1-PHASE-V-2005,LH-SRC-OC-BOND-2006Q4,direct_observation,documented_exact,high,no_conflict_identified,reviewed_mission5,"Annual CFD aggregate is nonspatial and cannot be assigned to a tract, address, or household.",Absorption = Built and Occupied
LH-CLM-LH-ABS-CFD-2003-1-PHASE-V-2006,LH-CFD-2003-1-PHASE-V,annual_built_and_occupied_absorption,126 units absorbed under the report definition during 2006,2006-01-01,2006-12-31,year,cfd_aggregate,LH-OBS-LH-ABS-CFD-2003-1-PHASE-V-2006,LH-SRC-OC-BOND-2006Q4,direct_observation,documented_exact,high,no_conflict_identified,reviewed_mission5,"Annual CFD aggregate is nonspatial and cannot be assigned to a tract, address, or household.",Absorption = Built and Occupied
LH-CLM-LH-ABS-CFD-2004-1-PHASE-VI-2005,LH-CFD-2004-1-PHASE-VI,annual_built_and_occupied_absorption,312 units absorbed under the report definition during 2005,2005-01-01,2005-12-31,year,cfd_aggregate,LH-OBS-LH-ABS-CFD-2004-1-PHASE-VI-2005,LH-SRC-OC-BOND-2006Q4;LH-SRC-OC-BOND-2011Q4,direct_observation,documented_exact,high,no_conflict_identified,reviewed_mission5,"Annual CFD aggregate is nonspatial and cannot be assigned to a tract, address, or household.",Absorption = Built and Occupied
LH-CLM-LH-ABS-CFD-2004-1-PHASE-VI-2006,LH-CFD-2004-1-PHASE-VI,annual_built_and_occupied_absorption,393 units absorbed under the report definition during 2006,2006-01-01,2006-12-31,year,cfd_aggregate,LH-OBS-LH-ABS-CFD-2004-1-PHASE-VI-2006,LH-SRC-OC-BOND-2006Q4;LH-SRC-OC-BOND-2011Q4,direct_observation,documented_exact,high,no_conflict_identified,reviewed_mission5,"Annual CFD aggregate is nonspatial and cannot be assigned to a tract, address, or household.",Absorption = Built and Occupied
LH-CLM-LH-ABS-CFD-2004-1-PHASE-VI-2007,LH-CFD-2004-1-PHASE-VI,annual_built_and_occupied_absorption,141 units absorbed under the report definition during 2007,2007-01-01,2007-12-31,year,cfd_aggregate,LH-OBS-LH-ABS-CFD-2004-1-PHASE-VI-2007,LH-SRC-OC-BOND-2006Q4;LH-SRC-OC-BOND-2011Q4,direct_observation,documented_exact,high,no_conflict_identified,reviewed_mission5,"Annual CFD aggregate is nonspatial and cannot be assigned to a tract, address, or household.",Absorption = Built and Occupied
LH-CLM-LH-ABS-CFD-2004-1-PHASE-VI-2008,LH-CFD-2004-1-PHASE-VI,annual_built_and_occupied_absorption,31 units absorbed under the report definition during 2008,2008-01-01,2008-12-31,year,cfd_aggregate,LH-OBS-LH-ABS-CFD-2004-1-PHASE-VI-2008,LH-SRC-OC-BOND-2006Q4;LH-SRC-OC-BOND-2011Q4,direct_observation,documented_exact,high,no_conflict_identified,reviewed_mission5,"Annual CFD aggregate is nonspatial and cannot be assigned to a tract, address, or household.",Absorption = Built and Occupied
LH-CLM-LH-ABS-CFD-2004-1-PHASE-VI-2009,LH-CFD-2004-1-PHASE-VI,annual_built_and_occupied_absorption,15 units absorbed under the report definition during 2009,2009-01-01,2009-12-31,year,cfd_aggregate,LH-OBS-LH-ABS-CFD-2004-1-PHASE-VI-2009,LH-SRC-OC-BOND-2006Q4;LH-SRC-OC-BOND-2011Q4,direct_observation,documented_exact,high,no_conflict_identified,reviewed_mission5,"Annual CFD aggregate is nonspatial and cannot be assigned to a tract, address, or household.",Absorption = Built and Occupied
LH-CLM-LH-ABS-CFD-2004-1-PHASE-VI-2010,LH-CFD-2004-1-PHASE-VI,annual_built_and_occupied_absorption,0 units absorbed under the report definition during 2010,2010-01-01,2010-12-31,year,cfd_aggregate,LH-OBS-LH-ABS-CFD-2004-1-PHASE-VI-2010,LH-SRC-OC-BOND-2006Q4;LH-SRC-OC-BOND-2011Q4,direct_observation,documented_exact,high,no_conflict_identified,reviewed_mission5,"Annual CFD aggregate is nonspatial and cannot be assigned to a tract, address, or household.",Absorption = Built and Occupied
LH-CLM-IMG-M5-2005-01,LH-COMMUNITY-LADERA-RANCH,developed_roof_and_street_pattern,"Dense roof, street, and landscaped-block patterns are visible across northern and central Ladera.",2005-06-07,,day,imagery_visible_state,LH-IMGOBS-M5-2005-01,LH-SRC-CDFW-NAIP-2005,visual_observation,visual_interpretation,medium,no_conflict_identified,reviewed_mission5,"Visual classification only. It does not establish legal completion, habitability, occupancy, permit status, or continuous activity between capture dates.",full community image; northern and central portions
LH-CLM-IMG-M5-2005-02,LH-VILLAGE-COVENANT-HILLS,broad_visible_land_disturbance,"The southernmost village area contains extensive light-toned disturbed ground, curvilinear roads, and prepared pads.",2005-06-07,,day,imagery_visible_state,LH-IMGOBS-M5-2005-02,LH-SRC-CDFW-NAIP-2005,visual_observation,visual_interpretation,high,no_conflict_identified,reviewed_mission5,"Visual classification only. It does not establish legal completion, habitability, occupancy, permit status, or continuous activity between capture dates.",southern image region
LH-CLM-IMG-M5-2005-03,LH-VILLAGE-COVENANT-HILLS,mixed_roofs_and_prepared_pads,"Southern development areas show a mixture of roofed structures, road infrastructure, and unroofed prepared pads.",2005-06-07,,day,imagery_visible_state,LH-IMGOBS-M5-2005-03,LH-SRC-CDFW-NAIP-2005,visual_observation,visual_interpretation,high,no_conflict_identified,reviewed_mission5,"Visual classification only. It does not establish legal completion, habitability, occupancy, permit status, or continuous activity between capture dates.",southern image region
LH-CLM-IMG-M5-2009-01,LH-VILLAGE-COVENANT-HILLS,roof_pattern_expansion,"By the 2009 capture, dense roof patterns occupy most production-neighborhood streets that appeared as disturbed or partly built areas in 2005.",2009-06-18,2009-06-22,date_range,imagery_visible_state,LH-IMGOBS-M5-2009-01,LH-SRC-CDFW-NAIP-2005;LH-SRC-CDFW-NAIP-2009,visual_observation,visual_interpretation,high,no_conflict_identified,reviewed_mission5,"Visual classification only. It does not establish legal completion, habitability, occupancy, permit status, or continuous activity between capture dates.",side-by-side southern image comparison
LH-CLM-IMG-M5-2009-02,LH-CUSTOM-COVENANT-HILLS,scattered_roofs_and_vacant_pads,The southeastern custom-home street loops contain scattered roofs interspersed with numerous visibly vacant prepared lots.,2009-06-18,2009-06-22,date_range,imagery_visible_state,LH-IMGOBS-M5-2009-02,LH-SRC-CDFW-NAIP-2009,visual_observation,visual_interpretation,high,no_conflict_identified,reviewed_mission5,"Visual classification only. It does not establish legal completion, habitability, occupancy, permit status, or continuous activity between capture dates.",southeastern custom-home image region
LH-CLM-IMG-M5-2010-01,LH-CUSTOM-COVENANT-HILLS,scattered_roofs_and_vacant_pads,The 2010 state continues to show scattered custom-home roofs and numerous vacant prepared lots in the southeastern loops.,2010-05-01,,day,imagery_visible_state,LH-IMGOBS-M5-2010-01,LH-SRC-CDFW-NAIP-2010,visual_observation,visual_interpretation,high,no_conflict_identified,reviewed_mission5,"Visual classification only. It does not establish legal completion, habitability, occupancy, permit status, or continuous activity between capture dates.",southeastern custom-home image region
LH-CLM-IMG-M5-2010-02,LH-COMMUNITY-LADERA-RANCH,no_broad_community_scale_earthwork_transition_visible,No broad community-scale earthwork transition is apparent between the 2009 and 2010 full-coverage states; individual-lot changes may still be present.,2009-06-18,2010-05-01,date_range,imagery_visible_state,LH-IMGOBS-M5-2010-02,LH-SRC-CDFW-NAIP-2009;LH-SRC-CDFW-NAIP-2010,visual_observation,visual_interpretation,medium,no_conflict_identified,reviewed_mission5,"Visual classification only. It does not establish legal completion, habitability, occupancy, permit status, or continuous activity between capture dates.",side-by-side full image comparison
LH-CLM-LH-PRODUCT-COVENANT-HILLS-ALISAL-2006,LH-PRODUCT-COVENANT-HILLS-ALISAL,builder_product_status_snapshot,"Alisal (Standard Pacific): 48 planned, 48 permits, and 48 closed escrows at 2006-12-31",2006-12-31,,day,builder_product,LH-OBS-LH-PRODUCT-COVENANT-HILLS-ALISAL-2006,LH-SRC-OC-BOND-2006Q4,direct_observation,documented_exact,high,conflict_documented,reviewed_mission5,"Product-level CFD counts are not address-level completion, habitability, or occupancy dates; closed escrow is not transferred to a tract geometry.",
LH-CLM-LH-PRODUCT-COVENANT-HILLS-ALISAL-2011,LH-PRODUCT-COVENANT-HILLS-ALISAL,builder_product_status_snapshot,"Alisal (Standard Pacific): 48 planned, 48 permits, and 48 closed escrows at 2011-12-31",2011-12-31,,day,builder_product,LH-OBS-LH-PRODUCT-COVENANT-HILLS-ALISAL-2011,LH-SRC-OC-BOND-2011Q4,direct_observation,documented_exact,high,conflict_documented,reviewed_mission5,"Product-level CFD counts are not address-level completion, habitability, or occupancy dates; closed escrow is not transferred to a tract geometry.",
LH-CLM-LH-PRODUCT-COVENANT-HILLS-AMARANTE-I-II-2006,LH-PRODUCT-COVENANT-HILLS-AMARANTE-I-II,builder_product_status_snapshot,"Amarante I & II (Lyon Homes): 71 planned, 71 permits, and 68 closed escrows at 2006-12-31",2006-12-31,,day,builder_product,LH-OBS-LH-PRODUCT-COVENANT-HILLS-AMARANTE-I-II-2006,LH-SRC-OC-BOND-2006Q4,direct_observation,documented_exact,high,no_conflict_identified,reviewed_mission5,"Product-level CFD counts are not address-level completion, habitability, or occupancy dates; closed escrow is not transferred to a tract geometry.",
LH-CLM-LH-PRODUCT-COVENANT-HILLS-AMARANTE-I-II-2011,LH-PRODUCT-COVENANT-HILLS-AMARANTE-I-II,builder_product_status_snapshot,"Amarante I & II (Lyon Homes): 71 planned, 71 permits, and 71 closed escrows at 2011-12-31",2011-12-31,,day,builder_product,LH-OBS-LH-PRODUCT-COVENANT-HILLS-AMARANTE-I-II-2011,LH-SRC-OC-BOND-2011Q4,direct_observation,documented_exact,high,no_conflict_identified,reviewed_mission5,"Product-level CFD counts are not address-level completion, habitability, or occupancy dates; closed escrow is not transferred to a tract geometry.",
LH-CLM-LH-PRODUCT-COVENANT-HILLS-ARBOLEDO-2006,LH-PRODUCT-COVENANT-HILLS-ARBOLEDO,builder_product_status_snapshot,"Arboledo (Warmington Homes): 62 planned, 60 permits, and 25 closed escrows at 2006-12-31",2006-12-31,,day,builder_product,LH-OBS-LH-PRODUCT-COVENANT-HILLS-ARBOLEDO-2006,LH-SRC-OC-BOND-2006Q4,direct_observation,documented_exact,high,no_conflict_identified,reviewed_mission5,"Product-level CFD counts are not address-level completion, habitability, or occupancy dates; closed escrow is not transferred to a tract geometry.",
LH-CLM-LH-PRODUCT-COVENANT-HILLS-ARBOLEDO-2011,LH-PRODUCT-COVENANT-HILLS-ARBOLEDO,builder_product_status_snapshot,"Arboledo (Warmington Homes): 62 planned, 62 permits, and 62 closed escrows at 2011-12-31",2011-12-31,,day,builder_product,LH-OBS-LH-PRODUCT-COVENANT-HILLS-ARBOLEDO-2011,LH-SRC-OC-BOND-2011Q4,direct_observation,documented_exact,high,no_conflict_identified,reviewed_mission5,"Product-level CFD counts are not address-level completion, habitability, or occupancy dates; closed escrow is not transferred to a tract geometry.",
LH-CLM-LH-PRODUCT-COVENANT-HILLS-BELLATAIRE-I-II-2006,LH-PRODUCT-COVENANT-HILLS-BELLATAIRE-I-II,builder_product_status_snapshot,"Bellataire I & II (Lyon Homes): 75 planned, 75 permits, and 70 closed escrows at 2006-12-31",2006-12-31,,day,builder_product,LH-OBS-LH-PRODUCT-COVENANT-HILLS-BELLATAIRE-I-II-2006,LH-SRC-OC-BOND-2006Q4,direct_observation,documented_exact,high,no_conflict_identified,reviewed_mission5,"Product-level CFD counts are not address-level completion, habitability, or occupancy dates; closed escrow is not transferred to a tract geometry.",
LH-CLM-LH-PRODUCT-COVENANT-HILLS-BELLATAIRE-I-II-2011,LH-PRODUCT-COVENANT-HILLS-BELLATAIRE-I-II,builder_product_status_snapshot,"Bellataire I & II (Lyon Homes): 75 planned, 75 permits, and 75 closed escrows at 2011-12-31",2011-12-31,,day,builder_product,LH-OBS-LH-PRODUCT-COVENANT-HILLS-BELLATAIRE-I-II-2011,LH-SRC-OC-BOND-2011Q4,direct_observation,documented_exact,high,no_conflict_identified,reviewed_mission5,"Product-level CFD counts are not address-level completion, habitability, or occupancy dates; closed escrow is not transferred to a tract geometry.",
LH-CLM-LH-PRODUCT-COVENANT-HILLS-CAPISTRANO-2006,LH-PRODUCT-COVENANT-HILLS-CAPISTRANO,builder_product_status_snapshot,"Capistrano (K. Hovnanian): 35 planned, 33 permits, and 12 closed escrows at 2006-12-31",2006-12-31,,day,builder_product,LH-OBS-LH-PRODUCT-COVENANT-HILLS-CAPISTRANO-2006,LH-SRC-OC-BOND-2006Q4,direct_observation,documented_exact,high,conflict_documented,reviewed_mission5,"Product-level CFD counts are not address-level completion, habitability, or occupancy dates; closed escrow is not transferred to a tract geometry.",
LH-CLM-LH-PRODUCT-COVENANT-HILLS-CAPISTRANO-2011,LH-PRODUCT-COVENANT-HILLS-CAPISTRANO,builder_product_status_snapshot,"Capistrano (K. Hovnanian): 35 planned, 35 permits, and 35 closed escrows at 2011-12-31",2011-12-31,,day,builder_product,LH-OBS-LH-PRODUCT-COVENANT-HILLS-CAPISTRANO-2011,LH-SRC-OC-BOND-2011Q4,direct_observation,documented_exact,high,conflict_documented,reviewed_mission5,"Product-level CFD counts are not address-level completion, habitability, or occupancy dates; closed escrow is not transferred to a tract geometry.",
LH-CLM-LH-PRODUCT-COVENANT-HILLS-CASTELLINA-2006,LH-PRODUCT-COVENANT-HILLS-CASTELLINA,builder_product_status_snapshot,"Castellina (Centex Homes): 82 planned, 82 permits, and 80 closed escrows at 2006-12-31",2006-12-31,,day,builder_product,LH-OBS-LH-PRODUCT-COVENANT-HILLS-CASTELLINA-2006,LH-SRC-OC-BOND-2006Q4,direct_observation,documented_exact,high,conflict_documented,reviewed_mission5,"Product-level CFD counts are not address-level completion, habitability, or occupancy dates; closed escrow is not transferred to a tract geometry.",
LH-CLM-LH-PRODUCT-COVENANT-HILLS-CASTELLINA-2011,LH-PRODUCT-COVENANT-HILLS-CASTELLINA,builder_product_status_snapshot,"Castellina (Centex Homes): 82 planned, 82 permits, and 82 closed escrows at 2011-12-31",2011-12-31,,day,builder_product,LH-OBS-LH-PRODUCT-COVENANT-HILLS-CASTELLINA-2011,LH-SRC-OC-BOND-2011Q4,direct_observation,documented_exact,high,conflict_documented,reviewed_mission5,"Product-level CFD counts are not address-level completion, habitability, or occupancy dates; closed escrow is not transferred to a tract geometry.",
LH-CLM-LH-PRODUCT-COVENANT-HILLS-DMB-LADERA-CUSTOM-LOTS-2006,LH-PRODUCT-COVENANT-HILLS-DMB-LADERA-CUSTOM-LOTS,builder_product_status_snapshot,"DMB-Ladera Custom Lots (DMB-Ladera): 232 planned, 0 permits, and 103 closed escrows at 2006-12-31",2006-12-31,,day,builder_product,LH-OBS-LH-PRODUCT-COVENANT-HILLS-DMB-LADERA-CUSTOM-LOTS-2006,LH-SRC-OC-BOND-2006Q4,direct_observation,documented_exact,high,no_conflict_identified,reviewed_mission5,"Product-level CFD counts are not address-level completion, habitability, or occupancy dates; closed escrow is not transferred to a tract geometry.",
LH-CLM-LH-PRODUCT-COVENANT-HILLS-DMB-LADERA-CUSTOM-LOTS-2011,LH-PRODUCT-COVENANT-HILLS-DMB-LADERA-CUSTOM-LOTS,builder_product_status_snapshot,"DMB-Ladera Custom Lots (DMB-Ladera): 232 planned, not reported permits, and 118 closed escrows at 2011-12-31",2011-12-31,,day,builder_product,LH-OBS-LH-PRODUCT-COVENANT-HILLS-DMB-LADERA-CUSTOM-LOTS-2011,LH-SRC-OC-BOND-2011Q4,direct_observation,documented_exact,high,no_conflict_identified,reviewed_mission5,"Product-level CFD counts are not address-level completion, habitability, or occupancy dates; closed escrow is not transferred to a tract geometry.",
LH-CLM-LH-PRODUCT-COVENANT-HILLS-ENCANTADA-2006,LH-PRODUCT-COVENANT-HILLS-ENCANTADA,builder_product_status_snapshot,"Encantada (Pardee): 37 planned, 24 permits, and 10 closed escrows at 2006-12-31",2006-12-31,,day,builder_product,LH-OBS-LH-PRODUCT-COVENANT-HILLS-ENCANTADA-2006,LH-SRC-OC-BOND-2006Q4,direct_observation,documented_exact,high,conflict_documented,reviewed_mission5,"Product-level CFD counts are not address-level completion, habitability, or occupancy dates; closed escrow is not transferred to a tract geometry.",
LH-CLM-LH-PRODUCT-COVENANT-HILLS-ENCANTADA-2011,LH-PRODUCT-COVENANT-HILLS-ENCANTADA,builder_product_status_snapshot,"Encantada (Pardee): 37 planned, 37 permits, and 37 closed escrows at 2011-12-31",2011-12-31,,day,builder_product,LH-OBS-LH-PRODUCT-COVENANT-HILLS-ENCANTADA-2011,LH-SRC-OC-BOND-2011Q4,direct_observation,documented_exact,high,conflict_documented,reviewed_mission5,"Product-level CFD counts are not address-level completion, habitability, or occupancy dates; closed escrow is not transferred to a tract geometry.",
LH-CLM-LH-PRODUCT-COVENANT-HILLS-LAS-PIEDRAS-2006,LH-PRODUCT-COVENANT-HILLS-LAS-PIEDRAS,builder_product_status_snapshot,"Las Piedras (Standard Pacific): 35 planned, 35 permits, and 33 closed escrows at 2006-12-31",2006-12-31,,day,builder_product,LH-OBS-LH-PRODUCT-COVENANT-HILLS-LAS-PIEDRAS-2006,LH-SRC-OC-BOND-2006Q4,direct_observation,documented_exact,high,conflict_documented,reviewed_mission5,"Product-level CFD counts are not address-level completion, habitability, or occupancy dates; closed escrow is not transferred to a tract geometry.",
LH-CLM-LH-PRODUCT-COVENANT-HILLS-LAS-PIEDRAS-2011,LH-PRODUCT-COVENANT-HILLS-LAS-PIEDRAS,builder_product_status_snapshot,"Las Piedras (Standard Pacific): 35 planned, 35 permits, and 35 closed escrows at 2011-12-31",2011-12-31,,day,builder_product,LH-OBS-LH-PRODUCT-COVENANT-HILLS-LAS-PIEDRAS-2011,LH-SRC-OC-BOND-2011Q4,direct_observation,documented_exact,high,conflict_documented,reviewed_mission5,"Product-level CFD counts are not address-level completion, habitability, or occupancy dates; closed escrow is not transferred to a tract geometry.",
LH-CLM-LH-PRODUCT-COVENANT-HILLS-MERIDEN-2006,LH-PRODUCT-COVENANT-HILLS-MERIDEN,builder_product_status_snapshot,"Meriden (Warmington): 67 planned, 67 permits, and 65 closed escrows at 2006-12-31",2006-12-31,,day,builder_product,LH-OBS-LH-PRODUCT-COVENANT-HILLS-MERIDEN-2006,LH-SRC-OC-BOND-2006Q4,direct_observation,documented_exact,high,conflict_documented,reviewed_mission5,"Product-level CFD counts are not address-level completion, habitability, or occupancy dates; closed escrow is not transferred to a tract geometry.",
LH-CLM-LH-PRODUCT-COVENANT-HILLS-MERIDEN-2011,LH-PRODUCT-COVENANT-HILLS-MERIDEN,builder_product_status_snapshot,"Meriden (Warmington): 67 planned, 67 permits, and 67 closed escrows at 2011-12-31",2011-12-31,,day,builder_product,LH-OBS-LH-PRODUCT-COVENANT-HILLS-MERIDEN-2011,LH-SRC-OC-BOND-2011Q4,direct_observation,documented_exact,high,conflict_documented,reviewed_mission5,"Product-level CFD counts are not address-level completion, habitability, or occupancy dates; closed escrow is not transferred to a tract geometry.",
LH-CLM-LH-PRODUCT-COVENANT-HILLS-MONTANEZ-2006,LH-PRODUCT-COVENANT-HILLS-MONTANEZ,builder_product_status_snapshot,"Montanez (Centex Homes): 59 planned, 52 permits, and 42 closed escrows at 2006-12-31",2006-12-31,,day,builder_product,LH-OBS-LH-PRODUCT-COVENANT-HILLS-MONTANEZ-2006,LH-SRC-OC-BOND-2006Q4,direct_observation,documented_exact,high,conflict_documented,reviewed_mission5,"Product-level CFD counts are not address-level completion, habitability, or occupancy dates; closed escrow is not transferred to a tract geometry.",
LH-CLM-LH-PRODUCT-COVENANT-HILLS-MONTANEZ-2011,LH-PRODUCT-COVENANT-HILLS-MONTANEZ,builder_product_status_snapshot,"Montanez (Centex Homes): 59 planned, 59 permits, and 59 closed escrows at 2011-12-31",2011-12-31,,day,builder_product,LH-OBS-LH-PRODUCT-COVENANT-HILLS-MONTANEZ-2011,LH-SRC-OC-BOND-2011Q4,direct_observation,documented_exact,high,conflict_documented,reviewed_mission5,"Product-level CFD counts are not address-level completion, habitability, or occupancy dates; closed escrow is not transferred to a tract geometry.",
LH-CLM-LH-PRODUCT-COVENANT-HILLS-SAN-DONATO-2006,LH-PRODUCT-COVENANT-HILLS-SAN-DONATO,builder_product_status_snapshot,"San Donado (Laing): 23 planned, 23 permits, and 23 closed escrows at 2006-12-31",2006-12-31,,day,builder_product,LH-OBS-LH-PRODUCT-COVENANT-HILLS-SAN-DONATO-2006,LH-SRC-OC-BOND-2006Q4,direct_observation,documented_exact,high,no_conflict_identified,reviewed_mission5,"Product-level CFD counts are not address-level completion, habitability, or occupancy dates; closed escrow is not transferred to a tract geometry.",
LH-CLM-LH-PRODUCT-COVENANT-HILLS-SAN-DONATO-2011,LH-PRODUCT-COVENANT-HILLS-SAN-DONATO,builder_product_status_snapshot,"San Donado (Laing): 23 planned, 23 permits, and 23 closed escrows at 2011-12-31",2011-12-31,,day,builder_product,LH-OBS-LH-PRODUCT-COVENANT-HILLS-SAN-DONATO-2011,LH-SRC-OC-BOND-2011Q4,direct_observation,documented_exact,high,no_conflict_identified,reviewed_mission5,"Product-level CFD counts are not address-level completion, habitability, or occupancy dates; closed escrow is not transferred to a tract geometry.",
LH-CLM-LH-PRODUCT-COVENANT-HILLS-SEGOVIA-2006,LH-PRODUCT-COVENANT-HILLS-SEGOVIA,builder_product_status_snapshot,"Segovia (Pardee): 65 planned, 48 permits, and 22 closed escrows at 2006-12-31",2006-12-31,,day,builder_product,LH-OBS-LH-PRODUCT-COVENANT-HILLS-SEGOVIA-2006,LH-SRC-OC-BOND-2006Q4,direct_observation,documented_exact,high,conflict_documented,reviewed_mission5,"Product-level CFD counts are not address-level completion, habitability, or occupancy dates; closed escrow is not transferred to a tract geometry.",
LH-CLM-LH-PRODUCT-COVENANT-HILLS-SEGOVIA-2011,LH-PRODUCT-COVENANT-HILLS-SEGOVIA,builder_product_status_snapshot,"Segovia (Pardee): 65 planned, 65 permits, and 65 closed escrows at 2011-12-31",2011-12-31,,day,builder_product,LH-OBS-LH-PRODUCT-COVENANT-HILLS-SEGOVIA-2011,LH-SRC-OC-BOND-2011Q4,direct_observation,documented_exact,high,conflict_documented,reviewed_mission5,"Product-level CFD counts are not address-level completion, habitability, or occupancy dates; closed escrow is not transferred to a tract geometry.",
LH-CLM-LH-PRODUCT-COVENANT-HILLS-SHERBORNE-2006,LH-PRODUCT-COVENANT-HILLS-SHERBORNE,builder_product_status_snapshot,"Sherborne (Shea Homes): 54 planned, 54 permits, and 54 closed escrows at 2006-12-31",2006-12-31,,day,builder_product,LH-OBS-LH-PRODUCT-COVENANT-HILLS-SHERBORNE-2006,LH-SRC-OC-BOND-2006Q4,direct_observation,documented_exact,high,conflict_documented,reviewed_mission5,"Product-level CFD counts are not address-level completion, habitability, or occupancy dates; closed escrow is not transferred to a tract geometry.",
LH-CLM-LH-PRODUCT-COVENANT-HILLS-SHERBORNE-2011,LH-PRODUCT-COVENANT-HILLS-SHERBORNE,builder_product_status_snapshot,"Sherborne (Shea Homes): 54 planned, 54 permits, and 54 closed escrows at 2011-12-31",2011-12-31,,day,builder_product,LH-OBS-LH-PRODUCT-COVENANT-HILLS-SHERBORNE-2011,LH-SRC-OC-BOND-2011Q4,direct_observation,documented_exact,high,conflict_documented,reviewed_mission5,"Product-level CFD counts are not address-level completion, habitability, or occupancy dates; closed escrow is not transferred to a tract geometry.",
LH-CLM-LH-PRODUCT-COVENANT-HILLS-SKYE-ISLE-2006,LH-PRODUCT-COVENANT-HILLS-SKYE-ISLE,builder_product_status_snapshot,"Skye Isle (K. Hovnanian): 61 planned, 59 permits, and 50 closed escrows at 2006-12-31",2006-12-31,,day,builder_product,LH-OBS-LH-PRODUCT-COVENANT-HILLS-SKYE-ISLE-2006,LH-SRC-OC-BOND-2006Q4,direct_observation,documented_exact,high,conflict_documented,reviewed_mission5,"Product-level CFD counts are not address-level completion, habitability, or occupancy dates; closed escrow is not transferred to a tract geometry.",
LH-CLM-LH-PRODUCT-COVENANT-HILLS-SKYE-ISLE-2011,LH-PRODUCT-COVENANT-HILLS-SKYE-ISLE,builder_product_status_snapshot,"Skye Isle (K. Hovnanian): 61 planned, 61 permits, and 61 closed escrows at 2011-12-31",2011-12-31,,day,builder_product,LH-OBS-LH-PRODUCT-COVENANT-HILLS-SKYE-ISLE-2011,LH-SRC-OC-BOND-2011Q4,direct_observation,documented_exact,high,conflict_documented,reviewed_mission5,"Product-level CFD counts are not address-level completion, habitability, or occupancy dates; closed escrow is not transferred to a tract geometry.",
LH-CLM-LH-PRODUCT-TERRAMOR-ARBORAGE-2006,LH-PRODUCT-TERRAMOR-ARBORAGE,builder_product_status_snapshot,"Arborage (Richmond American): 104 planned, 104 permits, and 104 closed escrows at 2006-12-31",2006-12-31,,day,builder_product,LH-OBS-LH-PRODUCT-TERRAMOR-ARBORAGE-2006,LH-SRC-OC-BOND-2006Q4,direct_observation,documented_exact,high,no_conflict_identified,reviewed_mission5,"Product-level CFD counts are not address-level completion, habitability, or occupancy dates; closed escrow is not transferred to a tract geometry.",
LH-CLM-LH-PRODUCT-TERRAMOR-BANISTER-STREET-2006,LH-PRODUCT-TERRAMOR-BANISTER-STREET,builder_product_status_snapshot,"Banister Street (Standard Pacific): 24 planned, 24 permits, and 24 closed escrows at 2006-12-31",2006-12-31,,day,builder_product,LH-OBS-LH-PRODUCT-TERRAMOR-BANISTER-STREET-2006,LH-SRC-OC-BOND-2006Q4,direct_observation,documented_exact,high,no_conflict_identified,reviewed_mission5,"Product-level CFD counts are not address-level completion, habitability, or occupancy dates; closed escrow is not transferred to a tract geometry.",
LH-CLM-LH-PRODUCT-TERRAMOR-BRANCHES-2006,LH-PRODUCT-TERRAMOR-BRANCHES,builder_product_status_snapshot,"Branches (Standard Pacific): 149 planned, 149 permits, and 148 closed escrows at 2006-12-31",2006-12-31,,day,builder_product,LH-OBS-LH-PRODUCT-TERRAMOR-BRANCHES-2006,LH-SRC-OC-BOND-2006Q4,direct_observation,documented_exact,high,no_conflict_identified,reviewed_mission5,"Product-level CFD counts are not address-level completion, habitability, or occupancy dates; closed escrow is not transferred to a tract geometry.",
LH-CLM-LH-PRODUCT-TERRAMOR-BRIAR-ROSE-2006,LH-PRODUCT-TERRAMOR-BRIAR-ROSE,builder_product_status_snapshot,"Briar Rose (MBK Homes): 152 planned, 152 permits, and 136 closed escrows at 2006-12-31",2006-12-31,,day,builder_product,LH-OBS-LH-PRODUCT-TERRAMOR-BRIAR-ROSE-2006,LH-SRC-OC-BOND-2006Q4,direct_observation,documented_exact,high,no_conflict_identified,reviewed_mission5,"Product-level CFD counts are not address-level completion, habitability, or occupancy dates; closed escrow is not transferred to a tract geometry.",
LH-CLM-LH-PRODUCT-TERRAMOR-CLAIBORNE-2006,LH-PRODUCT-TERRAMOR-CLAIBORNE,builder_product_status_snapshot,"Clairborne (Pulte Homes): 75 planned, 75 permits, and 75 closed escrows at 2006-12-31",2006-12-31,,day,builder_product,LH-OBS-LH-PRODUCT-TERRAMOR-CLAIBORNE-2006,LH-SRC-OC-BOND-2006Q4,direct_observation,documented_exact,high,no_conflict_identified,reviewed_mission5,"Product-level CFD counts are not address-level completion, habitability, or occupancy dates; closed escrow is not transferred to a tract geometry.",
LH-CLM-LH-PRODUCT-TERRAMOR-EVERGREEN-LADERA-2006,LH-PRODUCT-TERRAMOR-EVERGREEN-LADERA,builder_product_status_snapshot,"Evergreen (Pardee Homes): 77 planned, 77 permits, and 77 closed escrows at 2006-12-31",2006-12-31,,day,builder_product,LH-OBS-LH-PRODUCT-TERRAMOR-EVERGREEN-LADERA-2006,LH-SRC-OC-BOND-2006Q4,direct_observation,documented_exact,high,no_conflict_identified,reviewed_mission5,"Product-level CFD counts are not address-level completion, habitability, or occupancy dates; closed escrow is not transferred to a tract geometry.",
LH-CLM-LH-PRODUCT-TERRAMOR-MOSAIC-2006,LH-PRODUCT-TERRAMOR-MOSAIC,builder_product_status_snapshot,"Mosaic (K. Hovnanian): 89 planned, 89 permits, and 89 closed escrows at 2006-12-31",2006-12-31,,day,builder_product,LH-OBS-LH-PRODUCT-TERRAMOR-MOSAIC-2006,LH-SRC-OC-BOND-2006Q4,direct_observation,documented_exact,high,no_conflict_identified,reviewed_mission5,"Product-level CFD counts are not address-level completion, habitability, or occupancy dates; closed escrow is not transferred to a tract geometry.",
LH-CLM-LH-PRODUCT-TERRAMOR-SEDONA-2006,LH-PRODUCT-TERRAMOR-SEDONA,builder_product_status_snapshot,"Sedona (Shea Homes): 79 planned, 79 permits, and 79 closed escrows at 2006-12-31",2006-12-31,,day,builder_product,LH-OBS-LH-PRODUCT-TERRAMOR-SEDONA-2006,LH-SRC-OC-BOND-2006Q4,direct_observation,documented_exact,high,no_conflict_identified,reviewed_mission5,"Product-level CFD counts are not address-level completion, habitability, or occupancy dates; closed escrow is not transferred to a tract geometry.",
LH-CLM-LH-PRODUCT-TERRAMOR-SUTTER-S-MILL-2006,LH-PRODUCT-TERRAMOR-SUTTER-S-MILL,builder_product_status_snapshot,"Sutter's Mill (Centex Homes): 152 planned, 152 permits, and 152 closed escrows at 2006-12-31",2006-12-31,,day,builder_product,LH-OBS-LH-PRODUCT-TERRAMOR-SUTTER-S-MILL-2006,LH-SRC-OC-BOND-2006Q4,direct_observation,documented_exact,high,no_conflict_identified,reviewed_mission5,"Product-level CFD counts are not address-level completion, habitability, or occupancy dates; closed escrow is not transferred to a tract geometry.",
LH-CLM-LH-PRODUCT-TERRAMOR-TARLETON-2006,LH-PRODUCT-TERRAMOR-TARLETON,builder_product_status_snapshot,"Tarleton (D.R. Horton): 107 planned, 107 permits, and 107 closed escrows at 2006-12-31",2006-12-31,,day,builder_product,LH-OBS-LH-PRODUCT-TERRAMOR-TARLETON-2006,LH-SRC-OC-BOND-2006Q4,direct_observation,documented_exact,high,no_conflict_identified,reviewed_mission5,"Product-level CFD counts are not address-level completion, habitability, or occupancy dates; closed escrow is not transferred to a tract geometry.",
LH-CLM-LH-PRODUCT-TERRAMOR-VALMONT-2006,LH-PRODUCT-TERRAMOR-VALMONT,builder_product_status_snapshot,"Valmont (D.R. Horton): 142 planned, 142 permits, and 142 closed escrows at 2006-12-31",2006-12-31,,day,builder_product,LH-OBS-LH-PRODUCT-TERRAMOR-VALMONT-2006,LH-SRC-OC-BOND-2006Q4,direct_observation,documented_exact,high,no_conflict_identified,reviewed_mission5,"Product-level CFD counts are not address-level completion, habitability, or occupancy dates; closed escrow is not transferred to a tract geometry.",
LH-CLM-LH-PRODUCT-TERRAMOR-WALDEN-PARK-2006,LH-PRODUCT-TERRAMOR-WALDEN-PARK,builder_product_status_snapshot,"Walden Park (William Lyon Homes): 109 planned, 109 permits, and 109 closed escrows at 2006-12-31",2006-12-31,,day,builder_product,LH-OBS-LH-PRODUCT-TERRAMOR-WALDEN-PARK-2006,LH-SRC-OC-BOND-2006Q4,direct_observation,documented_exact,high,no_conflict_identified,reviewed_mission5,"Product-level CFD counts are not address-level completion, habitability, or occupancy dates; closed escrow is not transferred to a tract geometry.",
LH-CLM-LH-COMMERCIAL-2006-LAUREL-TERRACE,LH-ASSET-UAC-LAUREL-TERRACE,commercial_or_mixed_use_status_snapshot,Laurel Terrace: Some Built/Leasing at the 2006-12-31 County monitoring snapshot,2006-12-31,,day,asset_status_snapshot,LH-OBS-LH-COMMERCIAL-2006-LAUREL-TERRACE,LH-SRC-OC-BOND-2006Q4,direct_observation,documented_exact,high,no_conflict_identified,reviewed_mission5,Snapshot status only; no opening date or historical footprint is inferred.,
LH-CLM-LH-COMMERCIAL-2006-REMINGTON-ACTIVE-SENIORS,LH-ASSET-UAC-REMINGTON-ACTIVE-SENIORS,commercial_or_mixed_use_status_snapshot,Remington-Active Seniors: UC/PreLeasing at the 2006-12-31 County monitoring snapshot,2006-12-31,,day,asset_status_snapshot,LH-OBS-LH-COMMERCIAL-2006-REMINGTON-ACTIVE-SENIORS,LH-SRC-OC-BOND-2006Q4,direct_observation,documented_exact,high,no_conflict_identified,reviewed_mission5,Snapshot status only; no opening date or historical footprint is inferred.,
LH-CLM-LH-COMMERCIAL-2006-LADERA-CORPORATE-TERRACE,LH-ASSET-UAC-LADERA-CORPORATE-TERRACE,commercial_or_mixed_use_status_snapshot,Ladera Corporate Terrace: Under Development at the 2006-12-31 County monitoring snapshot,2006-12-31,,day,asset_status_snapshot,LH-OBS-LH-COMMERCIAL-2006-LADERA-CORPORATE-TERRACE,LH-SRC-OC-BOND-2006Q4,direct_observation,documented_exact,high,no_conflict_identified,reviewed_mission5,Snapshot status only; no opening date or historical footprint is inferred.,
LH-CLM-LH-COMMERCIAL-2006-MONTESSORI-2101,LH-ASSET-UAC-MONTESSORI-2101,commercial_or_mixed_use_status_snapshot,Montessori 2101: Built/Occupied at the 2006-12-31 County monitoring snapshot,2006-12-31,,day,asset_status_snapshot,LH-OBS-LH-COMMERCIAL-2006-MONTESSORI-2101,LH-SRC-OC-BOND-2006Q4,direct_observation,documented_exact,high,no_conflict_identified,reviewed_mission5,Snapshot status only; no opening date or historical footprint is inferred.,
LH-CLM-LH-COMMERCIAL-2006-KINDER-CARE-1000,LH-ASSET-UAC-KINDER-CARE-1000,commercial_or_mixed_use_status_snapshot,Kinder Care 1000: Built/Occupied at the 2006-12-31 County monitoring snapshot,2006-12-31,,day,asset_status_snapshot,LH-OBS-LH-COMMERCIAL-2006-KINDER-CARE-1000,LH-SRC-OC-BOND-2006Q4,direct_observation,documented_exact,high,no_conflict_identified,reviewed_mission5,Snapshot status only; no opening date or historical footprint is inferred.,
LH-CLM-LH-COMMERCIAL-2006-TRACT-16036-LOTS-40-41,LH-ASSET-UAC-TRACT-16036-LOTS-40-41,commercial_or_mixed_use_status_snapshot,"Tract 16036 Lots 40, 41: Not Developed at the 2006-12-31 County monitoring snapshot",2006-12-31,,day,asset_status_snapshot,LH-OBS-LH-COMMERCIAL-2006-TRACT-16036-LOTS-40-41,LH-SRC-OC-BOND-2006Q4,direct_observation,documented_exact,high,no_conflict_identified,reviewed_mission5,Snapshot status only; no opening date or historical footprint is inferred.,
LH-CLM-LH-COMMERCIAL-2006-MERCHANTILE-EAST,LH-ASSET-UAC-MERCHANTILE-EAST,commercial_or_mixed_use_status_snapshot,Merchantile East: Mostly Occupied at the 2006-12-31 County monitoring snapshot,2006-12-31,,day,asset_status_snapshot,LH-OBS-LH-COMMERCIAL-2006-MERCHANTILE-EAST,LH-SRC-OC-BOND-2006Q4,direct_observation,documented_exact,high,no_conflict_identified,reviewed_mission5,Snapshot status only; no opening date or historical footprint is inferred.,
LH-CLM-LH-COMMERCIAL-2006-LADERA-UAC-SELF-STORAGE,LH-ASSET-UAC-LADERA-UAC-SELF-STORAGE,commercial_or_mixed_use_status_snapshot,Ladera UAC Self Storage: Built/Occupied at the 2006-12-31 County monitoring snapshot,2006-12-31,,day,asset_status_snapshot,LH-OBS-LH-COMMERCIAL-2006-LADERA-UAC-SELF-STORAGE,LH-SRC-OC-BOND-2006Q4,direct_observation,documented_exact,high,no_conflict_identified,reviewed_mission5,Snapshot status only; no opening date or historical footprint is inferred.,
LH-CLM-LH-PRODUCT-COVENANT-HILLS-AMARANTE-2006,LH-PRODUCT-COVENANT-HILLS-AMARANTE,builder_product_status_snapshot,"Amarante I & II (Lyon Homes): 71 planned, 71 permits, and 68 closed escrows at 2006-12-31",2006-12-31,,day,builder_product,LH-OBS-LH-PRODUCT-COVENANT-HILLS-AMARANTE-2006,LH-SRC-OC-BOND-2006Q4,direct_observation,documented_exact,high,conflict_documented,reviewed_mission5,"Product-level CFD counts are not address-level completion, habitability, or occupancy dates; closed escrow is not transferred to a tract geometry.",
LH-CLM-LH-PRODUCT-COVENANT-HILLS-AMARANTE-2011,LH-PRODUCT-COVENANT-HILLS-AMARANTE,builder_product_status_snapshot,"Amarante I & II (Lyon Homes): 71 planned, 71 permits, and 71 closed escrows at 2011-12-31",2011-12-31,,day,builder_product,LH-OBS-LH-PRODUCT-COVENANT-HILLS-AMARANTE-2011,LH-SRC-OC-BOND-2011Q4,direct_observation,documented_exact,high,conflict_documented,reviewed_mission5,"Product-level CFD counts are not address-level completion, habitability, or occupancy dates; closed escrow is not transferred to a tract geometry.",
LH-CLM-LH-PRODUCT-COVENANT-HILLS-BELLATAIRE-2006,LH-PRODUCT-COVENANT-HILLS-BELLATAIRE,builder_product_status_snapshot,"Bellataire I & II (Lyon Homes): 75 planned, 75 permits, and 70 closed escrows at 2006-12-31",2006-12-31,,day,builder_product,LH-OBS-LH-PRODUCT-COVENANT-HILLS-BELLATAIRE-2006,LH-SRC-OC-BOND-2006Q4,direct_observation,documented_exact,high,conflict_documented,reviewed_mission5,"Product-level CFD counts are not address-level completion, habitability, or occupancy dates; closed escrow is not transferred to a tract geometry.",
LH-CLM-LH-PRODUCT-COVENANT-HILLS-BELLATAIRE-2011,LH-PRODUCT-COVENANT-HILLS-BELLATAIRE,builder_product_status_snapshot,"Bellataire I & II (Lyon Homes): 75 planned, 75 permits, and 75 closed escrows at 2011-12-31",2011-12-31,,day,builder_product,LH-OBS-LH-PRODUCT-COVENANT-HILLS-BELLATAIRE-2011,LH-SRC-OC-BOND-2011Q4,direct_observation,documented_exact,high,conflict_documented,reviewed_mission5,"Product-level CFD counts are not address-level completion, habitability, or occupancy dates; closed escrow is not transferred to a tract geometry.",
