observationId,observedEntityId,observationType,observedValue,dateStart,dateEnd,temporalPrecision,geometryId,geometryType,geometryStatus,method,sourceIds,sourceLocator,statementClass,confidence,limitations,notes
LH-OBS-TRACT-15615,LH-TRACT-15615,legal_tract_map_recording,Tract 15615 recorded as MM 777/14-31,1998-12-11,,day,LH-TRACT-15615,Polygon,original_valid,direct County attribute transcription and source-geometry audit,LH-SRC-OC-TRACTS,County object ID 5728; MM 777/14-31,documented_exact,high,"Recording is a legal subdivision milestone only; it does not date construction, habitability, sale, or occupancy.",possible_parent_map
LH-OBS-TRACT-15616,LH-TRACT-15616,legal_tract_map_recording,Tract 15616 recorded as MM 787/39-42,1999-06-30,,day,LH-TRACT-15616,Polygon,original_valid,direct County attribute transcription and source-geometry audit,LH-SRC-OC-TRACTS,County object ID 7537; MM 787/39-42,documented_exact,high,"Recording is a legal subdivision milestone only; it does not date construction, habitability, sale, or occupancy.",possible_nested_subdivision_map
LH-OBS-TRACT-15617,LH-TRACT-15617,legal_tract_map_recording,Tract 15617 recorded as MM 787/48-50,1999-07-28,,day,LH-TRACT-15617,Polygon,original_valid,direct County attribute transcription and source-geometry audit,LH-SRC-OC-TRACTS,County object ID 3357; MM 787/48-50,documented_exact,high,"Recording is a legal subdivision milestone only; it does not date construction, habitability, sale, or occupancy.",documented_or_interpreted_nested_subdivision_map
LH-OBS-TRACT-15618,LH-TRACT-15618,legal_tract_map_recording,Tract 15618 recorded as MM 786/44-47,1999-05-28,,day,LH-TRACT-15618,Polygon,original_valid,direct County attribute transcription and source-geometry audit,LH-SRC-OC-TRACTS,County object ID 6352; MM 786/44-47,documented_exact,high,"Recording is a legal subdivision milestone only; it does not date construction, habitability, sale, or occupancy.",possible_nested_subdivision_map
LH-OBS-TRACT-15619,LH-TRACT-15619,legal_tract_map_recording,Tract 15619 recorded as MM 814/3-6,2001-03-09,,day,LH-TRACT-15619,Polygon,original_valid,direct County attribute transcription and source-geometry audit,LH-SRC-OC-TRACTS,County object ID 1891; MM 814/3-6,documented_exact,high,"Recording is a legal subdivision milestone only; it does not date construction, habitability, sale, or occupancy.",partial_overlap_review_required
LH-OBS-TRACT-15620,LH-TRACT-15620,legal_tract_map_recording,Tract 15620 recorded as MM 785/6-9,1999-05-15,,day,LH-TRACT-15620,Polygon,original_valid,direct County attribute transcription and source-geometry audit,LH-SRC-OC-TRACTS,County object ID 7539; MM 785/6-9,documented_exact,high,"Recording is a legal subdivision milestone only; it does not date construction, habitability, sale, or occupancy.",documented_or_interpreted_nested_subdivision_map
LH-OBS-TRACT-15621,LH-TRACT-15621,legal_tract_map_recording,Tract 15621 recorded as MM 781/14-16,1999-03-30,,day,LH-TRACT-15621,Polygon,original_valid,direct County attribute transcription and source-geometry audit,LH-SRC-OC-TRACTS,County object ID 10617; MM 781/14-16,documented_exact,high,"Recording is a legal subdivision milestone only; it does not date construction, habitability, sale, or occupancy.",possible_nested_subdivision_map
LH-OBS-TRACT-15622,LH-TRACT-15622,legal_tract_map_recording,Tract 15622 recorded as MM 784/47-50,1999-05-14,,day,LH-TRACT-15622,Polygon,original_valid,direct County attribute transcription and source-geometry audit,LH-SRC-OC-TRACTS,County object ID 325; MM 784/47-50,documented_exact,high,"Recording is a legal subdivision milestone only; it does not date construction, habitability, sale, or occupancy.",possible_nested_subdivision_map
LH-OBS-TRACT-15623,LH-TRACT-15623,legal_tract_map_recording,Tract 15623 recorded as MM 784/19-21,1999-05-04,,day,LH-TRACT-15623,Polygon,original_valid,direct County attribute transcription and source-geometry audit,LH-SRC-OC-TRACTS,County object ID 9455; MM 784/19-21,documented_exact,high,"Recording is a legal subdivision milestone only; it does not date construction, habitability, sale, or occupancy.",documented_or_interpreted_nested_subdivision_map
LH-OBS-TRACT-15624,LH-TRACT-15624,legal_tract_map_recording,Tract 15624 recorded as MM 798/38-43,2000-04-06,,day,LH-TRACT-15624,Polygon,original_valid,direct County attribute transcription and source-geometry audit,LH-SRC-OC-TRACTS,County object ID 11834; MM 798/38-43,documented_exact,high,"Recording is a legal subdivision milestone only; it does not date construction, habitability, sale, or occupancy.",possible_nested_subdivision_map
LH-OBS-TRACT-15625,LH-TRACT-15625,legal_tract_map_recording,Tract 15625 recorded as MM 782/38-44,1999-04-22,,day,LH-TRACT-15625,Polygon,original_valid,direct County attribute transcription and source-geometry audit,LH-SRC-OC-TRACTS,County object ID 3363; MM 782/38-44,documented_exact,high,"Recording is a legal subdivision milestone only; it does not date construction, habitability, sale, or occupancy.",documented_or_interpreted_nested_subdivision_map
LH-OBS-TRACT-15626,LH-TRACT-15626,legal_tract_map_recording,Tract 15626 recorded as MM 784/32-35,1999-05-07,,day,LH-TRACT-15626,Polygon,original_valid,direct County attribute transcription and source-geometry audit,LH-SRC-OC-TRACTS,County object ID 1289; MM 784/32-35,documented_exact,high,"Recording is a legal subdivision milestone only; it does not date construction, habitability, sale, or occupancy.",documented_or_interpreted_nested_subdivision_map
LH-OBS-TRACT-15627,LH-TRACT-15627,legal_tract_map_recording,Tract 15627 recorded as MM 785/17-20,1999-05-14,,day,LH-TRACT-15627,Polygon,original_valid,direct County attribute transcription and source-geometry audit,LH-SRC-OC-TRACTS,County object ID 10616; MM 785/17-20,documented_exact,high,"Recording is a legal subdivision milestone only; it does not date construction, habitability, sale, or occupancy.",documented_or_interpreted_nested_subdivision_map
LH-OBS-TRACT-15628,LH-TRACT-15628,legal_tract_map_recording,Tract 15628 recorded as MM 786/23-26,1999-05-25,,day,LH-TRACT-15628,Polygon,original_valid,direct County attribute transcription and source-geometry audit,LH-SRC-OC-TRACTS,County object ID 1881; MM 786/23-26,documented_exact,high,"Recording is a legal subdivision milestone only; it does not date construction, habitability, sale, or occupancy.",possible_nested_subdivision_map
LH-OBS-TRACT-15629,LH-TRACT-15629,legal_tract_map_recording,Tract 15629 recorded as MM 787/43-47,1999-06-30,,day,LH-TRACT-15629,Polygon,original_valid,direct County attribute transcription and source-geometry audit,LH-SRC-OC-TRACTS,County object ID 14150; MM 787/43-47,documented_exact,high,"Recording is a legal subdivision milestone only; it does not date construction, habitability, sale, or occupancy.",documented_or_interpreted_nested_subdivision_map
LH-OBS-TRACT-15630,LH-TRACT-15630,legal_tract_map_recording,Tract 15630 recorded as MM 785/10-16,1999-05-14,,day,LH-TRACT-15630,Polygon,original_valid,direct County attribute transcription and source-geometry audit,LH-SRC-OC-TRACTS,County object ID 13827; MM 785/10-16,documented_exact,high,"Recording is a legal subdivision milestone only; it does not date construction, habitability, sale, or occupancy.",possible_nested_subdivision_map
LH-OBS-TRACT-15631,LH-TRACT-15631,legal_tract_map_recording,Tract 15631 recorded as MM 795/26-30,2000-09-14,,day,LH-TRACT-15631,Polygon,original_valid,direct County attribute transcription and source-geometry audit,LH-SRC-OC-TRACTS,County object ID 7538; MM 795/26-30,documented_exact,high,"Recording is a legal subdivision milestone only; it does not date construction, habitability, sale, or occupancy.",documented_or_interpreted_nested_subdivision_map
LH-OBS-TRACT-15632,LH-TRACT-15632,legal_tract_map_recording,Tract 15632 recorded as MM 790/34-37,1999-08-30,,day,LH-TRACT-15632,Polygon,original_valid,direct County attribute transcription and source-geometry audit,LH-SRC-OC-TRACTS,County object ID 6351; MM 790/34-37,documented_exact,high,"Recording is a legal subdivision milestone only; it does not date construction, habitability, sale, or occupancy.",documented_or_interpreted_nested_subdivision_map
LH-OBS-TRACT-15793,LH-TRACT-15793,legal_tract_map_recording,Tract 15793 recorded as MM 897/28-33,2008-12-24,,day,LH-TRACT-15793,Polygon,original_valid,direct County attribute transcription and source-geometry audit,LH-SRC-OC-TRACTS,County object ID 14728; MM 897/28-33,documented_exact,high,"Recording is a legal subdivision milestone only; it does not date construction, habitability, sale, or occupancy.",standalone_or_unresolved
LH-OBS-TRACT-15813,LH-TRACT-15813,legal_tract_map_recording,Tract 15813 recorded as MM 795/1-16,2000-06-14,,day,LH-TRACT-15813,Polygon,original_valid,direct County attribute transcription and source-geometry audit,LH-SRC-OC-TRACTS,County object ID 3406; MM 795/1-16,documented_exact,high,"Recording is a legal subdivision milestone only; it does not date construction, habitability, sale, or occupancy.",possible_parent_map
LH-OBS-TRACT-15827,LH-TRACT-15827,legal_tract_map_recording,Tract 15827 recorded as MM 797/32-39,2000-05-10,,day,LH-TRACT-15827,Polygon,original_valid,direct County attribute transcription and source-geometry audit,LH-SRC-OC-TRACTS,County object ID 11020; MM 797/32-39,documented_exact,high,"Recording is a legal subdivision milestone only; it does not date construction, habitability, sale, or occupancy.",possible_parent_map
LH-OBS-TRACT-15884,LH-TRACT-15884,legal_tract_map_recording,Tract 15884 recorded as MM 794/33-44,2000-01-14,,day,LH-TRACT-15884,Polygon,original_valid,direct County attribute transcription and source-geometry audit,LH-SRC-OC-TRACTS,County object ID 13192; MM 794/33-44,documented_exact,high,"Recording is a legal subdivision milestone only; it does not date construction, habitability, sale, or occupancy.",possible_parent_map
LH-OBS-TRACT-15885,LH-TRACT-15885,legal_tract_map_recording,Tract 15885 recorded as MM 804/30-33,2000-07-27,,day,LH-TRACT-15885,Polygon,original_valid,direct County attribute transcription and source-geometry audit,LH-SRC-OC-TRACTS,County object ID 5276; MM 804/30-33,documented_exact,high,"Recording is a legal subdivision milestone only; it does not date construction, habitability, sale, or occupancy.",possible_nested_subdivision_map
LH-OBS-TRACT-15886,LH-TRACT-15886,legal_tract_map_recording,Tract 15886 recorded as MM 807/25-28,2000-10-30,,day,LH-TRACT-15886,Polygon,original_valid,direct County attribute transcription and source-geometry audit,LH-SRC-OC-TRACTS,County object ID 7864; MM 807/25-28,documented_exact,high,"Recording is a legal subdivision milestone only; it does not date construction, habitability, sale, or occupancy.",documented_or_interpreted_nested_subdivision_map
LH-OBS-TRACT-15887,LH-TRACT-15887,legal_tract_map_recording,Tract 15887 recorded as MM 802/25-28,2000-06-02,,day,LH-TRACT-15887,Polygon,original_valid,direct County attribute transcription and source-geometry audit,LH-SRC-OC-TRACTS,County object ID 2605; MM 802/25-28,documented_exact,high,"Recording is a legal subdivision milestone only; it does not date construction, habitability, sale, or occupancy.",documented_or_interpreted_nested_subdivision_map
LH-OBS-TRACT-15888,LH-TRACT-15888,legal_tract_map_recording,Tract 15888 recorded as MM 802/14-17,2000-06-02,,day,LH-TRACT-15888,Polygon,original_valid,direct County attribute transcription and source-geometry audit,LH-SRC-OC-TRACTS,County object ID 8672; MM 802/14-17,documented_exact,high,"Recording is a legal subdivision milestone only; it does not date construction, habitability, sale, or occupancy.",documented_or_interpreted_nested_subdivision_map
LH-OBS-TRACT-15901,LH-TRACT-15901,legal_tract_map_recording,Tract 15901 recorded as MM 803/48-50,2000-07-06,,day,LH-TRACT-15901,Polygon,original_valid,direct County attribute transcription and source-geometry audit,LH-SRC-OC-TRACTS,County object ID 9417; MM 803/48-50,documented_exact,high,"Recording is a legal subdivision milestone only; it does not date construction, habitability, sale, or occupancy.",documented_or_interpreted_nested_subdivision_map
LH-OBS-TRACT-15902,LH-TRACT-15902,legal_tract_map_recording,Tract 15902 recorded as MM 803/28-30,2000-06-16,,day,LH-TRACT-15902,Polygon,original_valid,direct County attribute transcription and source-geometry audit,LH-SRC-OC-TRACTS,County object ID 4018; MM 803/28-30,documented_exact,high,"Recording is a legal subdivision milestone only; it does not date construction, habitability, sale, or occupancy.",documented_or_interpreted_nested_subdivision_map
LH-OBS-TRACT-15903,LH-TRACT-15903,legal_tract_map_recording,Tract 15903 recorded as MM 803/22-27,2000-06-16,,day,LH-TRACT-15903,Polygon,original_valid,direct County attribute transcription and source-geometry audit,LH-SRC-OC-TRACTS,County object ID 164; MM 803/22-27,documented_exact,high,"Recording is a legal subdivision milestone only; it does not date construction, habitability, sale, or occupancy.",possible_nested_subdivision_map
LH-OBS-TRACT-15904,LH-TRACT-15904,legal_tract_map_recording,Tract 15904 recorded as MM 800/48-50,2000-06-02,,day,LH-TRACT-15904,Polygon,original_valid,direct County attribute transcription and source-geometry audit,LH-SRC-OC-TRACTS,County object ID 14190; MM 800/48-50,documented_exact,high,"Recording is a legal subdivision milestone only; it does not date construction, habitability, sale, or occupancy.",possible_nested_subdivision_map
LH-OBS-TRACT-15905,LH-TRACT-15905,legal_tract_map_recording,Tract 15905 recorded as MM 805/6-8,2000-08-16,,day,LH-TRACT-15905,Polygon,original_valid,direct County attribute transcription and source-geometry audit,LH-SRC-OC-TRACTS,County object ID 2243; MM 805/6-8,documented_exact,high,"Recording is a legal subdivision milestone only; it does not date construction, habitability, sale, or occupancy.",possible_nested_subdivision_map
LH-OBS-TRACT-15906,LH-TRACT-15906,legal_tract_map_recording,Tract 15906 recorded as MM 803/16-21,2000-06-16,,day,LH-TRACT-15906,Polygon,original_valid,direct County attribute transcription and source-geometry audit,LH-SRC-OC-TRACTS,County object ID 1772; MM 803/16-21,documented_exact,high,"Recording is a legal subdivision milestone only; it does not date construction, habitability, sale, or occupancy.",possible_nested_subdivision_map
LH-OBS-TRACT-15907,LH-TRACT-15907,legal_tract_map_recording,Tract 15907 recorded as MM 805/26-28,2000-08-25,,day,LH-TRACT-15907,Polygon,original_valid,direct County attribute transcription and source-geometry audit,LH-SRC-OC-TRACTS,County object ID 4017; MM 805/26-28,documented_exact,high,"Recording is a legal subdivision milestone only; it does not date construction, habitability, sale, or occupancy.",documented_or_interpreted_nested_subdivision_map
LH-OBS-TRACT-15908,LH-TRACT-15908,legal_tract_map_recording,Tract 15908 recorded as MM 820/10-15,2001-06-29,,day,LH-TRACT-15908,Polygon,original_valid,direct County attribute transcription and source-geometry audit,LH-SRC-OC-TRACTS,County object ID 13977; MM 820/10-15,documented_exact,high,"Recording is a legal subdivision milestone only; it does not date construction, habitability, sale, or occupancy.",documented_or_interpreted_nested_subdivision_map
LH-OBS-TRACT-15909,LH-TRACT-15909,legal_tract_map_recording,Tract 15909 recorded as MM 820/29-34,2001-06-29,,day,LH-TRACT-15909,Polygon,original_valid,direct County attribute transcription and source-geometry audit,LH-SRC-OC-TRACTS,County object ID 2244; MM 820/29-34,documented_exact,high,"Recording is a legal subdivision milestone only; it does not date construction, habitability, sale, or occupancy.",documented_or_interpreted_nested_subdivision_map
LH-OBS-TRACT-15910,LH-TRACT-15910,legal_tract_map_recording,Tract 15910 recorded as MM 806/33-37,2000-10-13,,day,LH-TRACT-15910,Polygon,original_valid,direct County attribute transcription and source-geometry audit,LH-SRC-OC-TRACTS,County object ID 9453; MM 806/33-37,documented_exact,high,"Recording is a legal subdivision milestone only; it does not date construction, habitability, sale, or occupancy.",possible_nested_subdivision_map
LH-OBS-TRACT-15911,LH-TRACT-15911,legal_tract_map_recording,Tract 15911 recorded as MM 806/27-30,2000-10-11,,day,LH-TRACT-15911,Polygon,original_valid,direct County attribute transcription and source-geometry audit,LH-SRC-OC-TRACTS,County object ID 6831; MM 806/27-30,documented_exact,high,"Recording is a legal subdivision milestone only; it does not date construction, habitability, sale, or occupancy.",documented_or_interpreted_nested_subdivision_map
LH-OBS-TRACT-15912,LH-TRACT-15912,legal_tract_map_recording,Tract 15912 recorded as MM 804/1-4,2000-06-22,,day,LH-TRACT-15912,Polygon,original_valid,direct County attribute transcription and source-geometry audit,LH-SRC-OC-TRACTS,County object ID 11101; MM 804/1-4,documented_exact,high,"Recording is a legal subdivision milestone only; it does not date construction, habitability, sale, or occupancy.",documented_or_interpreted_nested_subdivision_map
LH-OBS-TRACT-15914,LH-TRACT-15914,legal_tract_map_recording,Tract 15914 recorded as MM 817/45-47,2001-05-30,,day,LH-TRACT-15914,Polygon,original_valid,direct County attribute transcription and source-geometry audit,LH-SRC-OC-TRACTS,County object ID 13175; MM 817/45-47,documented_exact,high,"Recording is a legal subdivision milestone only; it does not date construction, habitability, sale, or occupancy.",documented_or_interpreted_nested_subdivision_map
LH-OBS-TRACT-15915,LH-TRACT-15915,legal_tract_map_recording,Tract 15915 recorded as MM 805/29-34,2000-08-25,,day,LH-TRACT-15915,Polygon,original_valid,direct County attribute transcription and source-geometry audit,LH-SRC-OC-TRACTS,County object ID 5259; MM 805/29-34,documented_exact,high,"Recording is a legal subdivision milestone only; it does not date construction, habitability, sale, or occupancy.",documented_or_interpreted_nested_subdivision_map
LH-OBS-TRACT-15985,LH-TRACT-15985,legal_tract_map_recording,Tract 15985 recorded as MM 842/8-20,2003-04-04,,day,LH-TRACT-15985,Polygon,original_valid,direct County attribute transcription and source-geometry audit,LH-SRC-OC-TRACTS,County object ID 11073; MM 842/8-20,documented_exact,high,"Recording is a legal subdivision milestone only; it does not date construction, habitability, sale, or occupancy.",partial_overlap_review_required
LH-OBS-TRACT-15986,LH-TRACT-15986,legal_tract_map_recording,Tract 15986 recorded as MM 849/1-15,2003-08-28,,day,LH-TRACT-15986,Polygon,original_valid,direct County attribute transcription and source-geometry audit,LH-SRC-OC-TRACTS,County object ID 14226; MM 849/1-15,documented_exact,high,"Recording is a legal subdivision milestone only; it does not date construction, habitability, sale, or occupancy.",possible_parent_map
LH-OBS-TRACT-15987,LH-TRACT-15987,legal_tract_map_recording,Tract 15987 recorded as MM 839/1-18,2002-12-17,,day,LH-TRACT-15987,Polygon,original_valid,direct County attribute transcription and source-geometry audit,LH-SRC-OC-TRACTS,County object ID 12363; MM 839/1-18,documented_exact,high,"Recording is a legal subdivision milestone only; it does not date construction, habitability, sale, or occupancy.",possible_parent_map
LH-OBS-TRACT-15988,LH-TRACT-15988,legal_tract_map_recording,Tract 15988 recorded as MM 854/6-16,2004-01-30,,day,LH-TRACT-15988,Polygon,original_invalid_repaired_for_measurement,direct County attribute transcription and source-geometry audit,LH-SRC-OC-TRACTS,County object ID 11808; MM 854/6-16,documented_exact,high,"Recording is a legal subdivision milestone only; it does not date construction, habitability, sale, or occupancy.",possible_nested_map_review_required
LH-OBS-TRACT-15989,LH-TRACT-15989,legal_tract_map_recording,Tract 15989 recorded as MM 863/8-14,2004-11-15,,day,LH-TRACT-15989,Polygon,original_valid,direct County attribute transcription and source-geometry audit,LH-SRC-OC-TRACTS,County object ID 13657; MM 863/8-14,documented_exact,high,"Recording is a legal subdivision milestone only; it does not date construction, habitability, sale, or occupancy.",standalone_or_unresolved
LH-OBS-TRACT-15990,LH-TRACT-15990,legal_tract_map_recording,Tract 15990 recorded as MM 862/34-41,2004-10-28,,day,LH-TRACT-15990,Polygon,original_valid,direct County attribute transcription and source-geometry audit,LH-SRC-OC-TRACTS,County object ID 4042; MM 862/34-41,documented_exact,high,"Recording is a legal subdivision milestone only; it does not date construction, habitability, sale, or occupancy.",standalone_or_unresolved
LH-OBS-TRACT-16025,LH-TRACT-16025,legal_tract_map_recording,Tract 16025 recorded as MM 812/22-29,2001-01-26,,day,LH-TRACT-16025,Polygon,original_valid,direct County attribute transcription and source-geometry audit,LH-SRC-OC-TRACTS,County object ID 107; MM 812/22-29,documented_exact,high,"Recording is a legal subdivision milestone only; it does not date construction, habitability, sale, or occupancy.",possible_parent_map
LH-OBS-TRACT-16063,LH-TRACT-16063,legal_tract_map_recording,Tract 16063 recorded as MM 818/32-40,2001-05-25,,day,LH-TRACT-16063,Polygon,original_valid,direct County attribute transcription and source-geometry audit,LH-SRC-OC-TRACTS,County object ID 3171; MM 818/32-40,documented_exact,high,"Recording is a legal subdivision milestone only; it does not date construction, habitability, sale, or occupancy.",partial_overlap_review_required
LH-OBS-TRACT-16101,LH-TRACT-16101,legal_tract_map_recording,Tract 16101 recorded as MM 820/21-25,2001-06-29,,day,LH-TRACT-16101,Polygon,original_valid,direct County attribute transcription and source-geometry audit,LH-SRC-OC-TRACTS,County object ID 12346; MM 820/21-25,documented_exact,high,"Recording is a legal subdivision milestone only; it does not date construction, habitability, sale, or occupancy.",possible_nested_subdivision_map
LH-OBS-TRACT-16102,LH-TRACT-16102,legal_tract_map_recording,Tract 16102 recorded as MM 819/1-5,2001-06-12,,day,LH-TRACT-16102,Polygon,original_valid,direct County attribute transcription and source-geometry audit,LH-SRC-OC-TRACTS,County object ID 4016; MM 819/1-5,documented_exact,high,"Recording is a legal subdivision milestone only; it does not date construction, habitability, sale, or occupancy.",possible_nested_subdivision_map
LH-OBS-TRACT-16103,LH-TRACT-16103,legal_tract_map_recording,Tract 16103 recorded as MM 817/1-5,2001-06-12,,day,LH-TRACT-16103,Polygon,original_valid,direct County attribute transcription and source-geometry audit,LH-SRC-OC-TRACTS,County object ID 5260; MM 817/1-5,documented_exact,high,"Recording is a legal subdivision milestone only; it does not date construction, habitability, sale, or occupancy.",possible_nested_subdivision_map
LH-OBS-TRACT-16104,LH-TRACT-16104,legal_tract_map_recording,Tract 16104 recorded as MM 821/35-40,2001-07-31,,day,LH-TRACT-16104,Polygon,original_valid,direct County attribute transcription and source-geometry audit,LH-SRC-OC-TRACTS,County object ID 11102; MM 821/35-40,documented_exact,high,"Recording is a legal subdivision milestone only; it does not date construction, habitability, sale, or occupancy.",documented_or_interpreted_nested_subdivision_map
LH-OBS-TRACT-16105,LH-TRACT-16105,legal_tract_map_recording,Tract 16105 recorded as MM 823/18-26,2001-04-01,,day,LH-TRACT-16105,Polygon,original_valid,direct County attribute transcription and source-geometry audit,LH-SRC-OC-TRACTS,County object ID 10618; MM 823/18-26,documented_exact,high,"Recording is a legal subdivision milestone only; it does not date construction, habitability, sale, or occupancy.",possible_nested_subdivision_map
LH-OBS-TRACT-16114,LH-TRACT-16114,legal_tract_map_recording,Tract 16114 recorded as MM 821/41-44,2001-07-31,,day,LH-TRACT-16114,Polygon,original_valid,direct County attribute transcription and source-geometry audit,LH-SRC-OC-TRACTS,County object ID 11309; MM 821/41-44,documented_exact,high,"Recording is a legal subdivision milestone only; it does not date construction, habitability, sale, or occupancy.",documented_or_interpreted_nested_subdivision_map
LH-OBS-TRACT-16115,LH-TRACT-16115,legal_tract_map_recording,Tract 16115 recorded as MM 825/40-45,2002-02-14,,day,LH-TRACT-16115,Polygon,original_invalid_repaired_for_measurement,direct County attribute transcription and source-geometry audit,LH-SRC-OC-TRACTS,County object ID 2236; MM 825/40-45,documented_exact,high,"Recording is a legal subdivision milestone only; it does not date construction, habitability, sale, or occupancy.",possible_nested_subdivision_map
LH-OBS-TRACT-16116,LH-TRACT-16116,legal_tract_map_recording,Tract 16116 recorded as MM 830/35-40,2002-05-16,,day,LH-TRACT-16116,Polygon,original_valid,direct County attribute transcription and source-geometry audit,LH-SRC-OC-TRACTS,County object ID 14100; MM 830/35-40,documented_exact,high,"Recording is a legal subdivision milestone only; it does not date construction, habitability, sale, or occupancy.",documented_or_interpreted_nested_subdivision_map
LH-OBS-TRACT-16117,LH-TRACT-16117,legal_tract_map_recording,Tract 16117 recorded as MM 826/1-3,2001-12-26,,day,LH-TRACT-16117,Polygon,original_valid,direct County attribute transcription and source-geometry audit,LH-SRC-OC-TRACTS,County object ID 4043; MM 826/1-3,documented_exact,high,"Recording is a legal subdivision milestone only; it does not date construction, habitability, sale, or occupancy.",possible_nested_subdivision_map
LH-OBS-TRACT-16118,LH-TRACT-16118,legal_tract_map_recording,Tract 16118 recorded as MM 823/30-33,2001-10-26,,day,LH-TRACT-16118,Polygon,original_valid,direct County attribute transcription and source-geometry audit,LH-SRC-OC-TRACTS,County object ID 13527; MM 823/30-33,documented_exact,high,"Recording is a legal subdivision milestone only; it does not date construction, habitability, sale, or occupancy.",documented_or_interpreted_nested_subdivision_map
LH-OBS-TRACT-16119,LH-TRACT-16119,legal_tract_map_recording,Tract 16119 recorded as MM 824/48-50,2001-12-26,,day,LH-TRACT-16119,Polygon,original_valid,direct County attribute transcription and source-geometry audit,LH-SRC-OC-TRACTS,County object ID 5243; MM 824/48-50,documented_exact,high,"Recording is a legal subdivision milestone only; it does not date construction, habitability, sale, or occupancy.",possible_nested_subdivision_map
LH-OBS-TRACT-16120,LH-TRACT-16120,legal_tract_map_recording,Tract 16120 recorded as MM 822/40-43,2001-10-12,,day,LH-TRACT-16120,Polygon,original_valid,direct County attribute transcription and source-geometry audit,LH-SRC-OC-TRACTS,County object ID 3339; MM 822/40-43,documented_exact,high,"Recording is a legal subdivision milestone only; it does not date construction, habitability, sale, or occupancy.",possible_nested_subdivision_map
LH-OBS-TRACT-16121,LH-TRACT-16121,legal_tract_map_recording,Tract 16121 recorded as MM 825/46-50,2001-12-26,,day,LH-TRACT-16121,Polygon,original_valid,direct County attribute transcription and source-geometry audit,LH-SRC-OC-TRACTS,County object ID 3338; MM 825/46-50,documented_exact,high,"Recording is a legal subdivision milestone only; it does not date construction, habitability, sale, or occupancy.",possible_nested_subdivision_map
LH-OBS-TRACT-16122,LH-TRACT-16122,legal_tract_map_recording,Tract 16122 recorded as MM 823/34-38,2001-12-26,,day,LH-TRACT-16122,Polygon,original_valid,direct County attribute transcription and source-geometry audit,LH-SRC-OC-TRACTS,County object ID 2237; MM 823/34-38,documented_exact,high,"Recording is a legal subdivision milestone only; it does not date construction, habitability, sale, or occupancy.",possible_nested_subdivision_map
LH-OBS-TRACT-16126,LH-TRACT-16126,legal_tract_map_recording,Tract 16126 recorded as MM 824/15-20,2001-11-08,,day,LH-TRACT-16126,Polygon,original_valid,direct County attribute transcription and source-geometry audit,LH-SRC-OC-TRACTS,County object ID 9860; MM 824/15-20,documented_exact,high,"Recording is a legal subdivision milestone only; it does not date construction, habitability, sale, or occupancy.",documented_or_interpreted_nested_subdivision_map
LH-OBS-TRACT-16127,LH-TRACT-16127,legal_tract_map_recording,Tract 16127 recorded as MM 821/29-34,2001-07-30,,day,LH-TRACT-16127,Polygon,original_valid,direct County attribute transcription and source-geometry audit,LH-SRC-OC-TRACTS,County object ID 13195; MM 821/29-34,documented_exact,high,"Recording is a legal subdivision milestone only; it does not date construction, habitability, sale, or occupancy.",possible_nested_subdivision_map
LH-OBS-TRACT-16155,LH-TRACT-16155,legal_tract_map_recording,Tract 16155 recorded as MM 812/30-39,2001-01-26,,day,LH-TRACT-16155,Polygon,original_valid,direct County attribute transcription and source-geometry audit,LH-SRC-OC-TRACTS,County object ID 2715; MM 812/30-39,documented_exact,high,"Recording is a legal subdivision milestone only; it does not date construction, habitability, sale, or occupancy.",possible_parent_map
LH-OBS-TRACT-16156,LH-TRACT-16156,legal_tract_map_recording,Tract 16156 recorded as MM 812/40-48,2001-01-26,,day,LH-TRACT-16156,Polygon,original_valid,direct County attribute transcription and source-geometry audit,LH-SRC-OC-TRACTS,County object ID 13601; MM 812/40-48,documented_exact,high,"Recording is a legal subdivision milestone only; it does not date construction, habitability, sale, or occupancy.",possible_parent_map
LH-OBS-TRACT-16157,LH-TRACT-16157,legal_tract_map_recording,Tract 16157 recorded as MM 813/1-9,2001-01-26,,day,LH-TRACT-16157,Polygon,original_valid,direct County attribute transcription and source-geometry audit,LH-SRC-OC-TRACTS,County object ID 9485; MM 813/1-9,documented_exact,high,"Recording is a legal subdivision milestone only; it does not date construction, habitability, sale, or occupancy.",possible_parent_map
LH-OBS-TRACT-16203,LH-TRACT-16203,legal_tract_map_recording,Tract 16203 recorded as MM 826/8-20,2002-01-24,,day,LH-TRACT-16203,Polygon,original_valid,direct County attribute transcription and source-geometry audit,LH-SRC-OC-TRACTS,County object ID 7834; MM 826/8-20,documented_exact,high,"Recording is a legal subdivision milestone only; it does not date construction, habitability, sale, or occupancy.",possible_parent_map
LH-OBS-TRACT-16234,LH-TRACT-16234,legal_tract_map_recording,Tract 16234 recorded as MM 825/19-29,2001-12-26,,day,LH-TRACT-16234,Polygon,original_valid,direct County attribute transcription and source-geometry audit,LH-SRC-OC-TRACTS,County object ID 11878; MM 825/19-29,documented_exact,high,"Recording is a legal subdivision milestone only; it does not date construction, habitability, sale, or occupancy.",possible_parent_map
LH-OBS-TRACT-16235,LH-TRACT-16235,legal_tract_map_recording,Tract 16235 recorded as MM 825/30-39,2002-02-14,,day,LH-TRACT-16235,Polygon,original_valid,direct County attribute transcription and source-geometry audit,LH-SRC-OC-TRACTS,County object ID 13038; MM 825/30-39,documented_exact,high,"Recording is a legal subdivision milestone only; it does not date construction, habitability, sale, or occupancy.",possible_parent_map
LH-OBS-TRACT-16236,LH-TRACT-16236,legal_tract_map_recording,Tract 16236 recorded as MM 832/24-29,2002-05-29,,day,LH-TRACT-16236,Polygon,original_valid,direct County attribute transcription and source-geometry audit,LH-SRC-OC-TRACTS,County object ID 3358; MM 832/24-29,documented_exact,high,"Recording is a legal subdivision milestone only; it does not date construction, habitability, sale, or occupancy.",documented_or_interpreted_nested_subdivision_map
LH-OBS-TRACT-16237,LH-TRACT-16237,legal_tract_map_recording,Tract 16237 recorded as MM 835/17-20,2002-08-14,,day,LH-TRACT-16237,Polygon,original_valid,direct County attribute transcription and source-geometry audit,LH-SRC-OC-TRACTS,County object ID 2232; MM 835/17-20,documented_exact,high,"Recording is a legal subdivision milestone only; it does not date construction, habitability, sale, or occupancy.",documented_or_interpreted_nested_subdivision_map
LH-OBS-TRACT-16238,LH-TRACT-16238,legal_tract_map_recording,Tract 16238 recorded as MM 835/21-25,2002-08-21,,day,LH-TRACT-16238,Polygon,original_valid,direct County attribute transcription and source-geometry audit,LH-SRC-OC-TRACTS,County object ID 8630; MM 835/21-25,documented_exact,high,"Recording is a legal subdivision milestone only; it does not date construction, habitability, sale, or occupancy.",possible_nested_subdivision_map
LH-OBS-TRACT-16239,LH-TRACT-16239,legal_tract_map_recording,Tract 16239 recorded as MM 834/9-15,2002-06-26,,day,LH-TRACT-16239,Polygon,original_valid,direct County attribute transcription and source-geometry audit,LH-SRC-OC-TRACTS,County object ID 9841; MM 834/9-15,documented_exact,high,"Recording is a legal subdivision milestone only; it does not date construction, habitability, sale, or occupancy.",possible_nested_subdivision_map
LH-OBS-TRACT-16240,LH-TRACT-16240,legal_tract_map_recording,Tract 16240 recorded as MM 834/22-25,2002-06-28,,day,LH-TRACT-16240,Polygon,original_valid,direct County attribute transcription and source-geometry audit,LH-SRC-OC-TRACTS,County object ID 8629; MM 834/22-25,documented_exact,high,"Recording is a legal subdivision milestone only; it does not date construction, habitability, sale, or occupancy.",documented_or_interpreted_nested_subdivision_map
LH-OBS-TRACT-16241,LH-TRACT-16241,legal_tract_map_recording,Tract 16241 recorded as MM 840/32-36,2003-02-25,,day,LH-TRACT-16241,Polygon,original_invalid_repaired_for_measurement,direct County attribute transcription and source-geometry audit,LH-SRC-OC-TRACTS,County object ID 2676; MM 840/32-36,documented_exact,high,"Recording is a legal subdivision milestone only; it does not date construction, habitability, sale, or occupancy.",possible_nested_subdivision_map
LH-OBS-TRACT-16242,LH-TRACT-16242,legal_tract_map_recording,Tract 16242 recorded as MM 833/24-27,2002-06-18,,day,LH-TRACT-16242,Polygon,original_valid,direct County attribute transcription and source-geometry audit,LH-SRC-OC-TRACTS,County object ID 1202; MM 833/24-27,documented_exact,high,"Recording is a legal subdivision milestone only; it does not date construction, habitability, sale, or occupancy.",possible_nested_subdivision_map
LH-OBS-TRACT-16243,LH-TRACT-16243,legal_tract_map_recording,Tract 16243 recorded as MM 835/34-39,2002-08-30,,day,LH-TRACT-16243,Polygon,original_valid,direct County attribute transcription and source-geometry audit,LH-SRC-OC-TRACTS,County object ID 3359; MM 835/34-39,documented_exact,high,"Recording is a legal subdivision milestone only; it does not date construction, habitability, sale, or occupancy.",documented_or_interpreted_nested_subdivision_map
LH-OBS-TRACT-16244,LH-TRACT-16244,legal_tract_map_recording,Tract 16244 recorded as MM 840/47-50,2003-05-02,,day,LH-TRACT-16244,Polygon,original_valid,direct County attribute transcription and source-geometry audit,LH-SRC-OC-TRACTS,County object ID 4807; MM 840/47-50,documented_exact,high,"Recording is a legal subdivision milestone only; it does not date construction, habitability, sale, or occupancy.",possible_nested_subdivision_map
LH-OBS-TRACT-16245,LH-TRACT-16245,legal_tract_map_recording,Tract 16245 recorded as MM 835/7-11,2002-07-26,,day,LH-TRACT-16245,Polygon,original_valid,direct County attribute transcription and source-geometry audit,LH-SRC-OC-TRACTS,County object ID 4531; MM 835/7-11,documented_exact,high,"Recording is a legal subdivision milestone only; it does not date construction, habitability, sale, or occupancy.",possible_nested_subdivision_map
LH-OBS-TRACT-16246,LH-TRACT-16246,legal_tract_map_recording,Tract 16246 recorded as MM 842/45-49,2003-05-02,,day,LH-TRACT-16246,Polygon,original_valid,direct County attribute transcription and source-geometry audit,LH-SRC-OC-TRACTS,County object ID 8042; MM 842/45-49,documented_exact,high,"Recording is a legal subdivision milestone only; it does not date construction, habitability, sale, or occupancy.",possible_nested_subdivision_map
LH-OBS-TRACT-16247,LH-TRACT-16247,legal_tract_map_recording,Tract 16247 recorded as MM 832/16-19,2002-05-24,,day,LH-TRACT-16247,Polygon,original_valid,direct County attribute transcription and source-geometry audit,LH-SRC-OC-TRACTS,County object ID 5387; MM 832/16-19,documented_exact,high,"Recording is a legal subdivision milestone only; it does not date construction, habitability, sale, or occupancy.",possible_nested_subdivision_map
LH-OBS-TRACT-16248,LH-TRACT-16248,legal_tract_map_recording,Tract 16248 recorded as MM 839/27-33,2003-01-17,,day,LH-TRACT-16248,Polygon,original_valid,direct County attribute transcription and source-geometry audit,LH-SRC-OC-TRACTS,County object ID 4019; MM 839/27-33,documented_exact,high,"Recording is a legal subdivision milestone only; it does not date construction, habitability, sale, or occupancy.",possible_nested_subdivision_map
LH-OBS-TRACT-16249,LH-TRACT-16249,legal_tract_map_recording,Tract 16249 recorded as MM 835/26-33,2002-08-22,,day,LH-TRACT-16249,Polygon,original_valid,direct County attribute transcription and source-geometry audit,LH-SRC-OC-TRACTS,County object ID 13039; MM 835/26-33,documented_exact,high,"Recording is a legal subdivision milestone only; it does not date construction, habitability, sale, or occupancy.",possible_nested_subdivision_map
LH-OBS-TRACT-16250,LH-TRACT-16250,legal_tract_map_recording,Tract 16250 recorded as MM 832/20-23,2002-05-24,,day,LH-TRACT-16250,Polygon,original_valid,direct County attribute transcription and source-geometry audit,LH-SRC-OC-TRACTS,County object ID 2129; MM 832/20-23,documented_exact,high,"Recording is a legal subdivision milestone only; it does not date construction, habitability, sale, or occupancy.",possible_nested_subdivision_map
LH-OBS-TRACT-16270,LH-TRACT-16270,legal_tract_map_recording,Tract 16270 recorded as MM 836/40-43,2002-09-27,,day,LH-TRACT-16270,Polygon,original_valid,direct County attribute transcription and source-geometry audit,LH-SRC-OC-TRACTS,County object ID 6999; MM 836/40-43,documented_exact,high,"Recording is a legal subdivision milestone only; it does not date construction, habitability, sale, or occupancy.",possible_nested_subdivision_map
LH-OBS-TRACT-16271,LH-TRACT-16271,legal_tract_map_recording,Tract 16271 recorded as MM 839/34-45,2003-02-27,,day,LH-TRACT-16271,Polygon,original_valid,direct County attribute transcription and source-geometry audit,LH-SRC-OC-TRACTS,County object ID 8751; MM 839/34-45,documented_exact,high,"Recording is a legal subdivision milestone only; it does not date construction, habitability, sale, or occupancy.",possible_parent_map
LH-OBS-TRACT-16341,LH-TRACT-16341,legal_tract_map_recording,Tract 16341 recorded as MM 840/1-20,2003-02-27,,day,LH-TRACT-16341,Polygon,original_valid,direct County attribute transcription and source-geometry audit,LH-SRC-OC-TRACTS,County object ID 83; MM 840/1-20,documented_exact,high,"Recording is a legal subdivision milestone only; it does not date construction, habitability, sale, or occupancy.",possible_parent_map
LH-OBS-TRACT-16342,LH-TRACT-16342,legal_tract_map_recording,Tract 16342 recorded as MM 847/36-39,2003-07-25,,day,LH-TRACT-16342,Polygon,original_valid,direct County attribute transcription and source-geometry audit,LH-SRC-OC-TRACTS,County object ID 1759; MM 847/36-39,documented_exact,high,"Recording is a legal subdivision milestone only; it does not date construction, habitability, sale, or occupancy.",documented_or_interpreted_nested_subdivision_map
LH-OBS-TRACT-16346,LH-TRACT-16346,legal_tract_map_recording,Tract 16346 recorded as MM 848/15-18,2003-08-18,,day,LH-TRACT-16346,Polygon,original_valid,direct County attribute transcription and source-geometry audit,LH-SRC-OC-TRACTS,County object ID 2965; MM 848/15-18,documented_exact,high,"Recording is a legal subdivision milestone only; it does not date construction, habitability, sale, or occupancy.",documented_or_interpreted_nested_subdivision_map
LH-OBS-TRACT-16347,LH-TRACT-16347,legal_tract_map_recording,Tract 16347 recorded as MM 849/31-39,2003-09-19,,day,LH-TRACT-16347,Polygon,original_valid,direct County attribute transcription and source-geometry audit,LH-SRC-OC-TRACTS,County object ID 11074; MM 849/31-39,documented_exact,high,"Recording is a legal subdivision milestone only; it does not date construction, habitability, sale, or occupancy.",documented_or_interpreted_nested_subdivision_map
LH-OBS-TRACT-16348,LH-TRACT-16348,legal_tract_map_recording,Tract 16348 recorded as MM 848/23-28,2003-08-18,,day,LH-TRACT-16348,Polygon,original_valid,direct County attribute transcription and source-geometry audit,LH-SRC-OC-TRACTS,County object ID 5746; MM 848/23-28,documented_exact,high,"Recording is a legal subdivision milestone only; it does not date construction, habitability, sale, or occupancy.",possible_nested_subdivision_map
LH-OBS-TRACT-16349,LH-TRACT-16349,legal_tract_map_recording,Tract 16349 recorded as MM 847/5-10,2003-07-08,,day,LH-TRACT-16349,Polygon,original_valid,direct County attribute transcription and source-geometry audit,LH-SRC-OC-TRACTS,County object ID 6836; MM 847/5-10,documented_exact,high,"Recording is a legal subdivision milestone only; it does not date construction, habitability, sale, or occupancy.",possible_nested_subdivision_map
LH-OBS-TRACT-16350,LH-TRACT-16350,legal_tract_map_recording,Tract 16350 recorded as MM 847/1-4,2003-07-08,,day,LH-TRACT-16350,Polygon,original_valid,direct County attribute transcription and source-geometry audit,LH-SRC-OC-TRACTS,County object ID 5242; MM 847/1-4,documented_exact,high,"Recording is a legal subdivision milestone only; it does not date construction, habitability, sale, or occupancy.",documented_or_interpreted_nested_subdivision_map
LH-OBS-TRACT-16351,LH-TRACT-16351,legal_tract_map_recording,Tract 16351 recorded as MM 850/28-32,2003-10-31,,day,LH-TRACT-16351,Polygon,original_valid,direct County attribute transcription and source-geometry audit,LH-SRC-OC-TRACTS,County object ID 12336; MM 850/28-32,documented_exact,high,"Recording is a legal subdivision milestone only; it does not date construction, habitability, sale, or occupancy.",documented_or_interpreted_nested_subdivision_map
LH-OBS-TRACT-16352,LH-TRACT-16352,legal_tract_map_recording,Tract 16352 recorded as MM 850/33-37,2003-10-31,,day,LH-TRACT-16352,Polygon,original_valid,direct County attribute transcription and source-geometry audit,LH-SRC-OC-TRACTS,County object ID 13529; MM 850/33-37,documented_exact,high,"Recording is a legal subdivision milestone only; it does not date construction, habitability, sale, or occupancy.",possible_nested_subdivision_map
LH-OBS-TRACT-16353,LH-TRACT-16353,legal_tract_map_recording,Tract 16353 recorded as MM 853/16-20,2003-12-19,,day,LH-TRACT-16353,Polygon,original_valid,direct County attribute transcription and source-geometry audit,LH-SRC-OC-TRACTS,County object ID 9390; MM 853/16-20,documented_exact,high,"Recording is a legal subdivision milestone only; it does not date construction, habitability, sale, or occupancy.",documented_or_interpreted_nested_subdivision_map
LH-OBS-TRACT-16354,LH-TRACT-16354,legal_tract_map_recording,Tract 16354 recorded as MM 848/19-22,2003-08-18,,day,LH-TRACT-16354,Polygon,original_valid,direct County attribute transcription and source-geometry audit,LH-SRC-OC-TRACTS,County object ID 4268; MM 848/19-22,documented_exact,high,"Recording is a legal subdivision milestone only; it does not date construction, habitability, sale, or occupancy.",documented_or_interpreted_nested_subdivision_map
LH-OBS-TRACT-16355,LH-TRACT-16355,legal_tract_map_recording,Tract 16355 recorded as MM 852/1-6,2003-12-18,,day,LH-TRACT-16355,Polygon,original_valid,direct County attribute transcription and source-geometry audit,LH-SRC-OC-TRACTS,County object ID 5880; MM 852/1-6,documented_exact,high,"Recording is a legal subdivision milestone only; it does not date construction, habitability, sale, or occupancy.",documented_or_interpreted_nested_subdivision_map
LH-OBS-TRACT-16356,LH-TRACT-16356,legal_tract_map_recording,Tract 16356 recorded as MM 848/44-46,2003-08-28,,day,LH-TRACT-16356,Polygon,original_valid,direct County attribute transcription and source-geometry audit,LH-SRC-OC-TRACTS,County object ID 7560; MM 848/44-46,documented_exact,high,"Recording is a legal subdivision milestone only; it does not date construction, habitability, sale, or occupancy.",documented_or_interpreted_nested_subdivision_map
LH-OBS-TRACT-16384,LH-TRACT-16384,legal_tract_map_recording,Tract 16384 recorded as MM 853/39-42,2004-02-13,,day,LH-TRACT-16384,Polygon,original_valid,direct County attribute transcription and source-geometry audit,LH-SRC-OC-TRACTS,County object ID 3337; MM 853/39-42,documented_exact,high,"Recording is a legal subdivision milestone only; it does not date construction, habitability, sale, or occupancy.",possible_nested_subdivision_map
LH-OBS-TRACT-16385,LH-TRACT-16385,legal_tract_map_recording,Tract 16385 recorded as MM 853/34-38,2004-02-13,,day,LH-TRACT-16385,Polygon,original_invalid_repaired_for_measurement,direct County attribute transcription and source-geometry audit,LH-SRC-OC-TRACTS,County object ID 584; MM 853/34-38,documented_exact,high,"Recording is a legal subdivision milestone only; it does not date construction, habitability, sale, or occupancy.",documented_or_interpreted_nested_subdivision_map
LH-OBS-TRACT-16386,LH-TRACT-16386,legal_tract_map_recording,Tract 16386 recorded as MM 852/45-49,2004-02-13,,day,LH-TRACT-16386,Polygon,original_valid,direct County attribute transcription and source-geometry audit,LH-SRC-OC-TRACTS,County object ID 13037; MM 852/45-49,documented_exact,high,"Recording is a legal subdivision milestone only; it does not date construction, habitability, sale, or occupancy.",possible_nested_subdivision_map
LH-OBS-TRACT-16387,LH-TRACT-16387,legal_tract_map_recording,Tract 16387 recorded as MM 853/47-50,2004-02-04,,day,LH-TRACT-16387,Polygon,original_valid,direct County attribute transcription and source-geometry audit,LH-SRC-OC-TRACTS,County object ID 14099; MM 853/47-50,documented_exact,high,"Recording is a legal subdivision milestone only; it does not date construction, habitability, sale, or occupancy.",documented_or_interpreted_nested_subdivision_map
LH-OBS-TRACT-16388,LH-TRACT-16388,legal_tract_map_recording,Tract 16388 recorded as MM 854/1-5,2004-01-30,,day,LH-TRACT-16388,Polygon,original_valid,direct County attribute transcription and source-geometry audit,LH-SRC-OC-TRACTS,County object ID 10590; MM 854/1-5,documented_exact,high,"Recording is a legal subdivision milestone only; it does not date construction, habitability, sale, or occupancy.",documented_or_interpreted_nested_subdivision_map
LH-OBS-TRACT-16389,LH-TRACT-16389,legal_tract_map_recording,Tract 16389 recorded as MM 839/24-26,2003-02-06,,day,LH-TRACT-16389,Polygon,original_valid,direct County attribute transcription and source-geometry audit,LH-SRC-OC-TRACTS,County object ID 12353; MM 839/24-26,documented_exact,high,"Recording is a legal subdivision milestone only; it does not date construction, habitability, sale, or occupancy.",documented_or_interpreted_nested_subdivision_map
LH-OBS-TRACT-16390,LH-TRACT-16390,legal_tract_map_recording,Tract 16390 recorded as MM 856/30-34,2004-04-23,,day,LH-TRACT-16390,Polygon,original_valid,direct County attribute transcription and source-geometry audit,LH-SRC-OC-TRACTS,County object ID 13818; MM 856/30-34,documented_exact,high,"Recording is a legal subdivision milestone only; it does not date construction, habitability, sale, or occupancy.",documented_or_interpreted_nested_subdivision_map
LH-OBS-TRACT-16391,LH-TRACT-16391,legal_tract_map_recording,Tract 16391 recorded as MM 861/29-35,2004-10-29,,day,LH-TRACT-16391,Polygon,original_valid,direct County attribute transcription and source-geometry audit,LH-SRC-OC-TRACTS,County object ID 14148; MM 861/29-35,documented_exact,high,"Recording is a legal subdivision milestone only; it does not date construction, habitability, sale, or occupancy.",partial_overlap_review_required
LH-OBS-TRACT-16392,LH-TRACT-16392,legal_tract_map_recording,Tract 16392 recorded as MM 859/22-27,2004-07-06,,day,LH-TRACT-16392,Polygon,original_invalid_repaired_for_measurement,direct County attribute transcription and source-geometry audit,LH-SRC-OC-TRACTS,County object ID 13035; MM 859/22-27,documented_exact,high,"Recording is a legal subdivision milestone only; it does not date construction, habitability, sale, or occupancy.",documented_or_interpreted_nested_subdivision_map
LH-OBS-TRACT-16393,LH-TRACT-16393,legal_tract_map_recording,Tract 16393 recorded as MM 859/17-21,2004-07-19,,day,LH-TRACT-16393,Polygon,original_invalid_repaired_for_measurement,direct County attribute transcription and source-geometry audit,LH-SRC-OC-TRACTS,County object ID 11807; MM 859/17-21,documented_exact,high,"Recording is a legal subdivision milestone only; it does not date construction, habitability, sale, or occupancy.",possible_nested_subdivision_map
LH-OBS-TRACT-16394,LH-TRACT-16394,legal_tract_map_recording,Tract 16394 recorded as MM 859/33-37,2004-07-06,,day,LH-TRACT-16394,Polygon,original_valid,direct County attribute transcription and source-geometry audit,LH-SRC-OC-TRACTS,County object ID 13036; MM 859/33-37,documented_exact,high,"Recording is a legal subdivision milestone only; it does not date construction, habitability, sale, or occupancy.",documented_or_interpreted_nested_subdivision_map
LH-OBS-TRACT-16395,LH-TRACT-16395,legal_tract_map_recording,Tract 16395 recorded as MM 861/36-41,2004-10-28,,day,LH-TRACT-16395,Polygon,original_valid,direct County attribute transcription and source-geometry audit,LH-SRC-OC-TRACTS,County object ID 13816; MM 861/36-41,documented_exact,high,"Recording is a legal subdivision milestone only; it does not date construction, habitability, sale, or occupancy.",documented_or_interpreted_nested_subdivision_map
LH-OBS-TRACT-16400,LH-TRACT-16400,legal_tract_map_recording,Tract 16400 recorded as MM 859/28-32,2004-07-06,,day,LH-TRACT-16400,Polygon,original_invalid_repaired_for_measurement,direct County attribute transcription and source-geometry audit,LH-SRC-OC-TRACTS,County object ID 10593; MM 859/28-32,documented_exact,high,"Recording is a legal subdivision milestone only; it does not date construction, habitability, sale, or occupancy.",possible_nested_subdivision_map
LH-OBS-TRACT-16414,LH-TRACT-16414,legal_tract_map_recording,Tract 16414 recorded as MM 838/47-50,2003-02-06,,day,LH-TRACT-16414,Polygon,original_valid,direct County attribute transcription and source-geometry audit,LH-SRC-OC-TRACTS,County object ID 1762; MM 838/47-50,documented_exact,high,"Recording is a legal subdivision milestone only; it does not date construction, habitability, sale, or occupancy.",documented_or_interpreted_nested_subdivision_map
LH-OBS-TRACT-16471,LH-TRACT-16471,legal_tract_map_recording,Tract 16471 recorded as MM 861/42-49,2004-10-28,,day,LH-TRACT-16471,Polygon,original_valid,direct County attribute transcription and source-geometry audit,LH-SRC-OC-TRACTS,County object ID 10592; MM 861/42-49,documented_exact,high,"Recording is a legal subdivision milestone only; it does not date construction, habitability, sale, or occupancy.",standalone_or_unresolved
LH-OBS-TRACT-16472,LH-TRACT-16472,legal_tract_map_recording,Tract 16472 recorded as MM 862/1-10,2004-10-26,,day,LH-TRACT-16472,Polygon,original_valid,direct County attribute transcription and source-geometry audit,LH-SRC-OC-TRACTS,County object ID 12337; MM 862/1-10,documented_exact,high,"Recording is a legal subdivision milestone only; it does not date construction, habitability, sale, or occupancy.",standalone_or_unresolved
LH-OBS-TRACT-16473,LH-TRACT-16473,legal_tract_map_recording,Tract 16473 recorded as MM 862/11-20,2004-10-26,,day,LH-TRACT-16473,Polygon,original_valid,direct County attribute transcription and source-geometry audit,LH-SRC-OC-TRACTS,County object ID 13528; MM 862/11-20,documented_exact,high,"Recording is a legal subdivision milestone only; it does not date construction, habitability, sale, or occupancy.",standalone_or_unresolved
LH-OBS-TRACT-16504,LH-TRACT-16504,legal_tract_map_recording,Tract 16504 recorded as MM 856/37-41,2004-04-30,,day,LH-TRACT-16504,Polygon,original_valid,direct County attribute transcription and source-geometry audit,LH-SRC-OC-TRACTS,County object ID 13684; MM 856/37-41,documented_exact,high,"Recording is a legal subdivision milestone only; it does not date construction, habitability, sale, or occupancy.",documented_or_interpreted_nested_subdivision_map
LH-OBS-TRACT-16505,LH-TRACT-16505,legal_tract_map_recording,Tract 16505 recorded as MM 856/42-46,2004-04-30,,day,LH-TRACT-16505,Polygon,original_valid,direct County attribute transcription and source-geometry audit,LH-SRC-OC-TRACTS,County object ID 10591; MM 856/42-46,documented_exact,high,"Recording is a legal subdivision milestone only; it does not date construction, habitability, sale, or occupancy.",possible_nested_subdivision_map
LH-OBS-TRACT-16515,LH-TRACT-16515,legal_tract_map_recording,Tract 16515 recorded as MM 850/21-25,2003-10-27,,day,LH-TRACT-16515,Polygon,original_valid,direct County attribute transcription and source-geometry audit,LH-SRC-OC-TRACTS,County object ID 13820; MM 850/21-25,documented_exact,high,"Recording is a legal subdivision milestone only; it does not date construction, habitability, sale, or occupancy.",documented_or_interpreted_nested_subdivision_map
LH-OBS-TRACT-16586,LH-TRACT-16586,legal_tract_map_recording,Tract 16586 recorded as MM 858/29-44,2004-06-10,,day,LH-TRACT-16586,Polygon,original_valid,direct County attribute transcription and source-geometry audit,LH-SRC-OC-TRACTS,County object ID 3336; MM 858/29-44,documented_exact,high,"Recording is a legal subdivision milestone only; it does not date construction, habitability, sale, or occupancy.",standalone_or_unresolved
LH-OBS-TRACT-16667,LH-TRACT-16667,legal_tract_map_recording,Tract 16667 recorded as MM 861/25-28,2004-10-29,,day,LH-TRACT-16667,Polygon,original_valid,direct County attribute transcription and source-geometry audit,LH-SRC-OC-TRACTS,County object ID 6837; MM 861/25-28,documented_exact,high,"Recording is a legal subdivision milestone only; it does not date construction, habitability, sale, or occupancy.",documented_or_interpreted_nested_subdivision_map
LH-OBS-TRACT-16687,LH-TRACT-16687,legal_tract_map_recording,Tract 16687 recorded as MM 865/34-39,2005-04-14,,day,LH-TRACT-16687,Polygon,original_invalid_repaired_for_measurement,direct County attribute transcription and source-geometry audit,LH-SRC-OC-TRACTS,County object ID 4170; MM 865/34-39,documented_exact,high,"Recording is a legal subdivision milestone only; it does not date construction, habitability, sale, or occupancy.",documented_or_interpreted_nested_subdivision_map
LH-OBS-LH-EVT-001,LH-FEAT-COMMUNITY,eir_certification,Board of Supervisors certifies Final EIR 555,1995-10-17,,day,,,nonspatial_observation,direct transcription,LH-SRC-OC-EIR-CERT,PDF page 3,documented_exact,high,Developer retrospective separately describes County approval in 1997; the exact broader entitlement action remains to be retrieved,Official County staff record retrospectively identifies the certification date
LH-OBS-LH-EVT-001B,LH-FEAT-COMMUNITY,approval_claim,Developer retrospective places County approval in 1997,1997-01-01,1997-12-31,year,,,nonspatial_observation,direct transcription,LH-SRC-RMV-PLANNING,Responsible Planning - Ladera Ranch 1997,documented_approximate,low,Official County record dates Final EIR 555 certification to 1995-10-17; the retrospective does not identify the 1997 action,"Preserved as a source claim, not treated as the exact entitlement action"
LH-OBS-LH-EVT-002,LH-FEAT-COMMUNITY,development_start,Development begins,1998-01-01,1998-12-31,year,,,nonspatial_observation,direct transcription,LH-SRC-ULI-CASE,Case study opening summary,documented_approximate,medium,,Substantial completion is separately dated to 2006
LH-OBS-LH-EVT-003,LH-FEAT-COMMUNITY,standards_approval,Original alternative development standards approved,1998-04-07,,day,,,nonspatial_observation,direct transcription,LH-SRC-OC-ADS,Cover/version history,documented_exact,high,,Regulatory milestone only
LH-OBS-LH-EVT-004,LH-FEAT-UTILITIES,utilities,Phase 1 utility environmental record received,1999-03-09,,day,,,nonspatial_observation,direct transcription,LH-SRC-CEQANET-UTILITIES,CEQAnet SCH 1999031033,documented_exact,high,,Includes domestic and nondomestic water sewer force mains pump station and lift station
LH-OBS-LH-EVT-005,LH-FEAT-COMMUNITY,standards_approval,Alternative development standards approval,1999-03-09,,day,,,nonspatial_observation,direct transcription,LH-SRC-OC-ADS,Cover/version history,documented_exact,high,,Regulatory milestone only
LH-OBS-LH-EVT-006,LH-FEAT-SALES,sales,Dirt Tour sales begin,1999-08-01,1999-08-31,month,,,nonspatial_observation,direct transcription,LH-SRC-LARMAC-TIMELINE,08/1999,documented_exact,medium,,Exact day not published
LH-OBS-LH-EVT-007,LH-FEAT-SALES,sales,93 new homes sold,1999-10-01,1999-10-31,month,,,nonspatial_observation,direct transcription,LH-SRC-LARMAC-TIMELINE,10/1999,documented_exact,medium,,Sales figure awaits original sales ledger corroboration
LH-OBS-LH-EVT-008,LH-FEAT-OCCUPANCY,occupancy,First resident moves in,1999-12-14,,day,,,nonspatial_observation,direct transcription,LH-SRC-LARMAC-TIMELINE,12/1999,documented_exact,medium,,Community-level event; village assignment is not encoded without a primary occupancy record
LH-OBS-LH-EVT-009,LH-FEAT-COMMUNITY,standards_approval,Chief County Engineer approves standards supplement 3,2000-02-28,,day,,,nonspatial_observation,direct transcription,LH-SRC-OC-ADS,Cover/version history,documented_exact,high,,Regulatory milestone only
LH-OBS-LH-EVT-010,LH-FEAT-SALES,sales,562 total new homes sold,2000-03-01,2000-03-31,month,,,nonspatial_observation,direct transcription,LH-SRC-LARMAC-TIMELINE,03/2000,documented_exact,medium,,Timeline reports 469 new and 562 total
LH-OBS-LH-EVT-011,LH-FEAT-OAK-KNOLL-CLUBHOUSE,clubhouse,Oak Knoll Clubhouse opens,2000-03-01,2000-03-31,month,,,nonspatial_observation,direct transcription,LH-SRC-LARMAC-TIMELINE,03/2000,documented_exact,medium,,Exact day not published
LH-OBS-LH-EVT-012,LH-FEAT-SALES,sales,1546 total new homes sold,2001-02-01,2001-02-28,month,,,nonspatial_observation,direct transcription,LH-SRC-LARMAC-TIMELINE,02/2001,documented_exact,medium,,Timeline reports 984 new and 31 neighborhoods open
LH-OBS-LH-EVT-013,LH-FEAT-SPORTS-PARK,park,Ladera Ranch Sports Park opens,2001-06-01,2001-06-30,month,,,nonspatial_observation,direct transcription,LH-SRC-LARMAC-TIMELINE,06/2001,documented_exact,medium,,Exact day not published
LH-OBS-LH-EVT-014,LH-SCHOOL-CHAPARRAL,school,Chaparral Elementary opens,2001-09-01,2001-09-30,month,LH-SCHOOL-CHAPARRAL,Point,current_facility_centroid,direct transcription,LH-SRC-CUSD-CHAPARRAL,School overview,documented_exact,high,,Exact day not published
LH-OBS-LH-EVT-015,LH-FEAT-BRIDGEPARK-PLAZA,commercial,Bridgepark Plaza opens,2001-10-01,2001-10-31,month,,,nonspatial_observation,direct transcription,LH-SRC-LARMAC-TIMELINE,10/2001,documented_exact,medium,,Exact day not published
LH-OBS-LH-EVT-016,LH-FEAT-TOWN-GREEN,park,Town Green opens,2001-10-01,2001-10-31,month,,,nonspatial_observation,direct transcription,LH-SRC-LARMAC-TIMELINE,10/2001,documented_exact,medium,,Exact day not published
LH-OBS-LH-EVT-017,LH-FEAT-SALES,sales,2488 total new homes sold,2002-03-01,2002-03-31,month,,,nonspatial_observation,direct transcription,LH-SRC-LARMAC-TIMELINE,03/2002,documented_exact,medium,,Timeline reports 942 new and 54 neighborhoods open
LH-OBS-LH-EVT-018,LH-FEAT-AVENDALE-CLUBHOUSE,clubhouse,Avendale Village Clubhouse opens,2002-06-01,2002-06-30,month,,,nonspatial_observation,direct transcription,LH-SRC-LARMAC-TIMELINE,06/2002,documented_exact,medium,,Exact day not published
LH-OBS-LH-EVT-019,LH-FEAT-SALES,sales,3987 total new homes sold,2003-04-01,2003-04-30,month,,,nonspatial_observation,direct transcription,LH-SRC-LARMAC-TIMELINE,04/2003,documented_exact,medium,,Timeline also reports population 6112
LH-OBS-LH-EVT-020,LH-FEAT-FOUNDERS-PARK,park,Founders Park opens,2003-07-01,2003-07-31,month,,,nonspatial_observation,direct transcription,LH-SRC-LARMAC-TIMELINE,07/2003,documented_exact,medium,,Community timeline month conflicts with school reports exact August 27 opening; events are preserved separately
LH-OBS-LH-EVT-021,LH-FEAT-LIBRARY,library,Ladera Ranch Library opens,2003-07-01,2003-07-31,month,,,nonspatial_observation,direct transcription,LH-SRC-LARMAC-TIMELINE,07/2003,documented_exact,medium,,Exact day not published
LH-OBS-LH-EVT-022,LH-FEAT-COMMUNITY,plan_revision,Ladera Planned Community Program revised,2003-07-30,,day,,,nonspatial_observation,direct transcription,LH-SRC-OC-PC,Cover,documented_exact,high,,Statistical summary amended by Orange County Planning Commission
LH-OBS-LH-EVT-023,LH-SCHOOL-LRES,school,Ladera Ranch School opens,2003-08-27,,day,LH-SCHOOL-LRES,Point,current_facility_centroid,direct transcription,LH-SRC-CUSD-LRES;LH-SRC-CUSD-LRMS,School overviews,documented_exact,high,LARMAC retrospective groups the schools under July 2003; official school reports give August 27,Shared elementary and middle campus
LH-OBS-LH-EVT-024,LH-FEAT-SALES,sales,5087 total new homes sold,2004-01-01,2004-01-31,month,,,nonspatial_observation,direct transcription,LH-SRC-LARMAC-TIMELINE,01/2004,documented_exact,medium,,Timeline reports 1100 new homes since prior milestone
LH-OBS-LH-EVT-025,LH-SCHOOL-LRMS,school,Ladera Ranch School splits into elementary and middle schools,2004-01-01,2004-12-31,year,LH-SCHOOL-LRMS,Point,current_facility_centroid,direct transcription,LH-SRC-CUSD-LRMS,School overview,documented_exact,high,,Exact date not published
LH-OBS-LH-EVT-026,LH-FEAT-VILLAGE-CLUBHOUSES,clubhouse,Flintridge and Covenant Hills village clubhouses open,2004-12-01,2004-12-31,month,,,nonspatial_observation,direct transcription,LH-SRC-LARMAC-TIMELINE,12/2004,documented_exact,medium,,Exact days not published
LH-OBS-LH-EVT-027,LH-FEAT-SALES,sales,5879 total new homes sold,2005-02-01,2005-02-28,month,,,nonspatial_observation,direct transcription,LH-SRC-LARMAC-TIMELINE,02/2005,documented_exact,medium,,Timeline reports 792 new homes since prior milestone
LH-OBS-LH-EVT-028,LH-SCHOOL-OSO-GRANDE,school,Oso Grande Elementary opens,2005-08-24,,day,LH-SCHOOL-OSO-GRANDE,Point,current_facility_centroid,direct transcription,LH-SRC-CDE-OSO,School directory details,documented_exact,high,,Official registry date
LH-OBS-LH-EVT-029,LH-FEAT-2005-PARKS,park,Skate Park Wagsdale Park and Terramor Water Park open,2005-11-01,2005-11-30,month,,,nonspatial_observation,direct transcription,LH-SRC-LARMAC-TIMELINE,11/2005,documented_exact,medium,,Exact days not published
LH-OBS-LH-EVT-030,LH-FEAT-SALES,sales,6380 total new homes sold,2006-03-01,2006-03-31,month,,,nonspatial_observation,direct transcription,LH-SRC-LARMAC-TIMELINE,03/2006,documented_exact,medium,,Timeline reports 501 new homes since prior milestone
LH-OBS-LH-EVT-031,LH-FEAT-COMMUNITY,substantial_completion,Community substantially completed,2006-01-01,2006-12-31,year,,,nonspatial_observation,direct transcription,LH-SRC-ULI-CASE,Case study summary,documented_approximate,medium,,Custom lots and later sales remained
LH-OBS-LH-EVT-032,LH-FEAT-SALES,sales,Community sells out except custom lots,2007-04-01,2007-04-30,month,,,nonspatial_observation,direct transcription,LH-SRC-LARMAC-TIMELINE,04/2007,documented_exact,medium,,Timeline reports 6585 total new homes sold
LH-OBS-LH-EVT-033,LH-FEAT-SALES,sales,6631 total new homes sold,2008-01-01,2008-01-31,month,,,nonspatial_observation,direct transcription,LH-SRC-LARMAC-TIMELINE,01/2008,documented_exact,medium,,Later custom-lot completion remains unresolved
LH-OBS-LH-EVT-M5-001,LH-PHASE-I,builder_selection,"Nine builders selected for the initial approximately 1,000-home phase",1998-01-20,,day,,,nonspatial_observation,direct transcription,LH-SRC-LAT-BUILDERS-1998,Contemporary article dated 1998-01-20,documented_exact,medium,The 1999 announcement lists eight builders and revised allocations; both dated selections are retained.,Selection is not a construction-start date.
LH-OBS-LH-EVT-M5-002,LH-VILLAGE-OAK-KNOLL,builder_selection,Eight Phase I builders and revised unit allocations announced,1999-05-04,,day,,,nonspatial_observation,direct transcription,LH-SRC-LAT-PHASE1-1999,Contemporary article dated 1999-05-04,documented_exact,medium,"Supersedes or revises the 1998 selection, but the article does not state the legal change mechanism.",Builder selection is not a physical-construction milestone.
LH-OBS-LH-EVT-M5-003,LH-VILLAGE-OAK-KNOLL,model_and_sales_opening,Oak Knoll grand opening and model-home access,1999-07-31,,day,,,nonspatial_observation,source convergence,LH-SRC-LAT-OPENING-1999;LH-SRC-PROB-TRAILS-1999,Contemporary grand-opening and trade reports,documented_exact,high,,Opening and sales evidence does not establish occupancy.
LH-OBS-LH-EVT-M5-004,LH-VILLAGE-OAK-KNOLL,escrow_closing,Contemporary report dates first Oak Knoll residents' escrow closing,1999-11-29,,day,,,nonspatial_observation,direct transcription,LH-SRC-LAT-FIRST-RESIDENT-1999,Contemporary article dated 1999-12-12,documented_exact,medium,Official retrospective instead dates the first resident to 1999-12-14.,Named-address geometry is not published in the archived article.
LH-OBS-LH-EVT-M5-005,LH-VILLAGE-OAK-KNOLL,first_reported_overnight_occupancy,Contemporary report says first Oak Knoll couple spent the night,1999-11-30,,day,,,nonspatial_observation,direct transcription,LH-SRC-LAT-FIRST-RESIDENT-1999,Contemporary article dated 1999-12-12,documented_exact,medium,Official retrospective instead dates the first resident to 1999-12-14.,Article reports no gas or electricity that first night; no habitability conclusion is inferred.
LH-OBS-LH-ABS-CFD-99-1-PHASE-I-1999,LH-CFD-99-1-PHASE-I,annual_built_and_occupied_absorption,97 units absorbed under the report definition during 1999,1999-01-01,1999-12-31,year,,,nonspatial_cfd_aggregate,direct chart transcription verified against rendered PDF,LH-SRC-OC-BOND-2006Q4,County bond monitoring absorption chart,documented_exact,high,"Annual CFD aggregate is nonspatial and cannot be assigned to a tract, address, or household.",Absorption = Built and Occupied
LH-OBS-LH-ABS-CFD-99-1-PHASE-I-2000,LH-CFD-99-1-PHASE-I,annual_built_and_occupied_absorption,557 units absorbed under the report definition during 2000,2000-01-01,2000-12-31,year,,,nonspatial_cfd_aggregate,direct chart transcription verified against rendered PDF,LH-SRC-OC-BOND-2006Q4,County bond monitoring absorption chart,documented_exact,high,"Annual CFD aggregate is nonspatial and cannot be assigned to a tract, address, or household.",Absorption = Built and Occupied
LH-OBS-LH-ABS-CFD-99-1-PHASE-I-2001,LH-CFD-99-1-PHASE-I,annual_built_and_occupied_absorption,276 units absorbed under the report definition during 2001,2001-01-01,2001-12-31,year,,,nonspatial_cfd_aggregate,direct chart transcription verified against rendered PDF,LH-SRC-OC-BOND-2006Q4,County bond monitoring absorption chart,documented_exact,high,"Annual CFD aggregate is nonspatial and cannot be assigned to a tract, address, or household.",Absorption = Built and Occupied
LH-OBS-LH-ABS-CFD-99-1-PHASE-I-2002,LH-CFD-99-1-PHASE-I,annual_built_and_occupied_absorption,30 units absorbed under the report definition during 2002,2002-01-01,2002-12-31,year,,,nonspatial_cfd_aggregate,direct chart transcription verified against rendered PDF,LH-SRC-OC-BOND-2006Q4,County bond monitoring absorption chart,documented_exact,high,"Annual CFD aggregate is nonspatial and cannot be assigned to a tract, address, or household.",Absorption = Built and Occupied
LH-OBS-LH-ABS-CFD-99-1-PHASE-I-2003,LH-CFD-99-1-PHASE-I,annual_built_and_occupied_absorption,0 units absorbed under the report definition during 2003,2003-01-01,2003-12-31,year,,,nonspatial_cfd_aggregate,direct chart transcription verified against rendered PDF,LH-SRC-OC-BOND-2006Q4,County bond monitoring absorption chart,documented_exact,high,"Annual CFD aggregate is nonspatial and cannot be assigned to a tract, address, or household.",Absorption = Built and Occupied
LH-OBS-LH-ABS-CFD-99-1-PHASE-I-2004,LH-CFD-99-1-PHASE-I,annual_built_and_occupied_absorption,14 units absorbed under the report definition during 2004,2004-01-01,2004-12-31,year,,,nonspatial_cfd_aggregate,direct chart transcription verified against rendered PDF,LH-SRC-OC-BOND-2006Q4,County bond monitoring absorption chart,documented_exact,high,"Annual CFD aggregate is nonspatial and cannot be assigned to a tract, address, or household.",Absorption = Built and Occupied
LH-OBS-LH-ABS-CFD-99-1-PHASE-I-2005,LH-CFD-99-1-PHASE-I,annual_built_and_occupied_absorption,98 units absorbed under the report definition during 2005,2005-01-01,2005-12-31,year,,,nonspatial_cfd_aggregate,direct chart transcription verified against rendered PDF,LH-SRC-OC-BOND-2006Q4,County bond monitoring absorption chart,documented_exact,high,"Annual CFD aggregate is nonspatial and cannot be assigned to a tract, address, or household.",Absorption = Built and Occupied
LH-OBS-LH-ABS-CFD-99-1-PHASE-I-2006,LH-CFD-99-1-PHASE-I,annual_built_and_occupied_absorption,57 units absorbed under the report definition during 2006,2006-01-01,2006-12-31,year,,,nonspatial_cfd_aggregate,direct chart transcription verified against rendered PDF,LH-SRC-OC-BOND-2006Q4,County bond monitoring absorption chart,documented_exact,high,"Annual CFD aggregate is nonspatial and cannot be assigned to a tract, address, or household.",Absorption = Built and Occupied
LH-OBS-LH-ABS-CFD-2002-1-URBAN-ACTIVITY-CENTER-2003,LH-CFD-2002-1-URBAN-ACTIVITY-CENTER,annual_built_and_occupied_absorption,158 units absorbed under the report definition during 2003,2003-01-01,2003-12-31,year,,,nonspatial_cfd_aggregate,direct chart transcription verified against rendered PDF,LH-SRC-OC-BOND-2006Q4,County bond monitoring absorption chart,documented_exact,high,"Annual CFD aggregate is nonspatial and cannot be assigned to a tract, address, or household.",Absorption = Built and Occupied
LH-OBS-LH-ABS-CFD-2002-1-URBAN-ACTIVITY-CENTER-2004,LH-CFD-2002-1-URBAN-ACTIVITY-CENTER,annual_built_and_occupied_absorption,179 units absorbed under the report definition during 2004,2004-01-01,2004-12-31,year,,,nonspatial_cfd_aggregate,direct chart transcription verified against rendered PDF,LH-SRC-OC-BOND-2006Q4,County bond monitoring absorption chart,documented_exact,high,"Annual CFD aggregate is nonspatial and cannot be assigned to a tract, address, or household.",Absorption = Built and Occupied
LH-OBS-LH-ABS-CFD-2002-1-URBAN-ACTIVITY-CENTER-2005,LH-CFD-2002-1-URBAN-ACTIVITY-CENTER,annual_built_and_occupied_absorption,49 units absorbed under the report definition during 2005,2005-01-01,2005-12-31,year,,,nonspatial_cfd_aggregate,direct chart transcription verified against rendered PDF,LH-SRC-OC-BOND-2006Q4,County bond monitoring absorption chart,documented_exact,high,"Annual CFD aggregate is nonspatial and cannot be assigned to a tract, address, or household.",Absorption = Built and Occupied
LH-OBS-LH-ABS-CFD-2003-1-PHASE-V-2004,LH-CFD-2003-1-PHASE-V,annual_built_and_occupied_absorption,741 units absorbed under the report definition during 2004,2004-01-01,2004-12-31,year,,,nonspatial_cfd_aggregate,direct chart transcription verified against rendered PDF,LH-SRC-OC-BOND-2006Q4,County bond monitoring absorption chart,documented_exact,high,"Annual CFD aggregate is nonspatial and cannot be assigned to a tract, address, or household.",Absorption = Built and Occupied
LH-OBS-LH-ABS-CFD-2003-1-PHASE-V-2005,LH-CFD-2003-1-PHASE-V,annual_built_and_occupied_absorption,375 units absorbed under the report definition during 2005,2005-01-01,2005-12-31,year,,,nonspatial_cfd_aggregate,direct chart transcription verified against rendered PDF,LH-SRC-OC-BOND-2006Q4,County bond monitoring absorption chart,documented_exact,high,"Annual CFD aggregate is nonspatial and cannot be assigned to a tract, address, or household.",Absorption = Built and Occupied
LH-OBS-LH-ABS-CFD-2003-1-PHASE-V-2006,LH-CFD-2003-1-PHASE-V,annual_built_and_occupied_absorption,126 units absorbed under the report definition during 2006,2006-01-01,2006-12-31,year,,,nonspatial_cfd_aggregate,direct chart transcription verified against rendered PDF,LH-SRC-OC-BOND-2006Q4,County bond monitoring absorption chart,documented_exact,high,"Annual CFD aggregate is nonspatial and cannot be assigned to a tract, address, or household.",Absorption = Built and Occupied
LH-OBS-LH-ABS-CFD-2004-1-PHASE-VI-2005,LH-CFD-2004-1-PHASE-VI,annual_built_and_occupied_absorption,312 units absorbed under the report definition during 2005,2005-01-01,2005-12-31,year,,,nonspatial_cfd_aggregate,direct chart transcription verified against rendered PDF,LH-SRC-OC-BOND-2006Q4;LH-SRC-OC-BOND-2011Q4,County bond monitoring absorption chart,documented_exact,high,"Annual CFD aggregate is nonspatial and cannot be assigned to a tract, address, or household.",Absorption = Built and Occupied
LH-OBS-LH-ABS-CFD-2004-1-PHASE-VI-2006,LH-CFD-2004-1-PHASE-VI,annual_built_and_occupied_absorption,393 units absorbed under the report definition during 2006,2006-01-01,2006-12-31,year,,,nonspatial_cfd_aggregate,direct chart transcription verified against rendered PDF,LH-SRC-OC-BOND-2006Q4;LH-SRC-OC-BOND-2011Q4,County bond monitoring absorption chart,documented_exact,high,"Annual CFD aggregate is nonspatial and cannot be assigned to a tract, address, or household.",Absorption = Built and Occupied
LH-OBS-LH-ABS-CFD-2004-1-PHASE-VI-2007,LH-CFD-2004-1-PHASE-VI,annual_built_and_occupied_absorption,141 units absorbed under the report definition during 2007,2007-01-01,2007-12-31,year,,,nonspatial_cfd_aggregate,direct chart transcription verified against rendered PDF,LH-SRC-OC-BOND-2006Q4;LH-SRC-OC-BOND-2011Q4,County bond monitoring absorption chart,documented_exact,high,"Annual CFD aggregate is nonspatial and cannot be assigned to a tract, address, or household.",Absorption = Built and Occupied
LH-OBS-LH-ABS-CFD-2004-1-PHASE-VI-2008,LH-CFD-2004-1-PHASE-VI,annual_built_and_occupied_absorption,31 units absorbed under the report definition during 2008,2008-01-01,2008-12-31,year,,,nonspatial_cfd_aggregate,direct chart transcription verified against rendered PDF,LH-SRC-OC-BOND-2006Q4;LH-SRC-OC-BOND-2011Q4,County bond monitoring absorption chart,documented_exact,high,"Annual CFD aggregate is nonspatial and cannot be assigned to a tract, address, or household.",Absorption = Built and Occupied
LH-OBS-LH-ABS-CFD-2004-1-PHASE-VI-2009,LH-CFD-2004-1-PHASE-VI,annual_built_and_occupied_absorption,15 units absorbed under the report definition during 2009,2009-01-01,2009-12-31,year,,,nonspatial_cfd_aggregate,direct chart transcription verified against rendered PDF,LH-SRC-OC-BOND-2006Q4;LH-SRC-OC-BOND-2011Q4,County bond monitoring absorption chart,documented_exact,high,"Annual CFD aggregate is nonspatial and cannot be assigned to a tract, address, or household.",Absorption = Built and Occupied
LH-OBS-LH-ABS-CFD-2004-1-PHASE-VI-2010,LH-CFD-2004-1-PHASE-VI,annual_built_and_occupied_absorption,0 units absorbed under the report definition during 2010,2010-01-01,2010-12-31,year,,,nonspatial_cfd_aggregate,direct chart transcription verified against rendered PDF,LH-SRC-OC-BOND-2006Q4;LH-SRC-OC-BOND-2011Q4,County bond monitoring absorption chart,documented_exact,high,"Annual CFD aggregate is nonspatial and cannot be assigned to a tract, address, or household.",Absorption = Built and Occupied
LH-IMGOBS-M5-2005-01,LH-COMMUNITY-LADERA-RANCH,developed_roof_and_street_pattern,"Dense roof, street, and landscaped-block patterns are visible across northern and central Ladera.",2005-06-07,,day,,,visual_region_not_digitized_for_proximity,manual side-by-side inspection of official full-resolution NAIP exports,LH-SRC-CDFW-NAIP-2005,full community image; northern and central portions,visual_interpretation,medium,"Visual classification only. It does not establish legal completion, habitability, occupancy, permit status, or continuous activity between capture dates.",Mission 5 imagery review
LH-IMGOBS-M5-2005-02,LH-VILLAGE-COVENANT-HILLS,broad_visible_land_disturbance,"The southernmost village area contains extensive light-toned disturbed ground, curvilinear roads, and prepared pads.",2005-06-07,,day,,,visual_region_not_digitized_for_proximity,manual side-by-side inspection of official full-resolution NAIP exports,LH-SRC-CDFW-NAIP-2005,southern image region,visual_interpretation,high,"Visual classification only. It does not establish legal completion, habitability, occupancy, permit status, or continuous activity between capture dates.",Mission 5 imagery review
LH-IMGOBS-M5-2005-03,LH-VILLAGE-COVENANT-HILLS,mixed_roofs_and_prepared_pads,"Southern development areas show a mixture of roofed structures, road infrastructure, and unroofed prepared pads.",2005-06-07,,day,,,visual_region_not_digitized_for_proximity,manual side-by-side inspection of official full-resolution NAIP exports,LH-SRC-CDFW-NAIP-2005,southern image region,visual_interpretation,high,"Visual classification only. It does not establish legal completion, habitability, occupancy, permit status, or continuous activity between capture dates.",Mission 5 imagery review
LH-IMGOBS-M5-2009-01,LH-VILLAGE-COVENANT-HILLS,roof_pattern_expansion,"By the 2009 capture, dense roof patterns occupy most production-neighborhood streets that appeared as disturbed or partly built areas in 2005.",2009-06-18,2009-06-22,date_range,,,visual_region_not_digitized_for_proximity,manual side-by-side inspection of official full-resolution NAIP exports,LH-SRC-CDFW-NAIP-2005;LH-SRC-CDFW-NAIP-2009,side-by-side southern image comparison,visual_interpretation,high,"Visual classification only. It does not establish legal completion, habitability, occupancy, permit status, or continuous activity between capture dates.",Mission 5 imagery review
LH-IMGOBS-M5-2009-02,LH-CUSTOM-COVENANT-HILLS,scattered_roofs_and_vacant_pads,The southeastern custom-home street loops contain scattered roofs interspersed with numerous visibly vacant prepared lots.,2009-06-18,2009-06-22,date_range,,,visual_region_not_digitized_for_proximity,manual side-by-side inspection of official full-resolution NAIP exports,LH-SRC-CDFW-NAIP-2009,southeastern custom-home image region,visual_interpretation,high,"Visual classification only. It does not establish legal completion, habitability, occupancy, permit status, or continuous activity between capture dates.",Mission 5 imagery review
LH-IMGOBS-M5-2010-01,LH-CUSTOM-COVENANT-HILLS,scattered_roofs_and_vacant_pads,The 2010 state continues to show scattered custom-home roofs and numerous vacant prepared lots in the southeastern loops.,2010-05-01,,day,,,visual_region_not_digitized_for_proximity,manual side-by-side inspection of official full-resolution NAIP exports,LH-SRC-CDFW-NAIP-2010,southeastern custom-home image region,visual_interpretation,high,"Visual classification only. It does not establish legal completion, habitability, occupancy, permit status, or continuous activity between capture dates.",Mission 5 imagery review
LH-IMGOBS-M5-2010-02,LH-COMMUNITY-LADERA-RANCH,no_broad_community_scale_earthwork_transition_visible,No broad community-scale earthwork transition is apparent between the 2009 and 2010 full-coverage states; individual-lot changes may still be present.,2009-06-18,2010-05-01,date_range,,,visual_region_not_digitized_for_proximity,manual side-by-side inspection of official full-resolution NAIP exports,LH-SRC-CDFW-NAIP-2009;LH-SRC-CDFW-NAIP-2010,side-by-side full image comparison,visual_interpretation,medium,"Visual classification only. It does not establish legal completion, habitability, occupancy, permit status, or continuous activity between capture dates.",Mission 5 imagery review
LH-OBS-LH-PRODUCT-COVENANT-HILLS-ALISAL-2006,LH-PRODUCT-COVENANT-HILLS-ALISAL,builder_product_status_snapshot,"Alisal (Standard Pacific): 48 planned, 48 permits, and 48 closed escrows at 2006-12-31",2006-12-31,,day,,,nonspatial_product_snapshot,direct table transcription verified against rendered PDF,LH-SRC-OC-BOND-2006Q4,County bond report Phase VI product table,documented_exact,high,"Product-level CFD counts are not address-level completion, habitability, or occupancy dates; closed escrow is not transferred to a tract geometry.",
LH-OBS-LH-PRODUCT-COVENANT-HILLS-ALISAL-2011,LH-PRODUCT-COVENANT-HILLS-ALISAL,builder_product_status_snapshot,"Alisal (Standard Pacific): 48 planned, 48 permits, and 48 closed escrows at 2011-12-31",2011-12-31,,day,,,nonspatial_product_snapshot,direct table transcription verified against rendered PDF,LH-SRC-OC-BOND-2011Q4,County bond report Phase VI product table,documented_exact,high,"Product-level CFD counts are not address-level completion, habitability, or occupancy dates; closed escrow is not transferred to a tract geometry.",
LH-OBS-LH-PRODUCT-COVENANT-HILLS-AMARANTE-I-II-2006,LH-PRODUCT-COVENANT-HILLS-AMARANTE-I-II,builder_product_status_snapshot,"Amarante I & II (Lyon Homes): 71 planned, 71 permits, and 68 closed escrows at 2006-12-31",2006-12-31,,day,,,nonspatial_product_snapshot,direct table transcription verified against rendered PDF,LH-SRC-OC-BOND-2006Q4,County bond report Phase VI product table,documented_exact,high,"Product-level CFD counts are not address-level completion, habitability, or occupancy dates; closed escrow is not transferred to a tract geometry.",
LH-OBS-LH-PRODUCT-COVENANT-HILLS-AMARANTE-I-II-2011,LH-PRODUCT-COVENANT-HILLS-AMARANTE-I-II,builder_product_status_snapshot,"Amarante I & II (Lyon Homes): 71 planned, 71 permits, and 71 closed escrows at 2011-12-31",2011-12-31,,day,,,nonspatial_product_snapshot,direct table transcription verified against rendered PDF,LH-SRC-OC-BOND-2011Q4,County bond report Phase VI product table,documented_exact,high,"Product-level CFD counts are not address-level completion, habitability, or occupancy dates; closed escrow is not transferred to a tract geometry.",
LH-OBS-LH-PRODUCT-COVENANT-HILLS-ARBOLEDO-2006,LH-PRODUCT-COVENANT-HILLS-ARBOLEDO,builder_product_status_snapshot,"Arboledo (Warmington Homes): 62 planned, 60 permits, and 25 closed escrows at 2006-12-31",2006-12-31,,day,,,nonspatial_product_snapshot,direct table transcription verified against rendered PDF,LH-SRC-OC-BOND-2006Q4,County bond report Phase VI product table,documented_exact,high,"Product-level CFD counts are not address-level completion, habitability, or occupancy dates; closed escrow is not transferred to a tract geometry.",
LH-OBS-LH-PRODUCT-COVENANT-HILLS-ARBOLEDO-2011,LH-PRODUCT-COVENANT-HILLS-ARBOLEDO,builder_product_status_snapshot,"Arboledo (Warmington Homes): 62 planned, 62 permits, and 62 closed escrows at 2011-12-31",2011-12-31,,day,,,nonspatial_product_snapshot,direct table transcription verified against rendered PDF,LH-SRC-OC-BOND-2011Q4,County bond report Phase VI product table,documented_exact,high,"Product-level CFD counts are not address-level completion, habitability, or occupancy dates; closed escrow is not transferred to a tract geometry.",
LH-OBS-LH-PRODUCT-COVENANT-HILLS-BELLATAIRE-I-II-2006,LH-PRODUCT-COVENANT-HILLS-BELLATAIRE-I-II,builder_product_status_snapshot,"Bellataire I & II (Lyon Homes): 75 planned, 75 permits, and 70 closed escrows at 2006-12-31",2006-12-31,,day,,,nonspatial_product_snapshot,direct table transcription verified against rendered PDF,LH-SRC-OC-BOND-2006Q4,County bond report Phase VI product table,documented_exact,high,"Product-level CFD counts are not address-level completion, habitability, or occupancy dates; closed escrow is not transferred to a tract geometry.",
LH-OBS-LH-PRODUCT-COVENANT-HILLS-BELLATAIRE-I-II-2011,LH-PRODUCT-COVENANT-HILLS-BELLATAIRE-I-II,builder_product_status_snapshot,"Bellataire I & II (Lyon Homes): 75 planned, 75 permits, and 75 closed escrows at 2011-12-31",2011-12-31,,day,,,nonspatial_product_snapshot,direct table transcription verified against rendered PDF,LH-SRC-OC-BOND-2011Q4,County bond report Phase VI product table,documented_exact,high,"Product-level CFD counts are not address-level completion, habitability, or occupancy dates; closed escrow is not transferred to a tract geometry.",
LH-OBS-LH-PRODUCT-COVENANT-HILLS-CAPISTRANO-2006,LH-PRODUCT-COVENANT-HILLS-CAPISTRANO,builder_product_status_snapshot,"Capistrano (K. Hovnanian): 35 planned, 33 permits, and 12 closed escrows at 2006-12-31",2006-12-31,,day,,,nonspatial_product_snapshot,direct table transcription verified against rendered PDF,LH-SRC-OC-BOND-2006Q4,County bond report Phase VI product table,documented_exact,high,"Product-level CFD counts are not address-level completion, habitability, or occupancy dates; closed escrow is not transferred to a tract geometry.",
LH-OBS-LH-PRODUCT-COVENANT-HILLS-CAPISTRANO-2011,LH-PRODUCT-COVENANT-HILLS-CAPISTRANO,builder_product_status_snapshot,"Capistrano (K. Hovnanian): 35 planned, 35 permits, and 35 closed escrows at 2011-12-31",2011-12-31,,day,,,nonspatial_product_snapshot,direct table transcription verified against rendered PDF,LH-SRC-OC-BOND-2011Q4,County bond report Phase VI product table,documented_exact,high,"Product-level CFD counts are not address-level completion, habitability, or occupancy dates; closed escrow is not transferred to a tract geometry.",
LH-OBS-LH-PRODUCT-COVENANT-HILLS-CASTELLINA-2006,LH-PRODUCT-COVENANT-HILLS-CASTELLINA,builder_product_status_snapshot,"Castellina (Centex Homes): 82 planned, 82 permits, and 80 closed escrows at 2006-12-31",2006-12-31,,day,,,nonspatial_product_snapshot,direct table transcription verified against rendered PDF,LH-SRC-OC-BOND-2006Q4,County bond report Phase VI product table,documented_exact,high,"Product-level CFD counts are not address-level completion, habitability, or occupancy dates; closed escrow is not transferred to a tract geometry.",
LH-OBS-LH-PRODUCT-COVENANT-HILLS-CASTELLINA-2011,LH-PRODUCT-COVENANT-HILLS-CASTELLINA,builder_product_status_snapshot,"Castellina (Centex Homes): 82 planned, 82 permits, and 82 closed escrows at 2011-12-31",2011-12-31,,day,,,nonspatial_product_snapshot,direct table transcription verified against rendered PDF,LH-SRC-OC-BOND-2011Q4,County bond report Phase VI product table,documented_exact,high,"Product-level CFD counts are not address-level completion, habitability, or occupancy dates; closed escrow is not transferred to a tract geometry.",
LH-OBS-LH-PRODUCT-COVENANT-HILLS-DMB-LADERA-CUSTOM-LOTS-2006,LH-PRODUCT-COVENANT-HILLS-DMB-LADERA-CUSTOM-LOTS,builder_product_status_snapshot,"DMB-Ladera Custom Lots (DMB-Ladera): 232 planned, 0 permits, and 103 closed escrows at 2006-12-31",2006-12-31,,day,,,nonspatial_product_snapshot,direct table transcription verified against rendered PDF,LH-SRC-OC-BOND-2006Q4,County bond report Phase VI product table,documented_exact,high,"Product-level CFD counts are not address-level completion, habitability, or occupancy dates; closed escrow is not transferred to a tract geometry.",
LH-OBS-LH-PRODUCT-COVENANT-HILLS-DMB-LADERA-CUSTOM-LOTS-2011,LH-PRODUCT-COVENANT-HILLS-DMB-LADERA-CUSTOM-LOTS,builder_product_status_snapshot,"DMB-Ladera Custom Lots (DMB-Ladera): 232 planned, not reported permits, and 118 closed escrows at 2011-12-31",2011-12-31,,day,,,nonspatial_product_snapshot,direct table transcription verified against rendered PDF,LH-SRC-OC-BOND-2011Q4,County bond report Phase VI product table,documented_exact,high,"Product-level CFD counts are not address-level completion, habitability, or occupancy dates; closed escrow is not transferred to a tract geometry.",
LH-OBS-LH-PRODUCT-COVENANT-HILLS-ENCANTADA-2006,LH-PRODUCT-COVENANT-HILLS-ENCANTADA,builder_product_status_snapshot,"Encantada (Pardee): 37 planned, 24 permits, and 10 closed escrows at 2006-12-31",2006-12-31,,day,,,nonspatial_product_snapshot,direct table transcription verified against rendered PDF,LH-SRC-OC-BOND-2006Q4,County bond report Phase VI product table,documented_exact,high,"Product-level CFD counts are not address-level completion, habitability, or occupancy dates; closed escrow is not transferred to a tract geometry.",
LH-OBS-LH-PRODUCT-COVENANT-HILLS-ENCANTADA-2011,LH-PRODUCT-COVENANT-HILLS-ENCANTADA,builder_product_status_snapshot,"Encantada (Pardee): 37 planned, 37 permits, and 37 closed escrows at 2011-12-31",2011-12-31,,day,,,nonspatial_product_snapshot,direct table transcription verified against rendered PDF,LH-SRC-OC-BOND-2011Q4,County bond report Phase VI product table,documented_exact,high,"Product-level CFD counts are not address-level completion, habitability, or occupancy dates; closed escrow is not transferred to a tract geometry.",
LH-OBS-LH-PRODUCT-COVENANT-HILLS-LAS-PIEDRAS-2006,LH-PRODUCT-COVENANT-HILLS-LAS-PIEDRAS,builder_product_status_snapshot,"Las Piedras (Standard Pacific): 35 planned, 35 permits, and 33 closed escrows at 2006-12-31",2006-12-31,,day,,,nonspatial_product_snapshot,direct table transcription verified against rendered PDF,LH-SRC-OC-BOND-2006Q4,County bond report Phase VI product table,documented_exact,high,"Product-level CFD counts are not address-level completion, habitability, or occupancy dates; closed escrow is not transferred to a tract geometry.",
LH-OBS-LH-PRODUCT-COVENANT-HILLS-LAS-PIEDRAS-2011,LH-PRODUCT-COVENANT-HILLS-LAS-PIEDRAS,builder_product_status_snapshot,"Las Piedras (Standard Pacific): 35 planned, 35 permits, and 35 closed escrows at 2011-12-31",2011-12-31,,day,,,nonspatial_product_snapshot,direct table transcription verified against rendered PDF,LH-SRC-OC-BOND-2011Q4,County bond report Phase VI product table,documented_exact,high,"Product-level CFD counts are not address-level completion, habitability, or occupancy dates; closed escrow is not transferred to a tract geometry.",
LH-OBS-LH-PRODUCT-COVENANT-HILLS-MERIDEN-2006,LH-PRODUCT-COVENANT-HILLS-MERIDEN,builder_product_status_snapshot,"Meriden (Warmington): 67 planned, 67 permits, and 65 closed escrows at 2006-12-31",2006-12-31,,day,,,nonspatial_product_snapshot,direct table transcription verified against rendered PDF,LH-SRC-OC-BOND-2006Q4,County bond report Phase VI product table,documented_exact,high,"Product-level CFD counts are not address-level completion, habitability, or occupancy dates; closed escrow is not transferred to a tract geometry.",
LH-OBS-LH-PRODUCT-COVENANT-HILLS-MERIDEN-2011,LH-PRODUCT-COVENANT-HILLS-MERIDEN,builder_product_status_snapshot,"Meriden (Warmington): 67 planned, 67 permits, and 67 closed escrows at 2011-12-31",2011-12-31,,day,,,nonspatial_product_snapshot,direct table transcription verified against rendered PDF,LH-SRC-OC-BOND-2011Q4,County bond report Phase VI product table,documented_exact,high,"Product-level CFD counts are not address-level completion, habitability, or occupancy dates; closed escrow is not transferred to a tract geometry.",
LH-OBS-LH-PRODUCT-COVENANT-HILLS-MONTANEZ-2006,LH-PRODUCT-COVENANT-HILLS-MONTANEZ,builder_product_status_snapshot,"Montanez (Centex Homes): 59 planned, 52 permits, and 42 closed escrows at 2006-12-31",2006-12-31,,day,,,nonspatial_product_snapshot,direct table transcription verified against rendered PDF,LH-SRC-OC-BOND-2006Q4,County bond report Phase VI product table,documented_exact,high,"Product-level CFD counts are not address-level completion, habitability, or occupancy dates; closed escrow is not transferred to a tract geometry.",
LH-OBS-LH-PRODUCT-COVENANT-HILLS-MONTANEZ-2011,LH-PRODUCT-COVENANT-HILLS-MONTANEZ,builder_product_status_snapshot,"Montanez (Centex Homes): 59 planned, 59 permits, and 59 closed escrows at 2011-12-31",2011-12-31,,day,,,nonspatial_product_snapshot,direct table transcription verified against rendered PDF,LH-SRC-OC-BOND-2011Q4,County bond report Phase VI product table,documented_exact,high,"Product-level CFD counts are not address-level completion, habitability, or occupancy dates; closed escrow is not transferred to a tract geometry.",
LH-OBS-LH-PRODUCT-COVENANT-HILLS-SAN-DONATO-2006,LH-PRODUCT-COVENANT-HILLS-SAN-DONATO,builder_product_status_snapshot,"San Donado (Laing): 23 planned, 23 permits, and 23 closed escrows at 2006-12-31",2006-12-31,,day,,,nonspatial_product_snapshot,direct table transcription verified against rendered PDF,LH-SRC-OC-BOND-2006Q4,County bond report Phase VI product table,documented_exact,high,"Product-level CFD counts are not address-level completion, habitability, or occupancy dates; closed escrow is not transferred to a tract geometry.",
LH-OBS-LH-PRODUCT-COVENANT-HILLS-SAN-DONATO-2011,LH-PRODUCT-COVENANT-HILLS-SAN-DONATO,builder_product_status_snapshot,"San Donado (Laing): 23 planned, 23 permits, and 23 closed escrows at 2011-12-31",2011-12-31,,day,,,nonspatial_product_snapshot,direct table transcription verified against rendered PDF,LH-SRC-OC-BOND-2011Q4,County bond report Phase VI product table,documented_exact,high,"Product-level CFD counts are not address-level completion, habitability, or occupancy dates; closed escrow is not transferred to a tract geometry.",
LH-OBS-LH-PRODUCT-COVENANT-HILLS-SEGOVIA-2006,LH-PRODUCT-COVENANT-HILLS-SEGOVIA,builder_product_status_snapshot,"Segovia (Pardee): 65 planned, 48 permits, and 22 closed escrows at 2006-12-31",2006-12-31,,day,,,nonspatial_product_snapshot,direct table transcription verified against rendered PDF,LH-SRC-OC-BOND-2006Q4,County bond report Phase VI product table,documented_exact,high,"Product-level CFD counts are not address-level completion, habitability, or occupancy dates; closed escrow is not transferred to a tract geometry.",
LH-OBS-LH-PRODUCT-COVENANT-HILLS-SEGOVIA-2011,LH-PRODUCT-COVENANT-HILLS-SEGOVIA,builder_product_status_snapshot,"Segovia (Pardee): 65 planned, 65 permits, and 65 closed escrows at 2011-12-31",2011-12-31,,day,,,nonspatial_product_snapshot,direct table transcription verified against rendered PDF,LH-SRC-OC-BOND-2011Q4,County bond report Phase VI product table,documented_exact,high,"Product-level CFD counts are not address-level completion, habitability, or occupancy dates; closed escrow is not transferred to a tract geometry.",
LH-OBS-LH-PRODUCT-COVENANT-HILLS-SHERBORNE-2006,LH-PRODUCT-COVENANT-HILLS-SHERBORNE,builder_product_status_snapshot,"Sherborne (Shea Homes): 54 planned, 54 permits, and 54 closed escrows at 2006-12-31",2006-12-31,,day,,,nonspatial_product_snapshot,direct table transcription verified against rendered PDF,LH-SRC-OC-BOND-2006Q4,County bond report Phase VI product table,documented_exact,high,"Product-level CFD counts are not address-level completion, habitability, or occupancy dates; closed escrow is not transferred to a tract geometry.",
LH-OBS-LH-PRODUCT-COVENANT-HILLS-SHERBORNE-2011,LH-PRODUCT-COVENANT-HILLS-SHERBORNE,builder_product_status_snapshot,"Sherborne (Shea Homes): 54 planned, 54 permits, and 54 closed escrows at 2011-12-31",2011-12-31,,day,,,nonspatial_product_snapshot,direct table transcription verified against rendered PDF,LH-SRC-OC-BOND-2011Q4,County bond report Phase VI product table,documented_exact,high,"Product-level CFD counts are not address-level completion, habitability, or occupancy dates; closed escrow is not transferred to a tract geometry.",
LH-OBS-LH-PRODUCT-COVENANT-HILLS-SKYE-ISLE-2006,LH-PRODUCT-COVENANT-HILLS-SKYE-ISLE,builder_product_status_snapshot,"Skye Isle (K. Hovnanian): 61 planned, 59 permits, and 50 closed escrows at 2006-12-31",2006-12-31,,day,,,nonspatial_product_snapshot,direct table transcription verified against rendered PDF,LH-SRC-OC-BOND-2006Q4,County bond report Phase VI product table,documented_exact,high,"Product-level CFD counts are not address-level completion, habitability, or occupancy dates; closed escrow is not transferred to a tract geometry.",
LH-OBS-LH-PRODUCT-COVENANT-HILLS-SKYE-ISLE-2011,LH-PRODUCT-COVENANT-HILLS-SKYE-ISLE,builder_product_status_snapshot,"Skye Isle (K. Hovnanian): 61 planned, 61 permits, and 61 closed escrows at 2011-12-31",2011-12-31,,day,,,nonspatial_product_snapshot,direct table transcription verified against rendered PDF,LH-SRC-OC-BOND-2011Q4,County bond report Phase VI product table,documented_exact,high,"Product-level CFD counts are not address-level completion, habitability, or occupancy dates; closed escrow is not transferred to a tract geometry.",
LH-OBS-LH-PRODUCT-TERRAMOR-ARBORAGE-2006,LH-PRODUCT-TERRAMOR-ARBORAGE,builder_product_status_snapshot,"Arborage (Richmond American): 104 planned, 104 permits, and 104 closed escrows at 2006-12-31",2006-12-31,,day,,,nonspatial_product_snapshot,direct table transcription verified against rendered PDF,LH-SRC-OC-BOND-2006Q4,County bond report Phase V product table,documented_exact,high,"Product-level CFD counts are not address-level completion, habitability, or occupancy dates; closed escrow is not transferred to a tract geometry.",
LH-OBS-LH-PRODUCT-TERRAMOR-BANISTER-STREET-2006,LH-PRODUCT-TERRAMOR-BANISTER-STREET,builder_product_status_snapshot,"Banister Street (Standard Pacific): 24 planned, 24 permits, and 24 closed escrows at 2006-12-31",2006-12-31,,day,,,nonspatial_product_snapshot,direct table transcription verified against rendered PDF,LH-SRC-OC-BOND-2006Q4,County bond report Phase V product table,documented_exact,high,"Product-level CFD counts are not address-level completion, habitability, or occupancy dates; closed escrow is not transferred to a tract geometry.",
LH-OBS-LH-PRODUCT-TERRAMOR-BRANCHES-2006,LH-PRODUCT-TERRAMOR-BRANCHES,builder_product_status_snapshot,"Branches (Standard Pacific): 149 planned, 149 permits, and 148 closed escrows at 2006-12-31",2006-12-31,,day,,,nonspatial_product_snapshot,direct table transcription verified against rendered PDF,LH-SRC-OC-BOND-2006Q4,County bond report Phase V product table,documented_exact,high,"Product-level CFD counts are not address-level completion, habitability, or occupancy dates; closed escrow is not transferred to a tract geometry.",
LH-OBS-LH-PRODUCT-TERRAMOR-BRIAR-ROSE-2006,LH-PRODUCT-TERRAMOR-BRIAR-ROSE,builder_product_status_snapshot,"Briar Rose (MBK Homes): 152 planned, 152 permits, and 136 closed escrows at 2006-12-31",2006-12-31,,day,,,nonspatial_product_snapshot,direct table transcription verified against rendered PDF,LH-SRC-OC-BOND-2006Q4,County bond report Phase V product table,documented_exact,high,"Product-level CFD counts are not address-level completion, habitability, or occupancy dates; closed escrow is not transferred to a tract geometry.",
LH-OBS-LH-PRODUCT-TERRAMOR-CLAIBORNE-2006,LH-PRODUCT-TERRAMOR-CLAIBORNE,builder_product_status_snapshot,"Clairborne (Pulte Homes): 75 planned, 75 permits, and 75 closed escrows at 2006-12-31",2006-12-31,,day,,,nonspatial_product_snapshot,direct table transcription verified against rendered PDF,LH-SRC-OC-BOND-2006Q4,County bond report Phase V product table,documented_exact,high,"Product-level CFD counts are not address-level completion, habitability, or occupancy dates; closed escrow is not transferred to a tract geometry.",
LH-OBS-LH-PRODUCT-TERRAMOR-EVERGREEN-LADERA-2006,LH-PRODUCT-TERRAMOR-EVERGREEN-LADERA,builder_product_status_snapshot,"Evergreen (Pardee Homes): 77 planned, 77 permits, and 77 closed escrows at 2006-12-31",2006-12-31,,day,,,nonspatial_product_snapshot,direct table transcription verified against rendered PDF,LH-SRC-OC-BOND-2006Q4,County bond report Phase V product table,documented_exact,high,"Product-level CFD counts are not address-level completion, habitability, or occupancy dates; closed escrow is not transferred to a tract geometry.",
LH-OBS-LH-PRODUCT-TERRAMOR-MOSAIC-2006,LH-PRODUCT-TERRAMOR-MOSAIC,builder_product_status_snapshot,"Mosaic (K. Hovnanian): 89 planned, 89 permits, and 89 closed escrows at 2006-12-31",2006-12-31,,day,,,nonspatial_product_snapshot,direct table transcription verified against rendered PDF,LH-SRC-OC-BOND-2006Q4,County bond report Phase V product table,documented_exact,high,"Product-level CFD counts are not address-level completion, habitability, or occupancy dates; closed escrow is not transferred to a tract geometry.",
LH-OBS-LH-PRODUCT-TERRAMOR-SEDONA-2006,LH-PRODUCT-TERRAMOR-SEDONA,builder_product_status_snapshot,"Sedona (Shea Homes): 79 planned, 79 permits, and 79 closed escrows at 2006-12-31",2006-12-31,,day,,,nonspatial_product_snapshot,direct table transcription verified against rendered PDF,LH-SRC-OC-BOND-2006Q4,County bond report Phase V product table,documented_exact,high,"Product-level CFD counts are not address-level completion, habitability, or occupancy dates; closed escrow is not transferred to a tract geometry.",
LH-OBS-LH-PRODUCT-TERRAMOR-SUTTER-S-MILL-2006,LH-PRODUCT-TERRAMOR-SUTTER-S-MILL,builder_product_status_snapshot,"Sutter's Mill (Centex Homes): 152 planned, 152 permits, and 152 closed escrows at 2006-12-31",2006-12-31,,day,,,nonspatial_product_snapshot,direct table transcription verified against rendered PDF,LH-SRC-OC-BOND-2006Q4,County bond report Phase V product table,documented_exact,high,"Product-level CFD counts are not address-level completion, habitability, or occupancy dates; closed escrow is not transferred to a tract geometry.",
LH-OBS-LH-PRODUCT-TERRAMOR-TARLETON-2006,LH-PRODUCT-TERRAMOR-TARLETON,builder_product_status_snapshot,"Tarleton (D.R. Horton): 107 planned, 107 permits, and 107 closed escrows at 2006-12-31",2006-12-31,,day,,,nonspatial_product_snapshot,direct table transcription verified against rendered PDF,LH-SRC-OC-BOND-2006Q4,County bond report Phase V product table,documented_exact,high,"Product-level CFD counts are not address-level completion, habitability, or occupancy dates; closed escrow is not transferred to a tract geometry.",
LH-OBS-LH-PRODUCT-TERRAMOR-VALMONT-2006,LH-PRODUCT-TERRAMOR-VALMONT,builder_product_status_snapshot,"Valmont (D.R. Horton): 142 planned, 142 permits, and 142 closed escrows at 2006-12-31",2006-12-31,,day,,,nonspatial_product_snapshot,direct table transcription verified against rendered PDF,LH-SRC-OC-BOND-2006Q4,County bond report Phase V product table,documented_exact,high,"Product-level CFD counts are not address-level completion, habitability, or occupancy dates; closed escrow is not transferred to a tract geometry.",
LH-OBS-LH-PRODUCT-TERRAMOR-WALDEN-PARK-2006,LH-PRODUCT-TERRAMOR-WALDEN-PARK,builder_product_status_snapshot,"Walden Park (William Lyon Homes): 109 planned, 109 permits, and 109 closed escrows at 2006-12-31",2006-12-31,,day,,,nonspatial_product_snapshot,direct table transcription verified against rendered PDF,LH-SRC-OC-BOND-2006Q4,County bond report Phase V product table,documented_exact,high,"Product-level CFD counts are not address-level completion, habitability, or occupancy dates; closed escrow is not transferred to a tract geometry.",
LH-OBS-LH-COMMERCIAL-2006-LAUREL-TERRACE,LH-ASSET-UAC-LAUREL-TERRACE,commercial_or_mixed_use_status_snapshot,Laurel Terrace: Some Built/Leasing at the 2006-12-31 County monitoring snapshot,2006-12-31,,day,,,nonspatial_asset_snapshot,direct table transcription verified against rendered PDF,LH-SRC-OC-BOND-2006Q4,"PDF page 10, CFD 2002-1 table",documented_exact,high,Snapshot status only; no opening date or historical footprint is inferred.,
LH-OBS-LH-COMMERCIAL-2006-REMINGTON-ACTIVE-SENIORS,LH-ASSET-UAC-REMINGTON-ACTIVE-SENIORS,commercial_or_mixed_use_status_snapshot,Remington-Active Seniors: UC/PreLeasing at the 2006-12-31 County monitoring snapshot,2006-12-31,,day,,,nonspatial_asset_snapshot,direct table transcription verified against rendered PDF,LH-SRC-OC-BOND-2006Q4,"PDF page 10, CFD 2002-1 table",documented_exact,high,Snapshot status only; no opening date or historical footprint is inferred.,
LH-OBS-LH-COMMERCIAL-2006-LADERA-CORPORATE-TERRACE,LH-ASSET-UAC-LADERA-CORPORATE-TERRACE,commercial_or_mixed_use_status_snapshot,Ladera Corporate Terrace: Under Development at the 2006-12-31 County monitoring snapshot,2006-12-31,,day,,,nonspatial_asset_snapshot,direct table transcription verified against rendered PDF,LH-SRC-OC-BOND-2006Q4,"PDF page 10, CFD 2002-1 table",documented_exact,high,Snapshot status only; no opening date or historical footprint is inferred.,
LH-OBS-LH-COMMERCIAL-2006-MONTESSORI-2101,LH-ASSET-UAC-MONTESSORI-2101,commercial_or_mixed_use_status_snapshot,Montessori 2101: Built/Occupied at the 2006-12-31 County monitoring snapshot,2006-12-31,,day,,,nonspatial_asset_snapshot,direct table transcription verified against rendered PDF,LH-SRC-OC-BOND-2006Q4,"PDF page 10, CFD 2002-1 table",documented_exact,high,Snapshot status only; no opening date or historical footprint is inferred.,
LH-OBS-LH-COMMERCIAL-2006-KINDER-CARE-1000,LH-ASSET-UAC-KINDER-CARE-1000,commercial_or_mixed_use_status_snapshot,Kinder Care 1000: Built/Occupied at the 2006-12-31 County monitoring snapshot,2006-12-31,,day,,,nonspatial_asset_snapshot,direct table transcription verified against rendered PDF,LH-SRC-OC-BOND-2006Q4,"PDF page 10, CFD 2002-1 table",documented_exact,high,Snapshot status only; no opening date or historical footprint is inferred.,
LH-OBS-LH-COMMERCIAL-2006-TRACT-16036-LOTS-40-41,LH-ASSET-UAC-TRACT-16036-LOTS-40-41,commercial_or_mixed_use_status_snapshot,"Tract 16036 Lots 40, 41: Not Developed at the 2006-12-31 County monitoring snapshot",2006-12-31,,day,,,nonspatial_asset_snapshot,direct table transcription verified against rendered PDF,LH-SRC-OC-BOND-2006Q4,"PDF page 10, CFD 2002-1 table",documented_exact,high,Snapshot status only; no opening date or historical footprint is inferred.,
LH-OBS-LH-COMMERCIAL-2006-MERCHANTILE-EAST,LH-ASSET-UAC-MERCHANTILE-EAST,commercial_or_mixed_use_status_snapshot,Merchantile East: Mostly Occupied at the 2006-12-31 County monitoring snapshot,2006-12-31,,day,,,nonspatial_asset_snapshot,direct table transcription verified against rendered PDF,LH-SRC-OC-BOND-2006Q4,"PDF page 10, CFD 2002-1 table",documented_exact,high,Snapshot status only; no opening date or historical footprint is inferred.,
LH-OBS-LH-COMMERCIAL-2006-LADERA-UAC-SELF-STORAGE,LH-ASSET-UAC-LADERA-UAC-SELF-STORAGE,commercial_or_mixed_use_status_snapshot,Ladera UAC Self Storage: Built/Occupied at the 2006-12-31 County monitoring snapshot,2006-12-31,,day,,,nonspatial_asset_snapshot,direct table transcription verified against rendered PDF,LH-SRC-OC-BOND-2006Q4,"PDF page 10, CFD 2002-1 table",documented_exact,high,Snapshot status only; no opening date or historical footprint is inferred.,
LH-OBS-LH-PRODUCT-COVENANT-HILLS-AMARANTE-2006,LH-PRODUCT-COVENANT-HILLS-AMARANTE,builder_product_status_snapshot,"Amarante I & II (Lyon Homes): 71 planned, 71 permits, and 68 closed escrows at 2006-12-31",2006-12-31,,day,,,nonspatial_product_snapshot,direct table transcription verified against rendered PDF,LH-SRC-OC-BOND-2006Q4,County bond report Phase VI product table,documented_exact,high,"Product-level CFD counts are not address-level completion, habitability, or occupancy dates; closed escrow is not transferred to a tract geometry.",
LH-OBS-LH-PRODUCT-COVENANT-HILLS-AMARANTE-2011,LH-PRODUCT-COVENANT-HILLS-AMARANTE,builder_product_status_snapshot,"Amarante I & II (Lyon Homes): 71 planned, 71 permits, and 71 closed escrows at 2011-12-31",2011-12-31,,day,,,nonspatial_product_snapshot,direct table transcription verified against rendered PDF,LH-SRC-OC-BOND-2011Q4,County bond report Phase VI product table,documented_exact,high,"Product-level CFD counts are not address-level completion, habitability, or occupancy dates; closed escrow is not transferred to a tract geometry.",
LH-OBS-LH-PRODUCT-COVENANT-HILLS-BELLATAIRE-2006,LH-PRODUCT-COVENANT-HILLS-BELLATAIRE,builder_product_status_snapshot,"Bellataire I & II (Lyon Homes): 75 planned, 75 permits, and 70 closed escrows at 2006-12-31",2006-12-31,,day,,,nonspatial_product_snapshot,direct table transcription verified against rendered PDF,LH-SRC-OC-BOND-2006Q4,County bond report Phase VI product table,documented_exact,high,"Product-level CFD counts are not address-level completion, habitability, or occupancy dates; closed escrow is not transferred to a tract geometry.",
LH-OBS-LH-PRODUCT-COVENANT-HILLS-BELLATAIRE-2011,LH-PRODUCT-COVENANT-HILLS-BELLATAIRE,builder_product_status_snapshot,"Bellataire I & II (Lyon Homes): 75 planned, 75 permits, and 75 closed escrows at 2011-12-31",2011-12-31,,day,,,nonspatial_product_snapshot,direct table transcription verified against rendered PDF,LH-SRC-OC-BOND-2011Q4,County bond report Phase VI product table,documented_exact,high,"Product-level CFD counts are not address-level completion, habitability, or occupancy dates; closed escrow is not transferred to a tract geometry.",
