edgeId,fromId,fromType,relationship,toId,toType,validFrom,validTo,evidenceIds,sourceIds,confidence,version,reviewStatus,limitations,notes
LH-EDGE-001,LH-FEAT-COMMUNITY,Community,governed_by,LH-SRC-OC-PC,Source,,,LH-SRC-OC-PC,LH-SRC-OC-PC,high,1.0,preserved_first_edition_edge,First-edition relationship retained and normalized to the Mission 4 edge schema.,Program text
LH-EDGE-002,LH-FEAT-COMMUNITY,Community,mapped_by,LH-SRC-OC-MAP,Source,,,LH-SRC-OC-MAP,LH-SRC-OC-MAP,high,1.0,preserved_first_edition_edge,First-edition relationship retained and normalized to the Mission 4 edge schema.,Planned community map
LH-EDGE-003,LH-FEAT-COMMUNITY,Community,subdivided_by,LH-SRC-OC-TRACTS,Source,,,LH-SRC-OC-TRACTS,LH-SRC-OC-TRACTS,high,1.0,preserved_first_edition_edge,First-edition relationship retained and normalized to the Mission 4 edge schema.,Recorded tract-map layer
LH-EDGE-004,LH-FEAT-UTILITIES,UtilityProgram,supported_by,LH-SRC-CEQANET-UTILITIES,Source,,,LH-SRC-CEQANET-UTILITIES,LH-SRC-CEQANET-UTILITIES,high,1.0,preserved_first_edition_edge,First-edition relationship retained and normalized to the Mission 4 edge schema.,Phase 1 utility environmental record
LH-EDGE-005,LH-SCHOOL-CHAPARRAL,School,opening_supported_by,LH-SRC-CUSD-CHAPARRAL,Source,,,LH-SRC-CUSD-CHAPARRAL,LH-SRC-CUSD-CHAPARRAL,high,1.0,preserved_first_edition_edge,First-edition relationship retained and normalized to the Mission 4 edge schema.,Official school report
LH-EDGE-006,LH-SCHOOL-LRES,School,opening_supported_by,LH-SRC-CUSD-LRES,Source,,,LH-SRC-CUSD-LRES,LH-SRC-CUSD-LRES,high,1.0,preserved_first_edition_edge,First-edition relationship retained and normalized to the Mission 4 edge schema.,Official school report
LH-EDGE-007,LH-SCHOOL-LRMS,School,opening_supported_by,LH-SRC-CUSD-LRMS,Source,,,LH-SRC-CUSD-LRMS,LH-SRC-CUSD-LRMS,high,1.0,preserved_first_edition_edge,First-edition relationship retained and normalized to the Mission 4 edge schema.,Official school report
LH-EDGE-008,LH-SCHOOL-OSO-GRANDE,School,opening_supported_by,LH-SRC-CDE-OSO,Source,,,LH-SRC-CDE-OSO,LH-SRC-CDE-OSO,high,1.0,preserved_first_edition_edge,First-edition relationship retained and normalized to the Mission 4 edge schema.,Official state registry
LH-EDGE-009,LH-FEAT-OCCUPANCY,Occupancy,first_documented_by,LH-SRC-LARMAC-TIMELINE,Source,,,LH-SRC-LARMAC-TIMELINE,LH-SRC-LARMAC-TIMELINE,medium,1.0,preserved_first_edition_edge,First-edition relationship retained and normalized to the Mission 4 edge schema.,Organization retrospective
LH-EDGE-010,LH-FEAT-SALES,Sales,summarized_by,LH-SRC-LARMAC-TIMELINE,Source,,,LH-SRC-LARMAC-TIMELINE,LH-SRC-LARMAC-TIMELINE,medium,1.0,preserved_first_edition_edge,First-edition relationship retained and normalized to the Mission 4 edge schema.,Organization retrospective
LH-EDGE-011,LH-IMG-1997-1998,HistoricalImagery,served_by,LH-SRC-OC-IMAGERY,Source,,,LH-SRC-OC-IMAGERY,LH-SRC-OC-IMAGERY,high,1.0,preserved_first_edition_edge,First-edition relationship retained and normalized to the Mission 4 edge schema.,County rectified imagery
LH-EDGE-012,LH-VILLAGE-OAK-KNOLL,Village,contains,LH-FEAT-OAK-KNOLL-CLUBHOUSE,Clubhouse,,,LH-SRC-LARMAC-TIMELINE,LH-SRC-LARMAC-TIMELINE,medium,1.0,preserved_first_edition_edge,First-edition relationship retained and normalized to the Mission 4 edge schema.,Facility milestone only
LH-EDGE-013,LH-VILLAGE-AVENDALE,Village,contains,LH-FEAT-AVENDALE-CLUBHOUSE,Clubhouse,,,LH-SRC-LARMAC-TIMELINE,LH-SRC-LARMAC-TIMELINE,medium,1.0,preserved_first_edition_edge,First-edition relationship retained and normalized to the Mission 4 edge schema.,Facility milestone only
LH-EDGE-014,LH-VILLAGE-COVENANT-HILLS,Village,contains,LH-FEAT-VILLAGE-CLUBHOUSES,Clubhouse,,,LH-SRC-LARMAC-TIMELINE,LH-SRC-LARMAC-TIMELINE,medium,1.0,preserved_first_edition_edge,First-edition relationship retained and normalized to the Mission 4 edge schema.,Shared event record
LH-EDGE-015,LH-PA-TOTAL,PlanningBaseline,supported_by,LH-SRC-OC-PC,Source,,,LH-SRC-OC-PC,LH-SRC-OC-PC,high,1.0,preserved_first_edition_edge,First-edition relationship retained and normalized to the Mission 4 edge schema.,Visually verified PDF pages 129 and 134
LH-EDGE-016,LH-FEAT-ROADS,RoadProgram,governed_by,LH-SRC-OC-PC,Source,,,LH-SRC-OC-PC,LH-SRC-OC-PC,high,1.0,preserved_first_edition_edge,First-edition relationship retained and normalized to the Mission 4 edge schema.,Permit-threshold circulation obligations on PDF pages 17-19
LH-EDGE-017,LH-EVT-001,EnvironmentalReviewCertification,supported_by,LH-SRC-OC-EIR-CERT,Source,,,LH-SRC-OC-EIR-CERT,LH-SRC-OC-EIR-CERT,high,1.0,preserved_first_edition_edge,First-edition relationship retained and normalized to the Mission 4 edge schema.,Official staff record states Board certification date
LH-EDGE-018,LH-EVT-001B,ApprovalClaim,disagrees_with,LH-EVT-001,EnvironmentalReviewCertification,,,LH-SRC-RMV-PLANNING;LH-SRC-OC-EIR-CERT,LH-SRC-RMV-PLANNING;LH-SRC-OC-EIR-CERT,high,1.0,preserved_first_edition_edge,First-edition relationship retained and normalized to the Mission 4 edge schema.,Different dates and actions are preserved without conflation
LH-EDGE-M5-00019,LH-SRC-OC-PC,Source,archived_as,LH-ARCHIVE-010CAE982048,ArchivedFile,2026-07-26,,LH-SRC-OC-PC,LH-SRC-OC-PC,high,3.0,reviewed,Scanned image PDF; the current Census boundary is not its legal boundary,1922b1c9ca24097885ced31fb88dc2e971dc72a55b63e956f97178b91cbcfb9c
LH-EDGE-M5-00020,LH-SRC-OC-MAP,Source,archived_as,LH-ARCHIVE-7A7E6EBB3EFD,ArchivedFile,2026-07-26,,LH-SRC-OC-MAP,LH-SRC-OC-MAP,high,3.0,reviewed,Single-sheet plan; digitization and registration still required,42cb618abcd8e67c38418688191f18c857e91d18f2c22f3db907e5bbd5c72527
LH-EDGE-M5-00021,LH-SRC-OC-DA,Source,archived_as,LH-ARCHIVE-CDC6DE17D3F1,ArchivedFile,2026-07-26,,LH-SRC-OC-DA,LH-SRC-OC-DA,high,3.0,reviewed,Legal agreement does not by itself establish physical completion dates,7e9f9d1eb783f77e011bea4eaca2f72334c78a3a6d3f0a245a5d8b9c6692dff3
LH-EDGE-M5-00022,LH-SRC-OC-ADS,Source,archived_as,LH-ARCHIVE-CD4E9ECAF066,ArchivedFile,2026-07-26,,LH-SRC-OC-ADS,LH-SRC-OC-ADS,high,3.0,reviewed,Approval and supplement dates are regulatory milestones rather than construction dates,b0fcbcdc7896d14d0c680290120591e82e0c24ad9382527add5e4f1d7b48d2c1
LH-EDGE-M5-00023,LH-SRC-CENSUS-CDP,Source,archived_as,LH-ARCHIVE-9E8260E21BAD,ArchivedFile,2026-07-26,,LH-SRC-CENSUS-CDP,LH-SRC-CENSUS-CDP,high,3.0,reviewed,Current statistical boundary; not the 1997 planned-community or tract boundary,d41979ffa6f9ccc685021d74d83201c2e884d4e2bc36320013f97e561c69b040
LH-EDGE-M5-00024,LH-SRC-OC-TRACTS,Source,archived_as,LH-ARCHIVE-52E4643D43D4,ArchivedFile,2026-07-26,,LH-SRC-OC-TRACTS,LH-SRC-OC-TRACTS,high,3.0,reviewed,Intersection with the current CDP includes maps that cross its edge; recording does not prove construction or occupancy,18a875915f02608d2c8ddf50af2e9c3832a787680ba5ecb06f8166158606cc61
LH-EDGE-M5-00025,LH-SRC-OC-IMAGERY,Source,archived_as,LH-ARCHIVE-1261A3926B74,ArchivedFile,2026-07-26,,LH-SRC-OC-IMAGERY,LH-SRC-OC-IMAGERY,high,3.0,reviewed,Service catalog dates distinguish Date_On_Map from DateCurrent; both usable development-era frames have partial coverage and scan or flight-footprint gaps.,c14c85414807c60ccbe032efb7e3df22aff3a96d3281f25a94e8f59e62f677df
LH-EDGE-M5-00026,LH-SRC-CEQANET-UTILITIES,Source,archived_as,LH-ARCHIVE-EE67D12599EE,ArchivedFile,2026-07-26,,LH-SRC-CEQANET-UTILITIES,LH-SRC-CEQANET-UTILITIES,high,3.0,reviewed,Summary record does not provide as-built completion dates,cb0297fbdb002c48783e7b4902597cb89c95928009f9364955a2537cd44e15b7
LH-EDGE-M5-00027,LH-SRC-RMV-PLANNING,Source,archived_as,LH-ARCHIVE-520A6AF62096,ArchivedFile,2026-07-26,,LH-SRC-RMV-PLANNING,LH-SRC-RMV-PLANNING,high,3.0,reviewed,Developer-authored and promotional; use for its own chronology with corroboration where possible,
LH-EDGE-M5-00028,LH-SRC-LARMAC-TIMELINE,Source,archived_as,LH-ARCHIVE-AE40A33343DC,ArchivedFile,2026-07-26,,LH-SRC-LARMAC-TIMELINE,LH-SRC-LARMAC-TIMELINE,high,3.0,reviewed,Organization-authored retrospective; sales figures appear to be interval totals and require original sales records for independent verification,2c2bfac90432cfb585898806f0d9b13cf8fc2bf1da1e3b54d662183df9bc4fa7
LH-EDGE-M5-00029,LH-SRC-ULI-CASE,Source,archived_as,LH-ARCHIVE-031A5B4ED3E8,ArchivedFile,2026-07-26,,LH-SRC-ULI-CASE,LH-SRC-ULI-CASE,high,3.0,reviewed,Retrospective case study; not a permit or as-built record,
LH-EDGE-M5-00030,LH-SRC-CUSD-CHAPARRAL,Source,archived_as,LH-ARCHIVE-E6B56045B0F2,ArchivedFile,2026-07-26,,LH-SRC-CUSD-CHAPARRAL,LH-SRC-CUSD-CHAPARRAL,high,3.0,reviewed,Retrospective opening statement gives month but not day,ef76f10afdc4803d0456f263638b46d3013b151ff098b16aa105e220162e9b83
LH-EDGE-M5-00031,LH-SRC-CUSD-LRES,Source,archived_as,LH-ARCHIVE-E14676F66371,ArchivedFile,2026-07-26,,LH-SRC-CUSD-LRES,LH-SRC-CUSD-LRES,high,3.0,reviewed,Retrospective school report,732341b973b527b90ebebeb4bdb8bbac40f447115742443061f7cd2ff57a1f39
LH-EDGE-M5-00032,LH-SRC-CUSD-LRMS,Source,archived_as,LH-ARCHIVE-74D2AEC187CE,ArchivedFile,2026-07-26,,LH-SRC-CUSD-LRMS,LH-SRC-CUSD-LRMS,high,3.0,reviewed,Retrospective school report,0e91c02f9cec22470a6ebf0c482f5d5b4f589ad99b744d71af88f32a5d77d160
LH-EDGE-M5-00033,LH-SRC-CDE-OSO,Source,archived_as,LH-ARCHIVE-CF6FE6020E62,ArchivedFile,2026-07-26,,LH-SRC-CDE-OSO,LH-SRC-CDE-OSO,high,3.0,reviewed,Registry gives opening date but not planning or construction window,3ae6cd0afc006449c6408f1a9290a57afe096e59b1d6d5d548039650927291c4
LH-EDGE-M5-00034,LH-SRC-NWS-ELTORO,Source,archived_as,LH-ARCHIVE-AC56D4C517F0,ArchivedFile,2026-07-26,,LH-SRC-NWS-ELTORO,LH-SRC-NWS-ELTORO,high,3.0,reviewed,Station is north of Ladera Ranch and local terrain can alter winds,92a899492004d9d4bbfaf53cf6222c6f66597d64289c59b7a9dbae985afcdf8c
LH-EDGE-M5-00035,LH-SRC-NWS-SANTA-ANA,Source,archived_as,LH-ARCHIVE-3F7CF286C435,ArchivedFile,2026-07-26,,LH-SRC-NWS-SANTA-ANA,LH-SRC-NWS-SANTA-ANA,high,3.0,reviewed,Regional process description rather than site-specific measurements,88756fb69d5f87cf814d4da56c7852644e42f8973623330fc89e49c31e3ec416
LH-EDGE-M5-00036,LH-SRC-OSM-SCHOOLS,Source,archived_as,LH-ARCHIVE-DB65363DDCFB,ArchivedFile,2026-07-26,,LH-SRC-OSM-SCHOOLS,LH-SRC-OSM-SCHOOLS,high,3.0,reviewed,Community-maintained geometry; coordinates are building centroids rather than surveyed parcel points,1b17ef8f8743ff7db419a9f0b08b6460e71d814f6c953fde5b33a497aef6411a
LH-EDGE-M5-00037,LH-SRC-OC-EIR-CERT,Source,archived_as,LH-ARCHIVE-E68857A3DEBA,ArchivedFile,2026-07-26,,LH-SRC-OC-EIR-CERT,LH-SRC-OC-EIR-CERT,high,3.0,reviewed,Retrospective 2018 staff record cites the 1995 EIR certification but does not include the original Board minutes,a0ddfcc3f3a49776381a982348e7ad9cdabf3162961ec3d9cdfd6b75a4174003
LH-EDGE-M5-00038,LH-SRC-OC-LMS-TRACT-PDFS,Source,archived_as,LH-ARCHIVE-2FE47493A598,ArchivedFile,2026-07-26,,LH-SRC-OC-LMS-TRACT-PDFS,LH-SRC-OC-LMS-TRACT-PDFS,high,3.0,reviewed,Title sheets document legal map facts and may cite prior maps but do not establish grading construction sale habitability or occupancy dates,540397c8c5ac9f29d65824b49af428c2ffc8c99a322a2707b949e1742842929c
LH-EDGE-M5-00039,LH-SRC-NOAA-ISD-HISTORY,Source,archived_as,LH-ARCHIVE-C92B8EE206E0,ArchivedFile,2026-07-26,,LH-SRC-NOAA-ISD-HISTORY,LH-SRC-NOAA-ISD-HISTORY,high,3.0,reviewed,Station distance and period of record do not establish representativeness at Ladera Ranch,1994747ab4af1b97e63adb434b4d0d022f2daee76f0c144ea9ab46be2d906604
LH-EDGE-M5-00040,LH-SRC-NOAA-GLOBAL-HOURLY,Source,archived_as,LH-ARCHIVE-9AD7E0B82786,ArchivedFile,2026-07-26,,LH-SRC-NOAA-GLOBAL-HOURLY,LH-SRC-NOAA-GLOBAL-HOURLY,high,3.0,reviewed,Airport observations are regional context and may differ from Ladera Ranch because of terrain elevation station moves and instrumentation,e7466377fe9f7798901c3d00c929ce53c447423b927200763caa8645be9d32dd
LH-EDGE-M5-00041,LH-SRC-OC-DEM-2018,Source,archived_as,LH-ARCHIVE-F331FFE9B035,ArchivedFile,2026-07-26,,LH-SRC-OC-DEM-2018,LH-SRC-OC-DEM-2018,high,3.0,reviewed,"Post-study-period terrain surface; grading may have changed landform since 1997-2010. The 2018 service metadata leaves the band-value unit element blank, so the U.S.-foot vertical interpretation is documented as an inference and converted explicitly.",4c2cdbf1882310bd5335b0fd31f2f0d116c5ba7b068b782136c5b011b7a78d18
LH-EDGE-M5-00042,LH-SRC-OC-WATERSHEDS,Source,archived_as,LH-ARCHIVE-F331FFE9B035,ArchivedFile,2026-07-26,,LH-SRC-OC-WATERSHEDS,LH-SRC-OC-WATERSHEDS,high,3.0,reviewed,"Current broad watershed boundary; does not establish historical site drainage, stormwater routing, or parcel-scale flow paths.",4c2cdbf1882310bd5335b0fd31f2f0d116c5ba7b068b782136c5b011b7a78d18
LH-EDGE-M5-00043,LH-SRC-OC-STREAMS-2016,Source,archived_as,LH-ARCHIVE-F331FFE9B035,ArchivedFile,2026-07-26,,LH-SRC-OC-STREAMS-2016,LH-SRC-OC-STREAMS-2016,high,3.0,reviewed,"LiDAR-derived 2016 hydrographic context, not a historical 1997-2010 drainage map; centerlines do not by themselves distinguish perennial flow.",4c2cdbf1882310bd5335b0fd31f2f0d116c5ba7b068b782136c5b011b7a78d18
LH-EDGE-M5-00044,LH-SRC-OC-FLOOD-CHANNELS,Source,archived_as,LH-ARCHIVE-F331FFE9B035,ArchivedFile,2026-07-26,,LH-SRC-OC-FLOOD-CHANNELS,LH-SRC-OC-FLOOD-CHANNELS,high,3.0,reviewed,Inventory attributes may include design drawing dates while as-built fields remain blank; a drawing year is not treated as construction completion or occupancy evidence.,4c2cdbf1882310bd5335b0fd31f2f0d116c5ba7b068b782136c5b011b7a78d18
LH-EDGE-M5-00045,LH-SRC-DGS-DSA-TRACKER,Source,archived_as,LH-ARCHIVE-A17C7E9716FE,ArchivedFile,2026-07-26,,LH-SRC-DGS-DSA-TRACKER,LH-SRC-DGS-DSA-TRACKER,high,3.0,reviewed,"Plan receipt, approval, field-review, closeout, and certification dates are distinct administrative milestones; none is automatically the exact physical construction start.",1b72f15edc5d93cd82760a6644a54055907e3f27091c2f75ebc56bd6cb07bf35
LH-EDGE-M5-00046,LH-SRC-OC-BOND-2006Q4,Source,archived_as,LH-ARCHIVE-1466B2BB97BE,ArchivedFile,2026-07-27,,LH-SRC-OC-BOND-2006Q4,LH-SRC-OC-BOND-2006Q4,high,3.0,reviewed,CFD boundaries and product tables do not cover every Ladera tract; aggregate absorption is used only under the report's explicit built-and-occupied definition.,ff6e770b8ced11607081d913cd22930e266156a74408fe8315be6513c5c58949
LH-EDGE-M5-00047,LH-SRC-OC-BOND-2011Q4,Source,archived_as,LH-ARCHIVE-5A3ED70E6512,ArchivedFile,2026-07-27,,LH-SRC-OC-BOND-2011Q4,LH-SRC-OC-BOND-2011Q4,high,3.0,reviewed,CFD boundaries and product tables do not cover every Ladera tract; aggregate absorption is used only under the report's explicit built-and-occupied definition.,fbbe9331a19c92870c6e156e3c1d7518f6d320c071a3898a633dfde6231a6568
LH-EDGE-M5-00048,LH-SRC-OC-CFD-HISTORY,Source,archived_as,LH-ARCHIVE-758083646431,ArchivedFile,2026-07-27,,LH-SRC-OC-CFD-HISTORY,LH-SRC-OC-CFD-HISTORY,high,3.0,reviewed,Use only for the claim scope documented in Mission 5.,84607f5b609499edf81aec709ef0e6fd46ecb76a9746d970c9248838add63b9c
LH-EDGE-M5-00049,LH-SRC-OC-LADR-2018,Source,archived_as,LH-ARCHIVE-484C4ACB240D,ArchivedFile,2026-07-27,,LH-SRC-OC-LADR-2018,LH-SRC-OC-LADR-2018,high,3.0,reviewed,Use only for the claim scope documented in Mission 5.,9ec7f4e1d2f323ef81254f368b0b426ab0a6bb309819ad9cf37c334e8c0b93b7
LH-EDGE-M5-00050,LH-SRC-LARMAC-STREETS-2019,Source,archived_as,LH-ARCHIVE-45FB98D7E8EF,ArchivedFile,2026-07-27,,LH-SRC-LARMAC-STREETS-2019,LH-SRC-LARMAC-STREETS-2019,high,3.0,reviewed,Use only for the claim scope documented in Mission 5.,ce55c3095c7111cea86fdad9ebd75ac5c5719c01c61fbe571d3ba576243d467a
LH-EDGE-M5-00051,LH-SRC-LARMAC-CUSTOM-2006,Source,archived_as,LH-ARCHIVE-A17B87D7D9C1,ArchivedFile,2026-07-27,,LH-SRC-LARMAC-CUSTOM-2006,LH-SRC-LARMAC-CUSTOM-2006,high,3.0,reviewed,Use only for the claim scope documented in Mission 5.,71585c041dd74ffa8141179189f6d06248c244b235e5bdba1173a75418cca3a0
LH-EDGE-M5-00052,LH-SRC-OC-TRANSPORT-2008,Source,archived_as,LH-ARCHIVE-FF8C4FC293F3,ArchivedFile,2026-07-27,,LH-SRC-OC-TRANSPORT-2008,LH-SRC-OC-TRANSPORT-2008,high,3.0,reviewed,Use only for the claim scope documented in Mission 5.,fa3c7f188ffbb0f2920f5ea80065b1be91107673f10d6212a6a11b38a49e8670
LH-EDGE-M5-00053,LH-SRC-LARMAC-RW-2019W,Source,archived_as,LH-ARCHIVE-936E9FD3E35D,ArchivedFile,2026-07-27,,LH-SRC-LARMAC-RW-2019W,LH-SRC-LARMAC-RW-2019W,high,3.0,reviewed,Use only for the claim scope documented in Mission 5.,ea1ded896342d8b53e4d956f842beafd42cf4024b5886c2388b369cbc988dc75
LH-EDGE-M5-00054,LH-SRC-LARMAC-RW-2020S,Source,archived_as,LH-ARCHIVE-43DEAD5E37D3,ArchivedFile,2026-07-27,,LH-SRC-LARMAC-RW-2020S,LH-SRC-LARMAC-RW-2020S,high,3.0,reviewed,Use only for the claim scope documented in Mission 5.,40dd6c98b700ae56927d8a87ce3d316850fa491d8545d7b346fdcd618f35197d
LH-EDGE-M5-00055,LH-SRC-LARMAC-TIMELINE-M5,Source,archived_as,LH-ARCHIVE-61F09C42E183,ArchivedFile,2026-07-27,,LH-SRC-LARMAC-TIMELINE-M5,LH-SRC-LARMAC-TIMELINE-M5,high,3.0,reviewed,Use only for the claim scope documented in Mission 5.,2c2bfac90432cfb585898806f0d9b13cf8fc2bf1da1e3b54d662183df9bc4fa7
LH-EDGE-M5-00056,LH-SRC-PROB-TRAILS-1999,Source,archived_as,LH-ARCHIVE-378BF25240E4,ArchivedFile,2026-07-27,,LH-SRC-PROB-TRAILS-1999,LH-SRC-PROB-TRAILS-1999,high,3.0,reviewed,Use only for the claim scope documented in Mission 5.,eeada8538941af358a696bb44d4aa205ee60b4822f6cad344f6198408bd518eb
LH-EDGE-M5-00057,LH-SRC-LAT-BUILDERS-1998,Source,archived_as,LH-ARCHIVE-EDF2E3400B85,ArchivedFile,2026-07-27,,LH-SRC-LAT-BUILDERS-1998,LH-SRC-LAT-BUILDERS-1998,high,3.0,reviewed,Contemporary reporting is retained as reported evidence; it is not a permit or occupancy ledger.,2df14be5530e661aafbe1e4d66f779c04394ba2b2b2b4fa3a5529ad13668059a
LH-EDGE-M5-00058,LH-SRC-LAT-PHASE1-1999,Source,archived_as,LH-ARCHIVE-E5136DFF8528,ArchivedFile,2026-07-27,,LH-SRC-LAT-PHASE1-1999,LH-SRC-LAT-PHASE1-1999,high,3.0,reviewed,Contemporary reporting is retained as reported evidence; it is not a permit or occupancy ledger.,092060037b062a6c714fda54754b9120ec3b71d030d082e5c69c31ad361bef86
LH-EDGE-M5-00059,LH-SRC-LAT-OPENING-1999,Source,archived_as,LH-ARCHIVE-913C5EA7879D,ArchivedFile,2026-07-27,,LH-SRC-LAT-OPENING-1999,LH-SRC-LAT-OPENING-1999,high,3.0,reviewed,Contemporary reporting is retained as reported evidence; it is not a permit or occupancy ledger.,0ffc4a965270e24be8e231e4852d8b6b1200080705c82bb47922e967d27bcc30
LH-EDGE-M5-00060,LH-SRC-LAT-FIRST-RESIDENT-1999,Source,archived_as,LH-ARCHIVE-BCAFEDE98050,ArchivedFile,2026-07-27,,LH-SRC-LAT-FIRST-RESIDENT-1999,LH-SRC-LAT-FIRST-RESIDENT-1999,high,3.0,reviewed,Contemporary reporting is retained as reported evidence; it is not a permit or occupancy ledger.,41e24df90699c539780b99dd95d0694aab479ac5d9447fd9b2ae4392ae2f3919
LH-EDGE-M5-00061,LH-SRC-ACTIVERAIN-2010,Source,archived_as,LH-ARCHIVE-2B09E0E22E4F,ArchivedFile,2026-07-27,,LH-SRC-ACTIVERAIN-2010,LH-SRC-ACTIVERAIN-2010,high,3.0,reviewed,Secondary 2010 builder directory conflicts with the County report for several Phase VI products; the official County report controls those builder assignments.,3f333956178d1303aedcf4b613e99726cd0a26720f38192b8eec665e5a2ffa05
LH-EDGE-M5-00062,LH-SRC-LARMAC-VILLAGE-1,Source,archived_as,LH-ARCHIVE-92268AE62B6A,ArchivedFile,2026-07-27,,LH-SRC-LARMAC-VILLAGE-1,LH-SRC-LARMAC-VILLAGE-1,high,3.0,reviewed,Use only for the claim scope documented in Mission 5.,d0a5b217a9aea68206d882e43941120d4bc2c590315d9b16d36c7bf7cded2d62
LH-EDGE-M5-00063,LH-SRC-LARMAC-VILLAGE-2,Source,archived_as,LH-ARCHIVE-FF8EE138FC1D,ArchivedFile,2026-07-27,,LH-SRC-LARMAC-VILLAGE-2,LH-SRC-LARMAC-VILLAGE-2,high,3.0,reviewed,Use only for the claim scope documented in Mission 5.,4f88dd8a49508a3ace7bf4cb3add54a901303e0f67eca967bb75d98230a9c8cb
LH-EDGE-M5-00064,LH-SRC-LARMAC-VILLAGE-3,Source,archived_as,LH-ARCHIVE-A85624F615BE,ArchivedFile,2026-07-27,,LH-SRC-LARMAC-VILLAGE-3,LH-SRC-LARMAC-VILLAGE-3,high,3.0,reviewed,Use only for the claim scope documented in Mission 5.,b9c9c098c9749288ab4883f776ad080e5c0c653374bd127d79bfbde0f090e17d
LH-EDGE-M5-00065,LH-SRC-LARMAC-VILLAGE-4,Source,archived_as,LH-ARCHIVE-39CD4AC573DA,ArchivedFile,2026-07-27,,LH-SRC-LARMAC-VILLAGE-4,LH-SRC-LARMAC-VILLAGE-4,high,3.0,reviewed,Use only for the claim scope documented in Mission 5.,408182343fb0bda50185bbdd4940a8618db95eec09a7205a9aa8b8de01edcc13
LH-EDGE-M5-00066,LH-SRC-LARMAC-VILLAGE-5,Source,archived_as,LH-ARCHIVE-9C4D503638D8,ArchivedFile,2026-07-27,,LH-SRC-LARMAC-VILLAGE-5,LH-SRC-LARMAC-VILLAGE-5,high,3.0,reviewed,Use only for the claim scope documented in Mission 5.,c9554106a743120aa714fcbeaedeabff45e97a52a716be325db76d4f1435bc4f
LH-EDGE-M5-00067,LH-SRC-LARMAC-VILLAGE-6,Source,archived_as,LH-ARCHIVE-A9F749127797,ArchivedFile,2026-07-27,,LH-SRC-LARMAC-VILLAGE-6,LH-SRC-LARMAC-VILLAGE-6,high,3.0,reviewed,Use only for the claim scope documented in Mission 5.,2587032dbf5f8b180f7872c5d34b0e965ad8f9da64c0c49e69e2b542bf0acc0f
LH-EDGE-M5-00068,LH-SRC-LARMAC-VILLAGE-7,Source,archived_as,LH-ARCHIVE-7AB667D747DB,ArchivedFile,2026-07-27,,LH-SRC-LARMAC-VILLAGE-7,LH-SRC-LARMAC-VILLAGE-7,high,3.0,reviewed,Use only for the claim scope documented in Mission 5.,c804ca8618a71e6da3ae89bee1d17211b7a659c37fb88c5c5f8c45c9050b9ddc
LH-EDGE-M5-00069,LH-SRC-LARMAC-VILLAGE-8,Source,archived_as,LH-ARCHIVE-A2B014012D94,ArchivedFile,2026-07-27,,LH-SRC-LARMAC-VILLAGE-8,LH-SRC-LARMAC-VILLAGE-8,high,3.0,reviewed,Use only for the claim scope documented in Mission 5.,588460d7973090d08ade9f769b3538a6e004cfedb3ac358dd7cf237d9656ae70
LH-EDGE-M5-00070,LH-SRC-LARMAC-VILLAGE-9,Source,archived_as,LH-ARCHIVE-0C99C0DF268D,ArchivedFile,2026-07-27,,LH-SRC-LARMAC-VILLAGE-9,LH-SRC-LARMAC-VILLAGE-9,high,3.0,reviewed,Use only for the claim scope documented in Mission 5.,89abd95c7718b23e6f3413586dcc4ac8a0f103e3567fc49caf3bde505d5fb8af
LH-EDGE-M5-00071,LH-SRC-OC-ADDRESS-POINTS,Source,archived_as,LH-ARCHIVE-974F1D7507F6,ArchivedFile,2026-07-27,,LH-SRC-OC-ADDRESS-POINTS,LH-SRC-OC-ADDRESS-POINTS,high,3.0,reviewed,"Current address and street geometry supports a present-day geographic crosswalk only; it does not date construction, sale, habitability, or occupancy.",23b28d6b548e64a2e8e97cc8a388de088007dc8de40154dc206c121be78d609e
LH-EDGE-M5-00072,LH-SRC-OC-STREET-CENTERLINES,Source,archived_as,LH-ARCHIVE-F1F9A505A42D,ArchivedFile,2026-07-27,,LH-SRC-OC-STREET-CENTERLINES,LH-SRC-OC-STREET-CENTERLINES,high,3.0,reviewed,"Current address and street geometry supports a present-day geographic crosswalk only; it does not date construction, sale, habitability, or occupancy.",71e3af4ff29d3afaa8e5a973f0b4ddc79b195e8f71e0f2eea7bdee3db40af75b
LH-EDGE-M5-00073,LH-SRC-CDFW-NAIP-2005,Source,archived_as,LH-ARCHIVE-1E6A32B03C08,ArchivedFile,2026-07-27,,LH-SRC-CDFW-NAIP-2005,LH-SRC-CDFW-NAIP-2005,high,3.0,reviewed,"Flight-date filenames and pixels support visible-state observations; imagery alone does not establish permits, legal completion, certificates of occupancy, or individual exposure.",5fcee243aa5dde4123903fc9a0a3341511abcbcf88ded17bd94749e4d2bcbb3e
LH-EDGE-M5-00074,LH-SRC-CDFW-NAIP-2009,Source,archived_as,LH-ARCHIVE-EF1350F036F9,ArchivedFile,2026-07-27,,LH-SRC-CDFW-NAIP-2009,LH-SRC-CDFW-NAIP-2009,high,3.0,reviewed,"Flight-date filenames and pixels support visible-state observations; imagery alone does not establish permits, legal completion, certificates of occupancy, or individual exposure.",f3c65cc9e3947f39c03734078172a21ac7fc4c0df21aa7027256c621249074f7
LH-EDGE-M5-00075,LH-SRC-CDFW-NAIP-2010,Source,archived_as,LH-ARCHIVE-CD22C394F875,ArchivedFile,2026-07-27,,LH-SRC-CDFW-NAIP-2010,LH-SRC-CDFW-NAIP-2010,high,3.0,reviewed,"Flight-date filenames and pixels support visible-state observations; imagery alone does not establish permits, legal completion, certificates of occupancy, or individual exposure.",835931ef8fb8316aec58aa1cfcda2ef9a17319c235ed64aa361d0bc0e3723f28
LH-EDGE-M5-00076,LH-OBS-TRACT-15615,HistoricalObservation,observes,LH-TRACT-15615,HistoricalObject,1998-12-11,,LH-OBS-TRACT-15615,LH-SRC-OC-TRACTS,high,3.0,reviewed,"Recording is a legal subdivision milestone only; it does not date construction, habitability, sale, or occupancy.",
LH-EDGE-M5-00077,LH-OBS-TRACT-15615,HistoricalObservation,derived_from,LH-SRC-OC-TRACTS,Source,,,LH-OBS-TRACT-15615,LH-SRC-OC-TRACTS,high,3.0,reviewed,"Recording is a legal subdivision milestone only; it does not date construction, habitability, sale, or occupancy.",
LH-EDGE-M5-00078,LH-OBS-TRACT-15616,HistoricalObservation,observes,LH-TRACT-15616,HistoricalObject,1999-06-30,,LH-OBS-TRACT-15616,LH-SRC-OC-TRACTS,high,3.0,reviewed,"Recording is a legal subdivision milestone only; it does not date construction, habitability, sale, or occupancy.",
LH-EDGE-M5-00079,LH-OBS-TRACT-15616,HistoricalObservation,derived_from,LH-SRC-OC-TRACTS,Source,,,LH-OBS-TRACT-15616,LH-SRC-OC-TRACTS,high,3.0,reviewed,"Recording is a legal subdivision milestone only; it does not date construction, habitability, sale, or occupancy.",
LH-EDGE-M5-00080,LH-OBS-TRACT-15617,HistoricalObservation,observes,LH-TRACT-15617,HistoricalObject,1999-07-28,,LH-OBS-TRACT-15617,LH-SRC-OC-TRACTS,high,3.0,reviewed,"Recording is a legal subdivision milestone only; it does not date construction, habitability, sale, or occupancy.",
LH-EDGE-M5-00081,LH-OBS-TRACT-15617,HistoricalObservation,derived_from,LH-SRC-OC-TRACTS,Source,,,LH-OBS-TRACT-15617,LH-SRC-OC-TRACTS,high,3.0,reviewed,"Recording is a legal subdivision milestone only; it does not date construction, habitability, sale, or occupancy.",
LH-EDGE-M5-00082,LH-OBS-TRACT-15618,HistoricalObservation,observes,LH-TRACT-15618,HistoricalObject,1999-05-28,,LH-OBS-TRACT-15618,LH-SRC-OC-TRACTS,high,3.0,reviewed,"Recording is a legal subdivision milestone only; it does not date construction, habitability, sale, or occupancy.",
LH-EDGE-M5-00083,LH-OBS-TRACT-15618,HistoricalObservation,derived_from,LH-SRC-OC-TRACTS,Source,,,LH-OBS-TRACT-15618,LH-SRC-OC-TRACTS,high,3.0,reviewed,"Recording is a legal subdivision milestone only; it does not date construction, habitability, sale, or occupancy.",
LH-EDGE-M5-00084,LH-OBS-TRACT-15619,HistoricalObservation,observes,LH-TRACT-15619,HistoricalObject,2001-03-09,,LH-OBS-TRACT-15619,LH-SRC-OC-TRACTS,high,3.0,reviewed,"Recording is a legal subdivision milestone only; it does not date construction, habitability, sale, or occupancy.",
LH-EDGE-M5-00085,LH-OBS-TRACT-15619,HistoricalObservation,derived_from,LH-SRC-OC-TRACTS,Source,,,LH-OBS-TRACT-15619,LH-SRC-OC-TRACTS,high,3.0,reviewed,"Recording is a legal subdivision milestone only; it does not date construction, habitability, sale, or occupancy.",
LH-EDGE-M5-00086,LH-OBS-TRACT-15620,HistoricalObservation,observes,LH-TRACT-15620,HistoricalObject,1999-05-15,,LH-OBS-TRACT-15620,LH-SRC-OC-TRACTS,high,3.0,reviewed,"Recording is a legal subdivision milestone only; it does not date construction, habitability, sale, or occupancy.",
LH-EDGE-M5-00087,LH-OBS-TRACT-15620,HistoricalObservation,derived_from,LH-SRC-OC-TRACTS,Source,,,LH-OBS-TRACT-15620,LH-SRC-OC-TRACTS,high,3.0,reviewed,"Recording is a legal subdivision milestone only; it does not date construction, habitability, sale, or occupancy.",
LH-EDGE-M5-00088,LH-OBS-TRACT-15621,HistoricalObservation,observes,LH-TRACT-15621,HistoricalObject,1999-03-30,,LH-OBS-TRACT-15621,LH-SRC-OC-TRACTS,high,3.0,reviewed,"Recording is a legal subdivision milestone only; it does not date construction, habitability, sale, or occupancy.",
LH-EDGE-M5-00089,LH-OBS-TRACT-15621,HistoricalObservation,derived_from,LH-SRC-OC-TRACTS,Source,,,LH-OBS-TRACT-15621,LH-SRC-OC-TRACTS,high,3.0,reviewed,"Recording is a legal subdivision milestone only; it does not date construction, habitability, sale, or occupancy.",
LH-EDGE-M5-00090,LH-OBS-TRACT-15622,HistoricalObservation,observes,LH-TRACT-15622,HistoricalObject,1999-05-14,,LH-OBS-TRACT-15622,LH-SRC-OC-TRACTS,high,3.0,reviewed,"Recording is a legal subdivision milestone only; it does not date construction, habitability, sale, or occupancy.",
LH-EDGE-M5-00091,LH-OBS-TRACT-15622,HistoricalObservation,derived_from,LH-SRC-OC-TRACTS,Source,,,LH-OBS-TRACT-15622,LH-SRC-OC-TRACTS,high,3.0,reviewed,"Recording is a legal subdivision milestone only; it does not date construction, habitability, sale, or occupancy.",
LH-EDGE-M5-00092,LH-OBS-TRACT-15623,HistoricalObservation,observes,LH-TRACT-15623,HistoricalObject,1999-05-04,,LH-OBS-TRACT-15623,LH-SRC-OC-TRACTS,high,3.0,reviewed,"Recording is a legal subdivision milestone only; it does not date construction, habitability, sale, or occupancy.",
LH-EDGE-M5-00093,LH-OBS-TRACT-15623,HistoricalObservation,derived_from,LH-SRC-OC-TRACTS,Source,,,LH-OBS-TRACT-15623,LH-SRC-OC-TRACTS,high,3.0,reviewed,"Recording is a legal subdivision milestone only; it does not date construction, habitability, sale, or occupancy.",
LH-EDGE-M5-00094,LH-OBS-TRACT-15624,HistoricalObservation,observes,LH-TRACT-15624,HistoricalObject,2000-04-06,,LH-OBS-TRACT-15624,LH-SRC-OC-TRACTS,high,3.0,reviewed,"Recording is a legal subdivision milestone only; it does not date construction, habitability, sale, or occupancy.",
LH-EDGE-M5-00095,LH-OBS-TRACT-15624,HistoricalObservation,derived_from,LH-SRC-OC-TRACTS,Source,,,LH-OBS-TRACT-15624,LH-SRC-OC-TRACTS,high,3.0,reviewed,"Recording is a legal subdivision milestone only; it does not date construction, habitability, sale, or occupancy.",
LH-EDGE-M5-00096,LH-OBS-TRACT-15625,HistoricalObservation,observes,LH-TRACT-15625,HistoricalObject,1999-04-22,,LH-OBS-TRACT-15625,LH-SRC-OC-TRACTS,high,3.0,reviewed,"Recording is a legal subdivision milestone only; it does not date construction, habitability, sale, or occupancy.",
LH-EDGE-M5-00097,LH-OBS-TRACT-15625,HistoricalObservation,derived_from,LH-SRC-OC-TRACTS,Source,,,LH-OBS-TRACT-15625,LH-SRC-OC-TRACTS,high,3.0,reviewed,"Recording is a legal subdivision milestone only; it does not date construction, habitability, sale, or occupancy.",
LH-EDGE-M5-00098,LH-OBS-TRACT-15626,HistoricalObservation,observes,LH-TRACT-15626,HistoricalObject,1999-05-07,,LH-OBS-TRACT-15626,LH-SRC-OC-TRACTS,high,3.0,reviewed,"Recording is a legal subdivision milestone only; it does not date construction, habitability, sale, or occupancy.",
LH-EDGE-M5-00099,LH-OBS-TRACT-15626,HistoricalObservation,derived_from,LH-SRC-OC-TRACTS,Source,,,LH-OBS-TRACT-15626,LH-SRC-OC-TRACTS,high,3.0,reviewed,"Recording is a legal subdivision milestone only; it does not date construction, habitability, sale, or occupancy.",
LH-EDGE-M5-00100,LH-OBS-TRACT-15627,HistoricalObservation,observes,LH-TRACT-15627,HistoricalObject,1999-05-14,,LH-OBS-TRACT-15627,LH-SRC-OC-TRACTS,high,3.0,reviewed,"Recording is a legal subdivision milestone only; it does not date construction, habitability, sale, or occupancy.",
LH-EDGE-M5-00101,LH-OBS-TRACT-15627,HistoricalObservation,derived_from,LH-SRC-OC-TRACTS,Source,,,LH-OBS-TRACT-15627,LH-SRC-OC-TRACTS,high,3.0,reviewed,"Recording is a legal subdivision milestone only; it does not date construction, habitability, sale, or occupancy.",
LH-EDGE-M5-00102,LH-OBS-TRACT-15628,HistoricalObservation,observes,LH-TRACT-15628,HistoricalObject,1999-05-25,,LH-OBS-TRACT-15628,LH-SRC-OC-TRACTS,high,3.0,reviewed,"Recording is a legal subdivision milestone only; it does not date construction, habitability, sale, or occupancy.",
LH-EDGE-M5-00103,LH-OBS-TRACT-15628,HistoricalObservation,derived_from,LH-SRC-OC-TRACTS,Source,,,LH-OBS-TRACT-15628,LH-SRC-OC-TRACTS,high,3.0,reviewed,"Recording is a legal subdivision milestone only; it does not date construction, habitability, sale, or occupancy.",
LH-EDGE-M5-00104,LH-OBS-TRACT-15629,HistoricalObservation,observes,LH-TRACT-15629,HistoricalObject,1999-06-30,,LH-OBS-TRACT-15629,LH-SRC-OC-TRACTS,high,3.0,reviewed,"Recording is a legal subdivision milestone only; it does not date construction, habitability, sale, or occupancy.",
LH-EDGE-M5-00105,LH-OBS-TRACT-15629,HistoricalObservation,derived_from,LH-SRC-OC-TRACTS,Source,,,LH-OBS-TRACT-15629,LH-SRC-OC-TRACTS,high,3.0,reviewed,"Recording is a legal subdivision milestone only; it does not date construction, habitability, sale, or occupancy.",
LH-EDGE-M5-00106,LH-OBS-TRACT-15630,HistoricalObservation,observes,LH-TRACT-15630,HistoricalObject,1999-05-14,,LH-OBS-TRACT-15630,LH-SRC-OC-TRACTS,high,3.0,reviewed,"Recording is a legal subdivision milestone only; it does not date construction, habitability, sale, or occupancy.",
LH-EDGE-M5-00107,LH-OBS-TRACT-15630,HistoricalObservation,derived_from,LH-SRC-OC-TRACTS,Source,,,LH-OBS-TRACT-15630,LH-SRC-OC-TRACTS,high,3.0,reviewed,"Recording is a legal subdivision milestone only; it does not date construction, habitability, sale, or occupancy.",
LH-EDGE-M5-00108,LH-OBS-TRACT-15631,HistoricalObservation,observes,LH-TRACT-15631,HistoricalObject,2000-09-14,,LH-OBS-TRACT-15631,LH-SRC-OC-TRACTS,high,3.0,reviewed,"Recording is a legal subdivision milestone only; it does not date construction, habitability, sale, or occupancy.",
LH-EDGE-M5-00109,LH-OBS-TRACT-15631,HistoricalObservation,derived_from,LH-SRC-OC-TRACTS,Source,,,LH-OBS-TRACT-15631,LH-SRC-OC-TRACTS,high,3.0,reviewed,"Recording is a legal subdivision milestone only; it does not date construction, habitability, sale, or occupancy.",
LH-EDGE-M5-00110,LH-OBS-TRACT-15632,HistoricalObservation,observes,LH-TRACT-15632,HistoricalObject,1999-08-30,,LH-OBS-TRACT-15632,LH-SRC-OC-TRACTS,high,3.0,reviewed,"Recording is a legal subdivision milestone only; it does not date construction, habitability, sale, or occupancy.",
LH-EDGE-M5-00111,LH-OBS-TRACT-15632,HistoricalObservation,derived_from,LH-SRC-OC-TRACTS,Source,,,LH-OBS-TRACT-15632,LH-SRC-OC-TRACTS,high,3.0,reviewed,"Recording is a legal subdivision milestone only; it does not date construction, habitability, sale, or occupancy.",
LH-EDGE-M5-00112,LH-OBS-TRACT-15793,HistoricalObservation,observes,LH-TRACT-15793,HistoricalObject,2008-12-24,,LH-OBS-TRACT-15793,LH-SRC-OC-TRACTS,high,3.0,reviewed,"Recording is a legal subdivision milestone only; it does not date construction, habitability, sale, or occupancy.",
LH-EDGE-M5-00113,LH-OBS-TRACT-15793,HistoricalObservation,derived_from,LH-SRC-OC-TRACTS,Source,,,LH-OBS-TRACT-15793,LH-SRC-OC-TRACTS,high,3.0,reviewed,"Recording is a legal subdivision milestone only; it does not date construction, habitability, sale, or occupancy.",
LH-EDGE-M5-00114,LH-OBS-TRACT-15813,HistoricalObservation,observes,LH-TRACT-15813,HistoricalObject,2000-06-14,,LH-OBS-TRACT-15813,LH-SRC-OC-TRACTS,high,3.0,reviewed,"Recording is a legal subdivision milestone only; it does not date construction, habitability, sale, or occupancy.",
LH-EDGE-M5-00115,LH-OBS-TRACT-15813,HistoricalObservation,derived_from,LH-SRC-OC-TRACTS,Source,,,LH-OBS-TRACT-15813,LH-SRC-OC-TRACTS,high,3.0,reviewed,"Recording is a legal subdivision milestone only; it does not date construction, habitability, sale, or occupancy.",
LH-EDGE-M5-00116,LH-OBS-TRACT-15827,HistoricalObservation,observes,LH-TRACT-15827,HistoricalObject,2000-05-10,,LH-OBS-TRACT-15827,LH-SRC-OC-TRACTS,high,3.0,reviewed,"Recording is a legal subdivision milestone only; it does not date construction, habitability, sale, or occupancy.",
LH-EDGE-M5-00117,LH-OBS-TRACT-15827,HistoricalObservation,derived_from,LH-SRC-OC-TRACTS,Source,,,LH-OBS-TRACT-15827,LH-SRC-OC-TRACTS,high,3.0,reviewed,"Recording is a legal subdivision milestone only; it does not date construction, habitability, sale, or occupancy.",
LH-EDGE-M5-00118,LH-OBS-TRACT-15884,HistoricalObservation,observes,LH-TRACT-15884,HistoricalObject,2000-01-14,,LH-OBS-TRACT-15884,LH-SRC-OC-TRACTS,high,3.0,reviewed,"Recording is a legal subdivision milestone only; it does not date construction, habitability, sale, or occupancy.",
LH-EDGE-M5-00119,LH-OBS-TRACT-15884,HistoricalObservation,derived_from,LH-SRC-OC-TRACTS,Source,,,LH-OBS-TRACT-15884,LH-SRC-OC-TRACTS,high,3.0,reviewed,"Recording is a legal subdivision milestone only; it does not date construction, habitability, sale, or occupancy.",
LH-EDGE-M5-00120,LH-OBS-TRACT-15885,HistoricalObservation,observes,LH-TRACT-15885,HistoricalObject,2000-07-27,,LH-OBS-TRACT-15885,LH-SRC-OC-TRACTS,high,3.0,reviewed,"Recording is a legal subdivision milestone only; it does not date construction, habitability, sale, or occupancy.",
LH-EDGE-M5-00121,LH-OBS-TRACT-15885,HistoricalObservation,derived_from,LH-SRC-OC-TRACTS,Source,,,LH-OBS-TRACT-15885,LH-SRC-OC-TRACTS,high,3.0,reviewed,"Recording is a legal subdivision milestone only; it does not date construction, habitability, sale, or occupancy.",
LH-EDGE-M5-00122,LH-OBS-TRACT-15886,HistoricalObservation,observes,LH-TRACT-15886,HistoricalObject,2000-10-30,,LH-OBS-TRACT-15886,LH-SRC-OC-TRACTS,high,3.0,reviewed,"Recording is a legal subdivision milestone only; it does not date construction, habitability, sale, or occupancy.",
LH-EDGE-M5-00123,LH-OBS-TRACT-15886,HistoricalObservation,derived_from,LH-SRC-OC-TRACTS,Source,,,LH-OBS-TRACT-15886,LH-SRC-OC-TRACTS,high,3.0,reviewed,"Recording is a legal subdivision milestone only; it does not date construction, habitability, sale, or occupancy.",
LH-EDGE-M5-00124,LH-OBS-TRACT-15887,HistoricalObservation,observes,LH-TRACT-15887,HistoricalObject,2000-06-02,,LH-OBS-TRACT-15887,LH-SRC-OC-TRACTS,high,3.0,reviewed,"Recording is a legal subdivision milestone only; it does not date construction, habitability, sale, or occupancy.",
LH-EDGE-M5-00125,LH-OBS-TRACT-15887,HistoricalObservation,derived_from,LH-SRC-OC-TRACTS,Source,,,LH-OBS-TRACT-15887,LH-SRC-OC-TRACTS,high,3.0,reviewed,"Recording is a legal subdivision milestone only; it does not date construction, habitability, sale, or occupancy.",
LH-EDGE-M5-00126,LH-OBS-TRACT-15888,HistoricalObservation,observes,LH-TRACT-15888,HistoricalObject,2000-06-02,,LH-OBS-TRACT-15888,LH-SRC-OC-TRACTS,high,3.0,reviewed,"Recording is a legal subdivision milestone only; it does not date construction, habitability, sale, or occupancy.",
LH-EDGE-M5-00127,LH-OBS-TRACT-15888,HistoricalObservation,derived_from,LH-SRC-OC-TRACTS,Source,,,LH-OBS-TRACT-15888,LH-SRC-OC-TRACTS,high,3.0,reviewed,"Recording is a legal subdivision milestone only; it does not date construction, habitability, sale, or occupancy.",
LH-EDGE-M5-00128,LH-OBS-TRACT-15901,HistoricalObservation,observes,LH-TRACT-15901,HistoricalObject,2000-07-06,,LH-OBS-TRACT-15901,LH-SRC-OC-TRACTS,high,3.0,reviewed,"Recording is a legal subdivision milestone only; it does not date construction, habitability, sale, or occupancy.",
LH-EDGE-M5-00129,LH-OBS-TRACT-15901,HistoricalObservation,derived_from,LH-SRC-OC-TRACTS,Source,,,LH-OBS-TRACT-15901,LH-SRC-OC-TRACTS,high,3.0,reviewed,"Recording is a legal subdivision milestone only; it does not date construction, habitability, sale, or occupancy.",
LH-EDGE-M5-00130,LH-OBS-TRACT-15902,HistoricalObservation,observes,LH-TRACT-15902,HistoricalObject,2000-06-16,,LH-OBS-TRACT-15902,LH-SRC-OC-TRACTS,high,3.0,reviewed,"Recording is a legal subdivision milestone only; it does not date construction, habitability, sale, or occupancy.",
LH-EDGE-M5-00131,LH-OBS-TRACT-15902,HistoricalObservation,derived_from,LH-SRC-OC-TRACTS,Source,,,LH-OBS-TRACT-15902,LH-SRC-OC-TRACTS,high,3.0,reviewed,"Recording is a legal subdivision milestone only; it does not date construction, habitability, sale, or occupancy.",
LH-EDGE-M5-00132,LH-OBS-TRACT-15903,HistoricalObservation,observes,LH-TRACT-15903,HistoricalObject,2000-06-16,,LH-OBS-TRACT-15903,LH-SRC-OC-TRACTS,high,3.0,reviewed,"Recording is a legal subdivision milestone only; it does not date construction, habitability, sale, or occupancy.",
LH-EDGE-M5-00133,LH-OBS-TRACT-15903,HistoricalObservation,derived_from,LH-SRC-OC-TRACTS,Source,,,LH-OBS-TRACT-15903,LH-SRC-OC-TRACTS,high,3.0,reviewed,"Recording is a legal subdivision milestone only; it does not date construction, habitability, sale, or occupancy.",
LH-EDGE-M5-00134,LH-OBS-TRACT-15904,HistoricalObservation,observes,LH-TRACT-15904,HistoricalObject,2000-06-02,,LH-OBS-TRACT-15904,LH-SRC-OC-TRACTS,high,3.0,reviewed,"Recording is a legal subdivision milestone only; it does not date construction, habitability, sale, or occupancy.",
LH-EDGE-M5-00135,LH-OBS-TRACT-15904,HistoricalObservation,derived_from,LH-SRC-OC-TRACTS,Source,,,LH-OBS-TRACT-15904,LH-SRC-OC-TRACTS,high,3.0,reviewed,"Recording is a legal subdivision milestone only; it does not date construction, habitability, sale, or occupancy.",
LH-EDGE-M5-00136,LH-OBS-TRACT-15905,HistoricalObservation,observes,LH-TRACT-15905,HistoricalObject,2000-08-16,,LH-OBS-TRACT-15905,LH-SRC-OC-TRACTS,high,3.0,reviewed,"Recording is a legal subdivision milestone only; it does not date construction, habitability, sale, or occupancy.",
LH-EDGE-M5-00137,LH-OBS-TRACT-15905,HistoricalObservation,derived_from,LH-SRC-OC-TRACTS,Source,,,LH-OBS-TRACT-15905,LH-SRC-OC-TRACTS,high,3.0,reviewed,"Recording is a legal subdivision milestone only; it does not date construction, habitability, sale, or occupancy.",
LH-EDGE-M5-00138,LH-OBS-TRACT-15906,HistoricalObservation,observes,LH-TRACT-15906,HistoricalObject,2000-06-16,,LH-OBS-TRACT-15906,LH-SRC-OC-TRACTS,high,3.0,reviewed,"Recording is a legal subdivision milestone only; it does not date construction, habitability, sale, or occupancy.",
LH-EDGE-M5-00139,LH-OBS-TRACT-15906,HistoricalObservation,derived_from,LH-SRC-OC-TRACTS,Source,,,LH-OBS-TRACT-15906,LH-SRC-OC-TRACTS,high,3.0,reviewed,"Recording is a legal subdivision milestone only; it does not date construction, habitability, sale, or occupancy.",
LH-EDGE-M5-00140,LH-OBS-TRACT-15907,HistoricalObservation,observes,LH-TRACT-15907,HistoricalObject,2000-08-25,,LH-OBS-TRACT-15907,LH-SRC-OC-TRACTS,high,3.0,reviewed,"Recording is a legal subdivision milestone only; it does not date construction, habitability, sale, or occupancy.",
LH-EDGE-M5-00141,LH-OBS-TRACT-15907,HistoricalObservation,derived_from,LH-SRC-OC-TRACTS,Source,,,LH-OBS-TRACT-15907,LH-SRC-OC-TRACTS,high,3.0,reviewed,"Recording is a legal subdivision milestone only; it does not date construction, habitability, sale, or occupancy.",
LH-EDGE-M5-00142,LH-OBS-TRACT-15908,HistoricalObservation,observes,LH-TRACT-15908,HistoricalObject,2001-06-29,,LH-OBS-TRACT-15908,LH-SRC-OC-TRACTS,high,3.0,reviewed,"Recording is a legal subdivision milestone only; it does not date construction, habitability, sale, or occupancy.",
LH-EDGE-M5-00143,LH-OBS-TRACT-15908,HistoricalObservation,derived_from,LH-SRC-OC-TRACTS,Source,,,LH-OBS-TRACT-15908,LH-SRC-OC-TRACTS,high,3.0,reviewed,"Recording is a legal subdivision milestone only; it does not date construction, habitability, sale, or occupancy.",
LH-EDGE-M5-00144,LH-OBS-TRACT-15909,HistoricalObservation,observes,LH-TRACT-15909,HistoricalObject,2001-06-29,,LH-OBS-TRACT-15909,LH-SRC-OC-TRACTS,high,3.0,reviewed,"Recording is a legal subdivision milestone only; it does not date construction, habitability, sale, or occupancy.",
LH-EDGE-M5-00145,LH-OBS-TRACT-15909,HistoricalObservation,derived_from,LH-SRC-OC-TRACTS,Source,,,LH-OBS-TRACT-15909,LH-SRC-OC-TRACTS,high,3.0,reviewed,"Recording is a legal subdivision milestone only; it does not date construction, habitability, sale, or occupancy.",
LH-EDGE-M5-00146,LH-OBS-TRACT-15910,HistoricalObservation,observes,LH-TRACT-15910,HistoricalObject,2000-10-13,,LH-OBS-TRACT-15910,LH-SRC-OC-TRACTS,high,3.0,reviewed,"Recording is a legal subdivision milestone only; it does not date construction, habitability, sale, or occupancy.",
LH-EDGE-M5-00147,LH-OBS-TRACT-15910,HistoricalObservation,derived_from,LH-SRC-OC-TRACTS,Source,,,LH-OBS-TRACT-15910,LH-SRC-OC-TRACTS,high,3.0,reviewed,"Recording is a legal subdivision milestone only; it does not date construction, habitability, sale, or occupancy.",
LH-EDGE-M5-00148,LH-OBS-TRACT-15911,HistoricalObservation,observes,LH-TRACT-15911,HistoricalObject,2000-10-11,,LH-OBS-TRACT-15911,LH-SRC-OC-TRACTS,high,3.0,reviewed,"Recording is a legal subdivision milestone only; it does not date construction, habitability, sale, or occupancy.",
LH-EDGE-M5-00149,LH-OBS-TRACT-15911,HistoricalObservation,derived_from,LH-SRC-OC-TRACTS,Source,,,LH-OBS-TRACT-15911,LH-SRC-OC-TRACTS,high,3.0,reviewed,"Recording is a legal subdivision milestone only; it does not date construction, habitability, sale, or occupancy.",
LH-EDGE-M5-00150,LH-OBS-TRACT-15912,HistoricalObservation,observes,LH-TRACT-15912,HistoricalObject,2000-06-22,,LH-OBS-TRACT-15912,LH-SRC-OC-TRACTS,high,3.0,reviewed,"Recording is a legal subdivision milestone only; it does not date construction, habitability, sale, or occupancy.",
LH-EDGE-M5-00151,LH-OBS-TRACT-15912,HistoricalObservation,derived_from,LH-SRC-OC-TRACTS,Source,,,LH-OBS-TRACT-15912,LH-SRC-OC-TRACTS,high,3.0,reviewed,"Recording is a legal subdivision milestone only; it does not date construction, habitability, sale, or occupancy.",
LH-EDGE-M5-00152,LH-OBS-TRACT-15914,HistoricalObservation,observes,LH-TRACT-15914,HistoricalObject,2001-05-30,,LH-OBS-TRACT-15914,LH-SRC-OC-TRACTS,high,3.0,reviewed,"Recording is a legal subdivision milestone only; it does not date construction, habitability, sale, or occupancy.",
LH-EDGE-M5-00153,LH-OBS-TRACT-15914,HistoricalObservation,derived_from,LH-SRC-OC-TRACTS,Source,,,LH-OBS-TRACT-15914,LH-SRC-OC-TRACTS,high,3.0,reviewed,"Recording is a legal subdivision milestone only; it does not date construction, habitability, sale, or occupancy.",
LH-EDGE-M5-00154,LH-OBS-TRACT-15915,HistoricalObservation,observes,LH-TRACT-15915,HistoricalObject,2000-08-25,,LH-OBS-TRACT-15915,LH-SRC-OC-TRACTS,high,3.0,reviewed,"Recording is a legal subdivision milestone only; it does not date construction, habitability, sale, or occupancy.",
LH-EDGE-M5-00155,LH-OBS-TRACT-15915,HistoricalObservation,derived_from,LH-SRC-OC-TRACTS,Source,,,LH-OBS-TRACT-15915,LH-SRC-OC-TRACTS,high,3.0,reviewed,"Recording is a legal subdivision milestone only; it does not date construction, habitability, sale, or occupancy.",
LH-EDGE-M5-00156,LH-OBS-TRACT-15985,HistoricalObservation,observes,LH-TRACT-15985,HistoricalObject,2003-04-04,,LH-OBS-TRACT-15985,LH-SRC-OC-TRACTS,high,3.0,reviewed,"Recording is a legal subdivision milestone only; it does not date construction, habitability, sale, or occupancy.",
LH-EDGE-M5-00157,LH-OBS-TRACT-15985,HistoricalObservation,derived_from,LH-SRC-OC-TRACTS,Source,,,LH-OBS-TRACT-15985,LH-SRC-OC-TRACTS,high,3.0,reviewed,"Recording is a legal subdivision milestone only; it does not date construction, habitability, sale, or occupancy.",
LH-EDGE-M5-00158,LH-OBS-TRACT-15986,HistoricalObservation,observes,LH-TRACT-15986,HistoricalObject,2003-08-28,,LH-OBS-TRACT-15986,LH-SRC-OC-TRACTS,high,3.0,reviewed,"Recording is a legal subdivision milestone only; it does not date construction, habitability, sale, or occupancy.",
LH-EDGE-M5-00159,LH-OBS-TRACT-15986,HistoricalObservation,derived_from,LH-SRC-OC-TRACTS,Source,,,LH-OBS-TRACT-15986,LH-SRC-OC-TRACTS,high,3.0,reviewed,"Recording is a legal subdivision milestone only; it does not date construction, habitability, sale, or occupancy.",
LH-EDGE-M5-00160,LH-OBS-TRACT-15987,HistoricalObservation,observes,LH-TRACT-15987,HistoricalObject,2002-12-17,,LH-OBS-TRACT-15987,LH-SRC-OC-TRACTS,high,3.0,reviewed,"Recording is a legal subdivision milestone only; it does not date construction, habitability, sale, or occupancy.",
LH-EDGE-M5-00161,LH-OBS-TRACT-15987,HistoricalObservation,derived_from,LH-SRC-OC-TRACTS,Source,,,LH-OBS-TRACT-15987,LH-SRC-OC-TRACTS,high,3.0,reviewed,"Recording is a legal subdivision milestone only; it does not date construction, habitability, sale, or occupancy.",
LH-EDGE-M5-00162,LH-OBS-TRACT-15988,HistoricalObservation,observes,LH-TRACT-15988,HistoricalObject,2004-01-30,,LH-OBS-TRACT-15988,LH-SRC-OC-TRACTS,high,3.0,reviewed,"Recording is a legal subdivision milestone only; it does not date construction, habitability, sale, or occupancy.",
LH-EDGE-M5-00163,LH-OBS-TRACT-15988,HistoricalObservation,derived_from,LH-SRC-OC-TRACTS,Source,,,LH-OBS-TRACT-15988,LH-SRC-OC-TRACTS,high,3.0,reviewed,"Recording is a legal subdivision milestone only; it does not date construction, habitability, sale, or occupancy.",
LH-EDGE-M5-00164,LH-OBS-TRACT-15989,HistoricalObservation,observes,LH-TRACT-15989,HistoricalObject,2004-11-15,,LH-OBS-TRACT-15989,LH-SRC-OC-TRACTS,high,3.0,reviewed,"Recording is a legal subdivision milestone only; it does not date construction, habitability, sale, or occupancy.",
LH-EDGE-M5-00165,LH-OBS-TRACT-15989,HistoricalObservation,derived_from,LH-SRC-OC-TRACTS,Source,,,LH-OBS-TRACT-15989,LH-SRC-OC-TRACTS,high,3.0,reviewed,"Recording is a legal subdivision milestone only; it does not date construction, habitability, sale, or occupancy.",
LH-EDGE-M5-00166,LH-OBS-TRACT-15990,HistoricalObservation,observes,LH-TRACT-15990,HistoricalObject,2004-10-28,,LH-OBS-TRACT-15990,LH-SRC-OC-TRACTS,high,3.0,reviewed,"Recording is a legal subdivision milestone only; it does not date construction, habitability, sale, or occupancy.",
LH-EDGE-M5-00167,LH-OBS-TRACT-15990,HistoricalObservation,derived_from,LH-SRC-OC-TRACTS,Source,,,LH-OBS-TRACT-15990,LH-SRC-OC-TRACTS,high,3.0,reviewed,"Recording is a legal subdivision milestone only; it does not date construction, habitability, sale, or occupancy.",
LH-EDGE-M5-00168,LH-OBS-TRACT-16025,HistoricalObservation,observes,LH-TRACT-16025,HistoricalObject,2001-01-26,,LH-OBS-TRACT-16025,LH-SRC-OC-TRACTS,high,3.0,reviewed,"Recording is a legal subdivision milestone only; it does not date construction, habitability, sale, or occupancy.",
LH-EDGE-M5-00169,LH-OBS-TRACT-16025,HistoricalObservation,derived_from,LH-SRC-OC-TRACTS,Source,,,LH-OBS-TRACT-16025,LH-SRC-OC-TRACTS,high,3.0,reviewed,"Recording is a legal subdivision milestone only; it does not date construction, habitability, sale, or occupancy.",
LH-EDGE-M5-00170,LH-OBS-TRACT-16063,HistoricalObservation,observes,LH-TRACT-16063,HistoricalObject,2001-05-25,,LH-OBS-TRACT-16063,LH-SRC-OC-TRACTS,high,3.0,reviewed,"Recording is a legal subdivision milestone only; it does not date construction, habitability, sale, or occupancy.",
LH-EDGE-M5-00171,LH-OBS-TRACT-16063,HistoricalObservation,derived_from,LH-SRC-OC-TRACTS,Source,,,LH-OBS-TRACT-16063,LH-SRC-OC-TRACTS,high,3.0,reviewed,"Recording is a legal subdivision milestone only; it does not date construction, habitability, sale, or occupancy.",
LH-EDGE-M5-00172,LH-OBS-TRACT-16101,HistoricalObservation,observes,LH-TRACT-16101,HistoricalObject,2001-06-29,,LH-OBS-TRACT-16101,LH-SRC-OC-TRACTS,high,3.0,reviewed,"Recording is a legal subdivision milestone only; it does not date construction, habitability, sale, or occupancy.",
LH-EDGE-M5-00173,LH-OBS-TRACT-16101,HistoricalObservation,derived_from,LH-SRC-OC-TRACTS,Source,,,LH-OBS-TRACT-16101,LH-SRC-OC-TRACTS,high,3.0,reviewed,"Recording is a legal subdivision milestone only; it does not date construction, habitability, sale, or occupancy.",
LH-EDGE-M5-00174,LH-OBS-TRACT-16102,HistoricalObservation,observes,LH-TRACT-16102,HistoricalObject,2001-06-12,,LH-OBS-TRACT-16102,LH-SRC-OC-TRACTS,high,3.0,reviewed,"Recording is a legal subdivision milestone only; it does not date construction, habitability, sale, or occupancy.",
LH-EDGE-M5-00175,LH-OBS-TRACT-16102,HistoricalObservation,derived_from,LH-SRC-OC-TRACTS,Source,,,LH-OBS-TRACT-16102,LH-SRC-OC-TRACTS,high,3.0,reviewed,"Recording is a legal subdivision milestone only; it does not date construction, habitability, sale, or occupancy.",
LH-EDGE-M5-00176,LH-OBS-TRACT-16103,HistoricalObservation,observes,LH-TRACT-16103,HistoricalObject,2001-06-12,,LH-OBS-TRACT-16103,LH-SRC-OC-TRACTS,high,3.0,reviewed,"Recording is a legal subdivision milestone only; it does not date construction, habitability, sale, or occupancy.",
LH-EDGE-M5-00177,LH-OBS-TRACT-16103,HistoricalObservation,derived_from,LH-SRC-OC-TRACTS,Source,,,LH-OBS-TRACT-16103,LH-SRC-OC-TRACTS,high,3.0,reviewed,"Recording is a legal subdivision milestone only; it does not date construction, habitability, sale, or occupancy.",
LH-EDGE-M5-00178,LH-OBS-TRACT-16104,HistoricalObservation,observes,LH-TRACT-16104,HistoricalObject,2001-07-31,,LH-OBS-TRACT-16104,LH-SRC-OC-TRACTS,high,3.0,reviewed,"Recording is a legal subdivision milestone only; it does not date construction, habitability, sale, or occupancy.",
LH-EDGE-M5-00179,LH-OBS-TRACT-16104,HistoricalObservation,derived_from,LH-SRC-OC-TRACTS,Source,,,LH-OBS-TRACT-16104,LH-SRC-OC-TRACTS,high,3.0,reviewed,"Recording is a legal subdivision milestone only; it does not date construction, habitability, sale, or occupancy.",
LH-EDGE-M5-00180,LH-OBS-TRACT-16105,HistoricalObservation,observes,LH-TRACT-16105,HistoricalObject,2001-04-01,,LH-OBS-TRACT-16105,LH-SRC-OC-TRACTS,high,3.0,reviewed,"Recording is a legal subdivision milestone only; it does not date construction, habitability, sale, or occupancy.",
LH-EDGE-M5-00181,LH-OBS-TRACT-16105,HistoricalObservation,derived_from,LH-SRC-OC-TRACTS,Source,,,LH-OBS-TRACT-16105,LH-SRC-OC-TRACTS,high,3.0,reviewed,"Recording is a legal subdivision milestone only; it does not date construction, habitability, sale, or occupancy.",
LH-EDGE-M5-00182,LH-OBS-TRACT-16114,HistoricalObservation,observes,LH-TRACT-16114,HistoricalObject,2001-07-31,,LH-OBS-TRACT-16114,LH-SRC-OC-TRACTS,high,3.0,reviewed,"Recording is a legal subdivision milestone only; it does not date construction, habitability, sale, or occupancy.",
LH-EDGE-M5-00183,LH-OBS-TRACT-16114,HistoricalObservation,derived_from,LH-SRC-OC-TRACTS,Source,,,LH-OBS-TRACT-16114,LH-SRC-OC-TRACTS,high,3.0,reviewed,"Recording is a legal subdivision milestone only; it does not date construction, habitability, sale, or occupancy.",
LH-EDGE-M5-00184,LH-OBS-TRACT-16115,HistoricalObservation,observes,LH-TRACT-16115,HistoricalObject,2002-02-14,,LH-OBS-TRACT-16115,LH-SRC-OC-TRACTS,high,3.0,reviewed,"Recording is a legal subdivision milestone only; it does not date construction, habitability, sale, or occupancy.",
LH-EDGE-M5-00185,LH-OBS-TRACT-16115,HistoricalObservation,derived_from,LH-SRC-OC-TRACTS,Source,,,LH-OBS-TRACT-16115,LH-SRC-OC-TRACTS,high,3.0,reviewed,"Recording is a legal subdivision milestone only; it does not date construction, habitability, sale, or occupancy.",
LH-EDGE-M5-00186,LH-OBS-TRACT-16116,HistoricalObservation,observes,LH-TRACT-16116,HistoricalObject,2002-05-16,,LH-OBS-TRACT-16116,LH-SRC-OC-TRACTS,high,3.0,reviewed,"Recording is a legal subdivision milestone only; it does not date construction, habitability, sale, or occupancy.",
LH-EDGE-M5-00187,LH-OBS-TRACT-16116,HistoricalObservation,derived_from,LH-SRC-OC-TRACTS,Source,,,LH-OBS-TRACT-16116,LH-SRC-OC-TRACTS,high,3.0,reviewed,"Recording is a legal subdivision milestone only; it does not date construction, habitability, sale, or occupancy.",
LH-EDGE-M5-00188,LH-OBS-TRACT-16117,HistoricalObservation,observes,LH-TRACT-16117,HistoricalObject,2001-12-26,,LH-OBS-TRACT-16117,LH-SRC-OC-TRACTS,high,3.0,reviewed,"Recording is a legal subdivision milestone only; it does not date construction, habitability, sale, or occupancy.",
LH-EDGE-M5-00189,LH-OBS-TRACT-16117,HistoricalObservation,derived_from,LH-SRC-OC-TRACTS,Source,,,LH-OBS-TRACT-16117,LH-SRC-OC-TRACTS,high,3.0,reviewed,"Recording is a legal subdivision milestone only; it does not date construction, habitability, sale, or occupancy.",
LH-EDGE-M5-00190,LH-OBS-TRACT-16118,HistoricalObservation,observes,LH-TRACT-16118,HistoricalObject,2001-10-26,,LH-OBS-TRACT-16118,LH-SRC-OC-TRACTS,high,3.0,reviewed,"Recording is a legal subdivision milestone only; it does not date construction, habitability, sale, or occupancy.",
LH-EDGE-M5-00191,LH-OBS-TRACT-16118,HistoricalObservation,derived_from,LH-SRC-OC-TRACTS,Source,,,LH-OBS-TRACT-16118,LH-SRC-OC-TRACTS,high,3.0,reviewed,"Recording is a legal subdivision milestone only; it does not date construction, habitability, sale, or occupancy.",
LH-EDGE-M5-00192,LH-OBS-TRACT-16119,HistoricalObservation,observes,LH-TRACT-16119,HistoricalObject,2001-12-26,,LH-OBS-TRACT-16119,LH-SRC-OC-TRACTS,high,3.0,reviewed,"Recording is a legal subdivision milestone only; it does not date construction, habitability, sale, or occupancy.",
LH-EDGE-M5-00193,LH-OBS-TRACT-16119,HistoricalObservation,derived_from,LH-SRC-OC-TRACTS,Source,,,LH-OBS-TRACT-16119,LH-SRC-OC-TRACTS,high,3.0,reviewed,"Recording is a legal subdivision milestone only; it does not date construction, habitability, sale, or occupancy.",
LH-EDGE-M5-00194,LH-OBS-TRACT-16120,HistoricalObservation,observes,LH-TRACT-16120,HistoricalObject,2001-10-12,,LH-OBS-TRACT-16120,LH-SRC-OC-TRACTS,high,3.0,reviewed,"Recording is a legal subdivision milestone only; it does not date construction, habitability, sale, or occupancy.",
LH-EDGE-M5-00195,LH-OBS-TRACT-16120,HistoricalObservation,derived_from,LH-SRC-OC-TRACTS,Source,,,LH-OBS-TRACT-16120,LH-SRC-OC-TRACTS,high,3.0,reviewed,"Recording is a legal subdivision milestone only; it does not date construction, habitability, sale, or occupancy.",
LH-EDGE-M5-00196,LH-OBS-TRACT-16121,HistoricalObservation,observes,LH-TRACT-16121,HistoricalObject,2001-12-26,,LH-OBS-TRACT-16121,LH-SRC-OC-TRACTS,high,3.0,reviewed,"Recording is a legal subdivision milestone only; it does not date construction, habitability, sale, or occupancy.",
LH-EDGE-M5-00197,LH-OBS-TRACT-16121,HistoricalObservation,derived_from,LH-SRC-OC-TRACTS,Source,,,LH-OBS-TRACT-16121,LH-SRC-OC-TRACTS,high,3.0,reviewed,"Recording is a legal subdivision milestone only; it does not date construction, habitability, sale, or occupancy.",
LH-EDGE-M5-00198,LH-OBS-TRACT-16122,HistoricalObservation,observes,LH-TRACT-16122,HistoricalObject,2001-12-26,,LH-OBS-TRACT-16122,LH-SRC-OC-TRACTS,high,3.0,reviewed,"Recording is a legal subdivision milestone only; it does not date construction, habitability, sale, or occupancy.",
LH-EDGE-M5-00199,LH-OBS-TRACT-16122,HistoricalObservation,derived_from,LH-SRC-OC-TRACTS,Source,,,LH-OBS-TRACT-16122,LH-SRC-OC-TRACTS,high,3.0,reviewed,"Recording is a legal subdivision milestone only; it does not date construction, habitability, sale, or occupancy.",
LH-EDGE-M5-00200,LH-OBS-TRACT-16126,HistoricalObservation,observes,LH-TRACT-16126,HistoricalObject,2001-11-08,,LH-OBS-TRACT-16126,LH-SRC-OC-TRACTS,high,3.0,reviewed,"Recording is a legal subdivision milestone only; it does not date construction, habitability, sale, or occupancy.",
LH-EDGE-M5-00201,LH-OBS-TRACT-16126,HistoricalObservation,derived_from,LH-SRC-OC-TRACTS,Source,,,LH-OBS-TRACT-16126,LH-SRC-OC-TRACTS,high,3.0,reviewed,"Recording is a legal subdivision milestone only; it does not date construction, habitability, sale, or occupancy.",
LH-EDGE-M5-00202,LH-OBS-TRACT-16127,HistoricalObservation,observes,LH-TRACT-16127,HistoricalObject,2001-07-30,,LH-OBS-TRACT-16127,LH-SRC-OC-TRACTS,high,3.0,reviewed,"Recording is a legal subdivision milestone only; it does not date construction, habitability, sale, or occupancy.",
LH-EDGE-M5-00203,LH-OBS-TRACT-16127,HistoricalObservation,derived_from,LH-SRC-OC-TRACTS,Source,,,LH-OBS-TRACT-16127,LH-SRC-OC-TRACTS,high,3.0,reviewed,"Recording is a legal subdivision milestone only; it does not date construction, habitability, sale, or occupancy.",
LH-EDGE-M5-00204,LH-OBS-TRACT-16155,HistoricalObservation,observes,LH-TRACT-16155,HistoricalObject,2001-01-26,,LH-OBS-TRACT-16155,LH-SRC-OC-TRACTS,high,3.0,reviewed,"Recording is a legal subdivision milestone only; it does not date construction, habitability, sale, or occupancy.",
LH-EDGE-M5-00205,LH-OBS-TRACT-16155,HistoricalObservation,derived_from,LH-SRC-OC-TRACTS,Source,,,LH-OBS-TRACT-16155,LH-SRC-OC-TRACTS,high,3.0,reviewed,"Recording is a legal subdivision milestone only; it does not date construction, habitability, sale, or occupancy.",
LH-EDGE-M5-00206,LH-OBS-TRACT-16156,HistoricalObservation,observes,LH-TRACT-16156,HistoricalObject,2001-01-26,,LH-OBS-TRACT-16156,LH-SRC-OC-TRACTS,high,3.0,reviewed,"Recording is a legal subdivision milestone only; it does not date construction, habitability, sale, or occupancy.",
LH-EDGE-M5-00207,LH-OBS-TRACT-16156,HistoricalObservation,derived_from,LH-SRC-OC-TRACTS,Source,,,LH-OBS-TRACT-16156,LH-SRC-OC-TRACTS,high,3.0,reviewed,"Recording is a legal subdivision milestone only; it does not date construction, habitability, sale, or occupancy.",
LH-EDGE-M5-00208,LH-OBS-TRACT-16157,HistoricalObservation,observes,LH-TRACT-16157,HistoricalObject,2001-01-26,,LH-OBS-TRACT-16157,LH-SRC-OC-TRACTS,high,3.0,reviewed,"Recording is a legal subdivision milestone only; it does not date construction, habitability, sale, or occupancy.",
LH-EDGE-M5-00209,LH-OBS-TRACT-16157,HistoricalObservation,derived_from,LH-SRC-OC-TRACTS,Source,,,LH-OBS-TRACT-16157,LH-SRC-OC-TRACTS,high,3.0,reviewed,"Recording is a legal subdivision milestone only; it does not date construction, habitability, sale, or occupancy.",
LH-EDGE-M5-00210,LH-OBS-TRACT-16203,HistoricalObservation,observes,LH-TRACT-16203,HistoricalObject,2002-01-24,,LH-OBS-TRACT-16203,LH-SRC-OC-TRACTS,high,3.0,reviewed,"Recording is a legal subdivision milestone only; it does not date construction, habitability, sale, or occupancy.",
LH-EDGE-M5-00211,LH-OBS-TRACT-16203,HistoricalObservation,derived_from,LH-SRC-OC-TRACTS,Source,,,LH-OBS-TRACT-16203,LH-SRC-OC-TRACTS,high,3.0,reviewed,"Recording is a legal subdivision milestone only; it does not date construction, habitability, sale, or occupancy.",
LH-EDGE-M5-00212,LH-OBS-TRACT-16234,HistoricalObservation,observes,LH-TRACT-16234,HistoricalObject,2001-12-26,,LH-OBS-TRACT-16234,LH-SRC-OC-TRACTS,high,3.0,reviewed,"Recording is a legal subdivision milestone only; it does not date construction, habitability, sale, or occupancy.",
LH-EDGE-M5-00213,LH-OBS-TRACT-16234,HistoricalObservation,derived_from,LH-SRC-OC-TRACTS,Source,,,LH-OBS-TRACT-16234,LH-SRC-OC-TRACTS,high,3.0,reviewed,"Recording is a legal subdivision milestone only; it does not date construction, habitability, sale, or occupancy.",
LH-EDGE-M5-00214,LH-OBS-TRACT-16235,HistoricalObservation,observes,LH-TRACT-16235,HistoricalObject,2002-02-14,,LH-OBS-TRACT-16235,LH-SRC-OC-TRACTS,high,3.0,reviewed,"Recording is a legal subdivision milestone only; it does not date construction, habitability, sale, or occupancy.",
LH-EDGE-M5-00215,LH-OBS-TRACT-16235,HistoricalObservation,derived_from,LH-SRC-OC-TRACTS,Source,,,LH-OBS-TRACT-16235,LH-SRC-OC-TRACTS,high,3.0,reviewed,"Recording is a legal subdivision milestone only; it does not date construction, habitability, sale, or occupancy.",
LH-EDGE-M5-00216,LH-OBS-TRACT-16236,HistoricalObservation,observes,LH-TRACT-16236,HistoricalObject,2002-05-29,,LH-OBS-TRACT-16236,LH-SRC-OC-TRACTS,high,3.0,reviewed,"Recording is a legal subdivision milestone only; it does not date construction, habitability, sale, or occupancy.",
LH-EDGE-M5-00217,LH-OBS-TRACT-16236,HistoricalObservation,derived_from,LH-SRC-OC-TRACTS,Source,,,LH-OBS-TRACT-16236,LH-SRC-OC-TRACTS,high,3.0,reviewed,"Recording is a legal subdivision milestone only; it does not date construction, habitability, sale, or occupancy.",
LH-EDGE-M5-00218,LH-OBS-TRACT-16237,HistoricalObservation,observes,LH-TRACT-16237,HistoricalObject,2002-08-14,,LH-OBS-TRACT-16237,LH-SRC-OC-TRACTS,high,3.0,reviewed,"Recording is a legal subdivision milestone only; it does not date construction, habitability, sale, or occupancy.",
LH-EDGE-M5-00219,LH-OBS-TRACT-16237,HistoricalObservation,derived_from,LH-SRC-OC-TRACTS,Source,,,LH-OBS-TRACT-16237,LH-SRC-OC-TRACTS,high,3.0,reviewed,"Recording is a legal subdivision milestone only; it does not date construction, habitability, sale, or occupancy.",
LH-EDGE-M5-00220,LH-OBS-TRACT-16238,HistoricalObservation,observes,LH-TRACT-16238,HistoricalObject,2002-08-21,,LH-OBS-TRACT-16238,LH-SRC-OC-TRACTS,high,3.0,reviewed,"Recording is a legal subdivision milestone only; it does not date construction, habitability, sale, or occupancy.",
LH-EDGE-M5-00221,LH-OBS-TRACT-16238,HistoricalObservation,derived_from,LH-SRC-OC-TRACTS,Source,,,LH-OBS-TRACT-16238,LH-SRC-OC-TRACTS,high,3.0,reviewed,"Recording is a legal subdivision milestone only; it does not date construction, habitability, sale, or occupancy.",
LH-EDGE-M5-00222,LH-OBS-TRACT-16239,HistoricalObservation,observes,LH-TRACT-16239,HistoricalObject,2002-06-26,,LH-OBS-TRACT-16239,LH-SRC-OC-TRACTS,high,3.0,reviewed,"Recording is a legal subdivision milestone only; it does not date construction, habitability, sale, or occupancy.",
LH-EDGE-M5-00223,LH-OBS-TRACT-16239,HistoricalObservation,derived_from,LH-SRC-OC-TRACTS,Source,,,LH-OBS-TRACT-16239,LH-SRC-OC-TRACTS,high,3.0,reviewed,"Recording is a legal subdivision milestone only; it does not date construction, habitability, sale, or occupancy.",
LH-EDGE-M5-00224,LH-OBS-TRACT-16240,HistoricalObservation,observes,LH-TRACT-16240,HistoricalObject,2002-06-28,,LH-OBS-TRACT-16240,LH-SRC-OC-TRACTS,high,3.0,reviewed,"Recording is a legal subdivision milestone only; it does not date construction, habitability, sale, or occupancy.",
LH-EDGE-M5-00225,LH-OBS-TRACT-16240,HistoricalObservation,derived_from,LH-SRC-OC-TRACTS,Source,,,LH-OBS-TRACT-16240,LH-SRC-OC-TRACTS,high,3.0,reviewed,"Recording is a legal subdivision milestone only; it does not date construction, habitability, sale, or occupancy.",
LH-EDGE-M5-00226,LH-OBS-TRACT-16241,HistoricalObservation,observes,LH-TRACT-16241,HistoricalObject,2003-02-25,,LH-OBS-TRACT-16241,LH-SRC-OC-TRACTS,high,3.0,reviewed,"Recording is a legal subdivision milestone only; it does not date construction, habitability, sale, or occupancy.",
LH-EDGE-M5-00227,LH-OBS-TRACT-16241,HistoricalObservation,derived_from,LH-SRC-OC-TRACTS,Source,,,LH-OBS-TRACT-16241,LH-SRC-OC-TRACTS,high,3.0,reviewed,"Recording is a legal subdivision milestone only; it does not date construction, habitability, sale, or occupancy.",
LH-EDGE-M5-00228,LH-OBS-TRACT-16242,HistoricalObservation,observes,LH-TRACT-16242,HistoricalObject,2002-06-18,,LH-OBS-TRACT-16242,LH-SRC-OC-TRACTS,high,3.0,reviewed,"Recording is a legal subdivision milestone only; it does not date construction, habitability, sale, or occupancy.",
LH-EDGE-M5-00229,LH-OBS-TRACT-16242,HistoricalObservation,derived_from,LH-SRC-OC-TRACTS,Source,,,LH-OBS-TRACT-16242,LH-SRC-OC-TRACTS,high,3.0,reviewed,"Recording is a legal subdivision milestone only; it does not date construction, habitability, sale, or occupancy.",
LH-EDGE-M5-00230,LH-OBS-TRACT-16243,HistoricalObservation,observes,LH-TRACT-16243,HistoricalObject,2002-08-30,,LH-OBS-TRACT-16243,LH-SRC-OC-TRACTS,high,3.0,reviewed,"Recording is a legal subdivision milestone only; it does not date construction, habitability, sale, or occupancy.",
LH-EDGE-M5-00231,LH-OBS-TRACT-16243,HistoricalObservation,derived_from,LH-SRC-OC-TRACTS,Source,,,LH-OBS-TRACT-16243,LH-SRC-OC-TRACTS,high,3.0,reviewed,"Recording is a legal subdivision milestone only; it does not date construction, habitability, sale, or occupancy.",
LH-EDGE-M5-00232,LH-OBS-TRACT-16244,HistoricalObservation,observes,LH-TRACT-16244,HistoricalObject,2003-05-02,,LH-OBS-TRACT-16244,LH-SRC-OC-TRACTS,high,3.0,reviewed,"Recording is a legal subdivision milestone only; it does not date construction, habitability, sale, or occupancy.",
LH-EDGE-M5-00233,LH-OBS-TRACT-16244,HistoricalObservation,derived_from,LH-SRC-OC-TRACTS,Source,,,LH-OBS-TRACT-16244,LH-SRC-OC-TRACTS,high,3.0,reviewed,"Recording is a legal subdivision milestone only; it does not date construction, habitability, sale, or occupancy.",
LH-EDGE-M5-00234,LH-OBS-TRACT-16245,HistoricalObservation,observes,LH-TRACT-16245,HistoricalObject,2002-07-26,,LH-OBS-TRACT-16245,LH-SRC-OC-TRACTS,high,3.0,reviewed,"Recording is a legal subdivision milestone only; it does not date construction, habitability, sale, or occupancy.",
LH-EDGE-M5-00235,LH-OBS-TRACT-16245,HistoricalObservation,derived_from,LH-SRC-OC-TRACTS,Source,,,LH-OBS-TRACT-16245,LH-SRC-OC-TRACTS,high,3.0,reviewed,"Recording is a legal subdivision milestone only; it does not date construction, habitability, sale, or occupancy.",
LH-EDGE-M5-00236,LH-OBS-TRACT-16246,HistoricalObservation,observes,LH-TRACT-16246,HistoricalObject,2003-05-02,,LH-OBS-TRACT-16246,LH-SRC-OC-TRACTS,high,3.0,reviewed,"Recording is a legal subdivision milestone only; it does not date construction, habitability, sale, or occupancy.",
LH-EDGE-M5-00237,LH-OBS-TRACT-16246,HistoricalObservation,derived_from,LH-SRC-OC-TRACTS,Source,,,LH-OBS-TRACT-16246,LH-SRC-OC-TRACTS,high,3.0,reviewed,"Recording is a legal subdivision milestone only; it does not date construction, habitability, sale, or occupancy.",
LH-EDGE-M5-00238,LH-OBS-TRACT-16247,HistoricalObservation,observes,LH-TRACT-16247,HistoricalObject,2002-05-24,,LH-OBS-TRACT-16247,LH-SRC-OC-TRACTS,high,3.0,reviewed,"Recording is a legal subdivision milestone only; it does not date construction, habitability, sale, or occupancy.",
LH-EDGE-M5-00239,LH-OBS-TRACT-16247,HistoricalObservation,derived_from,LH-SRC-OC-TRACTS,Source,,,LH-OBS-TRACT-16247,LH-SRC-OC-TRACTS,high,3.0,reviewed,"Recording is a legal subdivision milestone only; it does not date construction, habitability, sale, or occupancy.",
LH-EDGE-M5-00240,LH-OBS-TRACT-16248,HistoricalObservation,observes,LH-TRACT-16248,HistoricalObject,2003-01-17,,LH-OBS-TRACT-16248,LH-SRC-OC-TRACTS,high,3.0,reviewed,"Recording is a legal subdivision milestone only; it does not date construction, habitability, sale, or occupancy.",
LH-EDGE-M5-00241,LH-OBS-TRACT-16248,HistoricalObservation,derived_from,LH-SRC-OC-TRACTS,Source,,,LH-OBS-TRACT-16248,LH-SRC-OC-TRACTS,high,3.0,reviewed,"Recording is a legal subdivision milestone only; it does not date construction, habitability, sale, or occupancy.",
LH-EDGE-M5-00242,LH-OBS-TRACT-16249,HistoricalObservation,observes,LH-TRACT-16249,HistoricalObject,2002-08-22,,LH-OBS-TRACT-16249,LH-SRC-OC-TRACTS,high,3.0,reviewed,"Recording is a legal subdivision milestone only; it does not date construction, habitability, sale, or occupancy.",
LH-EDGE-M5-00243,LH-OBS-TRACT-16249,HistoricalObservation,derived_from,LH-SRC-OC-TRACTS,Source,,,LH-OBS-TRACT-16249,LH-SRC-OC-TRACTS,high,3.0,reviewed,"Recording is a legal subdivision milestone only; it does not date construction, habitability, sale, or occupancy.",
LH-EDGE-M5-00244,LH-OBS-TRACT-16250,HistoricalObservation,observes,LH-TRACT-16250,HistoricalObject,2002-05-24,,LH-OBS-TRACT-16250,LH-SRC-OC-TRACTS,high,3.0,reviewed,"Recording is a legal subdivision milestone only; it does not date construction, habitability, sale, or occupancy.",
LH-EDGE-M5-00245,LH-OBS-TRACT-16250,HistoricalObservation,derived_from,LH-SRC-OC-TRACTS,Source,,,LH-OBS-TRACT-16250,LH-SRC-OC-TRACTS,high,3.0,reviewed,"Recording is a legal subdivision milestone only; it does not date construction, habitability, sale, or occupancy.",
LH-EDGE-M5-00246,LH-OBS-TRACT-16270,HistoricalObservation,observes,LH-TRACT-16270,HistoricalObject,2002-09-27,,LH-OBS-TRACT-16270,LH-SRC-OC-TRACTS,high,3.0,reviewed,"Recording is a legal subdivision milestone only; it does not date construction, habitability, sale, or occupancy.",
LH-EDGE-M5-00247,LH-OBS-TRACT-16270,HistoricalObservation,derived_from,LH-SRC-OC-TRACTS,Source,,,LH-OBS-TRACT-16270,LH-SRC-OC-TRACTS,high,3.0,reviewed,"Recording is a legal subdivision milestone only; it does not date construction, habitability, sale, or occupancy.",
LH-EDGE-M5-00248,LH-OBS-TRACT-16271,HistoricalObservation,observes,LH-TRACT-16271,HistoricalObject,2003-02-27,,LH-OBS-TRACT-16271,LH-SRC-OC-TRACTS,high,3.0,reviewed,"Recording is a legal subdivision milestone only; it does not date construction, habitability, sale, or occupancy.",
LH-EDGE-M5-00249,LH-OBS-TRACT-16271,HistoricalObservation,derived_from,LH-SRC-OC-TRACTS,Source,,,LH-OBS-TRACT-16271,LH-SRC-OC-TRACTS,high,3.0,reviewed,"Recording is a legal subdivision milestone only; it does not date construction, habitability, sale, or occupancy.",
LH-EDGE-M5-00250,LH-OBS-TRACT-16341,HistoricalObservation,observes,LH-TRACT-16341,HistoricalObject,2003-02-27,,LH-OBS-TRACT-16341,LH-SRC-OC-TRACTS,high,3.0,reviewed,"Recording is a legal subdivision milestone only; it does not date construction, habitability, sale, or occupancy.",
LH-EDGE-M5-00251,LH-OBS-TRACT-16341,HistoricalObservation,derived_from,LH-SRC-OC-TRACTS,Source,,,LH-OBS-TRACT-16341,LH-SRC-OC-TRACTS,high,3.0,reviewed,"Recording is a legal subdivision milestone only; it does not date construction, habitability, sale, or occupancy.",
LH-EDGE-M5-00252,LH-OBS-TRACT-16342,HistoricalObservation,observes,LH-TRACT-16342,HistoricalObject,2003-07-25,,LH-OBS-TRACT-16342,LH-SRC-OC-TRACTS,high,3.0,reviewed,"Recording is a legal subdivision milestone only; it does not date construction, habitability, sale, or occupancy.",
LH-EDGE-M5-00253,LH-OBS-TRACT-16342,HistoricalObservation,derived_from,LH-SRC-OC-TRACTS,Source,,,LH-OBS-TRACT-16342,LH-SRC-OC-TRACTS,high,3.0,reviewed,"Recording is a legal subdivision milestone only; it does not date construction, habitability, sale, or occupancy.",
LH-EDGE-M5-00254,LH-OBS-TRACT-16346,HistoricalObservation,observes,LH-TRACT-16346,HistoricalObject,2003-08-18,,LH-OBS-TRACT-16346,LH-SRC-OC-TRACTS,high,3.0,reviewed,"Recording is a legal subdivision milestone only; it does not date construction, habitability, sale, or occupancy.",
LH-EDGE-M5-00255,LH-OBS-TRACT-16346,HistoricalObservation,derived_from,LH-SRC-OC-TRACTS,Source,,,LH-OBS-TRACT-16346,LH-SRC-OC-TRACTS,high,3.0,reviewed,"Recording is a legal subdivision milestone only; it does not date construction, habitability, sale, or occupancy.",
LH-EDGE-M5-00256,LH-OBS-TRACT-16347,HistoricalObservation,observes,LH-TRACT-16347,HistoricalObject,2003-09-19,,LH-OBS-TRACT-16347,LH-SRC-OC-TRACTS,high,3.0,reviewed,"Recording is a legal subdivision milestone only; it does not date construction, habitability, sale, or occupancy.",
LH-EDGE-M5-00257,LH-OBS-TRACT-16347,HistoricalObservation,derived_from,LH-SRC-OC-TRACTS,Source,,,LH-OBS-TRACT-16347,LH-SRC-OC-TRACTS,high,3.0,reviewed,"Recording is a legal subdivision milestone only; it does not date construction, habitability, sale, or occupancy.",
LH-EDGE-M5-00258,LH-OBS-TRACT-16348,HistoricalObservation,observes,LH-TRACT-16348,HistoricalObject,2003-08-18,,LH-OBS-TRACT-16348,LH-SRC-OC-TRACTS,high,3.0,reviewed,"Recording is a legal subdivision milestone only; it does not date construction, habitability, sale, or occupancy.",
LH-EDGE-M5-00259,LH-OBS-TRACT-16348,HistoricalObservation,derived_from,LH-SRC-OC-TRACTS,Source,,,LH-OBS-TRACT-16348,LH-SRC-OC-TRACTS,high,3.0,reviewed,"Recording is a legal subdivision milestone only; it does not date construction, habitability, sale, or occupancy.",
LH-EDGE-M5-00260,LH-OBS-TRACT-16349,HistoricalObservation,observes,LH-TRACT-16349,HistoricalObject,2003-07-08,,LH-OBS-TRACT-16349,LH-SRC-OC-TRACTS,high,3.0,reviewed,"Recording is a legal subdivision milestone only; it does not date construction, habitability, sale, or occupancy.",
LH-EDGE-M5-00261,LH-OBS-TRACT-16349,HistoricalObservation,derived_from,LH-SRC-OC-TRACTS,Source,,,LH-OBS-TRACT-16349,LH-SRC-OC-TRACTS,high,3.0,reviewed,"Recording is a legal subdivision milestone only; it does not date construction, habitability, sale, or occupancy.",
LH-EDGE-M5-00262,LH-OBS-TRACT-16350,HistoricalObservation,observes,LH-TRACT-16350,HistoricalObject,2003-07-08,,LH-OBS-TRACT-16350,LH-SRC-OC-TRACTS,high,3.0,reviewed,"Recording is a legal subdivision milestone only; it does not date construction, habitability, sale, or occupancy.",
LH-EDGE-M5-00263,LH-OBS-TRACT-16350,HistoricalObservation,derived_from,LH-SRC-OC-TRACTS,Source,,,LH-OBS-TRACT-16350,LH-SRC-OC-TRACTS,high,3.0,reviewed,"Recording is a legal subdivision milestone only; it does not date construction, habitability, sale, or occupancy.",
LH-EDGE-M5-00264,LH-OBS-TRACT-16351,HistoricalObservation,observes,LH-TRACT-16351,HistoricalObject,2003-10-31,,LH-OBS-TRACT-16351,LH-SRC-OC-TRACTS,high,3.0,reviewed,"Recording is a legal subdivision milestone only; it does not date construction, habitability, sale, or occupancy.",
LH-EDGE-M5-00265,LH-OBS-TRACT-16351,HistoricalObservation,derived_from,LH-SRC-OC-TRACTS,Source,,,LH-OBS-TRACT-16351,LH-SRC-OC-TRACTS,high,3.0,reviewed,"Recording is a legal subdivision milestone only; it does not date construction, habitability, sale, or occupancy.",
LH-EDGE-M5-00266,LH-OBS-TRACT-16352,HistoricalObservation,observes,LH-TRACT-16352,HistoricalObject,2003-10-31,,LH-OBS-TRACT-16352,LH-SRC-OC-TRACTS,high,3.0,reviewed,"Recording is a legal subdivision milestone only; it does not date construction, habitability, sale, or occupancy.",
LH-EDGE-M5-00267,LH-OBS-TRACT-16352,HistoricalObservation,derived_from,LH-SRC-OC-TRACTS,Source,,,LH-OBS-TRACT-16352,LH-SRC-OC-TRACTS,high,3.0,reviewed,"Recording is a legal subdivision milestone only; it does not date construction, habitability, sale, or occupancy.",
LH-EDGE-M5-00268,LH-OBS-TRACT-16353,HistoricalObservation,observes,LH-TRACT-16353,HistoricalObject,2003-12-19,,LH-OBS-TRACT-16353,LH-SRC-OC-TRACTS,high,3.0,reviewed,"Recording is a legal subdivision milestone only; it does not date construction, habitability, sale, or occupancy.",
LH-EDGE-M5-00269,LH-OBS-TRACT-16353,HistoricalObservation,derived_from,LH-SRC-OC-TRACTS,Source,,,LH-OBS-TRACT-16353,LH-SRC-OC-TRACTS,high,3.0,reviewed,"Recording is a legal subdivision milestone only; it does not date construction, habitability, sale, or occupancy.",
LH-EDGE-M5-00270,LH-OBS-TRACT-16354,HistoricalObservation,observes,LH-TRACT-16354,HistoricalObject,2003-08-18,,LH-OBS-TRACT-16354,LH-SRC-OC-TRACTS,high,3.0,reviewed,"Recording is a legal subdivision milestone only; it does not date construction, habitability, sale, or occupancy.",
LH-EDGE-M5-00271,LH-OBS-TRACT-16354,HistoricalObservation,derived_from,LH-SRC-OC-TRACTS,Source,,,LH-OBS-TRACT-16354,LH-SRC-OC-TRACTS,high,3.0,reviewed,"Recording is a legal subdivision milestone only; it does not date construction, habitability, sale, or occupancy.",
LH-EDGE-M5-00272,LH-OBS-TRACT-16355,HistoricalObservation,observes,LH-TRACT-16355,HistoricalObject,2003-12-18,,LH-OBS-TRACT-16355,LH-SRC-OC-TRACTS,high,3.0,reviewed,"Recording is a legal subdivision milestone only; it does not date construction, habitability, sale, or occupancy.",
LH-EDGE-M5-00273,LH-OBS-TRACT-16355,HistoricalObservation,derived_from,LH-SRC-OC-TRACTS,Source,,,LH-OBS-TRACT-16355,LH-SRC-OC-TRACTS,high,3.0,reviewed,"Recording is a legal subdivision milestone only; it does not date construction, habitability, sale, or occupancy.",
LH-EDGE-M5-00274,LH-OBS-TRACT-16356,HistoricalObservation,observes,LH-TRACT-16356,HistoricalObject,2003-08-28,,LH-OBS-TRACT-16356,LH-SRC-OC-TRACTS,high,3.0,reviewed,"Recording is a legal subdivision milestone only; it does not date construction, habitability, sale, or occupancy.",
LH-EDGE-M5-00275,LH-OBS-TRACT-16356,HistoricalObservation,derived_from,LH-SRC-OC-TRACTS,Source,,,LH-OBS-TRACT-16356,LH-SRC-OC-TRACTS,high,3.0,reviewed,"Recording is a legal subdivision milestone only; it does not date construction, habitability, sale, or occupancy.",
LH-EDGE-M5-00276,LH-OBS-TRACT-16384,HistoricalObservation,observes,LH-TRACT-16384,HistoricalObject,2004-02-13,,LH-OBS-TRACT-16384,LH-SRC-OC-TRACTS,high,3.0,reviewed,"Recording is a legal subdivision milestone only; it does not date construction, habitability, sale, or occupancy.",
LH-EDGE-M5-00277,LH-OBS-TRACT-16384,HistoricalObservation,derived_from,LH-SRC-OC-TRACTS,Source,,,LH-OBS-TRACT-16384,LH-SRC-OC-TRACTS,high,3.0,reviewed,"Recording is a legal subdivision milestone only; it does not date construction, habitability, sale, or occupancy.",
LH-EDGE-M5-00278,LH-OBS-TRACT-16385,HistoricalObservation,observes,LH-TRACT-16385,HistoricalObject,2004-02-13,,LH-OBS-TRACT-16385,LH-SRC-OC-TRACTS,high,3.0,reviewed,"Recording is a legal subdivision milestone only; it does not date construction, habitability, sale, or occupancy.",
LH-EDGE-M5-00279,LH-OBS-TRACT-16385,HistoricalObservation,derived_from,LH-SRC-OC-TRACTS,Source,,,LH-OBS-TRACT-16385,LH-SRC-OC-TRACTS,high,3.0,reviewed,"Recording is a legal subdivision milestone only; it does not date construction, habitability, sale, or occupancy.",
LH-EDGE-M5-00280,LH-OBS-TRACT-16386,HistoricalObservation,observes,LH-TRACT-16386,HistoricalObject,2004-02-13,,LH-OBS-TRACT-16386,LH-SRC-OC-TRACTS,high,3.0,reviewed,"Recording is a legal subdivision milestone only; it does not date construction, habitability, sale, or occupancy.",
LH-EDGE-M5-00281,LH-OBS-TRACT-16386,HistoricalObservation,derived_from,LH-SRC-OC-TRACTS,Source,,,LH-OBS-TRACT-16386,LH-SRC-OC-TRACTS,high,3.0,reviewed,"Recording is a legal subdivision milestone only; it does not date construction, habitability, sale, or occupancy.",
LH-EDGE-M5-00282,LH-OBS-TRACT-16387,HistoricalObservation,observes,LH-TRACT-16387,HistoricalObject,2004-02-04,,LH-OBS-TRACT-16387,LH-SRC-OC-TRACTS,high,3.0,reviewed,"Recording is a legal subdivision milestone only; it does not date construction, habitability, sale, or occupancy.",
LH-EDGE-M5-00283,LH-OBS-TRACT-16387,HistoricalObservation,derived_from,LH-SRC-OC-TRACTS,Source,,,LH-OBS-TRACT-16387,LH-SRC-OC-TRACTS,high,3.0,reviewed,"Recording is a legal subdivision milestone only; it does not date construction, habitability, sale, or occupancy.",
LH-EDGE-M5-00284,LH-OBS-TRACT-16388,HistoricalObservation,observes,LH-TRACT-16388,HistoricalObject,2004-01-30,,LH-OBS-TRACT-16388,LH-SRC-OC-TRACTS,high,3.0,reviewed,"Recording is a legal subdivision milestone only; it does not date construction, habitability, sale, or occupancy.",
LH-EDGE-M5-00285,LH-OBS-TRACT-16388,HistoricalObservation,derived_from,LH-SRC-OC-TRACTS,Source,,,LH-OBS-TRACT-16388,LH-SRC-OC-TRACTS,high,3.0,reviewed,"Recording is a legal subdivision milestone only; it does not date construction, habitability, sale, or occupancy.",
LH-EDGE-M5-00286,LH-OBS-TRACT-16389,HistoricalObservation,observes,LH-TRACT-16389,HistoricalObject,2003-02-06,,LH-OBS-TRACT-16389,LH-SRC-OC-TRACTS,high,3.0,reviewed,"Recording is a legal subdivision milestone only; it does not date construction, habitability, sale, or occupancy.",
LH-EDGE-M5-00287,LH-OBS-TRACT-16389,HistoricalObservation,derived_from,LH-SRC-OC-TRACTS,Source,,,LH-OBS-TRACT-16389,LH-SRC-OC-TRACTS,high,3.0,reviewed,"Recording is a legal subdivision milestone only; it does not date construction, habitability, sale, or occupancy.",
LH-EDGE-M5-00288,LH-OBS-TRACT-16390,HistoricalObservation,observes,LH-TRACT-16390,HistoricalObject,2004-04-23,,LH-OBS-TRACT-16390,LH-SRC-OC-TRACTS,high,3.0,reviewed,"Recording is a legal subdivision milestone only; it does not date construction, habitability, sale, or occupancy.",
LH-EDGE-M5-00289,LH-OBS-TRACT-16390,HistoricalObservation,derived_from,LH-SRC-OC-TRACTS,Source,,,LH-OBS-TRACT-16390,LH-SRC-OC-TRACTS,high,3.0,reviewed,"Recording is a legal subdivision milestone only; it does not date construction, habitability, sale, or occupancy.",
LH-EDGE-M5-00290,LH-OBS-TRACT-16391,HistoricalObservation,observes,LH-TRACT-16391,HistoricalObject,2004-10-29,,LH-OBS-TRACT-16391,LH-SRC-OC-TRACTS,high,3.0,reviewed,"Recording is a legal subdivision milestone only; it does not date construction, habitability, sale, or occupancy.",
LH-EDGE-M5-00291,LH-OBS-TRACT-16391,HistoricalObservation,derived_from,LH-SRC-OC-TRACTS,Source,,,LH-OBS-TRACT-16391,LH-SRC-OC-TRACTS,high,3.0,reviewed,"Recording is a legal subdivision milestone only; it does not date construction, habitability, sale, or occupancy.",
LH-EDGE-M5-00292,LH-OBS-TRACT-16392,HistoricalObservation,observes,LH-TRACT-16392,HistoricalObject,2004-07-06,,LH-OBS-TRACT-16392,LH-SRC-OC-TRACTS,high,3.0,reviewed,"Recording is a legal subdivision milestone only; it does not date construction, habitability, sale, or occupancy.",
LH-EDGE-M5-00293,LH-OBS-TRACT-16392,HistoricalObservation,derived_from,LH-SRC-OC-TRACTS,Source,,,LH-OBS-TRACT-16392,LH-SRC-OC-TRACTS,high,3.0,reviewed,"Recording is a legal subdivision milestone only; it does not date construction, habitability, sale, or occupancy.",
LH-EDGE-M5-00294,LH-OBS-TRACT-16393,HistoricalObservation,observes,LH-TRACT-16393,HistoricalObject,2004-07-19,,LH-OBS-TRACT-16393,LH-SRC-OC-TRACTS,high,3.0,reviewed,"Recording is a legal subdivision milestone only; it does not date construction, habitability, sale, or occupancy.",
LH-EDGE-M5-00295,LH-OBS-TRACT-16393,HistoricalObservation,derived_from,LH-SRC-OC-TRACTS,Source,,,LH-OBS-TRACT-16393,LH-SRC-OC-TRACTS,high,3.0,reviewed,"Recording is a legal subdivision milestone only; it does not date construction, habitability, sale, or occupancy.",
LH-EDGE-M5-00296,LH-OBS-TRACT-16394,HistoricalObservation,observes,LH-TRACT-16394,HistoricalObject,2004-07-06,,LH-OBS-TRACT-16394,LH-SRC-OC-TRACTS,high,3.0,reviewed,"Recording is a legal subdivision milestone only; it does not date construction, habitability, sale, or occupancy.",
LH-EDGE-M5-00297,LH-OBS-TRACT-16394,HistoricalObservation,derived_from,LH-SRC-OC-TRACTS,Source,,,LH-OBS-TRACT-16394,LH-SRC-OC-TRACTS,high,3.0,reviewed,"Recording is a legal subdivision milestone only; it does not date construction, habitability, sale, or occupancy.",
LH-EDGE-M5-00298,LH-OBS-TRACT-16395,HistoricalObservation,observes,LH-TRACT-16395,HistoricalObject,2004-10-28,,LH-OBS-TRACT-16395,LH-SRC-OC-TRACTS,high,3.0,reviewed,"Recording is a legal subdivision milestone only; it does not date construction, habitability, sale, or occupancy.",
LH-EDGE-M5-00299,LH-OBS-TRACT-16395,HistoricalObservation,derived_from,LH-SRC-OC-TRACTS,Source,,,LH-OBS-TRACT-16395,LH-SRC-OC-TRACTS,high,3.0,reviewed,"Recording is a legal subdivision milestone only; it does not date construction, habitability, sale, or occupancy.",
LH-EDGE-M5-00300,LH-OBS-TRACT-16400,HistoricalObservation,observes,LH-TRACT-16400,HistoricalObject,2004-07-06,,LH-OBS-TRACT-16400,LH-SRC-OC-TRACTS,high,3.0,reviewed,"Recording is a legal subdivision milestone only; it does not date construction, habitability, sale, or occupancy.",
LH-EDGE-M5-00301,LH-OBS-TRACT-16400,HistoricalObservation,derived_from,LH-SRC-OC-TRACTS,Source,,,LH-OBS-TRACT-16400,LH-SRC-OC-TRACTS,high,3.0,reviewed,"Recording is a legal subdivision milestone only; it does not date construction, habitability, sale, or occupancy.",
LH-EDGE-M5-00302,LH-OBS-TRACT-16414,HistoricalObservation,observes,LH-TRACT-16414,HistoricalObject,2003-02-06,,LH-OBS-TRACT-16414,LH-SRC-OC-TRACTS,high,3.0,reviewed,"Recording is a legal subdivision milestone only; it does not date construction, habitability, sale, or occupancy.",
LH-EDGE-M5-00303,LH-OBS-TRACT-16414,HistoricalObservation,derived_from,LH-SRC-OC-TRACTS,Source,,,LH-OBS-TRACT-16414,LH-SRC-OC-TRACTS,high,3.0,reviewed,"Recording is a legal subdivision milestone only; it does not date construction, habitability, sale, or occupancy.",
LH-EDGE-M5-00304,LH-OBS-TRACT-16471,HistoricalObservation,observes,LH-TRACT-16471,HistoricalObject,2004-10-28,,LH-OBS-TRACT-16471,LH-SRC-OC-TRACTS,high,3.0,reviewed,"Recording is a legal subdivision milestone only; it does not date construction, habitability, sale, or occupancy.",
LH-EDGE-M5-00305,LH-OBS-TRACT-16471,HistoricalObservation,derived_from,LH-SRC-OC-TRACTS,Source,,,LH-OBS-TRACT-16471,LH-SRC-OC-TRACTS,high,3.0,reviewed,"Recording is a legal subdivision milestone only; it does not date construction, habitability, sale, or occupancy.",
LH-EDGE-M5-00306,LH-OBS-TRACT-16472,HistoricalObservation,observes,LH-TRACT-16472,HistoricalObject,2004-10-26,,LH-OBS-TRACT-16472,LH-SRC-OC-TRACTS,high,3.0,reviewed,"Recording is a legal subdivision milestone only; it does not date construction, habitability, sale, or occupancy.",
LH-EDGE-M5-00307,LH-OBS-TRACT-16472,HistoricalObservation,derived_from,LH-SRC-OC-TRACTS,Source,,,LH-OBS-TRACT-16472,LH-SRC-OC-TRACTS,high,3.0,reviewed,"Recording is a legal subdivision milestone only; it does not date construction, habitability, sale, or occupancy.",
LH-EDGE-M5-00308,LH-OBS-TRACT-16473,HistoricalObservation,observes,LH-TRACT-16473,HistoricalObject,2004-10-26,,LH-OBS-TRACT-16473,LH-SRC-OC-TRACTS,high,3.0,reviewed,"Recording is a legal subdivision milestone only; it does not date construction, habitability, sale, or occupancy.",
LH-EDGE-M5-00309,LH-OBS-TRACT-16473,HistoricalObservation,derived_from,LH-SRC-OC-TRACTS,Source,,,LH-OBS-TRACT-16473,LH-SRC-OC-TRACTS,high,3.0,reviewed,"Recording is a legal subdivision milestone only; it does not date construction, habitability, sale, or occupancy.",
LH-EDGE-M5-00310,LH-OBS-TRACT-16504,HistoricalObservation,observes,LH-TRACT-16504,HistoricalObject,2004-04-30,,LH-OBS-TRACT-16504,LH-SRC-OC-TRACTS,high,3.0,reviewed,"Recording is a legal subdivision milestone only; it does not date construction, habitability, sale, or occupancy.",
LH-EDGE-M5-00311,LH-OBS-TRACT-16504,HistoricalObservation,derived_from,LH-SRC-OC-TRACTS,Source,,,LH-OBS-TRACT-16504,LH-SRC-OC-TRACTS,high,3.0,reviewed,"Recording is a legal subdivision milestone only; it does not date construction, habitability, sale, or occupancy.",
LH-EDGE-M5-00312,LH-OBS-TRACT-16505,HistoricalObservation,observes,LH-TRACT-16505,HistoricalObject,2004-04-30,,LH-OBS-TRACT-16505,LH-SRC-OC-TRACTS,high,3.0,reviewed,"Recording is a legal subdivision milestone only; it does not date construction, habitability, sale, or occupancy.",
LH-EDGE-M5-00313,LH-OBS-TRACT-16505,HistoricalObservation,derived_from,LH-SRC-OC-TRACTS,Source,,,LH-OBS-TRACT-16505,LH-SRC-OC-TRACTS,high,3.0,reviewed,"Recording is a legal subdivision milestone only; it does not date construction, habitability, sale, or occupancy.",
LH-EDGE-M5-00314,LH-OBS-TRACT-16515,HistoricalObservation,observes,LH-TRACT-16515,HistoricalObject,2003-10-27,,LH-OBS-TRACT-16515,LH-SRC-OC-TRACTS,high,3.0,reviewed,"Recording is a legal subdivision milestone only; it does not date construction, habitability, sale, or occupancy.",
LH-EDGE-M5-00315,LH-OBS-TRACT-16515,HistoricalObservation,derived_from,LH-SRC-OC-TRACTS,Source,,,LH-OBS-TRACT-16515,LH-SRC-OC-TRACTS,high,3.0,reviewed,"Recording is a legal subdivision milestone only; it does not date construction, habitability, sale, or occupancy.",
LH-EDGE-M5-00316,LH-OBS-TRACT-16586,HistoricalObservation,observes,LH-TRACT-16586,HistoricalObject,2004-06-10,,LH-OBS-TRACT-16586,LH-SRC-OC-TRACTS,high,3.0,reviewed,"Recording is a legal subdivision milestone only; it does not date construction, habitability, sale, or occupancy.",
LH-EDGE-M5-00317,LH-OBS-TRACT-16586,HistoricalObservation,derived_from,LH-SRC-OC-TRACTS,Source,,,LH-OBS-TRACT-16586,LH-SRC-OC-TRACTS,high,3.0,reviewed,"Recording is a legal subdivision milestone only; it does not date construction, habitability, sale, or occupancy.",
LH-EDGE-M5-00318,LH-OBS-TRACT-16667,HistoricalObservation,observes,LH-TRACT-16667,HistoricalObject,2004-10-29,,LH-OBS-TRACT-16667,LH-SRC-OC-TRACTS,high,3.0,reviewed,"Recording is a legal subdivision milestone only; it does not date construction, habitability, sale, or occupancy.",
LH-EDGE-M5-00319,LH-OBS-TRACT-16667,HistoricalObservation,derived_from,LH-SRC-OC-TRACTS,Source,,,LH-OBS-TRACT-16667,LH-SRC-OC-TRACTS,high,3.0,reviewed,"Recording is a legal subdivision milestone only; it does not date construction, habitability, sale, or occupancy.",
LH-EDGE-M5-00320,LH-OBS-TRACT-16687,HistoricalObservation,observes,LH-TRACT-16687,HistoricalObject,2005-04-14,,LH-OBS-TRACT-16687,LH-SRC-OC-TRACTS,high,3.0,reviewed,"Recording is a legal subdivision milestone only; it does not date construction, habitability, sale, or occupancy.",
LH-EDGE-M5-00321,LH-OBS-TRACT-16687,HistoricalObservation,derived_from,LH-SRC-OC-TRACTS,Source,,,LH-OBS-TRACT-16687,LH-SRC-OC-TRACTS,high,3.0,reviewed,"Recording is a legal subdivision milestone only; it does not date construction, habitability, sale, or occupancy.",
LH-EDGE-M5-00322,LH-OBS-LH-EVT-001,HistoricalObservation,observes,LH-FEAT-COMMUNITY,HistoricalObject,1995-10-17,,LH-OBS-LH-EVT-001,LH-SRC-OC-EIR-CERT,high,3.0,reviewed,Developer retrospective separately describes County approval in 1997; the exact broader entitlement action remains to be retrieved,
LH-EDGE-M5-00323,LH-OBS-LH-EVT-001,HistoricalObservation,derived_from,LH-SRC-OC-EIR-CERT,Source,,,LH-OBS-LH-EVT-001,LH-SRC-OC-EIR-CERT,high,3.0,reviewed,Developer retrospective separately describes County approval in 1997; the exact broader entitlement action remains to be retrieved,
LH-EDGE-M5-00324,LH-OBS-LH-EVT-001B,HistoricalObservation,observes,LH-FEAT-COMMUNITY,HistoricalObject,1997-01-01,1997-12-31,LH-OBS-LH-EVT-001B,LH-SRC-RMV-PLANNING,low,3.0,reviewed,Official County record dates Final EIR 555 certification to 1995-10-17; the retrospective does not identify the 1997 action,
LH-EDGE-M5-00325,LH-OBS-LH-EVT-001B,HistoricalObservation,derived_from,LH-SRC-RMV-PLANNING,Source,,,LH-OBS-LH-EVT-001B,LH-SRC-RMV-PLANNING,low,3.0,reviewed,Official County record dates Final EIR 555 certification to 1995-10-17; the retrospective does not identify the 1997 action,
LH-EDGE-M5-00326,LH-OBS-LH-EVT-002,HistoricalObservation,observes,LH-FEAT-COMMUNITY,HistoricalObject,1998-01-01,1998-12-31,LH-OBS-LH-EVT-002,LH-SRC-ULI-CASE,medium,3.0,reviewed,,
LH-EDGE-M5-00327,LH-OBS-LH-EVT-002,HistoricalObservation,derived_from,LH-SRC-ULI-CASE,Source,,,LH-OBS-LH-EVT-002,LH-SRC-ULI-CASE,medium,3.0,reviewed,,
LH-EDGE-M5-00328,LH-OBS-LH-EVT-003,HistoricalObservation,observes,LH-FEAT-COMMUNITY,HistoricalObject,1998-04-07,,LH-OBS-LH-EVT-003,LH-SRC-OC-ADS,high,3.0,reviewed,,
LH-EDGE-M5-00329,LH-OBS-LH-EVT-003,HistoricalObservation,derived_from,LH-SRC-OC-ADS,Source,,,LH-OBS-LH-EVT-003,LH-SRC-OC-ADS,high,3.0,reviewed,,
LH-EDGE-M5-00330,LH-OBS-LH-EVT-004,HistoricalObservation,observes,LH-FEAT-UTILITIES,HistoricalObject,1999-03-09,,LH-OBS-LH-EVT-004,LH-SRC-CEQANET-UTILITIES,high,3.0,reviewed,,
LH-EDGE-M5-00331,LH-OBS-LH-EVT-004,HistoricalObservation,derived_from,LH-SRC-CEQANET-UTILITIES,Source,,,LH-OBS-LH-EVT-004,LH-SRC-CEQANET-UTILITIES,high,3.0,reviewed,,
LH-EDGE-M5-00332,LH-OBS-LH-EVT-005,HistoricalObservation,observes,LH-FEAT-COMMUNITY,HistoricalObject,1999-03-09,,LH-OBS-LH-EVT-005,LH-SRC-OC-ADS,high,3.0,reviewed,,
LH-EDGE-M5-00333,LH-OBS-LH-EVT-005,HistoricalObservation,derived_from,LH-SRC-OC-ADS,Source,,,LH-OBS-LH-EVT-005,LH-SRC-OC-ADS,high,3.0,reviewed,,
LH-EDGE-M5-00334,LH-OBS-LH-EVT-006,HistoricalObservation,observes,LH-FEAT-SALES,HistoricalObject,1999-08-01,1999-08-31,LH-OBS-LH-EVT-006,LH-SRC-LARMAC-TIMELINE,medium,3.0,reviewed,,
LH-EDGE-M5-00335,LH-OBS-LH-EVT-006,HistoricalObservation,derived_from,LH-SRC-LARMAC-TIMELINE,Source,,,LH-OBS-LH-EVT-006,LH-SRC-LARMAC-TIMELINE,medium,3.0,reviewed,,
LH-EDGE-M5-00336,LH-OBS-LH-EVT-007,HistoricalObservation,observes,LH-FEAT-SALES,HistoricalObject,1999-10-01,1999-10-31,LH-OBS-LH-EVT-007,LH-SRC-LARMAC-TIMELINE,medium,3.0,reviewed,,
LH-EDGE-M5-00337,LH-OBS-LH-EVT-007,HistoricalObservation,derived_from,LH-SRC-LARMAC-TIMELINE,Source,,,LH-OBS-LH-EVT-007,LH-SRC-LARMAC-TIMELINE,medium,3.0,reviewed,,
LH-EDGE-M5-00338,LH-OBS-LH-EVT-008,HistoricalObservation,observes,LH-FEAT-OCCUPANCY,HistoricalObject,1999-12-14,,LH-OBS-LH-EVT-008,LH-SRC-LARMAC-TIMELINE,medium,3.0,reviewed,,
LH-EDGE-M5-00339,LH-OBS-LH-EVT-008,HistoricalObservation,derived_from,LH-SRC-LARMAC-TIMELINE,Source,,,LH-OBS-LH-EVT-008,LH-SRC-LARMAC-TIMELINE,medium,3.0,reviewed,,
LH-EDGE-M5-00340,LH-OBS-LH-EVT-009,HistoricalObservation,observes,LH-FEAT-COMMUNITY,HistoricalObject,2000-02-28,,LH-OBS-LH-EVT-009,LH-SRC-OC-ADS,high,3.0,reviewed,,
LH-EDGE-M5-00341,LH-OBS-LH-EVT-009,HistoricalObservation,derived_from,LH-SRC-OC-ADS,Source,,,LH-OBS-LH-EVT-009,LH-SRC-OC-ADS,high,3.0,reviewed,,
LH-EDGE-M5-00342,LH-OBS-LH-EVT-010,HistoricalObservation,observes,LH-FEAT-SALES,HistoricalObject,2000-03-01,2000-03-31,LH-OBS-LH-EVT-010,LH-SRC-LARMAC-TIMELINE,medium,3.0,reviewed,,
LH-EDGE-M5-00343,LH-OBS-LH-EVT-010,HistoricalObservation,derived_from,LH-SRC-LARMAC-TIMELINE,Source,,,LH-OBS-LH-EVT-010,LH-SRC-LARMAC-TIMELINE,medium,3.0,reviewed,,
LH-EDGE-M5-00344,LH-OBS-LH-EVT-011,HistoricalObservation,observes,LH-FEAT-OAK-KNOLL-CLUBHOUSE,HistoricalObject,2000-03-01,2000-03-31,LH-OBS-LH-EVT-011,LH-SRC-LARMAC-TIMELINE,medium,3.0,reviewed,,
LH-EDGE-M5-00345,LH-OBS-LH-EVT-011,HistoricalObservation,derived_from,LH-SRC-LARMAC-TIMELINE,Source,,,LH-OBS-LH-EVT-011,LH-SRC-LARMAC-TIMELINE,medium,3.0,reviewed,,
LH-EDGE-M5-00346,LH-OBS-LH-EVT-012,HistoricalObservation,observes,LH-FEAT-SALES,HistoricalObject,2001-02-01,2001-02-28,LH-OBS-LH-EVT-012,LH-SRC-LARMAC-TIMELINE,medium,3.0,reviewed,,
LH-EDGE-M5-00347,LH-OBS-LH-EVT-012,HistoricalObservation,derived_from,LH-SRC-LARMAC-TIMELINE,Source,,,LH-OBS-LH-EVT-012,LH-SRC-LARMAC-TIMELINE,medium,3.0,reviewed,,
LH-EDGE-M5-00348,LH-OBS-LH-EVT-013,HistoricalObservation,observes,LH-FEAT-SPORTS-PARK,HistoricalObject,2001-06-01,2001-06-30,LH-OBS-LH-EVT-013,LH-SRC-LARMAC-TIMELINE,medium,3.0,reviewed,,
LH-EDGE-M5-00349,LH-OBS-LH-EVT-013,HistoricalObservation,derived_from,LH-SRC-LARMAC-TIMELINE,Source,,,LH-OBS-LH-EVT-013,LH-SRC-LARMAC-TIMELINE,medium,3.0,reviewed,,
LH-EDGE-M5-00350,LH-OBS-LH-EVT-014,HistoricalObservation,observes,LH-SCHOOL-CHAPARRAL,HistoricalObject,2001-09-01,2001-09-30,LH-OBS-LH-EVT-014,LH-SRC-CUSD-CHAPARRAL,high,3.0,reviewed,,
LH-EDGE-M5-00351,LH-OBS-LH-EVT-014,HistoricalObservation,derived_from,LH-SRC-CUSD-CHAPARRAL,Source,,,LH-OBS-LH-EVT-014,LH-SRC-CUSD-CHAPARRAL,high,3.0,reviewed,,
LH-EDGE-M5-00352,LH-OBS-LH-EVT-015,HistoricalObservation,observes,LH-FEAT-BRIDGEPARK-PLAZA,HistoricalObject,2001-10-01,2001-10-31,LH-OBS-LH-EVT-015,LH-SRC-LARMAC-TIMELINE,medium,3.0,reviewed,,
LH-EDGE-M5-00353,LH-OBS-LH-EVT-015,HistoricalObservation,derived_from,LH-SRC-LARMAC-TIMELINE,Source,,,LH-OBS-LH-EVT-015,LH-SRC-LARMAC-TIMELINE,medium,3.0,reviewed,,
LH-EDGE-M5-00354,LH-OBS-LH-EVT-016,HistoricalObservation,observes,LH-FEAT-TOWN-GREEN,HistoricalObject,2001-10-01,2001-10-31,LH-OBS-LH-EVT-016,LH-SRC-LARMAC-TIMELINE,medium,3.0,reviewed,,
LH-EDGE-M5-00355,LH-OBS-LH-EVT-016,HistoricalObservation,derived_from,LH-SRC-LARMAC-TIMELINE,Source,,,LH-OBS-LH-EVT-016,LH-SRC-LARMAC-TIMELINE,medium,3.0,reviewed,,
LH-EDGE-M5-00356,LH-OBS-LH-EVT-017,HistoricalObservation,observes,LH-FEAT-SALES,HistoricalObject,2002-03-01,2002-03-31,LH-OBS-LH-EVT-017,LH-SRC-LARMAC-TIMELINE,medium,3.0,reviewed,,
LH-EDGE-M5-00357,LH-OBS-LH-EVT-017,HistoricalObservation,derived_from,LH-SRC-LARMAC-TIMELINE,Source,,,LH-OBS-LH-EVT-017,LH-SRC-LARMAC-TIMELINE,medium,3.0,reviewed,,
LH-EDGE-M5-00358,LH-OBS-LH-EVT-018,HistoricalObservation,observes,LH-FEAT-AVENDALE-CLUBHOUSE,HistoricalObject,2002-06-01,2002-06-30,LH-OBS-LH-EVT-018,LH-SRC-LARMAC-TIMELINE,medium,3.0,reviewed,,
LH-EDGE-M5-00359,LH-OBS-LH-EVT-018,HistoricalObservation,derived_from,LH-SRC-LARMAC-TIMELINE,Source,,,LH-OBS-LH-EVT-018,LH-SRC-LARMAC-TIMELINE,medium,3.0,reviewed,,
LH-EDGE-M5-00360,LH-OBS-LH-EVT-019,HistoricalObservation,observes,LH-FEAT-SALES,HistoricalObject,2003-04-01,2003-04-30,LH-OBS-LH-EVT-019,LH-SRC-LARMAC-TIMELINE,medium,3.0,reviewed,,
LH-EDGE-M5-00361,LH-OBS-LH-EVT-019,HistoricalObservation,derived_from,LH-SRC-LARMAC-TIMELINE,Source,,,LH-OBS-LH-EVT-019,LH-SRC-LARMAC-TIMELINE,medium,3.0,reviewed,,
LH-EDGE-M5-00362,LH-OBS-LH-EVT-020,HistoricalObservation,observes,LH-FEAT-FOUNDERS-PARK,HistoricalObject,2003-07-01,2003-07-31,LH-OBS-LH-EVT-020,LH-SRC-LARMAC-TIMELINE,medium,3.0,reviewed,,
LH-EDGE-M5-00363,LH-OBS-LH-EVT-020,HistoricalObservation,derived_from,LH-SRC-LARMAC-TIMELINE,Source,,,LH-OBS-LH-EVT-020,LH-SRC-LARMAC-TIMELINE,medium,3.0,reviewed,,
LH-EDGE-M5-00364,LH-OBS-LH-EVT-021,HistoricalObservation,observes,LH-FEAT-LIBRARY,HistoricalObject,2003-07-01,2003-07-31,LH-OBS-LH-EVT-021,LH-SRC-LARMAC-TIMELINE,medium,3.0,reviewed,,
LH-EDGE-M5-00365,LH-OBS-LH-EVT-021,HistoricalObservation,derived_from,LH-SRC-LARMAC-TIMELINE,Source,,,LH-OBS-LH-EVT-021,LH-SRC-LARMAC-TIMELINE,medium,3.0,reviewed,,
LH-EDGE-M5-00366,LH-OBS-LH-EVT-022,HistoricalObservation,observes,LH-FEAT-COMMUNITY,HistoricalObject,2003-07-30,,LH-OBS-LH-EVT-022,LH-SRC-OC-PC,high,3.0,reviewed,,
LH-EDGE-M5-00367,LH-OBS-LH-EVT-022,HistoricalObservation,derived_from,LH-SRC-OC-PC,Source,,,LH-OBS-LH-EVT-022,LH-SRC-OC-PC,high,3.0,reviewed,,
LH-EDGE-M5-00368,LH-OBS-LH-EVT-023,HistoricalObservation,observes,LH-SCHOOL-LRES,HistoricalObject,2003-08-27,,LH-OBS-LH-EVT-023,LH-SRC-CUSD-LRES;LH-SRC-CUSD-LRMS,high,3.0,reviewed,LARMAC retrospective groups the schools under July 2003; official school reports give August 27,
LH-EDGE-M5-00369,LH-OBS-LH-EVT-023,HistoricalObservation,derived_from,LH-SRC-CUSD-LRES,Source,,,LH-OBS-LH-EVT-023,LH-SRC-CUSD-LRES,high,3.0,reviewed,LARMAC retrospective groups the schools under July 2003; official school reports give August 27,
LH-EDGE-M5-00370,LH-OBS-LH-EVT-023,HistoricalObservation,derived_from,LH-SRC-CUSD-LRMS,Source,,,LH-OBS-LH-EVT-023,LH-SRC-CUSD-LRMS,high,3.0,reviewed,LARMAC retrospective groups the schools under July 2003; official school reports give August 27,
LH-EDGE-M5-00371,LH-OBS-LH-EVT-024,HistoricalObservation,observes,LH-FEAT-SALES,HistoricalObject,2004-01-01,2004-01-31,LH-OBS-LH-EVT-024,LH-SRC-LARMAC-TIMELINE,medium,3.0,reviewed,,
LH-EDGE-M5-00372,LH-OBS-LH-EVT-024,HistoricalObservation,derived_from,LH-SRC-LARMAC-TIMELINE,Source,,,LH-OBS-LH-EVT-024,LH-SRC-LARMAC-TIMELINE,medium,3.0,reviewed,,
LH-EDGE-M5-00373,LH-OBS-LH-EVT-025,HistoricalObservation,observes,LH-SCHOOL-LRMS,HistoricalObject,2004-01-01,2004-12-31,LH-OBS-LH-EVT-025,LH-SRC-CUSD-LRMS,high,3.0,reviewed,,
LH-EDGE-M5-00374,LH-OBS-LH-EVT-025,HistoricalObservation,derived_from,LH-SRC-CUSD-LRMS,Source,,,LH-OBS-LH-EVT-025,LH-SRC-CUSD-LRMS,high,3.0,reviewed,,
LH-EDGE-M5-00375,LH-OBS-LH-EVT-026,HistoricalObservation,observes,LH-FEAT-VILLAGE-CLUBHOUSES,HistoricalObject,2004-12-01,2004-12-31,LH-OBS-LH-EVT-026,LH-SRC-LARMAC-TIMELINE,medium,3.0,reviewed,,
LH-EDGE-M5-00376,LH-OBS-LH-EVT-026,HistoricalObservation,derived_from,LH-SRC-LARMAC-TIMELINE,Source,,,LH-OBS-LH-EVT-026,LH-SRC-LARMAC-TIMELINE,medium,3.0,reviewed,,
LH-EDGE-M5-00377,LH-OBS-LH-EVT-027,HistoricalObservation,observes,LH-FEAT-SALES,HistoricalObject,2005-02-01,2005-02-28,LH-OBS-LH-EVT-027,LH-SRC-LARMAC-TIMELINE,medium,3.0,reviewed,,
LH-EDGE-M5-00378,LH-OBS-LH-EVT-027,HistoricalObservation,derived_from,LH-SRC-LARMAC-TIMELINE,Source,,,LH-OBS-LH-EVT-027,LH-SRC-LARMAC-TIMELINE,medium,3.0,reviewed,,
LH-EDGE-M5-00379,LH-OBS-LH-EVT-028,HistoricalObservation,observes,LH-SCHOOL-OSO-GRANDE,HistoricalObject,2005-08-24,,LH-OBS-LH-EVT-028,LH-SRC-CDE-OSO,high,3.0,reviewed,,
LH-EDGE-M5-00380,LH-OBS-LH-EVT-028,HistoricalObservation,derived_from,LH-SRC-CDE-OSO,Source,,,LH-OBS-LH-EVT-028,LH-SRC-CDE-OSO,high,3.0,reviewed,,
LH-EDGE-M5-00381,LH-OBS-LH-EVT-029,HistoricalObservation,observes,LH-FEAT-2005-PARKS,HistoricalObject,2005-11-01,2005-11-30,LH-OBS-LH-EVT-029,LH-SRC-LARMAC-TIMELINE,medium,3.0,reviewed,,
LH-EDGE-M5-00382,LH-OBS-LH-EVT-029,HistoricalObservation,derived_from,LH-SRC-LARMAC-TIMELINE,Source,,,LH-OBS-LH-EVT-029,LH-SRC-LARMAC-TIMELINE,medium,3.0,reviewed,,
LH-EDGE-M5-00383,LH-OBS-LH-EVT-030,HistoricalObservation,observes,LH-FEAT-SALES,HistoricalObject,2006-03-01,2006-03-31,LH-OBS-LH-EVT-030,LH-SRC-LARMAC-TIMELINE,medium,3.0,reviewed,,
LH-EDGE-M5-00384,LH-OBS-LH-EVT-030,HistoricalObservation,derived_from,LH-SRC-LARMAC-TIMELINE,Source,,,LH-OBS-LH-EVT-030,LH-SRC-LARMAC-TIMELINE,medium,3.0,reviewed,,
LH-EDGE-M5-00385,LH-OBS-LH-EVT-031,HistoricalObservation,observes,LH-FEAT-COMMUNITY,HistoricalObject,2006-01-01,2006-12-31,LH-OBS-LH-EVT-031,LH-SRC-ULI-CASE,medium,3.0,reviewed,,
LH-EDGE-M5-00386,LH-OBS-LH-EVT-031,HistoricalObservation,derived_from,LH-SRC-ULI-CASE,Source,,,LH-OBS-LH-EVT-031,LH-SRC-ULI-CASE,medium,3.0,reviewed,,
LH-EDGE-M5-00387,LH-OBS-LH-EVT-032,HistoricalObservation,observes,LH-FEAT-SALES,HistoricalObject,2007-04-01,2007-04-30,LH-OBS-LH-EVT-032,LH-SRC-LARMAC-TIMELINE,medium,3.0,reviewed,,
LH-EDGE-M5-00388,LH-OBS-LH-EVT-032,HistoricalObservation,derived_from,LH-SRC-LARMAC-TIMELINE,Source,,,LH-OBS-LH-EVT-032,LH-SRC-LARMAC-TIMELINE,medium,3.0,reviewed,,
LH-EDGE-M5-00389,LH-OBS-LH-EVT-033,HistoricalObservation,observes,LH-FEAT-SALES,HistoricalObject,2008-01-01,2008-01-31,LH-OBS-LH-EVT-033,LH-SRC-LARMAC-TIMELINE,medium,3.0,reviewed,,
LH-EDGE-M5-00390,LH-OBS-LH-EVT-033,HistoricalObservation,derived_from,LH-SRC-LARMAC-TIMELINE,Source,,,LH-OBS-LH-EVT-033,LH-SRC-LARMAC-TIMELINE,medium,3.0,reviewed,,
LH-EDGE-M5-00391,LH-OBS-LH-EVT-M5-001,HistoricalObservation,observes,LH-PHASE-I,HistoricalObject,1998-01-20,,LH-OBS-LH-EVT-M5-001,LH-SRC-LAT-BUILDERS-1998,medium,3.0,reviewed,The 1999 announcement lists eight builders and revised allocations; both dated selections are retained.,
LH-EDGE-M5-00392,LH-OBS-LH-EVT-M5-001,HistoricalObservation,derived_from,LH-SRC-LAT-BUILDERS-1998,Source,,,LH-OBS-LH-EVT-M5-001,LH-SRC-LAT-BUILDERS-1998,medium,3.0,reviewed,The 1999 announcement lists eight builders and revised allocations; both dated selections are retained.,
LH-EDGE-M5-00393,LH-OBS-LH-EVT-M5-002,HistoricalObservation,observes,LH-VILLAGE-OAK-KNOLL,HistoricalObject,1999-05-04,,LH-OBS-LH-EVT-M5-002,LH-SRC-LAT-PHASE1-1999,medium,3.0,reviewed,"Supersedes or revises the 1998 selection, but the article does not state the legal change mechanism.",
LH-EDGE-M5-00394,LH-OBS-LH-EVT-M5-002,HistoricalObservation,derived_from,LH-SRC-LAT-PHASE1-1999,Source,,,LH-OBS-LH-EVT-M5-002,LH-SRC-LAT-PHASE1-1999,medium,3.0,reviewed,"Supersedes or revises the 1998 selection, but the article does not state the legal change mechanism.",
LH-EDGE-M5-00395,LH-OBS-LH-EVT-M5-003,HistoricalObservation,observes,LH-VILLAGE-OAK-KNOLL,HistoricalObject,1999-07-31,,LH-OBS-LH-EVT-M5-003,LH-SRC-LAT-OPENING-1999;LH-SRC-PROB-TRAILS-1999,high,3.0,reviewed,,
LH-EDGE-M5-00396,LH-OBS-LH-EVT-M5-003,HistoricalObservation,derived_from,LH-SRC-LAT-OPENING-1999,Source,,,LH-OBS-LH-EVT-M5-003,LH-SRC-LAT-OPENING-1999,high,3.0,reviewed,,
LH-EDGE-M5-00397,LH-OBS-LH-EVT-M5-003,HistoricalObservation,derived_from,LH-SRC-PROB-TRAILS-1999,Source,,,LH-OBS-LH-EVT-M5-003,LH-SRC-PROB-TRAILS-1999,high,3.0,reviewed,,
LH-EDGE-M5-00398,LH-OBS-LH-EVT-M5-004,HistoricalObservation,observes,LH-VILLAGE-OAK-KNOLL,HistoricalObject,1999-11-29,,LH-OBS-LH-EVT-M5-004,LH-SRC-LAT-FIRST-RESIDENT-1999,medium,3.0,reviewed,Official retrospective instead dates the first resident to 1999-12-14.,
LH-EDGE-M5-00399,LH-OBS-LH-EVT-M5-004,HistoricalObservation,derived_from,LH-SRC-LAT-FIRST-RESIDENT-1999,Source,,,LH-OBS-LH-EVT-M5-004,LH-SRC-LAT-FIRST-RESIDENT-1999,medium,3.0,reviewed,Official retrospective instead dates the first resident to 1999-12-14.,
LH-EDGE-M5-00400,LH-OBS-LH-EVT-M5-005,HistoricalObservation,observes,LH-VILLAGE-OAK-KNOLL,HistoricalObject,1999-11-30,,LH-OBS-LH-EVT-M5-005,LH-SRC-LAT-FIRST-RESIDENT-1999,medium,3.0,reviewed,Official retrospective instead dates the first resident to 1999-12-14.,
LH-EDGE-M5-00401,LH-OBS-LH-EVT-M5-005,HistoricalObservation,derived_from,LH-SRC-LAT-FIRST-RESIDENT-1999,Source,,,LH-OBS-LH-EVT-M5-005,LH-SRC-LAT-FIRST-RESIDENT-1999,medium,3.0,reviewed,Official retrospective instead dates the first resident to 1999-12-14.,
LH-EDGE-M5-00402,LH-OBS-LH-ABS-CFD-99-1-PHASE-I-1999,HistoricalObservation,observes,LH-CFD-99-1-PHASE-I,HistoricalObject,1999-01-01,1999-12-31,LH-OBS-LH-ABS-CFD-99-1-PHASE-I-1999,LH-SRC-OC-BOND-2006Q4,high,3.0,reviewed,"Annual CFD aggregate is nonspatial and cannot be assigned to a tract, address, or household.",
LH-EDGE-M5-00403,LH-OBS-LH-ABS-CFD-99-1-PHASE-I-1999,HistoricalObservation,derived_from,LH-SRC-OC-BOND-2006Q4,Source,,,LH-OBS-LH-ABS-CFD-99-1-PHASE-I-1999,LH-SRC-OC-BOND-2006Q4,high,3.0,reviewed,"Annual CFD aggregate is nonspatial and cannot be assigned to a tract, address, or household.",
LH-EDGE-M5-00404,LH-OBS-LH-ABS-CFD-99-1-PHASE-I-2000,HistoricalObservation,observes,LH-CFD-99-1-PHASE-I,HistoricalObject,2000-01-01,2000-12-31,LH-OBS-LH-ABS-CFD-99-1-PHASE-I-2000,LH-SRC-OC-BOND-2006Q4,high,3.0,reviewed,"Annual CFD aggregate is nonspatial and cannot be assigned to a tract, address, or household.",
LH-EDGE-M5-00405,LH-OBS-LH-ABS-CFD-99-1-PHASE-I-2000,HistoricalObservation,derived_from,LH-SRC-OC-BOND-2006Q4,Source,,,LH-OBS-LH-ABS-CFD-99-1-PHASE-I-2000,LH-SRC-OC-BOND-2006Q4,high,3.0,reviewed,"Annual CFD aggregate is nonspatial and cannot be assigned to a tract, address, or household.",
LH-EDGE-M5-00406,LH-OBS-LH-ABS-CFD-99-1-PHASE-I-2001,HistoricalObservation,observes,LH-CFD-99-1-PHASE-I,HistoricalObject,2001-01-01,2001-12-31,LH-OBS-LH-ABS-CFD-99-1-PHASE-I-2001,LH-SRC-OC-BOND-2006Q4,high,3.0,reviewed,"Annual CFD aggregate is nonspatial and cannot be assigned to a tract, address, or household.",
LH-EDGE-M5-00407,LH-OBS-LH-ABS-CFD-99-1-PHASE-I-2001,HistoricalObservation,derived_from,LH-SRC-OC-BOND-2006Q4,Source,,,LH-OBS-LH-ABS-CFD-99-1-PHASE-I-2001,LH-SRC-OC-BOND-2006Q4,high,3.0,reviewed,"Annual CFD aggregate is nonspatial and cannot be assigned to a tract, address, or household.",
LH-EDGE-M5-00408,LH-OBS-LH-ABS-CFD-99-1-PHASE-I-2002,HistoricalObservation,observes,LH-CFD-99-1-PHASE-I,HistoricalObject,2002-01-01,2002-12-31,LH-OBS-LH-ABS-CFD-99-1-PHASE-I-2002,LH-SRC-OC-BOND-2006Q4,high,3.0,reviewed,"Annual CFD aggregate is nonspatial and cannot be assigned to a tract, address, or household.",
LH-EDGE-M5-00409,LH-OBS-LH-ABS-CFD-99-1-PHASE-I-2002,HistoricalObservation,derived_from,LH-SRC-OC-BOND-2006Q4,Source,,,LH-OBS-LH-ABS-CFD-99-1-PHASE-I-2002,LH-SRC-OC-BOND-2006Q4,high,3.0,reviewed,"Annual CFD aggregate is nonspatial and cannot be assigned to a tract, address, or household.",
LH-EDGE-M5-00410,LH-OBS-LH-ABS-CFD-99-1-PHASE-I-2003,HistoricalObservation,observes,LH-CFD-99-1-PHASE-I,HistoricalObject,2003-01-01,2003-12-31,LH-OBS-LH-ABS-CFD-99-1-PHASE-I-2003,LH-SRC-OC-BOND-2006Q4,high,3.0,reviewed,"Annual CFD aggregate is nonspatial and cannot be assigned to a tract, address, or household.",
LH-EDGE-M5-00411,LH-OBS-LH-ABS-CFD-99-1-PHASE-I-2003,HistoricalObservation,derived_from,LH-SRC-OC-BOND-2006Q4,Source,,,LH-OBS-LH-ABS-CFD-99-1-PHASE-I-2003,LH-SRC-OC-BOND-2006Q4,high,3.0,reviewed,"Annual CFD aggregate is nonspatial and cannot be assigned to a tract, address, or household.",
LH-EDGE-M5-00412,LH-OBS-LH-ABS-CFD-99-1-PHASE-I-2004,HistoricalObservation,observes,LH-CFD-99-1-PHASE-I,HistoricalObject,2004-01-01,2004-12-31,LH-OBS-LH-ABS-CFD-99-1-PHASE-I-2004,LH-SRC-OC-BOND-2006Q4,high,3.0,reviewed,"Annual CFD aggregate is nonspatial and cannot be assigned to a tract, address, or household.",
LH-EDGE-M5-00413,LH-OBS-LH-ABS-CFD-99-1-PHASE-I-2004,HistoricalObservation,derived_from,LH-SRC-OC-BOND-2006Q4,Source,,,LH-OBS-LH-ABS-CFD-99-1-PHASE-I-2004,LH-SRC-OC-BOND-2006Q4,high,3.0,reviewed,"Annual CFD aggregate is nonspatial and cannot be assigned to a tract, address, or household.",
LH-EDGE-M5-00414,LH-OBS-LH-ABS-CFD-99-1-PHASE-I-2005,HistoricalObservation,observes,LH-CFD-99-1-PHASE-I,HistoricalObject,2005-01-01,2005-12-31,LH-OBS-LH-ABS-CFD-99-1-PHASE-I-2005,LH-SRC-OC-BOND-2006Q4,high,3.0,reviewed,"Annual CFD aggregate is nonspatial and cannot be assigned to a tract, address, or household.",
LH-EDGE-M5-00415,LH-OBS-LH-ABS-CFD-99-1-PHASE-I-2005,HistoricalObservation,derived_from,LH-SRC-OC-BOND-2006Q4,Source,,,LH-OBS-LH-ABS-CFD-99-1-PHASE-I-2005,LH-SRC-OC-BOND-2006Q4,high,3.0,reviewed,"Annual CFD aggregate is nonspatial and cannot be assigned to a tract, address, or household.",
LH-EDGE-M5-00416,LH-OBS-LH-ABS-CFD-99-1-PHASE-I-2006,HistoricalObservation,observes,LH-CFD-99-1-PHASE-I,HistoricalObject,2006-01-01,2006-12-31,LH-OBS-LH-ABS-CFD-99-1-PHASE-I-2006,LH-SRC-OC-BOND-2006Q4,high,3.0,reviewed,"Annual CFD aggregate is nonspatial and cannot be assigned to a tract, address, or household.",
LH-EDGE-M5-00417,LH-OBS-LH-ABS-CFD-99-1-PHASE-I-2006,HistoricalObservation,derived_from,LH-SRC-OC-BOND-2006Q4,Source,,,LH-OBS-LH-ABS-CFD-99-1-PHASE-I-2006,LH-SRC-OC-BOND-2006Q4,high,3.0,reviewed,"Annual CFD aggregate is nonspatial and cannot be assigned to a tract, address, or household.",
LH-EDGE-M5-00418,LH-OBS-LH-ABS-CFD-2002-1-URBAN-ACTIVITY-CENTER-2003,HistoricalObservation,observes,LH-CFD-2002-1-URBAN-ACTIVITY-CENTER,HistoricalObject,2003-01-01,2003-12-31,LH-OBS-LH-ABS-CFD-2002-1-URBAN-ACTIVITY-CENTER-2003,LH-SRC-OC-BOND-2006Q4,high,3.0,reviewed,"Annual CFD aggregate is nonspatial and cannot be assigned to a tract, address, or household.",
LH-EDGE-M5-00419,LH-OBS-LH-ABS-CFD-2002-1-URBAN-ACTIVITY-CENTER-2003,HistoricalObservation,derived_from,LH-SRC-OC-BOND-2006Q4,Source,,,LH-OBS-LH-ABS-CFD-2002-1-URBAN-ACTIVITY-CENTER-2003,LH-SRC-OC-BOND-2006Q4,high,3.0,reviewed,"Annual CFD aggregate is nonspatial and cannot be assigned to a tract, address, or household.",
LH-EDGE-M5-00420,LH-OBS-LH-ABS-CFD-2002-1-URBAN-ACTIVITY-CENTER-2004,HistoricalObservation,observes,LH-CFD-2002-1-URBAN-ACTIVITY-CENTER,HistoricalObject,2004-01-01,2004-12-31,LH-OBS-LH-ABS-CFD-2002-1-URBAN-ACTIVITY-CENTER-2004,LH-SRC-OC-BOND-2006Q4,high,3.0,reviewed,"Annual CFD aggregate is nonspatial and cannot be assigned to a tract, address, or household.",
LH-EDGE-M5-00421,LH-OBS-LH-ABS-CFD-2002-1-URBAN-ACTIVITY-CENTER-2004,HistoricalObservation,derived_from,LH-SRC-OC-BOND-2006Q4,Source,,,LH-OBS-LH-ABS-CFD-2002-1-URBAN-ACTIVITY-CENTER-2004,LH-SRC-OC-BOND-2006Q4,high,3.0,reviewed,"Annual CFD aggregate is nonspatial and cannot be assigned to a tract, address, or household.",
LH-EDGE-M5-00422,LH-OBS-LH-ABS-CFD-2002-1-URBAN-ACTIVITY-CENTER-2005,HistoricalObservation,observes,LH-CFD-2002-1-URBAN-ACTIVITY-CENTER,HistoricalObject,2005-01-01,2005-12-31,LH-OBS-LH-ABS-CFD-2002-1-URBAN-ACTIVITY-CENTER-2005,LH-SRC-OC-BOND-2006Q4,high,3.0,reviewed,"Annual CFD aggregate is nonspatial and cannot be assigned to a tract, address, or household.",
LH-EDGE-M5-00423,LH-OBS-LH-ABS-CFD-2002-1-URBAN-ACTIVITY-CENTER-2005,HistoricalObservation,derived_from,LH-SRC-OC-BOND-2006Q4,Source,,,LH-OBS-LH-ABS-CFD-2002-1-URBAN-ACTIVITY-CENTER-2005,LH-SRC-OC-BOND-2006Q4,high,3.0,reviewed,"Annual CFD aggregate is nonspatial and cannot be assigned to a tract, address, or household.",
LH-EDGE-M5-00424,LH-OBS-LH-ABS-CFD-2003-1-PHASE-V-2004,HistoricalObservation,observes,LH-CFD-2003-1-PHASE-V,HistoricalObject,2004-01-01,2004-12-31,LH-OBS-LH-ABS-CFD-2003-1-PHASE-V-2004,LH-SRC-OC-BOND-2006Q4,high,3.0,reviewed,"Annual CFD aggregate is nonspatial and cannot be assigned to a tract, address, or household.",
LH-EDGE-M5-00425,LH-OBS-LH-ABS-CFD-2003-1-PHASE-V-2004,HistoricalObservation,derived_from,LH-SRC-OC-BOND-2006Q4,Source,,,LH-OBS-LH-ABS-CFD-2003-1-PHASE-V-2004,LH-SRC-OC-BOND-2006Q4,high,3.0,reviewed,"Annual CFD aggregate is nonspatial and cannot be assigned to a tract, address, or household.",
LH-EDGE-M5-00426,LH-OBS-LH-ABS-CFD-2003-1-PHASE-V-2005,HistoricalObservation,observes,LH-CFD-2003-1-PHASE-V,HistoricalObject,2005-01-01,2005-12-31,LH-OBS-LH-ABS-CFD-2003-1-PHASE-V-2005,LH-SRC-OC-BOND-2006Q4,high,3.0,reviewed,"Annual CFD aggregate is nonspatial and cannot be assigned to a tract, address, or household.",
LH-EDGE-M5-00427,LH-OBS-LH-ABS-CFD-2003-1-PHASE-V-2005,HistoricalObservation,derived_from,LH-SRC-OC-BOND-2006Q4,Source,,,LH-OBS-LH-ABS-CFD-2003-1-PHASE-V-2005,LH-SRC-OC-BOND-2006Q4,high,3.0,reviewed,"Annual CFD aggregate is nonspatial and cannot be assigned to a tract, address, or household.",
LH-EDGE-M5-00428,LH-OBS-LH-ABS-CFD-2003-1-PHASE-V-2006,HistoricalObservation,observes,LH-CFD-2003-1-PHASE-V,HistoricalObject,2006-01-01,2006-12-31,LH-OBS-LH-ABS-CFD-2003-1-PHASE-V-2006,LH-SRC-OC-BOND-2006Q4,high,3.0,reviewed,"Annual CFD aggregate is nonspatial and cannot be assigned to a tract, address, or household.",
LH-EDGE-M5-00429,LH-OBS-LH-ABS-CFD-2003-1-PHASE-V-2006,HistoricalObservation,derived_from,LH-SRC-OC-BOND-2006Q4,Source,,,LH-OBS-LH-ABS-CFD-2003-1-PHASE-V-2006,LH-SRC-OC-BOND-2006Q4,high,3.0,reviewed,"Annual CFD aggregate is nonspatial and cannot be assigned to a tract, address, or household.",
LH-EDGE-M5-00430,LH-OBS-LH-ABS-CFD-2004-1-PHASE-VI-2005,HistoricalObservation,observes,LH-CFD-2004-1-PHASE-VI,HistoricalObject,2005-01-01,2005-12-31,LH-OBS-LH-ABS-CFD-2004-1-PHASE-VI-2005,LH-SRC-OC-BOND-2006Q4;LH-SRC-OC-BOND-2011Q4,high,3.0,reviewed,"Annual CFD aggregate is nonspatial and cannot be assigned to a tract, address, or household.",
LH-EDGE-M5-00431,LH-OBS-LH-ABS-CFD-2004-1-PHASE-VI-2005,HistoricalObservation,derived_from,LH-SRC-OC-BOND-2006Q4,Source,,,LH-OBS-LH-ABS-CFD-2004-1-PHASE-VI-2005,LH-SRC-OC-BOND-2006Q4,high,3.0,reviewed,"Annual CFD aggregate is nonspatial and cannot be assigned to a tract, address, or household.",
LH-EDGE-M5-00432,LH-OBS-LH-ABS-CFD-2004-1-PHASE-VI-2005,HistoricalObservation,derived_from,LH-SRC-OC-BOND-2011Q4,Source,,,LH-OBS-LH-ABS-CFD-2004-1-PHASE-VI-2005,LH-SRC-OC-BOND-2011Q4,high,3.0,reviewed,"Annual CFD aggregate is nonspatial and cannot be assigned to a tract, address, or household.",
LH-EDGE-M5-00433,LH-OBS-LH-ABS-CFD-2004-1-PHASE-VI-2006,HistoricalObservation,observes,LH-CFD-2004-1-PHASE-VI,HistoricalObject,2006-01-01,2006-12-31,LH-OBS-LH-ABS-CFD-2004-1-PHASE-VI-2006,LH-SRC-OC-BOND-2006Q4;LH-SRC-OC-BOND-2011Q4,high,3.0,reviewed,"Annual CFD aggregate is nonspatial and cannot be assigned to a tract, address, or household.",
LH-EDGE-M5-00434,LH-OBS-LH-ABS-CFD-2004-1-PHASE-VI-2006,HistoricalObservation,derived_from,LH-SRC-OC-BOND-2006Q4,Source,,,LH-OBS-LH-ABS-CFD-2004-1-PHASE-VI-2006,LH-SRC-OC-BOND-2006Q4,high,3.0,reviewed,"Annual CFD aggregate is nonspatial and cannot be assigned to a tract, address, or household.",
LH-EDGE-M5-00435,LH-OBS-LH-ABS-CFD-2004-1-PHASE-VI-2006,HistoricalObservation,derived_from,LH-SRC-OC-BOND-2011Q4,Source,,,LH-OBS-LH-ABS-CFD-2004-1-PHASE-VI-2006,LH-SRC-OC-BOND-2011Q4,high,3.0,reviewed,"Annual CFD aggregate is nonspatial and cannot be assigned to a tract, address, or household.",
LH-EDGE-M5-00436,LH-OBS-LH-ABS-CFD-2004-1-PHASE-VI-2007,HistoricalObservation,observes,LH-CFD-2004-1-PHASE-VI,HistoricalObject,2007-01-01,2007-12-31,LH-OBS-LH-ABS-CFD-2004-1-PHASE-VI-2007,LH-SRC-OC-BOND-2006Q4;LH-SRC-OC-BOND-2011Q4,high,3.0,reviewed,"Annual CFD aggregate is nonspatial and cannot be assigned to a tract, address, or household.",
LH-EDGE-M5-00437,LH-OBS-LH-ABS-CFD-2004-1-PHASE-VI-2007,HistoricalObservation,derived_from,LH-SRC-OC-BOND-2006Q4,Source,,,LH-OBS-LH-ABS-CFD-2004-1-PHASE-VI-2007,LH-SRC-OC-BOND-2006Q4,high,3.0,reviewed,"Annual CFD aggregate is nonspatial and cannot be assigned to a tract, address, or household.",
LH-EDGE-M5-00438,LH-OBS-LH-ABS-CFD-2004-1-PHASE-VI-2007,HistoricalObservation,derived_from,LH-SRC-OC-BOND-2011Q4,Source,,,LH-OBS-LH-ABS-CFD-2004-1-PHASE-VI-2007,LH-SRC-OC-BOND-2011Q4,high,3.0,reviewed,"Annual CFD aggregate is nonspatial and cannot be assigned to a tract, address, or household.",
LH-EDGE-M5-00439,LH-OBS-LH-ABS-CFD-2004-1-PHASE-VI-2008,HistoricalObservation,observes,LH-CFD-2004-1-PHASE-VI,HistoricalObject,2008-01-01,2008-12-31,LH-OBS-LH-ABS-CFD-2004-1-PHASE-VI-2008,LH-SRC-OC-BOND-2006Q4;LH-SRC-OC-BOND-2011Q4,high,3.0,reviewed,"Annual CFD aggregate is nonspatial and cannot be assigned to a tract, address, or household.",
LH-EDGE-M5-00440,LH-OBS-LH-ABS-CFD-2004-1-PHASE-VI-2008,HistoricalObservation,derived_from,LH-SRC-OC-BOND-2006Q4,Source,,,LH-OBS-LH-ABS-CFD-2004-1-PHASE-VI-2008,LH-SRC-OC-BOND-2006Q4,high,3.0,reviewed,"Annual CFD aggregate is nonspatial and cannot be assigned to a tract, address, or household.",
LH-EDGE-M5-00441,LH-OBS-LH-ABS-CFD-2004-1-PHASE-VI-2008,HistoricalObservation,derived_from,LH-SRC-OC-BOND-2011Q4,Source,,,LH-OBS-LH-ABS-CFD-2004-1-PHASE-VI-2008,LH-SRC-OC-BOND-2011Q4,high,3.0,reviewed,"Annual CFD aggregate is nonspatial and cannot be assigned to a tract, address, or household.",
LH-EDGE-M5-00442,LH-OBS-LH-ABS-CFD-2004-1-PHASE-VI-2009,HistoricalObservation,observes,LH-CFD-2004-1-PHASE-VI,HistoricalObject,2009-01-01,2009-12-31,LH-OBS-LH-ABS-CFD-2004-1-PHASE-VI-2009,LH-SRC-OC-BOND-2006Q4;LH-SRC-OC-BOND-2011Q4,high,3.0,reviewed,"Annual CFD aggregate is nonspatial and cannot be assigned to a tract, address, or household.",
LH-EDGE-M5-00443,LH-OBS-LH-ABS-CFD-2004-1-PHASE-VI-2009,HistoricalObservation,derived_from,LH-SRC-OC-BOND-2006Q4,Source,,,LH-OBS-LH-ABS-CFD-2004-1-PHASE-VI-2009,LH-SRC-OC-BOND-2006Q4,high,3.0,reviewed,"Annual CFD aggregate is nonspatial and cannot be assigned to a tract, address, or household.",
LH-EDGE-M5-00444,LH-OBS-LH-ABS-CFD-2004-1-PHASE-VI-2009,HistoricalObservation,derived_from,LH-SRC-OC-BOND-2011Q4,Source,,,LH-OBS-LH-ABS-CFD-2004-1-PHASE-VI-2009,LH-SRC-OC-BOND-2011Q4,high,3.0,reviewed,"Annual CFD aggregate is nonspatial and cannot be assigned to a tract, address, or household.",
LH-EDGE-M5-00445,LH-OBS-LH-ABS-CFD-2004-1-PHASE-VI-2010,HistoricalObservation,observes,LH-CFD-2004-1-PHASE-VI,HistoricalObject,2010-01-01,2010-12-31,LH-OBS-LH-ABS-CFD-2004-1-PHASE-VI-2010,LH-SRC-OC-BOND-2006Q4;LH-SRC-OC-BOND-2011Q4,high,3.0,reviewed,"Annual CFD aggregate is nonspatial and cannot be assigned to a tract, address, or household.",
LH-EDGE-M5-00446,LH-OBS-LH-ABS-CFD-2004-1-PHASE-VI-2010,HistoricalObservation,derived_from,LH-SRC-OC-BOND-2006Q4,Source,,,LH-OBS-LH-ABS-CFD-2004-1-PHASE-VI-2010,LH-SRC-OC-BOND-2006Q4,high,3.0,reviewed,"Annual CFD aggregate is nonspatial and cannot be assigned to a tract, address, or household.",
LH-EDGE-M5-00447,LH-OBS-LH-ABS-CFD-2004-1-PHASE-VI-2010,HistoricalObservation,derived_from,LH-SRC-OC-BOND-2011Q4,Source,,,LH-OBS-LH-ABS-CFD-2004-1-PHASE-VI-2010,LH-SRC-OC-BOND-2011Q4,high,3.0,reviewed,"Annual CFD aggregate is nonspatial and cannot be assigned to a tract, address, or household.",
LH-EDGE-M5-00448,LH-IMGOBS-M5-2005-01,HistoricalObservation,observes,LH-COMMUNITY-LADERA-RANCH,HistoricalObject,2005-06-07,,LH-IMGOBS-M5-2005-01,LH-SRC-CDFW-NAIP-2005,medium,3.0,reviewed,"Visual classification only. It does not establish legal completion, habitability, occupancy, permit status, or continuous activity between capture dates.",
LH-EDGE-M5-00449,LH-IMGOBS-M5-2005-01,HistoricalObservation,derived_from,LH-SRC-CDFW-NAIP-2005,Source,,,LH-IMGOBS-M5-2005-01,LH-SRC-CDFW-NAIP-2005,medium,3.0,reviewed,"Visual classification only. It does not establish legal completion, habitability, occupancy, permit status, or continuous activity between capture dates.",
LH-EDGE-M5-00450,LH-IMGOBS-M5-2005-02,HistoricalObservation,observes,LH-VILLAGE-COVENANT-HILLS,HistoricalObject,2005-06-07,,LH-IMGOBS-M5-2005-02,LH-SRC-CDFW-NAIP-2005,high,3.0,reviewed,"Visual classification only. It does not establish legal completion, habitability, occupancy, permit status, or continuous activity between capture dates.",
LH-EDGE-M5-00451,LH-IMGOBS-M5-2005-02,HistoricalObservation,derived_from,LH-SRC-CDFW-NAIP-2005,Source,,,LH-IMGOBS-M5-2005-02,LH-SRC-CDFW-NAIP-2005,high,3.0,reviewed,"Visual classification only. It does not establish legal completion, habitability, occupancy, permit status, or continuous activity between capture dates.",
LH-EDGE-M5-00452,LH-IMGOBS-M5-2005-03,HistoricalObservation,observes,LH-VILLAGE-COVENANT-HILLS,HistoricalObject,2005-06-07,,LH-IMGOBS-M5-2005-03,LH-SRC-CDFW-NAIP-2005,high,3.0,reviewed,"Visual classification only. It does not establish legal completion, habitability, occupancy, permit status, or continuous activity between capture dates.",
LH-EDGE-M5-00453,LH-IMGOBS-M5-2005-03,HistoricalObservation,derived_from,LH-SRC-CDFW-NAIP-2005,Source,,,LH-IMGOBS-M5-2005-03,LH-SRC-CDFW-NAIP-2005,high,3.0,reviewed,"Visual classification only. It does not establish legal completion, habitability, occupancy, permit status, or continuous activity between capture dates.",
LH-EDGE-M5-00454,LH-IMGOBS-M5-2009-01,HistoricalObservation,observes,LH-VILLAGE-COVENANT-HILLS,HistoricalObject,2009-06-18,2009-06-22,LH-IMGOBS-M5-2009-01,LH-SRC-CDFW-NAIP-2005;LH-SRC-CDFW-NAIP-2009,high,3.0,reviewed,"Visual classification only. It does not establish legal completion, habitability, occupancy, permit status, or continuous activity between capture dates.",
LH-EDGE-M5-00455,LH-IMGOBS-M5-2009-01,HistoricalObservation,derived_from,LH-SRC-CDFW-NAIP-2005,Source,,,LH-IMGOBS-M5-2009-01,LH-SRC-CDFW-NAIP-2005,high,3.0,reviewed,"Visual classification only. It does not establish legal completion, habitability, occupancy, permit status, or continuous activity between capture dates.",
LH-EDGE-M5-00456,LH-IMGOBS-M5-2009-01,HistoricalObservation,derived_from,LH-SRC-CDFW-NAIP-2009,Source,,,LH-IMGOBS-M5-2009-01,LH-SRC-CDFW-NAIP-2009,high,3.0,reviewed,"Visual classification only. It does not establish legal completion, habitability, occupancy, permit status, or continuous activity between capture dates.",
LH-EDGE-M5-00457,LH-IMGOBS-M5-2009-02,HistoricalObservation,observes,LH-CUSTOM-COVENANT-HILLS,HistoricalObject,2009-06-18,2009-06-22,LH-IMGOBS-M5-2009-02,LH-SRC-CDFW-NAIP-2009,high,3.0,reviewed,"Visual classification only. It does not establish legal completion, habitability, occupancy, permit status, or continuous activity between capture dates.",
LH-EDGE-M5-00458,LH-IMGOBS-M5-2009-02,HistoricalObservation,derived_from,LH-SRC-CDFW-NAIP-2009,Source,,,LH-IMGOBS-M5-2009-02,LH-SRC-CDFW-NAIP-2009,high,3.0,reviewed,"Visual classification only. It does not establish legal completion, habitability, occupancy, permit status, or continuous activity between capture dates.",
LH-EDGE-M5-00459,LH-IMGOBS-M5-2010-01,HistoricalObservation,observes,LH-CUSTOM-COVENANT-HILLS,HistoricalObject,2010-05-01,,LH-IMGOBS-M5-2010-01,LH-SRC-CDFW-NAIP-2010,high,3.0,reviewed,"Visual classification only. It does not establish legal completion, habitability, occupancy, permit status, or continuous activity between capture dates.",
LH-EDGE-M5-00460,LH-IMGOBS-M5-2010-01,HistoricalObservation,derived_from,LH-SRC-CDFW-NAIP-2010,Source,,,LH-IMGOBS-M5-2010-01,LH-SRC-CDFW-NAIP-2010,high,3.0,reviewed,"Visual classification only. It does not establish legal completion, habitability, occupancy, permit status, or continuous activity between capture dates.",
LH-EDGE-M5-00461,LH-IMGOBS-M5-2010-02,HistoricalObservation,observes,LH-COMMUNITY-LADERA-RANCH,HistoricalObject,2009-06-18,2010-05-01,LH-IMGOBS-M5-2010-02,LH-SRC-CDFW-NAIP-2009;LH-SRC-CDFW-NAIP-2010,medium,3.0,reviewed,"Visual classification only. It does not establish legal completion, habitability, occupancy, permit status, or continuous activity between capture dates.",
LH-EDGE-M5-00462,LH-IMGOBS-M5-2010-02,HistoricalObservation,derived_from,LH-SRC-CDFW-NAIP-2009,Source,,,LH-IMGOBS-M5-2010-02,LH-SRC-CDFW-NAIP-2009,medium,3.0,reviewed,"Visual classification only. It does not establish legal completion, habitability, occupancy, permit status, or continuous activity between capture dates.",
LH-EDGE-M5-00463,LH-IMGOBS-M5-2010-02,HistoricalObservation,derived_from,LH-SRC-CDFW-NAIP-2010,Source,,,LH-IMGOBS-M5-2010-02,LH-SRC-CDFW-NAIP-2010,medium,3.0,reviewed,"Visual classification only. It does not establish legal completion, habitability, occupancy, permit status, or continuous activity between capture dates.",
LH-EDGE-M5-00464,LH-OBS-LH-PRODUCT-COVENANT-HILLS-ALISAL-2006,HistoricalObservation,observes,LH-PRODUCT-COVENANT-HILLS-ALISAL,HistoricalObject,2006-12-31,,LH-OBS-LH-PRODUCT-COVENANT-HILLS-ALISAL-2006,LH-SRC-OC-BOND-2006Q4,high,3.0,reviewed,"Product-level CFD counts are not address-level completion, habitability, or occupancy dates; closed escrow is not transferred to a tract geometry.",
LH-EDGE-M5-00465,LH-OBS-LH-PRODUCT-COVENANT-HILLS-ALISAL-2006,HistoricalObservation,derived_from,LH-SRC-OC-BOND-2006Q4,Source,,,LH-OBS-LH-PRODUCT-COVENANT-HILLS-ALISAL-2006,LH-SRC-OC-BOND-2006Q4,high,3.0,reviewed,"Product-level CFD counts are not address-level completion, habitability, or occupancy dates; closed escrow is not transferred to a tract geometry.",
LH-EDGE-M5-00466,LH-OBS-LH-PRODUCT-COVENANT-HILLS-ALISAL-2011,HistoricalObservation,observes,LH-PRODUCT-COVENANT-HILLS-ALISAL,HistoricalObject,2011-12-31,,LH-OBS-LH-PRODUCT-COVENANT-HILLS-ALISAL-2011,LH-SRC-OC-BOND-2011Q4,high,3.0,reviewed,"Product-level CFD counts are not address-level completion, habitability, or occupancy dates; closed escrow is not transferred to a tract geometry.",
LH-EDGE-M5-00467,LH-OBS-LH-PRODUCT-COVENANT-HILLS-ALISAL-2011,HistoricalObservation,derived_from,LH-SRC-OC-BOND-2011Q4,Source,,,LH-OBS-LH-PRODUCT-COVENANT-HILLS-ALISAL-2011,LH-SRC-OC-BOND-2011Q4,high,3.0,reviewed,"Product-level CFD counts are not address-level completion, habitability, or occupancy dates; closed escrow is not transferred to a tract geometry.",
LH-EDGE-M5-00468,LH-OBS-LH-PRODUCT-COVENANT-HILLS-AMARANTE-I-II-2006,HistoricalObservation,observes,LH-PRODUCT-COVENANT-HILLS-AMARANTE-I-II,HistoricalObject,2006-12-31,,LH-OBS-LH-PRODUCT-COVENANT-HILLS-AMARANTE-I-II-2006,LH-SRC-OC-BOND-2006Q4,high,3.0,reviewed,"Product-level CFD counts are not address-level completion, habitability, or occupancy dates; closed escrow is not transferred to a tract geometry.",
LH-EDGE-M5-00469,LH-OBS-LH-PRODUCT-COVENANT-HILLS-AMARANTE-I-II-2006,HistoricalObservation,derived_from,LH-SRC-OC-BOND-2006Q4,Source,,,LH-OBS-LH-PRODUCT-COVENANT-HILLS-AMARANTE-I-II-2006,LH-SRC-OC-BOND-2006Q4,high,3.0,reviewed,"Product-level CFD counts are not address-level completion, habitability, or occupancy dates; closed escrow is not transferred to a tract geometry.",
LH-EDGE-M5-00470,LH-OBS-LH-PRODUCT-COVENANT-HILLS-AMARANTE-I-II-2011,HistoricalObservation,observes,LH-PRODUCT-COVENANT-HILLS-AMARANTE-I-II,HistoricalObject,2011-12-31,,LH-OBS-LH-PRODUCT-COVENANT-HILLS-AMARANTE-I-II-2011,LH-SRC-OC-BOND-2011Q4,high,3.0,reviewed,"Product-level CFD counts are not address-level completion, habitability, or occupancy dates; closed escrow is not transferred to a tract geometry.",
LH-EDGE-M5-00471,LH-OBS-LH-PRODUCT-COVENANT-HILLS-AMARANTE-I-II-2011,HistoricalObservation,derived_from,LH-SRC-OC-BOND-2011Q4,Source,,,LH-OBS-LH-PRODUCT-COVENANT-HILLS-AMARANTE-I-II-2011,LH-SRC-OC-BOND-2011Q4,high,3.0,reviewed,"Product-level CFD counts are not address-level completion, habitability, or occupancy dates; closed escrow is not transferred to a tract geometry.",
LH-EDGE-M5-00472,LH-OBS-LH-PRODUCT-COVENANT-HILLS-ARBOLEDO-2006,HistoricalObservation,observes,LH-PRODUCT-COVENANT-HILLS-ARBOLEDO,HistoricalObject,2006-12-31,,LH-OBS-LH-PRODUCT-COVENANT-HILLS-ARBOLEDO-2006,LH-SRC-OC-BOND-2006Q4,high,3.0,reviewed,"Product-level CFD counts are not address-level completion, habitability, or occupancy dates; closed escrow is not transferred to a tract geometry.",
LH-EDGE-M5-00473,LH-OBS-LH-PRODUCT-COVENANT-HILLS-ARBOLEDO-2006,HistoricalObservation,derived_from,LH-SRC-OC-BOND-2006Q4,Source,,,LH-OBS-LH-PRODUCT-COVENANT-HILLS-ARBOLEDO-2006,LH-SRC-OC-BOND-2006Q4,high,3.0,reviewed,"Product-level CFD counts are not address-level completion, habitability, or occupancy dates; closed escrow is not transferred to a tract geometry.",
LH-EDGE-M5-00474,LH-OBS-LH-PRODUCT-COVENANT-HILLS-ARBOLEDO-2011,HistoricalObservation,observes,LH-PRODUCT-COVENANT-HILLS-ARBOLEDO,HistoricalObject,2011-12-31,,LH-OBS-LH-PRODUCT-COVENANT-HILLS-ARBOLEDO-2011,LH-SRC-OC-BOND-2011Q4,high,3.0,reviewed,"Product-level CFD counts are not address-level completion, habitability, or occupancy dates; closed escrow is not transferred to a tract geometry.",
LH-EDGE-M5-00475,LH-OBS-LH-PRODUCT-COVENANT-HILLS-ARBOLEDO-2011,HistoricalObservation,derived_from,LH-SRC-OC-BOND-2011Q4,Source,,,LH-OBS-LH-PRODUCT-COVENANT-HILLS-ARBOLEDO-2011,LH-SRC-OC-BOND-2011Q4,high,3.0,reviewed,"Product-level CFD counts are not address-level completion, habitability, or occupancy dates; closed escrow is not transferred to a tract geometry.",
LH-EDGE-M5-00476,LH-OBS-LH-PRODUCT-COVENANT-HILLS-BELLATAIRE-I-II-2006,HistoricalObservation,observes,LH-PRODUCT-COVENANT-HILLS-BELLATAIRE-I-II,HistoricalObject,2006-12-31,,LH-OBS-LH-PRODUCT-COVENANT-HILLS-BELLATAIRE-I-II-2006,LH-SRC-OC-BOND-2006Q4,high,3.0,reviewed,"Product-level CFD counts are not address-level completion, habitability, or occupancy dates; closed escrow is not transferred to a tract geometry.",
LH-EDGE-M5-00477,LH-OBS-LH-PRODUCT-COVENANT-HILLS-BELLATAIRE-I-II-2006,HistoricalObservation,derived_from,LH-SRC-OC-BOND-2006Q4,Source,,,LH-OBS-LH-PRODUCT-COVENANT-HILLS-BELLATAIRE-I-II-2006,LH-SRC-OC-BOND-2006Q4,high,3.0,reviewed,"Product-level CFD counts are not address-level completion, habitability, or occupancy dates; closed escrow is not transferred to a tract geometry.",
LH-EDGE-M5-00478,LH-OBS-LH-PRODUCT-COVENANT-HILLS-BELLATAIRE-I-II-2011,HistoricalObservation,observes,LH-PRODUCT-COVENANT-HILLS-BELLATAIRE-I-II,HistoricalObject,2011-12-31,,LH-OBS-LH-PRODUCT-COVENANT-HILLS-BELLATAIRE-I-II-2011,LH-SRC-OC-BOND-2011Q4,high,3.0,reviewed,"Product-level CFD counts are not address-level completion, habitability, or occupancy dates; closed escrow is not transferred to a tract geometry.",
LH-EDGE-M5-00479,LH-OBS-LH-PRODUCT-COVENANT-HILLS-BELLATAIRE-I-II-2011,HistoricalObservation,derived_from,LH-SRC-OC-BOND-2011Q4,Source,,,LH-OBS-LH-PRODUCT-COVENANT-HILLS-BELLATAIRE-I-II-2011,LH-SRC-OC-BOND-2011Q4,high,3.0,reviewed,"Product-level CFD counts are not address-level completion, habitability, or occupancy dates; closed escrow is not transferred to a tract geometry.",
LH-EDGE-M5-00480,LH-OBS-LH-PRODUCT-COVENANT-HILLS-CAPISTRANO-2006,HistoricalObservation,observes,LH-PRODUCT-COVENANT-HILLS-CAPISTRANO,HistoricalObject,2006-12-31,,LH-OBS-LH-PRODUCT-COVENANT-HILLS-CAPISTRANO-2006,LH-SRC-OC-BOND-2006Q4,high,3.0,reviewed,"Product-level CFD counts are not address-level completion, habitability, or occupancy dates; closed escrow is not transferred to a tract geometry.",
LH-EDGE-M5-00481,LH-OBS-LH-PRODUCT-COVENANT-HILLS-CAPISTRANO-2006,HistoricalObservation,derived_from,LH-SRC-OC-BOND-2006Q4,Source,,,LH-OBS-LH-PRODUCT-COVENANT-HILLS-CAPISTRANO-2006,LH-SRC-OC-BOND-2006Q4,high,3.0,reviewed,"Product-level CFD counts are not address-level completion, habitability, or occupancy dates; closed escrow is not transferred to a tract geometry.",
LH-EDGE-M5-00482,LH-OBS-LH-PRODUCT-COVENANT-HILLS-CAPISTRANO-2011,HistoricalObservation,observes,LH-PRODUCT-COVENANT-HILLS-CAPISTRANO,HistoricalObject,2011-12-31,,LH-OBS-LH-PRODUCT-COVENANT-HILLS-CAPISTRANO-2011,LH-SRC-OC-BOND-2011Q4,high,3.0,reviewed,"Product-level CFD counts are not address-level completion, habitability, or occupancy dates; closed escrow is not transferred to a tract geometry.",
LH-EDGE-M5-00483,LH-OBS-LH-PRODUCT-COVENANT-HILLS-CAPISTRANO-2011,HistoricalObservation,derived_from,LH-SRC-OC-BOND-2011Q4,Source,,,LH-OBS-LH-PRODUCT-COVENANT-HILLS-CAPISTRANO-2011,LH-SRC-OC-BOND-2011Q4,high,3.0,reviewed,"Product-level CFD counts are not address-level completion, habitability, or occupancy dates; closed escrow is not transferred to a tract geometry.",
LH-EDGE-M5-00484,LH-OBS-LH-PRODUCT-COVENANT-HILLS-CASTELLINA-2006,HistoricalObservation,observes,LH-PRODUCT-COVENANT-HILLS-CASTELLINA,HistoricalObject,2006-12-31,,LH-OBS-LH-PRODUCT-COVENANT-HILLS-CASTELLINA-2006,LH-SRC-OC-BOND-2006Q4,high,3.0,reviewed,"Product-level CFD counts are not address-level completion, habitability, or occupancy dates; closed escrow is not transferred to a tract geometry.",
LH-EDGE-M5-00485,LH-OBS-LH-PRODUCT-COVENANT-HILLS-CASTELLINA-2006,HistoricalObservation,derived_from,LH-SRC-OC-BOND-2006Q4,Source,,,LH-OBS-LH-PRODUCT-COVENANT-HILLS-CASTELLINA-2006,LH-SRC-OC-BOND-2006Q4,high,3.0,reviewed,"Product-level CFD counts are not address-level completion, habitability, or occupancy dates; closed escrow is not transferred to a tract geometry.",
LH-EDGE-M5-00486,LH-OBS-LH-PRODUCT-COVENANT-HILLS-CASTELLINA-2011,HistoricalObservation,observes,LH-PRODUCT-COVENANT-HILLS-CASTELLINA,HistoricalObject,2011-12-31,,LH-OBS-LH-PRODUCT-COVENANT-HILLS-CASTELLINA-2011,LH-SRC-OC-BOND-2011Q4,high,3.0,reviewed,"Product-level CFD counts are not address-level completion, habitability, or occupancy dates; closed escrow is not transferred to a tract geometry.",
LH-EDGE-M5-00487,LH-OBS-LH-PRODUCT-COVENANT-HILLS-CASTELLINA-2011,HistoricalObservation,derived_from,LH-SRC-OC-BOND-2011Q4,Source,,,LH-OBS-LH-PRODUCT-COVENANT-HILLS-CASTELLINA-2011,LH-SRC-OC-BOND-2011Q4,high,3.0,reviewed,"Product-level CFD counts are not address-level completion, habitability, or occupancy dates; closed escrow is not transferred to a tract geometry.",
LH-EDGE-M5-00488,LH-OBS-LH-PRODUCT-COVENANT-HILLS-DMB-LADERA-CUSTOM-LOTS-2006,HistoricalObservation,observes,LH-PRODUCT-COVENANT-HILLS-DMB-LADERA-CUSTOM-LOTS,HistoricalObject,2006-12-31,,LH-OBS-LH-PRODUCT-COVENANT-HILLS-DMB-LADERA-CUSTOM-LOTS-2006,LH-SRC-OC-BOND-2006Q4,high,3.0,reviewed,"Product-level CFD counts are not address-level completion, habitability, or occupancy dates; closed escrow is not transferred to a tract geometry.",
LH-EDGE-M5-00489,LH-OBS-LH-PRODUCT-COVENANT-HILLS-DMB-LADERA-CUSTOM-LOTS-2006,HistoricalObservation,derived_from,LH-SRC-OC-BOND-2006Q4,Source,,,LH-OBS-LH-PRODUCT-COVENANT-HILLS-DMB-LADERA-CUSTOM-LOTS-2006,LH-SRC-OC-BOND-2006Q4,high,3.0,reviewed,"Product-level CFD counts are not address-level completion, habitability, or occupancy dates; closed escrow is not transferred to a tract geometry.",
LH-EDGE-M5-00490,LH-OBS-LH-PRODUCT-COVENANT-HILLS-DMB-LADERA-CUSTOM-LOTS-2011,HistoricalObservation,observes,LH-PRODUCT-COVENANT-HILLS-DMB-LADERA-CUSTOM-LOTS,HistoricalObject,2011-12-31,,LH-OBS-LH-PRODUCT-COVENANT-HILLS-DMB-LADERA-CUSTOM-LOTS-2011,LH-SRC-OC-BOND-2011Q4,high,3.0,reviewed,"Product-level CFD counts are not address-level completion, habitability, or occupancy dates; closed escrow is not transferred to a tract geometry.",
LH-EDGE-M5-00491,LH-OBS-LH-PRODUCT-COVENANT-HILLS-DMB-LADERA-CUSTOM-LOTS-2011,HistoricalObservation,derived_from,LH-SRC-OC-BOND-2011Q4,Source,,,LH-OBS-LH-PRODUCT-COVENANT-HILLS-DMB-LADERA-CUSTOM-LOTS-2011,LH-SRC-OC-BOND-2011Q4,high,3.0,reviewed,"Product-level CFD counts are not address-level completion, habitability, or occupancy dates; closed escrow is not transferred to a tract geometry.",
LH-EDGE-M5-00492,LH-OBS-LH-PRODUCT-COVENANT-HILLS-ENCANTADA-2006,HistoricalObservation,observes,LH-PRODUCT-COVENANT-HILLS-ENCANTADA,HistoricalObject,2006-12-31,,LH-OBS-LH-PRODUCT-COVENANT-HILLS-ENCANTADA-2006,LH-SRC-OC-BOND-2006Q4,high,3.0,reviewed,"Product-level CFD counts are not address-level completion, habitability, or occupancy dates; closed escrow is not transferred to a tract geometry.",
LH-EDGE-M5-00493,LH-OBS-LH-PRODUCT-COVENANT-HILLS-ENCANTADA-2006,HistoricalObservation,derived_from,LH-SRC-OC-BOND-2006Q4,Source,,,LH-OBS-LH-PRODUCT-COVENANT-HILLS-ENCANTADA-2006,LH-SRC-OC-BOND-2006Q4,high,3.0,reviewed,"Product-level CFD counts are not address-level completion, habitability, or occupancy dates; closed escrow is not transferred to a tract geometry.",
LH-EDGE-M5-00494,LH-OBS-LH-PRODUCT-COVENANT-HILLS-ENCANTADA-2011,HistoricalObservation,observes,LH-PRODUCT-COVENANT-HILLS-ENCANTADA,HistoricalObject,2011-12-31,,LH-OBS-LH-PRODUCT-COVENANT-HILLS-ENCANTADA-2011,LH-SRC-OC-BOND-2011Q4,high,3.0,reviewed,"Product-level CFD counts are not address-level completion, habitability, or occupancy dates; closed escrow is not transferred to a tract geometry.",
LH-EDGE-M5-00495,LH-OBS-LH-PRODUCT-COVENANT-HILLS-ENCANTADA-2011,HistoricalObservation,derived_from,LH-SRC-OC-BOND-2011Q4,Source,,,LH-OBS-LH-PRODUCT-COVENANT-HILLS-ENCANTADA-2011,LH-SRC-OC-BOND-2011Q4,high,3.0,reviewed,"Product-level CFD counts are not address-level completion, habitability, or occupancy dates; closed escrow is not transferred to a tract geometry.",
LH-EDGE-M5-00496,LH-OBS-LH-PRODUCT-COVENANT-HILLS-LAS-PIEDRAS-2006,HistoricalObservation,observes,LH-PRODUCT-COVENANT-HILLS-LAS-PIEDRAS,HistoricalObject,2006-12-31,,LH-OBS-LH-PRODUCT-COVENANT-HILLS-LAS-PIEDRAS-2006,LH-SRC-OC-BOND-2006Q4,high,3.0,reviewed,"Product-level CFD counts are not address-level completion, habitability, or occupancy dates; closed escrow is not transferred to a tract geometry.",
LH-EDGE-M5-00497,LH-OBS-LH-PRODUCT-COVENANT-HILLS-LAS-PIEDRAS-2006,HistoricalObservation,derived_from,LH-SRC-OC-BOND-2006Q4,Source,,,LH-OBS-LH-PRODUCT-COVENANT-HILLS-LAS-PIEDRAS-2006,LH-SRC-OC-BOND-2006Q4,high,3.0,reviewed,"Product-level CFD counts are not address-level completion, habitability, or occupancy dates; closed escrow is not transferred to a tract geometry.",
LH-EDGE-M5-00498,LH-OBS-LH-PRODUCT-COVENANT-HILLS-LAS-PIEDRAS-2011,HistoricalObservation,observes,LH-PRODUCT-COVENANT-HILLS-LAS-PIEDRAS,HistoricalObject,2011-12-31,,LH-OBS-LH-PRODUCT-COVENANT-HILLS-LAS-PIEDRAS-2011,LH-SRC-OC-BOND-2011Q4,high,3.0,reviewed,"Product-level CFD counts are not address-level completion, habitability, or occupancy dates; closed escrow is not transferred to a tract geometry.",
LH-EDGE-M5-00499,LH-OBS-LH-PRODUCT-COVENANT-HILLS-LAS-PIEDRAS-2011,HistoricalObservation,derived_from,LH-SRC-OC-BOND-2011Q4,Source,,,LH-OBS-LH-PRODUCT-COVENANT-HILLS-LAS-PIEDRAS-2011,LH-SRC-OC-BOND-2011Q4,high,3.0,reviewed,"Product-level CFD counts are not address-level completion, habitability, or occupancy dates; closed escrow is not transferred to a tract geometry.",
LH-EDGE-M5-00500,LH-OBS-LH-PRODUCT-COVENANT-HILLS-MERIDEN-2006,HistoricalObservation,observes,LH-PRODUCT-COVENANT-HILLS-MERIDEN,HistoricalObject,2006-12-31,,LH-OBS-LH-PRODUCT-COVENANT-HILLS-MERIDEN-2006,LH-SRC-OC-BOND-2006Q4,high,3.0,reviewed,"Product-level CFD counts are not address-level completion, habitability, or occupancy dates; closed escrow is not transferred to a tract geometry.",
LH-EDGE-M5-00501,LH-OBS-LH-PRODUCT-COVENANT-HILLS-MERIDEN-2006,HistoricalObservation,derived_from,LH-SRC-OC-BOND-2006Q4,Source,,,LH-OBS-LH-PRODUCT-COVENANT-HILLS-MERIDEN-2006,LH-SRC-OC-BOND-2006Q4,high,3.0,reviewed,"Product-level CFD counts are not address-level completion, habitability, or occupancy dates; closed escrow is not transferred to a tract geometry.",
LH-EDGE-M5-00502,LH-OBS-LH-PRODUCT-COVENANT-HILLS-MERIDEN-2011,HistoricalObservation,observes,LH-PRODUCT-COVENANT-HILLS-MERIDEN,HistoricalObject,2011-12-31,,LH-OBS-LH-PRODUCT-COVENANT-HILLS-MERIDEN-2011,LH-SRC-OC-BOND-2011Q4,high,3.0,reviewed,"Product-level CFD counts are not address-level completion, habitability, or occupancy dates; closed escrow is not transferred to a tract geometry.",
LH-EDGE-M5-00503,LH-OBS-LH-PRODUCT-COVENANT-HILLS-MERIDEN-2011,HistoricalObservation,derived_from,LH-SRC-OC-BOND-2011Q4,Source,,,LH-OBS-LH-PRODUCT-COVENANT-HILLS-MERIDEN-2011,LH-SRC-OC-BOND-2011Q4,high,3.0,reviewed,"Product-level CFD counts are not address-level completion, habitability, or occupancy dates; closed escrow is not transferred to a tract geometry.",
LH-EDGE-M5-00504,LH-OBS-LH-PRODUCT-COVENANT-HILLS-MONTANEZ-2006,HistoricalObservation,observes,LH-PRODUCT-COVENANT-HILLS-MONTANEZ,HistoricalObject,2006-12-31,,LH-OBS-LH-PRODUCT-COVENANT-HILLS-MONTANEZ-2006,LH-SRC-OC-BOND-2006Q4,high,3.0,reviewed,"Product-level CFD counts are not address-level completion, habitability, or occupancy dates; closed escrow is not transferred to a tract geometry.",
LH-EDGE-M5-00505,LH-OBS-LH-PRODUCT-COVENANT-HILLS-MONTANEZ-2006,HistoricalObservation,derived_from,LH-SRC-OC-BOND-2006Q4,Source,,,LH-OBS-LH-PRODUCT-COVENANT-HILLS-MONTANEZ-2006,LH-SRC-OC-BOND-2006Q4,high,3.0,reviewed,"Product-level CFD counts are not address-level completion, habitability, or occupancy dates; closed escrow is not transferred to a tract geometry.",
LH-EDGE-M5-00506,LH-OBS-LH-PRODUCT-COVENANT-HILLS-MONTANEZ-2011,HistoricalObservation,observes,LH-PRODUCT-COVENANT-HILLS-MONTANEZ,HistoricalObject,2011-12-31,,LH-OBS-LH-PRODUCT-COVENANT-HILLS-MONTANEZ-2011,LH-SRC-OC-BOND-2011Q4,high,3.0,reviewed,"Product-level CFD counts are not address-level completion, habitability, or occupancy dates; closed escrow is not transferred to a tract geometry.",
LH-EDGE-M5-00507,LH-OBS-LH-PRODUCT-COVENANT-HILLS-MONTANEZ-2011,HistoricalObservation,derived_from,LH-SRC-OC-BOND-2011Q4,Source,,,LH-OBS-LH-PRODUCT-COVENANT-HILLS-MONTANEZ-2011,LH-SRC-OC-BOND-2011Q4,high,3.0,reviewed,"Product-level CFD counts are not address-level completion, habitability, or occupancy dates; closed escrow is not transferred to a tract geometry.",
LH-EDGE-M5-00508,LH-OBS-LH-PRODUCT-COVENANT-HILLS-SAN-DONATO-2006,HistoricalObservation,observes,LH-PRODUCT-COVENANT-HILLS-SAN-DONATO,HistoricalObject,2006-12-31,,LH-OBS-LH-PRODUCT-COVENANT-HILLS-SAN-DONATO-2006,LH-SRC-OC-BOND-2006Q4,high,3.0,reviewed,"Product-level CFD counts are not address-level completion, habitability, or occupancy dates; closed escrow is not transferred to a tract geometry.",
LH-EDGE-M5-00509,LH-OBS-LH-PRODUCT-COVENANT-HILLS-SAN-DONATO-2006,HistoricalObservation,derived_from,LH-SRC-OC-BOND-2006Q4,Source,,,LH-OBS-LH-PRODUCT-COVENANT-HILLS-SAN-DONATO-2006,LH-SRC-OC-BOND-2006Q4,high,3.0,reviewed,"Product-level CFD counts are not address-level completion, habitability, or occupancy dates; closed escrow is not transferred to a tract geometry.",
LH-EDGE-M5-00510,LH-OBS-LH-PRODUCT-COVENANT-HILLS-SAN-DONATO-2011,HistoricalObservation,observes,LH-PRODUCT-COVENANT-HILLS-SAN-DONATO,HistoricalObject,2011-12-31,,LH-OBS-LH-PRODUCT-COVENANT-HILLS-SAN-DONATO-2011,LH-SRC-OC-BOND-2011Q4,high,3.0,reviewed,"Product-level CFD counts are not address-level completion, habitability, or occupancy dates; closed escrow is not transferred to a tract geometry.",
LH-EDGE-M5-00511,LH-OBS-LH-PRODUCT-COVENANT-HILLS-SAN-DONATO-2011,HistoricalObservation,derived_from,LH-SRC-OC-BOND-2011Q4,Source,,,LH-OBS-LH-PRODUCT-COVENANT-HILLS-SAN-DONATO-2011,LH-SRC-OC-BOND-2011Q4,high,3.0,reviewed,"Product-level CFD counts are not address-level completion, habitability, or occupancy dates; closed escrow is not transferred to a tract geometry.",
LH-EDGE-M5-00512,LH-OBS-LH-PRODUCT-COVENANT-HILLS-SEGOVIA-2006,HistoricalObservation,observes,LH-PRODUCT-COVENANT-HILLS-SEGOVIA,HistoricalObject,2006-12-31,,LH-OBS-LH-PRODUCT-COVENANT-HILLS-SEGOVIA-2006,LH-SRC-OC-BOND-2006Q4,high,3.0,reviewed,"Product-level CFD counts are not address-level completion, habitability, or occupancy dates; closed escrow is not transferred to a tract geometry.",
LH-EDGE-M5-00513,LH-OBS-LH-PRODUCT-COVENANT-HILLS-SEGOVIA-2006,HistoricalObservation,derived_from,LH-SRC-OC-BOND-2006Q4,Source,,,LH-OBS-LH-PRODUCT-COVENANT-HILLS-SEGOVIA-2006,LH-SRC-OC-BOND-2006Q4,high,3.0,reviewed,"Product-level CFD counts are not address-level completion, habitability, or occupancy dates; closed escrow is not transferred to a tract geometry.",
LH-EDGE-M5-00514,LH-OBS-LH-PRODUCT-COVENANT-HILLS-SEGOVIA-2011,HistoricalObservation,observes,LH-PRODUCT-COVENANT-HILLS-SEGOVIA,HistoricalObject,2011-12-31,,LH-OBS-LH-PRODUCT-COVENANT-HILLS-SEGOVIA-2011,LH-SRC-OC-BOND-2011Q4,high,3.0,reviewed,"Product-level CFD counts are not address-level completion, habitability, or occupancy dates; closed escrow is not transferred to a tract geometry.",
LH-EDGE-M5-00515,LH-OBS-LH-PRODUCT-COVENANT-HILLS-SEGOVIA-2011,HistoricalObservation,derived_from,LH-SRC-OC-BOND-2011Q4,Source,,,LH-OBS-LH-PRODUCT-COVENANT-HILLS-SEGOVIA-2011,LH-SRC-OC-BOND-2011Q4,high,3.0,reviewed,"Product-level CFD counts are not address-level completion, habitability, or occupancy dates; closed escrow is not transferred to a tract geometry.",
LH-EDGE-M5-00516,LH-OBS-LH-PRODUCT-COVENANT-HILLS-SHERBORNE-2006,HistoricalObservation,observes,LH-PRODUCT-COVENANT-HILLS-SHERBORNE,HistoricalObject,2006-12-31,,LH-OBS-LH-PRODUCT-COVENANT-HILLS-SHERBORNE-2006,LH-SRC-OC-BOND-2006Q4,high,3.0,reviewed,"Product-level CFD counts are not address-level completion, habitability, or occupancy dates; closed escrow is not transferred to a tract geometry.",
LH-EDGE-M5-00517,LH-OBS-LH-PRODUCT-COVENANT-HILLS-SHERBORNE-2006,HistoricalObservation,derived_from,LH-SRC-OC-BOND-2006Q4,Source,,,LH-OBS-LH-PRODUCT-COVENANT-HILLS-SHERBORNE-2006,LH-SRC-OC-BOND-2006Q4,high,3.0,reviewed,"Product-level CFD counts are not address-level completion, habitability, or occupancy dates; closed escrow is not transferred to a tract geometry.",
LH-EDGE-M5-00518,LH-OBS-LH-PRODUCT-COVENANT-HILLS-SHERBORNE-2011,HistoricalObservation,observes,LH-PRODUCT-COVENANT-HILLS-SHERBORNE,HistoricalObject,2011-12-31,,LH-OBS-LH-PRODUCT-COVENANT-HILLS-SHERBORNE-2011,LH-SRC-OC-BOND-2011Q4,high,3.0,reviewed,"Product-level CFD counts are not address-level completion, habitability, or occupancy dates; closed escrow is not transferred to a tract geometry.",
LH-EDGE-M5-00519,LH-OBS-LH-PRODUCT-COVENANT-HILLS-SHERBORNE-2011,HistoricalObservation,derived_from,LH-SRC-OC-BOND-2011Q4,Source,,,LH-OBS-LH-PRODUCT-COVENANT-HILLS-SHERBORNE-2011,LH-SRC-OC-BOND-2011Q4,high,3.0,reviewed,"Product-level CFD counts are not address-level completion, habitability, or occupancy dates; closed escrow is not transferred to a tract geometry.",
LH-EDGE-M5-00520,LH-OBS-LH-PRODUCT-COVENANT-HILLS-SKYE-ISLE-2006,HistoricalObservation,observes,LH-PRODUCT-COVENANT-HILLS-SKYE-ISLE,HistoricalObject,2006-12-31,,LH-OBS-LH-PRODUCT-COVENANT-HILLS-SKYE-ISLE-2006,LH-SRC-OC-BOND-2006Q4,high,3.0,reviewed,"Product-level CFD counts are not address-level completion, habitability, or occupancy dates; closed escrow is not transferred to a tract geometry.",
LH-EDGE-M5-00521,LH-OBS-LH-PRODUCT-COVENANT-HILLS-SKYE-ISLE-2006,HistoricalObservation,derived_from,LH-SRC-OC-BOND-2006Q4,Source,,,LH-OBS-LH-PRODUCT-COVENANT-HILLS-SKYE-ISLE-2006,LH-SRC-OC-BOND-2006Q4,high,3.0,reviewed,"Product-level CFD counts are not address-level completion, habitability, or occupancy dates; closed escrow is not transferred to a tract geometry.",
LH-EDGE-M5-00522,LH-OBS-LH-PRODUCT-COVENANT-HILLS-SKYE-ISLE-2011,HistoricalObservation,observes,LH-PRODUCT-COVENANT-HILLS-SKYE-ISLE,HistoricalObject,2011-12-31,,LH-OBS-LH-PRODUCT-COVENANT-HILLS-SKYE-ISLE-2011,LH-SRC-OC-BOND-2011Q4,high,3.0,reviewed,"Product-level CFD counts are not address-level completion, habitability, or occupancy dates; closed escrow is not transferred to a tract geometry.",
LH-EDGE-M5-00523,LH-OBS-LH-PRODUCT-COVENANT-HILLS-SKYE-ISLE-2011,HistoricalObservation,derived_from,LH-SRC-OC-BOND-2011Q4,Source,,,LH-OBS-LH-PRODUCT-COVENANT-HILLS-SKYE-ISLE-2011,LH-SRC-OC-BOND-2011Q4,high,3.0,reviewed,"Product-level CFD counts are not address-level completion, habitability, or occupancy dates; closed escrow is not transferred to a tract geometry.",
LH-EDGE-M5-00524,LH-OBS-LH-PRODUCT-TERRAMOR-ARBORAGE-2006,HistoricalObservation,observes,LH-PRODUCT-TERRAMOR-ARBORAGE,HistoricalObject,2006-12-31,,LH-OBS-LH-PRODUCT-TERRAMOR-ARBORAGE-2006,LH-SRC-OC-BOND-2006Q4,high,3.0,reviewed,"Product-level CFD counts are not address-level completion, habitability, or occupancy dates; closed escrow is not transferred to a tract geometry.",
LH-EDGE-M5-00525,LH-OBS-LH-PRODUCT-TERRAMOR-ARBORAGE-2006,HistoricalObservation,derived_from,LH-SRC-OC-BOND-2006Q4,Source,,,LH-OBS-LH-PRODUCT-TERRAMOR-ARBORAGE-2006,LH-SRC-OC-BOND-2006Q4,high,3.0,reviewed,"Product-level CFD counts are not address-level completion, habitability, or occupancy dates; closed escrow is not transferred to a tract geometry.",
LH-EDGE-M5-00526,LH-OBS-LH-PRODUCT-TERRAMOR-BANISTER-STREET-2006,HistoricalObservation,observes,LH-PRODUCT-TERRAMOR-BANISTER-STREET,HistoricalObject,2006-12-31,,LH-OBS-LH-PRODUCT-TERRAMOR-BANISTER-STREET-2006,LH-SRC-OC-BOND-2006Q4,high,3.0,reviewed,"Product-level CFD counts are not address-level completion, habitability, or occupancy dates; closed escrow is not transferred to a tract geometry.",
LH-EDGE-M5-00527,LH-OBS-LH-PRODUCT-TERRAMOR-BANISTER-STREET-2006,HistoricalObservation,derived_from,LH-SRC-OC-BOND-2006Q4,Source,,,LH-OBS-LH-PRODUCT-TERRAMOR-BANISTER-STREET-2006,LH-SRC-OC-BOND-2006Q4,high,3.0,reviewed,"Product-level CFD counts are not address-level completion, habitability, or occupancy dates; closed escrow is not transferred to a tract geometry.",
LH-EDGE-M5-00528,LH-OBS-LH-PRODUCT-TERRAMOR-BRANCHES-2006,HistoricalObservation,observes,LH-PRODUCT-TERRAMOR-BRANCHES,HistoricalObject,2006-12-31,,LH-OBS-LH-PRODUCT-TERRAMOR-BRANCHES-2006,LH-SRC-OC-BOND-2006Q4,high,3.0,reviewed,"Product-level CFD counts are not address-level completion, habitability, or occupancy dates; closed escrow is not transferred to a tract geometry.",
LH-EDGE-M5-00529,LH-OBS-LH-PRODUCT-TERRAMOR-BRANCHES-2006,HistoricalObservation,derived_from,LH-SRC-OC-BOND-2006Q4,Source,,,LH-OBS-LH-PRODUCT-TERRAMOR-BRANCHES-2006,LH-SRC-OC-BOND-2006Q4,high,3.0,reviewed,"Product-level CFD counts are not address-level completion, habitability, or occupancy dates; closed escrow is not transferred to a tract geometry.",
LH-EDGE-M5-00530,LH-OBS-LH-PRODUCT-TERRAMOR-BRIAR-ROSE-2006,HistoricalObservation,observes,LH-PRODUCT-TERRAMOR-BRIAR-ROSE,HistoricalObject,2006-12-31,,LH-OBS-LH-PRODUCT-TERRAMOR-BRIAR-ROSE-2006,LH-SRC-OC-BOND-2006Q4,high,3.0,reviewed,"Product-level CFD counts are not address-level completion, habitability, or occupancy dates; closed escrow is not transferred to a tract geometry.",
LH-EDGE-M5-00531,LH-OBS-LH-PRODUCT-TERRAMOR-BRIAR-ROSE-2006,HistoricalObservation,derived_from,LH-SRC-OC-BOND-2006Q4,Source,,,LH-OBS-LH-PRODUCT-TERRAMOR-BRIAR-ROSE-2006,LH-SRC-OC-BOND-2006Q4,high,3.0,reviewed,"Product-level CFD counts are not address-level completion, habitability, or occupancy dates; closed escrow is not transferred to a tract geometry.",
LH-EDGE-M5-00532,LH-OBS-LH-PRODUCT-TERRAMOR-CLAIBORNE-2006,HistoricalObservation,observes,LH-PRODUCT-TERRAMOR-CLAIBORNE,HistoricalObject,2006-12-31,,LH-OBS-LH-PRODUCT-TERRAMOR-CLAIBORNE-2006,LH-SRC-OC-BOND-2006Q4,high,3.0,reviewed,"Product-level CFD counts are not address-level completion, habitability, or occupancy dates; closed escrow is not transferred to a tract geometry.",
LH-EDGE-M5-00533,LH-OBS-LH-PRODUCT-TERRAMOR-CLAIBORNE-2006,HistoricalObservation,derived_from,LH-SRC-OC-BOND-2006Q4,Source,,,LH-OBS-LH-PRODUCT-TERRAMOR-CLAIBORNE-2006,LH-SRC-OC-BOND-2006Q4,high,3.0,reviewed,"Product-level CFD counts are not address-level completion, habitability, or occupancy dates; closed escrow is not transferred to a tract geometry.",
LH-EDGE-M5-00534,LH-OBS-LH-PRODUCT-TERRAMOR-EVERGREEN-LADERA-2006,HistoricalObservation,observes,LH-PRODUCT-TERRAMOR-EVERGREEN-LADERA,HistoricalObject,2006-12-31,,LH-OBS-LH-PRODUCT-TERRAMOR-EVERGREEN-LADERA-2006,LH-SRC-OC-BOND-2006Q4,high,3.0,reviewed,"Product-level CFD counts are not address-level completion, habitability, or occupancy dates; closed escrow is not transferred to a tract geometry.",
LH-EDGE-M5-00535,LH-OBS-LH-PRODUCT-TERRAMOR-EVERGREEN-LADERA-2006,HistoricalObservation,derived_from,LH-SRC-OC-BOND-2006Q4,Source,,,LH-OBS-LH-PRODUCT-TERRAMOR-EVERGREEN-LADERA-2006,LH-SRC-OC-BOND-2006Q4,high,3.0,reviewed,"Product-level CFD counts are not address-level completion, habitability, or occupancy dates; closed escrow is not transferred to a tract geometry.",
LH-EDGE-M5-00536,LH-OBS-LH-PRODUCT-TERRAMOR-MOSAIC-2006,HistoricalObservation,observes,LH-PRODUCT-TERRAMOR-MOSAIC,HistoricalObject,2006-12-31,,LH-OBS-LH-PRODUCT-TERRAMOR-MOSAIC-2006,LH-SRC-OC-BOND-2006Q4,high,3.0,reviewed,"Product-level CFD counts are not address-level completion, habitability, or occupancy dates; closed escrow is not transferred to a tract geometry.",
LH-EDGE-M5-00537,LH-OBS-LH-PRODUCT-TERRAMOR-MOSAIC-2006,HistoricalObservation,derived_from,LH-SRC-OC-BOND-2006Q4,Source,,,LH-OBS-LH-PRODUCT-TERRAMOR-MOSAIC-2006,LH-SRC-OC-BOND-2006Q4,high,3.0,reviewed,"Product-level CFD counts are not address-level completion, habitability, or occupancy dates; closed escrow is not transferred to a tract geometry.",
LH-EDGE-M5-00538,LH-OBS-LH-PRODUCT-TERRAMOR-SEDONA-2006,HistoricalObservation,observes,LH-PRODUCT-TERRAMOR-SEDONA,HistoricalObject,2006-12-31,,LH-OBS-LH-PRODUCT-TERRAMOR-SEDONA-2006,LH-SRC-OC-BOND-2006Q4,high,3.0,reviewed,"Product-level CFD counts are not address-level completion, habitability, or occupancy dates; closed escrow is not transferred to a tract geometry.",
LH-EDGE-M5-00539,LH-OBS-LH-PRODUCT-TERRAMOR-SEDONA-2006,HistoricalObservation,derived_from,LH-SRC-OC-BOND-2006Q4,Source,,,LH-OBS-LH-PRODUCT-TERRAMOR-SEDONA-2006,LH-SRC-OC-BOND-2006Q4,high,3.0,reviewed,"Product-level CFD counts are not address-level completion, habitability, or occupancy dates; closed escrow is not transferred to a tract geometry.",
LH-EDGE-M5-00540,LH-OBS-LH-PRODUCT-TERRAMOR-SUTTER-S-MILL-2006,HistoricalObservation,observes,LH-PRODUCT-TERRAMOR-SUTTER-S-MILL,HistoricalObject,2006-12-31,,LH-OBS-LH-PRODUCT-TERRAMOR-SUTTER-S-MILL-2006,LH-SRC-OC-BOND-2006Q4,high,3.0,reviewed,"Product-level CFD counts are not address-level completion, habitability, or occupancy dates; closed escrow is not transferred to a tract geometry.",
LH-EDGE-M5-00541,LH-OBS-LH-PRODUCT-TERRAMOR-SUTTER-S-MILL-2006,HistoricalObservation,derived_from,LH-SRC-OC-BOND-2006Q4,Source,,,LH-OBS-LH-PRODUCT-TERRAMOR-SUTTER-S-MILL-2006,LH-SRC-OC-BOND-2006Q4,high,3.0,reviewed,"Product-level CFD counts are not address-level completion, habitability, or occupancy dates; closed escrow is not transferred to a tract geometry.",
LH-EDGE-M5-00542,LH-OBS-LH-PRODUCT-TERRAMOR-TARLETON-2006,HistoricalObservation,observes,LH-PRODUCT-TERRAMOR-TARLETON,HistoricalObject,2006-12-31,,LH-OBS-LH-PRODUCT-TERRAMOR-TARLETON-2006,LH-SRC-OC-BOND-2006Q4,high,3.0,reviewed,"Product-level CFD counts are not address-level completion, habitability, or occupancy dates; closed escrow is not transferred to a tract geometry.",
LH-EDGE-M5-00543,LH-OBS-LH-PRODUCT-TERRAMOR-TARLETON-2006,HistoricalObservation,derived_from,LH-SRC-OC-BOND-2006Q4,Source,,,LH-OBS-LH-PRODUCT-TERRAMOR-TARLETON-2006,LH-SRC-OC-BOND-2006Q4,high,3.0,reviewed,"Product-level CFD counts are not address-level completion, habitability, or occupancy dates; closed escrow is not transferred to a tract geometry.",
LH-EDGE-M5-00544,LH-OBS-LH-PRODUCT-TERRAMOR-VALMONT-2006,HistoricalObservation,observes,LH-PRODUCT-TERRAMOR-VALMONT,HistoricalObject,2006-12-31,,LH-OBS-LH-PRODUCT-TERRAMOR-VALMONT-2006,LH-SRC-OC-BOND-2006Q4,high,3.0,reviewed,"Product-level CFD counts are not address-level completion, habitability, or occupancy dates; closed escrow is not transferred to a tract geometry.",
LH-EDGE-M5-00545,LH-OBS-LH-PRODUCT-TERRAMOR-VALMONT-2006,HistoricalObservation,derived_from,LH-SRC-OC-BOND-2006Q4,Source,,,LH-OBS-LH-PRODUCT-TERRAMOR-VALMONT-2006,LH-SRC-OC-BOND-2006Q4,high,3.0,reviewed,"Product-level CFD counts are not address-level completion, habitability, or occupancy dates; closed escrow is not transferred to a tract geometry.",
LH-EDGE-M5-00546,LH-OBS-LH-PRODUCT-TERRAMOR-WALDEN-PARK-2006,HistoricalObservation,observes,LH-PRODUCT-TERRAMOR-WALDEN-PARK,HistoricalObject,2006-12-31,,LH-OBS-LH-PRODUCT-TERRAMOR-WALDEN-PARK-2006,LH-SRC-OC-BOND-2006Q4,high,3.0,reviewed,"Product-level CFD counts are not address-level completion, habitability, or occupancy dates; closed escrow is not transferred to a tract geometry.",
LH-EDGE-M5-00547,LH-OBS-LH-PRODUCT-TERRAMOR-WALDEN-PARK-2006,HistoricalObservation,derived_from,LH-SRC-OC-BOND-2006Q4,Source,,,LH-OBS-LH-PRODUCT-TERRAMOR-WALDEN-PARK-2006,LH-SRC-OC-BOND-2006Q4,high,3.0,reviewed,"Product-level CFD counts are not address-level completion, habitability, or occupancy dates; closed escrow is not transferred to a tract geometry.",
LH-EDGE-M5-00548,LH-OBS-LH-COMMERCIAL-2006-LAUREL-TERRACE,HistoricalObservation,observes,LH-ASSET-UAC-LAUREL-TERRACE,HistoricalObject,2006-12-31,,LH-OBS-LH-COMMERCIAL-2006-LAUREL-TERRACE,LH-SRC-OC-BOND-2006Q4,high,3.0,reviewed,Snapshot status only; no opening date or historical footprint is inferred.,
LH-EDGE-M5-00549,LH-OBS-LH-COMMERCIAL-2006-LAUREL-TERRACE,HistoricalObservation,derived_from,LH-SRC-OC-BOND-2006Q4,Source,,,LH-OBS-LH-COMMERCIAL-2006-LAUREL-TERRACE,LH-SRC-OC-BOND-2006Q4,high,3.0,reviewed,Snapshot status only; no opening date or historical footprint is inferred.,
LH-EDGE-M5-00550,LH-OBS-LH-COMMERCIAL-2006-REMINGTON-ACTIVE-SENIORS,HistoricalObservation,observes,LH-ASSET-UAC-REMINGTON-ACTIVE-SENIORS,HistoricalObject,2006-12-31,,LH-OBS-LH-COMMERCIAL-2006-REMINGTON-ACTIVE-SENIORS,LH-SRC-OC-BOND-2006Q4,high,3.0,reviewed,Snapshot status only; no opening date or historical footprint is inferred.,
LH-EDGE-M5-00551,LH-OBS-LH-COMMERCIAL-2006-REMINGTON-ACTIVE-SENIORS,HistoricalObservation,derived_from,LH-SRC-OC-BOND-2006Q4,Source,,,LH-OBS-LH-COMMERCIAL-2006-REMINGTON-ACTIVE-SENIORS,LH-SRC-OC-BOND-2006Q4,high,3.0,reviewed,Snapshot status only; no opening date or historical footprint is inferred.,
LH-EDGE-M5-00552,LH-OBS-LH-COMMERCIAL-2006-LADERA-CORPORATE-TERRACE,HistoricalObservation,observes,LH-ASSET-UAC-LADERA-CORPORATE-TERRACE,HistoricalObject,2006-12-31,,LH-OBS-LH-COMMERCIAL-2006-LADERA-CORPORATE-TERRACE,LH-SRC-OC-BOND-2006Q4,high,3.0,reviewed,Snapshot status only; no opening date or historical footprint is inferred.,
LH-EDGE-M5-00553,LH-OBS-LH-COMMERCIAL-2006-LADERA-CORPORATE-TERRACE,HistoricalObservation,derived_from,LH-SRC-OC-BOND-2006Q4,Source,,,LH-OBS-LH-COMMERCIAL-2006-LADERA-CORPORATE-TERRACE,LH-SRC-OC-BOND-2006Q4,high,3.0,reviewed,Snapshot status only; no opening date or historical footprint is inferred.,
LH-EDGE-M5-00554,LH-OBS-LH-COMMERCIAL-2006-MONTESSORI-2101,HistoricalObservation,observes,LH-ASSET-UAC-MONTESSORI-2101,HistoricalObject,2006-12-31,,LH-OBS-LH-COMMERCIAL-2006-MONTESSORI-2101,LH-SRC-OC-BOND-2006Q4,high,3.0,reviewed,Snapshot status only; no opening date or historical footprint is inferred.,
LH-EDGE-M5-00555,LH-OBS-LH-COMMERCIAL-2006-MONTESSORI-2101,HistoricalObservation,derived_from,LH-SRC-OC-BOND-2006Q4,Source,,,LH-OBS-LH-COMMERCIAL-2006-MONTESSORI-2101,LH-SRC-OC-BOND-2006Q4,high,3.0,reviewed,Snapshot status only; no opening date or historical footprint is inferred.,
LH-EDGE-M5-00556,LH-OBS-LH-COMMERCIAL-2006-KINDER-CARE-1000,HistoricalObservation,observes,LH-ASSET-UAC-KINDER-CARE-1000,HistoricalObject,2006-12-31,,LH-OBS-LH-COMMERCIAL-2006-KINDER-CARE-1000,LH-SRC-OC-BOND-2006Q4,high,3.0,reviewed,Snapshot status only; no opening date or historical footprint is inferred.,
LH-EDGE-M5-00557,LH-OBS-LH-COMMERCIAL-2006-KINDER-CARE-1000,HistoricalObservation,derived_from,LH-SRC-OC-BOND-2006Q4,Source,,,LH-OBS-LH-COMMERCIAL-2006-KINDER-CARE-1000,LH-SRC-OC-BOND-2006Q4,high,3.0,reviewed,Snapshot status only; no opening date or historical footprint is inferred.,
LH-EDGE-M5-00558,LH-OBS-LH-COMMERCIAL-2006-TRACT-16036-LOTS-40-41,HistoricalObservation,observes,LH-ASSET-UAC-TRACT-16036-LOTS-40-41,HistoricalObject,2006-12-31,,LH-OBS-LH-COMMERCIAL-2006-TRACT-16036-LOTS-40-41,LH-SRC-OC-BOND-2006Q4,high,3.0,reviewed,Snapshot status only; no opening date or historical footprint is inferred.,
LH-EDGE-M5-00559,LH-OBS-LH-COMMERCIAL-2006-TRACT-16036-LOTS-40-41,HistoricalObservation,derived_from,LH-SRC-OC-BOND-2006Q4,Source,,,LH-OBS-LH-COMMERCIAL-2006-TRACT-16036-LOTS-40-41,LH-SRC-OC-BOND-2006Q4,high,3.0,reviewed,Snapshot status only; no opening date or historical footprint is inferred.,
LH-EDGE-M5-00560,LH-OBS-LH-COMMERCIAL-2006-MERCHANTILE-EAST,HistoricalObservation,observes,LH-ASSET-UAC-MERCHANTILE-EAST,HistoricalObject,2006-12-31,,LH-OBS-LH-COMMERCIAL-2006-MERCHANTILE-EAST,LH-SRC-OC-BOND-2006Q4,high,3.0,reviewed,Snapshot status only; no opening date or historical footprint is inferred.,
LH-EDGE-M5-00561,LH-OBS-LH-COMMERCIAL-2006-MERCHANTILE-EAST,HistoricalObservation,derived_from,LH-SRC-OC-BOND-2006Q4,Source,,,LH-OBS-LH-COMMERCIAL-2006-MERCHANTILE-EAST,LH-SRC-OC-BOND-2006Q4,high,3.0,reviewed,Snapshot status only; no opening date or historical footprint is inferred.,
LH-EDGE-M5-00562,LH-OBS-LH-COMMERCIAL-2006-LADERA-UAC-SELF-STORAGE,HistoricalObservation,observes,LH-ASSET-UAC-LADERA-UAC-SELF-STORAGE,HistoricalObject,2006-12-31,,LH-OBS-LH-COMMERCIAL-2006-LADERA-UAC-SELF-STORAGE,LH-SRC-OC-BOND-2006Q4,high,3.0,reviewed,Snapshot status only; no opening date or historical footprint is inferred.,
LH-EDGE-M5-00563,LH-OBS-LH-COMMERCIAL-2006-LADERA-UAC-SELF-STORAGE,HistoricalObservation,derived_from,LH-SRC-OC-BOND-2006Q4,Source,,,LH-OBS-LH-COMMERCIAL-2006-LADERA-UAC-SELF-STORAGE,LH-SRC-OC-BOND-2006Q4,high,3.0,reviewed,Snapshot status only; no opening date or historical footprint is inferred.,
LH-EDGE-M5-00564,LH-OBS-LH-PRODUCT-COVENANT-HILLS-AMARANTE-2006,HistoricalObservation,observes,LH-PRODUCT-COVENANT-HILLS-AMARANTE,HistoricalObject,2006-12-31,,LH-OBS-LH-PRODUCT-COVENANT-HILLS-AMARANTE-2006,LH-SRC-OC-BOND-2006Q4,high,3.0,reviewed,"Product-level CFD counts are not address-level completion, habitability, or occupancy dates; closed escrow is not transferred to a tract geometry.",
LH-EDGE-M5-00565,LH-OBS-LH-PRODUCT-COVENANT-HILLS-AMARANTE-2006,HistoricalObservation,derived_from,LH-SRC-OC-BOND-2006Q4,Source,,,LH-OBS-LH-PRODUCT-COVENANT-HILLS-AMARANTE-2006,LH-SRC-OC-BOND-2006Q4,high,3.0,reviewed,"Product-level CFD counts are not address-level completion, habitability, or occupancy dates; closed escrow is not transferred to a tract geometry.",
LH-EDGE-M5-00566,LH-OBS-LH-PRODUCT-COVENANT-HILLS-AMARANTE-2011,HistoricalObservation,observes,LH-PRODUCT-COVENANT-HILLS-AMARANTE,HistoricalObject,2011-12-31,,LH-OBS-LH-PRODUCT-COVENANT-HILLS-AMARANTE-2011,LH-SRC-OC-BOND-2011Q4,high,3.0,reviewed,"Product-level CFD counts are not address-level completion, habitability, or occupancy dates; closed escrow is not transferred to a tract geometry.",
LH-EDGE-M5-00567,LH-OBS-LH-PRODUCT-COVENANT-HILLS-AMARANTE-2011,HistoricalObservation,derived_from,LH-SRC-OC-BOND-2011Q4,Source,,,LH-OBS-LH-PRODUCT-COVENANT-HILLS-AMARANTE-2011,LH-SRC-OC-BOND-2011Q4,high,3.0,reviewed,"Product-level CFD counts are not address-level completion, habitability, or occupancy dates; closed escrow is not transferred to a tract geometry.",
LH-EDGE-M5-00568,LH-OBS-LH-PRODUCT-COVENANT-HILLS-BELLATAIRE-2006,HistoricalObservation,observes,LH-PRODUCT-COVENANT-HILLS-BELLATAIRE,HistoricalObject,2006-12-31,,LH-OBS-LH-PRODUCT-COVENANT-HILLS-BELLATAIRE-2006,LH-SRC-OC-BOND-2006Q4,high,3.0,reviewed,"Product-level CFD counts are not address-level completion, habitability, or occupancy dates; closed escrow is not transferred to a tract geometry.",
LH-EDGE-M5-00569,LH-OBS-LH-PRODUCT-COVENANT-HILLS-BELLATAIRE-2006,HistoricalObservation,derived_from,LH-SRC-OC-BOND-2006Q4,Source,,,LH-OBS-LH-PRODUCT-COVENANT-HILLS-BELLATAIRE-2006,LH-SRC-OC-BOND-2006Q4,high,3.0,reviewed,"Product-level CFD counts are not address-level completion, habitability, or occupancy dates; closed escrow is not transferred to a tract geometry.",
LH-EDGE-M5-00570,LH-OBS-LH-PRODUCT-COVENANT-HILLS-BELLATAIRE-2011,HistoricalObservation,observes,LH-PRODUCT-COVENANT-HILLS-BELLATAIRE,HistoricalObject,2011-12-31,,LH-OBS-LH-PRODUCT-COVENANT-HILLS-BELLATAIRE-2011,LH-SRC-OC-BOND-2011Q4,high,3.0,reviewed,"Product-level CFD counts are not address-level completion, habitability, or occupancy dates; closed escrow is not transferred to a tract geometry.",
LH-EDGE-M5-00571,LH-OBS-LH-PRODUCT-COVENANT-HILLS-BELLATAIRE-2011,HistoricalObservation,derived_from,LH-SRC-OC-BOND-2011Q4,Source,,,LH-OBS-LH-PRODUCT-COVENANT-HILLS-BELLATAIRE-2011,LH-SRC-OC-BOND-2011Q4,high,3.0,reviewed,"Product-level CFD counts are not address-level completion, habitability, or occupancy dates; closed escrow is not transferred to a tract geometry.",
LH-EDGE-M5-00572,LH-CLM-TRACT-15615,Claim,supported_by,LH-OBS-TRACT-15615,HistoricalObservation,1998-12-11,,LH-OBS-TRACT-15615,LH-SRC-OC-TRACTS,high,3.0,legal_map_relationship_review_required,The claim is limited to recording and carries no physical-development lifecycle meaning.,
LH-EDGE-M5-00573,LH-CLM-TRACT-15616,Claim,supported_by,LH-OBS-TRACT-15616,HistoricalObservation,1999-06-30,,LH-OBS-TRACT-15616,LH-SRC-OC-TRACTS,high,3.0,legal_map_relationship_review_required,The claim is limited to recording and carries no physical-development lifecycle meaning.,
LH-EDGE-M5-00574,LH-CLM-TRACT-15617,Claim,supported_by,LH-OBS-TRACT-15617,HistoricalObservation,1999-07-28,,LH-OBS-TRACT-15617,LH-SRC-OC-TRACTS,high,3.0,legal_map_relationship_review_required,The claim is limited to recording and carries no physical-development lifecycle meaning.,
LH-EDGE-M5-00575,LH-CLM-TRACT-15618,Claim,supported_by,LH-OBS-TRACT-15618,HistoricalObservation,1999-05-28,,LH-OBS-TRACT-15618,LH-SRC-OC-TRACTS,high,3.0,legal_map_relationship_review_required,The claim is limited to recording and carries no physical-development lifecycle meaning.,
LH-EDGE-M5-00576,LH-CLM-TRACT-15619,Claim,supported_by,LH-OBS-TRACT-15619,HistoricalObservation,2001-03-09,,LH-OBS-TRACT-15619,LH-SRC-OC-TRACTS,high,3.0,legal_map_relationship_review_required,The claim is limited to recording and carries no physical-development lifecycle meaning.,
LH-EDGE-M5-00577,LH-CLM-TRACT-15620,Claim,supported_by,LH-OBS-TRACT-15620,HistoricalObservation,1999-05-15,,LH-OBS-TRACT-15620,LH-SRC-OC-TRACTS,high,3.0,legal_map_relationship_review_required,The claim is limited to recording and carries no physical-development lifecycle meaning.,
LH-EDGE-M5-00578,LH-CLM-TRACT-15621,Claim,supported_by,LH-OBS-TRACT-15621,HistoricalObservation,1999-03-30,,LH-OBS-TRACT-15621,LH-SRC-OC-TRACTS,high,3.0,legal_map_relationship_review_required,The claim is limited to recording and carries no physical-development lifecycle meaning.,
LH-EDGE-M5-00579,LH-CLM-TRACT-15622,Claim,supported_by,LH-OBS-TRACT-15622,HistoricalObservation,1999-05-14,,LH-OBS-TRACT-15622,LH-SRC-OC-TRACTS,high,3.0,legal_map_relationship_review_required,The claim is limited to recording and carries no physical-development lifecycle meaning.,
LH-EDGE-M5-00580,LH-CLM-TRACT-15623,Claim,supported_by,LH-OBS-TRACT-15623,HistoricalObservation,1999-05-04,,LH-OBS-TRACT-15623,LH-SRC-OC-TRACTS,high,3.0,legal_map_relationship_review_required,The claim is limited to recording and carries no physical-development lifecycle meaning.,
LH-EDGE-M5-00581,LH-CLM-TRACT-15624,Claim,supported_by,LH-OBS-TRACT-15624,HistoricalObservation,2000-04-06,,LH-OBS-TRACT-15624,LH-SRC-OC-TRACTS,high,3.0,legal_map_relationship_review_required,The claim is limited to recording and carries no physical-development lifecycle meaning.,
LH-EDGE-M5-00582,LH-CLM-TRACT-15625,Claim,supported_by,LH-OBS-TRACT-15625,HistoricalObservation,1999-04-22,,LH-OBS-TRACT-15625,LH-SRC-OC-TRACTS,high,3.0,legal_map_relationship_review_required,The claim is limited to recording and carries no physical-development lifecycle meaning.,
LH-EDGE-M5-00583,LH-CLM-TRACT-15626,Claim,supported_by,LH-OBS-TRACT-15626,HistoricalObservation,1999-05-07,,LH-OBS-TRACT-15626,LH-SRC-OC-TRACTS,high,3.0,legal_map_relationship_review_required,The claim is limited to recording and carries no physical-development lifecycle meaning.,
LH-EDGE-M5-00584,LH-CLM-TRACT-15627,Claim,supported_by,LH-OBS-TRACT-15627,HistoricalObservation,1999-05-14,,LH-OBS-TRACT-15627,LH-SRC-OC-TRACTS,high,3.0,legal_map_relationship_review_required,The claim is limited to recording and carries no physical-development lifecycle meaning.,
LH-EDGE-M5-00585,LH-CLM-TRACT-15628,Claim,supported_by,LH-OBS-TRACT-15628,HistoricalObservation,1999-05-25,,LH-OBS-TRACT-15628,LH-SRC-OC-TRACTS,high,3.0,legal_map_relationship_review_required,The claim is limited to recording and carries no physical-development lifecycle meaning.,
LH-EDGE-M5-00586,LH-CLM-TRACT-15629,Claim,supported_by,LH-OBS-TRACT-15629,HistoricalObservation,1999-06-30,,LH-OBS-TRACT-15629,LH-SRC-OC-TRACTS,high,3.0,legal_map_relationship_review_required,The claim is limited to recording and carries no physical-development lifecycle meaning.,
LH-EDGE-M5-00587,LH-CLM-TRACT-15630,Claim,supported_by,LH-OBS-TRACT-15630,HistoricalObservation,1999-05-14,,LH-OBS-TRACT-15630,LH-SRC-OC-TRACTS,high,3.0,legal_map_relationship_review_required,The claim is limited to recording and carries no physical-development lifecycle meaning.,
LH-EDGE-M5-00588,LH-CLM-TRACT-15631,Claim,supported_by,LH-OBS-TRACT-15631,HistoricalObservation,2000-09-14,,LH-OBS-TRACT-15631,LH-SRC-OC-TRACTS,high,3.0,legal_map_relationship_review_required,The claim is limited to recording and carries no physical-development lifecycle meaning.,
LH-EDGE-M5-00589,LH-CLM-TRACT-15632,Claim,supported_by,LH-OBS-TRACT-15632,HistoricalObservation,1999-08-30,,LH-OBS-TRACT-15632,LH-SRC-OC-TRACTS,high,3.0,legal_map_relationship_review_required,The claim is limited to recording and carries no physical-development lifecycle meaning.,
LH-EDGE-M5-00590,LH-CLM-TRACT-15793,Claim,supported_by,LH-OBS-TRACT-15793,HistoricalObservation,2008-12-24,,LH-OBS-TRACT-15793,LH-SRC-OC-TRACTS,high,3.0,no_material_overlap_found,The claim is limited to recording and carries no physical-development lifecycle meaning.,
LH-EDGE-M5-00591,LH-CLM-TRACT-15813,Claim,supported_by,LH-OBS-TRACT-15813,HistoricalObservation,2000-06-14,,LH-OBS-TRACT-15813,LH-SRC-OC-TRACTS,high,3.0,legal_map_relationship_review_required,The claim is limited to recording and carries no physical-development lifecycle meaning.,
LH-EDGE-M5-00592,LH-CLM-TRACT-15827,Claim,supported_by,LH-OBS-TRACT-15827,HistoricalObservation,2000-05-10,,LH-OBS-TRACT-15827,LH-SRC-OC-TRACTS,high,3.0,legal_map_relationship_review_required,The claim is limited to recording and carries no physical-development lifecycle meaning.,
LH-EDGE-M5-00593,LH-CLM-TRACT-15884,Claim,supported_by,LH-OBS-TRACT-15884,HistoricalObservation,2000-01-14,,LH-OBS-TRACT-15884,LH-SRC-OC-TRACTS,high,3.0,legal_map_relationship_review_required,The claim is limited to recording and carries no physical-development lifecycle meaning.,
LH-EDGE-M5-00594,LH-CLM-TRACT-15885,Claim,supported_by,LH-OBS-TRACT-15885,HistoricalObservation,2000-07-27,,LH-OBS-TRACT-15885,LH-SRC-OC-TRACTS,high,3.0,legal_map_relationship_review_required,The claim is limited to recording and carries no physical-development lifecycle meaning.,
LH-EDGE-M5-00595,LH-CLM-TRACT-15886,Claim,supported_by,LH-OBS-TRACT-15886,HistoricalObservation,2000-10-30,,LH-OBS-TRACT-15886,LH-SRC-OC-TRACTS,high,3.0,legal_map_relationship_review_required,The claim is limited to recording and carries no physical-development lifecycle meaning.,
LH-EDGE-M5-00596,LH-CLM-TRACT-15887,Claim,supported_by,LH-OBS-TRACT-15887,HistoricalObservation,2000-06-02,,LH-OBS-TRACT-15887,LH-SRC-OC-TRACTS,high,3.0,legal_map_relationship_review_required,The claim is limited to recording and carries no physical-development lifecycle meaning.,
LH-EDGE-M5-00597,LH-CLM-TRACT-15888,Claim,supported_by,LH-OBS-TRACT-15888,HistoricalObservation,2000-06-02,,LH-OBS-TRACT-15888,LH-SRC-OC-TRACTS,high,3.0,legal_map_relationship_review_required,The claim is limited to recording and carries no physical-development lifecycle meaning.,
LH-EDGE-M5-00598,LH-CLM-TRACT-15901,Claim,supported_by,LH-OBS-TRACT-15901,HistoricalObservation,2000-07-06,,LH-OBS-TRACT-15901,LH-SRC-OC-TRACTS,high,3.0,legal_map_relationship_review_required,The claim is limited to recording and carries no physical-development lifecycle meaning.,
LH-EDGE-M5-00599,LH-CLM-TRACT-15902,Claim,supported_by,LH-OBS-TRACT-15902,HistoricalObservation,2000-06-16,,LH-OBS-TRACT-15902,LH-SRC-OC-TRACTS,high,3.0,legal_map_relationship_review_required,The claim is limited to recording and carries no physical-development lifecycle meaning.,
LH-EDGE-M5-00600,LH-CLM-TRACT-15903,Claim,supported_by,LH-OBS-TRACT-15903,HistoricalObservation,2000-06-16,,LH-OBS-TRACT-15903,LH-SRC-OC-TRACTS,high,3.0,legal_map_relationship_review_required,The claim is limited to recording and carries no physical-development lifecycle meaning.,
LH-EDGE-M5-00601,LH-CLM-TRACT-15904,Claim,supported_by,LH-OBS-TRACT-15904,HistoricalObservation,2000-06-02,,LH-OBS-TRACT-15904,LH-SRC-OC-TRACTS,high,3.0,legal_map_relationship_review_required,The claim is limited to recording and carries no physical-development lifecycle meaning.,
LH-EDGE-M5-00602,LH-CLM-TRACT-15905,Claim,supported_by,LH-OBS-TRACT-15905,HistoricalObservation,2000-08-16,,LH-OBS-TRACT-15905,LH-SRC-OC-TRACTS,high,3.0,legal_map_relationship_review_required,The claim is limited to recording and carries no physical-development lifecycle meaning.,
LH-EDGE-M5-00603,LH-CLM-TRACT-15906,Claim,supported_by,LH-OBS-TRACT-15906,HistoricalObservation,2000-06-16,,LH-OBS-TRACT-15906,LH-SRC-OC-TRACTS,high,3.0,legal_map_relationship_review_required,The claim is limited to recording and carries no physical-development lifecycle meaning.,
LH-EDGE-M5-00604,LH-CLM-TRACT-15907,Claim,supported_by,LH-OBS-TRACT-15907,HistoricalObservation,2000-08-25,,LH-OBS-TRACT-15907,LH-SRC-OC-TRACTS,high,3.0,legal_map_relationship_review_required,The claim is limited to recording and carries no physical-development lifecycle meaning.,
LH-EDGE-M5-00605,LH-CLM-TRACT-15908,Claim,supported_by,LH-OBS-TRACT-15908,HistoricalObservation,2001-06-29,,LH-OBS-TRACT-15908,LH-SRC-OC-TRACTS,high,3.0,legal_map_relationship_review_required,The claim is limited to recording and carries no physical-development lifecycle meaning.,
LH-EDGE-M5-00606,LH-CLM-TRACT-15909,Claim,supported_by,LH-OBS-TRACT-15909,HistoricalObservation,2001-06-29,,LH-OBS-TRACT-15909,LH-SRC-OC-TRACTS,high,3.0,legal_map_relationship_review_required,The claim is limited to recording and carries no physical-development lifecycle meaning.,
LH-EDGE-M5-00607,LH-CLM-TRACT-15910,Claim,supported_by,LH-OBS-TRACT-15910,HistoricalObservation,2000-10-13,,LH-OBS-TRACT-15910,LH-SRC-OC-TRACTS,high,3.0,legal_map_relationship_review_required,The claim is limited to recording and carries no physical-development lifecycle meaning.,
LH-EDGE-M5-00608,LH-CLM-TRACT-15911,Claim,supported_by,LH-OBS-TRACT-15911,HistoricalObservation,2000-10-11,,LH-OBS-TRACT-15911,LH-SRC-OC-TRACTS,high,3.0,legal_map_relationship_review_required,The claim is limited to recording and carries no physical-development lifecycle meaning.,
LH-EDGE-M5-00609,LH-CLM-TRACT-15912,Claim,supported_by,LH-OBS-TRACT-15912,HistoricalObservation,2000-06-22,,LH-OBS-TRACT-15912,LH-SRC-OC-TRACTS,high,3.0,legal_map_relationship_review_required,The claim is limited to recording and carries no physical-development lifecycle meaning.,
LH-EDGE-M5-00610,LH-CLM-TRACT-15914,Claim,supported_by,LH-OBS-TRACT-15914,HistoricalObservation,2001-05-30,,LH-OBS-TRACT-15914,LH-SRC-OC-TRACTS,high,3.0,legal_map_relationship_review_required,The claim is limited to recording and carries no physical-development lifecycle meaning.,
LH-EDGE-M5-00611,LH-CLM-TRACT-15915,Claim,supported_by,LH-OBS-TRACT-15915,HistoricalObservation,2000-08-25,,LH-OBS-TRACT-15915,LH-SRC-OC-TRACTS,high,3.0,legal_map_relationship_review_required,The claim is limited to recording and carries no physical-development lifecycle meaning.,
LH-EDGE-M5-00612,LH-CLM-TRACT-15985,Claim,supported_by,LH-OBS-TRACT-15985,HistoricalObservation,2003-04-04,,LH-OBS-TRACT-15985,LH-SRC-OC-TRACTS,high,3.0,legal_map_relationship_review_required,The claim is limited to recording and carries no physical-development lifecycle meaning.,
LH-EDGE-M5-00613,LH-CLM-TRACT-15986,Claim,supported_by,LH-OBS-TRACT-15986,HistoricalObservation,2003-08-28,,LH-OBS-TRACT-15986,LH-SRC-OC-TRACTS,high,3.0,legal_map_relationship_review_required,The claim is limited to recording and carries no physical-development lifecycle meaning.,
LH-EDGE-M5-00614,LH-CLM-TRACT-15987,Claim,supported_by,LH-OBS-TRACT-15987,HistoricalObservation,2002-12-17,,LH-OBS-TRACT-15987,LH-SRC-OC-TRACTS,high,3.0,legal_map_relationship_review_required,The claim is limited to recording and carries no physical-development lifecycle meaning.,
LH-EDGE-M5-00615,LH-CLM-TRACT-15988,Claim,supported_by,LH-OBS-TRACT-15988,HistoricalObservation,2004-01-30,,LH-OBS-TRACT-15988,LH-SRC-OC-TRACTS,high,3.0,legal_map_relationship_review_required,The claim is limited to recording and carries no physical-development lifecycle meaning.,
LH-EDGE-M5-00616,LH-CLM-TRACT-15989,Claim,supported_by,LH-OBS-TRACT-15989,HistoricalObservation,2004-11-15,,LH-OBS-TRACT-15989,LH-SRC-OC-TRACTS,high,3.0,no_material_overlap_found,The claim is limited to recording and carries no physical-development lifecycle meaning.,
LH-EDGE-M5-00617,LH-CLM-TRACT-15990,Claim,supported_by,LH-OBS-TRACT-15990,HistoricalObservation,2004-10-28,,LH-OBS-TRACT-15990,LH-SRC-OC-TRACTS,high,3.0,no_material_overlap_found,The claim is limited to recording and carries no physical-development lifecycle meaning.,
LH-EDGE-M5-00618,LH-CLM-TRACT-16025,Claim,supported_by,LH-OBS-TRACT-16025,HistoricalObservation,2001-01-26,,LH-OBS-TRACT-16025,LH-SRC-OC-TRACTS,high,3.0,legal_map_relationship_review_required,The claim is limited to recording and carries no physical-development lifecycle meaning.,
LH-EDGE-M5-00619,LH-CLM-TRACT-16063,Claim,supported_by,LH-OBS-TRACT-16063,HistoricalObservation,2001-05-25,,LH-OBS-TRACT-16063,LH-SRC-OC-TRACTS,high,3.0,legal_map_relationship_review_required,The claim is limited to recording and carries no physical-development lifecycle meaning.,
LH-EDGE-M5-00620,LH-CLM-TRACT-16101,Claim,supported_by,LH-OBS-TRACT-16101,HistoricalObservation,2001-06-29,,LH-OBS-TRACT-16101,LH-SRC-OC-TRACTS,high,3.0,legal_map_relationship_review_required,The claim is limited to recording and carries no physical-development lifecycle meaning.,
LH-EDGE-M5-00621,LH-CLM-TRACT-16102,Claim,supported_by,LH-OBS-TRACT-16102,HistoricalObservation,2001-06-12,,LH-OBS-TRACT-16102,LH-SRC-OC-TRACTS,high,3.0,legal_map_relationship_review_required,The claim is limited to recording and carries no physical-development lifecycle meaning.,
LH-EDGE-M5-00622,LH-CLM-TRACT-16103,Claim,supported_by,LH-OBS-TRACT-16103,HistoricalObservation,2001-06-12,,LH-OBS-TRACT-16103,LH-SRC-OC-TRACTS,high,3.0,legal_map_relationship_review_required,The claim is limited to recording and carries no physical-development lifecycle meaning.,
LH-EDGE-M5-00623,LH-CLM-TRACT-16104,Claim,supported_by,LH-OBS-TRACT-16104,HistoricalObservation,2001-07-31,,LH-OBS-TRACT-16104,LH-SRC-OC-TRACTS,high,3.0,legal_map_relationship_review_required,The claim is limited to recording and carries no physical-development lifecycle meaning.,
LH-EDGE-M5-00624,LH-CLM-TRACT-16105,Claim,supported_by,LH-OBS-TRACT-16105,HistoricalObservation,2001-04-01,,LH-OBS-TRACT-16105,LH-SRC-OC-TRACTS,high,3.0,legal_map_relationship_review_required,The claim is limited to recording and carries no physical-development lifecycle meaning.,
LH-EDGE-M5-00625,LH-CLM-TRACT-16114,Claim,supported_by,LH-OBS-TRACT-16114,HistoricalObservation,2001-07-31,,LH-OBS-TRACT-16114,LH-SRC-OC-TRACTS,high,3.0,legal_map_relationship_review_required,The claim is limited to recording and carries no physical-development lifecycle meaning.,
LH-EDGE-M5-00626,LH-CLM-TRACT-16115,Claim,supported_by,LH-OBS-TRACT-16115,HistoricalObservation,2002-02-14,,LH-OBS-TRACT-16115,LH-SRC-OC-TRACTS,high,3.0,legal_map_relationship_review_required,The claim is limited to recording and carries no physical-development lifecycle meaning.,
LH-EDGE-M5-00627,LH-CLM-TRACT-16116,Claim,supported_by,LH-OBS-TRACT-16116,HistoricalObservation,2002-05-16,,LH-OBS-TRACT-16116,LH-SRC-OC-TRACTS,high,3.0,legal_map_relationship_review_required,The claim is limited to recording and carries no physical-development lifecycle meaning.,
LH-EDGE-M5-00628,LH-CLM-TRACT-16117,Claim,supported_by,LH-OBS-TRACT-16117,HistoricalObservation,2001-12-26,,LH-OBS-TRACT-16117,LH-SRC-OC-TRACTS,high,3.0,legal_map_relationship_review_required,The claim is limited to recording and carries no physical-development lifecycle meaning.,
LH-EDGE-M5-00629,LH-CLM-TRACT-16118,Claim,supported_by,LH-OBS-TRACT-16118,HistoricalObservation,2001-10-26,,LH-OBS-TRACT-16118,LH-SRC-OC-TRACTS,high,3.0,legal_map_relationship_review_required,The claim is limited to recording and carries no physical-development lifecycle meaning.,
LH-EDGE-M5-00630,LH-CLM-TRACT-16119,Claim,supported_by,LH-OBS-TRACT-16119,HistoricalObservation,2001-12-26,,LH-OBS-TRACT-16119,LH-SRC-OC-TRACTS,high,3.0,legal_map_relationship_review_required,The claim is limited to recording and carries no physical-development lifecycle meaning.,
LH-EDGE-M5-00631,LH-CLM-TRACT-16120,Claim,supported_by,LH-OBS-TRACT-16120,HistoricalObservation,2001-10-12,,LH-OBS-TRACT-16120,LH-SRC-OC-TRACTS,high,3.0,legal_map_relationship_review_required,The claim is limited to recording and carries no physical-development lifecycle meaning.,
LH-EDGE-M5-00632,LH-CLM-TRACT-16121,Claim,supported_by,LH-OBS-TRACT-16121,HistoricalObservation,2001-12-26,,LH-OBS-TRACT-16121,LH-SRC-OC-TRACTS,high,3.0,legal_map_relationship_review_required,The claim is limited to recording and carries no physical-development lifecycle meaning.,
LH-EDGE-M5-00633,LH-CLM-TRACT-16122,Claim,supported_by,LH-OBS-TRACT-16122,HistoricalObservation,2001-12-26,,LH-OBS-TRACT-16122,LH-SRC-OC-TRACTS,high,3.0,legal_map_relationship_review_required,The claim is limited to recording and carries no physical-development lifecycle meaning.,
LH-EDGE-M5-00634,LH-CLM-TRACT-16126,Claim,supported_by,LH-OBS-TRACT-16126,HistoricalObservation,2001-11-08,,LH-OBS-TRACT-16126,LH-SRC-OC-TRACTS,high,3.0,legal_map_relationship_review_required,The claim is limited to recording and carries no physical-development lifecycle meaning.,
LH-EDGE-M5-00635,LH-CLM-TRACT-16127,Claim,supported_by,LH-OBS-TRACT-16127,HistoricalObservation,2001-07-30,,LH-OBS-TRACT-16127,LH-SRC-OC-TRACTS,high,3.0,legal_map_relationship_review_required,The claim is limited to recording and carries no physical-development lifecycle meaning.,
LH-EDGE-M5-00636,LH-CLM-TRACT-16155,Claim,supported_by,LH-OBS-TRACT-16155,HistoricalObservation,2001-01-26,,LH-OBS-TRACT-16155,LH-SRC-OC-TRACTS,high,3.0,legal_map_relationship_review_required,The claim is limited to recording and carries no physical-development lifecycle meaning.,
LH-EDGE-M5-00637,LH-CLM-TRACT-16156,Claim,supported_by,LH-OBS-TRACT-16156,HistoricalObservation,2001-01-26,,LH-OBS-TRACT-16156,LH-SRC-OC-TRACTS,high,3.0,legal_map_relationship_review_required,The claim is limited to recording and carries no physical-development lifecycle meaning.,
LH-EDGE-M5-00638,LH-CLM-TRACT-16157,Claim,supported_by,LH-OBS-TRACT-16157,HistoricalObservation,2001-01-26,,LH-OBS-TRACT-16157,LH-SRC-OC-TRACTS,high,3.0,legal_map_relationship_review_required,The claim is limited to recording and carries no physical-development lifecycle meaning.,
LH-EDGE-M5-00639,LH-CLM-TRACT-16203,Claim,supported_by,LH-OBS-TRACT-16203,HistoricalObservation,2002-01-24,,LH-OBS-TRACT-16203,LH-SRC-OC-TRACTS,high,3.0,legal_map_relationship_review_required,The claim is limited to recording and carries no physical-development lifecycle meaning.,
LH-EDGE-M5-00640,LH-CLM-TRACT-16234,Claim,supported_by,LH-OBS-TRACT-16234,HistoricalObservation,2001-12-26,,LH-OBS-TRACT-16234,LH-SRC-OC-TRACTS,high,3.0,legal_map_relationship_review_required,The claim is limited to recording and carries no physical-development lifecycle meaning.,
LH-EDGE-M5-00641,LH-CLM-TRACT-16235,Claim,supported_by,LH-OBS-TRACT-16235,HistoricalObservation,2002-02-14,,LH-OBS-TRACT-16235,LH-SRC-OC-TRACTS,high,3.0,legal_map_relationship_review_required,The claim is limited to recording and carries no physical-development lifecycle meaning.,
LH-EDGE-M5-00642,LH-CLM-TRACT-16236,Claim,supported_by,LH-OBS-TRACT-16236,HistoricalObservation,2002-05-29,,LH-OBS-TRACT-16236,LH-SRC-OC-TRACTS,high,3.0,legal_map_relationship_review_required,The claim is limited to recording and carries no physical-development lifecycle meaning.,
LH-EDGE-M5-00643,LH-CLM-TRACT-16237,Claim,supported_by,LH-OBS-TRACT-16237,HistoricalObservation,2002-08-14,,LH-OBS-TRACT-16237,LH-SRC-OC-TRACTS,high,3.0,legal_map_relationship_review_required,The claim is limited to recording and carries no physical-development lifecycle meaning.,
LH-EDGE-M5-00644,LH-CLM-TRACT-16238,Claim,supported_by,LH-OBS-TRACT-16238,HistoricalObservation,2002-08-21,,LH-OBS-TRACT-16238,LH-SRC-OC-TRACTS,high,3.0,legal_map_relationship_review_required,The claim is limited to recording and carries no physical-development lifecycle meaning.,
LH-EDGE-M5-00645,LH-CLM-TRACT-16239,Claim,supported_by,LH-OBS-TRACT-16239,HistoricalObservation,2002-06-26,,LH-OBS-TRACT-16239,LH-SRC-OC-TRACTS,high,3.0,legal_map_relationship_review_required,The claim is limited to recording and carries no physical-development lifecycle meaning.,
LH-EDGE-M5-00646,LH-CLM-TRACT-16240,Claim,supported_by,LH-OBS-TRACT-16240,HistoricalObservation,2002-06-28,,LH-OBS-TRACT-16240,LH-SRC-OC-TRACTS,high,3.0,legal_map_relationship_review_required,The claim is limited to recording and carries no physical-development lifecycle meaning.,
LH-EDGE-M5-00647,LH-CLM-TRACT-16241,Claim,supported_by,LH-OBS-TRACT-16241,HistoricalObservation,2003-02-25,,LH-OBS-TRACT-16241,LH-SRC-OC-TRACTS,high,3.0,legal_map_relationship_review_required,The claim is limited to recording and carries no physical-development lifecycle meaning.,
LH-EDGE-M5-00648,LH-CLM-TRACT-16242,Claim,supported_by,LH-OBS-TRACT-16242,HistoricalObservation,2002-06-18,,LH-OBS-TRACT-16242,LH-SRC-OC-TRACTS,high,3.0,legal_map_relationship_review_required,The claim is limited to recording and carries no physical-development lifecycle meaning.,
LH-EDGE-M5-00649,LH-CLM-TRACT-16243,Claim,supported_by,LH-OBS-TRACT-16243,HistoricalObservation,2002-08-30,,LH-OBS-TRACT-16243,LH-SRC-OC-TRACTS,high,3.0,legal_map_relationship_review_required,The claim is limited to recording and carries no physical-development lifecycle meaning.,
LH-EDGE-M5-00650,LH-CLM-TRACT-16244,Claim,supported_by,LH-OBS-TRACT-16244,HistoricalObservation,2003-05-02,,LH-OBS-TRACT-16244,LH-SRC-OC-TRACTS,high,3.0,legal_map_relationship_review_required,The claim is limited to recording and carries no physical-development lifecycle meaning.,
LH-EDGE-M5-00651,LH-CLM-TRACT-16245,Claim,supported_by,LH-OBS-TRACT-16245,HistoricalObservation,2002-07-26,,LH-OBS-TRACT-16245,LH-SRC-OC-TRACTS,high,3.0,legal_map_relationship_review_required,The claim is limited to recording and carries no physical-development lifecycle meaning.,
LH-EDGE-M5-00652,LH-CLM-TRACT-16246,Claim,supported_by,LH-OBS-TRACT-16246,HistoricalObservation,2003-05-02,,LH-OBS-TRACT-16246,LH-SRC-OC-TRACTS,high,3.0,legal_map_relationship_review_required,The claim is limited to recording and carries no physical-development lifecycle meaning.,
LH-EDGE-M5-00653,LH-CLM-TRACT-16247,Claim,supported_by,LH-OBS-TRACT-16247,HistoricalObservation,2002-05-24,,LH-OBS-TRACT-16247,LH-SRC-OC-TRACTS,high,3.0,legal_map_relationship_review_required,The claim is limited to recording and carries no physical-development lifecycle meaning.,
LH-EDGE-M5-00654,LH-CLM-TRACT-16248,Claim,supported_by,LH-OBS-TRACT-16248,HistoricalObservation,2003-01-17,,LH-OBS-TRACT-16248,LH-SRC-OC-TRACTS,high,3.0,legal_map_relationship_review_required,The claim is limited to recording and carries no physical-development lifecycle meaning.,
LH-EDGE-M5-00655,LH-CLM-TRACT-16249,Claim,supported_by,LH-OBS-TRACT-16249,HistoricalObservation,2002-08-22,,LH-OBS-TRACT-16249,LH-SRC-OC-TRACTS,high,3.0,legal_map_relationship_review_required,The claim is limited to recording and carries no physical-development lifecycle meaning.,
LH-EDGE-M5-00656,LH-CLM-TRACT-16250,Claim,supported_by,LH-OBS-TRACT-16250,HistoricalObservation,2002-05-24,,LH-OBS-TRACT-16250,LH-SRC-OC-TRACTS,high,3.0,legal_map_relationship_review_required,The claim is limited to recording and carries no physical-development lifecycle meaning.,
LH-EDGE-M5-00657,LH-CLM-TRACT-16270,Claim,supported_by,LH-OBS-TRACT-16270,HistoricalObservation,2002-09-27,,LH-OBS-TRACT-16270,LH-SRC-OC-TRACTS,high,3.0,legal_map_relationship_review_required,The claim is limited to recording and carries no physical-development lifecycle meaning.,
LH-EDGE-M5-00658,LH-CLM-TRACT-16271,Claim,supported_by,LH-OBS-TRACT-16271,HistoricalObservation,2003-02-27,,LH-OBS-TRACT-16271,LH-SRC-OC-TRACTS,high,3.0,legal_map_relationship_review_required,The claim is limited to recording and carries no physical-development lifecycle meaning.,
LH-EDGE-M5-00659,LH-CLM-TRACT-16341,Claim,supported_by,LH-OBS-TRACT-16341,HistoricalObservation,2003-02-27,,LH-OBS-TRACT-16341,LH-SRC-OC-TRACTS,high,3.0,legal_map_relationship_review_required,The claim is limited to recording and carries no physical-development lifecycle meaning.,
LH-EDGE-M5-00660,LH-CLM-TRACT-16342,Claim,supported_by,LH-OBS-TRACT-16342,HistoricalObservation,2003-07-25,,LH-OBS-TRACT-16342,LH-SRC-OC-TRACTS,high,3.0,legal_map_relationship_review_required,The claim is limited to recording and carries no physical-development lifecycle meaning.,
LH-EDGE-M5-00661,LH-CLM-TRACT-16346,Claim,supported_by,LH-OBS-TRACT-16346,HistoricalObservation,2003-08-18,,LH-OBS-TRACT-16346,LH-SRC-OC-TRACTS,high,3.0,legal_map_relationship_review_required,The claim is limited to recording and carries no physical-development lifecycle meaning.,
LH-EDGE-M5-00662,LH-CLM-TRACT-16347,Claim,supported_by,LH-OBS-TRACT-16347,HistoricalObservation,2003-09-19,,LH-OBS-TRACT-16347,LH-SRC-OC-TRACTS,high,3.0,legal_map_relationship_review_required,The claim is limited to recording and carries no physical-development lifecycle meaning.,
LH-EDGE-M5-00663,LH-CLM-TRACT-16348,Claim,supported_by,LH-OBS-TRACT-16348,HistoricalObservation,2003-08-18,,LH-OBS-TRACT-16348,LH-SRC-OC-TRACTS,high,3.0,legal_map_relationship_review_required,The claim is limited to recording and carries no physical-development lifecycle meaning.,
LH-EDGE-M5-00664,LH-CLM-TRACT-16349,Claim,supported_by,LH-OBS-TRACT-16349,HistoricalObservation,2003-07-08,,LH-OBS-TRACT-16349,LH-SRC-OC-TRACTS,high,3.0,legal_map_relationship_review_required,The claim is limited to recording and carries no physical-development lifecycle meaning.,
LH-EDGE-M5-00665,LH-CLM-TRACT-16350,Claim,supported_by,LH-OBS-TRACT-16350,HistoricalObservation,2003-07-08,,LH-OBS-TRACT-16350,LH-SRC-OC-TRACTS,high,3.0,legal_map_relationship_review_required,The claim is limited to recording and carries no physical-development lifecycle meaning.,
LH-EDGE-M5-00666,LH-CLM-TRACT-16351,Claim,supported_by,LH-OBS-TRACT-16351,HistoricalObservation,2003-10-31,,LH-OBS-TRACT-16351,LH-SRC-OC-TRACTS,high,3.0,legal_map_relationship_review_required,The claim is limited to recording and carries no physical-development lifecycle meaning.,
LH-EDGE-M5-00667,LH-CLM-TRACT-16352,Claim,supported_by,LH-OBS-TRACT-16352,HistoricalObservation,2003-10-31,,LH-OBS-TRACT-16352,LH-SRC-OC-TRACTS,high,3.0,legal_map_relationship_review_required,The claim is limited to recording and carries no physical-development lifecycle meaning.,
LH-EDGE-M5-00668,LH-CLM-TRACT-16353,Claim,supported_by,LH-OBS-TRACT-16353,HistoricalObservation,2003-12-19,,LH-OBS-TRACT-16353,LH-SRC-OC-TRACTS,high,3.0,legal_map_relationship_review_required,The claim is limited to recording and carries no physical-development lifecycle meaning.,
LH-EDGE-M5-00669,LH-CLM-TRACT-16354,Claim,supported_by,LH-OBS-TRACT-16354,HistoricalObservation,2003-08-18,,LH-OBS-TRACT-16354,LH-SRC-OC-TRACTS,high,3.0,legal_map_relationship_review_required,The claim is limited to recording and carries no physical-development lifecycle meaning.,
LH-EDGE-M5-00670,LH-CLM-TRACT-16355,Claim,supported_by,LH-OBS-TRACT-16355,HistoricalObservation,2003-12-18,,LH-OBS-TRACT-16355,LH-SRC-OC-TRACTS,high,3.0,legal_map_relationship_review_required,The claim is limited to recording and carries no physical-development lifecycle meaning.,
LH-EDGE-M5-00671,LH-CLM-TRACT-16356,Claim,supported_by,LH-OBS-TRACT-16356,HistoricalObservation,2003-08-28,,LH-OBS-TRACT-16356,LH-SRC-OC-TRACTS,high,3.0,legal_map_relationship_review_required,The claim is limited to recording and carries no physical-development lifecycle meaning.,
LH-EDGE-M5-00672,LH-CLM-TRACT-16384,Claim,supported_by,LH-OBS-TRACT-16384,HistoricalObservation,2004-02-13,,LH-OBS-TRACT-16384,LH-SRC-OC-TRACTS,high,3.0,legal_map_relationship_review_required,The claim is limited to recording and carries no physical-development lifecycle meaning.,
LH-EDGE-M5-00673,LH-CLM-TRACT-16385,Claim,supported_by,LH-OBS-TRACT-16385,HistoricalObservation,2004-02-13,,LH-OBS-TRACT-16385,LH-SRC-OC-TRACTS,high,3.0,legal_map_relationship_review_required,The claim is limited to recording and carries no physical-development lifecycle meaning.,
LH-EDGE-M5-00674,LH-CLM-TRACT-16386,Claim,supported_by,LH-OBS-TRACT-16386,HistoricalObservation,2004-02-13,,LH-OBS-TRACT-16386,LH-SRC-OC-TRACTS,high,3.0,legal_map_relationship_review_required,The claim is limited to recording and carries no physical-development lifecycle meaning.,
LH-EDGE-M5-00675,LH-CLM-TRACT-16387,Claim,supported_by,LH-OBS-TRACT-16387,HistoricalObservation,2004-02-04,,LH-OBS-TRACT-16387,LH-SRC-OC-TRACTS,high,3.0,legal_map_relationship_review_required,The claim is limited to recording and carries no physical-development lifecycle meaning.,
LH-EDGE-M5-00676,LH-CLM-TRACT-16388,Claim,supported_by,LH-OBS-TRACT-16388,HistoricalObservation,2004-01-30,,LH-OBS-TRACT-16388,LH-SRC-OC-TRACTS,high,3.0,legal_map_relationship_review_required,The claim is limited to recording and carries no physical-development lifecycle meaning.,
LH-EDGE-M5-00677,LH-CLM-TRACT-16389,Claim,supported_by,LH-OBS-TRACT-16389,HistoricalObservation,2003-02-06,,LH-OBS-TRACT-16389,LH-SRC-OC-TRACTS,high,3.0,legal_map_relationship_review_required,The claim is limited to recording and carries no physical-development lifecycle meaning.,
LH-EDGE-M5-00678,LH-CLM-TRACT-16390,Claim,supported_by,LH-OBS-TRACT-16390,HistoricalObservation,2004-04-23,,LH-OBS-TRACT-16390,LH-SRC-OC-TRACTS,high,3.0,legal_map_relationship_review_required,The claim is limited to recording and carries no physical-development lifecycle meaning.,
LH-EDGE-M5-00679,LH-CLM-TRACT-16391,Claim,supported_by,LH-OBS-TRACT-16391,HistoricalObservation,2004-10-29,,LH-OBS-TRACT-16391,LH-SRC-OC-TRACTS,high,3.0,legal_map_relationship_review_required,The claim is limited to recording and carries no physical-development lifecycle meaning.,
LH-EDGE-M5-00680,LH-CLM-TRACT-16392,Claim,supported_by,LH-OBS-TRACT-16392,HistoricalObservation,2004-07-06,,LH-OBS-TRACT-16392,LH-SRC-OC-TRACTS,high,3.0,legal_map_relationship_review_required,The claim is limited to recording and carries no physical-development lifecycle meaning.,
LH-EDGE-M5-00681,LH-CLM-TRACT-16393,Claim,supported_by,LH-OBS-TRACT-16393,HistoricalObservation,2004-07-19,,LH-OBS-TRACT-16393,LH-SRC-OC-TRACTS,high,3.0,legal_map_relationship_review_required,The claim is limited to recording and carries no physical-development lifecycle meaning.,
LH-EDGE-M5-00682,LH-CLM-TRACT-16394,Claim,supported_by,LH-OBS-TRACT-16394,HistoricalObservation,2004-07-06,,LH-OBS-TRACT-16394,LH-SRC-OC-TRACTS,high,3.0,legal_map_relationship_review_required,The claim is limited to recording and carries no physical-development lifecycle meaning.,
LH-EDGE-M5-00683,LH-CLM-TRACT-16395,Claim,supported_by,LH-OBS-TRACT-16395,HistoricalObservation,2004-10-28,,LH-OBS-TRACT-16395,LH-SRC-OC-TRACTS,high,3.0,legal_map_relationship_review_required,The claim is limited to recording and carries no physical-development lifecycle meaning.,
LH-EDGE-M5-00684,LH-CLM-TRACT-16400,Claim,supported_by,LH-OBS-TRACT-16400,HistoricalObservation,2004-07-06,,LH-OBS-TRACT-16400,LH-SRC-OC-TRACTS,high,3.0,legal_map_relationship_review_required,The claim is limited to recording and carries no physical-development lifecycle meaning.,
LH-EDGE-M5-00685,LH-CLM-TRACT-16414,Claim,supported_by,LH-OBS-TRACT-16414,HistoricalObservation,2003-02-06,,LH-OBS-TRACT-16414,LH-SRC-OC-TRACTS,high,3.0,legal_map_relationship_review_required,The claim is limited to recording and carries no physical-development lifecycle meaning.,
LH-EDGE-M5-00686,LH-CLM-TRACT-16471,Claim,supported_by,LH-OBS-TRACT-16471,HistoricalObservation,2004-10-28,,LH-OBS-TRACT-16471,LH-SRC-OC-TRACTS,high,3.0,no_material_overlap_found,The claim is limited to recording and carries no physical-development lifecycle meaning.,
LH-EDGE-M5-00687,LH-CLM-TRACT-16472,Claim,supported_by,LH-OBS-TRACT-16472,HistoricalObservation,2004-10-26,,LH-OBS-TRACT-16472,LH-SRC-OC-TRACTS,high,3.0,no_material_overlap_found,The claim is limited to recording and carries no physical-development lifecycle meaning.,
LH-EDGE-M5-00688,LH-CLM-TRACT-16473,Claim,supported_by,LH-OBS-TRACT-16473,HistoricalObservation,2004-10-26,,LH-OBS-TRACT-16473,LH-SRC-OC-TRACTS,high,3.0,no_material_overlap_found,The claim is limited to recording and carries no physical-development lifecycle meaning.,
LH-EDGE-M5-00689,LH-CLM-TRACT-16504,Claim,supported_by,LH-OBS-TRACT-16504,HistoricalObservation,2004-04-30,,LH-OBS-TRACT-16504,LH-SRC-OC-TRACTS,high,3.0,legal_map_relationship_review_required,The claim is limited to recording and carries no physical-development lifecycle meaning.,
LH-EDGE-M5-00690,LH-CLM-TRACT-16505,Claim,supported_by,LH-OBS-TRACT-16505,HistoricalObservation,2004-04-30,,LH-OBS-TRACT-16505,LH-SRC-OC-TRACTS,high,3.0,legal_map_relationship_review_required,The claim is limited to recording and carries no physical-development lifecycle meaning.,
LH-EDGE-M5-00691,LH-CLM-TRACT-16515,Claim,supported_by,LH-OBS-TRACT-16515,HistoricalObservation,2003-10-27,,LH-OBS-TRACT-16515,LH-SRC-OC-TRACTS,high,3.0,legal_map_relationship_review_required,The claim is limited to recording and carries no physical-development lifecycle meaning.,
LH-EDGE-M5-00692,LH-CLM-TRACT-16586,Claim,supported_by,LH-OBS-TRACT-16586,HistoricalObservation,2004-06-10,,LH-OBS-TRACT-16586,LH-SRC-OC-TRACTS,high,3.0,no_material_overlap_found,The claim is limited to recording and carries no physical-development lifecycle meaning.,
LH-EDGE-M5-00693,LH-CLM-TRACT-16667,Claim,supported_by,LH-OBS-TRACT-16667,HistoricalObservation,2004-10-29,,LH-OBS-TRACT-16667,LH-SRC-OC-TRACTS,high,3.0,legal_map_relationship_review_required,The claim is limited to recording and carries no physical-development lifecycle meaning.,
LH-EDGE-M5-00694,LH-CLM-TRACT-16687,Claim,supported_by,LH-OBS-TRACT-16687,HistoricalObservation,2005-04-14,,LH-OBS-TRACT-16687,LH-SRC-OC-TRACTS,high,3.0,legal_map_relationship_review_required,The claim is limited to recording and carries no physical-development lifecycle meaning.,
LH-EDGE-M5-00695,LH-CLM-LH-EVT-001,Claim,supported_by,LH-OBS-LH-EVT-001,HistoricalObservation,1995-10-17,,LH-OBS-LH-EVT-001,LH-SRC-OC-EIR-CERT,high,3.0,reviewed_first_edition,Developer retrospective separately describes County approval in 1997; the exact broader entitlement action remains to be retrieved,
LH-EDGE-M5-00696,LH-CLM-LH-EVT-001B,Claim,supported_by,LH-OBS-LH-EVT-001B,HistoricalObservation,1997-01-01,1997-12-31,LH-OBS-LH-EVT-001B,LH-SRC-RMV-PLANNING,low,3.0,reviewed_first_edition,Official County record dates Final EIR 555 certification to 1995-10-17; the retrospective does not identify the 1997 action,
LH-EDGE-M5-00697,LH-CLM-LH-EVT-002,Claim,supported_by,LH-OBS-LH-EVT-002,HistoricalObservation,1998-01-01,1998-12-31,LH-OBS-LH-EVT-002,LH-SRC-ULI-CASE,medium,3.0,reviewed_first_edition,,
LH-EDGE-M5-00698,LH-CLM-LH-EVT-003,Claim,supported_by,LH-OBS-LH-EVT-003,HistoricalObservation,1998-04-07,,LH-OBS-LH-EVT-003,LH-SRC-OC-ADS,high,3.0,reviewed_first_edition,,
LH-EDGE-M5-00699,LH-CLM-LH-EVT-004,Claim,supported_by,LH-OBS-LH-EVT-004,HistoricalObservation,1999-03-09,,LH-OBS-LH-EVT-004,LH-SRC-CEQANET-UTILITIES,high,3.0,reviewed_first_edition,,
LH-EDGE-M5-00700,LH-CLM-LH-EVT-005,Claim,supported_by,LH-OBS-LH-EVT-005,HistoricalObservation,1999-03-09,,LH-OBS-LH-EVT-005,LH-SRC-OC-ADS,high,3.0,reviewed_first_edition,,
LH-EDGE-M5-00701,LH-CLM-LH-EVT-006,Claim,supported_by,LH-OBS-LH-EVT-006,HistoricalObservation,1999-08-01,1999-08-31,LH-OBS-LH-EVT-006,LH-SRC-LARMAC-TIMELINE,medium,3.0,reviewed_first_edition,,
LH-EDGE-M5-00702,LH-CLM-LH-EVT-007,Claim,supported_by,LH-OBS-LH-EVT-007,HistoricalObservation,1999-10-01,1999-10-31,LH-OBS-LH-EVT-007,LH-SRC-LARMAC-TIMELINE,medium,3.0,reviewed_first_edition,,
LH-EDGE-M5-00703,LH-CLM-LH-EVT-008,Claim,supported_by,LH-OBS-LH-EVT-008,HistoricalObservation,1999-12-14,,LH-OBS-LH-EVT-008,LH-SRC-LARMAC-TIMELINE,medium,3.0,reviewed_first_edition,,
LH-EDGE-M5-00704,LH-CLM-LH-EVT-009,Claim,supported_by,LH-OBS-LH-EVT-009,HistoricalObservation,2000-02-28,,LH-OBS-LH-EVT-009,LH-SRC-OC-ADS,high,3.0,reviewed_first_edition,,
LH-EDGE-M5-00705,LH-CLM-LH-EVT-010,Claim,supported_by,LH-OBS-LH-EVT-010,HistoricalObservation,2000-03-01,2000-03-31,LH-OBS-LH-EVT-010,LH-SRC-LARMAC-TIMELINE,medium,3.0,reviewed_first_edition,,
LH-EDGE-M5-00706,LH-CLM-LH-EVT-011,Claim,supported_by,LH-OBS-LH-EVT-011,HistoricalObservation,2000-03-01,2000-03-31,LH-OBS-LH-EVT-011,LH-SRC-LARMAC-TIMELINE,medium,3.0,reviewed_first_edition,,
LH-EDGE-M5-00707,LH-CLM-LH-EVT-012,Claim,supported_by,LH-OBS-LH-EVT-012,HistoricalObservation,2001-02-01,2001-02-28,LH-OBS-LH-EVT-012,LH-SRC-LARMAC-TIMELINE,medium,3.0,reviewed_first_edition,,
LH-EDGE-M5-00708,LH-CLM-LH-EVT-013,Claim,supported_by,LH-OBS-LH-EVT-013,HistoricalObservation,2001-06-01,2001-06-30,LH-OBS-LH-EVT-013,LH-SRC-LARMAC-TIMELINE,medium,3.0,reviewed_first_edition,,
LH-EDGE-M5-00709,LH-CLM-LH-EVT-014,Claim,supported_by,LH-OBS-LH-EVT-014,HistoricalObservation,2001-09-01,2001-09-30,LH-OBS-LH-EVT-014,LH-SRC-CUSD-CHAPARRAL,high,3.0,reviewed_first_edition,,
LH-EDGE-M5-00710,LH-CLM-LH-EVT-015,Claim,supported_by,LH-OBS-LH-EVT-015,HistoricalObservation,2001-10-01,2001-10-31,LH-OBS-LH-EVT-015,LH-SRC-LARMAC-TIMELINE,medium,3.0,reviewed_first_edition,,
LH-EDGE-M5-00711,LH-CLM-LH-EVT-016,Claim,supported_by,LH-OBS-LH-EVT-016,HistoricalObservation,2001-10-01,2001-10-31,LH-OBS-LH-EVT-016,LH-SRC-LARMAC-TIMELINE,medium,3.0,reviewed_first_edition,,
LH-EDGE-M5-00712,LH-CLM-LH-EVT-017,Claim,supported_by,LH-OBS-LH-EVT-017,HistoricalObservation,2002-03-01,2002-03-31,LH-OBS-LH-EVT-017,LH-SRC-LARMAC-TIMELINE,medium,3.0,reviewed_first_edition,,
LH-EDGE-M5-00713,LH-CLM-LH-EVT-018,Claim,supported_by,LH-OBS-LH-EVT-018,HistoricalObservation,2002-06-01,2002-06-30,LH-OBS-LH-EVT-018,LH-SRC-LARMAC-TIMELINE,medium,3.0,reviewed_first_edition,,
LH-EDGE-M5-00714,LH-CLM-LH-EVT-019,Claim,supported_by,LH-OBS-LH-EVT-019,HistoricalObservation,2003-04-01,2003-04-30,LH-OBS-LH-EVT-019,LH-SRC-LARMAC-TIMELINE,medium,3.0,reviewed_first_edition,,
LH-EDGE-M5-00715,LH-CLM-LH-EVT-020,Claim,supported_by,LH-OBS-LH-EVT-020,HistoricalObservation,2003-07-01,2003-07-31,LH-OBS-LH-EVT-020,LH-SRC-LARMAC-TIMELINE,medium,3.0,reviewed_first_edition,,
LH-EDGE-M5-00716,LH-CLM-LH-EVT-021,Claim,supported_by,LH-OBS-LH-EVT-021,HistoricalObservation,2003-07-01,2003-07-31,LH-OBS-LH-EVT-021,LH-SRC-LARMAC-TIMELINE,medium,3.0,reviewed_first_edition,,
LH-EDGE-M5-00717,LH-CLM-LH-EVT-022,Claim,supported_by,LH-OBS-LH-EVT-022,HistoricalObservation,2003-07-30,,LH-OBS-LH-EVT-022,LH-SRC-OC-PC,high,3.0,reviewed_first_edition,,
LH-EDGE-M5-00718,LH-CLM-LH-EVT-023,Claim,supported_by,LH-OBS-LH-EVT-023,HistoricalObservation,2003-08-27,,LH-OBS-LH-EVT-023,LH-SRC-CUSD-LRES;LH-SRC-CUSD-LRMS,high,3.0,reviewed_first_edition,LARMAC retrospective groups the schools under July 2003; official school reports give August 27,
LH-EDGE-M5-00719,LH-CLM-LH-EVT-024,Claim,supported_by,LH-OBS-LH-EVT-024,HistoricalObservation,2004-01-01,2004-01-31,LH-OBS-LH-EVT-024,LH-SRC-LARMAC-TIMELINE,medium,3.0,reviewed_first_edition,,
LH-EDGE-M5-00720,LH-CLM-LH-EVT-025,Claim,supported_by,LH-OBS-LH-EVT-025,HistoricalObservation,2004-01-01,2004-12-31,LH-OBS-LH-EVT-025,LH-SRC-CUSD-LRMS,high,3.0,reviewed_first_edition,,
LH-EDGE-M5-00721,LH-CLM-LH-EVT-026,Claim,supported_by,LH-OBS-LH-EVT-026,HistoricalObservation,2004-12-01,2004-12-31,LH-OBS-LH-EVT-026,LH-SRC-LARMAC-TIMELINE,medium,3.0,reviewed_first_edition,,
LH-EDGE-M5-00722,LH-CLM-LH-EVT-027,Claim,supported_by,LH-OBS-LH-EVT-027,HistoricalObservation,2005-02-01,2005-02-28,LH-OBS-LH-EVT-027,LH-SRC-LARMAC-TIMELINE,medium,3.0,reviewed_first_edition,,
LH-EDGE-M5-00723,LH-CLM-LH-EVT-028,Claim,supported_by,LH-OBS-LH-EVT-028,HistoricalObservation,2005-08-24,,LH-OBS-LH-EVT-028,LH-SRC-CDE-OSO,high,3.0,reviewed_first_edition,,
LH-EDGE-M5-00724,LH-CLM-LH-EVT-029,Claim,supported_by,LH-OBS-LH-EVT-029,HistoricalObservation,2005-11-01,2005-11-30,LH-OBS-LH-EVT-029,LH-SRC-LARMAC-TIMELINE,medium,3.0,reviewed_first_edition,,
LH-EDGE-M5-00725,LH-CLM-LH-EVT-030,Claim,supported_by,LH-OBS-LH-EVT-030,HistoricalObservation,2006-03-01,2006-03-31,LH-OBS-LH-EVT-030,LH-SRC-LARMAC-TIMELINE,medium,3.0,reviewed_first_edition,,
LH-EDGE-M5-00726,LH-CLM-LH-EVT-031,Claim,supported_by,LH-OBS-LH-EVT-031,HistoricalObservation,2006-01-01,2006-12-31,LH-OBS-LH-EVT-031,LH-SRC-ULI-CASE,medium,3.0,reviewed_first_edition,,
LH-EDGE-M5-00727,LH-CLM-LH-EVT-032,Claim,supported_by,LH-OBS-LH-EVT-032,HistoricalObservation,2007-04-01,2007-04-30,LH-OBS-LH-EVT-032,LH-SRC-LARMAC-TIMELINE,medium,3.0,reviewed_first_edition,,
LH-EDGE-M5-00728,LH-CLM-LH-EVT-033,Claim,supported_by,LH-OBS-LH-EVT-033,HistoricalObservation,2008-01-01,2008-01-31,LH-OBS-LH-EVT-033,LH-SRC-LARMAC-TIMELINE,medium,3.0,reviewed_first_edition,,
LH-EDGE-M5-00729,LH-CLM-LH-EVT-M5-001,Claim,supported_by,LH-OBS-LH-EVT-M5-001,HistoricalObservation,1998-01-20,,LH-OBS-LH-EVT-M5-001,LH-SRC-LAT-BUILDERS-1998,medium,3.0,reviewed_mission5,The 1999 announcement lists eight builders and revised allocations; both dated selections are retained.,
LH-EDGE-M5-00730,LH-CLM-LH-EVT-M5-002,Claim,supported_by,LH-OBS-LH-EVT-M5-002,HistoricalObservation,1999-05-04,,LH-OBS-LH-EVT-M5-002,LH-SRC-LAT-PHASE1-1999,medium,3.0,reviewed_mission5,"Supersedes or revises the 1998 selection, but the article does not state the legal change mechanism.",
LH-EDGE-M5-00731,LH-CLM-LH-EVT-M5-003,Claim,supported_by,LH-OBS-LH-EVT-M5-003,HistoricalObservation,1999-07-31,,LH-OBS-LH-EVT-M5-003,LH-SRC-LAT-OPENING-1999;LH-SRC-PROB-TRAILS-1999,high,3.0,reviewed_mission5,,
LH-EDGE-M5-00732,LH-CLM-LH-EVT-M5-004,Claim,supported_by,LH-OBS-LH-EVT-M5-004,HistoricalObservation,1999-11-29,,LH-OBS-LH-EVT-M5-004,LH-SRC-LAT-FIRST-RESIDENT-1999,medium,3.0,reviewed_mission5,Official retrospective instead dates the first resident to 1999-12-14.,
LH-EDGE-M5-00733,LH-CLM-LH-EVT-M5-005,Claim,supported_by,LH-OBS-LH-EVT-M5-005,HistoricalObservation,1999-11-30,,LH-OBS-LH-EVT-M5-005,LH-SRC-LAT-FIRST-RESIDENT-1999,medium,3.0,reviewed_mission5,Official retrospective instead dates the first resident to 1999-12-14.,
LH-EDGE-M5-00734,LH-CLM-LH-ABS-CFD-99-1-PHASE-I-1999,Claim,supported_by,LH-OBS-LH-ABS-CFD-99-1-PHASE-I-1999,HistoricalObservation,1999-01-01,1999-12-31,LH-OBS-LH-ABS-CFD-99-1-PHASE-I-1999,LH-SRC-OC-BOND-2006Q4,high,3.0,reviewed_mission5,"Annual CFD aggregate is nonspatial and cannot be assigned to a tract, address, or household.",
LH-EDGE-M5-00735,LH-CLM-LH-ABS-CFD-99-1-PHASE-I-2000,Claim,supported_by,LH-OBS-LH-ABS-CFD-99-1-PHASE-I-2000,HistoricalObservation,2000-01-01,2000-12-31,LH-OBS-LH-ABS-CFD-99-1-PHASE-I-2000,LH-SRC-OC-BOND-2006Q4,high,3.0,reviewed_mission5,"Annual CFD aggregate is nonspatial and cannot be assigned to a tract, address, or household.",
LH-EDGE-M5-00736,LH-CLM-LH-ABS-CFD-99-1-PHASE-I-2001,Claim,supported_by,LH-OBS-LH-ABS-CFD-99-1-PHASE-I-2001,HistoricalObservation,2001-01-01,2001-12-31,LH-OBS-LH-ABS-CFD-99-1-PHASE-I-2001,LH-SRC-OC-BOND-2006Q4,high,3.0,reviewed_mission5,"Annual CFD aggregate is nonspatial and cannot be assigned to a tract, address, or household.",
LH-EDGE-M5-00737,LH-CLM-LH-ABS-CFD-99-1-PHASE-I-2002,Claim,supported_by,LH-OBS-LH-ABS-CFD-99-1-PHASE-I-2002,HistoricalObservation,2002-01-01,2002-12-31,LH-OBS-LH-ABS-CFD-99-1-PHASE-I-2002,LH-SRC-OC-BOND-2006Q4,high,3.0,reviewed_mission5,"Annual CFD aggregate is nonspatial and cannot be assigned to a tract, address, or household.",
LH-EDGE-M5-00738,LH-CLM-LH-ABS-CFD-99-1-PHASE-I-2003,Claim,supported_by,LH-OBS-LH-ABS-CFD-99-1-PHASE-I-2003,HistoricalObservation,2003-01-01,2003-12-31,LH-OBS-LH-ABS-CFD-99-1-PHASE-I-2003,LH-SRC-OC-BOND-2006Q4,high,3.0,reviewed_mission5,"Annual CFD aggregate is nonspatial and cannot be assigned to a tract, address, or household.",
LH-EDGE-M5-00739,LH-CLM-LH-ABS-CFD-99-1-PHASE-I-2004,Claim,supported_by,LH-OBS-LH-ABS-CFD-99-1-PHASE-I-2004,HistoricalObservation,2004-01-01,2004-12-31,LH-OBS-LH-ABS-CFD-99-1-PHASE-I-2004,LH-SRC-OC-BOND-2006Q4,high,3.0,reviewed_mission5,"Annual CFD aggregate is nonspatial and cannot be assigned to a tract, address, or household.",
LH-EDGE-M5-00740,LH-CLM-LH-ABS-CFD-99-1-PHASE-I-2005,Claim,supported_by,LH-OBS-LH-ABS-CFD-99-1-PHASE-I-2005,HistoricalObservation,2005-01-01,2005-12-31,LH-OBS-LH-ABS-CFD-99-1-PHASE-I-2005,LH-SRC-OC-BOND-2006Q4,high,3.0,reviewed_mission5,"Annual CFD aggregate is nonspatial and cannot be assigned to a tract, address, or household.",
LH-EDGE-M5-00741,LH-CLM-LH-ABS-CFD-99-1-PHASE-I-2006,Claim,supported_by,LH-OBS-LH-ABS-CFD-99-1-PHASE-I-2006,HistoricalObservation,2006-01-01,2006-12-31,LH-OBS-LH-ABS-CFD-99-1-PHASE-I-2006,LH-SRC-OC-BOND-2006Q4,high,3.0,reviewed_mission5,"Annual CFD aggregate is nonspatial and cannot be assigned to a tract, address, or household.",
LH-EDGE-M5-00742,LH-CLM-LH-ABS-CFD-2002-1-URBAN-ACTIVITY-CENTER-2003,Claim,supported_by,LH-OBS-LH-ABS-CFD-2002-1-URBAN-ACTIVITY-CENTER-2003,HistoricalObservation,2003-01-01,2003-12-31,LH-OBS-LH-ABS-CFD-2002-1-URBAN-ACTIVITY-CENTER-2003,LH-SRC-OC-BOND-2006Q4,high,3.0,reviewed_mission5,"Annual CFD aggregate is nonspatial and cannot be assigned to a tract, address, or household.",
LH-EDGE-M5-00743,LH-CLM-LH-ABS-CFD-2002-1-URBAN-ACTIVITY-CENTER-2004,Claim,supported_by,LH-OBS-LH-ABS-CFD-2002-1-URBAN-ACTIVITY-CENTER-2004,HistoricalObservation,2004-01-01,2004-12-31,LH-OBS-LH-ABS-CFD-2002-1-URBAN-ACTIVITY-CENTER-2004,LH-SRC-OC-BOND-2006Q4,high,3.0,reviewed_mission5,"Annual CFD aggregate is nonspatial and cannot be assigned to a tract, address, or household.",
LH-EDGE-M5-00744,LH-CLM-LH-ABS-CFD-2002-1-URBAN-ACTIVITY-CENTER-2005,Claim,supported_by,LH-OBS-LH-ABS-CFD-2002-1-URBAN-ACTIVITY-CENTER-2005,HistoricalObservation,2005-01-01,2005-12-31,LH-OBS-LH-ABS-CFD-2002-1-URBAN-ACTIVITY-CENTER-2005,LH-SRC-OC-BOND-2006Q4,high,3.0,reviewed_mission5,"Annual CFD aggregate is nonspatial and cannot be assigned to a tract, address, or household.",
LH-EDGE-M5-00745,LH-CLM-LH-ABS-CFD-2003-1-PHASE-V-2004,Claim,supported_by,LH-OBS-LH-ABS-CFD-2003-1-PHASE-V-2004,HistoricalObservation,2004-01-01,2004-12-31,LH-OBS-LH-ABS-CFD-2003-1-PHASE-V-2004,LH-SRC-OC-BOND-2006Q4,high,3.0,reviewed_mission5,"Annual CFD aggregate is nonspatial and cannot be assigned to a tract, address, or household.",
LH-EDGE-M5-00746,LH-CLM-LH-ABS-CFD-2003-1-PHASE-V-2005,Claim,supported_by,LH-OBS-LH-ABS-CFD-2003-1-PHASE-V-2005,HistoricalObservation,2005-01-01,2005-12-31,LH-OBS-LH-ABS-CFD-2003-1-PHASE-V-2005,LH-SRC-OC-BOND-2006Q4,high,3.0,reviewed_mission5,"Annual CFD aggregate is nonspatial and cannot be assigned to a tract, address, or household.",
LH-EDGE-M5-00747,LH-CLM-LH-ABS-CFD-2003-1-PHASE-V-2006,Claim,supported_by,LH-OBS-LH-ABS-CFD-2003-1-PHASE-V-2006,HistoricalObservation,2006-01-01,2006-12-31,LH-OBS-LH-ABS-CFD-2003-1-PHASE-V-2006,LH-SRC-OC-BOND-2006Q4,high,3.0,reviewed_mission5,"Annual CFD aggregate is nonspatial and cannot be assigned to a tract, address, or household.",
LH-EDGE-M5-00748,LH-CLM-LH-ABS-CFD-2004-1-PHASE-VI-2005,Claim,supported_by,LH-OBS-LH-ABS-CFD-2004-1-PHASE-VI-2005,HistoricalObservation,2005-01-01,2005-12-31,LH-OBS-LH-ABS-CFD-2004-1-PHASE-VI-2005,LH-SRC-OC-BOND-2006Q4;LH-SRC-OC-BOND-2011Q4,high,3.0,reviewed_mission5,"Annual CFD aggregate is nonspatial and cannot be assigned to a tract, address, or household.",
LH-EDGE-M5-00749,LH-CLM-LH-ABS-CFD-2004-1-PHASE-VI-2006,Claim,supported_by,LH-OBS-LH-ABS-CFD-2004-1-PHASE-VI-2006,HistoricalObservation,2006-01-01,2006-12-31,LH-OBS-LH-ABS-CFD-2004-1-PHASE-VI-2006,LH-SRC-OC-BOND-2006Q4;LH-SRC-OC-BOND-2011Q4,high,3.0,reviewed_mission5,"Annual CFD aggregate is nonspatial and cannot be assigned to a tract, address, or household.",
LH-EDGE-M5-00750,LH-CLM-LH-ABS-CFD-2004-1-PHASE-VI-2007,Claim,supported_by,LH-OBS-LH-ABS-CFD-2004-1-PHASE-VI-2007,HistoricalObservation,2007-01-01,2007-12-31,LH-OBS-LH-ABS-CFD-2004-1-PHASE-VI-2007,LH-SRC-OC-BOND-2006Q4;LH-SRC-OC-BOND-2011Q4,high,3.0,reviewed_mission5,"Annual CFD aggregate is nonspatial and cannot be assigned to a tract, address, or household.",
LH-EDGE-M5-00751,LH-CLM-LH-ABS-CFD-2004-1-PHASE-VI-2008,Claim,supported_by,LH-OBS-LH-ABS-CFD-2004-1-PHASE-VI-2008,HistoricalObservation,2008-01-01,2008-12-31,LH-OBS-LH-ABS-CFD-2004-1-PHASE-VI-2008,LH-SRC-OC-BOND-2006Q4;LH-SRC-OC-BOND-2011Q4,high,3.0,reviewed_mission5,"Annual CFD aggregate is nonspatial and cannot be assigned to a tract, address, or household.",
LH-EDGE-M5-00752,LH-CLM-LH-ABS-CFD-2004-1-PHASE-VI-2009,Claim,supported_by,LH-OBS-LH-ABS-CFD-2004-1-PHASE-VI-2009,HistoricalObservation,2009-01-01,2009-12-31,LH-OBS-LH-ABS-CFD-2004-1-PHASE-VI-2009,LH-SRC-OC-BOND-2006Q4;LH-SRC-OC-BOND-2011Q4,high,3.0,reviewed_mission5,"Annual CFD aggregate is nonspatial and cannot be assigned to a tract, address, or household.",
LH-EDGE-M5-00753,LH-CLM-LH-ABS-CFD-2004-1-PHASE-VI-2010,Claim,supported_by,LH-OBS-LH-ABS-CFD-2004-1-PHASE-VI-2010,HistoricalObservation,2010-01-01,2010-12-31,LH-OBS-LH-ABS-CFD-2004-1-PHASE-VI-2010,LH-SRC-OC-BOND-2006Q4;LH-SRC-OC-BOND-2011Q4,high,3.0,reviewed_mission5,"Annual CFD aggregate is nonspatial and cannot be assigned to a tract, address, or household.",
LH-EDGE-M5-00754,LH-CLM-IMG-M5-2005-01,Claim,supported_by,LH-IMGOBS-M5-2005-01,HistoricalObservation,2005-06-07,,LH-IMGOBS-M5-2005-01,LH-SRC-CDFW-NAIP-2005,medium,3.0,reviewed_mission5,"Visual classification only. It does not establish legal completion, habitability, occupancy, permit status, or continuous activity between capture dates.",
LH-EDGE-M5-00755,LH-CLM-IMG-M5-2005-02,Claim,supported_by,LH-IMGOBS-M5-2005-02,HistoricalObservation,2005-06-07,,LH-IMGOBS-M5-2005-02,LH-SRC-CDFW-NAIP-2005,high,3.0,reviewed_mission5,"Visual classification only. It does not establish legal completion, habitability, occupancy, permit status, or continuous activity between capture dates.",
LH-EDGE-M5-00756,LH-CLM-IMG-M5-2005-03,Claim,supported_by,LH-IMGOBS-M5-2005-03,HistoricalObservation,2005-06-07,,LH-IMGOBS-M5-2005-03,LH-SRC-CDFW-NAIP-2005,high,3.0,reviewed_mission5,"Visual classification only. It does not establish legal completion, habitability, occupancy, permit status, or continuous activity between capture dates.",
LH-EDGE-M5-00757,LH-CLM-IMG-M5-2009-01,Claim,supported_by,LH-IMGOBS-M5-2009-01,HistoricalObservation,2009-06-18,2009-06-22,LH-IMGOBS-M5-2009-01,LH-SRC-CDFW-NAIP-2005;LH-SRC-CDFW-NAIP-2009,high,3.0,reviewed_mission5,"Visual classification only. It does not establish legal completion, habitability, occupancy, permit status, or continuous activity between capture dates.",
LH-EDGE-M5-00758,LH-CLM-IMG-M5-2009-02,Claim,supported_by,LH-IMGOBS-M5-2009-02,HistoricalObservation,2009-06-18,2009-06-22,LH-IMGOBS-M5-2009-02,LH-SRC-CDFW-NAIP-2009,high,3.0,reviewed_mission5,"Visual classification only. It does not establish legal completion, habitability, occupancy, permit status, or continuous activity between capture dates.",
LH-EDGE-M5-00759,LH-CLM-IMG-M5-2010-01,Claim,supported_by,LH-IMGOBS-M5-2010-01,HistoricalObservation,2010-05-01,,LH-IMGOBS-M5-2010-01,LH-SRC-CDFW-NAIP-2010,high,3.0,reviewed_mission5,"Visual classification only. It does not establish legal completion, habitability, occupancy, permit status, or continuous activity between capture dates.",
LH-EDGE-M5-00760,LH-CLM-IMG-M5-2010-02,Claim,supported_by,LH-IMGOBS-M5-2010-02,HistoricalObservation,2009-06-18,2010-05-01,LH-IMGOBS-M5-2010-02,LH-SRC-CDFW-NAIP-2009;LH-SRC-CDFW-NAIP-2010,medium,3.0,reviewed_mission5,"Visual classification only. It does not establish legal completion, habitability, occupancy, permit status, or continuous activity between capture dates.",
LH-EDGE-M5-00761,LH-CLM-LH-PRODUCT-COVENANT-HILLS-ALISAL-2006,Claim,supported_by,LH-OBS-LH-PRODUCT-COVENANT-HILLS-ALISAL-2006,HistoricalObservation,2006-12-31,,LH-OBS-LH-PRODUCT-COVENANT-HILLS-ALISAL-2006,LH-SRC-OC-BOND-2006Q4,high,3.0,reviewed_mission5,"Product-level CFD counts are not address-level completion, habitability, or occupancy dates; closed escrow is not transferred to a tract geometry.",
LH-EDGE-M5-00762,LH-CLM-LH-PRODUCT-COVENANT-HILLS-ALISAL-2011,Claim,supported_by,LH-OBS-LH-PRODUCT-COVENANT-HILLS-ALISAL-2011,HistoricalObservation,2011-12-31,,LH-OBS-LH-PRODUCT-COVENANT-HILLS-ALISAL-2011,LH-SRC-OC-BOND-2011Q4,high,3.0,reviewed_mission5,"Product-level CFD counts are not address-level completion, habitability, or occupancy dates; closed escrow is not transferred to a tract geometry.",
LH-EDGE-M5-00763,LH-CLM-LH-PRODUCT-COVENANT-HILLS-AMARANTE-I-II-2006,Claim,supported_by,LH-OBS-LH-PRODUCT-COVENANT-HILLS-AMARANTE-I-II-2006,HistoricalObservation,2006-12-31,,LH-OBS-LH-PRODUCT-COVENANT-HILLS-AMARANTE-I-II-2006,LH-SRC-OC-BOND-2006Q4,high,3.0,reviewed_mission5,"Product-level CFD counts are not address-level completion, habitability, or occupancy dates; closed escrow is not transferred to a tract geometry.",
LH-EDGE-M5-00764,LH-CLM-LH-PRODUCT-COVENANT-HILLS-AMARANTE-I-II-2011,Claim,supported_by,LH-OBS-LH-PRODUCT-COVENANT-HILLS-AMARANTE-I-II-2011,HistoricalObservation,2011-12-31,,LH-OBS-LH-PRODUCT-COVENANT-HILLS-AMARANTE-I-II-2011,LH-SRC-OC-BOND-2011Q4,high,3.0,reviewed_mission5,"Product-level CFD counts are not address-level completion, habitability, or occupancy dates; closed escrow is not transferred to a tract geometry.",
LH-EDGE-M5-00765,LH-CLM-LH-PRODUCT-COVENANT-HILLS-ARBOLEDO-2006,Claim,supported_by,LH-OBS-LH-PRODUCT-COVENANT-HILLS-ARBOLEDO-2006,HistoricalObservation,2006-12-31,,LH-OBS-LH-PRODUCT-COVENANT-HILLS-ARBOLEDO-2006,LH-SRC-OC-BOND-2006Q4,high,3.0,reviewed_mission5,"Product-level CFD counts are not address-level completion, habitability, or occupancy dates; closed escrow is not transferred to a tract geometry.",
LH-EDGE-M5-00766,LH-CLM-LH-PRODUCT-COVENANT-HILLS-ARBOLEDO-2011,Claim,supported_by,LH-OBS-LH-PRODUCT-COVENANT-HILLS-ARBOLEDO-2011,HistoricalObservation,2011-12-31,,LH-OBS-LH-PRODUCT-COVENANT-HILLS-ARBOLEDO-2011,LH-SRC-OC-BOND-2011Q4,high,3.0,reviewed_mission5,"Product-level CFD counts are not address-level completion, habitability, or occupancy dates; closed escrow is not transferred to a tract geometry.",
LH-EDGE-M5-00767,LH-CLM-LH-PRODUCT-COVENANT-HILLS-BELLATAIRE-I-II-2006,Claim,supported_by,LH-OBS-LH-PRODUCT-COVENANT-HILLS-BELLATAIRE-I-II-2006,HistoricalObservation,2006-12-31,,LH-OBS-LH-PRODUCT-COVENANT-HILLS-BELLATAIRE-I-II-2006,LH-SRC-OC-BOND-2006Q4,high,3.0,reviewed_mission5,"Product-level CFD counts are not address-level completion, habitability, or occupancy dates; closed escrow is not transferred to a tract geometry.",
LH-EDGE-M5-00768,LH-CLM-LH-PRODUCT-COVENANT-HILLS-BELLATAIRE-I-II-2011,Claim,supported_by,LH-OBS-LH-PRODUCT-COVENANT-HILLS-BELLATAIRE-I-II-2011,HistoricalObservation,2011-12-31,,LH-OBS-LH-PRODUCT-COVENANT-HILLS-BELLATAIRE-I-II-2011,LH-SRC-OC-BOND-2011Q4,high,3.0,reviewed_mission5,"Product-level CFD counts are not address-level completion, habitability, or occupancy dates; closed escrow is not transferred to a tract geometry.",
LH-EDGE-M5-00769,LH-CLM-LH-PRODUCT-COVENANT-HILLS-CAPISTRANO-2006,Claim,supported_by,LH-OBS-LH-PRODUCT-COVENANT-HILLS-CAPISTRANO-2006,HistoricalObservation,2006-12-31,,LH-OBS-LH-PRODUCT-COVENANT-HILLS-CAPISTRANO-2006,LH-SRC-OC-BOND-2006Q4,high,3.0,reviewed_mission5,"Product-level CFD counts are not address-level completion, habitability, or occupancy dates; closed escrow is not transferred to a tract geometry.",
LH-EDGE-M5-00770,LH-CLM-LH-PRODUCT-COVENANT-HILLS-CAPISTRANO-2011,Claim,supported_by,LH-OBS-LH-PRODUCT-COVENANT-HILLS-CAPISTRANO-2011,HistoricalObservation,2011-12-31,,LH-OBS-LH-PRODUCT-COVENANT-HILLS-CAPISTRANO-2011,LH-SRC-OC-BOND-2011Q4,high,3.0,reviewed_mission5,"Product-level CFD counts are not address-level completion, habitability, or occupancy dates; closed escrow is not transferred to a tract geometry.",
LH-EDGE-M5-00771,LH-CLM-LH-PRODUCT-COVENANT-HILLS-CASTELLINA-2006,Claim,supported_by,LH-OBS-LH-PRODUCT-COVENANT-HILLS-CASTELLINA-2006,HistoricalObservation,2006-12-31,,LH-OBS-LH-PRODUCT-COVENANT-HILLS-CASTELLINA-2006,LH-SRC-OC-BOND-2006Q4,high,3.0,reviewed_mission5,"Product-level CFD counts are not address-level completion, habitability, or occupancy dates; closed escrow is not transferred to a tract geometry.",
LH-EDGE-M5-00772,LH-CLM-LH-PRODUCT-COVENANT-HILLS-CASTELLINA-2011,Claim,supported_by,LH-OBS-LH-PRODUCT-COVENANT-HILLS-CASTELLINA-2011,HistoricalObservation,2011-12-31,,LH-OBS-LH-PRODUCT-COVENANT-HILLS-CASTELLINA-2011,LH-SRC-OC-BOND-2011Q4,high,3.0,reviewed_mission5,"Product-level CFD counts are not address-level completion, habitability, or occupancy dates; closed escrow is not transferred to a tract geometry.",
LH-EDGE-M5-00773,LH-CLM-LH-PRODUCT-COVENANT-HILLS-DMB-LADERA-CUSTOM-LOTS-2006,Claim,supported_by,LH-OBS-LH-PRODUCT-COVENANT-HILLS-DMB-LADERA-CUSTOM-LOTS-2006,HistoricalObservation,2006-12-31,,LH-OBS-LH-PRODUCT-COVENANT-HILLS-DMB-LADERA-CUSTOM-LOTS-2006,LH-SRC-OC-BOND-2006Q4,high,3.0,reviewed_mission5,"Product-level CFD counts are not address-level completion, habitability, or occupancy dates; closed escrow is not transferred to a tract geometry.",
LH-EDGE-M5-00774,LH-CLM-LH-PRODUCT-COVENANT-HILLS-DMB-LADERA-CUSTOM-LOTS-2011,Claim,supported_by,LH-OBS-LH-PRODUCT-COVENANT-HILLS-DMB-LADERA-CUSTOM-LOTS-2011,HistoricalObservation,2011-12-31,,LH-OBS-LH-PRODUCT-COVENANT-HILLS-DMB-LADERA-CUSTOM-LOTS-2011,LH-SRC-OC-BOND-2011Q4,high,3.0,reviewed_mission5,"Product-level CFD counts are not address-level completion, habitability, or occupancy dates; closed escrow is not transferred to a tract geometry.",
LH-EDGE-M5-00775,LH-CLM-LH-PRODUCT-COVENANT-HILLS-ENCANTADA-2006,Claim,supported_by,LH-OBS-LH-PRODUCT-COVENANT-HILLS-ENCANTADA-2006,HistoricalObservation,2006-12-31,,LH-OBS-LH-PRODUCT-COVENANT-HILLS-ENCANTADA-2006,LH-SRC-OC-BOND-2006Q4,high,3.0,reviewed_mission5,"Product-level CFD counts are not address-level completion, habitability, or occupancy dates; closed escrow is not transferred to a tract geometry.",
LH-EDGE-M5-00776,LH-CLM-LH-PRODUCT-COVENANT-HILLS-ENCANTADA-2011,Claim,supported_by,LH-OBS-LH-PRODUCT-COVENANT-HILLS-ENCANTADA-2011,HistoricalObservation,2011-12-31,,LH-OBS-LH-PRODUCT-COVENANT-HILLS-ENCANTADA-2011,LH-SRC-OC-BOND-2011Q4,high,3.0,reviewed_mission5,"Product-level CFD counts are not address-level completion, habitability, or occupancy dates; closed escrow is not transferred to a tract geometry.",
LH-EDGE-M5-00777,LH-CLM-LH-PRODUCT-COVENANT-HILLS-LAS-PIEDRAS-2006,Claim,supported_by,LH-OBS-LH-PRODUCT-COVENANT-HILLS-LAS-PIEDRAS-2006,HistoricalObservation,2006-12-31,,LH-OBS-LH-PRODUCT-COVENANT-HILLS-LAS-PIEDRAS-2006,LH-SRC-OC-BOND-2006Q4,high,3.0,reviewed_mission5,"Product-level CFD counts are not address-level completion, habitability, or occupancy dates; closed escrow is not transferred to a tract geometry.",
LH-EDGE-M5-00778,LH-CLM-LH-PRODUCT-COVENANT-HILLS-LAS-PIEDRAS-2011,Claim,supported_by,LH-OBS-LH-PRODUCT-COVENANT-HILLS-LAS-PIEDRAS-2011,HistoricalObservation,2011-12-31,,LH-OBS-LH-PRODUCT-COVENANT-HILLS-LAS-PIEDRAS-2011,LH-SRC-OC-BOND-2011Q4,high,3.0,reviewed_mission5,"Product-level CFD counts are not address-level completion, habitability, or occupancy dates; closed escrow is not transferred to a tract geometry.",
LH-EDGE-M5-00779,LH-CLM-LH-PRODUCT-COVENANT-HILLS-MERIDEN-2006,Claim,supported_by,LH-OBS-LH-PRODUCT-COVENANT-HILLS-MERIDEN-2006,HistoricalObservation,2006-12-31,,LH-OBS-LH-PRODUCT-COVENANT-HILLS-MERIDEN-2006,LH-SRC-OC-BOND-2006Q4,high,3.0,reviewed_mission5,"Product-level CFD counts are not address-level completion, habitability, or occupancy dates; closed escrow is not transferred to a tract geometry.",
LH-EDGE-M5-00780,LH-CLM-LH-PRODUCT-COVENANT-HILLS-MERIDEN-2011,Claim,supported_by,LH-OBS-LH-PRODUCT-COVENANT-HILLS-MERIDEN-2011,HistoricalObservation,2011-12-31,,LH-OBS-LH-PRODUCT-COVENANT-HILLS-MERIDEN-2011,LH-SRC-OC-BOND-2011Q4,high,3.0,reviewed_mission5,"Product-level CFD counts are not address-level completion, habitability, or occupancy dates; closed escrow is not transferred to a tract geometry.",
LH-EDGE-M5-00781,LH-CLM-LH-PRODUCT-COVENANT-HILLS-MONTANEZ-2006,Claim,supported_by,LH-OBS-LH-PRODUCT-COVENANT-HILLS-MONTANEZ-2006,HistoricalObservation,2006-12-31,,LH-OBS-LH-PRODUCT-COVENANT-HILLS-MONTANEZ-2006,LH-SRC-OC-BOND-2006Q4,high,3.0,reviewed_mission5,"Product-level CFD counts are not address-level completion, habitability, or occupancy dates; closed escrow is not transferred to a tract geometry.",
LH-EDGE-M5-00782,LH-CLM-LH-PRODUCT-COVENANT-HILLS-MONTANEZ-2011,Claim,supported_by,LH-OBS-LH-PRODUCT-COVENANT-HILLS-MONTANEZ-2011,HistoricalObservation,2011-12-31,,LH-OBS-LH-PRODUCT-COVENANT-HILLS-MONTANEZ-2011,LH-SRC-OC-BOND-2011Q4,high,3.0,reviewed_mission5,"Product-level CFD counts are not address-level completion, habitability, or occupancy dates; closed escrow is not transferred to a tract geometry.",
LH-EDGE-M5-00783,LH-CLM-LH-PRODUCT-COVENANT-HILLS-SAN-DONATO-2006,Claim,supported_by,LH-OBS-LH-PRODUCT-COVENANT-HILLS-SAN-DONATO-2006,HistoricalObservation,2006-12-31,,LH-OBS-LH-PRODUCT-COVENANT-HILLS-SAN-DONATO-2006,LH-SRC-OC-BOND-2006Q4,high,3.0,reviewed_mission5,"Product-level CFD counts are not address-level completion, habitability, or occupancy dates; closed escrow is not transferred to a tract geometry.",
LH-EDGE-M5-00784,LH-CLM-LH-PRODUCT-COVENANT-HILLS-SAN-DONATO-2011,Claim,supported_by,LH-OBS-LH-PRODUCT-COVENANT-HILLS-SAN-DONATO-2011,HistoricalObservation,2011-12-31,,LH-OBS-LH-PRODUCT-COVENANT-HILLS-SAN-DONATO-2011,LH-SRC-OC-BOND-2011Q4,high,3.0,reviewed_mission5,"Product-level CFD counts are not address-level completion, habitability, or occupancy dates; closed escrow is not transferred to a tract geometry.",
LH-EDGE-M5-00785,LH-CLM-LH-PRODUCT-COVENANT-HILLS-SEGOVIA-2006,Claim,supported_by,LH-OBS-LH-PRODUCT-COVENANT-HILLS-SEGOVIA-2006,HistoricalObservation,2006-12-31,,LH-OBS-LH-PRODUCT-COVENANT-HILLS-SEGOVIA-2006,LH-SRC-OC-BOND-2006Q4,high,3.0,reviewed_mission5,"Product-level CFD counts are not address-level completion, habitability, or occupancy dates; closed escrow is not transferred to a tract geometry.",
LH-EDGE-M5-00786,LH-CLM-LH-PRODUCT-COVENANT-HILLS-SEGOVIA-2011,Claim,supported_by,LH-OBS-LH-PRODUCT-COVENANT-HILLS-SEGOVIA-2011,HistoricalObservation,2011-12-31,,LH-OBS-LH-PRODUCT-COVENANT-HILLS-SEGOVIA-2011,LH-SRC-OC-BOND-2011Q4,high,3.0,reviewed_mission5,"Product-level CFD counts are not address-level completion, habitability, or occupancy dates; closed escrow is not transferred to a tract geometry.",
LH-EDGE-M5-00787,LH-CLM-LH-PRODUCT-COVENANT-HILLS-SHERBORNE-2006,Claim,supported_by,LH-OBS-LH-PRODUCT-COVENANT-HILLS-SHERBORNE-2006,HistoricalObservation,2006-12-31,,LH-OBS-LH-PRODUCT-COVENANT-HILLS-SHERBORNE-2006,LH-SRC-OC-BOND-2006Q4,high,3.0,reviewed_mission5,"Product-level CFD counts are not address-level completion, habitability, or occupancy dates; closed escrow is not transferred to a tract geometry.",
LH-EDGE-M5-00788,LH-CLM-LH-PRODUCT-COVENANT-HILLS-SHERBORNE-2011,Claim,supported_by,LH-OBS-LH-PRODUCT-COVENANT-HILLS-SHERBORNE-2011,HistoricalObservation,2011-12-31,,LH-OBS-LH-PRODUCT-COVENANT-HILLS-SHERBORNE-2011,LH-SRC-OC-BOND-2011Q4,high,3.0,reviewed_mission5,"Product-level CFD counts are not address-level completion, habitability, or occupancy dates; closed escrow is not transferred to a tract geometry.",
LH-EDGE-M5-00789,LH-CLM-LH-PRODUCT-COVENANT-HILLS-SKYE-ISLE-2006,Claim,supported_by,LH-OBS-LH-PRODUCT-COVENANT-HILLS-SKYE-ISLE-2006,HistoricalObservation,2006-12-31,,LH-OBS-LH-PRODUCT-COVENANT-HILLS-SKYE-ISLE-2006,LH-SRC-OC-BOND-2006Q4,high,3.0,reviewed_mission5,"Product-level CFD counts are not address-level completion, habitability, or occupancy dates; closed escrow is not transferred to a tract geometry.",
LH-EDGE-M5-00790,LH-CLM-LH-PRODUCT-COVENANT-HILLS-SKYE-ISLE-2011,Claim,supported_by,LH-OBS-LH-PRODUCT-COVENANT-HILLS-SKYE-ISLE-2011,HistoricalObservation,2011-12-31,,LH-OBS-LH-PRODUCT-COVENANT-HILLS-SKYE-ISLE-2011,LH-SRC-OC-BOND-2011Q4,high,3.0,reviewed_mission5,"Product-level CFD counts are not address-level completion, habitability, or occupancy dates; closed escrow is not transferred to a tract geometry.",
LH-EDGE-M5-00791,LH-CLM-LH-PRODUCT-TERRAMOR-ARBORAGE-2006,Claim,supported_by,LH-OBS-LH-PRODUCT-TERRAMOR-ARBORAGE-2006,HistoricalObservation,2006-12-31,,LH-OBS-LH-PRODUCT-TERRAMOR-ARBORAGE-2006,LH-SRC-OC-BOND-2006Q4,high,3.0,reviewed_mission5,"Product-level CFD counts are not address-level completion, habitability, or occupancy dates; closed escrow is not transferred to a tract geometry.",
LH-EDGE-M5-00792,LH-CLM-LH-PRODUCT-TERRAMOR-BANISTER-STREET-2006,Claim,supported_by,LH-OBS-LH-PRODUCT-TERRAMOR-BANISTER-STREET-2006,HistoricalObservation,2006-12-31,,LH-OBS-LH-PRODUCT-TERRAMOR-BANISTER-STREET-2006,LH-SRC-OC-BOND-2006Q4,high,3.0,reviewed_mission5,"Product-level CFD counts are not address-level completion, habitability, or occupancy dates; closed escrow is not transferred to a tract geometry.",
LH-EDGE-M5-00793,LH-CLM-LH-PRODUCT-TERRAMOR-BRANCHES-2006,Claim,supported_by,LH-OBS-LH-PRODUCT-TERRAMOR-BRANCHES-2006,HistoricalObservation,2006-12-31,,LH-OBS-LH-PRODUCT-TERRAMOR-BRANCHES-2006,LH-SRC-OC-BOND-2006Q4,high,3.0,reviewed_mission5,"Product-level CFD counts are not address-level completion, habitability, or occupancy dates; closed escrow is not transferred to a tract geometry.",
LH-EDGE-M5-00794,LH-CLM-LH-PRODUCT-TERRAMOR-BRIAR-ROSE-2006,Claim,supported_by,LH-OBS-LH-PRODUCT-TERRAMOR-BRIAR-ROSE-2006,HistoricalObservation,2006-12-31,,LH-OBS-LH-PRODUCT-TERRAMOR-BRIAR-ROSE-2006,LH-SRC-OC-BOND-2006Q4,high,3.0,reviewed_mission5,"Product-level CFD counts are not address-level completion, habitability, or occupancy dates; closed escrow is not transferred to a tract geometry.",
LH-EDGE-M5-00795,LH-CLM-LH-PRODUCT-TERRAMOR-CLAIBORNE-2006,Claim,supported_by,LH-OBS-LH-PRODUCT-TERRAMOR-CLAIBORNE-2006,HistoricalObservation,2006-12-31,,LH-OBS-LH-PRODUCT-TERRAMOR-CLAIBORNE-2006,LH-SRC-OC-BOND-2006Q4,high,3.0,reviewed_mission5,"Product-level CFD counts are not address-level completion, habitability, or occupancy dates; closed escrow is not transferred to a tract geometry.",
LH-EDGE-M5-00796,LH-CLM-LH-PRODUCT-TERRAMOR-EVERGREEN-LADERA-2006,Claim,supported_by,LH-OBS-LH-PRODUCT-TERRAMOR-EVERGREEN-LADERA-2006,HistoricalObservation,2006-12-31,,LH-OBS-LH-PRODUCT-TERRAMOR-EVERGREEN-LADERA-2006,LH-SRC-OC-BOND-2006Q4,high,3.0,reviewed_mission5,"Product-level CFD counts are not address-level completion, habitability, or occupancy dates; closed escrow is not transferred to a tract geometry.",
LH-EDGE-M5-00797,LH-CLM-LH-PRODUCT-TERRAMOR-MOSAIC-2006,Claim,supported_by,LH-OBS-LH-PRODUCT-TERRAMOR-MOSAIC-2006,HistoricalObservation,2006-12-31,,LH-OBS-LH-PRODUCT-TERRAMOR-MOSAIC-2006,LH-SRC-OC-BOND-2006Q4,high,3.0,reviewed_mission5,"Product-level CFD counts are not address-level completion, habitability, or occupancy dates; closed escrow is not transferred to a tract geometry.",
LH-EDGE-M5-00798,LH-CLM-LH-PRODUCT-TERRAMOR-SEDONA-2006,Claim,supported_by,LH-OBS-LH-PRODUCT-TERRAMOR-SEDONA-2006,HistoricalObservation,2006-12-31,,LH-OBS-LH-PRODUCT-TERRAMOR-SEDONA-2006,LH-SRC-OC-BOND-2006Q4,high,3.0,reviewed_mission5,"Product-level CFD counts are not address-level completion, habitability, or occupancy dates; closed escrow is not transferred to a tract geometry.",
LH-EDGE-M5-00799,LH-CLM-LH-PRODUCT-TERRAMOR-SUTTER-S-MILL-2006,Claim,supported_by,LH-OBS-LH-PRODUCT-TERRAMOR-SUTTER-S-MILL-2006,HistoricalObservation,2006-12-31,,LH-OBS-LH-PRODUCT-TERRAMOR-SUTTER-S-MILL-2006,LH-SRC-OC-BOND-2006Q4,high,3.0,reviewed_mission5,"Product-level CFD counts are not address-level completion, habitability, or occupancy dates; closed escrow is not transferred to a tract geometry.",
LH-EDGE-M5-00800,LH-CLM-LH-PRODUCT-TERRAMOR-TARLETON-2006,Claim,supported_by,LH-OBS-LH-PRODUCT-TERRAMOR-TARLETON-2006,HistoricalObservation,2006-12-31,,LH-OBS-LH-PRODUCT-TERRAMOR-TARLETON-2006,LH-SRC-OC-BOND-2006Q4,high,3.0,reviewed_mission5,"Product-level CFD counts are not address-level completion, habitability, or occupancy dates; closed escrow is not transferred to a tract geometry.",
LH-EDGE-M5-00801,LH-CLM-LH-PRODUCT-TERRAMOR-VALMONT-2006,Claim,supported_by,LH-OBS-LH-PRODUCT-TERRAMOR-VALMONT-2006,HistoricalObservation,2006-12-31,,LH-OBS-LH-PRODUCT-TERRAMOR-VALMONT-2006,LH-SRC-OC-BOND-2006Q4,high,3.0,reviewed_mission5,"Product-level CFD counts are not address-level completion, habitability, or occupancy dates; closed escrow is not transferred to a tract geometry.",
LH-EDGE-M5-00802,LH-CLM-LH-PRODUCT-TERRAMOR-WALDEN-PARK-2006,Claim,supported_by,LH-OBS-LH-PRODUCT-TERRAMOR-WALDEN-PARK-2006,HistoricalObservation,2006-12-31,,LH-OBS-LH-PRODUCT-TERRAMOR-WALDEN-PARK-2006,LH-SRC-OC-BOND-2006Q4,high,3.0,reviewed_mission5,"Product-level CFD counts are not address-level completion, habitability, or occupancy dates; closed escrow is not transferred to a tract geometry.",
LH-EDGE-M5-00803,LH-CLM-LH-COMMERCIAL-2006-LAUREL-TERRACE,Claim,supported_by,LH-OBS-LH-COMMERCIAL-2006-LAUREL-TERRACE,HistoricalObservation,2006-12-31,,LH-OBS-LH-COMMERCIAL-2006-LAUREL-TERRACE,LH-SRC-OC-BOND-2006Q4,high,3.0,reviewed_mission5,Snapshot status only; no opening date or historical footprint is inferred.,
LH-EDGE-M5-00804,LH-CLM-LH-COMMERCIAL-2006-REMINGTON-ACTIVE-SENIORS,Claim,supported_by,LH-OBS-LH-COMMERCIAL-2006-REMINGTON-ACTIVE-SENIORS,HistoricalObservation,2006-12-31,,LH-OBS-LH-COMMERCIAL-2006-REMINGTON-ACTIVE-SENIORS,LH-SRC-OC-BOND-2006Q4,high,3.0,reviewed_mission5,Snapshot status only; no opening date or historical footprint is inferred.,
LH-EDGE-M5-00805,LH-CLM-LH-COMMERCIAL-2006-LADERA-CORPORATE-TERRACE,Claim,supported_by,LH-OBS-LH-COMMERCIAL-2006-LADERA-CORPORATE-TERRACE,HistoricalObservation,2006-12-31,,LH-OBS-LH-COMMERCIAL-2006-LADERA-CORPORATE-TERRACE,LH-SRC-OC-BOND-2006Q4,high,3.0,reviewed_mission5,Snapshot status only; no opening date or historical footprint is inferred.,
LH-EDGE-M5-00806,LH-CLM-LH-COMMERCIAL-2006-MONTESSORI-2101,Claim,supported_by,LH-OBS-LH-COMMERCIAL-2006-MONTESSORI-2101,HistoricalObservation,2006-12-31,,LH-OBS-LH-COMMERCIAL-2006-MONTESSORI-2101,LH-SRC-OC-BOND-2006Q4,high,3.0,reviewed_mission5,Snapshot status only; no opening date or historical footprint is inferred.,
LH-EDGE-M5-00807,LH-CLM-LH-COMMERCIAL-2006-KINDER-CARE-1000,Claim,supported_by,LH-OBS-LH-COMMERCIAL-2006-KINDER-CARE-1000,HistoricalObservation,2006-12-31,,LH-OBS-LH-COMMERCIAL-2006-KINDER-CARE-1000,LH-SRC-OC-BOND-2006Q4,high,3.0,reviewed_mission5,Snapshot status only; no opening date or historical footprint is inferred.,
LH-EDGE-M5-00808,LH-CLM-LH-COMMERCIAL-2006-TRACT-16036-LOTS-40-41,Claim,supported_by,LH-OBS-LH-COMMERCIAL-2006-TRACT-16036-LOTS-40-41,HistoricalObservation,2006-12-31,,LH-OBS-LH-COMMERCIAL-2006-TRACT-16036-LOTS-40-41,LH-SRC-OC-BOND-2006Q4,high,3.0,reviewed_mission5,Snapshot status only; no opening date or historical footprint is inferred.,
LH-EDGE-M5-00809,LH-CLM-LH-COMMERCIAL-2006-MERCHANTILE-EAST,Claim,supported_by,LH-OBS-LH-COMMERCIAL-2006-MERCHANTILE-EAST,HistoricalObservation,2006-12-31,,LH-OBS-LH-COMMERCIAL-2006-MERCHANTILE-EAST,LH-SRC-OC-BOND-2006Q4,high,3.0,reviewed_mission5,Snapshot status only; no opening date or historical footprint is inferred.,
LH-EDGE-M5-00810,LH-CLM-LH-COMMERCIAL-2006-LADERA-UAC-SELF-STORAGE,Claim,supported_by,LH-OBS-LH-COMMERCIAL-2006-LADERA-UAC-SELF-STORAGE,HistoricalObservation,2006-12-31,,LH-OBS-LH-COMMERCIAL-2006-LADERA-UAC-SELF-STORAGE,LH-SRC-OC-BOND-2006Q4,high,3.0,reviewed_mission5,Snapshot status only; no opening date or historical footprint is inferred.,
LH-EDGE-M5-00811,LH-CLM-LH-PRODUCT-COVENANT-HILLS-AMARANTE-2006,Claim,supported_by,LH-OBS-LH-PRODUCT-COVENANT-HILLS-AMARANTE-2006,HistoricalObservation,2006-12-31,,LH-OBS-LH-PRODUCT-COVENANT-HILLS-AMARANTE-2006,LH-SRC-OC-BOND-2006Q4,high,3.0,reviewed_mission5,"Product-level CFD counts are not address-level completion, habitability, or occupancy dates; closed escrow is not transferred to a tract geometry.",
LH-EDGE-M5-00812,LH-CLM-LH-PRODUCT-COVENANT-HILLS-AMARANTE-2011,Claim,supported_by,LH-OBS-LH-PRODUCT-COVENANT-HILLS-AMARANTE-2011,HistoricalObservation,2011-12-31,,LH-OBS-LH-PRODUCT-COVENANT-HILLS-AMARANTE-2011,LH-SRC-OC-BOND-2011Q4,high,3.0,reviewed_mission5,"Product-level CFD counts are not address-level completion, habitability, or occupancy dates; closed escrow is not transferred to a tract geometry.",
LH-EDGE-M5-00813,LH-CLM-LH-PRODUCT-COVENANT-HILLS-BELLATAIRE-2006,Claim,supported_by,LH-OBS-LH-PRODUCT-COVENANT-HILLS-BELLATAIRE-2006,HistoricalObservation,2006-12-31,,LH-OBS-LH-PRODUCT-COVENANT-HILLS-BELLATAIRE-2006,LH-SRC-OC-BOND-2006Q4,high,3.0,reviewed_mission5,"Product-level CFD counts are not address-level completion, habitability, or occupancy dates; closed escrow is not transferred to a tract geometry.",
LH-EDGE-M5-00814,LH-CLM-LH-PRODUCT-COVENANT-HILLS-BELLATAIRE-2011,Claim,supported_by,LH-OBS-LH-PRODUCT-COVENANT-HILLS-BELLATAIRE-2011,HistoricalObservation,2011-12-31,,LH-OBS-LH-PRODUCT-COVENANT-HILLS-BELLATAIRE-2011,LH-SRC-OC-BOND-2011Q4,high,3.0,reviewed_mission5,"Product-level CFD counts are not address-level completion, habitability, or occupancy dates; closed escrow is not transferred to a tract geometry.",
LH-EDGE-M5-00815,LH-TRACT-15615,RecordedTract,has_legal_milestone,LH-TRACT-EVIDENCE-15615-RECORDING,MilestoneEvidence,1998-12-11,1998-12-11,LH-OBS-TRACT-15615,LH-SRC-OC-TRACTS;LH-SRC-OC-LMS-TRACT-PDFS,high,3.0,ocr_structured_visual_spot_check_required,"Recording is not evidence of grading, construction, sale, habitability, or occupancy.",
LH-EDGE-M5-00816,LH-TRACT-15616,RecordedTract,has_legal_milestone,LH-TRACT-EVIDENCE-15616-RECORDING,MilestoneEvidence,1999-06-30,1999-06-30,LH-OBS-TRACT-15616,LH-SRC-OC-TRACTS;LH-SRC-OC-LMS-TRACT-PDFS,high,3.0,ocr_structured_visual_spot_check_required,"Recording is not evidence of grading, construction, sale, habitability, or occupancy.",
LH-EDGE-M5-00817,LH-TRACT-15617,RecordedTract,has_legal_milestone,LH-TRACT-EVIDENCE-15617-RECORDING,MilestoneEvidence,1999-07-28,1999-07-28,LH-OBS-TRACT-15617,LH-SRC-OC-TRACTS;LH-SRC-OC-LMS-TRACT-PDFS,high,3.0,ocr_structured_visual_spot_check_required,"Recording is not evidence of grading, construction, sale, habitability, or occupancy.",
LH-EDGE-M5-00818,LH-TRACT-15618,RecordedTract,has_legal_milestone,LH-TRACT-EVIDENCE-15618-RECORDING,MilestoneEvidence,1999-05-28,1999-05-28,LH-OBS-TRACT-15618,LH-SRC-OC-TRACTS;LH-SRC-OC-LMS-TRACT-PDFS,high,3.0,ocr_structured_visual_spot_check_required,"Recording is not evidence of grading, construction, sale, habitability, or occupancy.",
LH-EDGE-M5-00819,LH-TRACT-15619,RecordedTract,has_legal_milestone,LH-TRACT-EVIDENCE-15619-RECORDING,MilestoneEvidence,2001-03-09,2001-03-09,LH-OBS-TRACT-15619,LH-SRC-OC-TRACTS;LH-SRC-OC-LMS-TRACT-PDFS,high,3.0,ocr_structured_visual_spot_check_required,"Recording is not evidence of grading, construction, sale, habitability, or occupancy.",
LH-EDGE-M5-00820,LH-TRACT-15620,RecordedTract,has_legal_milestone,LH-TRACT-EVIDENCE-15620-RECORDING,MilestoneEvidence,1999-05-15,1999-05-15,LH-OBS-TRACT-15620,LH-SRC-OC-TRACTS;LH-SRC-OC-LMS-TRACT-PDFS,high,3.0,ocr_structured_visual_spot_check_required,"Recording is not evidence of grading, construction, sale, habitability, or occupancy.",
LH-EDGE-M5-00821,LH-TRACT-15621,RecordedTract,has_legal_milestone,LH-TRACT-EVIDENCE-15621-RECORDING,MilestoneEvidence,1999-03-30,1999-03-30,LH-OBS-TRACT-15621,LH-SRC-OC-TRACTS;LH-SRC-OC-LMS-TRACT-PDFS,high,3.0,ocr_structured_visual_spot_check_required,"Recording is not evidence of grading, construction, sale, habitability, or occupancy.",
LH-EDGE-M5-00822,LH-TRACT-15622,RecordedTract,has_legal_milestone,LH-TRACT-EVIDENCE-15622-RECORDING,MilestoneEvidence,1999-05-14,1999-05-14,LH-OBS-TRACT-15622,LH-SRC-OC-TRACTS;LH-SRC-OC-LMS-TRACT-PDFS,high,3.0,ocr_structured_visual_spot_check_required,"Recording is not evidence of grading, construction, sale, habitability, or occupancy.",
LH-EDGE-M5-00823,LH-TRACT-15623,RecordedTract,has_legal_milestone,LH-TRACT-EVIDENCE-15623-RECORDING,MilestoneEvidence,1999-05-04,1999-05-04,LH-OBS-TRACT-15623,LH-SRC-OC-TRACTS;LH-SRC-OC-LMS-TRACT-PDFS,high,3.0,ocr_structured_visual_spot_check_required,"Recording is not evidence of grading, construction, sale, habitability, or occupancy.",
LH-EDGE-M5-00824,LH-TRACT-15624,RecordedTract,has_legal_milestone,LH-TRACT-EVIDENCE-15624-RECORDING,MilestoneEvidence,2000-04-06,2000-04-06,LH-OBS-TRACT-15624,LH-SRC-OC-TRACTS;LH-SRC-OC-LMS-TRACT-PDFS,high,3.0,ocr_structured_visual_spot_check_required,"Recording is not evidence of grading, construction, sale, habitability, or occupancy.",
LH-EDGE-M5-00825,LH-TRACT-15625,RecordedTract,has_legal_milestone,LH-TRACT-EVIDENCE-15625-RECORDING,MilestoneEvidence,1999-04-22,1999-04-22,LH-OBS-TRACT-15625,LH-SRC-OC-TRACTS;LH-SRC-OC-LMS-TRACT-PDFS,high,3.0,ocr_structured_visual_spot_check_required,"Recording is not evidence of grading, construction, sale, habitability, or occupancy.",
LH-EDGE-M5-00826,LH-TRACT-15626,RecordedTract,has_legal_milestone,LH-TRACT-EVIDENCE-15626-RECORDING,MilestoneEvidence,1999-05-07,1999-05-07,LH-OBS-TRACT-15626,LH-SRC-OC-TRACTS;LH-SRC-OC-LMS-TRACT-PDFS,high,3.0,ocr_structured_visual_spot_check_required,"Recording is not evidence of grading, construction, sale, habitability, or occupancy.",
LH-EDGE-M5-00827,LH-TRACT-15627,RecordedTract,has_legal_milestone,LH-TRACT-EVIDENCE-15627-RECORDING,MilestoneEvidence,1999-05-14,1999-05-14,LH-OBS-TRACT-15627,LH-SRC-OC-TRACTS;LH-SRC-OC-LMS-TRACT-PDFS,high,3.0,ocr_structured_visual_spot_check_required,"Recording is not evidence of grading, construction, sale, habitability, or occupancy.",
LH-EDGE-M5-00828,LH-TRACT-15628,RecordedTract,has_legal_milestone,LH-TRACT-EVIDENCE-15628-RECORDING,MilestoneEvidence,1999-05-25,1999-05-25,LH-OBS-TRACT-15628,LH-SRC-OC-TRACTS;LH-SRC-OC-LMS-TRACT-PDFS,high,3.0,ocr_structured_visual_spot_check_required,"Recording is not evidence of grading, construction, sale, habitability, or occupancy.",
LH-EDGE-M5-00829,LH-TRACT-15629,RecordedTract,has_legal_milestone,LH-TRACT-EVIDENCE-15629-RECORDING,MilestoneEvidence,1999-06-30,1999-06-30,LH-OBS-TRACT-15629,LH-SRC-OC-TRACTS;LH-SRC-OC-LMS-TRACT-PDFS,high,3.0,ocr_structured_visual_spot_check_required,"Recording is not evidence of grading, construction, sale, habitability, or occupancy.",
LH-EDGE-M5-00830,LH-TRACT-15630,RecordedTract,has_legal_milestone,LH-TRACT-EVIDENCE-15630-RECORDING,MilestoneEvidence,1999-05-14,1999-05-14,LH-OBS-TRACT-15630,LH-SRC-OC-TRACTS;LH-SRC-OC-LMS-TRACT-PDFS,high,3.0,ocr_structured_visual_spot_check_required,"Recording is not evidence of grading, construction, sale, habitability, or occupancy.",
LH-EDGE-M5-00831,LH-TRACT-15631,RecordedTract,has_legal_milestone,LH-TRACT-EVIDENCE-15631-RECORDING,MilestoneEvidence,2000-09-14,2000-09-14,LH-OBS-TRACT-15631,LH-SRC-OC-TRACTS;LH-SRC-OC-LMS-TRACT-PDFS,high,3.0,ocr_structured_visual_spot_check_required,"Recording is not evidence of grading, construction, sale, habitability, or occupancy.",
LH-EDGE-M5-00832,LH-TRACT-15632,RecordedTract,has_legal_milestone,LH-TRACT-EVIDENCE-15632-RECORDING,MilestoneEvidence,1999-08-30,1999-08-30,LH-OBS-TRACT-15632,LH-SRC-OC-TRACTS;LH-SRC-OC-LMS-TRACT-PDFS,high,3.0,ocr_structured_visual_spot_check_required,"Recording is not evidence of grading, construction, sale, habitability, or occupancy.",
LH-EDGE-M5-00833,LH-TRACT-15793,RecordedTract,has_legal_milestone,LH-TRACT-EVIDENCE-15793-RECORDING,MilestoneEvidence,2008-12-24,2008-12-24,LH-OBS-TRACT-15793,LH-SRC-OC-TRACTS;LH-SRC-OC-LMS-TRACT-PDFS,high,3.0,ocr_structured_visual_spot_check_required,"Recording is not evidence of grading, construction, sale, habitability, or occupancy.",
LH-EDGE-M5-00834,LH-TRACT-15813,RecordedTract,has_legal_milestone,LH-TRACT-EVIDENCE-15813-RECORDING,MilestoneEvidence,2000-06-14,2000-06-14,LH-OBS-TRACT-15813,LH-SRC-OC-TRACTS;LH-SRC-OC-LMS-TRACT-PDFS,high,3.0,ocr_structured_visual_spot_check_required,"Recording is not evidence of grading, construction, sale, habitability, or occupancy.",
LH-EDGE-M5-00835,LH-TRACT-15827,RecordedTract,has_legal_milestone,LH-TRACT-EVIDENCE-15827-RECORDING,MilestoneEvidence,2000-05-10,2000-05-10,LH-OBS-TRACT-15827,LH-SRC-OC-TRACTS;LH-SRC-OC-LMS-TRACT-PDFS,high,3.0,ocr_structured_visual_spot_check_required,"Recording is not evidence of grading, construction, sale, habitability, or occupancy.",
LH-EDGE-M5-00836,LH-TRACT-15884,RecordedTract,has_legal_milestone,LH-TRACT-EVIDENCE-15884-RECORDING,MilestoneEvidence,2000-01-14,2000-01-14,LH-OBS-TRACT-15884,LH-SRC-OC-TRACTS;LH-SRC-OC-LMS-TRACT-PDFS,high,3.0,ocr_structured_visual_spot_check_required,"Recording is not evidence of grading, construction, sale, habitability, or occupancy.",
LH-EDGE-M5-00837,LH-TRACT-15885,RecordedTract,has_legal_milestone,LH-TRACT-EVIDENCE-15885-RECORDING,MilestoneEvidence,2000-07-27,2000-07-27,LH-OBS-TRACT-15885,LH-SRC-OC-TRACTS;LH-SRC-OC-LMS-TRACT-PDFS,high,3.0,ocr_structured_visual_spot_check_required,"Recording is not evidence of grading, construction, sale, habitability, or occupancy.",
LH-EDGE-M5-00838,LH-TRACT-15886,RecordedTract,has_legal_milestone,LH-TRACT-EVIDENCE-15886-RECORDING,MilestoneEvidence,2000-10-30,2000-10-30,LH-OBS-TRACT-15886,LH-SRC-OC-TRACTS;LH-SRC-OC-LMS-TRACT-PDFS,high,3.0,ocr_structured_visual_spot_check_required,"Recording is not evidence of grading, construction, sale, habitability, or occupancy.",
LH-EDGE-M5-00839,LH-TRACT-15887,RecordedTract,has_legal_milestone,LH-TRACT-EVIDENCE-15887-RECORDING,MilestoneEvidence,2000-06-02,2000-06-02,LH-OBS-TRACT-15887,LH-SRC-OC-TRACTS;LH-SRC-OC-LMS-TRACT-PDFS,high,3.0,ocr_structured_visual_spot_check_required,"Recording is not evidence of grading, construction, sale, habitability, or occupancy.",
LH-EDGE-M5-00840,LH-TRACT-15888,RecordedTract,has_legal_milestone,LH-TRACT-EVIDENCE-15888-RECORDING,MilestoneEvidence,2000-06-02,2000-06-02,LH-OBS-TRACT-15888,LH-SRC-OC-TRACTS;LH-SRC-OC-LMS-TRACT-PDFS,high,3.0,ocr_structured_visual_spot_check_required,"Recording is not evidence of grading, construction, sale, habitability, or occupancy.",
LH-EDGE-M5-00841,LH-TRACT-15901,RecordedTract,has_legal_milestone,LH-TRACT-EVIDENCE-15901-RECORDING,MilestoneEvidence,2000-07-06,2000-07-06,LH-OBS-TRACT-15901,LH-SRC-OC-TRACTS;LH-SRC-OC-LMS-TRACT-PDFS,high,3.0,ocr_structured_visual_spot_check_required,"Recording is not evidence of grading, construction, sale, habitability, or occupancy.",
LH-EDGE-M5-00842,LH-TRACT-15902,RecordedTract,has_legal_milestone,LH-TRACT-EVIDENCE-15902-RECORDING,MilestoneEvidence,2000-06-16,2000-06-16,LH-OBS-TRACT-15902,LH-SRC-OC-TRACTS;LH-SRC-OC-LMS-TRACT-PDFS,high,3.0,ocr_structured_visual_spot_check_required,"Recording is not evidence of grading, construction, sale, habitability, or occupancy.",
LH-EDGE-M5-00843,LH-TRACT-15903,RecordedTract,has_legal_milestone,LH-TRACT-EVIDENCE-15903-RECORDING,MilestoneEvidence,2000-06-16,2000-06-16,LH-OBS-TRACT-15903,LH-SRC-OC-TRACTS;LH-SRC-OC-LMS-TRACT-PDFS,high,3.0,ocr_structured_visual_spot_check_required,"Recording is not evidence of grading, construction, sale, habitability, or occupancy.",
LH-EDGE-M5-00844,LH-TRACT-15904,RecordedTract,has_legal_milestone,LH-TRACT-EVIDENCE-15904-RECORDING,MilestoneEvidence,2000-06-02,2000-06-02,LH-OBS-TRACT-15904,LH-SRC-OC-TRACTS;LH-SRC-OC-LMS-TRACT-PDFS,high,3.0,ocr_structured_visual_spot_check_required,"Recording is not evidence of grading, construction, sale, habitability, or occupancy.",
LH-EDGE-M5-00845,LH-TRACT-15905,RecordedTract,has_legal_milestone,LH-TRACT-EVIDENCE-15905-RECORDING,MilestoneEvidence,2000-08-16,2000-08-16,LH-OBS-TRACT-15905,LH-SRC-OC-TRACTS;LH-SRC-OC-LMS-TRACT-PDFS,high,3.0,ocr_structured_visual_spot_check_required,"Recording is not evidence of grading, construction, sale, habitability, or occupancy.",
LH-EDGE-M5-00846,LH-TRACT-15906,RecordedTract,has_legal_milestone,LH-TRACT-EVIDENCE-15906-RECORDING,MilestoneEvidence,2000-06-16,2000-06-16,LH-OBS-TRACT-15906,LH-SRC-OC-TRACTS;LH-SRC-OC-LMS-TRACT-PDFS,high,3.0,ocr_structured_visual_spot_check_required,"Recording is not evidence of grading, construction, sale, habitability, or occupancy.",
LH-EDGE-M5-00847,LH-TRACT-15907,RecordedTract,has_legal_milestone,LH-TRACT-EVIDENCE-15907-RECORDING,MilestoneEvidence,2000-08-25,2000-08-25,LH-OBS-TRACT-15907,LH-SRC-OC-TRACTS;LH-SRC-OC-LMS-TRACT-PDFS,high,3.0,ocr_structured_visual_spot_check_required,"Recording is not evidence of grading, construction, sale, habitability, or occupancy.",
LH-EDGE-M5-00848,LH-TRACT-15908,RecordedTract,has_legal_milestone,LH-TRACT-EVIDENCE-15908-RECORDING,MilestoneEvidence,2001-06-29,2001-06-29,LH-OBS-TRACT-15908,LH-SRC-OC-TRACTS;LH-SRC-OC-LMS-TRACT-PDFS,high,3.0,ocr_structured_visual_spot_check_required,"Recording is not evidence of grading, construction, sale, habitability, or occupancy.",
LH-EDGE-M5-00849,LH-TRACT-15909,RecordedTract,has_legal_milestone,LH-TRACT-EVIDENCE-15909-RECORDING,MilestoneEvidence,2001-06-29,2001-06-29,LH-OBS-TRACT-15909,LH-SRC-OC-TRACTS;LH-SRC-OC-LMS-TRACT-PDFS,high,3.0,ocr_structured_visual_spot_check_required,"Recording is not evidence of grading, construction, sale, habitability, or occupancy.",
LH-EDGE-M5-00850,LH-TRACT-15910,RecordedTract,has_legal_milestone,LH-TRACT-EVIDENCE-15910-RECORDING,MilestoneEvidence,2000-10-13,2000-10-13,LH-OBS-TRACT-15910,LH-SRC-OC-TRACTS;LH-SRC-OC-LMS-TRACT-PDFS,high,3.0,ocr_structured_visual_spot_check_required,"Recording is not evidence of grading, construction, sale, habitability, or occupancy.",
LH-EDGE-M5-00851,LH-TRACT-15911,RecordedTract,has_legal_milestone,LH-TRACT-EVIDENCE-15911-RECORDING,MilestoneEvidence,2000-10-11,2000-10-11,LH-OBS-TRACT-15911,LH-SRC-OC-TRACTS;LH-SRC-OC-LMS-TRACT-PDFS,high,3.0,ocr_structured_visual_spot_check_required,"Recording is not evidence of grading, construction, sale, habitability, or occupancy.",
LH-EDGE-M5-00852,LH-TRACT-15912,RecordedTract,has_legal_milestone,LH-TRACT-EVIDENCE-15912-RECORDING,MilestoneEvidence,2000-06-22,2000-06-22,LH-OBS-TRACT-15912,LH-SRC-OC-TRACTS;LH-SRC-OC-LMS-TRACT-PDFS,high,3.0,ocr_structured_visual_spot_check_required,"Recording is not evidence of grading, construction, sale, habitability, or occupancy.",
LH-EDGE-M5-00853,LH-TRACT-15914,RecordedTract,has_legal_milestone,LH-TRACT-EVIDENCE-15914-RECORDING,MilestoneEvidence,2001-05-30,2001-05-30,LH-OBS-TRACT-15914,LH-SRC-OC-TRACTS;LH-SRC-OC-LMS-TRACT-PDFS,high,3.0,ocr_structured_visual_spot_check_required,"Recording is not evidence of grading, construction, sale, habitability, or occupancy.",
LH-EDGE-M5-00854,LH-TRACT-15915,RecordedTract,has_legal_milestone,LH-TRACT-EVIDENCE-15915-RECORDING,MilestoneEvidence,2000-08-25,2000-08-25,LH-OBS-TRACT-15915,LH-SRC-OC-TRACTS;LH-SRC-OC-LMS-TRACT-PDFS,high,3.0,ocr_structured_visual_spot_check_required,"Recording is not evidence of grading, construction, sale, habitability, or occupancy.",
LH-EDGE-M5-00855,LH-TRACT-15985,RecordedTract,has_legal_milestone,LH-TRACT-EVIDENCE-15985-RECORDING,MilestoneEvidence,2003-04-04,2003-04-04,LH-OBS-TRACT-15985,LH-SRC-OC-TRACTS;LH-SRC-OC-LMS-TRACT-PDFS,high,3.0,ocr_structured_visual_spot_check_required,"Recording is not evidence of grading, construction, sale, habitability, or occupancy.",
LH-EDGE-M5-00856,LH-TRACT-15986,RecordedTract,has_legal_milestone,LH-TRACT-EVIDENCE-15986-RECORDING,MilestoneEvidence,2003-08-28,2003-08-28,LH-OBS-TRACT-15986,LH-SRC-OC-TRACTS;LH-SRC-OC-LMS-TRACT-PDFS,high,3.0,ocr_structured_visual_spot_check_required,"Recording is not evidence of grading, construction, sale, habitability, or occupancy.",
LH-EDGE-M5-00857,LH-TRACT-15987,RecordedTract,has_legal_milestone,LH-TRACT-EVIDENCE-15987-RECORDING,MilestoneEvidence,2002-12-17,2002-12-17,LH-OBS-TRACT-15987,LH-SRC-OC-TRACTS;LH-SRC-OC-LMS-TRACT-PDFS,high,3.0,ocr_structured_visual_spot_check_required,"Recording is not evidence of grading, construction, sale, habitability, or occupancy.",
LH-EDGE-M5-00858,LH-TRACT-15988,RecordedTract,has_legal_milestone,LH-TRACT-EVIDENCE-15988-RECORDING,MilestoneEvidence,2004-01-30,2004-01-30,LH-OBS-TRACT-15988,LH-SRC-OC-TRACTS;LH-SRC-OC-LMS-TRACT-PDFS,high,3.0,ocr_structured_visual_spot_check_required,"Recording is not evidence of grading, construction, sale, habitability, or occupancy.",
LH-EDGE-M5-00859,LH-TRACT-15989,RecordedTract,has_legal_milestone,LH-TRACT-EVIDENCE-15989-RECORDING,MilestoneEvidence,2004-11-15,2004-11-15,LH-OBS-TRACT-15989,LH-SRC-OC-TRACTS;LH-SRC-OC-LMS-TRACT-PDFS,high,3.0,ocr_structured_visual_spot_check_required,"Recording is not evidence of grading, construction, sale, habitability, or occupancy.",
LH-EDGE-M5-00860,LH-TRACT-15990,RecordedTract,has_legal_milestone,LH-TRACT-EVIDENCE-15990-RECORDING,MilestoneEvidence,2004-10-28,2004-10-28,LH-OBS-TRACT-15990,LH-SRC-OC-TRACTS;LH-SRC-OC-LMS-TRACT-PDFS,high,3.0,ocr_structured_visual_spot_check_required,"Recording is not evidence of grading, construction, sale, habitability, or occupancy.",
LH-EDGE-M5-00861,LH-TRACT-16025,RecordedTract,has_legal_milestone,LH-TRACT-EVIDENCE-16025-RECORDING,MilestoneEvidence,2001-01-26,2001-01-26,LH-OBS-TRACT-16025,LH-SRC-OC-TRACTS;LH-SRC-OC-LMS-TRACT-PDFS,high,3.0,ocr_structured_visual_spot_check_required,"Recording is not evidence of grading, construction, sale, habitability, or occupancy.",
LH-EDGE-M5-00862,LH-TRACT-16063,RecordedTract,has_legal_milestone,LH-TRACT-EVIDENCE-16063-RECORDING,MilestoneEvidence,2001-05-25,2001-05-25,LH-OBS-TRACT-16063,LH-SRC-OC-TRACTS;LH-SRC-OC-LMS-TRACT-PDFS,high,3.0,ocr_structured_visual_spot_check_required,"Recording is not evidence of grading, construction, sale, habitability, or occupancy.",
LH-EDGE-M5-00863,LH-TRACT-16101,RecordedTract,has_legal_milestone,LH-TRACT-EVIDENCE-16101-RECORDING,MilestoneEvidence,2001-06-29,2001-06-29,LH-OBS-TRACT-16101,LH-SRC-OC-TRACTS;LH-SRC-OC-LMS-TRACT-PDFS,high,3.0,ocr_structured_visual_spot_check_required,"Recording is not evidence of grading, construction, sale, habitability, or occupancy.",
LH-EDGE-M5-00864,LH-TRACT-16102,RecordedTract,has_legal_milestone,LH-TRACT-EVIDENCE-16102-RECORDING,MilestoneEvidence,2001-06-12,2001-06-12,LH-OBS-TRACT-16102,LH-SRC-OC-TRACTS;LH-SRC-OC-LMS-TRACT-PDFS,high,3.0,ocr_structured_visual_spot_check_required,"Recording is not evidence of grading, construction, sale, habitability, or occupancy.",
LH-EDGE-M5-00865,LH-TRACT-16103,RecordedTract,has_legal_milestone,LH-TRACT-EVIDENCE-16103-RECORDING,MilestoneEvidence,2001-06-12,2001-06-12,LH-OBS-TRACT-16103,LH-SRC-OC-TRACTS;LH-SRC-OC-LMS-TRACT-PDFS,high,3.0,ocr_structured_visual_spot_check_required,"Recording is not evidence of grading, construction, sale, habitability, or occupancy.",
LH-EDGE-M5-00866,LH-TRACT-16104,RecordedTract,has_legal_milestone,LH-TRACT-EVIDENCE-16104-RECORDING,MilestoneEvidence,2001-07-31,2001-07-31,LH-OBS-TRACT-16104,LH-SRC-OC-TRACTS;LH-SRC-OC-LMS-TRACT-PDFS,high,3.0,ocr_structured_visual_spot_check_required,"Recording is not evidence of grading, construction, sale, habitability, or occupancy.",
LH-EDGE-M5-00867,LH-TRACT-16105,RecordedTract,has_legal_milestone,LH-TRACT-EVIDENCE-16105-RECORDING,MilestoneEvidence,2001-04-01,2001-04-01,LH-OBS-TRACT-16105,LH-SRC-OC-TRACTS;LH-SRC-OC-LMS-TRACT-PDFS,high,3.0,ocr_structured_visual_spot_check_required,"Recording is not evidence of grading, construction, sale, habitability, or occupancy.",
LH-EDGE-M5-00868,LH-TRACT-16114,RecordedTract,has_legal_milestone,LH-TRACT-EVIDENCE-16114-RECORDING,MilestoneEvidence,2001-07-31,2001-07-31,LH-OBS-TRACT-16114,LH-SRC-OC-TRACTS;LH-SRC-OC-LMS-TRACT-PDFS,high,3.0,ocr_structured_visual_spot_check_required,"Recording is not evidence of grading, construction, sale, habitability, or occupancy.",
LH-EDGE-M5-00869,LH-TRACT-16115,RecordedTract,has_legal_milestone,LH-TRACT-EVIDENCE-16115-RECORDING,MilestoneEvidence,2002-02-14,2002-02-14,LH-OBS-TRACT-16115,LH-SRC-OC-TRACTS;LH-SRC-OC-LMS-TRACT-PDFS,high,3.0,ocr_structured_visual_spot_check_required,"Recording is not evidence of grading, construction, sale, habitability, or occupancy.",
LH-EDGE-M5-00870,LH-TRACT-16116,RecordedTract,has_legal_milestone,LH-TRACT-EVIDENCE-16116-RECORDING,MilestoneEvidence,2002-05-16,2002-05-16,LH-OBS-TRACT-16116,LH-SRC-OC-TRACTS;LH-SRC-OC-LMS-TRACT-PDFS,high,3.0,ocr_structured_visual_spot_check_required,"Recording is not evidence of grading, construction, sale, habitability, or occupancy.",
LH-EDGE-M5-00871,LH-TRACT-16117,RecordedTract,has_legal_milestone,LH-TRACT-EVIDENCE-16117-RECORDING,MilestoneEvidence,2001-12-26,2001-12-26,LH-OBS-TRACT-16117,LH-SRC-OC-TRACTS;LH-SRC-OC-LMS-TRACT-PDFS,high,3.0,ocr_structured_visual_spot_check_required,"Recording is not evidence of grading, construction, sale, habitability, or occupancy.",
LH-EDGE-M5-00872,LH-TRACT-16118,RecordedTract,has_legal_milestone,LH-TRACT-EVIDENCE-16118-RECORDING,MilestoneEvidence,2001-10-26,2001-10-26,LH-OBS-TRACT-16118,LH-SRC-OC-TRACTS;LH-SRC-OC-LMS-TRACT-PDFS,high,3.0,ocr_structured_visual_spot_check_required,"Recording is not evidence of grading, construction, sale, habitability, or occupancy.",
LH-EDGE-M5-00873,LH-TRACT-16119,RecordedTract,has_legal_milestone,LH-TRACT-EVIDENCE-16119-RECORDING,MilestoneEvidence,2001-12-26,2001-12-26,LH-OBS-TRACT-16119,LH-SRC-OC-TRACTS;LH-SRC-OC-LMS-TRACT-PDFS,high,3.0,ocr_structured_visual_spot_check_required,"Recording is not evidence of grading, construction, sale, habitability, or occupancy.",
LH-EDGE-M5-00874,LH-TRACT-16120,RecordedTract,has_legal_milestone,LH-TRACT-EVIDENCE-16120-RECORDING,MilestoneEvidence,2001-10-12,2001-10-12,LH-OBS-TRACT-16120,LH-SRC-OC-TRACTS;LH-SRC-OC-LMS-TRACT-PDFS,high,3.0,ocr_structured_visual_spot_check_required,"Recording is not evidence of grading, construction, sale, habitability, or occupancy.",
LH-EDGE-M5-00875,LH-TRACT-16121,RecordedTract,has_legal_milestone,LH-TRACT-EVIDENCE-16121-RECORDING,MilestoneEvidence,2001-12-26,2001-12-26,LH-OBS-TRACT-16121,LH-SRC-OC-TRACTS;LH-SRC-OC-LMS-TRACT-PDFS,high,3.0,ocr_structured_visual_spot_check_required,"Recording is not evidence of grading, construction, sale, habitability, or occupancy.",
LH-EDGE-M5-00876,LH-TRACT-16122,RecordedTract,has_legal_milestone,LH-TRACT-EVIDENCE-16122-RECORDING,MilestoneEvidence,2001-12-26,2001-12-26,LH-OBS-TRACT-16122,LH-SRC-OC-TRACTS;LH-SRC-OC-LMS-TRACT-PDFS,high,3.0,ocr_structured_visual_spot_check_required,"Recording is not evidence of grading, construction, sale, habitability, or occupancy.",
LH-EDGE-M5-00877,LH-TRACT-16126,RecordedTract,has_legal_milestone,LH-TRACT-EVIDENCE-16126-RECORDING,MilestoneEvidence,2001-11-08,2001-11-08,LH-OBS-TRACT-16126,LH-SRC-OC-TRACTS;LH-SRC-OC-LMS-TRACT-PDFS,high,3.0,ocr_structured_visual_spot_check_required,"Recording is not evidence of grading, construction, sale, habitability, or occupancy.",
LH-EDGE-M5-00878,LH-TRACT-16127,RecordedTract,has_legal_milestone,LH-TRACT-EVIDENCE-16127-RECORDING,MilestoneEvidence,2001-07-30,2001-07-30,LH-OBS-TRACT-16127,LH-SRC-OC-TRACTS;LH-SRC-OC-LMS-TRACT-PDFS,high,3.0,ocr_structured_visual_spot_check_required,"Recording is not evidence of grading, construction, sale, habitability, or occupancy.",
LH-EDGE-M5-00879,LH-TRACT-16155,RecordedTract,has_legal_milestone,LH-TRACT-EVIDENCE-16155-RECORDING,MilestoneEvidence,2001-01-26,2001-01-26,LH-OBS-TRACT-16155,LH-SRC-OC-TRACTS;LH-SRC-OC-LMS-TRACT-PDFS,high,3.0,ocr_structured_visual_spot_check_required,"Recording is not evidence of grading, construction, sale, habitability, or occupancy.",
LH-EDGE-M5-00880,LH-TRACT-16156,RecordedTract,has_legal_milestone,LH-TRACT-EVIDENCE-16156-RECORDING,MilestoneEvidence,2001-01-26,2001-01-26,LH-OBS-TRACT-16156,LH-SRC-OC-TRACTS;LH-SRC-OC-LMS-TRACT-PDFS,high,3.0,ocr_structured_visual_spot_check_required,"Recording is not evidence of grading, construction, sale, habitability, or occupancy.",
LH-EDGE-M5-00881,LH-TRACT-16157,RecordedTract,has_legal_milestone,LH-TRACT-EVIDENCE-16157-RECORDING,MilestoneEvidence,2001-01-26,2001-01-26,LH-OBS-TRACT-16157,LH-SRC-OC-TRACTS;LH-SRC-OC-LMS-TRACT-PDFS,high,3.0,ocr_structured_visual_spot_check_required,"Recording is not evidence of grading, construction, sale, habitability, or occupancy.",
LH-EDGE-M5-00882,LH-TRACT-16203,RecordedTract,has_legal_milestone,LH-TRACT-EVIDENCE-16203-RECORDING,MilestoneEvidence,2002-01-24,2002-01-24,LH-OBS-TRACT-16203,LH-SRC-OC-TRACTS;LH-SRC-OC-LMS-TRACT-PDFS,high,3.0,ocr_structured_visual_spot_check_required,"Recording is not evidence of grading, construction, sale, habitability, or occupancy.",
LH-EDGE-M5-00883,LH-TRACT-16234,RecordedTract,has_legal_milestone,LH-TRACT-EVIDENCE-16234-RECORDING,MilestoneEvidence,2001-12-26,2001-12-26,LH-OBS-TRACT-16234,LH-SRC-OC-TRACTS;LH-SRC-OC-LMS-TRACT-PDFS,high,3.0,ocr_structured_visual_spot_check_required,"Recording is not evidence of grading, construction, sale, habitability, or occupancy.",
LH-EDGE-M5-00884,LH-TRACT-16235,RecordedTract,has_legal_milestone,LH-TRACT-EVIDENCE-16235-RECORDING,MilestoneEvidence,2002-02-14,2002-02-14,LH-OBS-TRACT-16235,LH-SRC-OC-TRACTS;LH-SRC-OC-LMS-TRACT-PDFS,high,3.0,ocr_structured_visual_spot_check_required,"Recording is not evidence of grading, construction, sale, habitability, or occupancy.",
LH-EDGE-M5-00885,LH-TRACT-16236,RecordedTract,has_legal_milestone,LH-TRACT-EVIDENCE-16236-RECORDING,MilestoneEvidence,2002-05-29,2002-05-29,LH-OBS-TRACT-16236,LH-SRC-OC-TRACTS;LH-SRC-OC-LMS-TRACT-PDFS,high,3.0,ocr_structured_visual_spot_check_required,"Recording is not evidence of grading, construction, sale, habitability, or occupancy.",
LH-EDGE-M5-00886,LH-TRACT-16237,RecordedTract,has_legal_milestone,LH-TRACT-EVIDENCE-16237-RECORDING,MilestoneEvidence,2002-08-14,2002-08-14,LH-OBS-TRACT-16237,LH-SRC-OC-TRACTS;LH-SRC-OC-LMS-TRACT-PDFS,high,3.0,ocr_structured_visual_spot_check_required,"Recording is not evidence of grading, construction, sale, habitability, or occupancy.",
LH-EDGE-M5-00887,LH-TRACT-16238,RecordedTract,has_legal_milestone,LH-TRACT-EVIDENCE-16238-RECORDING,MilestoneEvidence,2002-08-21,2002-08-21,LH-OBS-TRACT-16238,LH-SRC-OC-TRACTS;LH-SRC-OC-LMS-TRACT-PDFS,high,3.0,ocr_structured_visual_spot_check_required,"Recording is not evidence of grading, construction, sale, habitability, or occupancy.",
LH-EDGE-M5-00888,LH-TRACT-16239,RecordedTract,has_legal_milestone,LH-TRACT-EVIDENCE-16239-RECORDING,MilestoneEvidence,2002-06-26,2002-06-26,LH-OBS-TRACT-16239,LH-SRC-OC-TRACTS;LH-SRC-OC-LMS-TRACT-PDFS,high,3.0,ocr_structured_visual_spot_check_required,"Recording is not evidence of grading, construction, sale, habitability, or occupancy.",
LH-EDGE-M5-00889,LH-TRACT-16240,RecordedTract,has_legal_milestone,LH-TRACT-EVIDENCE-16240-RECORDING,MilestoneEvidence,2002-06-28,2002-06-28,LH-OBS-TRACT-16240,LH-SRC-OC-TRACTS;LH-SRC-OC-LMS-TRACT-PDFS,high,3.0,ocr_structured_visual_spot_check_required,"Recording is not evidence of grading, construction, sale, habitability, or occupancy.",
LH-EDGE-M5-00890,LH-TRACT-16241,RecordedTract,has_legal_milestone,LH-TRACT-EVIDENCE-16241-RECORDING,MilestoneEvidence,2003-02-25,2003-02-25,LH-OBS-TRACT-16241,LH-SRC-OC-TRACTS;LH-SRC-OC-LMS-TRACT-PDFS,high,3.0,ocr_structured_visual_spot_check_required,"Recording is not evidence of grading, construction, sale, habitability, or occupancy.",
LH-EDGE-M5-00891,LH-TRACT-16242,RecordedTract,has_legal_milestone,LH-TRACT-EVIDENCE-16242-RECORDING,MilestoneEvidence,2002-06-18,2002-06-18,LH-OBS-TRACT-16242,LH-SRC-OC-TRACTS;LH-SRC-OC-LMS-TRACT-PDFS,high,3.0,ocr_structured_visual_spot_check_required,"Recording is not evidence of grading, construction, sale, habitability, or occupancy.",
LH-EDGE-M5-00892,LH-TRACT-16243,RecordedTract,has_legal_milestone,LH-TRACT-EVIDENCE-16243-RECORDING,MilestoneEvidence,2002-08-30,2002-08-30,LH-OBS-TRACT-16243,LH-SRC-OC-TRACTS;LH-SRC-OC-LMS-TRACT-PDFS,high,3.0,ocr_structured_visual_spot_check_required,"Recording is not evidence of grading, construction, sale, habitability, or occupancy.",
LH-EDGE-M5-00893,LH-TRACT-16244,RecordedTract,has_legal_milestone,LH-TRACT-EVIDENCE-16244-RECORDING,MilestoneEvidence,2003-05-02,2003-05-02,LH-OBS-TRACT-16244,LH-SRC-OC-TRACTS;LH-SRC-OC-LMS-TRACT-PDFS,high,3.0,ocr_structured_visual_spot_check_required,"Recording is not evidence of grading, construction, sale, habitability, or occupancy.",
LH-EDGE-M5-00894,LH-TRACT-16245,RecordedTract,has_legal_milestone,LH-TRACT-EVIDENCE-16245-RECORDING,MilestoneEvidence,2002-07-26,2002-07-26,LH-OBS-TRACT-16245,LH-SRC-OC-TRACTS;LH-SRC-OC-LMS-TRACT-PDFS,high,3.0,ocr_structured_visual_spot_check_required,"Recording is not evidence of grading, construction, sale, habitability, or occupancy.",
LH-EDGE-M5-00895,LH-TRACT-16246,RecordedTract,has_legal_milestone,LH-TRACT-EVIDENCE-16246-RECORDING,MilestoneEvidence,2003-05-02,2003-05-02,LH-OBS-TRACT-16246,LH-SRC-OC-TRACTS;LH-SRC-OC-LMS-TRACT-PDFS,high,3.0,ocr_structured_visual_spot_check_required,"Recording is not evidence of grading, construction, sale, habitability, or occupancy.",
LH-EDGE-M5-00896,LH-TRACT-16247,RecordedTract,has_legal_milestone,LH-TRACT-EVIDENCE-16247-RECORDING,MilestoneEvidence,2002-05-24,2002-05-24,LH-OBS-TRACT-16247,LH-SRC-OC-TRACTS;LH-SRC-OC-LMS-TRACT-PDFS,high,3.0,ocr_structured_visual_spot_check_required,"Recording is not evidence of grading, construction, sale, habitability, or occupancy.",
LH-EDGE-M5-00897,LH-TRACT-16248,RecordedTract,has_legal_milestone,LH-TRACT-EVIDENCE-16248-RECORDING,MilestoneEvidence,2003-01-17,2003-01-17,LH-OBS-TRACT-16248,LH-SRC-OC-TRACTS;LH-SRC-OC-LMS-TRACT-PDFS,high,3.0,ocr_structured_visual_spot_check_required,"Recording is not evidence of grading, construction, sale, habitability, or occupancy.",
LH-EDGE-M5-00898,LH-TRACT-16249,RecordedTract,has_legal_milestone,LH-TRACT-EVIDENCE-16249-RECORDING,MilestoneEvidence,2002-08-22,2002-08-22,LH-OBS-TRACT-16249,LH-SRC-OC-TRACTS;LH-SRC-OC-LMS-TRACT-PDFS,high,3.0,ocr_structured_visual_spot_check_required,"Recording is not evidence of grading, construction, sale, habitability, or occupancy.",
LH-EDGE-M5-00899,LH-TRACT-16250,RecordedTract,has_legal_milestone,LH-TRACT-EVIDENCE-16250-RECORDING,MilestoneEvidence,2002-05-24,2002-05-24,LH-OBS-TRACT-16250,LH-SRC-OC-TRACTS;LH-SRC-OC-LMS-TRACT-PDFS,high,3.0,ocr_structured_visual_spot_check_required,"Recording is not evidence of grading, construction, sale, habitability, or occupancy.",
LH-EDGE-M5-00900,LH-TRACT-16270,RecordedTract,has_legal_milestone,LH-TRACT-EVIDENCE-16270-RECORDING,MilestoneEvidence,2002-09-27,2002-09-27,LH-OBS-TRACT-16270,LH-SRC-OC-TRACTS;LH-SRC-OC-LMS-TRACT-PDFS,high,3.0,ocr_structured_visual_spot_check_required,"Recording is not evidence of grading, construction, sale, habitability, or occupancy.",
LH-EDGE-M5-00901,LH-TRACT-16271,RecordedTract,has_legal_milestone,LH-TRACT-EVIDENCE-16271-RECORDING,MilestoneEvidence,2003-02-27,2003-02-27,LH-OBS-TRACT-16271,LH-SRC-OC-TRACTS;LH-SRC-OC-LMS-TRACT-PDFS,high,3.0,ocr_structured_visual_spot_check_required,"Recording is not evidence of grading, construction, sale, habitability, or occupancy.",
LH-EDGE-M5-00902,LH-TRACT-16341,RecordedTract,has_legal_milestone,LH-TRACT-EVIDENCE-16341-RECORDING,MilestoneEvidence,2003-02-27,2003-02-27,LH-OBS-TRACT-16341,LH-SRC-OC-TRACTS;LH-SRC-OC-LMS-TRACT-PDFS,high,3.0,ocr_structured_visual_spot_check_required,"Recording is not evidence of grading, construction, sale, habitability, or occupancy.",
LH-EDGE-M5-00903,LH-TRACT-16342,RecordedTract,has_legal_milestone,LH-TRACT-EVIDENCE-16342-RECORDING,MilestoneEvidence,2003-07-25,2003-07-25,LH-OBS-TRACT-16342,LH-SRC-OC-TRACTS;LH-SRC-OC-LMS-TRACT-PDFS,high,3.0,ocr_structured_visual_spot_check_required,"Recording is not evidence of grading, construction, sale, habitability, or occupancy.",
LH-EDGE-M5-00904,LH-TRACT-16346,RecordedTract,has_legal_milestone,LH-TRACT-EVIDENCE-16346-RECORDING,MilestoneEvidence,2003-08-18,2003-08-18,LH-OBS-TRACT-16346,LH-SRC-OC-TRACTS;LH-SRC-OC-LMS-TRACT-PDFS,high,3.0,ocr_structured_visual_spot_check_required,"Recording is not evidence of grading, construction, sale, habitability, or occupancy.",
LH-EDGE-M5-00905,LH-TRACT-16347,RecordedTract,has_legal_milestone,LH-TRACT-EVIDENCE-16347-RECORDING,MilestoneEvidence,2003-09-19,2003-09-19,LH-OBS-TRACT-16347,LH-SRC-OC-TRACTS;LH-SRC-OC-LMS-TRACT-PDFS,high,3.0,ocr_structured_visual_spot_check_required,"Recording is not evidence of grading, construction, sale, habitability, or occupancy.",
LH-EDGE-M5-00906,LH-TRACT-16348,RecordedTract,has_legal_milestone,LH-TRACT-EVIDENCE-16348-RECORDING,MilestoneEvidence,2003-08-18,2003-08-18,LH-OBS-TRACT-16348,LH-SRC-OC-TRACTS;LH-SRC-OC-LMS-TRACT-PDFS,high,3.0,ocr_structured_visual_spot_check_required,"Recording is not evidence of grading, construction, sale, habitability, or occupancy.",
LH-EDGE-M5-00907,LH-TRACT-16349,RecordedTract,has_legal_milestone,LH-TRACT-EVIDENCE-16349-RECORDING,MilestoneEvidence,2003-07-08,2003-07-08,LH-OBS-TRACT-16349,LH-SRC-OC-TRACTS;LH-SRC-OC-LMS-TRACT-PDFS,high,3.0,ocr_structured_visual_spot_check_required,"Recording is not evidence of grading, construction, sale, habitability, or occupancy.",
LH-EDGE-M5-00908,LH-TRACT-16350,RecordedTract,has_legal_milestone,LH-TRACT-EVIDENCE-16350-RECORDING,MilestoneEvidence,2003-07-08,2003-07-08,LH-OBS-TRACT-16350,LH-SRC-OC-TRACTS;LH-SRC-OC-LMS-TRACT-PDFS,high,3.0,ocr_structured_visual_spot_check_required,"Recording is not evidence of grading, construction, sale, habitability, or occupancy.",
LH-EDGE-M5-00909,LH-TRACT-16351,RecordedTract,has_legal_milestone,LH-TRACT-EVIDENCE-16351-RECORDING,MilestoneEvidence,2003-10-31,2003-10-31,LH-OBS-TRACT-16351,LH-SRC-OC-TRACTS;LH-SRC-OC-LMS-TRACT-PDFS,high,3.0,ocr_structured_visual_spot_check_required,"Recording is not evidence of grading, construction, sale, habitability, or occupancy.",
LH-EDGE-M5-00910,LH-TRACT-16352,RecordedTract,has_legal_milestone,LH-TRACT-EVIDENCE-16352-RECORDING,MilestoneEvidence,2003-10-31,2003-10-31,LH-OBS-TRACT-16352,LH-SRC-OC-TRACTS;LH-SRC-OC-LMS-TRACT-PDFS,high,3.0,ocr_structured_visual_spot_check_required,"Recording is not evidence of grading, construction, sale, habitability, or occupancy.",
LH-EDGE-M5-00911,LH-TRACT-16353,RecordedTract,has_legal_milestone,LH-TRACT-EVIDENCE-16353-RECORDING,MilestoneEvidence,2003-12-19,2003-12-19,LH-OBS-TRACT-16353,LH-SRC-OC-TRACTS;LH-SRC-OC-LMS-TRACT-PDFS,high,3.0,ocr_structured_visual_spot_check_required,"Recording is not evidence of grading, construction, sale, habitability, or occupancy.",
LH-EDGE-M5-00912,LH-TRACT-16354,RecordedTract,has_legal_milestone,LH-TRACT-EVIDENCE-16354-RECORDING,MilestoneEvidence,2003-08-18,2003-08-18,LH-OBS-TRACT-16354,LH-SRC-OC-TRACTS;LH-SRC-OC-LMS-TRACT-PDFS,high,3.0,ocr_structured_visual_spot_check_required,"Recording is not evidence of grading, construction, sale, habitability, or occupancy.",
LH-EDGE-M5-00913,LH-TRACT-16355,RecordedTract,has_legal_milestone,LH-TRACT-EVIDENCE-16355-RECORDING,MilestoneEvidence,2003-12-18,2003-12-18,LH-OBS-TRACT-16355,LH-SRC-OC-TRACTS;LH-SRC-OC-LMS-TRACT-PDFS,high,3.0,ocr_structured_visual_spot_check_required,"Recording is not evidence of grading, construction, sale, habitability, or occupancy.",
LH-EDGE-M5-00914,LH-TRACT-16356,RecordedTract,has_legal_milestone,LH-TRACT-EVIDENCE-16356-RECORDING,MilestoneEvidence,2003-08-28,2003-08-28,LH-OBS-TRACT-16356,LH-SRC-OC-TRACTS;LH-SRC-OC-LMS-TRACT-PDFS,high,3.0,ocr_structured_visual_spot_check_required,"Recording is not evidence of grading, construction, sale, habitability, or occupancy.",
LH-EDGE-M5-00915,LH-TRACT-16384,RecordedTract,has_legal_milestone,LH-TRACT-EVIDENCE-16384-RECORDING,MilestoneEvidence,2004-02-13,2004-02-13,LH-OBS-TRACT-16384,LH-SRC-OC-TRACTS;LH-SRC-OC-LMS-TRACT-PDFS,high,3.0,ocr_structured_visual_spot_check_required,"Recording is not evidence of grading, construction, sale, habitability, or occupancy.",
LH-EDGE-M5-00916,LH-TRACT-16385,RecordedTract,has_legal_milestone,LH-TRACT-EVIDENCE-16385-RECORDING,MilestoneEvidence,2004-02-13,2004-02-13,LH-OBS-TRACT-16385,LH-SRC-OC-TRACTS;LH-SRC-OC-LMS-TRACT-PDFS,high,3.0,ocr_structured_visual_spot_check_required,"Recording is not evidence of grading, construction, sale, habitability, or occupancy.",
LH-EDGE-M5-00917,LH-TRACT-16386,RecordedTract,has_legal_milestone,LH-TRACT-EVIDENCE-16386-RECORDING,MilestoneEvidence,2004-02-13,2004-02-13,LH-OBS-TRACT-16386,LH-SRC-OC-TRACTS;LH-SRC-OC-LMS-TRACT-PDFS,high,3.0,ocr_structured_visual_spot_check_required,"Recording is not evidence of grading, construction, sale, habitability, or occupancy.",
LH-EDGE-M5-00918,LH-TRACT-16387,RecordedTract,has_legal_milestone,LH-TRACT-EVIDENCE-16387-RECORDING,MilestoneEvidence,2004-02-04,2004-02-04,LH-OBS-TRACT-16387,LH-SRC-OC-TRACTS;LH-SRC-OC-LMS-TRACT-PDFS,high,3.0,ocr_structured_visual_spot_check_required,"Recording is not evidence of grading, construction, sale, habitability, or occupancy.",
LH-EDGE-M5-00919,LH-TRACT-16388,RecordedTract,has_legal_milestone,LH-TRACT-EVIDENCE-16388-RECORDING,MilestoneEvidence,2004-01-30,2004-01-30,LH-OBS-TRACT-16388,LH-SRC-OC-TRACTS;LH-SRC-OC-LMS-TRACT-PDFS,high,3.0,ocr_structured_visual_spot_check_required,"Recording is not evidence of grading, construction, sale, habitability, or occupancy.",
LH-EDGE-M5-00920,LH-TRACT-16389,RecordedTract,has_legal_milestone,LH-TRACT-EVIDENCE-16389-RECORDING,MilestoneEvidence,2003-02-06,2003-02-06,LH-OBS-TRACT-16389,LH-SRC-OC-TRACTS;LH-SRC-OC-LMS-TRACT-PDFS,high,3.0,ocr_structured_visual_spot_check_required,"Recording is not evidence of grading, construction, sale, habitability, or occupancy.",
LH-EDGE-M5-00921,LH-TRACT-16390,RecordedTract,has_legal_milestone,LH-TRACT-EVIDENCE-16390-RECORDING,MilestoneEvidence,2004-04-23,2004-04-23,LH-OBS-TRACT-16390,LH-SRC-OC-TRACTS;LH-SRC-OC-LMS-TRACT-PDFS,high,3.0,ocr_structured_visual_spot_check_required,"Recording is not evidence of grading, construction, sale, habitability, or occupancy.",
LH-EDGE-M5-00922,LH-TRACT-16391,RecordedTract,has_legal_milestone,LH-TRACT-EVIDENCE-16391-RECORDING,MilestoneEvidence,2004-10-29,2004-10-29,LH-OBS-TRACT-16391,LH-SRC-OC-TRACTS;LH-SRC-OC-LMS-TRACT-PDFS,high,3.0,ocr_structured_visual_spot_check_required,"Recording is not evidence of grading, construction, sale, habitability, or occupancy.",
LH-EDGE-M5-00923,LH-TRACT-16392,RecordedTract,has_legal_milestone,LH-TRACT-EVIDENCE-16392-RECORDING,MilestoneEvidence,2004-07-06,2004-07-06,LH-OBS-TRACT-16392,LH-SRC-OC-TRACTS;LH-SRC-OC-LMS-TRACT-PDFS,high,3.0,ocr_structured_visual_spot_check_required,"Recording is not evidence of grading, construction, sale, habitability, or occupancy.",
LH-EDGE-M5-00924,LH-TRACT-16393,RecordedTract,has_legal_milestone,LH-TRACT-EVIDENCE-16393-RECORDING,MilestoneEvidence,2004-07-19,2004-07-19,LH-OBS-TRACT-16393,LH-SRC-OC-TRACTS;LH-SRC-OC-LMS-TRACT-PDFS,high,3.0,ocr_structured_visual_spot_check_required,"Recording is not evidence of grading, construction, sale, habitability, or occupancy.",
LH-EDGE-M5-00925,LH-TRACT-16394,RecordedTract,has_legal_milestone,LH-TRACT-EVIDENCE-16394-RECORDING,MilestoneEvidence,2004-07-06,2004-07-06,LH-OBS-TRACT-16394,LH-SRC-OC-TRACTS;LH-SRC-OC-LMS-TRACT-PDFS,high,3.0,ocr_structured_visual_spot_check_required,"Recording is not evidence of grading, construction, sale, habitability, or occupancy.",
LH-EDGE-M5-00926,LH-TRACT-16395,RecordedTract,has_legal_milestone,LH-TRACT-EVIDENCE-16395-RECORDING,MilestoneEvidence,2004-10-28,2004-10-28,LH-OBS-TRACT-16395,LH-SRC-OC-TRACTS;LH-SRC-OC-LMS-TRACT-PDFS,high,3.0,ocr_structured_visual_spot_check_required,"Recording is not evidence of grading, construction, sale, habitability, or occupancy.",
LH-EDGE-M5-00927,LH-TRACT-16400,RecordedTract,has_legal_milestone,LH-TRACT-EVIDENCE-16400-RECORDING,MilestoneEvidence,2004-07-06,2004-07-06,LH-OBS-TRACT-16400,LH-SRC-OC-TRACTS;LH-SRC-OC-LMS-TRACT-PDFS,high,3.0,ocr_structured_visual_spot_check_required,"Recording is not evidence of grading, construction, sale, habitability, or occupancy.",
LH-EDGE-M5-00928,LH-TRACT-16414,RecordedTract,has_legal_milestone,LH-TRACT-EVIDENCE-16414-RECORDING,MilestoneEvidence,2003-02-06,2003-02-06,LH-OBS-TRACT-16414,LH-SRC-OC-TRACTS;LH-SRC-OC-LMS-TRACT-PDFS,high,3.0,ocr_structured_visual_spot_check_required,"Recording is not evidence of grading, construction, sale, habitability, or occupancy.",
LH-EDGE-M5-00929,LH-TRACT-16471,RecordedTract,has_legal_milestone,LH-TRACT-EVIDENCE-16471-RECORDING,MilestoneEvidence,2004-10-28,2004-10-28,LH-OBS-TRACT-16471,LH-SRC-OC-TRACTS;LH-SRC-OC-LMS-TRACT-PDFS,high,3.0,ocr_structured_visual_spot_check_required,"Recording is not evidence of grading, construction, sale, habitability, or occupancy.",
LH-EDGE-M5-00930,LH-TRACT-16472,RecordedTract,has_legal_milestone,LH-TRACT-EVIDENCE-16472-RECORDING,MilestoneEvidence,2004-10-26,2004-10-26,LH-OBS-TRACT-16472,LH-SRC-OC-TRACTS;LH-SRC-OC-LMS-TRACT-PDFS,high,3.0,ocr_structured_visual_spot_check_required,"Recording is not evidence of grading, construction, sale, habitability, or occupancy.",
LH-EDGE-M5-00931,LH-TRACT-16473,RecordedTract,has_legal_milestone,LH-TRACT-EVIDENCE-16473-RECORDING,MilestoneEvidence,2004-10-26,2004-10-26,LH-OBS-TRACT-16473,LH-SRC-OC-TRACTS;LH-SRC-OC-LMS-TRACT-PDFS,high,3.0,ocr_structured_visual_spot_check_required,"Recording is not evidence of grading, construction, sale, habitability, or occupancy.",
LH-EDGE-M5-00932,LH-TRACT-16504,RecordedTract,has_legal_milestone,LH-TRACT-EVIDENCE-16504-RECORDING,MilestoneEvidence,2004-04-30,2004-04-30,LH-OBS-TRACT-16504,LH-SRC-OC-TRACTS;LH-SRC-OC-LMS-TRACT-PDFS,high,3.0,ocr_structured_visual_spot_check_required,"Recording is not evidence of grading, construction, sale, habitability, or occupancy.",
LH-EDGE-M5-00933,LH-TRACT-16505,RecordedTract,has_legal_milestone,LH-TRACT-EVIDENCE-16505-RECORDING,MilestoneEvidence,2004-04-30,2004-04-30,LH-OBS-TRACT-16505,LH-SRC-OC-TRACTS;LH-SRC-OC-LMS-TRACT-PDFS,high,3.0,ocr_structured_visual_spot_check_required,"Recording is not evidence of grading, construction, sale, habitability, or occupancy.",
LH-EDGE-M5-00934,LH-TRACT-16515,RecordedTract,has_legal_milestone,LH-TRACT-EVIDENCE-16515-RECORDING,MilestoneEvidence,2003-10-27,2003-10-27,LH-OBS-TRACT-16515,LH-SRC-OC-TRACTS;LH-SRC-OC-LMS-TRACT-PDFS,high,3.0,ocr_structured_visual_spot_check_required,"Recording is not evidence of grading, construction, sale, habitability, or occupancy.",
LH-EDGE-M5-00935,LH-TRACT-16586,RecordedTract,has_legal_milestone,LH-TRACT-EVIDENCE-16586-RECORDING,MilestoneEvidence,2004-06-10,2004-06-10,LH-OBS-TRACT-16586,LH-SRC-OC-TRACTS;LH-SRC-OC-LMS-TRACT-PDFS,high,3.0,ocr_structured_visual_spot_check_required,"Recording is not evidence of grading, construction, sale, habitability, or occupancy.",
LH-EDGE-M5-00936,LH-TRACT-16667,RecordedTract,has_legal_milestone,LH-TRACT-EVIDENCE-16667-RECORDING,MilestoneEvidence,2004-10-29,2004-10-29,LH-OBS-TRACT-16667,LH-SRC-OC-TRACTS;LH-SRC-OC-LMS-TRACT-PDFS,high,3.0,ocr_structured_visual_spot_check_required,"Recording is not evidence of grading, construction, sale, habitability, or occupancy.",
LH-EDGE-M5-00937,LH-TRACT-16687,RecordedTract,has_legal_milestone,LH-TRACT-EVIDENCE-16687-RECORDING,MilestoneEvidence,2005-04-14,2005-04-14,LH-OBS-TRACT-16687,LH-SRC-OC-TRACTS;LH-SRC-OC-LMS-TRACT-PDFS,high,3.0,ocr_structured_visual_spot_check_required,"Recording is not evidence of grading, construction, sale, habitability, or occupancy.",
LH-EDGE-M5-00938,LH-TRACT-16341,RecordedTract,title_sheet_references,LH-TRACT-16342,RecordedTract,,,LH-XWALK-0001,LH-SRC-OC-TRACTS;LH-SRC-OC-LMS-TRACT-PDFS,medium,3.0,documented_title_sheet_relationship,"Title-sheet wording documents legal map lineage. It does not establish grading, construction, sale, habitability, or occupancy.",Legal map relationship only; no lifecycle supersession is inferred.
LH-EDGE-M5-00939,LH-TRACT-16341,RecordedTract,title_sheet_references,LH-TRACT-16346,RecordedTract,,,LH-XWALK-0002,LH-SRC-OC-TRACTS;LH-SRC-OC-LMS-TRACT-PDFS,high,3.0,documented_title_sheet_relationship,"Title-sheet wording documents legal map lineage. It does not establish grading, construction, sale, habitability, or occupancy.",Legal map relationship only; no lifecycle supersession is inferred.
LH-EDGE-M5-00940,LH-TRACT-16341,RecordedTract,title_sheet_references,LH-TRACT-16350,RecordedTract,,,LH-XWALK-0003,LH-SRC-OC-TRACTS;LH-SRC-OC-LMS-TRACT-PDFS,medium,3.0,documented_title_sheet_relationship,"Title-sheet wording documents legal map lineage. It does not establish grading, construction, sale, habitability, or occupancy.",Legal map relationship only; no lifecycle supersession is inferred.
LH-EDGE-M5-00941,LH-TRACT-16341,RecordedTract,title_sheet_references,LH-TRACT-16347,RecordedTract,,,LH-XWALK-0007,LH-SRC-OC-TRACTS;LH-SRC-OC-LMS-TRACT-PDFS,high,3.0,documented_title_sheet_relationship,"Title-sheet wording documents legal map lineage. It does not establish grading, construction, sale, habitability, or occupancy.",Legal map relationship only; no lifecycle supersession is inferred.
LH-EDGE-M5-00942,LH-TRACT-16025,RecordedTract,title_sheet_references,LH-TRACT-16114,RecordedTract,,,LH-XWALK-0010,LH-SRC-OC-TRACTS;LH-SRC-OC-LMS-TRACT-PDFS,high,3.0,documented_title_sheet_relationship,"Title-sheet wording documents legal map lineage. It does not establish grading, construction, sale, habitability, or occupancy.",Legal map relationship only; no lifecycle supersession is inferred.
LH-EDGE-M5-00943,LH-TRACT-16025,RecordedTract,title_sheet_references,LH-TRACT-16116,RecordedTract,,,LH-XWALK-0012,LH-SRC-OC-TRACTS;LH-SRC-OC-LMS-TRACT-PDFS,medium,3.0,documented_title_sheet_relationship,"Title-sheet wording documents legal map lineage. It does not establish grading, construction, sale, habitability, or occupancy.",Legal map relationship only; no lifecycle supersession is inferred.
LH-EDGE-M5-00944,LH-TRACT-15987,RecordedTract,title_sheet_references,LH-TRACT-16385,RecordedTract,,,LH-XWALK-0015,LH-SRC-OC-TRACTS;LH-SRC-OC-LMS-TRACT-PDFS,high,3.0,documented_title_sheet_relationship,"Title-sheet wording documents legal map lineage. It does not establish grading, construction, sale, habitability, or occupancy.",Legal map relationship only; no lifecycle supersession is inferred.
LH-EDGE-M5-00945,LH-TRACT-15615,RecordedTract,title_sheet_references,LH-TRACT-15626,RecordedTract,,,LH-XWALK-0017,LH-SRC-OC-TRACTS;LH-SRC-OC-LMS-TRACT-PDFS,high,3.0,documented_title_sheet_relationship,"Title-sheet wording documents legal map lineage. It does not establish grading, construction, sale, habitability, or occupancy.",Legal map relationship only; no lifecycle supersession is inferred.
LH-EDGE-M5-00946,LH-TRACT-15987,RecordedTract,title_sheet_references,LH-TRACT-16414,RecordedTract,,,LH-XWALK-0018,LH-SRC-OC-TRACTS;LH-SRC-OC-LMS-TRACT-PDFS,high,3.0,documented_title_sheet_relationship,"Title-sheet wording documents legal map lineage. It does not establish grading, construction, sale, habitability, or occupancy.",Legal map relationship only; no lifecycle supersession is inferred.
LH-EDGE-M5-00947,LH-TRACT-16234,RecordedTract,title_sheet_references,LH-TRACT-16237,RecordedTract,,,LH-XWALK-0023,LH-SRC-OC-TRACTS;LH-SRC-OC-LMS-TRACT-PDFS,high,3.0,documented_title_sheet_relationship,"Title-sheet wording documents legal map lineage. It does not establish grading, construction, sale, habitability, or occupancy.",Legal map relationship only; no lifecycle supersession is inferred.
LH-EDGE-M5-00948,LH-TRACT-15813,RecordedTract,title_sheet_references,LH-TRACT-15909,RecordedTract,,,LH-XWALK-0026,LH-SRC-OC-TRACTS;LH-SRC-OC-LMS-TRACT-PDFS,high,3.0,documented_title_sheet_relationship,"Title-sheet wording documents legal map lineage. It does not establish grading, construction, sale, habitability, or occupancy.",Legal map relationship only; no lifecycle supersession is inferred.
LH-EDGE-M5-00949,LH-TRACT-15884,RecordedTract,title_sheet_references,LH-TRACT-15887,RecordedTract,,,LH-XWALK-0027,LH-SRC-OC-TRACTS;LH-SRC-OC-LMS-TRACT-PDFS,medium,3.0,documented_title_sheet_relationship,"Title-sheet wording documents legal map lineage. It does not establish grading, construction, sale, habitability, or occupancy.",Legal map relationship only; no lifecycle supersession is inferred.
LH-EDGE-M5-00950,LH-TRACT-16155,RecordedTract,title_sheet_references,LH-TRACT-16104,RecordedTract,,,LH-XWALK-0033,LH-SRC-OC-TRACTS;LH-SRC-OC-LMS-TRACT-PDFS,medium,3.0,documented_title_sheet_relationship,"Title-sheet wording documents legal map lineage. It does not establish grading, construction, sale, habitability, or occupancy.",Legal map relationship only; no lifecycle supersession is inferred.
LH-EDGE-M5-00951,LH-TRACT-15615,RecordedTract,title_sheet_references,LH-TRACT-15617,RecordedTract,,,LH-XWALK-0039,LH-SRC-OC-TRACTS;LH-SRC-OC-LMS-TRACT-PDFS,high,3.0,documented_title_sheet_relationship,"Title-sheet wording documents legal map lineage. It does not establish grading, construction, sale, habitability, or occupancy.",Legal map relationship only; no lifecycle supersession is inferred.
LH-EDGE-M5-00952,LH-TRACT-16234,RecordedTract,title_sheet_references,LH-TRACT-16236,RecordedTract,,,LH-XWALK-0040,LH-SRC-OC-TRACTS;LH-SRC-OC-LMS-TRACT-PDFS,high,3.0,documented_title_sheet_relationship,"Title-sheet wording documents legal map lineage. It does not establish grading, construction, sale, habitability, or occupancy.",Legal map relationship only; no lifecycle supersession is inferred.
LH-EDGE-M5-00953,LH-TRACT-16235,RecordedTract,title_sheet_references,LH-TRACT-16243,RecordedTract,,,LH-XWALK-0041,LH-SRC-OC-TRACTS;LH-SRC-OC-LMS-TRACT-PDFS,high,3.0,documented_title_sheet_relationship,"Title-sheet wording documents legal map lineage. It does not establish grading, construction, sale, habitability, or occupancy.",Legal map relationship only; no lifecycle supersession is inferred.
LH-EDGE-M5-00954,LH-TRACT-15615,RecordedTract,title_sheet_references,LH-TRACT-15625,RecordedTract,,,LH-XWALK-0042,LH-SRC-OC-TRACTS;LH-SRC-OC-LMS-TRACT-PDFS,high,3.0,documented_title_sheet_relationship,"Title-sheet wording documents legal map lineage. It does not establish grading, construction, sale, habitability, or occupancy.",Legal map relationship only; no lifecycle supersession is inferred.
LH-EDGE-M5-00955,LH-TRACT-15813,RecordedTract,title_sheet_references,LH-TRACT-15907,RecordedTract,,,LH-XWALK-0043,LH-SRC-OC-TRACTS;LH-SRC-OC-LMS-TRACT-PDFS,high,3.0,documented_title_sheet_relationship,"Title-sheet wording documents legal map lineage. It does not establish grading, construction, sale, habitability, or occupancy.",Legal map relationship only; no lifecycle supersession is inferred.
LH-EDGE-M5-00956,LH-TRACT-15813,RecordedTract,title_sheet_references,LH-TRACT-15902,RecordedTract,,,LH-XWALK-0044,LH-SRC-OC-TRACTS;LH-SRC-OC-LMS-TRACT-PDFS,high,3.0,documented_title_sheet_relationship,"Title-sheet wording documents legal map lineage. It does not establish grading, construction, sale, habitability, or occupancy.",Legal map relationship only; no lifecycle supersession is inferred.
LH-EDGE-M5-00957,LH-TRACT-15813,RecordedTract,title_sheet_references,LH-TRACT-15911,RecordedTract,,,LH-XWALK-0045,LH-SRC-OC-TRACTS;LH-SRC-OC-LMS-TRACT-PDFS,high,3.0,documented_title_sheet_relationship,"Title-sheet wording documents legal map lineage. It does not establish grading, construction, sale, habitability, or occupancy.",Legal map relationship only; no lifecycle supersession is inferred.
LH-EDGE-M5-00958,LH-TRACT-15813,RecordedTract,title_sheet_references,LH-TRACT-15901,RecordedTract,,,LH-XWALK-0046,LH-SRC-OC-TRACTS;LH-SRC-OC-LMS-TRACT-PDFS,high,3.0,documented_title_sheet_relationship,"Title-sheet wording documents legal map lineage. It does not establish grading, construction, sale, habitability, or occupancy.",Legal map relationship only; no lifecycle supersession is inferred.
LH-EDGE-M5-00959,LH-TRACT-15813,RecordedTract,title_sheet_references,LH-TRACT-15912,RecordedTract,,,LH-XWALK-0049,LH-SRC-OC-TRACTS;LH-SRC-OC-LMS-TRACT-PDFS,high,3.0,documented_title_sheet_relationship,"Title-sheet wording documents legal map lineage. It does not establish grading, construction, sale, habitability, or occupancy.",Legal map relationship only; no lifecycle supersession is inferred.
LH-EDGE-M5-00960,LH-TRACT-15813,RecordedTract,title_sheet_references,LH-TRACT-15908,RecordedTract,,,LH-XWALK-0050,LH-SRC-OC-TRACTS;LH-SRC-OC-LMS-TRACT-PDFS,high,3.0,documented_title_sheet_relationship,"Title-sheet wording documents legal map lineage. It does not establish grading, construction, sale, habitability, or occupancy.",Legal map relationship only; no lifecycle supersession is inferred.
LH-EDGE-M5-00961,LH-TRACT-15988,RecordedTract,title_sheet_references,LH-TRACT-16687,RecordedTract,,,LH-XWALK-0054,LH-SRC-OC-TRACTS;LH-SRC-OC-LMS-TRACT-PDFS,high,3.0,documented_title_sheet_relationship,"Title-sheet wording documents legal map lineage. It does not establish grading, construction, sale, habitability, or occupancy.",Legal map relationship only; no lifecycle supersession is inferred.
LH-EDGE-M5-00962,LH-TRACT-16271,RecordedTract,title_sheet_references,LH-TRACT-16354,RecordedTract,,,LH-XWALK-0055,LH-SRC-OC-TRACTS;LH-SRC-OC-LMS-TRACT-PDFS,high,3.0,documented_title_sheet_relationship,"Title-sheet wording documents legal map lineage. It does not establish grading, construction, sale, habitability, or occupancy.",Legal map relationship only; no lifecycle supersession is inferred.
LH-EDGE-M5-00963,LH-TRACT-15827,RecordedTract,title_sheet_references,LH-TRACT-15915,RecordedTract,,,LH-XWALK-0059,LH-SRC-OC-TRACTS;LH-SRC-OC-LMS-TRACT-PDFS,high,3.0,documented_title_sheet_relationship,"Title-sheet wording documents legal map lineage. It does not establish grading, construction, sale, habitability, or occupancy.",Legal map relationship only; no lifecycle supersession is inferred.
LH-EDGE-M5-00964,LH-TRACT-15615,RecordedTract,title_sheet_references,LH-TRACT-15632,RecordedTract,,,LH-XWALK-0062,LH-SRC-OC-TRACTS;LH-SRC-OC-LMS-TRACT-PDFS,high,3.0,documented_title_sheet_relationship,"Title-sheet wording documents legal map lineage. It does not establish grading, construction, sale, habitability, or occupancy.",Legal map relationship only; no lifecycle supersession is inferred.
LH-EDGE-M5-00965,LH-TRACT-15615,RecordedTract,title_sheet_references,LH-TRACT-15631,RecordedTract,,,LH-XWALK-0065,LH-SRC-OC-TRACTS;LH-SRC-OC-LMS-TRACT-PDFS,high,3.0,documented_title_sheet_relationship,"Title-sheet wording documents legal map lineage. It does not establish grading, construction, sale, habitability, or occupancy.",Legal map relationship only; no lifecycle supersession is inferred.
LH-EDGE-M5-00966,LH-TRACT-15615,RecordedTract,title_sheet_references,LH-TRACT-15620,RecordedTract,,,LH-XWALK-0066,LH-SRC-OC-TRACTS;LH-SRC-OC-LMS-TRACT-PDFS,high,3.0,documented_title_sheet_relationship,"Title-sheet wording documents legal map lineage. It does not establish grading, construction, sale, habitability, or occupancy.",Legal map relationship only; no lifecycle supersession is inferred.
LH-EDGE-M5-00967,LH-TRACT-15615,RecordedTract,title_sheet_references,LH-TRACT-15623,RecordedTract,,,LH-XWALK-0067,LH-SRC-OC-TRACTS;LH-SRC-OC-LMS-TRACT-PDFS,high,3.0,documented_title_sheet_relationship,"Title-sheet wording documents legal map lineage. It does not establish grading, construction, sale, habitability, or occupancy.",Legal map relationship only; no lifecycle supersession is inferred.
LH-EDGE-M5-00968,LH-TRACT-15615,RecordedTract,title_sheet_references,LH-TRACT-15627,RecordedTract,,,LH-XWALK-0068,LH-SRC-OC-TRACTS;LH-SRC-OC-LMS-TRACT-PDFS,high,3.0,documented_title_sheet_relationship,"Title-sheet wording documents legal map lineage. It does not establish grading, construction, sale, habitability, or occupancy.",Legal map relationship only; no lifecycle supersession is inferred.
LH-EDGE-M5-00969,LH-TRACT-15615,RecordedTract,title_sheet_references,LH-TRACT-15629,RecordedTract,,,LH-XWALK-0072,LH-SRC-OC-TRACTS;LH-SRC-OC-LMS-TRACT-PDFS,high,3.0,documented_title_sheet_relationship,"Title-sheet wording documents legal map lineage. It does not establish grading, construction, sale, habitability, or occupancy.",Legal map relationship only; no lifecycle supersession is inferred.
LH-EDGE-M5-00970,LH-TRACT-16271,RecordedTract,title_sheet_references,LH-TRACT-16355,RecordedTract,,,LH-XWALK-0073,LH-SRC-OC-TRACTS;LH-SRC-OC-LMS-TRACT-PDFS,high,3.0,documented_title_sheet_relationship,"Title-sheet wording documents legal map lineage. It does not establish grading, construction, sale, habitability, or occupancy.",Legal map relationship only; no lifecycle supersession is inferred.
LH-EDGE-M5-00971,LH-TRACT-15986,RecordedTract,title_sheet_references,LH-TRACT-16667,RecordedTract,,,LH-XWALK-0074,LH-SRC-OC-TRACTS;LH-SRC-OC-LMS-TRACT-PDFS,high,3.0,documented_title_sheet_relationship,"Title-sheet wording documents legal map lineage. It does not establish grading, construction, sale, habitability, or occupancy.",Legal map relationship only; no lifecycle supersession is inferred.
LH-EDGE-M5-00972,LH-TRACT-16271,RecordedTract,title_sheet_references,LH-TRACT-16356,RecordedTract,,,LH-XWALK-0076,LH-SRC-OC-TRACTS;LH-SRC-OC-LMS-TRACT-PDFS,high,3.0,documented_title_sheet_relationship,"Title-sheet wording documents legal map lineage. It does not establish grading, construction, sale, habitability, or occupancy.",Legal map relationship only; no lifecycle supersession is inferred.
LH-EDGE-M5-00973,LH-TRACT-15884,RecordedTract,title_sheet_references,LH-TRACT-15886,RecordedTract,,,LH-XWALK-0079,LH-SRC-OC-TRACTS;LH-SRC-OC-LMS-TRACT-PDFS,high,3.0,documented_title_sheet_relationship,"Title-sheet wording documents legal map lineage. It does not establish grading, construction, sale, habitability, or occupancy.",Legal map relationship only; no lifecycle supersession is inferred.
LH-EDGE-M5-00974,LH-TRACT-16234,RecordedTract,title_sheet_references,LH-TRACT-16240,RecordedTract,,,LH-XWALK-0081,LH-SRC-OC-TRACTS;LH-SRC-OC-LMS-TRACT-PDFS,high,3.0,documented_title_sheet_relationship,"Title-sheet wording documents legal map lineage. It does not establish grading, construction, sale, habitability, or occupancy.",Legal map relationship only; no lifecycle supersession is inferred.
LH-EDGE-M5-00975,LH-TRACT-15884,RecordedTract,title_sheet_references,LH-TRACT-15888,RecordedTract,,,LH-XWALK-0083,LH-SRC-OC-TRACTS;LH-SRC-OC-LMS-TRACT-PDFS,high,3.0,documented_title_sheet_relationship,"Title-sheet wording documents legal map lineage. It does not establish grading, construction, sale, habitability, or occupancy.",Legal map relationship only; no lifecycle supersession is inferred.
LH-EDGE-M5-00976,LH-TRACT-16271,RecordedTract,title_sheet_references,LH-TRACT-16353,RecordedTract,,,LH-XWALK-0084,LH-SRC-OC-TRACTS;LH-SRC-OC-LMS-TRACT-PDFS,high,3.0,documented_title_sheet_relationship,"Title-sheet wording documents legal map lineage. It does not establish grading, construction, sale, habitability, or occupancy.",Legal map relationship only; no lifecycle supersession is inferred.
LH-EDGE-M5-00977,LH-TRACT-16271,RecordedTract,title_sheet_references,LH-TRACT-16351,RecordedTract,,,LH-XWALK-0085,LH-SRC-OC-TRACTS;LH-SRC-OC-LMS-TRACT-PDFS,high,3.0,documented_title_sheet_relationship,"Title-sheet wording documents legal map lineage. It does not establish grading, construction, sale, habitability, or occupancy.",Legal map relationship only; no lifecycle supersession is inferred.
LH-EDGE-M5-00978,LH-TRACT-16156,RecordedTract,title_sheet_references,LH-TRACT-16126,RecordedTract,,,LH-XWALK-0088,LH-SRC-OC-TRACTS;LH-SRC-OC-LMS-TRACT-PDFS,medium,3.0,documented_title_sheet_relationship,"Title-sheet wording documents legal map lineage. It does not establish grading, construction, sale, habitability, or occupancy.",Legal map relationship only; no lifecycle supersession is inferred.
LH-EDGE-M5-00979,LH-TRACT-15987,RecordedTract,title_sheet_references,LH-TRACT-16388,RecordedTract,,,LH-XWALK-0089,LH-SRC-OC-TRACTS;LH-SRC-OC-LMS-TRACT-PDFS,high,3.0,documented_title_sheet_relationship,"Title-sheet wording documents legal map lineage. It does not establish grading, construction, sale, habitability, or occupancy.",Legal map relationship only; no lifecycle supersession is inferred.
LH-EDGE-M5-00980,LH-TRACT-15827,RecordedTract,title_sheet_references,LH-TRACT-15914,RecordedTract,,,LH-XWALK-0092,LH-SRC-OC-TRACTS;LH-SRC-OC-LMS-TRACT-PDFS,high,3.0,documented_title_sheet_relationship,"Title-sheet wording documents legal map lineage. It does not establish grading, construction, sale, habitability, or occupancy.",Legal map relationship only; no lifecycle supersession is inferred.
LH-EDGE-M5-00981,LH-TRACT-15987,RecordedTract,title_sheet_references,LH-TRACT-16389,RecordedTract,,,LH-XWALK-0094,LH-SRC-OC-TRACTS;LH-SRC-OC-LMS-TRACT-PDFS,high,3.0,documented_title_sheet_relationship,"Title-sheet wording documents legal map lineage. It does not establish grading, construction, sale, habitability, or occupancy.",Legal map relationship only; no lifecycle supersession is inferred.
LH-EDGE-M5-00982,LH-TRACT-15987,RecordedTract,title_sheet_references,LH-TRACT-16390,RecordedTract,,,LH-XWALK-0097,LH-SRC-OC-TRACTS;LH-SRC-OC-LMS-TRACT-PDFS,high,3.0,documented_title_sheet_relationship,"Title-sheet wording documents legal map lineage. It does not establish grading, construction, sale, habitability, or occupancy.",Legal map relationship only; no lifecycle supersession is inferred.
LH-EDGE-M5-00983,LH-TRACT-15987,RecordedTract,title_sheet_references,LH-TRACT-16515,RecordedTract,,,LH-XWALK-0098,LH-SRC-OC-TRACTS;LH-SRC-OC-LMS-TRACT-PDFS,high,3.0,documented_title_sheet_relationship,"Title-sheet wording documents legal map lineage. It does not establish grading, construction, sale, habitability, or occupancy.",Legal map relationship only; no lifecycle supersession is inferred.
LH-EDGE-M5-00984,LH-TRACT-15987,RecordedTract,title_sheet_references,LH-TRACT-16387,RecordedTract,,,LH-XWALK-0099,LH-SRC-OC-TRACTS;LH-SRC-OC-LMS-TRACT-PDFS,medium,3.0,documented_title_sheet_relationship,"Title-sheet wording documents legal map lineage. It does not establish grading, construction, sale, habitability, or occupancy.",Legal map relationship only; no lifecycle supersession is inferred.
LH-EDGE-M5-00985,LH-TRACT-15986,RecordedTract,title_sheet_references,LH-TRACT-16392,RecordedTract,,,LH-XWALK-0101,LH-SRC-OC-TRACTS;LH-SRC-OC-LMS-TRACT-PDFS,high,3.0,documented_title_sheet_relationship,"Title-sheet wording documents legal map lineage. It does not establish grading, construction, sale, habitability, or occupancy.",Legal map relationship only; no lifecycle supersession is inferred.
LH-EDGE-M5-00986,LH-TRACT-15986,RecordedTract,title_sheet_references,LH-TRACT-16394,RecordedTract,,,LH-XWALK-0102,LH-SRC-OC-TRACTS;LH-SRC-OC-LMS-TRACT-PDFS,medium,3.0,documented_title_sheet_relationship,"Title-sheet wording documents legal map lineage. It does not establish grading, construction, sale, habitability, or occupancy.",Legal map relationship only; no lifecycle supersession is inferred.
LH-EDGE-M5-00987,LH-TRACT-16156,RecordedTract,title_sheet_references,LH-TRACT-16118,RecordedTract,,,LH-XWALK-0103,LH-SRC-OC-TRACTS;LH-SRC-OC-LMS-TRACT-PDFS,high,3.0,documented_title_sheet_relationship,"Title-sheet wording documents legal map lineage. It does not establish grading, construction, sale, habitability, or occupancy.",Legal map relationship only; no lifecycle supersession is inferred.
LH-EDGE-M5-00988,LH-TRACT-15986,RecordedTract,title_sheet_references,LH-TRACT-16504,RecordedTract,,,LH-XWALK-0104,LH-SRC-OC-TRACTS;LH-SRC-OC-LMS-TRACT-PDFS,high,3.0,documented_title_sheet_relationship,"Title-sheet wording documents legal map lineage. It does not establish grading, construction, sale, habitability, or occupancy.",Legal map relationship only; no lifecycle supersession is inferred.
LH-EDGE-M5-00989,LH-TRACT-15986,RecordedTract,title_sheet_references,LH-TRACT-16395,RecordedTract,,,LH-XWALK-0105,LH-SRC-OC-TRACTS;LH-SRC-OC-LMS-TRACT-PDFS,high,3.0,documented_title_sheet_relationship,"Title-sheet wording documents legal map lineage. It does not establish grading, construction, sale, habitability, or occupancy.",Legal map relationship only; no lifecycle supersession is inferred.
LH-EDGE-M5-00990,LH-TRACT-15986,RecordedTract,title_sheet_references,LH-TRACT-16390,RecordedTract,,,LH-XWALK-0106,LH-SRC-OC-TRACTS;LH-SRC-OC-LMS-TRACT-PDFS,high,3.0,documented_title_sheet_relationship,"Title-sheet wording documents legal map lineage. It does not establish grading, construction, sale, habitability, or occupancy.",Legal map relationship only; no lifecycle supersession is inferred.
LH-EDGE-M5-00991,LH-TRACT-15887,RecordedTract,current_address_crosswalk_to,LH-NEIGHBORHOOD-TOWNSHIP-ALDENHOUSE,CurrentNeighborhood,2026-07-27,,LH-TRACT-NEIGHBORHOOD-0001,LH-SRC-LARMAC-STREETS-2019;LH-SRC-OC-ADDRESS-POINTS;LH-SRC-OC-TRACTS,high,3.0,current_geographic_crosswalk_not_historical_lifecycle,"Current address points and 2019 names are joined to the smallest containing County legal-map polygon. This does not establish historical opening, construction, sale, habitability, or occupancy dates.",73 matched current address points; 100.00% of matched neighborhood points.
LH-EDGE-M5-00992,LH-TRACT-16384,RecordedTract,current_address_crosswalk_to,LH-NEIGHBORHOOD-COVENANT-HILLS-ALISAL,CurrentNeighborhood,2026-07-27,,LH-TRACT-NEIGHBORHOOD-0002,LH-SRC-LARMAC-STREETS-2019;LH-SRC-OC-ADDRESS-POINTS;LH-SRC-OC-TRACTS,high,3.0,current_geographic_crosswalk_not_historical_lifecycle,"Current address points and 2019 names are joined to the smallest containing County legal-map polygon. This does not establish historical opening, construction, sale, habitability, or occupancy dates.",20 matched current address points; 41.67% of matched neighborhood points.
LH-EDGE-M5-00993,LH-TRACT-16385,RecordedTract,current_address_crosswalk_to,LH-NEIGHBORHOOD-COVENANT-HILLS-ALISAL,CurrentNeighborhood,2026-07-27,,LH-TRACT-NEIGHBORHOOD-0003,LH-SRC-LARMAC-STREETS-2019;LH-SRC-OC-ADDRESS-POINTS;LH-SRC-OC-TRACTS,high,3.0,current_geographic_crosswalk_not_historical_lifecycle,"Current address points and 2019 names are joined to the smallest containing County legal-map polygon. This does not establish historical opening, construction, sale, habitability, or occupancy dates.",7 matched current address points; 14.58% of matched neighborhood points.
LH-EDGE-M5-00994,LH-TRACT-16386,RecordedTract,current_address_crosswalk_to,LH-NEIGHBORHOOD-COVENANT-HILLS-ALISAL,CurrentNeighborhood,2026-07-27,,LH-TRACT-NEIGHBORHOOD-0004,LH-SRC-LARMAC-STREETS-2019;LH-SRC-OC-ADDRESS-POINTS;LH-SRC-OC-TRACTS,high,3.0,current_geographic_crosswalk_not_historical_lifecycle,"Current address points and 2019 names are joined to the smallest containing County legal-map polygon. This does not establish historical opening, construction, sale, habitability, or occupancy dates.",21 matched current address points; 43.75% of matched neighborhood points.
LH-EDGE-M5-00995,LH-TRACT-16393,RecordedTract,current_address_crosswalk_to,LH-NEIGHBORHOOD-COVENANT-HILLS-AMARANTE-1,CurrentNeighborhood,2026-07-27,,LH-TRACT-NEIGHBORHOOD-0005,LH-SRC-LARMAC-STREETS-2019;LH-SRC-OC-ADDRESS-POINTS;LH-SRC-OC-TRACTS,high,3.0,current_geographic_crosswalk_not_historical_lifecycle,"Current address points and 2019 names are joined to the smallest containing County legal-map polygon. This does not establish historical opening, construction, sale, habitability, or occupancy dates.",13 matched current address points; 100.00% of matched neighborhood points.
LH-EDGE-M5-00996,LH-TRACT-16392,RecordedTract,current_address_crosswalk_to,LH-NEIGHBORHOOD-COVENANT-HILLS-AMARANTE-2,CurrentNeighborhood,2026-07-27,,LH-TRACT-NEIGHBORHOOD-0006,LH-SRC-LARMAC-STREETS-2019;LH-SRC-OC-ADDRESS-POINTS;LH-SRC-OC-TRACTS,high,3.0,current_geographic_crosswalk_not_historical_lifecycle,"Current address points and 2019 names are joined to the smallest containing County legal-map polygon. This does not establish historical opening, construction, sale, habitability, or occupancy dates.",40 matched current address points; 100.00% of matched neighborhood points.
LH-EDGE-M5-00997,LH-TRACT-15990,RecordedTract,current_address_crosswalk_to,LH-NEIGHBORHOOD-COVENANT-HILLS-AMARANTE-2-BELLATAIRE-2,CurrentNeighborhood,2026-07-27,,LH-TRACT-NEIGHBORHOOD-0007,LH-SRC-LARMAC-STREETS-2019;LH-SRC-OC-ADDRESS-POINTS;LH-SRC-OC-TRACTS,high,3.0,current_geographic_crosswalk_not_historical_lifecycle,"Current address points and 2019 names are joined to the smallest containing County legal-map polygon. This does not establish historical opening, construction, sale, habitability, or occupancy dates.",42 matched current address points; 100.00% of matched neighborhood points.
LH-EDGE-M5-00998,LH-TRACT-15626,RecordedTract,current_address_crosswalk_to,LH-NEIGHBORHOOD-OAK-KNOLL-AMBERLY-LANE-1,CurrentNeighborhood,2026-07-27,,LH-TRACT-NEIGHBORHOOD-0008,LH-SRC-LARMAC-STREETS-2019;LH-SRC-OC-ADDRESS-POINTS;LH-SRC-OC-TRACTS,high,3.0,current_geographic_crosswalk_not_historical_lifecycle,"Current address points and 2019 names are joined to the smallest containing County legal-map polygon. This does not establish historical opening, construction, sale, habitability, or occupancy dates.",57 matched current address points; 100.00% of matched neighborhood points.
LH-EDGE-M5-00999,LH-TRACT-15618,RecordedTract,current_address_crosswalk_to,LH-NEIGHBORHOOD-OAK-KNOLL-AMBERLY-LANE-2,CurrentNeighborhood,2026-07-27,,LH-TRACT-NEIGHBORHOOD-0009,LH-SRC-LARMAC-STREETS-2019;LH-SRC-OC-ADDRESS-POINTS;LH-SRC-OC-TRACTS,high,3.0,current_geographic_crosswalk_not_historical_lifecycle,"Current address points and 2019 names are joined to the smallest containing County legal-map polygon. This does not establish historical opening, construction, sale, habitability, or occupancy dates.",22 matched current address points; 100.00% of matched neighborhood points.
LH-EDGE-M5-01000,LH-TRACT-16391,RecordedTract,current_address_crosswalk_to,LH-NEIGHBORHOOD-COVENANT-HILLS-ARBOLEDO,CurrentNeighborhood,2026-07-27,,LH-TRACT-NEIGHBORHOOD-0010,LH-SRC-LARMAC-STREETS-2019;LH-SRC-OC-ADDRESS-POINTS;LH-SRC-OC-TRACTS,high,3.0,current_geographic_crosswalk_not_historical_lifecycle,"Current address points and 2019 names are joined to the smallest containing County legal-map polygon. This does not establish historical opening, construction, sale, habitability, or occupancy dates.",47 matched current address points; 74.60% of matched neighborhood points.
LH-EDGE-M5-01001,LH-TRACT-16667,RecordedTract,current_address_crosswalk_to,LH-NEIGHBORHOOD-COVENANT-HILLS-ARBOLEDO,CurrentNeighborhood,2026-07-27,,LH-TRACT-NEIGHBORHOOD-0011,LH-SRC-LARMAC-STREETS-2019;LH-SRC-OC-ADDRESS-POINTS;LH-SRC-OC-TRACTS,high,3.0,current_geographic_crosswalk_not_historical_lifecycle,"Current address points and 2019 names are joined to the smallest containing County legal-map polygon. This does not establish historical opening, construction, sale, habitability, or occupancy dates.",16 matched current address points; 25.40% of matched neighborhood points.
LH-EDGE-M5-01002,LH-TRACT-16348,RecordedTract,current_address_crosswalk_to,LH-NEIGHBORHOOD-TERRAMOR-ARBORAGE-1,CurrentNeighborhood,2026-07-27,,LH-TRACT-NEIGHBORHOOD-0012,LH-SRC-LARMAC-STREETS-2019;LH-SRC-OC-ADDRESS-POINTS;LH-SRC-OC-TRACTS,high,3.0,current_geographic_crosswalk_not_historical_lifecycle,"Current address points and 2019 names are joined to the smallest containing County legal-map polygon. This does not establish historical opening, construction, sale, habitability, or occupancy dates.",54 matched current address points; 100.00% of matched neighborhood points.
LH-EDGE-M5-01003,LH-TRACT-16352,RecordedTract,current_address_crosswalk_to,LH-NEIGHBORHOOD-TERRAMOR-ARBORAGE-2,CurrentNeighborhood,2026-07-27,,LH-TRACT-NEIGHBORHOOD-0013,LH-SRC-LARMAC-STREETS-2019;LH-SRC-OC-ADDRESS-POINTS;LH-SRC-OC-TRACTS,high,3.0,current_geographic_crosswalk_not_historical_lifecycle,"Current address points and 2019 names are joined to the smallest containing County legal-map polygon. This does not establish historical opening, construction, sale, habitability, or occupancy dates.",40 matched current address points; 100.00% of matched neighborhood points.
LH-EDGE-M5-01004,LH-TRACT-16127,RecordedTract,current_address_crosswalk_to,LH-NEIGHBORHOOD-AVENDALE-ASTORIA-1,CurrentNeighborhood,2026-07-27,,LH-TRACT-NEIGHBORHOOD-0014,LH-SRC-LARMAC-STREETS-2019;LH-SRC-OC-ADDRESS-POINTS;LH-SRC-OC-TRACTS,high,3.0,current_geographic_crosswalk_not_historical_lifecycle,"Current address points and 2019 names are joined to the smallest containing County legal-map polygon. This does not establish historical opening, construction, sale, habitability, or occupancy dates.",35 matched current address points; 100.00% of matched neighborhood points.
LH-EDGE-M5-01005,LH-TRACT-16126,RecordedTract,current_address_crosswalk_to,LH-NEIGHBORHOOD-AVENDALE-ASTORIA-2,CurrentNeighborhood,2026-07-27,,LH-TRACT-NEIGHBORHOOD-0015,LH-SRC-LARMAC-STREETS-2019;LH-SRC-OC-ADDRESS-POINTS;LH-SRC-OC-TRACTS,high,3.0,current_geographic_crosswalk_not_historical_lifecycle,"Current address points and 2019 names are joined to the smallest containing County legal-map polygon. This does not establish historical opening, construction, sale, habitability, or occupancy dates.",43 matched current address points; 100.00% of matched neighborhood points.
LH-EDGE-M5-01006,LH-TRACT-16234,RecordedTract,current_address_crosswalk_to,LH-NEIGHBORHOOD-ECHO-RIDGE-ATHERTON-GLEN,CurrentNeighborhood,2026-07-27,,LH-TRACT-NEIGHBORHOOD-0016,LH-SRC-LARMAC-STREETS-2019;LH-SRC-OC-ADDRESS-POINTS;LH-SRC-OC-TRACTS,high,3.0,current_geographic_crosswalk_not_historical_lifecycle,"Current address points and 2019 names are joined to the smallest containing County legal-map polygon. This does not establish historical opening, construction, sale, habitability, or occupancy dates.",100 matched current address points; 100.00% of matched neighborhood points.
LH-EDGE-M5-01007,LH-TRACT-16394,RecordedTract,current_address_crosswalk_to,LH-NEIGHBORHOOD-COVENANT-HILLS-BELLATAIRE-1,CurrentNeighborhood,2026-07-27,,LH-TRACT-NEIGHBORHOOD-0017,LH-SRC-LARMAC-STREETS-2019;LH-SRC-OC-ADDRESS-POINTS;LH-SRC-OC-TRACTS,high,3.0,current_geographic_crosswalk_not_historical_lifecycle,"Current address points and 2019 names are joined to the smallest containing County legal-map polygon. This does not establish historical opening, construction, sale, habitability, or occupancy dates.",29 matched current address points; 100.00% of matched neighborhood points.
LH-EDGE-M5-01008,LH-TRACT-16400,RecordedTract,current_address_crosswalk_to,LH-NEIGHBORHOOD-COVENANT-HILLS-BELLATAIRE-2,CurrentNeighborhood,2026-07-27,,LH-TRACT-NEIGHBORHOOD-0018,LH-SRC-LARMAC-STREETS-2019;LH-SRC-OC-ADDRESS-POINTS;LH-SRC-OC-TRACTS,high,3.0,current_geographic_crosswalk_not_historical_lifecycle,"Current address points and 2019 names are joined to the smallest containing County legal-map polygon. This does not establish historical opening, construction, sale, habitability, or occupancy dates.",24 matched current address points; 100.00% of matched neighborhood points.
LH-EDGE-M5-01009,LH-TRACT-15904,RecordedTract,current_address_crosswalk_to,LH-NEIGHBORHOOD-FLINTRIDGE-BELMONT-HILL-1,CurrentNeighborhood,2026-07-27,,LH-TRACT-NEIGHBORHOOD-0019,LH-SRC-LARMAC-STREETS-2019;LH-SRC-OC-ADDRESS-POINTS;LH-SRC-OC-TRACTS,high,3.0,current_geographic_crosswalk_not_historical_lifecycle,"Current address points and 2019 names are joined to the smallest containing County legal-map polygon. This does not establish historical opening, construction, sale, habitability, or occupancy dates.",29 matched current address points; 100.00% of matched neighborhood points.
LH-EDGE-M5-01010,LH-TRACT-15905,RecordedTract,current_address_crosswalk_to,LH-NEIGHBORHOOD-FLINTRIDGE-BELMONT-HILL-2,CurrentNeighborhood,2026-07-27,,LH-TRACT-NEIGHBORHOOD-0020,LH-SRC-LARMAC-STREETS-2019;LH-SRC-OC-ADDRESS-POINTS;LH-SRC-OC-TRACTS,high,3.0,current_geographic_crosswalk_not_historical_lifecycle,"Current address points and 2019 names are joined to the smallest containing County legal-map polygon. This does not establish historical opening, construction, sale, habitability, or occupancy dates.",43 matched current address points; 100.00% of matched neighborhood points.
LH-EDGE-M5-01011,LH-TRACT-16157,RecordedTract,current_address_crosswalk_to,LH-NEIGHBORHOOD-AVENDALE-BERKSHIRE,CurrentNeighborhood,2026-07-27,,LH-TRACT-NEIGHBORHOOD-0021,LH-SRC-LARMAC-STREETS-2019;LH-SRC-OC-ADDRESS-POINTS;LH-SRC-OC-TRACTS,high,3.0,current_geographic_crosswalk_not_historical_lifecycle,"Current address points and 2019 names are joined to the smallest containing County legal-map polygon. This does not establish historical opening, construction, sale, habitability, or occupancy dates.",157 matched current address points; 99.37% of matched neighborhood points.
LH-EDGE-M5-01012,LH-TRACT-16270,RecordedTract,current_address_crosswalk_to,LH-NEIGHBORHOOD-AVENDALE-BERKSHIRE,CurrentNeighborhood,2026-07-27,,LH-TRACT-NEIGHBORHOOD-0022,LH-SRC-LARMAC-STREETS-2019;LH-SRC-OC-ADDRESS-POINTS;LH-SRC-OC-TRACTS,medium,3.0,current_geographic_crosswalk_not_historical_lifecycle,"Current address points and 2019 names are joined to the smallest containing County legal-map polygon. This does not establish historical opening, construction, sale, habitability, or occupancy dates.",1 matched current address points; 0.63% of matched neighborhood points.
LH-EDGE-M5-01013,LH-TRACT-16025,RecordedTract,current_address_crosswalk_to,LH-NEIGHBORHOOD-AVENDALE-BRANCHES,CurrentNeighborhood,2026-07-27,,LH-TRACT-NEIGHBORHOOD-0023,LH-SRC-LARMAC-STREETS-2019;LH-SRC-OC-ADDRESS-POINTS;LH-SRC-OC-TRACTS,high,3.0,current_geographic_crosswalk_not_historical_lifecycle,"Current address points and 2019 names are joined to the smallest containing County legal-map polygon. This does not establish historical opening, construction, sale, habitability, or occupancy dates.",12 matched current address points; 100.00% of matched neighborhood points.
LH-EDGE-M5-01014,LH-TRACT-16341,RecordedTract,current_address_crosswalk_to,LH-NEIGHBORHOOD-TERRAMOR-BRANCHES,CurrentNeighborhood,2026-07-27,,LH-TRACT-NEIGHBORHOOD-0024,LH-SRC-LARMAC-STREETS-2019;LH-SRC-OC-ADDRESS-POINTS;LH-SRC-OC-TRACTS,high,3.0,current_geographic_crosswalk_not_historical_lifecycle,"Current address points and 2019 names are joined to the smallest containing County legal-map polygon. This does not establish historical opening, construction, sale, habitability, or occupancy dates.",176 matched current address points; 100.00% of matched neighborhood points.
LH-EDGE-M5-01015,LH-TRACT-16341,RecordedTract,current_address_crosswalk_to,LH-NEIGHBORHOOD-TERRAMOR-BRIAR-ROSE-1,CurrentNeighborhood,2026-07-27,,LH-TRACT-NEIGHBORHOOD-0025,LH-SRC-LARMAC-STREETS-2019;LH-SRC-OC-ADDRESS-POINTS;LH-SRC-OC-TRACTS,high,3.0,current_geographic_crosswalk_not_historical_lifecycle,"Current address points and 2019 names are joined to the smallest containing County legal-map polygon. This does not establish historical opening, construction, sale, habitability, or occupancy dates.",82 matched current address points; 100.00% of matched neighborhood points.
LH-EDGE-M5-01016,LH-TRACT-16271,RecordedTract,current_address_crosswalk_to,LH-NEIGHBORHOOD-TERRAMOR-BRIAR-ROSE-2,CurrentNeighborhood,2026-07-27,,LH-TRACT-NEIGHBORHOOD-0026,LH-SRC-LARMAC-STREETS-2019;LH-SRC-OC-ADDRESS-POINTS;LH-SRC-OC-TRACTS,high,3.0,current_geographic_crosswalk_not_historical_lifecycle,"Current address points and 2019 names are joined to the smallest containing County legal-map polygon. This does not establish historical opening, construction, sale, habitability, or occupancy dates.",21 matched current address points; 100.00% of matched neighborhood points.
LH-EDGE-M5-01017,LH-TRACT-15985,RecordedTract,current_address_crosswalk_to,LH-NEIGHBORHOOD-COVENANT-HILLS-CH-CUSTOM,CurrentNeighborhood,2026-07-27,,LH-TRACT-NEIGHBORHOOD-0027,LH-SRC-LARMAC-STREETS-2019;LH-SRC-OC-ADDRESS-POINTS;LH-SRC-OC-TRACTS,high,3.0,current_geographic_crosswalk_not_historical_lifecycle,"Current address points and 2019 names are joined to the smallest containing County legal-map polygon. This does not establish historical opening, construction, sale, habitability, or occupancy dates.",58 matched current address points; 34.12% of matched neighborhood points.
LH-EDGE-M5-01018,LH-TRACT-15988,RecordedTract,current_address_crosswalk_to,LH-NEIGHBORHOOD-COVENANT-HILLS-CH-CUSTOM,CurrentNeighborhood,2026-07-27,,LH-TRACT-NEIGHBORHOOD-0028,LH-SRC-LARMAC-STREETS-2019;LH-SRC-OC-ADDRESS-POINTS;LH-SRC-OC-TRACTS,high,3.0,current_geographic_crosswalk_not_historical_lifecycle,"Current address points and 2019 names are joined to the smallest containing County legal-map polygon. This does not establish historical opening, construction, sale, habitability, or occupancy dates.",58 matched current address points; 34.12% of matched neighborhood points.
LH-EDGE-M5-01019,LH-TRACT-16586,RecordedTract,current_address_crosswalk_to,LH-NEIGHBORHOOD-COVENANT-HILLS-CH-CUSTOM,CurrentNeighborhood,2026-07-27,,LH-TRACT-NEIGHBORHOOD-0029,LH-SRC-LARMAC-STREETS-2019;LH-SRC-OC-ADDRESS-POINTS;LH-SRC-OC-TRACTS,high,3.0,current_geographic_crosswalk_not_historical_lifecycle,"Current address points and 2019 names are joined to the smallest containing County legal-map polygon. This does not establish historical opening, construction, sale, habitability, or occupancy dates.",54 matched current address points; 31.76% of matched neighborhood points.
LH-EDGE-M5-01020,LH-TRACT-16103,RecordedTract,current_address_crosswalk_to,LH-NEIGHBORHOOD-AVENDALE-CANOPY-LANE-1,CurrentNeighborhood,2026-07-27,,LH-TRACT-NEIGHBORHOOD-0030,LH-SRC-LARMAC-STREETS-2019;LH-SRC-OC-ADDRESS-POINTS;LH-SRC-OC-TRACTS,high,3.0,current_geographic_crosswalk_not_historical_lifecycle,"Current address points and 2019 names are joined to the smallest containing County legal-map polygon. This does not establish historical opening, construction, sale, habitability, or occupancy dates.",36 matched current address points; 100.00% of matched neighborhood points.
LH-EDGE-M5-01021,LH-TRACT-16117,RecordedTract,current_address_crosswalk_to,LH-NEIGHBORHOOD-AVENDALE-CANOPY-LANE-2,CurrentNeighborhood,2026-07-27,,LH-TRACT-NEIGHBORHOOD-0031,LH-SRC-LARMAC-STREETS-2019;LH-SRC-OC-ADDRESS-POINTS;LH-SRC-OC-TRACTS,high,3.0,current_geographic_crosswalk_not_historical_lifecycle,"Current address points and 2019 names are joined to the smallest containing County legal-map polygon. This does not establish historical opening, construction, sale, habitability, or occupancy dates.",19 matched current address points; 100.00% of matched neighborhood points.
LH-EDGE-M5-01022,LH-TRACT-16115,RecordedTract,current_address_crosswalk_to,LH-NEIGHBORHOOD-AVENDALE-CANOPY-LANE-3,CurrentNeighborhood,2026-07-27,,LH-TRACT-NEIGHBORHOOD-0032,LH-SRC-LARMAC-STREETS-2019;LH-SRC-OC-ADDRESS-POINTS;LH-SRC-OC-TRACTS,high,3.0,current_geographic_crosswalk_not_historical_lifecycle,"Current address points and 2019 names are joined to the smallest containing County legal-map polygon. This does not establish historical opening, construction, sale, habitability, or occupancy dates.",53 matched current address points; 89.83% of matched neighborhood points.
LH-EDGE-M5-01023,LH-TRACT-16117,RecordedTract,current_address_crosswalk_to,LH-NEIGHBORHOOD-AVENDALE-CANOPY-LANE-3,CurrentNeighborhood,2026-07-27,,LH-TRACT-NEIGHBORHOOD-0033,LH-SRC-LARMAC-STREETS-2019;LH-SRC-OC-ADDRESS-POINTS;LH-SRC-OC-TRACTS,high,3.0,current_geographic_crosswalk_not_historical_lifecycle,"Current address points and 2019 names are joined to the smallest containing County legal-map polygon. This does not establish historical opening, construction, sale, habitability, or occupancy dates.",6 matched current address points; 10.17% of matched neighborhood points.
LH-EDGE-M5-01024,LH-TRACT-15989,RecordedTract,current_address_crosswalk_to,LH-NEIGHBORHOOD-COVENANT-HILLS-CAPISTRANO,CurrentNeighborhood,2026-07-27,,LH-TRACT-NEIGHBORHOOD-0034,LH-SRC-LARMAC-STREETS-2019;LH-SRC-OC-ADDRESS-POINTS;LH-SRC-OC-TRACTS,high,3.0,current_geographic_crosswalk_not_historical_lifecycle,"Current address points and 2019 names are joined to the smallest containing County legal-map polygon. This does not establish historical opening, construction, sale, habitability, or occupancy dates.",35 matched current address points; 100.00% of matched neighborhood points.
LH-EDGE-M5-01025,LH-TRACT-16515,RecordedTract,current_address_crosswalk_to,LH-NEIGHBORHOOD-COVENANT-HILLS-CASTELLINA-SUB,CurrentNeighborhood,2026-07-27,,LH-TRACT-NEIGHBORHOOD-0035,LH-SRC-LARMAC-STREETS-2019;LH-SRC-OC-ADDRESS-POINTS;LH-SRC-OC-TRACTS,high,3.0,current_geographic_crosswalk_not_historical_lifecycle,"Current address points and 2019 names are joined to the smallest containing County legal-map polygon. This does not establish historical opening, construction, sale, habitability, or occupancy dates.",88 matched current address points; 100.00% of matched neighborhood points.
LH-EDGE-M5-01026,LH-TRACT-15827,RecordedTract,current_address_crosswalk_to,LH-NEIGHBORHOOD-BRIDGEPARK-CHAMBRAY,CurrentNeighborhood,2026-07-27,,LH-TRACT-NEIGHBORHOOD-0036,LH-SRC-LARMAC-STREETS-2019;LH-SRC-OC-ADDRESS-POINTS;LH-SRC-OC-TRACTS,high,3.0,current_geographic_crosswalk_not_historical_lifecycle,"Current address points and 2019 names are joined to the smallest containing County legal-map polygon. This does not establish historical opening, construction, sale, habitability, or occupancy dates.",155 matched current address points; 100.00% of matched neighborhood points.
LH-EDGE-M5-01027,LH-TRACT-16025,RecordedTract,current_address_crosswalk_to,LH-NEIGHBORHOOD-AVENDALE-CHARLESTON-PLACE,CurrentNeighborhood,2026-07-27,,LH-TRACT-NEIGHBORHOOD-0037,LH-SRC-LARMAC-STREETS-2019;LH-SRC-OC-ADDRESS-POINTS;LH-SRC-OC-TRACTS,high,3.0,current_geographic_crosswalk_not_historical_lifecycle,"Current address points and 2019 names are joined to the smallest containing County legal-map polygon. This does not establish historical opening, construction, sale, habitability, or occupancy dates.",39 matched current address points; 29.10% of matched neighborhood points.
LH-EDGE-M5-01028,LH-TRACT-16157,RecordedTract,current_address_crosswalk_to,LH-NEIGHBORHOOD-AVENDALE-CHARLESTON-PLACE,CurrentNeighborhood,2026-07-27,,LH-TRACT-NEIGHBORHOOD-0038,LH-SRC-LARMAC-STREETS-2019;LH-SRC-OC-ADDRESS-POINTS;LH-SRC-OC-TRACTS,high,3.0,current_geographic_crosswalk_not_historical_lifecycle,"Current address points and 2019 names are joined to the smallest containing County legal-map polygon. This does not establish historical opening, construction, sale, habitability, or occupancy dates.",95 matched current address points; 70.90% of matched neighborhood points.
LH-EDGE-M5-01029,LH-TRACT-16250,RecordedTract,current_address_crosswalk_to,LH-NEIGHBORHOOD-WYCLIFFE-CHESAPEAKE-1,CurrentNeighborhood,2026-07-27,,LH-TRACT-NEIGHBORHOOD-0039,LH-SRC-LARMAC-STREETS-2019;LH-SRC-OC-ADDRESS-POINTS;LH-SRC-OC-TRACTS,high,3.0,current_geographic_crosswalk_not_historical_lifecycle,"Current address points and 2019 names are joined to the smallest containing County legal-map polygon. This does not establish historical opening, construction, sale, habitability, or occupancy dates.",52 matched current address points; 100.00% of matched neighborhood points.
LH-EDGE-M5-01030,LH-TRACT-16247,RecordedTract,current_address_crosswalk_to,LH-NEIGHBORHOOD-WYCLIFFE-CHESAPEAKE-2,CurrentNeighborhood,2026-07-27,,LH-TRACT-NEIGHBORHOOD-0040,LH-SRC-LARMAC-STREETS-2019;LH-SRC-OC-ADDRESS-POINTS;LH-SRC-OC-TRACTS,high,3.0,current_geographic_crosswalk_not_historical_lifecycle,"Current address points and 2019 names are joined to the smallest containing County legal-map polygon. This does not establish historical opening, construction, sale, habitability, or occupancy dates.",37 matched current address points; 100.00% of matched neighborhood points.
LH-EDGE-M5-01031,LH-TRACT-15906,RecordedTract,current_address_crosswalk_to,LH-NEIGHBORHOOD-FLINTRIDGE-CHIMNEY-CORNERS-1,CurrentNeighborhood,2026-07-27,,LH-TRACT-NEIGHBORHOOD-0041,LH-SRC-LARMAC-STREETS-2019;LH-SRC-OC-ADDRESS-POINTS;LH-SRC-OC-TRACTS,high,3.0,current_geographic_crosswalk_not_historical_lifecycle,"Current address points and 2019 names are joined to the smallest containing County legal-map polygon. This does not establish historical opening, construction, sale, habitability, or occupancy dates.",56 matched current address points; 100.00% of matched neighborhood points.
LH-EDGE-M5-01032,LH-TRACT-15903,RecordedTract,current_address_crosswalk_to,LH-NEIGHBORHOOD-FLINTRIDGE-CHIMNEY-CORNERS-2,CurrentNeighborhood,2026-07-27,,LH-TRACT-NEIGHBORHOOD-0042,LH-SRC-LARMAC-STREETS-2019;LH-SRC-OC-ADDRESS-POINTS;LH-SRC-OC-TRACTS,high,3.0,current_geographic_crosswalk_not_historical_lifecycle,"Current address points and 2019 names are joined to the smallest containing County legal-map polygon. This does not establish historical opening, construction, sale, habitability, or occupancy dates.",36 matched current address points; 100.00% of matched neighborhood points.
LH-EDGE-M5-01033,LH-TRACT-16025,RecordedTract,current_address_crosswalk_to,LH-NEIGHBORHOOD-AVENDALE-CHRISTOPHER-HOMES,CurrentNeighborhood,2026-07-27,,LH-TRACT-NEIGHBORHOOD-0043,LH-SRC-LARMAC-STREETS-2019;LH-SRC-OC-ADDRESS-POINTS;LH-SRC-OC-TRACTS,high,3.0,current_geographic_crosswalk_not_historical_lifecycle,"Current address points and 2019 names are joined to the smallest containing County legal-map polygon. This does not establish historical opening, construction, sale, habitability, or occupancy dates.",37 matched current address points; 100.00% of matched neighborhood points.
LH-EDGE-M5-01034,LH-TRACT-16350,RecordedTract,current_address_crosswalk_to,LH-NEIGHBORHOOD-TERRAMOR-CLAIBORNE-1,CurrentNeighborhood,2026-07-27,,LH-TRACT-NEIGHBORHOOD-0044,LH-SRC-LARMAC-STREETS-2019;LH-SRC-OC-ADDRESS-POINTS;LH-SRC-OC-TRACTS,high,3.0,current_geographic_crosswalk_not_historical_lifecycle,"Current address points and 2019 names are joined to the smallest containing County legal-map polygon. This does not establish historical opening, construction, sale, habitability, or occupancy dates.",42 matched current address points; 100.00% of matched neighborhood points.
LH-EDGE-M5-01035,LH-TRACT-16356,RecordedTract,current_address_crosswalk_to,LH-NEIGHBORHOOD-TERRAMOR-CLAIBORNE-2,CurrentNeighborhood,2026-07-27,,LH-TRACT-NEIGHBORHOOD-0045,LH-SRC-LARMAC-STREETS-2019;LH-SRC-OC-ADDRESS-POINTS;LH-SRC-OC-TRACTS,high,3.0,current_geographic_crosswalk_not_historical_lifecycle,"Current address points and 2019 names are joined to the smallest containing County legal-map polygon. This does not establish historical opening, construction, sale, habitability, or occupancy dates.",25 matched current address points; 100.00% of matched neighborhood points.
LH-EDGE-M5-01036,LH-TRACT-15909,RecordedTract,current_address_crosswalk_to,LH-NEIGHBORHOOD-FLINTRIDGE-CLIFTON-HEIGHTS-1,CurrentNeighborhood,2026-07-27,,LH-TRACT-NEIGHBORHOOD-0046,LH-SRC-LARMAC-STREETS-2019;LH-SRC-OC-ADDRESS-POINTS;LH-SRC-OC-TRACTS,high,3.0,current_geographic_crosswalk_not_historical_lifecycle,"Current address points and 2019 names are joined to the smallest containing County legal-map polygon. This does not establish historical opening, construction, sale, habitability, or occupancy dates.",21 matched current address points; 100.00% of matched neighborhood points.
LH-EDGE-M5-01037,LH-TRACT-15908,RecordedTract,current_address_crosswalk_to,LH-NEIGHBORHOOD-FLINTRIDGE-CLIFTON-HEIGHTS-2,CurrentNeighborhood,2026-07-27,,LH-TRACT-NEIGHBORHOOD-0047,LH-SRC-LARMAC-STREETS-2019;LH-SRC-OC-ADDRESS-POINTS;LH-SRC-OC-TRACTS,high,3.0,current_geographic_crosswalk_not_historical_lifecycle,"Current address points and 2019 names are joined to the smallest containing County legal-map polygon. This does not establish historical opening, construction, sale, habitability, or occupancy dates.",33 matched current address points; 100.00% of matched neighborhood points.
LH-EDGE-M5-01038,LH-TRACT-15987,RecordedTract,current_address_crosswalk_to,LH-NEIGHBORHOOD-COVENANT-HILLS-COVENANT-HILLS,CurrentNeighborhood,2026-07-27,,LH-TRACT-NEIGHBORHOOD-0048,LH-SRC-LARMAC-STREETS-2019;LH-SRC-OC-ADDRESS-POINTS;LH-SRC-OC-TRACTS,medium,3.0,current_geographic_crosswalk_not_historical_lifecycle,"Current address points and 2019 names are joined to the smallest containing County legal-map polygon. This does not establish historical opening, construction, sale, habitability, or occupancy dates.",2 matched current address points; 4.17% of matched neighborhood points.
LH-EDGE-M5-01039,LH-TRACT-16586,RecordedTract,current_address_crosswalk_to,LH-NEIGHBORHOOD-COVENANT-HILLS-COVENANT-HILLS,CurrentNeighborhood,2026-07-27,,LH-TRACT-NEIGHBORHOOD-0049,LH-SRC-LARMAC-STREETS-2019;LH-SRC-OC-ADDRESS-POINTS;LH-SRC-OC-TRACTS,high,3.0,current_geographic_crosswalk_not_historical_lifecycle,"Current address points and 2019 names are joined to the smallest containing County legal-map polygon. This does not establish historical opening, construction, sale, habitability, or occupancy dates.",46 matched current address points; 95.83% of matched neighborhood points.
LH-EDGE-M5-01040,LH-TRACT-16203,RecordedTract,current_address_crosswalk_to,LH-NEIGHBORHOOD-FLINTRIDGE-DAVENPORT,CurrentNeighborhood,2026-07-27,,LH-TRACT-NEIGHBORHOOD-0050,LH-SRC-LARMAC-STREETS-2019;LH-SRC-OC-ADDRESS-POINTS;LH-SRC-OC-TRACTS,high,3.0,current_geographic_crosswalk_not_historical_lifecycle,"Current address points and 2019 names are joined to the smallest containing County legal-map polygon. This does not establish historical opening, construction, sale, habitability, or occupancy dates.",19 matched current address points; 100.00% of matched neighborhood points.
LH-EDGE-M5-01041,LH-TRACT-16203,RecordedTract,current_address_crosswalk_to,LH-NEIGHBORHOOD-WYCLIFFE-DAVENPORT,CurrentNeighborhood,2026-07-27,,LH-TRACT-NEIGHBORHOOD-0051,LH-SRC-LARMAC-STREETS-2019;LH-SRC-OC-ADDRESS-POINTS;LH-SRC-OC-TRACTS,high,3.0,current_geographic_crosswalk_not_historical_lifecycle,"Current address points and 2019 names are joined to the smallest containing County legal-map polygon. This does not establish historical opening, construction, sale, habitability, or occupancy dates.",121 matched current address points; 100.00% of matched neighborhood points.
LH-EDGE-M5-01042,LH-TRACT-16395,RecordedTract,current_address_crosswalk_to,LH-NEIGHBORHOOD-COVENANT-HILLS-ENCANTADA,CurrentNeighborhood,2026-07-27,,LH-TRACT-NEIGHBORHOOD-0052,LH-SRC-LARMAC-STREETS-2019;LH-SRC-OC-ADDRESS-POINTS;LH-SRC-OC-TRACTS,high,3.0,current_geographic_crosswalk_not_historical_lifecycle,"Current address points and 2019 names are joined to the smallest containing County legal-map polygon. This does not establish historical opening, construction, sale, habitability, or occupancy dates.",37 matched current address points; 100.00% of matched neighborhood points.
LH-EDGE-M5-01043,LH-TRACT-16346,RecordedTract,current_address_crosswalk_to,LH-NEIGHBORHOOD-TERRAMOR-EVERGREEN-1,CurrentNeighborhood,2026-07-27,,LH-TRACT-NEIGHBORHOOD-0053,LH-SRC-LARMAC-STREETS-2019;LH-SRC-OC-ADDRESS-POINTS;LH-SRC-OC-TRACTS,high,3.0,current_geographic_crosswalk_not_historical_lifecycle,"Current address points and 2019 names are joined to the smallest containing County legal-map polygon. This does not establish historical opening, construction, sale, habitability, or occupancy dates.",36 matched current address points; 100.00% of matched neighborhood points.
LH-EDGE-M5-01044,LH-TRACT-16351,RecordedTract,current_address_crosswalk_to,LH-NEIGHBORHOOD-TERRAMOR-EVERGREEN-2,CurrentNeighborhood,2026-07-27,,LH-TRACT-NEIGHBORHOOD-0054,LH-SRC-LARMAC-STREETS-2019;LH-SRC-OC-ADDRESS-POINTS;LH-SRC-OC-TRACTS,high,3.0,current_geographic_crosswalk_not_historical_lifecycle,"Current address points and 2019 names are joined to the smallest containing County legal-map polygon. This does not establish historical opening, construction, sale, habitability, or occupancy dates.",41 matched current address points; 100.00% of matched neighborhood points.
LH-EDGE-M5-01045,LH-TRACT-15623,RecordedTract,current_address_crosswalk_to,LH-NEIGHBORHOOD-OAK-KNOLL-FAIRFIELD-1,CurrentNeighborhood,2026-07-27,,LH-TRACT-NEIGHBORHOOD-0055,LH-SRC-LARMAC-STREETS-2019;LH-SRC-OC-ADDRESS-POINTS;LH-SRC-OC-TRACTS,high,3.0,current_geographic_crosswalk_not_historical_lifecycle,"Current address points and 2019 names are joined to the smallest containing County legal-map polygon. This does not establish historical opening, construction, sale, habitability, or occupancy dates.",47 matched current address points; 100.00% of matched neighborhood points.
LH-EDGE-M5-01046,LH-TRACT-15620,RecordedTract,current_address_crosswalk_to,LH-NEIGHBORHOOD-OAK-KNOLL-FAIRFIELD-2,CurrentNeighborhood,2026-07-27,,LH-TRACT-NEIGHBORHOOD-0056,LH-SRC-LARMAC-STREETS-2019;LH-SRC-OC-ADDRESS-POINTS;LH-SRC-OC-TRACTS,high,3.0,current_geographic_crosswalk_not_historical_lifecycle,"Current address points and 2019 names are joined to the smallest containing County legal-map polygon. This does not establish historical opening, construction, sale, habitability, or occupancy dates.",40 matched current address points; 100.00% of matched neighborhood points.
LH-EDGE-M5-01047,LH-TRACT-15884,RecordedTract,current_address_crosswalk_to,LH-NEIGHBORHOOD-AVENDALE-FRONT-STREET,CurrentNeighborhood,2026-07-27,,LH-TRACT-NEIGHBORHOOD-0057,LH-SRC-LARMAC-STREETS-2019;LH-SRC-OC-ADDRESS-POINTS;LH-SRC-OC-TRACTS,medium,3.0,current_geographic_crosswalk_not_historical_lifecycle,"Current address points and 2019 names are joined to the smallest containing County legal-map polygon. This does not establish historical opening, construction, sale, habitability, or occupancy dates.",3 matched current address points; 11.11% of matched neighborhood points.
LH-EDGE-M5-01048,LH-TRACT-16157,RecordedTract,current_address_crosswalk_to,LH-NEIGHBORHOOD-AVENDALE-FRONT-STREET,CurrentNeighborhood,2026-07-27,,LH-TRACT-NEIGHBORHOOD-0058,LH-SRC-LARMAC-STREETS-2019;LH-SRC-OC-ADDRESS-POINTS;LH-SRC-OC-TRACTS,medium,3.0,current_geographic_crosswalk_not_historical_lifecycle,"Current address points and 2019 names are joined to the smallest containing County legal-map polygon. This does not establish historical opening, construction, sale, habitability, or occupancy dates.",2 matched current address points; 7.41% of matched neighborhood points.
LH-EDGE-M5-01049,LH-TRACT-16270,RecordedTract,current_address_crosswalk_to,LH-NEIGHBORHOOD-AVENDALE-FRONT-STREET,CurrentNeighborhood,2026-07-27,,LH-TRACT-NEIGHBORHOOD-0059,LH-SRC-LARMAC-STREETS-2019;LH-SRC-OC-ADDRESS-POINTS;LH-SRC-OC-TRACTS,high,3.0,current_geographic_crosswalk_not_historical_lifecycle,"Current address points and 2019 names are joined to the smallest containing County legal-map polygon. This does not establish historical opening, construction, sale, habitability, or occupancy dates.",22 matched current address points; 81.48% of matched neighborhood points.
LH-EDGE-M5-01050,LH-TRACT-16156,RecordedTract,current_address_crosswalk_to,LH-NEIGHBORHOOD-AVENDALE-GREENBRIAR,CurrentNeighborhood,2026-07-27,,LH-TRACT-NEIGHBORHOOD-0060,LH-SRC-LARMAC-STREETS-2019;LH-SRC-OC-ADDRESS-POINTS;LH-SRC-OC-TRACTS,high,3.0,current_geographic_crosswalk_not_historical_lifecycle,"Current address points and 2019 names are joined to the smallest containing County legal-map polygon. This does not establish historical opening, construction, sale, habitability, or occupancy dates.",66 matched current address points; 62.26% of matched neighborhood points.
LH-EDGE-M5-01051,LH-TRACT-16157,RecordedTract,current_address_crosswalk_to,LH-NEIGHBORHOOD-AVENDALE-GREENBRIAR,CurrentNeighborhood,2026-07-27,,LH-TRACT-NEIGHBORHOOD-0061,LH-SRC-LARMAC-STREETS-2019;LH-SRC-OC-ADDRESS-POINTS;LH-SRC-OC-TRACTS,high,3.0,current_geographic_crosswalk_not_historical_lifecycle,"Current address points and 2019 names are joined to the smallest containing County legal-map polygon. This does not establish historical opening, construction, sale, habitability, or occupancy dates.",40 matched current address points; 37.74% of matched neighborhood points.
LH-EDGE-M5-01052,LH-TRACT-15910,RecordedTract,current_address_crosswalk_to,LH-NEIGHBORHOOD-FLINTRIDGE-HAMPTON-ROAD-1,CurrentNeighborhood,2026-07-27,,LH-TRACT-NEIGHBORHOOD-0062,LH-SRC-LARMAC-STREETS-2019;LH-SRC-OC-ADDRESS-POINTS;LH-SRC-OC-TRACTS,high,3.0,current_geographic_crosswalk_not_historical_lifecycle,"Current address points and 2019 names are joined to the smallest containing County legal-map polygon. This does not establish historical opening, construction, sale, habitability, or occupancy dates.",36 matched current address points; 100.00% of matched neighborhood points.
LH-EDGE-M5-01053,LH-TRACT-15912,RecordedTract,current_address_crosswalk_to,LH-NEIGHBORHOOD-FLINTRIDGE-HAMPTON-ROAD-2,CurrentNeighborhood,2026-07-27,,LH-TRACT-NEIGHBORHOOD-0063,LH-SRC-LARMAC-STREETS-2019;LH-SRC-OC-ADDRESS-POINTS;LH-SRC-OC-TRACTS,high,3.0,current_geographic_crosswalk_not_historical_lifecycle,"Current address points and 2019 names are joined to the smallest containing County legal-map polygon. This does not establish historical opening, construction, sale, habitability, or occupancy dates.",31 matched current address points; 100.00% of matched neighborhood points.
LH-EDGE-M5-01054,LH-TRACT-16687,RecordedTract,current_address_crosswalk_to,LH-NEIGHBORHOOD-COVENANT-HILLS-LAS-PIEDRAS,CurrentNeighborhood,2026-07-27,,LH-TRACT-NEIGHBORHOOD-0064,LH-SRC-LARMAC-STREETS-2019;LH-SRC-OC-ADDRESS-POINTS;LH-SRC-OC-TRACTS,high,3.0,current_geographic_crosswalk_not_historical_lifecycle,"Current address points and 2019 names are joined to the smallest containing County legal-map polygon. This does not establish historical opening, construction, sale, habitability, or occupancy dates.",35 matched current address points; 100.00% of matched neighborhood points.
LH-EDGE-M5-01055,LH-TRACT-16237,RecordedTract,current_address_crosswalk_to,LH-NEIGHBORHOOD-FLINTRIDGE-LEXINGTON-1,CurrentNeighborhood,2026-07-27,,LH-TRACT-NEIGHBORHOOD-0065,LH-SRC-LARMAC-STREETS-2019;LH-SRC-OC-ADDRESS-POINTS;LH-SRC-OC-TRACTS,high,3.0,current_geographic_crosswalk_not_historical_lifecycle,"Current address points and 2019 names are joined to the smallest containing County legal-map polygon. This does not establish historical opening, construction, sale, habitability, or occupancy dates.",37 matched current address points; 100.00% of matched neighborhood points.
LH-EDGE-M5-01056,LH-TRACT-16241,RecordedTract,current_address_crosswalk_to,LH-NEIGHBORHOOD-ECHO-RIDGE-LEXINGTON-2,CurrentNeighborhood,2026-07-27,,LH-TRACT-NEIGHBORHOOD-0066,LH-SRC-LARMAC-STREETS-2019;LH-SRC-OC-ADDRESS-POINTS;LH-SRC-OC-TRACTS,high,3.0,current_geographic_crosswalk_not_historical_lifecycle,"Current address points and 2019 names are joined to the smallest containing County legal-map polygon. This does not establish historical opening, construction, sale, habitability, or occupancy dates.",43 matched current address points; 100.00% of matched neighborhood points.
LH-EDGE-M5-01057,LH-TRACT-16244,RecordedTract,current_address_crosswalk_to,LH-NEIGHBORHOOD-ECHO-RIDGE-LEXINGTON-3,CurrentNeighborhood,2026-07-27,,LH-TRACT-NEIGHBORHOOD-0067,LH-SRC-LARMAC-STREETS-2019;LH-SRC-OC-ADDRESS-POINTS;LH-SRC-OC-TRACTS,high,3.0,current_geographic_crosswalk_not_historical_lifecycle,"Current address points and 2019 names are joined to the smallest containing County legal-map polygon. This does not establish historical opening, construction, sale, habitability, or occupancy dates.",35 matched current address points; 100.00% of matched neighborhood points.
LH-EDGE-M5-01058,LH-TRACT-15632,RecordedTract,current_address_crosswalk_to,LH-NEIGHBORHOOD-OAK-KNOLL-MAPLEWOOD-1,CurrentNeighborhood,2026-07-27,,LH-TRACT-NEIGHBORHOOD-0068,LH-SRC-LARMAC-STREETS-2019;LH-SRC-OC-ADDRESS-POINTS;LH-SRC-OC-TRACTS,high,3.0,current_geographic_crosswalk_not_historical_lifecycle,"Current address points and 2019 names are joined to the smallest containing County legal-map polygon. This does not establish historical opening, construction, sale, habitability, or occupancy dates.",37 matched current address points; 100.00% of matched neighborhood points.
LH-EDGE-M5-01059,LH-TRACT-15627,RecordedTract,current_address_crosswalk_to,LH-NEIGHBORHOOD-OAK-KNOLL-MAPLEWOOD-2,CurrentNeighborhood,2026-07-27,,LH-TRACT-NEIGHBORHOOD-0069,LH-SRC-LARMAC-STREETS-2019;LH-SRC-OC-ADDRESS-POINTS;LH-SRC-OC-TRACTS,high,3.0,current_geographic_crosswalk_not_historical_lifecycle,"Current address points and 2019 names are joined to the smallest containing County legal-map polygon. This does not establish historical opening, construction, sale, habitability, or occupancy dates.",47 matched current address points; 100.00% of matched neighborhood points.
LH-EDGE-M5-01060,LH-TRACT-16504,RecordedTract,current_address_crosswalk_to,LH-NEIGHBORHOOD-COVENANT-HILLS-MERIDEN-1,CurrentNeighborhood,2026-07-27,,LH-TRACT-NEIGHBORHOOD-0070,LH-SRC-LARMAC-STREETS-2019;LH-SRC-OC-ADDRESS-POINTS;LH-SRC-OC-TRACTS,high,3.0,current_geographic_crosswalk_not_historical_lifecycle,"Current address points and 2019 names are joined to the smallest containing County legal-map polygon. This does not establish historical opening, construction, sale, habitability, or occupancy dates.",36 matched current address points; 100.00% of matched neighborhood points.
LH-EDGE-M5-01061,LH-TRACT-15987,RecordedTract,current_address_crosswalk_to,LH-NEIGHBORHOOD-COVENANT-HILLS-MERIDEN-2,CurrentNeighborhood,2026-07-27,,LH-TRACT-NEIGHBORHOOD-0071,LH-SRC-LARMAC-STREETS-2019;LH-SRC-OC-ADDRESS-POINTS;LH-SRC-OC-TRACTS,medium,3.0,current_geographic_crosswalk_not_historical_lifecycle,"Current address points and 2019 names are joined to the smallest containing County legal-map polygon. This does not establish historical opening, construction, sale, habitability, or occupancy dates.",1 matched current address points; 3.03% of matched neighborhood points.
LH-EDGE-M5-01062,LH-TRACT-16505,RecordedTract,current_address_crosswalk_to,LH-NEIGHBORHOOD-COVENANT-HILLS-MERIDEN-2,CurrentNeighborhood,2026-07-27,,LH-TRACT-NEIGHBORHOOD-0072,LH-SRC-LARMAC-STREETS-2019;LH-SRC-OC-ADDRESS-POINTS;LH-SRC-OC-TRACTS,high,3.0,current_geographic_crosswalk_not_historical_lifecycle,"Current address points and 2019 names are joined to the smallest containing County legal-map polygon. This does not establish historical opening, construction, sale, habitability, or occupancy dates.",32 matched current address points; 96.97% of matched neighborhood points.
LH-EDGE-M5-01063,LH-TRACT-15793,RecordedTract,current_address_crosswalk_to,LH-NEIGHBORHOOD-COVENANT-HILLS-MONTANEZ,CurrentNeighborhood,2026-07-27,,LH-TRACT-NEIGHBORHOOD-0073,LH-SRC-LARMAC-STREETS-2019;LH-SRC-OC-ADDRESS-POINTS;LH-SRC-OC-TRACTS,medium,3.0,current_geographic_crosswalk_not_historical_lifecycle,"Current address points and 2019 names are joined to the smallest containing County legal-map polygon. This does not establish historical opening, construction, sale, habitability, or occupancy dates.",1 matched current address points; 1.64% of matched neighborhood points.
LH-EDGE-M5-01064,LH-TRACT-16473,RecordedTract,current_address_crosswalk_to,LH-NEIGHBORHOOD-COVENANT-HILLS-MONTANEZ,CurrentNeighborhood,2026-07-27,,LH-TRACT-NEIGHBORHOOD-0074,LH-SRC-LARMAC-STREETS-2019;LH-SRC-OC-ADDRESS-POINTS;LH-SRC-OC-TRACTS,high,3.0,current_geographic_crosswalk_not_historical_lifecycle,"Current address points and 2019 names are joined to the smallest containing County legal-map polygon. This does not establish historical opening, construction, sale, habitability, or occupancy dates.",60 matched current address points; 98.36% of matched neighborhood points.
LH-EDGE-M5-01065,LH-TRACT-16349,RecordedTract,current_address_crosswalk_to,LH-NEIGHBORHOOD-TERRAMOR-MOSAIC-1,CurrentNeighborhood,2026-07-27,,LH-TRACT-NEIGHBORHOOD-0075,LH-SRC-LARMAC-STREETS-2019;LH-SRC-OC-ADDRESS-POINTS;LH-SRC-OC-TRACTS,high,3.0,current_geographic_crosswalk_not_historical_lifecycle,"Current address points and 2019 names are joined to the smallest containing County legal-map polygon. This does not establish historical opening, construction, sale, habitability, or occupancy dates.",41 matched current address points; 100.00% of matched neighborhood points.
LH-EDGE-M5-01066,LH-TRACT-16355,RecordedTract,current_address_crosswalk_to,LH-NEIGHBORHOOD-TERRAMOR-MOSAIC-2,CurrentNeighborhood,2026-07-27,,LH-TRACT-NEIGHBORHOOD-0076,LH-SRC-LARMAC-STREETS-2019;LH-SRC-OC-ADDRESS-POINTS;LH-SRC-OC-TRACTS,high,3.0,current_geographic_crosswalk_not_historical_lifecycle,"Current address points and 2019 names are joined to the smallest containing County legal-map polygon. This does not establish historical opening, construction, sale, habitability, or occupancy dates.",41 matched current address points; 100.00% of matched neighborhood points.
LH-EDGE-M5-01067,LH-TRACT-16355,RecordedTract,current_address_crosswalk_to,LH-NEIGHBORHOOD-WYCLIFFE-MOSAIC-2,CurrentNeighborhood,2026-07-27,,LH-TRACT-NEIGHBORHOOD-0077,LH-SRC-LARMAC-STREETS-2019;LH-SRC-OC-ADDRESS-POINTS;LH-SRC-OC-TRACTS,high,3.0,current_geographic_crosswalk_not_historical_lifecycle,"Current address points and 2019 names are joined to the smallest containing County legal-map polygon. This does not establish historical opening, construction, sale, habitability, or occupancy dates.",7 matched current address points; 100.00% of matched neighborhood points.
LH-EDGE-M5-01068,LH-TRACT-16239,RecordedTract,current_address_crosswalk_to,LH-NEIGHBORHOOD-ECHO-RIDGE-POTTERS-BEND,CurrentNeighborhood,2026-07-27,,LH-TRACT-NEIGHBORHOOD-0078,LH-SRC-LARMAC-STREETS-2019;LH-SRC-OC-ADDRESS-POINTS;LH-SRC-OC-TRACTS,high,3.0,current_geographic_crosswalk_not_historical_lifecycle,"Current address points and 2019 names are joined to the smallest containing County legal-map polygon. This does not establish historical opening, construction, sale, habitability, or occupancy dates.",53 matched current address points; 100.00% of matched neighborhood points.
LH-EDGE-M5-01069,LH-TRACT-15621,RecordedTract,current_address_crosswalk_to,LH-NEIGHBORHOOD-OAK-KNOLL-PRESCOTT-1,CurrentNeighborhood,2026-07-27,,LH-TRACT-NEIGHBORHOOD-0079,LH-SRC-LARMAC-STREETS-2019;LH-SRC-OC-ADDRESS-POINTS;LH-SRC-OC-TRACTS,high,3.0,current_geographic_crosswalk_not_historical_lifecycle,"Current address points and 2019 names are joined to the smallest containing County legal-map polygon. This does not establish historical opening, construction, sale, habitability, or occupancy dates.",31 matched current address points; 100.00% of matched neighborhood points.
LH-EDGE-M5-01070,LH-TRACT-15617,RecordedTract,current_address_crosswalk_to,LH-NEIGHBORHOOD-OAK-KNOLL-PRESCOTT-2,CurrentNeighborhood,2026-07-27,,LH-TRACT-NEIGHBORHOOD-0080,LH-SRC-LARMAC-STREETS-2019;LH-SRC-OC-ADDRESS-POINTS;LH-SRC-OC-TRACTS,high,3.0,current_geographic_crosswalk_not_historical_lifecycle,"Current address points and 2019 names are joined to the smallest containing County legal-map polygon. This does not establish historical opening, construction, sale, habitability, or occupancy dates.",15 matched current address points; 100.00% of matched neighborhood points.
LH-EDGE-M5-01071,LH-TRACT-15901,RecordedTract,current_address_crosswalk_to,LH-NEIGHBORHOOD-FLINTRIDGE-RESTON-1,CurrentNeighborhood,2026-07-27,,LH-TRACT-NEIGHBORHOOD-0081,LH-SRC-LARMAC-STREETS-2019;LH-SRC-OC-ADDRESS-POINTS;LH-SRC-OC-TRACTS,high,3.0,current_geographic_crosswalk_not_historical_lifecycle,"Current address points and 2019 names are joined to the smallest containing County legal-map polygon. This does not establish historical opening, construction, sale, habitability, or occupancy dates.",22 matched current address points; 100.00% of matched neighborhood points.
LH-EDGE-M5-01072,LH-TRACT-15902,RecordedTract,current_address_crosswalk_to,LH-NEIGHBORHOOD-FLINTRIDGE-RESTON-2,CurrentNeighborhood,2026-07-27,,LH-TRACT-NEIGHBORHOOD-0082,LH-SRC-LARMAC-STREETS-2019;LH-SRC-OC-ADDRESS-POINTS;LH-SRC-OC-TRACTS,high,3.0,current_geographic_crosswalk_not_historical_lifecycle,"Current address points and 2019 names are joined to the smallest containing County legal-map polygon. This does not establish historical opening, construction, sale, habitability, or occupancy dates.",33 matched current address points; 100.00% of matched neighborhood points.
LH-EDGE-M5-01073,LH-TRACT-15907,RecordedTract,current_address_crosswalk_to,LH-NEIGHBORHOOD-FLINTRIDGE-RESTON-3,CurrentNeighborhood,2026-07-27,,LH-TRACT-NEIGHBORHOOD-0083,LH-SRC-LARMAC-STREETS-2019;LH-SRC-OC-ADDRESS-POINTS;LH-SRC-OC-TRACTS,high,3.0,current_geographic_crosswalk_not_historical_lifecycle,"Current address points and 2019 names are joined to the smallest containing County legal-map polygon. This does not establish historical opening, construction, sale, habitability, or occupancy dates.",28 matched current address points; 100.00% of matched neighborhood points.
LH-EDGE-M5-01074,LH-TRACT-15911,RecordedTract,current_address_crosswalk_to,LH-NEIGHBORHOOD-FLINTRIDGE-RESTON-4,CurrentNeighborhood,2026-07-27,,LH-TRACT-NEIGHBORHOOD-0084,LH-SRC-LARMAC-STREETS-2019;LH-SRC-OC-ADDRESS-POINTS;LH-SRC-OC-TRACTS,high,3.0,current_geographic_crosswalk_not_historical_lifecycle,"Current address points and 2019 names are joined to the smallest containing County legal-map polygon. This does not establish historical opening, construction, sale, habitability, or occupancy dates.",37 matched current address points; 100.00% of matched neighborhood points.
LH-EDGE-M5-01075,LH-TRACT-15985,RecordedTract,current_address_crosswalk_to,LH-NEIGHBORHOOD-AVENDALE-SAN-DONATO,CurrentNeighborhood,2026-07-27,,LH-TRACT-NEIGHBORHOOD-0085,LH-SRC-LARMAC-STREETS-2019;LH-SRC-OC-ADDRESS-POINTS;LH-SRC-OC-TRACTS,high,3.0,current_geographic_crosswalk_not_historical_lifecycle,"Current address points and 2019 names are joined to the smallest containing County legal-map polygon. This does not establish historical opening, construction, sale, habitability, or occupancy dates.",8 matched current address points; 100.00% of matched neighborhood points.
LH-EDGE-M5-01076,LH-TRACT-15985,RecordedTract,current_address_crosswalk_to,LH-NEIGHBORHOOD-COVENANT-HILLS-SAN-DONATO,CurrentNeighborhood,2026-07-27,,LH-TRACT-NEIGHBORHOOD-0086,LH-SRC-LARMAC-STREETS-2019;LH-SRC-OC-ADDRESS-POINTS;LH-SRC-OC-TRACTS,high,3.0,current_geographic_crosswalk_not_historical_lifecycle,"Current address points and 2019 names are joined to the smallest containing County legal-map polygon. This does not establish historical opening, construction, sale, habitability, or occupancy dates.",15 matched current address points; 100.00% of matched neighborhood points.
LH-EDGE-M5-01077,LH-TRACT-16203,RecordedTract,current_address_crosswalk_to,LH-NEIGHBORHOOD-BRIDGEPARK-SANSOVINO,CurrentNeighborhood,2026-07-27,,LH-TRACT-NEIGHBORHOOD-0087,LH-SRC-LARMAC-STREETS-2019;LH-SRC-OC-ADDRESS-POINTS;LH-SRC-OC-TRACTS,high,3.0,current_geographic_crosswalk_not_historical_lifecycle,"Current address points and 2019 names are joined to the smallest containing County legal-map polygon. This does not establish historical opening, construction, sale, habitability, or occupancy dates.",115 matched current address points; 100.00% of matched neighborhood points.
LH-EDGE-M5-01078,LH-TRACT-15629,RecordedTract,current_address_crosswalk_to,LH-NEIGHBORHOOD-OAK-KNOLL-SARASOTA-1,CurrentNeighborhood,2026-07-27,,LH-TRACT-NEIGHBORHOOD-0088,LH-SRC-LARMAC-STREETS-2019;LH-SRC-OC-ADDRESS-POINTS;LH-SRC-OC-TRACTS,high,3.0,current_geographic_crosswalk_not_historical_lifecycle,"Current address points and 2019 names are joined to the smallest containing County legal-map polygon. This does not establish historical opening, construction, sale, habitability, or occupancy dates.",43 matched current address points; 100.00% of matched neighborhood points.
LH-EDGE-M5-01079,LH-TRACT-15631,RecordedTract,current_address_crosswalk_to,LH-NEIGHBORHOOD-OAK-KNOLL-SARASOTA-2,CurrentNeighborhood,2026-07-27,,LH-TRACT-NEIGHBORHOOD-0089,LH-SRC-LARMAC-STREETS-2019;LH-SRC-OC-ADDRESS-POINTS;LH-SRC-OC-TRACTS,high,3.0,current_geographic_crosswalk_not_historical_lifecycle,"Current address points and 2019 names are joined to the smallest containing County legal-map polygon. This does not establish historical opening, construction, sale, habitability, or occupancy dates.",51 matched current address points; 100.00% of matched neighborhood points.
LH-EDGE-M5-01080,LH-TRACT-16105,RecordedTract,current_address_crosswalk_to,LH-NEIGHBORHOOD-AVENDALE-SAVANNAH,CurrentNeighborhood,2026-07-27,,LH-TRACT-NEIGHBORHOOD-0090,LH-SRC-LARMAC-STREETS-2019;LH-SRC-OC-ADDRESS-POINTS;LH-SRC-OC-TRACTS,high,3.0,current_geographic_crosswalk_not_historical_lifecycle,"Current address points and 2019 names are joined to the smallest containing County legal-map polygon. This does not establish historical opening, construction, sale, habitability, or occupancy dates.",83 matched current address points; 91.21% of matched neighborhood points.
LH-EDGE-M5-01081,LH-TRACT-16127,RecordedTract,current_address_crosswalk_to,LH-NEIGHBORHOOD-AVENDALE-SAVANNAH,CurrentNeighborhood,2026-07-27,,LH-TRACT-NEIGHBORHOOD-0091,LH-SRC-LARMAC-STREETS-2019;LH-SRC-OC-ADDRESS-POINTS;LH-SRC-OC-TRACTS,high,3.0,current_geographic_crosswalk_not_historical_lifecycle,"Current address points and 2019 names are joined to the smallest containing County legal-map polygon. This does not establish historical opening, construction, sale, habitability, or occupancy dates.",8 matched current address points; 8.79% of matched neighborhood points.
LH-EDGE-M5-01082,LH-TRACT-16342,RecordedTract,current_address_crosswalk_to,LH-NEIGHBORHOOD-TERRAMOR-SEDONA-1,CurrentNeighborhood,2026-07-27,,LH-TRACT-NEIGHBORHOOD-0092,LH-SRC-LARMAC-STREETS-2019;LH-SRC-OC-ADDRESS-POINTS;LH-SRC-OC-TRACTS,high,3.0,current_geographic_crosswalk_not_historical_lifecycle,"Current address points and 2019 names are joined to the smallest containing County legal-map polygon. This does not establish historical opening, construction, sale, habitability, or occupancy dates.",37 matched current address points; 100.00% of matched neighborhood points.
LH-EDGE-M5-01083,LH-TRACT-16354,RecordedTract,current_address_crosswalk_to,LH-NEIGHBORHOOD-TERRAMOR-SEDONA-2,CurrentNeighborhood,2026-07-27,,LH-TRACT-NEIGHBORHOOD-0093,LH-SRC-LARMAC-STREETS-2019;LH-SRC-OC-ADDRESS-POINTS;LH-SRC-OC-TRACTS,high,3.0,current_geographic_crosswalk_not_historical_lifecycle,"Current address points and 2019 names are joined to the smallest containing County legal-map polygon. This does not establish historical opening, construction, sale, habitability, or occupancy dates.",43 matched current address points; 100.00% of matched neighborhood points.
LH-EDGE-M5-01084,LH-TRACT-16472,RecordedTract,current_address_crosswalk_to,LH-NEIGHBORHOOD-COVENANT-HILLS-SEGOVIA,CurrentNeighborhood,2026-07-27,,LH-TRACT-NEIGHBORHOOD-0094,LH-SRC-LARMAC-STREETS-2019;LH-SRC-OC-ADDRESS-POINTS;LH-SRC-OC-TRACTS,high,3.0,current_geographic_crosswalk_not_historical_lifecycle,"Current address points and 2019 names are joined to the smallest containing County legal-map polygon. This does not establish historical opening, construction, sale, habitability, or occupancy dates.",68 matched current address points; 100.00% of matched neighborhood points.
LH-EDGE-M5-01085,LH-TRACT-15616,RecordedTract,current_address_crosswalk_to,LH-NEIGHBORHOOD-OAK-KNOLL-SHADY-LANE,CurrentNeighborhood,2026-07-27,,LH-TRACT-NEIGHBORHOOD-0095,LH-SRC-LARMAC-STREETS-2019;LH-SRC-OC-ADDRESS-POINTS;LH-SRC-OC-TRACTS,high,3.0,current_geographic_crosswalk_not_historical_lifecycle,"Current address points and 2019 names are joined to the smallest containing County legal-map polygon. This does not establish historical opening, construction, sale, habitability, or occupancy dates.",56 matched current address points; 100.00% of matched neighborhood points.
LH-EDGE-M5-01086,LH-TRACT-16388,RecordedTract,current_address_crosswalk_to,LH-NEIGHBORHOOD-COVENANT-HILLS-SHERBORNE-1,CurrentNeighborhood,2026-07-27,,LH-TRACT-NEIGHBORHOOD-0096,LH-SRC-LARMAC-STREETS-2019;LH-SRC-OC-ADDRESS-POINTS;LH-SRC-OC-TRACTS,high,3.0,current_geographic_crosswalk_not_historical_lifecycle,"Current address points and 2019 names are joined to the smallest containing County legal-map polygon. This does not establish historical opening, construction, sale, habitability, or occupancy dates.",29 matched current address points; 100.00% of matched neighborhood points.
LH-EDGE-M5-01087,LH-TRACT-16387,RecordedTract,current_address_crosswalk_to,LH-NEIGHBORHOOD-COVENANT-HILLS-SHERBORNE-2,CurrentNeighborhood,2026-07-27,,LH-TRACT-NEIGHBORHOOD-0097,LH-SRC-LARMAC-STREETS-2019;LH-SRC-OC-ADDRESS-POINTS;LH-SRC-OC-TRACTS,high,3.0,current_geographic_crosswalk_not_historical_lifecycle,"Current address points and 2019 names are joined to the smallest containing County legal-map polygon. This does not establish historical opening, construction, sale, habitability, or occupancy dates.",26 matched current address points; 100.00% of matched neighborhood points.
LH-EDGE-M5-01088,LH-TRACT-16389,RecordedTract,current_address_crosswalk_to,LH-NEIGHBORHOOD-COVENANT-HILLS-SKYE-ISLE-1-3,CurrentNeighborhood,2026-07-27,,LH-TRACT-NEIGHBORHOOD-0098,LH-SRC-LARMAC-STREETS-2019;LH-SRC-OC-ADDRESS-POINTS;LH-SRC-OC-TRACTS,high,3.0,current_geographic_crosswalk_not_historical_lifecycle,"Current address points and 2019 names are joined to the smallest containing County legal-map polygon. This does not establish historical opening, construction, sale, habitability, or occupancy dates.",15 matched current address points; 50.00% of matched neighborhood points.
LH-EDGE-M5-01089,LH-TRACT-16414,RecordedTract,current_address_crosswalk_to,LH-NEIGHBORHOOD-COVENANT-HILLS-SKYE-ISLE-1-3,CurrentNeighborhood,2026-07-27,,LH-TRACT-NEIGHBORHOOD-0099,LH-SRC-LARMAC-STREETS-2019;LH-SRC-OC-ADDRESS-POINTS;LH-SRC-OC-TRACTS,high,3.0,current_geographic_crosswalk_not_historical_lifecycle,"Current address points and 2019 names are joined to the smallest containing County legal-map polygon. This does not establish historical opening, construction, sale, habitability, or occupancy dates.",15 matched current address points; 50.00% of matched neighborhood points.
LH-EDGE-M5-01090,LH-TRACT-16390,RecordedTract,current_address_crosswalk_to,LH-NEIGHBORHOOD-COVENANT-HILLS-SKYE-ISLE-2,CurrentNeighborhood,2026-07-27,,LH-TRACT-NEIGHBORHOOD-0100,LH-SRC-LARMAC-STREETS-2019;LH-SRC-OC-ADDRESS-POINTS;LH-SRC-OC-TRACTS,high,3.0,current_geographic_crosswalk_not_historical_lifecycle,"Current address points and 2019 names are joined to the smallest containing County legal-map polygon. This does not establish historical opening, construction, sale, habitability, or occupancy dates.",31 matched current address points; 100.00% of matched neighborhood points.
LH-EDGE-M5-01091,LH-TRACT-16025,RecordedTract,current_address_crosswalk_to,LH-NEIGHBORHOOD-AVENDALE-ST-MAYS-ROAD,CurrentNeighborhood,2026-07-27,,LH-TRACT-NEIGHBORHOOD-0101,LH-SRC-LARMAC-STREETS-2019;LH-SRC-OC-ADDRESS-POINTS;LH-SRC-OC-TRACTS,high,3.0,current_geographic_crosswalk_not_historical_lifecycle,"Current address points and 2019 names are joined to the smallest containing County legal-map polygon. This does not establish historical opening, construction, sale, habitability, or occupancy dates.",24 matched current address points; 29.63% of matched neighborhood points.
LH-EDGE-M5-01092,LH-TRACT-16155,RecordedTract,current_address_crosswalk_to,LH-NEIGHBORHOOD-AVENDALE-ST-MAYS-ROAD,CurrentNeighborhood,2026-07-27,,LH-TRACT-NEIGHBORHOOD-0102,LH-SRC-LARMAC-STREETS-2019;LH-SRC-OC-ADDRESS-POINTS;LH-SRC-OC-TRACTS,high,3.0,current_geographic_crosswalk_not_historical_lifecycle,"Current address points and 2019 names are joined to the smallest containing County legal-map polygon. This does not establish historical opening, construction, sale, habitability, or occupancy dates.",56 matched current address points; 69.14% of matched neighborhood points.
LH-EDGE-M5-01093,LH-TRACT-16157,RecordedTract,current_address_crosswalk_to,LH-NEIGHBORHOOD-AVENDALE-ST-MAYS-ROAD,CurrentNeighborhood,2026-07-27,,LH-TRACT-NEIGHBORHOOD-0103,LH-SRC-LARMAC-STREETS-2019;LH-SRC-OC-ADDRESS-POINTS;LH-SRC-OC-TRACTS,medium,3.0,current_geographic_crosswalk_not_historical_lifecycle,"Current address points and 2019 names are joined to the smallest containing County legal-map polygon. This does not establish historical opening, construction, sale, habitability, or occupancy dates.",1 matched current address points; 1.23% of matched neighborhood points.
LH-EDGE-M5-01094,LH-TRACT-16101,RecordedTract,current_address_crosswalk_to,LH-NEIGHBORHOOD-AVENDALE-STERLING-GLEN-1,CurrentNeighborhood,2026-07-27,,LH-TRACT-NEIGHBORHOOD-0104,LH-SRC-LARMAC-STREETS-2019;LH-SRC-OC-ADDRESS-POINTS;LH-SRC-OC-TRACTS,high,3.0,current_geographic_crosswalk_not_historical_lifecycle,"Current address points and 2019 names are joined to the smallest containing County legal-map polygon. This does not establish historical opening, construction, sale, habitability, or occupancy dates.",21 matched current address points; 100.00% of matched neighborhood points.
LH-EDGE-M5-01095,LH-TRACT-16118,RecordedTract,current_address_crosswalk_to,LH-NEIGHBORHOOD-AVENDALE-STERLING-GLEN-2,CurrentNeighborhood,2026-07-27,,LH-TRACT-NEIGHBORHOOD-0105,LH-SRC-LARMAC-STREETS-2019;LH-SRC-OC-ADDRESS-POINTS;LH-SRC-OC-TRACTS,high,3.0,current_geographic_crosswalk_not_historical_lifecycle,"Current address points and 2019 names are joined to the smallest containing County legal-map polygon. This does not establish historical opening, construction, sale, habitability, or occupancy dates.",48 matched current address points; 100.00% of matched neighborhood points.
LH-EDGE-M5-01096,LH-TRACT-16120,RecordedTract,current_address_crosswalk_to,LH-NEIGHBORHOOD-AVENDALE-SUMNERS-WAY-1,CurrentNeighborhood,2026-07-27,,LH-TRACT-NEIGHBORHOOD-0106,LH-SRC-LARMAC-STREETS-2019;LH-SRC-OC-ADDRESS-POINTS;LH-SRC-OC-TRACTS,high,3.0,current_geographic_crosswalk_not_historical_lifecycle,"Current address points and 2019 names are joined to the smallest containing County legal-map polygon. This does not establish historical opening, construction, sale, habitability, or occupancy dates.",29 matched current address points; 100.00% of matched neighborhood points.
LH-EDGE-M5-01097,LH-TRACT-16122,RecordedTract,current_address_crosswalk_to,LH-NEIGHBORHOOD-AVENDALE-SUMNERS-WAY-2,CurrentNeighborhood,2026-07-27,,LH-TRACT-NEIGHBORHOOD-0107,LH-SRC-LARMAC-STREETS-2019;LH-SRC-OC-ADDRESS-POINTS;LH-SRC-OC-TRACTS,high,3.0,current_geographic_crosswalk_not_historical_lifecycle,"Current address points and 2019 names are joined to the smallest containing County legal-map polygon. This does not establish historical opening, construction, sale, habitability, or occupancy dates.",29 matched current address points; 100.00% of matched neighborhood points.
LH-EDGE-M5-01098,LH-TRACT-16249,RecordedTract,current_address_crosswalk_to,LH-NEIGHBORHOOD-WYCLIFFE-SURREY-FARMS-1,CurrentNeighborhood,2026-07-27,,LH-TRACT-NEIGHBORHOOD-0108,LH-SRC-LARMAC-STREETS-2019;LH-SRC-OC-ADDRESS-POINTS;LH-SRC-OC-TRACTS,high,3.0,current_geographic_crosswalk_not_historical_lifecycle,"Current address points and 2019 names are joined to the smallest containing County legal-map polygon. This does not establish historical opening, construction, sale, habitability, or occupancy dates.",66 matched current address points; 100.00% of matched neighborhood points.
LH-EDGE-M5-01099,LH-TRACT-16248,RecordedTract,current_address_crosswalk_to,LH-NEIGHBORHOOD-WYCLIFFE-SURREY-FARMS-2,CurrentNeighborhood,2026-07-27,,LH-TRACT-NEIGHBORHOOD-0109,LH-SRC-LARMAC-STREETS-2019;LH-SRC-OC-ADDRESS-POINTS;LH-SRC-OC-TRACTS,high,3.0,current_geographic_crosswalk_not_historical_lifecycle,"Current address points and 2019 names are joined to the smallest containing County legal-map polygon. This does not establish historical opening, construction, sale, habitability, or occupancy dates.",34 matched current address points; 100.00% of matched neighborhood points.
LH-EDGE-M5-01100,LH-TRACT-16271,RecordedTract,current_address_crosswalk_to,LH-NEIGHBORHOOD-TERRAMOR-SUTTER-S-MILL,CurrentNeighborhood,2026-07-27,,LH-TRACT-NEIGHBORHOOD-0110,LH-SRC-LARMAC-STREETS-2019;LH-SRC-OC-ADDRESS-POINTS;LH-SRC-OC-TRACTS,high,3.0,current_geographic_crosswalk_not_historical_lifecycle,"Current address points and 2019 names are joined to the smallest containing County legal-map polygon. This does not establish historical opening, construction, sale, habitability, or occupancy dates.",73 matched current address points; 100.00% of matched neighborhood points.
LH-EDGE-M5-01101,LH-TRACT-16341,RecordedTract,current_address_crosswalk_to,LH-NEIGHBORHOOD-AVENDALE-SUTTERS-MILL,CurrentNeighborhood,2026-07-27,,LH-TRACT-NEIGHBORHOOD-0111,LH-SRC-LARMAC-STREETS-2019;LH-SRC-OC-ADDRESS-POINTS;LH-SRC-OC-TRACTS,high,3.0,current_geographic_crosswalk_not_historical_lifecycle,"Current address points and 2019 names are joined to the smallest containing County legal-map polygon. This does not establish historical opening, construction, sale, habitability, or occupancy dates.",38 matched current address points; 100.00% of matched neighborhood points.
LH-EDGE-M5-01102,LH-TRACT-16341,RecordedTract,current_address_crosswalk_to,LH-NEIGHBORHOOD-TERRAMOR-SUTTERS-MILL,CurrentNeighborhood,2026-07-27,,LH-TRACT-NEIGHBORHOOD-0112,LH-SRC-LARMAC-STREETS-2019;LH-SRC-OC-ADDRESS-POINTS;LH-SRC-OC-TRACTS,high,3.0,current_geographic_crosswalk_not_historical_lifecycle,"Current address points and 2019 names are joined to the smallest containing County legal-map polygon. This does not establish historical opening, construction, sale, habitability, or occupancy dates.",49 matched current address points; 100.00% of matched neighborhood points.
LH-EDGE-M5-01103,LH-TRACT-15615,RecordedTract,current_address_crosswalk_to,LH-NEIGHBORHOOD-OAK-KNOLL-SYCAMORE-GROVE,CurrentNeighborhood,2026-07-27,,LH-TRACT-NEIGHBORHOOD-0113,LH-SRC-LARMAC-STREETS-2019;LH-SRC-OC-ADDRESS-POINTS;LH-SRC-OC-TRACTS,high,3.0,current_geographic_crosswalk_not_historical_lifecycle,"Current address points and 2019 names are joined to the smallest containing County legal-map polygon. This does not establish historical opening, construction, sale, habitability, or occupancy dates.",106 matched current address points; 100.00% of matched neighborhood points.
LH-EDGE-M5-01104,LH-TRACT-16240,RecordedTract,current_address_crosswalk_to,LH-NEIGHBORHOOD-ECHO-RIDGE-SYLVAN-OAKS,CurrentNeighborhood,2026-07-27,,LH-TRACT-NEIGHBORHOOD-0114,LH-SRC-LARMAC-STREETS-2019;LH-SRC-OC-ADDRESS-POINTS;LH-SRC-OC-TRACTS,high,3.0,current_geographic_crosswalk_not_historical_lifecycle,"Current address points and 2019 names are joined to the smallest containing County legal-map polygon. This does not establish historical opening, construction, sale, habitability, or occupancy dates.",63 matched current address points; 100.00% of matched neighborhood points.
LH-EDGE-M5-01105,LH-TRACT-16240,RecordedTract,current_address_crosswalk_to,LH-NEIGHBORHOOD-TOWNSHIP-SYLVAN-OAKS,CurrentNeighborhood,2026-07-27,,LH-TRACT-NEIGHBORHOOD-0115,LH-SRC-LARMAC-STREETS-2019;LH-SRC-OC-ADDRESS-POINTS;LH-SRC-OC-TRACTS,high,3.0,current_geographic_crosswalk_not_historical_lifecycle,"Current address points and 2019 names are joined to the smallest containing County legal-map polygon. This does not establish historical opening, construction, sale, habitability, or occupancy dates.",6 matched current address points; 100.00% of matched neighborhood points.
LH-EDGE-M5-01106,LH-TRACT-16246,RecordedTract,current_address_crosswalk_to,LH-NEIGHBORHOOD-ECHO-RIDGE-TAMARIND-1,CurrentNeighborhood,2026-07-27,,LH-TRACT-NEIGHBORHOOD-0116,LH-SRC-LARMAC-STREETS-2019;LH-SRC-OC-ADDRESS-POINTS;LH-SRC-OC-TRACTS,high,3.0,current_geographic_crosswalk_not_historical_lifecycle,"Current address points and 2019 names are joined to the smallest containing County legal-map polygon. This does not establish historical opening, construction, sale, habitability, or occupancy dates.",31 matched current address points; 100.00% of matched neighborhood points.
LH-EDGE-M5-01107,LH-TRACT-16238,RecordedTract,current_address_crosswalk_to,LH-NEIGHBORHOOD-FLINTRIDGE-TAMARIND-1,CurrentNeighborhood,2026-07-27,,LH-TRACT-NEIGHBORHOOD-0117,LH-SRC-LARMAC-STREETS-2019;LH-SRC-OC-ADDRESS-POINTS;LH-SRC-OC-TRACTS,high,3.0,current_geographic_crosswalk_not_historical_lifecycle,"Current address points and 2019 names are joined to the smallest containing County legal-map polygon. This does not establish historical opening, construction, sale, habitability, or occupancy dates.",55 matched current address points; 100.00% of matched neighborhood points.
LH-EDGE-M5-01108,LH-TRACT-16246,RecordedTract,current_address_crosswalk_to,LH-NEIGHBORHOOD-ECHO-RIDGE-TAMARIND-2,CurrentNeighborhood,2026-07-27,,LH-TRACT-NEIGHBORHOOD-0118,LH-SRC-LARMAC-STREETS-2019;LH-SRC-OC-ADDRESS-POINTS;LH-SRC-OC-TRACTS,high,3.0,current_geographic_crosswalk_not_historical_lifecycle,"Current address points and 2019 names are joined to the smallest containing County legal-map polygon. This does not establish historical opening, construction, sale, habitability, or occupancy dates.",19 matched current address points; 100.00% of matched neighborhood points.
LH-EDGE-M5-01109,LH-TRACT-16341,RecordedTract,current_address_crosswalk_to,LH-NEIGHBORHOOD-TERRAMOR-TARLETON-1,CurrentNeighborhood,2026-07-27,,LH-TRACT-NEIGHBORHOOD-0119,LH-SRC-LARMAC-STREETS-2019;LH-SRC-OC-ADDRESS-POINTS;LH-SRC-OC-TRACTS,high,3.0,current_geographic_crosswalk_not_historical_lifecycle,"Current address points and 2019 names are joined to the smallest containing County legal-map polygon. This does not establish historical opening, construction, sale, habitability, or occupancy dates.",34 matched current address points; 100.00% of matched neighborhood points.
LH-EDGE-M5-01110,LH-TRACT-16271,RecordedTract,current_address_crosswalk_to,LH-NEIGHBORHOOD-AVENDALE-TARLETON-2,CurrentNeighborhood,2026-07-27,,LH-TRACT-NEIGHBORHOOD-0120,LH-SRC-LARMAC-STREETS-2019;LH-SRC-OC-ADDRESS-POINTS;LH-SRC-OC-TRACTS,high,3.0,current_geographic_crosswalk_not_historical_lifecycle,"Current address points and 2019 names are joined to the smallest containing County legal-map polygon. This does not establish historical opening, construction, sale, habitability, or occupancy dates.",8 matched current address points; 100.00% of matched neighborhood points.
LH-EDGE-M5-01111,LH-TRACT-16271,RecordedTract,current_address_crosswalk_to,LH-NEIGHBORHOOD-TERRAMOR-TARLETON-2,CurrentNeighborhood,2026-07-27,,LH-TRACT-NEIGHBORHOOD-0121,LH-SRC-LARMAC-STREETS-2019;LH-SRC-OC-ADDRESS-POINTS;LH-SRC-OC-TRACTS,high,3.0,current_geographic_crosswalk_not_historical_lifecycle,"Current address points and 2019 names are joined to the smallest containing County legal-map polygon. This does not establish historical opening, construction, sale, habitability, or occupancy dates.",21 matched current address points; 100.00% of matched neighborhood points.
LH-EDGE-M5-01112,LH-TRACT-16236,RecordedTract,current_address_crosswalk_to,LH-NEIGHBORHOOD-FLINTRIDGE-TATTERSHALL-1,CurrentNeighborhood,2026-07-27,,LH-TRACT-NEIGHBORHOOD-0122,LH-SRC-LARMAC-STREETS-2019;LH-SRC-OC-ADDRESS-POINTS;LH-SRC-OC-TRACTS,high,3.0,current_geographic_crosswalk_not_historical_lifecycle,"Current address points and 2019 names are joined to the smallest containing County legal-map polygon. This does not establish historical opening, construction, sale, habitability, or occupancy dates.",50 matched current address points; 100.00% of matched neighborhood points.
LH-EDGE-M5-01113,LH-TRACT-16236,RecordedTract,current_address_crosswalk_to,LH-NEIGHBORHOOD-VILLAGE-4-TATTERSHALL-1,CurrentNeighborhood,2026-07-27,,LH-TRACT-NEIGHBORHOOD-0123,LH-SRC-LARMAC-STREETS-2019;LH-SRC-OC-ADDRESS-POINTS;LH-SRC-OC-TRACTS,high,3.0,current_geographic_crosswalk_not_historical_lifecycle,"Current address points and 2019 names are joined to the smallest containing County legal-map polygon. This does not establish historical opening, construction, sale, habitability, or occupancy dates.",18 matched current address points; 100.00% of matched neighborhood points.
LH-EDGE-M5-01114,LH-TRACT-16104,RecordedTract,current_address_crosswalk_to,LH-NEIGHBORHOOD-AVENDALE-TETHER-MOON-1,CurrentNeighborhood,2026-07-27,,LH-TRACT-NEIGHBORHOOD-0124,LH-SRC-LARMAC-STREETS-2019;LH-SRC-OC-ADDRESS-POINTS;LH-SRC-OC-TRACTS,high,3.0,current_geographic_crosswalk_not_historical_lifecycle,"Current address points and 2019 names are joined to the smallest containing County legal-map polygon. This does not establish historical opening, construction, sale, habitability, or occupancy dates.",72 matched current address points; 100.00% of matched neighborhood points.
LH-EDGE-M5-01115,LH-TRACT-16114,RecordedTract,current_address_crosswalk_to,LH-NEIGHBORHOOD-AVENDALE-TETHER-MOON-2,CurrentNeighborhood,2026-07-27,,LH-TRACT-NEIGHBORHOOD-0125,LH-SRC-LARMAC-STREETS-2019;LH-SRC-OC-ADDRESS-POINTS;LH-SRC-OC-TRACTS,high,3.0,current_geographic_crosswalk_not_historical_lifecycle,"Current address points and 2019 names are joined to the smallest containing County legal-map polygon. This does not establish historical opening, construction, sale, habitability, or occupancy dates.",35 matched current address points; 100.00% of matched neighborhood points.
LH-EDGE-M5-01116,LH-TRACT-15888,RecordedTract,current_address_crosswalk_to,LH-NEIGHBORHOOD-FLINTRIDGE-THE-GABLES-1,CurrentNeighborhood,2026-07-27,,LH-TRACT-NEIGHBORHOOD-0126,LH-SRC-LARMAC-STREETS-2019;LH-SRC-OC-ADDRESS-POINTS;LH-SRC-OC-TRACTS,high,3.0,current_geographic_crosswalk_not_historical_lifecycle,"Current address points and 2019 names are joined to the smallest containing County legal-map polygon. This does not establish historical opening, construction, sale, habitability, or occupancy dates.",6 matched current address points; 100.00% of matched neighborhood points.
LH-EDGE-M5-01117,LH-TRACT-15888,RecordedTract,current_address_crosswalk_to,LH-NEIGHBORHOOD-TOWNSHIP-THE-GABLES-1,CurrentNeighborhood,2026-07-27,,LH-TRACT-NEIGHBORHOOD-0127,LH-SRC-LARMAC-STREETS-2019;LH-SRC-OC-ADDRESS-POINTS;LH-SRC-OC-TRACTS,high,3.0,current_geographic_crosswalk_not_historical_lifecycle,"Current address points and 2019 names are joined to the smallest containing County legal-map polygon. This does not establish historical opening, construction, sale, habitability, or occupancy dates.",33 matched current address points; 100.00% of matched neighborhood points.
LH-EDGE-M5-01118,LH-TRACT-15886,RecordedTract,current_address_crosswalk_to,LH-NEIGHBORHOOD-FLINTRIDGE-THE-GABLES-2,CurrentNeighborhood,2026-07-27,,LH-TRACT-NEIGHBORHOOD-0128,LH-SRC-LARMAC-STREETS-2019;LH-SRC-OC-ADDRESS-POINTS;LH-SRC-OC-TRACTS,high,3.0,current_geographic_crosswalk_not_historical_lifecycle,"Current address points and 2019 names are joined to the smallest containing County legal-map polygon. This does not establish historical opening, construction, sale, habitability, or occupancy dates.",14 matched current address points; 100.00% of matched neighborhood points.
LH-EDGE-M5-01119,LH-TRACT-15884,RecordedTract,current_address_crosswalk_to,LH-NEIGHBORHOOD-TOWNSHIP-THE-GABLES-2,CurrentNeighborhood,2026-07-27,,LH-TRACT-NEIGHBORHOOD-0129,LH-SRC-LARMAC-STREETS-2019;LH-SRC-OC-ADDRESS-POINTS;LH-SRC-OC-TRACTS,high,3.0,current_geographic_crosswalk_not_historical_lifecycle,"Current address points and 2019 names are joined to the smallest containing County legal-map polygon. This does not establish historical opening, construction, sale, habitability, or occupancy dates.",206 matched current address points; 84.77% of matched neighborhood points.
LH-EDGE-M5-01120,LH-TRACT-15886,RecordedTract,current_address_crosswalk_to,LH-NEIGHBORHOOD-TOWNSHIP-THE-GABLES-2,CurrentNeighborhood,2026-07-27,,LH-TRACT-NEIGHBORHOOD-0130,LH-SRC-LARMAC-STREETS-2019;LH-SRC-OC-ADDRESS-POINTS;LH-SRC-OC-TRACTS,high,3.0,current_geographic_crosswalk_not_historical_lifecycle,"Current address points and 2019 names are joined to the smallest containing County legal-map polygon. This does not establish historical opening, construction, sale, habitability, or occupancy dates.",37 matched current address points; 15.23% of matched neighborhood points.
LH-EDGE-M5-01121,LH-TRACT-15630,RecordedTract,current_address_crosswalk_to,LH-NEIGHBORHOOD-OAK-KNOLL-THE-TRAILS,CurrentNeighborhood,2026-07-27,,LH-TRACT-NEIGHBORHOOD-0131,LH-SRC-LARMAC-STREETS-2019;LH-SRC-OC-ADDRESS-POINTS;LH-SRC-OC-TRACTS,high,3.0,current_geographic_crosswalk_not_historical_lifecycle,"Current address points and 2019 names are joined to the smallest containing County legal-map polygon. This does not establish historical opening, construction, sale, habitability, or occupancy dates.",118 matched current address points; 100.00% of matched neighborhood points.
LH-EDGE-M5-01122,LH-TRACT-15885,RecordedTract,current_address_crosswalk_to,LH-NEIGHBORHOOD-TOWNSHIP-THREE-VINES,CurrentNeighborhood,2026-07-27,,LH-TRACT-NEIGHBORHOOD-0132,LH-SRC-LARMAC-STREETS-2019;LH-SRC-OC-ADDRESS-POINTS;LH-SRC-OC-TRACTS,high,3.0,current_geographic_crosswalk_not_historical_lifecycle,"Current address points and 2019 names are joined to the smallest containing County legal-map polygon. This does not establish historical opening, construction, sale, habitability, or occupancy dates.",90 matched current address points; 100.00% of matched neighborhood points.
LH-EDGE-M5-01123,LH-TRACT-16242,RecordedTract,current_address_crosswalk_to,LH-NEIGHBORHOOD-ECHO-RIDGE-TRAIL-RIDGE-1,CurrentNeighborhood,2026-07-27,,LH-TRACT-NEIGHBORHOOD-0133,LH-SRC-LARMAC-STREETS-2019;LH-SRC-OC-ADDRESS-POINTS;LH-SRC-OC-TRACTS,high,3.0,current_geographic_crosswalk_not_historical_lifecycle,"Current address points and 2019 names are joined to the smallest containing County legal-map polygon. This does not establish historical opening, construction, sale, habitability, or occupancy dates.",37 matched current address points; 100.00% of matched neighborhood points.
LH-EDGE-M5-01124,LH-TRACT-16245,RecordedTract,current_address_crosswalk_to,LH-NEIGHBORHOOD-ECHO-RIDGE-TRAIL-RIDGE-2,CurrentNeighborhood,2026-07-27,,LH-TRACT-NEIGHBORHOOD-0134,LH-SRC-LARMAC-STREETS-2019;LH-SRC-OC-ADDRESS-POINTS;LH-SRC-OC-TRACTS,high,3.0,current_geographic_crosswalk_not_historical_lifecycle,"Current address points and 2019 names are joined to the smallest containing County legal-map polygon. This does not establish historical opening, construction, sale, habitability, or occupancy dates.",63 matched current address points; 100.00% of matched neighborhood points.
LH-EDGE-M5-01125,LH-TRACT-16341,RecordedTract,current_address_crosswalk_to,LH-NEIGHBORHOOD-TERRAMOR-VALMONT,CurrentNeighborhood,2026-07-27,,LH-TRACT-NEIGHBORHOOD-0135,LH-SRC-LARMAC-STREETS-2019;LH-SRC-OC-ADDRESS-POINTS;LH-SRC-OC-TRACTS,high,3.0,current_geographic_crosswalk_not_historical_lifecycle,"Current address points and 2019 names are joined to the smallest containing County legal-map polygon. This does not establish historical opening, construction, sale, habitability, or occupancy dates.",145 matched current address points; 100.00% of matched neighborhood points.
LH-EDGE-M5-01126,LH-TRACT-16347,RecordedTract,current_address_crosswalk_to,LH-NEIGHBORHOOD-TERRAMOR-WALDEN-PARK-1,CurrentNeighborhood,2026-07-27,,LH-TRACT-NEIGHBORHOOD-0136,LH-SRC-LARMAC-STREETS-2019;LH-SRC-OC-ADDRESS-POINTS;LH-SRC-OC-TRACTS,high,3.0,current_geographic_crosswalk_not_historical_lifecycle,"Current address points and 2019 names are joined to the smallest containing County legal-map polygon. This does not establish historical opening, construction, sale, habitability, or occupancy dates.",65 matched current address points; 100.00% of matched neighborhood points.
LH-EDGE-M5-01127,LH-TRACT-16353,RecordedTract,current_address_crosswalk_to,LH-NEIGHBORHOOD-TERRAMOR-WALDEN-PARK-2,CurrentNeighborhood,2026-07-27,,LH-TRACT-NEIGHBORHOOD-0137,LH-SRC-LARMAC-STREETS-2019;LH-SRC-OC-ADDRESS-POINTS;LH-SRC-OC-TRACTS,high,3.0,current_geographic_crosswalk_not_historical_lifecycle,"Current address points and 2019 names are joined to the smallest containing County legal-map polygon. This does not establish historical opening, construction, sale, habitability, or occupancy dates.",12 matched current address points; 100.00% of matched neighborhood points.
LH-EDGE-M5-01128,LH-TRACT-16116,RecordedTract,current_address_crosswalk_to,LH-NEIGHBORHOOD-AVENDALE-WEATHERHAVEN,CurrentNeighborhood,2026-07-27,,LH-TRACT-NEIGHBORHOOD-0138,LH-SRC-LARMAC-STREETS-2019;LH-SRC-OC-ADDRESS-POINTS;LH-SRC-OC-TRACTS,high,3.0,current_geographic_crosswalk_not_historical_lifecycle,"Current address points and 2019 names are joined to the smallest containing County legal-map polygon. This does not establish historical opening, construction, sale, habitability, or occupancy dates.",72 matched current address points; 100.00% of matched neighborhood points.
LH-EDGE-M5-01129,LH-TRACT-15915,RecordedTract,current_address_crosswalk_to,LH-NEIGHBORHOOD-BRIDGEPARK-WESTCOTT-1,CurrentNeighborhood,2026-07-27,,LH-TRACT-NEIGHBORHOOD-0139,LH-SRC-LARMAC-STREETS-2019;LH-SRC-OC-ADDRESS-POINTS;LH-SRC-OC-TRACTS,high,3.0,current_geographic_crosswalk_not_historical_lifecycle,"Current address points and 2019 names are joined to the smallest containing County legal-map polygon. This does not establish historical opening, construction, sale, habitability, or occupancy dates.",61 matched current address points; 100.00% of matched neighborhood points.
LH-EDGE-M5-01130,LH-TRACT-15914,RecordedTract,current_address_crosswalk_to,LH-NEIGHBORHOOD-BRIDGEPARK-WESTCOTT-2,CurrentNeighborhood,2026-07-27,,LH-TRACT-NEIGHBORHOOD-0140,LH-SRC-LARMAC-STREETS-2019;LH-SRC-OC-ADDRESS-POINTS;LH-SRC-OC-TRACTS,high,3.0,current_geographic_crosswalk_not_historical_lifecycle,"Current address points and 2019 names are joined to the smallest containing County legal-map polygon. This does not establish historical opening, construction, sale, habitability, or occupancy dates.",18 matched current address points; 100.00% of matched neighborhood points.
LH-EDGE-M5-01131,LH-TRACT-15628,RecordedTract,current_address_crosswalk_to,LH-NEIGHBORHOOD-OAK-KNOLL-WHISPERING-CREEK-1,CurrentNeighborhood,2026-07-27,,LH-TRACT-NEIGHBORHOOD-0141,LH-SRC-LARMAC-STREETS-2019;LH-SRC-OC-ADDRESS-POINTS;LH-SRC-OC-TRACTS,high,3.0,current_geographic_crosswalk_not_historical_lifecycle,"Current address points and 2019 names are joined to the smallest containing County legal-map polygon. This does not establish historical opening, construction, sale, habitability, or occupancy dates.",42 matched current address points; 100.00% of matched neighborhood points.
LH-EDGE-M5-01132,LH-TRACT-15622,RecordedTract,current_address_crosswalk_to,LH-NEIGHBORHOOD-OAK-KNOLL-WHISPERING-CREEK-2,CurrentNeighborhood,2026-07-27,,LH-TRACT-NEIGHBORHOOD-0142,LH-SRC-LARMAC-STREETS-2019;LH-SRC-OC-ADDRESS-POINTS;LH-SRC-OC-TRACTS,high,3.0,current_geographic_crosswalk_not_historical_lifecycle,"Current address points and 2019 names are joined to the smallest containing County legal-map polygon. This does not establish historical opening, construction, sale, habitability, or occupancy dates.",64 matched current address points; 100.00% of matched neighborhood points.
LH-EDGE-M5-01133,LH-TRACT-16102,RecordedTract,current_address_crosswalk_to,LH-NEIGHBORHOOD-AVENDALE-WILLOW-BEND-1,CurrentNeighborhood,2026-07-27,,LH-TRACT-NEIGHBORHOOD-0143,LH-SRC-LARMAC-STREETS-2019;LH-SRC-OC-ADDRESS-POINTS;LH-SRC-OC-TRACTS,high,3.0,current_geographic_crosswalk_not_historical_lifecycle,"Current address points and 2019 names are joined to the smallest containing County legal-map polygon. This does not establish historical opening, construction, sale, habitability, or occupancy dates.",41 matched current address points; 100.00% of matched neighborhood points.
LH-EDGE-M5-01134,LH-TRACT-16119,RecordedTract,current_address_crosswalk_to,LH-NEIGHBORHOOD-AVENDALE-WILLOW-BEND-2,CurrentNeighborhood,2026-07-27,,LH-TRACT-NEIGHBORHOOD-0144,LH-SRC-LARMAC-STREETS-2019;LH-SRC-OC-ADDRESS-POINTS;LH-SRC-OC-TRACTS,high,3.0,current_geographic_crosswalk_not_historical_lifecycle,"Current address points and 2019 names are joined to the smallest containing County legal-map polygon. This does not establish historical opening, construction, sale, habitability, or occupancy dates.",13 matched current address points; 100.00% of matched neighborhood points.
LH-EDGE-M5-01135,LH-TRACT-16121,RecordedTract,current_address_crosswalk_to,LH-NEIGHBORHOOD-AVENDALE-WILLOW-BEND-3,CurrentNeighborhood,2026-07-27,,LH-TRACT-NEIGHBORHOOD-0145,LH-SRC-LARMAC-STREETS-2019;LH-SRC-OC-ADDRESS-POINTS;LH-SRC-OC-TRACTS,high,3.0,current_geographic_crosswalk_not_historical_lifecycle,"Current address points and 2019 names are joined to the smallest containing County legal-map polygon. This does not establish historical opening, construction, sale, habitability, or occupancy dates.",47 matched current address points; 100.00% of matched neighborhood points.
LH-EDGE-M5-01136,LH-TRACT-15625,RecordedTract,current_address_crosswalk_to,LH-NEIGHBORHOOD-OAK-KNOLL-WYETH-1,CurrentNeighborhood,2026-07-27,,LH-TRACT-NEIGHBORHOOD-0146,LH-SRC-LARMAC-STREETS-2019;LH-SRC-OC-ADDRESS-POINTS;LH-SRC-OC-TRACTS,high,3.0,current_geographic_crosswalk_not_historical_lifecycle,"Current address points and 2019 names are joined to the smallest containing County legal-map polygon. This does not establish historical opening, construction, sale, habitability, or occupancy dates.",78 matched current address points; 100.00% of matched neighborhood points.
LH-EDGE-M5-01137,LH-TRACT-15624,RecordedTract,current_address_crosswalk_to,LH-NEIGHBORHOOD-OAK-KNOLL-WYETH-2,CurrentNeighborhood,2026-07-27,,LH-TRACT-NEIGHBORHOOD-0147,LH-SRC-LARMAC-STREETS-2019;LH-SRC-OC-ADDRESS-POINTS;LH-SRC-OC-TRACTS,high,3.0,current_geographic_crosswalk_not_historical_lifecycle,"Current address points and 2019 names are joined to the smallest containing County legal-map polygon. This does not establish historical opening, construction, sale, habitability, or occupancy dates.",55 matched current address points; 100.00% of matched neighborhood points.
LH-EDGE-M5-01138,LH-PRODUCT-AVENDALE-ASTORIA,BuilderProduct,builder_reported_as,LH-BUILDER-WARMINGTON-HOMES,Builder,,,LH-PRODUCT-AVENDALE-ASTORIA,LH-SRC-ACTIVERAIN-2010,low,3.0,secondary_directory_only,Secondary directory; builder assignment requires primary confirmation.,
LH-EDGE-M5-01139,LH-PRODUCT-AVENDALE-ASTORIA,BuilderProduct,listed_in_current_village,LH-VILLAGE-AVENDALE,Village,,,LH-PRODUCT-AVENDALE-ASTORIA,LH-SRC-ACTIVERAIN-2010,low,3.0,current_name_product_crosswalk,Secondary directory; builder assignment requires primary confirmation.,
LH-EDGE-M5-01140,LH-PRODUCT-AVENDALE-ASTORIA,BuilderProduct,documented_by,LH-SRC-ACTIVERAIN-2010,Source,,,LH-PRODUCT-AVENDALE-ASTORIA,LH-SRC-ACTIVERAIN-2010,low,3.0,reviewed,Secondary directory; builder assignment requires primary confirmation.,
LH-EDGE-M5-01141,LH-PRODUCT-AVENDALE-BERKSHIRE,BuilderProduct,builder_reported_as,LH-BUILDER-SHEA-HOMES,Builder,,,LH-PRODUCT-AVENDALE-BERKSHIRE,LH-SRC-ACTIVERAIN-2010,low,3.0,secondary_directory_only,Secondary directory; builder assignment requires primary confirmation.,
LH-EDGE-M5-01142,LH-PRODUCT-AVENDALE-BERKSHIRE,BuilderProduct,listed_in_current_village,LH-VILLAGE-AVENDALE,Village,,,LH-PRODUCT-AVENDALE-BERKSHIRE,LH-SRC-ACTIVERAIN-2010,low,3.0,current_name_product_crosswalk,Secondary directory; builder assignment requires primary confirmation.,
LH-EDGE-M5-01143,LH-PRODUCT-AVENDALE-BERKSHIRE,BuilderProduct,documented_by,LH-SRC-ACTIVERAIN-2010,Source,,,LH-PRODUCT-AVENDALE-BERKSHIRE,LH-SRC-ACTIVERAIN-2010,low,3.0,reviewed,Secondary directory; builder assignment requires primary confirmation.,
LH-EDGE-M5-01144,LH-PRODUCT-AVENDALE-CANOPY-LANE,BuilderProduct,builder_reported_as,LH-BUILDER-STANDARD-PACIFIC-HOMES,Builder,,,LH-PRODUCT-AVENDALE-CANOPY-LANE,LH-SRC-ACTIVERAIN-2010,low,3.0,secondary_directory_only,Secondary directory; builder assignment requires primary confirmation.,
LH-EDGE-M5-01145,LH-PRODUCT-AVENDALE-CANOPY-LANE,BuilderProduct,listed_in_current_village,LH-VILLAGE-AVENDALE,Village,,,LH-PRODUCT-AVENDALE-CANOPY-LANE,LH-SRC-ACTIVERAIN-2010,low,3.0,current_name_product_crosswalk,Secondary directory; builder assignment requires primary confirmation.,
LH-EDGE-M5-01146,LH-PRODUCT-AVENDALE-CANOPY-LANE,BuilderProduct,documented_by,LH-SRC-ACTIVERAIN-2010,Source,,,LH-PRODUCT-AVENDALE-CANOPY-LANE,LH-SRC-ACTIVERAIN-2010,low,3.0,reviewed,Secondary directory; builder assignment requires primary confirmation.,
LH-EDGE-M5-01147,LH-PRODUCT-AVENDALE-CHARLESTON-PLACE,BuilderProduct,builder_reported_as,LH-BUILDER-WARMINGTON,Builder,,,LH-PRODUCT-AVENDALE-CHARLESTON-PLACE,LH-SRC-ACTIVERAIN-2010,low,3.0,secondary_directory_only,Secondary directory; builder assignment requires primary confirmation.,
LH-EDGE-M5-01148,LH-PRODUCT-AVENDALE-CHARLESTON-PLACE,BuilderProduct,listed_in_current_village,LH-VILLAGE-AVENDALE,Village,,,LH-PRODUCT-AVENDALE-CHARLESTON-PLACE,LH-SRC-ACTIVERAIN-2010,low,3.0,current_name_product_crosswalk,Secondary directory; builder assignment requires primary confirmation.,
LH-EDGE-M5-01149,LH-PRODUCT-AVENDALE-CHARLESTON-PLACE,BuilderProduct,documented_by,LH-SRC-ACTIVERAIN-2010,Source,,,LH-PRODUCT-AVENDALE-CHARLESTON-PLACE,LH-SRC-ACTIVERAIN-2010,low,3.0,reviewed,Secondary directory; builder assignment requires primary confirmation.,
LH-EDGE-M5-01150,LH-PRODUCT-AVENDALE-FRONT-STREET,BuilderProduct,builder_reported_as,LH-BUILDER-STANDARD-PACIFIC,Builder,,,LH-PRODUCT-AVENDALE-FRONT-STREET,LH-SRC-ACTIVERAIN-2010,low,3.0,secondary_directory_only,Secondary directory; builder assignment requires primary confirmation.,
LH-EDGE-M5-01151,LH-PRODUCT-AVENDALE-FRONT-STREET,BuilderProduct,listed_in_current_village,LH-VILLAGE-AVENDALE,Village,,,LH-PRODUCT-AVENDALE-FRONT-STREET,LH-SRC-ACTIVERAIN-2010,low,3.0,current_name_product_crosswalk,Secondary directory; builder assignment requires primary confirmation.,
LH-EDGE-M5-01152,LH-PRODUCT-AVENDALE-FRONT-STREET,BuilderProduct,documented_by,LH-SRC-ACTIVERAIN-2010,Source,,,LH-PRODUCT-AVENDALE-FRONT-STREET,LH-SRC-ACTIVERAIN-2010,low,3.0,reviewed,Secondary directory; builder assignment requires primary confirmation.,
LH-EDGE-M5-01153,LH-PRODUCT-AVENDALE-GREENBRIAR,BuilderProduct,builder_reported_as,LH-BUILDER-D-R-HORTON,Builder,,,LH-PRODUCT-AVENDALE-GREENBRIAR,LH-SRC-ACTIVERAIN-2010,low,3.0,secondary_directory_only,Secondary directory; builder assignment requires primary confirmation.,
LH-EDGE-M5-01154,LH-PRODUCT-AVENDALE-GREENBRIAR,BuilderProduct,listed_in_current_village,LH-VILLAGE-AVENDALE,Village,,,LH-PRODUCT-AVENDALE-GREENBRIAR,LH-SRC-ACTIVERAIN-2010,low,3.0,current_name_product_crosswalk,Secondary directory; builder assignment requires primary confirmation.,
LH-EDGE-M5-01155,LH-PRODUCT-AVENDALE-GREENBRIAR,BuilderProduct,documented_by,LH-SRC-ACTIVERAIN-2010,Source,,,LH-PRODUCT-AVENDALE-GREENBRIAR,LH-SRC-ACTIVERAIN-2010,low,3.0,reviewed,Secondary directory; builder assignment requires primary confirmation.,
LH-EDGE-M5-01156,LH-PRODUCT-AVENDALE-SAVANNAH,BuilderProduct,builder_reported_as,LH-BUILDER-BARRATT-AMERICAN,Builder,,,LH-PRODUCT-AVENDALE-SAVANNAH,LH-SRC-ACTIVERAIN-2010,low,3.0,secondary_directory_only,Secondary directory; builder assignment requires primary confirmation.,
LH-EDGE-M5-01157,LH-PRODUCT-AVENDALE-SAVANNAH,BuilderProduct,listed_in_current_village,LH-VILLAGE-AVENDALE,Village,,,LH-PRODUCT-AVENDALE-SAVANNAH,LH-SRC-ACTIVERAIN-2010,low,3.0,current_name_product_crosswalk,Secondary directory; builder assignment requires primary confirmation.,
LH-EDGE-M5-01158,LH-PRODUCT-AVENDALE-SAVANNAH,BuilderProduct,documented_by,LH-SRC-ACTIVERAIN-2010,Source,,,LH-PRODUCT-AVENDALE-SAVANNAH,LH-SRC-ACTIVERAIN-2010,low,3.0,reviewed,Secondary directory; builder assignment requires primary confirmation.,
LH-EDGE-M5-01159,LH-PRODUCT-AVENDALE-ST-MAYS-ROAD,BuilderProduct,builder_reported_as,LH-BUILDER-JOHN-LAING-HOMES,Builder,,,LH-PRODUCT-AVENDALE-ST-MAYS-ROAD,LH-SRC-ACTIVERAIN-2010,low,3.0,secondary_directory_only,Secondary directory; builder assignment requires primary confirmation.,
LH-EDGE-M5-01160,LH-PRODUCT-AVENDALE-ST-MAYS-ROAD,BuilderProduct,listed_in_current_village,LH-VILLAGE-AVENDALE,Village,,,LH-PRODUCT-AVENDALE-ST-MAYS-ROAD,LH-SRC-ACTIVERAIN-2010,low,3.0,current_name_product_crosswalk,Secondary directory; builder assignment requires primary confirmation.,
LH-EDGE-M5-01161,LH-PRODUCT-AVENDALE-ST-MAYS-ROAD,BuilderProduct,documented_by,LH-SRC-ACTIVERAIN-2010,Source,,,LH-PRODUCT-AVENDALE-ST-MAYS-ROAD,LH-SRC-ACTIVERAIN-2010,low,3.0,reviewed,Secondary directory; builder assignment requires primary confirmation.,
LH-EDGE-M5-01162,LH-PRODUCT-AVENDALE-STERLING-GLEN,BuilderProduct,builder_reported_as,LH-BUILDER-WILLIAM-LYON-HOMES,Builder,,,LH-PRODUCT-AVENDALE-STERLING-GLEN,LH-SRC-ACTIVERAIN-2010,low,3.0,secondary_directory_only,Secondary directory; builder assignment requires primary confirmation.,
LH-EDGE-M5-01163,LH-PRODUCT-AVENDALE-STERLING-GLEN,BuilderProduct,listed_in_current_village,LH-VILLAGE-AVENDALE,Village,,,LH-PRODUCT-AVENDALE-STERLING-GLEN,LH-SRC-ACTIVERAIN-2010,low,3.0,current_name_product_crosswalk,Secondary directory; builder assignment requires primary confirmation.,
LH-EDGE-M5-01164,LH-PRODUCT-AVENDALE-STERLING-GLEN,BuilderProduct,documented_by,LH-SRC-ACTIVERAIN-2010,Source,,,LH-PRODUCT-AVENDALE-STERLING-GLEN,LH-SRC-ACTIVERAIN-2010,low,3.0,reviewed,Secondary directory; builder assignment requires primary confirmation.,
LH-EDGE-M5-01165,LH-PRODUCT-AVENDALE-SUMNERS-WAY,BuilderProduct,builder_reported_as,LH-BUILDER-JOHN-LAING-HOMES,Builder,,,LH-PRODUCT-AVENDALE-SUMNERS-WAY,LH-SRC-ACTIVERAIN-2010,low,3.0,secondary_directory_only,Secondary directory; builder assignment requires primary confirmation.,
LH-EDGE-M5-01166,LH-PRODUCT-AVENDALE-SUMNERS-WAY,BuilderProduct,listed_in_current_village,LH-VILLAGE-AVENDALE,Village,,,LH-PRODUCT-AVENDALE-SUMNERS-WAY,LH-SRC-ACTIVERAIN-2010,low,3.0,current_name_product_crosswalk,Secondary directory; builder assignment requires primary confirmation.,
LH-EDGE-M5-01167,LH-PRODUCT-AVENDALE-SUMNERS-WAY,BuilderProduct,documented_by,LH-SRC-ACTIVERAIN-2010,Source,,,LH-PRODUCT-AVENDALE-SUMNERS-WAY,LH-SRC-ACTIVERAIN-2010,low,3.0,reviewed,Secondary directory; builder assignment requires primary confirmation.,
LH-EDGE-M5-01168,LH-PRODUCT-AVENDALE-TETHER-MOON,BuilderProduct,builder_reported_as,LH-BUILDER-CENTEX-HOMES,Builder,,,LH-PRODUCT-AVENDALE-TETHER-MOON,LH-SRC-ACTIVERAIN-2010,low,3.0,secondary_directory_only,Secondary directory; builder assignment requires primary confirmation.,
LH-EDGE-M5-01169,LH-PRODUCT-AVENDALE-TETHER-MOON,BuilderProduct,listed_in_current_village,LH-VILLAGE-AVENDALE,Village,,,LH-PRODUCT-AVENDALE-TETHER-MOON,LH-SRC-ACTIVERAIN-2010,low,3.0,current_name_product_crosswalk,Secondary directory; builder assignment requires primary confirmation.,
LH-EDGE-M5-01170,LH-PRODUCT-AVENDALE-TETHER-MOON,BuilderProduct,documented_by,LH-SRC-ACTIVERAIN-2010,Source,,,LH-PRODUCT-AVENDALE-TETHER-MOON,LH-SRC-ACTIVERAIN-2010,low,3.0,reviewed,Secondary directory; builder assignment requires primary confirmation.,
LH-EDGE-M5-01171,LH-PRODUCT-AVENDALE-WEATHERHAVEN,BuilderProduct,builder_reported_as,LH-BUILDER-WILLIAM-LYON-HOMES,Builder,,,LH-PRODUCT-AVENDALE-WEATHERHAVEN,LH-SRC-ACTIVERAIN-2010,low,3.0,secondary_directory_only,Secondary directory; builder assignment requires primary confirmation.,
LH-EDGE-M5-01172,LH-PRODUCT-AVENDALE-WEATHERHAVEN,BuilderProduct,listed_in_current_village,LH-VILLAGE-AVENDALE,Village,,,LH-PRODUCT-AVENDALE-WEATHERHAVEN,LH-SRC-ACTIVERAIN-2010,low,3.0,current_name_product_crosswalk,Secondary directory; builder assignment requires primary confirmation.,
LH-EDGE-M5-01173,LH-PRODUCT-AVENDALE-WEATHERHAVEN,BuilderProduct,documented_by,LH-SRC-ACTIVERAIN-2010,Source,,,LH-PRODUCT-AVENDALE-WEATHERHAVEN,LH-SRC-ACTIVERAIN-2010,low,3.0,reviewed,Secondary directory; builder assignment requires primary confirmation.,
LH-EDGE-M5-01174,LH-PRODUCT-AVENDALE-WILLOW-BEND,BuilderProduct,builder_reported_as,LH-BUILDER-STANDARD-PACIFIC-HOMES,Builder,,,LH-PRODUCT-AVENDALE-WILLOW-BEND,LH-SRC-ACTIVERAIN-2010,low,3.0,secondary_directory_only,Secondary directory; builder assignment requires primary confirmation.,
LH-EDGE-M5-01175,LH-PRODUCT-AVENDALE-WILLOW-BEND,BuilderProduct,listed_in_current_village,LH-VILLAGE-AVENDALE,Village,,,LH-PRODUCT-AVENDALE-WILLOW-BEND,LH-SRC-ACTIVERAIN-2010,low,3.0,current_name_product_crosswalk,Secondary directory; builder assignment requires primary confirmation.,
LH-EDGE-M5-01176,LH-PRODUCT-AVENDALE-WILLOW-BEND,BuilderProduct,documented_by,LH-SRC-ACTIVERAIN-2010,Source,,,LH-PRODUCT-AVENDALE-WILLOW-BEND,LH-SRC-ACTIVERAIN-2010,low,3.0,reviewed,Secondary directory; builder assignment requires primary confirmation.,
LH-EDGE-M5-01177,LH-PRODUCT-COVENANT-HILLS-ALISAL,BuilderProduct,builder_reported_as,LH-BUILDER-STANDARD-PACIFIC,Builder,,2011-12-31,LH-PRODUCT-COVENANT-HILLS-ALISAL,LH-SRC-OC-BOND-2006Q4;LH-SRC-OC-BOND-2011Q4,high,3.0,county_primary_controls,Counts are CFD product-table permit and closed-escrow milestones. A full count bounds the product's reported status but does not date every building completion or individual move-in.,
LH-EDGE-M5-01178,LH-PRODUCT-COVENANT-HILLS-ALISAL,BuilderProduct,listed_in_current_village,LH-VILLAGE-COVENANT-HILLS,Village,,,LH-PRODUCT-COVENANT-HILLS-ALISAL,LH-SRC-OC-BOND-2006Q4;LH-SRC-OC-BOND-2011Q4,high,3.0,current_name_product_crosswalk,Counts are CFD product-table permit and closed-escrow milestones. A full count bounds the product's reported status but does not date every building completion or individual move-in.,
LH-EDGE-M5-01179,LH-PRODUCT-COVENANT-HILLS-ALISAL,BuilderProduct,documented_by,LH-SRC-OC-BOND-2006Q4,Source,,,LH-PRODUCT-COVENANT-HILLS-ALISAL,LH-SRC-OC-BOND-2006Q4,high,3.0,reviewed,Counts are CFD product-table permit and closed-escrow milestones. A full count bounds the product's reported status but does not date every building completion or individual move-in.,
LH-EDGE-M5-01180,LH-PRODUCT-COVENANT-HILLS-ALISAL,BuilderProduct,documented_by,LH-SRC-OC-BOND-2011Q4,Source,,,LH-PRODUCT-COVENANT-HILLS-ALISAL,LH-SRC-OC-BOND-2011Q4,high,3.0,reviewed,Counts are CFD product-table permit and closed-escrow milestones. A full count bounds the product's reported status but does not date every building completion or individual move-in.,
LH-EDGE-M5-01181,LH-PRODUCT-COVENANT-HILLS-AMARANTE,BuilderProduct,builder_reported_as,LH-BUILDER-LYON-HOMES,Builder,,2011-12-31,LH-PRODUCT-COVENANT-HILLS-AMARANTE,LH-SRC-OC-BOND-2006Q4;LH-SRC-OC-BOND-2011Q4,high,3.0,county_primary_controls,Counts are CFD product-table permit and closed-escrow milestones. A full count bounds the product's reported status but does not date every building completion or individual move-in.,
LH-EDGE-M5-01182,LH-PRODUCT-COVENANT-HILLS-AMARANTE,BuilderProduct,listed_in_current_village,LH-VILLAGE-COVENANT-HILLS,Village,,,LH-PRODUCT-COVENANT-HILLS-AMARANTE,LH-SRC-OC-BOND-2006Q4;LH-SRC-OC-BOND-2011Q4,high,3.0,current_name_product_crosswalk,Counts are CFD product-table permit and closed-escrow milestones. A full count bounds the product's reported status but does not date every building completion or individual move-in.,
LH-EDGE-M5-01183,LH-PRODUCT-COVENANT-HILLS-AMARANTE,BuilderProduct,documented_by,LH-SRC-OC-BOND-2006Q4,Source,,,LH-PRODUCT-COVENANT-HILLS-AMARANTE,LH-SRC-OC-BOND-2006Q4,high,3.0,reviewed,Counts are CFD product-table permit and closed-escrow milestones. A full count bounds the product's reported status but does not date every building completion or individual move-in.,
LH-EDGE-M5-01184,LH-PRODUCT-COVENANT-HILLS-AMARANTE,BuilderProduct,documented_by,LH-SRC-OC-BOND-2011Q4,Source,,,LH-PRODUCT-COVENANT-HILLS-AMARANTE,LH-SRC-OC-BOND-2011Q4,high,3.0,reviewed,Counts are CFD product-table permit and closed-escrow milestones. A full count bounds the product's reported status but does not date every building completion or individual move-in.,
LH-EDGE-M5-01185,LH-PRODUCT-COVENANT-HILLS-ARBOLEDO,BuilderProduct,builder_reported_as,LH-BUILDER-WARMINGTON-HOMES,Builder,,2011-12-31,LH-PRODUCT-COVENANT-HILLS-ARBOLEDO,LH-SRC-OC-BOND-2006Q4;LH-SRC-OC-BOND-2011Q4,high,3.0,county_primary_controls,Counts are CFD product-table permit and closed-escrow milestones. A full count bounds the product's reported status but does not date every building completion or individual move-in.,
LH-EDGE-M5-01186,LH-PRODUCT-COVENANT-HILLS-ARBOLEDO,BuilderProduct,listed_in_current_village,LH-VILLAGE-COVENANT-HILLS,Village,,,LH-PRODUCT-COVENANT-HILLS-ARBOLEDO,LH-SRC-OC-BOND-2006Q4;LH-SRC-OC-BOND-2011Q4,high,3.0,current_name_product_crosswalk,Counts are CFD product-table permit and closed-escrow milestones. A full count bounds the product's reported status but does not date every building completion or individual move-in.,
LH-EDGE-M5-01187,LH-PRODUCT-COVENANT-HILLS-ARBOLEDO,BuilderProduct,documented_by,LH-SRC-OC-BOND-2006Q4,Source,,,LH-PRODUCT-COVENANT-HILLS-ARBOLEDO,LH-SRC-OC-BOND-2006Q4,high,3.0,reviewed,Counts are CFD product-table permit and closed-escrow milestones. A full count bounds the product's reported status but does not date every building completion or individual move-in.,
LH-EDGE-M5-01188,LH-PRODUCT-COVENANT-HILLS-ARBOLEDO,BuilderProduct,documented_by,LH-SRC-OC-BOND-2011Q4,Source,,,LH-PRODUCT-COVENANT-HILLS-ARBOLEDO,LH-SRC-OC-BOND-2011Q4,high,3.0,reviewed,Counts are CFD product-table permit and closed-escrow milestones. A full count bounds the product's reported status but does not date every building completion or individual move-in.,
LH-EDGE-M5-01189,LH-PRODUCT-COVENANT-HILLS-BELLATAIRE,BuilderProduct,builder_reported_as,LH-BUILDER-LYON-HOMES,Builder,,2011-12-31,LH-PRODUCT-COVENANT-HILLS-BELLATAIRE,LH-SRC-OC-BOND-2006Q4;LH-SRC-OC-BOND-2011Q4,high,3.0,county_primary_controls,Counts are CFD product-table permit and closed-escrow milestones. A full count bounds the product's reported status but does not date every building completion or individual move-in.,
LH-EDGE-M5-01190,LH-PRODUCT-COVENANT-HILLS-BELLATAIRE,BuilderProduct,listed_in_current_village,LH-VILLAGE-COVENANT-HILLS,Village,,,LH-PRODUCT-COVENANT-HILLS-BELLATAIRE,LH-SRC-OC-BOND-2006Q4;LH-SRC-OC-BOND-2011Q4,high,3.0,current_name_product_crosswalk,Counts are CFD product-table permit and closed-escrow milestones. A full count bounds the product's reported status but does not date every building completion or individual move-in.,
LH-EDGE-M5-01191,LH-PRODUCT-COVENANT-HILLS-BELLATAIRE,BuilderProduct,documented_by,LH-SRC-OC-BOND-2006Q4,Source,,,LH-PRODUCT-COVENANT-HILLS-BELLATAIRE,LH-SRC-OC-BOND-2006Q4,high,3.0,reviewed,Counts are CFD product-table permit and closed-escrow milestones. A full count bounds the product's reported status but does not date every building completion or individual move-in.,
LH-EDGE-M5-01192,LH-PRODUCT-COVENANT-HILLS-BELLATAIRE,BuilderProduct,documented_by,LH-SRC-OC-BOND-2011Q4,Source,,,LH-PRODUCT-COVENANT-HILLS-BELLATAIRE,LH-SRC-OC-BOND-2011Q4,high,3.0,reviewed,Counts are CFD product-table permit and closed-escrow milestones. A full count bounds the product's reported status but does not date every building completion or individual move-in.,
LH-EDGE-M5-01193,LH-PRODUCT-COVENANT-HILLS-CAPISTRANO,BuilderProduct,builder_reported_as,LH-BUILDER-K-HOVNANIAN,Builder,,2011-12-31,LH-PRODUCT-COVENANT-HILLS-CAPISTRANO,LH-SRC-OC-BOND-2006Q4;LH-SRC-OC-BOND-2011Q4,high,3.0,county_primary_controls,Counts are CFD product-table permit and closed-escrow milestones. A full count bounds the product's reported status but does not date every building completion or individual move-in.,
LH-EDGE-M5-01194,LH-PRODUCT-COVENANT-HILLS-CAPISTRANO,BuilderProduct,listed_in_current_village,LH-VILLAGE-COVENANT-HILLS,Village,,,LH-PRODUCT-COVENANT-HILLS-CAPISTRANO,LH-SRC-OC-BOND-2006Q4;LH-SRC-OC-BOND-2011Q4,high,3.0,current_name_product_crosswalk,Counts are CFD product-table permit and closed-escrow milestones. A full count bounds the product's reported status but does not date every building completion or individual move-in.,
LH-EDGE-M5-01195,LH-PRODUCT-COVENANT-HILLS-CAPISTRANO,BuilderProduct,documented_by,LH-SRC-OC-BOND-2006Q4,Source,,,LH-PRODUCT-COVENANT-HILLS-CAPISTRANO,LH-SRC-OC-BOND-2006Q4,high,3.0,reviewed,Counts are CFD product-table permit and closed-escrow milestones. A full count bounds the product's reported status but does not date every building completion or individual move-in.,
LH-EDGE-M5-01196,LH-PRODUCT-COVENANT-HILLS-CAPISTRANO,BuilderProduct,documented_by,LH-SRC-OC-BOND-2011Q4,Source,,,LH-PRODUCT-COVENANT-HILLS-CAPISTRANO,LH-SRC-OC-BOND-2011Q4,high,3.0,reviewed,Counts are CFD product-table permit and closed-escrow milestones. A full count bounds the product's reported status but does not date every building completion or individual move-in.,
LH-EDGE-M5-01197,LH-PRODUCT-COVENANT-HILLS-CASTELLINA,BuilderProduct,builder_reported_as,LH-BUILDER-CENTEX-HOMES,Builder,,2011-12-31,LH-PRODUCT-COVENANT-HILLS-CASTELLINA,LH-SRC-OC-BOND-2006Q4;LH-SRC-OC-BOND-2011Q4,high,3.0,county_primary_controls,Counts are CFD product-table permit and closed-escrow milestones. A full count bounds the product's reported status but does not date every building completion or individual move-in.,
LH-EDGE-M5-01198,LH-PRODUCT-COVENANT-HILLS-CASTELLINA,BuilderProduct,listed_in_current_village,LH-VILLAGE-COVENANT-HILLS,Village,,,LH-PRODUCT-COVENANT-HILLS-CASTELLINA,LH-SRC-OC-BOND-2006Q4;LH-SRC-OC-BOND-2011Q4,high,3.0,current_name_product_crosswalk,Counts are CFD product-table permit and closed-escrow milestones. A full count bounds the product's reported status but does not date every building completion or individual move-in.,
LH-EDGE-M5-01199,LH-PRODUCT-COVENANT-HILLS-CASTELLINA,BuilderProduct,documented_by,LH-SRC-OC-BOND-2006Q4,Source,,,LH-PRODUCT-COVENANT-HILLS-CASTELLINA,LH-SRC-OC-BOND-2006Q4,high,3.0,reviewed,Counts are CFD product-table permit and closed-escrow milestones. A full count bounds the product's reported status but does not date every building completion or individual move-in.,
LH-EDGE-M5-01200,LH-PRODUCT-COVENANT-HILLS-CASTELLINA,BuilderProduct,documented_by,LH-SRC-OC-BOND-2011Q4,Source,,,LH-PRODUCT-COVENANT-HILLS-CASTELLINA,LH-SRC-OC-BOND-2011Q4,high,3.0,reviewed,Counts are CFD product-table permit and closed-escrow milestones. A full count bounds the product's reported status but does not date every building completion or individual move-in.,
LH-EDGE-M5-01201,LH-PRODUCT-COVENANT-HILLS-DMB-LADERA-CUSTOM-LOTS,BuilderProduct,builder_reported_as,LH-BUILDER-DMB-LADERA,Builder,,,LH-PRODUCT-COVENANT-HILLS-DMB-LADERA-CUSTOM-LOTS,LH-SRC-OC-BOND-2006Q4;LH-SRC-OC-BOND-2011Q4,high,3.0,county_primary_controls,Counts are CFD product-table permit and closed-escrow milestones. A full count bounds the product's reported status but does not date every building completion or individual move-in.,
LH-EDGE-M5-01202,LH-PRODUCT-COVENANT-HILLS-DMB-LADERA-CUSTOM-LOTS,BuilderProduct,listed_in_current_village,LH-VILLAGE-COVENANT-HILLS,Village,,,LH-PRODUCT-COVENANT-HILLS-DMB-LADERA-CUSTOM-LOTS,LH-SRC-OC-BOND-2006Q4;LH-SRC-OC-BOND-2011Q4,high,3.0,current_name_product_crosswalk,Counts are CFD product-table permit and closed-escrow milestones. A full count bounds the product's reported status but does not date every building completion or individual move-in.,
LH-EDGE-M5-01203,LH-PRODUCT-COVENANT-HILLS-DMB-LADERA-CUSTOM-LOTS,BuilderProduct,documented_by,LH-SRC-OC-BOND-2006Q4,Source,,,LH-PRODUCT-COVENANT-HILLS-DMB-LADERA-CUSTOM-LOTS,LH-SRC-OC-BOND-2006Q4,high,3.0,reviewed,Counts are CFD product-table permit and closed-escrow milestones. A full count bounds the product's reported status but does not date every building completion or individual move-in.,
LH-EDGE-M5-01204,LH-PRODUCT-COVENANT-HILLS-DMB-LADERA-CUSTOM-LOTS,BuilderProduct,documented_by,LH-SRC-OC-BOND-2011Q4,Source,,,LH-PRODUCT-COVENANT-HILLS-DMB-LADERA-CUSTOM-LOTS,LH-SRC-OC-BOND-2011Q4,high,3.0,reviewed,Counts are CFD product-table permit and closed-escrow milestones. A full count bounds the product's reported status but does not date every building completion or individual move-in.,
LH-EDGE-M5-01205,LH-PRODUCT-COVENANT-HILLS-ENCANTADA,BuilderProduct,builder_reported_as,LH-BUILDER-PARDEE,Builder,,2011-12-31,LH-PRODUCT-COVENANT-HILLS-ENCANTADA,LH-SRC-OC-BOND-2006Q4;LH-SRC-OC-BOND-2011Q4,high,3.0,county_primary_controls,Counts are CFD product-table permit and closed-escrow milestones. A full count bounds the product's reported status but does not date every building completion or individual move-in.,
LH-EDGE-M5-01206,LH-PRODUCT-COVENANT-HILLS-ENCANTADA,BuilderProduct,listed_in_current_village,LH-VILLAGE-COVENANT-HILLS,Village,,,LH-PRODUCT-COVENANT-HILLS-ENCANTADA,LH-SRC-OC-BOND-2006Q4;LH-SRC-OC-BOND-2011Q4,high,3.0,current_name_product_crosswalk,Counts are CFD product-table permit and closed-escrow milestones. A full count bounds the product's reported status but does not date every building completion or individual move-in.,
LH-EDGE-M5-01207,LH-PRODUCT-COVENANT-HILLS-ENCANTADA,BuilderProduct,documented_by,LH-SRC-OC-BOND-2006Q4,Source,,,LH-PRODUCT-COVENANT-HILLS-ENCANTADA,LH-SRC-OC-BOND-2006Q4,high,3.0,reviewed,Counts are CFD product-table permit and closed-escrow milestones. A full count bounds the product's reported status but does not date every building completion or individual move-in.,
LH-EDGE-M5-01208,LH-PRODUCT-COVENANT-HILLS-ENCANTADA,BuilderProduct,documented_by,LH-SRC-OC-BOND-2011Q4,Source,,,LH-PRODUCT-COVENANT-HILLS-ENCANTADA,LH-SRC-OC-BOND-2011Q4,high,3.0,reviewed,Counts are CFD product-table permit and closed-escrow milestones. A full count bounds the product's reported status but does not date every building completion or individual move-in.,
LH-EDGE-M5-01209,LH-PRODUCT-COVENANT-HILLS-LAS-PIEDRAS,BuilderProduct,builder_reported_as,LH-BUILDER-STANDARD-PACIFIC,Builder,,2011-12-31,LH-PRODUCT-COVENANT-HILLS-LAS-PIEDRAS,LH-SRC-OC-BOND-2006Q4;LH-SRC-OC-BOND-2011Q4,high,3.0,county_primary_controls,Counts are CFD product-table permit and closed-escrow milestones. A full count bounds the product's reported status but does not date every building completion or individual move-in.,
LH-EDGE-M5-01210,LH-PRODUCT-COVENANT-HILLS-LAS-PIEDRAS,BuilderProduct,listed_in_current_village,LH-VILLAGE-COVENANT-HILLS,Village,,,LH-PRODUCT-COVENANT-HILLS-LAS-PIEDRAS,LH-SRC-OC-BOND-2006Q4;LH-SRC-OC-BOND-2011Q4,high,3.0,current_name_product_crosswalk,Counts are CFD product-table permit and closed-escrow milestones. A full count bounds the product's reported status but does not date every building completion or individual move-in.,
LH-EDGE-M5-01211,LH-PRODUCT-COVENANT-HILLS-LAS-PIEDRAS,BuilderProduct,documented_by,LH-SRC-OC-BOND-2006Q4,Source,,,LH-PRODUCT-COVENANT-HILLS-LAS-PIEDRAS,LH-SRC-OC-BOND-2006Q4,high,3.0,reviewed,Counts are CFD product-table permit and closed-escrow milestones. A full count bounds the product's reported status but does not date every building completion or individual move-in.,
LH-EDGE-M5-01212,LH-PRODUCT-COVENANT-HILLS-LAS-PIEDRAS,BuilderProduct,documented_by,LH-SRC-OC-BOND-2011Q4,Source,,,LH-PRODUCT-COVENANT-HILLS-LAS-PIEDRAS,LH-SRC-OC-BOND-2011Q4,high,3.0,reviewed,Counts are CFD product-table permit and closed-escrow milestones. A full count bounds the product's reported status but does not date every building completion or individual move-in.,
LH-EDGE-M5-01213,LH-PRODUCT-COVENANT-HILLS-MERIDEN,BuilderProduct,builder_reported_as,LH-BUILDER-WARMINGTON,Builder,,2011-12-31,LH-PRODUCT-COVENANT-HILLS-MERIDEN,LH-SRC-OC-BOND-2006Q4;LH-SRC-OC-BOND-2011Q4,high,3.0,county_primary_controls,Counts are CFD product-table permit and closed-escrow milestones. A full count bounds the product's reported status but does not date every building completion or individual move-in.,
LH-EDGE-M5-01214,LH-PRODUCT-COVENANT-HILLS-MERIDEN,BuilderProduct,listed_in_current_village,LH-VILLAGE-COVENANT-HILLS,Village,,,LH-PRODUCT-COVENANT-HILLS-MERIDEN,LH-SRC-OC-BOND-2006Q4;LH-SRC-OC-BOND-2011Q4,high,3.0,current_name_product_crosswalk,Counts are CFD product-table permit and closed-escrow milestones. A full count bounds the product's reported status but does not date every building completion or individual move-in.,
LH-EDGE-M5-01215,LH-PRODUCT-COVENANT-HILLS-MERIDEN,BuilderProduct,documented_by,LH-SRC-OC-BOND-2006Q4,Source,,,LH-PRODUCT-COVENANT-HILLS-MERIDEN,LH-SRC-OC-BOND-2006Q4,high,3.0,reviewed,Counts are CFD product-table permit and closed-escrow milestones. A full count bounds the product's reported status but does not date every building completion or individual move-in.,
LH-EDGE-M5-01216,LH-PRODUCT-COVENANT-HILLS-MERIDEN,BuilderProduct,documented_by,LH-SRC-OC-BOND-2011Q4,Source,,,LH-PRODUCT-COVENANT-HILLS-MERIDEN,LH-SRC-OC-BOND-2011Q4,high,3.0,reviewed,Counts are CFD product-table permit and closed-escrow milestones. A full count bounds the product's reported status but does not date every building completion or individual move-in.,
LH-EDGE-M5-01217,LH-PRODUCT-COVENANT-HILLS-MONTANEZ,BuilderProduct,builder_reported_as,LH-BUILDER-CENTEX-HOMES,Builder,,2011-12-31,LH-PRODUCT-COVENANT-HILLS-MONTANEZ,LH-SRC-OC-BOND-2006Q4;LH-SRC-OC-BOND-2011Q4,high,3.0,county_primary_controls,Counts are CFD product-table permit and closed-escrow milestones. A full count bounds the product's reported status but does not date every building completion or individual move-in.,
LH-EDGE-M5-01218,LH-PRODUCT-COVENANT-HILLS-MONTANEZ,BuilderProduct,listed_in_current_village,LH-VILLAGE-COVENANT-HILLS,Village,,,LH-PRODUCT-COVENANT-HILLS-MONTANEZ,LH-SRC-OC-BOND-2006Q4;LH-SRC-OC-BOND-2011Q4,high,3.0,current_name_product_crosswalk,Counts are CFD product-table permit and closed-escrow milestones. A full count bounds the product's reported status but does not date every building completion or individual move-in.,
LH-EDGE-M5-01219,LH-PRODUCT-COVENANT-HILLS-MONTANEZ,BuilderProduct,documented_by,LH-SRC-OC-BOND-2006Q4,Source,,,LH-PRODUCT-COVENANT-HILLS-MONTANEZ,LH-SRC-OC-BOND-2006Q4,high,3.0,reviewed,Counts are CFD product-table permit and closed-escrow milestones. A full count bounds the product's reported status but does not date every building completion or individual move-in.,
LH-EDGE-M5-01220,LH-PRODUCT-COVENANT-HILLS-MONTANEZ,BuilderProduct,documented_by,LH-SRC-OC-BOND-2011Q4,Source,,,LH-PRODUCT-COVENANT-HILLS-MONTANEZ,LH-SRC-OC-BOND-2011Q4,high,3.0,reviewed,Counts are CFD product-table permit and closed-escrow milestones. A full count bounds the product's reported status but does not date every building completion or individual move-in.,
LH-EDGE-M5-01221,LH-PRODUCT-COVENANT-HILLS-SAN-DONATO,BuilderProduct,builder_reported_as,LH-BUILDER-LAING,Builder,,2011-12-31,LH-PRODUCT-COVENANT-HILLS-SAN-DONATO,LH-SRC-OC-BOND-2006Q4;LH-SRC-OC-BOND-2011Q4,high,3.0,county_primary_controls,Counts are CFD product-table permit and closed-escrow milestones. A full count bounds the product's reported status but does not date every building completion or individual move-in.,
LH-EDGE-M5-01222,LH-PRODUCT-COVENANT-HILLS-SAN-DONATO,BuilderProduct,listed_in_current_village,LH-VILLAGE-COVENANT-HILLS,Village,,,LH-PRODUCT-COVENANT-HILLS-SAN-DONATO,LH-SRC-OC-BOND-2006Q4;LH-SRC-OC-BOND-2011Q4,high,3.0,current_name_product_crosswalk,Counts are CFD product-table permit and closed-escrow milestones. A full count bounds the product's reported status but does not date every building completion or individual move-in.,
LH-EDGE-M5-01223,LH-PRODUCT-COVENANT-HILLS-SAN-DONATO,BuilderProduct,documented_by,LH-SRC-OC-BOND-2006Q4,Source,,,LH-PRODUCT-COVENANT-HILLS-SAN-DONATO,LH-SRC-OC-BOND-2006Q4,high,3.0,reviewed,Counts are CFD product-table permit and closed-escrow milestones. A full count bounds the product's reported status but does not date every building completion or individual move-in.,
LH-EDGE-M5-01224,LH-PRODUCT-COVENANT-HILLS-SAN-DONATO,BuilderProduct,documented_by,LH-SRC-OC-BOND-2011Q4,Source,,,LH-PRODUCT-COVENANT-HILLS-SAN-DONATO,LH-SRC-OC-BOND-2011Q4,high,3.0,reviewed,Counts are CFD product-table permit and closed-escrow milestones. A full count bounds the product's reported status but does not date every building completion or individual move-in.,
LH-EDGE-M5-01225,LH-PRODUCT-COVENANT-HILLS-SEGOVIA,BuilderProduct,builder_reported_as,LH-BUILDER-PARDEE,Builder,,2011-12-31,LH-PRODUCT-COVENANT-HILLS-SEGOVIA,LH-SRC-OC-BOND-2006Q4;LH-SRC-OC-BOND-2011Q4,high,3.0,county_primary_controls,Counts are CFD product-table permit and closed-escrow milestones. A full count bounds the product's reported status but does not date every building completion or individual move-in.,
LH-EDGE-M5-01226,LH-PRODUCT-COVENANT-HILLS-SEGOVIA,BuilderProduct,listed_in_current_village,LH-VILLAGE-COVENANT-HILLS,Village,,,LH-PRODUCT-COVENANT-HILLS-SEGOVIA,LH-SRC-OC-BOND-2006Q4;LH-SRC-OC-BOND-2011Q4,high,3.0,current_name_product_crosswalk,Counts are CFD product-table permit and closed-escrow milestones. A full count bounds the product's reported status but does not date every building completion or individual move-in.,
LH-EDGE-M5-01227,LH-PRODUCT-COVENANT-HILLS-SEGOVIA,BuilderProduct,documented_by,LH-SRC-OC-BOND-2006Q4,Source,,,LH-PRODUCT-COVENANT-HILLS-SEGOVIA,LH-SRC-OC-BOND-2006Q4,high,3.0,reviewed,Counts are CFD product-table permit and closed-escrow milestones. A full count bounds the product's reported status but does not date every building completion or individual move-in.,
LH-EDGE-M5-01228,LH-PRODUCT-COVENANT-HILLS-SEGOVIA,BuilderProduct,documented_by,LH-SRC-OC-BOND-2011Q4,Source,,,LH-PRODUCT-COVENANT-HILLS-SEGOVIA,LH-SRC-OC-BOND-2011Q4,high,3.0,reviewed,Counts are CFD product-table permit and closed-escrow milestones. A full count bounds the product's reported status but does not date every building completion or individual move-in.,
LH-EDGE-M5-01229,LH-PRODUCT-COVENANT-HILLS-SHERBORNE,BuilderProduct,builder_reported_as,LH-BUILDER-SHEA-HOMES,Builder,,2011-12-31,LH-PRODUCT-COVENANT-HILLS-SHERBORNE,LH-SRC-OC-BOND-2006Q4;LH-SRC-OC-BOND-2011Q4,high,3.0,county_primary_controls,Counts are CFD product-table permit and closed-escrow milestones. A full count bounds the product's reported status but does not date every building completion or individual move-in.,
LH-EDGE-M5-01230,LH-PRODUCT-COVENANT-HILLS-SHERBORNE,BuilderProduct,listed_in_current_village,LH-VILLAGE-COVENANT-HILLS,Village,,,LH-PRODUCT-COVENANT-HILLS-SHERBORNE,LH-SRC-OC-BOND-2006Q4;LH-SRC-OC-BOND-2011Q4,high,3.0,current_name_product_crosswalk,Counts are CFD product-table permit and closed-escrow milestones. A full count bounds the product's reported status but does not date every building completion or individual move-in.,
LH-EDGE-M5-01231,LH-PRODUCT-COVENANT-HILLS-SHERBORNE,BuilderProduct,documented_by,LH-SRC-OC-BOND-2006Q4,Source,,,LH-PRODUCT-COVENANT-HILLS-SHERBORNE,LH-SRC-OC-BOND-2006Q4,high,3.0,reviewed,Counts are CFD product-table permit and closed-escrow milestones. A full count bounds the product's reported status but does not date every building completion or individual move-in.,
LH-EDGE-M5-01232,LH-PRODUCT-COVENANT-HILLS-SHERBORNE,BuilderProduct,documented_by,LH-SRC-OC-BOND-2011Q4,Source,,,LH-PRODUCT-COVENANT-HILLS-SHERBORNE,LH-SRC-OC-BOND-2011Q4,high,3.0,reviewed,Counts are CFD product-table permit and closed-escrow milestones. A full count bounds the product's reported status but does not date every building completion or individual move-in.,
LH-EDGE-M5-01233,LH-PRODUCT-COVENANT-HILLS-SKYE-ISLE,BuilderProduct,builder_reported_as,LH-BUILDER-K-HOVNANIAN,Builder,,2011-12-31,LH-PRODUCT-COVENANT-HILLS-SKYE-ISLE,LH-SRC-OC-BOND-2006Q4;LH-SRC-OC-BOND-2011Q4,high,3.0,county_primary_controls,Counts are CFD product-table permit and closed-escrow milestones. A full count bounds the product's reported status but does not date every building completion or individual move-in.,
LH-EDGE-M5-01234,LH-PRODUCT-COVENANT-HILLS-SKYE-ISLE,BuilderProduct,listed_in_current_village,LH-VILLAGE-COVENANT-HILLS,Village,,,LH-PRODUCT-COVENANT-HILLS-SKYE-ISLE,LH-SRC-OC-BOND-2006Q4;LH-SRC-OC-BOND-2011Q4,high,3.0,current_name_product_crosswalk,Counts are CFD product-table permit and closed-escrow milestones. A full count bounds the product's reported status but does not date every building completion or individual move-in.,
LH-EDGE-M5-01235,LH-PRODUCT-COVENANT-HILLS-SKYE-ISLE,BuilderProduct,documented_by,LH-SRC-OC-BOND-2006Q4,Source,,,LH-PRODUCT-COVENANT-HILLS-SKYE-ISLE,LH-SRC-OC-BOND-2006Q4,high,3.0,reviewed,Counts are CFD product-table permit and closed-escrow milestones. A full count bounds the product's reported status but does not date every building completion or individual move-in.,
LH-EDGE-M5-01236,LH-PRODUCT-COVENANT-HILLS-SKYE-ISLE,BuilderProduct,documented_by,LH-SRC-OC-BOND-2011Q4,Source,,,LH-PRODUCT-COVENANT-HILLS-SKYE-ISLE,LH-SRC-OC-BOND-2011Q4,high,3.0,reviewed,Counts are CFD product-table permit and closed-escrow milestones. A full count bounds the product's reported status but does not date every building completion or individual move-in.,
LH-EDGE-M5-01237,LH-PRODUCT-ECHO-RIDGE-ATHERTON-GLEN,BuilderProduct,builder_reported_as,LH-BUILDER-SHEA-HOMES,Builder,,,LH-PRODUCT-ECHO-RIDGE-ATHERTON-GLEN,LH-SRC-ACTIVERAIN-2010,low,3.0,secondary_directory_only,Secondary directory; builder assignment requires primary confirmation.,
LH-EDGE-M5-01238,LH-PRODUCT-ECHO-RIDGE-ATHERTON-GLEN,BuilderProduct,listed_in_current_village,LH-VILLAGE-ECHO-RIDGE,Village,,,LH-PRODUCT-ECHO-RIDGE-ATHERTON-GLEN,LH-SRC-ACTIVERAIN-2010,low,3.0,current_name_product_crosswalk,Secondary directory; builder assignment requires primary confirmation.,
LH-EDGE-M5-01239,LH-PRODUCT-ECHO-RIDGE-ATHERTON-GLEN,BuilderProduct,documented_by,LH-SRC-ACTIVERAIN-2010,Source,,,LH-PRODUCT-ECHO-RIDGE-ATHERTON-GLEN,LH-SRC-ACTIVERAIN-2010,low,3.0,reviewed,Secondary directory; builder assignment requires primary confirmation.,
LH-EDGE-M5-01240,LH-PRODUCT-ECHO-RIDGE-LEXINGTON,BuilderProduct,builder_reported_as,LH-BUILDER-SHEA-HOMES,Builder,,,LH-PRODUCT-ECHO-RIDGE-LEXINGTON,LH-SRC-ACTIVERAIN-2010,low,3.0,secondary_directory_only,Secondary directory; builder assignment requires primary confirmation.,
LH-EDGE-M5-01241,LH-PRODUCT-ECHO-RIDGE-LEXINGTON,BuilderProduct,listed_in_current_village,LH-VILLAGE-ECHO-RIDGE,Village,,,LH-PRODUCT-ECHO-RIDGE-LEXINGTON,LH-SRC-ACTIVERAIN-2010,low,3.0,current_name_product_crosswalk,Secondary directory; builder assignment requires primary confirmation.,
LH-EDGE-M5-01242,LH-PRODUCT-ECHO-RIDGE-LEXINGTON,BuilderProduct,documented_by,LH-SRC-ACTIVERAIN-2010,Source,,,LH-PRODUCT-ECHO-RIDGE-LEXINGTON,LH-SRC-ACTIVERAIN-2010,low,3.0,reviewed,Secondary directory; builder assignment requires primary confirmation.,
LH-EDGE-M5-01243,LH-PRODUCT-ECHO-RIDGE-POTTERS-BEND,BuilderProduct,builder_reported_as,LH-BUILDER-JOHN-LAING,Builder,,,LH-PRODUCT-ECHO-RIDGE-POTTERS-BEND,LH-SRC-ACTIVERAIN-2010,low,3.0,secondary_directory_only,Secondary directory; builder assignment requires primary confirmation.,
LH-EDGE-M5-01244,LH-PRODUCT-ECHO-RIDGE-POTTERS-BEND,BuilderProduct,listed_in_current_village,LH-VILLAGE-ECHO-RIDGE,Village,,,LH-PRODUCT-ECHO-RIDGE-POTTERS-BEND,LH-SRC-ACTIVERAIN-2010,low,3.0,current_name_product_crosswalk,Secondary directory; builder assignment requires primary confirmation.,
LH-EDGE-M5-01245,LH-PRODUCT-ECHO-RIDGE-POTTERS-BEND,BuilderProduct,documented_by,LH-SRC-ACTIVERAIN-2010,Source,,,LH-PRODUCT-ECHO-RIDGE-POTTERS-BEND,LH-SRC-ACTIVERAIN-2010,low,3.0,reviewed,Secondary directory; builder assignment requires primary confirmation.,
LH-EDGE-M5-01246,LH-PRODUCT-ECHO-RIDGE-SYLVAN-OAKS,BuilderProduct,builder_reported_as,LH-BUILDER-MBK-HOMES,Builder,,,LH-PRODUCT-ECHO-RIDGE-SYLVAN-OAKS,LH-SRC-ACTIVERAIN-2010,low,3.0,secondary_directory_only,Secondary directory; builder assignment requires primary confirmation.,
LH-EDGE-M5-01247,LH-PRODUCT-ECHO-RIDGE-SYLVAN-OAKS,BuilderProduct,listed_in_current_village,LH-VILLAGE-ECHO-RIDGE,Village,,,LH-PRODUCT-ECHO-RIDGE-SYLVAN-OAKS,LH-SRC-ACTIVERAIN-2010,low,3.0,current_name_product_crosswalk,Secondary directory; builder assignment requires primary confirmation.,
LH-EDGE-M5-01248,LH-PRODUCT-ECHO-RIDGE-SYLVAN-OAKS,BuilderProduct,documented_by,LH-SRC-ACTIVERAIN-2010,Source,,,LH-PRODUCT-ECHO-RIDGE-SYLVAN-OAKS,LH-SRC-ACTIVERAIN-2010,low,3.0,reviewed,Secondary directory; builder assignment requires primary confirmation.,
LH-EDGE-M5-01249,LH-PRODUCT-ECHO-RIDGE-TAMARIND,BuilderProduct,builder_reported_as,LH-BUILDER-STANDARD-PACIFIC-HOMES,Builder,,,LH-PRODUCT-ECHO-RIDGE-TAMARIND,LH-SRC-ACTIVERAIN-2010,low,3.0,secondary_directory_only,Secondary directory; builder assignment requires primary confirmation.,
LH-EDGE-M5-01250,LH-PRODUCT-ECHO-RIDGE-TAMARIND,BuilderProduct,listed_in_current_village,LH-VILLAGE-ECHO-RIDGE,Village,,,LH-PRODUCT-ECHO-RIDGE-TAMARIND,LH-SRC-ACTIVERAIN-2010,low,3.0,current_name_product_crosswalk,Secondary directory; builder assignment requires primary confirmation.,
LH-EDGE-M5-01251,LH-PRODUCT-ECHO-RIDGE-TAMARIND,BuilderProduct,documented_by,LH-SRC-ACTIVERAIN-2010,Source,,,LH-PRODUCT-ECHO-RIDGE-TAMARIND,LH-SRC-ACTIVERAIN-2010,low,3.0,reviewed,Secondary directory; builder assignment requires primary confirmation.,
LH-EDGE-M5-01252,LH-PRODUCT-ECHO-RIDGE-TATTERSHALL,BuilderProduct,builder_reported_as,LH-BUILDER-CENTEX-HOMES,Builder,,,LH-PRODUCT-ECHO-RIDGE-TATTERSHALL,LH-SRC-ACTIVERAIN-2010,low,3.0,secondary_directory_only,Secondary directory; builder assignment requires primary confirmation.,
LH-EDGE-M5-01253,LH-PRODUCT-ECHO-RIDGE-TATTERSHALL,BuilderProduct,listed_in_current_village,LH-VILLAGE-ECHO-RIDGE,Village,,,LH-PRODUCT-ECHO-RIDGE-TATTERSHALL,LH-SRC-ACTIVERAIN-2010,low,3.0,current_name_product_crosswalk,Secondary directory; builder assignment requires primary confirmation.,
LH-EDGE-M5-01254,LH-PRODUCT-ECHO-RIDGE-TATTERSHALL,BuilderProduct,documented_by,LH-SRC-ACTIVERAIN-2010,Source,,,LH-PRODUCT-ECHO-RIDGE-TATTERSHALL,LH-SRC-ACTIVERAIN-2010,low,3.0,reviewed,Secondary directory; builder assignment requires primary confirmation.,
LH-EDGE-M5-01255,LH-PRODUCT-ECHO-RIDGE-TRAIL-RIDGE,BuilderProduct,builder_reported_as,LH-BUILDER-K-HOVNANIAN,Builder,,,LH-PRODUCT-ECHO-RIDGE-TRAIL-RIDGE,LH-SRC-ACTIVERAIN-2010,low,3.0,secondary_directory_only,Secondary directory; builder assignment requires primary confirmation.,
LH-EDGE-M5-01256,LH-PRODUCT-ECHO-RIDGE-TRAIL-RIDGE,BuilderProduct,listed_in_current_village,LH-VILLAGE-ECHO-RIDGE,Village,,,LH-PRODUCT-ECHO-RIDGE-TRAIL-RIDGE,LH-SRC-ACTIVERAIN-2010,low,3.0,current_name_product_crosswalk,Secondary directory; builder assignment requires primary confirmation.,
LH-EDGE-M5-01257,LH-PRODUCT-ECHO-RIDGE-TRAIL-RIDGE,BuilderProduct,documented_by,LH-SRC-ACTIVERAIN-2010,Source,,,LH-PRODUCT-ECHO-RIDGE-TRAIL-RIDGE,LH-SRC-ACTIVERAIN-2010,low,3.0,reviewed,Secondary directory; builder assignment requires primary confirmation.,
LH-EDGE-M5-01258,LH-PRODUCT-FLINTRIDGE-BELMONT-HILL,BuilderProduct,builder_reported_as,LH-BUILDER-WARMINGTON-HOMES,Builder,,,LH-PRODUCT-FLINTRIDGE-BELMONT-HILL,LH-SRC-ACTIVERAIN-2010,low,3.0,secondary_directory_only,Secondary directory; builder assignment requires primary confirmation.,
LH-EDGE-M5-01259,LH-PRODUCT-FLINTRIDGE-BELMONT-HILL,BuilderProduct,listed_in_current_village,LH-VILLAGE-FLINTRIDGE,Village,,,LH-PRODUCT-FLINTRIDGE-BELMONT-HILL,LH-SRC-ACTIVERAIN-2010,low,3.0,current_name_product_crosswalk,Secondary directory; builder assignment requires primary confirmation.,
LH-EDGE-M5-01260,LH-PRODUCT-FLINTRIDGE-BELMONT-HILL,BuilderProduct,documented_by,LH-SRC-ACTIVERAIN-2010,Source,,,LH-PRODUCT-FLINTRIDGE-BELMONT-HILL,LH-SRC-ACTIVERAIN-2010,low,3.0,reviewed,Secondary directory; builder assignment requires primary confirmation.,
LH-EDGE-M5-01261,LH-PRODUCT-FLINTRIDGE-CHIMNEY-CORNERS,BuilderProduct,builder_reported_as,LH-BUILDER-JOHN-LAING-HOMES,Builder,,,LH-PRODUCT-FLINTRIDGE-CHIMNEY-CORNERS,LH-SRC-ACTIVERAIN-2010,low,3.0,secondary_directory_only,Secondary directory; builder assignment requires primary confirmation.,
LH-EDGE-M5-01262,LH-PRODUCT-FLINTRIDGE-CHIMNEY-CORNERS,BuilderProduct,listed_in_current_village,LH-VILLAGE-FLINTRIDGE,Village,,,LH-PRODUCT-FLINTRIDGE-CHIMNEY-CORNERS,LH-SRC-ACTIVERAIN-2010,low,3.0,current_name_product_crosswalk,Secondary directory; builder assignment requires primary confirmation.,
LH-EDGE-M5-01263,LH-PRODUCT-FLINTRIDGE-CHIMNEY-CORNERS,BuilderProduct,documented_by,LH-SRC-ACTIVERAIN-2010,Source,,,LH-PRODUCT-FLINTRIDGE-CHIMNEY-CORNERS,LH-SRC-ACTIVERAIN-2010,low,3.0,reviewed,Secondary directory; builder assignment requires primary confirmation.,
LH-EDGE-M5-01264,LH-PRODUCT-FLINTRIDGE-CLIFTON-HEIGHTS,BuilderProduct,builder_reported_as,LH-BUILDER-CENTEX-HOMES,Builder,,,LH-PRODUCT-FLINTRIDGE-CLIFTON-HEIGHTS,LH-SRC-ACTIVERAIN-2010,low,3.0,secondary_directory_only,Secondary directory; builder assignment requires primary confirmation.,
LH-EDGE-M5-01265,LH-PRODUCT-FLINTRIDGE-CLIFTON-HEIGHTS,BuilderProduct,listed_in_current_village,LH-VILLAGE-FLINTRIDGE,Village,,,LH-PRODUCT-FLINTRIDGE-CLIFTON-HEIGHTS,LH-SRC-ACTIVERAIN-2010,low,3.0,current_name_product_crosswalk,Secondary directory; builder assignment requires primary confirmation.,
LH-EDGE-M5-01266,LH-PRODUCT-FLINTRIDGE-CLIFTON-HEIGHTS,BuilderProduct,documented_by,LH-SRC-ACTIVERAIN-2010,Source,,,LH-PRODUCT-FLINTRIDGE-CLIFTON-HEIGHTS,LH-SRC-ACTIVERAIN-2010,low,3.0,reviewed,Secondary directory; builder assignment requires primary confirmation.,
LH-EDGE-M5-01267,LH-PRODUCT-FLINTRIDGE-HAMPTON-ROAD,BuilderProduct,builder_reported_as,LH-BUILDER-WILLIAM-LYON-HOMES,Builder,,,LH-PRODUCT-FLINTRIDGE-HAMPTON-ROAD,LH-SRC-ACTIVERAIN-2010,low,3.0,secondary_directory_only,Secondary directory; builder assignment requires primary confirmation.,
LH-EDGE-M5-01268,LH-PRODUCT-FLINTRIDGE-HAMPTON-ROAD,BuilderProduct,listed_in_current_village,LH-VILLAGE-FLINTRIDGE,Village,,,LH-PRODUCT-FLINTRIDGE-HAMPTON-ROAD,LH-SRC-ACTIVERAIN-2010,low,3.0,current_name_product_crosswalk,Secondary directory; builder assignment requires primary confirmation.,
LH-EDGE-M5-01269,LH-PRODUCT-FLINTRIDGE-HAMPTON-ROAD,BuilderProduct,documented_by,LH-SRC-ACTIVERAIN-2010,Source,,,LH-PRODUCT-FLINTRIDGE-HAMPTON-ROAD,LH-SRC-ACTIVERAIN-2010,low,3.0,reviewed,Secondary directory; builder assignment requires primary confirmation.,
LH-EDGE-M5-01270,LH-PRODUCT-FLINTRIDGE-RESTON,BuilderProduct,builder_reported_as,LH-BUILDER-WILLIAM-LYON-HOMES,Builder,,,LH-PRODUCT-FLINTRIDGE-RESTON,LH-SRC-ACTIVERAIN-2010,low,3.0,secondary_directory_only,Secondary directory; builder assignment requires primary confirmation.,
LH-EDGE-M5-01271,LH-PRODUCT-FLINTRIDGE-RESTON,BuilderProduct,listed_in_current_village,LH-VILLAGE-FLINTRIDGE,Village,,,LH-PRODUCT-FLINTRIDGE-RESTON,LH-SRC-ACTIVERAIN-2010,low,3.0,current_name_product_crosswalk,Secondary directory; builder assignment requires primary confirmation.,
LH-EDGE-M5-01272,LH-PRODUCT-FLINTRIDGE-RESTON,BuilderProduct,documented_by,LH-SRC-ACTIVERAIN-2010,Source,,,LH-PRODUCT-FLINTRIDGE-RESTON,LH-SRC-ACTIVERAIN-2010,low,3.0,reviewed,Secondary directory; builder assignment requires primary confirmation.,
LH-EDGE-M5-01273,LH-PRODUCT-OAK-KNOLL-AMBERLY-LANE,BuilderProduct,builder_reported_as,LH-BUILDER-TAYLOR-WOODROW,Builder,,,LH-PRODUCT-OAK-KNOLL-AMBERLY-LANE,LH-SRC-ACTIVERAIN-2010,low,3.0,secondary_directory_only,Secondary directory; builder assignment requires primary confirmation.,
LH-EDGE-M5-01274,LH-PRODUCT-OAK-KNOLL-AMBERLY-LANE,BuilderProduct,listed_in_current_village,LH-VILLAGE-OAK-KNOLL,Village,,,LH-PRODUCT-OAK-KNOLL-AMBERLY-LANE,LH-SRC-ACTIVERAIN-2010,low,3.0,current_name_product_crosswalk,Secondary directory; builder assignment requires primary confirmation.,
LH-EDGE-M5-01275,LH-PRODUCT-OAK-KNOLL-AMBERLY-LANE,BuilderProduct,documented_by,LH-SRC-ACTIVERAIN-2010,Source,,,LH-PRODUCT-OAK-KNOLL-AMBERLY-LANE,LH-SRC-ACTIVERAIN-2010,low,3.0,reviewed,Secondary directory; builder assignment requires primary confirmation.,
LH-EDGE-M5-01276,LH-PRODUCT-OAK-KNOLL-FAIRFIELD,BuilderProduct,builder_reported_as,LH-BUILDER-TAYLOR-WOODROW,Builder,,,LH-PRODUCT-OAK-KNOLL-FAIRFIELD,LH-SRC-ACTIVERAIN-2010,low,3.0,secondary_directory_only,Secondary directory; builder assignment requires primary confirmation.,
LH-EDGE-M5-01277,LH-PRODUCT-OAK-KNOLL-FAIRFIELD,BuilderProduct,listed_in_current_village,LH-VILLAGE-OAK-KNOLL,Village,,,LH-PRODUCT-OAK-KNOLL-FAIRFIELD,LH-SRC-ACTIVERAIN-2010,low,3.0,current_name_product_crosswalk,Secondary directory; builder assignment requires primary confirmation.,
LH-EDGE-M5-01278,LH-PRODUCT-OAK-KNOLL-FAIRFIELD,BuilderProduct,documented_by,LH-SRC-ACTIVERAIN-2010,Source,,,LH-PRODUCT-OAK-KNOLL-FAIRFIELD,LH-SRC-ACTIVERAIN-2010,low,3.0,reviewed,Secondary directory; builder assignment requires primary confirmation.,
LH-EDGE-M5-01279,LH-PRODUCT-OAK-KNOLL-MAPLEWOOD,BuilderProduct,builder_reported_as,LH-BUILDER-WILLIAM-LYON-HOMES,Builder,,,LH-PRODUCT-OAK-KNOLL-MAPLEWOOD,LH-SRC-ACTIVERAIN-2010,low,3.0,secondary_directory_only,Secondary directory; builder assignment requires primary confirmation.,
LH-EDGE-M5-01280,LH-PRODUCT-OAK-KNOLL-MAPLEWOOD,BuilderProduct,listed_in_current_village,LH-VILLAGE-OAK-KNOLL,Village,,,LH-PRODUCT-OAK-KNOLL-MAPLEWOOD,LH-SRC-ACTIVERAIN-2010,low,3.0,current_name_product_crosswalk,Secondary directory; builder assignment requires primary confirmation.,
LH-EDGE-M5-01281,LH-PRODUCT-OAK-KNOLL-MAPLEWOOD,BuilderProduct,documented_by,LH-SRC-ACTIVERAIN-2010,Source,,,LH-PRODUCT-OAK-KNOLL-MAPLEWOOD,LH-SRC-ACTIVERAIN-2010,low,3.0,reviewed,Secondary directory; builder assignment requires primary confirmation.,
LH-EDGE-M5-01282,LH-PRODUCT-OAK-KNOLL-PRESCOTT,BuilderProduct,builder_reported_as,LH-BUILDER-WILLIAM-LYON-HOMES,Builder,,,LH-PRODUCT-OAK-KNOLL-PRESCOTT,LH-SRC-ACTIVERAIN-2010,low,3.0,secondary_directory_only,Secondary directory; builder assignment requires primary confirmation.,
LH-EDGE-M5-01283,LH-PRODUCT-OAK-KNOLL-PRESCOTT,BuilderProduct,listed_in_current_village,LH-VILLAGE-OAK-KNOLL,Village,,,LH-PRODUCT-OAK-KNOLL-PRESCOTT,LH-SRC-ACTIVERAIN-2010,low,3.0,current_name_product_crosswalk,Secondary directory; builder assignment requires primary confirmation.,
LH-EDGE-M5-01284,LH-PRODUCT-OAK-KNOLL-PRESCOTT,BuilderProduct,documented_by,LH-SRC-ACTIVERAIN-2010,Source,,,LH-PRODUCT-OAK-KNOLL-PRESCOTT,LH-SRC-ACTIVERAIN-2010,low,3.0,reviewed,Secondary directory; builder assignment requires primary confirmation.,
LH-EDGE-M5-01285,LH-PRODUCT-OAK-KNOLL-SARASOTA,BuilderProduct,builder_reported_as,LH-BUILDER-BROOKFIELD-HOMES,Builder,,,LH-PRODUCT-OAK-KNOLL-SARASOTA,LH-SRC-ACTIVERAIN-2010,low,3.0,secondary_directory_only,Secondary directory; builder assignment requires primary confirmation.,
LH-EDGE-M5-01286,LH-PRODUCT-OAK-KNOLL-SARASOTA,BuilderProduct,listed_in_current_village,LH-VILLAGE-OAK-KNOLL,Village,,,LH-PRODUCT-OAK-KNOLL-SARASOTA,LH-SRC-ACTIVERAIN-2010,low,3.0,current_name_product_crosswalk,Secondary directory; builder assignment requires primary confirmation.,
LH-EDGE-M5-01287,LH-PRODUCT-OAK-KNOLL-SARASOTA,BuilderProduct,documented_by,LH-SRC-ACTIVERAIN-2010,Source,,,LH-PRODUCT-OAK-KNOLL-SARASOTA,LH-SRC-ACTIVERAIN-2010,low,3.0,reviewed,Secondary directory; builder assignment requires primary confirmation.,
LH-EDGE-M5-01288,LH-PRODUCT-OAK-KNOLL-SHADY-LANE,BuilderProduct,builder_reported_as,LH-BUILDER-SHEA-HOMES,Builder,,,LH-PRODUCT-OAK-KNOLL-SHADY-LANE,LH-SRC-ACTIVERAIN-2010,low,3.0,secondary_directory_only,Secondary directory; builder assignment requires primary confirmation.,
LH-EDGE-M5-01289,LH-PRODUCT-OAK-KNOLL-SHADY-LANE,BuilderProduct,listed_in_current_village,LH-VILLAGE-OAK-KNOLL,Village,,,LH-PRODUCT-OAK-KNOLL-SHADY-LANE,LH-SRC-ACTIVERAIN-2010,low,3.0,current_name_product_crosswalk,Secondary directory; builder assignment requires primary confirmation.,
LH-EDGE-M5-01290,LH-PRODUCT-OAK-KNOLL-SHADY-LANE,BuilderProduct,documented_by,LH-SRC-ACTIVERAIN-2010,Source,,,LH-PRODUCT-OAK-KNOLL-SHADY-LANE,LH-SRC-ACTIVERAIN-2010,low,3.0,reviewed,Secondary directory; builder assignment requires primary confirmation.,
LH-EDGE-M5-01291,LH-PRODUCT-OAK-KNOLL-SYCAMORE-GROVE,BuilderProduct,builder_reported_as,LH-BUILDER-SHEA-HOMES,Builder,,,LH-PRODUCT-OAK-KNOLL-SYCAMORE-GROVE,LH-SRC-ACTIVERAIN-2010,low,3.0,secondary_directory_only,Secondary directory; builder assignment requires primary confirmation.,
LH-EDGE-M5-01292,LH-PRODUCT-OAK-KNOLL-SYCAMORE-GROVE,BuilderProduct,listed_in_current_village,LH-VILLAGE-OAK-KNOLL,Village,,,LH-PRODUCT-OAK-KNOLL-SYCAMORE-GROVE,LH-SRC-ACTIVERAIN-2010,low,3.0,current_name_product_crosswalk,Secondary directory; builder assignment requires primary confirmation.,
LH-EDGE-M5-01293,LH-PRODUCT-OAK-KNOLL-SYCAMORE-GROVE,BuilderProduct,documented_by,LH-SRC-ACTIVERAIN-2010,Source,,,LH-PRODUCT-OAK-KNOLL-SYCAMORE-GROVE,LH-SRC-ACTIVERAIN-2010,low,3.0,reviewed,Secondary directory; builder assignment requires primary confirmation.,
LH-EDGE-M5-01294,LH-PRODUCT-OAK-KNOLL-TRAILS,BuilderProduct,builder_reported_as,LH-BUILDER-JOHN-LAING-HOMES,Builder,,,LH-PRODUCT-OAK-KNOLL-TRAILS,LH-SRC-ACTIVERAIN-2010,low,3.0,secondary_directory_only,Secondary directory; builder assignment requires primary confirmation.,
LH-EDGE-M5-01295,LH-PRODUCT-OAK-KNOLL-TRAILS,BuilderProduct,listed_in_current_village,LH-VILLAGE-OAK-KNOLL,Village,,,LH-PRODUCT-OAK-KNOLL-TRAILS,LH-SRC-ACTIVERAIN-2010,low,3.0,current_name_product_crosswalk,Secondary directory; builder assignment requires primary confirmation.,
LH-EDGE-M5-01296,LH-PRODUCT-OAK-KNOLL-TRAILS,BuilderProduct,documented_by,LH-SRC-ACTIVERAIN-2010,Source,,,LH-PRODUCT-OAK-KNOLL-TRAILS,LH-SRC-ACTIVERAIN-2010,low,3.0,reviewed,Secondary directory; builder assignment requires primary confirmation.,
LH-EDGE-M5-01297,LH-PRODUCT-OAK-KNOLL-WHISPERING-CREEK-GLEN,BuilderProduct,builder_reported_as,LH-BUILDER-SHEA-HOMES,Builder,,,LH-PRODUCT-OAK-KNOLL-WHISPERING-CREEK-GLEN,LH-SRC-ACTIVERAIN-2010,low,3.0,secondary_directory_only,Secondary directory; builder assignment requires primary confirmation.,
LH-EDGE-M5-01298,LH-PRODUCT-OAK-KNOLL-WHISPERING-CREEK-GLEN,BuilderProduct,listed_in_current_village,LH-VILLAGE-OAK-KNOLL,Village,,,LH-PRODUCT-OAK-KNOLL-WHISPERING-CREEK-GLEN,LH-SRC-ACTIVERAIN-2010,low,3.0,current_name_product_crosswalk,Secondary directory; builder assignment requires primary confirmation.,
LH-EDGE-M5-01299,LH-PRODUCT-OAK-KNOLL-WHISPERING-CREEK-GLEN,BuilderProduct,documented_by,LH-SRC-ACTIVERAIN-2010,Source,,,LH-PRODUCT-OAK-KNOLL-WHISPERING-CREEK-GLEN,LH-SRC-ACTIVERAIN-2010,low,3.0,reviewed,Secondary directory; builder assignment requires primary confirmation.,
LH-EDGE-M5-01300,LH-PRODUCT-OAK-KNOLL-WYETH,BuilderProduct,builder_reported_as,LH-BUILDER-BROOKFIELD-HOMES,Builder,,,LH-PRODUCT-OAK-KNOLL-WYETH,LH-SRC-ACTIVERAIN-2010,low,3.0,secondary_directory_only,Secondary directory; builder assignment requires primary confirmation.,
LH-EDGE-M5-01301,LH-PRODUCT-OAK-KNOLL-WYETH,BuilderProduct,listed_in_current_village,LH-VILLAGE-OAK-KNOLL,Village,,,LH-PRODUCT-OAK-KNOLL-WYETH,LH-SRC-ACTIVERAIN-2010,low,3.0,current_name_product_crosswalk,Secondary directory; builder assignment requires primary confirmation.,
LH-EDGE-M5-01302,LH-PRODUCT-OAK-KNOLL-WYETH,BuilderProduct,documented_by,LH-SRC-ACTIVERAIN-2010,Source,,,LH-PRODUCT-OAK-KNOLL-WYETH,LH-SRC-ACTIVERAIN-2010,low,3.0,reviewed,Secondary directory; builder assignment requires primary confirmation.,
LH-EDGE-M5-01303,LH-PRODUCT-TERRAMOR-ARBORAGE,BuilderProduct,builder_reported_as,LH-BUILDER-RICHMOND-AMERICAN,Builder,,2006-12-31,LH-PRODUCT-TERRAMOR-ARBORAGE,LH-SRC-OC-BOND-2006Q4,high,3.0,county_primary_controls,Counts are CFD product-table permit and closed-escrow milestones. A full count bounds the product's reported status but does not date every building completion or individual move-in.,
LH-EDGE-M5-01304,LH-PRODUCT-TERRAMOR-ARBORAGE,BuilderProduct,listed_in_current_village,LH-VILLAGE-TERRAMOR,Village,,,LH-PRODUCT-TERRAMOR-ARBORAGE,LH-SRC-OC-BOND-2006Q4,high,3.0,current_name_product_crosswalk,Counts are CFD product-table permit and closed-escrow milestones. A full count bounds the product's reported status but does not date every building completion or individual move-in.,
LH-EDGE-M5-01305,LH-PRODUCT-TERRAMOR-ARBORAGE,BuilderProduct,documented_by,LH-SRC-OC-BOND-2006Q4,Source,,,LH-PRODUCT-TERRAMOR-ARBORAGE,LH-SRC-OC-BOND-2006Q4,high,3.0,reviewed,Counts are CFD product-table permit and closed-escrow milestones. A full count bounds the product's reported status but does not date every building completion or individual move-in.,
LH-EDGE-M5-01306,LH-PRODUCT-TERRAMOR-BANISTER-STREET,BuilderProduct,builder_reported_as,LH-BUILDER-STANDARD-PACIFIC,Builder,,2006-12-31,LH-PRODUCT-TERRAMOR-BANISTER-STREET,LH-SRC-OC-BOND-2006Q4,high,3.0,county_primary_controls,Counts are CFD product-table permit and closed-escrow milestones. A full count bounds the product's reported status but does not date every building completion or individual move-in.,
LH-EDGE-M5-01307,LH-PRODUCT-TERRAMOR-BANISTER-STREET,BuilderProduct,listed_in_current_village,LH-VILLAGE-TERRAMOR,Village,,,LH-PRODUCT-TERRAMOR-BANISTER-STREET,LH-SRC-OC-BOND-2006Q4,high,3.0,current_name_product_crosswalk,Counts are CFD product-table permit and closed-escrow milestones. A full count bounds the product's reported status but does not date every building completion or individual move-in.,
LH-EDGE-M5-01308,LH-PRODUCT-TERRAMOR-BANISTER-STREET,BuilderProduct,documented_by,LH-SRC-OC-BOND-2006Q4,Source,,,LH-PRODUCT-TERRAMOR-BANISTER-STREET,LH-SRC-OC-BOND-2006Q4,high,3.0,reviewed,Counts are CFD product-table permit and closed-escrow milestones. A full count bounds the product's reported status but does not date every building completion or individual move-in.,
LH-EDGE-M5-01309,LH-PRODUCT-TERRAMOR-BRANCHES,BuilderProduct,builder_reported_as,LH-BUILDER-STANDARD-PACIFIC,Builder,,,LH-PRODUCT-TERRAMOR-BRANCHES,LH-SRC-OC-BOND-2006Q4,high,3.0,county_primary_controls,Counts are CFD product-table permit and closed-escrow milestones. A full count bounds the product's reported status but does not date every building completion or individual move-in.,
LH-EDGE-M5-01310,LH-PRODUCT-TERRAMOR-BRANCHES,BuilderProduct,listed_in_current_village,LH-VILLAGE-TERRAMOR,Village,,,LH-PRODUCT-TERRAMOR-BRANCHES,LH-SRC-OC-BOND-2006Q4,high,3.0,current_name_product_crosswalk,Counts are CFD product-table permit and closed-escrow milestones. A full count bounds the product's reported status but does not date every building completion or individual move-in.,
LH-EDGE-M5-01311,LH-PRODUCT-TERRAMOR-BRANCHES,BuilderProduct,documented_by,LH-SRC-OC-BOND-2006Q4,Source,,,LH-PRODUCT-TERRAMOR-BRANCHES,LH-SRC-OC-BOND-2006Q4,high,3.0,reviewed,Counts are CFD product-table permit and closed-escrow milestones. A full count bounds the product's reported status but does not date every building completion or individual move-in.,
LH-EDGE-M5-01312,LH-PRODUCT-TERRAMOR-BRIAR-ROSE,BuilderProduct,builder_reported_as,LH-BUILDER-MBK-HOMES,Builder,,,LH-PRODUCT-TERRAMOR-BRIAR-ROSE,LH-SRC-OC-BOND-2006Q4,high,3.0,county_primary_controls,Counts are CFD product-table permit and closed-escrow milestones. A full count bounds the product's reported status but does not date every building completion or individual move-in.,
LH-EDGE-M5-01313,LH-PRODUCT-TERRAMOR-BRIAR-ROSE,BuilderProduct,listed_in_current_village,LH-VILLAGE-TERRAMOR,Village,,,LH-PRODUCT-TERRAMOR-BRIAR-ROSE,LH-SRC-OC-BOND-2006Q4,high,3.0,current_name_product_crosswalk,Counts are CFD product-table permit and closed-escrow milestones. A full count bounds the product's reported status but does not date every building completion or individual move-in.,
LH-EDGE-M5-01314,LH-PRODUCT-TERRAMOR-BRIAR-ROSE,BuilderProduct,documented_by,LH-SRC-OC-BOND-2006Q4,Source,,,LH-PRODUCT-TERRAMOR-BRIAR-ROSE,LH-SRC-OC-BOND-2006Q4,high,3.0,reviewed,Counts are CFD product-table permit and closed-escrow milestones. A full count bounds the product's reported status but does not date every building completion or individual move-in.,
LH-EDGE-M5-01315,LH-PRODUCT-TERRAMOR-CLAIBORNE,BuilderProduct,builder_reported_as,LH-BUILDER-PULTE-HOMES,Builder,,2006-12-31,LH-PRODUCT-TERRAMOR-CLAIBORNE,LH-SRC-OC-BOND-2006Q4,high,3.0,county_primary_controls,Counts are CFD product-table permit and closed-escrow milestones. A full count bounds the product's reported status but does not date every building completion or individual move-in.,
LH-EDGE-M5-01316,LH-PRODUCT-TERRAMOR-CLAIBORNE,BuilderProduct,listed_in_current_village,LH-VILLAGE-TERRAMOR,Village,,,LH-PRODUCT-TERRAMOR-CLAIBORNE,LH-SRC-OC-BOND-2006Q4,high,3.0,current_name_product_crosswalk,Counts are CFD product-table permit and closed-escrow milestones. A full count bounds the product's reported status but does not date every building completion or individual move-in.,
LH-EDGE-M5-01317,LH-PRODUCT-TERRAMOR-CLAIBORNE,BuilderProduct,documented_by,LH-SRC-OC-BOND-2006Q4,Source,,,LH-PRODUCT-TERRAMOR-CLAIBORNE,LH-SRC-OC-BOND-2006Q4,high,3.0,reviewed,Counts are CFD product-table permit and closed-escrow milestones. A full count bounds the product's reported status but does not date every building completion or individual move-in.,
LH-EDGE-M5-01318,LH-PRODUCT-TERRAMOR-EVERGREEN-LADERA,BuilderProduct,builder_reported_as,LH-BUILDER-PARDEE-HOMES,Builder,,2006-12-31,LH-PRODUCT-TERRAMOR-EVERGREEN-LADERA,LH-SRC-OC-BOND-2006Q4,high,3.0,county_primary_controls,Counts are CFD product-table permit and closed-escrow milestones. A full count bounds the product's reported status but does not date every building completion or individual move-in.,
LH-EDGE-M5-01319,LH-PRODUCT-TERRAMOR-EVERGREEN-LADERA,BuilderProduct,listed_in_current_village,LH-VILLAGE-TERRAMOR,Village,,,LH-PRODUCT-TERRAMOR-EVERGREEN-LADERA,LH-SRC-OC-BOND-2006Q4,high,3.0,current_name_product_crosswalk,Counts are CFD product-table permit and closed-escrow milestones. A full count bounds the product's reported status but does not date every building completion or individual move-in.,
LH-EDGE-M5-01320,LH-PRODUCT-TERRAMOR-EVERGREEN-LADERA,BuilderProduct,documented_by,LH-SRC-OC-BOND-2006Q4,Source,,,LH-PRODUCT-TERRAMOR-EVERGREEN-LADERA,LH-SRC-OC-BOND-2006Q4,high,3.0,reviewed,Counts are CFD product-table permit and closed-escrow milestones. A full count bounds the product's reported status but does not date every building completion or individual move-in.,
LH-EDGE-M5-01321,LH-PRODUCT-TERRAMOR-MOSAIC,BuilderProduct,builder_reported_as,LH-BUILDER-K-HOVNANIAN,Builder,,2006-12-31,LH-PRODUCT-TERRAMOR-MOSAIC,LH-SRC-OC-BOND-2006Q4,high,3.0,county_primary_controls,Counts are CFD product-table permit and closed-escrow milestones. A full count bounds the product's reported status but does not date every building completion or individual move-in.,
LH-EDGE-M5-01322,LH-PRODUCT-TERRAMOR-MOSAIC,BuilderProduct,listed_in_current_village,LH-VILLAGE-TERRAMOR,Village,,,LH-PRODUCT-TERRAMOR-MOSAIC,LH-SRC-OC-BOND-2006Q4,high,3.0,current_name_product_crosswalk,Counts are CFD product-table permit and closed-escrow milestones. A full count bounds the product's reported status but does not date every building completion or individual move-in.,
LH-EDGE-M5-01323,LH-PRODUCT-TERRAMOR-MOSAIC,BuilderProduct,documented_by,LH-SRC-OC-BOND-2006Q4,Source,,,LH-PRODUCT-TERRAMOR-MOSAIC,LH-SRC-OC-BOND-2006Q4,high,3.0,reviewed,Counts are CFD product-table permit and closed-escrow milestones. A full count bounds the product's reported status but does not date every building completion or individual move-in.,
LH-EDGE-M5-01324,LH-PRODUCT-TERRAMOR-SEDONA,BuilderProduct,builder_reported_as,LH-BUILDER-SHEA-HOMES,Builder,,2006-12-31,LH-PRODUCT-TERRAMOR-SEDONA,LH-SRC-OC-BOND-2006Q4,high,3.0,county_primary_controls,Counts are CFD product-table permit and closed-escrow milestones. A full count bounds the product's reported status but does not date every building completion or individual move-in.,
LH-EDGE-M5-01325,LH-PRODUCT-TERRAMOR-SEDONA,BuilderProduct,listed_in_current_village,LH-VILLAGE-TERRAMOR,Village,,,LH-PRODUCT-TERRAMOR-SEDONA,LH-SRC-OC-BOND-2006Q4,high,3.0,current_name_product_crosswalk,Counts are CFD product-table permit and closed-escrow milestones. A full count bounds the product's reported status but does not date every building completion or individual move-in.,
LH-EDGE-M5-01326,LH-PRODUCT-TERRAMOR-SEDONA,BuilderProduct,documented_by,LH-SRC-OC-BOND-2006Q4,Source,,,LH-PRODUCT-TERRAMOR-SEDONA,LH-SRC-OC-BOND-2006Q4,high,3.0,reviewed,Counts are CFD product-table permit and closed-escrow milestones. A full count bounds the product's reported status but does not date every building completion or individual move-in.,
LH-EDGE-M5-01327,LH-PRODUCT-TERRAMOR-SUTTER-S-MILL,BuilderProduct,builder_reported_as,LH-BUILDER-CENTEX-HOMES,Builder,,2006-12-31,LH-PRODUCT-TERRAMOR-SUTTER-S-MILL,LH-SRC-OC-BOND-2006Q4,high,3.0,county_primary_controls,Counts are CFD product-table permit and closed-escrow milestones. A full count bounds the product's reported status but does not date every building completion or individual move-in.,
LH-EDGE-M5-01328,LH-PRODUCT-TERRAMOR-SUTTER-S-MILL,BuilderProduct,listed_in_current_village,LH-VILLAGE-TERRAMOR,Village,,,LH-PRODUCT-TERRAMOR-SUTTER-S-MILL,LH-SRC-OC-BOND-2006Q4,high,3.0,current_name_product_crosswalk,Counts are CFD product-table permit and closed-escrow milestones. A full count bounds the product's reported status but does not date every building completion or individual move-in.,
LH-EDGE-M5-01329,LH-PRODUCT-TERRAMOR-SUTTER-S-MILL,BuilderProduct,documented_by,LH-SRC-OC-BOND-2006Q4,Source,,,LH-PRODUCT-TERRAMOR-SUTTER-S-MILL,LH-SRC-OC-BOND-2006Q4,high,3.0,reviewed,Counts are CFD product-table permit and closed-escrow milestones. A full count bounds the product's reported status but does not date every building completion or individual move-in.,
LH-EDGE-M5-01330,LH-PRODUCT-TERRAMOR-TARLETON,BuilderProduct,builder_reported_as,LH-BUILDER-D-R-HORTON,Builder,,2006-12-31,LH-PRODUCT-TERRAMOR-TARLETON,LH-SRC-OC-BOND-2006Q4,high,3.0,county_primary_controls,Counts are CFD product-table permit and closed-escrow milestones. A full count bounds the product's reported status but does not date every building completion or individual move-in.,
LH-EDGE-M5-01331,LH-PRODUCT-TERRAMOR-TARLETON,BuilderProduct,listed_in_current_village,LH-VILLAGE-TERRAMOR,Village,,,LH-PRODUCT-TERRAMOR-TARLETON,LH-SRC-OC-BOND-2006Q4,high,3.0,current_name_product_crosswalk,Counts are CFD product-table permit and closed-escrow milestones. A full count bounds the product's reported status but does not date every building completion or individual move-in.,
LH-EDGE-M5-01332,LH-PRODUCT-TERRAMOR-TARLETON,BuilderProduct,documented_by,LH-SRC-OC-BOND-2006Q4,Source,,,LH-PRODUCT-TERRAMOR-TARLETON,LH-SRC-OC-BOND-2006Q4,high,3.0,reviewed,Counts are CFD product-table permit and closed-escrow milestones. A full count bounds the product's reported status but does not date every building completion or individual move-in.,
LH-EDGE-M5-01333,LH-PRODUCT-TERRAMOR-VALMONT,BuilderProduct,builder_reported_as,LH-BUILDER-D-R-HORTON,Builder,,2006-12-31,LH-PRODUCT-TERRAMOR-VALMONT,LH-SRC-OC-BOND-2006Q4,high,3.0,county_primary_controls,Counts are CFD product-table permit and closed-escrow milestones. A full count bounds the product's reported status but does not date every building completion or individual move-in.,
LH-EDGE-M5-01334,LH-PRODUCT-TERRAMOR-VALMONT,BuilderProduct,listed_in_current_village,LH-VILLAGE-TERRAMOR,Village,,,LH-PRODUCT-TERRAMOR-VALMONT,LH-SRC-OC-BOND-2006Q4,high,3.0,current_name_product_crosswalk,Counts are CFD product-table permit and closed-escrow milestones. A full count bounds the product's reported status but does not date every building completion or individual move-in.,
LH-EDGE-M5-01335,LH-PRODUCT-TERRAMOR-VALMONT,BuilderProduct,documented_by,LH-SRC-OC-BOND-2006Q4,Source,,,LH-PRODUCT-TERRAMOR-VALMONT,LH-SRC-OC-BOND-2006Q4,high,3.0,reviewed,Counts are CFD product-table permit and closed-escrow milestones. A full count bounds the product's reported status but does not date every building completion or individual move-in.,
LH-EDGE-M5-01336,LH-PRODUCT-TERRAMOR-WALDEN-PARK,BuilderProduct,builder_reported_as,LH-BUILDER-WILLIAM-LYON-HOMES,Builder,,2006-12-31,LH-PRODUCT-TERRAMOR-WALDEN-PARK,LH-SRC-OC-BOND-2006Q4,high,3.0,county_primary_controls,Counts are CFD product-table permit and closed-escrow milestones. A full count bounds the product's reported status but does not date every building completion or individual move-in.,
LH-EDGE-M5-01337,LH-PRODUCT-TERRAMOR-WALDEN-PARK,BuilderProduct,listed_in_current_village,LH-VILLAGE-TERRAMOR,Village,,,LH-PRODUCT-TERRAMOR-WALDEN-PARK,LH-SRC-OC-BOND-2006Q4,high,3.0,current_name_product_crosswalk,Counts are CFD product-table permit and closed-escrow milestones. A full count bounds the product's reported status but does not date every building completion or individual move-in.,
LH-EDGE-M5-01338,LH-PRODUCT-TERRAMOR-WALDEN-PARK,BuilderProduct,documented_by,LH-SRC-OC-BOND-2006Q4,Source,,,LH-PRODUCT-TERRAMOR-WALDEN-PARK,LH-SRC-OC-BOND-2006Q4,high,3.0,reviewed,Counts are CFD product-table permit and closed-escrow milestones. A full count bounds the product's reported status but does not date every building completion or individual move-in.,
LH-EDGE-M5-01339,LH-PRODUCT-TOWNSHIP-ALDENHOUSE,BuilderProduct,builder_reported_as,LH-BUILDER-GREYSTONE,Builder,,,LH-PRODUCT-TOWNSHIP-ALDENHOUSE,LH-SRC-ACTIVERAIN-2010,low,3.0,secondary_directory_only,Secondary directory; builder assignment requires primary confirmation.,
LH-EDGE-M5-01340,LH-PRODUCT-TOWNSHIP-ALDENHOUSE,BuilderProduct,listed_in_current_village,LH-VILLAGE-TOWNSHIP,Village,,,LH-PRODUCT-TOWNSHIP-ALDENHOUSE,LH-SRC-ACTIVERAIN-2010,low,3.0,current_name_product_crosswalk,Secondary directory; builder assignment requires primary confirmation.,
LH-EDGE-M5-01341,LH-PRODUCT-TOWNSHIP-ALDENHOUSE,BuilderProduct,documented_by,LH-SRC-ACTIVERAIN-2010,Source,,,LH-PRODUCT-TOWNSHIP-ALDENHOUSE,LH-SRC-ACTIVERAIN-2010,low,3.0,reviewed,Secondary directory; builder assignment requires primary confirmation.,
LH-EDGE-M5-01342,LH-PRODUCT-TOWNSHIP-THE-GABLES,BuilderProduct,builder_reported_as,LH-BUILDER-K-HOVNANIAN,Builder,,,LH-PRODUCT-TOWNSHIP-THE-GABLES,LH-SRC-ACTIVERAIN-2010,low,3.0,secondary_directory_only,Secondary directory; builder assignment requires primary confirmation.,
LH-EDGE-M5-01343,LH-PRODUCT-TOWNSHIP-THE-GABLES,BuilderProduct,listed_in_current_village,LH-VILLAGE-TOWNSHIP,Village,,,LH-PRODUCT-TOWNSHIP-THE-GABLES,LH-SRC-ACTIVERAIN-2010,low,3.0,current_name_product_crosswalk,Secondary directory; builder assignment requires primary confirmation.,
LH-EDGE-M5-01344,LH-PRODUCT-TOWNSHIP-THE-GABLES,BuilderProduct,documented_by,LH-SRC-ACTIVERAIN-2010,Source,,,LH-PRODUCT-TOWNSHIP-THE-GABLES,LH-SRC-ACTIVERAIN-2010,low,3.0,reviewed,Secondary directory; builder assignment requires primary confirmation.,
LH-EDGE-M5-01345,LH-PRODUCT-TOWNSHIP-THREE-VINES,BuilderProduct,builder_reported_as,LH-BUILDER-CENTEX-HOMES,Builder,,,LH-PRODUCT-TOWNSHIP-THREE-VINES,LH-SRC-ACTIVERAIN-2010,low,3.0,secondary_directory_only,Secondary directory; builder assignment requires primary confirmation.,
LH-EDGE-M5-01346,LH-PRODUCT-TOWNSHIP-THREE-VINES,BuilderProduct,listed_in_current_village,LH-VILLAGE-TOWNSHIP,Village,,,LH-PRODUCT-TOWNSHIP-THREE-VINES,LH-SRC-ACTIVERAIN-2010,low,3.0,current_name_product_crosswalk,Secondary directory; builder assignment requires primary confirmation.,
LH-EDGE-M5-01347,LH-PRODUCT-TOWNSHIP-THREE-VINES,BuilderProduct,documented_by,LH-SRC-ACTIVERAIN-2010,Source,,,LH-PRODUCT-TOWNSHIP-THREE-VINES,LH-SRC-ACTIVERAIN-2010,low,3.0,reviewed,Secondary directory; builder assignment requires primary confirmation.,
LH-EDGE-M5-01348,LH-PRODUCT-WYCLIFFE-CHESAPEAKE,BuilderProduct,builder_reported_as,LH-BUILDER-RICHMOND-AMERICAN,Builder,,,LH-PRODUCT-WYCLIFFE-CHESAPEAKE,LH-SRC-ACTIVERAIN-2010,low,3.0,secondary_directory_only,Secondary directory; builder assignment requires primary confirmation.,
LH-EDGE-M5-01349,LH-PRODUCT-WYCLIFFE-CHESAPEAKE,BuilderProduct,listed_in_current_village,LH-VILLAGE-WYCLIFFE,Village,,,LH-PRODUCT-WYCLIFFE-CHESAPEAKE,LH-SRC-ACTIVERAIN-2010,low,3.0,current_name_product_crosswalk,Secondary directory; builder assignment requires primary confirmation.,
LH-EDGE-M5-01350,LH-PRODUCT-WYCLIFFE-CHESAPEAKE,BuilderProduct,documented_by,LH-SRC-ACTIVERAIN-2010,Source,,,LH-PRODUCT-WYCLIFFE-CHESAPEAKE,LH-SRC-ACTIVERAIN-2010,low,3.0,reviewed,Secondary directory; builder assignment requires primary confirmation.,
LH-EDGE-M5-01351,LH-PRODUCT-WYCLIFFE-DAVENPORT,BuilderProduct,builder_reported_as,LH-BUILDER-WILLIAM-LYON-HOMES,Builder,,,LH-PRODUCT-WYCLIFFE-DAVENPORT,LH-SRC-ACTIVERAIN-2010,low,3.0,secondary_directory_only,Secondary directory; builder assignment requires primary confirmation.,
LH-EDGE-M5-01352,LH-PRODUCT-WYCLIFFE-DAVENPORT,BuilderProduct,listed_in_current_village,LH-VILLAGE-WYCLIFFE,Village,,,LH-PRODUCT-WYCLIFFE-DAVENPORT,LH-SRC-ACTIVERAIN-2010,low,3.0,current_name_product_crosswalk,Secondary directory; builder assignment requires primary confirmation.,
LH-EDGE-M5-01353,LH-PRODUCT-WYCLIFFE-DAVENPORT,BuilderProduct,documented_by,LH-SRC-ACTIVERAIN-2010,Source,,,LH-PRODUCT-WYCLIFFE-DAVENPORT,LH-SRC-ACTIVERAIN-2010,low,3.0,reviewed,Secondary directory; builder assignment requires primary confirmation.,
LH-EDGE-M5-01354,LH-PRODUCT-WYCLIFFE-SANSOVINO,BuilderProduct,builder_reported_as,LH-BUILDER-D-R-HORTON,Builder,,,LH-PRODUCT-WYCLIFFE-SANSOVINO,LH-SRC-ACTIVERAIN-2010,low,3.0,secondary_directory_only,Secondary directory; builder assignment requires primary confirmation.,
LH-EDGE-M5-01355,LH-PRODUCT-WYCLIFFE-SANSOVINO,BuilderProduct,listed_in_current_village,LH-VILLAGE-WYCLIFFE,Village,,,LH-PRODUCT-WYCLIFFE-SANSOVINO,LH-SRC-ACTIVERAIN-2010,low,3.0,current_name_product_crosswalk,Secondary directory; builder assignment requires primary confirmation.,
LH-EDGE-M5-01356,LH-PRODUCT-WYCLIFFE-SANSOVINO,BuilderProduct,documented_by,LH-SRC-ACTIVERAIN-2010,Source,,,LH-PRODUCT-WYCLIFFE-SANSOVINO,LH-SRC-ACTIVERAIN-2010,low,3.0,reviewed,Secondary directory; builder assignment requires primary confirmation.,
LH-EDGE-M5-01357,LH-PRODUCT-WYCLIFFE-SURREY-FARM,BuilderProduct,builder_reported_as,LH-BUILDER-BARRATT-HOMES,Builder,,,LH-PRODUCT-WYCLIFFE-SURREY-FARM,LH-SRC-ACTIVERAIN-2010,low,3.0,secondary_directory_only,Secondary directory; builder assignment requires primary confirmation.,
LH-EDGE-M5-01358,LH-PRODUCT-WYCLIFFE-SURREY-FARM,BuilderProduct,listed_in_current_village,LH-VILLAGE-WYCLIFFE,Village,,,LH-PRODUCT-WYCLIFFE-SURREY-FARM,LH-SRC-ACTIVERAIN-2010,low,3.0,current_name_product_crosswalk,Secondary directory; builder assignment requires primary confirmation.,
LH-EDGE-M5-01359,LH-PRODUCT-WYCLIFFE-SURREY-FARM,BuilderProduct,documented_by,LH-SRC-ACTIVERAIN-2010,Source,,,LH-PRODUCT-WYCLIFFE-SURREY-FARM,LH-SRC-ACTIVERAIN-2010,low,3.0,reviewed,Secondary directory; builder assignment requires primary confirmation.,
LH-EDGE-M5-01360,LH-TRACT-15615,RecordedTract,current_address_product_candidate,LH-PRODUCT-OAK-KNOLL-SYCAMORE-GROVE,BuilderProduct,,,LH-TRACT-15615,LH-SRC-OC-TRACTS;LH-SRC-LARMAC-STREETS-2019;LH-SRC-OC-ADDRESS-POINTS;LH-SRC-ACTIVERAIN-2010,medium,3.0,enriched_but_physical_lifecycle_unresolved,"Mission 5 adds current geographic and product associations but does not transfer CFD aggregate dates to a tract. Permit, grading, certificate-of-occupancy, and address-level historical records remain required.",
LH-EDGE-M5-01361,LH-TRACT-15616,RecordedTract,current_address_product_candidate,LH-PRODUCT-OAK-KNOLL-SHADY-LANE,BuilderProduct,,,LH-TRACT-15616,LH-SRC-OC-TRACTS;LH-SRC-LARMAC-STREETS-2019;LH-SRC-OC-ADDRESS-POINTS;LH-SRC-ACTIVERAIN-2010,medium,3.0,enriched_but_physical_lifecycle_unresolved,"Mission 5 adds current geographic and product associations but does not transfer CFD aggregate dates to a tract. Permit, grading, certificate-of-occupancy, and address-level historical records remain required.",
LH-EDGE-M5-01362,LH-TRACT-15617,RecordedTract,current_address_product_candidate,LH-PRODUCT-OAK-KNOLL-PRESCOTT,BuilderProduct,,,LH-TRACT-15617,LH-SRC-OC-TRACTS;LH-SRC-LARMAC-STREETS-2019;LH-SRC-OC-ADDRESS-POINTS;LH-SRC-ACTIVERAIN-2010,medium,3.0,enriched_but_physical_lifecycle_unresolved,"Mission 5 adds current geographic and product associations but does not transfer CFD aggregate dates to a tract. Permit, grading, certificate-of-occupancy, and address-level historical records remain required.",
LH-EDGE-M5-01363,LH-TRACT-15618,RecordedTract,current_address_product_candidate,LH-PRODUCT-OAK-KNOLL-AMBERLY-LANE,BuilderProduct,,,LH-TRACT-15618,LH-SRC-OC-TRACTS;LH-SRC-LARMAC-STREETS-2019;LH-SRC-OC-ADDRESS-POINTS;LH-SRC-ACTIVERAIN-2010,medium,3.0,enriched_but_physical_lifecycle_unresolved,"Mission 5 adds current geographic and product associations but does not transfer CFD aggregate dates to a tract. Permit, grading, certificate-of-occupancy, and address-level historical records remain required.",
LH-EDGE-M5-01364,LH-TRACT-15620,RecordedTract,current_address_product_candidate,LH-PRODUCT-OAK-KNOLL-FAIRFIELD,BuilderProduct,,,LH-TRACT-15620,LH-SRC-OC-TRACTS;LH-SRC-LARMAC-STREETS-2019;LH-SRC-OC-ADDRESS-POINTS;LH-SRC-ACTIVERAIN-2010,medium,3.0,enriched_but_physical_lifecycle_unresolved,"Mission 5 adds current geographic and product associations but does not transfer CFD aggregate dates to a tract. Permit, grading, certificate-of-occupancy, and address-level historical records remain required.",
LH-EDGE-M5-01365,LH-TRACT-15621,RecordedTract,current_address_product_candidate,LH-PRODUCT-OAK-KNOLL-PRESCOTT,BuilderProduct,,,LH-TRACT-15621,LH-SRC-OC-TRACTS;LH-SRC-LARMAC-STREETS-2019;LH-SRC-OC-ADDRESS-POINTS;LH-SRC-ACTIVERAIN-2010,medium,3.0,enriched_but_physical_lifecycle_unresolved,"Mission 5 adds current geographic and product associations but does not transfer CFD aggregate dates to a tract. Permit, grading, certificate-of-occupancy, and address-level historical records remain required.",
LH-EDGE-M5-01366,LH-TRACT-15623,RecordedTract,current_address_product_candidate,LH-PRODUCT-OAK-KNOLL-FAIRFIELD,BuilderProduct,,,LH-TRACT-15623,LH-SRC-OC-TRACTS;LH-SRC-LARMAC-STREETS-2019;LH-SRC-OC-ADDRESS-POINTS;LH-SRC-ACTIVERAIN-2010,medium,3.0,enriched_but_physical_lifecycle_unresolved,"Mission 5 adds current geographic and product associations but does not transfer CFD aggregate dates to a tract. Permit, grading, certificate-of-occupancy, and address-level historical records remain required.",
LH-EDGE-M5-01367,LH-TRACT-15624,RecordedTract,current_address_product_candidate,LH-PRODUCT-OAK-KNOLL-WYETH,BuilderProduct,,,LH-TRACT-15624,LH-SRC-OC-TRACTS;LH-SRC-LARMAC-STREETS-2019;LH-SRC-OC-ADDRESS-POINTS;LH-SRC-ACTIVERAIN-2010,medium,3.0,enriched_but_physical_lifecycle_unresolved,"Mission 5 adds current geographic and product associations but does not transfer CFD aggregate dates to a tract. Permit, grading, certificate-of-occupancy, and address-level historical records remain required.",
LH-EDGE-M5-01368,LH-TRACT-15625,RecordedTract,current_address_product_candidate,LH-PRODUCT-OAK-KNOLL-WYETH,BuilderProduct,,,LH-TRACT-15625,LH-SRC-OC-TRACTS;LH-SRC-LARMAC-STREETS-2019;LH-SRC-OC-ADDRESS-POINTS;LH-SRC-ACTIVERAIN-2010,medium,3.0,enriched_but_physical_lifecycle_unresolved,"Mission 5 adds current geographic and product associations but does not transfer CFD aggregate dates to a tract. Permit, grading, certificate-of-occupancy, and address-level historical records remain required.",
LH-EDGE-M5-01369,LH-TRACT-15626,RecordedTract,current_address_product_candidate,LH-PRODUCT-OAK-KNOLL-AMBERLY-LANE,BuilderProduct,,,LH-TRACT-15626,LH-SRC-OC-TRACTS;LH-SRC-LARMAC-STREETS-2019;LH-SRC-OC-ADDRESS-POINTS;LH-SRC-ACTIVERAIN-2010,medium,3.0,enriched_but_physical_lifecycle_unresolved,"Mission 5 adds current geographic and product associations but does not transfer CFD aggregate dates to a tract. Permit, grading, certificate-of-occupancy, and address-level historical records remain required.",
LH-EDGE-M5-01370,LH-TRACT-15627,RecordedTract,current_address_product_candidate,LH-PRODUCT-OAK-KNOLL-MAPLEWOOD,BuilderProduct,,,LH-TRACT-15627,LH-SRC-OC-TRACTS;LH-SRC-LARMAC-STREETS-2019;LH-SRC-OC-ADDRESS-POINTS;LH-SRC-ACTIVERAIN-2010,medium,3.0,enriched_but_physical_lifecycle_unresolved,"Mission 5 adds current geographic and product associations but does not transfer CFD aggregate dates to a tract. Permit, grading, certificate-of-occupancy, and address-level historical records remain required.",
LH-EDGE-M5-01371,LH-TRACT-15629,RecordedTract,current_address_product_candidate,LH-PRODUCT-OAK-KNOLL-SARASOTA,BuilderProduct,,,LH-TRACT-15629,LH-SRC-OC-TRACTS;LH-SRC-LARMAC-STREETS-2019;LH-SRC-OC-ADDRESS-POINTS;LH-SRC-ACTIVERAIN-2010,medium,3.0,enriched_but_physical_lifecycle_unresolved,"Mission 5 adds current geographic and product associations but does not transfer CFD aggregate dates to a tract. Permit, grading, certificate-of-occupancy, and address-level historical records remain required.",
LH-EDGE-M5-01372,LH-TRACT-15631,RecordedTract,current_address_product_candidate,LH-PRODUCT-OAK-KNOLL-SARASOTA,BuilderProduct,,,LH-TRACT-15631,LH-SRC-OC-TRACTS;LH-SRC-LARMAC-STREETS-2019;LH-SRC-OC-ADDRESS-POINTS;LH-SRC-ACTIVERAIN-2010,medium,3.0,enriched_but_physical_lifecycle_unresolved,"Mission 5 adds current geographic and product associations but does not transfer CFD aggregate dates to a tract. Permit, grading, certificate-of-occupancy, and address-level historical records remain required.",
LH-EDGE-M5-01373,LH-TRACT-15632,RecordedTract,current_address_product_candidate,LH-PRODUCT-OAK-KNOLL-MAPLEWOOD,BuilderProduct,,,LH-TRACT-15632,LH-SRC-OC-TRACTS;LH-SRC-LARMAC-STREETS-2019;LH-SRC-OC-ADDRESS-POINTS;LH-SRC-ACTIVERAIN-2010,medium,3.0,enriched_but_physical_lifecycle_unresolved,"Mission 5 adds current geographic and product associations but does not transfer CFD aggregate dates to a tract. Permit, grading, certificate-of-occupancy, and address-level historical records remain required.",
LH-EDGE-M5-01374,LH-TRACT-15793,RecordedTract,current_address_product_candidate,LH-PRODUCT-COVENANT-HILLS-MONTANEZ,BuilderProduct,,,LH-TRACT-15793,LH-SRC-OC-TRACTS;LH-SRC-LARMAC-STREETS-2019;LH-SRC-OC-ADDRESS-POINTS;LH-SRC-OC-BOND-2006Q4;LH-SRC-OC-BOND-2011Q4,medium,3.0,enriched_but_physical_lifecycle_unresolved,"Mission 5 adds current geographic and product associations but does not transfer CFD aggregate dates to a tract. Permit, grading, certificate-of-occupancy, and address-level historical records remain required.",
LH-EDGE-M5-01375,LH-TRACT-15884,RecordedTract,current_address_product_candidate,LH-PRODUCT-AVENDALE-FRONT-STREET,BuilderProduct,,,LH-TRACT-15884,LH-SRC-OC-TRACTS;LH-SRC-LARMAC-STREETS-2019;LH-SRC-OC-ADDRESS-POINTS;LH-SRC-ACTIVERAIN-2010,medium,3.0,enriched_but_physical_lifecycle_unresolved,"Mission 5 adds current geographic and product associations but does not transfer CFD aggregate dates to a tract. Permit, grading, certificate-of-occupancy, and address-level historical records remain required.",
LH-EDGE-M5-01376,LH-TRACT-15884,RecordedTract,current_address_product_candidate,LH-PRODUCT-TOWNSHIP-THE-GABLES,BuilderProduct,,,LH-TRACT-15884,LH-SRC-OC-TRACTS;LH-SRC-LARMAC-STREETS-2019;LH-SRC-OC-ADDRESS-POINTS;LH-SRC-ACTIVERAIN-2010,medium,3.0,enriched_but_physical_lifecycle_unresolved,"Mission 5 adds current geographic and product associations but does not transfer CFD aggregate dates to a tract. Permit, grading, certificate-of-occupancy, and address-level historical records remain required.",
LH-EDGE-M5-01377,LH-TRACT-15885,RecordedTract,current_address_product_candidate,LH-PRODUCT-TOWNSHIP-THREE-VINES,BuilderProduct,,,LH-TRACT-15885,LH-SRC-OC-TRACTS;LH-SRC-LARMAC-STREETS-2019;LH-SRC-OC-ADDRESS-POINTS;LH-SRC-ACTIVERAIN-2010,medium,3.0,enriched_but_physical_lifecycle_unresolved,"Mission 5 adds current geographic and product associations but does not transfer CFD aggregate dates to a tract. Permit, grading, certificate-of-occupancy, and address-level historical records remain required.",
LH-EDGE-M5-01378,LH-TRACT-15886,RecordedTract,current_address_product_candidate,LH-PRODUCT-TOWNSHIP-THE-GABLES,BuilderProduct,,,LH-TRACT-15886,LH-SRC-OC-TRACTS;LH-SRC-LARMAC-STREETS-2019;LH-SRC-OC-ADDRESS-POINTS;LH-SRC-ACTIVERAIN-2010,medium,3.0,enriched_but_physical_lifecycle_unresolved,"Mission 5 adds current geographic and product associations but does not transfer CFD aggregate dates to a tract. Permit, grading, certificate-of-occupancy, and address-level historical records remain required.",
LH-EDGE-M5-01379,LH-TRACT-15887,RecordedTract,current_address_product_candidate,LH-PRODUCT-TOWNSHIP-ALDENHOUSE,BuilderProduct,,,LH-TRACT-15887,LH-SRC-OC-TRACTS;LH-SRC-LARMAC-STREETS-2019;LH-SRC-OC-ADDRESS-POINTS;LH-SRC-ACTIVERAIN-2010,medium,3.0,enriched_but_physical_lifecycle_unresolved,"Mission 5 adds current geographic and product associations but does not transfer CFD aggregate dates to a tract. Permit, grading, certificate-of-occupancy, and address-level historical records remain required.",
LH-EDGE-M5-01380,LH-TRACT-15888,RecordedTract,current_address_product_candidate,LH-PRODUCT-TOWNSHIP-THE-GABLES,BuilderProduct,,,LH-TRACT-15888,LH-SRC-OC-TRACTS;LH-SRC-LARMAC-STREETS-2019;LH-SRC-OC-ADDRESS-POINTS;LH-SRC-ACTIVERAIN-2010,medium,3.0,enriched_but_physical_lifecycle_unresolved,"Mission 5 adds current geographic and product associations but does not transfer CFD aggregate dates to a tract. Permit, grading, certificate-of-occupancy, and address-level historical records remain required.",
LH-EDGE-M5-01381,LH-TRACT-15901,RecordedTract,current_address_product_candidate,LH-PRODUCT-FLINTRIDGE-RESTON,BuilderProduct,,,LH-TRACT-15901,LH-SRC-OC-TRACTS;LH-SRC-LARMAC-STREETS-2019;LH-SRC-OC-ADDRESS-POINTS;LH-SRC-ACTIVERAIN-2010,medium,3.0,enriched_but_physical_lifecycle_unresolved,"Mission 5 adds current geographic and product associations but does not transfer CFD aggregate dates to a tract. Permit, grading, certificate-of-occupancy, and address-level historical records remain required.",
LH-EDGE-M5-01382,LH-TRACT-15902,RecordedTract,current_address_product_candidate,LH-PRODUCT-FLINTRIDGE-RESTON,BuilderProduct,,,LH-TRACT-15902,LH-SRC-OC-TRACTS;LH-SRC-LARMAC-STREETS-2019;LH-SRC-OC-ADDRESS-POINTS;LH-SRC-ACTIVERAIN-2010,medium,3.0,enriched_but_physical_lifecycle_unresolved,"Mission 5 adds current geographic and product associations but does not transfer CFD aggregate dates to a tract. Permit, grading, certificate-of-occupancy, and address-level historical records remain required.",
LH-EDGE-M5-01383,LH-TRACT-15903,RecordedTract,current_address_product_candidate,LH-PRODUCT-FLINTRIDGE-CHIMNEY-CORNERS,BuilderProduct,,,LH-TRACT-15903,LH-SRC-OC-TRACTS;LH-SRC-LARMAC-STREETS-2019;LH-SRC-OC-ADDRESS-POINTS;LH-SRC-ACTIVERAIN-2010,medium,3.0,enriched_but_physical_lifecycle_unresolved,"Mission 5 adds current geographic and product associations but does not transfer CFD aggregate dates to a tract. Permit, grading, certificate-of-occupancy, and address-level historical records remain required.",
LH-EDGE-M5-01384,LH-TRACT-15904,RecordedTract,current_address_product_candidate,LH-PRODUCT-FLINTRIDGE-BELMONT-HILL,BuilderProduct,,,LH-TRACT-15904,LH-SRC-OC-TRACTS;LH-SRC-LARMAC-STREETS-2019;LH-SRC-OC-ADDRESS-POINTS;LH-SRC-ACTIVERAIN-2010,medium,3.0,enriched_but_physical_lifecycle_unresolved,"Mission 5 adds current geographic and product associations but does not transfer CFD aggregate dates to a tract. Permit, grading, certificate-of-occupancy, and address-level historical records remain required.",
LH-EDGE-M5-01385,LH-TRACT-15905,RecordedTract,current_address_product_candidate,LH-PRODUCT-FLINTRIDGE-BELMONT-HILL,BuilderProduct,,,LH-TRACT-15905,LH-SRC-OC-TRACTS;LH-SRC-LARMAC-STREETS-2019;LH-SRC-OC-ADDRESS-POINTS;LH-SRC-ACTIVERAIN-2010,medium,3.0,enriched_but_physical_lifecycle_unresolved,"Mission 5 adds current geographic and product associations but does not transfer CFD aggregate dates to a tract. Permit, grading, certificate-of-occupancy, and address-level historical records remain required.",
LH-EDGE-M5-01386,LH-TRACT-15906,RecordedTract,current_address_product_candidate,LH-PRODUCT-FLINTRIDGE-CHIMNEY-CORNERS,BuilderProduct,,,LH-TRACT-15906,LH-SRC-OC-TRACTS;LH-SRC-LARMAC-STREETS-2019;LH-SRC-OC-ADDRESS-POINTS;LH-SRC-ACTIVERAIN-2010,medium,3.0,enriched_but_physical_lifecycle_unresolved,"Mission 5 adds current geographic and product associations but does not transfer CFD aggregate dates to a tract. Permit, grading, certificate-of-occupancy, and address-level historical records remain required.",
LH-EDGE-M5-01387,LH-TRACT-15907,RecordedTract,current_address_product_candidate,LH-PRODUCT-FLINTRIDGE-RESTON,BuilderProduct,,,LH-TRACT-15907,LH-SRC-OC-TRACTS;LH-SRC-LARMAC-STREETS-2019;LH-SRC-OC-ADDRESS-POINTS;LH-SRC-ACTIVERAIN-2010,medium,3.0,enriched_but_physical_lifecycle_unresolved,"Mission 5 adds current geographic and product associations but does not transfer CFD aggregate dates to a tract. Permit, grading, certificate-of-occupancy, and address-level historical records remain required.",
LH-EDGE-M5-01388,LH-TRACT-15908,RecordedTract,current_address_product_candidate,LH-PRODUCT-FLINTRIDGE-CLIFTON-HEIGHTS,BuilderProduct,,,LH-TRACT-15908,LH-SRC-OC-TRACTS;LH-SRC-LARMAC-STREETS-2019;LH-SRC-OC-ADDRESS-POINTS;LH-SRC-ACTIVERAIN-2010,medium,3.0,enriched_but_physical_lifecycle_unresolved,"Mission 5 adds current geographic and product associations but does not transfer CFD aggregate dates to a tract. Permit, grading, certificate-of-occupancy, and address-level historical records remain required.",
LH-EDGE-M5-01389,LH-TRACT-15909,RecordedTract,current_address_product_candidate,LH-PRODUCT-FLINTRIDGE-CLIFTON-HEIGHTS,BuilderProduct,,,LH-TRACT-15909,LH-SRC-OC-TRACTS;LH-SRC-LARMAC-STREETS-2019;LH-SRC-OC-ADDRESS-POINTS;LH-SRC-ACTIVERAIN-2010,medium,3.0,enriched_but_physical_lifecycle_unresolved,"Mission 5 adds current geographic and product associations but does not transfer CFD aggregate dates to a tract. Permit, grading, certificate-of-occupancy, and address-level historical records remain required.",
LH-EDGE-M5-01390,LH-TRACT-15910,RecordedTract,current_address_product_candidate,LH-PRODUCT-FLINTRIDGE-HAMPTON-ROAD,BuilderProduct,,,LH-TRACT-15910,LH-SRC-OC-TRACTS;LH-SRC-LARMAC-STREETS-2019;LH-SRC-OC-ADDRESS-POINTS;LH-SRC-ACTIVERAIN-2010,medium,3.0,enriched_but_physical_lifecycle_unresolved,"Mission 5 adds current geographic and product associations but does not transfer CFD aggregate dates to a tract. Permit, grading, certificate-of-occupancy, and address-level historical records remain required.",
LH-EDGE-M5-01391,LH-TRACT-15912,RecordedTract,current_address_product_candidate,LH-PRODUCT-FLINTRIDGE-HAMPTON-ROAD,BuilderProduct,,,LH-TRACT-15912,LH-SRC-OC-TRACTS;LH-SRC-LARMAC-STREETS-2019;LH-SRC-OC-ADDRESS-POINTS;LH-SRC-ACTIVERAIN-2010,medium,3.0,enriched_but_physical_lifecycle_unresolved,"Mission 5 adds current geographic and product associations but does not transfer CFD aggregate dates to a tract. Permit, grading, certificate-of-occupancy, and address-level historical records remain required.",
LH-EDGE-M5-01392,LH-TRACT-15985,RecordedTract,current_address_product_candidate,LH-PRODUCT-COVENANT-HILLS-SAN-DONATO,BuilderProduct,,,LH-TRACT-15985,LH-SRC-OC-TRACTS;LH-SRC-LARMAC-STREETS-2019;LH-SRC-OC-ADDRESS-POINTS;LH-SRC-OC-BOND-2006Q4;LH-SRC-OC-BOND-2011Q4,medium,3.0,enriched_but_physical_lifecycle_unresolved,"Mission 5 adds current geographic and product associations but does not transfer CFD aggregate dates to a tract. Permit, grading, certificate-of-occupancy, and address-level historical records remain required.",
LH-EDGE-M5-01393,LH-TRACT-15987,RecordedTract,current_address_product_candidate,LH-PRODUCT-COVENANT-HILLS-MERIDEN,BuilderProduct,,,LH-TRACT-15987,LH-SRC-OC-TRACTS;LH-SRC-LARMAC-STREETS-2019;LH-SRC-OC-ADDRESS-POINTS;LH-SRC-OC-BOND-2006Q4;LH-SRC-OC-BOND-2011Q4,medium,3.0,enriched_but_physical_lifecycle_unresolved,"Mission 5 adds current geographic and product associations but does not transfer CFD aggregate dates to a tract. Permit, grading, certificate-of-occupancy, and address-level historical records remain required.",
LH-EDGE-M5-01394,LH-TRACT-15989,RecordedTract,current_address_product_candidate,LH-PRODUCT-COVENANT-HILLS-CAPISTRANO,BuilderProduct,,,LH-TRACT-15989,LH-SRC-OC-TRACTS;LH-SRC-LARMAC-STREETS-2019;LH-SRC-OC-ADDRESS-POINTS;LH-SRC-OC-BOND-2006Q4;LH-SRC-OC-BOND-2011Q4,medium,3.0,enriched_but_physical_lifecycle_unresolved,"Mission 5 adds current geographic and product associations but does not transfer CFD aggregate dates to a tract. Permit, grading, certificate-of-occupancy, and address-level historical records remain required.",
LH-EDGE-M5-01395,LH-TRACT-16025,RecordedTract,current_address_product_candidate,LH-PRODUCT-AVENDALE-CHARLESTON-PLACE,BuilderProduct,,,LH-TRACT-16025,LH-SRC-OC-TRACTS;LH-SRC-LARMAC-STREETS-2019;LH-SRC-OC-ADDRESS-POINTS;LH-SRC-ACTIVERAIN-2010,medium,3.0,enriched_but_physical_lifecycle_unresolved,"Mission 5 adds current geographic and product associations but does not transfer CFD aggregate dates to a tract. Permit, grading, certificate-of-occupancy, and address-level historical records remain required.",
LH-EDGE-M5-01396,LH-TRACT-16025,RecordedTract,current_address_product_candidate,LH-PRODUCT-AVENDALE-ST-MAYS-ROAD,BuilderProduct,,,LH-TRACT-16025,LH-SRC-OC-TRACTS;LH-SRC-LARMAC-STREETS-2019;LH-SRC-OC-ADDRESS-POINTS;LH-SRC-ACTIVERAIN-2010,medium,3.0,enriched_but_physical_lifecycle_unresolved,"Mission 5 adds current geographic and product associations but does not transfer CFD aggregate dates to a tract. Permit, grading, certificate-of-occupancy, and address-level historical records remain required.",
LH-EDGE-M5-01397,LH-TRACT-16101,RecordedTract,current_address_product_candidate,LH-PRODUCT-AVENDALE-STERLING-GLEN,BuilderProduct,,,LH-TRACT-16101,LH-SRC-OC-TRACTS;LH-SRC-LARMAC-STREETS-2019;LH-SRC-OC-ADDRESS-POINTS;LH-SRC-ACTIVERAIN-2010,medium,3.0,enriched_but_physical_lifecycle_unresolved,"Mission 5 adds current geographic and product associations but does not transfer CFD aggregate dates to a tract. Permit, grading, certificate-of-occupancy, and address-level historical records remain required.",
LH-EDGE-M5-01398,LH-TRACT-16102,RecordedTract,current_address_product_candidate,LH-PRODUCT-AVENDALE-WILLOW-BEND,BuilderProduct,,,LH-TRACT-16102,LH-SRC-OC-TRACTS;LH-SRC-LARMAC-STREETS-2019;LH-SRC-OC-ADDRESS-POINTS;LH-SRC-ACTIVERAIN-2010,medium,3.0,enriched_but_physical_lifecycle_unresolved,"Mission 5 adds current geographic and product associations but does not transfer CFD aggregate dates to a tract. Permit, grading, certificate-of-occupancy, and address-level historical records remain required.",
LH-EDGE-M5-01399,LH-TRACT-16103,RecordedTract,current_address_product_candidate,LH-PRODUCT-AVENDALE-CANOPY-LANE,BuilderProduct,,,LH-TRACT-16103,LH-SRC-OC-TRACTS;LH-SRC-LARMAC-STREETS-2019;LH-SRC-OC-ADDRESS-POINTS;LH-SRC-ACTIVERAIN-2010,medium,3.0,enriched_but_physical_lifecycle_unresolved,"Mission 5 adds current geographic and product associations but does not transfer CFD aggregate dates to a tract. Permit, grading, certificate-of-occupancy, and address-level historical records remain required.",
LH-EDGE-M5-01400,LH-TRACT-16104,RecordedTract,current_address_product_candidate,LH-PRODUCT-AVENDALE-TETHER-MOON,BuilderProduct,,,LH-TRACT-16104,LH-SRC-OC-TRACTS;LH-SRC-LARMAC-STREETS-2019;LH-SRC-OC-ADDRESS-POINTS;LH-SRC-ACTIVERAIN-2010,medium,3.0,enriched_but_physical_lifecycle_unresolved,"Mission 5 adds current geographic and product associations but does not transfer CFD aggregate dates to a tract. Permit, grading, certificate-of-occupancy, and address-level historical records remain required.",
LH-EDGE-M5-01401,LH-TRACT-16105,RecordedTract,current_address_product_candidate,LH-PRODUCT-AVENDALE-SAVANNAH,BuilderProduct,,,LH-TRACT-16105,LH-SRC-OC-TRACTS;LH-SRC-LARMAC-STREETS-2019;LH-SRC-OC-ADDRESS-POINTS;LH-SRC-ACTIVERAIN-2010,medium,3.0,enriched_but_physical_lifecycle_unresolved,"Mission 5 adds current geographic and product associations but does not transfer CFD aggregate dates to a tract. Permit, grading, certificate-of-occupancy, and address-level historical records remain required.",
LH-EDGE-M5-01402,LH-TRACT-16114,RecordedTract,current_address_product_candidate,LH-PRODUCT-AVENDALE-TETHER-MOON,BuilderProduct,,,LH-TRACT-16114,LH-SRC-OC-TRACTS;LH-SRC-LARMAC-STREETS-2019;LH-SRC-OC-ADDRESS-POINTS;LH-SRC-ACTIVERAIN-2010,medium,3.0,enriched_but_physical_lifecycle_unresolved,"Mission 5 adds current geographic and product associations but does not transfer CFD aggregate dates to a tract. Permit, grading, certificate-of-occupancy, and address-level historical records remain required.",
LH-EDGE-M5-01403,LH-TRACT-16115,RecordedTract,current_address_product_candidate,LH-PRODUCT-AVENDALE-CANOPY-LANE,BuilderProduct,,,LH-TRACT-16115,LH-SRC-OC-TRACTS;LH-SRC-LARMAC-STREETS-2019;LH-SRC-OC-ADDRESS-POINTS;LH-SRC-ACTIVERAIN-2010,medium,3.0,enriched_but_physical_lifecycle_unresolved,"Mission 5 adds current geographic and product associations but does not transfer CFD aggregate dates to a tract. Permit, grading, certificate-of-occupancy, and address-level historical records remain required.",
LH-EDGE-M5-01404,LH-TRACT-16116,RecordedTract,current_address_product_candidate,LH-PRODUCT-AVENDALE-WEATHERHAVEN,BuilderProduct,,,LH-TRACT-16116,LH-SRC-OC-TRACTS;LH-SRC-LARMAC-STREETS-2019;LH-SRC-OC-ADDRESS-POINTS;LH-SRC-ACTIVERAIN-2010,medium,3.0,enriched_but_physical_lifecycle_unresolved,"Mission 5 adds current geographic and product associations but does not transfer CFD aggregate dates to a tract. Permit, grading, certificate-of-occupancy, and address-level historical records remain required.",
LH-EDGE-M5-01405,LH-TRACT-16117,RecordedTract,current_address_product_candidate,LH-PRODUCT-AVENDALE-CANOPY-LANE,BuilderProduct,,,LH-TRACT-16117,LH-SRC-OC-TRACTS;LH-SRC-LARMAC-STREETS-2019;LH-SRC-OC-ADDRESS-POINTS;LH-SRC-ACTIVERAIN-2010,medium,3.0,enriched_but_physical_lifecycle_unresolved,"Mission 5 adds current geographic and product associations but does not transfer CFD aggregate dates to a tract. Permit, grading, certificate-of-occupancy, and address-level historical records remain required.",
LH-EDGE-M5-01406,LH-TRACT-16118,RecordedTract,current_address_product_candidate,LH-PRODUCT-AVENDALE-STERLING-GLEN,BuilderProduct,,,LH-TRACT-16118,LH-SRC-OC-TRACTS;LH-SRC-LARMAC-STREETS-2019;LH-SRC-OC-ADDRESS-POINTS;LH-SRC-ACTIVERAIN-2010,medium,3.0,enriched_but_physical_lifecycle_unresolved,"Mission 5 adds current geographic and product associations but does not transfer CFD aggregate dates to a tract. Permit, grading, certificate-of-occupancy, and address-level historical records remain required.",
LH-EDGE-M5-01407,LH-TRACT-16119,RecordedTract,current_address_product_candidate,LH-PRODUCT-AVENDALE-WILLOW-BEND,BuilderProduct,,,LH-TRACT-16119,LH-SRC-OC-TRACTS;LH-SRC-LARMAC-STREETS-2019;LH-SRC-OC-ADDRESS-POINTS;LH-SRC-ACTIVERAIN-2010,medium,3.0,enriched_but_physical_lifecycle_unresolved,"Mission 5 adds current geographic and product associations but does not transfer CFD aggregate dates to a tract. Permit, grading, certificate-of-occupancy, and address-level historical records remain required.",
LH-EDGE-M5-01408,LH-TRACT-16120,RecordedTract,current_address_product_candidate,LH-PRODUCT-AVENDALE-SUMNERS-WAY,BuilderProduct,,,LH-TRACT-16120,LH-SRC-OC-TRACTS;LH-SRC-LARMAC-STREETS-2019;LH-SRC-OC-ADDRESS-POINTS;LH-SRC-ACTIVERAIN-2010,medium,3.0,enriched_but_physical_lifecycle_unresolved,"Mission 5 adds current geographic and product associations but does not transfer CFD aggregate dates to a tract. Permit, grading, certificate-of-occupancy, and address-level historical records remain required.",
LH-EDGE-M5-01409,LH-TRACT-16121,RecordedTract,current_address_product_candidate,LH-PRODUCT-AVENDALE-WILLOW-BEND,BuilderProduct,,,LH-TRACT-16121,LH-SRC-OC-TRACTS;LH-SRC-LARMAC-STREETS-2019;LH-SRC-OC-ADDRESS-POINTS;LH-SRC-ACTIVERAIN-2010,medium,3.0,enriched_but_physical_lifecycle_unresolved,"Mission 5 adds current geographic and product associations but does not transfer CFD aggregate dates to a tract. Permit, grading, certificate-of-occupancy, and address-level historical records remain required.",
LH-EDGE-M5-01410,LH-TRACT-16122,RecordedTract,current_address_product_candidate,LH-PRODUCT-AVENDALE-SUMNERS-WAY,BuilderProduct,,,LH-TRACT-16122,LH-SRC-OC-TRACTS;LH-SRC-LARMAC-STREETS-2019;LH-SRC-OC-ADDRESS-POINTS;LH-SRC-ACTIVERAIN-2010,medium,3.0,enriched_but_physical_lifecycle_unresolved,"Mission 5 adds current geographic and product associations but does not transfer CFD aggregate dates to a tract. Permit, grading, certificate-of-occupancy, and address-level historical records remain required.",
LH-EDGE-M5-01411,LH-TRACT-16126,RecordedTract,current_address_product_candidate,LH-PRODUCT-AVENDALE-ASTORIA,BuilderProduct,,,LH-TRACT-16126,LH-SRC-OC-TRACTS;LH-SRC-LARMAC-STREETS-2019;LH-SRC-OC-ADDRESS-POINTS;LH-SRC-ACTIVERAIN-2010,medium,3.0,enriched_but_physical_lifecycle_unresolved,"Mission 5 adds current geographic and product associations but does not transfer CFD aggregate dates to a tract. Permit, grading, certificate-of-occupancy, and address-level historical records remain required.",
LH-EDGE-M5-01412,LH-TRACT-16127,RecordedTract,current_address_product_candidate,LH-PRODUCT-AVENDALE-ASTORIA,BuilderProduct,,,LH-TRACT-16127,LH-SRC-OC-TRACTS;LH-SRC-LARMAC-STREETS-2019;LH-SRC-OC-ADDRESS-POINTS;LH-SRC-ACTIVERAIN-2010,medium,3.0,enriched_but_physical_lifecycle_unresolved,"Mission 5 adds current geographic and product associations but does not transfer CFD aggregate dates to a tract. Permit, grading, certificate-of-occupancy, and address-level historical records remain required.",
LH-EDGE-M5-01413,LH-TRACT-16127,RecordedTract,current_address_product_candidate,LH-PRODUCT-AVENDALE-SAVANNAH,BuilderProduct,,,LH-TRACT-16127,LH-SRC-OC-TRACTS;LH-SRC-LARMAC-STREETS-2019;LH-SRC-OC-ADDRESS-POINTS;LH-SRC-ACTIVERAIN-2010,medium,3.0,enriched_but_physical_lifecycle_unresolved,"Mission 5 adds current geographic and product associations but does not transfer CFD aggregate dates to a tract. Permit, grading, certificate-of-occupancy, and address-level historical records remain required.",
LH-EDGE-M5-01414,LH-TRACT-16155,RecordedTract,current_address_product_candidate,LH-PRODUCT-AVENDALE-ST-MAYS-ROAD,BuilderProduct,,,LH-TRACT-16155,LH-SRC-OC-TRACTS;LH-SRC-LARMAC-STREETS-2019;LH-SRC-OC-ADDRESS-POINTS;LH-SRC-ACTIVERAIN-2010,medium,3.0,enriched_but_physical_lifecycle_unresolved,"Mission 5 adds current geographic and product associations but does not transfer CFD aggregate dates to a tract. Permit, grading, certificate-of-occupancy, and address-level historical records remain required.",
LH-EDGE-M5-01415,LH-TRACT-16156,RecordedTract,current_address_product_candidate,LH-PRODUCT-AVENDALE-GREENBRIAR,BuilderProduct,,,LH-TRACT-16156,LH-SRC-OC-TRACTS;LH-SRC-LARMAC-STREETS-2019;LH-SRC-OC-ADDRESS-POINTS;LH-SRC-ACTIVERAIN-2010,medium,3.0,enriched_but_physical_lifecycle_unresolved,"Mission 5 adds current geographic and product associations but does not transfer CFD aggregate dates to a tract. Permit, grading, certificate-of-occupancy, and address-level historical records remain required.",
LH-EDGE-M5-01416,LH-TRACT-16157,RecordedTract,current_address_product_candidate,LH-PRODUCT-AVENDALE-BERKSHIRE,BuilderProduct,,,LH-TRACT-16157,LH-SRC-OC-TRACTS;LH-SRC-LARMAC-STREETS-2019;LH-SRC-OC-ADDRESS-POINTS;LH-SRC-ACTIVERAIN-2010,medium,3.0,enriched_but_physical_lifecycle_unresolved,"Mission 5 adds current geographic and product associations but does not transfer CFD aggregate dates to a tract. Permit, grading, certificate-of-occupancy, and address-level historical records remain required.",
LH-EDGE-M5-01417,LH-TRACT-16157,RecordedTract,current_address_product_candidate,LH-PRODUCT-AVENDALE-CHARLESTON-PLACE,BuilderProduct,,,LH-TRACT-16157,LH-SRC-OC-TRACTS;LH-SRC-LARMAC-STREETS-2019;LH-SRC-OC-ADDRESS-POINTS;LH-SRC-ACTIVERAIN-2010,medium,3.0,enriched_but_physical_lifecycle_unresolved,"Mission 5 adds current geographic and product associations but does not transfer CFD aggregate dates to a tract. Permit, grading, certificate-of-occupancy, and address-level historical records remain required.",
LH-EDGE-M5-01418,LH-TRACT-16157,RecordedTract,current_address_product_candidate,LH-PRODUCT-AVENDALE-FRONT-STREET,BuilderProduct,,,LH-TRACT-16157,LH-SRC-OC-TRACTS;LH-SRC-LARMAC-STREETS-2019;LH-SRC-OC-ADDRESS-POINTS;LH-SRC-ACTIVERAIN-2010,medium,3.0,enriched_but_physical_lifecycle_unresolved,"Mission 5 adds current geographic and product associations but does not transfer CFD aggregate dates to a tract. Permit, grading, certificate-of-occupancy, and address-level historical records remain required.",
LH-EDGE-M5-01419,LH-TRACT-16157,RecordedTract,current_address_product_candidate,LH-PRODUCT-AVENDALE-GREENBRIAR,BuilderProduct,,,LH-TRACT-16157,LH-SRC-OC-TRACTS;LH-SRC-LARMAC-STREETS-2019;LH-SRC-OC-ADDRESS-POINTS;LH-SRC-ACTIVERAIN-2010,medium,3.0,enriched_but_physical_lifecycle_unresolved,"Mission 5 adds current geographic and product associations but does not transfer CFD aggregate dates to a tract. Permit, grading, certificate-of-occupancy, and address-level historical records remain required.",
LH-EDGE-M5-01420,LH-TRACT-16157,RecordedTract,current_address_product_candidate,LH-PRODUCT-AVENDALE-ST-MAYS-ROAD,BuilderProduct,,,LH-TRACT-16157,LH-SRC-OC-TRACTS;LH-SRC-LARMAC-STREETS-2019;LH-SRC-OC-ADDRESS-POINTS;LH-SRC-ACTIVERAIN-2010,medium,3.0,enriched_but_physical_lifecycle_unresolved,"Mission 5 adds current geographic and product associations but does not transfer CFD aggregate dates to a tract. Permit, grading, certificate-of-occupancy, and address-level historical records remain required.",
LH-EDGE-M5-01421,LH-TRACT-16203,RecordedTract,current_address_product_candidate,LH-PRODUCT-WYCLIFFE-DAVENPORT,BuilderProduct,,,LH-TRACT-16203,LH-SRC-OC-TRACTS;LH-SRC-LARMAC-STREETS-2019;LH-SRC-OC-ADDRESS-POINTS;LH-SRC-ACTIVERAIN-2010,medium,3.0,enriched_but_physical_lifecycle_unresolved,"Mission 5 adds current geographic and product associations but does not transfer CFD aggregate dates to a tract. Permit, grading, certificate-of-occupancy, and address-level historical records remain required.",
LH-EDGE-M5-01422,LH-TRACT-16234,RecordedTract,current_address_product_candidate,LH-PRODUCT-ECHO-RIDGE-ATHERTON-GLEN,BuilderProduct,,,LH-TRACT-16234,LH-SRC-OC-TRACTS;LH-SRC-LARMAC-STREETS-2019;LH-SRC-OC-ADDRESS-POINTS;LH-SRC-ACTIVERAIN-2010,medium,3.0,enriched_but_physical_lifecycle_unresolved,"Mission 5 adds current geographic and product associations but does not transfer CFD aggregate dates to a tract. Permit, grading, certificate-of-occupancy, and address-level historical records remain required.",
LH-EDGE-M5-01423,LH-TRACT-16239,RecordedTract,current_address_product_candidate,LH-PRODUCT-ECHO-RIDGE-POTTERS-BEND,BuilderProduct,,,LH-TRACT-16239,LH-SRC-OC-TRACTS;LH-SRC-LARMAC-STREETS-2019;LH-SRC-OC-ADDRESS-POINTS;LH-SRC-ACTIVERAIN-2010,medium,3.0,enriched_but_physical_lifecycle_unresolved,"Mission 5 adds current geographic and product associations but does not transfer CFD aggregate dates to a tract. Permit, grading, certificate-of-occupancy, and address-level historical records remain required.",
LH-EDGE-M5-01424,LH-TRACT-16240,RecordedTract,current_address_product_candidate,LH-PRODUCT-ECHO-RIDGE-SYLVAN-OAKS,BuilderProduct,,,LH-TRACT-16240,LH-SRC-OC-TRACTS;LH-SRC-LARMAC-STREETS-2019;LH-SRC-OC-ADDRESS-POINTS;LH-SRC-ACTIVERAIN-2010,medium,3.0,enriched_but_physical_lifecycle_unresolved,"Mission 5 adds current geographic and product associations but does not transfer CFD aggregate dates to a tract. Permit, grading, certificate-of-occupancy, and address-level historical records remain required.",
LH-EDGE-M5-01425,LH-TRACT-16241,RecordedTract,current_address_product_candidate,LH-PRODUCT-ECHO-RIDGE-LEXINGTON,BuilderProduct,,,LH-TRACT-16241,LH-SRC-OC-TRACTS;LH-SRC-LARMAC-STREETS-2019;LH-SRC-OC-ADDRESS-POINTS;LH-SRC-ACTIVERAIN-2010,medium,3.0,enriched_but_physical_lifecycle_unresolved,"Mission 5 adds current geographic and product associations but does not transfer CFD aggregate dates to a tract. Permit, grading, certificate-of-occupancy, and address-level historical records remain required.",
LH-EDGE-M5-01426,LH-TRACT-16242,RecordedTract,current_address_product_candidate,LH-PRODUCT-ECHO-RIDGE-TRAIL-RIDGE,BuilderProduct,,,LH-TRACT-16242,LH-SRC-OC-TRACTS;LH-SRC-LARMAC-STREETS-2019;LH-SRC-OC-ADDRESS-POINTS;LH-SRC-ACTIVERAIN-2010,medium,3.0,enriched_but_physical_lifecycle_unresolved,"Mission 5 adds current geographic and product associations but does not transfer CFD aggregate dates to a tract. Permit, grading, certificate-of-occupancy, and address-level historical records remain required.",
LH-EDGE-M5-01427,LH-TRACT-16244,RecordedTract,current_address_product_candidate,LH-PRODUCT-ECHO-RIDGE-LEXINGTON,BuilderProduct,,,LH-TRACT-16244,LH-SRC-OC-TRACTS;LH-SRC-LARMAC-STREETS-2019;LH-SRC-OC-ADDRESS-POINTS;LH-SRC-ACTIVERAIN-2010,medium,3.0,enriched_but_physical_lifecycle_unresolved,"Mission 5 adds current geographic and product associations but does not transfer CFD aggregate dates to a tract. Permit, grading, certificate-of-occupancy, and address-level historical records remain required.",
LH-EDGE-M5-01428,LH-TRACT-16245,RecordedTract,current_address_product_candidate,LH-PRODUCT-ECHO-RIDGE-TRAIL-RIDGE,BuilderProduct,,,LH-TRACT-16245,LH-SRC-OC-TRACTS;LH-SRC-LARMAC-STREETS-2019;LH-SRC-OC-ADDRESS-POINTS;LH-SRC-ACTIVERAIN-2010,medium,3.0,enriched_but_physical_lifecycle_unresolved,"Mission 5 adds current geographic and product associations but does not transfer CFD aggregate dates to a tract. Permit, grading, certificate-of-occupancy, and address-level historical records remain required.",
LH-EDGE-M5-01429,LH-TRACT-16246,RecordedTract,current_address_product_candidate,LH-PRODUCT-ECHO-RIDGE-TAMARIND,BuilderProduct,,,LH-TRACT-16246,LH-SRC-OC-TRACTS;LH-SRC-LARMAC-STREETS-2019;LH-SRC-OC-ADDRESS-POINTS;LH-SRC-ACTIVERAIN-2010,medium,3.0,enriched_but_physical_lifecycle_unresolved,"Mission 5 adds current geographic and product associations but does not transfer CFD aggregate dates to a tract. Permit, grading, certificate-of-occupancy, and address-level historical records remain required.",
LH-EDGE-M5-01430,LH-TRACT-16247,RecordedTract,current_address_product_candidate,LH-PRODUCT-WYCLIFFE-CHESAPEAKE,BuilderProduct,,,LH-TRACT-16247,LH-SRC-OC-TRACTS;LH-SRC-LARMAC-STREETS-2019;LH-SRC-OC-ADDRESS-POINTS;LH-SRC-ACTIVERAIN-2010,medium,3.0,enriched_but_physical_lifecycle_unresolved,"Mission 5 adds current geographic and product associations but does not transfer CFD aggregate dates to a tract. Permit, grading, certificate-of-occupancy, and address-level historical records remain required.",
LH-EDGE-M5-01431,LH-TRACT-16248,RecordedTract,current_address_product_candidate,LH-PRODUCT-WYCLIFFE-SURREY-FARM,BuilderProduct,,,LH-TRACT-16248,LH-SRC-OC-TRACTS;LH-SRC-LARMAC-STREETS-2019;LH-SRC-OC-ADDRESS-POINTS;LH-SRC-ACTIVERAIN-2010,medium,3.0,enriched_but_physical_lifecycle_unresolved,"Mission 5 adds current geographic and product associations but does not transfer CFD aggregate dates to a tract. Permit, grading, certificate-of-occupancy, and address-level historical records remain required.",
LH-EDGE-M5-01432,LH-TRACT-16249,RecordedTract,current_address_product_candidate,LH-PRODUCT-WYCLIFFE-SURREY-FARM,BuilderProduct,,,LH-TRACT-16249,LH-SRC-OC-TRACTS;LH-SRC-LARMAC-STREETS-2019;LH-SRC-OC-ADDRESS-POINTS;LH-SRC-ACTIVERAIN-2010,medium,3.0,enriched_but_physical_lifecycle_unresolved,"Mission 5 adds current geographic and product associations but does not transfer CFD aggregate dates to a tract. Permit, grading, certificate-of-occupancy, and address-level historical records remain required.",
LH-EDGE-M5-01433,LH-TRACT-16250,RecordedTract,current_address_product_candidate,LH-PRODUCT-WYCLIFFE-CHESAPEAKE,BuilderProduct,,,LH-TRACT-16250,LH-SRC-OC-TRACTS;LH-SRC-LARMAC-STREETS-2019;LH-SRC-OC-ADDRESS-POINTS;LH-SRC-ACTIVERAIN-2010,medium,3.0,enriched_but_physical_lifecycle_unresolved,"Mission 5 adds current geographic and product associations but does not transfer CFD aggregate dates to a tract. Permit, grading, certificate-of-occupancy, and address-level historical records remain required.",
LH-EDGE-M5-01434,LH-TRACT-16270,RecordedTract,current_address_product_candidate,LH-PRODUCT-AVENDALE-BERKSHIRE,BuilderProduct,,,LH-TRACT-16270,LH-SRC-OC-TRACTS;LH-SRC-LARMAC-STREETS-2019;LH-SRC-OC-ADDRESS-POINTS;LH-SRC-ACTIVERAIN-2010,medium,3.0,enriched_but_physical_lifecycle_unresolved,"Mission 5 adds current geographic and product associations but does not transfer CFD aggregate dates to a tract. Permit, grading, certificate-of-occupancy, and address-level historical records remain required.",
LH-EDGE-M5-01435,LH-TRACT-16270,RecordedTract,current_address_product_candidate,LH-PRODUCT-AVENDALE-FRONT-STREET,BuilderProduct,,,LH-TRACT-16270,LH-SRC-OC-TRACTS;LH-SRC-LARMAC-STREETS-2019;LH-SRC-OC-ADDRESS-POINTS;LH-SRC-ACTIVERAIN-2010,medium,3.0,enriched_but_physical_lifecycle_unresolved,"Mission 5 adds current geographic and product associations but does not transfer CFD aggregate dates to a tract. Permit, grading, certificate-of-occupancy, and address-level historical records remain required.",
LH-EDGE-M5-01436,LH-TRACT-16271,RecordedTract,current_address_product_candidate,LH-PRODUCT-TERRAMOR-BRIAR-ROSE,BuilderProduct,,,LH-TRACT-16271,LH-SRC-OC-TRACTS;LH-SRC-LARMAC-STREETS-2019;LH-SRC-OC-ADDRESS-POINTS;LH-SRC-OC-BOND-2006Q4,medium,3.0,enriched_but_physical_lifecycle_unresolved,"Mission 5 adds current geographic and product associations but does not transfer CFD aggregate dates to a tract. Permit, grading, certificate-of-occupancy, and address-level historical records remain required.",
LH-EDGE-M5-01437,LH-TRACT-16271,RecordedTract,current_address_product_candidate,LH-PRODUCT-TERRAMOR-SUTTER-S-MILL,BuilderProduct,,,LH-TRACT-16271,LH-SRC-OC-TRACTS;LH-SRC-LARMAC-STREETS-2019;LH-SRC-OC-ADDRESS-POINTS;LH-SRC-OC-BOND-2006Q4,medium,3.0,enriched_but_physical_lifecycle_unresolved,"Mission 5 adds current geographic and product associations but does not transfer CFD aggregate dates to a tract. Permit, grading, certificate-of-occupancy, and address-level historical records remain required.",
LH-EDGE-M5-01438,LH-TRACT-16271,RecordedTract,current_address_product_candidate,LH-PRODUCT-TERRAMOR-TARLETON,BuilderProduct,,,LH-TRACT-16271,LH-SRC-OC-TRACTS;LH-SRC-LARMAC-STREETS-2019;LH-SRC-OC-ADDRESS-POINTS;LH-SRC-OC-BOND-2006Q4,medium,3.0,enriched_but_physical_lifecycle_unresolved,"Mission 5 adds current geographic and product associations but does not transfer CFD aggregate dates to a tract. Permit, grading, certificate-of-occupancy, and address-level historical records remain required.",
LH-EDGE-M5-01439,LH-TRACT-16341,RecordedTract,current_address_product_candidate,LH-PRODUCT-TERRAMOR-BRANCHES,BuilderProduct,,,LH-TRACT-16341,LH-SRC-OC-TRACTS;LH-SRC-LARMAC-STREETS-2019;LH-SRC-OC-ADDRESS-POINTS;LH-SRC-OC-BOND-2006Q4,medium,3.0,enriched_but_physical_lifecycle_unresolved,"Mission 5 adds current geographic and product associations but does not transfer CFD aggregate dates to a tract. Permit, grading, certificate-of-occupancy, and address-level historical records remain required.",
LH-EDGE-M5-01440,LH-TRACT-16341,RecordedTract,current_address_product_candidate,LH-PRODUCT-TERRAMOR-BRIAR-ROSE,BuilderProduct,,,LH-TRACT-16341,LH-SRC-OC-TRACTS;LH-SRC-LARMAC-STREETS-2019;LH-SRC-OC-ADDRESS-POINTS;LH-SRC-OC-BOND-2006Q4,medium,3.0,enriched_but_physical_lifecycle_unresolved,"Mission 5 adds current geographic and product associations but does not transfer CFD aggregate dates to a tract. Permit, grading, certificate-of-occupancy, and address-level historical records remain required.",
LH-EDGE-M5-01441,LH-TRACT-16341,RecordedTract,current_address_product_candidate,LH-PRODUCT-TERRAMOR-TARLETON,BuilderProduct,,,LH-TRACT-16341,LH-SRC-OC-TRACTS;LH-SRC-LARMAC-STREETS-2019;LH-SRC-OC-ADDRESS-POINTS;LH-SRC-OC-BOND-2006Q4,medium,3.0,enriched_but_physical_lifecycle_unresolved,"Mission 5 adds current geographic and product associations but does not transfer CFD aggregate dates to a tract. Permit, grading, certificate-of-occupancy, and address-level historical records remain required.",
LH-EDGE-M5-01442,LH-TRACT-16341,RecordedTract,current_address_product_candidate,LH-PRODUCT-TERRAMOR-VALMONT,BuilderProduct,,,LH-TRACT-16341,LH-SRC-OC-TRACTS;LH-SRC-LARMAC-STREETS-2019;LH-SRC-OC-ADDRESS-POINTS;LH-SRC-OC-BOND-2006Q4,medium,3.0,enriched_but_physical_lifecycle_unresolved,"Mission 5 adds current geographic and product associations but does not transfer CFD aggregate dates to a tract. Permit, grading, certificate-of-occupancy, and address-level historical records remain required.",
LH-EDGE-M5-01443,LH-TRACT-16342,RecordedTract,current_address_product_candidate,LH-PRODUCT-TERRAMOR-SEDONA,BuilderProduct,,,LH-TRACT-16342,LH-SRC-OC-TRACTS;LH-SRC-LARMAC-STREETS-2019;LH-SRC-OC-ADDRESS-POINTS;LH-SRC-OC-BOND-2006Q4,medium,3.0,enriched_but_physical_lifecycle_unresolved,"Mission 5 adds current geographic and product associations but does not transfer CFD aggregate dates to a tract. Permit, grading, certificate-of-occupancy, and address-level historical records remain required.",
LH-EDGE-M5-01444,LH-TRACT-16346,RecordedTract,current_address_product_candidate,LH-PRODUCT-TERRAMOR-EVERGREEN-LADERA,BuilderProduct,,,LH-TRACT-16346,LH-SRC-OC-TRACTS;LH-SRC-LARMAC-STREETS-2019;LH-SRC-OC-ADDRESS-POINTS;LH-SRC-OC-BOND-2006Q4,medium,3.0,enriched_but_physical_lifecycle_unresolved,"Mission 5 adds current geographic and product associations but does not transfer CFD aggregate dates to a tract. Permit, grading, certificate-of-occupancy, and address-level historical records remain required.",
LH-EDGE-M5-01445,LH-TRACT-16347,RecordedTract,current_address_product_candidate,LH-PRODUCT-TERRAMOR-WALDEN-PARK,BuilderProduct,,,LH-TRACT-16347,LH-SRC-OC-TRACTS;LH-SRC-LARMAC-STREETS-2019;LH-SRC-OC-ADDRESS-POINTS;LH-SRC-OC-BOND-2006Q4,medium,3.0,enriched_but_physical_lifecycle_unresolved,"Mission 5 adds current geographic and product associations but does not transfer CFD aggregate dates to a tract. Permit, grading, certificate-of-occupancy, and address-level historical records remain required.",
LH-EDGE-M5-01446,LH-TRACT-16348,RecordedTract,current_address_product_candidate,LH-PRODUCT-TERRAMOR-ARBORAGE,BuilderProduct,,,LH-TRACT-16348,LH-SRC-OC-TRACTS;LH-SRC-LARMAC-STREETS-2019;LH-SRC-OC-ADDRESS-POINTS;LH-SRC-OC-BOND-2006Q4,medium,3.0,enriched_but_physical_lifecycle_unresolved,"Mission 5 adds current geographic and product associations but does not transfer CFD aggregate dates to a tract. Permit, grading, certificate-of-occupancy, and address-level historical records remain required.",
LH-EDGE-M5-01447,LH-TRACT-16349,RecordedTract,current_address_product_candidate,LH-PRODUCT-TERRAMOR-MOSAIC,BuilderProduct,,,LH-TRACT-16349,LH-SRC-OC-TRACTS;LH-SRC-LARMAC-STREETS-2019;LH-SRC-OC-ADDRESS-POINTS;LH-SRC-OC-BOND-2006Q4,medium,3.0,enriched_but_physical_lifecycle_unresolved,"Mission 5 adds current geographic and product associations but does not transfer CFD aggregate dates to a tract. Permit, grading, certificate-of-occupancy, and address-level historical records remain required.",
LH-EDGE-M5-01448,LH-TRACT-16350,RecordedTract,current_address_product_candidate,LH-PRODUCT-TERRAMOR-CLAIBORNE,BuilderProduct,,,LH-TRACT-16350,LH-SRC-OC-TRACTS;LH-SRC-LARMAC-STREETS-2019;LH-SRC-OC-ADDRESS-POINTS;LH-SRC-OC-BOND-2006Q4,medium,3.0,enriched_but_physical_lifecycle_unresolved,"Mission 5 adds current geographic and product associations but does not transfer CFD aggregate dates to a tract. Permit, grading, certificate-of-occupancy, and address-level historical records remain required.",
LH-EDGE-M5-01449,LH-TRACT-16351,RecordedTract,current_address_product_candidate,LH-PRODUCT-TERRAMOR-EVERGREEN-LADERA,BuilderProduct,,,LH-TRACT-16351,LH-SRC-OC-TRACTS;LH-SRC-LARMAC-STREETS-2019;LH-SRC-OC-ADDRESS-POINTS;LH-SRC-OC-BOND-2006Q4,medium,3.0,enriched_but_physical_lifecycle_unresolved,"Mission 5 adds current geographic and product associations but does not transfer CFD aggregate dates to a tract. Permit, grading, certificate-of-occupancy, and address-level historical records remain required.",
LH-EDGE-M5-01450,LH-TRACT-16352,RecordedTract,current_address_product_candidate,LH-PRODUCT-TERRAMOR-ARBORAGE,BuilderProduct,,,LH-TRACT-16352,LH-SRC-OC-TRACTS;LH-SRC-LARMAC-STREETS-2019;LH-SRC-OC-ADDRESS-POINTS;LH-SRC-OC-BOND-2006Q4,medium,3.0,enriched_but_physical_lifecycle_unresolved,"Mission 5 adds current geographic and product associations but does not transfer CFD aggregate dates to a tract. Permit, grading, certificate-of-occupancy, and address-level historical records remain required.",
LH-EDGE-M5-01451,LH-TRACT-16353,RecordedTract,current_address_product_candidate,LH-PRODUCT-TERRAMOR-WALDEN-PARK,BuilderProduct,,,LH-TRACT-16353,LH-SRC-OC-TRACTS;LH-SRC-LARMAC-STREETS-2019;LH-SRC-OC-ADDRESS-POINTS;LH-SRC-OC-BOND-2006Q4,medium,3.0,enriched_but_physical_lifecycle_unresolved,"Mission 5 adds current geographic and product associations but does not transfer CFD aggregate dates to a tract. Permit, grading, certificate-of-occupancy, and address-level historical records remain required.",
LH-EDGE-M5-01452,LH-TRACT-16354,RecordedTract,current_address_product_candidate,LH-PRODUCT-TERRAMOR-SEDONA,BuilderProduct,,,LH-TRACT-16354,LH-SRC-OC-TRACTS;LH-SRC-LARMAC-STREETS-2019;LH-SRC-OC-ADDRESS-POINTS;LH-SRC-OC-BOND-2006Q4,medium,3.0,enriched_but_physical_lifecycle_unresolved,"Mission 5 adds current geographic and product associations but does not transfer CFD aggregate dates to a tract. Permit, grading, certificate-of-occupancy, and address-level historical records remain required.",
LH-EDGE-M5-01453,LH-TRACT-16355,RecordedTract,current_address_product_candidate,LH-PRODUCT-TERRAMOR-MOSAIC,BuilderProduct,,,LH-TRACT-16355,LH-SRC-OC-TRACTS;LH-SRC-LARMAC-STREETS-2019;LH-SRC-OC-ADDRESS-POINTS;LH-SRC-OC-BOND-2006Q4,medium,3.0,enriched_but_physical_lifecycle_unresolved,"Mission 5 adds current geographic and product associations but does not transfer CFD aggregate dates to a tract. Permit, grading, certificate-of-occupancy, and address-level historical records remain required.",
LH-EDGE-M5-01454,LH-TRACT-16356,RecordedTract,current_address_product_candidate,LH-PRODUCT-TERRAMOR-CLAIBORNE,BuilderProduct,,,LH-TRACT-16356,LH-SRC-OC-TRACTS;LH-SRC-LARMAC-STREETS-2019;LH-SRC-OC-ADDRESS-POINTS;LH-SRC-OC-BOND-2006Q4,medium,3.0,enriched_but_physical_lifecycle_unresolved,"Mission 5 adds current geographic and product associations but does not transfer CFD aggregate dates to a tract. Permit, grading, certificate-of-occupancy, and address-level historical records remain required.",
LH-EDGE-M5-01455,LH-TRACT-16384,RecordedTract,current_address_product_candidate,LH-PRODUCT-COVENANT-HILLS-ALISAL,BuilderProduct,,,LH-TRACT-16384,LH-SRC-OC-TRACTS;LH-SRC-LARMAC-STREETS-2019;LH-SRC-OC-ADDRESS-POINTS;LH-SRC-OC-BOND-2006Q4;LH-SRC-OC-BOND-2011Q4,medium,3.0,enriched_but_physical_lifecycle_unresolved,"Mission 5 adds current geographic and product associations but does not transfer CFD aggregate dates to a tract. Permit, grading, certificate-of-occupancy, and address-level historical records remain required.",
LH-EDGE-M5-01456,LH-TRACT-16385,RecordedTract,current_address_product_candidate,LH-PRODUCT-COVENANT-HILLS-ALISAL,BuilderProduct,,,LH-TRACT-16385,LH-SRC-OC-TRACTS;LH-SRC-LARMAC-STREETS-2019;LH-SRC-OC-ADDRESS-POINTS;LH-SRC-OC-BOND-2006Q4;LH-SRC-OC-BOND-2011Q4,medium,3.0,enriched_but_physical_lifecycle_unresolved,"Mission 5 adds current geographic and product associations but does not transfer CFD aggregate dates to a tract. Permit, grading, certificate-of-occupancy, and address-level historical records remain required.",
LH-EDGE-M5-01457,LH-TRACT-16386,RecordedTract,current_address_product_candidate,LH-PRODUCT-COVENANT-HILLS-ALISAL,BuilderProduct,,,LH-TRACT-16386,LH-SRC-OC-TRACTS;LH-SRC-LARMAC-STREETS-2019;LH-SRC-OC-ADDRESS-POINTS;LH-SRC-OC-BOND-2006Q4;LH-SRC-OC-BOND-2011Q4,medium,3.0,enriched_but_physical_lifecycle_unresolved,"Mission 5 adds current geographic and product associations but does not transfer CFD aggregate dates to a tract. Permit, grading, certificate-of-occupancy, and address-level historical records remain required.",
LH-EDGE-M5-01458,LH-TRACT-16387,RecordedTract,current_address_product_candidate,LH-PRODUCT-COVENANT-HILLS-SHERBORNE,BuilderProduct,,,LH-TRACT-16387,LH-SRC-OC-TRACTS;LH-SRC-LARMAC-STREETS-2019;LH-SRC-OC-ADDRESS-POINTS;LH-SRC-OC-BOND-2006Q4;LH-SRC-OC-BOND-2011Q4,medium,3.0,enriched_but_physical_lifecycle_unresolved,"Mission 5 adds current geographic and product associations but does not transfer CFD aggregate dates to a tract. Permit, grading, certificate-of-occupancy, and address-level historical records remain required.",
LH-EDGE-M5-01459,LH-TRACT-16388,RecordedTract,current_address_product_candidate,LH-PRODUCT-COVENANT-HILLS-SHERBORNE,BuilderProduct,,,LH-TRACT-16388,LH-SRC-OC-TRACTS;LH-SRC-LARMAC-STREETS-2019;LH-SRC-OC-ADDRESS-POINTS;LH-SRC-OC-BOND-2006Q4;LH-SRC-OC-BOND-2011Q4,medium,3.0,enriched_but_physical_lifecycle_unresolved,"Mission 5 adds current geographic and product associations but does not transfer CFD aggregate dates to a tract. Permit, grading, certificate-of-occupancy, and address-level historical records remain required.",
LH-EDGE-M5-01460,LH-TRACT-16390,RecordedTract,current_address_product_candidate,LH-PRODUCT-COVENANT-HILLS-SKYE-ISLE,BuilderProduct,,,LH-TRACT-16390,LH-SRC-OC-TRACTS;LH-SRC-LARMAC-STREETS-2019;LH-SRC-OC-ADDRESS-POINTS;LH-SRC-OC-BOND-2006Q4;LH-SRC-OC-BOND-2011Q4,medium,3.0,enriched_but_physical_lifecycle_unresolved,"Mission 5 adds current geographic and product associations but does not transfer CFD aggregate dates to a tract. Permit, grading, certificate-of-occupancy, and address-level historical records remain required.",
LH-EDGE-M5-01461,LH-TRACT-16391,RecordedTract,current_address_product_candidate,LH-PRODUCT-COVENANT-HILLS-ARBOLEDO,BuilderProduct,,,LH-TRACT-16391,LH-SRC-OC-TRACTS;LH-SRC-LARMAC-STREETS-2019;LH-SRC-OC-ADDRESS-POINTS;LH-SRC-OC-BOND-2006Q4;LH-SRC-OC-BOND-2011Q4,medium,3.0,enriched_but_physical_lifecycle_unresolved,"Mission 5 adds current geographic and product associations but does not transfer CFD aggregate dates to a tract. Permit, grading, certificate-of-occupancy, and address-level historical records remain required.",
LH-EDGE-M5-01462,LH-TRACT-16392,RecordedTract,current_address_product_candidate,LH-PRODUCT-COVENANT-HILLS-AMARANTE,BuilderProduct,,,LH-TRACT-16392,LH-SRC-OC-TRACTS;LH-SRC-LARMAC-STREETS-2019;LH-SRC-OC-ADDRESS-POINTS;LH-SRC-OC-BOND-2006Q4;LH-SRC-OC-BOND-2011Q4,medium,3.0,enriched_but_physical_lifecycle_unresolved,"Mission 5 adds current geographic and product associations but does not transfer CFD aggregate dates to a tract. Permit, grading, certificate-of-occupancy, and address-level historical records remain required.",
LH-EDGE-M5-01463,LH-TRACT-16393,RecordedTract,current_address_product_candidate,LH-PRODUCT-COVENANT-HILLS-AMARANTE,BuilderProduct,,,LH-TRACT-16393,LH-SRC-OC-TRACTS;LH-SRC-LARMAC-STREETS-2019;LH-SRC-OC-ADDRESS-POINTS;LH-SRC-OC-BOND-2006Q4;LH-SRC-OC-BOND-2011Q4,medium,3.0,enriched_but_physical_lifecycle_unresolved,"Mission 5 adds current geographic and product associations but does not transfer CFD aggregate dates to a tract. Permit, grading, certificate-of-occupancy, and address-level historical records remain required.",
LH-EDGE-M5-01464,LH-TRACT-16394,RecordedTract,current_address_product_candidate,LH-PRODUCT-COVENANT-HILLS-BELLATAIRE,BuilderProduct,,,LH-TRACT-16394,LH-SRC-OC-TRACTS;LH-SRC-LARMAC-STREETS-2019;LH-SRC-OC-ADDRESS-POINTS;LH-SRC-OC-BOND-2006Q4;LH-SRC-OC-BOND-2011Q4,medium,3.0,enriched_but_physical_lifecycle_unresolved,"Mission 5 adds current geographic and product associations but does not transfer CFD aggregate dates to a tract. Permit, grading, certificate-of-occupancy, and address-level historical records remain required.",
LH-EDGE-M5-01465,LH-TRACT-16395,RecordedTract,current_address_product_candidate,LH-PRODUCT-COVENANT-HILLS-ENCANTADA,BuilderProduct,,,LH-TRACT-16395,LH-SRC-OC-TRACTS;LH-SRC-LARMAC-STREETS-2019;LH-SRC-OC-ADDRESS-POINTS;LH-SRC-OC-BOND-2006Q4;LH-SRC-OC-BOND-2011Q4,medium,3.0,enriched_but_physical_lifecycle_unresolved,"Mission 5 adds current geographic and product associations but does not transfer CFD aggregate dates to a tract. Permit, grading, certificate-of-occupancy, and address-level historical records remain required.",
LH-EDGE-M5-01466,LH-TRACT-16400,RecordedTract,current_address_product_candidate,LH-PRODUCT-COVENANT-HILLS-BELLATAIRE,BuilderProduct,,,LH-TRACT-16400,LH-SRC-OC-TRACTS;LH-SRC-LARMAC-STREETS-2019;LH-SRC-OC-ADDRESS-POINTS;LH-SRC-OC-BOND-2006Q4;LH-SRC-OC-BOND-2011Q4,medium,3.0,enriched_but_physical_lifecycle_unresolved,"Mission 5 adds current geographic and product associations but does not transfer CFD aggregate dates to a tract. Permit, grading, certificate-of-occupancy, and address-level historical records remain required.",
LH-EDGE-M5-01467,LH-TRACT-16472,RecordedTract,current_address_product_candidate,LH-PRODUCT-COVENANT-HILLS-SEGOVIA,BuilderProduct,,,LH-TRACT-16472,LH-SRC-OC-TRACTS;LH-SRC-LARMAC-STREETS-2019;LH-SRC-OC-ADDRESS-POINTS;LH-SRC-OC-BOND-2006Q4;LH-SRC-OC-BOND-2011Q4,medium,3.0,enriched_but_physical_lifecycle_unresolved,"Mission 5 adds current geographic and product associations but does not transfer CFD aggregate dates to a tract. Permit, grading, certificate-of-occupancy, and address-level historical records remain required.",
LH-EDGE-M5-01468,LH-TRACT-16473,RecordedTract,current_address_product_candidate,LH-PRODUCT-COVENANT-HILLS-MONTANEZ,BuilderProduct,,,LH-TRACT-16473,LH-SRC-OC-TRACTS;LH-SRC-LARMAC-STREETS-2019;LH-SRC-OC-ADDRESS-POINTS;LH-SRC-OC-BOND-2006Q4;LH-SRC-OC-BOND-2011Q4,medium,3.0,enriched_but_physical_lifecycle_unresolved,"Mission 5 adds current geographic and product associations but does not transfer CFD aggregate dates to a tract. Permit, grading, certificate-of-occupancy, and address-level historical records remain required.",
LH-EDGE-M5-01469,LH-TRACT-16504,RecordedTract,current_address_product_candidate,LH-PRODUCT-COVENANT-HILLS-MERIDEN,BuilderProduct,,,LH-TRACT-16504,LH-SRC-OC-TRACTS;LH-SRC-LARMAC-STREETS-2019;LH-SRC-OC-ADDRESS-POINTS;LH-SRC-OC-BOND-2006Q4;LH-SRC-OC-BOND-2011Q4,medium,3.0,enriched_but_physical_lifecycle_unresolved,"Mission 5 adds current geographic and product associations but does not transfer CFD aggregate dates to a tract. Permit, grading, certificate-of-occupancy, and address-level historical records remain required.",
LH-EDGE-M5-01470,LH-TRACT-16505,RecordedTract,current_address_product_candidate,LH-PRODUCT-COVENANT-HILLS-MERIDEN,BuilderProduct,,,LH-TRACT-16505,LH-SRC-OC-TRACTS;LH-SRC-LARMAC-STREETS-2019;LH-SRC-OC-ADDRESS-POINTS;LH-SRC-OC-BOND-2006Q4;LH-SRC-OC-BOND-2011Q4,medium,3.0,enriched_but_physical_lifecycle_unresolved,"Mission 5 adds current geographic and product associations but does not transfer CFD aggregate dates to a tract. Permit, grading, certificate-of-occupancy, and address-level historical records remain required.",
LH-EDGE-M5-01471,LH-TRACT-16667,RecordedTract,current_address_product_candidate,LH-PRODUCT-COVENANT-HILLS-ARBOLEDO,BuilderProduct,,,LH-TRACT-16667,LH-SRC-OC-TRACTS;LH-SRC-LARMAC-STREETS-2019;LH-SRC-OC-ADDRESS-POINTS;LH-SRC-OC-BOND-2006Q4;LH-SRC-OC-BOND-2011Q4,medium,3.0,enriched_but_physical_lifecycle_unresolved,"Mission 5 adds current geographic and product associations but does not transfer CFD aggregate dates to a tract. Permit, grading, certificate-of-occupancy, and address-level historical records remain required.",
LH-EDGE-M5-01472,LH-TRACT-16687,RecordedTract,current_address_product_candidate,LH-PRODUCT-COVENANT-HILLS-LAS-PIEDRAS,BuilderProduct,,,LH-TRACT-16687,LH-SRC-OC-TRACTS;LH-SRC-LARMAC-STREETS-2019;LH-SRC-OC-ADDRESS-POINTS;LH-SRC-OC-BOND-2006Q4;LH-SRC-OC-BOND-2011Q4,medium,3.0,enriched_but_physical_lifecycle_unresolved,"Mission 5 adds current geographic and product associations but does not transfer CFD aggregate dates to a tract. Permit, grading, certificate-of-occupancy, and address-level historical records remain required.",
LH-EDGE-M5-01473,LH-SCHOOL-PROJECT-04-101335,SchoolProject,relates_to,LH-SCHOOL-CHAPARRAL,School,,,LH-SCHOOL-PROJECT-04-101335,LH-SRC-DGS-DSA-TRACKER;LH-SRC-CUSD-CHAPARRAL,high,3.0,reviewed,Administrative milestones are not interchangeable with physical construction dates. The campus could operate before all DSA field review and certification work concluded.,
LH-EDGE-M5-01474,LH-SCHOOL-PROJECT-04-101335,SchoolProject,documented_by,LH-SRC-DGS-DSA-TRACKER,Source,,,LH-SCHOOL-PROJECT-04-101335,LH-SRC-DGS-DSA-TRACKER,high,3.0,reviewed,Administrative milestones are not interchangeable with physical construction dates. The campus could operate before all DSA field review and certification work concluded.,
LH-EDGE-M5-01475,LH-SCHOOL-PROJECT-04-101335,SchoolProject,documented_by,LH-SRC-CUSD-CHAPARRAL,Source,,,LH-SCHOOL-PROJECT-04-101335,LH-SRC-CUSD-CHAPARRAL,high,3.0,reviewed,Administrative milestones are not interchangeable with physical construction dates. The campus could operate before all DSA field review and certification work concluded.,
LH-EDGE-M5-01476,LH-SCHOOL-PROJECT-04-102435,SchoolProject,relates_to,LH-SCHOOL-LRES,School,,,LH-SCHOOL-PROJECT-04-102435,LH-SRC-DGS-DSA-TRACKER;LH-SRC-CUSD-LRES;LH-SRC-CUSD-LRMS,high,3.0,reviewed,Administrative milestones are not interchangeable with physical construction dates. The campus could operate before all DSA field review and certification work concluded.,
LH-EDGE-M5-01477,LH-SCHOOL-PROJECT-04-102435,SchoolProject,relates_to,LH-SCHOOL-LRMS,School,,,LH-SCHOOL-PROJECT-04-102435,LH-SRC-DGS-DSA-TRACKER;LH-SRC-CUSD-LRES;LH-SRC-CUSD-LRMS,high,3.0,reviewed,Administrative milestones are not interchangeable with physical construction dates. The campus could operate before all DSA field review and certification work concluded.,
LH-EDGE-M5-01478,LH-SCHOOL-PROJECT-04-102435,SchoolProject,documented_by,LH-SRC-DGS-DSA-TRACKER,Source,,,LH-SCHOOL-PROJECT-04-102435,LH-SRC-DGS-DSA-TRACKER,high,3.0,reviewed,Administrative milestones are not interchangeable with physical construction dates. The campus could operate before all DSA field review and certification work concluded.,
LH-EDGE-M5-01479,LH-SCHOOL-PROJECT-04-102435,SchoolProject,documented_by,LH-SRC-CUSD-LRES,Source,,,LH-SCHOOL-PROJECT-04-102435,LH-SRC-CUSD-LRES,high,3.0,reviewed,Administrative milestones are not interchangeable with physical construction dates. The campus could operate before all DSA field review and certification work concluded.,
LH-EDGE-M5-01480,LH-SCHOOL-PROJECT-04-102435,SchoolProject,documented_by,LH-SRC-CUSD-LRMS,Source,,,LH-SCHOOL-PROJECT-04-102435,LH-SRC-CUSD-LRMS,high,3.0,reviewed,Administrative milestones are not interchangeable with physical construction dates. The campus could operate before all DSA field review and certification work concluded.,
LH-EDGE-M5-01481,LH-SCHOOL-PROJECT-04-105541,SchoolProject,relates_to,LH-SCHOOL-OSO-GRANDE,School,,,LH-SCHOOL-PROJECT-04-105541,LH-SRC-DGS-DSA-TRACKER;LH-SRC-CDE-OSO,high,3.0,reviewed,Administrative milestones are not interchangeable with physical construction dates. The campus could operate before all DSA field review and certification work concluded.,
LH-EDGE-M5-01482,LH-SCHOOL-PROJECT-04-105541,SchoolProject,documented_by,LH-SRC-DGS-DSA-TRACKER,Source,,,LH-SCHOOL-PROJECT-04-105541,LH-SRC-DGS-DSA-TRACKER,high,3.0,reviewed,Administrative milestones are not interchangeable with physical construction dates. The campus could operate before all DSA field review and certification work concluded.,
LH-EDGE-M5-01483,LH-SCHOOL-PROJECT-04-105541,SchoolProject,documented_by,LH-SRC-CDE-OSO,Source,,,LH-SCHOOL-PROJECT-04-105541,LH-SRC-CDE-OSO,high,3.0,reviewed,Administrative milestones are not interchangeable with physical construction dates. The campus could operate before all DSA field review and certification work concluded.,
LH-EDGE-M5-01484,LH-SCHOOL-TIMELINE-001,SchoolMilestone,milestone_of,LH-SCHOOL-PROJECT-04-101335,SchoolProject,1999-06-30,1999-06-30,LH-SCHOOL-TIMELINE-001,LH-SRC-DGS-DSA-TRACKER,high,3.0,reviewed,This milestone does not by itself establish active-construction geometry or historical attendance assignment.,
LH-EDGE-M5-01485,LH-SCHOOL-TIMELINE-002,SchoolMilestone,milestone_of,LH-SCHOOL-PROJECT-04-101335,SchoolProject,2000-03-09,2000-03-09,LH-SCHOOL-TIMELINE-002,LH-SRC-DGS-DSA-TRACKER,high,3.0,reviewed,This milestone does not by itself establish active-construction geometry or historical attendance assignment.,
LH-EDGE-M5-01486,LH-SCHOOL-TIMELINE-003,SchoolMilestone,milestone_of,LH-SCHOOL-PROJECT-04-101335,SchoolProject,2001-09-06,2003-02-13,LH-SCHOOL-TIMELINE-003,LH-SRC-DGS-DSA-TRACKER,high,3.0,reviewed,This milestone does not by itself establish active-construction geometry or historical attendance assignment.,
LH-EDGE-M5-01487,LH-SCHOOL-TIMELINE-004,SchoolMilestone,milestone_of,LH-SCHOOL-PROJECT-04-101335,SchoolProject,2001-09-01,2001-09-30,LH-SCHOOL-TIMELINE-004,LH-SRC-CUSD-CHAPARRAL,high,3.0,reviewed,This milestone does not by itself establish active-construction geometry or historical attendance assignment.,
LH-EDGE-M5-01488,LH-SCHOOL-TIMELINE-005,SchoolMilestone,milestone_of,LH-SCHOOL-PROJECT-04-101335,SchoolProject,2003-12-18,2003-12-18,LH-SCHOOL-TIMELINE-005,LH-SRC-DGS-DSA-TRACKER,high,3.0,reviewed,This milestone does not by itself establish active-construction geometry or historical attendance assignment.,
LH-EDGE-M5-01489,LH-SCHOOL-TIMELINE-006,SchoolMilestone,milestone_of,LH-SCHOOL-PROJECT-04-102435,SchoolProject,2000-08-04,2000-08-04,LH-SCHOOL-TIMELINE-006,LH-SRC-DGS-DSA-TRACKER,high,3.0,reviewed,This milestone does not by itself establish active-construction geometry or historical attendance assignment.,
LH-EDGE-M5-01490,LH-SCHOOL-TIMELINE-007,SchoolMilestone,milestone_of,LH-SCHOOL-PROJECT-04-102435,SchoolProject,2001-04-19,2001-04-19,LH-SCHOOL-TIMELINE-007,LH-SRC-DGS-DSA-TRACKER,high,3.0,reviewed,This milestone does not by itself establish active-construction geometry or historical attendance assignment.,
LH-EDGE-M5-01491,LH-SCHOOL-TIMELINE-008,SchoolMilestone,milestone_of,LH-SCHOOL-PROJECT-04-102435,SchoolProject,2000-08-04,2005-03-16,LH-SCHOOL-TIMELINE-008,LH-SRC-DGS-DSA-TRACKER,high,3.0,reviewed,This milestone does not by itself establish active-construction geometry or historical attendance assignment.,
LH-EDGE-M5-01492,LH-SCHOOL-TIMELINE-009,SchoolMilestone,milestone_of,LH-SCHOOL-PROJECT-04-102435,SchoolProject,2003-08-27,2003-08-27,LH-SCHOOL-TIMELINE-009,LH-SRC-CUSD-LRES;LH-SRC-CUSD-LRMS,high,3.0,reviewed,This milestone does not by itself establish active-construction geometry or historical attendance assignment.,
LH-EDGE-M5-01493,LH-SCHOOL-TIMELINE-010,SchoolMilestone,milestone_of,LH-SCHOOL-PROJECT-04-102435,SchoolProject,2006-04-26,2006-04-26,LH-SCHOOL-TIMELINE-010,LH-SRC-DGS-DSA-TRACKER,high,3.0,reviewed,This milestone does not by itself establish active-construction geometry or historical attendance assignment.,
LH-EDGE-M5-01494,LH-SCHOOL-TIMELINE-011,SchoolMilestone,milestone_of,LH-SCHOOL-PROJECT-04-105541,SchoolProject,2003-08-20,2003-08-20,LH-SCHOOL-TIMELINE-011,LH-SRC-DGS-DSA-TRACKER,high,3.0,reviewed,This milestone does not by itself establish active-construction geometry or historical attendance assignment.,
LH-EDGE-M5-01495,LH-SCHOOL-TIMELINE-012,SchoolMilestone,milestone_of,LH-SCHOOL-PROJECT-04-105541,SchoolProject,2004-04-12,2004-04-12,LH-SCHOOL-TIMELINE-012,LH-SRC-DGS-DSA-TRACKER,high,3.0,reviewed,This milestone does not by itself establish active-construction geometry or historical attendance assignment.,
LH-EDGE-M5-01496,LH-SCHOOL-TIMELINE-013,SchoolMilestone,milestone_of,LH-SCHOOL-PROJECT-04-105541,SchoolProject,2004-11-04,2006-03-20,LH-SCHOOL-TIMELINE-013,LH-SRC-DGS-DSA-TRACKER,high,3.0,reviewed,This milestone does not by itself establish active-construction geometry or historical attendance assignment.,
LH-EDGE-M5-01497,LH-SCHOOL-TIMELINE-014,SchoolMilestone,milestone_of,LH-SCHOOL-PROJECT-04-105541,SchoolProject,2005-08-24,2005-08-24,LH-SCHOOL-TIMELINE-014,LH-SRC-CDE-OSO,high,3.0,reviewed,This milestone does not by itself establish active-construction geometry or historical attendance assignment.,
LH-EDGE-M5-01498,LH-SCHOOL-TIMELINE-015,SchoolMilestone,milestone_of,LH-SCHOOL-PROJECT-04-105541,SchoolProject,2006-06-09,2006-06-09,LH-SCHOOL-TIMELINE-015,LH-SRC-DGS-DSA-TRACKER,high,3.0,reviewed,This milestone does not by itself establish active-construction geometry or historical attendance assignment.,
LH-EDGE-M5-01499,LH-CONSTRUCTION-COMMUNITY-1998,ConstructionActivity,documented_by,LH-SRC-ULI-CASE,Source,1998-01-01,,LH-EVT-002,LH-SRC-ULI-CASE,medium,3.0,bounded_nonspatial_record,"No tract, activity class, end date, or dated geometry is established.",
LH-EDGE-M5-01500,LH-CONSTRUCTION-UTILITIES-1999,ConstructionActivity,documented_by,LH-SRC-CEQANET-UTILITIES,Source,,,LH-EVT-004,LH-SRC-CEQANET-UTILITIES,high,3.0,blocked_pending_as_built_records,The 1999-03-09 record date is not treated as construction start or completion.,
LH-EDGE-M5-01501,LH-CONSTRUCTION-SCHOOL-04-101335,ConstructionActivity,documented_by,LH-SRC-DGS-DSA-TRACKER,Source,,2003-12-18,LH-SCHOOL-PROJECT-04-101335,LH-SRC-DGS-DSA-TRACKER,medium,3.0,blocked_pending_permit_or_imagery_geometry,The end range separates campus operation from later administrative closeout; it is not an active-construction interval.,
LH-EDGE-M5-01502,LH-CONSTRUCTION-SCHOOL-04-101335,ConstructionActivity,documented_by,LH-SRC-CUSD-CHAPARRAL,Source,,2003-12-18,LH-SCHOOL-PROJECT-04-101335,LH-SRC-CUSD-CHAPARRAL,medium,3.0,blocked_pending_permit_or_imagery_geometry,The end range separates campus operation from later administrative closeout; it is not an active-construction interval.,
LH-EDGE-M5-01503,LH-CONSTRUCTION-SCHOOL-04-102435,ConstructionActivity,documented_by,LH-SRC-DGS-DSA-TRACKER,Source,,2006-04-26,LH-SCHOOL-PROJECT-04-102435,LH-SRC-DGS-DSA-TRACKER,medium,3.0,blocked_pending_permit_or_imagery_geometry,The end range separates campus operation from later administrative closeout; it is not an active-construction interval.,
LH-EDGE-M5-01504,LH-CONSTRUCTION-SCHOOL-04-102435,ConstructionActivity,documented_by,LH-SRC-CUSD-LRES,Source,,2006-04-26,LH-SCHOOL-PROJECT-04-102435,LH-SRC-CUSD-LRES,medium,3.0,blocked_pending_permit_or_imagery_geometry,The end range separates campus operation from later administrative closeout; it is not an active-construction interval.,
LH-EDGE-M5-01505,LH-CONSTRUCTION-SCHOOL-04-102435,ConstructionActivity,documented_by,LH-SRC-CUSD-LRMS,Source,,2006-04-26,LH-SCHOOL-PROJECT-04-102435,LH-SRC-CUSD-LRMS,medium,3.0,blocked_pending_permit_or_imagery_geometry,The end range separates campus operation from later administrative closeout; it is not an active-construction interval.,
LH-EDGE-M5-01506,LH-CONSTRUCTION-SCHOOL-04-105541,ConstructionActivity,documented_by,LH-SRC-DGS-DSA-TRACKER,Source,,2006-06-09,LH-SCHOOL-PROJECT-04-105541,LH-SRC-DGS-DSA-TRACKER,medium,3.0,blocked_pending_permit_or_imagery_geometry,The end range separates campus operation from later administrative closeout; it is not an active-construction interval.,
LH-EDGE-M5-01507,LH-CONSTRUCTION-SCHOOL-04-105541,ConstructionActivity,documented_by,LH-SRC-CDE-OSO,Source,,2006-06-09,LH-SCHOOL-PROJECT-04-105541,LH-SRC-CDE-OSO,medium,3.0,blocked_pending_permit_or_imagery_geometry,The end range separates campus operation from later administrative closeout; it is not an active-construction interval.,
LH-EDGE-M5-01508,LH-CONSTRUCTION-M5-COVENANT-2005,ConstructionActivity,documented_by,LH-SRC-CDFW-NAIP-2005,Source,2005-06-07,,LH-IMGOBS-M5-2005-02;LH-IMGOBS-M5-2005-03,LH-SRC-CDFW-NAIP-2005,high,3.0,bounded_visual_state_not_proximity_eligible,Broad disturbed ground and prepared pads are not assumed to be continuously active construction.,
LH-EDGE-M5-01509,LH-CONSTRUCTION-M5-COVENANT-2005-2009-CHANGE,ConstructionActivity,documented_by,LH-SRC-CDFW-NAIP-2005,Source,2005-06-07,,LH-IMGOBS-M5-2009-01,LH-SRC-CDFW-NAIP-2005,high,3.0,bounded_visual_change_not_proximity_eligible,"No exact construction start, completion date, or active footprint is inferred within the interval.",
LH-EDGE-M5-01510,LH-CONSTRUCTION-M5-COVENANT-2005-2009-CHANGE,ConstructionActivity,documented_by,LH-SRC-CDFW-NAIP-2009,Source,2005-06-07,,LH-IMGOBS-M5-2009-01,LH-SRC-CDFW-NAIP-2009,high,3.0,bounded_visual_change_not_proximity_eligible,"No exact construction start, completion date, or active footprint is inferred within the interval.",
LH-EDGE-M5-01511,LH-CONSTRUCTION-M5-CROWN-VALLEY-2008,ConstructionActivity,documented_by,LH-SRC-OC-TRANSPORT-2008,Source,2008-05-12,,LH-EVT-M5-006,LH-SRC-OC-TRANSPORT-2008,medium,3.0,bounded_nonspatial_report,"The report date is an observation date, not the construction start; current centerlines are not historical work geometry.",
LH-EDGE-M5-01512,LH-OCC-EVT-006,OccupancyEvent,concerns,LH-FEAT-SALES,HistoricalObject,1999-08-01,1999-08-31,LH-EVT-006,LH-SRC-LARMAC-TIMELINE,medium,3.0,bounded_nonspatial_record,Exact day not published No tract or neighborhood occupancy geometry is inferred.,
LH-EDGE-M5-01513,LH-OCC-EVT-007,OccupancyEvent,concerns,LH-FEAT-SALES,HistoricalObject,1999-10-01,1999-10-31,LH-EVT-007,LH-SRC-LARMAC-TIMELINE,medium,3.0,bounded_nonspatial_record,Sales figure awaits original sales ledger corroboration No tract or neighborhood occupancy geometry is inferred.,
LH-EDGE-M5-01514,LH-OCC-EVT-008,OccupancyEvent,concerns,LH-FEAT-OCCUPANCY,HistoricalObject,1999-12-14,1999-12-14,LH-EVT-008,LH-SRC-LARMAC-TIMELINE,medium,3.0,bounded_nonspatial_record,Community-level event; village assignment is not encoded without a primary occupancy record No tract or neighborhood occupancy geometry is inferred.,
LH-EDGE-M5-01515,LH-OCC-EVT-010,OccupancyEvent,concerns,LH-FEAT-SALES,HistoricalObject,2000-03-01,2000-03-31,LH-EVT-010,LH-SRC-LARMAC-TIMELINE,medium,3.0,bounded_nonspatial_record,Timeline reports 469 new and 562 total No tract or neighborhood occupancy geometry is inferred.,
LH-EDGE-M5-01516,LH-OCC-EVT-012,OccupancyEvent,concerns,LH-FEAT-SALES,HistoricalObject,2001-02-01,2001-02-28,LH-EVT-012,LH-SRC-LARMAC-TIMELINE,medium,3.0,bounded_nonspatial_record,Timeline reports 984 new and 31 neighborhoods open No tract or neighborhood occupancy geometry is inferred.,
LH-EDGE-M5-01517,LH-OCC-EVT-017,OccupancyEvent,concerns,LH-FEAT-SALES,HistoricalObject,2002-03-01,2002-03-31,LH-EVT-017,LH-SRC-LARMAC-TIMELINE,medium,3.0,bounded_nonspatial_record,Timeline reports 942 new and 54 neighborhoods open No tract or neighborhood occupancy geometry is inferred.,
LH-EDGE-M5-01518,LH-OCC-EVT-019,OccupancyEvent,concerns,LH-FEAT-SALES,HistoricalObject,2003-04-01,2003-04-30,LH-EVT-019,LH-SRC-LARMAC-TIMELINE,medium,3.0,bounded_nonspatial_record,Timeline also reports population 6112 No tract or neighborhood occupancy geometry is inferred.,
LH-EDGE-M5-01519,LH-OCC-EVT-024,OccupancyEvent,concerns,LH-FEAT-SALES,HistoricalObject,2004-01-01,2004-01-31,LH-EVT-024,LH-SRC-LARMAC-TIMELINE,medium,3.0,bounded_nonspatial_record,Timeline reports 1100 new homes since prior milestone No tract or neighborhood occupancy geometry is inferred.,
LH-EDGE-M5-01520,LH-OCC-EVT-027,OccupancyEvent,concerns,LH-FEAT-SALES,HistoricalObject,2005-02-01,2005-02-28,LH-EVT-027,LH-SRC-LARMAC-TIMELINE,medium,3.0,bounded_nonspatial_record,Timeline reports 792 new homes since prior milestone No tract or neighborhood occupancy geometry is inferred.,
LH-EDGE-M5-01521,LH-OCC-EVT-030,OccupancyEvent,concerns,LH-FEAT-SALES,HistoricalObject,2006-03-01,2006-03-31,LH-EVT-030,LH-SRC-LARMAC-TIMELINE,medium,3.0,bounded_nonspatial_record,Timeline reports 501 new homes since prior milestone No tract or neighborhood occupancy geometry is inferred.,
LH-EDGE-M5-01522,LH-OCC-EVT-031,OccupancyEvent,concerns,LH-FEAT-COMMUNITY,HistoricalObject,2006-01-01,2006-12-31,LH-EVT-031,LH-SRC-ULI-CASE,medium,3.0,bounded_nonspatial_record,Custom lots and later sales remained No tract or neighborhood occupancy geometry is inferred.,
LH-EDGE-M5-01523,LH-OCC-EVT-032,OccupancyEvent,concerns,LH-FEAT-SALES,HistoricalObject,2007-04-01,2007-04-30,LH-EVT-032,LH-SRC-LARMAC-TIMELINE,medium,3.0,bounded_nonspatial_record,Timeline reports 6585 total new homes sold No tract or neighborhood occupancy geometry is inferred.,
LH-EDGE-M5-01524,LH-OCC-EVT-033,OccupancyEvent,concerns,LH-FEAT-SALES,HistoricalObject,2008-01-01,2008-01-31,LH-EVT-033,LH-SRC-LARMAC-TIMELINE,medium,3.0,bounded_nonspatial_record,Later custom-lot completion remains unresolved No tract or neighborhood occupancy geometry is inferred.,
LH-EDGE-M5-01525,LH-OCC-LH-ABS-CFD-99-1-PHASE-I-1999,OccupancyEvent,concerns,LH-CFD-99-1-PHASE-I,HistoricalObject,1999-01-01,1999-12-31,LH-ABS-CFD-99-1-PHASE-I-1999,LH-SRC-OC-BOND-2006Q4,high,3.0,bounded_nonspatial_cfd_record,"Annual CFD aggregate is nonspatial and cannot be assigned to a tract, address, or household.",
LH-EDGE-M5-01526,LH-OCC-LH-ABS-CFD-99-1-PHASE-I-2000,OccupancyEvent,concerns,LH-CFD-99-1-PHASE-I,HistoricalObject,2000-01-01,2000-12-31,LH-ABS-CFD-99-1-PHASE-I-2000,LH-SRC-OC-BOND-2006Q4,high,3.0,bounded_nonspatial_cfd_record,"Annual CFD aggregate is nonspatial and cannot be assigned to a tract, address, or household.",
LH-EDGE-M5-01527,LH-OCC-LH-ABS-CFD-99-1-PHASE-I-2001,OccupancyEvent,concerns,LH-CFD-99-1-PHASE-I,HistoricalObject,2001-01-01,2001-12-31,LH-ABS-CFD-99-1-PHASE-I-2001,LH-SRC-OC-BOND-2006Q4,high,3.0,bounded_nonspatial_cfd_record,"Annual CFD aggregate is nonspatial and cannot be assigned to a tract, address, or household.",
LH-EDGE-M5-01528,LH-OCC-LH-ABS-CFD-99-1-PHASE-I-2002,OccupancyEvent,concerns,LH-CFD-99-1-PHASE-I,HistoricalObject,2002-01-01,2002-12-31,LH-ABS-CFD-99-1-PHASE-I-2002,LH-SRC-OC-BOND-2006Q4,high,3.0,bounded_nonspatial_cfd_record,"Annual CFD aggregate is nonspatial and cannot be assigned to a tract, address, or household.",
LH-EDGE-M5-01529,LH-OCC-LH-ABS-CFD-99-1-PHASE-I-2003,OccupancyEvent,concerns,LH-CFD-99-1-PHASE-I,HistoricalObject,2003-01-01,2003-12-31,LH-ABS-CFD-99-1-PHASE-I-2003,LH-SRC-OC-BOND-2006Q4,high,3.0,bounded_nonspatial_cfd_record,"Annual CFD aggregate is nonspatial and cannot be assigned to a tract, address, or household.",
LH-EDGE-M5-01530,LH-OCC-LH-ABS-CFD-99-1-PHASE-I-2004,OccupancyEvent,concerns,LH-CFD-99-1-PHASE-I,HistoricalObject,2004-01-01,2004-12-31,LH-ABS-CFD-99-1-PHASE-I-2004,LH-SRC-OC-BOND-2006Q4,high,3.0,bounded_nonspatial_cfd_record,"Annual CFD aggregate is nonspatial and cannot be assigned to a tract, address, or household.",
LH-EDGE-M5-01531,LH-OCC-LH-ABS-CFD-99-1-PHASE-I-2005,OccupancyEvent,concerns,LH-CFD-99-1-PHASE-I,HistoricalObject,2005-01-01,2005-12-31,LH-ABS-CFD-99-1-PHASE-I-2005,LH-SRC-OC-BOND-2006Q4,high,3.0,bounded_nonspatial_cfd_record,"Annual CFD aggregate is nonspatial and cannot be assigned to a tract, address, or household.",
LH-EDGE-M5-01532,LH-OCC-LH-ABS-CFD-99-1-PHASE-I-2006,OccupancyEvent,concerns,LH-CFD-99-1-PHASE-I,HistoricalObject,2006-01-01,2006-12-31,LH-ABS-CFD-99-1-PHASE-I-2006,LH-SRC-OC-BOND-2006Q4,high,3.0,bounded_nonspatial_cfd_record,"Annual CFD aggregate is nonspatial and cannot be assigned to a tract, address, or household.",
LH-EDGE-M5-01533,LH-OCC-LH-ABS-CFD-2002-1-URBAN-ACTIVITY-CENTER-2003,OccupancyEvent,concerns,LH-CFD-2002-1-URBAN-ACTIVITY-CENTER,HistoricalObject,2003-01-01,2003-12-31,LH-ABS-CFD-2002-1-URBAN-ACTIVITY-CENTER-2003,LH-SRC-OC-BOND-2006Q4,high,3.0,bounded_nonspatial_cfd_record,"Annual CFD aggregate is nonspatial and cannot be assigned to a tract, address, or household.",
LH-EDGE-M5-01534,LH-OCC-LH-ABS-CFD-2002-1-URBAN-ACTIVITY-CENTER-2004,OccupancyEvent,concerns,LH-CFD-2002-1-URBAN-ACTIVITY-CENTER,HistoricalObject,2004-01-01,2004-12-31,LH-ABS-CFD-2002-1-URBAN-ACTIVITY-CENTER-2004,LH-SRC-OC-BOND-2006Q4,high,3.0,bounded_nonspatial_cfd_record,"Annual CFD aggregate is nonspatial and cannot be assigned to a tract, address, or household.",
LH-EDGE-M5-01535,LH-OCC-LH-ABS-CFD-2002-1-URBAN-ACTIVITY-CENTER-2005,OccupancyEvent,concerns,LH-CFD-2002-1-URBAN-ACTIVITY-CENTER,HistoricalObject,2005-01-01,2005-12-31,LH-ABS-CFD-2002-1-URBAN-ACTIVITY-CENTER-2005,LH-SRC-OC-BOND-2006Q4,high,3.0,bounded_nonspatial_cfd_record,"Annual CFD aggregate is nonspatial and cannot be assigned to a tract, address, or household.",
LH-EDGE-M5-01536,LH-OCC-LH-ABS-CFD-2003-1-PHASE-V-2004,OccupancyEvent,concerns,LH-CFD-2003-1-PHASE-V,HistoricalObject,2004-01-01,2004-12-31,LH-ABS-CFD-2003-1-PHASE-V-2004,LH-SRC-OC-BOND-2006Q4,high,3.0,bounded_nonspatial_cfd_record,"Annual CFD aggregate is nonspatial and cannot be assigned to a tract, address, or household.",
LH-EDGE-M5-01537,LH-OCC-LH-ABS-CFD-2003-1-PHASE-V-2005,OccupancyEvent,concerns,LH-CFD-2003-1-PHASE-V,HistoricalObject,2005-01-01,2005-12-31,LH-ABS-CFD-2003-1-PHASE-V-2005,LH-SRC-OC-BOND-2006Q4,high,3.0,bounded_nonspatial_cfd_record,"Annual CFD aggregate is nonspatial and cannot be assigned to a tract, address, or household.",
LH-EDGE-M5-01538,LH-OCC-LH-ABS-CFD-2003-1-PHASE-V-2006,OccupancyEvent,concerns,LH-CFD-2003-1-PHASE-V,HistoricalObject,2006-01-01,2006-12-31,LH-ABS-CFD-2003-1-PHASE-V-2006,LH-SRC-OC-BOND-2006Q4,high,3.0,bounded_nonspatial_cfd_record,"Annual CFD aggregate is nonspatial and cannot be assigned to a tract, address, or household.",
LH-EDGE-M5-01539,LH-OCC-LH-ABS-CFD-2004-1-PHASE-VI-2005,OccupancyEvent,concerns,LH-CFD-2004-1-PHASE-VI,HistoricalObject,2005-01-01,2005-12-31,LH-ABS-CFD-2004-1-PHASE-VI-2005,LH-SRC-OC-BOND-2006Q4;LH-SRC-OC-BOND-2011Q4,high,3.0,bounded_nonspatial_cfd_record,"Annual CFD aggregate is nonspatial and cannot be assigned to a tract, address, or household.",
LH-EDGE-M5-01540,LH-OCC-LH-ABS-CFD-2004-1-PHASE-VI-2006,OccupancyEvent,concerns,LH-CFD-2004-1-PHASE-VI,HistoricalObject,2006-01-01,2006-12-31,LH-ABS-CFD-2004-1-PHASE-VI-2006,LH-SRC-OC-BOND-2006Q4;LH-SRC-OC-BOND-2011Q4,high,3.0,bounded_nonspatial_cfd_record,"Annual CFD aggregate is nonspatial and cannot be assigned to a tract, address, or household.",
LH-EDGE-M5-01541,LH-OCC-LH-ABS-CFD-2004-1-PHASE-VI-2007,OccupancyEvent,concerns,LH-CFD-2004-1-PHASE-VI,HistoricalObject,2007-01-01,2007-12-31,LH-ABS-CFD-2004-1-PHASE-VI-2007,LH-SRC-OC-BOND-2006Q4;LH-SRC-OC-BOND-2011Q4,high,3.0,bounded_nonspatial_cfd_record,"Annual CFD aggregate is nonspatial and cannot be assigned to a tract, address, or household.",
LH-EDGE-M5-01542,LH-OCC-LH-ABS-CFD-2004-1-PHASE-VI-2008,OccupancyEvent,concerns,LH-CFD-2004-1-PHASE-VI,HistoricalObject,2008-01-01,2008-12-31,LH-ABS-CFD-2004-1-PHASE-VI-2008,LH-SRC-OC-BOND-2006Q4;LH-SRC-OC-BOND-2011Q4,high,3.0,bounded_nonspatial_cfd_record,"Annual CFD aggregate is nonspatial and cannot be assigned to a tract, address, or household.",
LH-EDGE-M5-01543,LH-OCC-LH-ABS-CFD-2004-1-PHASE-VI-2009,OccupancyEvent,concerns,LH-CFD-2004-1-PHASE-VI,HistoricalObject,2009-01-01,2009-12-31,LH-ABS-CFD-2004-1-PHASE-VI-2009,LH-SRC-OC-BOND-2006Q4;LH-SRC-OC-BOND-2011Q4,high,3.0,bounded_nonspatial_cfd_record,"Annual CFD aggregate is nonspatial and cannot be assigned to a tract, address, or household.",
LH-EDGE-M5-01544,LH-OCC-LH-ABS-CFD-2004-1-PHASE-VI-2010,OccupancyEvent,concerns,LH-CFD-2004-1-PHASE-VI,HistoricalObject,2010-01-01,2010-12-31,LH-ABS-CFD-2004-1-PHASE-VI-2010,LH-SRC-OC-BOND-2006Q4;LH-SRC-OC-BOND-2011Q4,high,3.0,bounded_nonspatial_cfd_record,"Annual CFD aggregate is nonspatial and cannot be assigned to a tract, address, or household.",
LH-EDGE-M5-01545,LH-OCC-M5-FIRST-OVERNIGHT,OccupancyEvent,concerns,LH-VILLAGE-OAK-KNOLL,HistoricalObject,1999-11-30,1999-11-30,LH-EVT-M5-005,LH-SRC-LAT-FIRST-RESIDENT-1999,medium,3.0,conflict_retained_nonspatial,Conflicts with 1999-12-14 official retrospective; no address or certificate-of-occupancy record.,
LH-EDGE-M5-01546,LH-FEAT-UTILITIES,CommunityAsset,opening_or_record_supported_by,LH-SRC-CEQANET-UTILITIES,Source,1999-03-09,1999-03-09,LH-ASSET-EVT-004,LH-SRC-CEQANET-UTILITIES,high,3.0,documented_opening_or_record_milestone,Includes domestic and nondomestic water sewer force mains pump station and lift station Construction interval and historical footprint are not established by this opening milestone.,
LH-EDGE-M5-01547,LH-FEAT-OAK-KNOLL-CLUBHOUSE,CommunityAsset,opening_or_record_supported_by,LH-SRC-LARMAC-TIMELINE,Source,2000-03-01,2000-03-31,LH-ASSET-EVT-011,LH-SRC-LARMAC-TIMELINE,medium,3.0,documented_opening_or_record_milestone,Exact day not published Construction interval and historical footprint are not established by this opening milestone.,
LH-EDGE-M5-01548,LH-FEAT-SPORTS-PARK,CommunityAsset,opening_or_record_supported_by,LH-SRC-LARMAC-TIMELINE,Source,2001-06-01,2001-06-30,LH-ASSET-EVT-013,LH-SRC-LARMAC-TIMELINE,medium,3.0,documented_opening_or_record_milestone,Exact day not published Construction interval and historical footprint are not established by this opening milestone.,
LH-EDGE-M5-01549,LH-SCHOOL-CHAPARRAL,CommunityAsset,opening_or_record_supported_by,LH-SRC-CUSD-CHAPARRAL,Source,2001-09-01,2001-09-30,LH-ASSET-EVT-014,LH-SRC-CUSD-CHAPARRAL,high,3.0,documented_opening_or_record_milestone,Exact day not published Construction interval and historical footprint are not established by this opening milestone.,
LH-EDGE-M5-01550,LH-FEAT-BRIDGEPARK-PLAZA,CommunityAsset,opening_or_record_supported_by,LH-SRC-LARMAC-TIMELINE,Source,2001-10-01,2001-10-31,LH-ASSET-EVT-015,LH-SRC-LARMAC-TIMELINE,medium,3.0,documented_opening_or_record_milestone,Exact day not published Construction interval and historical footprint are not established by this opening milestone.,
LH-EDGE-M5-01551,LH-FEAT-TOWN-GREEN,CommunityAsset,opening_or_record_supported_by,LH-SRC-LARMAC-TIMELINE,Source,2001-10-01,2001-10-31,LH-ASSET-EVT-016,LH-SRC-LARMAC-TIMELINE,medium,3.0,documented_opening_or_record_milestone,Exact day not published Construction interval and historical footprint are not established by this opening milestone.,
LH-EDGE-M5-01552,LH-FEAT-AVENDALE-CLUBHOUSE,CommunityAsset,opening_or_record_supported_by,LH-SRC-LARMAC-TIMELINE,Source,2002-06-01,2002-06-30,LH-ASSET-EVT-018,LH-SRC-LARMAC-TIMELINE,medium,3.0,documented_opening_or_record_milestone,Exact day not published Construction interval and historical footprint are not established by this opening milestone.,
LH-EDGE-M5-01553,LH-FEAT-FOUNDERS-PARK,CommunityAsset,opening_or_record_supported_by,LH-SRC-LARMAC-TIMELINE,Source,2003-07-01,2003-07-31,LH-ASSET-EVT-020,LH-SRC-LARMAC-TIMELINE,medium,3.0,documented_opening_or_record_milestone,Community timeline month conflicts with school reports exact August 27 opening; events are preserved separately Construction interval and historical footprint are not established by this opening milestone.,
LH-EDGE-M5-01554,LH-FEAT-LIBRARY,CommunityAsset,opening_or_record_supported_by,LH-SRC-LARMAC-TIMELINE,Source,2003-07-01,2003-07-31,LH-ASSET-EVT-021,LH-SRC-LARMAC-TIMELINE,medium,3.0,documented_opening_or_record_milestone,Exact day not published Construction interval and historical footprint are not established by this opening milestone.,
LH-EDGE-M5-01555,LH-SCHOOL-LRES,CommunityAsset,opening_or_record_supported_by,LH-SRC-CUSD-LRES,Source,2003-08-27,2003-08-27,LH-ASSET-EVT-023,LH-SRC-CUSD-LRES,high,3.0,documented_opening_or_record_milestone,Shared elementary and middle campus Construction interval and historical footprint are not established by this opening milestone.,
LH-EDGE-M5-01556,LH-SCHOOL-LRES,CommunityAsset,opening_or_record_supported_by,LH-SRC-CUSD-LRMS,Source,2003-08-27,2003-08-27,LH-ASSET-EVT-023,LH-SRC-CUSD-LRMS,high,3.0,documented_opening_or_record_milestone,Shared elementary and middle campus Construction interval and historical footprint are not established by this opening milestone.,
LH-EDGE-M5-01557,LH-SCHOOL-LRMS,CommunityAsset,opening_or_record_supported_by,LH-SRC-CUSD-LRMS,Source,2004-01-01,2004-12-31,LH-ASSET-EVT-025,LH-SRC-CUSD-LRMS,high,3.0,documented_opening_or_record_milestone,Exact date not published Construction interval and historical footprint are not established by this opening milestone.,
LH-EDGE-M5-01558,LH-FEAT-VILLAGE-CLUBHOUSES,CommunityAsset,opening_or_record_supported_by,LH-SRC-LARMAC-TIMELINE,Source,2004-12-01,2004-12-31,LH-ASSET-EVT-026,LH-SRC-LARMAC-TIMELINE,medium,3.0,documented_opening_or_record_milestone,Exact days not published Construction interval and historical footprint are not established by this opening milestone.,
LH-EDGE-M5-01559,LH-SCHOOL-OSO-GRANDE,CommunityAsset,opening_or_record_supported_by,LH-SRC-CDE-OSO,Source,2005-08-24,2005-08-24,LH-ASSET-EVT-028,LH-SRC-CDE-OSO,high,3.0,documented_opening_or_record_milestone,Official registry date Construction interval and historical footprint are not established by this opening milestone.,
LH-EDGE-M5-01560,LH-FEAT-2005-PARKS,CommunityAsset,opening_or_record_supported_by,LH-SRC-LARMAC-TIMELINE,Source,2005-11-01,2005-11-30,LH-ASSET-EVT-029,LH-SRC-LARMAC-TIMELINE,medium,3.0,documented_opening_or_record_milestone,Exact days not published Construction interval and historical footprint are not established by this opening milestone.,
LH-EDGE-M5-01561,LH-ASSET-UAC-LAUREL-TERRACE,CommunityAsset,opening_or_record_supported_by,LH-SRC-OC-BOND-2006Q4,Source,2006-12-31,2006-12-31,LH-COMMERCIAL-2006-LAUREL-TERRACE,LH-SRC-OC-BOND-2006Q4,high,3.0,documented_status_snapshot,Snapshot status only; historical footprint and opening or construction dates remain unresolved.,
LH-EDGE-M5-01562,LH-ASSET-UAC-REMINGTON-ACTIVE-SENIORS,CommunityAsset,opening_or_record_supported_by,LH-SRC-OC-BOND-2006Q4,Source,2006-12-31,2006-12-31,LH-COMMERCIAL-2006-REMINGTON-ACTIVE-SENIORS,LH-SRC-OC-BOND-2006Q4,high,3.0,documented_status_snapshot,Snapshot status only; historical footprint and opening or construction dates remain unresolved.,
LH-EDGE-M5-01563,LH-ASSET-UAC-LADERA-CORPORATE-TERRACE,CommunityAsset,opening_or_record_supported_by,LH-SRC-OC-BOND-2006Q4,Source,2006-12-31,2006-12-31,LH-COMMERCIAL-2006-LADERA-CORPORATE-TERRACE,LH-SRC-OC-BOND-2006Q4,high,3.0,documented_status_snapshot,Snapshot status only; historical footprint and opening or construction dates remain unresolved.,
LH-EDGE-M5-01564,LH-ASSET-UAC-MONTESSORI-2101,CommunityAsset,opening_or_record_supported_by,LH-SRC-OC-BOND-2006Q4,Source,2006-12-31,2006-12-31,LH-COMMERCIAL-2006-MONTESSORI-2101,LH-SRC-OC-BOND-2006Q4,high,3.0,documented_status_snapshot,Snapshot status only; historical footprint and opening or construction dates remain unresolved.,
LH-EDGE-M5-01565,LH-ASSET-UAC-KINDER-CARE-1000,CommunityAsset,opening_or_record_supported_by,LH-SRC-OC-BOND-2006Q4,Source,2006-12-31,2006-12-31,LH-COMMERCIAL-2006-KINDER-CARE-1000,LH-SRC-OC-BOND-2006Q4,high,3.0,documented_status_snapshot,Snapshot status only; historical footprint and opening or construction dates remain unresolved.,
LH-EDGE-M5-01566,LH-ASSET-UAC-TRACT-16036-LOTS-40-41,CommunityAsset,opening_or_record_supported_by,LH-SRC-OC-BOND-2006Q4,Source,2006-12-31,2006-12-31,LH-COMMERCIAL-2006-TRACT-16036-LOTS-40-41,LH-SRC-OC-BOND-2006Q4,high,3.0,documented_status_snapshot,Snapshot status only; historical footprint and opening or construction dates remain unresolved.,
LH-EDGE-M5-01567,LH-ASSET-UAC-MERCHANTILE-EAST,CommunityAsset,opening_or_record_supported_by,LH-SRC-OC-BOND-2006Q4,Source,2006-12-31,2006-12-31,LH-COMMERCIAL-2006-MERCHANTILE-EAST,LH-SRC-OC-BOND-2006Q4,high,3.0,documented_status_snapshot,Snapshot status only; historical footprint and opening or construction dates remain unresolved.,
LH-EDGE-M5-01568,LH-ASSET-UAC-LADERA-UAC-SELF-STORAGE,CommunityAsset,opening_or_record_supported_by,LH-SRC-OC-BOND-2006Q4,Source,2006-12-31,2006-12-31,LH-COMMERCIAL-2006-LADERA-UAC-SELF-STORAGE,LH-SRC-OC-BOND-2006Q4,high,3.0,documented_status_snapshot,Snapshot status only; historical footprint and opening or construction dates remain unresolved.,
LH-EDGE-M5-01569,LH-IMG-1929,HistoricalImagery,provided_by,LH-SRC-OC-IMAGERY,Source,1929-01-01,1929-01-01,LH-IMG-1929,LH-SRC-OC-IMAGERY,high,3.0,reviewed,Predevelopment context; outside Mission 4 construction interval.,
LH-EDGE-M5-01570,LH-IMG-1937,HistoricalImagery,provided_by,LH-SRC-OC-IMAGERY,Source,1937-01-01,1937-01-01,LH-IMG-1937,LH-SRC-OC-IMAGERY,high,3.0,reviewed,Predevelopment context; outside Mission 4 construction interval.,
LH-EDGE-M5-01571,LH-IMG-1946,HistoricalImagery,provided_by,LH-SRC-OC-IMAGERY,Source,1946-01-01,1946-01-01,LH-IMG-1946,LH-SRC-OC-IMAGERY,medium,3.0,reviewed,Predevelopment context; outside Mission 4 construction interval.,
LH-EDGE-M5-01572,LH-IMG-1994-1995,HistoricalImagery,provided_by,LH-SRC-OC-IMAGERY,Source,1994-01-01,1995-12-31,LH-IMG-1994-1995,LH-SRC-OC-IMAGERY,high,3.0,reviewed,Date interval reflects two County catalog fields; partial coverage and no adjacent-date image prevent reliable active-construction interval digitization.,
LH-EDGE-M5-01573,LH-IMG-1997-1998,HistoricalImagery,provided_by,LH-SRC-OC-IMAGERY,Source,1997-01-01,1998-06-30,LH-IMG-1997-1998,LH-SRC-OC-IMAGERY,high,3.0,reviewed,Date interval reflects two County catalog fields; partial coverage and no adjacent-date image prevent reliable active-construction interval digitization.,
LH-EDGE-M5-01574,LH-IMG-NAIP-2005,HistoricalImagery,provided_by,LH-SRC-CDFW-NAIP-2005,Source,2005-06-07,2005-06-07,LH-IMG-NAIP-2005,LH-SRC-CDFW-NAIP-2005,high,3.0,reviewed,"Visible roofs, roads, disturbed soil, and landscaping do not by themselves establish permits, legal completion, certificates of occupancy, or individual occupancy.",
LH-EDGE-M5-01575,LH-IMG-NAIP-2009,HistoricalImagery,provided_by,LH-SRC-CDFW-NAIP-2009,Source,2009-06-18,2009-06-22,LH-IMG-NAIP-2009,LH-SRC-CDFW-NAIP-2009,high,3.0,reviewed,"Visible roofs, roads, disturbed soil, and landscaping do not by themselves establish permits, legal completion, certificates of occupancy, or individual occupancy.",
LH-EDGE-M5-01576,LH-IMG-NAIP-2010,HistoricalImagery,provided_by,LH-SRC-CDFW-NAIP-2010,Source,2010-05-01,2010-05-01,LH-IMG-NAIP-2010,LH-SRC-CDFW-NAIP-2010,high,3.0,reviewed,"Visible roofs, roads, disturbed soil, and landscaping do not by themselves establish permits, legal completion, certificates of occupancy, or individual occupancy.",
LH-EDGE-M5-01577,LH-IMG-REVIEW-4,ImageryReview,reviews,LH-IMG-1994-1995,HistoricalImagery,2026-07-26,,LH-IMG-REVIEW-4,LH-SRC-OC-IMAGERY,medium,3.0,reviewed,"Partial eastern strip visually reviewed as a pre-development baseline; ranch roads and an existing compound are visible, but no Ladera development polygon is inferred.",
LH-EDGE-M5-01578,LH-IMG-REVIEW-33,ImageryReview,reviews,LH-IMG-1997-1998,HistoricalImagery,2026-07-26,,LH-IMG-REVIEW-33,LH-SRC-OC-IMAGERY,medium,3.0,reviewed,"Partial northern coverage visually reviewed. Broad undeveloped terrain is visible, but no active-construction polygon is digitized without a second adjacent-date image.",
LH-EDGE-M5-01579,LH-IMG-REVIEW-M5-2005,ImageryReview,reviews,LH-IMG-NAIP-2005,HistoricalImagery,2026-07-27,,LH-IMG-REVIEW-M5-2005,LH-SRC-CDFW-NAIP-2005,high,3.0,reviewed_mission5,Visible disturbance is not classified as a precise active-construction footprint and is not proximity eligible.,
LH-EDGE-M5-01580,LH-IMG-REVIEW-M5-2009,ImageryReview,reviews,LH-IMG-NAIP-2009,HistoricalImagery,2026-07-27,,LH-IMG-REVIEW-M5-2009,LH-SRC-CDFW-NAIP-2005;LH-SRC-CDFW-NAIP-2009,high,3.0,reviewed_mission5,Change is bounded between captures; no continuous activity or individual completion date is inferred.,
LH-EDGE-M5-01581,LH-IMG-REVIEW-M5-2010,ImageryReview,reviews,LH-IMG-NAIP-2010,HistoricalImagery,2026-07-27,,LH-IMG-REVIEW-M5-2010,LH-SRC-CDFW-NAIP-2009;LH-SRC-CDFW-NAIP-2010,medium,3.0,reviewed_mission5,Individual-lot change may exist; no broad active-construction polygon is asserted.,
LH-EDGE-M5-01582,LH-SNAPSHOT-M4-1997,AnnualSnapshot,includes_milestone,LH-EVT-001B,DevelopmentEvent,1997-01-01,1997-12-31,LH-EVT-001B,LH-SRC-RMV-PLANNING,low,3.0,reviewed,Annual records are evidence manifests; unchanged or unavailable fields do not imply historical absence.,
LH-EDGE-M5-01583,LH-SNAPSHOT-M4-1998,AnnualSnapshot,includes_milestone,LH-EVT-002,DevelopmentEvent,1998-01-01,1998-12-31,LH-EVT-002,LH-SRC-OC-ADS;LH-SRC-ULI-CASE,medium,3.0,reviewed,Annual records are evidence manifests; unchanged or unavailable fields do not imply historical absence.,
LH-EDGE-M5-01584,LH-SNAPSHOT-M4-1998,AnnualSnapshot,includes_milestone,LH-EVT-003,DevelopmentEvent,1998-01-01,1998-12-31,LH-EVT-003,LH-SRC-OC-ADS;LH-SRC-ULI-CASE,medium,3.0,reviewed,Annual records are evidence manifests; unchanged or unavailable fields do not imply historical absence.,
LH-EDGE-M5-01585,LH-SNAPSHOT-M4-1999,AnnualSnapshot,includes_milestone,LH-EVT-004,DevelopmentEvent,1999-01-01,1999-12-31,LH-EVT-004,LH-SRC-CEQANET-UTILITIES;LH-SRC-LARMAC-TIMELINE;LH-SRC-OC-ADS,medium,3.0,reviewed,Annual records are evidence manifests; unchanged or unavailable fields do not imply historical absence.,
LH-EDGE-M5-01586,LH-SNAPSHOT-M4-1999,AnnualSnapshot,includes_milestone,LH-EVT-005,DevelopmentEvent,1999-01-01,1999-12-31,LH-EVT-005,LH-SRC-CEQANET-UTILITIES;LH-SRC-LARMAC-TIMELINE;LH-SRC-OC-ADS,medium,3.0,reviewed,Annual records are evidence manifests; unchanged or unavailable fields do not imply historical absence.,
LH-EDGE-M5-01587,LH-SNAPSHOT-M4-1999,AnnualSnapshot,includes_milestone,LH-EVT-006,DevelopmentEvent,1999-01-01,1999-12-31,LH-EVT-006,LH-SRC-CEQANET-UTILITIES;LH-SRC-LARMAC-TIMELINE;LH-SRC-OC-ADS,medium,3.0,reviewed,Annual records are evidence manifests; unchanged or unavailable fields do not imply historical absence.,
LH-EDGE-M5-01588,LH-SNAPSHOT-M4-1999,AnnualSnapshot,includes_milestone,LH-EVT-007,DevelopmentEvent,1999-01-01,1999-12-31,LH-EVT-007,LH-SRC-CEQANET-UTILITIES;LH-SRC-LARMAC-TIMELINE;LH-SRC-OC-ADS,medium,3.0,reviewed,Annual records are evidence manifests; unchanged or unavailable fields do not imply historical absence.,
LH-EDGE-M5-01589,LH-SNAPSHOT-M4-1999,AnnualSnapshot,includes_milestone,LH-EVT-008,DevelopmentEvent,1999-01-01,1999-12-31,LH-EVT-008,LH-SRC-CEQANET-UTILITIES;LH-SRC-LARMAC-TIMELINE;LH-SRC-OC-ADS,medium,3.0,reviewed,Annual records are evidence manifests; unchanged or unavailable fields do not imply historical absence.,
LH-EDGE-M5-01590,LH-SNAPSHOT-M4-2000,AnnualSnapshot,includes_milestone,LH-EVT-009,DevelopmentEvent,2000-01-01,2000-12-31,LH-EVT-009,LH-SRC-LARMAC-TIMELINE;LH-SRC-OC-ADS,medium,3.0,reviewed,Annual records are evidence manifests; unchanged or unavailable fields do not imply historical absence.,
LH-EDGE-M5-01591,LH-SNAPSHOT-M4-2000,AnnualSnapshot,includes_milestone,LH-EVT-010,DevelopmentEvent,2000-01-01,2000-12-31,LH-EVT-010,LH-SRC-LARMAC-TIMELINE;LH-SRC-OC-ADS,medium,3.0,reviewed,Annual records are evidence manifests; unchanged or unavailable fields do not imply historical absence.,
LH-EDGE-M5-01592,LH-SNAPSHOT-M4-2000,AnnualSnapshot,includes_milestone,LH-EVT-011,DevelopmentEvent,2000-01-01,2000-12-31,LH-EVT-011,LH-SRC-LARMAC-TIMELINE;LH-SRC-OC-ADS,medium,3.0,reviewed,Annual records are evidence manifests; unchanged or unavailable fields do not imply historical absence.,
LH-EDGE-M5-01593,LH-SNAPSHOT-M4-2001,AnnualSnapshot,includes_milestone,LH-EVT-012,DevelopmentEvent,2001-01-01,2001-12-31,LH-EVT-012,LH-SRC-CUSD-CHAPARRAL;LH-SRC-LARMAC-TIMELINE,medium,3.0,reviewed,Annual records are evidence manifests; unchanged or unavailable fields do not imply historical absence.,
LH-EDGE-M5-01594,LH-SNAPSHOT-M4-2001,AnnualSnapshot,includes_milestone,LH-EVT-013,DevelopmentEvent,2001-01-01,2001-12-31,LH-EVT-013,LH-SRC-CUSD-CHAPARRAL;LH-SRC-LARMAC-TIMELINE,medium,3.0,reviewed,Annual records are evidence manifests; unchanged or unavailable fields do not imply historical absence.,
LH-EDGE-M5-01595,LH-SNAPSHOT-M4-2001,AnnualSnapshot,includes_milestone,LH-EVT-014,DevelopmentEvent,2001-01-01,2001-12-31,LH-EVT-014,LH-SRC-CUSD-CHAPARRAL;LH-SRC-LARMAC-TIMELINE,medium,3.0,reviewed,Annual records are evidence manifests; unchanged or unavailable fields do not imply historical absence.,
LH-EDGE-M5-01596,LH-SNAPSHOT-M4-2001,AnnualSnapshot,includes_milestone,LH-EVT-015,DevelopmentEvent,2001-01-01,2001-12-31,LH-EVT-015,LH-SRC-CUSD-CHAPARRAL;LH-SRC-LARMAC-TIMELINE,medium,3.0,reviewed,Annual records are evidence manifests; unchanged or unavailable fields do not imply historical absence.,
LH-EDGE-M5-01597,LH-SNAPSHOT-M4-2001,AnnualSnapshot,includes_milestone,LH-EVT-016,DevelopmentEvent,2001-01-01,2001-12-31,LH-EVT-016,LH-SRC-CUSD-CHAPARRAL;LH-SRC-LARMAC-TIMELINE,medium,3.0,reviewed,Annual records are evidence manifests; unchanged or unavailable fields do not imply historical absence.,
LH-EDGE-M5-01598,LH-SNAPSHOT-M4-2002,AnnualSnapshot,includes_milestone,LH-EVT-017,DevelopmentEvent,2002-01-01,2002-12-31,LH-EVT-017,LH-SRC-LARMAC-TIMELINE,medium,3.0,reviewed,Annual records are evidence manifests; unchanged or unavailable fields do not imply historical absence.,
LH-EDGE-M5-01599,LH-SNAPSHOT-M4-2002,AnnualSnapshot,includes_milestone,LH-EVT-018,DevelopmentEvent,2002-01-01,2002-12-31,LH-EVT-018,LH-SRC-LARMAC-TIMELINE,medium,3.0,reviewed,Annual records are evidence manifests; unchanged or unavailable fields do not imply historical absence.,
LH-EDGE-M5-01600,LH-SNAPSHOT-M4-2003,AnnualSnapshot,includes_milestone,LH-EVT-019,DevelopmentEvent,2003-01-01,2003-12-31,LH-EVT-019,LH-SRC-CUSD-LRES;LH-SRC-CUSD-LRMS;LH-SRC-LARMAC-TIMELINE;LH-SRC-OC-PC,high,3.0,reviewed,Annual records are evidence manifests; unchanged or unavailable fields do not imply historical absence.,
LH-EDGE-M5-01601,LH-SNAPSHOT-M4-2003,AnnualSnapshot,includes_milestone,LH-EVT-020,DevelopmentEvent,2003-01-01,2003-12-31,LH-EVT-020,LH-SRC-CUSD-LRES;LH-SRC-CUSD-LRMS;LH-SRC-LARMAC-TIMELINE;LH-SRC-OC-PC,high,3.0,reviewed,Annual records are evidence manifests; unchanged or unavailable fields do not imply historical absence.,
LH-EDGE-M5-01602,LH-SNAPSHOT-M4-2003,AnnualSnapshot,includes_milestone,LH-EVT-021,DevelopmentEvent,2003-01-01,2003-12-31,LH-EVT-021,LH-SRC-CUSD-LRES;LH-SRC-CUSD-LRMS;LH-SRC-LARMAC-TIMELINE;LH-SRC-OC-PC,high,3.0,reviewed,Annual records are evidence manifests; unchanged or unavailable fields do not imply historical absence.,
LH-EDGE-M5-01603,LH-SNAPSHOT-M4-2003,AnnualSnapshot,includes_milestone,LH-EVT-022,DevelopmentEvent,2003-01-01,2003-12-31,LH-EVT-022,LH-SRC-CUSD-LRES;LH-SRC-CUSD-LRMS;LH-SRC-LARMAC-TIMELINE;LH-SRC-OC-PC,high,3.0,reviewed,Annual records are evidence manifests; unchanged or unavailable fields do not imply historical absence.,
LH-EDGE-M5-01604,LH-SNAPSHOT-M4-2003,AnnualSnapshot,includes_milestone,LH-EVT-023,DevelopmentEvent,2003-01-01,2003-12-31,LH-EVT-023,LH-SRC-CUSD-LRES;LH-SRC-CUSD-LRMS;LH-SRC-LARMAC-TIMELINE;LH-SRC-OC-PC,high,3.0,reviewed,Annual records are evidence manifests; unchanged or unavailable fields do not imply historical absence.,
LH-EDGE-M5-01605,LH-SNAPSHOT-M4-2004,AnnualSnapshot,includes_milestone,LH-EVT-024,DevelopmentEvent,2004-01-01,2004-12-31,LH-EVT-024,LH-SRC-CUSD-LRMS;LH-SRC-LARMAC-TIMELINE,medium,3.0,reviewed,Annual records are evidence manifests; unchanged or unavailable fields do not imply historical absence.,
LH-EDGE-M5-01606,LH-SNAPSHOT-M4-2004,AnnualSnapshot,includes_milestone,LH-EVT-025,DevelopmentEvent,2004-01-01,2004-12-31,LH-EVT-025,LH-SRC-CUSD-LRMS;LH-SRC-LARMAC-TIMELINE,medium,3.0,reviewed,Annual records are evidence manifests; unchanged or unavailable fields do not imply historical absence.,
LH-EDGE-M5-01607,LH-SNAPSHOT-M4-2004,AnnualSnapshot,includes_milestone,LH-EVT-026,DevelopmentEvent,2004-01-01,2004-12-31,LH-EVT-026,LH-SRC-CUSD-LRMS;LH-SRC-LARMAC-TIMELINE,medium,3.0,reviewed,Annual records are evidence manifests; unchanged or unavailable fields do not imply historical absence.,
LH-EDGE-M5-01608,LH-SNAPSHOT-M4-2005,AnnualSnapshot,includes_milestone,LH-EVT-027,DevelopmentEvent,2005-01-01,2005-12-31,LH-EVT-027,LH-SRC-CDE-OSO;LH-SRC-LARMAC-TIMELINE,high,3.0,reviewed,Annual records are evidence manifests; unchanged or unavailable fields do not imply historical absence.,
LH-EDGE-M5-01609,LH-SNAPSHOT-M4-2005,AnnualSnapshot,includes_milestone,LH-EVT-028,DevelopmentEvent,2005-01-01,2005-12-31,LH-EVT-028,LH-SRC-CDE-OSO;LH-SRC-LARMAC-TIMELINE,high,3.0,reviewed,Annual records are evidence manifests; unchanged or unavailable fields do not imply historical absence.,
LH-EDGE-M5-01610,LH-SNAPSHOT-M4-2005,AnnualSnapshot,includes_milestone,LH-EVT-029,DevelopmentEvent,2005-01-01,2005-12-31,LH-EVT-029,LH-SRC-CDE-OSO;LH-SRC-LARMAC-TIMELINE,high,3.0,reviewed,Annual records are evidence manifests; unchanged or unavailable fields do not imply historical absence.,
LH-EDGE-M5-01611,LH-SNAPSHOT-M4-2006,AnnualSnapshot,includes_milestone,LH-EVT-030,DevelopmentEvent,2006-01-01,2006-12-31,LH-EVT-030,LH-SRC-LARMAC-TIMELINE;LH-SRC-ULI-CASE,medium,3.0,reviewed,Annual records are evidence manifests; unchanged or unavailable fields do not imply historical absence.,
LH-EDGE-M5-01612,LH-SNAPSHOT-M4-2006,AnnualSnapshot,includes_milestone,LH-EVT-031,DevelopmentEvent,2006-01-01,2006-12-31,LH-EVT-031,LH-SRC-LARMAC-TIMELINE;LH-SRC-ULI-CASE,medium,3.0,reviewed,Annual records are evidence manifests; unchanged or unavailable fields do not imply historical absence.,
LH-EDGE-M5-01613,LH-SNAPSHOT-M4-2007,AnnualSnapshot,includes_milestone,LH-EVT-032,DevelopmentEvent,2007-01-01,2007-12-31,LH-EVT-032,LH-SRC-LARMAC-TIMELINE,medium,3.0,reviewed,Annual records are evidence manifests; unchanged or unavailable fields do not imply historical absence.,
LH-EDGE-M5-01614,LH-SNAPSHOT-M4-2008,AnnualSnapshot,includes_milestone,LH-EVT-033,DevelopmentEvent,2008-01-01,2008-12-31,LH-EVT-033,LH-SRC-LARMAC-TIMELINE,medium,3.0,reviewed,Annual records are evidence manifests; unchanged or unavailable fields do not imply historical absence.,
