addressConstraint,association,confidence,limitations,neighborhood,sourceIds,sourceLocator,statementClass,streetLabel,streetNameNormalized,streetNeighborhoodId,village
,FY&D,high,Directory reflects 2019 naming and does not establish the historical opening date.,Berkshire,LH-SRC-LARMAC-STREETS-2019,PDF page 1,documented_exact,ABELIA STREET,ABELIA ST,LH-STREET-XWALK-0001,Avendale
,S-2,high,Directory reflects 2019 naming and does not establish the historical opening date.,Lexington 3,LH-SRC-LARMAC-STREETS-2019,PDF page 1,documented_exact,ABYSSINIAN WAY,ABYSSINIAN WAY,LH-STREET-XWALK-0002,Echo Ridge
,FY&D,high,Directory reflects 2019 naming and does not establish the historical opening date.,Arborage 2,LH-SRC-LARMAC-STREETS-2019,PDF page 1,documented_exact,ACASTER WAY,ACASTER WAY,LH-STREET-XWALK-0003,Terramor
,CH,high,Directory reflects 2019 naming and does not establish the historical opening date.,Segovia,LH-SRC-LARMAC-STREETS-2019,PDF page 1,documented_exact,ADELE STREET,ADELE ST,LH-STREET-XWALK-0004,Covenant Hills
,FY&D,high,Directory reflects 2019 naming and does not establish the historical opening date.,Walden Park 1,LH-SRC-LARMAC-STREETS-2019,PDF page 1,documented_exact,ADIN DRIVE,ADIN DR,LH-STREET-XWALK-0005,Avendale
"1-11, 21-25 odd, 32,34,36",SUB,high,Directory reflects 2019 naming and does not establish the historical opening date.,St. Mays Road,LH-SRC-LARMAC-STREETS-2019,PDF page 1,documented_exact,"AGAPANTHUS STREET (1-11, 21-25 odd, 32,34,36)",AGAPANTHUS ST,LH-STREET-XWALK-0006,Avendale
31-41 odd,,high,Directory reflects 2019 naming and does not establish the historical opening date.,Tether Moon 2,LH-SRC-LARMAC-STREETS-2019,PDF page 1,documented_exact,AGAPANTHUS STREET (31-41 odd),AGAPANTHUS ST,LH-STREET-XWALK-0007,Avendale
"8, 28",,high,Directory reflects 2019 naming and does not establish the historical opening date.,Canopy Lane 2,LH-SRC-LARMAC-STREETS-2019,PDF page 1,documented_exact,"AGAPANTHUS STREET (8, 28)",AGAPANTHUS ST,LH-STREET-XWALK-0008,Avendale
,SUB,high,Directory reflects 2019 naming and does not establish the historical opening date.,Berkshire,LH-SRC-LARMAC-STREETS-2019,PDF page 1,documented_exact,AGAVE COURT,AGAVE CT,LH-STREET-XWALK-0009,Avendale
,SUB,high,Directory reflects 2019 naming and does not establish the historical opening date.,Aldenhouse,LH-SRC-LARMAC-STREETS-2019,PDF page 1,documented_exact,ALBANY STREET,ALBANY ST,LH-STREET-XWALK-0010,Township
,FY&D,high,Directory reflects 2019 naming and does not establish the historical opening date.,Walden Park 1,LH-SRC-LARMAC-STREETS-2019,PDF page 1,documented_exact,ALCOTT STREET,ALCOTT ST,LH-STREET-XWALK-0011,Terramor
,CH,high,Directory reflects 2019 naming and does not establish the historical opening date.,CH Custom,LH-SRC-LARMAC-STREETS-2019,PDF page 1,documented_exact,ALEXA LANE,ALEXA LN,LH-STREET-XWALK-0012,Covenant Hills
,,high,Directory reflects 2019 naming and does not establish the historical opening date.,Maplewood 2,LH-SRC-LARMAC-STREETS-2019,PDF page 1,documented_exact,ALGERWOOD,ALGERWOOD,LH-STREET-XWALK-0013,Oak Knoll
,CH,high,Directory reflects 2019 naming and does not establish the historical opening date.,Arboledo,LH-SRC-LARMAC-STREETS-2019,PDF page 1,documented_exact,ALI LANE,ALI LN,LH-STREET-XWALK-0014,Covenant Hills
,S-1,high,Directory reflects 2019 naming and does not establish the historical opening date.,Whispering Creek 2,LH-SRC-LARMAC-STREETS-2019,PDF page 1,documented_exact,ALLBROOK COURT,ALLBROOK CT,LH-STREET-XWALK-0015,Oak Knoll
,FY&D,high,Directory reflects 2019 naming and does not establish the historical opening date.,Astoria 1,LH-SRC-LARMAC-STREETS-2019,PDF page 1,documented_exact,AMARYLLIS ST,AMARYLLIS ST,LH-STREET-XWALK-0016,Avendale
,SUB,high,Directory reflects 2019 naming and does not establish the historical opening date.,Sycamore Grove,LH-SRC-LARMAC-STREETS-2019,PDF page 1,documented_exact,AMESBURY COURT,AMESBURY CT,LH-STREET-XWALK-0017,Oak Knoll
,FY&D,high,Directory reflects 2019 naming and does not establish the historical opening date.,Savannah,LH-SRC-LARMAC-STREETS-2019,PDF page 1,documented_exact,AMY WAY,AMY WAY,LH-STREET-XWALK-0018,Avendale
,CH,high,Directory reflects 2019 naming and does not establish the historical opening date.,Arboledo,LH-SRC-LARMAC-STREETS-2019,PDF page 1,documented_exact,ANAPAMU STREET,ANAPAMU ST,LH-STREET-XWALK-0019,Covenant Hills
,CH,high,Directory reflects 2019 naming and does not establish the historical opening date.,Skye Isle 1 & 3,LH-SRC-LARMAC-STREETS-2019,PDF page 1,documented_exact,ANDROMEDA ISLE,ANDROMEDA ISLE,LH-STREET-XWALK-0020,Covenant Hills
,CH,high,Directory reflects 2019 naming and does not establish the historical opening date.,Arboledo,LH-SRC-LARMAC-STREETS-2019,PDF page 1,documented_exact,ANNA LANE,ANNA LN,LH-STREET-XWALK-0021,Covenant Hills
,SUB,high,Directory reflects 2019 naming and does not establish the historical opening date.,Berkshire,LH-SRC-LARMAC-STREETS-2019,PDF page 1,documented_exact,ARABIS COURT,ARABIS CT,LH-STREET-XWALK-0022,Avendale
,S-2,high,Directory reflects 2019 naming and does not establish the historical opening date.,Lexington 2,LH-SRC-LARMAC-STREETS-2019,PDF page 1,documented_exact,ARDENNES DRIVE,ARDENNES DR,LH-STREET-XWALK-0023,Echo Ridge
,SUB,high,Directory reflects 2019 naming and does not establish the historical opening date.,Briar Rose 2,LH-SRC-LARMAC-STREETS-2019,PDF page 1,documented_exact,ARLINGTON STREET,ARLINGTON ST,LH-STREET-XWALK-0024,Terramor
,,high,Directory reflects 2019 naming and does not establish the historical opening date.,Wyeth 1,LH-SRC-LARMAC-STREETS-2019,PDF page 1,documented_exact,ARTISAN STREET,ARTISAN ST,LH-STREET-XWALK-0025,Oak Knoll
,SUB,high,Directory reflects 2019 naming and does not establish the historical opening date.,Atherton Glen,LH-SRC-LARMAC-STREETS-2019,PDF page 1,documented_exact,ARYSHIRE LANE,ARYSHIRE LN,LH-STREET-XWALK-0026,Echo Ridge
,FY&D,high,Directory reflects 2019 naming and does not establish the historical opening date.,The Trails,LH-SRC-LARMAC-STREETS-2019,PDF page 1,documented_exact,ASH HOLLOW TRAIL,ASH HOLLOW TRL,LH-STREET-XWALK-0027,Oak Knoll
,SUB,high,Directory reflects 2019 naming and does not establish the historical opening date.,Davenport,LH-SRC-LARMAC-STREETS-2019,PDF page 1,documented_exact,ATTLEBORO STREET,ATTLEBORO ST,LH-STREET-XWALK-0028,Wycliffe
,SUB,high,Directory reflects 2019 naming and does not establish the historical opening date.,St. Mays Road,LH-SRC-LARMAC-STREETS-2019,PDF page 1,documented_exact,AVENDALE BOULEVARD,AVENDALE BLVD,LH-STREET-XWALK-0029,Avendale
,SUB,high,Directory reflects 2019 naming and does not establish the historical opening date.,Branches,LH-SRC-LARMAC-STREETS-2019,PDF page 1,documented_exact,AZARA LANE,AZARA LN,LH-STREET-XWALK-0030,Terramor
,SUB,high,Directory reflects 2019 naming and does not establish the historical opening date.,Sansovino,LH-SRC-LARMAC-STREETS-2019,PDF page 1,documented_exact,BACCUS,BACCUS,LH-STREET-XWALK-0031,Bridgepark
,S-2,high,Directory reflects 2019 naming and does not establish the historical opening date.,Sylvan Oaks,LH-SRC-LARMAC-STREETS-2019,PDF page 1,documented_exact,BAINBRIDGE AVENUE,BAINBRIDGE AVE,LH-STREET-XWALK-0032,Echo Ridge
,SUB,high,Directory reflects 2019 naming and does not establish the historical opening date.,Aldenhouse,LH-SRC-LARMAC-STREETS-2019,PDF page 1,documented_exact,BALLARD,BALLARD,LH-STREET-XWALK-0033,Township
,,high,Directory reflects 2019 naming and does not establish the historical opening date.,Sarasota 1,LH-SRC-LARMAC-STREETS-2019,PDF page 1,documented_exact,BANCROFT STREET,BANCROFT ST,LH-STREET-XWALK-0034,Oak Knoll
,S-2,high,Directory reflects 2019 naming and does not establish the historical opening date.,Reston 2,LH-SRC-LARMAC-STREETS-2019,PDF page 1,documented_exact,BARNSTABLE WAY,BARNSTABLE WAY,LH-STREET-XWALK-0035,Flintridge
,FY&D,high,Directory reflects 2019 naming and does not establish the historical opening date.,Walden Park 1,LH-SRC-LARMAC-STREETS-2019,PDF page 1,documented_exact,BARRETTS WAY,BARRETTS WAY,LH-STREET-XWALK-0036,Terramor
,CH,high,Directory reflects 2019 naming and does not establish the historical opening date.,Meriden 1,LH-SRC-LARMAC-STREETS-2019,PDF page 1,documented_exact,BASILICA PLACE,BASILICA PL,LH-STREET-XWALK-0037,Covenant Hills
,S-2,high,Directory reflects 2019 naming and does not establish the historical opening date.,Trail Ridge 1,LH-SRC-LARMAC-STREETS-2019,PDF page 1,documented_exact,BAUDIN CIRCLE,BAUDIN CIR,LH-STREET-XWALK-0038,Echo Ridge
,SUB,high,Directory reflects 2019 naming and does not establish the historical opening date.,Davenport,LH-SRC-LARMAC-STREETS-2019,PDF page 1,documented_exact,BAYLEY STREET,BAYLEY ST,LH-STREET-XWALK-0039,Wycliffe
,S-2,high,Directory reflects 2019 naming and does not establish the historical opening date.,Hampton Road 2,LH-SRC-LARMAC-STREETS-2019,PDF page 1,documented_exact,BEACON POINT,BEACON POINT,LH-STREET-XWALK-0040,Flintridge
,CH,high,Directory reflects 2019 naming and does not establish the historical opening date.,Bellataire 2,LH-SRC-LARMAC-STREETS-2019,PDF page 1,documented_exact,BECKER DRIVE,BECKER DR,LH-STREET-XWALK-0041,Covenant Hills
,FY&D,high,Directory reflects 2019 naming and does not establish the historical opening date.,Claiborne 1,LH-SRC-LARMAC-STREETS-2019,PDF page 1,documented_exact,BEDSTRAW LOOP,BEDSTRAW LOOP,LH-STREET-XWALK-0042,Terramor
,,high,Directory reflects 2019 naming and does not establish the historical opening date.,Canopy Lane 3,LH-SRC-LARMAC-STREETS-2019,PDF page 1,documented_exact,BEECHTREE STREET,BEECHTREE ST,LH-STREET-XWALK-0043,Avendale
1-33,CH,high,Directory reflects 2019 naming and does not establish the historical opening date.,Alisal,LH-SRC-LARMAC-STREETS-2019,PDF page 1,documented_exact,BELL PASTURE ROAD (1-33),BELL PASTURE RD,LH-STREET-XWALK-0044,Covenant Hills
61-92,CH,high,Directory reflects 2019 naming and does not establish the historical opening date.,CH Custom,LH-SRC-LARMAC-STREETS-2019,PDF page 1,documented_exact,BELL PASTURE ROAD (61-92),BELL PASTURE RD,LH-STREET-XWALK-0045,Covenant Hills
,,high,Directory reflects 2019 naming and does not establish the historical opening date.,Tether Moon 1,LH-SRC-LARMAC-STREETS-2019,PDF page 1,documented_exact,BELLFLOWER STREET,BELLFLOWER ST,LH-STREET-XWALK-0046,Avendale
,SUB,high,Directory reflects 2019 naming and does not establish the historical opening date.,Valmont,LH-SRC-LARMAC-STREETS-2019,PDF page 1,documented_exact,BENARVILLE LANE,BENARVILLE LN,LH-STREET-XWALK-0047,Terramor
,S-2,high,Directory reflects 2019 naming and does not establish the historical opening date.,Belmont Hill 2,LH-SRC-LARMAC-STREETS-2019,PDF page 1,documented_exact,BENNINGTON PATH,BENNINGTON PATH,LH-STREET-XWALK-0048,Flintridge
,SUB,high,Directory reflects 2019 naming and does not establish the historical opening date.,Valmont,LH-SRC-LARMAC-STREETS-2019,PDF page 1,documented_exact,BETHENCOURT LANE,BETHENCOURT LN,LH-STREET-XWALK-0049,Terramor
,,high,Directory reflects 2019 naming and does not establish the historical opening date.,Canopy Lane 1,LH-SRC-LARMAC-STREETS-2019,PDF page 1,documented_exact,BLACK CHERRY ST,BLACK CHERRY ST,LH-STREET-XWALK-0050,Avendale
,,high,Directory reflects 2019 naming and does not establish the historical opening date.,Amberly Lane 2,LH-SRC-LARMAC-STREETS-2019,PDF page 1,documented_exact,BLAKEMORE DRIVE,BLAKEMORE DR,LH-STREET-XWALK-0051,Oak Knoll
,SUB,high,Directory reflects 2019 naming and does not establish the historical opening date.,Aldenhouse,LH-SRC-LARMAC-STREETS-2019,PDF page 1,documented_exact,BLOOMINGTON STREET,BLOOMINGTON ST,LH-STREET-XWALK-0052,Township
,S-2,high,Directory reflects 2019 naming and does not establish the historical opening date.,Willow Bend 1,LH-SRC-LARMAC-STREETS-2019,PDF page 1,documented_exact,BLUE SPRUCE DRIVE,BLUE SPRUCE DR,LH-STREET-XWALK-0053,Avendale
,,high,Directory reflects 2019 naming and does not establish the historical opening date.,Weatherhaven,LH-SRC-LARMAC-STREETS-2019,PDF page 1,documented_exact,BLUEWING LANE,BLUEWING LN,LH-STREET-XWALK-0054,Avendale
,FY&D,high,Directory reflects 2019 naming and does not establish the historical opening date.,Claiborne 2,LH-SRC-LARMAC-STREETS-2019,PDF page 1,documented_exact,BOWER LANE,BOWER LN,LH-STREET-XWALK-0055,Terramor
,,high,Directory reflects 2019 naming and does not establish the historical opening date.,Sarasota 1,LH-SRC-LARMAC-STREETS-2019,PDF page 1,documented_exact,BRAMFORD STREET,BRAMFORD ST,LH-STREET-XWALK-0056,Oak Knoll
,FY&D,high,Directory reflects 2019 naming and does not establish the historical opening date.,Arborage 2,LH-SRC-LARMAC-STREETS-2019,PDF page 1,documented_exact,BRAYTON COURT,BRAYTON CT,LH-STREET-XWALK-0057,Terramor
,SUB,high,Directory reflects 2019 naming and does not establish the historical opening date.,Valmont,LH-SRC-LARMAC-STREETS-2019,PDF page 2,documented_exact,BREMENDER LANE,BREMENDER LN,LH-STREET-XWALK-0058,Terramor
,FY&D,high,Directory reflects 2019 naming and does not establish the historical opening date.,Walden Park 1,LH-SRC-LARMAC-STREETS-2019,PDF page 2,documented_exact,BRISTERS HILL LANE,BRISTERS HILL LN,LH-STREET-XWALK-0059,Terramor
,CH,high,Directory reflects 2019 naming and does not establish the historical opening date.,Arboledo,LH-SRC-LARMAC-STREETS-2019,PDF page 2,documented_exact,BRITTLESTAR ROAD,BRITTLESTAR RD,LH-STREET-XWALK-0060,Covenant Hills
,CH,high,Directory reflects 2019 naming and does not establish the historical opening date.,CH Custom,LH-SRC-LARMAC-STREETS-2019,PDF page 2,documented_exact,BROKEN ARROW STREET,BROKEN ARROW ST,LH-STREET-XWALK-0061,Covenant Hills
,FY&D,high,Directory reflects 2019 naming and does not establish the historical opening date.,Arborage 1,LH-SRC-LARMAC-STREETS-2019,PDF page 2,documented_exact,BROMPTON CIRCLE,BROMPTON CIR,LH-STREET-XWALK-0062,Terramor
,,high,Directory reflects 2019 naming and does not establish the historical opening date.,Canopy Lane 1,LH-SRC-LARMAC-STREETS-2019,PDF page 2,documented_exact,BROOKWOOD ST,BROOKWOOD ST,LH-STREET-XWALK-0063,Avendale
,S-2,high,Directory reflects 2019 naming and does not establish the historical opening date.,Tamarind 2,LH-SRC-LARMAC-STREETS-2019,PDF page 2,documented_exact,BRYANT COURT,BRYANT CT,LH-STREET-XWALK-0064,Echo Ridge
,S-2,high,Directory reflects 2019 naming and does not establish the historical opening date.,Chimney Corners 1,LH-SRC-LARMAC-STREETS-2019,PDF page 2,documented_exact,BRYNWOOD LANE,BRYNWOOD LN,LH-STREET-XWALK-0065,Flintridge
,CH,high,Directory reflects 2019 naming and does not establish the historical opening date.,Covenant Hills,LH-SRC-LARMAC-STREETS-2019,PDF page 2,documented_exact,BUCKAROO ROAD,BUCKAROO RD,LH-STREET-XWALK-0066,Covenant Hills
,FY&D,high,Directory reflects 2019 naming and does not establish the historical opening date.,Walden Park 2,LH-SRC-LARMAC-STREETS-2019,PDF page 2,documented_exact,BUCKMAN,BUCKMAN,LH-STREET-XWALK-0067,Terramor
,S-2,high,Directory reflects 2019 naming and does not establish the historical opening date.,Hampton Road 2,LH-SRC-LARMAC-STREETS-2019,PDF page 2,documented_exact,BUSHWOOD CIRCLE,BUSHWOOD CIR,LH-STREET-XWALK-0068,Flintridge
,S-2,high,Directory reflects 2019 naming and does not establish the historical opening date.,Tamarind 1,LH-SRC-LARMAC-STREETS-2019,PDF page 2,documented_exact,CALDWELL LANE,CALDWELL LN,LH-STREET-XWALK-0069,Flintridge
,,high,Directory reflects 2019 naming and does not establish the historical opening date.,Evergreen 2,LH-SRC-LARMAC-STREETS-2019,PDF page 2,documented_exact,CALLIANDRA STREET,CALLIANDRA ST,LH-STREET-XWALK-0070,Terramor
,,high,Directory reflects 2019 naming and does not establish the historical opening date.,Whispering Creek 1,LH-SRC-LARMAC-STREETS-2019,PDF page 2,documented_exact,CALM CREEK CIRCLE,CALM CREEK CIR,LH-STREET-XWALK-0071,Oak Knoll
2-28 Even,FY&D,high,Directory reflects 2019 naming and does not establish the historical opening date.,Claiborne 2,LH-SRC-LARMAC-STREETS-2019,PDF page 2,documented_exact,CALTROP WAY (2-28 Even),CALTROP WAY,LH-STREET-XWALK-0072,Terramor
,SUB,high,Directory reflects 2019 naming and does not establish the historical opening date.,Valmont,LH-SRC-LARMAC-STREETS-2019,PDF page 2,documented_exact,CALVADOS COURT,CALVADOS CT,LH-STREET-XWALK-0073,Terramor
,CH,high,Directory reflects 2019 naming and does not establish the historical opening date.,Montanez,LH-SRC-LARMAC-STREETS-2019,PDF page 2,documented_exact,CAMBRIDGE ROAD,CAMBRIDGE RD,LH-STREET-XWALK-0074,Covenant Hills
,,high,Directory reflects 2019 naming and does not establish the historical opening date.,Tether Moon 2,LH-SRC-LARMAC-STREETS-2019,PDF page 2,documented_exact,CANDLEWIND COURT,CANDLEWIND CT,LH-STREET-XWALK-0075,Avendale
,,high,Directory reflects 2019 naming and does not establish the historical opening date.,Tether Moon 1,LH-SRC-LARMAC-STREETS-2019,PDF page 2,documented_exact,CAPRICORN DRIVE,CAPRICORN DR,LH-STREET-XWALK-0076,Avendale
,S-2,high,Directory reflects 2019 naming and does not establish the historical opening date.,Sterling Glen 2,LH-SRC-LARMAC-STREETS-2019,PDF page 2,documented_exact,CARLISLE COURT,CARLISLE CT,LH-STREET-XWALK-0077,Avendale
,,high,Directory reflects 2019 naming and does not establish the historical opening date.,Tether Moon 1,LH-SRC-LARMAC-STREETS-2019,PDF page 2,documented_exact,CASTOR COURT,CASTOR CT,LH-STREET-XWALK-0078,Avendale
,CH,high,Directory reflects 2019 naming and does not establish the historical opening date.,CH Custom,LH-SRC-LARMAC-STREETS-2019,PDF page 2,documented_exact,CATALINA VISTA DRIVE,CATALINA VISTA DR,LH-STREET-XWALK-0079,Covenant Hills
,FY&D,high,Directory reflects 2019 naming and does not establish the historical opening date.,Arborage 1,LH-SRC-LARMAC-STREETS-2019,PDF page 2,documented_exact,CAYTON COURT,CAYTON CT,LH-STREET-XWALK-0080,Terramor
2-20,FY&D,high,Directory reflects 2019 naming and does not establish the historical opening date.,Westcott 1,LH-SRC-LARMAC-STREETS-2019,PDF page 2,documented_exact,CECIL PASTURE ROAD (2-20),CECIL PASTURE RD,LH-STREET-XWALK-0081,Bridgepark
22-36,FY&D,high,Directory reflects 2019 naming and does not establish the historical opening date.,Westcott 2,LH-SRC-LARMAC-STREETS-2019,PDF page 2,documented_exact,CECIL PASTURE ROAD (22-36),CECIL PASTURE RD,LH-STREET-XWALK-0082,Bridgepark
,FY&D,high,Directory reflects 2019 naming and does not establish the historical opening date.,Surrey Farms 2,LH-SRC-LARMAC-STREETS-2019,PDF page 2,documented_exact,CEDARHAVEN FARM,CEDARHAVEN FARM,LH-STREET-XWALK-0083,Wycliffe
1-18,,high,Directory reflects 2019 naming and does not establish the historical opening date.,Tether Moon 2,LH-SRC-LARMAC-STREETS-2019,PDF page 2,documented_exact,CELESTINE CIRCLE (1-18),CELESTINE CIR,LH-STREET-XWALK-0084,Avendale
20-40 even,,high,Directory reflects 2019 naming and does not establish the historical opening date.,Canopy Lane 3,LH-SRC-LARMAC-STREETS-2019,PDF page 2,documented_exact,CELESTINE CIRCLE (20-40 even),CELESTINE CIR,LH-STREET-XWALK-0085,Avendale
,,high,Directory reflects 2019 naming and does not establish the historical opening date.,Chesapeake 2,LH-SRC-LARMAC-STREETS-2019,PDF page 2,documented_exact,CERNER COURT,CERNER CT,LH-STREET-XWALK-0086,Wycliffe
,SUB,high,Directory reflects 2019 naming and does not establish the historical opening date.,Chambray,LH-SRC-LARMAC-STREETS-2019,PDF page 2,documented_exact,CHADRON CIRCLE,CHADRON CIR,LH-STREET-XWALK-0087,Bridgepark
,S-1,high,Directory reflects 2019 naming and does not establish the historical opening date.,Fairfield 1,LH-SRC-LARMAC-STREETS-2019,PDF page 2,documented_exact,CHANTILLY LANE,CHANTILLY LN,LH-STREET-XWALK-0088,Oak Knoll
,S-2,high,Directory reflects 2019 naming and does not establish the historical opening date.,Lexington 1,LH-SRC-LARMAC-STREETS-2019,PDF page 2,documented_exact,CHARDONNAY DRIVE,CHARDONNAY DR,LH-STREET-XWALK-0089,Flintridge
,CH,high,Directory reflects 2019 naming and does not establish the historical opening date.,Castellina SUB,LH-SRC-LARMAC-STREETS-2019,PDF page 2,documented_exact,CHIANTI,CHIANTI,LH-STREET-XWALK-0090,Covenant Hills
,SUB,high,Directory reflects 2019 naming and does not establish the historical opening date.,Davenport,LH-SRC-LARMAC-STREETS-2019,PDF page 2,documented_exact,CHILMARK STREET,CHILMARK ST,LH-STREET-XWALK-0091,Wycliffe
,S-2,high,Directory reflects 2019 naming and does not establish the historical opening date.,Chimney Corners 2,LH-SRC-LARMAC-STREETS-2019,PDF page 2,documented_exact,CHIMNEY LANE,CHIMNEY LN,LH-STREET-XWALK-0092,Flintridge
,CH,high,Directory reflects 2019 naming and does not establish the historical opening date.,Amarante 2 / Bellataire 2,LH-SRC-LARMAC-STREETS-2019,PDF page 2,documented_exact,CHRISTOPHER STREET,CHRISTOPHER ST,LH-STREET-XWALK-0093,Covenant Hills
,,high,Directory reflects 2019 naming and does not establish the historical opening date.,Mosaic 2,LH-SRC-LARMAC-STREETS-2019,PDF page 2,documented_exact,CITRUS LANE,CITRUS LN,LH-STREET-XWALK-0094,Terramor
,FY&D,high,Directory reflects 2019 naming and does not establish the historical opening date.,Walden Park 2,LH-SRC-LARMAC-STREETS-2019,PDF page 2,documented_exact,CLARK DRIVE,CLARK DR,LH-STREET-XWALK-0095,Terramor
,S-1,high,Directory reflects 2019 naming and does not establish the historical opening date.,Prescott 2,LH-SRC-LARMAC-STREETS-2019,PDF page 2,documented_exact,CLAWSON STREET,CLAWSON ST,LH-STREET-XWALK-0096,Oak Knoll
,S-1,high,Directory reflects 2019 naming and does not establish the historical opening date.,Whispering Creek 2,LH-SRC-LARMAC-STREETS-2019,PDF page 2,documented_exact,CLAYMONT DRIVE,CLAYMONT DR,LH-STREET-XWALK-0097,Oak Knoll
,FY&D,high,Directory reflects 2019 naming and does not establish the historical opening date.,Astoria 2,LH-SRC-LARMAC-STREETS-2019,PDF page 2,documented_exact,CLEMATIS STREET,CLEMATIS ST,LH-STREET-XWALK-0098,Avendale
,,high,Directory reflects 2019 naming and does not establish the historical opening date.,Canopy Lane 3,LH-SRC-LARMAC-STREETS-2019,PDF page 2,documented_exact,CLEOME STREET,CLEOME ST,LH-STREET-XWALK-0099,Avendale
,SUB,high,Directory reflects 2019 naming and does not establish the historical opening date.,Briar Rose 2,LH-SRC-LARMAC-STREETS-2019,PDF page 2,documented_exact,CLIFFORD DRIVE,CLIFFORD DR,LH-STREET-XWALK-0100,Terramor
,SUB,high,Directory reflects 2019 naming and does not establish the historical opening date.,Briar Rose 1,LH-SRC-LARMAC-STREETS-2019,PDF page 2,documented_exact,CLIFTON DRIVE,CLIFTON DR,LH-STREET-XWALK-0101,Terramor
,CH,high,Directory reflects 2019 naming and does not establish the historical opening date.,CH Custom,LH-SRC-LARMAC-STREETS-2019,PDF page 2,documented_exact,CLOISTER COURT,CLOISTER CT,LH-STREET-XWALK-0102,Covenant Hills
20-36 even,S-2,high,Directory reflects 2019 naming and does not establish the historical opening date.,Tamarind 2,LH-SRC-LARMAC-STREETS-2019,PDF page 2,documented_exact,CLYDESDALE DRIVE (20-36 even),CLYDESDALE DR,LH-STREET-XWALK-0103,Echo Ridge
2-10 even,S-2,high,Directory reflects 2019 naming and does not establish the historical opening date.,Lexington 3,LH-SRC-LARMAC-STREETS-2019,PDF page 2,documented_exact,CLYDESDALE DRIVE (2-10 even),CLYDESDALE DR,LH-STREET-XWALK-0104,Echo Ridge
,SUB,high,Directory reflects 2019 naming and does not establish the historical opening date.,Davenport,LH-SRC-LARMAC-STREETS-2019,PDF page 2,documented_exact,COLLINS STREET,COLLINS ST,LH-STREET-XWALK-0105,Wycliffe
,CH,high,Directory reflects 2019 naming and does not establish the historical opening date.,CH Custom,LH-SRC-LARMAC-STREETS-2019,PDF page 2,documented_exact,COLUMNAR STREET,COLUMNAR ST,LH-STREET-XWALK-0106,Covenant Hills
,,high,Directory reflects 2019 naming and does not establish the historical opening date.,Tether Moon 1,LH-SRC-LARMAC-STREETS-2019,PDF page 2,documented_exact,COMET TRAIL,COMET TRL,LH-STREET-XWALK-0107,Avendale
,SUB,high,Directory reflects 2019 naming and does not establish the historical opening date.,Davenport,LH-SRC-LARMAC-STREETS-2019,PDF page 2,documented_exact,COMMONS SOUTH,COMMONS SOUTH,LH-STREET-XWALK-0108,Wycliffe
,CH,high,Directory reflects 2019 naming and does not establish the historical opening date.,Encantada,LH-SRC-LARMAC-STREETS-2019,PDF page 2,documented_exact,CONNOR COURT,CONNOR CT,LH-STREET-XWALK-0109,Covenant Hills
,FY&D,high,Directory reflects 2019 naming and does not establish the historical opening date.,Arborage 2,LH-SRC-LARMAC-STREETS-2019,PDF page 2,documented_exact,CONSERVATORY DRIVE,CONSERVATORY DR,LH-STREET-XWALK-0110,Terramor
,FY&D,high,Directory reflects 2019 naming and does not establish the historical opening date.,Arborage 1,LH-SRC-LARMAC-STREETS-2019,PDF page 2,documented_exact,CONYERS LANE,CONYERS LN,LH-STREET-XWALK-0111,Terramor
,,high,Directory reflects 2019 naming and does not establish the historical opening date.,Sedona 2,LH-SRC-LARMAC-STREETS-2019,PDF page 2,documented_exact,COPIOUS LANE,COPIOUS LN,LH-STREET-XWALK-0112,Terramor
,CH,high,Directory reflects 2019 naming and does not establish the historical opening date.,CH Custom,LH-SRC-LARMAC-STREETS-2019,PDF page 2,documented_exact,CORAL BLUE STREET,CORAL BLUE ST,LH-STREET-XWALK-0113,Covenant Hills
,SUB,high,Directory reflects 2019 naming and does not establish the historical opening date.,Davenport,LH-SRC-LARMAC-STREETS-2019,PDF page 2,documented_exact,CORBIN,CORBIN,LH-STREET-XWALK-0114,Wycliffe
,S-2,high,Directory reflects 2019 naming and does not establish the historical opening date.,Chimney Corners 2,LH-SRC-LARMAC-STREETS-2019,PDF page 3,documented_exact,COTTAGE HILL ROAD,COTTAGE HILL RD,LH-STREET-XWALK-0115,Flintridge
,,high,Directory reflects 2019 naming and does not establish the historical opening date.,Maplewood 1,LH-SRC-LARMAC-STREETS-2019,PDF page 3,documented_exact,COURTNEY CIRCLE,COURTNEY CIR,LH-STREET-XWALK-0116,Oak Knoll
,S-2,high,Directory reflects 2019 naming and does not establish the historical opening date.,Trail Ridge 2,LH-SRC-LARMAC-STREETS-2019,PDF page 3,documented_exact,COUSTEAU LANE,COUSTEAU LN,LH-STREET-XWALK-0117,Echo Ridge
,CH,high,Directory reflects 2019 naming and does not establish the historical opening date.,Covenant Hills,LH-SRC-LARMAC-STREETS-2019,PDF page 3,documented_exact,COVENANT HILLS DRIVE,COVENANT HILLS DR,LH-STREET-XWALK-0118,Covenant Hills
,CH,high,Directory reflects 2019 naming and does not establish the historical opening date.,Covenant Hills,LH-SRC-LARMAC-STREETS-2019,PDF page 3,documented_exact,COWBOY ROAD,COWBOY RD,LH-STREET-XWALK-0119,Covenant Hills
,S-2,high,Directory reflects 2019 naming and does not establish the historical opening date.,Sumners Way 2,LH-SRC-LARMAC-STREETS-2019,PDF page 3,documented_exact,CRAFTSBURY PLACE,CRAFTSBURY PL,LH-STREET-XWALK-0120,Avendale
,,high,Directory reflects 2019 naming and does not establish the historical opening date.,Chesapeake 1,LH-SRC-LARMAC-STREETS-2019,PDF page 3,documented_exact,CREIGHTON PLACE,CREIGHTON PL,LH-STREET-XWALK-0121,Wycliffe
,CH,high,Directory reflects 2019 naming and does not establish the historical opening date.,CH Custom,LH-SRC-LARMAC-STREETS-2019,PDF page 3,documented_exact,CRESPI CIRCLE,CRESPI CIR,LH-STREET-XWALK-0122,Covenant Hills
,S-2,high,Directory reflects 2019 naming and does not establish the historical opening date.,Clifton Heights 2,LH-SRC-LARMAC-STREETS-2019,PDF page 3,documented_exact,CRESTMONT COURT,CRESTMONT CT,LH-STREET-XWALK-0123,Flintridge
,FY&D,high,Directory reflects 2019 naming and does not establish the historical opening date.,Tarleton 1,LH-SRC-LARMAC-STREETS-2019,PDF page 3,documented_exact,CROCKETT COURT,CROCKETT CT,LH-STREET-XWALK-0124,Terramor
,S-2,high,Directory reflects 2019 naming and does not establish the historical opening date.,Tamarind 1,LH-SRC-LARMAC-STREETS-2019,PDF page 3,documented_exact,CURTIS LANE,CURTIS LN,LH-STREET-XWALK-0125,Echo Ridge
22-28 even,FY&D,high,Directory reflects 2019 naming and does not establish the historical opening date.,Front Street,LH-SRC-LARMAC-STREETS-2019,PDF page 3,documented_exact,DAISY STREET (22-28 even),DAISY ST,LH-STREET-XWALK-0126,Avendale
,SUB,high,Directory reflects 2019 naming and does not establish the historical opening date.,Greenbriar,LH-SRC-LARMAC-STREETS-2019,PDF page 3,documented_exact,DAISY STREET SOUTH,DAISY ST SOUTH,LH-STREET-XWALK-0127,Avendale
,SUB,high,Directory reflects 2019 naming and does not establish the historical opening date.,Aldenhouse,LH-SRC-LARMAC-STREETS-2019,PDF page 3,documented_exact,DALEY STREET,DALEY ST,LH-STREET-XWALK-0128,Township
,,high,Directory reflects 2019 naming and does not establish the historical opening date.,Maplewood 1,LH-SRC-LARMAC-STREETS-2019,PDF page 3,documented_exact,DANBURY,DANBURY,LH-STREET-XWALK-0129,Oak Knoll
,CH,high,Directory reflects 2019 naming and does not establish the historical opening date.,Montanez,LH-SRC-LARMAC-STREETS-2019,PDF page 3,documented_exact,DAVID STREET,DAVID ST,LH-STREET-XWALK-0130,Covenant Hills
,FY&D,high,Directory reflects 2019 naming and does not establish the historical opening date.,Tarleton 1,LH-SRC-LARMAC-STREETS-2019,PDF page 3,documented_exact,DAVIS PLACE,DAVIS PL,LH-STREET-XWALK-0131,Terramor
1-48,,high,Directory reflects 2019 naming and does not establish the historical opening date.,Maplewood 2,LH-SRC-LARMAC-STREETS-2019,PDF page 3,documented_exact,DAWNWOOD (1-48),DAWNWOOD,LH-STREET-XWALK-0132,Oak Knoll
51-96,S-1,high,Directory reflects 2019 naming and does not establish the historical opening date.,Whispering Creek 1,LH-SRC-LARMAC-STREETS-2019,PDF page 3,documented_exact,DAWNWOOD (51-96),DAWNWOOD,LH-STREET-XWALK-0133,Oak Knoll
,S-2,high,Directory reflects 2019 naming and does not establish the historical opening date.,Trail Ridge 1,LH-SRC-LARMAC-STREETS-2019,PDF page 3,documented_exact,DE LEON LANE,DE LEON LN,LH-STREET-XWALK-0134,Echo Ridge
,SUB,high,Directory reflects 2019 naming and does not establish the historical opening date.,St. Mays Road,LH-SRC-LARMAC-STREETS-2019,PDF page 3,documented_exact,DELPHINIUM STREET,DELPHINIUM ST,LH-STREET-XWALK-0135,Avendale
,CH,high,Directory reflects 2019 naming and does not establish the historical opening date.,Sherborne 1,LH-SRC-LARMAC-STREETS-2019,PDF page 3,documented_exact,DENNIS LANE,DENNIS LN,LH-STREET-XWALK-0136,Covenant Hills
,FY&D,high,Directory reflects 2019 naming and does not establish the historical opening date.,Walden Park 1,LH-SRC-LARMAC-STREETS-2019,PDF page 3,documented_exact,DEVENS WAY,DEVENS WAY,LH-STREET-XWALK-0137,Terramor
,SUB,high,Directory reflects 2019 naming and does not establish the historical opening date.,Berkshire,LH-SRC-LARMAC-STREETS-2019,PDF page 3,documented_exact,DIETES COURT,DIETES CT,LH-STREET-XWALK-0138,Avendale
,SUB,high,Directory reflects 2019 naming and does not establish the historical opening date.,Davenport,LH-SRC-LARMAC-STREETS-2019,PDF page 3,documented_exact,DIGBY STREET,DIGBY ST,LH-STREET-XWALK-0139,Wycliffe
2-26,S-2,high,Directory reflects 2019 naming and does not establish the historical opening date.,Tattershall 1,LH-SRC-LARMAC-STREETS-2019,PDF page 3,documented_exact,DOWNING STREET (2-26),DOWNING ST,LH-STREET-XWALK-0140,Flintridge
31-57,S-2,high,Directory reflects 2019 naming and does not establish the historical opening date.,Lexington 1,LH-SRC-LARMAC-STREETS-2019,PDF page 3,documented_exact,DOWNING STREET (31-57),DOWNING ST,LH-STREET-XWALK-0141,Flintridge
60-76,S-2,high,Directory reflects 2019 naming and does not establish the historical opening date.,Tamarind 1,LH-SRC-LARMAC-STREETS-2019,PDF page 3,documented_exact,DOWNING STREET (60-76),DOWNING ST,LH-STREET-XWALK-0142,Flintridge
,CH,high,Directory reflects 2019 naming and does not establish the historical opening date.,Amarante 2,LH-SRC-LARMAC-STREETS-2019,PDF page 3,documented_exact,DRACKERT LANE,DRACKERT LN,LH-STREET-XWALK-0143,Covenant Hills
,FY&D,high,Directory reflects 2019 naming and does not establish the historical opening date.,Arborage 2,LH-SRC-LARMAC-STREETS-2019,PDF page 3,documented_exact,DUFFIELD LANE,DUFFIELD LN,LH-STREET-XWALK-0144,Terramor
,SUB,high,Directory reflects 2019 naming and does not establish the historical opening date.,Briar Rose 2,LH-SRC-LARMAC-STREETS-2019,PDF page 3,documented_exact,DURLSTON,DURLSTON,LH-STREET-XWALK-0145,Terramor
,,high,Directory reflects 2019 naming and does not establish the historical opening date.,Weatherhaven,LH-SRC-LARMAC-STREETS-2019,PDF page 3,documented_exact,DUSKYWING COURT,DUSKYWING CT,LH-STREET-XWALK-0146,Avendale
,SUB,high,Directory reflects 2019 naming and does not establish the historical opening date.,Davenport,LH-SRC-LARMAC-STREETS-2019,PDF page 3,documented_exact,DUXBURY STREET,DUXBURY ST,LH-STREET-XWALK-0147,Wycliffe
,,high,Directory reflects 2019 naming and does not establish the historical opening date.,Maplewood 2,LH-SRC-LARMAC-STREETS-2019,PDF page 3,documented_exact,EARLYWOOD,EARLYWOOD,LH-STREET-XWALK-0148,Oak Knoll
,FY&D,high,Directory reflects 2019 naming and does not establish the historical opening date.,Arborage 2,LH-SRC-LARMAC-STREETS-2019,PDF page 3,documented_exact,EARTHEN COURT,EARTHEN CT,LH-STREET-XWALK-0149,Terramor
,FY&D,high,Directory reflects 2019 naming and does not establish the historical opening date.,Arborage 1,LH-SRC-LARMAC-STREETS-2019,PDF page 3,documented_exact,ECO CIRCLE,ECO CIR,LH-STREET-XWALK-0150,Terramor
,S-1,high,Directory reflects 2019 naming and does not establish the historical opening date.,Wyeth 2,LH-SRC-LARMAC-STREETS-2019,PDF page 3,documented_exact,EDENDALE STREET,EDENDALE ST,LH-STREET-XWALK-0151,Oak Knoll
,SUB,high,Directory reflects 2019 naming and does not establish the historical opening date.,Davenport,LH-SRC-LARMAC-STREETS-2019,PDF page 3,documented_exact,EDGARTOWN STREET,EDGARTOWN ST,LH-STREET-XWALK-0152,Wycliffe
,CH,high,Directory reflects 2019 naming and does not establish the historical opening date.,Sherborne 1,LH-SRC-LARMAC-STREETS-2019,PDF page 3,documented_exact,ELISSA LANE,ELISSA LN,LH-STREET-XWALK-0153,Covenant Hills
,,high,Directory reflects 2019 naming and does not establish the historical opening date.,Chesapeake 2,LH-SRC-LARMAC-STREETS-2019,PDF page 3,documented_exact,ELLISTON DRIVE,ELLISTON DR,LH-STREET-XWALK-0154,Wycliffe
,SUB,high,Directory reflects 2019 naming and does not establish the historical opening date.,Greenbriar,LH-SRC-LARMAC-STREETS-2019,PDF page 3,documented_exact,ELLSWORTH STREET,ELLSWORTH ST,LH-STREET-XWALK-0155,Avendale
,SUB,high,Directory reflects 2019 naming and does not establish the historical opening date.,Greenbriar,LH-SRC-LARMAC-STREETS-2019,PDF page 3,documented_exact,ELM HURST STREET,ELM HURST ST,LH-STREET-XWALK-0156,Avendale
,CH,high,Directory reflects 2019 naming and does not establish the historical opening date.,Montanez,LH-SRC-LARMAC-STREETS-2019,PDF page 3,documented_exact,EMMY LANE,EMMY LN,LH-STREET-XWALK-0157,Covenant Hills
,,high,Directory reflects 2019 naming and does not establish the historical opening date.,Sedona 2,LH-SRC-LARMAC-STREETS-2019,PDF page 3,documented_exact,EPONA WAY,EPONA WAY,LH-STREET-XWALK-0158,Terramor
,CH,high,Directory reflects 2019 naming and does not establish the historical opening date.,Montanez,LH-SRC-LARMAC-STREETS-2019,PDF page 3,documented_exact,ERIC STREET,ERIC ST,LH-STREET-XWALK-0159,Covenant Hills
,FY&D,high,Directory reflects 2019 naming and does not establish the historical opening date.,Tarleton 1,LH-SRC-LARMAC-STREETS-2019,PDF page 3,documented_exact,ETHEREAL,ETHEREAL,LH-STREET-XWALK-0160,Terramor
,,high,Directory reflects 2019 naming and does not establish the historical opening date.,Chesapeake 2,LH-SRC-LARMAC-STREETS-2019,PDF page 3,documented_exact,ETON PLACE,ETON PL,LH-STREET-XWALK-0161,Wycliffe
,SUB,high,Directory reflects 2019 naming and does not establish the historical opening date.,Briar Rose 1,LH-SRC-LARMAC-STREETS-2019,PDF page 3,documented_exact,EVANSTON PLACE,EVANSTON PL,LH-STREET-XWALK-0162,Terramor
,FY&D,high,Directory reflects 2019 naming and does not establish the historical opening date.,Surrey Farms 1,LH-SRC-LARMAC-STREETS-2019,PDF page 3,documented_exact,EVERGREEN ROAD,EVERGREEN RD,LH-STREET-XWALK-0163,Wycliffe
,SBA,high,Directory reflects 2019 naming and does not establish the historical opening date.,Walden Park 1,LH-SRC-LARMAC-STREETS-2019,PDF page 3,documented_exact,FAIRHAVEN ROAD,FAIRHAVEN RD,LH-STREET-XWALK-0164,Terramor
2-30,S-2,high,Directory reflects 2019 naming and does not establish the historical opening date.,Lexington 2,LH-SRC-LARMAC-STREETS-2019,PDF page 3,documented_exact,FALABELLA DRIVE (2-30),FALABELLA DR,LH-STREET-XWALK-0165,Echo Ridge
,S-2,high,Directory reflects 2019 naming and does not establish the historical opening date.,Tamarind 1,LH-SRC-LARMAC-STREETS-2019,PDF page 3,documented_exact,FALKNER DRIVE,FALKNER DR,LH-STREET-XWALK-0166,Flintridge
,,high,Directory reflects 2019 naming and does not establish the historical opening date.,Sedona 1,LH-SRC-LARMAC-STREETS-2019,PDF page 3,documented_exact,FALLOW LANE,FALLOW LN,LH-STREET-XWALK-0167,Terramor
,FY&D,high,Directory reflects 2019 naming and does not establish the historical opening date.,Surrey Farms 2,LH-SRC-LARMAC-STREETS-2019,PDF page 3,documented_exact,FARMHOUSE LANE,FARMHOUSE LN,LH-STREET-XWALK-0168,Wycliffe
,CH,high,Directory reflects 2019 naming and does not establish the historical opening date.,Bellataire 1,LH-SRC-LARMAC-STREETS-2019,PDF page 3,documented_exact,FAYETTE CIRCLE,FAYETTE CIR,LH-STREET-XWALK-0169,Covenant Hills
,FY&D,high,Directory reflects 2019 naming and does not establish the historical opening date.,Tarleton 1,LH-SRC-LARMAC-STREETS-2019,PDF page 3,documented_exact,FERGUSON PLACE,FERGUSON PL,LH-STREET-XWALK-0170,Terramor
,FY&D,high,Directory reflects 2019 naming and does not establish the historical opening date.,Surrey Farms 1,LH-SRC-LARMAC-STREETS-2019,PDF page 3,documented_exact,FERN HAVEN FARM,FERN HAVEN FARM,LH-STREET-XWALK-0171,Wycliffe
,FY&D,high,Directory reflects 2019 naming and does not establish the historical opening date.,Arborage 1,LH-SRC-LARMAC-STREETS-2019,PDF page 4,documented_exact,FERRENSBY WAY,FERRENSBY WAY,LH-STREET-XWALK-0172,Terramor
,FY&D,high,Directory reflects 2019 naming and does not establish the historical opening date.,Potters Bend,LH-SRC-LARMAC-STREETS-2019,PDF page 4,documented_exact,FIELDHOUSE,FIELDHOUSE,LH-STREET-XWALK-0173,Echo Ridge
,SUB,high,Directory reflects 2019 naming and does not establish the historical opening date.,Aldenhouse,LH-SRC-LARMAC-STREETS-2019,PDF page 4,documented_exact,FIRST ST,FIRST ST,LH-STREET-XWALK-0174,Township
12-30,FY&D,high,Directory reflects 2019 naming and does not establish the historical opening date.,The Gables 1,LH-SRC-LARMAC-STREETS-2019,PDF page 4,documented_exact,FIRST ST (12-30),FIRST ST,LH-STREET-XWALK-0175,Township
,S-2,high,Directory reflects 2019 naming and does not establish the historical opening date.,Hampton Road 1,LH-SRC-LARMAC-STREETS-2019,PDF page 4,documented_exact,FLINTRIDGE AVENUE,FLINTRIDGE AVE,LH-STREET-XWALK-0176,Flintridge
,,high,Directory reflects 2019 naming and does not establish the historical opening date.,Tether Moon 1,LH-SRC-LARMAC-STREETS-2019,PDF page 4,documented_exact,FLORA COURT,FLORA CT,LH-STREET-XWALK-0177,Avendale
,FY&D,high,Directory reflects 2019 naming and does not establish the historical opening date.,Potters Bend,LH-SRC-LARMAC-STREETS-2019,PDF page 4,documented_exact,FLOWERDALE,FLOWERDALE,LH-STREET-XWALK-0178,Echo Ridge
,,high,Directory reflects 2019 naming and does not establish the historical opening date.,Sedona 1,LH-SRC-LARMAC-STREETS-2019,PDF page 4,documented_exact,FOLIATE WAY,FOLIATE WAY,LH-STREET-XWALK-0179,Terramor
,CH,high,Directory reflects 2019 naming and does not establish the historical opening date.,CH Custom,LH-SRC-LARMAC-STREETS-2019,PDF page 4,documented_exact,FOREST STREET,FOREST ST,LH-STREET-XWALK-0180,Covenant Hills
,CH,high,Directory reflects 2019 naming and does not establish the historical opening date.,CH Custom,LH-SRC-LARMAC-STREETS-2019,PDF page 4,documented_exact,FOX HOLE ROAD,FOX HOLE RD,LH-STREET-XWALK-0181,Covenant Hills
,CH,high,Directory reflects 2019 naming and does not establish the historical opening date.,CH Custom,LH-SRC-LARMAC-STREETS-2019,PDF page 4,documented_exact,FRANCISCAN COURT,FRANCISCAN CT,LH-STREET-XWALK-0182,Covenant Hills
,S-2,high,Directory reflects 2019 naming and does not establish the historical opening date.,Chimney Corners 1,LH-SRC-LARMAC-STREETS-2019,PDF page 4,documented_exact,FRANKLIN WAY,FRANKLIN WAY,LH-STREET-XWALK-0183,Flintridge
,CH,high,Directory reflects 2019 naming and does not establish the historical opening date.,Meriden 1,LH-SRC-LARMAC-STREETS-2019,PDF page 4,documented_exact,FRIAR LANE,FRIAR LN,LH-STREET-XWALK-0184,Covenant Hills
,CH,high,Directory reflects 2019 naming and does not establish the historical opening date.,Skye Isle 1 & 3,LH-SRC-LARMAC-STREETS-2019,PDF page 4,documented_exact,GALAXY ISLE,GALAXY ISLE,LH-STREET-XWALK-0185,Covenant Hills
,,high,Directory reflects 2019 naming and does not establish the historical opening date.,Sedona 2,LH-SRC-LARMAC-STREETS-2019,PDF page 4,documented_exact,GALORA LANE,GALORA LN,LH-STREET-XWALK-0186,Terramor
,,high,Directory reflects 2019 naming and does not establish the historical opening date.,Evergreen 1,LH-SRC-LARMAC-STREETS-2019,PDF page 4,documented_exact,GARDENIA STREET,GARDENIA ST,LH-STREET-XWALK-0187,Terramor
,SUB,high,Directory reflects 2019 naming and does not establish the historical opening date.,Chambray,LH-SRC-LARMAC-STREETS-2019,PDF page 4,documented_exact,GARRISON LOOP,GARRISON LOOP,LH-STREET-XWALK-0188,Bridgepark
,CH,high,Directory reflects 2019 naming and does not establish the historical opening date.,Covenant Hills,LH-SRC-LARMAC-STREETS-2019,PDF page 4,documented_exact,GAUCHO ROAD,GAUCHO RD,LH-STREET-XWALK-0189,Covenant Hills
,SUB,high,Directory reflects 2019 naming and does not establish the historical opening date.,Berkshire,LH-SRC-LARMAC-STREETS-2019,PDF page 4,documented_exact,GAZANIA WAY,GAZANIA WAY,LH-STREET-XWALK-0190,Avendale
10-20 even,SUB,high,Directory reflects 2019 naming and does not establish the historical opening date.,Berkshire,LH-SRC-LARMAC-STREETS-2019,PDF page 4,documented_exact,GILLY FLOWER STREET (10-20 even),GILLY FLOWER ST,LH-STREET-XWALK-0191,Avendale
15-23 odd,SUB,high,Directory reflects 2019 naming and does not establish the historical opening date.,Charleston Place,LH-SRC-LARMAC-STREETS-2019,PDF page 4,documented_exact,GILLY FLOWER STREET (15-23 odd),GILLY FLOWER ST,LH-STREET-XWALK-0192,Avendale
2-10 even,FY&D,high,Directory reflects 2019 naming and does not establish the historical opening date.,Front Street,LH-SRC-LARMAC-STREETS-2019,PDF page 4,documented_exact,GILLY FLOWER STREET (2-10 even),GILLY FLOWER ST,LH-STREET-XWALK-0193,Avendale
,SUB,high,Directory reflects 2019 naming and does not establish the historical opening date.,Atherton Glen,LH-SRC-LARMAC-STREETS-2019,PDF page 4,documented_exact,GLENALMOND LANE,GLENALMOND LN,LH-STREET-XWALK-0194,Echo Ridge
,FY&D,high,Directory reflects 2019 naming and does not establish the historical opening date.,Arborage 1,LH-SRC-LARMAC-STREETS-2019,PDF page 4,documented_exact,GLOBE LANE,GLOBE LN,LH-STREET-XWALK-0195,Terramor
,SUB,high,Directory reflects 2019 naming and does not establish the historical opening date.,St. Mays Road,LH-SRC-LARMAC-STREETS-2019,PDF page 4,documented_exact,GLOXINIA STREET,GLOXINIA ST,LH-STREET-XWALK-0196,Avendale
,FY&D,high,Directory reflects 2019 naming and does not establish the historical opening date.,Walden Park 2,LH-SRC-LARMAC-STREETS-2019,PDF page 4,documented_exact,GOOSE POND ROAD,GOOSE POND RD,LH-STREET-XWALK-0197,Terramor
,,high,Directory reflects 2019 naming and does not establish the historical opening date.,Tether Moon 1,LH-SRC-LARMAC-STREETS-2019,PDF page 4,documented_exact,GOSSAMER PLACE,GOSSAMER PL,LH-STREET-XWALK-0198,Avendale
,FY&D,high,Directory reflects 2019 naming and does not establish the historical opening date.,Tarleton 2,LH-SRC-LARMAC-STREETS-2019,PDF page 4,documented_exact,GOUGH PLACE,GOUGH PL,LH-STREET-XWALK-0199,Terramor
,SUB,high,Directory reflects 2019 naming and does not establish the historical opening date.,Aldenhouse,LH-SRC-LARMAC-STREETS-2019,PDF page 4,documented_exact,GRANVILLE STREET,GRANVILLE ST,LH-STREET-XWALK-0200,Township
,,high,Directory reflects 2019 naming and does not establish the historical opening date.,Evergreen 1,LH-SRC-LARMAC-STREETS-2019,PDF page 4,documented_exact,GREVILLEA COURT,GREVILLEA CT,LH-STREET-XWALK-0201,Terramor
,FY&D,high,Directory reflects 2019 naming and does not establish the historical opening date.,The Trails,LH-SRC-LARMAC-STREETS-2019,PDF page 4,documented_exact,HALF MOON TRAIL,HALF MOON TRL,LH-STREET-XWALK-0202,Oak Knoll
,S-2,high,Directory reflects 2019 naming and does not establish the historical opening date.,Tamarind 1,LH-SRC-LARMAC-STREETS-2019,PDF page 4,documented_exact,HALLCREST DRIVE,HALLCREST DR,LH-STREET-XWALK-0203,Echo Ridge
,CH,high,Directory reflects 2019 naming and does not establish the historical opening date.,Bellataire 1,LH-SRC-LARMAC-STREETS-2019,PDF page 4,documented_exact,HAMMOND ROAD,HAMMOND RD,LH-STREET-XWALK-0204,Covenant Hills
,CH,high,Directory reflects 2019 naming and does not establish the historical opening date.,Alisal,LH-SRC-LARMAC-STREETS-2019,PDF page 4,documented_exact,HAMPSHIRE COURT,HAMPSHIRE CT,LH-STREET-XWALK-0205,Covenant Hills
,,high,Directory reflects 2019 naming and does not establish the historical opening date.,Chesapeake 1,LH-SRC-LARMAC-STREETS-2019,PDF page 4,documented_exact,HANCEFORD WAY,HANCEFORD WAY,LH-STREET-XWALK-0206,Wycliffe
,S-2,high,Directory reflects 2019 naming and does not establish the historical opening date.,Lexington 2,LH-SRC-LARMAC-STREETS-2019,PDF page 4,documented_exact,HANOVERIAN WAY,HANOVERIAN WAY,LH-STREET-XWALK-0207,Echo Ridge
,CH,high,Directory reflects 2019 naming and does not establish the historical opening date.,Meriden 2,LH-SRC-LARMAC-STREETS-2019,PDF page 4,documented_exact,HARLEQUIN STREET,HARLEQUIN ST,LH-STREET-XWALK-0208,Covenant Hills
,SUB,high,Directory reflects 2019 naming and does not establish the historical opening date.,Sycamore Grove,LH-SRC-LARMAC-STREETS-2019,PDF page 4,documented_exact,HARWICK COURT,HARWICK CT,LH-STREET-XWALK-0209,Oak Knoll
,S-2,high,Directory reflects 2019 naming and does not establish the historical opening date.,Chimney Corners 1,LH-SRC-LARMAC-STREETS-2019,PDF page 4,documented_exact,HEARTHSIDE ROAD,HEARTHSIDE RD,LH-STREET-XWALK-0210,Flintridge
,CH,high,Directory reflects 2019 naming and does not establish the historical opening date.,Skye Isle 1 & 3,LH-SRC-LARMAC-STREETS-2019,PDF page 4,documented_exact,HEAVENLY ISLE,HEAVENLY ISLE,LH-STREET-XWALK-0211,Covenant Hills
,S-1,high,Directory reflects 2019 naming and does not establish the historical opening date.,Prescott 2,LH-SRC-LARMAC-STREETS-2019,PDF page 4,documented_exact,HEMPSTEAD STREET,HEMPSTEAD ST,LH-STREET-XWALK-0212,Oak Knoll
,SUB,high,Directory reflects 2019 naming and does not establish the historical opening date.,Davenport,LH-SRC-LARMAC-STREETS-2019,PDF page 4,documented_exact,HERRICK STREET,HERRICK ST,LH-STREET-XWALK-0213,Wycliffe
,SUB,high,Directory reflects 2019 naming and does not establish the historical opening date.,Valmont,LH-SRC-LARMAC-STREETS-2019,PDF page 4,documented_exact,HINTERLAND WAY,HINTERLAND WAY,LH-STREET-XWALK-0214,Terramor
,FY&D,high,Directory reflects 2019 naming and does not establish the historical opening date.,Surrey Farms 2,LH-SRC-LARMAC-STREETS-2019,PDF page 4,documented_exact,HONEYTREE FARM,HONEYTREE FARM,LH-STREET-XWALK-0215,Wycliffe
,SUB,high,Directory reflects 2019 naming and does not establish the historical opening date.,Briar Rose 1,LH-SRC-LARMAC-STREETS-2019,PDF page 4,documented_exact,HOPKINS STREET,HOPKINS ST,LH-STREET-XWALK-0216,Terramor
,SUB,high,Directory reflects 2019 naming and does not establish the historical opening date.,Branches,LH-SRC-LARMAC-STREETS-2019,PDF page 4,documented_exact,HYACINTH LANE,HYACINTH LN,LH-STREET-XWALK-0217,Terramor
1-37 odd,SUB,high,Directory reflects 2019 naming and does not establish the historical opening date.,Branches,LH-SRC-LARMAC-STREETS-2019,PDF page 4,documented_exact,HYDRANGEA STREET (1-37 odd),HYDRANGEA ST,LH-STREET-XWALK-0218,Avendale
2-36 even,FY&D,high,Directory reflects 2019 naming and does not establish the historical opening date.,Astoria 2,LH-SRC-LARMAC-STREETS-2019,PDF page 4,documented_exact,HYDRANGEA STREET (2-36 even),HYDRANGEA ST,LH-STREET-XWALK-0219,Avendale
,,high,Directory reflects 2019 naming and does not establish the historical opening date.,Sedona 2,LH-SRC-LARMAC-STREETS-2019,PDF page 4,documented_exact,ILLUMINATA LANE,ILLUMINATA LN,LH-STREET-XWALK-0220,Terramor
,FY&D,high,Directory reflects 2019 naming and does not establish the historical opening date.,Savannah,LH-SRC-LARMAC-STREETS-2019,PDF page 4,documented_exact,IRISH MOSS ST,IRISH MOSS ST,LH-STREET-XWALK-0221,Avendale
,FY&D,high,Directory reflects 2019 naming and does not establish the historical opening date.,The Trails,LH-SRC-LARMAC-STREETS-2019,PDF page 4,documented_exact,IRON HORSE TRAIL,IRON HORSE TRL,LH-STREET-XWALK-0222,Oak Knoll
,FY&D,high,Directory reflects 2019 naming and does not establish the historical opening date.,Surrey Farms 2,LH-SRC-LARMAC-STREETS-2019,PDF page 4,documented_exact,IVY GATE LANE,IVY GATE LN,LH-STREET-XWALK-0223,Wycliffe
,CH,high,Directory reflects 2019 naming and does not establish the historical opening date.,Encantada,LH-SRC-LARMAC-STREETS-2019,PDF page 4,documented_exact,JACKS STREET,JACKS ST,LH-STREET-XWALK-0224,Covenant Hills
,CH,high,Directory reflects 2019 naming and does not establish the historical opening date.,Montanez,LH-SRC-LARMAC-STREETS-2019,PDF page 4,documented_exact,JENNY LANE,JENNY LN,LH-STREET-XWALK-0225,Covenant Hills
,CH,high,Directory reflects 2019 naming and does not establish the historical opening date.,Sherborne 2,LH-SRC-LARMAC-STREETS-2019,PDF page 4,documented_exact,JEREMIAH LANE,JEREMIAH LN,LH-STREET-XWALK-0226,Covenant Hills
,SUB,high,Directory reflects 2019 naming and does not establish the historical opening date.,Chambray,LH-SRC-LARMAC-STREETS-2019,PDF page 4,documented_exact,JEROME LANE,JEROME LN,LH-STREET-XWALK-0227,Bridgepark
,CH,high,Directory reflects 2019 naming and does not establish the historical opening date.,Segovia,LH-SRC-LARMAC-STREETS-2019,PDF page 4,documented_exact,JOHN STREET,JOHN ST,LH-STREET-XWALK-0228,Covenant Hills
,CH,high,Directory reflects 2019 naming and does not establish the historical opening date.,Segovia,LH-SRC-LARMAC-STREETS-2019,PDF page 5,documented_exact,JULIA STREET,JULIA ST,LH-STREET-XWALK-0229,Covenant Hills
,CH,high,Directory reflects 2019 naming and does not establish the historical opening date.,Bellataire 1,LH-SRC-LARMAC-STREETS-2019,PDF page 5,documented_exact,KANE LANE,KANE LN,LH-STREET-XWALK-0230,Covenant Hills
,CH,high,Directory reflects 2019 naming and does not establish the historical opening date.,Encantada,LH-SRC-LARMAC-STREETS-2019,PDF page 5,documented_exact,KATHRYN LANE,KATHRYN LN,LH-STREET-XWALK-0231,Covenant Hills
,CH,high,Directory reflects 2019 naming and does not establish the historical opening date.,Segovia,LH-SRC-LARMAC-STREETS-2019,PDF page 5,documented_exact,KATY ROSE LANE,KATY ROSE LN,LH-STREET-XWALK-0232,Covenant Hills
,FY&D,high,Directory reflects 2019 naming and does not establish the historical opening date.,Tarleton 1,LH-SRC-LARMAC-STREETS-2019,PDF page 5,documented_exact,KAYLOCK COURT,KAYLOCK CT,LH-STREET-XWALK-0233,Terramor
,FY&D,high,Directory reflects 2019 naming and does not establish the historical opening date.,Arborage 1,LH-SRC-LARMAC-STREETS-2019,PDF page 5,documented_exact,KELFIELD DRIVE,KELFIELD DR,LH-STREET-XWALK-0234,Terramor
,CH,high,Directory reflects 2019 naming and does not establish the historical opening date.,Encantada,LH-SRC-LARMAC-STREETS-2019,PDF page 5,documented_exact,KELLY LANE,KELLY LN,LH-STREET-XWALK-0235,Covenant Hills
,S-1,high,Directory reflects 2019 naming and does not establish the historical opening date.,Amberly Lane 2,LH-SRC-LARMAC-STREETS-2019,PDF page 5,documented_exact,KEMPTON LANE 1-26,KEMPTON LN 1 26,LH-STREET-XWALK-0236,Oak Knoll
,S-1,high,Directory reflects 2019 naming and does not establish the historical opening date.,Prescott 2,LH-SRC-LARMAC-STREETS-2019,PDF page 5,documented_exact,KEMPTON LANE 32-58,KEMPTON LN 32 58,LH-STREET-XWALK-0237,Oak Knoll
,CH,high,Directory reflects 2019 naming and does not establish the historical opening date.,Alisal,LH-SRC-LARMAC-STREETS-2019,PDF page 5,documented_exact,KENT COURT,KENT CT,LH-STREET-XWALK-0238,Covenant Hills
,FY&D,high,Directory reflects 2019 naming and does not establish the historical opening date.,The Gables 1,LH-SRC-LARMAC-STREETS-2019,PDF page 5,documented_exact,KEYSTONE DRIVE,KEYSTONE DR,LH-STREET-XWALK-0239,Township
,SUB,high,Directory reflects 2019 naming and does not establish the historical opening date.,Atherton Glen,LH-SRC-LARMAC-STREETS-2019,PDF page 5,documented_exact,KILBANNEN COURT,KILBANNEN CT,LH-STREET-XWALK-0240,Echo Ridge
,S-2,high,Directory reflects 2019 naming and does not establish the historical opening date.,Tattershall 1,LH-SRC-LARMAC-STREETS-2019,PDF page 5,documented_exact,KINGSWAY DRIVE,KINGSWAY DR,LH-STREET-XWALK-0241,Flintridge
,,high,Directory reflects 2019 naming and does not establish the historical opening date.,Shady Lane,LH-SRC-LARMAC-STREETS-2019,PDF page 5,documented_exact,KYLE COURT,KYLE CT,LH-STREET-XWALK-0242,Oak Knoll
,CH,high,Directory reflects 2019 naming and does not establish the historical opening date.,Covenant Hills,LH-SRC-LARMAC-STREETS-2019,PDF page 5,documented_exact,LA RIATA ROAD,LA RIATA RD,LH-STREET-XWALK-0243,Covenant Hills
,S-2,high,Directory reflects 2019 naming and does not establish the historical opening date.,Trail Ridge 2,LH-SRC-LARMAC-STREETS-2019,PDF page 5,documented_exact,LA SALLE LANE,LA SALLE LN,LH-STREET-XWALK-0244,Echo Ridge
,S-2,high,Directory reflects 2019 naming and does not establish the historical opening date.,Sterling Glen 1,LH-SRC-LARMAC-STREETS-2019,PDF page 5,documented_exact,LANESBORO ROAD,LANESBORO RD,LH-STREET-XWALK-0245,Avendale
1-25,S-2,high,Directory reflects 2019 naming and does not establish the historical opening date.,Sterling Glen 2,LH-SRC-LARMAC-STREETS-2019,PDF page 5,documented_exact,LANGFORD LANE (1-25),LANGFORD LN,LH-STREET-XWALK-0246,Avendale
32-53,S-2,high,Directory reflects 2019 naming and does not establish the historical opening date.,Sumners Way 1,LH-SRC-LARMAC-STREETS-2019,PDF page 5,documented_exact,LANGFORD LANE (32-53),LANGFORD LN,LH-STREET-XWALK-0247,Avendale
,SUB,high,Directory reflects 2019 naming and does not establish the historical opening date.,Sycamore Grove,LH-SRC-LARMAC-STREETS-2019,PDF page 5,documented_exact,LANSDALE COURT,LANSDALE CT,LH-STREET-XWALK-0248,Oak Knoll
1-48,S-1,high,Directory reflects 2019 naming and does not establish the historical opening date.,Whispering Creek 2,LH-SRC-LARMAC-STREETS-2019,PDF page 5,documented_exact,LAURELHURST DRIVE (1-48),LAURELHURST DR,LH-STREET-XWALK-0249,Oak Knoll
51-91,S-1,high,Directory reflects 2019 naming and does not establish the historical opening date.,Prescott 1,LH-SRC-LARMAC-STREETS-2019,PDF page 5,documented_exact,LAURELHURST DRIVE (51-91),LAURELHURST DR,LH-STREET-XWALK-0250,Oak Knoll
,SUB,high,Directory reflects 2019 naming and does not establish the historical opening date.,Briar Rose 1,LH-SRC-LARMAC-STREETS-2019,PDF page 5,documented_exact,LEFFINGTON PLACE,LEFFINGTON PL,LH-STREET-XWALK-0251,Terramor
,CH,high,Directory reflects 2019 naming and does not establish the historical opening date.,Amarante 2 / Bellataire 2,LH-SRC-LARMAC-STREETS-2019,PDF page 5,documented_exact,LEMON PEEL ROAD,LEMON PEEL RD,LH-STREET-XWALK-0252,Covenant Hills
,CH,high,Directory reflects 2019 naming and does not establish the historical opening date.,Alisal,LH-SRC-LARMAC-STREETS-2019,PDF page 5,documented_exact,LENNOX COURT,LENNOX CT,LH-STREET-XWALK-0253,Covenant Hills
,S-2,high,Directory reflects 2019 naming and does not establish the historical opening date.,Clifton Heights 2,LH-SRC-LARMAC-STREETS-2019,PDF page 5,documented_exact,LEWISTON COURT,LEWISTON CT,LH-STREET-XWALK-0254,Flintridge
,FY&D,high,Directory reflects 2019 naming and does not establish the historical opening date.,Surrey Farms 1,LH-SRC-LARMAC-STREETS-2019,PDF page 5,documented_exact,LINDENWOOD FARM,LINDENWOOD FARM,LH-STREET-XWALK-0255,Wycliffe
"1-62 all, 64-84 even, 85-112 all",FY&D,high,Directory reflects 2019 naming and does not establish the historical opening date.,Westcott 1,LH-SRC-LARMAC-STREETS-2019,PDF page 5,documented_exact,"LIVINGSTON PL (1-62 all, 64-84 even, 85-112 all)",LIVINGSTON PL,LH-STREET-XWALK-0256,Bridgepark
63-83 odd,FY&D,high,Directory reflects 2019 naming and does not establish the historical opening date.,Westcott 2,LH-SRC-LARMAC-STREETS-2019,PDF page 5,documented_exact,LIVINGSTON PL (63-83 odd),LIVINGSTON PL,LH-STREET-XWALK-0257,Bridgepark
,FY&D,high,Directory reflects 2019 naming and does not establish the historical opening date.,Claiborne 1,LH-SRC-LARMAC-STREETS-2019,PDF page 5,documented_exact,LODEN PASS,LODEN PASS,LH-STREET-XWALK-0258,Terramor
,S-1,high,Directory reflects 2019 naming and does not establish the historical opening date.,Fairfield 2,LH-SRC-LARMAC-STREETS-2019,PDF page 5,documented_exact,LONE OAK CIRCLE,LONE OAK CIR,LH-STREET-XWALK-0259,Oak Knoll
,,high,Directory reflects 2019 naming and does not establish the historical opening date.,Chesapeake 1,LH-SRC-LARMAC-STREETS-2019,PDF page 5,documented_exact,LONGFIELD LANE,LONGFIELD LN,LH-STREET-XWALK-0260,Wycliffe
,,high,Directory reflects 2019 naming and does not establish the historical opening date.,Mosaic 2,LH-SRC-LARMAC-STREETS-2019,PDF page 5,documented_exact,LULLABY CIRCLE,LULLABY CIR,LH-STREET-XWALK-0261,Wycliffe
,,high,Directory reflects 2019 naming and does not establish the historical opening date.,Tether Moon 2,LH-SRC-LARMAC-STREETS-2019,PDF page 5,documented_exact,LUNA COURT,LUNA CT,LH-STREET-XWALK-0262,Avendale
,SUB,high,Directory reflects 2019 naming and does not establish the historical opening date.,Davenport,LH-SRC-LARMAC-STREETS-2019,PDF page 5,documented_exact,LYNDE STREET,LYNDE ST,LH-STREET-XWALK-0263,Wycliffe
,S-2,high,Directory reflects 2019 naming and does not establish the historical opening date.,Willow Bend 1,LH-SRC-LARMAC-STREETS-2019,PDF page 5,documented_exact,MAGNOLIA DRIVE,MAGNOLIA DR,LH-STREET-XWALK-0264,Avendale
122-148,FY&D,high,Directory reflects 2019 naming and does not establish the historical opening date.,The Gables 2,LH-SRC-LARMAC-STREETS-2019,PDF page 5,documented_exact,MAIN STREET (122-148),MAIN ST,LH-STREET-XWALK-0265,Flintridge
2-30,S-2,high,Directory reflects 2019 naming and does not establish the historical opening date.,Belmont Hill 1,LH-SRC-LARMAC-STREETS-2019,PDF page 5,documented_exact,MAIN STREET (2-30),MAIN ST,LH-STREET-XWALK-0266,Flintridge
88-104,FY&D,high,Directory reflects 2019 naming and does not establish the historical opening date.,The Gables 1,LH-SRC-LARMAC-STREETS-2019,PDF page 5,documented_exact,MAIN STREET (88-104),MAIN ST,LH-STREET-XWALK-0267,Flintridge
,,high,Directory reflects 2019 naming and does not establish the historical opening date.,Chesapeake 1,LH-SRC-LARMAC-STREETS-2019,PDF page 5,documented_exact,MAITLAND ROAD,MAITLAND RD,LH-STREET-XWALK-0268,Wycliffe
,SUB,high,Directory reflects 2019 naming and does not establish the historical opening date.,Valmont,LH-SRC-LARMAC-STREETS-2019,PDF page 5,documented_exact,MANSART COURT,MANSART CT,LH-STREET-XWALK-0269,Terramor
,FY&D,high,Directory reflects 2019 naming and does not establish the historical opening date.,Surrey Farms 1,LH-SRC-LARMAC-STREETS-2019,PDF page 5,documented_exact,MAPLE RUN FARM,MAPLE RUN FARM,LH-STREET-XWALK-0270,Wycliffe
,SUB,high,Directory reflects 2019 naming and does not establish the historical opening date.,Sansovino,LH-SRC-LARMAC-STREETS-2019,PDF page 5,documented_exact,MARCILLA,MARCILLA,LH-STREET-XWALK-0271,Bridgepark
,CH,high,Directory reflects 2019 naming and does not establish the historical opening date.,Capistrano,LH-SRC-LARMAC-STREETS-2019,PDF page 5,documented_exact,MAREMMA LANE,MAREMMA LN,LH-STREET-XWALK-0272,Covenant Hills
,S-2,high,Directory reflects 2019 naming and does not establish the historical opening date.,Tamarind 1,LH-SRC-LARMAC-STREETS-2019,PDF page 5,documented_exact,MARKHAM LANE,MARKHAM LN,LH-STREET-XWALK-0273,Flintridge
,S-2,high,Directory reflects 2019 naming and does not establish the historical opening date.,Sylvan Oaks,LH-SRC-LARMAC-STREETS-2019,PDF page 5,documented_exact,MARSTON LANE,MARSTON LN,LH-STREET-XWALK-0274,Echo Ridge
,SUB,high,Directory reflects 2019 naming and does not establish the historical opening date.,Sansovino,LH-SRC-LARMAC-STREETS-2019,PDF page 5,documented_exact,MARTINO,MARTINO,LH-STREET-XWALK-0275,Bridgepark
,,high,Directory reflects 2019 naming and does not establish the historical opening date.,Amberly Lane 1,LH-SRC-LARMAC-STREETS-2019,PDF page 5,documented_exact,MASON LANE,MASON LN,LH-STREET-XWALK-0276,Oak Knoll
,,high,Directory reflects 2019 naming and does not establish the historical opening date.,Maplewood 1,LH-SRC-LARMAC-STREETS-2019,PDF page 5,documented_exact,MAYBECK,MAYBECK,LH-STREET-XWALK-0277,Oak Knoll
,S-1,high,Directory reflects 2019 naming and does not establish the historical opening date.,Fairfield 2,LH-SRC-LARMAC-STREETS-2019,PDF page 5,documented_exact,MAYVILLE PLACE,MAYVILLE PL,LH-STREET-XWALK-0278,Oak Knoll
,SUB,high,Directory reflects 2019 naming and does not establish the historical opening date.,Sycamore Grove,LH-SRC-LARMAC-STREETS-2019,PDF page 5,documented_exact,MAYWOOD DRIVE,MAYWOOD DR,LH-STREET-XWALK-0279,Oak Knoll
,,high,Directory reflects 2019 naming and does not establish the historical opening date.,Mosaic 2,LH-SRC-LARMAC-STREETS-2019,PDF page 5,documented_exact,MELODY LANE,MELODY LN,LH-STREET-XWALK-0280,Terramor
,SUB,high,Directory reflects 2019 naming and does not establish the historical opening date.,Briar Rose 1,LH-SRC-LARMAC-STREETS-2019,PDF page 5,documented_exact,MENLO STREET,MENLO ST,LH-STREET-XWALK-0281,Terramor
21-55,FY&D,high,Directory reflects 2019 naming and does not establish the historical opening date.,The Gables 1,LH-SRC-LARMAC-STREETS-2019,PDF page 5,documented_exact,MERCANTILE WAY (21-55),MERCANTILE WAY,LH-STREET-XWALK-0282,Township
71-93,FY&D,high,Directory reflects 2019 naming and does not establish the historical opening date.,The Gables 2,LH-SRC-LARMAC-STREETS-2019,PDF page 5,documented_exact,MERCANTILE WAY (71-93),MERCANTILE WAY,LH-STREET-XWALK-0283,Township
,SUB,high,Directory reflects 2019 naming and does not establish the historical opening date.,Davenport,LH-SRC-LARMAC-STREETS-2019,PDF page 5,documented_exact,MERRIAM STREET,MERRIAM ST,LH-STREET-XWALK-0284,Wycliffe
,S-2,high,Directory reflects 2019 naming and does not establish the historical opening date.,Clifton Heights 1,LH-SRC-LARMAC-STREETS-2019,PDF page 5,documented_exact,MERRILL HILL,MERRILL HILL,LH-STREET-XWALK-0285,Flintridge
2-20 even,,high,Directory reflects 2019 naming and does not establish the historical opening date.,Canopy Lane 3,LH-SRC-LARMAC-STREETS-2019,PDF page 6,documented_exact,MERRIWEATHER PLACE (2-20 even),MERRIWEATHER PL,LH-STREET-XWALK-0286,Avendale
5-17 odd,,high,Directory reflects 2019 naming and does not establish the historical opening date.,Tether Moon 2,LH-SRC-LARMAC-STREETS-2019,PDF page 6,documented_exact,MERRIWEATHER PLACE (5-17 odd),MERRIWEATHER PL,LH-STREET-XWALK-0287,Avendale
1-36,CH,high,Directory reflects 2019 naming and does not establish the historical opening date.,Montanez,LH-SRC-LARMAC-STREETS-2019,PDF page 6,documented_exact,MICHAEL ROAD (1-36),MICHAEL RD,LH-STREET-XWALK-0288,Covenant Hills
41-47,CH,high,Directory reflects 2019 naming and does not establish the historical opening date.,Amarante 2 / Bellataire 2,LH-SRC-LARMAC-STREETS-2019,PDF page 6,documented_exact,MICHAEL ROAD (41-47),MICHAEL RD,LH-STREET-XWALK-0289,Covenant Hills
,FY&D,high,Directory reflects 2019 naming and does not establish the historical opening date.,Surrey Farms 1,LH-SRC-LARMAC-STREETS-2019,PDF page 6,documented_exact,MILL RIDGE FARM,MILL RIDGE FARM,LH-STREET-XWALK-0290,Wycliffe
,S-2,high,Directory reflects 2019 naming and does not establish the historical opening date.,Reston 3,LH-SRC-LARMAC-STREETS-2019,PDF page 6,documented_exact,MINFORD CIRCLE,MINFORD CIR,LH-STREET-XWALK-0291,Flintridge
,CH,high,Directory reflects 2019 naming and does not establish the historical opening date.,CH Custom,LH-SRC-LARMAC-STREETS-2019,PDF page 6,documented_exact,MISSION RIDGE ROAD,MISSION RIDGE RD,LH-STREET-XWALK-0292,Covenant Hills
,,high,Directory reflects 2019 naming and does not establish the historical opening date.,Mosaic 1,LH-SRC-LARMAC-STREETS-2019,PDF page 6,documented_exact,MOCHA LANE,MOCHA LN,LH-STREET-XWALK-0293,Terramor
,C-HOMES,high,Directory reflects 2019 naming and does not establish the historical opening date.,Christopher Homes,LH-SRC-LARMAC-STREETS-2019,PDF page 6,documented_exact,MOLLY LOOP,MOLLY LOOP,LH-STREET-XWALK-0294,Avendale
,CH,high,Directory reflects 2019 naming and does not establish the historical opening date.,Skye Isle 2,LH-SRC-LARMAC-STREETS-2019,PDF page 6,documented_exact,MOONLIGHT ISLE,MOONLIGHT ISLE,LH-STREET-XWALK-0295,Covenant Hills
,FY&D,high,Directory reflects 2019 naming and does not establish the historical opening date.,Walden Park 2,LH-SRC-LARMAC-STREETS-2019,PDF page 6,documented_exact,NASHWATUC WAY,NASHWATUC WAY,LH-STREET-XWALK-0296,Terramor
,FY&D,high,Directory reflects 2019 naming and does not establish the historical opening date.,Arborage 1,LH-SRC-LARMAC-STREETS-2019,PDF page 6,documented_exact,NATURAL COURT,NATURAL CT,LH-STREET-XWALK-0297,Terramor
,S-2,high,Directory reflects 2019 naming and does not establish the historical opening date.,Chimney Corners 1,LH-SRC-LARMAC-STREETS-2019,PDF page 6,documented_exact,NEWBURY WAY,NEWBURY WAY,LH-STREET-XWALK-0298,Flintridge
,S-2,high,Directory reflects 2019 naming and does not establish the historical opening date.,Belmont Hill 2,LH-SRC-LARMAC-STREETS-2019,PDF page 6,documented_exact,NEWKIRK ROAD,NEWKIRK RD,LH-STREET-XWALK-0299,Flintridge
,SUB,high,Directory reflects 2019 naming and does not establish the historical opening date.,Aldenhouse,LH-SRC-LARMAC-STREETS-2019,PDF page 6,documented_exact,NORFOLK STREET,NORFOLK ST,LH-STREET-XWALK-0300,Township
,SUB,high,Directory reflects 2019 naming and does not establish the historical opening date.,Atherton Glen,LH-SRC-LARMAC-STREETS-2019,PDF page 6,documented_exact,NOTCHBROOK LANE,NOTCHBROOK LN,LH-STREET-XWALK-0301,Echo Ridge
,FY&D,high,Directory reflects 2019 naming and does not establish the historical opening date.,Surrey Farms 2,LH-SRC-LARMAC-STREETS-2019,PDF page 6,documented_exact,OATFIELD FARM,OATFIELD FARM,LH-STREET-XWALK-0302,Wycliffe
,CH,high,Directory reflects 2019 naming and does not establish the historical opening date.,Covenant Hills,LH-SRC-LARMAC-STREETS-2019,PDF page 6,documented_exact,OBERON ROAD,OBERON RD,LH-STREET-XWALK-0303,Covenant Hills
,CH,high,Directory reflects 2019 naming and does not establish the historical opening date.,CH Custom,LH-SRC-LARMAC-STREETS-2019,PDF page 6,documented_exact,OLD COACH ROAD,OLD COACH RD,LH-STREET-XWALK-0304,Covenant Hills
,FY&D,high,Directory reflects 2019 naming and does not establish the historical opening date.,Walden Park 1,LH-SRC-LARMAC-STREETS-2019,PDF page 6,documented_exact,OLD CONCORD DRIVE,OLD CONCORD DR,LH-STREET-XWALK-0305,Terramor
,FY&D,high,Directory reflects 2019 naming and does not establish the historical opening date.,The Gables 2,LH-SRC-LARMAC-STREETS-2019,PDF page 6,documented_exact,OLD SPIRE DRIVE,OLD SPIRE DR,LH-STREET-XWALK-0306,Township
,,high,Directory reflects 2019 naming and does not establish the historical opening date.,Canopy Lane 3,LH-SRC-LARMAC-STREETS-2019,PDF page 6,documented_exact,OLIVE STREET,OLIVE ST,LH-STREET-XWALK-0307,Avendale
,SUB,high,Directory reflects 2019 naming and does not establish the historical opening date.,Branches,LH-SRC-LARMAC-STREETS-2019,PDF page 6,documented_exact,ORANGE BLOSSOM CIRCLE,ORANGE BLOSSOM CIR,LH-STREET-XWALK-0308,Terramor
,SUB,high,Directory reflects 2019 naming and does not establish the historical opening date.,Davenport,LH-SRC-LARMAC-STREETS-2019,PDF page 6,documented_exact,OSTERVILLE STREET,OSTERVILLE ST,LH-STREET-XWALK-0309,Wycliffe
,CH,high,Directory reflects 2019 naming and does not establish the historical opening date.,CH Custom,LH-SRC-LARMAC-STREETS-2019,PDF page 6,documented_exact,OVERLOOK DRIVE,OVERLOOK DR,LH-STREET-XWALK-0310,Covenant Hills
,FY&D,high,Directory reflects 2019 naming and does not establish the historical opening date.,Tarleton 2,LH-SRC-LARMAC-STREETS-2019,PDF page 6,documented_exact,PADDOCK PLACE,PADDOCK PL,LH-STREET-XWALK-0311,Avendale
,CH,high,Directory reflects 2019 naming and does not establish the historical opening date.,San Donato,LH-SRC-LARMAC-STREETS-2019,PDF page 6,documented_exact,PADRE PLACE,PADRE PL,LH-STREET-XWALK-0312,Avendale
,SUB,high,Directory reflects 2019 naming and does not establish the historical opening date.,Sutters Mill,LH-SRC-LARMAC-STREETS-2019,PDF page 6,documented_exact,PALLADIUM LANE,PALLADIUM LN,LH-STREET-XWALK-0313,Avendale
,CH,high,Directory reflects 2019 naming and does not establish the historical opening date.,Covenant Hills,LH-SRC-LARMAC-STREETS-2019,PDF page 6,documented_exact,PANIOLO ROAD,PANIOLO RD,LH-STREET-XWALK-0314,Covenant Hills
,S-2,high,Directory reflects 2019 naming and does not establish the historical opening date.,Trail Ridge 2,LH-SRC-LARMAC-STREETS-2019,PDF page 6,documented_exact,PAPETTE CIRCLE,PAPETTE CIR,LH-STREET-XWALK-0315,Echo Ridge
,SUB,high,Directory reflects 2019 naming and does not establish the historical opening date.,Davenport,LH-SRC-LARMAC-STREETS-2019,PDF page 6,documented_exact,PARKER STREET,PARKER ST,LH-STREET-XWALK-0316,Flintridge
,S-2,high,Directory reflects 2019 naming and does not establish the historical opening date.,Tattershall 1,LH-SRC-LARMAC-STREETS-2019,PDF page 6,documented_exact,PARLIAMENT PLACE,PARLIAMENT PL,LH-STREET-XWALK-0317,Village 4
,FY&D,high,Directory reflects 2019 naming and does not establish the historical opening date.,Walden Park 2,LH-SRC-LARMAC-STREETS-2019,PDF page 6,documented_exact,PARTRIDGE WAY,PARTRIDGE WAY,LH-STREET-XWALK-0318,Terramor
,SUB,high,Directory reflects 2019 naming and does not establish the historical opening date.,Branches,LH-SRC-LARMAC-STREETS-2019,PDF page 6,documented_exact,PASSAFLORA LANE,PASSAFLORA LN,LH-STREET-XWALK-0319,Terramor
,,high,Directory reflects 2019 naming and does not establish the historical opening date.,Mosaic 1,LH-SRC-LARMAC-STREETS-2019,PDF page 6,documented_exact,PATINA LANE,PATINA LN,LH-STREET-XWALK-0320,Terramor
,FY&D,high,Directory reflects 2019 naming and does not establish the historical opening date.,The Gables 2,LH-SRC-LARMAC-STREETS-2019,PDF page 6,documented_exact,PAVERSTONE LANE,PAVERSTONE LN,LH-STREET-XWALK-0321,Township
,S-2,high,Directory reflects 2019 naming and does not establish the historical opening date.,Reston 3,LH-SRC-LARMAC-STREETS-2019,PDF page 6,documented_exact,PICKERING CIRCLE,PICKERING CIR,LH-STREET-XWALK-0322,Flintridge
,FY&D,high,Directory reflects 2019 naming and does not establish the historical opening date.,Walden Park 1,LH-SRC-LARMAC-STREETS-2019,PDF page 6,documented_exact,PINE HILL LANE,PINE HILL LN,LH-STREET-XWALK-0323,Terramor
,,high,Directory reflects 2019 naming and does not establish the historical opening date.,Canopy Lane 2,LH-SRC-LARMAC-STREETS-2019,PDF page 6,documented_exact,PINK TRUMPET STREET,PINK TRUMPET ST,LH-STREET-XWALK-0324,Avendale
,CH,high,Directory reflects 2019 naming and does not establish the historical opening date.,Capistrano,LH-SRC-LARMAC-STREETS-2019,PDF page 6,documented_exact,PISANO STREET,PISANO ST,LH-STREET-XWALK-0325,Covenant Hills
,CH,high,Directory reflects 2019 naming and does not establish the historical opening date.,Capistrano,LH-SRC-LARMAC-STREETS-2019,PDF page 6,documented_exact,PISTORIA LANE,PISTORIA LN,LH-STREET-XWALK-0326,Covenant Hills
,SUB,high,Directory reflects 2019 naming and does not establish the historical opening date.,Sutter's Mill,LH-SRC-LARMAC-STREETS-2019,PDF page 6,documented_exact,PLATINUM CIRCLE,PLATINUM CIR,LH-STREET-XWALK-0327,Terramor
,S-1,high,Directory reflects 2019 naming and does not establish the historical opening date.,Fairfield 1,LH-SRC-LARMAC-STREETS-2019,PDF page 6,documented_exact,PLEASANTON LANE,PLEASANTON LN,LH-STREET-XWALK-0328,Oak Knoll
,,high,Directory reflects 2019 naming and does not establish the historical opening date.,Canopy Lane 3,LH-SRC-LARMAC-STREETS-2019,PDF page 6,documented_exact,PLUM STREET,PLUM ST,LH-STREET-XWALK-0329,Avendale
,CH,high,Directory reflects 2019 naming and does not establish the historical opening date.,Bellataire 2,LH-SRC-LARMAC-STREETS-2019,PDF page 6,documented_exact,POINTE CIRCLE,POINTE CIR,LH-STREET-XWALK-0330,Covenant Hills
,,high,Directory reflects 2019 naming and does not establish the historical opening date.,Canopy Lane 2,LH-SRC-LARMAC-STREETS-2019,PDF page 6,documented_exact,POMEGRANATE STREET,POMEGRANATE ST,LH-STREET-XWALK-0331,Avendale
,CH,high,Directory reflects 2019 naming and does not establish the historical opening date.,Las Piedras,LH-SRC-LARMAC-STREETS-2019,PDF page 6,documented_exact,PORTALON COURT,PORTALON CT,LH-STREET-XWALK-0332,Covenant Hills
,SUB,high,Directory reflects 2019 naming and does not establish the historical opening date.,Aldenhouse,LH-SRC-LARMAC-STREETS-2019,PDF page 6,documented_exact,POST STREET,POST ST,LH-STREET-XWALK-0333,Township
,FY&D,high,Directory reflects 2019 naming and does not establish the historical opening date.,Potters Bend,LH-SRC-LARMAC-STREETS-2019,PDF page 6,documented_exact,POTTERS BEND,POTTERS BEND,LH-STREET-XWALK-0334,Echo Ridge
,SUB,high,Directory reflects 2019 naming and does not establish the historical opening date.,Sutters Mill,LH-SRC-LARMAC-STREETS-2019,PDF page 6,documented_exact,QUARTZ LANE,QUARTZ LN,LH-STREET-XWALK-0335,Terramor
,SUB,high,Directory reflects 2019 naming and does not establish the historical opening date.,Briar Rose 1,LH-SRC-LARMAC-STREETS-2019,PDF page 6,documented_exact,QUEENSBERRY DRIVE,QUEENSBERRY DR,LH-STREET-XWALK-0336,Terramor
,S-2,high,Directory reflects 2019 naming and does not establish the historical opening date.,Sumners Way 1,LH-SRC-LARMAC-STREETS-2019,PDF page 6,documented_exact,RANUNCULUS STREET,RANUNCULUS ST,LH-STREET-XWALK-0337,Avendale
,SUB,high,Directory reflects 2019 naming and does not establish the historical opening date.,Branches,LH-SRC-LARMAC-STREETS-2019,PDF page 6,documented_exact,RED LEAF LANE,RED LEAF LN,LH-STREET-XWALK-0338,Terramor
,FY&D,high,Directory reflects 2019 naming and does not establish the historical opening date.,Walden Park 1,LH-SRC-LARMAC-STREETS-2019,PDF page 6,documented_exact,RED RAIL LANE,RED RAIL LN,LH-STREET-XWALK-0339,Terramor
,FY&D,high,Directory reflects 2019 naming and does not establish the historical opening date.,Tarleton 1,LH-SRC-LARMAC-STREETS-2019,PDF page 6,documented_exact,REESE CREEK,REESE CREEK,LH-STREET-XWALK-0340,Terramor
,S-2,high,Directory reflects 2019 naming and does not establish the historical opening date.,Tattershall 1,LH-SRC-LARMAC-STREETS-2019,PDF page 6,documented_exact,REGENTS PARK,REGENTS PARK,LH-STREET-XWALK-0341,Flintridge
11-42,S-2,high,Directory reflects 2019 naming and does not establish the historical opening date.,Reston 1,LH-SRC-LARMAC-STREETS-2019,PDF page 6,documented_exact,RESTON WAY (11-42),RESTON WAY,LH-STREET-XWALK-0342,Flintridge
1-9,S-2,high,Directory reflects 2019 naming and does not establish the historical opening date.,Reston 2,LH-SRC-LARMAC-STREETS-2019,PDF page 7,documented_exact,RESTON WAY (1-9),RESTON WAY,LH-STREET-XWALK-0343,Flintridge
,CH,high,Directory reflects 2019 naming and does not establish the historical opening date.,CH Custom,LH-SRC-LARMAC-STREETS-2019,PDF page 7,documented_exact,RICKIE LANE,RICKIE LN,LH-STREET-XWALK-0344,Covenant Hills
,FY&D,high,Directory reflects 2019 naming and does not establish the historical opening date.,Tarleton 2,LH-SRC-LARMAC-STREETS-2019,PDF page 7,documented_exact,RINEHART ROAD,RINEHART RD,LH-STREET-XWALK-0345,Terramor
,SUB,high,Directory reflects 2019 naming and does not establish the historical opening date.,St. Mays Road,LH-SRC-LARMAC-STREETS-2019,PDF page 7,documented_exact,ROSEMARY PLACE,ROSEMARY PL,LH-STREET-XWALK-0346,Avendale
,CH,high,Directory reflects 2019 naming and does not establish the historical opening date.,Sherborne 2,LH-SRC-LARMAC-STREETS-2019,PDF page 7,documented_exact,ROSHELLE LANE,ROSHELLE LN,LH-STREET-XWALK-0347,Covenant Hills
,S-2,high,Directory reflects 2019 naming and does not establish the historical opening date.,Sylvan Oaks,LH-SRC-LARMAC-STREETS-2019,PDF page 7,documented_exact,ROYCROFT COURT,ROYCROFT CT,LH-STREET-XWALK-0348,Township
,SUB,high,Directory reflects 2019 naming and does not establish the historical opening date.,Davenport,LH-SRC-LARMAC-STREETS-2019,PDF page 7,documented_exact,RUMFORD STREET,RUMFORD ST,LH-STREET-XWALK-0349,Wycliffe
,FY&D,high,Directory reflects 2019 naming and does not establish the historical opening date.,Arborage 1,LH-SRC-LARMAC-STREETS-2019,PDF page 7,documented_exact,RYLESTONE PLACE,RYLESTONE PL,LH-STREET-XWALK-0350,Terramor
,SUB,high,Directory reflects 2019 naming and does not establish the historical opening date.,Branches,LH-SRC-LARMAC-STREETS-2019,PDF page 7,documented_exact,SABLEWOOD CIRCLE,SABLEWOOD CIR,LH-STREET-XWALK-0351,Terramor
,,high,Directory reflects 2019 naming and does not establish the historical opening date.,Weatherhaven,LH-SRC-LARMAC-STREETS-2019,PDF page 7,documented_exact,SACHEM WAY,SACHEM WAY,LH-STREET-XWALK-0352,Avendale
,CH,high,Directory reflects 2019 naming and does not establish the historical opening date.,Castellina SUB,LH-SRC-LARMAC-STREETS-2019,PDF page 7,documented_exact,SALVATORE,SALVATORE,LH-STREET-XWALK-0353,Covenant Hills
,CH,high,Directory reflects 2019 naming and does not establish the historical opening date.,Arboledo,LH-SRC-LARMAC-STREETS-2019,PDF page 7,documented_exact,SAM STREET,SAM ST,LH-STREET-XWALK-0354,Covenant Hills
,CH,high,Directory reflects 2019 naming and does not establish the historical opening date.,CH Custom,LH-SRC-LARMAC-STREETS-2019,PDF page 7,documented_exact,SAN JOSE STREET,SAN JOSE ST,LH-STREET-XWALK-0355,Covenant Hills
,CH,high,Directory reflects 2019 naming and does not establish the historical opening date.,CH Custom,LH-SRC-LARMAC-STREETS-2019,PDF page 7,documented_exact,SAN JUAN BAUTISTA STREET,SAN JUAN BAUTISTA ST,LH-STREET-XWALK-0356,Covenant Hills
,CH,high,Directory reflects 2019 naming and does not establish the historical opening date.,San Donato,LH-SRC-LARMAC-STREETS-2019,PDF page 7,documented_exact,SAN LUIS OBISPO STREET,SAN LUIS OBISPO ST,LH-STREET-XWALK-0357,Covenant Hills
,CH,high,Directory reflects 2019 naming and does not establish the historical opening date.,Las Piedras,LH-SRC-LARMAC-STREETS-2019,PDF page 7,documented_exact,SANDALO COURT,SANDALO CT,LH-STREET-XWALK-0358,Covenant Hills
,FY&D,high,Directory reflects 2019 naming and does not establish the historical opening date.,Walden Park 2,LH-SRC-LARMAC-STREETS-2019,PDF page 7,documented_exact,SANDY POND,SANDY POND,LH-STREET-XWALK-0359,Terramor
,SUB,high,Directory reflects 2019 naming and does not establish the historical opening date.,Sansovino,LH-SRC-LARMAC-STREETS-2019,PDF page 7,documented_exact,SANSOVINO,SANSOVINO,LH-STREET-XWALK-0360,Bridgepark
,S-2,high,Directory reflects 2019 naming and does not establish the historical opening date.,Lexington 1,LH-SRC-LARMAC-STREETS-2019,PDF page 7,documented_exact,SAUVIGNON DRIVE,SAUVIGNON DR,LH-STREET-XWALK-0361,Flintridge
,SBA,high,Directory reflects 2019 naming and does not establish the historical opening date.,Savannah,LH-SRC-LARMAC-STREETS-2019,PDF page 7,documented_exact,SAVANNAH LANE,SAVANNAH LN,LH-STREET-XWALK-0362,Avendale
,S-2,high,Directory reflects 2019 naming and does not establish the historical opening date.,Belmont Hill 2,LH-SRC-LARMAC-STREETS-2019,PDF page 7,documented_exact,SAYBROOKE LANE,SAYBROOKE LN,LH-STREET-XWALK-0363,Flintridge
,S-2,high,Directory reflects 2019 naming and does not establish the historical opening date.,Willow Bend 3,LH-SRC-LARMAC-STREETS-2019,PDF page 7,documented_exact,SCARLET MAPLE DRIVE,SCARLET MAPLE DR,LH-STREET-XWALK-0364,Avendale
,S-2,high,Directory reflects 2019 naming and does not establish the historical opening date.,Willow Bend 1,LH-SRC-LARMAC-STREETS-2019,PDF page 7,documented_exact,SCOTCH PINE DRIVE,SCOTCH PINE DR,LH-STREET-XWALK-0365,Avendale
,,high,Directory reflects 2019 naming and does not establish the historical opening date.,Evergreen 2,LH-SRC-LARMAC-STREETS-2019,PDF page 7,documented_exact,SEA GRAPE ROAD,SEA GRAPE RD,LH-STREET-XWALK-0366,Terramor
1-23,FY&D,high,Directory reflects 2019 naming and does not establish the historical opening date.,The Gables 1,LH-SRC-LARMAC-STREETS-2019,PDF page 7,documented_exact,SECOND STREET (1-23),SECOND ST,LH-STREET-XWALK-0367,Township
52-96 even,SUB,high,Directory reflects 2019 naming and does not establish the historical opening date.,St. Mays Road,LH-SRC-LARMAC-STREETS-2019,PDF page 7,documented_exact,SELLAS ROAD NORTH (52-96 even),SELLAS RD NORTH,LH-STREET-XWALK-0368,Avendale
6-32 even,FY&D,high,Directory reflects 2019 naming and does not establish the historical opening date.,Astoria 1,LH-SRC-LARMAC-STREETS-2019,PDF page 7,documented_exact,SELLAS ROAD NORTH (6-32 even),SELLAS RD NORTH,LH-STREET-XWALK-0369,Avendale
152-206 even,SUB,high,Directory reflects 2019 naming and does not establish the historical opening date.,St. Mays Road,LH-SRC-LARMAC-STREETS-2019,PDF page 7,documented_exact,SELLAS ROAD SOUTH (152-206 even),SELLAS RD SOUTH,LH-STREET-XWALK-0370,Avendale
20-28 even,SUB,high,Directory reflects 2019 naming and does not establish the historical opening date.,Greenbriar,LH-SRC-LARMAC-STREETS-2019,PDF page 7,documented_exact,SELLAS ROAD SOUTH (20-28 even),SELLAS RD SOUTH,LH-STREET-XWALK-0371,Avendale
62-116 even,FY&D,high,Directory reflects 2019 naming and does not establish the historical opening date.,Astoria 2,LH-SRC-LARMAC-STREETS-2019,PDF page 7,documented_exact,SELLAS ROAD SOUTH (62-116 even),SELLAS RD SOUTH,LH-STREET-XWALK-0372,Avendale
,SUB,high,Directory reflects 2019 naming and does not establish the historical opening date.,Greenbriar,LH-SRC-LARMAC-STREETS-2019,PDF page 7,documented_exact,SHELBURNE STREET,SHELBURNE ST,LH-STREET-XWALK-0373,Avendale
,S-2,high,Directory reflects 2019 naming and does not establish the historical opening date.,Sterling Glen 1,LH-SRC-LARMAC-STREETS-2019,PDF page 7,documented_exact,SHELTON COURT,SHELTON CT,LH-STREET-XWALK-0374,Avendale
,CH,high,Directory reflects 2019 naming and does not establish the historical opening date.,Amarante 1,LH-SRC-LARMAC-STREETS-2019,PDF page 7,documented_exact,SHEPHERD COURT,SHEPHERD CT,LH-STREET-XWALK-0375,Covenant Hills
,SUB,high,Directory reflects 2019 naming and does not establish the historical opening date.,Briar Rose 1,LH-SRC-LARMAC-STREETS-2019,PDF page 7,documented_exact,SHERIDAN LANE,SHERIDAN LN,LH-STREET-XWALK-0376,Terramor
1-25,S-2,high,Directory reflects 2019 naming and does not establish the historical opening date.,Sterling Glen 2,LH-SRC-LARMAC-STREETS-2019,PDF page 7,documented_exact,SHIVELY ROAD (1-25),SHIVELY RD,LH-STREET-XWALK-0377,Avendale
31-53,S-2,high,Directory reflects 2019 naming and does not establish the historical opening date.,Willow Bend 2,LH-SRC-LARMAC-STREETS-2019,PDF page 7,documented_exact,SHIVELY ROAD (31-53),SHIVELY RD,LH-STREET-XWALK-0378,Avendale
,FY&D,high,Directory reflects 2019 naming and does not establish the historical opening date.,Front Street,LH-SRC-LARMAC-STREETS-2019,PDF page 7,documented_exact,SIENNA PARKWAY,SIENNA PKWY,LH-STREET-XWALK-0379,Avendale
121-203 odd,SUB,high,Directory reflects 2019 naming and does not establish the historical opening date.,Greenbriar,LH-SRC-LARMAC-STREETS-2019,PDF page 7,documented_exact,SKLAR STREET (121-203 odd),SKLAR ST,LH-STREET-XWALK-0380,Avendale
20-34 even,FY&D,high,Directory reflects 2019 naming and does not establish the historical opening date.,Savannah,LH-SRC-LARMAC-STREETS-2019,PDF page 7,documented_exact,SKLAR STREET (20-34 even),SKLAR ST,LH-STREET-XWALK-0381,Avendale
205-229 odd,FY&D,high,Directory reflects 2019 naming and does not establish the historical opening date.,Astoria 2,LH-SRC-LARMAC-STREETS-2019,PDF page 7,documented_exact,SKLAR STREET (205-229 odd),SKLAR ST,LH-STREET-XWALK-0382,Avendale
5-19 odd,FY&D,high,Directory reflects 2019 naming and does not establish the historical opening date.,Astoria 1,LH-SRC-LARMAC-STREETS-2019,PDF page 7,documented_exact,SKLAR STREET (5-19 odd),SKLAR ST,LH-STREET-XWALK-0383,Avendale
61-95 odd,SUB,high,Directory reflects 2019 naming and does not establish the historical opening date.,St. Mays Road,LH-SRC-LARMAC-STREETS-2019,PDF page 7,documented_exact,SKLAR STREET (61-95 odd),SKLAR ST,LH-STREET-XWALK-0384,Avendale
,CH,high,Directory reflects 2019 naming and does not establish the historical opening date.,CH Custom,LH-SRC-LARMAC-STREETS-2019,PDF page 7,documented_exact,SKY RANCH ROAD,SKY RANCH RD,LH-STREET-XWALK-0385,Covenant Hills
,,high,Directory reflects 2019 naming and does not establish the historical opening date.,Sarasota 2,LH-SRC-LARMAC-STREETS-2019,PDF page 7,documented_exact,SKYWOOD STREET,SKYWOOD ST,LH-STREET-XWALK-0386,Oak Knoll
,S-1,high,Directory reflects 2019 naming and does not establish the historical opening date.,Fairfield 2,LH-SRC-LARMAC-STREETS-2019,PDF page 7,documented_exact,SLEEPY HOLLOW LANE,SLEEPY HOLLOW LN,LH-STREET-XWALK-0387,Oak Knoll
,S-2,high,Directory reflects 2019 naming and does not establish the historical opening date.,Willow Bend 3,LH-SRC-LARMAC-STREETS-2019,PDF page 7,documented_exact,SMOKE TREE DRIVE,SMOKE TREE DR,LH-STREET-XWALK-0388,Avendale
,FY&D,high,Directory reflects 2019 naming and does not establish the historical opening date.,Savannah,LH-SRC-LARMAC-STREETS-2019,PDF page 7,documented_exact,SNAPDRAGON STREET,SNAPDRAGON ST,LH-STREET-XWALK-0389,Avendale
30-48 even,FY&D,high,Directory reflects 2019 naming and does not establish the historical opening date.,Astoria 1,LH-SRC-LARMAC-STREETS-2019,PDF page 7,documented_exact,SNAPDRAGON STREET (30-48 even),SNAPDRAGON ST,LH-STREET-XWALK-0390,Avendale
1-29,,high,Directory reflects 2019 naming and does not establish the historical opening date.,Evergreen 1,LH-SRC-LARMAC-STREETS-2019,PDF page 7,documented_exact,SNOW BUSH STREET (1-29),SNOW BUSH ST,LH-STREET-XWALK-0391,Terramor
40-49,,high,Directory reflects 2019 naming and does not establish the historical opening date.,Evergreen 2,LH-SRC-LARMAC-STREETS-2019,PDF page 7,documented_exact,SNOW BUSH STREET (40-49),SNOW BUSH ST,LH-STREET-XWALK-0392,Terramor
,,high,Directory reflects 2019 naming and does not establish the historical opening date.,Tether Moon 1,LH-SRC-LARMAC-STREETS-2019,PDF page 7,documented_exact,SOLISTICE DRIVE,SOLISTICE DR,LH-STREET-XWALK-0393,Avendale
,S-1,high,Directory reflects 2019 naming and does not establish the historical opening date.,Fairfield 2,LH-SRC-LARMAC-STREETS-2019,PDF page 7,documented_exact,SOMMERVILLE PLACE,SOMMERVILLE PL,LH-STREET-XWALK-0394,Oak Knoll
,S-2,high,Directory reflects 2019 naming and does not establish the historical opening date.,Tattershall 2,LH-SRC-LARMAC-STREETS-2019,PDF page 7,documented_exact,ST. BRIDE WAY,ST BRIDE WAY,LH-STREET-XWALK-0395,Echo Ridge
,S-2,high,Directory reflects 2019 naming and does not establish the historical opening date.,Tattershall 1,LH-SRC-LARMAC-STREETS-2019,PDF page 7,documented_exact,ST. GILES COURT,ST GILES CT,LH-STREET-XWALK-0396,Echo Ridge
,S-2,high,Directory reflects 2019 naming and does not establish the historical opening date.,Tattershall 2,LH-SRC-LARMAC-STREETS-2019,PDF page 7,documented_exact,ST. IVES WAY,ST IVES WAY,LH-STREET-XWALK-0397,Echo Ridge
,S-2,high,Directory reflects 2019 naming and does not establish the historical opening date.,Tattershall 2,LH-SRC-LARMAC-STREETS-2019,PDF page 7,documented_exact,ST. JUST AVENUE,ST JUST AVE,LH-STREET-XWALK-0398,Echo Ridge
,SUB,high,Directory reflects 2019 naming and does not establish the historical opening date.,St. Mays Road,LH-SRC-LARMAC-STREETS-2019,PDF page 7,documented_exact,ST. MAYS ROAD,ST MAYS RD,LH-STREET-XWALK-0399,Avendale
,S-2,high,Directory reflects 2019 naming and does not establish the historical opening date.,Tattershall 2,LH-SRC-LARMAC-STREETS-2019,PDF page 8,documented_exact,ST. STEVEN COURT,ST STEVEN CT,LH-STREET-XWALK-0400,Echo Ridge
,CH,high,Directory reflects 2019 naming and does not establish the historical opening date.,Skye Isle 2,LH-SRC-LARMAC-STREETS-2019,PDF page 8,documented_exact,STARLIGHT ISLE,STARLIGHT ISLE,LH-STREET-XWALK-0401,Covenant Hills
,FY&D,high,Directory reflects 2019 naming and does not establish the historical opening date.,Arborage 1,LH-SRC-LARMAC-STREETS-2019,PDF page 8,documented_exact,STAVELEY COURT,STAVELEY CT,LH-STREET-XWALK-0402,Terramor
,FY&D,high,Directory reflects 2019 naming and does not establish the historical opening date.,Arborage 2,LH-SRC-LARMAC-STREETS-2019,PDF page 8,documented_exact,STEETON LANE,STEETON LN,LH-STREET-XWALK-0403,Terramor
,CH,high,Directory reflects 2019 naming and does not establish the historical opening date.,Skye Isle 2,LH-SRC-LARMAC-STREETS-2019,PDF page 8,documented_exact,STELLAR ISLE,STELLAR ISLE,LH-STREET-XWALK-0404,Covenant Hills
,S-2,high,Directory reflects 2019 naming and does not establish the historical opening date.,Sterling Glen 1,LH-SRC-LARMAC-STREETS-2019,PDF page 8,documented_exact,STERLING GLEN,STERLING GLEN,LH-STREET-XWALK-0405,Avendale
,CH,high,Directory reflects 2019 naming and does not establish the historical opening date.,Covenant Hills,LH-SRC-LARMAC-STREETS-2019,PDF page 8,documented_exact,STOCKMEN ROAD,STOCKMEN RD,LH-STREET-XWALK-0406,Covenant Hills
,FY&D,high,Directory reflects 2019 naming and does not establish the historical opening date.,The Gables 1,LH-SRC-LARMAC-STREETS-2019,PDF page 8,documented_exact,STONE TURRET COURT,STONE TURRET CT,LH-STREET-XWALK-0407,Township
,S-2,high,Directory reflects 2019 naming and does not establish the historical opening date.,Sumners Way 2,LH-SRC-LARMAC-STREETS-2019,PDF page 8,documented_exact,STONEBRIER LANE,STONEBRIER LN,LH-STREET-XWALK-0408,Avendale
,S-2,high,Directory reflects 2019 naming and does not establish the historical opening date.,Clifton Heights 1,LH-SRC-LARMAC-STREETS-2019,PDF page 8,documented_exact,STRATHMORE,STRATHMORE,LH-STREET-XWALK-0409,Flintridge
,SUB,high,Directory reflects 2019 naming and does not establish the historical opening date.,Charleston Place,LH-SRC-LARMAC-STREETS-2019,PDF page 8,documented_exact,STRAWFLOWER STREET,STRAWFLOWER ST,LH-STREET-XWALK-0410,Avendale
,,high,Directory reflects 2019 naming and does not establish the historical opening date.,Mosaic 1,LH-SRC-LARMAC-STREETS-2019,PDF page 8,documented_exact,SUGARCANE LANE,SUGARCANE LN,LH-STREET-XWALK-0411,Terramor
,FY&D,high,Directory reflects 2019 naming and does not establish the historical opening date.,Surrey Farms 1,LH-SRC-LARMAC-STREETS-2019,PDF page 8,documented_exact,SURREY FARM WAY,SURREY FARM WAY,LH-STREET-XWALK-0412,Wycliffe
,S-2,high,Directory reflects 2019 naming and does not establish the historical opening date.,Sterling Glen 1,LH-SRC-LARMAC-STREETS-2019,PDF page 8,documented_exact,SUTHERLAND,SUTHERLAND,LH-STREET-XWALK-0413,Avendale
,,high,Directory reflects 2019 naming and does not establish the historical opening date.,Canopy Lane 1,LH-SRC-LARMAC-STREETS-2019,PDF page 8,documented_exact,SWEET PEA STREET,SWEET PEA ST,LH-STREET-XWALK-0414,Avendale
,,high,Directory reflects 2019 naming and does not establish the historical opening date.,Mosaic 1,LH-SRC-LARMAC-STREETS-2019,PDF page 8,documented_exact,TAFFETA LANE,TAFFETA LN,LH-STREET-XWALK-0415,Terramor
,S-2,high,Directory reflects 2019 naming and does not establish the historical opening date.,Tamarind 2,LH-SRC-LARMAC-STREETS-2019,PDF page 8,documented_exact,TALBOT COURT,TALBOT CT,LH-STREET-XWALK-0416,Echo Ridge
,SUB,high,Directory reflects 2019 naming and does not establish the historical opening date.,Briar Rose 2,LH-SRC-LARMAC-STREETS-2019,PDF page 8,documented_exact,TAMARACK LANE,TAMARACK LN,LH-STREET-XWALK-0417,Terramor
,,high,Directory reflects 2019 naming and does not establish the historical opening date.,Mosaic 2,LH-SRC-LARMAC-STREETS-2019,PDF page 8,documented_exact,TANGO LANE,TANGO LN,LH-STREET-XWALK-0418,Terramor
,FY&D,high,Directory reflects 2019 naming and does not establish the historical opening date.,Tarleton 1,LH-SRC-LARMAC-STREETS-2019,PDF page 8,documented_exact,TARLETON LANE,TARLETON LN,LH-STREET-XWALK-0419,Terramor
1-18,,high,Directory reflects 2019 naming and does not establish the historical opening date.,Canopy Lane 1,LH-SRC-LARMAC-STREETS-2019,PDF page 8,documented_exact,TERRASTAR LANE (1-18),TERRASTAR LN,LH-STREET-XWALK-0420,Avendale
22-37,,high,Directory reflects 2019 naming and does not establish the historical opening date.,Tether Moon 1,LH-SRC-LARMAC-STREETS-2019,PDF page 8,documented_exact,TERRASTAR LANE (22-37),TERRASTAR LN,LH-STREET-XWALK-0421,Avendale
1-15 odd,,high,Directory reflects 2019 naming and does not establish the historical opening date.,Canopy Lane 1,LH-SRC-LARMAC-STREETS-2019,PDF page 8,documented_exact,TETHER MOON LANE (1-15 odd),TETHER MOON LN,LH-STREET-XWALK-0422,Avendale
2-10 even,,high,Directory reflects 2019 naming and does not establish the historical opening date.,Tether Moon 1,LH-SRC-LARMAC-STREETS-2019,PDF page 8,documented_exact,TETHER MOON LANE (2-10 even),TETHER MOON LN,LH-STREET-XWALK-0423,Avendale
,,high,Directory reflects 2019 naming and does not establish the historical opening date.,Wyeth 1,LH-SRC-LARMAC-STREETS-2019,PDF page 8,documented_exact,THALIA STREET,THALIA ST,LH-STREET-XWALK-0424,Oak Knoll
,FY&D,high,Directory reflects 2019 naming and does not establish the historical opening date.,The Gables 2,LH-SRC-LARMAC-STREETS-2019,PDF page 8,documented_exact,THIRD STREET,THIRD ST,LH-STREET-XWALK-0425,Township
,CH,high,Directory reflects 2019 naming and does not establish the historical opening date.,CH Custom,LH-SRC-LARMAC-STREETS-2019,PDF page 8,documented_exact,THOMAS ROAD,THOMAS RD,LH-STREET-XWALK-0426,Covenant Hills
,FY&D,high,Directory reflects 2019 naming and does not establish the historical opening date.,Walden Park 1,LH-SRC-LARMAC-STREETS-2019,PDF page 8,documented_exact,THOREAU STREET,THOREAU ST,LH-STREET-XWALK-0427,Terramor
,S-1,high,Directory reflects 2019 naming and does not establish the historical opening date.,Wyeth 2,LH-SRC-LARMAC-STREETS-2019,PDF page 8,documented_exact,THORNHILL STREET,THORNHILL ST,LH-STREET-XWALK-0428,Oak Knoll
,FY&D,high,Directory reflects 2019 naming and does not establish the historical opening date.,Tarleton 2,LH-SRC-LARMAC-STREETS-2019,PDF page 8,documented_exact,THORP SPRING,THORP SPRING,LH-STREET-XWALK-0429,Terramor
,SUB,high,Directory reflects 2019 naming and does not establish the historical opening date.,Three Vines,LH-SRC-LARMAC-STREETS-2019,PDF page 8,documented_exact,THREE VINES COURT,THREE VINES CT,LH-STREET-XWALK-0430,Township
,S-2,high,Directory reflects 2019 naming and does not establish the historical opening date.,Reston 4,LH-SRC-LARMAC-STREETS-2019,PDF page 8,documented_exact,TISBURY WAY,TISBURY WAY,LH-STREET-XWALK-0431,Flintridge
,SUB,high,Directory reflects 2019 naming and does not establish the historical opening date.,Greenbriar,LH-SRC-LARMAC-STREETS-2019,PDF page 8,documented_exact,TORIBETH STREET,TORIBETH ST,LH-STREET-XWALK-0432,Avendale
,CH,high,Directory reflects 2019 naming and does not establish the historical opening date.,Meriden 2,LH-SRC-LARMAC-STREETS-2019,PDF page 8,documented_exact,TRANQUILITY PLACE,TRANQUILITY PL,LH-STREET-XWALK-0433,Covenant Hills
,FY&D,high,Directory reflects 2019 naming and does not establish the historical opening date.,Walden Park 1,LH-SRC-LARMAC-STREETS-2019,PDF page 8,documented_exact,TRAPELO WAY,TRAPELO WAY,LH-STREET-XWALK-0434,Terramor
,SUB,high,Directory reflects 2019 naming and does not establish the historical opening date.,Valmont,LH-SRC-LARMAC-STREETS-2019,PDF page 8,documented_exact,TRIAD LANE,TRIAD LN,LH-STREET-XWALK-0435,Terramor
,SUB,high,Directory reflects 2019 naming and does not establish the historical opening date.,Charleston Place,LH-SRC-LARMAC-STREETS-2019,PDF page 8,documented_exact,TRISTIANA STREET,TRISTIANA ST,LH-STREET-XWALK-0436,Avendale
1-23,FY&D,high,Directory reflects 2019 naming and does not establish the historical opening date.,Astoria 1,LH-SRC-LARMAC-STREETS-2019,PDF page 8,documented_exact,TRUMPET VINE ST (1-23 ),TRUMPET VINE ST,LH-STREET-XWALK-0437,Avendale
41-86,SUB,high,Directory reflects 2019 naming and does not establish the historical opening date.,St. Mays Road,LH-SRC-LARMAC-STREETS-2019,PDF page 8,documented_exact,TRUMPET VINE ST (41-86),TRUMPET VINE ST,LH-STREET-XWALK-0438,Avendale
"28, 42,46, 50",,high,Directory reflects 2019 naming and does not establish the historical opening date.,Canopy Lane 3,LH-SRC-LARMAC-STREETS-2019,PDF page 8,documented_exact,"TUBEROSE STREET (28, 42,46, 50)",TUBEROSE ST,LH-STREET-XWALK-0439,Avendale
12-36 even,SUB,high,Directory reflects 2019 naming and does not establish the historical opening date.,St. Mays Road,LH-SRC-LARMAC-STREETS-2019,PDF page 8,documented_exact,TUBEROSE STREET (12-36 even),TUBEROSE ST,LH-STREET-XWALK-0440,Avendale
"42,46,50,63",,high,Directory reflects 2019 naming and does not establish the historical opening date.,Canopy Lane 3,LH-SRC-LARMAC-STREETS-2019,PDF page 8,documented_exact,"TUBEROSE STREET (42,46,50,63)",TUBEROSE ST,LH-STREET-XWALK-0441,Avendale
52-68 even,,high,Directory reflects 2019 naming and does not establish the historical opening date.,Weatherhaven,LH-SRC-LARMAC-STREETS-2019,PDF page 8,documented_exact,TUBEROSE STREET (52-68 even),TUBEROSE ST,LH-STREET-XWALK-0442,Avendale
,S-2,high,Directory reflects 2019 naming and does not establish the historical opening date.,Tattershall 1,LH-SRC-LARMAC-STREETS-2019,PDF page 8,documented_exact,TUDOR WAY,TUDOR WAY,LH-STREET-XWALK-0443,Flintridge
,CH,high,Directory reflects 2019 naming and does not establish the historical opening date.,Castellina SUB,LH-SRC-LARMAC-STREETS-2019,PDF page 8,documented_exact,TUSCANY,TUSCANY,LH-STREET-XWALK-0444,Covenant Hills
15-25 odd,FY&D,high,Directory reflects 2019 naming and does not establish the historical opening date.,Claiborne 2,LH-SRC-LARMAC-STREETS-2019,PDF page 8,documented_exact,TWINFLOWER (15-25 odd),TWINFLOWER,LH-STREET-XWALK-0445,Terramor
5-11 odd,FY&D,high,Directory reflects 2019 naming and does not establish the historical opening date.,Walden Park 2,LH-SRC-LARMAC-STREETS-2019,PDF page 8,documented_exact,TWINFLOWER (5-11 odd),TWINFLOWER,LH-STREET-XWALK-0446,Terramor
,SUB,high,Directory reflects 2019 naming and does not establish the historical opening date.,Aldenhouse,LH-SRC-LARMAC-STREETS-2019,PDF page 8,documented_exact,UNION STREET,UNION ST,LH-STREET-XWALK-0447,Township
1-22,,high,Directory reflects 2019 naming and does not establish the historical opening date.,Chesapeake 1,LH-SRC-LARMAC-STREETS-2019,PDF page 8,documented_exact,UNIVERSITY AVE (1-22),UNIVERSITY AVE,LH-STREET-XWALK-0448,Wycliffe
52-58,,high,Directory reflects 2019 naming and does not establish the historical opening date.,Chesapeake 2,LH-SRC-LARMAC-STREETS-2019,PDF page 8,documented_exact,UNIVERSITY AVE (52-58),UNIVERSITY AVE,LH-STREET-XWALK-0449,Wycliffe
,SUB,high,Directory reflects 2019 naming and does not establish the historical opening date.,Valmont,LH-SRC-LARMAC-STREETS-2019,PDF page 8,documented_exact,VALMONT WAY,VALMONT WAY,LH-STREET-XWALK-0450,Terramor
,FY&D,high,Directory reflects 2019 naming and does not establish the historical opening date.,Tarleton 2,LH-SRC-LARMAC-STREETS-2019,PDF page 8,documented_exact,VANSTONE COURT,VANSTONE CT,LH-STREET-XWALK-0451,Terramor
,CH,high,Directory reflects 2019 naming and does not establish the historical opening date.,Covenant Hills,LH-SRC-LARMAC-STREETS-2019,PDF page 8,documented_exact,VAQUERO ROAD,VAQUERO RD,LH-STREET-XWALK-0452,Covenant Hills
,SUB,high,Directory reflects 2019 naming and does not establish the historical opening date.,Sansovino,LH-SRC-LARMAC-STREETS-2019,PDF page 8,documented_exact,VECCHIO,VECCHIO,LH-STREET-XWALK-0453,Bridgepark
,SUB,high,Directory reflects 2019 naming and does not establish the historical opening date.,Berkshire,LH-SRC-LARMAC-STREETS-2019,PDF page 8,documented_exact,VIBURNUM WAY,VIBURNUM WAY,LH-STREET-XWALK-0454,Avendale
,SUB,high,Directory reflects 2019 naming and does not establish the historical opening date.,Berkshire,LH-SRC-LARMAC-STREETS-2019,PDF page 8,documented_exact,VINCA COURT,VINCA CT,LH-STREET-XWALK-0455,Avendale
,S-1,high,Directory reflects 2019 naming and does not establish the historical opening date.,Fairfield 2,LH-SRC-LARMAC-STREETS-2019,PDF page 8,documented_exact,VINEWOOD LANE,VINEWOOD LN,LH-STREET-XWALK-0456,Oak Knoll
,S-2,high,Directory reflects 2019 naming and does not establish the historical opening date.,Lexington 1,LH-SRC-LARMAC-STREETS-2019,PDF page 9,documented_exact,VINEYARD DRIVE,VINEYARD DR,LH-STREET-XWALK-0457,Flintridge
,SUB,high,Directory reflects 2019 naming and does not establish the historical opening date.,Atherton Glen,LH-SRC-LARMAC-STREETS-2019,PDF page 9,documented_exact,WALBERT LANE,WALBERT LN,LH-STREET-XWALK-0458,Echo Ridge
,,high,Directory reflects 2019 naming and does not establish the historical opening date.,Sarasota 1,LH-SRC-LARMAC-STREETS-2019,PDF page 9,documented_exact,WALDEN STREET,WALDEN ST,LH-STREET-XWALK-0459,Oak Knoll
,CH,high,Directory reflects 2019 naming and does not establish the historical opening date.,Amarante 2,LH-SRC-LARMAC-STREETS-2019,PDF page 9,documented_exact,WALTHAM ROAD,WALTHAM RD,LH-STREET-XWALK-0460,Covenant Hills
,S-1,high,Directory reflects 2019 naming and does not establish the historical opening date.,Fairfield 1,LH-SRC-LARMAC-STREETS-2019,PDF page 9,documented_exact,WAVERLY PLACE,WAVERLY PL,LH-STREET-XWALK-0461,Oak Knoll
,,high,Directory reflects 2019 naming and does not establish the historical opening date.,Amberly Lane 1,LH-SRC-LARMAC-STREETS-2019,PDF page 9,documented_exact,WEDGEWOOD LANE,WEDGEWOOD LN,LH-STREET-XWALK-0462,Oak Knoll
,S-2,high,Directory reflects 2019 naming and does not establish the historical opening date.,Hampton Road 2,LH-SRC-LARMAC-STREETS-2019,PDF page 9,documented_exact,WEGEFORD CIRCLE,WEGEFORD CIR,LH-STREET-XWALK-0463,Flintridge
,S-2,high,Directory reflects 2019 naming and does not establish the historical opening date.,Belmont Hill 1,LH-SRC-LARMAC-STREETS-2019,PDF page 9,documented_exact,WELBE CIRCLE,WELBE CIR,LH-STREET-XWALK-0464,Flintridge
,S-2,high,Directory reflects 2019 naming and does not establish the historical opening date.,Belmont Hill 2,LH-SRC-LARMAC-STREETS-2019,PDF page 9,documented_exact,WELDON HEIGHTS,WELDON HTS,LH-STREET-XWALK-0465,Flintridge
,FY&D,high,Directory reflects 2019 naming and does not establish the historical opening date.,Westcott 1,LH-SRC-LARMAC-STREETS-2019,PDF page 9,documented_exact,WESTCOTT LANE,WESTCOTT LN,LH-STREET-XWALK-0466,Bridgepark
,S-2,high,Directory reflects 2019 naming and does not establish the historical opening date.,Clifton Heights 1,LH-SRC-LARMAC-STREETS-2019,PDF page 9,documented_exact,WESTFORD,WESTFORD,LH-STREET-XWALK-0467,Flintridge
,FY&D,high,Directory reflects 2019 naming and does not establish the historical opening date.,Surrey Farms 2,LH-SRC-LARMAC-STREETS-2019,PDF page 9,documented_exact,WHEATSTONE FARM,WHEATSTONE FARM,LH-STREET-XWALK-0468,Wycliffe
,S-2,high,Directory reflects 2019 naming and does not establish the historical opening date.,Sylvan Oaks,LH-SRC-LARMAC-STREETS-2019,PDF page 9,documented_exact,WHIDBEY DRIVE,WHIDBEY DR,LH-STREET-XWALK-0469,Echo Ridge
,,high,Directory reflects 2019 naming and does not establish the historical opening date.,Whispering Creek 1,LH-SRC-LARMAC-STREETS-2019,PDF page 9,documented_exact,WHISPER CIRCLE,WHISPER CIR,LH-STREET-XWALK-0470,Oak Knoll
,SUB,high,Directory reflects 2019 naming and does not establish the historical opening date.,Greenbriar,LH-SRC-LARMAC-STREETS-2019,PDF page 9,documented_exact,WHITWORTH STREET,WHITWORTH ST,LH-STREET-XWALK-0471,Avendale
,S-2,high,Directory reflects 2019 naming and does not establish the historical opening date.,Belmont Hill 2,LH-SRC-LARMAC-STREETS-2019,PDF page 9,documented_exact,WICKFORD LANE,WICKFORD LN,LH-STREET-XWALK-0472,Flintridge
,SUB,high,Directory reflects 2019 naming and does not establish the historical opening date.,Charleston Place,LH-SRC-LARMAC-STREETS-2019,PDF page 9,documented_exact,WILDFLOWER PLACE,WILDFLOWER PL,LH-STREET-XWALK-0473,Avendale
,FY&D,high,Directory reflects 2019 naming and does not establish the historical opening date.,The Gables 2,LH-SRC-LARMAC-STREETS-2019,PDF page 9,documented_exact,WINDMILL AVENUE,WINDMILL AVE,LH-STREET-XWALK-0474,Township
,,high,Directory reflects 2019 naming and does not establish the historical opening date.,Amberly Lane 1,LH-SRC-LARMAC-STREETS-2019,PDF page 9,documented_exact,WINFIELD DRIVE,WINFIELD DR,LH-STREET-XWALK-0475,Oak Knoll
,,high,Directory reflects 2019 naming and does not establish the historical opening date.,Wyeth 1,LH-SRC-LARMAC-STREETS-2019,PDF page 9,documented_exact,WINSLOW STREET,WINSLOW ST,LH-STREET-XWALK-0476,Oak Knoll
,SUB,high,Directory reflects 2019 naming and does not establish the historical opening date.,Greenbriar,LH-SRC-LARMAC-STREETS-2019,PDF page 9,documented_exact,WINTERSET STREET,WINTERSET ST,LH-STREET-XWALK-0477,Avendale
,FY&D,high,Directory reflects 2019 naming and does not establish the historical opening date.,Potters Bend,LH-SRC-LARMAC-STREETS-2019,PDF page 9,documented_exact,WISHING WELL,WISHING WELL,LH-STREET-XWALK-0478,Echo Ridge
,FY&D,high,Directory reflects 2019 naming and does not establish the historical opening date.,Surrey Farms 1,LH-SRC-LARMAC-STREETS-2019,PDF page 9,documented_exact,WOOD BARN ROAD,WOOD BARN RD,LH-STREET-XWALK-0479,Wycliffe
,FY&D,high,Directory reflects 2019 naming and does not establish the historical opening date.,Surrey Farms 2,LH-SRC-LARMAC-STREETS-2019,PDF page 9,documented_exact,WOODBRIAR LANE,WOODBRIAR LN,LH-STREET-XWALK-0480,Wycliffe
,,high,Directory reflects 2019 naming and does not establish the historical opening date.,Wyeth 1,LH-SRC-LARMAC-STREETS-2019,PDF page 9,documented_exact,WYETH STREET,WYETH ST,LH-STREET-XWALK-0481,Oak Knoll
,S-1,high,Directory reflects 2019 naming and does not establish the historical opening date.,Wyeth 2,LH-SRC-LARMAC-STREETS-2019,PDF page 9,documented_exact,WYNDHAM STREET,WYNDHAM ST,LH-STREET-XWALK-0482,Oak Knoll
21-55,SUB,high,Directory reflects 2019 naming and does not establish the historical opening date.,Greenbriar,LH-SRC-LARMAC-STREETS-2019,PDF page 9,documented_exact,ZINNIA STREET (21-55),ZINNIA ST,LH-STREET-XWALK-0483,Avendale
81-95,FY&D,high,Directory reflects 2019 naming and does not establish the historical opening date.,Front Street,LH-SRC-LARMAC-STREETS-2019,PDF page 9,documented_exact,ZINNIA STREET (81-95),ZINNIA ST,LH-STREET-XWALK-0484,Avendale
