{"type":"FeatureCollection","features":[{"type":"Feature","id":2257,"geometry":{"type":"LineString","coordinates":[[-117.64884868808812,33.563171567955507],[-117.64908793998536,33.563131372068618],[-117.64932817468744,33.563097542088251],[-117.64956922284377,33.563070101862436],[-117.64981091453028,33.563049070734841],[-117.65005307936929,33.563034463531103],[-117.65069043187722,33.563016723290126],[-117.65449142267066,33.562910864518543]]},"properties":{"BASE_THIK":null,"BASE_TYPE":"NS","BIKELANETYPE":"II","DIST":"5","SHLTYPE":"CG","FEDCLS":"OPA","Inactive":"N","KEYNUM":"68581","LANES":"6","YEARMAIN":1561852800000,"LIMITS":"144' E/JARDINES TO 156' W/CECIL PASTURE RD.","LASTTYPEMNT":"OL","MEDIANTYPE":"PNT","GIS_MILES":0.330000013,"MPAHCLS":"M","OBJECTID":2257,"PAVE_THIK":1.2,"PAVE_TYPE":"AC","PAVE_W":"V","PAVE_WFT":116,"ROADNAME":"CROWN VALLEY PARKWAY","SERVICE_AREA":"NORTH LADERA RANCH","TRACTNO":"RES. NO.01-105","STATECLS":"A","STATUS":"M","THMSCOR":"E6","THMSPGE":"922","TRACT_ACCEPT_DATE":986256000000,"Property_ID":"A1491","Current_OM_Inspector":"Nick Nelson","Day_Swept":"1/3 Wed.","Time_Swept":"12pm - 4pm","Road_Closed":"0","Charge_Number":"ER19500","STREETLIGHT_INSEPCT_STATUS":"Complete","SECONDARY_ISLAND_INFO":null,"LAFCO_ISLAND_NUMBER":null}},{"type":"Feature","id":1914,"geometry":{"type":"LineString","coordinates":[[-117.63163052555785,33.579993251121046],[-117.63317641777194,33.575290327462305],[-117.63322398490658,33.575136114290117],[-117.63326564272715,33.57498020097843],[-117.63330133075593,33.574822813878022],[-117.633330997182,33.574664181479257],[-117.63335459893645,33.574504534080397],[-117.6333704478149,33.574325957140097],[-117.63337915072358,33.574146889639032],[-117.63338069377031,33.57396761741709],[-117.63337507449197,33.57378842664091],[-117.63336230185843,33.573609603347158],[-117.63334239625824,33.573431432985885],[-117.63331538946612,33.573254199964879],[-117.63328132459213,33.573078187195691],[-117.63324025601301,33.572903675642024],[-117.63319224928523,33.572730943871228],[-117.63313738104043,33.572560267609639],[-117.63307573886308,33.572391919302468],[-117.63300742115068,33.572226167678863],[-117.63293253695664,33.572063277322982],[-117.63285120581631,33.571903508251609],[-117.632763557556,33.57174711549915],[-117.63266973208594,33.571594348710477],[-117.63256987917678,33.571445451742449],[-117.63246415822061,33.571300662274659],[-117.63235273797652,33.571160211430019],[-117.63223579630113,33.571024323405837],[-117.63211351986483,33.570893215115937],[-117.63198610385366,33.570767095844396],[-117.63185375165786,33.570646166911466],[-117.63171667454708,33.570530621352241],[-117.6308014773023,33.569742276048949],[-117.63065163692646,33.569611441601914],[-117.6305065018235,33.569475406339357],[-117.63036625240674,33.56933433936284],[-117.63023106301621,33.569188416028673],[-117.63010110170198,33.569037817729985],[-117.62997653001523,33.568882731671216],[-117.62985750280747,33.568723350635402],[-117.629744168038,33.568559872744551],[-117.62963666659006,33.568392501213353],[-117.6295351320956,33.568221444096579],[-117.62943969076925,33.568046914030433],[-117.62935046125139,33.567869127968237],[-117.6292675544607,33.567688306910775],[-117.62919107345623,33.567504675631525],[-117.62912111330931,33.567318462397274],[-117.62906660726154,33.567151570729557],[-117.62901813395193,33.566982828096378],[-117.62897575600131,33.566812452489856],[-117.62893952815611,33.566640664011693],[-117.62890949721769,33.566467684588829],[-117.62888570198187,33.566293737686728],[-117.62886817318881,33.566119048020724],[-117.62885693348326,33.565943841265671],[-117.62885199738538,33.565768343764447],[-117.62885337127194,33.565592782235541],[-117.62886105336804,33.565417383480138],[-117.62887603706419,33.56523536016379],[-117.62889776701884,33.5650540184755],[-117.62892621328118,33.564873608362134],[-117.62896133664314,33.564694378486593],[-117.62900308869349,33.564516575884994],[-117.62905141188455,33.564340445626236],[-117.62910623961147,33.564166230474186],[-117.62978357361231,33.562138340321852],[-117.63050005457461,33.559994459910904],[-117.63060419740012,33.559682801835876],[-117.63066191456959,33.559501021501511],[-117.63071322821138,33.559317330805563],[-117.63075807533248,33.559131955247999],[-117.63079640087825,33.558945122397155],[-117.63082815780002,33.558757061610351],[-117.63085330711273,33.55856800375232],[-117.63087181794293,33.558378180911809],[-117.63088366756658,33.558187826116672],[-117.63088884143701,33.557997173047781],[-117.63088733320274,33.557806455752178],[-117.63087914471528,33.55761590835575],[-117.63086428602689,33.557425764775807],[-117.63084277537818,33.557236258433946],[-117.6308146391758,33.557047621969474],[-117.63077991195992,33.55686008695384],[-117.63073863636193,33.556673883606329],[-117.6305528960293,33.555897889871595],[-117.63003692668063,33.553742204323875],[-117.62968742906274,33.552282211445373],[-117.62964947712879,33.552111833587475],[-117.62961696817119,33.55194033393316],[-117.62958993514219,33.551767886320548],[-117.62956840544342,33.551594665548627],[-117.62955230841396,33.551418801615434],[-117.62954194741417,33.551242506728848],[-117.62953733343639,33.551065967926981],[-117.62950775840679,33.548039513476198],[-117.62950667428144,33.547961979198277],[-117.62949879252153,33.547716690758847],[-117.6294844612776,33.547471694521924],[-117.62946369046759,33.547227160037423],[-117.62943649446596,33.546983256535697],[-117.62940289209375,33.546740152810429],[-117.62936290660551,33.546498017101811],[-117.62931656567322,33.546257016980121],[-117.62926390136721,33.546017319229762],[-117.62920495013384,33.545779089733806],[-117.62913975277039,33.545542493359243],[-117.62906835439675,33.545307693842844],[-117.62899607266115,33.545089945868774],[-117.62891881506877,33.544873913246406],[-117.62883662227698,33.544659709664529],[-117.62874953754036,33.544447447849407],[-117.62865760668791,33.544237239505421],[-117.62856087809895,33.544029195256307],[-117.62681022907748,33.540382634418776],[-117.62432160971838,33.535198266234865],[-117.6242271332772,33.535012101356408],[-117.62412666764966,33.534829099122568],[-117.62402031857904,33.534649452149075],[-117.62390819800115,33.534473349520127],[-117.62379042392651,33.5343009765894],[-117.6236671203161,33.534132514784922],[-117.62353841695092,33.533968141418157],[-117.62340444929541,33.533808029497351],[-117.62326535835481,33.533652347545434],[-117.62312129052683,33.53350125942265],[-117.62297239744744,33.533354924154111],[-117.62281883583141,33.533213495762375],[-117.6207765235249,33.531370347093194],[-117.62062064551664,33.531227334510433],[-117.62046963598246,33.531079190415468],[-117.62032366376228,33.530926080444452],[-117.62018289206397,33.530768175785752],[-117.62004747828075,33.530605652988577],[-117.61991757381536,33.530438693765532],[-117.61979332391068,33.530267484789498],[-117.6196748674874,33.530092217484878],[-117.61956233698862,33.529913087813604],[-117.61945585823183,33.529730296056023],[-117.61935555026824,33.529544046586956],[-117.61926152524964,33.529354547647216],[-117.61917388830302,33.529162011110749],[-117.61909273741301,33.528966652247789],[-117.61902725306243,33.528789737901029],[-117.6189679046327,33.528610671851339],[-117.6189147626333,33.528429666839912],[-117.61886789020012,33.528246937911526],[-117.61882734302043,33.528062702159076],[-117.61879316926667,33.527877178465666],[-117.61876540953934,33.527690587244543],[-117.61874409681862,33.527503150177246],[-117.61872925642533,33.527315089950221],[-117.61872090599071,33.527126629990271],[-117.61871905543562,33.526937994199109],[-117.61872370695859,33.526749406687337],[-117.61873485503337,33.526561091508206],[-117.61875248641535,33.526373272391417],[-117.61877648275207,33.52618908354701],[-117.61880661497469,33.526005798512877],[-117.61884284948844,33.525823621635659],[-117.61888514589504,33.525642756026521],[-117.61893345703771,33.525463403334676],[-117.61898772905379,33.525285763522554],[-117.61904790143477,33.525110034642893],[-117.61911390709375,33.524936412617905],[-117.6196266357144,33.523645442285094],[-117.6196956329272,33.523464657415559],[-117.61975819423965,33.523281545792194],[-117.61981424140018,33.523096336450578],[-117.61986370430515,33.52290926105011],[-117.61990652108648,33.522720553584271],[-117.61994263818902,33.522530450087906],[-117.61997201043759,33.522339188342016],[-117.61999460109347,33.522147007576343],[-117.6200103819003,33.521954148170138],[-117.6200193331195,33.52176085135148],[-117.62002144355489,33.521567358895581],[-117.62001671056676,33.521373912822348],[-117.62000514007511,33.521180755093667],[-117.61998674655227,33.520988127310765],[-117.61988722440611,33.520114665463133]]},"properties":{"BASE_THIK":null,"BASE_TYPE":"NS","BIKELANETYPE":"II","DIST":"5","SHLTYPE":"B","FEDCLS":"OPA","Inactive":"N","KEYNUM":"17403","LANES":"4","YEARMAIN":1687392000000,"LIMITS":"0.08 SW/ DEERPATH TO ORTEGA HIGHWAY","LASTTYPEMNT":"OL","MEDIANTYPE":"PLNT","GIS_MILES":4.4000001,"MPAHCLS":"M","OBJECTID":1914,"PAVE_THIK":1.1000000000000001,"PAVE_TYPE":"AC","PAVE_W":"V","PAVE_WFT":68,"ROADNAME":"ANTONIO PARKWAY","SERVICE_AREA":"LADERA RANCH","TRACTNO":"ROS 98-1014","STATECLS":"A","STATUS":"M","THMSCOR":"F5","THMSPGE":"922","TRACT_ACCEPT_DATE":922147200000,"Property_ID":"A0840","Current_OM_Inspector":"Nick Nelson","Day_Swept":"2/4 Thurs.","Time_Swept":"9pm - 8am","Road_Closed":"0","Charge_Number":"ER19500","STREETLIGHT_INSEPCT_STATUS":"Complete","SECONDARY_ISLAND_INFO":null,"LAFCO_ISLAND_NUMBER":null}},{"type":"Feature","id":1937,"geometry":{"type":"LineString","coordinates":[[-117.63850752982086,33.572220294347048],[-117.63890726971023,33.572337390235305]]},"properties":{"BASE_THIK":null,"BASE_TYPE":"","BIKELANETYPE":"0","DIST":"5","SHLTYPE":"CG","FEDCLS":"LOC","Inactive":"N","KEYNUM":"19395","LANES":"2","YEARMAIN":1502928000000,"LIMITS":"BENJAMIN DR. TO 129'  NORTHWESTERLY","LASTTYPEMNT":"OL","MEDIANTYPE":"PLNT","GIS_MILES":0.0199999996,"MPAHCLS":"L","OBJECTID":1937,"PAVE_THIK":null,"PAVE_TYPE":"","PAVE_W":"","PAVE_WFT":40.5,"ROADNAME":"ARTISAN STREET","SERVICE_AREA":"NORTH LADERA RANCH","TRACTNO":"TR 15615","STATECLS":"M","STATUS":"M","THMSCOR":"E5","THMSPGE":"922","TRACT_ACCEPT_DATE":995932800000,"Property_ID":"A0929","Current_OM_Inspector":"Nick Nelson","Day_Swept":"1/3 Tues.","Time_Swept":"8am - 12pm","Road_Closed":"0","Charge_Number":"ER19500","STREETLIGHT_INSEPCT_STATUS":"Complete","SECONDARY_ISLAND_INFO":null,"LAFCO_ISLAND_NUMBER":null}},{"type":"Feature","id":1981,"geometry":{"type":"LineString","coordinates":[[-117.63353836568723,33.574563918994265],[-117.63477604940219,33.5749638704145],[-117.63493397637258,33.575014901313388],[-117.63504725946031,33.575050421719119],[-117.63516246706956,33.575079091632929],[-117.63527918533657,33.575100808063013],[-117.63539699497076,33.575115492996794],[-117.63551547276103,33.575123093681135],[-117.63563419309602,33.575123582811869],[-117.63575272949308,33.575116958631867],[-117.63587065613034,33.575103244937381],[-117.63598754937634,33.575082490992536],[-117.63610298931196,33.575054771352342],[-117.63621656123883,33.575020185594909],[-117.63632785716906,33.574978857963693],[-117.63643647729093,33.574930936921206],[-117.6365420314051,33.574876594615652],[-117.6366441403263,33.574816026262539],[-117.63674243724559,33.574749449443395],[-117.63683656904796,33.574677103324134],[-117.63692619758089,33.574599247795923],[-117.63701100086909,33.574516162541528],[-117.63709067427115,33.574428146030613],[-117.63716493157389,33.574335514447561],[-117.63735119752153,33.574053159567988],[-117.63828276221645,33.572640967614113],[-117.63834610926268,33.572539763652379],[-117.63840476621115,33.572435771092373],[-117.63845861055044,33.572329207133812],[-117.63850752982086,33.572220294347048],[-117.63855102056066,33.572109583083844],[-117.63858881311053,33.571996799435098],[-117.63862080926796,33.571882236464816],[-117.63864692589217,33.571766191860512],[-117.63866709512011,33.571648967159639],[-117.6386812645428,33.571530866966121],[-117.63868939734155,33.571412198158782],[-117.63869147238357,33.571293269093999],[-117.63868748427697,33.571174388804401],[-117.63867744338468,33.571055866195877],[-117.63863912495157,33.570713987106032]]},"properties":{"BASE_THIK":"0.7","BASE_TYPE":"LT","BIKELANETYPE":"II","DIST":"5","SHLTYPE":"CG","FEDCLS":"LOC","Inactive":"N","KEYNUM":"28038","LANES":"2","YEARMAIN":1502928000000,"LIMITS":"60' W/ ANTONIO PKWY. TO SIENNA PKWY.","LASTTYPEMNT":"OL","MEDIANTYPE":"PLNT","GIS_MILES":0.50999999,"MPAHCLS":"L","OBJECTID":1981,"PAVE_THIK":0.34999999999999998,"PAVE_TYPE":"AC","PAVE_W":"V","PAVE_WFT":50.5,"ROADNAME":"BENJAMIN DRIVE","SERVICE_AREA":"NORTH LADERA RANCH","TRACTNO":"TR 15615","STATECLS":"M","STATUS":"M","THMSCOR":"F5","THMSPGE":"922","TRACT_ACCEPT_DATE":995932800000,"Property_ID":"A1287","Current_OM_Inspector":"Nick Nelson","Day_Swept":"1/3 Tues.","Time_Swept":"8am - 12pm","Road_Closed":"0","Charge_Number":"ER19500","STREETLIGHT_INSEPCT_STATUS":"Complete","SECONDARY_ISLAND_INFO":null,"LAFCO_ISLAND_NUMBER":null}},{"type":"Feature","id":2003,"geometry":{"type":"LineString","coordinates":[[-117.63219858569222,33.568405354735035],[-117.63175301664117,33.568804518155908],[-117.63171628665364,33.568837470939378],[-117.63168182585457,33.568872789932151]]},"properties":{"BASE_THIK":null,"BASE_TYPE":"NS","BIKELANETYPE":"0","DIST":"5","SHLTYPE":"CG","FEDCLS":"LOC","Inactive":"N","KEYNUM":"30549","LANES":"2","YEARMAIN":1502928000000,"LIMITS":"SIENNA PKWY. TO 241' NORTHERLY","LASTTYPEMNT":"SS","MEDIANTYPE":"PLNT","GIS_MILES":0.0399999991,"MPAHCLS":"L","OBJECTID":2003,"PAVE_THIK":0.5,"PAVE_TYPE":"AC","PAVE_W":"","PAVE_WFT":40.600000000000001,"ROADNAME":"BLAKEMORE DRIVE","SERVICE_AREA":"NORTH LADERA RANCH","TRACTNO":"TR 15615","STATECLS":"M","STATUS":"M","THMSCOR":"F5","THMSPGE":"922","TRACT_ACCEPT_DATE":995932800000,"Property_ID":"A1306","Current_OM_Inspector":"Nick Nelson","Day_Swept":"1/3 Tues.","Time_Swept":"8am - 12pm","Road_Closed":"0","Charge_Number":"ER19500","STREETLIGHT_INSEPCT_STATUS":"Complete","SECONDARY_ISLAND_INFO":null,"LAFCO_ISLAND_NUMBER":null}},{"type":"Feature","id":2153,"geometry":{"type":"LineString","coordinates":[[-117.63716483925886,33.573960887794975],[-117.63721391985624,33.573988699853651],[-117.63735119752153,33.574053159567988]]},"properties":{"BASE_THIK":null,"BASE_TYPE":"","BIKELANETYPE":"0","DIST":"5","SHLTYPE":"CG","FEDCLS":"LOC","Inactive":"N","KEYNUM":"57402","LANES":"2","YEARMAIN":1467158400000,"LIMITS":"BENJAMIN DR. TO 66' EASTERLY","LASTTYPEMNT":"SS","MEDIANTYPE":"0","GIS_MILES":0.00999999978,"MPAHCLS":"L","OBJECTID":2153,"PAVE_THIK":null,"PAVE_TYPE":"","PAVE_W":"","PAVE_WFT":40.5,"ROADNAME":"CHANTILLY LANE","SERVICE_AREA":"NORTH LADERA RANCH","TRACTNO":"TR 15615","STATECLS":"M","STATUS":"M","THMSCOR":"F5","THMSPGE":"922","TRACT_ACCEPT_DATE":995932800000,"Property_ID":"A1415","Current_OM_Inspector":"Nick Nelson","Day_Swept":"1/3 Tues.","Time_Swept":"8am - 12pm","Road_Closed":"0","Charge_Number":"ER19500","STREETLIGHT_INSEPCT_STATUS":"Complete","SECONDARY_ISLAND_INFO":null,"LAFCO_ISLAND_NUMBER":null}},{"type":"Feature","id":2258,"geometry":{"type":"LineString","coordinates":[[-117.64786521220309,33.563408663328843],[-117.64764952810785,33.563476983775431],[-117.64743637892641,33.563550672136031],[-117.64722595633707,33.563629660447745],[-117.64701844660712,33.563713879005888],[-117.6468140380734,33.563803252673587],[-117.64661291038797,33.563897701903684],[-117.64641524527303,33.563997141716627],[-117.64622121901101,33.564101483587663],[-117.64603100457013,33.564210633619993],[-117.6458563054389,33.564317234352167],[-117.64566195853135,33.564435423777674],[-117.64546330911675,33.564548490695664],[-117.64526055257298,33.564656325593766],[-117.64505388327659,33.564758823480268],[-117.64484350215548,33.564855884701373],[-117.64462961240974,33.564947416792435],[-117.64441242265598,33.565033329032801],[-117.64419214381178,33.565113539694124],[-117.64396898791756,33.565187969742205],[-117.64378070106177,33.565245610666267],[-117.64359068842555,33.565299136275073],[-117.64335719584584,33.565358671021528],[-117.64313080684269,33.565416336872843],[-117.64290663385665,33.565479782729284],[-117.64268488917232,33.565548949420446],[-117.64246577959123,33.565623771526901],[-117.64224951183104,33.565704178220962],[-117.64203628718406,33.565790096031819],[-117.64182630786405,33.565881441560705],[-117.64161977070317,33.565978131470203],[-117.64037411850043,33.56658254083127],[-117.64015196212102,33.566686277252494],[-117.63992583975615,33.566783824017293],[-117.63969599860583,33.566875077355164],[-117.63946268808513,33.56695993707924],[-117.63922616095829,33.567038310180507],[-117.63898667659809,33.567110112594996],[-117.63874449338945,33.56717526568179],[-117.63849987631124,33.567233698843722],[-117.63825309044499,33.567285347796329],[-117.63800440424922,33.567330157236547],[-117.63775408734722,33.56736807726066],[-117.63750241384406,33.567399068737593],[-117.63724965681224,33.567423095255087],[-117.63699608952639,33.567440133024682],[-117.63674199071815,33.567450162707807],[-117.63648763386405,33.567453173142127],[-117.63623329686331,33.567449160331911],[-117.63597925561882,33.567438130224616],[-117.63572578827289,33.567420094155288],[-117.63547316878821,33.567395071623082],[-117.63522167125548,33.567363090243255],[-117.634971572018,33.567324183920036],[-117.63472314002215,33.567278395659173],[-117.63447664646657,33.5672257747554],[-117.63423236053666,33.567166379544815],[-117.63401563147571,33.567107475640739],[-117.63380107584405,33.567043239759307],[-117.63358888087309,33.566973725737761],[-117.63337923070436,33.566898996465945],[-117.63201003792145,33.566390813691882],[-117.63081147880608,33.565945951106436],[-117.63057368844584,33.565860799716816],[-117.63033330936116,33.565780904670888],[-117.63009050826045,33.565706320913904],[-117.62984545177866,33.565637098884423],[-117.62959830868847,33.56557328809663],[-117.6293492487236,33.565514930841751],[-117.62909844589539,33.565462067561377],[-117.62907871286643,33.565458159857421],[-117.62907049692205,33.56545654029496],[-117.62905651579996,33.565453799726441]]},"properties":{"BASE_THIK":null,"BASE_TYPE":"NS","BIKELANETYPE":"II","DIST":"5","SHLTYPE":"NC","FEDCLS":"OPA","Inactive":"N","KEYNUM":"68582","LANES":"3","YEARMAIN":1561852800000,"LIMITS":"156' W/ CECIL PASTURE TO 61' W/ ANTONIO PKWY.","LASTTYPEMNT":"OL","MEDIANTYPE":"PLNT","GIS_MILES":1.16999996,"MPAHCLS":"M","OBJECTID":2258,"PAVE_THIK":1.1000000000000001,"PAVE_TYPE":"AC","PAVE_W":"H","PAVE_WFT":74.400000000000006,"ROADNAME":"CROWN VALLEY PARKWAY (N1/2)","SERVICE_AREA":"NORTH LADERA RANCH","TRACTNO":"TR 15615","STATECLS":"A","STATUS":"M","THMSCOR":"G6","THMSPGE":"922","TRACT_ACCEPT_DATE":995932800000,"Property_ID":"A1491","Current_OM_Inspector":"Nick Nelson","Day_Swept":"1/3 Wed.","Time_Swept":"12pm - 4pm","Road_Closed":"0","Charge_Number":"ER19500","STREETLIGHT_INSEPCT_STATUS":"Complete","SECONDARY_ISLAND_INFO":null,"LAFCO_ISLAND_NUMBER":null}},{"type":"Feature","id":2599,"geometry":{"type":"LineString","coordinates":[[-117.63577326246559,33.568945592293957],[-117.6356697644264,33.569311986906598]]},"properties":{"BASE_THIK":null,"BASE_TYPE":"","BIKELANETYPE":"0","DIST":"5","SHLTYPE":"CG","FEDCLS":"LOC","Inactive":"N","KEYNUM":"117529","LANES":"2","YEARMAIN":1467158400000,"LIMITS":"SIENNA PKWY. TO 137' SOUTH","LASTTYPEMNT":"SS","MEDIANTYPE":"PLNT","GIS_MILES":0.0299999993,"MPAHCLS":"L","OBJECTID":2599,"PAVE_THIK":null,"PAVE_TYPE":"","PAVE_W":"","PAVE_WFT":42.399999999999999,"ROADNAME":"IRON HORSE TRAIL","SERVICE_AREA":"NORTH LADERA RANCH","TRACTNO":"TR 15615","STATECLS":"M","STATUS":"M","THMSCOR":"F6","THMSPGE":"922","TRACT_ACCEPT_DATE":995932800000,"Property_ID":"A0591","Current_OM_Inspector":"Nick Nelson","Day_Swept":"1/3 Tues.","Time_Swept":"8am - 12pm","Road_Closed":"0","Charge_Number":"ER19500","STREETLIGHT_INSEPCT_STATUS":"Complete","SECONDARY_ISLAND_INFO":null,"LAFCO_ISLAND_NUMBER":null}},{"type":"Feature","id":2664,"geometry":{"type":"LineString","coordinates":[[-117.6314055767311,33.56735746528728],[-117.63140722117066,33.567357443440734],[-117.63169441996557,33.567353162899309]]},"properties":{"BASE_THIK":null,"BASE_TYPE":"NS","BIKELANETYPE":"0","DIST":"5","SHLTYPE":"CG","FEDCLS":"LOC","Inactive":"N","KEYNUM":"127561","LANES":"2","YEARMAIN":1467158400000,"LIMITS":"SIENNA PKWY. TO 88' EASTERLY","LASTTYPEMNT":"SS","MEDIANTYPE":"PLNT","GIS_MILES":0.0199999996,"MPAHCLS":"L","OBJECTID":2664,"PAVE_THIK":0.55000000000000004,"PAVE_TYPE":"AC","PAVE_W":"","PAVE_WFT":36.399999999999999,"ROADNAME":"KYLE COURT","SERVICE_AREA":"NORTH LADERA RANCH","TRACTNO":"TR 15615","STATECLS":"M","STATUS":"M","THMSCOR":"F6","THMSPGE":"922","TRACT_ACCEPT_DATE":995932800000,"Property_ID":"A0633","Current_OM_Inspector":"Nick Nelson","Day_Swept":"1/3 Tues.","Time_Swept":"8am - 12pm","Road_Closed":"0","Charge_Number":"ER19500","STREETLIGHT_INSEPCT_STATUS":"Complete","SECONDARY_ISLAND_INFO":null,"LAFCO_ISLAND_NUMBER":null}},{"type":"Feature","id":2710,"geometry":{"type":"LineString","coordinates":[[-117.63633964328422,33.570188105762661],[-117.6363729245038,33.570228740830316],[-117.63640421683527,33.570270926589664],[-117.63646341814182,33.570345773830596],[-117.63652712831247,33.570416822534511]]},"properties":{"BASE_THIK":null,"BASE_TYPE":"","BIKELANETYPE":"0","DIST":"5","SHLTYPE":"CG","FEDCLS":"LOC","Inactive":"N","KEYNUM":"137552","LANES":"2","YEARMAIN":1467158400000,"LIMITS":"36' SE/ TO 65' NW/ WALDEN ST.","LASTTYPEMNT":"SS","MEDIANTYPE":"0","GIS_MILES":0.0199999996,"MPAHCLS":"L","OBJECTID":2710,"PAVE_THIK":null,"PAVE_TYPE":"","PAVE_W":"","PAVE_WFT":36.399999999999999,"ROADNAME":"LAURELHURST DRIVE","SERVICE_AREA":"NORTH LADERA RANCH","TRACTNO":"TR 15615","STATECLS":"M","STATUS":"M","THMSCOR":"F6","THMSPGE":"922","TRACT_ACCEPT_DATE":995932800000,"Property_ID":"A0665","Current_OM_Inspector":"Nick Nelson","Day_Swept":"1/3 Tues.","Time_Swept":"8am - 12pm","Road_Closed":"0","Charge_Number":"ER19500","STREETLIGHT_INSEPCT_STATUS":"Complete","SECONDARY_ISLAND_INFO":null,"LAFCO_ISLAND_NUMBER":null}},{"type":"Feature","id":2842,"geometry":{"type":"LineString","coordinates":[[-117.64512007303858,33.567015224399952],[-117.64501856705297,33.566973291420254],[-117.64491482509767,33.566937243582387],[-117.64480918806231,33.566907199337308],[-117.6447020030636,33.566883257408527],[-117.64459362230477,33.566865496467742],[-117.64448440191825,33.566853974876288],[-117.64437470079541,33.566848730493398],[-117.64426487940733,33.566849780551799],[-117.64415529862025,33.566857121601053],[-117.64397631409568,33.566873787752876]]},"properties":{"BASE_THIK":null,"BASE_TYPE":"","BIKELANETYPE":"0","DIST":"5","SHLTYPE":"CG","FEDCLS":"LOC","Inactive":"N","KEYNUM":"155125","LANES":"2","YEARMAIN":1467158400000,"LIMITS":"ONEILL DR. TO 350' WEST","LASTTYPEMNT":"SS","MEDIANTYPE":"PLNT","GIS_MILES":0.0700000003,"MPAHCLS":"L","OBJECTID":2842,"PAVE_THIK":null,"PAVE_TYPE":"","PAVE_W":"","PAVE_WFT":33.5,"ROADNAME":"MCGWIRE","SERVICE_AREA":"NORTH LADERA RANCH","TRACTNO":"TR 15615","STATECLS":"M","STATUS":"M","THMSCOR":"E6","THMSPGE":"922","TRACT_ACCEPT_DATE":995932800000,"Property_ID":"A0755","Current_OM_Inspector":"Nick Nelson","Day_Swept":"1/3 Tues.","Time_Swept":"8am - 12pm","Road_Closed":"0","Charge_Number":"ER19500","STREETLIGHT_INSEPCT_STATUS":"Complete","SECONDARY_ISLAND_INFO":null,"LAFCO_ISLAND_NUMBER":null}},{"type":"Feature","id":2966,"geometry":{"type":"LineString","coordinates":[[-117.64359068842555,33.565299136275073],[-117.6436979714821,33.565577966154329],[-117.64374873113515,33.565717649305498],[-117.64379398343132,33.565859212559175],[-117.64383365898864,33.566002438866988],[-117.64386769697555,33.566147108630751],[-117.64389604520413,33.566293000039117],[-117.64391866021018,33.566439889407697],[-117.64397631409568,33.566873787752876],[-117.64402479229173,33.567238619527707],[-117.6440295037615,33.567338499458394],[-117.64402749185766,33.567438470207833],[-117.64401876567804,33.567538079706836],[-117.64400336468258,33.567636877519767],[-117.64398135851478,33.567734416881464],[-117.64395284668687,33.567830256717492],[-117.64391795812976,33.567923963638712],[-117.64387685061001,33.568015113901033],[-117.64382971001645,33.568103295321642],[-117.64377674951952,33.568188109142831],[-117.64371820860735,33.568269171835276],[-117.64365435200286,33.568346116832267],[-117.64358546846651,33.568418596187406],[-117.64351186949068,33.56848628214798],[-117.64343388789104,33.568548868637073],[-117.64335187630149,33.568606072637664],[-117.64326620557969,33.56865763547242],[-117.6431772631299,33.56870332397343],[-117.64308545115117,33.568742931536633],[-117.64299118481863,33.568776279056046],[-117.64288758191844,33.568813386318993],[-117.64278212050228,33.568844825141937],[-117.64266153509918,33.568873288164788],[-117.64253950399763,33.568894721628503],[-117.64241643662946,33.568909053620757],[-117.64229274590329,33.568916236055657],[-117.6418990355419,33.568927637570916],[-117.64177475009518,33.568934528866102],[-117.64165100875772,33.568948036035337],[-117.64152816344892,33.568968120664337],[-117.64141885215489,33.568990440536588],[-117.64131093220897,33.569018732248644],[-117.64120472960195,33.56905291034051],[-117.64110056513714,33.569092871571371],[-117.64099875346128,33.569138495231435],[-117.64089960211406,33.569189643506562],[-117.64080341059928,33.569246161894569],[-117.64071046947996,33.569307879671918],[-117.6406210595008,33.569374610409412],[-117.64053545074006,33.569446152535356],[-117.64045390179376,33.569522289944416],[-117.64037665899457,33.569602792650421],[-117.6399476210949,33.570094364123385],[-117.63986788356489,33.570176044657345],[-117.63978345331645,33.570252864683823],[-117.63969462612695,33.570324555085726],[-117.63960171317716,33.57039086471611],[-117.63950503996118,33.570451561278063],[-117.63940494514613,33.570506432138437],[-117.63930177938569,33.570555285072786],[-117.63919590409178,33.570597948938754],[-117.63908769016835,33.570634274275619],[-117.63897751671213,33.570664133827897],[-117.63886576968444,33.570687422991149],[-117.63875284055923,33.570704060178414],[-117.63863912495157,33.570713987106032]]},"properties":{"BASE_THIK":null,"BASE_TYPE":"NS","BIKELANETYPE":"II","DIST":"5","SHLTYPE":"CG","FEDCLS":"LOC","Inactive":"N","KEYNUM":"175310","LANES":"2","YEARMAIN":1600300800000,"LIMITS":"BENJAMIN DR. TO CROWN VALLEY PKWY.","LASTTYPEMNT":"OL","MEDIANTYPE":"PNT","GIS_MILES":0.560000002,"MPAHCLS":"L","OBJECTID":2966,"PAVE_THIK":0.59999999999999998,"PAVE_TYPE":"AC","PAVE_W":"V","PAVE_WFT":56,"ROADNAME":"ONEILL DRIVE","SERVICE_AREA":"NORTH LADERA RANCH","TRACTNO":"TR 15615","STATECLS":"M","STATUS":"M","THMSCOR":"F6","THMSPGE":"922","TRACT_ACCEPT_DATE":995932800000,"Property_ID":"A0848","Current_OM_Inspector":"Nick Nelson","Day_Swept":"1/3 Tues.","Time_Swept":"8am - 12pm","Road_Closed":"0","Charge_Number":"ER19500","STREETLIGHT_INSEPCT_STATUS":"Complete","SECONDARY_ISLAND_INFO":null,"LAFCO_ISLAND_NUMBER":null}},{"type":"Feature","id":3243,"geometry":{"type":"LineString","coordinates":[[-117.63863912495157,33.570713987106032],[-117.63852328291262,33.570722359669382],[-117.63840715283831,33.570724171753568],[-117.63829110597059,33.570719417565769],[-117.63817551328543,33.570708112304054],[-117.63806074430683,33.570690292108829],[-117.63794716592561,33.570666013947282],[-117.63783514122653,33.570635355431271],[-117.63772502832757,33.57059841456924],[-117.63761717923508,33.570555309452885],[-117.63751193871856,33.570506177879643],[-117.63740964320846,33.570451176912201],[-117.63731061972069,33.570390482376368],[-117.6372151848113,33.570324288299041],[-117.63712364356434,33.570252806287918],[-117.6370362886168,33.570176264855043],[-117.63695339922293,33.570094908686301],[-117.63687524036166,33.570008997859212],[-117.63680533021444,33.569924322877348],[-117.6367305168542,33.569843947244443],[-117.63665106414682,33.569768154444475],[-117.63656725232114,33.569697211797823],[-117.63647937698057,33.569631369518433],[-117.63638774806046,33.569570859831302],[-117.63629268873503,33.569515896153433],[-117.63619453427746,33.569466672341136],[-117.63609363087748,33.569423362006241],[-117.63599033442027,33.569386117903839],[-117.6358850092313,33.569355071393467],[-117.63577802679137,33.569330331975834],[-117.6356697644264,33.569311986906598],[-117.63455929134399,33.569119285736519],[-117.63321166319439,33.568885413753293],[-117.63311615449079,33.568866607665441],[-117.63302153471655,33.568843745475576],[-117.63290852592091,33.568811059086663],[-117.63279765703992,33.568771721075265],[-117.63268931920261,33.568725870220071],[-117.6325838946089,33.568673668276119],[-117.63248175518116,33.568615299404158],[-117.63238326125222,33.568550969520949],[-117.63228876029409,33.568480905572827],[-117.63219858569222,33.568405354735035],[-117.63212536349495,33.568337284444333],[-117.63205694911656,33.568264383638578],[-117.63199366049223,33.568186991102245],[-117.63193579173672,33.568105466493776],[-117.6318836117776,33.568020188674176],[-117.63183736310546,33.567931553946352],[-117.63179726064706,33.567839974213435],[-117.63176349076646,33.567745875064588],[-117.63173621039897,33.567649693797186],[-117.63171554632187,33.567551877384616],[-117.6317015945652,33.567452880399131],[-117.63169441996557,33.567353162899309],[-117.63169568524184,33.567265502287761],[-117.6317025254944,33.567178099801026],[-117.63171491300353,33.567091309632467],[-117.6317327975696,33.567005483494029],[-117.63175610671645,33.566920969191017],[-117.63178474598519,33.566838109212568],[-117.63181859931687,33.566757239343794],[-117.63185752952292,33.566678687305],[-117.63201003792145,33.566390813691882]]},"properties":{"BASE_THIK":"0.6","BASE_TYPE":"LT","BIKELANETYPE":"II","DIST":"5","SHLTYPE":"CG","FEDCLS":"LOC","Inactive":"N","KEYNUM":"217675","LANES":"2","YEARMAIN":1600300800000,"LIMITS":"BENJAMIN DR. TO CROWN VALLEY PKWY.","LASTTYPEMNT":"OL","MEDIANTYPE":"PNT","GIS_MILES":0.569999993,"MPAHCLS":"L","OBJECTID":3243,"PAVE_THIK":0.34999999999999998,"PAVE_TYPE":"AC","PAVE_W":"V","PAVE_WFT":56,"ROADNAME":"SIENNA PARKWAY","SERVICE_AREA":"NORTH LADERA RANCH","TRACTNO":"TR 15615","STATECLS":"M","STATUS":"M","THMSCOR":"F6","THMSPGE":"922","TRACT_ACCEPT_DATE":995932800000,"Property_ID":"A1049","Current_OM_Inspector":"Nick Nelson","Day_Swept":"1/3 Tues.","Time_Swept":"8am - 12pm","Road_Closed":"0","Charge_Number":"ER19500","STREETLIGHT_INSEPCT_STATUS":"Complete","SECONDARY_ISLAND_INFO":null,"LAFCO_ISLAND_NUMBER":null}},{"type":"Feature","id":3284,"geometry":{"type":"LineString","coordinates":[[-117.63311226273028,33.568531308870909],[-117.63302153471655,33.568843745475576]]},"properties":{"BASE_THIK":null,"BASE_TYPE":"","BIKELANETYPE":"0","DIST":"5","SHLTYPE":"CG","FEDCLS":"LOC","Inactive":"N","KEYNUM":"221704","LANES":"2","YEARMAIN":1502928000000,"LIMITS":"SIENNA PKWY. TO 117' SOUTH","LASTTYPEMNT":"SS","MEDIANTYPE":"PLNT","GIS_MILES":0.0199999996,"MPAHCLS":"L","OBJECTID":3284,"PAVE_THIK":null,"PAVE_TYPE":"","PAVE_W":"","PAVE_WFT":40,"ROADNAME":"SKYWOOD STREET","SERVICE_AREA":"NORTH LADERA RANCH","TRACTNO":"TR 15615","STATECLS":"M","STATUS":"M","THMSCOR":"F6","THMSPGE":"922","TRACT_ACCEPT_DATE":995932800000,"Property_ID":"A1067","Current_OM_Inspector":"Nick Nelson","Day_Swept":"1/3 Tues.","Time_Swept":"8am - 12pm","Road_Closed":"0","Charge_Number":"ER19500","STREETLIGHT_INSEPCT_STATUS":"Complete","SECONDARY_ISLAND_INFO":null,"LAFCO_ISLAND_NUMBER":null}},{"type":"Feature","id":3288,"geometry":{"type":"LineString","coordinates":[[-117.63455929134399,33.569119285736519],[-117.63450464457145,33.569339943262754]]},"properties":{"BASE_THIK":null,"BASE_TYPE":"","BIKELANETYPE":"0","DIST":"5","SHLTYPE":"CG","FEDCLS":"LOC","Inactive":"N","KEYNUM":"221759","LANES":"2","YEARMAIN":1502928000000,"LIMITS":"SIENNA PKWY. TO 82' NORTHERLY","LASTTYPEMNT":"SS","MEDIANTYPE":"PLNT","GIS_MILES":0.0199999996,"MPAHCLS":"L","OBJECTID":3288,"PAVE_THIK":null,"PAVE_TYPE":"","PAVE_W":"","PAVE_WFT":40.5,"ROADNAME":"SLEEPY HOLLOW LANE","SERVICE_AREA":"NORTH LADERA RANCH","TRACTNO":"TR 15615","STATECLS":"M","STATUS":"M","THMSCOR":"F5","THMSPGE":"922","TRACT_ACCEPT_DATE":995932800000,"Property_ID":"A1070","Current_OM_Inspector":"Nick Nelson","Day_Swept":"1/3 Tues.","Time_Swept":"8am - 12pm","Road_Closed":"0","Charge_Number":"ER19500","STREETLIGHT_INSEPCT_STATUS":"Complete","SECONDARY_ISLAND_INFO":null,"LAFCO_ISLAND_NUMBER":null}},{"type":"Feature","id":3374,"geometry":{"type":"LineString","coordinates":[[-117.63484198958592,33.574794273801956],[-117.63482539149095,33.574850296505417],[-117.63480346469852,33.574904456045971],[-117.63477604940219,33.5749638704145]]},"properties":{"BASE_THIK":null,"BASE_TYPE":"","BIKELANETYPE":"0","DIST":"5","SHLTYPE":"CG","FEDCLS":"LOC","Inactive":"N","KEYNUM":"234515","LANES":"2","YEARMAIN":1467158400000,"LIMITS":"BENJAMIN DR. TO 65' SOUTHERLY","LASTTYPEMNT":"SS","MEDIANTYPE":"PLNT","GIS_MILES":0.00999999978,"MPAHCLS":"L","OBJECTID":3374,"PAVE_THIK":null,"PAVE_TYPE":"","PAVE_W":"","PAVE_WFT":40.600000000000001,"ROADNAME":"THORNHILL STREET","SERVICE_AREA":"NORTH LADERA RANCH","TRACTNO":"TR 15615","STATECLS":"M","STATUS":"M","THMSCOR":"F5","THMSPGE":"922","TRACT_ACCEPT_DATE":995932800000,"Property_ID":"A1150","Current_OM_Inspector":"Nick Nelson","Day_Swept":"1/3 Tues.","Time_Swept":"8am - 12pm","Road_Closed":"0","Charge_Number":"ER19500","STREETLIGHT_INSEPCT_STATUS":"Complete","SECONDARY_ISLAND_INFO":null,"LAFCO_ISLAND_NUMBER":null}},{"type":"Feature","id":3445,"geometry":{"type":"LineString","coordinates":[[-117.63714466651501,33.569740641031466],[-117.63712383518209,33.56978838933756],[-117.63709732520475,33.569833234251071],[-117.63706553392997,33.569874503610343],[-117.63702893786389,33.569911578846188],[-117.63698808552962,33.5699439042534],[-117.63694358924575,33.569970995319963],[-117.63687524036166,33.570008997859212],[-117.63648898786202,33.570223786643332]]},"properties":{"BASE_THIK":null,"BASE_TYPE":"NS","BIKELANETYPE":"0","DIST":"5","SHLTYPE":"CG","FEDCLS":"LOC","Inactive":"N","KEYNUM":"238436","LANES":"2","YEARMAIN":1502928000000,"LIMITS":"31'NE/ LAURELHURST DR. TO 131'SW/ SIENNA PKWY.","LASTTYPEMNT":"SS","MEDIANTYPE":"PLNT","GIS_MILES":0.0500000007,"MPAHCLS":"L","OBJECTID":3445,"PAVE_THIK":0.5,"PAVE_TYPE":"AC","PAVE_W":"","PAVE_WFT":40.399999999999999,"ROADNAME":"WALDEN STREET","SERVICE_AREA":"NORTH LADERA RANCH","TRACTNO":"TR 15615","STATECLS":"M","STATUS":"M","THMSCOR":"F6","THMSPGE":"922","TRACT_ACCEPT_DATE":995932800000,"Property_ID":"A1202","Current_OM_Inspector":"Nick Nelson","Day_Swept":"1/3 Tues.","Time_Swept":"8am - 12pm","Road_Closed":"0","Charge_Number":"ER19500","STREETLIGHT_INSEPCT_STATUS":"Complete","SECONDARY_ISLAND_INFO":null,"LAFCO_ISLAND_NUMBER":null}},{"type":"Feature","id":2833,"geometry":{"type":"LineString","coordinates":[[-117.64094721395003,33.567838698966618],[-117.64097172576653,33.567861025636432],[-117.6410227598508,33.567911690442486],[-117.64107005307667,33.567965863785709],[-117.64111336489147,33.568023270118353],[-117.64115247499363,33.568083617448352],[-117.64118718445319,33.568146598824541],[-117.64121731672364,33.56821189389791],[-117.64123821102118,33.568262697209043],[-117.64152816344892,33.568968120664337]]},"properties":{"BASE_THIK":null,"BASE_TYPE":"","BIKELANETYPE":"0","DIST":"5","SHLTYPE":"CG","FEDCLS":"LOC","Inactive":"N","KEYNUM":"154299","LANES":"2","YEARMAIN":1467158400000,"LIMITS":"ONEILL DR. TO 451' SOUTHERLY","LASTTYPEMNT":"SS","MEDIANTYPE":"PLNT","GIS_MILES":0.0900000036,"MPAHCLS":"L","OBJECTID":2833,"PAVE_THIK":null,"PAVE_TYPE":"","PAVE_W":"","PAVE_WFT":42.899999999999999,"ROADNAME":"MAYBECK LANE","SERVICE_AREA":"NORTH LADERA RANCH","TRACTNO":"TR 15615","STATECLS":"M","STATUS":"M","THMSCOR":"E6","THMSPGE":"922","TRACT_ACCEPT_DATE":1027468800000,"Property_ID":"A0747","Current_OM_Inspector":"Nick Nelson","Day_Swept":"1/3 Tues.","Time_Swept":"8am - 12pm","Road_Closed":"0","Charge_Number":"ER19500","STREETLIGHT_INSEPCT_STATUS":"Complete","SECONDARY_ISLAND_INFO":null,"LAFCO_ISLAND_NUMBER":null}},{"type":"Feature","id":3512,"geometry":{"type":"LineString","coordinates":[[-117.64278212050228,33.568844825141937],[-117.64287335403161,33.569164184659563],[-117.64287601922911,33.569199190630584],[-117.64287262301976,33.569234133255655],[-117.64286326665339,33.569267970804226],[-117.64284822906764,33.569299694490951],[-117.64282795857204,33.569328358550209],[-117.6428030594828,33.569353108431827],[-117.64277427410656,33.569373206277447],[-117.64274246061022,33.569388052918022],[-117.64270856743691,33.569397205736564],[-117.64267360503027,33.569400391863745],[-117.64263861571058,33.569397516312826]]},"properties":{"BASE_THIK":null,"BASE_TYPE":"","BIKELANETYPE":"0","DIST":"5","SHLTYPE":"CG","FEDCLS":"LOC","Inactive":"N","KEYNUM":"239156","LANES":"2","YEARMAIN":1502928000000,"LIMITS":"ONEILL DR.TO  270' SW/O MASON LN.","LASTTYPEMNT":"OL","MEDIANTYPE":"PLNT","GIS_MILES":0.0500000007,"MPAHCLS":"L","OBJECTID":3512,"PAVE_THIK":null,"PAVE_TYPE":"","PAVE_W":"","PAVE_WFT":39.700000000000003,"ROADNAME":"WINFIELD DRIVE","SERVICE_AREA":"NORTH LADERA RANCH","TRACTNO":"TR 15615","STATECLS":"M","STATUS":"M","THMSCOR":"E6","THMSPGE":"922","TRACT_ACCEPT_DATE":1027468800000,"Property_ID":"A1246","Current_OM_Inspector":"Nick Nelson","Day_Swept":"1/3 Tues.","Time_Swept":"8am - 12pm","Road_Closed":"0","Charge_Number":"ER19500","STREETLIGHT_INSEPCT_STATUS":"Complete","SECONDARY_ISLAND_INFO":null,"LAFCO_ISLAND_NUMBER":null}},{"type":"Feature","id":2665,"geometry":{"type":"MultiLineString","coordinates":[[[-117.63053744059511,33.567097891987721],[-117.63044072591971,33.567083063673657],[-117.6303433622848,33.567073371928053],[-117.6302456223023,33.567068843887192],[-117.63014777963785,33.567069492229294],[-117.63011894325561,33.567068478984453],[-117.63009057553121,33.5670632030184],[-117.63006330307708,33.567053780871525],[-117.63003772831235,33.567040420668896],[-117.63002028822062,33.567027967144618],[-117.6300049072341,33.567013044935663],[-117.62999193146716,33.566995989832655],[-117.62998165291013,33.566977185622179],[-117.62997430285874,33.566957055450523],[-117.62984488500341,33.566458828797373],[-117.6298441988839,33.566434678287877],[-117.62984755885044,33.566410752809965],[-117.62985487037872,33.566387725447477],[-117.62986592777709,33.566366244018049],[-117.62988041997309,33.566346912848303],[-117.62989793926482,33.566330275772657],[-117.62991799279054,33.566316800833896],[-117.62994001639416,33.566306867115919],[-117.6299633904963,33.566300754079201],[-117.62998745752469,33.566298633698842],[-117.63001154041332,33.56630056562647],[-117.63003496164994,33.566306495512109],[-117.63022133475917,33.566347553471438],[-117.63042685787184,33.566395833001295],[-117.63063091291485,33.566449982814476],[-117.63083333225399,33.566509958426124],[-117.63103394959877,33.566575710565388],[-117.63123260013911,33.566647185215928],[-117.63125257610649,33.566654836143719],[-117.63127094127742,33.566665804118266],[-117.631287149907,33.566679763211937],[-117.63130072033474,33.56669629861215],[-117.63131124929774,33.566714918947994],[-117.63131842391419,33.566735070892008],[-117.63132203098105,33.566756155603002],[-117.63132196330966,33.566777546521386],[-117.63131822291093,33.566798607988247],[-117.63128806548849,33.566903223220329],[-117.63126476192988,33.567009575282221],[-117.63124841051504,33.567117215647073],[-117.63123908020405,33.567225690354768],[-117.63123681034637,33.567334541926456]],[[-117.63053744059511,33.567097891987721],[-117.63060540359285,33.566834656005149]],[[-117.63053744059511,33.567097891987721],[-117.63063262165994,33.567117679042632],[-117.63072655702034,33.567142721221288],[-117.63081895676758,33.567172941237054],[-117.63090953573227,33.567208245823203],[-117.63099801436437,33.567248526020663],[-117.63107542758225,33.567283039218516],[-117.63115517033341,33.567311763089478],[-117.63123681034637,33.567334541926456]],[[-117.63123681034637,33.567334541926456],[-117.63130745193259,33.567349369729847],[-117.63135632326107,33.567355733442994],[-117.6314055767311,33.56735746528728]]]},"properties":{"BASE_THIK":null,"BASE_TYPE":"NS","BIKELANETYPE":"0","DIST":"5","SHLTYPE":"CG","FEDCLS":"LOC","Inactive":"N","KEYNUM":"127562","LANES":"2","YEARMAIN":1467158400000,"LIMITS":"88' E/O SIENNA PKWY. TO KYLE CT. & CDS","LASTTYPEMNT":"SS","MEDIANTYPE":"0","GIS_MILES":0.280000001,"MPAHCLS":"L","OBJECTID":2665,"PAVE_THIK":0.5,"PAVE_TYPE":"AC","PAVE_W":"","PAVE_WFT":36.399999999999999,"ROADNAME":"KYLE COURT","SERVICE_AREA":"NORTH LADERA RANCH","TRACTNO":"TR 15616","STATECLS":"M","STATUS":"M","THMSCOR":"F6","THMSPGE":"922","TRACT_ACCEPT_DATE":1014681600000,"Property_ID":"A0633","Current_OM_Inspector":"Nick Nelson","Day_Swept":"1/3 Tues.","Time_Swept":"8am - 12pm","Road_Closed":"0","Charge_Number":"ER19500","STREETLIGHT_INSEPCT_STATUS":"Complete","SECONDARY_ISLAND_INFO":null,"LAFCO_ISLAND_NUMBER":null}},{"type":"Feature","id":2198,"geometry":{"type":"LineString","coordinates":[[-117.63151036633697,33.568511015292358],[-117.63148334130076,33.568521127443653],[-117.63142747981989,33.568544601784495],[-117.63137397220947,33.568573035661309],[-117.63132325768363,33.56860619567626],[-117.6312757525296,33.56864380963728],[-117.6312070367639,33.568704183590391]]},"properties":{"BASE_THIK":null,"BASE_TYPE":"NS","BIKELANETYPE":"0","DIST":"5","SHLTYPE":"CG","FEDCLS":"LOC","Inactive":"N","KEYNUM":"62200","LANES":"2","YEARMAIN":1502928000000,"LIMITS":"KEMPTON LANE TO END","LASTTYPEMNT":"SS","MEDIANTYPE":"PLNT","GIS_MILES":0.0199999996,"MPAHCLS":"L","OBJECTID":2198,"PAVE_THIK":0.45000000000000001,"PAVE_TYPE":"AC","PAVE_W":"V","PAVE_WFT":33.899999999999999,"ROADNAME":"CLAWSON STREET","SERVICE_AREA":"NORTH LADERA RANCH","TRACTNO":"TR 15617","STATECLS":"M","STATUS":"M","THMSCOR":"F6","THMSPGE":"922","TRACT_ACCEPT_DATE":1018310400000,"Property_ID":"A1445","Current_OM_Inspector":"Nick Nelson","Day_Swept":"1/3 Tues.","Time_Swept":"8am - 12pm","Road_Closed":"0","Charge_Number":"ER19500","STREETLIGHT_INSEPCT_STATUS":"Complete","SECONDARY_ISLAND_INFO":null,"LAFCO_ISLAND_NUMBER":null}},{"type":"Feature","id":2536,"geometry":{"type":"LineString","coordinates":[[-117.63065059026198,33.568121947751564],[-117.63070738825053,33.5681007519632],[-117.63076196076105,33.56807434904588],[-117.63081383164561,33.568042969366402],[-117.63086254832807,33.56800688671408],[-117.63090768575287,33.567966415911904],[-117.63094885009372,33.567921910069686]]},"properties":{"BASE_THIK":null,"BASE_TYPE":"NS","BIKELANETYPE":"0","DIST":"5","SHLTYPE":"CG","FEDCLS":"LOC","Inactive":"N","KEYNUM":"111495","LANES":"2","YEARMAIN":1467158400000,"LIMITS":"KEMPTON LANE TO END","LASTTYPEMNT":"SS","MEDIANTYPE":"PLNT","GIS_MILES":0.0199999996,"MPAHCLS":"L","OBJECTID":2536,"PAVE_THIK":0.45000000000000001,"PAVE_TYPE":"AC","PAVE_W":"V","PAVE_WFT":35.899999999999999,"ROADNAME":"HEMPSTED STREET","SERVICE_AREA":"NORTH LADERA RANCH","TRACTNO":"TR 15617","STATECLS":"M","STATUS":"M","THMSCOR":"F6","THMSPGE":"922","TRACT_ACCEPT_DATE":1018310400000,"Property_ID":"A0559","Current_OM_Inspector":"Nick Nelson","Day_Swept":"1/3 Tues.","Time_Swept":"8am - 12pm","Road_Closed":"0","Charge_Number":"ER19500","STREETLIGHT_INSEPCT_STATUS":"Complete","SECONDARY_ISLAND_INFO":null,"LAFCO_ISLAND_NUMBER":null}},{"type":"Feature","id":2638,"geometry":{"type":"LineString","coordinates":[[-117.63009203901983,33.567715601787697],[-117.63008533102163,33.567660928046877],[-117.63016798062614,33.56765717320183],[-117.63025064541829,33.567660577335552],[-117.63033270645931,33.567671114960156],[-117.63041354933097,33.567688707176949],[-117.63049256873579,33.567713222267152],[-117.63056917302927,33.567744476678151],[-117.63094885009372,33.567921910069686],[-117.63106627057091,33.567976785339539],[-117.6311239708032,33.568005443353826],[-117.63117881800144,33.568039242517031],[-117.63123035533171,33.568077901308769],[-117.63127815352863,33.568121097731755],[-117.63132181447091,33.568168471993843],[-117.6313609744973,33.568219629504746],[-117.63139530743564,33.568274144162721],[-117.6314245273196,33.568331561903619],[-117.6314654688133,33.568422234753776],[-117.63151036633697,33.568511015292358],[-117.63156539028225,33.568608386270647],[-117.63159934368782,33.568658506017876],[-117.6316386135636,33.568704578782814],[-117.63167146617228,33.568736593743814],[-117.63167156669439,33.568736683701125],[-117.63169209962244,33.568754322345178],[-117.63175301664117,33.568804518155908]]},"properties":{"BASE_THIK":null,"BASE_TYPE":"NS","BIKELANETYPE":"0","DIST":"5","SHLTYPE":"CG","FEDCLS":"LOC","Inactive":"N","KEYNUM":"124060","LANES":"2","YEARMAIN":1467158400000,"LIMITS":"35' SE/ BLAKEMORE DR. TO END","LASTTYPEMNT":"SS","MEDIANTYPE":"0","GIS_MILES":0.140000001,"MPAHCLS":"L","OBJECTID":2638,"PAVE_THIK":0.5,"PAVE_TYPE":"AC","PAVE_W":"V","PAVE_WFT":40,"ROADNAME":"KEMPTON LANE","SERVICE_AREA":"NORTH LADERA RANCH","TRACTNO":"TR 15617","STATECLS":"M","STATUS":"M","THMSCOR":"F6","THMSPGE":"922","TRACT_ACCEPT_DATE":1018310400000,"Property_ID":"A0614","Current_OM_Inspector":"Nick Nelson","Day_Swept":"1/3 Tues.","Time_Swept":"8am - 12pm","Road_Closed":"0","Charge_Number":"ER19500","STREETLIGHT_INSEPCT_STATUS":"Complete","SECONDARY_ISLAND_INFO":null,"LAFCO_ISLAND_NUMBER":null}},{"type":"Feature","id":2004,"geometry":{"type":"LineString","coordinates":[[-117.63168182585457,33.568872789932151],[-117.63163931869677,33.568924990661337],[-117.63160258272951,33.568981402036968],[-117.63157203166787,33.569041388762372],[-117.63154800957345,33.569104275275798],[-117.63153078697958,33.569169353358532],[-117.63152055784458,33.569235890110697],[-117.63151743736749,33.569303136205114],[-117.63152146069066,33.569370334326088],[-117.63153258250401,33.569436727698189],[-117.63155067755531,33.56950156860897],[-117.63157554206072,33.569564126829547],[-117.63160689599982,33.569623697838388],[-117.63164438626914,33.569679610755486],[-117.63168759065871,33.569731235897734],[-117.63173602260704,33.569777991870325],[-117.6317891366806,33.569819352114322],[-117.63184633471641,33.569854850836691],[-117.63190697255858,33.569884088256018],[-117.63197036731258,33.569906735104745],[-117.63228637212504,33.5700372959747],[-117.63235720450341,33.570067718085994],[-117.63242508356907,33.570104257970037],[-117.6324894821966,33.570146631870678],[-117.63254990028842,33.570194510726793],[-117.63260586865844,33.570247522727684],[-117.6326569526756,33.570305256200413],[-117.632702755639,33.570367262806712],[-117.63274292185862,33.570433061024652],[-117.63277713941743,33.570502139887928],[-117.63280514259364,33.570573962953887],[-117.632822640318,33.570624547660252],[-117.63284367114039,33.570673768462612],[-117.63286812977385,33.570721378945962],[-117.63322767246731,33.57136307005181],[-117.63325981055975,33.571424255537558],[-117.63328942093723,33.571489203958897],[-117.63352723142111,33.572053198842433],[-117.63360152967164,33.572031246508303]]},"properties":{"BASE_THIK":null,"BASE_TYPE":"NS","BIKELANETYPE":"0","DIST":"5","SHLTYPE":"CG","FEDCLS":"LOC","Inactive":"N","KEYNUM":"30550","LANES":"2","YEARMAIN":1502928000000,"LIMITS":"33' N/E KEMPTON TO END","LASTTYPEMNT":"SS","MEDIANTYPE":"0","GIS_MILES":0.270000011,"MPAHCLS":"L","OBJECTID":2004,"PAVE_THIK":0.45000000000000001,"PAVE_TYPE":"AC","PAVE_W":"","PAVE_WFT":29.300000000000001,"ROADNAME":"BLAKEMORE DRIVE","SERVICE_AREA":"NORTH LADERA RANCH","TRACTNO":"TR 15618","STATECLS":"M","STATUS":"M","THMSCOR":"F5","THMSPGE":"922","TRACT_ACCEPT_DATE":1055808000000,"Property_ID":"A1306","Current_OM_Inspector":"Nick Nelson","Day_Swept":"1/3 Tues.","Time_Swept":"8am - 12pm","Road_Closed":"0","Charge_Number":"ER19500","STREETLIGHT_INSEPCT_STATUS":"Complete","SECONDARY_ISLAND_INFO":null,"LAFCO_ISLAND_NUMBER":null}},{"type":"Feature","id":2637,"geometry":{"type":"LineString","coordinates":[[-117.63175301664117,33.568804518155908],[-117.63185030533597,33.568878349013637],[-117.63205144002814,33.569030986398573],[-117.63214854017053,33.569099680534926],[-117.63224945351412,33.569162639403288],[-117.63235384171195,33.569219651912242],[-117.63246135476636,33.569270526907573],[-117.6325716322026,33.569315093813223],[-117.6327349028474,33.569376093303958],[-117.63286974893541,33.56942366195868],[-117.63300615986515,33.569466537389935],[-117.63314397234662,33.5695046682739],[-117.63328302141204,33.569538008966184],[-117.63342314061344,33.569566519556481],[-117.63340889786147,33.569620173359205]]},"properties":{"BASE_THIK":null,"BASE_TYPE":"NS","BIKELANETYPE":"0","DIST":"5","SHLTYPE":"CG","FEDCLS":"LOC","Inactive":"N","KEYNUM":"124050","LANES":"2","YEARMAIN":1467158400000,"LIMITS":"40' W/O BLAKEMORE DR. TO END","LASTTYPEMNT":"SS","MEDIANTYPE":"0","GIS_MILES":0.119999997,"MPAHCLS":"L","OBJECTID":2637,"PAVE_THIK":0.45000000000000001,"PAVE_TYPE":"AC","PAVE_W":"","PAVE_WFT":36.799999999999997,"ROADNAME":"KEMPTON LANE","SERVICE_AREA":"NORTH LADERA RANCH","TRACTNO":"TR 15618","STATECLS":"M","STATUS":"M","THMSCOR":"F6","THMSPGE":"922","TRACT_ACCEPT_DATE":1055808000000,"Property_ID":"A0614","Current_OM_Inspector":"Nick Nelson","Day_Swept":"1/3 Tues.","Time_Swept":"8am - 12pm","Road_Closed":"0","Charge_Number":"ER19500","STREETLIGHT_INSEPCT_STATUS":"Complete","SECONDARY_ISLAND_INFO":null,"LAFCO_ISLAND_NUMBER":null}},{"type":"Feature","id":2259,"geometry":{"type":"LineString","coordinates":[[-117.62680332252894,33.565218391796812],[-117.62692805111475,33.565219996603581],[-117.62717418659676,33.565228127124634],[-117.62741988732695,33.565242831810473],[-117.6276649010765,33.565264095420254],[-117.62799086469025,33.565296795556257],[-117.62820956216925,33.565320815443933],[-117.62842756292612,33.565348930101742],[-117.62864475582579,33.565381125434705],[-117.62866792225918,33.565385008724867]]},"properties":{"BASE_THIK":null,"BASE_TYPE":"NS","BIKELANETYPE":"II","DIST":"5","SHLTYPE":"NC","FEDCLS":"OPA","Inactive":"N","KEYNUM":"68585","LANES":"3","YEARMAIN":1510272000000,"LIMITS":"60' E/O ANTONIO PKWY. TO 38' E/O APEX DR.","LASTTYPEMNT":"REAS","MEDIANTYPE":"PLNT","GIS_MILES":0.109999999,"MPAHCLS":"M","OBJECTID":2259,"PAVE_THIK":1.1000000000000001,"PAVE_TYPE":"AC","PAVE_W":"H","PAVE_WFT":44.299999999999997,"ROADNAME":"CROWN VALLEY PARKWAY (N1/2)","SERVICE_AREA":"NORTH LADERA RANCH","TRACTNO":"TR 15619","STATECLS":"A","STATUS":"M","THMSCOR":"G6","THMSPGE":"922","TRACT_ACCEPT_DATE":1105401600000,"Property_ID":"A1491","Current_OM_Inspector":"Nick Nelson","Day_Swept":"1/3 Wed.","Time_Swept":"12pm - 4pm","Road_Closed":"0","Charge_Number":"ER19500","STREETLIGHT_INSEPCT_STATUS":"Complete","SECONDARY_ISLAND_INFO":null,"LAFCO_ISLAND_NUMBER":null}},{"type":"Feature","id":3317,"geometry":{"type":"LineString","coordinates":[[-117.62893183974558,33.567364103410505],[-117.62883247987051,33.567388062655525],[-117.62876410448098,33.567402145160244],[-117.628694955161,33.567411730689919],[-117.62862532734647,33.56741677829099],[-117.62855551851763,33.567417266397932],[-117.62783252576975,33.567399112970321],[-117.6278343001468,33.567349666253897]]},"properties":{"BASE_THIK":null,"BASE_TYPE":"NS","BIKELANETYPE":"0","DIST":"5","SHLTYPE":"CG","FEDCLS":"LOC","Inactive":"N","KEYNUM":"224375","LANES":"2","YEARMAIN":1467158400000,"LIMITS":"60' E/O ANTONIO PKWY.  TO END","LASTTYPEMNT":"SS","MEDIANTYPE":"0","GIS_MILES":0.0700000003,"MPAHCLS":"L","OBJECTID":3317,"PAVE_THIK":0.75,"PAVE_TYPE":"AC","PAVE_W":"","PAVE_WFT":40.200000000000003,"ROADNAME":"STATION WAY","SERVICE_AREA":"NORTH LADERA RANCH","TRACTNO":"TR 15619","STATECLS":"M","STATUS":"M","THMSCOR":"G6","THMSPGE":"922","TRACT_ACCEPT_DATE":1105401600000,"Property_ID":"A1096","Current_OM_Inspector":"Nick Nelson","Day_Swept":"1/3 Tues.","Time_Swept":"8am - 12pm","Road_Closed":"0","Charge_Number":"ER19500","STREETLIGHT_INSEPCT_STATUS":"Complete","SECONDARY_ISLAND_INFO":null,"LAFCO_ISLAND_NUMBER":null}},{"type":"Feature","id":2764,"geometry":{"type":"LineString","coordinates":[[-117.63403131920474,33.569553452486247],[-117.63443686258566,33.569613634615813]]},"properties":{"BASE_THIK":null,"BASE_TYPE":"NS","BIKELANETYPE":"0","DIST":"5","SHLTYPE":"CG","FEDCLS":"LOC","Inactive":"N","KEYNUM":"143793","LANES":"2","YEARMAIN":1467158400000,"LIMITS":"SLEEPY HOLLOW LN. TO END","LASTTYPEMNT":"SS","MEDIANTYPE":"0","GIS_MILES":0.0199999996,"MPAHCLS":"L","OBJECTID":2764,"PAVE_THIK":0.45000000000000001,"PAVE_TYPE":"AC","PAVE_W":"V","PAVE_WFT":36.899999999999999,"ROADNAME":"LONE OAK CIRCLE","SERVICE_AREA":"NORTH LADERA RANCH","TRACTNO":"TR 15620","STATECLS":"M","STATUS":"M","THMSCOR":"F5","THMSPGE":"922","TRACT_ACCEPT_DATE":1014681600000,"Property_ID":"A0696","Current_OM_Inspector":"Nick Nelson","Day_Swept":"1/3 Tues.","Time_Swept":"8am - 12pm","Road_Closed":"0","Charge_Number":"ER19500","STREETLIGHT_INSEPCT_STATUS":"Complete","SECONDARY_ISLAND_INFO":null,"LAFCO_ISLAND_NUMBER":null}},{"type":"Feature","id":2836,"geometry":{"type":"LineString","coordinates":[[-117.63493913462192,33.571443138763023],[-117.63454554979708,33.571723405481571]]},"properties":{"BASE_THIK":null,"BASE_TYPE":"NS","BIKELANETYPE":"0","DIST":"5","SHLTYPE":"CG","FEDCLS":"LOC","Inactive":"N","KEYNUM":"154500","LANES":"2","YEARMAIN":1467158400000,"LIMITS":"SLEEPY HOLLOW LN. TO END","LASTTYPEMNT":"SS","MEDIANTYPE":"0","GIS_MILES":0.0299999993,"MPAHCLS":"L","OBJECTID":2836,"PAVE_THIK":0.45000000000000001,"PAVE_TYPE":"AC","PAVE_W":"","PAVE_WFT":36.5,"ROADNAME":"MAYVILLE PLACE","SERVICE_AREA":"NORTH LADERA RANCH","TRACTNO":"TR 15620","STATECLS":"M","STATUS":"M","THMSCOR":"F5","THMSPGE":"922","TRACT_ACCEPT_DATE":1014681600000,"Property_ID":"A0749","Current_OM_Inspector":"Nick Nelson","Day_Swept":"1/3 Tues.","Time_Swept":"8am - 12pm","Road_Closed":"0","Charge_Number":"ER19500","STREETLIGHT_INSEPCT_STATUS":"Complete","SECONDARY_ISLAND_INFO":null,"LAFCO_ISLAND_NUMBER":null}},{"type":"Feature","id":3289,"geometry":{"type":"LineString","coordinates":[[-117.63450464457145,33.569339943262754],[-117.63443686258566,33.569613634615813],[-117.63441406336356,33.569716084079516],[-117.63439786947356,33.569819782946766],[-117.63438834735035,33.569924305797429],[-117.63438553605805,33.570029223831042],[-117.63438944712986,33.570134106625908],[-117.63440006452079,33.570238523904898],[-117.63441658904037,33.570348003534463],[-117.63443809672981,33.570456614161614],[-117.6344645426974,33.570564129090045],[-117.63449587174411,33.570670323910392],[-117.63453201847871,33.5707749769687],[-117.63457290745436,33.570877869829033],[-117.63461383382527,33.57096945575968],[-117.63465883421725,33.571059110180933],[-117.63470781772406,33.57114665198003],[-117.6347606853931,33.571231904311951],[-117.63481581063839,33.571305921562313],[-117.6348753683458,33.571376421388599],[-117.63493913462192,33.571443138763023],[-117.63515306417028,33.571651596065834]]},"properties":{"BASE_THIK":null,"BASE_TYPE":"NS","BIKELANETYPE":"0","DIST":"5","SHLTYPE":"CG","FEDCLS":"LOC","Inactive":"N","KEYNUM":"221760","LANES":"2","YEARMAIN":1502928000000,"LIMITS":"82' N/ SIENNA PKWY. TO END","LASTTYPEMNT":"SS","MEDIANTYPE":"0","GIS_MILES":0.170000002,"MPAHCLS":"L","OBJECTID":3289,"PAVE_THIK":0.45000000000000001,"PAVE_TYPE":"AC","PAVE_W":"V","PAVE_WFT":36.600000000000001,"ROADNAME":"SLEEPY HOLLOW LANE","SERVICE_AREA":"NORTH LADERA RANCH","TRACTNO":"TR 15620","STATECLS":"M","STATUS":"M","THMSCOR":"F5","THMSPGE":"922","TRACT_ACCEPT_DATE":1014681600000,"Property_ID":"A1070","Current_OM_Inspector":"Nick Nelson","Day_Swept":"1/3 Tues.","Time_Swept":"8am - 12pm","Road_Closed":"0","Charge_Number":"ER19500","STREETLIGHT_INSEPCT_STATUS":"Complete","SECONDARY_ISLAND_INFO":null,"LAFCO_ISLAND_NUMBER":null}},{"type":"Feature","id":3302,"geometry":{"type":"LineString","coordinates":[[-117.63457290745436,33.570877869829033],[-117.63416384219565,33.57099923730599]]},"properties":{"BASE_THIK":null,"BASE_TYPE":"NS","BIKELANETYPE":"0","DIST":"5","SHLTYPE":"CG","FEDCLS":"LOC","Inactive":"N","KEYNUM":"222126","LANES":"2","YEARMAIN":1502928000000,"LIMITS":"SLEEPY HOLLOW LN. TO END","LASTTYPEMNT":"SS","MEDIANTYPE":"0","GIS_MILES":0.0299999993,"MPAHCLS":"L","OBJECTID":3302,"PAVE_THIK":0.45000000000000001,"PAVE_TYPE":"AC","PAVE_W":"","PAVE_WFT":24.300000000000001,"ROADNAME":"SOMMERVILLE PLACE","SERVICE_AREA":"NORTH LADERA RANCH","TRACTNO":"TR 15620","STATECLS":"M","STATUS":"M","THMSCOR":"F5","THMSPGE":"922","TRACT_ACCEPT_DATE":1014681600000,"Property_ID":"A1083","Current_OM_Inspector":"Nick Nelson","Day_Swept":"1/3 Tues.","Time_Swept":"8am - 12pm","Road_Closed":"0","Charge_Number":"ER19500","STREETLIGHT_INSEPCT_STATUS":"Complete","SECONDARY_ISLAND_INFO":null,"LAFCO_ISLAND_NUMBER":null}},{"type":"Feature","id":3436,"geometry":{"type":"LineString","coordinates":[[-117.63374112189365,33.570297126676245],[-117.63440006452079,33.570238523904898]]},"properties":{"BASE_THIK":null,"BASE_TYPE":"NS","BIKELANETYPE":"0","DIST":"5","SHLTYPE":"CG","FEDCLS":"LOC","Inactive":"N","KEYNUM":"238180","LANES":"2","YEARMAIN":1502928000000,"LIMITS":"SLEEPY HOLLOW LN. TO END","LASTTYPEMNT":"SS","MEDIANTYPE":"0","GIS_MILES":0.0399999991,"MPAHCLS":"L","OBJECTID":3436,"PAVE_THIK":0.45000000000000001,"PAVE_TYPE":"AC","PAVE_W":"","PAVE_WFT":37,"ROADNAME":"VINEWOOD LANE","SERVICE_AREA":"NORTH LADERA RANCH","TRACTNO":"TR 15620","STATECLS":"M","STATUS":"M","THMSCOR":"F5","THMSPGE":"922","TRACT_ACCEPT_DATE":1014681600000,"Property_ID":"A1194","Current_OM_Inspector":"Nick Nelson","Day_Swept":"1/3 Tues.","Time_Swept":"8am - 12pm","Road_Closed":"0","Charge_Number":"ER19500","STREETLIGHT_INSEPCT_STATUS":"Complete","SECONDARY_ISLAND_INFO":null,"LAFCO_ISLAND_NUMBER":null}},{"type":"Feature","id":2708,"geometry":{"type":"LineString","coordinates":[[-117.63633964328422,33.570188105762661],[-117.63628282415935,33.57012686603148],[-117.63622190420773,33.570069704181279],[-117.6361571753916,33.570016894163416],[-117.63608894792743,33.569968689072837],[-117.63600742309457,33.569919594856394],[-117.63592274275875,33.56987616927421],[-117.63583530047504,33.569838614148317],[-117.63574550263473,33.569807104017578],[-117.6356537665767,33.569781785326519],[-117.63556051864769,33.569762775744714],[-117.63553172287037,33.569761469103575],[-117.63550301561762,33.56976407635149],[-117.63547492640637,33.569770549396701],[-117.63544797335356,33.569780768841262],[-117.63542636355351,33.569792280250645],[-117.63540690850644,33.569807146223482],[-117.63539012407657,33.569824972578097],[-117.63537645531481,33.569845286636202],[-117.63536626465796,33.569867549756331],[-117.63535982231842,33.569891171616248],[-117.63532686247257,33.57011025643007],[-117.63532136463712,33.570167945987492],[-117.63532152671604,33.570225896698965],[-117.63532734715996,33.570283554600962],[-117.63533877032999,33.570340368528974],[-117.63535568702956,33.57039579538624],[-117.63537793554821,33.570449305335288],[-117.63540530320751,33.570500386862818],[-117.63553291391891,33.570716633209138],[-117.63556892182552,33.570771048401149],[-117.63560979490671,33.570821910702463]]},"properties":{"BASE_THIK":null,"BASE_TYPE":"NS","BIKELANETYPE":"0","DIST":"5","SHLTYPE":"CG","FEDCLS":"LOC","Inactive":"N","KEYNUM":"137550","LANES":"2","YEARMAIN":1467158400000,"LIMITS":"36' SE/WALDEN ST TO END","LASTTYPEMNT":"SS","MEDIANTYPE":"0","GIS_MILES":0.140000001,"MPAHCLS":"L","OBJECTID":2708,"PAVE_THIK":0.5,"PAVE_TYPE":"AC","PAVE_W":"","PAVE_WFT":36.200000000000003,"ROADNAME":"LAURELHURST DRIVE","SERVICE_AREA":"NORTH LADERA RANCH","TRACTNO":"TR 15621","STATECLS":"M","STATUS":"M","THMSCOR":"F6","THMSPGE":"922","TRACT_ACCEPT_DATE":1018310400000,"Property_ID":"A0665","Current_OM_Inspector":"Nick Nelson","Day_Swept":"1/3 Tues.","Time_Swept":"8am - 12pm","Road_Closed":"0","Charge_Number":"ER19500","STREETLIGHT_INSEPCT_STATUS":"Complete","SECONDARY_ISLAND_INFO":null,"LAFCO_ISLAND_NUMBER":null}},{"type":"Feature","id":1862,"geometry":{"type":"LineString","coordinates":[[-117.63617177744899,33.571069335630568],[-117.6362042641603,33.571124594721596],[-117.63624223273894,33.571176241024354],[-117.63628528489282,33.571223732766775],[-117.63633296900291,33.571266571758336],[-117.63638478486071,33.571304308616092],[-117.63647192364903,33.571356428116076],[-117.63656149897695,33.571404238902893],[-117.63681982585851,33.571533341197622],[-117.63728493927736,33.571765783913094]]},"properties":{"BASE_THIK":null,"BASE_TYPE":"NS","BIKELANETYPE":"0","DIST":"5","SHLTYPE":"CG","FEDCLS":"LOC","Inactive":"N","KEYNUM":"3500","LANES":"2","YEARMAIN":1502928000000,"LIMITS":"CLAYMONT DR. E & W TO ENDS","LASTTYPEMNT":"SS","MEDIANTYPE":"PLNT","GIS_MILES":0.0799999982,"MPAHCLS":"L","OBJECTID":1862,"PAVE_THIK":0.40000000000000002,"PAVE_TYPE":"AC","PAVE_W":"","PAVE_WFT":36.5,"ROADNAME":"ALLBROOK COURT","SERVICE_AREA":"NORTH LADERA RANCH","TRACTNO":"TR 15622","STATECLS":"M","STATUS":"M","THMSCOR":"F5","THMSPGE":"922","TRACT_ACCEPT_DATE":1042502400000,"Property_ID":"A1327","Current_OM_Inspector":"Nick Nelson","Day_Swept":"1/3 Tues.","Time_Swept":"8am - 12pm","Road_Closed":"0","Charge_Number":"ER19500","STREETLIGHT_INSEPCT_STATUS":"Complete","SECONDARY_ISLAND_INFO":null,"LAFCO_ISLAND_NUMBER":null}},{"type":"Feature","id":2199,"geometry":{"type":"LineString","coordinates":[[-117.63727083707025,33.570900958169943],[-117.63681982585851,33.571533341197622]]},"properties":{"BASE_THIK":null,"BASE_TYPE":"NS","BIKELANETYPE":"0","DIST":"5","SHLTYPE":"CG","FEDCLS":"LOC","Inactive":"N","KEYNUM":"62100","LANES":"2","YEARMAIN":1502928000000,"LIMITS":"LAURELHURST DR. TO ALLBROOK CT.","LASTTYPEMNT":"SS","MEDIANTYPE":"0","GIS_MILES":0.0500000007,"MPAHCLS":"L","OBJECTID":2199,"PAVE_THIK":0.5,"PAVE_TYPE":"AC","PAVE_W":"","PAVE_WFT":36.600000000000001,"ROADNAME":"CLAYMONT DRIVE","SERVICE_AREA":"NORTH LADERA RANCH","TRACTNO":"TR 15622","STATECLS":"M","STATUS":"M","THMSCOR":"F5","THMSPGE":"922","TRACT_ACCEPT_DATE":1042502400000,"Property_ID":"A1444","Current_OM_Inspector":"Nick Nelson","Day_Swept":"1/3 Tues.","Time_Swept":"8am - 12pm","Road_Closed":"0","Charge_Number":"ER19500","STREETLIGHT_INSEPCT_STATUS":"Complete","SECONDARY_ISLAND_INFO":null,"LAFCO_ISLAND_NUMBER":null}},{"type":"Feature","id":2709,"geometry":{"type":"LineString","coordinates":[[-117.63652712831247,33.570416822534511],[-117.63659905694149,33.570487317325799],[-117.63667491942314,33.570553560266163],[-117.63675446480747,33.570615332226673],[-117.63683742996157,33.570672428868207],[-117.63692354044015,33.570724661317414],[-117.63701251139327,33.570771856791502],[-117.63727083707025,33.570900958169943],[-117.63741557833337,33.570970228022134],[-117.63756224606431,33.571035319668148],[-117.63771071968196,33.571096179593681],[-117.63786087712057,33.571152757763514],[-117.63801259493009,33.571205007662584],[-117.6380317262898,33.571214264330365],[-117.63804915546707,33.571226426509519],[-117.63806444491699,33.571241188878695],[-117.63807721081069,33.571258180840935],[-117.63808713267105,33.571276975827224],[-117.63809396141804,33.571297102005126],[-117.63809752562169,33.571318054123751],[-117.63809848448943,33.571435822781304],[-117.63809298977183,33.571553467093572],[-117.63808105797408,33.57167063367725],[-117.63806272493721,33.571786970584078],[-117.63803804573055,33.571902128357969],[-117.63800709448618,33.572015761084778],[-117.63796996417632,33.57212752743132],[-117.63794397473173,33.572183765050106],[-117.63791289202182,33.572237355964852],[-117.63787698286031,33.572287840151645],[-117.63783655549106,33.572334784254721],[-117.63779195694224,33.572377785306344]]},"properties":{"BASE_THIK":null,"BASE_TYPE":"","BIKELANETYPE":"0","DIST":"5","SHLTYPE":"CG","FEDCLS":"LOC","Inactive":"N","KEYNUM":"137551","LANES":"2","YEARMAIN":1467158400000,"LIMITS":"65' NW'LY/O  WALDEN ST. TO END","LASTTYPEMNT":"SS","MEDIANTYPE":"0","GIS_MILES":0.189999998,"MPAHCLS":"L","OBJECTID":2709,"PAVE_THIK":null,"PAVE_TYPE":"","PAVE_W":"","PAVE_WFT":36.399999999999999,"ROADNAME":"LAURELHURST DRIVE","SERVICE_AREA":"NORTH LADERA RANCH","TRACTNO":"TR 15622","STATECLS":"M","STATUS":"M","THMSCOR":"F5","THMSPGE":"922","TRACT_ACCEPT_DATE":1042502400000,"Property_ID":"A0665","Current_OM_Inspector":"Nick Nelson","Day_Swept":"1/3 Tues.","Time_Swept":"8am - 12pm","Road_Closed":"0","Charge_Number":"ER19500","STREETLIGHT_INSEPCT_STATUS":"Complete","SECONDARY_ISLAND_INFO":null,"LAFCO_ISLAND_NUMBER":null}},{"type":"Feature","id":2152,"geometry":{"type":"LineString","coordinates":[[-117.6371199509837,33.572524767153702],[-117.63677488672872,33.572792033486714],[-117.63673172718104,33.572829423094738],[-117.63669312183859,33.572871498703797],[-117.63665957623998,33.572917709331968],[-117.63663152966623,33.572967449849102],[-117.63661241158148,33.573014303595066],[-117.63659917883871,33.573063146907757],[-117.6365920308799,33.573113243627809],[-117.63659107543806,33.573163838704708],[-117.63659632691346,33.573214169576758],[-117.63660770615662,33.573263477664334],[-117.63662504166125,33.573311019803064],[-117.63664807214911,33.573356079444693],[-117.63667645050803,33.573397977456828],[-117.6369485225831,33.573766241313642],[-117.6369953878373,33.573822424827597],[-117.63704738360131,33.573873896954204],[-117.637104038583,33.5739201911476],[-117.63716483925886,33.573960887794975]]},"properties":{"BASE_THIK":null,"BASE_TYPE":"NS","BIKELANETYPE":"0","DIST":"5","SHLTYPE":"CG","FEDCLS":"LOC","Inactive":"N","KEYNUM":"57400","LANES":"2","YEARMAIN":1467158400000,"LIMITS":"PLEASANTON LN. TO 66' E/ BENJAMIN DR.","LASTTYPEMNT":"SS","MEDIANTYPE":"PLNT","GIS_MILES":0.119999997,"MPAHCLS":"L","OBJECTID":2152,"PAVE_THIK":0.55000000000000004,"PAVE_TYPE":"AC","PAVE_W":"V","PAVE_WFT":36.5,"ROADNAME":"CHANTILLY LANE","SERVICE_AREA":"NORTH LADERA RANCH","TRACTNO":"TR 15623","STATECLS":"M","STATUS":"M","THMSCOR":"F5","THMSPGE":"922","TRACT_ACCEPT_DATE":1012867200000,"Property_ID":"A1415","Current_OM_Inspector":"Nick Nelson","Day_Swept":"1/3 Tues.","Time_Swept":"8am - 12pm","Road_Closed":"0","Charge_Number":"ER19500","STREETLIGHT_INSEPCT_STATUS":"Complete","SECONDARY_ISLAND_INFO":null,"LAFCO_ISLAND_NUMBER":null}},{"type":"Feature","id":3043,"geometry":{"type":"LineString","coordinates":[[-117.63593116070747,33.571932292678937],[-117.63596490905672,33.571885144681282],[-117.63685856984308,33.572333420362874],[-117.63692975511744,33.572372788702417],[-117.63699736385568,33.572418024395802],[-117.63706091363204,33.572468804661327],[-117.6371199509837,33.572524767153702],[-117.63714179777855,33.572547681491812],[-117.63718173455412,33.572596805266656],[-117.63722418782616,33.572643771328742],[-117.63726904120594,33.572688450917148],[-117.63731565810853,33.572726571370836],[-117.63736491886738,33.57276120780012],[-117.6374165636368,33.572792177501235],[-117.63747031999571,33.572819317112021],[-117.63770905819976,33.572929661165837],[-117.63767732182212,33.57297777638729]]},"properties":{"BASE_THIK":null,"BASE_TYPE":"NS","BIKELANETYPE":"0","DIST":"5","SHLTYPE":"CG","FEDCLS":"LOC","Inactive":"N","KEYNUM":"190685","LANES":"2","YEARMAIN":1467158400000,"LIMITS":"CHANTILLY LN. N & S/ TO ENDS","LASTTYPEMNT":"SS","MEDIANTYPE":"0","GIS_MILES":0.129999995,"MPAHCLS":"L","OBJECTID":3043,"PAVE_THIK":0.45000000000000001,"PAVE_TYPE":"AC","PAVE_W":"","PAVE_WFT":36.299999999999997,"ROADNAME":"PLEASANTON LANE","SERVICE_AREA":"NORTH LADERA RANCH","TRACTNO":"TR 15623","STATECLS":"M","STATUS":"M","THMSCOR":"F5","THMSPGE":"922","TRACT_ACCEPT_DATE":1012867200000,"Property_ID":"A0909","Current_OM_Inspector":"Nick Nelson","Day_Swept":"1/3 Tues.","Time_Swept":"8am - 12pm","Road_Closed":"0","Charge_Number":"ER19500","STREETLIGHT_INSEPCT_STATUS":"Complete","SECONDARY_ISLAND_INFO":null,"LAFCO_ISLAND_NUMBER":null}},{"type":"Feature","id":3465,"geometry":{"type":"LineString","coordinates":[[-117.63590225891383,33.572698843578948],[-117.63593600869504,33.572651698290208],[-117.63641289834739,33.572890916671682],[-117.63645294561751,33.572908956788112],[-117.63649066392702,33.572922517888507],[-117.63663152966623,33.572967449849102]]},"properties":{"BASE_THIK":null,"BASE_TYPE":"NS","BIKELANETYPE":"0","DIST":"5","SHLTYPE":"CG","FEDCLS":"LOC","Inactive":"N","KEYNUM":"238570","LANES":"2","YEARMAIN":1467158400000,"LIMITS":"CHANTILLY LN. TO END","LASTTYPEMNT":"SS","MEDIANTYPE":"0","GIS_MILES":0.0500000007,"MPAHCLS":"L","OBJECTID":3465,"PAVE_THIK":0.45000000000000001,"PAVE_TYPE":"AC","PAVE_W":"","PAVE_WFT":36.5,"ROADNAME":"WAVERLY PLACE","SERVICE_AREA":"NORTH LADERA RANCH","TRACTNO":"TR 15623","STATECLS":"M","STATUS":"M","THMSCOR":"F5","THMSPGE":"922","TRACT_ACCEPT_DATE":1012867200000,"Property_ID":"A1212","Current_OM_Inspector":"Nick Nelson","Day_Swept":"1/3 Tues.","Time_Swept":"8am - 12pm","Road_Closed":"0","Charge_Number":"ER19500","STREETLIGHT_INSEPCT_STATUS":"Complete","SECONDARY_ISLAND_INFO":null,"LAFCO_ISLAND_NUMBER":null}},{"type":"Feature","id":2338,"geometry":{"type":"LineString","coordinates":[[-117.63503843241277,33.572256748668131],[-117.63497314176354,33.572262609021053],[-117.63503353278638,33.572734229089164],[-117.63504627318069,33.572811729918463],[-117.63506394434208,33.572888257209307],[-117.63508647390879,33.572963497589505],[-117.63511376962431,33.573037142956657],[-117.6351457197152,33.573108891739786],[-117.63518219334881,33.57317845013425],[-117.63520859154157,33.573230665695803],[-117.63522953943759,33.573285296411541],[-117.63524481956991,33.573341775142097],[-117.63525427331047,33.573399515563281],[-117.63525780251688,33.573457918252871],[-117.63525537055131,33.573516376913418],[-117.63525499177193,33.573520202559877]]},"properties":{"BASE_THIK":null,"BASE_TYPE":"NS","BIKELANETYPE":"0","DIST":"5","SHLTYPE":"CG","FEDCLS":"LOC","Inactive":"N","KEYNUM":"80650","LANES":"2","YEARMAIN":1502928000000,"LIMITS":"WYNDHAM ST. TO END","LASTTYPEMNT":"SS","MEDIANTYPE":"0","GIS_MILES":0.0900000036,"MPAHCLS":"L","OBJECTID":2338,"PAVE_THIK":0.45000000000000001,"PAVE_TYPE":"AC","PAVE_W":"","PAVE_WFT":36.399999999999999,"ROADNAME":"EDENDALE STREET","SERVICE_AREA":"NORTH LADERA RANCH","TRACTNO":"TR 15624","STATECLS":"M","STATUS":"M","THMSCOR":"F5","THMSPGE":"922","TRACT_ACCEPT_DATE":1046131200000,"Property_ID":"A1547","Current_OM_Inspector":"Nick Nelson","Day_Swept":"1/3 Tues.","Time_Swept":"8am - 12pm","Road_Closed":"0","Charge_Number":"ER19500","STREETLIGHT_INSEPCT_STATUS":"Complete","SECONDARY_ISLAND_INFO":null,"LAFCO_ISLAND_NUMBER":null}},{"type":"Feature","id":3375,"geometry":{"type":"LineString","coordinates":[[-117.63445315645473,33.573459637752869],[-117.63443570019584,33.573515715459848],[-117.63442389739838,33.573573249138391],[-117.63441786467776,33.573631670337249],[-117.63441766163922,33.57369040183621],[-117.63442329028884,33.573748863349174],[-117.63443469501375,33.573806477257598],[-117.63445176313161,33.573862674317553],[-117.63447432600391,33.573916899284015],[-117.63450216070223,33.573968616396883],[-117.6345349922108,33.574017314674464],[-117.63474028397133,33.574301773401444],[-117.63477618336074,33.574355815352888],[-117.63480597090067,33.574413452156598],[-117.63482929079596,33.574473995373893],[-117.6348458645038,33.574536721850635],[-117.63485549406073,33.574600882354922],[-117.63485806444717,33.57466571052619],[-117.63485354496135,33.574730432028993],[-117.63484198958592,33.574794273801956]]},"properties":{"BASE_THIK":null,"BASE_TYPE":"NS","BIKELANETYPE":"0","DIST":"5","SHLTYPE":"CG","FEDCLS":"LOC","Inactive":"N","KEYNUM":"234600","LANES":"2","YEARMAIN":1467158400000,"LIMITS":"65' S/O BENJAMIN DR. TO WYNDHAM ST.","LASTTYPEMNT":"SS","MEDIANTYPE":"0","GIS_MILES":0.100000001,"MPAHCLS":"L","OBJECTID":3375,"PAVE_THIK":0.5,"PAVE_TYPE":"AC","PAVE_W":"V","PAVE_WFT":36,"ROADNAME":"THORNHILL STREET","SERVICE_AREA":"NORTH LADERA RANCH","TRACTNO":"TR 15624","STATECLS":"M","STATUS":"M","THMSCOR":"F5","THMSPGE":"922","TRACT_ACCEPT_DATE":1046131200000,"Property_ID":"A1150","Current_OM_Inspector":"Nick Nelson","Day_Swept":"1/3 Tues.","Time_Swept":"8am - 12pm","Road_Closed":"0","Charge_Number":"ER19500","STREETLIGHT_INSEPCT_STATUS":"Complete","SECONDARY_ISLAND_INFO":null,"LAFCO_ISLAND_NUMBER":null}},{"type":"Feature","id":3536,"geometry":{"type":"MultiLineString","coordinates":[[[-117.63385175239625,33.572536507234915],[-117.63384667350427,33.57259825041568],[-117.63384822522707,33.572660182698627],[-117.63385638977496,33.572721594062983],[-117.63387107354575,33.572781780460033],[-117.63393011279176,33.572978844437841],[-117.63395494825915,33.573041362195447],[-117.63398529410864,33.573101398849857],[-117.63402090544088,33.573158469888682],[-117.63406149486254,33.573212114732847],[-117.63410673480575,33.573261900453616],[-117.63415626017169,33.573307425266464],[-117.63420967127693,33.573348321773551],[-117.63426653707911,33.573384259928758],[-117.63432639865545,33.573414949701231],[-117.63438877290646,33.573440143416015],[-117.63445315645473,33.573459637752869],[-117.63453197495834,33.573479185400579],[-117.6346121496304,33.573492088462359],[-117.63469312133394,33.57349825695244],[-117.6347743253735,33.573497647851873],[-117.6348551954333,33.573490265408502],[-117.63493559763381,33.573482897612372],[-117.63501633391456,33.573482225870407],[-117.63509684757862,33.573488254814443],[-117.63517658346406,33.57350094287338],[-117.63525499177193,33.573520202559877]],[[-117.636109157674,33.574764267902665],[-117.6360902018374,33.574702280035886],[-117.63607821213218,33.574638577081984],[-117.6360733354214,33.574573939344859],[-117.63606939450194,33.57451809610734],[-117.63606028186052,33.574462860631513],[-117.63604607634184,33.574408710827619],[-117.63602690085537,33.574356115212389],[-117.63600292131188,33.574305528855362],[-117.63597434518799,33.574257389441513],[-117.63570190847342,33.573836415605712],[-117.63565998374233,33.573780251465166],[-117.63561328956281,33.573727985344583],[-117.63556218661201,33.573680020960097],[-117.63550706962143,33.573636728800189],[-117.635448364328,33.573598443263954],[-117.63538652418561,33.573565460078115],[-117.6353220268624,33.573538034012749],[-117.63525537055131,33.573516376913418]]]},"properties":{"BASE_THIK":null,"BASE_TYPE":"NS","BIKELANETYPE":"0","DIST":"5","SHLTYPE":"CG","FEDCLS":"LOC","Inactive":"N","KEYNUM":"239450","LANES":"2","YEARMAIN":1467158400000,"LIMITS":"EDENDALE ST NW'LY & SE'LY TO ENDS","LASTTYPEMNT":"SS","MEDIANTYPE":"PLNT","GIS_MILES":0.230000004,"MPAHCLS":"L","OBJECTID":3536,"PAVE_THIK":0.5,"PAVE_TYPE":"AC","PAVE_W":"V","PAVE_WFT":31.600000000000001,"ROADNAME":"WYNDHAM STREET","SERVICE_AREA":"NORTH LADERA RANCH","TRACTNO":"TR 15624","STATECLS":"M","STATUS":"M","THMSCOR":"F5","THMSPGE":"922","TRACT_ACCEPT_DATE":1046131200000,"Property_ID":"A1259","Current_OM_Inspector":"Nick Nelson","Day_Swept":"1/3 Tues.","Time_Swept":"8am - 12pm","Road_Closed":"0","Charge_Number":"ER19500","STREETLIGHT_INSEPCT_STATUS":"Complete","SECONDARY_ISLAND_INFO":null,"LAFCO_ISLAND_NUMBER":null}},{"type":"Feature","id":1938,"geometry":{"type":"MultiLineString","coordinates":[[[-117.63959019348191,33.571084014904322],[-117.63952539073902,33.571161492180387],[-117.639465854034,33.571243085712894],[-117.63941184407587,33.571328438206784],[-117.63936359737221,33.57141717590666],[-117.63932132519359,33.571508910233419],[-117.63928521264828,33.571603239485839],[-117.63925541787179,33.571699750599635],[-117.63923207133435,33.571798020956209],[-117.63921608702412,33.571877856230884],[-117.63919563503238,33.571956665400975],[-117.63917078018763,33.572034198658017],[-117.63914160127447,33.572110210237945],[-117.63903193113786,33.572373906916212]],[[-117.63890726971023,33.572337390235305],[-117.63903193113786,33.572373906916212]],[[-117.63888357069939,33.573014913460447],[-117.63887307887454,33.572955089243088],[-117.63886881940653,33.572894501519059],[-117.63887083781708,33.572833797800968],[-117.63887911253509,33.572773626841084],[-117.63889355512705,33.572714631697991],[-117.63891401124221,33.572657442864077],[-117.63903193113786,33.572373906916212]]]},"properties":{"BASE_THIK":null,"BASE_TYPE":"NS","BIKELANETYPE":"0","DIST":"5","SHLTYPE":"CG","FEDCLS":"LOC","Inactive":"N","KEYNUM":"19400","LANES":"2","YEARMAIN":1502928000000,"LIMITS":"WINSLOW STREET TO THALIA STREET","LASTTYPEMNT":"OL","MEDIANTYPE":"0","GIS_MILES":0.150000006,"MPAHCLS":"L","OBJECTID":1938,"PAVE_THIK":0.5,"PAVE_TYPE":"AC","PAVE_W":"","PAVE_WFT":31.100000000000001,"ROADNAME":"ARTISAN STREET","SERVICE_AREA":"NORTH LADERA RANCH","TRACTNO":"TR 15625","STATECLS":"M","STATUS":"M","THMSCOR":"E5","THMSPGE":"922","TRACT_ACCEPT_DATE":1046131200000,"Property_ID":"A0929","Current_OM_Inspector":"Nick Nelson","Day_Swept":"1/3 Tues.","Time_Swept":"8am - 12pm","Road_Closed":"0","Charge_Number":"ER19500","STREETLIGHT_INSEPCT_STATUS":"Complete","SECONDARY_ISLAND_INFO":null,"LAFCO_ISLAND_NUMBER":null}},{"type":"Feature","id":3364,"geometry":{"type":"LineString","coordinates":[[-117.64065514591765,33.572520868449764],[-117.64059145289119,33.572564950498716],[-117.64052404906612,33.572603117932807],[-117.64045348212616,33.572635060625956],[-117.64009773923847,33.572777400360678],[-117.64003168045069,33.572800748763683],[-117.63996409389698,33.572819214112933],[-117.63989534000346,33.572832697936249],[-117.63982578542146,33.572841128327006],[-117.6392849736197,33.572886571000275],[-117.63921464481966,33.572895005471004],[-117.63914516000231,33.572908758309644],[-117.63907692075479,33.572927750031752],[-117.63901032146543,33.572951870874782],[-117.63894574704446,33.572980981432444],[-117.63888357069939,33.573014913460447],[-117.63882744623092,33.573052220654205],[-117.63877485215743,33.573094359070154],[-117.6387262030956,33.573140996517019],[-117.63868188256234,33.573191765336169],[-117.63862186056892,33.573274537144044],[-117.63855731729198,33.573353833911163],[-117.63848845350161,33.573429408974832],[-117.63844707856111,33.573475492843073],[-117.6384098088636,33.573524955740879],[-117.63837691911029,33.573577433095416],[-117.63813395101207,33.574015104889149]]},"properties":{"BASE_THIK":null,"BASE_TYPE":"NS","BIKELANETYPE":"0","DIST":"5","SHLTYPE":"CG","FEDCLS":"LOC","Inactive":"N","KEYNUM":"233350","LANES":"2","YEARMAIN":1502928000000,"LIMITS":"ARTISAN ST. N'LY & W'LY TO ENDS","LASTTYPEMNT":"OL","MEDIANTYPE":"0","GIS_MILES":0.189999998,"MPAHCLS":"L","OBJECTID":3364,"PAVE_THIK":0.45000000000000001,"PAVE_TYPE":"AC","PAVE_W":"","PAVE_WFT":36,"ROADNAME":"THALIA STREET","SERVICE_AREA":"NORTH LADERA RANCH","TRACTNO":"TR 15625","STATECLS":"M","STATUS":"M","THMSCOR":"E5","THMSPGE":"922","TRACT_ACCEPT_DATE":1046131200000,"Property_ID":"A1141","Current_OM_Inspector":"Nick Nelson","Day_Swept":"1/3 Tues.","Time_Swept":"8am - 12pm","Road_Closed":"0","Charge_Number":"ER19500","STREETLIGHT_INSEPCT_STATUS":"Complete","SECONDARY_ISLAND_INFO":null,"LAFCO_ISLAND_NUMBER":null}},{"type":"Feature","id":3513,"geometry":{"type":"LineString","coordinates":[[-117.63940583009916,33.570886479567235],[-117.63944492708153,33.57094200187219],[-117.63948893902426,33.570993715016307],[-117.63953749687968,33.571041185376046],[-117.63959019348191,33.571084014904322],[-117.63964380741874,33.571120275457019],[-117.63969993387354,33.571152510577242],[-117.63975827117383,33.571180547005348],[-117.63981850576407,33.571204234049127],[-117.64084825882534,33.571565033470407],[-117.64087060060383,33.571573349817086],[-117.64089133837714,33.571585108279862],[-117.64090994592573,33.571600010488559],[-117.64092595108434,33.571617678300697],[-117.64093894772324,33.571637663396793],[-117.64094860605363,33.571659458656427],[-117.64095468099605,33.571682511026438],[-117.64095701839925,33.571706235554558],[-117.64094613998614,33.572020327216421],[-117.64094149817011,33.57207399090165],[-117.64093211839194,33.572127031992615],[-117.64091807447822,33.572179033012375],[-117.64089947696606,33.572229584670211]]},"properties":{"BASE_THIK":null,"BASE_TYPE":"NS","BIKELANETYPE":"0","DIST":"5","SHLTYPE":"CG","FEDCLS":"LOC","Inactive":"N","KEYNUM":"239145","LANES":"2","YEARMAIN":1502928000000,"LIMITS":"ARTISAN ST. E'LY & W'LY TO ENDS","LASTTYPEMNT":"OL","MEDIANTYPE":"PLNT","GIS_MILES":0.150000006,"MPAHCLS":"L","OBJECTID":3513,"PAVE_THIK":0.45000000000000001,"PAVE_TYPE":"AC","PAVE_W":"","PAVE_WFT":33.299999999999997,"ROADNAME":"WINSLOW STREET","SERVICE_AREA":"NORTH LADERA RANCH","TRACTNO":"TR 15625","STATECLS":"M","STATUS":"M","THMSCOR":"E5","THMSPGE":"922","TRACT_ACCEPT_DATE":1046131200000,"Property_ID":"A1244","Current_OM_Inspector":"Nick Nelson","Day_Swept":"1/3 Tues.","Time_Swept":"8am - 12pm","Road_Closed":"0","Charge_Number":"ER19500","STREETLIGHT_INSEPCT_STATUS":"Complete","SECONDARY_ISLAND_INFO":null,"LAFCO_ISLAND_NUMBER":null}},{"type":"Feature","id":3534,"geometry":{"type":"LineString","coordinates":[[-117.63923207133435,33.571798020956209],[-117.63968125178614,33.571955400332634],[-117.63974527663501,33.571981908374823],[-117.63980696597852,33.572013472317401],[-117.63986592134573,33.572049888278897]]},"properties":{"BASE_THIK":null,"BASE_TYPE":"NS","BIKELANETYPE":"0","DIST":"5","SHLTYPE":"CG","FEDCLS":"LOC","Inactive":"N","KEYNUM":"239400","LANES":"2","YEARMAIN":1467158400000,"LIMITS":"ARTISAN TO END","LASTTYPEMNT":"OL","MEDIANTYPE":"0","GIS_MILES":0.0399999991,"MPAHCLS":"L","OBJECTID":3534,"PAVE_THIK":0.40000000000000002,"PAVE_TYPE":"AC","PAVE_W":"","PAVE_WFT":36,"ROADNAME":"WYETH STREET","SERVICE_AREA":"NORTH LADERA RANCH","TRACTNO":"TR 15625","STATECLS":"M","STATUS":"M","THMSCOR":"E5","THMSPGE":"922","TRACT_ACCEPT_DATE":1046131200000,"Property_ID":"A1257","Current_OM_Inspector":"Nick Nelson","Day_Swept":"1/3 Tues.","Time_Swept":"8am - 12pm","Road_Closed":"0","Charge_Number":"ER19500","STREETLIGHT_INSEPCT_STATUS":"Complete","SECONDARY_ISLAND_INFO":null,"LAFCO_ISLAND_NUMBER":null}},{"type":"Feature","id":2830,"geometry":{"type":"LineString","coordinates":[[-117.64131642896929,33.570869351340939],[-117.64134509387111,33.570862912758074],[-117.64137229247606,33.57085180565069],[-117.641397270236,33.570836338153988],[-117.64141933421381,33.570816939369784],[-117.64143787230704,33.570794147462337],[-117.64151630831712,33.570669507206134],[-117.6415663386943,33.570586002492348],[-117.64161121843678,33.570499620291756],[-117.64165078268542,33.57041067791662],[-117.6416848861068,33.57031950208367],[-117.64171340342702,33.570226427713877],[-117.64173622989192,33.570131796702228],[-117.64175328165182,33.570035956661805],[-117.64176449606961,33.569939259646858],[-117.64176983195077,33.569842060859642],[-117.64176926969473,33.569744717345564],[-117.64175479113972,33.569395127168271]]},"properties":{"BASE_THIK":null,"BASE_TYPE":"NS","BIKELANETYPE":"0","DIST":"5","SHLTYPE":"CG","FEDCLS":"LOC","Inactive":"N","KEYNUM":"153700","LANES":"2","YEARMAIN":1500249600000,"LIMITS":"WEDGEWOOD LN. TO WINFIELD DR.","LASTTYPEMNT":"SS","MEDIANTYPE":"0","GIS_MILES":0.109999999,"MPAHCLS":"L","OBJECTID":2830,"PAVE_THIK":0.45000000000000001,"PAVE_TYPE":"AC","PAVE_W":"","PAVE_WFT":36.600000000000001,"ROADNAME":"MASON LANE","SERVICE_AREA":"NORTH LADERA RANCH","TRACTNO":"TR 15626","STATECLS":"M","STATUS":"M","THMSCOR":"E6","THMSPGE":"922","TRACT_ACCEPT_DATE":1080000000000,"Property_ID":"A0744","Current_OM_Inspector":"Nick Nelson","Day_Swept":"1/3 Tues.","Time_Swept":"8am - 12pm","Road_Closed":"0","Charge_Number":"ER19500","STREETLIGHT_INSEPCT_STATUS":"Complete","SECONDARY_ISLAND_INFO":null,"LAFCO_ISLAND_NUMBER":null}},{"type":"Feature","id":3586,"geometry":{"type":"LineString","coordinates":[[-117.64131642896929,33.570869351340939],[-117.64128287795479,33.570871924501546],[-117.64124935672938,33.570868988658091],[-117.64121676379793,33.570860622503098],[-117.64096947147833,33.570773983777684],[-117.64086033768115,33.570737653617336],[-117.6407565881676,33.570706557167448],[-117.64050788653431,33.570635929570827],[-117.6404835999481,33.570628454046222],[-117.64046093093165,33.570616971998028],[-117.6404405348795,33.570601815389104],[-117.64042300147145,33.570583422419269],[-117.64040883762404,33.570562324856269],[-117.64039845283492,33.570539132661629],[-117.64039214734356,33.570514516355722],[-117.640390103451,33.570489187632091]]},"properties":{"BASE_THIK":null,"BASE_TYPE":"NS","BIKELANETYPE":"0","DIST":"5","SHLTYPE":"CG","FEDCLS":"LOC","Inactive":"N","KEYNUM":"238583","LANES":"2","YEARMAIN":1502928000000,"LIMITS":"MASON LN. TO WINFIELD DR.","LASTTYPEMNT":"OL","MEDIANTYPE":"0","GIS_MILES":0.0599999987,"MPAHCLS":"L","OBJECTID":3586,"PAVE_THIK":0.40000000000000002,"PAVE_TYPE":"AC","PAVE_W":"","PAVE_WFT":36.600000000000001,"ROADNAME":"WEDGEWOOD LANE","SERVICE_AREA":"NORTH LADERA RANCH","TRACTNO":"TR 15626","STATECLS":"M","STATUS":"M","THMSCOR":"E6","THMSPGE":"922","TRACT_ACCEPT_DATE":1080000000000,"Property_ID":"A1215","Current_OM_Inspector":"Nick Nelson","Day_Swept":"1/3 Tues.","Time_Swept":"8am - 12pm","Road_Closed":"0","Charge_Number":"ER19500","STREETLIGHT_INSEPCT_STATUS":"Complete","SECONDARY_ISLAND_INFO":null,"LAFCO_ISLAND_NUMBER":null}},{"type":"Feature","id":3511,"geometry":{"type":"LineString","coordinates":[[-117.64263861571058,33.569397516312826],[-117.64240114980393,33.569384810747273],[-117.6422715494389,33.569380892710385],[-117.64214189081201,33.569380396624247],[-117.64201226426026,33.569383322834497],[-117.64175479113972,33.569395127168271],[-117.64167479199355,33.569399704946655],[-117.64159540356179,33.569410581359023],[-117.64151712097912,33.569427688570684],[-117.64144043248314,33.569450919886343],[-117.6413658163694,33.569480130415499],[-117.64129373800829,33.569515137976111],[-117.64122464694253,33.569555724230881],[-117.64115897408358,33.569601636048951],[-117.64109712902395,33.569652587084668],[-117.64103949748271,33.569708259563477],[-117.6409864388998,33.569768306263825],[-117.64093828419429,33.569832352682766],[-117.64087483479844,33.56993259453273],[-117.6408220904103,33.570009591753923],[-117.64076435257388,33.570082918998516],[-117.6407018758452,33.57015225297954],[-117.64063493567318,33.570217288015648],[-117.64043546268285,33.570399629465307],[-117.64042126380168,33.570414447174514],[-117.64040939895528,33.570431192267904],[-117.64040012626101,33.57044950045934],[-117.64039364744447,33.570468973457785],[-117.640390103451,33.570489187632091]]},"properties":{"BASE_THIK":null,"BASE_TYPE":"NS","BIKELANETYPE":"0","DIST":"5","SHLTYPE":"CG","FEDCLS":"LOC","Inactive":"N","KEYNUM":"239155","LANES":"2","YEARMAIN":1467158400000,"LIMITS":"WEDGEWOOD LN. TO 270' W/ MASON LN.","LASTTYPEMNT":"SS","MEDIANTYPE":"0","GIS_MILES":0.170000002,"MPAHCLS":"L","OBJECTID":3511,"PAVE_THIK":0.55000000000000004,"PAVE_TYPE":"AC","PAVE_W":"","PAVE_WFT":36.600000000000001,"ROADNAME":"WINFIELD DRIVE","SERVICE_AREA":"NORTH LADERA RANCH","TRACTNO":"TR 15626","STATECLS":"M","STATUS":"M","THMSCOR":"E6","THMSPGE":"922","TRACT_ACCEPT_DATE":1080000000000,"Property_ID":"A1246","Current_OM_Inspector":"Nick Nelson","Day_Swept":"1/3 Tues.","Time_Swept":"8am - 12pm","Road_Closed":"0","Charge_Number":"ER19500","STREETLIGHT_INSEPCT_STATUS":"Complete","SECONDARY_ISLAND_INFO":null,"LAFCO_ISLAND_NUMBER":null}},{"type":"Feature","id":1860,"geometry":{"type":"LineString","coordinates":[[-117.64312527706507,33.568204261724205],[-117.64307674512234,33.568156654008085],[-117.64303319863826,33.568104447228613],[-117.64299507107778,33.568048161055962],[-117.6429627419655,33.567988355766914],[-117.64292558800568,33.567908577346572],[-117.64289259635494,33.567826989577476],[-117.64281665526731,33.56759187065407]]},"properties":{"BASE_THIK":null,"BASE_TYPE":"NS","BIKELANETYPE":"0","DIST":"5","SHLTYPE":"CG","FEDCLS":"LOC","Inactive":"N","KEYNUM":"2950","LANES":"2","YEARMAIN":1502928000000,"LIMITS":"DAWNWOOD TO END","LASTTYPEMNT":"SS","MEDIANTYPE":"0","GIS_MILES":0.0500000007,"MPAHCLS":"L","OBJECTID":1860,"PAVE_THIK":0.40000000000000002,"PAVE_TYPE":"AC","PAVE_W":"","PAVE_WFT":30.399999999999999,"ROADNAME":"ALGERWOOD","SERVICE_AREA":"NORTH LADERA RANCH","TRACTNO":"TR 15627","STATECLS":"M","STATUS":"M","THMSCOR":"E6","THMSPGE":"922","TRACT_ACCEPT_DATE":1019520000000,"Property_ID":"A1299","Current_OM_Inspector":"Nick Nelson","Day_Swept":"1/3 Tues.","Time_Swept":"8am - 12pm","Road_Closed":"0","Charge_Number":"ER19500","STREETLIGHT_INSEPCT_STATUS":"Complete","SECONDARY_ISLAND_INFO":null,"LAFCO_ISLAND_NUMBER":null}},{"type":"Feature","id":2287,"geometry":{"type":"LineString","coordinates":[[-117.64350657934463,33.567314726015113],[-117.64357222979967,33.567313988735243],[-117.64357392376614,33.567419677141409],[-117.64357167973631,33.567479046384683],[-117.64356359782199,33.567537905754179],[-117.64354266578164,33.567616639940503],[-117.64351615851828,33.567693676213779],[-117.64348421168302,33.567768620340473],[-117.6434469887639,33.567841088793635],[-117.64340468024945,33.567910710715573],[-117.64335750265367,33.567977129815745],[-117.64330569740818,33.56804000619406],[-117.64324952962659,33.568099018080332],[-117.6431892867478,33.568153863480916],[-117.64312527706507,33.568204261724205],[-117.64304653861372,33.568259099375368],[-117.64296451310292,33.568308886193719],[-117.64287952407345,33.568353425800538],[-117.64279190675541,33.568392542514133],[-117.64270200674585,33.568426082042834],[-117.64261017864568,33.568453912093588],[-117.64251678466097,33.568475922893768],[-117.64244306583608,33.568489381858569],[-117.64236881716685,33.568499518130011],[-117.64229418833811,33.568506311273445],[-117.64196595641874,33.568528710446529],[-117.64194157259165,33.568529128520005],[-117.6419174566152,33.568525500092072],[-117.64189427534464,33.56851792549606],[-117.64187266978873,33.568506614184777],[-117.64185323738452,33.56849187893873],[-117.64183651547708,33.568474127217094],[-117.64182296646077,33.568453849890687],[-117.64170979435625,33.568210783967459],[-117.64169059854369,33.568183932493149],[-117.64166705434467,33.568160799149581],[-117.641639869134,33.568142078967611],[-117.64160985967905,33.568128334386643],[-117.64157792760034,33.568119978356407],[-117.64154503228274,33.568117261930055],[-117.64151216205119,33.56812026672138],[-117.64148030447697,33.568128902452798],[-117.64145041670649,33.56814290966765],[-117.64123821102118,33.568262697209043]]},"properties":{"BASE_THIK":null,"BASE_TYPE":"NS","BIKELANETYPE":"0","DIST":"5","SHLTYPE":"CG","FEDCLS":"LOC","Inactive":"N","KEYNUM":"72716","LANES":"2","YEARMAIN":1502928000000,"LIMITS":"43' W/ MAYBECK LN. TO END","LASTTYPEMNT":"SS","MEDIANTYPE":"0","GIS_MILES":0.209999993,"MPAHCLS":"L","OBJECTID":2287,"PAVE_THIK":0.5,"PAVE_TYPE":"AC","PAVE_W":"","PAVE_WFT":36.299999999999997,"ROADNAME":"DAWNWOOD","SERVICE_AREA":"NORTH LADERA RANCH","TRACTNO":"TR 15627","STATECLS":"M","STATUS":"M","THMSCOR":"E6","THMSPGE":"922","TRACT_ACCEPT_DATE":1019520000000,"Property_ID":"A1510","Current_OM_Inspector":"Nick Nelson","Day_Swept":"1/3 Tues.","Time_Swept":"8am - 12pm","Road_Closed":"0","Charge_Number":"ER19500","STREETLIGHT_INSEPCT_STATUS":"Complete","SECONDARY_ISLAND_INFO":null,"LAFCO_ISLAND_NUMBER":null}},{"type":"Feature","id":2334,"geometry":{"type":"LineString","coordinates":[[-117.64251678466097,33.568475922893768],[-117.64221092690235,33.567819030819514],[-117.64214975549487,33.567838988632658]]},"properties":{"BASE_THIK":null,"BASE_TYPE":"NS","BIKELANETYPE":"0","DIST":"5","SHLTYPE":"CG","FEDCLS":"LOC","Inactive":"N","KEYNUM":"79910","LANES":"2","YEARMAIN":1502928000000,"LIMITS":"DAWNWOOD TO END","LASTTYPEMNT":"SS","MEDIANTYPE":"0","GIS_MILES":0.0500000007,"MPAHCLS":"L","OBJECTID":2334,"PAVE_THIK":0.40000000000000002,"PAVE_TYPE":"AC","PAVE_W":"","PAVE_WFT":36.399999999999999,"ROADNAME":"EARLYWOOD","SERVICE_AREA":"NORTH LADERA RANCH","TRACTNO":"TR 15627","STATECLS":"M","STATUS":"M","THMSCOR":"E6","THMSPGE":"922","TRACT_ACCEPT_DATE":1019520000000,"Property_ID":"A1542","Current_OM_Inspector":"Nick Nelson","Day_Swept":"1/3 Tues.","Time_Swept":"8am - 12pm","Road_Closed":"0","Charge_Number":"ER19500","STREETLIGHT_INSEPCT_STATUS":"Complete","SECONDARY_ISLAND_INFO":null,"LAFCO_ISLAND_NUMBER":null}},{"type":"Feature","id":2097,"geometry":{"type":"LineString","coordinates":[[-117.64085354160181,33.568912295008836],[-117.64085127181302,33.568863866790338],[-117.64084373155156,33.568815975363705],[-117.6408310108537,33.568769192587666],[-117.6408132616139,33.568724077082855],[-117.64079069577107,33.568681167561472],[-117.64066428885133,33.568466407076876]]},"properties":{"BASE_THIK":null,"BASE_TYPE":"NS","BIKELANETYPE":"0","DIST":"5","SHLTYPE":"CG","FEDCLS":"LOC","Inactive":"N","KEYNUM":"46245","LANES":"2","YEARMAIN":1467158400000,"LIMITS":"DAWNWOOD TO END","LASTTYPEMNT":"SS","MEDIANTYPE":"PLNT","GIS_MILES":0.0299999993,"MPAHCLS":"L","OBJECTID":2097,"PAVE_THIK":0.40000000000000002,"PAVE_TYPE":"AC","PAVE_W":"","PAVE_WFT":25.399999999999999,"ROADNAME":"CALM CREEK CIRCLE","SERVICE_AREA":"NORTH LADERA RANCH","TRACTNO":"TR 15628","STATECLS":"M","STATUS":"M","THMSCOR":"E6","THMSPGE":"922","TRACT_ACCEPT_DATE":1036454400000,"Property_ID":"A1371","Current_OM_Inspector":"Nick Nelson","Day_Swept":"1/3 Tues.","Time_Swept":"8am - 12pm","Road_Closed":"0","Charge_Number":"ER19500","STREETLIGHT_INSEPCT_STATUS":"Complete","SECONDARY_ISLAND_INFO":null,"LAFCO_ISLAND_NUMBER":null}},{"type":"Feature","id":2288,"geometry":{"type":"LineString","coordinates":[[-117.6389861635364,33.569128491663228],[-117.63914515430091,33.569284422696867],[-117.63918683335451,33.569320360195519],[-117.63923222095322,33.569351482746853],[-117.63928076355525,33.569377410783922],[-117.63933186914078,33.569397828091446],[-117.63956949982777,33.569479910587916],[-117.63959676923582,33.569487071996427],[-117.63962481700734,33.569489940602395],[-117.6396529715395,33.569488447717163],[-117.63968055867309,33.569482629087808],[-117.63970691783526,33.569472624041197],[-117.63973141785684,33.569458672147782],[-117.63999279825869,33.56927345333488],[-117.64004714246651,33.569231719787091],[-117.64009721090582,33.569184942299756],[-117.64014253729822,33.569133556503196],[-117.64018269952717,33.569078040944113],[-117.64021732356908,33.569018912628913],[-117.64031834045659,33.568820926731355],[-117.64035441788387,33.568758935876836],[-117.64039545356989,33.568700109698348],[-117.64044117152496,33.568644843837383],[-117.64049126426826,33.568593509990151],[-117.64054539489592,33.568546453407698],[-117.64060319934687,33.568503990573895],[-117.64066428885133,33.568466407076876],[-117.64073575055754,33.568428801074049],[-117.64080985433829,33.568396713434971],[-117.64088617481023,33.568370328354654],[-117.64123821102118,33.568262697209043]]},"properties":{"BASE_THIK":null,"BASE_TYPE":"NS","BIKELANETYPE":"0","DIST":"5","SHLTYPE":"CG","FEDCLS":"LOC","Inactive":"N","KEYNUM":"72717","LANES":"2","YEARMAIN":1502928000000,"LIMITS":"40' NE/O  MAYBECK LN. NE TO END","LASTTYPEMNT":"SS","MEDIANTYPE":"PLNT","GIS_MILES":0.180000007,"MPAHCLS":"L","OBJECTID":2288,"PAVE_THIK":0.5,"PAVE_TYPE":"AC","PAVE_W":"","PAVE_WFT":36,"ROADNAME":"DAWNWOOD","SERVICE_AREA":"NORTH LADERA RANCH","TRACTNO":"TR 15628","STATECLS":"M","STATUS":"M","THMSCOR":"E5","THMSPGE":"922","TRACT_ACCEPT_DATE":1036454400000,"Property_ID":"A1510","Current_OM_Inspector":"Nick Nelson","Day_Swept":"1/3 Tues.","Time_Swept":"8am - 12pm","Road_Closed":"0","Charge_Number":"ER19500","STREETLIGHT_INSEPCT_STATUS":"Complete","SECONDARY_ISLAND_INFO":null,"LAFCO_ISLAND_NUMBER":null}},{"type":"Feature","id":3492,"geometry":{"type":"LineString","coordinates":[[-117.64021732356908,33.569018912628913],[-117.63993212741757,33.568916946627049],[-117.63987967721037,33.568896065139604],[-117.63982919097933,33.568870802494722],[-117.63978103388709,33.568841341414995],[-117.63973555424987,33.568807894989931],[-117.63969308101804,33.568770705134725]]},"properties":{"BASE_THIK":null,"BASE_TYPE":"NS","BIKELANETYPE":"0","DIST":"5","SHLTYPE":"CG","FEDCLS":"LOC","Inactive":"N","KEYNUM":"238805","LANES":"2","YEARMAIN":1502928000000,"LIMITS":"DAWNWOOD TO END","LASTTYPEMNT":"SS","MEDIANTYPE":"0","GIS_MILES":0.0399999991,"MPAHCLS":"L","OBJECTID":3492,"PAVE_THIK":0.40000000000000002,"PAVE_TYPE":"AC","PAVE_W":"","PAVE_WFT":40.600000000000001,"ROADNAME":"WHISPER CIRCLE","SERVICE_AREA":"NORTH LADERA RANCH","TRACTNO":"TR 15628","STATECLS":"M","STATUS":"M","THMSCOR":"E6","THMSPGE":"922","TRACT_ACCEPT_DATE":1036454400000,"Property_ID":"A1231","Current_OM_Inspector":"Nick Nelson","Day_Swept":"1/3 Tues.","Time_Swept":"8am - 12pm","Road_Closed":"0","Charge_Number":"ER19500","STREETLIGHT_INSEPCT_STATUS":"Complete","SECONDARY_ISLAND_INFO":null,"LAFCO_ISLAND_NUMBER":null}},{"type":"Feature","id":1961,"geometry":{"type":"LineString","coordinates":[[-117.63714943408107,33.569503910345439],[-117.6382837727144,33.569358677921194],[-117.63829369799929,33.569413007912601]]},"properties":{"BASE_THIK":null,"BASE_TYPE":"NS","BIKELANETYPE":"0","DIST":"5","SHLTYPE":"CG","FEDCLS":"LOC","Inactive":"N","KEYNUM":"23625","LANES":"2","YEARMAIN":1467158400000,"LIMITS":"WALDEN ST. TO END","LASTTYPEMNT":"SS","MEDIANTYPE":"0","GIS_MILES":0.0700000003,"MPAHCLS":"L","OBJECTID":1961,"PAVE_THIK":0.45000000000000001,"PAVE_TYPE":"AC","PAVE_W":"","PAVE_WFT":36,"ROADNAME":"BANCROFT STREET","SERVICE_AREA":"NORTH LADERA RANCH","TRACTNO":"TR 15629","STATECLS":"M","STATUS":"M","THMSCOR":"F6","THMSPGE":"922","TRACT_ACCEPT_DATE":1039478400000,"Property_ID":"A1163","Current_OM_Inspector":"Nick Nelson","Day_Swept":"1/3 Tues.","Time_Swept":"8am - 12pm","Road_Closed":"0","Charge_Number":"ER19500","STREETLIGHT_INSEPCT_STATUS":"Complete","SECONDARY_ISLAND_INFO":null,"LAFCO_ISLAND_NUMBER":null}},{"type":"Feature","id":2040,"geometry":{"type":"LineString","coordinates":[[-117.63864397776142,33.568723260966401],[-117.63865389677956,33.568777593713811],[-117.63805390989828,33.568854369047983],[-117.63785713069284,33.568876999961979],[-117.63765984236802,33.568894650198573],[-117.63746217096939,33.568907308481201],[-117.63726424278721,33.568914966722609],[-117.63706618427585,33.568917620030028],[-117.63689737299721,33.56891595535069],[-117.63687506037077,33.568916125471624],[-117.63685306061632,33.568919852809103],[-117.63683193718799,33.568927041899151],[-117.63681223109556,33.568937508615988],[-117.63679444704825,33.568950984887763],[-117.63677904052815,33.568967125562423],[-117.63676640612454,33.568985517247647],[-117.63675686742768,33.569005688898606],[-117.6367063293709,33.569176597765328]]},"properties":{"BASE_THIK":null,"BASE_TYPE":"NS","BIKELANETYPE":"0","DIST":"5","SHLTYPE":"CG","FEDCLS":"LOC","Inactive":"N","KEYNUM":"35175","LANES":"2","YEARMAIN":1502928000000,"LIMITS":"WALDEN E & W TO ENDS","LASTTYPEMNT":"SS","MEDIANTYPE":"0","GIS_MILES":0.129999995,"MPAHCLS":"L","OBJECTID":2040,"PAVE_THIK":0.45000000000000001,"PAVE_TYPE":"AC","PAVE_W":"","PAVE_WFT":36,"ROADNAME":"BRAMFORD STREET","SERVICE_AREA":"NORTH LADERA RANCH","TRACTNO":"TR 15629","STATECLS":"M","STATUS":"M","THMSCOR":"F6","THMSPGE":"922","TRACT_ACCEPT_DATE":1039478400000,"Property_ID":"A1328","Current_OM_Inspector":"Nick Nelson","Day_Swept":"1/3 Tues.","Time_Swept":"8am - 12pm","Road_Closed":"0","Charge_Number":"ER19500","STREETLIGHT_INSEPCT_STATUS":"Complete","SECONDARY_ISLAND_INFO":null,"LAFCO_ISLAND_NUMBER":null}},{"type":"Feature","id":3446,"geometry":{"type":"LineString","coordinates":[[-117.63706618427585,33.568917620030028],[-117.63714943408107,33.569503910345439],[-117.63716009100106,33.569578969747774],[-117.63716342777266,33.569619789242296],[-117.63716194449353,33.569660718022647],[-117.63715566171886,33.56970118890009],[-117.63714466651501,33.569740641031466]]},"properties":{"BASE_THIK":null,"BASE_TYPE":"NS","BIKELANETYPE":"0","DIST":"5","SHLTYPE":"CG","FEDCLS":"LOC","Inactive":"N","KEYNUM":"238437","LANES":"2","YEARMAIN":1502928000000,"LIMITS":"131' SW'LY/O SIENNA PKWY. TO BRAMFORD ST.","LASTTYPEMNT":"SS","MEDIANTYPE":"PLNT","GIS_MILES":0.0599999987,"MPAHCLS":"L","OBJECTID":3446,"PAVE_THIK":0.5,"PAVE_TYPE":"AC","PAVE_W":"","PAVE_WFT":40,"ROADNAME":"WALDEN STREET","SERVICE_AREA":"NORTH LADERA RANCH","TRACTNO":"TR 15629","STATECLS":"M","STATUS":"M","THMSCOR":"F6","THMSPGE":"922","TRACT_ACCEPT_DATE":1039478400000,"Property_ID":"A1202","Current_OM_Inspector":"Nick Nelson","Day_Swept":"1/3 Tues.","Time_Swept":"8am - 12pm","Road_Closed":"0","Charge_Number":"ER19500","STREETLIGHT_INSEPCT_STATUS":"Complete","SECONDARY_ISLAND_INFO":null,"LAFCO_ISLAND_NUMBER":null}},{"type":"Feature","id":1939,"geometry":{"type":"LineString","coordinates":[[-117.63445318146246,33.568533113596509],[-117.63446725389267,33.568540735754716],[-117.63448206060592,33.568546809619235],[-117.63453099496078,33.568562511228571],[-117.63458072250732,33.568575483612214],[-117.63465998840664,33.568590386777807],[-117.63479561306765,33.568610044656843],[-117.63486083055462,33.568617254179223],[-117.63492638465254,33.568620075183055],[-117.6349919803899,33.568618494974743],[-117.63504806345728,33.568616873106919],[-117.63512638938913,33.568619983073866],[-117.63517072397404,33.568624544970547],[-117.63521480234597,33.568631137652105],[-117.63530158777789,33.568647248023069],[-117.63546550032221,33.56867969775611],[-117.63582809670606,33.568751475643239]]},"properties":{"BASE_THIK":null,"BASE_TYPE":"NS","BIKELANETYPE":"0","DIST":"5","SHLTYPE":"CG","FEDCLS":"LOC","Inactive":"N","KEYNUM":"19500","LANES":"2","YEARMAIN":1467158400000,"LIMITS":"IRON HORSE TRAIL TO HALF MOON TRAIL","LASTTYPEMNT":"SS","MEDIANTYPE":"0","GIS_MILES":0.0799999982,"MPAHCLS":"L","OBJECTID":1939,"PAVE_THIK":0.5,"PAVE_TYPE":"AC","PAVE_W":"V","PAVE_WFT":43,"ROADNAME":"ASH HOLLOW TRAIL","SERVICE_AREA":"NORTH LADERA RANCH","TRACTNO":"TR 15630","STATECLS":"M","STATUS":"M","THMSCOR":"E6","THMSPGE":"922","TRACT_ACCEPT_DATE":1029196800000,"Property_ID":"A0936","Current_OM_Inspector":"Nick Nelson","Day_Swept":"1/3 Tues.","Time_Swept":"8am - 12pm","Road_Closed":"0","Charge_Number":"ER19500","STREETLIGHT_INSEPCT_STATUS":"Complete","SECONDARY_ISLAND_INFO":null,"LAFCO_ISLAND_NUMBER":null}},{"type":"Feature","id":2503,"geometry":{"type":"LineString","coordinates":[[-117.63607036260068,33.568253236136066],[-117.6360189452201,33.568213059518527],[-117.63596433789446,33.568177339109674],[-117.63590692580159,33.568146326866703],[-117.63584711390298,33.568120241537351],[-117.63578532408741,33.568099267116892],[-117.63572199219504,33.568083551550345],[-117.63565756494326,33.568073205688897],[-117.63560025264819,33.56806780367959],[-117.63544367327131,33.568056815028754],[-117.63528732800674,33.568042886283067],[-117.63516315318176,33.568029683169733],[-117.63496039411257,33.568004036756776],[-117.63475833490732,33.567973360117257],[-117.63470953597211,33.567966604335588],[-117.63466045760623,33.567962327576765],[-117.63461081909142,33.567960528684999],[-117.63458962369339,33.567961844585604],[-117.63456878710615,33.567965944966616],[-117.63454867350738,33.567972758162398],[-117.63452963443852,33.567982165093291],[-117.63451326355191,33.567993113787267],[-117.63449894241566,33.568006633583309],[-117.63448707022748,33.568022347620861],[-117.63447797792131,33.568039817875487],[-117.63447191894265,33.568058557368701],[-117.63443441032301,33.568239984066068],[-117.63442149079516,33.568302443808079],[-117.63439767134093,33.568417720514546],[-117.63439599602206,33.568434717645744],[-117.63439698489032,33.568451768490355],[-117.63440061387472,33.568468457997078],[-117.63440679463859,33.568484379910295],[-117.6344153767299,33.568499146659121],[-117.6344261512436,33.568512398791675],[-117.63443885590665,33.568523813724831],[-117.63445318146246,33.568533113596509]]},"properties":{"BASE_THIK":null,"BASE_TYPE":"NS","BIKELANETYPE":"0","DIST":"5","SHLTYPE":"CG","FEDCLS":"LOC","Inactive":"N","KEYNUM":"107100","LANES":"2","YEARMAIN":1502928000000,"LIMITS":"IRON HORSE TRAIL TO ASH HOLLOW TRAIL","LASTTYPEMNT":"SS","MEDIANTYPE":"0","GIS_MILES":0.129999995,"MPAHCLS":"L","OBJECTID":2503,"PAVE_THIK":0.45000000000000001,"PAVE_TYPE":"AC","PAVE_W":"","PAVE_WFT":36.700000000000003,"ROADNAME":"HALF MOON TRAIL","SERVICE_AREA":"NORTH LADERA RANCH","TRACTNO":"TR 15630","STATECLS":"M","STATUS":"M","THMSCOR":"E6","THMSPGE":"922","TRACT_ACCEPT_DATE":1029196800000,"Property_ID":"A0534","Current_OM_Inspector":"Nick Nelson","Day_Swept":"1/3 Tues.","Time_Swept":"8am - 12pm","Road_Closed":"0","Charge_Number":"ER19500","STREETLIGHT_INSEPCT_STATUS":"Complete","SECONDARY_ISLAND_INFO":null,"LAFCO_ISLAND_NUMBER":null}},{"type":"Feature","id":2600,"geometry":{"type":"LineString","coordinates":[[-117.63780871150541,33.56804219803896],[-117.63771170792015,33.568055730608442],[-117.63754325721418,33.568076018732484],[-117.6373743729402,33.568092308309524],[-117.63722749449761,33.568103217553322],[-117.63704304515545,33.568112653629804],[-117.63685841472721,33.568117365776509],[-117.63673890316943,33.568117899421075],[-117.63673500229829,33.568112713849374],[-117.63662941597573,33.568111545909076],[-117.63652386870554,33.568108835523553],[-117.63650402115833,33.568108152967994],[-117.63643806331652,33.568108880800892],[-117.63637246351594,33.568115782452971],[-117.63636867806828,33.568116370124159],[-117.63637256942576,33.568121568436865],[-117.63630725650829,33.56813489538969],[-117.63624369607398,33.56815498160509],[-117.63618258559384,33.568181606669938],[-117.63612459565474,33.568214478418028],[-117.63607036260068,33.568253236136066],[-117.63603378572284,33.5682855582331],[-117.63600058316891,33.568321337785349],[-117.63597108019448,33.568360224292633],[-117.63594556581377,33.568401836818687],[-117.63592428996827,33.56844576772292],[-117.63590765275082,33.568493685674021],[-117.63590315092031,33.568509668047795],[-117.63583448384743,33.568752740904046],[-117.63582809670606,33.568751475643239],[-117.63578344141662,33.568909558600495],[-117.63577326246559,33.568945592293957]]},"properties":{"BASE_THIK":null,"BASE_TYPE":"NS","BIKELANETYPE":"0","DIST":"5","SHLTYPE":"CG","FEDCLS":"LOC","Inactive":"N","KEYNUM":"117530","LANES":"2","YEARMAIN":1467158400000,"LIMITS":"137' S/O SIENNA PKWY. TO END","LASTTYPEMNT":"SS","MEDIANTYPE":"0","GIS_MILES":0.159999996,"MPAHCLS":"L","OBJECTID":2600,"PAVE_THIK":0.5,"PAVE_TYPE":"AC","PAVE_W":"","PAVE_WFT":36.700000000000003,"ROADNAME":"IRON HORSE TRAIL","SERVICE_AREA":"NORTH LADERA RANCH","TRACTNO":"TR 15630","STATECLS":"M","STATUS":"M","THMSCOR":"F6","THMSPGE":"922","TRACT_ACCEPT_DATE":1029196800000,"Property_ID":"A0591","Current_OM_Inspector":"Nick Nelson","Day_Swept":"1/3 Tues.","Time_Swept":"8am - 12pm","Road_Closed":"0","Charge_Number":"ER19500","STREETLIGHT_INSEPCT_STATUS":"Complete","SECONDARY_ISLAND_INFO":null,"LAFCO_ISLAND_NUMBER":null}},{"type":"Feature","id":3285,"geometry":{"type":"MultiLineString","coordinates":[[[-117.63364254785121,33.567647404217169],[-117.63348886815538,33.56837463729245],[-117.63348011179225,33.568396099445614],[-117.63346796374283,33.568415840843961],[-117.63345275104332,33.568433330031681],[-117.63343488323297,33.568448096184426],[-117.63341484132897,33.568459741784359],[-117.63339316487703,33.568467953321679],[-117.63337043742635,33.568472509734569],[-117.63334727081987,33.56847328836038],[-117.63332428872307,33.568470268237817],[-117.63323200632793,33.568454111424145],[-117.63314045665774,33.568434218184812]],[[-117.63314045665774,33.568434218184812],[-117.63310443715395,33.568425199858304],[-117.63301277221557,33.56839931995961],[-117.63292231455038,33.568369493111049],[-117.63290110611513,33.568359294635137],[-117.63288194044648,33.568345638728658],[-117.63286537564427,33.568328923048455],[-117.63285189407175,33.568309634351273],[-117.63284188830917,33.568288334319533],[-117.63283564972205,33.568265643205251],[-117.6328333599766,33.568242221768436],[-117.63283508574969,33.568218752035925],[-117.63286196087526,33.568091643773101],[-117.63299396253548,33.567466919402356],[-117.63299539559364,33.567448834398157],[-117.63299395988832,33.567430749603908],[-117.63298969131991,33.56741311723718],[-117.63298269662566,33.56739637820241],[-117.63297315071074,33.567380951065893],[-117.63296129227459,33.5673672215894],[-117.63294741784219,33.567355533084012],[-117.6329318743493,33.56734617782552],[-117.63291505046722,33.567339389745932],[-117.63281223828724,33.567298893150017],[-117.63278435778966,33.567290807878337],[-117.63275549697437,33.567287685843183],[-117.63272653241725,33.567289621868653],[-117.63269834384515,33.567296557152773],[-117.63243320399621,33.56738802655584],[-117.63233396405684,33.567419114169674],[-117.63223317004061,33.567444718301957],[-117.6321311246903,33.567464762048651],[-117.63214405925336,33.567518652443226]],[[-117.63311226273028,33.568531308870909],[-117.63314045665774,33.568434218184812]]]},"properties":{"BASE_THIK":null,"BASE_TYPE":"NS","BIKELANETYPE":"0","DIST":"5","SHLTYPE":"CG","FEDCLS":"LOC","Inactive":"N","KEYNUM":"221705","LANES":"2","YEARMAIN":1502928000000,"LIMITS":"117' S'LY AND SE'LY/O SIENNA PKWY.  TO ENDS","LASTTYPEMNT":"SS","MEDIANTYPE":"0","GIS_MILES":0.219999999,"MPAHCLS":"L","OBJECTID":3285,"PAVE_THIK":0.5,"PAVE_TYPE":"AC","PAVE_W":"","PAVE_WFT":36,"ROADNAME":"SKYWOOD STREET","SERVICE_AREA":"NORTH LADERA RANCH","TRACTNO":"TR 15631","STATECLS":"M","STATUS":"M","THMSCOR":"F6","THMSPGE":"922","TRACT_ACCEPT_DATE":1039478400000,"Property_ID":"A1067","Current_OM_Inspector":"Nick Nelson","Day_Swept":"1/3 Tues.","Time_Swept":"8am - 12pm","Road_Closed":"0","Charge_Number":"ER19500","STREETLIGHT_INSEPCT_STATUS":"Complete","SECONDARY_ISLAND_INFO":null,"LAFCO_ISLAND_NUMBER":null}},{"type":"Feature","id":2230,"geometry":{"type":"LineString","coordinates":[[-117.64064250953079,33.567025619658153],[-117.64070016296603,33.566999115780604],[-117.64094053296922,33.567365610920838],[-117.64095092082763,33.567384643849529],[-117.64095796170496,33.567405152043584],[-117.6409614552487,33.567426551929778],[-117.64096130204794,33.567448234561226],[-117.64095750646209,33.567469582945357],[-117.64095017649689,33.567489989600816],[-117.64093952073097,33.567508873843707],[-117.6409258423807,33.567525698311329],[-117.64090953067191,33.567539984253138],[-117.64085706471701,33.567587059321603],[-117.64080934376814,33.567638938503691],[-117.64075699773656,33.56770165258736]]},"properties":{"BASE_THIK":null,"BASE_TYPE":"NS","BIKELANETYPE":"0","DIST":"5","SHLTYPE":"CG","FEDCLS":"LOC","Inactive":"N","KEYNUM":"66300","LANES":"2","YEARMAIN":1502928000000,"LIMITS":"MAYBECK LN. TO END","LASTTYPEMNT":"SS","MEDIANTYPE":"0","GIS_MILES":0.0599999987,"MPAHCLS":"L","OBJECTID":2230,"PAVE_THIK":0.45000000000000001,"PAVE_TYPE":"AC","PAVE_W":"V","PAVE_WFT":36.600000000000001,"ROADNAME":"COURTNEY CIRCLE","SERVICE_AREA":"NORTH LADERA RANCH","TRACTNO":"TR 15632","STATECLS":"M","STATUS":"M","THMSCOR":"E6","THMSPGE":"922","TRACT_ACCEPT_DATE":1026777600000,"Property_ID":"A1473","Current_OM_Inspector":"Nick Nelson","Day_Swept":"1/3 Tues.","Time_Swept":"8am - 12pm","Road_Closed":"0","Charge_Number":"ER19500","STREETLIGHT_INSEPCT_STATUS":"Complete","SECONDARY_ISLAND_INFO":null,"LAFCO_ISLAND_NUMBER":null}},{"type":"Feature","id":2277,"geometry":{"type":"LineString","coordinates":[[-117.63853828228793,33.567977695945046],[-117.63847482733102,33.567991820805013],[-117.63852828186171,33.568160082380643],[-117.63854069597373,33.568184994871544],[-117.63855693456802,33.568207601296216],[-117.63857657960574,33.56822731968542],[-117.63859912535428,33.568243642418146],[-117.63862399140636,33.568256149289603],[-117.638650537622,33.568264518328718],[-117.6386780806078,33.568268534086869],[-117.63870591131001,33.568268093184244],[-117.63929106844506,33.568241366191835],[-117.63932203184601,33.568239454525397],[-117.63936780945215,33.568234811398419],[-117.63941331791182,33.568228019642177],[-117.64002203437812,33.568122119669816]]},"properties":{"BASE_THIK":null,"BASE_TYPE":"NS","BIKELANETYPE":"0","DIST":"5","SHLTYPE":"CG","FEDCLS":"LOC","Inactive":"N","KEYNUM":"71800","LANES":"2","YEARMAIN":1502928000000,"LIMITS":"MAYBECK LANE E & W TO ENDS","LASTTYPEMNT":"SS","MEDIANTYPE":"0","GIS_MILES":0.109999999,"MPAHCLS":"L","OBJECTID":2277,"PAVE_THIK":0.45000000000000001,"PAVE_TYPE":"AC","PAVE_W":"V","PAVE_WFT":36.5,"ROADNAME":"DANBURY","SERVICE_AREA":"NORTH LADERA RANCH","TRACTNO":"TR 15632","STATECLS":"M","STATUS":"M","THMSCOR":"E6","THMSPGE":"922","TRACT_ACCEPT_DATE":1026777600000,"Property_ID":"A1502","Current_OM_Inspector":"Nick Nelson","Day_Swept":"1/3 Tues.","Time_Swept":"8am - 12pm","Road_Closed":"0","Charge_Number":"ER19500","STREETLIGHT_INSEPCT_STATUS":"Complete","SECONDARY_ISLAND_INFO":null,"LAFCO_ISLAND_NUMBER":null}},{"type":"Feature","id":2834,"geometry":{"type":"LineString","coordinates":[[-117.63932203184601,33.568239454525397],[-117.63931217713693,33.568158733506579],[-117.6393029726362,33.568104926879798],[-117.639288877947,33.568052189647645],[-117.6392155692027,33.567821399044121],[-117.63921247125751,33.56780287079598],[-117.63921240959814,33.567784085444188],[-117.63921538584698,33.567765537258651],[-117.63922132169458,33.567747714269089],[-117.63923006096016,33.567731085424242],[-117.63924137370094,33.567716088253185],[-117.6392549622623,33.56770311735329],[-117.63927046910941,33.567692514007767],[-117.63928748623461,33.567684557206043],[-117.63930556589261,33.567679456303146],[-117.63970206703259,33.567563804184793],[-117.63977299741292,33.56754560676854],[-117.63984494217308,33.567531960659352],[-117.63991760958542,33.567522921190623],[-117.64001427168091,33.567516758327805],[-117.6401111289711,33.567517213210628],[-117.6402077289171,33.567524283713787],[-117.64030362018237,33.567537936802303],[-117.64039835474151,33.567558108685894],[-117.64049148997347,33.567584705117021],[-117.64058259072965,33.567617601831209],[-117.64067123136697,33.567656645127656],[-117.64075699773656,33.56770165258736],[-117.64082334574893,33.567743155185461],[-117.64088684153079,33.567788902426685],[-117.64094721395003,33.567838698966618]]},"properties":{"BASE_THIK":null,"BASE_TYPE":"NS","BIKELANETYPE":"0","DIST":"5","SHLTYPE":"CG","FEDCLS":"LOC","Inactive":"N","KEYNUM":"154300","LANES":"2","YEARMAIN":1467158400000,"LIMITS":"77' NW/ COURTNEY CIR. TO DANBURY","LASTTYPEMNT":"SS","MEDIANTYPE":"0","GIS_MILES":0.140000001,"MPAHCLS":"L","OBJECTID":2834,"PAVE_THIK":0.5,"PAVE_TYPE":"AC","PAVE_W":"","PAVE_WFT":36.5,"ROADNAME":"MAYBECK LANE","SERVICE_AREA":"NORTH LADERA RANCH","TRACTNO":"TR 15632","STATECLS":"M","STATUS":"M","THMSCOR":"E6","THMSPGE":"922","TRACT_ACCEPT_DATE":1026777600000,"Property_ID":"A0747","Current_OM_Inspector":"Nick Nelson","Day_Swept":"1/3 Tues.","Time_Swept":"8am - 12pm","Road_Closed":"0","Charge_Number":"ER19500","STREETLIGHT_INSEPCT_STATUS":"Complete","SECONDARY_ISLAND_INFO":null,"LAFCO_ISLAND_NUMBER":null}},{"type":"Feature","id":2262,"geometry":{"type":"LineString","coordinates":[[-117.64396898791756,33.565187969742205],[-117.64378070106177,33.565245610666267],[-117.64359068842555,33.565299136275073],[-117.64335719584584,33.565358671021528],[-117.64313080684269,33.565416336872843],[-117.64290663385665,33.565479782729284],[-117.64268488917232,33.565548949420446],[-117.64246577959123,33.565623771526901],[-117.64224951183104,33.565704178220962],[-117.64203628718406,33.565790096031819],[-117.64182630786405,33.565881441560705],[-117.64161977070317,33.565978131470203],[-117.64037411850043,33.56658254083127],[-117.6401551844441,33.566684829208562],[-117.63993239604476,33.566781106135394],[-117.6397059865723,33.566871272506148],[-117.63947619686766,33.566955230935363],[-117.6392432679329,33.567032893956352],[-117.63900744839796,33.567104179428888],[-117.63876898482802,33.567169010647959],[-117.63852813041031,33.56722732075503],[-117.63828513949778,33.567279048290736],[-117.63804026868539,33.567324137182887],[-117.63779377686758,33.567362540352534],[-117.63754592519467,33.56739421700965],[-117.63729697387041,33.567419134492106],[-117.63704718643115,33.567437266414551],[-117.6367968265143,33.5674485927047],[-117.63654616005502,33.567453102283757],[-117.636295450921,33.567450789508221],[-117.6360449642001,33.56744165774041],[-117.63579496292623,33.567425716679359],[-117.63554571454084,33.567402982289188],[-117.63529747907465,33.567373478733835],[-117.63505051991712,33.567337238257295],[-117.63480509945076,33.567294297625388],[-117.63456147481479,33.567244702681116],[-117.63431990433801,33.567188506469996],[-117.63408064429319,33.567125768374076],[-117.63384394458913,33.567056554159961],[-117.63361005847705,33.566980936772403],[-117.63337923070436,33.566898996465945],[-117.63201003792145,33.566390813691882]]},"properties":{"BASE_THIK":null,"BASE_TYPE":"NS","BIKELANETYPE":"II","DIST":"5","SHLTYPE":"SC","FEDCLS":"OPA","Inactive":"N","KEYNUM":"68307","LANES":"3","YEARMAIN":1561852800000,"LIMITS":"127' W/O  ONEILL DR. TO SIENNA PKWY.","LASTTYPEMNT":"OL","MEDIANTYPE":"PLNT","GIS_MILES":0.74000001,"MPAHCLS":"M","OBJECTID":2262,"PAVE_THIK":1.1000000000000001,"PAVE_TYPE":"AC","PAVE_W":"H","PAVE_WFT":44,"ROADNAME":"CROWN VALLEY PARKWAY (S1/2)","SERVICE_AREA":"NORTH LADERA RANCH","TRACTNO":"TR 15813","STATECLS":"A","STATUS":"M","THMSCOR":"F6","THMSPGE":"922","TRACT_ACCEPT_DATE":1042502400000,"Property_ID":"A1491","Current_OM_Inspector":"Nick Nelson","Day_Swept":"1/3 Wed.","Time_Swept":"12pm - 4pm","Road_Closed":"0","Charge_Number":"ER19500","STREETLIGHT_INSEPCT_STATUS":"Complete","SECONDARY_ISLAND_INFO":null,"LAFCO_ISLAND_NUMBER":null}},{"type":"Feature","id":2422,"geometry":{"type":"MultiLineString","coordinates":[[[-117.63636231191671,33.560769465610264],[-117.63689181080098,33.560925747795338],[-117.63719196662173,33.561014364674158],[-117.6372927971598,33.561046745027497],[-117.63739168630215,33.561084642550057],[-117.63748833242317,33.561127941649133],[-117.63758244073881,33.56117651025648],[-117.63767372420564,33.561230200231094],[-117.63776190439643,33.56128884781112],[-117.63776302495893,33.561287248314926]],[[-117.6377580231963,33.561283664751926],[-117.63776302495893,33.561287248314926]],[[-117.63776302495893,33.561287248314926],[-117.63783942770596,33.561344991943422],[-117.63791225408895,33.561407185386201],[-117.63798124532278,33.561473607641794],[-117.63804615625037,33.561544022681844],[-117.63810675621376,33.56161818028982],[-117.63816282987386,33.561695816950149],[-117.6384769780891,33.562165193922318],[-117.63852428279823,33.562231775817935],[-117.63857509109489,33.562295724244962],[-117.6386292566654,33.562356855049806]],[[-117.63863314669479,33.56236204519692],[-117.63871446040883,33.56244201677567],[-117.63880063338075,33.562516726831269],[-117.63889132577793,33.562585880736385],[-117.63898617994491,33.562649205774953],[-117.63908482181377,33.562706452217689],[-117.63918686237943,33.562757394306935],[-117.63929189923368,33.562801831146935],[-117.63939951815208,33.562839587496107],[-117.63950500006747,33.56287073919944],[-117.63961194840388,33.562896408567127],[-117.63972007842465,33.56291652725767],[-117.63982910224701,33.562931041707543],[-117.6399387296086,33.562939913273837],[-117.64004866864019,33.562943118337103],[-117.64015862664277,33.562940648364261],[-117.64026831086683,33.562932509931301],[-117.64036834118843,33.562920218221443],[-117.64046767210473,33.562903173561253],[-117.64056607790988,33.562881414680668],[-117.64109596426574,33.562750719205539],[-117.64115838712048,33.562737537848058],[-117.64122154458282,33.562728510338353],[-117.64129659396262,33.562722924688423],[-117.64137184986326,33.562723322573071],[-117.64144683598542,33.562729701474069],[-117.6415210777372,33.562742021018948],[-117.6415941052379,33.562760203236529],[-117.64166545629185,33.562784133050421],[-117.64173467931377,33.562813659007318],[-117.64180133618677,33.562848594235589],[-117.64184930828594,33.562879236275279],[-117.64189500369582,33.562913180146744]]]},"properties":{"BASE_THIK":null,"BASE_TYPE":"NS","BIKELANETYPE":"0","DIST":"5","SHLTYPE":"CG","FEDCLS":"LOC","Inactive":"N","KEYNUM":"95610","LANES":"2","YEARMAIN":1501545600000,"LIMITS":"63' W/O SIENNA PKWY. TO 37' NW/O TISBURY WY.","LASTTYPEMNT":"MS&MM","MEDIANTYPE":"0","GIS_MILES":0.379999995,"MPAHCLS":"L","OBJECTID":2422,"PAVE_THIK":0.59999999999999998,"PAVE_TYPE":"AC","PAVE_W":"V","PAVE_WFT":40.700000000000003,"ROADNAME":"FLINTRIDGE AVENUE","SERVICE_AREA":"LADERA RANCH","TRACTNO":"TR 15813","STATECLS":"M","STATUS":"M","THMSCOR":"F6","THMSPGE":"922","TRACT_ACCEPT_DATE":1042502400000,"Property_ID":"A1609","Current_OM_Inspector":"Nick Nelson","Day_Swept":"1/3 Tues.","Time_Swept":"12pm - 4pm","Road_Closed":"0","Charge_Number":"ER19500","STREETLIGHT_INSEPCT_STATUS":"Complete","SECONDARY_ISLAND_INFO":null,"LAFCO_ISLAND_NUMBER":null}},{"type":"Feature","id":2424,"geometry":{"type":"LineString","coordinates":[[-117.63636231191671,33.560769465610264],[-117.63616727588266,33.56071189931307],[-117.63616735773554,33.560711966931926]]},"properties":{"BASE_THIK":null,"BASE_TYPE":"NS","BIKELANETYPE":"0","DIST":"5","SHLTYPE":"CG","FEDCLS":"LOC","Inactive":"N","KEYNUM":"95611","LANES":"1","YEARMAIN":1501545600000,"LIMITS":"SIENNA PARKWAY TO 63'W","LASTTYPEMNT":"MS&MM","MEDIANTYPE":"0","GIS_MILES":0.00999999978,"MPAHCLS":"L","OBJECTID":2424,"PAVE_THIK":0.65000000000000002,"PAVE_TYPE":"AC","PAVE_W":"H","PAVE_WFT":20.600000000000001,"ROADNAME":"FLINTRIDGE AVENUE (N1/2)","SERVICE_AREA":"LADERA RANCH","TRACTNO":"TR 15813","STATECLS":"M","STATUS":"M","THMSCOR":"F6","THMSPGE":"922","TRACT_ACCEPT_DATE":1042502400000,"Property_ID":"A1609","Current_OM_Inspector":"Nick Nelson","Day_Swept":"1/3 Tues.","Time_Swept":"12pm - 4pm","Road_Closed":"0","Charge_Number":"ER19500","STREETLIGHT_INSEPCT_STATUS":"Complete","SECONDARY_ISLAND_INFO":null,"LAFCO_ISLAND_NUMBER":null}},{"type":"Feature","id":2799,"geometry":{"type":"LineString","coordinates":[[-117.63394501641486,33.564756784497192],[-117.63417301417499,33.565068721530139],[-117.6342392108574,33.565151778584969],[-117.6343103716509,33.565230624108537],[-117.63438622921291,33.565304961887662],[-117.63446649855565,33.565374512644205],[-117.6345508781168,33.565439015084301],[-117.63463905089247,33.565498226880003],[-117.63473068562809,33.56555192557969],[-117.63482543806292,33.565599909443769],[-117.63492776573742,33.565645021958801],[-117.63503231292552,33.565684720541135],[-117.63513879341693,33.565718896511207],[-117.63524691570868,33.565747456308245],[-117.6353563838032,33.56577032174642],[-117.63546689801861,33.565787430228895],[-117.63557815580916,33.565798734919163],[-117.63568985259347,33.565804204869302],[-117.63580168258837,33.56580382510468],[-117.635913339646,33.565797596664936],[-117.63598730541122,33.565790497678321],[-117.63606098596676,33.565780879686322]]},"properties":{"BASE_THIK":null,"BASE_TYPE":"NS","BIKELANETYPE":"0","DIST":"5","SHLTYPE":"CG","FEDCLS":"LOC","Inactive":"N","KEYNUM":"148851","LANES":"2","YEARMAIN":1502928000000,"LIMITS":"SIENNA PARKWAY TO 227' E/O WELBE CIR.","LASTTYPEMNT":"SC","MEDIANTYPE":"0","GIS_MILES":0.150000006,"MPAHCLS":"L","OBJECTID":2799,"PAVE_THIK":0.65000000000000002,"PAVE_TYPE":"AC","PAVE_W":"","PAVE_WFT":41,"ROADNAME":"MAIN STREET","SERVICE_AREA":"LADERA RANCH","TRACTNO":"TR 15813","STATECLS":"M","STATUS":"M","THMSCOR":"F6","THMSPGE":"922","TRACT_ACCEPT_DATE":1042502400000,"Property_ID":"A0724","Current_OM_Inspector":"Nick Nelson","Day_Swept":"1/3 Tues.","Time_Swept":"12pm - 4pm","Road_Closed":"0","Charge_Number":"ER19500","STREETLIGHT_INSEPCT_STATUS":"Complete","SECONDARY_ISLAND_INFO":null,"LAFCO_ISLAND_NUMBER":null}},{"type":"Feature","id":2967,"geometry":{"type":"LineString","coordinates":[[-117.64481342079215,33.558342908067786],[-117.64481166777963,33.558469309732118],[-117.64480248779081,33.558618384600535],[-117.6447867534898,33.558766910761058],[-117.6447644953894,33.558914600183677],[-117.64473575665376,33.559061166461049],[-117.64470059301458,33.559206325363867],[-117.64465907266309,33.559349795392095],[-117.64461127611784,33.559491298320864],[-117.64455729606847,33.559630559739993],[-117.64449723719603,33.559767309586171],[-117.64443121596995,33.559901282666658],[-117.64435936042219,33.560032219173571],[-117.64428180989893,33.560159865187728],[-117.64419871479035,33.560283973171025],[-117.64411552360123,33.560399945429211],[-117.64402807046876,33.560512738550614],[-117.64384455166974,33.560740520634305],[-117.64374799139499,33.560861547974284],[-117.64365710934644,33.560986895319417],[-117.64357209851666,33.561116296488279],[-117.64349313943048,33.561249476690982],[-117.64342039976147,33.561386153112636],[-117.64335403397601,33.561526035513964],[-117.64329418300518,33.561668826847644],[-117.64324097394554,33.561814223889066],[-117.6431945197892,33.561961917880282],[-117.64315491918393,33.562111595185655],[-117.64312225622358,33.562262937957875],[-117.64309660026962,33.562415624812942],[-117.64307800580374,33.562569331512606],[-117.64306651231225,33.562723731652937],[-117.64306214420213,33.56287849735746],[-117.64306491074932,33.563033299973391],[-117.64307480607889,33.56318781076957],[-117.64309180917761,33.563341701634521],[-117.64311588393855,33.56349464577324],[-117.64327333216445,33.564325297829022],[-117.64330468090225,33.56447206254694],[-117.6433425989506,33.564617268770625],[-117.64338700956516,33.564760622609434],[-117.6434378228609,33.56490183392188],[-117.64359068842555,33.565299136275073]]},"properties":{"BASE_THIK":null,"BASE_TYPE":"NS","BIKELANETYPE":"0","DIST":"5","SHLTYPE":"CG","FEDCLS":"LOC","Inactive":"N","KEYNUM":"175350","LANES":"4","YEARMAIN":1469923200000,"LIMITS":"CROWN VALLEY PKWY. TO 46' S/O CECIL PASTURE RD.","LASTTYPEMNT":"OL","MEDIANTYPE":"PLNT","GIS_MILES":0.5,"MPAHCLS":"L","OBJECTID":2967,"PAVE_THIK":0.94999999999999996,"PAVE_TYPE":"AC","PAVE_W":"","PAVE_WFT":66,"ROADNAME":"ONEILL DRIVE","SERVICE_AREA":"LADERA RANCH","TRACTNO":"TR 15813","STATECLS":"M","STATUS":"M","THMSCOR":"F6","THMSPGE":"922","TRACT_ACCEPT_DATE":1042502400000,"Property_ID":"A0848","Current_OM_Inspector":"Nick Nelson","Day_Swept":"1/3 Tues.","Time_Swept":"8am - 12pm","Road_Closed":"0","Charge_Number":"ER19500","STREETLIGHT_INSEPCT_STATUS":"Complete","SECONDARY_ISLAND_INFO":null,"LAFCO_ISLAND_NUMBER":null}},{"type":"Feature","id":3118,"geometry":{"type":"LineString","coordinates":[[-117.63776302495893,33.561287248314926],[-117.63826954066573,33.560564533450346],[-117.63833807055562,33.560475883739237],[-117.63841180289512,33.560391511592172],[-117.63849047128109,33.560311721855122],[-117.63857379147586,33.560236802817279],[-117.63866146243431,33.560167025169484],[-117.63875316739151,33.560102641026141],[-117.63884857500723,33.56004388301433],[-117.63894734056312,33.559990963433286],[-117.63904910720824,33.559944073487358],[-117.63915350724837,33.559903382595131],[-117.63926218343099,33.559866515411976],[-117.63937257810352,33.559835167076436],[-117.63948441120009,33.559809417117698],[-117.63959739900564,33.559789330862138],[-117.63971125487564,33.5597749592676],[-117.63982568996335,33.55976633879412],[-117.63994041395259,33.559763491311408],[-117.64005513579421,33.559766424043389],[-117.64016956444456,33.55977512954987],[-117.64027924977016,33.559788792580704],[-117.64038813955693,33.559807781087756],[-117.64049597539751,33.559832050009206],[-117.64060250138569,33.559861541752255],[-117.64075897329978,33.559905582445488],[-117.64091700676356,33.559943641174918],[-117.64107637317326,33.559975662886579],[-117.64123684199696,33.56000160125938],[-117.641398181108,33.560021418772088],[-117.64156015712084,33.560035086757622],[-117.64172253572859,33.560042585444521],[-117.64188508204201,33.56004390398553],[-117.64204756092929,33.56003904047332],[-117.6422097373561,33.560028001943216],[-117.64237137672568,33.560010804363031],[-117.6425149872356,33.559996134241295],[-117.64265912399148,33.559988147587447],[-117.64280347612114,33.559986861626996],[-117.64294773228792,33.559992279133482],[-117.64309158136214,33.560004388422513],[-117.6432347130921,33.560023163376933],[-117.64337681877326,33.56004856350318],[-117.64351759191408,33.560080534018617],[-117.64365672889699,33.560119005969689],[-117.64419871479035,33.560283973171025]]},"properties":{"BASE_THIK":null,"BASE_TYPE":"NS","BIKELANETYPE":"0","DIST":"5","SHLTYPE":"CG","FEDCLS":"LOC","Inactive":"N","KEYNUM":"201300","LANES":"2","YEARMAIN":1501545600000,"LIMITS":"ONEILL DR. TO FLINTRIDGE AVE.","LASTTYPEMNT":"MM&MS","MEDIANTYPE":"0","GIS_MILES":0.430000007,"MPAHCLS":"L","OBJECTID":3118,"PAVE_THIK":0.75,"PAVE_TYPE":"AC","PAVE_W":"","PAVE_WFT":36.899999999999999,"ROADNAME":"ROANOKE DRIVE","SERVICE_AREA":"LADERA RANCH","TRACTNO":"TR 15813","STATECLS":"M","STATUS":"M","THMSCOR":"F6","THMSPGE":"922","TRACT_ACCEPT_DATE":1042502400000,"Property_ID":"A0967","Current_OM_Inspector":"Nick Nelson","Day_Swept":"1/3 Tues.","Time_Swept":"12pm - 4pm","Road_Closed":"0","Charge_Number":"ER19500","STREETLIGHT_INSEPCT_STATUS":"Complete","SECONDARY_ISLAND_INFO":null,"LAFCO_ISLAND_NUMBER":null}},{"type":"Feature","id":3251,"geometry":{"type":"LineString","coordinates":[[-117.63201003792145,33.566390813691882],[-117.63226509597281,33.56590918605314],[-117.63231462158608,33.565823137302665],[-117.63237053764188,33.565739877816263],[-117.63243262104542,33.565659740086865],[-117.63250062478427,33.565583042445311],[-117.63257427583163,33.565510092690225],[-117.6326572041396,33.565438040789132],[-117.63274561095153,33.565370708861089],[-117.6328391131056,33.565308386990601],[-117.63292600150385,33.565257610923624],[-117.63301629672969,33.565211187379717],[-117.63378392645025,33.564842013197342],[-117.63386554032161,33.564800814401323],[-117.63394501641486,33.564756784497192],[-117.63405436152171,33.564689249590884],[-117.63415867206605,33.564616347665229],[-117.63425757305788,33.564538340789255],[-117.63435071027324,33.564455509737591],[-117.63443774591782,33.56436815223492],[-117.63451836831943,33.564276582848343],[-117.63459228760557,33.564181132133086],[-117.63465923670907,33.564082142112852],[-117.63471897573231,33.563979969837675],[-117.6347712886308,33.563874982010546],[-117.63481598863982,33.563767557631934],[-117.63485291388092,33.563658082638206],[-117.63488193168337,33.563546950755033],[-117.63490293749209,33.563434562608016],[-117.63493988378582,33.563188766076294],[-117.63497075554348,33.562983384043697],[-117.63502988276942,33.562590019543286],[-117.63503755839174,33.562544090384264],[-117.6350569366159,33.562455410886592],[-117.63508209510803,33.562367727506199],[-117.63511295774926,33.562281335043231],[-117.63514943889126,33.562196470693827],[-117.63519139819122,33.562113454317306],[-117.6352387322443,33.562032489942993],[-117.63529129840363,33.561953819907693],[-117.63534893887658,33.56187768220812],[-117.6358747489904,33.561223507337061],[-117.63594733320866,33.561127257220086],[-117.63601308997582,33.561027626790818],[-117.63607179530372,33.560924956694102],[-117.63612324901331,33.560819594522656],[-117.63616727588266,33.56071189931307]]},"properties":{"BASE_THIK":null,"BASE_TYPE":"NS","BIKELANETYPE":"0","DIST":"5","SHLTYPE":"WC","FEDCLS":"LOC","Inactive":"N","KEYNUM":"217677","LANES":"2","YEARMAIN":1600300800000,"LIMITS":"CROWN VALLEY PKWY. TO FLINTRIDGE AVE.","LASTTYPEMNT":"OL","MEDIANTYPE":"0","GIS_MILES":0.479999989,"MPAHCLS":"L","OBJECTID":3251,"PAVE_THIK":0.90000000000000002,"PAVE_TYPE":"AC","PAVE_W":"H","PAVE_WFT":19,"ROADNAME":"SIENNA PARKWAY  (W1/2)","SERVICE_AREA":"LADERA RANCH","TRACTNO":"TR 15813","STATECLS":"M","STATUS":"M","THMSCOR":"F6","THMSPGE":"922","TRACT_ACCEPT_DATE":1042502400000,"Property_ID":"A1049","Current_OM_Inspector":"Nick Nelson","Day_Swept":"1/3 Wed.","Time_Swept":"5am - 8am","Road_Closed":"0","Charge_Number":"ER19500","STREETLIGHT_INSEPCT_STATUS":"Complete","SECONDARY_ISLAND_INFO":null,"LAFCO_ISLAND_NUMBER":null}},{"type":"Feature","id":3470,"geometry":{"type":"LineString","coordinates":[[-117.63863314669479,33.56236204519692],[-117.6380353120676,33.562753042803806],[-117.6379841301305,33.562788466791517],[-117.63793733554715,33.562829512090403],[-117.63789554244649,33.562875640024757],[-117.63785929931831,33.562926245214712],[-117.63782908181494,33.562980663521202],[-117.63780528650886,33.563038180762085],[-117.63778822568803,33.563098042085016],[-117.63777812325749,33.563159461874079],[-117.63777699169259,33.563210954201665],[-117.63778130041699,33.563262278417518],[-117.63779100131217,33.563312861348152],[-117.63780598604141,33.56336213809854],[-117.63782608725975,33.563409558360661],[-117.6378510804828,33.563454592559232]]},"properties":{"BASE_THIK":null,"BASE_TYPE":"NS","BIKELANETYPE":"0","DIST":"5","SHLTYPE":"CG","FEDCLS":"LOC","Inactive":"N","KEYNUM":"238587","LANES":"2","YEARMAIN":1502928000000,"LIMITS":"FLINTRIDGE AVENUE TO 33' S/O NEWKIRK RD.","LASTTYPEMNT":"SC","MEDIANTYPE":"0","GIS_MILES":0.100000001,"MPAHCLS":"L","OBJECTID":3470,"PAVE_THIK":0.55000000000000004,"PAVE_TYPE":"AC","PAVE_W":"V","PAVE_WFT":35.899999999999999,"ROADNAME":"WELDON HEIGHTS","SERVICE_AREA":"LADERA RANCH","TRACTNO":"TR 15813","STATECLS":"M","STATUS":"M","THMSCOR":"F6","THMSPGE":"922","TRACT_ACCEPT_DATE":1042502400000,"Property_ID":"A1218","Current_OM_Inspector":"Nick Nelson","Day_Swept":"1/3 Tues.","Time_Swept":"12pm - 4pm","Road_Closed":"0","Charge_Number":"ER19500","STREETLIGHT_INSEPCT_STATUS":"Complete","SECONDARY_ISLAND_INFO":null,"LAFCO_ISLAND_NUMBER":null}},{"type":"Feature","id":2133,"geometry":{"type":"LineString","coordinates":[[-117.64481166777963,33.558469309732118],[-117.64507780422514,33.558475562094245],[-117.64517295785065,33.558480454149439],[-117.64526766406684,33.558490888576529],[-117.64536160032621,33.558506829838279],[-117.64545444670361,33.558528223642433],[-117.64554588698573,33.558554997126642],[-117.64598987170579,33.558700001573953],[-117.64607615981556,33.558722704184177],[-117.64616035738293,33.558752230715484],[-117.64624192569606,33.558788392251586],[-117.64632034286561,33.558830957424206],[-117.64639510716383,33.558879653893399],[-117.64646574023473,33.558934170090019],[-117.6465317901547,33.558994157209234],[-117.64659283432397,33.559059231442212],[-117.64664848217051,33.559128976431822],[-117.64669837764897,33.559202945936548],[-117.64674220151872,33.559280666685645],[-117.64677967338645,33.559361641407186],[-117.64681055350012,33.559445352009739],[-117.64683464428296,33.559531262897188],[-117.64685179159765,33.559618824395571],[-117.64686188573245,33.559707476270013],[-117.6468648621032,33.55979665130922],[-117.64686070166651,33.559885778954573],[-117.64684943104164,33.559974288950706],[-117.64683112234016,33.560061614994069],[-117.64680589270458,33.560147198356283],[-117.64677390355881,33.56023049145896],[-117.646677839511,33.560426981370128],[-117.64655259217037,33.560683109400067],[-117.64652407398435,33.560747938173208],[-117.6465011998186,33.56081496674399],[-117.64648413700502,33.560883704776792],[-117.64647301036358,33.560953649430701],[-117.64646834435729,33.561026248404005],[-117.6464701528712,33.561098974684107],[-117.64647842157505,33.561171252004726],[-117.64649308494955,33.561242507657049],[-117.64651402680551,33.561312177027716],[-117.64654108120446,33.5613797080727],[-117.64657403377362,33.561444565691573],[-117.64676738937689,33.561792875907095],[-117.64679334991006,33.561832630599262],[-117.64682396594308,33.561868921691179],[-117.64685878021237,33.561901207159821],[-117.64689727275186,33.56192900480783],[-117.64714732233298,33.561899677771827],[-117.64723755108626,33.561892334873022],[-117.6473280769346,33.561891869187384],[-117.64741837645762,33.561898283407515],[-117.64750792754361,33.561911540446395],[-117.64759621240825,33.561931563651846],[-117.64768272058853,33.561958237249705],[-117.64776695189427,33.561991407013259],[-117.64782574226464,33.562019693144592],[-117.64788262987069,33.562051633920284],[-117.64793738781309,33.562087101942794],[-117.64798979768672,33.562125955745955],[-117.64804625503602,33.562172933318173],[-117.6480981828727,33.562224873903077],[-117.64814514658499,33.562281342782192],[-117.64818675310856,33.562341867337359],[-117.64822265421621,33.562405941006304],[-117.64825254943243,33.562473027522309],[-117.64827618854818,33.562542565402545],[-117.64829337371513,33.562613972647405],[-117.64830396110145,33.562686651611578],[-117.64835224728638,33.563276442237196]]},"properties":{"BASE_THIK":null,"BASE_TYPE":"NS","BIKELANETYPE":"0","DIST":"5","SHLTYPE":"CG","FEDCLS":"LOC","Inactive":"N","KEYNUM":"54995","LANES":"2","YEARMAIN":1501545600000,"LIMITS":"92' S/O CROWN VALLEY PKWY. TO 73' W/O O'NEILL DR.","LASTTYPEMNT":"MS","MEDIANTYPE":"PNT","GIS_MILES":0.479999989,"MPAHCLS":"L","OBJECTID":2133,"PAVE_THIK":0.90000000000000002,"PAVE_TYPE":"AC","PAVE_W":"V","PAVE_WFT":55,"ROADNAME":"CECIL PASTURE ROAD","SERVICE_AREA":"LADERA RANCH","TRACTNO":"TR 15827","STATECLS":"M","STATUS":"M","THMSCOR":"E6","THMSPGE":"922","TRACT_ACCEPT_DATE":1042502400000,"Property_ID":"A1400","Current_OM_Inspector":"Nick Nelson","Day_Swept":"1/3 Tues.","Time_Swept":"8am - 12pm","Road_Closed":"0","Charge_Number":"ER19500","STREETLIGHT_INSEPCT_STATUS":"Complete","SECONDARY_ISLAND_INFO":null,"LAFCO_ISLAND_NUMBER":null}},{"type":"Feature","id":2260,"geometry":{"type":"LineString","coordinates":[[-117.64925503058736,33.563107134929552],[-117.64924157062879,33.563108972358947],[-117.64923098791432,33.563110428497694],[-117.64921638823468,33.563112457268268],[-117.64920695694776,33.563113780540867],[-117.64919122095098,33.563116011434531],[-117.64918676338536,33.563116646725931],[-117.64916606662386,33.563119634881808],[-117.6491614813991,33.563120302264664],[-117.64914092742144,33.563123328487443],[-117.64913621344628,33.563124027072341],[-117.64911096063247,33.563127822939883],[-117.64896537829893,33.563151126501779],[-117.64875966569964,33.563188226059687],[-117.64855523753758,33.563230008763327],[-117.64835224728638,33.563276442237196],[-117.64810741876549,33.563339169194407],[-117.64786521220309,33.563408663328843],[-117.64764952810785,33.563476983775431],[-117.64743637892641,33.563550672136031],[-117.64722595633707,33.563629660447745],[-117.64701844660712,33.563713879005888],[-117.6468140380734,33.563803252673587],[-117.64661291038797,33.563897701903684],[-117.64641524527303,33.563997141716627],[-117.64622121901101,33.564101483587663],[-117.64603100457013,33.564210633619993],[-117.6458563054389,33.564317234352167],[-117.64566340653205,33.564434571665359],[-117.64546626772028,33.56454686151789],[-117.64526507905425,33.564653998064436],[-117.64506002956864,33.56475587907866],[-117.64485131805128,33.564852405832767],[-117.64463914234578,33.564943487725834],[-117.64442370571228,33.56502903590107],[-117.64420521369722,33.565108969592217],[-117.64398387516705,33.5651832134077],[-117.64398378835432,33.565183240528953],[-117.64398351617072,33.565183328336204],[-117.64396898791756,33.565187969742205]]},"properties":{"BASE_THIK":null,"BASE_TYPE":"NS","BIKELANETYPE":"II","DIST":"5","SHLTYPE":"SC","FEDCLS":"OPA","Inactive":"N","KEYNUM":"68305","LANES":"3","YEARMAIN":1561852800000,"LIMITS":"282'W/ CECIL PASTURE TO 127'W/ ONEILL","LASTTYPEMNT":"OL","MEDIANTYPE":"PLNT","GIS_MILES":0.340000004,"MPAHCLS":"M","OBJECTID":2260,"PAVE_THIK":1.1000000000000001,"PAVE_TYPE":"AC","PAVE_W":"H","PAVE_WFT":56,"ROADNAME":"CROWN VALLEY PARKWAY (S1/2)","SERVICE_AREA":"NORTH LADERA RANCH","TRACTNO":"TR 15827","STATECLS":"A","STATUS":"M","THMSCOR":"E6","THMSPGE":"922","TRACT_ACCEPT_DATE":1042502400000,"Property_ID":"A1491","Current_OM_Inspector":"Nick Nelson","Day_Swept":"1/3 Wed.","Time_Swept":"12pm - 4pm","Road_Closed":"0","Charge_Number":"ER19500","STREETLIGHT_INSEPCT_STATUS":"Complete","SECONDARY_ISLAND_INFO":null,"LAFCO_ISLAND_NUMBER":null}},{"type":"Feature","id":2261,"geometry":{"type":"LineString","coordinates":[[-117.63201003792145,33.566390813691882],[-117.63081147880608,33.565945951106436],[-117.63057368844584,33.565860799716816],[-117.63033330936116,33.565780904670888],[-117.63009050826045,33.565706320913904],[-117.62984545177866,33.565637098884423],[-117.62959830868847,33.56557328809663],[-117.6293492487236,33.565514930841751],[-117.62909844589539,33.565462067561377],[-117.62909818008917,33.565462014598843],[-117.62905651579996,33.565453799726441],[-117.62886105336804,33.565417383480138]]},"properties":{"BASE_THIK":null,"BASE_TYPE":"NS","BIKELANETYPE":"II","DIST":"5","SHLTYPE":"SC","FEDCLS":"OPA","Inactive":"N","KEYNUM":"68306","LANES":"3","YEARMAIN":1517875200000,"LIMITS":"SIENNA PKWY. TO 61' W/O ANTONIO PKWY.","LASTTYPEMNT":"REAS","MEDIANTYPE":"PLNT","GIS_MILES":0.189999998,"MPAHCLS":"M","OBJECTID":2261,"PAVE_THIK":1.1000000000000001,"PAVE_TYPE":"AC","PAVE_W":"H","PAVE_WFT":43.5,"ROADNAME":"CROWN VALLEY PARKWAY (S1/2)","SERVICE_AREA":"NORTH LADERA RANCH","TRACTNO":"TR 15884","STATECLS":"A","STATUS":"M","THMSCOR":"F6","THMSPGE":"922","TRACT_ACCEPT_DATE":1042502400000,"Property_ID":"A1491","Current_OM_Inspector":"Nick Nelson","Day_Swept":"1/3 Wed.","Time_Swept":"12pm - 4pm","Road_Closed":"0","Charge_Number":"ER19500","STREETLIGHT_INSEPCT_STATUS":"Complete","SECONDARY_ISLAND_INFO":null,"LAFCO_ISLAND_NUMBER":null}},{"type":"Feature","id":2414,"geometry":{"type":"LineString","coordinates":[[-117.63339407737973,33.56393357262435],[-117.63227143391526,33.564460119193747]]},"properties":{"BASE_THIK":null,"BASE_TYPE":"NS","BIKELANETYPE":"0","DIST":"5","SHLTYPE":"CG","FEDCLS":"LOC","Inactive":"N","KEYNUM":"94750","LANES":"2","YEARMAIN":1502928000000,"LIMITS":"MAIN STREET TO MERCANTILE WAY","LASTTYPEMNT":"SC","MEDIANTYPE":"0","GIS_MILES":0.0700000003,"MPAHCLS":"L","OBJECTID":2414,"PAVE_THIK":0.55000000000000004,"PAVE_TYPE":"AC","PAVE_W":"","PAVE_WFT":37,"ROADNAME":"FIRST STREET","SERVICE_AREA":"LADERA RANCH","TRACTNO":"TR 15884","STATECLS":"M","STATUS":"M","THMSCOR":"F6","THMSPGE":"922","TRACT_ACCEPT_DATE":1042502400000,"Property_ID":"A1605","Current_OM_Inspector":"Nick Nelson","Day_Swept":"1/3 Wed.","Time_Swept":"8am - 12pm","Road_Closed":"0","Charge_Number":"ER19500","STREETLIGHT_INSEPCT_STATUS":"Complete","SECONDARY_ISLAND_INFO":null,"LAFCO_ISLAND_NUMBER":null}},{"type":"Feature","id":2798,"geometry":{"type":"LineString","coordinates":[[-117.63299938818281,33.559643802151683],[-117.63345648747529,33.560159521740076],[-117.63347618919688,33.560182582302566],[-117.63351925384536,33.560237877961356],[-117.63355671414519,33.560297113928193],[-117.63358821217136,33.560359724216298],[-117.6336134469671,33.560425110598011],[-117.63363217741943,33.560492648320697],[-117.63364422456294,33.560561692076121],[-117.63364947328982,33.560631582166231],[-117.63364787344962,33.560701650806443],[-117.63363944032847,33.560771228506155],[-117.63362425450299,33.560839650465603],[-117.63360942529536,33.56089242545432],[-117.63327112281247,33.562096240403037],[-117.63311926246286,33.562636617939525],[-117.63309670195967,33.56272818978713],[-117.63308041190916,33.562821082272464],[-117.63307046751754,33.562914866539018],[-117.63306691469508,33.563009109613198],[-117.63306976984407,33.563103376403227],[-117.63307901978315,33.563197231707839],[-117.63309462180817,33.563290242225484],[-117.63311650388927,33.563381978554737],[-117.63314532124068,33.56347448212518],[-117.63318005748906,33.563564929586917],[-117.63322056735622,33.563652942659523],[-117.63326668141684,33.56373815324396],[-117.63331820680708,33.563820204962092],[-117.63339407737973,33.56393357262435],[-117.63394501641486,33.564756784497192]]},"properties":{"BASE_THIK":null,"BASE_TYPE":"NS","BIKELANETYPE":"0","DIST":"5","SHLTYPE":"CG","FEDCLS":"LOC","Inactive":"N","KEYNUM":"148850","LANES":"2","YEARMAIN":1502928000000,"LIMITS":"WINDMILL AVE. TO SIENNA PKWY.","LASTTYPEMNT":"SC","MEDIANTYPE":"0","GIS_MILES":0.379999995,"MPAHCLS":"L","OBJECTID":2798,"PAVE_THIK":0.65000000000000002,"PAVE_TYPE":"AC","PAVE_W":"V","PAVE_WFT":36.899999999999999,"ROADNAME":"MAIN STREET","SERVICE_AREA":"LADERA RANCH","TRACTNO":"TR 15884","STATECLS":"M","STATUS":"M","THMSCOR":"F6","THMSPGE":"922","TRACT_ACCEPT_DATE":1042502400000,"Property_ID":"A0724","Current_OM_Inspector":"Nick Nelson","Day_Swept":"1/3 Wed.","Time_Swept":"8am - 12pm","Road_Closed":"0","Charge_Number":"ER19500","STREETLIGHT_INSEPCT_STATUS":"Complete","SECONDARY_ISLAND_INFO":null,"LAFCO_ISLAND_NUMBER":null}},{"type":"Feature","id":2863,"geometry":{"type":"LineString","coordinates":[[-117.6328391131056,33.565308386990601],[-117.63227143391526,33.564460119193747],[-117.632224485192,33.564396101914838],[-117.63217258246141,33.564336031113498],[-117.63211605610194,33.564280289160706],[-117.631945767061,33.564124777559698],[-117.6318972481138,33.564077490960685],[-117.63185291264979,33.564026261308015],[-117.6318130798882,33.563971457459729],[-117.63177803662846,33.563913474008388],[-117.63174803518515,33.563852728439976],[-117.63172329157132,33.563789658127966],[-117.63169671168987,33.56370513702737],[-117.63167313852823,33.563619728523136],[-117.63164444502588,33.563495001202682],[-117.63162237525968,33.563368933177536],[-117.63160699076462,33.563241875950837],[-117.63159833443575,33.563114183783831],[-117.63159643040869,33.56298621270809],[-117.63160128399225,33.562858319532857],[-117.63161288165365,33.562730860850159],[-117.63163119105627,33.562604192040581],[-117.63165616114979,33.562478666282374],[-117.63168772231253,33.562354633566727],[-117.63183959432138,33.561814261310943],[-117.63212939194628,33.560783142135307],[-117.63214314001381,33.560724920675263],[-117.63215185459954,33.560665736186031],[-117.63215547174973,33.560606023004951],[-117.63215413133416,33.560549927563223],[-117.63214827023852,33.560494123057538],[-117.63213792666413,33.560438973209251],[-117.6320635872781,33.560114550804542]]},"properties":{"BASE_THIK":null,"BASE_TYPE":"NS","BIKELANETYPE":"0","DIST":"5","SHLTYPE":"CG","FEDCLS":"LOC","Inactive":"N","KEYNUM":"157350","LANES":"2","YEARMAIN":1475280000000,"LIMITS":"SIENNA PARKWAY TO WINDMILL AVENUE","LASTTYPEMNT":"SS","MEDIANTYPE":"0","GIS_MILES":0.379999995,"MPAHCLS":"L","OBJECTID":2863,"PAVE_THIK":0.69999999999999996,"PAVE_TYPE":"AC","PAVE_W":"","PAVE_WFT":36.600000000000001,"ROADNAME":"MERCANTILE WAY","SERVICE_AREA":"LADERA RANCH","TRACTNO":"TR 15884","STATECLS":"M","STATUS":"M","THMSCOR":"F6","THMSPGE":"922","TRACT_ACCEPT_DATE":1042502400000,"Property_ID":"A0769","Current_OM_Inspector":"Nick Nelson","Day_Swept":"1/3 Wed.","Time_Swept":"8am - 12pm","Road_Closed":"0","Charge_Number":"ER19500","STREETLIGHT_INSEPCT_STATUS":"Complete","SECONDARY_ISLAND_INFO":null,"LAFCO_ISLAND_NUMBER":null}},{"type":"Feature","id":3216,"geometry":{"type":"LineString","coordinates":[[-117.63168772231253,33.562354633566727],[-117.63240348959484,33.562495626477848],[-117.63311926246286,33.562636617939525],[-117.63323110000614,33.562658658835268],[-117.63330910210385,33.562671243082512],[-117.63338777513158,33.562678540015746],[-117.63346676110694,33.562680516432046],[-117.6335457006236,33.562677163338222],[-117.63362423448655,33.562668495991701],[-117.63370200534668,33.562654553831138],[-117.63428729119221,33.562528493668566],[-117.6343818431875,33.562511574387649],[-117.63447732565956,33.562501113058381],[-117.63457329804621,33.562497157949998],[-117.63466931752475,33.562499727311625],[-117.63476494105525,33.562508809288062],[-117.63503755839174,33.562544090384264]]},"properties":{"BASE_THIK":null,"BASE_TYPE":"NS","BIKELANETYPE":"0","DIST":"5","SHLTYPE":"CG","FEDCLS":"LOC","Inactive":"N","KEYNUM":"213325","LANES":"2","YEARMAIN":1502928000000,"LIMITS":"SIENNA PARKWAY TO MERCANTILE WAY","LASTTYPEMNT":"SC","MEDIANTYPE":"0","GIS_MILES":0.200000003,"MPAHCLS":"L","OBJECTID":3216,"PAVE_THIK":0.55000000000000004,"PAVE_TYPE":"AC","PAVE_W":"","PAVE_WFT":36.899999999999999,"ROADNAME":"SECOND STREET","SERVICE_AREA":"LADERA RANCH","TRACTNO":"TR 15884","STATECLS":"M","STATUS":"M","THMSCOR":"F6","THMSPGE":"922","TRACT_ACCEPT_DATE":1042502400000,"Property_ID":"A1032","Current_OM_Inspector":"Nick Nelson","Day_Swept":"1/3 Wed.","Time_Swept":"8am - 12pm","Road_Closed":"0","Charge_Number":"ER19500","STREETLIGHT_INSEPCT_STATUS":"Complete","SECONDARY_ISLAND_INFO":null,"LAFCO_ISLAND_NUMBER":null}},{"type":"Feature","id":3244,"geometry":{"type":"LineString","coordinates":[[-117.63575803974615,33.558069813528554],[-117.6357779610816,33.558190956620734],[-117.63580346593238,33.558311363994981],[-117.6358231400196,33.558389655151714],[-117.63584517442852,33.558467504349082],[-117.63605167221449,33.559157756441302],[-117.63611246554792,33.559360965428283],[-117.63620194373561,33.559660057610614],[-117.63623113284197,33.559771294045106],[-117.63625252015598,33.559883766096036],[-117.6362660317357,33.559997092265021],[-117.63627162368969,33.560110884405972],[-117.63626991048412,33.56021249731532],[-117.6362618791715,33.560313898318149],[-117.63624755336136,33.560414812128784],[-117.63622697066263,33.560514963304733],[-117.636200187092,33.560614082509616],[-117.63616727588266,33.56071189931307]]},"properties":{"BASE_THIK":null,"BASE_TYPE":"NS","BIKELANETYPE":"0","DIST":"5","SHLTYPE":"CG","FEDCLS":"LOC","Inactive":"N","KEYNUM":"217679","LANES":"2","YEARMAIN":1600300800000,"LIMITS":"FLINTRIDGE AVE. TO 89' S/O WINDMILL AVE.","LASTTYPEMNT":"OL","MEDIANTYPE":"PLNT","GIS_MILES":0.189999998,"MPAHCLS":"L","OBJECTID":3244,"PAVE_THIK":0.90000000000000002,"PAVE_TYPE":"AC","PAVE_W":"V","PAVE_WFT":38.799999999999997,"ROADNAME":"SIENNA PARKWAY","SERVICE_AREA":"LADERA RANCH","TRACTNO":"TR 15884","STATECLS":"M","STATUS":"M","THMSCOR":"F6","THMSPGE":"922","TRACT_ACCEPT_DATE":1042502400000,"Property_ID":"A1049","Current_OM_Inspector":"Nick Nelson","Day_Swept":"1/3 Wed.","Time_Swept":"5am - 8am","Road_Closed":"0","Charge_Number":"ER19500","STREETLIGHT_INSEPCT_STATUS":"Complete","SECONDARY_ISLAND_INFO":null,"LAFCO_ISLAND_NUMBER":null}},{"type":"Feature","id":3252,"geometry":{"type":"LineString","coordinates":[[-117.63616727588266,33.56071189931307],[-117.63612324901331,33.560819594522656],[-117.63607179530372,33.560924956694102],[-117.63601308997582,33.561027626790818],[-117.63594733320866,33.561127257220086],[-117.6358747489904,33.561223507337061],[-117.63534893887658,33.56187768220812],[-117.63529129840363,33.561953819907693],[-117.6352387322443,33.562032489942993],[-117.63519139819122,33.562113454317306],[-117.63514943889126,33.562196470693827],[-117.63513816040555,33.562222707833875],[-117.63511295774926,33.562281335043231],[-117.63508209510803,33.562367727506199],[-117.6350569366159,33.562455410886592],[-117.63503755839174,33.562544090384264],[-117.63502988276942,33.562590019543286],[-117.63497075554348,33.562983384043697],[-117.63495876260811,33.563063167178775],[-117.63493988378582,33.563188766076294],[-117.63490293749209,33.563434562608016],[-117.63488193168337,33.563546950755033],[-117.63485291388092,33.563658082638206],[-117.63481598863982,33.563767557631934],[-117.6347712886308,33.563874982010546],[-117.63471897573231,33.563979969837675],[-117.63465923670907,33.564082142112852],[-117.63459228760557,33.564181132133086],[-117.63451836831943,33.564276582848343],[-117.63443774591782,33.56436815223492],[-117.63435071027324,33.564455509737591],[-117.63425757305788,33.564538340789255],[-117.63415867206605,33.564616347665229],[-117.63405436152171,33.564689249590884],[-117.63394501641486,33.564756784497192],[-117.63386554032161,33.564800814401323],[-117.63378392645025,33.564842013197342],[-117.63301629672969,33.565211187379717],[-117.63292600150385,33.565257610923624],[-117.6328391131056,33.565308386990601],[-117.63274561095153,33.565370708861089],[-117.6326572041396,33.565438040789132],[-117.63257427583163,33.565510092690225],[-117.63250062478427,33.565583042445311],[-117.63243262104542,33.565659740086865],[-117.63237053764188,33.565739877816263],[-117.63231462158608,33.565823137302665],[-117.63226509597281,33.56590918605314],[-117.63201003792145,33.566390813691882]]},"properties":{"BASE_THIK":null,"BASE_TYPE":"NS","BIKELANETYPE":"0","DIST":"5","SHLTYPE":"EC","FEDCLS":"LOC","Inactive":"N","KEYNUM":"217676","LANES":"2","YEARMAIN":1600300800000,"LIMITS":"CROWN VALLEY PKWY. TO FLINTRIDGE AVE.","LASTTYPEMNT":"OL","MEDIANTYPE":"0","GIS_MILES":0.479999989,"MPAHCLS":"L","OBJECTID":3252,"PAVE_THIK":0.90000000000000002,"PAVE_TYPE":"AC","PAVE_W":"H","PAVE_WFT":19,"ROADNAME":"SIENNA PARKWAY (E1/2)","SERVICE_AREA":"LADERA RANCH","TRACTNO":"TR 15884","STATECLS":"M","STATUS":"M","THMSCOR":"F6","THMSPGE":"922","TRACT_ACCEPT_DATE":1042502400000,"Property_ID":"A1049","Current_OM_Inspector":"Nick Nelson","Day_Swept":"1/3 Wed.","Time_Swept":"5am - 8am","Road_Closed":"0","Charge_Number":"ER19500","STREETLIGHT_INSEPCT_STATUS":"Complete","SECONDARY_ISLAND_INFO":null,"LAFCO_ISLAND_NUMBER":null}},{"type":"Feature","id":3368,"geometry":{"type":"LineString","coordinates":[[-117.63183959432138,33.561814261310943],[-117.6325553573466,33.561955248859128],[-117.63327112281247,33.562096240403037]]},"properties":{"BASE_THIK":null,"BASE_TYPE":"NS","BIKELANETYPE":"0","DIST":"5","SHLTYPE":"CG","FEDCLS":"LOC","Inactive":"N","KEYNUM":"234050","LANES":"2","YEARMAIN":1502928000000,"LIMITS":"MAIN STREET TO MERCANTILE WAY","LASTTYPEMNT":"SC","MEDIANTYPE":"0","GIS_MILES":0.0799999982,"MPAHCLS":"L","OBJECTID":3368,"PAVE_THIK":0.55000000000000004,"PAVE_TYPE":"AC","PAVE_W":"","PAVE_WFT":37,"ROADNAME":"THIRD STREET","SERVICE_AREA":"LADERA RANCH","TRACTNO":"TR 15884","STATECLS":"M","STATUS":"M","THMSCOR":"F6","THMSPGE":"922","TRACT_ACCEPT_DATE":1042502400000,"Property_ID":"A1145","Current_OM_Inspector":"Nick Nelson","Day_Swept":"1/3 Wed.","Time_Swept":"8am - 12pm","Road_Closed":"0","Charge_Number":"ER19500","STREETLIGHT_INSEPCT_STATUS":"Complete","SECONDARY_ISLAND_INFO":null,"LAFCO_ISLAND_NUMBER":null}},{"type":"Feature","id":3506,"geometry":{"type":"MultiLineString","coordinates":[[[-117.63299550399377,33.559638611765564],[-117.63327272439547,33.559466390103132],[-117.63334701079802,33.559417669698249],[-117.6334187668065,33.559365293914674],[-117.63404416273349,33.558883935521976],[-117.63412902061449,33.558821765751112],[-117.63421668532962,33.55876362077624],[-117.63422106420208,33.558768490028619],[-117.63432958436734,33.558704653921289],[-117.63444114070096,33.558646285613989],[-117.63455545792959,33.558593529134733],[-117.63467225396721,33.558546514663945],[-117.63479124061114,33.558505358213253],[-117.63491212425322,33.558470161339166],[-117.63503460660431,33.558441010892523],[-117.63515838543033,33.558417978804158],[-117.63580346593238,33.558311363994981]],[[-117.63299938818281,33.559643802151683],[-117.6326165039151,33.559881668582257],[-117.63252973000044,33.559932124255774],[-117.6324404868864,33.559978071550027],[-117.63234900860824,33.560019389970662],[-117.63225553506295,33.560055971162328],[-117.63216031137988,33.560087719192794],[-117.6320635872781,33.560114550804542],[-117.63195313867803,33.560139267462262],[-117.63184153910753,33.560158117987115],[-117.63172909990226,33.560171049790704],[-117.6316161347403,33.560178026796457],[-117.631502958767,33.560179029540208],[-117.63138988771586,33.56017405522455],[-117.6312772370276,33.560163117726617],[-117.6311653209703,33.560146247559373],[-117.63105445176255,33.560123491786484],[-117.63050005457461,33.559994459910904]]]},"properties":{"BASE_THIK":null,"BASE_TYPE":"NS","BIKELANETYPE":"0","DIST":"5","SHLTYPE":"CG","FEDCLS":"LOC","Inactive":"N","KEYNUM":"239080","LANES":"2","YEARMAIN":1501545600000,"LIMITS":"SIENNA PARKWAY TO ANTONIO PARKWAY","LASTTYPEMNT":"MM&MS","MEDIANTYPE":"PLNT","GIS_MILES":0.349999994,"MPAHCLS":"L","OBJECTID":3506,"PAVE_THIK":0.80000000000000004,"PAVE_TYPE":"AC","PAVE_W":"","PAVE_WFT":52.600000000000001,"ROADNAME":"WINDMILL AVENUE","SERVICE_AREA":"LADERA RANCH","TRACTNO":"TR 15884","STATECLS":"M","STATUS":"M","THMSCOR":"F6","THMSPGE":"922","TRACT_ACCEPT_DATE":1042502400000,"Property_ID":"A1241","Current_OM_Inspector":"Nick Nelson","Day_Swept":"1/3 Wed.","Time_Swept":"8am - 12pm","Road_Closed":"0","Charge_Number":"ER19500","STREETLIGHT_INSEPCT_STATUS":"Complete","SECONDARY_ISLAND_INFO":null,"LAFCO_ISLAND_NUMBER":null}},{"type":"Feature","id":3108,"geometry":{"type":"MultiLineString","coordinates":[[[-117.63560765163855,33.56420096282411],[-117.63540428304276,33.564437124074416],[-117.63534827279142,33.564498402004922],[-117.63528890854417,33.56455643664259],[-117.63524127664552,33.564603878088633],[-117.63519879806533,33.564655984314726],[-117.63516192693284,33.564712198264608],[-117.63513105742925,33.564771918967224],[-117.63510651957368,33.564834507961592],[-117.63508857569498,33.564899296122469],[-117.63506101902055,33.565054730746461]],[[-117.63482543806292,33.565599909443769],[-117.63490227505724,33.565487901428938],[-117.63492841198033,33.565449801241861],[-117.63496079242164,33.56539777093078],[-117.63498787299035,33.565342795581309],[-117.63500938861006,33.565285413316111],[-117.63502512867652,33.565226185817778],[-117.63506101902055,33.565054730746461],[-117.63485580495959,33.565024634290062]]]},"properties":{"BASE_THIK":null,"BASE_TYPE":"NS","BIKELANETYPE":"0","DIST":"5","SHLTYPE":"CG","FEDCLS":"LOC","Inactive":"N","KEYNUM":"198675","LANES":"2","YEARMAIN":1502928000000,"LIMITS":"47' S/O MAIN ST. TO END","LASTTYPEMNT":"SC","MEDIANTYPE":"0","GIS_MILES":0.119999997,"MPAHCLS":"L","OBJECTID":3108,"PAVE_THIK":0.55000000000000004,"PAVE_TYPE":"AC","PAVE_W":"V","PAVE_WFT":36.600000000000001,"ROADNAME":"RESTON WAY","SERVICE_AREA":"LADERA RANCH","TRACTNO":"TR 15901","STATECLS":"M","STATUS":"M","THMSCOR":"F6","THMSPGE":"922","TRACT_ACCEPT_DATE":1044316800000,"Property_ID":"A0952","Current_OM_Inspector":"Nick Nelson","Day_Swept":"1/3 Tues.","Time_Swept":"12pm - 4pm","Road_Closed":"0","Charge_Number":"ER19500","STREETLIGHT_INSEPCT_STATUS":"Complete","SECONDARY_ISLAND_INFO":null,"LAFCO_ISLAND_NUMBER":null}},{"type":"Feature","id":1964,"geometry":{"type":"LineString","coordinates":[[-117.63376356258308,33.566166754400541],[-117.63392319823789,33.566266946685388],[-117.63396711195165,33.56629149304765],[-117.6340131504311,33.566311775960784],[-117.63406090090915,33.566327613574323],[-117.63439306298456,33.566421600200819],[-117.63478366418354,33.566532086669667],[-117.6348359386071,33.566544286506002],[-117.63488928889085,33.566550219345764],[-117.63494296642,33.566549801938933],[-117.6349962179878,33.566543040142598],[-117.63504829636466,33.566530028838741],[-117.63509847078325,33.566510950602861],[-117.6351460371927,33.566486073142066],[-117.63519032813794,33.566455745538569],[-117.6352307221254,33.566420393351358],[-117.63537601353465,33.566265215410617],[-117.63532434218023,33.566231306145006]]},"properties":{"BASE_THIK":null,"BASE_TYPE":"","BIKELANETYPE":"0","DIST":"5","SHLTYPE":"CG","FEDCLS":"LOC","Inactive":"N","KEYNUM":"25300","LANES":"2","YEARMAIN":1475280000000,"LIMITS":"RESTON WY  E AND W TO ENDS","LASTTYPEMNT":"SC","MEDIANTYPE":"0","GIS_MILES":0.109999999,"MPAHCLS":"L","OBJECTID":1964,"PAVE_THIK":null,"PAVE_TYPE":"","PAVE_W":"","PAVE_WFT":30.5,"ROADNAME":"BARNSTABLE WAY","SERVICE_AREA":"LADERA RANCH","TRACTNO":"TR 15902","STATECLS":"M","STATUS":"M","THMSCOR":"F6","THMSPGE":"922","TRACT_ACCEPT_DATE":1021334400000,"Property_ID":"A1273","Current_OM_Inspector":"Nick Nelson","Day_Swept":"1/3 Tues.","Time_Swept":"12pm - 4pm","Road_Closed":"0","Charge_Number":"ER19500","STREETLIGHT_INSEPCT_STATUS":"Complete","SECONDARY_ISLAND_INFO":null,"LAFCO_ISLAND_NUMBER":null}},{"type":"Feature","id":3107,"geometry":{"type":"LineString","coordinates":[[-117.63439306298456,33.566421600200819],[-117.63454485088938,33.566045606518678],[-117.63455215785108,33.566028074524141],[-117.63457709664017,33.565975068191534],[-117.63460543403502,33.565923798253444],[-117.63463704975672,33.565874482326606],[-117.63475513198682,33.565702380457957],[-117.63482543806292,33.565599909443769]]},"properties":{"BASE_THIK":null,"BASE_TYPE":"NS","BIKELANETYPE":"0","DIST":"5","SHLTYPE":"CG","FEDCLS":"LOC","Inactive":"N","KEYNUM":"198650","LANES":"2","YEARMAIN":1498694400000,"LIMITS":"43' NE/O MAIN ST. TO BARNSTABLE WY.","LASTTYPEMNT":"SS","MEDIANTYPE":"0","GIS_MILES":0.0599999987,"MPAHCLS":"L","OBJECTID":3107,"PAVE_THIK":0.55000000000000004,"PAVE_TYPE":"AC","PAVE_W":"V","PAVE_WFT":38,"ROADNAME":"RESTON WAY","SERVICE_AREA":"LADERA RANCH","TRACTNO":"TR 15902","STATECLS":"M","STATUS":"M","THMSCOR":"F6","THMSPGE":"922","TRACT_ACCEPT_DATE":1021334400000,"Property_ID":"A0952","Current_OM_Inspector":"Nick Nelson","Day_Swept":"1/3 Tues.","Time_Swept":"12pm - 4pm","Road_Closed":"0","Charge_Number":"ER19500","STREETLIGHT_INSEPCT_STATUS":"Complete","SECONDARY_ISLAND_INFO":null,"LAFCO_ISLAND_NUMBER":null}},{"type":"Feature","id":2177,"geometry":{"type":"LineString","coordinates":[[-117.635913339646,33.565797596664936],[-117.63596322128711,33.566241238516213],[-117.63597308879388,33.566286276580911],[-117.63598916455722,33.5663294895974],[-117.63601113192175,33.566370026369064],[-117.6360385581811,33.56640708841514],[-117.63607090310133,33.56643994569891],[-117.6361075295622,33.56646795100778],[-117.63614771610705,33.566490552701843],[-117.63619523240679,33.566511307755761],[-117.63624477989049,33.566526592318688],[-117.63629573101662,33.56653621280465],[-117.63634744046591,33.566540047365791],[-117.63639925331455,33.566538047435643],[-117.63645051332914,33.566530238344242],[-117.63650057127818,33.566516718997292],[-117.63654879315489,33.566497660623497],[-117.63706340073594,33.5662549622432],[-117.63713641439368,33.566224865621571],[-117.63721164864687,33.566200852958303],[-117.63728859750768,33.566183085750517],[-117.63736674345664,33.56617168349154],[-117.63744556092334,33.566166722867244],[-117.63752451982103,33.566168237240305],[-117.63760308911179,33.566176216425802],[-117.63768074037797,33.566190606759747],[-117.63775695137612,33.566211311459959],[-117.6378312095493,33.56623819127703],[-117.63803350309875,33.566322263745448],[-117.63832433402197,33.56644314317537]]},"properties":{"BASE_THIK":null,"BASE_TYPE":"NS","BIKELANETYPE":"0","DIST":"5","SHLTYPE":"CG","FEDCLS":"LOC","Inactive":"N","KEYNUM":"60400","LANES":"2","YEARMAIN":1502928000000,"LIMITS":"43' N/O MAIN ST. TO END","LASTTYPEMNT":"SC","MEDIANTYPE":"0","GIS_MILES":0.189999998,"MPAHCLS":"L","OBJECTID":2177,"PAVE_THIK":0.55000000000000004,"PAVE_TYPE":"AC","PAVE_W":"V","PAVE_WFT":26.5,"ROADNAME":"CHIMNEY LANE","SERVICE_AREA":"LADERA RANCH","TRACTNO":"TR 15903","STATECLS":"M","STATUS":"M","THMSCOR":"F6","THMSPGE":"922","TRACT_ACCEPT_DATE":1055808000000,"Property_ID":"A1430","Current_OM_Inspector":"Nick Nelson","Day_Swept":"1/3 Tues.","Time_Swept":"12pm - 4pm","Road_Closed":"0","Charge_Number":"ER19500","STREETLIGHT_INSEPCT_STATUS":"Complete","SECONDARY_ISLAND_INFO":null,"LAFCO_ISLAND_NUMBER":null}},{"type":"Feature","id":2223,"geometry":{"type":"LineString","coordinates":[[-117.63803350309875,33.566322263745448],[-117.63792559259089,33.566504202152863],[-117.63789592735336,33.566542842437286],[-117.63786133209712,33.56657713917393],[-117.63782243618046,33.566606468435182],[-117.63777994719945,33.566630296661955],[-117.63773463811532,33.566648190370188],[-117.63768733319276,33.566659824036833],[-117.63763889300479,33.566664986021763],[-117.63759019877726,33.566663582417931],[-117.63741026420631,33.566651899992905]]},"properties":{"BASE_THIK":null,"BASE_TYPE":"NS","BIKELANETYPE":"0","DIST":"5","SHLTYPE":"CG","FEDCLS":"LOC","Inactive":"N","KEYNUM":"65740","LANES":"2","YEARMAIN":1502928000000,"LIMITS":"CHIMNEY LN. TO END","LASTTYPEMNT":"SC","MEDIANTYPE":"0","GIS_MILES":0.0500000007,"MPAHCLS":"L","OBJECTID":2223,"PAVE_THIK":0.45000000000000001,"PAVE_TYPE":"AC","PAVE_W":"V","PAVE_WFT":36.600000000000001,"ROADNAME":"COTTAGE HILL ROAD","SERVICE_AREA":"LADERA RANCH","TRACTNO":"TR 15903","STATECLS":"M","STATUS":"M","THMSCOR":"F6","THMSPGE":"922","TRACT_ACCEPT_DATE":1055808000000,"Property_ID":"A1467","Current_OM_Inspector":"Nick Nelson","Day_Swept":"1/3 Tues.","Time_Swept":"12pm - 4pm","Road_Closed":"0","Charge_Number":"ER19500","STREETLIGHT_INSEPCT_STATUS":"Complete","SECONDARY_ISLAND_INFO":null,"LAFCO_ISLAND_NUMBER":null}},{"type":"Feature","id":2800,"geometry":{"type":"LineString","coordinates":[[-117.63606098596676,33.565780879686322],[-117.63617933490823,33.565760216344835],[-117.63629627765742,33.565732687468312],[-117.6364114162911,33.565698386729771],[-117.63652435902495,33.565657430844965],[-117.63663472154667,33.56560995917522],[-117.6367421283237,33.565556133253253],[-117.63674893055503,33.565552420920191],[-117.63683338228819,33.565503209446121],[-117.63691511096724,33.565449597064763],[-117.63697720428401,33.565411901075741],[-117.63704270562167,33.565380498172374],[-117.63711097918491,33.565355693170098],[-117.63718136226952,33.565337726841157],[-117.63725317169502,33.565326773577539],[-117.63732571043602,33.565322939698177],[-117.63769863063716,33.565318784979759],[-117.63777052182391,33.56532113435803],[-117.6378418647526,33.565330302173201],[-117.63791201420804,33.565346205512867],[-117.63798033576859,33.565368700549506],[-117.63804621154388,33.565397583841225],[-117.63826328826867,33.565507079864865]]},"properties":{"BASE_THIK":null,"BASE_TYPE":"NS","BIKELANETYPE":"0","DIST":"5","SHLTYPE":"CG","FEDCLS":"LOC","Inactive":"N","KEYNUM":"148852","LANES":"2","YEARMAIN":1502928000000,"LIMITS":"227' E/O WELBE CIRCLE WEST TO END","LASTTYPEMNT":"SC","MEDIANTYPE":"0","GIS_MILES":0.140000001,"MPAHCLS":"L","OBJECTID":2800,"PAVE_THIK":0.5,"PAVE_TYPE":"AC","PAVE_W":"V","PAVE_WFT":36.899999999999999,"ROADNAME":"MAIN STREET","SERVICE_AREA":"LADERA RANCH","TRACTNO":"TR 15904","STATECLS":"M","STATUS":"M","THMSCOR":"F6","THMSPGE":"922","TRACT_ACCEPT_DATE":1039478400000,"Property_ID":"A0724","Current_OM_Inspector":"Nick Nelson","Day_Swept":"1/3 Tues.","Time_Swept":"12pm - 4pm","Road_Closed":"0","Charge_Number":"ER19500","STREETLIGHT_INSEPCT_STATUS":"Complete","SECONDARY_ISLAND_INFO":null,"LAFCO_ISLAND_NUMBER":null}},{"type":"Feature","id":3469,"geometry":{"type":"LineString","coordinates":[[-117.63617132999231,33.565108086914989],[-117.63628681220652,33.565138134085728],[-117.63633639827331,33.565153096374388],[-117.6363840664916,33.565173354436197],[-117.63642925316617,33.565198668711702],[-117.63647142394704,33.565228739849758],[-117.63651008014833,33.565263212247473],[-117.63654476464545,33.565301678255352],[-117.6367421283237,33.565556133253253]]},"properties":{"BASE_THIK":null,"BASE_TYPE":"NS","BIKELANETYPE":"0","DIST":"5","SHLTYPE":"CG","FEDCLS":"LOC","Inactive":"N","KEYNUM":"238585","LANES":"2","YEARMAIN":1502928000000,"LIMITS":"MAIN ST. TO END","LASTTYPEMNT":"SC","MEDIANTYPE":"0","GIS_MILES":0.0500000007,"MPAHCLS":"L","OBJECTID":3469,"PAVE_THIK":0.5,"PAVE_TYPE":"AC","PAVE_W":"V","PAVE_WFT":36,"ROADNAME":"WELBE CIRCLE","SERVICE_AREA":"LADERA RANCH","TRACTNO":"TR 15904","STATECLS":"M","STATUS":"M","THMSCOR":"F6","THMSPGE":"922","TRACT_ACCEPT_DATE":1039478400000,"Property_ID":"A1217","Current_OM_Inspector":"Nick Nelson","Day_Swept":"1/3 Tues.","Time_Swept":"12pm - 4pm","Road_Closed":"0","Charge_Number":"ER19500","STREETLIGHT_INSEPCT_STATUS":"Complete","SECONDARY_ISLAND_INFO":null,"LAFCO_ISLAND_NUMBER":null}},{"type":"Feature","id":1984,"geometry":{"type":"LineString","coordinates":[[-117.63857700127814,33.563295973021283],[-117.63860544424107,33.563246436976762],[-117.63885367035567,33.563346343934064],[-117.63890366658453,33.563368338779732],[-117.63895054942508,33.563396363686486],[-117.63899359514473,33.56342998603256],[-117.63903213924473,33.563468686788241],[-117.63906558671805,33.563511868528181],[-117.63909342123448,33.563558864653878],[-117.63911521311132,33.563608949683974]]},"properties":{"BASE_THIK":null,"BASE_TYPE":"NS","BIKELANETYPE":"0","DIST":"5","SHLTYPE":"CG","FEDCLS":"LOC","Inactive":"N","KEYNUM":"28060","LANES":"2","YEARMAIN":1490918400000,"LIMITS":"WELDON HEIGHTS TO END","LASTTYPEMNT":"OL","MEDIANTYPE":"0","GIS_MILES":0.0399999991,"MPAHCLS":"L","OBJECTID":1984,"PAVE_THIK":0.45000000000000001,"PAVE_TYPE":"AC","PAVE_W":"","PAVE_WFT":36.5,"ROADNAME":"BENNINGTON PATH","SERVICE_AREA":"LADERA RANCH","TRACTNO":"TR 15905","STATECLS":"M","STATUS":"M","THMSCOR":"E7","THMSPGE":"922","TRACT_ACCEPT_DATE":1039478400000,"Property_ID":"A1289","Current_OM_Inspector":"Nick Nelson","Day_Swept":"1/3 Tues.","Time_Swept":"12pm - 4pm","Road_Closed":"0","Charge_Number":"ER19500","STREETLIGHT_INSEPCT_STATUS":"Complete","SECONDARY_ISLAND_INFO":null,"LAFCO_ISLAND_NUMBER":null}},{"type":"Feature","id":2907,"geometry":{"type":"LineString","coordinates":[[-117.63717325871383,33.564462322800679],[-117.63739736478529,33.563979540991213],[-117.63742057984126,33.563934372743383],[-117.63745342858395,33.563882857117207],[-117.63749046970975,33.563834268490609],[-117.63753144380075,33.563788947154542],[-117.63757606389446,33.563747210517477],[-117.63762401749356,33.563709350882398],[-117.63767496875454,33.563675633399662],[-117.63790813321428,33.563531570475057]]},"properties":{"BASE_THIK":null,"BASE_TYPE":"NS","BIKELANETYPE":"0","DIST":"5","SHLTYPE":"CG","FEDCLS":"LOC","Inactive":"N","KEYNUM":"166600","LANES":"2","YEARMAIN":1502928000000,"LIMITS":"WELDON HEIGHTS TO END","LASTTYPEMNT":"SC","MEDIANTYPE":"0","GIS_MILES":0.0799999982,"MPAHCLS":"L","OBJECTID":2907,"PAVE_THIK":0.5,"PAVE_TYPE":"AC","PAVE_W":"","PAVE_WFT":28.600000000000001,"ROADNAME":"NEWKIRK ROAD","SERVICE_AREA":"LADERA RANCH","TRACTNO":"TR 15905","STATECLS":"M","STATUS":"M","THMSCOR":"F6","THMSPGE":"922","TRACT_ACCEPT_DATE":1039478400000,"Property_ID":"A0816","Current_OM_Inspector":"Nick Nelson","Day_Swept":"1/3 Tues.","Time_Swept":"12pm - 4pm","Road_Closed":"0","Charge_Number":"ER19500","STREETLIGHT_INSEPCT_STATUS":"Complete","SECONDARY_ISLAND_INFO":null,"LAFCO_ISLAND_NUMBER":null}},{"type":"Feature","id":3209,"geometry":{"type":"LineString","coordinates":[[-117.63742057984126,33.563934372743383],[-117.63752103074579,33.563991630280889],[-117.63757648283607,33.564022862535602],[-117.6376285788413,33.564059419262598],[-117.63767680925592,33.564100942932434],[-117.63772070238031,33.56414702743831],[-117.63775982893411,33.564197222067889],[-117.63779380625463,33.564251035911276],[-117.63782230203937,33.564307942662225],[-117.63784503759587,33.564367385765451],[-117.63786179056751,33.564428783859817],[-117.6378723971081,33.564491536464125],[-117.63787675348429,33.564555029849899],[-117.63787481709021,33.564618643043723],[-117.63786660686399,33.564681753900445]]},"properties":{"BASE_THIK":null,"BASE_TYPE":"NS","BIKELANETYPE":"0","DIST":"5","SHLTYPE":"CG","FEDCLS":"LOC","Inactive":"N","KEYNUM":"211935","LANES":"2","YEARMAIN":1502928000000,"LIMITS":"NEWKIRK LN. TO END","LASTTYPEMNT":"SC","MEDIANTYPE":"0","GIS_MILES":0.0599999987,"MPAHCLS":"L","OBJECTID":3209,"PAVE_THIK":0.5,"PAVE_TYPE":"AC","PAVE_W":"V","PAVE_WFT":36.100000000000001,"ROADNAME":"SAYBROOKE LANE","SERVICE_AREA":"LADERA RANCH","TRACTNO":"TR 15905","STATECLS":"M","STATUS":"M","THMSCOR":"F6","THMSPGE":"922","TRACT_ACCEPT_DATE":1039478400000,"Property_ID":"A1025","Current_OM_Inspector":"Nick Nelson","Day_Swept":"1/3 Tues.","Time_Swept":"12pm - 4pm","Road_Closed":"0","Charge_Number":"ER19500","STREETLIGHT_INSEPCT_STATUS":"Complete","SECONDARY_ISLAND_INFO":null,"LAFCO_ISLAND_NUMBER":null}},{"type":"Feature","id":3471,"geometry":{"type":"LineString","coordinates":[[-117.6378510804828,33.563454592559232],[-117.63787795190393,33.563494308091151],[-117.63790813321428,33.563531570475057],[-117.63795440287502,33.563576884961194],[-117.63800456133751,33.563617853397844],[-117.63805820187302,33.563654143577082],[-117.6381148895172,33.563685461226385],[-117.638174164597,33.563711552394864],[-117.63823554645826,33.563732205512494],[-117.63829853736314,33.563747253105738],[-117.63836262652627,33.563756573155537],[-117.63842729425667,33.563760090086781],[-117.63848944650644,33.563759837898147],[-117.6385514568603,33.563755632929087],[-117.6386130741828,33.563747492209288],[-117.63866929781597,33.563736498475166],[-117.63872475151085,33.563722116304277],[-117.63908848698912,33.563615902403193],[-117.63911521311132,33.563608949683974],[-117.63916594911076,33.563599129253227],[-117.63921747906595,33.563595224612691],[-117.63926911554087,33.563597287852275],[-117.63932016967846,33.563605291447317],[-117.63936996039037,33.563619128625746],[-117.63941782344297,33.563638614792509],[-117.6394631203186,33.563663489992152],[-117.63950524673372,33.563693422376758],[-117.63954364070035,33.563728012632971],[-117.63957779002331,33.56376679930905],[-117.63969641520396,33.563936510091175]]},"properties":{"BASE_THIK":null,"BASE_TYPE":"NS","BIKELANETYPE":"0","DIST":"5","SHLTYPE":"CG","FEDCLS":"LOC","Inactive":"N","KEYNUM":"238588","LANES":"2","YEARMAIN":1502928000000,"LIMITS":"33' S/O NEWKIRK RD. TO END","LASTTYPEMNT":"SC","MEDIANTYPE":"0","GIS_MILES":0.129999995,"MPAHCLS":"L","OBJECTID":3471,"PAVE_THIK":0.5,"PAVE_TYPE":"AC","PAVE_W":"V","PAVE_WFT":36.600000000000001,"ROADNAME":"WELDON HEIGHTS","SERVICE_AREA":"LADERA RANCH","TRACTNO":"TR 15905","STATECLS":"M","STATUS":"M","THMSCOR":"E6","THMSPGE":"922","TRACT_ACCEPT_DATE":1039478400000,"Property_ID":"A1218","Current_OM_Inspector":"Nick Nelson","Day_Swept":"1/3 Tues.","Time_Swept":"12pm - 4pm","Road_Closed":"0","Charge_Number":"ER19500","STREETLIGHT_INSEPCT_STATUS":"Complete","SECONDARY_ISLAND_INFO":null,"LAFCO_ISLAND_NUMBER":null}},{"type":"Feature","id":3498,"geometry":{"type":"LineString","coordinates":[[-117.6386130741828,33.563747492209288],[-117.63878216994581,33.564204894990411],[-117.63880273144436,33.564249058588601],[-117.63882808305354,33.56429065780182],[-117.63885790941384,33.564329175159699],[-117.63889183950248,33.5643641315284],[-117.63892945124859,33.56439509207074],[-117.63897027678362,33.564421671655332],[-117.63901380826134,33.564443539647371],[-117.63903642155594,33.564455628758274],[-117.6390566232923,33.564471421083731],[-117.63907381343482,33.564490447557269],[-117.63908748139883,33.564512143051154],[-117.63909722121602,33.564535863161957],[-117.63914768796207,33.56471576111548]]},"properties":{"BASE_THIK":null,"BASE_TYPE":"","BIKELANETYPE":"0","DIST":"5","SHLTYPE":"CG","FEDCLS":"LOC","Inactive":"N","KEYNUM":"238880","LANES":"2","YEARMAIN":1490918400000,"LIMITS":"WELDON HEIGHTS TO END","LASTTYPEMNT":"OL","MEDIANTYPE":"0","GIS_MILES":0.0799999982,"MPAHCLS":"L","OBJECTID":3498,"PAVE_THIK":null,"PAVE_TYPE":"","PAVE_W":"","PAVE_WFT":36.100000000000001,"ROADNAME":"WICKFORD LANE","SERVICE_AREA":"LADERA RANCH","TRACTNO":"TR 15905","STATECLS":"M","STATUS":"M","THMSCOR":"E6","THMSPGE":"922","TRACT_ACCEPT_DATE":1039478400000,"Property_ID":"A1235","Current_OM_Inspector":"Nick Nelson","Day_Swept":"1/3 Tues.","Time_Swept":"12pm - 4pm","Road_Closed":"0","Charge_Number":"ER19500","STREETLIGHT_INSEPCT_STATUS":"Complete","SECONDARY_ISLAND_INFO":null,"LAFCO_ISLAND_NUMBER":null}},{"type":"Feature","id":2076,"geometry":{"type":"LineString","coordinates":[[-117.63696200117946,33.563289040908437],[-117.6368373177,33.56312607399061],[-117.63681205040244,33.563089785757128],[-117.63679144448641,33.563050661999135],[-117.63677581367335,33.563009298368989],[-117.63676539593968,33.562966324620717],[-117.63676034989355,33.562922395022113],[-117.63676075236015,33.562878178393611],[-117.63676659721196,33.562834347925637],[-117.63678393164672,33.562782492757911],[-117.63680734222595,33.562733082376134],[-117.63683649302327,33.56268682578672],[-117.63687096574392,33.562644386741276],[-117.63691026572708,33.562606374212137],[-117.63695382904388,33.562573333654072],[-117.63700103058942,33.562545739177317],[-117.63705119305259,33.562523986744438],[-117.6371035966351,33.562508388488517],[-117.63715748938006,33.562499168234254],[-117.63728542017317,33.562478229310408],[-117.63734229172636,33.562466765754763],[-117.63739808381071,33.56245085883819],[-117.63745244983845,33.562430607376548],[-117.63750505208066,33.562406137174577],[-117.63802026035857,33.56213909047819],[-117.63798570573323,33.56209235406395]]},"properties":{"BASE_THIK":null,"BASE_TYPE":"NS","BIKELANETYPE":"0","DIST":"5","SHLTYPE":"CG","FEDCLS":"LOC","Inactive":"N","KEYNUM":"40850","LANES":"2","YEARMAIN":1475280000000,"LIMITS":"HEARTHSIDE RD. TO END","LASTTYPEMNT":"SS","MEDIANTYPE":"0","GIS_MILES":0.129999995,"MPAHCLS":"L","OBJECTID":2076,"PAVE_THIK":0.55000000000000004,"PAVE_TYPE":"AC","PAVE_W":"","PAVE_WFT":36.399999999999999,"ROADNAME":"BRYNWOOD LANE","SERVICE_AREA":"LADERA RANCH","TRACTNO":"TR 15906","STATECLS":"M","STATUS":"M","THMSCOR":"F7","THMSPGE":"922","TRACT_ACCEPT_DATE":1055808000000,"Property_ID":"A1355","Current_OM_Inspector":"Nick Nelson","Day_Swept":"1/3 Tues.","Time_Swept":"12pm - 4pm","Road_Closed":"0","Charge_Number":"ER19500","STREETLIGHT_INSEPCT_STATUS":"Complete","SECONDARY_ISLAND_INFO":null,"LAFCO_ISLAND_NUMBER":null}},{"type":"Feature","id":6413,"geometry":{"type":"LineString","coordinates":[[-117.63676659721196,33.562834347925637],[-117.63670576188909,33.562837825142239],[-117.63665629461445,33.56284345137388],[-117.63660809976136,33.562855938242123],[-117.6365621240011,33.562875040472655],[-117.63651927041624,33.562900382848376],[-117.63648038076177,33.562931467579638],[-117.63645177119626,33.562958921224329],[-117.63632255545171,33.563082993948598],[-117.63626297202693,33.563134135979539],[-117.63619950073557,33.563180364617963],[-117.63613254569906,33.563221385526326],[-117.63606253321981,33.563256937524699],[-117.63598990906698,33.563286794253649],[-117.63591513563823,33.563310765615526],[-117.63585165646494,33.56332678506157],[-117.63578697463946,33.563336908773699],[-117.63572163653345,33.563341051236243],[-117.63543698758131,33.563345403021863],[-117.63543560958254,33.563282202236273]]},"properties":{"BASE_THIK":null,"BASE_TYPE":"NS","BIKELANETYPE":"0","DIST":"5","SHLTYPE":"CG","FEDCLS":"LOC","Inactive":"N","KEYNUM":"99225","LANES":"2","YEARMAIN":1502928000000,"LIMITS":"BRYNWOOD LN. TO END","LASTTYPEMNT":"SC","MEDIANTYPE":"0","GIS_MILES":0.0900000036,"MPAHCLS":"L","OBJECTID":6413,"PAVE_THIK":0.45000000000000001,"PAVE_TYPE":"AC","PAVE_W":"","PAVE_WFT":30.699999999999999,"ROADNAME":"FRANKLIN WAY","SERVICE_AREA":"LADERA RANCH","TRACTNO":"TR 15906","STATECLS":"M","STATUS":"M","THMSCOR":"F7","THMSPGE":"922","TRACT_ACCEPT_DATE":1055808000000,"Property_ID":"A1648","Current_OM_Inspector":"Nick Nelson","Day_Swept":"1/3 Tues.","Time_Swept":"12pm - 4pm","Road_Closed":"0","Charge_Number":"ER19500","STREETLIGHT_INSEPCT_STATUS":"Complete","SECONDARY_ISLAND_INFO":null,"LAFCO_ISLAND_NUMBER":null}},{"type":"Feature","id":2530,"geometry":{"type":"LineString","coordinates":[[-117.6362804876394,33.563981341759245],[-117.63666693015034,33.563524760300304],[-117.63671851282497,33.563468999189276],[-117.6367741354066,33.563417267165931],[-117.63683348407608,33.563369856099115],[-117.63689622399193,33.563327033479105],[-117.63696200117946,33.563289040908437],[-117.63703735199194,33.563252653784666],[-117.63711500119778,33.563221470960066],[-117.63719458984501,33.56319563658468],[-117.6372757500161,33.563175270084059],[-117.63735810652879,33.563160465607233],[-117.63744127867048,33.56315129159141],[-117.63752488195807,33.563147790445676],[-117.63760852991544,33.5631499783549],[-117.63765038383944,33.563152319028553],[-117.63777812325749,33.563159461874079]]},"properties":{"BASE_THIK":null,"BASE_TYPE":"NS","BIKELANETYPE":"0","DIST":"5","SHLTYPE":"CG","FEDCLS":"LOC","Inactive":"N","KEYNUM":"110445","LANES":"2","YEARMAIN":1502928000000,"LIMITS":"39' E/O WELDON HEIGHTS TO END","LASTTYPEMNT":"SC","MEDIANTYPE":"0","GIS_MILES":0.109999999,"MPAHCLS":"L","OBJECTID":2530,"PAVE_THIK":0.55000000000000004,"PAVE_TYPE":"AC","PAVE_W":"","PAVE_WFT":36.600000000000001,"ROADNAME":"HEARTHSIDE ROAD","SERVICE_AREA":"LADERA RANCH","TRACTNO":"TR 15906","STATECLS":"M","STATUS":"M","THMSCOR":"F7","THMSPGE":"922","TRACT_ACCEPT_DATE":1055808000000,"Property_ID":"A0554","Current_OM_Inspector":"Nick Nelson","Day_Swept":"1/3 Tues.","Time_Swept":"12pm - 4pm","Road_Closed":"0","Charge_Number":"ER19500","STREETLIGHT_INSEPCT_STATUS":"Complete","SECONDARY_ISLAND_INFO":null,"LAFCO_ISLAND_NUMBER":null}},{"type":"Feature","id":2905,"geometry":{"type":"LineString","coordinates":[[-117.63645177119626,33.562958921224329],[-117.63620573145914,33.562761575332928],[-117.63614664324203,33.562719563824345],[-117.63608442268864,33.562682348411002],[-117.63601945822357,33.562650161417764],[-117.63595215540087,33.562623203778564],[-117.63588293437225,33.56260164378201],[-117.63581222726422,33.562585616020819],[-117.63574047548046,33.562575220551579],[-117.63566812694621,33.56257052227015],[-117.63559563331212,33.562571550506519]]},"properties":{"BASE_THIK":null,"BASE_TYPE":"NS","BIKELANETYPE":"0","DIST":"5","SHLTYPE":"CG","FEDCLS":"LOC","Inactive":"N","KEYNUM":"166250","LANES":"2","YEARMAIN":1502928000000,"LIMITS":"FRANKLIN WAY TO END","LASTTYPEMNT":"SC","MEDIANTYPE":"0","GIS_MILES":0.0599999987,"MPAHCLS":"L","OBJECTID":2905,"PAVE_THIK":0.45000000000000001,"PAVE_TYPE":"AC","PAVE_W":"","PAVE_WFT":36.899999999999999,"ROADNAME":"NEWBURY WAY","SERVICE_AREA":"LADERA RANCH","TRACTNO":"TR 15906","STATECLS":"M","STATUS":"M","THMSCOR":"F7","THMSPGE":"922","TRACT_ACCEPT_DATE":1055808000000,"Property_ID":"A0814","Current_OM_Inspector":"Nick Nelson","Day_Swept":"1/3 Tues.","Time_Swept":"12pm - 4pm","Road_Closed":"0","Charge_Number":"ER19500","STREETLIGHT_INSEPCT_STATUS":"Complete","SECONDARY_ISLAND_INFO":null,"LAFCO_ISLAND_NUMBER":null}},{"type":"Feature","id":2873,"geometry":{"type":"LineString","coordinates":[[-117.63726321682748,33.561638890413967],[-117.63723720516793,33.561613036902322],[-117.63720401025466,33.561580047018225],[-117.63715792254952,33.561538673618202],[-117.63710847378596,33.56150138213691],[-117.63705602438795,33.561468444385895],[-117.63700095665058,33.561440100443043],[-117.63694367195363,33.561416556902735],[-117.63669008669838,33.561322691401791]]},"properties":{"BASE_THIK":null,"BASE_TYPE":"NS","BIKELANETYPE":"0","DIST":"5","SHLTYPE":"CG","FEDCLS":"LOC","Inactive":"N","KEYNUM":"159000","LANES":"2","YEARMAIN":1502928000000,"LIMITS":"PICKERING CIRCLE TO END","LASTTYPEMNT":"SC","MEDIANTYPE":"0","GIS_MILES":0.0399999991,"MPAHCLS":"L","OBJECTID":2873,"PAVE_THIK":0.45000000000000001,"PAVE_TYPE":"AC","PAVE_W":"","PAVE_WFT":37.100000000000001,"ROADNAME":"MINFORD CIRCLE","SERVICE_AREA":"LADERA RANCH","TRACTNO":"TR 15907","STATECLS":"M","STATUS":"M","THMSCOR":"F7","THMSPGE":"922","TRACT_ACCEPT_DATE":1039478400000,"Property_ID":"A0780","Current_OM_Inspector":"Nick Nelson","Day_Swept":"1/3 Tues.","Time_Swept":"12pm - 4pm","Road_Closed":"0","Charge_Number":"ER19500","STREETLIGHT_INSEPCT_STATUS":"Complete","SECONDARY_ISLAND_INFO":null,"LAFCO_ISLAND_NUMBER":null}},{"type":"Feature","id":3035,"geometry":{"type":"LineString","coordinates":[[-117.63689181080098,33.560925747795338],[-117.63684269542422,33.561042379066471],[-117.63679748034272,33.561149747801231],[-117.63677146514917,33.561203946681076],[-117.63674056930471,33.561255519500158],[-117.63670505538406,33.561304027956247],[-117.63669008669838,33.561322691401791],[-117.63639647542543,33.56168913653854],[-117.63635699343098,33.561743750309027],[-117.63632325497748,33.561802087334726],[-117.63632096324304,33.561806647542987],[-117.63630153267488,33.56184844864071],[-117.63628528159562,33.561891585413569],[-117.63625698405244,33.561976441978018]]},"properties":{"BASE_THIK":null,"BASE_TYPE":"NS","BIKELANETYPE":"0","DIST":"5","SHLTYPE":"CG","FEDCLS":"LOC","Inactive":"N","KEYNUM":"189350","LANES":"2","YEARMAIN":1502928000000,"LIMITS":"45' N/O FLINTRIDGE AVE. TO END","LASTTYPEMNT":"SC","MEDIANTYPE":"0","GIS_MILES":0.0799999982,"MPAHCLS":"L","OBJECTID":3035,"PAVE_THIK":0.45000000000000001,"PAVE_TYPE":"AC","PAVE_W":"V","PAVE_WFT":37.100000000000001,"ROADNAME":"PICKERING CIRCLE","SERVICE_AREA":"LADERA RANCH","TRACTNO":"TR 15907","STATECLS":"M","STATUS":"M","THMSCOR":"F7","THMSPGE":"922","TRACT_ACCEPT_DATE":1039478400000,"Property_ID":"A0900","Current_OM_Inspector":"Nick Nelson","Day_Swept":"1/3 Tues.","Time_Swept":"12pm - 4pm","Road_Closed":"0","Charge_Number":"ER19500","STREETLIGHT_INSEPCT_STATUS":"Complete","SECONDARY_ISLAND_INFO":null,"LAFCO_ISLAND_NUMBER":null}},{"type":"Feature","id":2250,"geometry":{"type":"LineString","coordinates":[[-117.64092986763991,33.563665259719734],[-117.64131310422368,33.563484514295105]]},"properties":{"BASE_THIK":null,"BASE_TYPE":"NS","BIKELANETYPE":"0","DIST":"5","SHLTYPE":"CG","FEDCLS":"LOC","Inactive":"N","KEYNUM":"67833","LANES":"2","YEARMAIN":1502928000000,"LIMITS":"LEWISTON CT. TO END","LASTTYPEMNT":"SC","MEDIANTYPE":"PLNT","GIS_MILES":0.0299999993,"MPAHCLS":"L","OBJECTID":2250,"PAVE_THIK":0.45000000000000001,"PAVE_TYPE":"AC","PAVE_W":"V","PAVE_WFT":25,"ROADNAME":"CRESTMONT COURT","SERVICE_AREA":"LADERA RANCH","TRACTNO":"TR 15908","STATECLS":"M","STATUS":"M","THMSCOR":"E6","THMSPGE":"922","TRACT_ACCEPT_DATE":1103587200000,"Property_ID":"A1486","Current_OM_Inspector":"Nick Nelson","Day_Swept":"1/3 Tues.","Time_Swept":"12pm - 4pm","Road_Closed":"0","Charge_Number":"ER19500","STREETLIGHT_INSEPCT_STATUS":"Complete","SECONDARY_ISLAND_INFO":null,"LAFCO_ISLAND_NUMBER":null}},{"type":"Feature","id":2734,"geometry":{"type":"LineString","coordinates":[[-117.64026831086683,33.562932509931301],[-117.64030947056824,33.563048416070941],[-117.64031439957388,33.563062295163697],[-117.64033912792124,33.563118069002087],[-117.640369648936,33.56317089588795],[-117.64040561626683,33.563220176343762],[-117.6404466217578,33.563265351136756],[-117.64049220008015,33.563305907625072],[-117.64054183401275,33.5633413855752],[-117.64059496031163,33.563371382384688],[-117.64066025954,33.563408275879077],[-117.64072230133783,33.563450417716666],[-117.64078066486704,33.563497522043555],[-117.64083495423976,33.563549269344591],[-117.64088480120367,33.563605308610676],[-117.64092986763991,33.563665259719734],[-117.64096376515789,33.563720692360498],[-117.64099248862401,33.563778974277788],[-117.64101580066701,33.563839623828798],[-117.64103350863579,33.563902139804597],[-117.64104546619136,33.563966005572048],[-117.6410515745163,33.564030693343334],[-117.64105178313127,33.564095668537583],[-117.6410460903123,33.564160394198645],[-117.64102744552638,33.564236664306804],[-117.64100196447555,33.56431093054065],[-117.64096985692709,33.564382581519517],[-117.64093138719939,33.564451027392238],[-117.64088687198618,33.564515704693001],[-117.64083667774931,33.56457608097994],[-117.64078121770191,33.564631659218357],[-117.64072094840687,33.564681981872447],[-117.64065636601805,33.564726634671864],[-117.640588002196,33.564765250022113],[-117.64051641973106,33.564797510030694],[-117.64044220791035,33.564823149124074],[-117.64036597766663,33.564841956233977],[-117.63948095243373,33.565067253647605],[-117.63940265790963,33.565090138757114],[-117.63932633507886,33.565118923931145],[-117.63925242783573,33.565153441754838],[-117.63918136602545,33.565193491472201],[-117.6388643473971,33.56539002903795]]},"properties":{"BASE_THIK":null,"BASE_TYPE":"NS","BIKELANETYPE":"0","DIST":"5","SHLTYPE":"CG","FEDCLS":"LOC","Inactive":"N","KEYNUM":"140300","LANES":"2","YEARMAIN":1502928000000,"LIMITS":"44' NW/O FLINTRIDGE AVE. TO END","LASTTYPEMNT":"SC","MEDIANTYPE":"0","GIS_MILES":0.25999999,"MPAHCLS":"L","OBJECTID":2734,"PAVE_THIK":0.5,"PAVE_TYPE":"AC","PAVE_W":"V","PAVE_WFT":25,"ROADNAME":"LEWISTON COURT","SERVICE_AREA":"LADERA RANCH","TRACTNO":"TR 15908","STATECLS":"M","STATUS":"M","THMSCOR":"E6","THMSPGE":"922","TRACT_ACCEPT_DATE":1103587200000,"Property_ID":"A0680","Current_OM_Inspector":"Nick Nelson","Day_Swept":"1/3 Tues.","Time_Swept":"12pm - 4pm","Road_Closed":"0","Charge_Number":"ER19500","STREETLIGHT_INSEPCT_STATUS":"Complete","SECONDARY_ISLAND_INFO":null,"LAFCO_ISLAND_NUMBER":null}},{"type":"Feature","id":2865,"geometry":{"type":"LineString","coordinates":[[-117.639825547632,33.561766293278097],[-117.63937260770872,33.56170114738724],[-117.63931922292461,33.561691824931273],[-117.63926716264007,33.561676772684507],[-117.63921703992646,33.56165616790495],[-117.63916944503801,33.561630253238221],[-117.63912493846074,33.561599333860158],[-117.63908404431223,33.56156377388298],[-117.6390472441694,33.561523992067443],[-117.63901497139743,33.561480456891452],[-117.6389864655109,33.561431928108853],[-117.63896389455486,33.561380370565736],[-117.63894757487898,33.561326506881429],[-117.63893773521626,33.561271091997639],[-117.6389345134773,33.561214902597335],[-117.63893795481725,33.561158726218963],[-117.63894801100308,33.561103350218431],[-117.63896454108945,33.561049550733749],[-117.63898731339428,33.560998081806801],[-117.63901600874587,33.560949664814892],[-117.63905022495641,33.560904978360071],[-117.63910389195779,33.560935532925868]]},"properties":{"BASE_THIK":null,"BASE_TYPE":"NS","BIKELANETYPE":"0","DIST":"5","SHLTYPE":"CG","FEDCLS":"LOC","Inactive":"N","KEYNUM":"157600","LANES":"2","YEARMAIN":1502928000000,"LIMITS":"STRATHMORE TO END","LASTTYPEMNT":"SC","MEDIANTYPE":"0","GIS_MILES":0.100000001,"MPAHCLS":"L","OBJECTID":2865,"PAVE_THIK":0.45000000000000001,"PAVE_TYPE":"AC","PAVE_W":"V","PAVE_WFT":36,"ROADNAME":"MERRILL HILL","SERVICE_AREA":"LADERA RANCH","TRACTNO":"TR 15909","STATECLS":"M","STATUS":"M","THMSCOR":"E7","THMSPGE":"922","TRACT_ACCEPT_DATE":1096934400000,"Property_ID":"A0772","Current_OM_Inspector":"Nick Nelson","Day_Swept":"1/3 Tues.","Time_Swept":"12pm - 4pm","Road_Closed":"0","Charge_Number":"ER19500","STREETLIGHT_INSEPCT_STATUS":"Complete","SECONDARY_ISLAND_INFO":null,"LAFCO_ISLAND_NUMBER":null}},{"type":"Feature","id":3325,"geometry":{"type":"LineString","coordinates":[[-117.6394556078051,33.562719261570983],[-117.63969114634081,33.562213965456138],[-117.63970002696105,33.562194492221643],[-117.63972702630362,33.562128871358041],[-117.63975012768333,33.562061778970289],[-117.63976925145306,33.561993446374338],[-117.639825547632,33.561766293278097],[-117.63993449730387,33.561326512688765],[-117.63994532532473,33.561271762437059],[-117.63995083358746,33.561216224205729],[-117.63995097094875,33.561160413658072],[-117.63994573613321,33.561104848985806],[-117.63993517774524,33.561050046097733],[-117.63991939381775,33.560996513829608],[-117.63978701786813,33.560612415468803],[-117.63977283011428,33.560564976175051],[-117.63976264243229,33.560516520111591],[-117.63971325858937,33.560219005515073]]},"properties":{"BASE_THIK":null,"BASE_TYPE":"NS","BIKELANETYPE":"0","DIST":"5","SHLTYPE":"CG","FEDCLS":"LOC","Inactive":"N","KEYNUM":"225750","LANES":"2","YEARMAIN":1502928000000,"LIMITS":"47' SW/O FLINTRIDGE TO END","LASTTYPEMNT":"SC","MEDIANTYPE":"0","GIS_MILES":0.180000007,"MPAHCLS":"L","OBJECTID":3325,"PAVE_THIK":0.55000000000000004,"PAVE_TYPE":"AC","PAVE_W":"","PAVE_WFT":35.899999999999999,"ROADNAME":"STRATHMORE","SERVICE_AREA":"LADERA RANCH","TRACTNO":"TR 15909","STATECLS":"M","STATUS":"M","THMSCOR":"E7","THMSPGE":"922","TRACT_ACCEPT_DATE":1096934400000,"Property_ID":"A1104","Current_OM_Inspector":"Nick Nelson","Day_Swept":"1/3 Tues.","Time_Swept":"12pm - 4pm","Road_Closed":"0","Charge_Number":"ER19500","STREETLIGHT_INSEPCT_STATUS":"Complete","SECONDARY_ISLAND_INFO":null,"LAFCO_ISLAND_NUMBER":null}},{"type":"Feature","id":3483,"geometry":{"type":"LineString","coordinates":[[-117.63970002696105,33.562194492221643],[-117.6400271329648,33.562301361474184]]},"properties":{"BASE_THIK":null,"BASE_TYPE":"NS","BIKELANETYPE":"0","DIST":"5","SHLTYPE":"CG","FEDCLS":"LOC","Inactive":"N","KEYNUM":"238665","LANES":"2","YEARMAIN":1502928000000,"LIMITS":"STRATHMORE TO END","LASTTYPEMNT":"SC","MEDIANTYPE":"PLNT","GIS_MILES":0.0199999996,"MPAHCLS":"L","OBJECTID":3483,"PAVE_THIK":0.45000000000000001,"PAVE_TYPE":"AC","PAVE_W":"V","PAVE_WFT":24.5,"ROADNAME":"WESTFORD","SERVICE_AREA":"LADERA RANCH","TRACTNO":"TR 15909","STATECLS":"M","STATUS":"M","THMSCOR":"E7","THMSPGE":"922","TRACT_ACCEPT_DATE":1096934400000,"Property_ID":"A1224","Current_OM_Inspector":"Nick Nelson","Day_Swept":"1/3 Tues.","Time_Swept":"12pm - 4pm","Road_Closed":"0","Charge_Number":"ER19500","STREETLIGHT_INSEPCT_STATUS":"Complete","SECONDARY_ISLAND_INFO":null,"LAFCO_ISLAND_NUMBER":null}},{"type":"Feature","id":2423,"geometry":{"type":"MultiLineString","coordinates":[[[-117.64189500369582,33.562913180146744],[-117.64194688734489,33.562957544064901],[-117.64199389036325,33.563007049484185],[-117.64203550585634,33.563061162523361],[-117.64207128503024,33.563119299611252],[-117.64210084203167,33.563180833780144],[-117.64212385810907,33.563245101427171],[-117.64214008505022,33.563311409470842],[-117.64216670773784,33.563465600002921],[-117.64217580488241,33.56353686746143],[-117.64217854227037,33.563608661022343],[-117.64217632922865,33.563938900876288]],[[-117.64221900354138,33.563939092895325],[-117.64217632922865,33.563938900876288]],[[-117.6420442406384,33.564563859976403],[-117.64207722395129,33.564517707222151],[-117.64210576510533,33.564468682961],[-117.64212961595265,33.564417213428882],[-117.64214856912477,33.564363746121849],[-117.64216245983545,33.564308745905379],[-117.64217116731346,33.564252690972666],[-117.64217461585264,33.564196068687018],[-117.64217632922865,33.563938900876288]],[[-117.6420442406384,33.564563859976403],[-117.64220302590996,33.564649819582883]],[[-117.6420442406384,33.564563859976403],[-117.64200351138503,33.564612179986689],[-117.64195868532528,33.564656725691776],[-117.64161121004246,33.564973790600234],[-117.64155043815873,33.565026294938669],[-117.64148708930816,33.565075659404997],[-117.64142132554336,33.565121757719986],[-117.64135331509459,33.565164471959584],[-117.64097879449469,33.565387511163692],[-117.64091357190367,33.565422388183613],[-117.64084574540763,33.565451883256621],[-117.64077575821126,33.565475803650457],[-117.64070406763811,33.56549399305996],[-117.64063114214225,33.565506332628452],[-117.64022624366866,33.565559912379499],[-117.64013139626593,33.565574830553651],[-117.64003742677836,33.565594536317661],[-117.63994457670755,33.565618979027725],[-117.63985308467811,33.565648095866088],[-117.63974445361531,33.565685862501766]],[[-117.63981229512197,33.565822666568145],[-117.63974445361531,33.565685862501766]],[[-117.63905853187036,33.566154786652632],[-117.63924001907534,33.566028363473279],[-117.63928519150249,33.565994495638897],[-117.63932772096229,33.565957363127126],[-117.63936737205218,33.565917171468158],[-117.63941549422458,33.565869676871415],[-117.63946736798889,33.565826311069529],[-117.63952264020267,33.56578736928504],[-117.6395809345878,33.565753116622965],[-117.63964185429201,33.565723786266091],[-117.63970498459061,33.565699577887464],[-117.63974445361531,33.565685862501766]]]},"properties":{"BASE_THIK":null,"BASE_TYPE":"NS","BIKELANETYPE":"0","DIST":"5","SHLTYPE":"CG","FEDCLS":"LOC","Inactive":"N","KEYNUM":"95612","LANES":"2","YEARMAIN":1550188800000,"LIMITS":"37' NW/O TISBURY WAY TO END","LASTTYPEMNT":"OL","MEDIANTYPE":"PLNT","GIS_MILES":0.349999994,"MPAHCLS":"L","OBJECTID":2423,"PAVE_THIK":0.5,"PAVE_TYPE":"AC","PAVE_W":"V","PAVE_WFT":31.600000000000001,"ROADNAME":"FLINTRIDGE AVENUE","SERVICE_AREA":"LADERA RANCH","TRACTNO":"TR 15910","STATECLS":"M","STATUS":"M","THMSCOR":"E7","THMSPGE":"922","TRACT_ACCEPT_DATE":1044316800000,"Property_ID":"A1609","Current_OM_Inspector":"Nick Nelson","Day_Swept":"1/3 Tues.","Time_Swept":"12pm - 4pm","Road_Closed":"0","Charge_Number":"ER19500","STREETLIGHT_INSEPCT_STATUS":"Complete","SECONDARY_ISLAND_INFO":null,"LAFCO_ISLAND_NUMBER":null}},{"type":"Feature","id":3381,"geometry":{"type":"MultiLineString","coordinates":[[[-117.64211466211141,33.56247722697735],[-117.64227789374058,33.562283747349113],[-117.64232477618162,33.562223926691338],[-117.64236641758846,33.5621603462886],[-117.64240251804557,33.562093464068461],[-117.64243281754528,33.562023761739283],[-117.64245709786033,33.561951741320819],[-117.64250298355394,33.561790610233523],[-117.64252670616499,33.561719813541288],[-117.64255633018151,33.56165127631381],[-117.64259164341456,33.561585489464996],[-117.64263239292487,33.561522924208539],[-117.64270909255352,33.561414630407491],[-117.64274998382373,33.561352876380056],[-117.64278613624788,33.561288233839008],[-117.64281734684182,33.561221065731168],[-117.64284344036825,33.56115174918363],[-117.6428642703205,33.561080673386243],[-117.64287971974517,33.561008237406497],[-117.64298705210149,33.560374323787748],[-117.64305205775443,33.560382033945572]],[[-117.64211466211141,33.56247722697735],[-117.6421546988055,33.562500905578126]],[[-117.64211466211141,33.56247722697735],[-117.64188087883538,33.562754317869306]]]},"properties":{"BASE_THIK":null,"BASE_TYPE":"","BIKELANETYPE":"0","DIST":"5","SHLTYPE":"CG","FEDCLS":"LOC","Inactive":"N","KEYNUM":"235140","LANES":"2","YEARMAIN":1502928000000,"LIMITS":"42' SW/O FLINTRIDGE AVE. TO END","LASTTYPEMNT":"SC","MEDIANTYPE":"PLNT","GIS_MILES":0.189999998,"MPAHCLS":"L","OBJECTID":3381,"PAVE_THIK":null,"PAVE_TYPE":"","PAVE_W":"V","PAVE_WFT":40.100000000000001,"ROADNAME":"TISBURY LANE","SERVICE_AREA":"LADERA RANCH","TRACTNO":"TR 15911","STATECLS":"M","STATUS":"M","THMSCOR":"E7","THMSPGE":"922","TRACT_ACCEPT_DATE":1044316800000,"Property_ID":"A1156","Current_OM_Inspector":"Nick Nelson","Day_Swept":"1/3 Tues.","Time_Swept":"12pm - 4pm","Road_Closed":"0","Charge_Number":"ER19500","STREETLIGHT_INSEPCT_STATUS":"Complete","SECONDARY_ISLAND_INFO":null,"LAFCO_ISLAND_NUMBER":null}},{"type":"Feature","id":1973,"geometry":{"type":"LineString","coordinates":[[-117.64148808542903,33.561525989498143],[-117.64155698037735,33.561504940340903],[-117.64162352644341,33.561477350451206],[-117.64168710429584,33.561443476602825],[-117.64174712222781,33.56140363405315],[-117.641803021664,33.561358193609095],[-117.64185428235915,33.561307578176113],[-117.64190042723985,33.561252258822286],[-117.64194102684459,33.561192750394156],[-117.64197570332068,33.561129606725203],[-117.64200413394084,33.561063415481371],[-117.64202605410679,33.560994792691808],[-117.64204125981175,33.560924377015567],[-117.64204960953916,33.560852823797788],[-117.64205102557972,33.560780798970455],[-117.64204549475463,33.560708972854755],[-117.64198644373577,33.560388342691923]]},"properties":{"BASE_THIK":null,"BASE_TYPE":"NS","BIKELANETYPE":"0","DIST":"5","SHLTYPE":"CG","FEDCLS":"LOC","Inactive":"N","KEYNUM":"26425","LANES":"2","YEARMAIN":1502928000000,"LIMITS":"BUSHWOOD CIRCLE TO END","LASTTYPEMNT":"SC","MEDIANTYPE":"0","GIS_MILES":0.0900000036,"MPAHCLS":"L","OBJECTID":1973,"PAVE_THIK":0.55000000000000004,"PAVE_TYPE":"AC","PAVE_W":"V","PAVE_WFT":30.300000000000001,"ROADNAME":"BEACON POINT","SERVICE_AREA":"LADERA RANCH","TRACTNO":"TR 15912","STATECLS":"M","STATUS":"M","THMSCOR":"E7","THMSPGE":"922","TRACT_ACCEPT_DATE":1044316800000,"Property_ID":"A1279","Current_OM_Inspector":"Nick Nelson","Day_Swept":"1/3 Tues.","Time_Swept":"12pm - 4pm","Road_Closed":"0","Charge_Number":"ER19500","STREETLIGHT_INSEPCT_STATUS":"Complete","SECONDARY_ISLAND_INFO":null,"LAFCO_ISLAND_NUMBER":null}},{"type":"Feature","id":2091,"geometry":{"type":"LineString","coordinates":[[-117.64093150195995,33.560390648470353],[-117.64099601476022,33.560596965987742],[-117.64101470599236,33.560649450875815],[-117.64103725797497,33.560700396275166],[-117.64106354519522,33.560749518649772],[-117.64142246706395,33.561365633956761],[-117.64144933613875,33.561416949317824],[-117.64147127340621,33.561470558736382],[-117.64148808542903,33.561525989498143],[-117.64149916734313,33.561582723583946],[-117.64150463013448,33.561640271157501],[-117.64150442110319,33.561698077053549],[-117.64149854226578,33.561755583614762],[-117.6414870503358,33.561812236071525],[-117.64147005617664,33.561867487893814],[-117.64144772373211,33.56192080606364],[-117.64142026844479,33.561971676217063],[-117.64138614706707,33.562023585408575],[-117.64134742197767,33.562072157005552],[-117.64130970977821,33.562117953957923],[-117.64127666185493,33.562167222666069],[-117.64124859566208,33.56221948986088],[-117.64122578080003,33.562274253470186],[-117.64120843642549,33.562330987441548],[-117.64119672914639,33.562389146795489],[-117.64119077142138,33.562448172860478],[-117.64119062047965,33.562507498639455],[-117.6411962777711,33.562566554256364],[-117.64122154458282,33.562728510338353]]},"properties":{"BASE_THIK":null,"BASE_TYPE":"NS","BIKELANETYPE":"0","DIST":"5","SHLTYPE":"CG","FEDCLS":"LOC","Inactive":"N","KEYNUM":"42600","LANES":"2","YEARMAIN":1502928000000,"LIMITS":"42' S/O FLINTRIDGE AVE. TO END","LASTTYPEMNT":"SC","MEDIANTYPE":"PLNT","GIS_MILES":0.170000002,"MPAHCLS":"L","OBJECTID":2091,"PAVE_THIK":0.55000000000000004,"PAVE_TYPE":"AC","PAVE_W":"V","PAVE_WFT":37,"ROADNAME":"BUSHWOOD CIRCLE","SERVICE_AREA":"LADERA RANCH","TRACTNO":"TR 15912","STATECLS":"M","STATUS":"M","THMSCOR":"E7","THMSPGE":"922","TRACT_ACCEPT_DATE":1044316800000,"Property_ID":"A1363","Current_OM_Inspector":"Nick Nelson","Day_Swept":"1/3 Tues.","Time_Swept":"12pm - 4pm","Road_Closed":"0","Charge_Number":"ER19500","STREETLIGHT_INSEPCT_STATUS":"Complete","SECONDARY_ISLAND_INFO":null,"LAFCO_ISLAND_NUMBER":null}},{"type":"Feature","id":3596,"geometry":{"type":"LineString","coordinates":[[-117.64110450988312,33.561793710262044],[-117.6410777898261,33.561843913871229],[-117.64142026844479,33.561971676217063]]},"properties":{"BASE_THIK":null,"BASE_TYPE":"","BIKELANETYPE":"0","DIST":"5","SHLTYPE":"CG","FEDCLS":"LOC","Inactive":"N","KEYNUM":"238584","LANES":"2","YEARMAIN":1502928000000,"LIMITS":"BUSHWOOD CIRCLE TO END","LASTTYPEMNT":"SC","MEDIANTYPE":"0","GIS_MILES":0.0299999993,"MPAHCLS":"L","OBJECTID":3596,"PAVE_THIK":null,"PAVE_TYPE":"","PAVE_W":"V","PAVE_WFT":40,"ROADNAME":"WEGEFORD CIRCLE","SERVICE_AREA":"LADERA RANCH","TRACTNO":"TR 15912","STATECLS":"M","STATUS":"M","THMSCOR":"E7","THMSPGE":"922","TRACT_ACCEPT_DATE":1044316800000,"Property_ID":"A1216","Current_OM_Inspector":"Nick Nelson","Day_Swept":"1/3 Tues.","Time_Swept":"12pm - 4pm","Road_Closed":"0","Charge_Number":"ER19500","STREETLIGHT_INSEPCT_STATUS":"Complete","SECONDARY_ISLAND_INFO":null,"LAFCO_ISLAND_NUMBER":null}},{"type":"Feature","id":2756,"geometry":{"type":"LineString","coordinates":[[-117.64574508660452,33.559413787863271],[-117.64578181540467,33.559368232040661],[-117.64604482531439,33.559516875945313],[-117.64606144798188,33.559526843485472],[-117.64607616417001,33.559539456920305],[-117.64608855724988,33.559554359151775],[-117.64609827636191,33.559571128283913],[-117.64610504634905,33.559589289567057],[-117.64610867554667,33.559608328838472],[-117.64610906120886,33.559627707078739],[-117.64610619241715,33.559646875671945],[-117.64595896459163,33.560187161362379],[-117.64594873071795,33.560209103207441],[-117.64593489969522,33.560228974783762],[-117.64591787796434,33.560246192141662],[-117.64589816572892,33.560260249328792],[-117.64587634225623,33.560270733258143],[-117.6458530488547,33.560277335847111],[-117.64582897002842,33.560279863070832],[-117.64580481336203,33.560278240663862],[-117.64561466576141,33.56025945566401],[-117.64558598698417,33.560259089902644],[-117.64555766476099,33.560263612923698],[-117.64553388641232,33.560271546908744],[-117.64551180299536,33.560283407797385],[-117.64549205742389,33.560298850283964],[-117.64548044501683,33.560311525420751],[-117.64547084983555,33.56032578864572],[-117.64546348589856,33.560341321820616],[-117.64543971214,33.56040458173284],[-117.64543298487945,33.560423378433448],[-117.64542020088382,33.560466282082523],[-117.64541072330104,33.560510035128964],[-117.64540460724179,33.560554383155612],[-117.64540183651337,33.560607034434483],[-117.64540432007412,33.560664423400624],[-117.64541245926191,33.560721286526913],[-117.64542617449537,33.560777067830948],[-117.64543882074815,33.560814880710545],[-117.64545391947644,33.560851782878188],[-117.64551893871106,33.56099719544887],[-117.64552222066428,33.561004548190617],[-117.64561100209177,33.561203100950088],[-117.64565420197728,33.561299698592791],[-117.64569837398147,33.561398483695172],[-117.64574317611809,33.561498680109196],[-117.6457626607955,33.561545435683655],[-117.64577968908756,33.56159314075326],[-117.64579676971628,33.561651418504411],[-117.64581007742481,33.561710671766356]]},"properties":{"BASE_THIK":null,"BASE_TYPE":"NS","BIKELANETYPE":"0","DIST":"5","SHLTYPE":"CG","FEDCLS":"LOC","Inactive":"N","KEYNUM":"142500","LANES":"2","YEARMAIN":1502928000000,"LIMITS":"850' SW TO 320' NW/O WESCOTT LN","LASTTYPEMNT":"SC","MEDIANTYPE":"0","GIS_MILES":0.200000003,"MPAHCLS":"L","OBJECTID":2756,"PAVE_THIK":0.55000000000000004,"PAVE_TYPE":"AC","PAVE_W":"V","PAVE_WFT":36.899999999999999,"ROADNAME":"LIVINGSTON PLACE","SERVICE_AREA":"LADERA RANCH","TRACTNO":"TR 15915","STATECLS":"M","STATUS":"M","THMSCOR":"E7","THMSPGE":"922","TRACT_ACCEPT_DATE":1055808000000,"Property_ID":"A0690","Current_OM_Inspector":"Nick Nelson","Day_Swept":"1/3 Tues.","Time_Swept":"8am - 12pm","Road_Closed":"0","Charge_Number":"ER19500","STREETLIGHT_INSEPCT_STATUS":"Complete","SECONDARY_ISLAND_INFO":null,"LAFCO_ISLAND_NUMBER":null}},{"type":"Feature","id":3481,"geometry":{"type":"LineString","coordinates":[[-117.64630961167865,33.560940700763105],[-117.6461545945623,33.560928416254754],[-117.64604971145552,33.560923585073191],[-117.6459447413871,33.560925841428435],[-117.64584016275566,33.560935175037201],[-117.64573645217591,33.560951543361782],[-117.64563408230636,33.560974871803921],[-117.64552222066428,33.561004548190617]]},"properties":{"BASE_THIK":null,"BASE_TYPE":"NS","BIKELANETYPE":"0","DIST":"5","SHLTYPE":"CG","FEDCLS":"LOC","Inactive":"N","KEYNUM":"238669","LANES":"2","YEARMAIN":1502928000000,"LIMITS":"50' E/O CECIL PASTURE RD. TO LIVINGSTON PL.","LASTTYPEMNT":"SC","MEDIANTYPE":"0","GIS_MILES":0.0500000007,"MPAHCLS":"L","OBJECTID":3481,"PAVE_THIK":0.65000000000000002,"PAVE_TYPE":"AC","PAVE_W":"V","PAVE_WFT":40.799999999999997,"ROADNAME":"WESCOTT LANE","SERVICE_AREA":"LADERA RANCH","TRACTNO":"TR 15915","STATECLS":"M","STATUS":"M","THMSCOR":"E7","THMSPGE":"922","TRACT_ACCEPT_DATE":1055808000000,"Property_ID":"A1225","Current_OM_Inspector":"Nick Nelson","Day_Swept":"1/3 Tues.","Time_Swept":"8am - 12pm","Road_Closed":"0","Charge_Number":"ER19500","STREETLIGHT_INSEPCT_STATUS":"Complete","SECONDARY_ISLAND_INFO":null,"LAFCO_ISLAND_NUMBER":null}},{"type":"Feature","id":3249,"geometry":{"type":"LineString","coordinates":[[-117.64136027782473,33.540061392352726],[-117.64082106831134,33.540389369597364],[-117.64072893247669,33.540449317717538],[-117.64064161510802,33.540514126291022],[-117.64055948015344,33.540583524355483],[-117.64048287186964,33.540657221331053],[-117.64041211054452,33.54073490887157],[-117.64034749146359,33.540816263580808],[-117.64028928486641,33.54090094430785],[-117.64023773387966,33.540988597579954],[-117.64019305344007,33.541078857614671],[-117.6401554313564,33.541171345405942],[-117.64012502520843,33.541265676874112],[-117.64010196115503,33.54136145566526],[-117.6400967379808,33.541389009949192],[-117.64008504763345,33.541469125213688],[-117.64007848295414,33.541549648533206],[-117.64007706399676,33.541630350649314],[-117.64008079357482,33.541711001593967],[-117.64008707181493,33.541791167814615],[-117.64017853602,33.542959079798159],[-117.64018115278638,33.542992490636131],[-117.64019170051948,33.54308426651518],[-117.64020891337695,33.5431753331655],[-117.64023272781345,33.543265350446099],[-117.64026305560593,33.543353983901312],[-117.64034092809352,33.543557834920762],[-117.64047074818333,33.543897667590407],[-117.64050287946066,33.543992342157949],[-117.64052758692878,33.544088566713434],[-117.64054476606927,33.544185933050308],[-117.64055434461878,33.544284029895252],[-117.64055628037357,33.544382440227622],[-117.64055056667347,33.544480747530301],[-117.64053722700518,33.544578534947952],[-117.64051720293813,33.544692258152097]]},"properties":{"BASE_THIK":null,"BASE_TYPE":"","BIKELANETYPE":"0","DIST":"5","SHLTYPE":"CG","FEDCLS":"LOC","Inactive":"N","KEYNUM":"217696","LANES":"2","YEARMAIN":1600300800000,"LIMITS":"733' E/O ETHEREAL ST. TO 138' S/O ONEILL DR.","LASTTYPEMNT":"OL","MEDIANTYPE":"PLNT","GIS_MILES":0.349999994,"MPAHCLS":"L","OBJECTID":3249,"PAVE_THIK":null,"PAVE_TYPE":"","PAVE_W":"","PAVE_WFT":34.5,"ROADNAME":"SIENNA PARKWAY","SERVICE_AREA":"LADERA RANCH","TRACTNO":"TR 15987","STATECLS":"M","STATUS":"M","THMSCOR":"E2","THMSPGE":"952","TRACT_ACCEPT_DATE":1174348800000,"Property_ID":"A1049","Current_OM_Inspector":"Nick Nelson","Day_Swept":"1/3 Wed.","Time_Swept":"5am - 8am","Road_Closed":"0","Charge_Number":"ER19500","STREETLIGHT_INSEPCT_STATUS":"Complete","SECONDARY_ISLAND_INFO":null,"LAFCO_ISLAND_NUMBER":null}},{"type":"Feature","id":1858,"geometry":{"type":"LineString","coordinates":[[-117.63617062660416,33.545594334312831],[-117.63616159654916,33.545662790260785],[-117.63614559002311,33.545729958332281],[-117.63612277599532,33.545795129482642],[-117.63609339529695,33.545857615747266],[-117.63605775807873,33.545916757503939],[-117.63601624053696,33.545971930435975],[-117.63596928094225,33.546022552122714],[-117.63591737501301,33.546068088187688],[-117.63586107068252,33.546108057939655],[-117.63580096231482,33.546142039446906],[-117.6354429314674,33.546338799966556]]},"properties":{"BASE_THIK":null,"BASE_TYPE":"NS","BIKELANETYPE":"0","DIST":"5","SHLTYPE":"CG","FEDCLS":"LOC","Inactive":"N","KEYNUM":"2200","LANES":"2","YEARMAIN":1502928000000,"LIMITS":"MERRIWEATHER PL. TO TUBEROSE ST.","LASTTYPEMNT":"SC","MEDIANTYPE":"0","GIS_MILES":0.0700000003,"MPAHCLS":"L","OBJECTID":1858,"PAVE_THIK":0.55000000000000004,"PAVE_TYPE":"AC","PAVE_W":"","PAVE_WFT":36.299999999999997,"ROADNAME":"AGAPANTHUS STREET","SERVICE_AREA":"LADERA RANCH","TRACTNO":"TR 16025","STATECLS":"M","STATUS":"M","THMSCOR":"F2","THMSPGE":"952","TRACT_ACCEPT_DATE":1098144000000,"Property_ID":"A1060","Current_OM_Inspector":"Nick Nelson","Day_Swept":"1/3 Wed.","Time_Swept":"12pm - 4pm","Road_Closed":"0","Charge_Number":"ER19500","STREETLIGHT_INSEPCT_STATUS":"Complete","SECONDARY_ISLAND_INFO":null,"LAFCO_ISLAND_NUMBER":null}},{"type":"Feature","id":1963,"geometry":{"type":"LineString","coordinates":[[-117.63534010523691,33.545617515369088],[-117.63489118871634,33.545628064726756],[-117.63480282777797,33.545632901071947],[-117.63471497316107,33.545643512949688],[-117.63462800196329,33.545659854810687],[-117.63454228749048,33.545681856510903],[-117.6344581976542,33.545709423612621],[-117.63404630483393,33.545860741171495],[-117.63395479733855,33.54589135472618],[-117.63386167515819,33.545916634579143],[-117.63376654792096,33.545936746509135],[-117.63367044340927,33.54595149790994],[-117.63357366345006,33.545960842453134],[-117.63336878717254,33.545974952025638]]},"properties":{"BASE_THIK":null,"BASE_TYPE":"NS","BIKELANETYPE":"0","DIST":"5","SHLTYPE":"CG","FEDCLS":"LOC","Inactive":"N","KEYNUM":"23850","LANES":"2","YEARMAIN":1502928000000,"LIMITS":"28' W/O HYDRANGEA ST. TO TUBEROSE ST.","LASTTYPEMNT":"SC","MEDIANTYPE":"0","GIS_MILES":0.119999997,"MPAHCLS":"L","OBJECTID":1963,"PAVE_THIK":0.59999999999999998,"PAVE_TYPE":"AC","PAVE_W":"","PAVE_WFT":40.299999999999997,"ROADNAME":"BARBERRY STREET","SERVICE_AREA":"LADERA RANCH","TRACTNO":"TR 16025","STATECLS":"M","STATUS":"M","THMSCOR":"F2","THMSPGE":"952","TRACT_ACCEPT_DATE":1098144000000,"Property_ID":"A1206","Current_OM_Inspector":"Nick Nelson","Day_Swept":"1/3 Wed.","Time_Swept":"12pm - 4pm","Road_Closed":"0","Charge_Number":"ER19500","STREETLIGHT_INSEPCT_STATUS":"Complete","SECONDARY_ISLAND_INFO":null,"LAFCO_ISLAND_NUMBER":null}},{"type":"Feature","id":2202,"geometry":{"type":"LineString","coordinates":[[-117.63617062660416,33.545594334312831],[-117.63616570341024,33.545526398381824],[-117.6361543680793,33.545459234114297],[-117.63613672251991,33.545393445340231],[-117.63611292537171,33.54532962352345],[-117.63608319057931,33.545268342444146],[-117.63604778546878,33.545210153040408],[-117.63600702834428,33.545155578455088],[-117.63596128562646,33.545105109332582],[-117.63591096855818,33.545059199407739],[-117.63585652950725,33.545018261426662],[-117.63579845789958,33.544982663435952],[-117.635737275819,33.544952725473848],[-117.63567353331355,33.544928716692979],[-117.6356078034504,33.544910852940589],[-117.63554067716373,33.544899294817988],[-117.63531440941861,33.544854210166847]]},"properties":{"BASE_THIK":null,"BASE_TYPE":"","BIKELANETYPE":"0","DIST":"5","SHLTYPE":"CG","FEDCLS":"LOC","Inactive":"N","KEYNUM":"62650","LANES":"2","YEARMAIN":1502928000000,"LIMITS":"TUBEROSE ST. TO MERRIWEATHER PL.","LASTTYPEMNT":"SC","MEDIANTYPE":"0","GIS_MILES":0.0799999982,"MPAHCLS":"L","OBJECTID":2202,"PAVE_THIK":null,"PAVE_TYPE":"","PAVE_W":"","PAVE_WFT":36.299999999999997,"ROADNAME":"CLEOME STREET","SERVICE_AREA":"LADERA RANCH","TRACTNO":"TR 16025","STATECLS":"M","STATUS":"M","THMSCOR":"F2","THMSPGE":"952","TRACT_ACCEPT_DATE":1098144000000,"Property_ID":"A1448","Current_OM_Inspector":"Nick Nelson","Day_Swept":"1/3 Wed.","Time_Swept":"12pm - 4pm","Road_Closed":"0","Charge_Number":"ER19500","STREETLIGHT_INSEPCT_STATUS":"Complete","SECONDARY_ISLAND_INFO":null,"LAFCO_ISLAND_NUMBER":null}},{"type":"Feature","id":2969,"geometry":{"type":"LineString","coordinates":[[-117.63254984102495,33.544030349101817],[-117.63266335907521,33.543951273450482],[-117.63280867604152,33.543858796333282],[-117.63295761747025,33.543772277614416],[-117.63310993918772,33.543691859132139],[-117.63326539147864,33.543617672724004],[-117.6334237194955,33.543549840010769],[-117.6335846636763,33.543488472196955],[-117.63374796017014,33.543433669888586],[-117.63391334126976,33.543385522928226],[-117.63408053585042,33.543344110247709],[-117.6342492698143,33.543309499738726],[-117.63441926654004,33.543281748141531],[-117.63459024733601,33.543260900951928],[-117.63476193189736,33.543246992346667],[-117.63493403876546,33.543240045127433],[-117.63510628578939,33.543240070683453],[-117.63527839058843,33.543247068972825],[-117.63545007101501,33.543261028522608],[-117.63562104561733,33.543281926447591],[-117.63579103410066,33.543309728487849],[-117.63595975778692,33.543344389064885],[-117.63612694007153,33.543385851356369],[-117.6362923068769,33.543434047389269],[-117.63645558710169,33.54348889815131],[-117.63661651306532,33.54355031372048],[-117.63677482094674,33.543618193412485],[-117.63693025121698,33.543692425945764],[-117.63708254906462,33.543772889623966],[-117.63817969590512,33.544398049919963],[-117.63834185714155,33.544485611951458],[-117.63850705448382,33.544567301694194],[-117.63867507536746,33.544643014035479],[-117.63884570359485,33.54471265155393],[-117.63901871961346,33.54477612464482],[-117.63919390079828,33.544833351635383],[-117.6393710217383,33.544884258889901],[-117.63954985452663,33.544928780904456],[-117.63973016905364,33.544966860391213],[-117.63991173330311,33.544998448352125],[-117.64009431365078,33.545023504142002],[-117.64045114116551,33.545067452235685],[-117.64064919848941,33.545091918408588]]},"properties":{"BASE_THIK":null,"BASE_TYPE":"NS","BIKELANETYPE":"0","DIST":"5","SHLTYPE":"CG","FEDCLS":"LOC","Inactive":"N","KEYNUM":"175385","LANES":"2","YEARMAIN":1469923200000,"LIMITS":"61' W/O SIENNA PKWY. TO 45' SW/O HYDRANGEA ST.","LASTTYPEMNT":"OL","MEDIANTYPE":"PLNT","GIS_MILES":0.50999999,"MPAHCLS":"L","OBJECTID":2969,"PAVE_THIK":0.84999999999999998,"PAVE_TYPE":"AC","PAVE_W":"","PAVE_WFT":42.200000000000003,"ROADNAME":"ONEILL DRIVE","SERVICE_AREA":"LADERA RANCH","TRACTNO":"TR 16025","STATECLS":"M","STATUS":"M","THMSCOR":"F2","THMSPGE":"952","TRACT_ACCEPT_DATE":1098144000000,"Property_ID":"A0848","Current_OM_Inspector":"Nick Nelson","Day_Swept":"1/3 Tues.","Time_Swept":"5am - 8am","Road_Closed":"0","Charge_Number":"ER19500","STREETLIGHT_INSEPCT_STATUS":"Complete","SECONDARY_ISLAND_INFO":null,"LAFCO_ISLAND_NUMBER":null}},{"type":"Feature","id":3248,"geometry":{"type":"LineString","coordinates":[[-117.64045114116551,33.545067452235685],[-117.64040424474116,33.54533377667952],[-117.64038243775045,33.545435441298849],[-117.64035307126484,33.545535763813831],[-117.64031626064993,33.54563434888221],[-117.64027215050139,33.545730810752751],[-117.64022091352601,33.545824770573184],[-117.64016275059916,33.545915859996434],[-117.64009789185647,33.546003722070232],[-117.64002658914298,33.546088010419794],[-117.63994912363603,33.546168394573598],[-117.63986579938576,33.546244560035326],[-117.63977694330038,33.546316207382596],[-117.63968290412745,33.546383055885677],[-117.63958405028561,33.546444842629697],[-117.6394807699081,33.546501325220071],[-117.63937346868883,33.546552281806299],[-117.63901704419108,33.546709373792062],[-117.63890399983593,33.546762385916864],[-117.638794394423,33.546820241453041],[-117.63868852591432,33.546882784696741],[-117.63858667698609,33.546949846589776],[-117.63848912580985,33.547021245500474],[-117.63839613209863,33.547096790084865],[-117.6383079488931,33.547176275547912],[-117.63822481402005,33.547259488247335]]},"properties":{"BASE_THIK":null,"BASE_TYPE":"NS","BIKELANETYPE":"0","DIST":"5","SHLTYPE":"CG","FEDCLS":"LOC","Inactive":"N","KEYNUM":"217695","LANES":"2","YEARMAIN":1600300800000,"LIMITS":"105' SW/O SELLAS ROAD SOUTH TO ONEILL DR.","LASTTYPEMNT":"OL","MEDIANTYPE":"PLNT","GIS_MILES":0.209999993,"MPAHCLS":"L","OBJECTID":3248,"PAVE_THIK":0.75,"PAVE_TYPE":"AC","PAVE_W":"V","PAVE_WFT":36.200000000000003,"ROADNAME":"SIENNA PARKWAY","SERVICE_AREA":"LADERA RANCH","TRACTNO":"TR 16025","STATECLS":"M","STATUS":"M","THMSCOR":"F2","THMSPGE":"952","TRACT_ACCEPT_DATE":1098144000000,"Property_ID":"A1049","Current_OM_Inspector":"Nick Nelson","Day_Swept":"1/3 Wed.","Time_Swept":"5am - 8am","Road_Closed":"0","Charge_Number":"ER19500","STREETLIGHT_INSEPCT_STATUS":"Complete","SECONDARY_ISLAND_INFO":null,"LAFCO_ISLAND_NUMBER":null}},{"type":"Feature","id":3405,"geometry":{"type":"LineString","coordinates":[[-117.63613002413382,33.547425963500707],[-117.63548729758125,33.546416690369206],[-117.635464139414,33.546378300587477],[-117.6354429314674,33.546338799966556],[-117.63541288274814,33.546272975777235],[-117.63538867140178,33.546204788094059],[-117.63537048083033,33.546134753441649],[-117.63535844882811,33.546063402335477],[-117.63535266653808,33.545991275263233],[-117.63534010523691,33.545617515369088],[-117.63531440941861,33.544854210166847],[-117.6353051505648,33.544579223132118],[-117.63530466138788,33.544475283014435],[-117.63530986256461,33.544371471959543],[-117.63531343950297,33.544326523251399]]},"properties":{"BASE_THIK":null,"BASE_TYPE":"NS","BIKELANETYPE":"0","DIST":"5","SHLTYPE":"CG","FEDCLS":"LOC","Inactive":"N","KEYNUM":"237185","LANES":"2","YEARMAIN":1502928000000,"LIMITS":"29' SE/O SELLAS RD. SOUTH TO 27'S/ODUSKY WING CT.","LASTTYPEMNT":"SC","MEDIANTYPE":"0","GIS_MILES":0.219999999,"MPAHCLS":"L","OBJECTID":3405,"PAVE_THIK":0.59999999999999998,"PAVE_TYPE":"AC","PAVE_W":"","PAVE_WFT":36.299999999999997,"ROADNAME":"TUBEROSE STREET","SERVICE_AREA":"LADERA RANCH","TRACTNO":"TR 16025","STATECLS":"M","STATUS":"M","THMSCOR":"F2","THMSPGE":"952","TRACT_ACCEPT_DATE":1098144000000,"Property_ID":"A1174","Current_OM_Inspector":"Nick Nelson","Day_Swept":"1/3 Wed.","Time_Swept":"12pm - 4pm","Road_Closed":"0","Charge_Number":"ER19500","STREETLIGHT_INSEPCT_STATUS":"Complete","SECONDARY_ISLAND_INFO":null,"LAFCO_ISLAND_NUMBER":null}},{"type":"Feature","id":2221,"geometry":{"type":"LineString","coordinates":[[-117.63003692668063,33.553742204323875],[-117.62954082896191,33.553825452217865],[-117.62946074777547,33.553838535510259],[-117.62938212908391,33.553858617101334],[-117.62930558323008,33.553885541091091],[-117.6292317044647,33.553919098459701],[-117.629161066333,33.553959028690258],[-117.62909421722209,33.554005021791191],[-117.62903167610369,33.554056720702889],[-117.62897392850512,33.554113724069651],[-117.62892142274005,33.554175589355523],[-117.62887456642805,33.554241836279893],[-117.62883372333013,33.554311950546015],[-117.62879921052473,33.554385387833726],[-117.62877129594617,33.554461578025126],[-117.62875774181681,33.554527683906635],[-117.62875067833623,33.55459479433231],[-117.6287501724174,33.554662273559025],[-117.62875622885294,33.554729482349977],[-117.62876879026967,33.554795784030212],[-117.62889145535185,33.555308377956273],[-117.62909266577522,33.556144363046549]]},"properties":{"BASE_THIK":null,"BASE_TYPE":"NS","BIKELANETYPE":"0","DIST":"5","SHLTYPE":"CG","FEDCLS":"LOC","Inactive":"N","KEYNUM":"65500","LANES":"2","YEARMAIN":1501545600000,"LIMITS":"TERRACE RD. TO 60' E/O ANTONIO PKWY.","LASTTYPEMNT":"MM&MS","MEDIANTYPE":"0","GIS_MILES":0.209999993,"MPAHCLS":"L","OBJECTID":2221,"PAVE_THIK":0.75,"PAVE_TYPE":"AC","PAVE_W":"V","PAVE_WFT":40.200000000000003,"ROADNAME":"CORPORATE DRIVE","SERVICE_AREA":"LADERA RANCH","TRACTNO":"TR 16063","STATECLS":"M","STATUS":"M","THMSCOR":"G1","THMSPGE":"952","TRACT_ACCEPT_DATE":1103587200000,"Property_ID":"A1465","Current_OM_Inspector":"Nick Nelson","Day_Swept":"1/3 Wed.","Time_Swept":"8am - 12pm","Road_Closed":"0","Charge_Number":"ER19500","STREETLIGHT_INSEPCT_STATUS":"Complete","SECONDARY_ISLAND_INFO":null,"LAFCO_ISLAND_NUMBER":null}},{"type":"Feature","id":2263,"geometry":{"type":"LineString","coordinates":[[-117.62920012202019,33.565482791799063],[-117.629474964276,33.565543648250326],[-117.62974759355333,33.565611120100151],[-117.63001778389081,33.565685150354433],[-117.63028530926736,33.565765678414685],[-117.63054994783877,33.565852635522646],[-117.63081147880608,33.565945951106436],[-117.63175791636139,33.566297236608932]]},"properties":{"BASE_THIK":null,"BASE_TYPE":"NS","BIKELANETYPE":"II","DIST":"5","SHLTYPE":"SC","FEDCLS":"OPA","Inactive":"N","KEYNUM":"68590","LANES":"2","YEARMAIN":1517875200000,"LIMITS":"106' E/O ANTONIO PKWY. TO 941'E","LASTTYPEMNT":"REAS","MEDIANTYPE":"PLNT","GIS_MILES":0.159999996,"MPAHCLS":"M","OBJECTID":2263,"PAVE_THIK":1.1000000000000001,"PAVE_TYPE":"AC","PAVE_W":"H","PAVE_WFT":48.899999999999999,"ROADNAME":"CROWN VALLEY PARKWAY (S1/2)","SERVICE_AREA":"NORTH LADERA RANCH","TRACTNO":"TR 16063","STATECLS":"A","STATUS":"M","THMSCOR":"G6","THMSPGE":"922","TRACT_ACCEPT_DATE":1103587200000,"Property_ID":"A1491","Current_OM_Inspector":"Nick Nelson","Day_Swept":"1/3 Wed.","Time_Swept":"12pm - 4pm","Road_Closed":"0","Charge_Number":"ER19500","STREETLIGHT_INSEPCT_STATUS":"Complete","SECONDARY_ISLAND_INFO":null,"LAFCO_ISLAND_NUMBER":null}},{"type":"Feature","id":3357,"geometry":{"type":"LineString","coordinates":[[-117.63035983681877,33.55593047718785],[-117.62909266577522,33.556144363046549]]},"properties":{"BASE_THIK":null,"BASE_TYPE":"NS","BIKELANETYPE":"0","DIST":"5","SHLTYPE":"CG","FEDCLS":"LOC","Inactive":"N","KEYNUM":"233250","LANES":"4","YEARMAIN":1501545600000,"LIMITS":"60' E/O ANTONIO PKWY. TO CORPORATE DR.","LASTTYPEMNT":"MM&MS","MEDIANTYPE":"PLNT","GIS_MILES":0.0700000003,"MPAHCLS":"L","OBJECTID":3357,"PAVE_THIK":0.75,"PAVE_TYPE":"AC","PAVE_W":"V","PAVE_WFT":63.600000000000001,"ROADNAME":"TERRACE ROAD","SERVICE_AREA":"LADERA RANCH","TRACTNO":"TR 16063","STATECLS":"M","STATUS":"M","THMSCOR":"G1","THMSPGE":"952","TRACT_ACCEPT_DATE":1103587200000,"Property_ID":"A1137","Current_OM_Inspector":"Nick Nelson","Day_Swept":"1/3 Wed.","Time_Swept":"8am - 12pm","Road_Closed":"0","Charge_Number":"ER19500","STREETLIGHT_INSEPCT_STATUS":"Complete","SECONDARY_ISLAND_INFO":null,"LAFCO_ISLAND_NUMBER":null}},{"type":"Feature","id":3358,"geometry":{"type":"LineString","coordinates":[[-117.62909266577522,33.556144363046549],[-117.62880850490016,33.556191839549385],[-117.62872998921176,33.556203263971916],[-117.62865280976185,33.556221664060637],[-117.628577585011,33.556246892370446],[-117.62850491775629,33.556278746739835],[-117.62843539030085,33.556316971910782],[-117.62836955978767,33.55636126157426],[-117.62830795373517,33.556411260824767],[-117.62825106580995,33.55646656900425],[-117.62819935187092,33.556526742912752],[-117.62815322631639,33.556591300359841],[-117.62811305876338,33.556659724028556],[-117.62807917108577,33.556731465620835],[-117.62805183483506,33.556805950251146],[-117.62803126906431,33.55688258105323],[-117.62801763857277,33.556960743962946],[-117.62791889770338,33.558682000388259],[-117.62791758760157,33.558704829027171],[-117.62791944589736,33.558779523814209],[-117.62792833936152,33.558853710543282],[-117.62794418873847,33.558926728087229],[-117.62796685278393,33.558997925738296],[-117.62799612952355,33.559066669007002],[-117.62803175805287,33.559132345276474],[-117.62807342086246,33.559194369261931],[-117.62812074666738,33.559252188226488],[-117.628173313716,33.559305286907019],[-117.62823065354848,33.559353192105959],[-117.62829225517154,33.559395476908314],[-117.62835756961228,33.559431764486163]]},"properties":{"BASE_THIK":null,"BASE_TYPE":"NS","BIKELANETYPE":"0","DIST":"5","SHLTYPE":"CG","FEDCLS":"LOC","Inactive":"N","KEYNUM":"233275","LANES":"2","YEARMAIN":1501545600000,"LIMITS":"CORPORATE DR. TO WINDMILL AVE.","LASTTYPEMNT":"MM&MS","MEDIANTYPE":"PNT","GIS_MILES":0.270000011,"MPAHCLS":"L","OBJECTID":3358,"PAVE_THIK":0.75,"PAVE_TYPE":"AC","PAVE_W":"V","PAVE_WFT":41.200000000000003,"ROADNAME":"TERRACE ROAD","SERVICE_AREA":"LADERA RANCH","TRACTNO":"TR 16063","STATECLS":"M","STATUS":"M","THMSCOR":"G7","THMSPGE":"922","TRACT_ACCEPT_DATE":1103587200000,"Property_ID":"A1137","Current_OM_Inspector":"Nick Nelson","Day_Swept":"1/3 Wed.","Time_Swept":"8am - 12pm","Road_Closed":"0","Charge_Number":"ER19500","STREETLIGHT_INSEPCT_STATUS":"Complete","SECONDARY_ISLAND_INFO":null,"LAFCO_ISLAND_NUMBER":null}},{"type":"Feature","id":3507,"geometry":{"type":"LineString","coordinates":[[-117.62835756961228,33.559431764486163],[-117.62841897574121,33.559465794296408],[-117.62848563284271,33.559499561071647],[-117.62855445659635,33.559528658412198],[-117.62862512037252,33.559552948225438],[-117.62869728880912,33.559572315234725],[-117.62909517254333,33.559665488979718],[-117.63050005457461,33.559994459910904]]},"properties":{"BASE_THIK":null,"BASE_TYPE":"NS","BIKELANETYPE":"0","DIST":"5","SHLTYPE":"CG","FEDCLS":"LOC","Inactive":"N","KEYNUM":"239110","LANES":"2","YEARMAIN":1501545600000,"LIMITS":"60' E/O ANTONIO PKWY. TO TERRACE RD.","LASTTYPEMNT":"MM&MS","MEDIANTYPE":"PLNT","GIS_MILES":0.129999995,"MPAHCLS":"L","OBJECTID":3507,"PAVE_THIK":0.84999999999999998,"PAVE_TYPE":"AC","PAVE_W":"V","PAVE_WFT":34.5,"ROADNAME":"WINDMILL AVENUE","SERVICE_AREA":"LADERA RANCH","TRACTNO":"TR 16063","STATECLS":"M","STATUS":"M","THMSCOR":"G7","THMSPGE":"922","TRACT_ACCEPT_DATE":1103587200000,"Property_ID":"A1241","Current_OM_Inspector":"Nick Nelson","Day_Swept":"1/3 Wed.","Time_Swept":"8am - 12pm","Road_Closed":"0","Charge_Number":"ER19500","STREETLIGHT_INSEPCT_STATUS":"Complete","SECONDARY_ISLAND_INFO":null,"LAFCO_ISLAND_NUMBER":null}},{"type":"Feature","id":2690,"geometry":{"type":"LineString","coordinates":[[-117.63267733995548,33.558275835534396],[-117.63270205859634,33.558176288241235],[-117.63271415673466,33.558107549670403],[-117.63271912999306,33.558037931980323],[-117.63271692575668,33.557968171694966],[-117.63270756734535,33.557899006846903],[-117.63269115376687,33.557831169169226],[-117.63266785866956,33.557765376354176],[-117.63263792850509,33.557702324460259],[-117.63260167992121,33.55764268054827],[-117.63255949641169,33.55758707562407],[-117.63251182425915,33.557536097962846],[-117.63245916781364,33.557490286885411]]},"properties":{"BASE_THIK":null,"BASE_TYPE":"NS","BIKELANETYPE":"0","DIST":"5","SHLTYPE":"CG","FEDCLS":"LOC","Inactive":"N","KEYNUM":"135300","LANES":"2","YEARMAIN":1502928000000,"LIMITS":"STERLING GLEN TO END","LASTTYPEMNT":"SC","MEDIANTYPE":"0","GIS_MILES":0.0599999987,"MPAHCLS":"L","OBJECTID":2690,"PAVE_THIK":0.5,"PAVE_TYPE":"AC","PAVE_W":"","PAVE_WFT":36.100000000000001,"ROADNAME":"LANESBORO ROAD","SERVICE_AREA":"LADERA RANCH","TRACTNO":"TR 16101","STATECLS":"M","STATUS":"M","THMSCOR":"F7","THMSPGE":"922","TRACT_ACCEPT_DATE":1086652800000,"Property_ID":"A0651","Current_OM_Inspector":"Nick Nelson","Day_Swept":"1/3 Wed.","Time_Swept":"8am - 12pm","Road_Closed":"0","Charge_Number":"ER19500","STREETLIGHT_INSEPCT_STATUS":"Complete","SECONDARY_ISLAND_INFO":null,"LAFCO_ISLAND_NUMBER":null}},{"type":"Feature","id":3239,"geometry":{"type":"LineString","coordinates":[[-117.6331710853508,33.558316223317732],[-117.63319698667355,33.558452972072487],[-117.63321233089113,33.558514823289592],[-117.63323396170213,33.558574765979593],[-117.63326164919711,33.558632163023873],[-117.63329509909131,33.558686404360948],[-117.63334194772165,33.558754979268969]]},"properties":{"BASE_THIK":null,"BASE_TYPE":"NS","BIKELANETYPE":"0","DIST":"5","SHLTYPE":"CG","FEDCLS":"LOC","Inactive":"N","KEYNUM":"217310","LANES":"2","YEARMAIN":1502928000000,"LIMITS":"STERLING GLEN TO END","LASTTYPEMNT":"SC","MEDIANTYPE":"0","GIS_MILES":0.0299999993,"MPAHCLS":"L","OBJECTID":3239,"PAVE_THIK":0.45000000000000001,"PAVE_TYPE":"AC","PAVE_W":"V","PAVE_WFT":37.200000000000003,"ROADNAME":"SHELTON COURT","SERVICE_AREA":"LADERA RANCH","TRACTNO":"TR 16101","STATECLS":"M","STATUS":"M","THMSCOR":"F7","THMSPGE":"922","TRACT_ACCEPT_DATE":1086652800000,"Property_ID":"A1046","Current_OM_Inspector":"Nick Nelson","Day_Swept":"1/3 Wed.","Time_Swept":"8am - 12pm","Road_Closed":"0","Charge_Number":"ER19500","STREETLIGHT_INSEPCT_STATUS":"Complete","SECONDARY_ISLAND_INFO":null,"LAFCO_ISLAND_NUMBER":null}},{"type":"Feature","id":3319,"geometry":{"type":"LineString","coordinates":[[-117.63352496811169,33.558193549642453],[-117.63351393552136,33.558200031973165],[-117.6334495048068,33.558234052078973],[-117.63338257507216,33.558262846092198],[-117.63331356939226,33.558286232000739],[-117.63324292396433,33.558304061978077],[-117.6331710853508,33.558316223317732],[-117.63309726107157,33.55832316781099],[-117.63302312284185,33.55832449938206],[-117.63294909680165,33.558320210377197],[-117.6328756084462,33.558310325449206],[-117.63267733995548,33.558275835534396],[-117.63262911463254,33.55826743864003],[-117.63254676516216,33.558256578130212],[-117.63246378541021,33.558252870474838],[-117.63238079550203,33.558256343382013],[-117.6322984156389,33.558266970897947],[-117.6322172614631,33.558284673600959],[-117.63213793945707,33.558309319194976],[-117.63206104241108,33.558340723498212],[-117.63196416286159,33.558386155548035],[-117.63164081499127,33.558537803259931],[-117.63159533570381,33.558558989429287],[-117.63155293944457,33.558585818081191],[-117.63151432252741,33.558617848583353],[-117.63148011919444,33.558654554868561],[-117.63145089119932,33.558695334074791],[-117.63142711858104,33.558739516446614],[-117.63140919177978,33.558786376335185],[-117.63139740522432,33.558835144116252],[-117.63139195249643,33.558885018830473],[-117.6313929231514,33.558935181338271],[-117.63140030124723,33.558984807773385],[-117.63157939630062,33.559676419477007],[-117.63151523386612,33.559688061807286]]},"properties":{"BASE_THIK":null,"BASE_TYPE":"NS","BIKELANETYPE":"0","DIST":"5","SHLTYPE":"CG","FEDCLS":"LOC","Inactive":"N","KEYNUM":"225100","LANES":"2","YEARMAIN":1502928000000,"LIMITS":"44' NE/O SNAPDRAGON TO END","LASTTYPEMNT":"SC","MEDIANTYPE":"0","GIS_MILES":0.200000003,"MPAHCLS":"L","OBJECTID":3319,"PAVE_THIK":0.45000000000000001,"PAVE_TYPE":"AC","PAVE_W":"V","PAVE_WFT":41.899999999999999,"ROADNAME":"STERLING GLEN","SERVICE_AREA":"LADERA RANCH","TRACTNO":"TR 16101","STATECLS":"M","STATUS":"M","THMSCOR":"F7","THMSPGE":"922","TRACT_ACCEPT_DATE":1086652800000,"Property_ID":"A1098","Current_OM_Inspector":"Nick Nelson","Day_Swept":"1/3 Wed.","Time_Swept":"8am - 12pm","Road_Closed":"0","Charge_Number":"ER19500","STREETLIGHT_INSEPCT_STATUS":"Complete","SECONDARY_ISLAND_INFO":null,"LAFCO_ISLAND_NUMBER":null}},{"type":"Feature","id":3341,"geometry":{"type":"LineString","coordinates":[[-117.63156414683327,33.557894070314433],[-117.63162159730172,33.557867474512477],[-117.63196416286159,33.558386155548035],[-117.63224086969065,33.558765529339254],[-117.63228073846891,33.55882412587313],[-117.63231651540059,33.558885306625179],[-117.6323480336664,33.558948786324152],[-117.63257738258245,33.559455329237977]]},"properties":{"BASE_THIK":null,"BASE_TYPE":"NS","BIKELANETYPE":"0","DIST":"5","SHLTYPE":"CG","FEDCLS":"LOC","Inactive":"N","KEYNUM":"230300","LANES":"2","YEARMAIN":1502928000000,"LIMITS":"STERLING GLEN N'LY AND S'LY TO ENDS","LASTTYPEMNT":"SC","MEDIANTYPE":"0","GIS_MILES":0.129999995,"MPAHCLS":"L","OBJECTID":3341,"PAVE_THIK":0.45000000000000001,"PAVE_TYPE":"AC","PAVE_W":"","PAVE_WFT":36.299999999999997,"ROADNAME":"SUTHERLAND DRIVE","SERVICE_AREA":"LADERA RANCH","TRACTNO":"TR 16101","STATECLS":"M","STATUS":"M","THMSCOR":"F7","THMSPGE":"922","TRACT_ACCEPT_DATE":1086652800000,"Property_ID":"A1120","Current_OM_Inspector":"Nick Nelson","Day_Swept":"1/3 Wed.","Time_Swept":"8am - 12pm","Road_Closed":"0","Charge_Number":"ER19500","STREETLIGHT_INSEPCT_STATUS":"Complete","SECONDARY_ISLAND_INFO":null,"LAFCO_ISLAND_NUMBER":null}},{"type":"Feature","id":2006,"geometry":{"type":"LineString","coordinates":[[-117.63099798458127,33.55514343785682],[-117.63107948691415,33.555190512282614],[-117.63115729415155,33.555243471376606],[-117.63123098221322,33.555302026490764],[-117.63130014947008,33.555365858476534],[-117.63136441893317,33.555434619424332],[-117.6314234403085,33.555507934559763],[-117.63147689190617,33.555585404286319],[-117.63152448239386,33.555666606363324],[-117.63156595238453,33.555751098207317],[-117.63160107585036,33.555838419304294],[-117.6316234765341,33.555894661508404],[-117.63165085390095,33.555948656470584],[-117.63168298521441,33.555999964899236],[-117.63171960906094,33.55604816935984],[-117.63176042747664,33.556092877671091],[-117.63180510837152,33.556133726095638],[-117.63186423716795,33.556179167212612],[-117.63192709186622,33.556219296959476],[-117.63199319670829,33.556253811587261],[-117.63206205133525,33.556282449848808],[-117.63213313457456,33.556304994976173],[-117.6325615699896,33.556423780533351],[-117.63261313812194,33.556438077190947],[-117.63276282772208,33.556476827025072],[-117.63291374449283,33.556510481955513],[-117.63306571507438,33.556539003322484],[-117.63310540101736,33.556545769013056],[-117.63325657350094,33.55657153884021]]},"properties":{"BASE_THIK":null,"BASE_TYPE":"NS","BIKELANETYPE":"0","DIST":"5","SHLTYPE":"CG","FEDCLS":"LOC","Inactive":"N","KEYNUM":"31800","LANES":"2","YEARMAIN":1502928000000,"LIMITS":"47' E/O SNAPDRAGON ST. TO END","LASTTYPEMNT":"SC","MEDIANTYPE":"0","GIS_MILES":0.170000002,"MPAHCLS":"L","OBJECTID":2006,"PAVE_THIK":0.55000000000000004,"PAVE_TYPE":"AC","PAVE_W":"V","PAVE_WFT":36.100000000000001,"ROADNAME":"BLUE SPRUCE DRIVE","SERVICE_AREA":"LADERA RANCH","TRACTNO":"TR 16102","STATECLS":"M","STATUS":"M","THMSCOR":"F1","THMSPGE":"952","TRACT_ACCEPT_DATE":1087862400000,"Property_ID":"A1309","Current_OM_Inspector":"Nick Nelson","Day_Swept":"1/3 Wed.","Time_Swept":"8am - 12pm","Road_Closed":"0","Charge_Number":"ER19500","STREETLIGHT_INSEPCT_STATUS":"Complete","SECONDARY_ISLAND_INFO":null,"LAFCO_ISLAND_NUMBER":null}},{"type":"Feature","id":2794,"geometry":{"type":"LineString","coordinates":[[-117.63279199319005,33.555808906714255],[-117.63276313558968,33.555906137881379],[-117.63272860211305,33.556001500871844],[-117.6325615699896,33.556423780533351],[-117.63251583468785,33.556539419547995],[-117.632495914684,33.556598137123295],[-117.63248236115645,33.556658642181702],[-117.63247532825977,33.556720246553027],[-117.63247489598449,33.556782249563767],[-117.63248106924719,33.556843946006367]]},"properties":{"BASE_THIK":null,"BASE_TYPE":"NS","BIKELANETYPE":"0","DIST":"5","SHLTYPE":"CG","FEDCLS":"LOC","Inactive":"N","KEYNUM":"147725","LANES":"2","YEARMAIN":1475280000000,"LIMITS":"BLUE SPRUCE DR. N AND S TO ENDS","LASTTYPEMNT":"SS","MEDIANTYPE":"0","GIS_MILES":0.0700000003,"MPAHCLS":"L","OBJECTID":2794,"PAVE_THIK":0.45000000000000001,"PAVE_TYPE":"AC","PAVE_W":"V","PAVE_WFT":36.299999999999997,"ROADNAME":"MAGNOLIA DRIVE","SERVICE_AREA":"LADERA RANCH","TRACTNO":"TR 16102","STATECLS":"M","STATUS":"M","THMSCOR":"F1","THMSPGE":"952","TRACT_ACCEPT_DATE":1087862400000,"Property_ID":"A0721","Current_OM_Inspector":"Nick Nelson","Day_Swept":"1/3 Wed.","Time_Swept":"8am - 12pm","Road_Closed":"0","Charge_Number":"ER19500","STREETLIGHT_INSEPCT_STATUS":"Complete","SECONDARY_ISLAND_INFO":null,"LAFCO_ISLAND_NUMBER":null}},{"type":"Feature","id":3212,"geometry":{"type":"LineString","coordinates":[[-117.63180510837152,33.556133726095638],[-117.63169081197067,33.556227479118533],[-117.6316387868528,33.556270727431695],[-117.63159127804654,33.556318893216307],[-117.6315487482703,33.556371507355223],[-117.63151161174859,33.556428057405938],[-117.63148023017757,33.556487992591599],[-117.63145490920228,33.55655072916538],[-117.63143589543976,33.556615656095971],[-117.63142337407714,33.556682141018754],[-117.63141746706791,33.556749536394875],[-117.63141823194417,33.55681718581797],[-117.63142566125632,33.556884430407351],[-117.63143968264558,33.556950615225276],[-117.63146015954871,33.557015095655778],[-117.63157240468161,33.557303918755451]]},"properties":{"BASE_THIK":null,"BASE_TYPE":"NS","BIKELANETYPE":"0","DIST":"5","SHLTYPE":"SC","FEDCLS":"LOC","Inactive":"N","KEYNUM":"212200","LANES":"2","YEARMAIN":1475280000000,"LIMITS":"BLUE SPRUCE DR. TO END","LASTTYPEMNT":"SS","MEDIANTYPE":"0","GIS_MILES":0.0900000036,"MPAHCLS":"L","OBJECTID":3212,"PAVE_THIK":0.5,"PAVE_TYPE":"AC","PAVE_W":"V","PAVE_WFT":29.300000000000001,"ROADNAME":"SCOTCH PINE DRIVE","SERVICE_AREA":"LADERA RANCH","TRACTNO":"TR 16102","STATECLS":"M","STATUS":"M","THMSCOR":"F1","THMSPGE":"952","TRACT_ACCEPT_DATE":1087862400000,"Property_ID":"A1028","Current_OM_Inspector":"Nick Nelson","Day_Swept":"1/3 Wed.","Time_Swept":"8am - 12pm","Road_Closed":"0","Charge_Number":"ER19500","STREETLIGHT_INSEPCT_STATUS":"Complete","SECONDARY_ISLAND_INFO":null,"LAFCO_ISLAND_NUMBER":null}},{"type":"Feature","id":1998,"geometry":{"type":"LineString","coordinates":[[-117.63460260946682,33.55819461387393],[-117.63457725202531,33.558212062565538],[-117.63423571324566,33.557864071732752]]},"properties":{"BASE_THIK":null,"BASE_TYPE":"NS","BIKELANETYPE":"0","DIST":"5","SHLTYPE":"CG","FEDCLS":"LOC","Inactive":"N","KEYNUM":"30100","LANES":"2","YEARMAIN":1475280000000,"LIMITS":"TERRASTAR LN. TO END","LASTTYPEMNT":"SS","MEDIANTYPE":"0","GIS_MILES":0.0299999993,"MPAHCLS":"L","OBJECTID":1998,"PAVE_THIK":0.45000000000000001,"PAVE_TYPE":"AC","PAVE_W":"","PAVE_WFT":36.200000000000003,"ROADNAME":"BLACK CHERRY STREET","SERVICE_AREA":"LADERA RANCH","TRACTNO":"TR 16103","STATECLS":"M","STATUS":"M","THMSCOR":"F7","THMSPGE":"922","TRACT_ACCEPT_DATE":1084233600000,"Property_ID":"A1303","Current_OM_Inspector":"Nick Nelson","Day_Swept":"1/3 Wed.","Time_Swept":"8am - 12pm","Road_Closed":"0","Charge_Number":"ER19500","STREETLIGHT_INSEPCT_STATUS":"Complete","SECONDARY_ISLAND_INFO":null,"LAFCO_ISLAND_NUMBER":null}},{"type":"Feature","id":2066,"geometry":{"type":"LineString","coordinates":[[-117.63532308961474,33.55769883989494],[-117.63464463543076,33.557429253881899]]},"properties":{"BASE_THIK":null,"BASE_TYPE":"NS","BIKELANETYPE":"0","DIST":"5","SHLTYPE":"CG","FEDCLS":"LOC","Inactive":"N","KEYNUM":"39000","LANES":"2","YEARMAIN":1475280000000,"LIMITS":"TERRASTAR LN. TO END","LASTTYPEMNT":"SS","MEDIANTYPE":"0","GIS_MILES":0.0399999991,"MPAHCLS":"L","OBJECTID":2066,"PAVE_THIK":0.5,"PAVE_TYPE":"AC","PAVE_W":"","PAVE_WFT":36,"ROADNAME":"BROOKWOOD STREET","SERVICE_AREA":"LADERA RANCH","TRACTNO":"TR 16103","STATECLS":"M","STATUS":"M","THMSCOR":"F7","THMSPGE":"922","TRACT_ACCEPT_DATE":1084233600000,"Property_ID":"A1350","Current_OM_Inspector":"Nick Nelson","Day_Swept":"1/3 Wed.","Time_Swept":"8am - 12pm","Road_Closed":"0","Charge_Number":"ER19500","STREETLIGHT_INSEPCT_STATUS":"Complete","SECONDARY_ISLAND_INFO":null,"LAFCO_ISLAND_NUMBER":null}},{"type":"Feature","id":3360,"geometry":{"type":"LineString","coordinates":[[-117.63400088081892,33.558068304189156],[-117.63396477825826,33.558022399908246],[-117.63409903801973,33.55794839943637],[-117.6341466979233,33.55792107268914],[-117.63423571324566,33.557864071732752],[-117.63431261871921,33.557807647463413],[-117.63438586730904,33.55774655086676],[-117.63444573725678,33.557690166786855],[-117.63450178139527,33.557629978501858],[-117.63455375852408,33.557566245047603],[-117.63460144494618,33.557499240717462],[-117.63464463543076,33.557429253881899],[-117.63468411474983,33.557353898095208],[-117.63471747446302,33.557275640566765],[-117.63474450313248,33.55719497730221],[-117.63476502944724,33.557112419554997],[-117.63477892330904,33.557028490586063],[-117.63478609665692,33.556943722347306],[-117.63478650402536,33.556858652110016]]},"properties":{"BASE_THIK":null,"BASE_TYPE":"NS","BIKELANETYPE":"0","DIST":"5","SHLTYPE":"CG","FEDCLS":"LOC","Inactive":"N","KEYNUM":"233325","LANES":"2","YEARMAIN":1475280000000,"LIMITS":"TETHER MOON LN. TO END","LASTTYPEMNT":"SS","MEDIANTYPE":"0","GIS_MILES":0.100000001,"MPAHCLS":"L","OBJECTID":3360,"PAVE_THIK":0.5,"PAVE_TYPE":"AC","PAVE_W":"","PAVE_WFT":36.100000000000001,"ROADNAME":"TERRASTAR LANE NORTH","SERVICE_AREA":"LADERA RANCH","TRACTNO":"TR 16103","STATECLS":"M","STATUS":"M","THMSCOR":"F7","THMSPGE":"922","TRACT_ACCEPT_DATE":1084233600000,"Property_ID":"A1139","Current_OM_Inspector":"Nick Nelson","Day_Swept":"1/3 Wed.","Time_Swept":"8am - 12pm","Road_Closed":"0","Charge_Number":"ER19500","STREETLIGHT_INSEPCT_STATUS":"Complete","SECONDARY_ISLAND_INFO":null,"LAFCO_ISLAND_NUMBER":null}},{"type":"Feature","id":3362,"geometry":{"type":"LineString","coordinates":[[-117.63415447876889,33.556849862787054],[-117.63478650402536,33.556858652110016],[-117.63544591627209,33.556873321071201],[-117.63544417228381,33.556928265456001]]},"properties":{"BASE_THIK":null,"BASE_TYPE":"NS","BIKELANETYPE":"0","DIST":"5","SHLTYPE":"NC","FEDCLS":"LOC","Inactive":"N","KEYNUM":"233340","LANES":"1","YEARMAIN":1475280000000,"LIMITS":"35' W/O BELLFLOWER ST. TO END","LASTTYPEMNT":"SS","MEDIANTYPE":"0","GIS_MILES":0.0799999982,"MPAHCLS":"L","OBJECTID":3362,"PAVE_THIK":0.59999999999999998,"PAVE_TYPE":"AC","PAVE_W":"H","PAVE_WFT":18.300000000000001,"ROADNAME":"TETHER MOON LANE  (N1/2)","SERVICE_AREA":"LADERA RANCH","TRACTNO":"TR 16103","STATECLS":"M","STATUS":"M","THMSCOR":"F7","THMSPGE":"922","TRACT_ACCEPT_DATE":1084233600000,"Property_ID":"A1140","Current_OM_Inspector":"Nick Nelson","Day_Swept":"1/3 Wed.","Time_Swept":"8am - 12pm","Road_Closed":"0","Charge_Number":"ER19500","STREETLIGHT_INSEPCT_STATUS":"Complete","SECONDARY_ISLAND_INFO":null,"LAFCO_ISLAND_NUMBER":null}},{"type":"Feature","id":2115,"geometry":{"type":"LineString","coordinates":[[-117.63464599550525,33.556369585811126],[-117.63464708546273,33.556369180546014],[-117.63526519570847,33.556139556583254],[-117.63544957706473,33.556071052894303],[-117.63552635284779,33.556040226873769],[-117.63560066754896,33.556003866323756],[-117.6356721228414,33.55596216613683],[-117.63574033572469,33.555915349826023],[-117.63580494057777,33.555863668326772],[-117.63586559111859,33.555807398651943],[-117.63592196226021,33.555746842407025],[-117.63616058655677,33.555463985210146],[-117.63616938056836,33.555451829683228],[-117.636176068932,33.555438399967429],[-117.63618047166085,33.555424057462304],[-117.63618247027556,33.555409188130987],[-117.63618201099251,33.555394192113724],[-117.63617910617123,33.555379472959949],[-117.63617383398172,33.555365426768567],[-117.63616633630093,33.555352431528775],[-117.63615681489475,33.55534083694819],[-117.63614552598841,33.555330955042088],[-117.63613277337134,33.555323051736913]]},"properties":{"BASE_THIK":null,"BASE_TYPE":"NS","BIKELANETYPE":"0","DIST":"5","SHLTYPE":"CG","FEDCLS":"LOC","Inactive":"N","KEYNUM":"51600","LANES":"2","YEARMAIN":1502928000000,"LIMITS":"TERRASTAR LN. TO COMET TR.","LASTTYPEMNT":"SC","MEDIANTYPE":"0","GIS_MILES":0.119999997,"MPAHCLS":"L","OBJECTID":2115,"PAVE_THIK":0.5,"PAVE_TYPE":"AC","PAVE_W":"","PAVE_WFT":36.299999999999997,"ROADNAME":"CAPRICORN DRIVE","SERVICE_AREA":"LADERA RANCH","TRACTNO":"TR 16104","STATECLS":"M","STATUS":"M","THMSCOR":"F1","THMSPGE":"952","TRACT_ACCEPT_DATE":1069113600000,"Property_ID":"A1385","Current_OM_Inspector":"Nick Nelson","Day_Swept":"1/3 Wed.","Time_Swept":"8am - 12pm","Road_Closed":"0","Charge_Number":"ER19500","STREETLIGHT_INSEPCT_STATUS":"Complete","SECONDARY_ISLAND_INFO":null,"LAFCO_ISLAND_NUMBER":null}},{"type":"Feature","id":2130,"geometry":{"type":"LineString","coordinates":[[-117.63551278011589,33.554946075203624],[-117.63576355474359,33.554656954587664],[-117.63571043482833,33.55462465581121]]},"properties":{"BASE_THIK":null,"BASE_TYPE":"NS","BIKELANETYPE":"0","DIST":"5","SHLTYPE":"CG","FEDCLS":"LOC","Inactive":"N","KEYNUM":"54500","LANES":"2","YEARMAIN":1475280000000,"LIMITS":"COMET TR. TO END","LASTTYPEMNT":"SS","MEDIANTYPE":"0","GIS_MILES":0.0299999993,"MPAHCLS":"L","OBJECTID":2130,"PAVE_THIK":0.45000000000000001,"PAVE_TYPE":"AC","PAVE_W":"","PAVE_WFT":31.600000000000001,"ROADNAME":"CASTOR COURT","SERVICE_AREA":"LADERA RANCH","TRACTNO":"TR 16104","STATECLS":"M","STATUS":"M","THMSCOR":"F1","THMSPGE":"952","TRACT_ACCEPT_DATE":1069113600000,"Property_ID":"A1397","Current_OM_Inspector":"Nick Nelson","Day_Swept":"1/3 Wed.","Time_Swept":"8am - 12pm","Road_Closed":"0","Charge_Number":"ER19500","STREETLIGHT_INSEPCT_STATUS":"Complete","SECONDARY_ISLAND_INFO":null,"LAFCO_ISLAND_NUMBER":null}},{"type":"Feature","id":2214,"geometry":{"type":"LineString","coordinates":[[-117.63513303835821,33.554783121681766],[-117.63517161225454,33.554738646740176],[-117.63551278011589,33.554946075203624],[-117.6360490086018,33.555272117712839],[-117.63613277337134,33.555323051736913]]},"properties":{"BASE_THIK":null,"BASE_TYPE":"NS","BIKELANETYPE":"0","DIST":"5","SHLTYPE":"CG","FEDCLS":"LOC","Inactive":"N","KEYNUM":"64670","LANES":"2","YEARMAIN":1475280000000,"LIMITS":"CAPRICORN DR. TO END","LASTTYPEMNT":"SS","MEDIANTYPE":"0","GIS_MILES":0.0700000003,"MPAHCLS":"L","OBJECTID":2214,"PAVE_THIK":0.45000000000000001,"PAVE_TYPE":"AC","PAVE_W":"","PAVE_WFT":36.299999999999997,"ROADNAME":"COMET TRAIL","SERVICE_AREA":"LADERA RANCH","TRACTNO":"TR 16104","STATECLS":"M","STATUS":"M","THMSCOR":"F1","THMSPGE":"952","TRACT_ACCEPT_DATE":1069113600000,"Property_ID":"A1458","Current_OM_Inspector":"Nick Nelson","Day_Swept":"1/3 Wed.","Time_Swept":"8am - 12pm","Road_Closed":"0","Charge_Number":"ER19500","STREETLIGHT_INSEPCT_STATUS":"Complete","SECONDARY_ISLAND_INFO":null,"LAFCO_ISLAND_NUMBER":null}},{"type":"Feature","id":2425,"geometry":{"type":"LineString","coordinates":[[-117.63494677948138,33.555649733699241],[-117.63505022439742,33.555596445365609],[-117.63509934790633,33.555569071954132],[-117.63514647987601,33.555538396227256],[-117.63519139866503,33.555504562439744],[-117.63532485667884,33.555396230521886],[-117.63527916273861,33.555356765112279]]},"properties":{"BASE_THIK":null,"BASE_TYPE":"NS","BIKELANETYPE":"0","DIST":"5","SHLTYPE":"CG","FEDCLS":"LOC","Inactive":"N","KEYNUM":"95710","LANES":"2","YEARMAIN":1502928000000,"LIMITS":"GOSSAMER PL. TO END","LASTTYPEMNT":"SC","MEDIANTYPE":"0","GIS_MILES":0.0299999993,"MPAHCLS":"L","OBJECTID":2425,"PAVE_THIK":0.45000000000000001,"PAVE_TYPE":"AC","PAVE_W":"","PAVE_WFT":36.600000000000001,"ROADNAME":"FLORA COURT","SERVICE_AREA":"LADERA RANCH","TRACTNO":"TR 16104","STATECLS":"M","STATUS":"M","THMSCOR":"F1","THMSPGE":"952","TRACT_ACCEPT_DATE":1069113600000,"Property_ID":"A1610","Current_OM_Inspector":"Nick Nelson","Day_Swept":"1/3 Wed.","Time_Swept":"8am - 12pm","Road_Closed":"0","Charge_Number":"ER19500","STREETLIGHT_INSEPCT_STATUS":"Complete","SECONDARY_ISLAND_INFO":null,"LAFCO_ISLAND_NUMBER":null}},{"type":"Feature","id":2483,"geometry":{"type":"LineString","coordinates":[[-117.63526519570847,33.556139556583254],[-117.63521128690329,33.556037840073394],[-117.63517354235927,33.555970765688109],[-117.63513257091415,33.555905612296414],[-117.63508847011374,33.555842535017085],[-117.63494677948138,33.555649733699241],[-117.63488433968351,33.555564732252293],[-117.6348150998686,33.555475476351852],[-117.63474148373153,33.555389794194468],[-117.63466367543906,33.555307900132689]]},"properties":{"BASE_THIK":null,"BASE_TYPE":"NS","BIKELANETYPE":"0","DIST":"5","SHLTYPE":"CG","FEDCLS":"LOC","Inactive":"N","KEYNUM":"103320","LANES":"2","YEARMAIN":1502928000000,"LIMITS":"CAPRICORN DR. TO END","LASTTYPEMNT":"SC","MEDIANTYPE":"0","GIS_MILES":0.0700000003,"MPAHCLS":"L","OBJECTID":2483,"PAVE_THIK":0.5,"PAVE_TYPE":"AC","PAVE_W":"","PAVE_WFT":36.899999999999999,"ROADNAME":"GOSSAMER PLACE","SERVICE_AREA":"LADERA RANCH","TRACTNO":"TR 16104","STATECLS":"M","STATUS":"M","THMSCOR":"F1","THMSPGE":"952","TRACT_ACCEPT_DATE":1069113600000,"Property_ID":"A0520","Current_OM_Inspector":"Nick Nelson","Day_Swept":"1/3 Wed.","Time_Swept":"8am - 12pm","Road_Closed":"0","Charge_Number":"ER19500","STREETLIGHT_INSEPCT_STATUS":"Complete","SECONDARY_ISLAND_INFO":null,"LAFCO_ISLAND_NUMBER":null}},{"type":"Feature","id":3300,"geometry":{"type":"LineString","coordinates":[[-117.63640259026749,33.554853080845376],[-117.6360490086018,33.555272117712839]]},"properties":{"BASE_THIK":null,"BASE_TYPE":"NS","BIKELANETYPE":"0","DIST":"5","SHLTYPE":"CG","FEDCLS":"LOC","Inactive":"N","KEYNUM":"222069","LANES":"2","YEARMAIN":1502928000000,"LIMITS":"COMET TR. TO 45' SW/O SELLAS ROAD NORTH","LASTTYPEMNT":"SC","MEDIANTYPE":"0","GIS_MILES":0.0399999991,"MPAHCLS":"L","OBJECTID":3300,"PAVE_THIK":0.55000000000000004,"PAVE_TYPE":"AC","PAVE_W":"","PAVE_WFT":36.299999999999997,"ROADNAME":"SOLSTICE DRIVE","SERVICE_AREA":"LADERA RANCH","TRACTNO":"TR 16104","STATECLS":"M","STATUS":"M","THMSCOR":"F1","THMSPGE":"952","TRACT_ACCEPT_DATE":1069113600000,"Property_ID":"A1081","Current_OM_Inspector":"Nick Nelson","Day_Swept":"1/3 Wed.","Time_Swept":"8am - 12pm","Road_Closed":"0","Charge_Number":"ER19500","STREETLIGHT_INSEPCT_STATUS":"Complete","SECONDARY_ISLAND_INFO":null,"LAFCO_ISLAND_NUMBER":null}},{"type":"Feature","id":3361,"geometry":{"type":"LineString","coordinates":[[-117.63478277569173,33.556858600693786],[-117.63478258307059,33.556853451364816],[-117.63477693055194,33.556779810315319],[-117.6347662485787,33.556706729192001],[-117.6347505872987,33.556634551082809],[-117.63473002023564,33.556563614836399],[-117.63470464394403,33.55649425347135],[-117.63467457755587,33.556426792612768],[-117.63464319692844,33.55636398484593],[-117.63459222675847,33.556276784457403],[-117.63453586938815,33.556192964932265],[-117.63447434828419,33.55611285862944],[-117.63440790738842,33.55603678318429],[-117.6343368101505,33.555965040249127],[-117.6342613384833,33.555897914297113]]},"properties":{"BASE_THIK":null,"BASE_TYPE":"NS","BIKELANETYPE":"0","DIST":"5","SHLTYPE":"CG","FEDCLS":"LOC","Inactive":"N","KEYNUM":"233330","LANES":"2","YEARMAIN":1502928000000,"LIMITS":"TETHER MOON LN. TO END","LASTTYPEMNT":"SC","MEDIANTYPE":"0","GIS_MILES":0.0700000003,"MPAHCLS":"L","OBJECTID":3361,"PAVE_THIK":0.55000000000000004,"PAVE_TYPE":"AC","PAVE_W":"","PAVE_WFT":37.299999999999997,"ROADNAME":"TERRASTAR LANE SOUTH","SERVICE_AREA":"LADERA RANCH","TRACTNO":"TR 16104","STATECLS":"M","STATUS":"M","THMSCOR":"F1","THMSPGE":"952","TRACT_ACCEPT_DATE":1069113600000,"Property_ID":"A1139","Current_OM_Inspector":"Nick Nelson","Day_Swept":"1/3 Wed.","Time_Swept":"8am - 12pm","Road_Closed":"0","Charge_Number":"ER19500","STREETLIGHT_INSEPCT_STATUS":"Complete","SECONDARY_ISLAND_INFO":null,"LAFCO_ISLAND_NUMBER":null}},{"type":"Feature","id":3363,"geometry":{"type":"LineString","coordinates":[[-117.63415447876889,33.556849862787054],[-117.63478650402536,33.556858652110016],[-117.63544591627209,33.556873321071201],[-117.63544417228381,33.556928265456001]]},"properties":{"BASE_THIK":null,"BASE_TYPE":"NS","BIKELANETYPE":"0","DIST":"5","SHLTYPE":"SC","FEDCLS":"LOC","Inactive":"N","KEYNUM":"233345","LANES":"1","YEARMAIN":1475280000000,"LIMITS":"35' W/O BELLFLOWER ST. TO END","LASTTYPEMNT":"SS","MEDIANTYPE":"0","GIS_MILES":0.0799999982,"MPAHCLS":"L","OBJECTID":3363,"PAVE_THIK":0.59999999999999998,"PAVE_TYPE":"AC","PAVE_W":"H","PAVE_WFT":17.800000000000001,"ROADNAME":"TETHER MOON LANE (S1/2)","SERVICE_AREA":"LADERA RANCH","TRACTNO":"TR 16104","STATECLS":"M","STATUS":"M","THMSCOR":"F1","THMSPGE":"952","TRACT_ACCEPT_DATE":1069113600000,"Property_ID":"A1140","Current_OM_Inspector":"Nick Nelson","Day_Swept":"1/3 Wed.","Time_Swept":"8am - 12pm","Road_Closed":"0","Charge_Number":"ER19500","STREETLIGHT_INSEPCT_STATUS":"Complete","SECONDARY_ISLAND_INFO":null,"LAFCO_ISLAND_NUMBER":null}},{"type":"Feature","id":2113,"geometry":{"type":"LineString","coordinates":[[-117.63636512012874,33.546497015053987],[-117.63657187322255,33.546701639650792],[-117.63663831719482,33.546771243772724],[-117.63670049806737,33.546844681326682],[-117.63675819511241,33.546921691626231],[-117.63670159460517,33.546949519448887]]},"properties":{"BASE_THIK":null,"BASE_TYPE":"NS","BIKELANETYPE":"0","DIST":"5","SHLTYPE":"CG","FEDCLS":"LOC","Inactive":"N","KEYNUM":"50445","LANES":"2","YEARMAIN":1502928000000,"LIMITS":"CELESTINE CIRCLE TO END","LASTTYPEMNT":"SC","MEDIANTYPE":"0","GIS_MILES":0.0399999991,"MPAHCLS":"L","OBJECTID":2113,"PAVE_THIK":0.55000000000000004,"PAVE_TYPE":"AC","PAVE_W":"","PAVE_WFT":36.399999999999999,"ROADNAME":"CANDLEWIND COURT","SERVICE_AREA":"LADERA RANCH","TRACTNO":"TR 16114","STATECLS":"M","STATUS":"M","THMSCOR":"F2","THMSPGE":"952","TRACT_ACCEPT_DATE":1071532800000,"Property_ID":"A1382","Current_OM_Inspector":"Nick Nelson","Day_Swept":"1/3 Wed.","Time_Swept":"12pm - 4pm","Road_Closed":"0","Charge_Number":"ER19500","STREETLIGHT_INSEPCT_STATUS":"Complete","SECONDARY_ISLAND_INFO":null,"LAFCO_ISLAND_NUMBER":null}},{"type":"Feature","id":2137,"geometry":{"type":"LineString","coordinates":[[-117.6360600009707,33.546761562342951],[-117.63602039377683,33.546717709313043],[-117.63630198158789,33.546539326666178],[-117.63636512012874,33.546497015053987],[-117.63643843960982,33.546441969861398],[-117.63650771652866,33.546381916318204],[-117.636572609468,33.546317150386137],[-117.63663279861615,33.546247991250951],[-117.63668798734308,33.546174779749443],[-117.63673790366234,33.546097876689657],[-117.63677510867819,33.546030349629284],[-117.63680743172387,33.545960354359408],[-117.63683471006881,33.545888243271605],[-117.63685680638005,33.545814379409563],[-117.63687360941358,33.545739134641295],[-117.63688503457443,33.545662887787024],[-117.63689102434257,33.545586022711959]]},"properties":{"BASE_THIK":null,"BASE_TYPE":"NS","BIKELANETYPE":"0","DIST":"5","SHLTYPE":"CG","FEDCLS":"LOC","Inactive":"N","KEYNUM":"55400","LANES":"2","YEARMAIN":1502928000000,"LIMITS":"MERRIWEATHER PLACE TO END","LASTTYPEMNT":"SC","MEDIANTYPE":"0","GIS_MILES":0.100000001,"MPAHCLS":"L","OBJECTID":2137,"PAVE_THIK":0.55000000000000004,"PAVE_TYPE":"AC","PAVE_W":"","PAVE_WFT":36.799999999999997,"ROADNAME":"CELESTINE CIRCLE","SERVICE_AREA":"LADERA RANCH","TRACTNO":"TR 16114","STATECLS":"M","STATUS":"M","THMSCOR":"F2","THMSPGE":"952","TRACT_ACCEPT_DATE":1071532800000,"Property_ID":"A1404","Current_OM_Inspector":"Nick Nelson","Day_Swept":"1/3 Wed.","Time_Swept":"12pm - 4pm","Road_Closed":"0","Charge_Number":"ER19500","STREETLIGHT_INSEPCT_STATUS":"Complete","SECONDARY_ISLAND_INFO":null,"LAFCO_ISLAND_NUMBER":null}},{"type":"Feature","id":2781,"geometry":{"type":"LineString","coordinates":[[-117.63717346708258,33.546215552354511],[-117.63714393084045,33.546265858838005],[-117.63673790366234,33.546097876689657]]},"properties":{"BASE_THIK":null,"BASE_TYPE":"NS","BIKELANETYPE":"0","DIST":"5","SHLTYPE":"CG","FEDCLS":"LOC","Inactive":"N","KEYNUM":"146150","LANES":"2","YEARMAIN":1502928000000,"LIMITS":"CELESTINE CIRCLE TO END","LASTTYPEMNT":"SC","MEDIANTYPE":"0","GIS_MILES":0.0299999993,"MPAHCLS":"L","OBJECTID":2781,"PAVE_THIK":0.55000000000000004,"PAVE_TYPE":"AC","PAVE_W":"","PAVE_WFT":40,"ROADNAME":"LUNA COURT","SERVICE_AREA":"LADERA RANCH","TRACTNO":"TR 16114","STATECLS":"M","STATUS":"M","THMSCOR":"F2","THMSPGE":"952","TRACT_ACCEPT_DATE":1071532800000,"Property_ID":"A0710","Current_OM_Inspector":"Nick Nelson","Day_Swept":"1/3 Wed.","Time_Swept":"12pm - 4pm","Road_Closed":"0","Charge_Number":"ER19500","STREETLIGHT_INSEPCT_STATUS":"Complete","SECONDARY_ISLAND_INFO":null,"LAFCO_ISLAND_NUMBER":null}},{"type":"Feature","id":2866,"geometry":{"type":"LineString","coordinates":[[-117.63617062660416,33.545594334312831],[-117.63627892239106,33.545593085344827],[-117.63689102434257,33.545586022711959],[-117.63728968563149,33.545581458904529]]},"properties":{"BASE_THIK":null,"BASE_TYPE":"NS","BIKELANETYPE":"0","DIST":"5","SHLTYPE":"NC","FEDCLS":"LOC","Inactive":"N","KEYNUM":"157620","LANES":"1","YEARMAIN":1502928000000,"LIMITS":"33' W/O AGAPANTHUS ST. TO 341' W","LASTTYPEMNT":"SC","MEDIANTYPE":"0","GIS_MILES":0.0599999987,"MPAHCLS":"L","OBJECTID":2866,"PAVE_THIK":0.55000000000000004,"PAVE_TYPE":"AC","PAVE_W":"H","PAVE_WFT":17.899999999999999,"ROADNAME":"MERRIWEATHER PLACE (N1/2)","SERVICE_AREA":"LADERA RANCH","TRACTNO":"TR 16114","STATECLS":"M","STATUS":"M","THMSCOR":"F2","THMSPGE":"952","TRACT_ACCEPT_DATE":1071532800000,"Property_ID":"A0773","Current_OM_Inspector":"Nick Nelson","Day_Swept":"1/3 Wed.","Time_Swept":"12pm - 4pm","Road_Closed":"0","Charge_Number":"ER19500","STREETLIGHT_INSEPCT_STATUS":"Complete","SECONDARY_ISLAND_INFO":null,"LAFCO_ISLAND_NUMBER":null}},{"type":"Feature","id":1974,"geometry":{"type":"LineString","coordinates":[[-117.63599251623684,33.543842764936009],[-117.63593002549392,33.543826126011325],[-117.63573953875617,33.544326039583346]]},"properties":{"BASE_THIK":null,"BASE_TYPE":"NS","BIKELANETYPE":"0","DIST":"5","SHLTYPE":"CG","FEDCLS":"LOC","Inactive":"N","KEYNUM":"26700","LANES":"2","YEARMAIN":1502928000000,"LIMITS":"CELESTINE CIRCLE TO END","LASTTYPEMNT":"SC","MEDIANTYPE":"0","GIS_MILES":0.0399999991,"MPAHCLS":"L","OBJECTID":1974,"PAVE_THIK":0.5,"PAVE_TYPE":"AC","PAVE_W":"","PAVE_WFT":36.5,"ROADNAME":"BEECHTREE STREET","SERVICE_AREA":"LADERA RANCH","TRACTNO":"TR 16115","STATECLS":"M","STATUS":"M","THMSCOR":"F2","THMSPGE":"952","TRACT_ACCEPT_DATE":1077580800000,"Property_ID":"A1280","Current_OM_Inspector":"Nick Nelson","Day_Swept":"1/3 Wed.","Time_Swept":"12pm - 4pm","Road_Closed":"0","Charge_Number":"ER19500","STREETLIGHT_INSEPCT_STATUS":"Complete","SECONDARY_ISLAND_INFO":null,"LAFCO_ISLAND_NUMBER":null}},{"type":"Feature","id":2138,"geometry":{"type":"LineString","coordinates":[[-117.63531933099401,33.544252486582394],[-117.63546055453284,33.544270074413362],[-117.63560073771814,33.544294612022824],[-117.63573953875617,33.544326039583346],[-117.63586070374967,33.544359585546403],[-117.63598023352031,33.544398558886208],[-117.63607660687312,33.544435759730092],[-117.63617031825541,33.544479232741779],[-117.63626095998606,33.544528788796697],[-117.63634813773817,33.544584212306638],[-117.63642030164051,33.544636461343714],[-117.63648870906512,33.544693540367319],[-117.636553037349,33.544755180148059],[-117.63661298306958,33.544821089944456],[-117.63666826347588,33.544890958874284],[-117.63671861782223,33.544964457380935],[-117.63676380859808,33.545041238787903],[-117.63679937588127,33.545113829615502],[-117.63682937430016,33.545188893286806],[-117.63685363341106,33.545266003308356],[-117.63687201537964,33.545344721559843],[-117.63688441576402,33.545424600783377],[-117.63689076410824,33.545505187124725],[-117.63689102434257,33.545586022711959]]},"properties":{"BASE_THIK":null,"BASE_TYPE":"NS","BIKELANETYPE":"0","DIST":"5","SHLTYPE":"CG","FEDCLS":"LOC","Inactive":"N","KEYNUM":"55450","LANES":"2","YEARMAIN":1502928000000,"LIMITS":"47' W/O TUBEROSE ST. TO MERRIWEATHER PL.","LASTTYPEMNT":"SC","MEDIANTYPE":"0","GIS_MILES":0.140000001,"MPAHCLS":"L","OBJECTID":2138,"PAVE_THIK":0.65000000000000002,"PAVE_TYPE":"AC","PAVE_W":"","PAVE_WFT":36.700000000000003,"ROADNAME":"CELESTINE CIRCLE","SERVICE_AREA":"LADERA RANCH","TRACTNO":"TR 16115","STATECLS":"M","STATUS":"M","THMSCOR":"F2","THMSPGE":"952","TRACT_ACCEPT_DATE":1077580800000,"Property_ID":"A1404","Current_OM_Inspector":"Nick Nelson","Day_Swept":"1/3 Wed.","Time_Swept":"12pm - 4pm","Road_Closed":"0","Charge_Number":"ER19500","STREETLIGHT_INSEPCT_STATUS":"Complete","SECONDARY_ISLAND_INFO":null,"LAFCO_ISLAND_NUMBER":null}},{"type":"Feature","id":2867,"geometry":{"type":"LineString","coordinates":[[-117.63617062660416,33.545594334312831],[-117.63628876745332,33.545592971223847],[-117.63689102434257,33.545586022711959],[-117.63798060712745,33.545573546058769],[-117.63797976389482,33.545518543752337]]},"properties":{"BASE_THIK":null,"BASE_TYPE":"","BIKELANETYPE":"0","DIST":"5","SHLTYPE":"SC","FEDCLS":"LOC","Inactive":"N","KEYNUM":"157630","LANES":"1","YEARMAIN":null,"LIMITS":"36' W/O AGAPANTHUS ST. TO END","LASTTYPEMNT":"","MEDIANTYPE":"0","GIS_MILES":0.109999999,"MPAHCLS":"L","OBJECTID":2867,"PAVE_THIK":null,"PAVE_TYPE":"","PAVE_W":"H","PAVE_WFT":17.600000000000001,"ROADNAME":"MERRIWEATHER PLACE (S1/2)","SERVICE_AREA":"LADERA RANCH","TRACTNO":"TR 16115","STATECLS":"M","STATUS":"M","THMSCOR":"F2","THMSPGE":"952","TRACT_ACCEPT_DATE":1077580800000,"Property_ID":"A0773","Current_OM_Inspector":"Nick Nelson","Day_Swept":"1/3 Wed.","Time_Swept":"12pm - 4pm","Road_Closed":"0","Charge_Number":"ER19500","STREETLIGHT_INSEPCT_STATUS":"Complete","SECONDARY_ISLAND_INFO":null,"LAFCO_ISLAND_NUMBER":null}},{"type":"Feature","id":2961,"geometry":{"type":"LineString","coordinates":[[-117.63677966892764,33.544268295871454],[-117.63658710347616,33.544380863378571],[-117.63652843721518,33.544418484633148],[-117.63647334470906,33.544461168409242],[-117.63642226152712,33.544508577242759],[-117.63634813773817,33.544584212306638]]},"properties":{"BASE_THIK":null,"BASE_TYPE":"NS","BIKELANETYPE":"0","DIST":"5","SHLTYPE":"CG","FEDCLS":"LOC","Inactive":"N","KEYNUM":"174550","LANES":"2","YEARMAIN":1502928000000,"LIMITS":"CELESTINE CIRCLE TO END","LASTTYPEMNT":"SC","MEDIANTYPE":"0","GIS_MILES":0.0299999993,"MPAHCLS":"L","OBJECTID":2961,"PAVE_THIK":0.5,"PAVE_TYPE":"AC","PAVE_W":"","PAVE_WFT":37.299999999999997,"ROADNAME":"OLIVE STREET","SERVICE_AREA":"LADERA RANCH","TRACTNO":"TR 16115","STATECLS":"M","STATUS":"M","THMSCOR":"F2","THMSPGE":"952","TRACT_ACCEPT_DATE":1077580800000,"Property_ID":"A0842","Current_OM_Inspector":"Nick Nelson","Day_Swept":"1/3 Wed.","Time_Swept":"12pm - 4pm","Road_Closed":"0","Charge_Number":"ER19500","STREETLIGHT_INSEPCT_STATUS":"Complete","SECONDARY_ISLAND_INFO":null,"LAFCO_ISLAND_NUMBER":null}},{"type":"Feature","id":3044,"geometry":{"type":"LineString","coordinates":[[-117.63676380859808,33.545041238787903],[-117.63712286727534,33.544907788372242],[-117.63719686756534,33.544882841148173],[-117.63727222224827,33.544862345327459],[-117.63734866381469,33.544846373670353],[-117.63757833133563,33.544805284212728]]},"properties":{"BASE_THIK":null,"BASE_TYPE":"","BIKELANETYPE":"0","DIST":"5","SHLTYPE":"CG","FEDCLS":"LOC","Inactive":"N","KEYNUM":"190700","LANES":"2","YEARMAIN":1502928000000,"LIMITS":"CELESTINE CIRCLE TO END","LASTTYPEMNT":"SC","MEDIANTYPE":"0","GIS_MILES":0.0500000007,"MPAHCLS":"L","OBJECTID":3044,"PAVE_THIK":null,"PAVE_TYPE":"","PAVE_W":"","PAVE_WFT":36.799999999999997,"ROADNAME":"PLUM STREET","SERVICE_AREA":"LADERA RANCH","TRACTNO":"TR 16115","STATECLS":"M","STATUS":"M","THMSCOR":"F2","THMSPGE":"952","TRACT_ACCEPT_DATE":1077580800000,"Property_ID":"A0910","Current_OM_Inspector":"Nick Nelson","Day_Swept":"1/3 Wed.","Time_Swept":"12pm - 4pm","Road_Closed":"0","Charge_Number":"ER19500","STREETLIGHT_INSEPCT_STATUS":"Complete","SECONDARY_ISLAND_INFO":null,"LAFCO_ISLAND_NUMBER":null}},{"type":"Feature","id":2010,"geometry":{"type":"LineString","coordinates":[[-117.63461173511809,33.544255775798391],[-117.63457423245883,33.5451908767362],[-117.63450728495894,33.545188835788053]]},"properties":{"BASE_THIK":null,"BASE_TYPE":"NS","BIKELANETYPE":"0","DIST":"5","SHLTYPE":"CG","FEDCLS":"LOC","Inactive":"N","KEYNUM":"31900","LANES":"2","YEARMAIN":1502928000000,"LIMITS":"DUSKYWING CT. TO END","LASTTYPEMNT":"SC","MEDIANTYPE":"0","GIS_MILES":0.0700000003,"MPAHCLS":"L","OBJECTID":2010,"PAVE_THIK":0.5,"PAVE_TYPE":"AC","PAVE_W":"","PAVE_WFT":36.399999999999999,"ROADNAME":"BLUEWING LANE","SERVICE_AREA":"LADERA RANCH","TRACTNO":"TR 16116","STATECLS":"M","STATUS":"M","THMSCOR":"F2","THMSPGE":"952","TRACT_ACCEPT_DATE":1084233600000,"Property_ID":"A1310","Current_OM_Inspector":"Nick Nelson","Day_Swept":"1/3 Wed.","Time_Swept":"12pm - 4pm","Road_Closed":"0","Charge_Number":"ER19500","STREETLIGHT_INSEPCT_STATUS":"Complete","SECONDARY_ISLAND_INFO":null,"LAFCO_ISLAND_NUMBER":null}},{"type":"Feature","id":2329,"geometry":{"type":"LineString","coordinates":[[-117.63490781811706,33.543754708455147],[-117.63461466852621,33.543789117564089],[-117.63451177549085,33.543804717159318],[-117.63441019248411,33.543827327264161],[-117.63431039657937,33.543856841692751],[-117.63428745741854,33.543864967536138],[-117.63426622891035,33.543876866480204],[-117.63424732624503,33.543892193700231],[-117.63423129721122,33.543910505021998],[-117.6342186063213,33.543931269793681],[-117.63420962135014,33.543953886263857],[-117.63420460267717,33.543977699019926],[-117.63420369574069,33.544002017981583],[-117.63421688417014,33.544127886636062],[-117.634223482349,33.544152854538915],[-117.63423410182659,33.54417639511734],[-117.63424845267762,33.544197865683515],[-117.63426614310555,33.544216680063563],[-117.63428669013911,33.544232324600912],[-117.63430953281807,33.544244372179719],[-117.63433404750812,33.544252493885708],[-117.63435956492697,33.544256467985932],[-117.63448565849276,33.54425920767742],[-117.63461173511809,33.544255775798391],[-117.63487261549538,33.544242020490891],[-117.63498230547158,33.544238323952698],[-117.63509205706559,33.544238701957269],[-117.63520171897665,33.544243153983487],[-117.63531933099401,33.544252486582394]]},"properties":{"BASE_THIK":null,"BASE_TYPE":"NS","BIKELANETYPE":"0","DIST":"5","SHLTYPE":"CG","FEDCLS":"LOC","Inactive":"N","KEYNUM":"78995","LANES":"2","YEARMAIN":1502928000000,"LIMITS":"36' E/O TUBEROSE ST. TO END","LASTTYPEMNT":"SC","MEDIANTYPE":"0","GIS_MILES":0.129999995,"MPAHCLS":"L","OBJECTID":2329,"PAVE_THIK":0.5,"PAVE_TYPE":"AC","PAVE_W":"V","PAVE_WFT":36.600000000000001,"ROADNAME":"DUSKYWING COURT","SERVICE_AREA":"LADERA RANCH","TRACTNO":"TR 16116","STATECLS":"M","STATUS":"M","THMSCOR":"F2","THMSPGE":"952","TRACT_ACCEPT_DATE":1084233600000,"Property_ID":"A1539","Current_OM_Inspector":"Nick Nelson","Day_Swept":"1/3 Wed.","Time_Swept":"12pm - 4pm","Road_Closed":"0","Charge_Number":"ER19500","STREETLIGHT_INSEPCT_STATUS":"Complete","SECONDARY_ISLAND_INFO":null,"LAFCO_ISLAND_NUMBER":null}},{"type":"Feature","id":3151,"geometry":{"type":"LineString","coordinates":[[-117.6332841018456,33.544046554412162],[-117.63322526465011,33.544073920408977],[-117.63336503906869,33.544272603659522],[-117.63343264782735,33.54437244060415],[-117.63349462780428,33.544475866143635],[-117.63355078902607,33.544582563270716],[-117.63360095935423,33.544692204950444],[-117.63364498501281,33.544804455122588],[-117.63368273105978,33.54491896973169],[-117.63371408180056,33.545035397781625],[-117.63373894114275,33.545153382411414],[-117.6337572328905,33.545272561989044],[-117.63376890097823,33.545392571219892],[-117.6337739096423,33.545513042266386],[-117.63377719296631,33.545583991769064],[-117.63378586689481,33.545654485563908],[-117.63379988110609,33.545724114681583],[-117.63381915429677,33.545792475169208],[-117.63382523615641,33.545810731274727],[-117.63386167515819,33.545916634579143]]},"properties":{"BASE_THIK":null,"BASE_TYPE":"NS","BIKELANETYPE":"0","DIST":"5","SHLTYPE":"CG","FEDCLS":"LOC","Inactive":"N","KEYNUM":"205900","LANES":"2","YEARMAIN":1502928000000,"LIMITS":"47' S/O BARBERRY ST. TO END","LASTTYPEMNT":"SC","MEDIANTYPE":"0","GIS_MILES":0.140000001,"MPAHCLS":"L","OBJECTID":3151,"PAVE_THIK":0.65000000000000002,"PAVE_TYPE":"AC","PAVE_W":"","PAVE_WFT":36.200000000000003,"ROADNAME":"SACHEM WAY","SERVICE_AREA":"LADERA RANCH","TRACTNO":"TR 16116","STATECLS":"M","STATUS":"M","THMSCOR":"F2","THMSPGE":"952","TRACT_ACCEPT_DATE":1097280000000,"Property_ID":"A0993","Current_OM_Inspector":"Nick Nelson","Day_Swept":"1/3 Wed.","Time_Swept":"12pm - 4pm","Road_Closed":"0","Charge_Number":"ER19500","STREETLIGHT_INSEPCT_STATUS":"Complete","SECONDARY_ISLAND_INFO":null,"LAFCO_ISLAND_NUMBER":null}},{"type":"Feature","id":1859,"geometry":{"type":"LineString","coordinates":[[-117.63419851615735,33.546948250068027],[-117.63423214801828,33.546953197395837],[-117.63426613338142,33.54695244028575],[-117.6342995115575,33.546946000139535],[-117.63437362366656,33.5469216168554],[-117.63444533314797,33.546890877637253],[-117.63451409609129,33.546854015639489],[-117.63460389906476,33.546801367874018],[-117.63469478468265,33.546750040733009],[-117.63471476041904,33.546739016070426],[-117.63485246998185,33.546663332208787],[-117.6353386687782,33.546396106074134],[-117.6354429314674,33.546338799966556]]},"properties":{"BASE_THIK":null,"BASE_TYPE":"NS","BIKELANETYPE":"0","DIST":"5","SHLTYPE":"CG","FEDCLS":"LOC","Inactive":"N","KEYNUM":"2400","LANES":"2","YEARMAIN":1502928000000,"LIMITS":"36' E/O TUBEROSE ST. TO POMEGRANATE ST.","LASTTYPEMNT":"SC","MEDIANTYPE":"0","GIS_MILES":0.0799999982,"MPAHCLS":"L","OBJECTID":1859,"PAVE_THIK":0.55000000000000004,"PAVE_TYPE":"AC","PAVE_W":"","PAVE_WFT":36.600000000000001,"ROADNAME":"AGAPANTHUS STREET","SERVICE_AREA":"LADERA RANCH","TRACTNO":"TR 16117","STATECLS":"M","STATUS":"M","THMSCOR":"F2","THMSPGE":"952","TRACT_ACCEPT_DATE":1069113600000,"Property_ID":"A1060","Current_OM_Inspector":"Nick Nelson","Day_Swept":"1/3 Wed.","Time_Swept":"12pm - 4pm","Road_Closed":"0","Charge_Number":"ER19500","STREETLIGHT_INSEPCT_STATUS":"Complete","SECONDARY_ISLAND_INFO":null,"LAFCO_ISLAND_NUMBER":null}},{"type":"Feature","id":3041,"geometry":{"type":"LineString","coordinates":[[-117.63485246998185,33.546663332208787],[-117.63476667153661,33.546553882574955],[-117.63473491846166,33.546510040589041],[-117.63470698227701,33.546463673067173],[-117.63468306267666,33.5464151114546],[-117.63466333064316,33.546364702880417],[-117.63455560547078,33.546047345629063]]},"properties":{"BASE_THIK":null,"BASE_TYPE":"NS","BIKELANETYPE":"0","DIST":"5","SHLTYPE":"CG","FEDCLS":"LOC","Inactive":"N","KEYNUM":"190005","LANES":"2","YEARMAIN":1502928000000,"LIMITS":"AGAPANTHUS ST. TO END","LASTTYPEMNT":"SC","MEDIANTYPE":"0","GIS_MILES":0.0500000007,"MPAHCLS":"L","OBJECTID":3041,"PAVE_THIK":0.5,"PAVE_TYPE":"AC","PAVE_W":"","PAVE_WFT":36.5,"ROADNAME":"PINK TRUMPET STREET","SERVICE_AREA":"LADERA RANCH","TRACTNO":"TR 16117","STATECLS":"M","STATUS":"M","THMSCOR":"F2","THMSPGE":"952","TRACT_ACCEPT_DATE":1069113600000,"Property_ID":"A0904","Current_OM_Inspector":"Nick Nelson","Day_Swept":"1/3 Wed.","Time_Swept":"12pm - 4pm","Road_Closed":"0","Charge_Number":"ER19500","STREETLIGHT_INSEPCT_STATUS":"Complete","SECONDARY_ISLAND_INFO":null,"LAFCO_ISLAND_NUMBER":null}},{"type":"Feature","id":3047,"geometry":{"type":"LineString","coordinates":[[-117.63419851615735,33.546948250068027],[-117.63417357225848,33.546940737317399],[-117.63415002223284,33.546929600181045],[-117.63412838935109,33.546915086120961],[-117.63410915428578,33.546897517632821],[-117.63407377713413,33.546855755176061],[-117.63404186659983,33.546811287621004],[-117.63401362864511,33.546764401977512],[-117.63379752038799,33.546368342653054],[-117.63377013107494,33.546378803031843]]},"properties":{"BASE_THIK":null,"BASE_TYPE":"NS","BIKELANETYPE":"0","DIST":"5","SHLTYPE":"CG","FEDCLS":"LOC","Inactive":"N","KEYNUM":"191050","LANES":"2","YEARMAIN":1502928000000,"LIMITS":"AGAPANTHUS ST. TO END","LASTTYPEMNT":"SC","MEDIANTYPE":"0","GIS_MILES":0.0500000007,"MPAHCLS":"L","OBJECTID":3047,"PAVE_THIK":0.45000000000000001,"PAVE_TYPE":"AC","PAVE_W":"","PAVE_WFT":36.600000000000001,"ROADNAME":"POMEGRANATE STREET","SERVICE_AREA":"LADERA RANCH","TRACTNO":"TR 16117","STATECLS":"M","STATUS":"M","THMSCOR":"F2","THMSPGE":"952","TRACT_ACCEPT_DATE":1069113600000,"Property_ID":"A0912","Current_OM_Inspector":"Nick Nelson","Day_Swept":"1/3 Wed.","Time_Swept":"12pm - 4pm","Road_Closed":"0","Charge_Number":"ER19500","STREETLIGHT_INSEPCT_STATUS":"Complete","SECONDARY_ISLAND_INFO":null,"LAFCO_ISLAND_NUMBER":null}},{"type":"Feature","id":2116,"geometry":{"type":"LineString","coordinates":[[-117.6302187493022,33.549704840177505],[-117.63020958339189,33.549743920950412],[-117.63066338148828,33.549819030530166],[-117.63066829745617,33.549819837155866]]},"properties":{"BASE_THIK":null,"BASE_TYPE":"NS","BIKELANETYPE":"0","DIST":"5","SHLTYPE":"CG","FEDCLS":"LOC","Inactive":"N","KEYNUM":"51850","LANES":"2","YEARMAIN":1475280000000,"LIMITS":"LANGFORD LN. TO END","LASTTYPEMNT":"SS","MEDIANTYPE":"0","GIS_MILES":0.0299999993,"MPAHCLS":"L","OBJECTID":2116,"PAVE_THIK":0.5,"PAVE_TYPE":"AC","PAVE_W":"V","PAVE_WFT":36.600000000000001,"ROADNAME":"CARLISLE COURT","SERVICE_AREA":"LADERA RANCH","TRACTNO":"TR 16118","STATECLS":"M","STATUS":"M","THMSCOR":"F2","THMSPGE":"952","TRACT_ACCEPT_DATE":1075161600000,"Property_ID":"A1387","Current_OM_Inspector":"Nick Nelson","Day_Swept":"1/3 Wed.","Time_Swept":"12pm - 4pm","Road_Closed":"0","Charge_Number":"ER19500","STREETLIGHT_INSEPCT_STATUS":"Complete","SECONDARY_ISLAND_INFO":null,"LAFCO_ISLAND_NUMBER":null}},{"type":"Feature","id":3688,"geometry":{"type":"MultiLineString","coordinates":[[[-117.63078040817004,33.549419709379677],[-117.63074861490716,33.54951213387605],[-117.63072144542987,33.549602746741726],[-117.63069789797711,33.549694367642132],[-117.63066934907059,33.549815377353696],[-117.63066829745617,33.549819837155866]],[[-117.63044107850668,33.551176934760498],[-117.63038640734948,33.551173631920598],[-117.6303993313132,33.550507337896931],[-117.63040355149575,33.550453012585827],[-117.63041302614862,33.550399353660005],[-117.63042766574907,33.550346868124223],[-117.63044733197256,33.550296051896296],[-117.63047183899968,33.550247385121295],[-117.63050095527197,33.550201327634873],[-117.63053440567975,33.550158314618393],[-117.63056492681557,33.550117762296665],[-117.63059053327837,33.550073940617182],[-117.63061087872187,33.550027442300461],[-117.63062568795895,33.549978896270488],[-117.63066338148828,33.549819030530166]]]},"properties":{"BASE_THIK":null,"BASE_TYPE":"NS","BIKELANETYPE":"0","DIST":"5","SHLTYPE":"CG","FEDCLS":"LOC","Inactive":"N","KEYNUM":"135000","LANES":"2","YEARMAIN":1475280000000,"LIMITS":"35' N/O RANUNCULUS ST. TO END","LASTTYPEMNT":"SS","MEDIANTYPE":"0","GIS_MILES":0.129999995,"MPAHCLS":"L","OBJECTID":3688,"PAVE_THIK":0.55000000000000004,"PAVE_TYPE":"AC","PAVE_W":"","PAVE_WFT":36.299999999999997,"ROADNAME":"LANGFORD LANE","SERVICE_AREA":"LADERA RANCH","TRACTNO":"TR 16118","STATECLS":"M","STATUS":"M","THMSCOR":"F2","THMSPGE":"952","TRACT_ACCEPT_DATE":1075161600000,"Property_ID":"A0650","Current_OM_Inspector":"Nick Nelson","Day_Swept":"1/3 Wed.","Time_Swept":"12pm - 4pm","Road_Closed":"0","Charge_Number":"ER19500","STREETLIGHT_INSEPCT_STATUS":"Complete","SECONDARY_ISLAND_INFO":null,"LAFCO_ISLAND_NUMBER":null}},{"type":"Feature","id":3242,"geometry":{"type":"LineString","coordinates":[[-117.63146718616538,33.551153410767995],[-117.63153291245436,33.551154626552325],[-117.63154574638693,33.550657741403356],[-117.63155696861317,33.550224518664706],[-117.63156048761893,33.550172366175275],[-117.63156822804174,33.550120671384335],[-117.63158013880363,33.550069775418805],[-117.63159614130707,33.550020014134262],[-117.63165086821145,33.549861623662053],[-117.63170001238221,33.549701413093644],[-117.63174351348033,33.549539579134873]]},"properties":{"BASE_THIK":null,"BASE_TYPE":"NS","BIKELANETYPE":"0","DIST":"5","SHLTYPE":"CG","FEDCLS":"LOC","Inactive":"N","KEYNUM":"217500","LANES":"2","YEARMAIN":1502928000000,"LIMITS":"50' N/O RANUNCULUS ST. TO END","LASTTYPEMNT":"SC","MEDIANTYPE":"0","GIS_MILES":0.119999997,"MPAHCLS":"L","OBJECTID":3242,"PAVE_THIK":0.5,"PAVE_TYPE":"AC","PAVE_W":"","PAVE_WFT":36.600000000000001,"ROADNAME":"SHIVELY ROAD","SERVICE_AREA":"LADERA RANCH","TRACTNO":"TR 16118","STATECLS":"M","STATUS":"M","THMSCOR":"F2","THMSPGE":"952","TRACT_ACCEPT_DATE":1075161600000,"Property_ID":"A1048","Current_OM_Inspector":"Nick Nelson","Day_Swept":"1/3 Wed.","Time_Swept":"12pm - 4pm","Road_Closed":"0","Charge_Number":"ER19500","STREETLIGHT_INSEPCT_STATUS":"Complete","SECONDARY_ISLAND_INFO":null,"LAFCO_ISLAND_NUMBER":null}},{"type":"Feature","id":3241,"geometry":{"type":"LineString","coordinates":[[-117.63179671704505,33.549290747562722],[-117.63182746009078,33.549128579833841],[-117.63184032037107,33.549074777083028],[-117.6318581113931,33.549022397675444],[-117.63195789742166,33.548767336684108],[-117.63197755869685,33.548708512116939],[-117.63199086782265,33.548647933551301],[-117.63199767455683,33.548586284838301],[-117.63199790206042,33.548524261909584],[-117.63199866855823,33.54846442102005],[-117.63200517843694,33.548404930339615],[-117.63201737151651,33.548346339825116],[-117.63203513507897,33.548289191111849],[-117.6320583049105,33.548234012506526],[-117.63208666681948,33.548181314103331],[-117.63211995861646,33.548131583068432],[-117.63215787253813,33.548085279136387],[-117.63220005809228,33.548042830360195],[-117.63246965740946,33.547784778225392]]},"properties":{"BASE_THIK":null,"BASE_TYPE":"NS","BIKELANETYPE":"0","DIST":"5","SHLTYPE":"CG","FEDCLS":"LOC","Inactive":"N","KEYNUM":"217400","LANES":"2","YEARMAIN":1502928000000,"LIMITS":"42' S/O RANUNCULUS ST. TO END","LASTTYPEMNT":"SC","MEDIANTYPE":"0","GIS_MILES":0.109999999,"MPAHCLS":"L","OBJECTID":3241,"PAVE_THIK":0.5,"PAVE_TYPE":"AC","PAVE_W":"V","PAVE_WFT":28.600000000000001,"ROADNAME":"SHIVELY ROAD","SERVICE_AREA":"LADERA RANCH","TRACTNO":"TR 16119","STATECLS":"M","STATUS":"M","THMSCOR":"F2","THMSPGE":"952","TRACT_ACCEPT_DATE":1075766400000,"Property_ID":"A1048","Current_OM_Inspector":"Nick Nelson","Day_Swept":"1/3 Wed.","Time_Swept":"12pm - 4pm","Road_Closed":"0","Charge_Number":"ER19500","STREETLIGHT_INSEPCT_STATUS":"Complete","SECONDARY_ISLAND_INFO":null,"LAFCO_ISLAND_NUMBER":null}},{"type":"Feature","id":2691,"geometry":{"type":"LineString","coordinates":[[-117.63078040817004,33.549419709379677],[-117.63082145741753,33.549315301280366],[-117.63086648437515,33.549214428512883],[-117.63091587628895,33.549115619702633],[-117.63096953879804,33.549019063619177],[-117.63100655619425,33.548950307309894],[-117.63103735793501,33.54887855098297],[-117.63106170340163,33.548804355188324],[-117.63107940241088,33.548728299532648],[-117.63109031670068,33.548650978151606],[-117.6310943610102,33.548572995068511],[-117.63109150374589,33.548494959475811],[-117.6310817672283,33.548417480976127],[-117.63107456110187,33.548355214086499],[-117.63107398569542,33.548292534243572],[-117.63108004747271,33.548230145553426],[-117.6310926783395,33.548168748851509],[-117.63111173640857,33.548109033829903],[-117.63113700759351,33.548051671289741],[-117.63116820801366,33.547997305605861],[-117.63133709482692,33.547729655306398]]},"properties":{"BASE_THIK":null,"BASE_TYPE":"","BIKELANETYPE":"0","DIST":"5","SHLTYPE":"CG","FEDCLS":"LOC","Inactive":"N","KEYNUM":"135200","LANES":"2","YEARMAIN":1475280000000,"LIMITS":"40' S/O RANUNCULUS ST TO END","LASTTYPEMNT":"SS","MEDIANTYPE":"0","GIS_MILES":0.119999997,"MPAHCLS":"L","OBJECTID":2691,"PAVE_THIK":null,"PAVE_TYPE":"","PAVE_W":"","PAVE_WFT":36.600000000000001,"ROADNAME":"LANGFORD LANE","SERVICE_AREA":"LADERA RANCH","TRACTNO":"TR 16120","STATECLS":"M","STATUS":"M","THMSCOR":"F2","THMSPGE":"952","TRACT_ACCEPT_DATE":1078790400000,"Property_ID":"A0650","Current_OM_Inspector":"Nick Nelson","Day_Swept":"1/3 Wed.","Time_Swept":"12pm - 4pm","Road_Closed":"0","Charge_Number":"ER19500","STREETLIGHT_INSEPCT_STATUS":"Complete","SECONDARY_ISLAND_INFO":null,"LAFCO_ISLAND_NUMBER":null}},{"type":"Feature","id":3089,"geometry":{"type":"LineString","coordinates":[[-117.63012568848696,33.547688452816089],[-117.63004693943958,33.547687144405558],[-117.63002624152558,33.548558442496152],[-117.63003152568263,33.548632996724741],[-117.63004306096596,33.548706842459588],[-117.63006076564825,33.548779456504661],[-117.63008451429207,33.548850324390429],[-117.6301141386386,33.548918944018887],[-117.63014942879974,33.548984829220892],[-117.63019013474518,33.549047513200684],[-117.63023596807385,33.54910655184311],[-117.63028660405723,33.549161526860189],[-117.63034168394007,33.549212048754676],[-117.63040081748215,33.549257759579632],[-117.63046358572312,33.549298335474475],[-117.63052954395084,33.54933348895954],[-117.63059822485216,33.549362970972865],[-117.63066914182384,33.549386572634781]]},"properties":{"BASE_THIK":null,"BASE_TYPE":"NS","BIKELANETYPE":"0","DIST":"5","SHLTYPE":"CG","FEDCLS":"LOC","Inactive":"N","KEYNUM":"195380","LANES":"2","YEARMAIN":1502928000000,"LIMITS":"36' SE/O LANGFORD LN. TO END","LASTTYPEMNT":"SC","MEDIANTYPE":"0","GIS_MILES":0.140000001,"MPAHCLS":"L","OBJECTID":3089,"PAVE_THIK":0.59999999999999998,"PAVE_TYPE":"AC","PAVE_W":"","PAVE_WFT":28.800000000000001,"ROADNAME":"RANUNCULUS STREET","SERVICE_AREA":"LADERA RANCH","TRACTNO":"TR 16120","STATECLS":"M","STATUS":"M","THMSCOR":"F2","THMSPGE":"952","TRACT_ACCEPT_DATE":1078790400000,"Property_ID":"A0939","Current_OM_Inspector":"Nick Nelson","Day_Swept":"1/3 Wed.","Time_Swept":"12pm - 4pm","Road_Closed":"0","Charge_Number":"ER19500","STREETLIGHT_INSEPCT_STATUS":"Complete","SECONDARY_ISLAND_INFO":null,"LAFCO_ISLAND_NUMBER":null}},{"type":"Feature","id":3211,"geometry":{"type":"LineString","coordinates":[[-117.63225629946352,33.544979859061044],[-117.63221548674454,33.545008588603785],[-117.6321786320045,33.545042245591063],[-117.63214632622517,33.54508029031841],[-117.63211908744381,33.545122112722055],[-117.63209735244615,33.545167042161552],[-117.63208146976233,33.545214358173759],[-117.63207169407811,33.545263302025823],[-117.63206818215085,33.545313088881755],[-117.63207099029582,33.545362920387632],[-117.63208007348318,33.545411997473572],[-117.63209528606011,33.545459533167104],[-117.63211638408626,33.545504765212705],[-117.63218499480757,33.545627764513746],[-117.63230907777655,33.54585035703667],[-117.63234659328712,33.545922950313923],[-117.63237875276195,33.545998069989196],[-117.63240538729386,33.546075321520867],[-117.63242635699366,33.546154299170396],[-117.63244155172481,33.546234588133402],[-117.63245089168194,33.546315766718237],[-117.63249106557768,33.546850466088479],[-117.63250207023835,33.546961620000054],[-117.63251834049061,33.547072125988606],[-117.63252613438102,33.547136800201962],[-117.63252738536069,33.547201930330566],[-117.63252208074805,33.547266856131955],[-117.63251027431748,33.547330919435012]]},"properties":{"BASE_THIK":null,"BASE_TYPE":"NS","BIKELANETYPE":"0","DIST":"5","SHLTYPE":"CG","FEDCLS":"LOC","Inactive":"N","KEYNUM":"212100","LANES":"2","YEARMAIN":1502928000000,"LIMITS":"SMOKE TREE DR. N AND S TO ENDS","LASTTYPEMNT":"SC","MEDIANTYPE":"0","GIS_MILES":0.170000002,"MPAHCLS":"L","OBJECTID":3211,"PAVE_THIK":0.55000000000000004,"PAVE_TYPE":"AC","PAVE_W":"","PAVE_WFT":36.399999999999999,"ROADNAME":"SCARLET MAPLE DRIVE","SERVICE_AREA":"LADERA RANCH","TRACTNO":"TR 16121","STATECLS":"M","STATUS":"M","THMSCOR":"F2","THMSPGE":"952","TRACT_ACCEPT_DATE":1069545600000,"Property_ID":"A1027","Current_OM_Inspector":"Nick Nelson","Day_Swept":"1/3 Wed.","Time_Swept":"12pm - 4pm","Road_Closed":"0","Charge_Number":"ER19500","STREETLIGHT_INSEPCT_STATUS":"Complete","SECONDARY_ISLAND_INFO":null,"LAFCO_ISLAND_NUMBER":null}},{"type":"Feature","id":3291,"geometry":{"type":"LineString","coordinates":[[-117.63306507300607,33.54543246628964],[-117.63285494039687,33.545459681196732],[-117.63273513558562,33.545478370028775],[-117.63261649167947,33.54550339179486],[-117.63249934319617,33.545534675945866],[-117.63218499480757,33.545627764513746],[-117.63204925143727,33.545667969186127],[-117.63197252830487,33.545692343414721],[-117.63189816310212,33.545723171302775],[-117.63182669756576,33.545760228274808],[-117.63175865230903,33.54580324437763],[-117.6316945230291,33.54585190624686],[-117.63163477689588,33.545905859389769],[-117.63157984914896,33.545964710767677],[-117.63153013992682,33.546028031659155],[-117.63148601135197,33.546095360783205],[-117.63145517151167,33.546156222512273],[-117.63143030959003,33.546219760931102],[-117.6314116547008,33.546285390504643],[-117.63139937875715,33.546352506426913],[-117.63139359488744,33.546420490194578],[-117.6313943563926,33.546488715306708],[-117.63141595544204,33.546831039677414],[-117.63141726222042,33.546886198917868],[-117.63141329445585,33.546941230784292],[-117.6314040884301,33.546995632057872],[-117.63138972832429,33.547048905286033],[-117.63137034544918,33.547100563331192]]},"properties":{"BASE_THIK":null,"BASE_TYPE":"NS","BIKELANETYPE":"0","DIST":"5","SHLTYPE":"CG","FEDCLS":"LOC","Inactive":"N","KEYNUM":"221850","LANES":"2","YEARMAIN":1502928000000,"LIMITS":"46' E/O HYDRANGEA ST. TO END","LASTTYPEMNT":"SC","MEDIANTYPE":"0","GIS_MILES":0.180000007,"MPAHCLS":"L","OBJECTID":3291,"PAVE_THIK":0.55000000000000004,"PAVE_TYPE":"AC","PAVE_W":"V","PAVE_WFT":36.600000000000001,"ROADNAME":"SMOKE TREE DRIVE","SERVICE_AREA":"LADERA RANCH","TRACTNO":"TR 16121","STATECLS":"M","STATUS":"M","THMSCOR":"F2","THMSPGE":"952","TRACT_ACCEPT_DATE":1101168000000,"Property_ID":"A1072","Current_OM_Inspector":"Nick Nelson","Day_Swept":"1/3 Wed.","Time_Swept":"12pm - 4pm","Road_Closed":"0","Charge_Number":"ER19500","STREETLIGHT_INSEPCT_STATUS":"Complete","SECONDARY_ISLAND_INFO":null,"LAFCO_ISLAND_NUMBER":null}},{"type":"Feature","id":2108,"geometry":{"type":"LineString","coordinates":[[-117.63148601135197,33.546095360783205],[-117.63125695979662,33.546005472832199],[-117.63119364992798,33.545979235412879],[-117.63113276753406,33.545947773121938],[-117.63107474288964,33.545911308313158],[-117.63101998607287,33.545870098694643],[-117.63096888406719,33.545824435507569],[-117.63092179802629,33.54577464146783],[-117.63087906072187,33.545721068485364],[-117.63084097419168,33.545664095177059],[-117.63080780760509,33.545604124190959]]},"properties":{"BASE_THIK":null,"BASE_TYPE":"NS","BIKELANETYPE":"0","DIST":"5","SHLTYPE":"CG","FEDCLS":"LOC","Inactive":"N","KEYNUM":"47700","LANES":"2","YEARMAIN":1475280000000,"LIMITS":"35' E/O SMOKE TREE DR. TO CRAFTSBURY PL.","LASTTYPEMNT":"SS","MEDIANTYPE":"0","GIS_MILES":0.0500000007,"MPAHCLS":"L","OBJECTID":2108,"PAVE_THIK":0.5,"PAVE_TYPE":"AC","PAVE_W":"","PAVE_WFT":37,"ROADNAME":"CAMERONS WAY","SERVICE_AREA":"LADERA RANCH","TRACTNO":"TR 16122","STATECLS":"M","STATUS":"M","THMSCOR":"F2","THMSPGE":"952","TRACT_ACCEPT_DATE":1078790400000,"Property_ID":"A1378","Current_OM_Inspector":"Nick Nelson","Day_Swept":"1/3 Wed.","Time_Swept":"12pm - 4pm","Road_Closed":"0","Charge_Number":"ER19500","STREETLIGHT_INSEPCT_STATUS":"Complete","SECONDARY_ISLAND_INFO":null,"LAFCO_ISLAND_NUMBER":null}},{"type":"Feature","id":2242,"geometry":{"type":"MultiLineString","coordinates":[[[-117.63117020862595,33.545301078915571],[-117.63114142063381,33.545354794068849],[-117.63110694753405,33.545405050128934],[-117.63106720037692,33.545451247852718],[-117.63102265309949,33.545492836387879],[-117.6309738368745,33.54552931984113],[-117.63092133377675,33.545560263191149],[-117.63086576984259,33.545585297475668],[-117.63080780760509,33.545604124190959]],[[-117.63020106570183,33.547295370016094],[-117.63026671982158,33.547295135481441],[-117.63026392403923,33.546735857182213],[-117.63025978358171,33.546613150174359],[-117.63024862771033,33.546490881209778],[-117.63023049299025,33.546369451044278],[-117.6302261752284,33.546300244809174],[-117.63022877328406,33.546230952701748],[-117.63023826130934,33.546162264104289],[-117.63025454490858,33.54609486239481],[-117.63027746207737,33.546029418148159],[-117.63030678481444,33.545966582464537],[-117.63034222138992,33.545906980491729],[-117.63038341924783,33.545851205205551],[-117.6304299685136,33.545799811510399],[-117.63048140607185,33.54575331071851],[-117.63053722017395,33.545712165462994],[-117.63059685552933,33.54567678509509],[-117.63065971883006,33.545647521611585],[-117.63072518465357,33.545624666152811],[-117.63079260168503,33.545608446106115]]]},"properties":{"BASE_THIK":null,"BASE_TYPE":"NS","BIKELANETYPE":"0","DIST":"5","SHLTYPE":"CG","FEDCLS":"LOC","Inactive":"N","KEYNUM":"66900","LANES":"2","YEARMAIN":1476576000000,"LIMITS":"CAMERONS WAY  N'LY AND S'LY TO ENDS","LASTTYPEMNT":"SS","MEDIANTYPE":"0","GIS_MILES":0.170000002,"MPAHCLS":"L","OBJECTID":2242,"PAVE_THIK":0.5,"PAVE_TYPE":"AC","PAVE_W":"","PAVE_WFT":37,"ROADNAME":"CRAFTSBURY PLACE","SERVICE_AREA":"LADERA RANCH","TRACTNO":"TR 16122","STATECLS":"M","STATUS":"M","THMSCOR":"F2","THMSPGE":"952","TRACT_ACCEPT_DATE":1078790400000,"Property_ID":"A1480","Current_OM_Inspector":"Nick Nelson","Day_Swept":"1/3 Wed.","Time_Swept":"12pm - 4pm","Road_Closed":"0","Charge_Number":"ER19500","STREETLIGHT_INSEPCT_STATUS":"Complete","SECONDARY_ISLAND_INFO":null,"LAFCO_ISLAND_NUMBER":null}},{"type":"Feature","id":1907,"geometry":{"type":"LineString","coordinates":[[-117.63372243572637,33.553449184923643],[-117.63308092951038,33.553782401056445]]},"properties":{"BASE_THIK":null,"BASE_TYPE":"NS","BIKELANETYPE":"0","DIST":"5","SHLTYPE":"CG","FEDCLS":"LOC","Inactive":"N","KEYNUM":"16130","LANES":"2","YEARMAIN":1502928000000,"LIMITS":"SKLAR ST. TO TRUMPET VINE ST.","LASTTYPEMNT":"SC","MEDIANTYPE":"0","GIS_MILES":0.0399999991,"MPAHCLS":"L","OBJECTID":1907,"PAVE_THIK":0.55000000000000004,"PAVE_TYPE":"AC","PAVE_W":"","PAVE_WFT":36.299999999999997,"ROADNAME":"AMARYLLIS STREET","SERVICE_AREA":"LADERA RANCH","TRACTNO":"TR 16155","STATECLS":"M","STATUS":"M","THMSCOR":"F1","THMSPGE":"952","TRACT_ACCEPT_DATE":1098144000000,"Property_ID":"A0794","Current_OM_Inspector":"Nick Nelson","Day_Swept":"1/3 Wed.","Time_Swept":"8am - 12pm","Road_Closed":"0","Charge_Number":"ER19500","STREETLIGHT_INSEPCT_STATUS":"Complete","SECONDARY_ISLAND_INFO":null,"LAFCO_ISLAND_NUMBER":null}},{"type":"Feature","id":1946,"geometry":{"type":"LineString","coordinates":[[-117.63366908858612,33.551324926173457],[-117.632157360276,33.551424376972896],[-117.62976473437033,33.551581753590341]]},"properties":{"BASE_THIK":null,"BASE_TYPE":"NS","BIKELANETYPE":"0","DIST":"5","SHLTYPE":"CG","FEDCLS":"LOC","Inactive":"N","KEYNUM":"20500","LANES":"2","YEARMAIN":1626048000000,"LIMITS":"SELLAS ROAD NORTH TO 60' W/O ANTONIO PKWY.","LASTTYPEMNT":"OL","MEDIANTYPE":"PLNT","GIS_MILES":0.230000004,"MPAHCLS":"L","OBJECTID":1946,"PAVE_THIK":0.69999999999999996,"PAVE_TYPE":"AC","PAVE_W":"V","PAVE_WFT":85.900000000000006,"ROADNAME":"AVENDALE BOULEVARD","SERVICE_AREA":"LADERA RANCH","TRACTNO":"TR 16155","STATECLS":"M","STATUS":"M","THMSCOR":"F1","THMSPGE":"952","TRACT_ACCEPT_DATE":1098144000000,"Property_ID":"A0981","Current_OM_Inspector":"Nick Nelson","Day_Swept":"1/3 Wed.","Time_Swept":"5am - 8am","Road_Closed":"0","Charge_Number":"ER19500","STREETLIGHT_INSEPCT_STATUS":"Complete","SECONDARY_ISLAND_INFO":null,"LAFCO_ISLAND_NUMBER":null}},{"type":"Feature","id":1977,"geometry":{"type":"LineString","coordinates":[[-117.63403960906884,33.556848264878766],[-117.63403444129223,33.556782481825643],[-117.63402302307448,33.556717491516395],[-117.63400545851542,33.556653886467394],[-117.63398190775105,33.556592246565614],[-117.6339525854936,33.556533133781791],[-117.63391775907397,33.556477087046922],[-117.63387774600449,33.556424617338863],[-117.63383291108414,33.556376203023724],[-117.63378366307271,33.556332285494612],[-117.63373045096411,33.55629326514746],[-117.63367375989291,33.556259497730615],[-117.63361410671139,33.556231291101476],[-117.63355203527735,33.556208902419769],[-117.6334144767135,33.556157793339388]]},"properties":{"BASE_THIK":null,"BASE_TYPE":"","BIKELANETYPE":"0","DIST":"5","SHLTYPE":"CG","FEDCLS":"LOC","Inactive":"N","KEYNUM":"27050","LANES":"2","YEARMAIN":1502928000000,"LIMITS":"SNAPDRAGON ST. TO TETHERMOON LN.","LASTTYPEMNT":"SC","MEDIANTYPE":"0","GIS_MILES":0.0599999987,"MPAHCLS":"L","OBJECTID":1977,"PAVE_THIK":null,"PAVE_TYPE":"","PAVE_W":"V","PAVE_WFT":36.399999999999999,"ROADNAME":"BELLFLOWER STREET","SERVICE_AREA":"LADERA RANCH","TRACTNO":"TR 16155","STATECLS":"M","STATUS":"M","THMSCOR":"F1","THMSPGE":"952","TRACT_ACCEPT_DATE":1098144000000,"Property_ID":"A1282","Current_OM_Inspector":"Nick Nelson","Day_Swept":"1/3 Wed.","Time_Swept":"8am - 12pm","Road_Closed":"0","Charge_Number":"ER19500","STREETLIGHT_INSEPCT_STATUS":"Complete","SECONDARY_ISLAND_INFO":null,"LAFCO_ISLAND_NUMBER":null}},{"type":"Feature","id":2307,"geometry":{"type":"LineString","coordinates":[[-117.63417442731971,33.552823483166264],[-117.63349612369902,33.553113231526503]]},"properties":{"BASE_THIK":null,"BASE_TYPE":"NS","BIKELANETYPE":"0","DIST":"5","SHLTYPE":"CG","FEDCLS":"LOC","Inactive":"N","KEYNUM":"75500","LANES":"2","YEARMAIN":1502928000000,"LIMITS":"TRUMPET VINE ST. TO SELLAS ROAD NORTH","LASTTYPEMNT":"SC","MEDIANTYPE":"0","GIS_MILES":0.0399999991,"MPAHCLS":"L","OBJECTID":2307,"PAVE_THIK":0.55000000000000004,"PAVE_TYPE":"AC","PAVE_W":"V","PAVE_WFT":36.299999999999997,"ROADNAME":"DELPHINIUM STREET","SERVICE_AREA":"LADERA RANCH","TRACTNO":"TR 16155","STATECLS":"M","STATUS":"M","THMSCOR":"F1","THMSPGE":"952","TRACT_ACCEPT_DATE":1098144000000,"Property_ID":"A1522","Current_OM_Inspector":"Nick Nelson","Day_Swept":"1/3 Wed.","Time_Swept":"8am - 12pm","Road_Closed":"0","Charge_Number":"ER19500","STREETLIGHT_INSEPCT_STATUS":"Complete","SECONDARY_ISLAND_INFO":null,"LAFCO_ISLAND_NUMBER":null}},{"type":"Feature","id":2480,"geometry":{"type":"LineString","coordinates":[[-117.63328313568663,33.55271919026093],[-117.63258156379786,33.552952594415281]]},"properties":{"BASE_THIK":null,"BASE_TYPE":"NS","BIKELANETYPE":"0","DIST":"5","SHLTYPE":"CG","FEDCLS":"LOC","Inactive":"N","KEYNUM":"103025","LANES":"2","YEARMAIN":1502928000000,"LIMITS":"SKLAR ST. TO TRUMPET VINE ST.","LASTTYPEMNT":"SC","MEDIANTYPE":"0","GIS_MILES":0.0399999991,"MPAHCLS":"L","OBJECTID":2480,"PAVE_THIK":0.55000000000000004,"PAVE_TYPE":"AC","PAVE_W":"","PAVE_WFT":36.299999999999997,"ROADNAME":"GLOXINIA STREET","SERVICE_AREA":"LADERA RANCH","TRACTNO":"TR 16155","STATECLS":"M","STATUS":"M","THMSCOR":"F1","THMSPGE":"952","TRACT_ACCEPT_DATE":1098144000000,"Property_ID":"A0517","Current_OM_Inspector":"Nick Nelson","Day_Swept":"1/3 Wed.","Time_Swept":"8am - 12pm","Road_Closed":"0","Charge_Number":"ER19500","STREETLIGHT_INSEPCT_STATUS":"Complete","SECONDARY_ISLAND_INFO":null,"LAFCO_ISLAND_NUMBER":null}},{"type":"Feature","id":2598,"geometry":{"type":"LineString","coordinates":[[-117.63282283986187,33.553399116962609],[-117.63176598627699,33.55386009722168]]},"properties":{"BASE_THIK":null,"BASE_TYPE":"NS","BIKELANETYPE":"0","DIST":"5","SHLTYPE":"CG","FEDCLS":"LOC","Inactive":"N","KEYNUM":"117515","LANES":"2","YEARMAIN":1502928000000,"LIMITS":"SKLAR ST. TO AMY WAY","LASTTYPEMNT":"SC","MEDIANTYPE":"0","GIS_MILES":0.0700000003,"MPAHCLS":"L","OBJECTID":2598,"PAVE_THIK":0.59999999999999998,"PAVE_TYPE":"AC","PAVE_W":"V","PAVE_WFT":36.299999999999997,"ROADNAME":"IRISH MOSS STREET","SERVICE_AREA":"LADERA RANCH","TRACTNO":"TR 16155","STATECLS":"M","STATUS":"M","THMSCOR":"F1","THMSPGE":"952","TRACT_ACCEPT_DATE":1098144000000,"Property_ID":"A0590","Current_OM_Inspector":"Nick Nelson","Day_Swept":"1/3 Wed.","Time_Swept":"8am - 12pm","Road_Closed":"0","Charge_Number":"ER19500","STREETLIGHT_INSEPCT_STATUS":"Complete","SECONDARY_ISLAND_INFO":null,"LAFCO_ISLAND_NUMBER":null}},{"type":"Feature","id":3217,"geometry":{"type":"LineString","coordinates":[[-117.63365876474295,33.551182290069434],[-117.63366908858612,33.551324926173457],[-117.63368622077653,33.551468917705321],[-117.63370929261872,33.551612077627425],[-117.63373826464364,33.551754161035916],[-117.63377308728883,33.551894924868556],[-117.63381370098315,33.552034128320486],[-117.63386003624871,33.552171533256221],[-117.63391201381971,33.552306904616962],[-117.63396954477805,33.552440010822785],[-117.6340325307055,33.552570624168744],[-117.6341008638519,33.552698521214445],[-117.63417442731971,33.552823483166264],[-117.63426033763079,33.552956466243664],[-117.63435119676683,33.553086118462389],[-117.63444687573298,33.553212255752129],[-117.63454723869151,33.553334699032774],[-117.6346521431548,33.553453274468716],[-117.63476144018745,33.553567813715595],[-117.63487497461792,33.553678154159336],[-117.63499258525866,33.553784139146984],[-117.63511410513507,33.553885618209158],[-117.63523936172251,33.553982447273633],[-117.63536817719124,33.554074488869887],[-117.63551623625203,33.554173613720508],[-117.63566789783532,33.554267133695113],[-117.63648781762106,33.554752076290924],[-117.63688736471414,33.55498840007315]]},"properties":{"BASE_THIK":null,"BASE_TYPE":"NS","BIKELANETYPE":"0","DIST":"5","SHLTYPE":"CG","FEDCLS":"LOC","Inactive":"N","KEYNUM":"213700","LANES":"2","YEARMAIN":1475280000000,"LIMITS":"52' S/O AVENDALE BLVD. TO 71' W/O SIENNA PKWY.","LASTTYPEMNT":"SS","MEDIANTYPE":"0","GIS_MILES":0.340000004,"MPAHCLS":"L","OBJECTID":3217,"PAVE_THIK":0.65000000000000002,"PAVE_TYPE":"AC","PAVE_W":"","PAVE_WFT":40.100000000000001,"ROADNAME":"SELLAS ROAD NORTH","SERVICE_AREA":"LADERA RANCH","TRACTNO":"TR 16155","STATECLS":"M","STATUS":"M","THMSCOR":"F1","THMSPGE":"952","TRACT_ACCEPT_DATE":1098144000000,"Property_ID":"A1033","Current_OM_Inspector":"Nick Nelson","Day_Swept":"1/3 Wed.","Time_Swept":"8am - 12pm","Road_Closed":"0","Charge_Number":"ER19500","STREETLIGHT_INSEPCT_STATUS":"Complete","SECONDARY_ISLAND_INFO":null,"LAFCO_ISLAND_NUMBER":null}},{"type":"Feature","id":3245,"geometry":{"type":"LineString","coordinates":[[-117.63724058931504,33.554907953600328],[-117.63707770649648,33.555100982161754],[-117.6364236718186,33.555876094923264],[-117.63634361541057,33.555974885837223],[-117.6362680728397,33.556076138612212],[-117.63619715165893,33.556179707785404],[-117.63613095291934,33.556285445261096],[-117.6360754964964,33.556382327356786],[-117.63602400488232,33.556480732467989],[-117.63597653872489,33.556580545407307],[-117.6359214479089,33.556710923701978],[-117.6358732238153,33.556843194882624],[-117.63583195723888,33.556977106369935],[-117.63579772813623,33.55711240119529],[-117.63577060134735,33.557248819852354],[-117.63575062985404,33.557386102063916],[-117.63573785150649,33.557523984113082],[-117.63573238877225,33.557655795590605],[-117.63573350026076,33.557787682689884],[-117.63574118344326,33.557919416404815],[-117.63575542500826,33.558050766946479],[-117.63575652081522,33.558058870144031]]},"properties":{"BASE_THIK":null,"BASE_TYPE":"NS","BIKELANETYPE":"0","DIST":"5","SHLTYPE":"CG","FEDCLS":"LOC","Inactive":"N","KEYNUM":"217683","LANES":"2","YEARMAIN":1600300800000,"LIMITS":"96' S/O WINDMILL AVE. TO 86' S/O SELLAS ROAD NORTH","LASTTYPEMNT":"OL","MEDIANTYPE":"PNT","GIS_MILES":0.239999995,"MPAHCLS":"L","OBJECTID":3245,"PAVE_THIK":0.80000000000000004,"PAVE_TYPE":"AC","PAVE_W":"V","PAVE_WFT":52.100000000000001,"ROADNAME":"SIENNA PARKWAY","SERVICE_AREA":"LADERA RANCH","TRACTNO":"TR 16155","STATECLS":"M","STATUS":"M","THMSCOR":"F1","THMSPGE":"952","TRACT_ACCEPT_DATE":1098144000000,"Property_ID":"A1049","Current_OM_Inspector":"Nick Nelson","Day_Swept":"1/3 Wed.","Time_Swept":"5am - 8am","Road_Closed":"0","Charge_Number":"ER19500","STREETLIGHT_INSEPCT_STATUS":"Complete","SECONDARY_ISLAND_INFO":null,"LAFCO_ISLAND_NUMBER":null}},{"type":"Feature","id":3272,"geometry":{"type":"LineString","coordinates":[[-117.6321459671512,33.551276287371614],[-117.632157360276,33.551424376972896],[-117.6321777112297,33.55160031827743],[-117.63220488946523,33.551775334983688],[-117.63223885385794,33.551949162265736],[-117.63227955301473,33.552121537097406],[-117.63232692535179,33.552292198650306],[-117.63238089918784,33.552460888688479],[-117.63244139285254,33.552627351959167],[-117.63250831481014,33.552791336579027],[-117.63258156379786,33.552952594415281],[-117.6326568190796,33.553104190459536],[-117.63273727657631,33.553253090792943],[-117.63282283986187,33.553399116962609],[-117.63290499100142,33.553529461802803],[-117.63299104713452,33.553657262151198],[-117.63308092951038,33.553782401056445],[-117.63319573698145,33.553931472774799],[-117.6333156330427,33.554076483350698],[-117.6334404741478,33.554217259169292],[-117.63357011082995,33.554353631685828],[-117.63370438788078,33.554485437627442],[-117.63383609904831,33.554606657876363],[-117.63397141450339,33.554723841100476],[-117.63411021055967,33.554836880187352],[-117.63425236034927,33.554945671812554],[-117.63439773393885,33.555050116534062]]},"properties":{"BASE_THIK":null,"BASE_TYPE":"NS","BIKELANETYPE":"0","DIST":"5","SHLTYPE":"CG","FEDCLS":"LOC","Inactive":"N","KEYNUM":"220778","LANES":"2","YEARMAIN":1502928000000,"LIMITS":"54' S/O AVENDALE BLVD. TO SNAPDRAGON ST.","LASTTYPEMNT":"SC","MEDIANTYPE":"0","GIS_MILES":0.300000012,"MPAHCLS":"L","OBJECTID":3272,"PAVE_THIK":0.65000000000000002,"PAVE_TYPE":"AC","PAVE_W":"","PAVE_WFT":36.299999999999997,"ROADNAME":"SKLAR STREET","SERVICE_AREA":"LADERA RANCH","TRACTNO":"TR 16155","STATECLS":"M","STATUS":"M","THMSCOR":"F1","THMSPGE":"952","TRACT_ACCEPT_DATE":1098144000000,"Property_ID":"A1062","Current_OM_Inspector":"Nick Nelson","Day_Swept":"1/3 Wed.","Time_Swept":"8am - 12pm","Road_Closed":"0","Charge_Number":"ER19500","STREETLIGHT_INSEPCT_STATUS":"Complete","SECONDARY_ISLAND_INFO":null,"LAFCO_ISLAND_NUMBER":null}},{"type":"Feature","id":3294,"geometry":{"type":"LineString","coordinates":[[-117.63536817719124,33.554074488869887],[-117.63439773393885,33.555050116534062],[-117.63376335580534,33.555687845488471],[-117.63368270875841,33.555773254856774],[-117.6336072437456,33.555863275622237],[-117.63353722392638,33.555957593866964],[-117.63347289347189,33.556055880687026],[-117.6334144767135,33.556157793339388],[-117.6333654043458,33.556257337014365],[-117.63332262325171,33.556359742182643],[-117.63328629934598,33.556464611693812],[-117.63325657350094,33.55657153884021],[-117.63323431587642,33.556677521661271],[-117.63321888296979,33.556784711145845],[-117.63321033798884,33.556892668283218],[-117.63320871593085,33.557000950918656],[-117.63321402343919,33.557109115564288],[-117.63322623877616,33.557216719215496],[-117.63324531191201,33.557323321165285],[-117.63327116472982,33.557428484809286],[-117.63330369134549,33.557531779433944],[-117.63334494569229,33.5576384777657],[-117.63339258721452,33.55774248132569],[-117.6334464409567,33.557843408178329],[-117.63350630915002,33.557940887686726],[-117.63357197193862,33.558034561873789],[-117.63364318818697,33.558124086736832],[-117.63369037002076,33.558178420722498],[-117.63414955195402,33.558688977719456]]},"properties":{"BASE_THIK":null,"BASE_TYPE":"NS","BIKELANETYPE":"0","DIST":"5","SHLTYPE":"CG","FEDCLS":"LOC","Inactive":"N","KEYNUM":"221985","LANES":"2","YEARMAIN":1501545600000,"LIMITS":"34' S/O WINDMILL AVE. TO SELLAS ROAD NORTH","LASTTYPEMNT":"MS","MEDIANTYPE":"0","GIS_MILES":0.370000005,"MPAHCLS":"L","OBJECTID":3294,"PAVE_THIK":0.65000000000000002,"PAVE_TYPE":"AC","PAVE_W":"","PAVE_WFT":40.100000000000001,"ROADNAME":"SNAPDRAGON STREET","SERVICE_AREA":"LADERA RANCH","TRACTNO":"TR 16155","STATECLS":"M","STATUS":"M","THMSCOR":"F1","THMSPGE":"952","TRACT_ACCEPT_DATE":1098144000000,"Property_ID":"A1076","Current_OM_Inspector":"Nick Nelson","Day_Swept":"1/3 Wed.","Time_Swept":"8am - 12pm","Road_Closed":"0","Charge_Number":"ER19500","STREETLIGHT_INSEPCT_STATUS":"Complete","SECONDARY_ISLAND_INFO":null,"LAFCO_ISLAND_NUMBER":null}},{"type":"Feature","id":3342,"geometry":{"type":"LineString","coordinates":[[-117.63330369134549,33.557531779433944],[-117.6334482268321,33.557496590525432],[-117.63351397521741,33.557481775822176],[-117.63357804706861,33.557460868323794],[-117.63363987911123,33.557434051834264],[-117.6336989277616,33.557401562105206],[-117.63375467390568,33.557363684763381],[-117.63380662746276,33.55732075279964],[-117.63385433169384,33.557273143641474],[-117.63389736721702,33.557221275834991],[-117.63393535569436,33.557165605365313],[-117.633967963158,33.557106621647904],[-117.63399490294613,33.557044843225945],[-117.63401593822317,33.556980813211702],[-117.63403088406183,33.556915094511844],[-117.63403960906884,33.556848264878766]]},"properties":{"BASE_THIK":null,"BASE_TYPE":"NS","BIKELANETYPE":"0","DIST":"5","SHLTYPE":"CG","FEDCLS":"LOC","Inactive":"N","KEYNUM":"230510","LANES":"2","YEARMAIN":1502928000000,"LIMITS":"SNAPDRAGON ST. TO TETHERMOON LN.","LASTTYPEMNT":"SC","MEDIANTYPE":"0","GIS_MILES":0.0700000003,"MPAHCLS":"L","OBJECTID":3342,"PAVE_THIK":0.55000000000000004,"PAVE_TYPE":"AC","PAVE_W":"","PAVE_WFT":36.399999999999999,"ROADNAME":"SWEET PEA STREET","SERVICE_AREA":"LADERA RANCH","TRACTNO":"TR 16155","STATECLS":"M","STATUS":"M","THMSCOR":"F1","THMSPGE":"952","TRACT_ACCEPT_DATE":1098144000000,"Property_ID":"A1121","Current_OM_Inspector":"Nick Nelson","Day_Swept":"1/3 Wed.","Time_Swept":"8am - 12pm","Road_Closed":"0","Charge_Number":"ER19500","STREETLIGHT_INSEPCT_STATUS":"Complete","SECONDARY_ISLAND_INFO":null,"LAFCO_ISLAND_NUMBER":null}},{"type":"Feature","id":3404,"geometry":{"type":"LineString","coordinates":[[-117.63328313568663,33.55271919026093],[-117.63334955514316,33.552852976950184],[-117.63342057969626,33.552984376856131],[-117.63349612369902,33.553113231526503],[-117.63356817334574,33.553227473421067],[-117.63364363354368,33.553339491815066],[-117.63372243572637,33.553449184923643]]},"properties":{"BASE_THIK":null,"BASE_TYPE":"NS","BIKELANETYPE":"0","DIST":"5","SHLTYPE":"CG","FEDCLS":"LOC","Inactive":"N","KEYNUM":"237180","LANES":"2","YEARMAIN":1502928000000,"LIMITS":"AMARYLLIS ST. TO GLOXINIA ST.","LASTTYPEMNT":"SC","MEDIANTYPE":"0","GIS_MILES":0.0599999987,"MPAHCLS":"L","OBJECTID":3404,"PAVE_THIK":0.55000000000000004,"PAVE_TYPE":"AC","PAVE_W":"","PAVE_WFT":36,"ROADNAME":"TRUMPET VINE STREET","SERVICE_AREA":"LADERA RANCH","TRACTNO":"TR 16155","STATECLS":"M","STATUS":"M","THMSCOR":"F1","THMSPGE":"952","TRACT_ACCEPT_DATE":1098144000000,"Property_ID":"A1173","Current_OM_Inspector":"Nick Nelson","Day_Swept":"1/3 Wed.","Time_Swept":"8am - 12pm","Road_Closed":"0","Charge_Number":"ER19500","STREETLIGHT_INSEPCT_STATUS":"Complete","SECONDARY_ISLAND_INFO":null,"LAFCO_ISLAND_NUMBER":null}},{"type":"Feature","id":2593,"geometry":{"type":"LineString","coordinates":[[-117.6324363036033,33.544109438386727],[-117.6326019404669,33.544276187911372],[-117.63268467393758,33.544361958335102],[-117.63276259704642,33.544452121419937],[-117.63283547695211,33.544546407750374],[-117.63290309588282,33.544644535590294],[-117.63296525178708,33.544746211724785],[-117.63302175893737,33.544851132336312],[-117.63307244848522,33.544958983912558],[-117.63311716896563,33.545069444183206],[-117.63315578674973,33.545182183082922],[-117.63318818644409,33.545296863737633],[-117.63321427123546,33.545413143471109],[-117.63322773326094,33.545495879818972],[-117.63323771016289,33.545579108364649],[-117.6332772001049,33.54598125899431],[-117.63331912266214,33.546408393346624],[-117.63333561426874,33.546531357980221],[-117.63335900823368,33.546653198025396],[-117.63338923022519,33.546773526348879],[-117.63342618421626,33.546891960620719],[-117.63346975278967,33.547008124529121],[-117.63351979751108,33.547121648976109],[-117.63357615936893,33.547232173250286],[-117.63363865927964,33.547339346173011],[-117.63370709865666,33.547442827214155],[-117.63378126004143,33.54754228757416],[-117.63386137338884,33.5476399492971],[-117.63394605658357,33.547733676118725],[-117.63403511661501,33.547823254416102],[-117.63412835049681,33.547908480021654],[-117.63422554572959,33.547989158688516],[-117.63432648078518,33.548065106533215],[-117.63480766310551,33.548412135125147]]},"properties":{"BASE_THIK":null,"BASE_TYPE":"NS","BIKELANETYPE":"0","DIST":"5","SHLTYPE":"CG","FEDCLS":"LOC","Inactive":"N","KEYNUM":"116800","LANES":"2","YEARMAIN":1501545600000,"LIMITS":"30' W/O SELLAS RD.SOUTH TO 36' S/O O'NEILL DR.","LASTTYPEMNT":"MS","MEDIANTYPE":"0","GIS_MILES":0.340000004,"MPAHCLS":"L","OBJECTID":2593,"PAVE_THIK":0.65000000000000002,"PAVE_TYPE":"AC","PAVE_W":"V","PAVE_WFT":40.299999999999997,"ROADNAME":"HYDRANGEA STREET","SERVICE_AREA":"LADERA RANCH","TRACTNO":"TR 16156","STATECLS":"M","STATUS":"M","THMSCOR":"F2","THMSPGE":"952","TRACT_ACCEPT_DATE":1098144000000,"Property_ID":"A0585","Current_OM_Inspector":"Nick Nelson","Day_Swept":"1/3 Wed.","Time_Swept":"12pm - 4pm","Road_Closed":"0","Charge_Number":"ER19500","STREETLIGHT_INSEPCT_STATUS":"Complete","SECONDARY_ISLAND_INFO":null,"LAFCO_ISLAND_NUMBER":null}},{"type":"Feature","id":2970,"geometry":{"type":"LineString","coordinates":[[-117.63254984102495,33.544030349101817],[-117.6324363036033,33.544109438386727],[-117.63234108579378,33.544175770533649],[-117.63217948780174,33.544282716513855],[-117.63201419881607,33.544383864449763],[-117.6318454267754,33.544479087094174],[-117.63167338400012,33.544568264654082],[-117.63149828692529,33.544651284941395],[-117.63132035582839,33.544728043514056],[-117.6311398145522,33.544798443807416],[-117.63095689022313,33.54486239725577],[-117.63077181296562,33.544919823403724],[-117.63058481561249,33.544970650007414],[-117.63039613341215,33.545014813125427],[-117.62906835439675,33.545307693842844]]},"properties":{"BASE_THIK":null,"BASE_TYPE":"NS","BIKELANETYPE":"0","DIST":"5","SHLTYPE":"CG","FEDCLS":"LOC","Inactive":"N","KEYNUM":"175388","LANES":"2","YEARMAIN":1469923200000,"LIMITS":"45' W/O HYDRANGEA ST. TO 60'E/O ANTONIO PKWY.","LASTTYPEMNT":"OL","MEDIANTYPE":"PLNT","GIS_MILES":0.219999999,"MPAHCLS":"L","OBJECTID":2970,"PAVE_THIK":0.90000000000000002,"PAVE_TYPE":"AC","PAVE_W":"","PAVE_WFT":62.200000000000003,"ROADNAME":"ONEILL DRIVE","SERVICE_AREA":"LADERA RANCH","TRACTNO":"TR 16156","STATECLS":"M","STATUS":"M","THMSCOR":"F2","THMSPGE":"952","TRACT_ACCEPT_DATE":1098144000000,"Property_ID":"A0848","Current_OM_Inspector":"Nick Nelson","Day_Swept":"1/3 Tues.","Time_Swept":"5am - 8am","Road_Closed":"0","Charge_Number":"ER19500","STREETLIGHT_INSEPCT_STATUS":"Complete","SECONDARY_ISLAND_INFO":null,"LAFCO_ISLAND_NUMBER":null}},{"type":"Feature","id":3088,"geometry":{"type":"LineString","coordinates":[[-117.63066914182384,33.549386572634781],[-117.63072437107972,33.549404497277827],[-117.63078040817004,33.549419709379677],[-117.63085827666225,33.549436136718811],[-117.63093703533892,33.549447557331881],[-117.63101636262053,33.549453924587404],[-117.63109593460595,33.549455212487238],[-117.6311754263949,33.549451415772765],[-117.63173379034272,33.549407127327974],[-117.63177510610031,33.54940474369856],[-117.63184295220587,33.549404575569305],[-117.6319106445733,33.549409143468097],[-117.63197785300559,33.549418425113153],[-117.63204424966636,33.549432375229486],[-117.63239668939237,33.549519845088831]]},"properties":{"BASE_THIK":null,"BASE_TYPE":"NS","BIKELANETYPE":"0","DIST":"5","SHLTYPE":"CG","FEDCLS":"LOC","Inactive":"N","KEYNUM":"195325","LANES":"2","YEARMAIN":1502928000000,"LIMITS":"SKLAR TO 36' SE/O LANGFORD LN.","LASTTYPEMNT":"SC","MEDIANTYPE":"0","GIS_MILES":0.100000001,"MPAHCLS":"L","OBJECTID":3088,"PAVE_THIK":0.59999999999999998,"PAVE_TYPE":"AC","PAVE_W":"V","PAVE_WFT":36.299999999999997,"ROADNAME":"RANUNCULUS STREET","SERVICE_AREA":"LADERA RANCH","TRACTNO":"TR 16156","STATECLS":"M","STATUS":"M","THMSCOR":"F1","THMSPGE":"952","TRACT_ACCEPT_DATE":1098144000000,"Property_ID":"A0939","Current_OM_Inspector":"Nick Nelson","Day_Swept":"1/3 Wed.","Time_Swept":"12pm - 4pm","Road_Closed":"0","Charge_Number":"ER19500","STREETLIGHT_INSEPCT_STATUS":"Complete","SECONDARY_ISLAND_INFO":null,"LAFCO_ISLAND_NUMBER":null}},{"type":"Feature","id":3219,"geometry":{"type":"LineString","coordinates":[[-117.63491466754229,33.54831161513151],[-117.63480766310551,33.548412135125147],[-117.63469665804745,33.548519792918654],[-117.63459037228522,33.548632112374513],[-117.63448900140317,33.548748886805306],[-117.63439273194139,33.548869901325709],[-117.63430174105252,33.548994933247869],[-117.63421619617569,33.549123752491241],[-117.63413625472836,33.549256122005922],[-117.63406206381678,33.549391798208902],[-117.63399375996516,33.549530531432289],[-117.63393146886453,33.54967206638274],[-117.63387530514137,33.549816142611235],[-117.63382537214673,33.549962494992371],[-117.63378176176606,33.550110854212221],[-117.63374455425004,33.550260947263922],[-117.63371381806702,33.550412497950063],[-117.63368960977694,33.550565227390926],[-117.63367197392725,33.550718854537692],[-117.63366094297102,33.550873096689585],[-117.63365653720713,33.551027670014136],[-117.63365876474295,33.551182290069434]]},"properties":{"BASE_THIK":null,"BASE_TYPE":"NS","BIKELANETYPE":"0","DIST":"5","SHLTYPE":"CG","FEDCLS":"LOC","Inactive":"N","KEYNUM":"213525","LANES":"2","YEARMAIN":1475280000000,"LIMITS":"49' S/O HYDRANGEA ST.TO 52' S/O AVENDALE BLVD.","LASTTYPEMNT":"SS","MEDIANTYPE":"0","GIS_MILES":0.219999999,"MPAHCLS":"L","OBJECTID":3219,"PAVE_THIK":0.65000000000000002,"PAVE_TYPE":"AC","PAVE_W":"","PAVE_WFT":38.299999999999997,"ROADNAME":"SELLAS ROAD SOUTH","SERVICE_AREA":"LADERA RANCH","TRACTNO":"TR 16156","STATECLS":"M","STATUS":"M","THMSCOR":"F1","THMSPGE":"952","TRACT_ACCEPT_DATE":1098144000000,"Property_ID":"A1033","Current_OM_Inspector":"Nick Nelson","Day_Swept":"1/3 Wed.","Time_Swept":"12pm - 4pm","Road_Closed":"0","Charge_Number":"ER19500","STREETLIGHT_INSEPCT_STATUS":"Complete","SECONDARY_ISLAND_INFO":null,"LAFCO_ISLAND_NUMBER":null}},{"type":"Feature","id":3271,"geometry":{"type":"LineString","coordinates":[[-117.63378126004143,33.54754228757416],[-117.63373094794662,33.547569615828657],[-117.63366692168611,33.54760739129415],[-117.63360606228078,33.547650081815469],[-117.63354874621523,33.547697423303184],[-117.63349532805454,33.547749122896377],[-117.63337196619548,33.547883302603488],[-117.6332534172949,33.548021752956465],[-117.63313982909308,33.548164301413074],[-117.63303134314812,33.548310770323816],[-117.63292809465943,33.548460977153397],[-117.63283021229934,33.548614734708181],[-117.63273781805269,33.548771851369473],[-117.6326510270648,33.548932131332322],[-117.63258000799327,33.549075742143671],[-117.63251389569541,33.549221676847317],[-117.63245276609467,33.549369767851665],[-117.63239668939237,33.549519845088831],[-117.63235323306418,33.549648613130103],[-117.63230441652755,33.549810881814111],[-117.63226170634641,33.549974863582875],[-117.63222516234831,33.550140328734074],[-117.63219382310832,33.550313794458688],[-117.63216938080339,33.550488365588343],[-117.63215206810527,33.550661753885016],[-117.63214162239387,33.550835690994489],[-117.63213805999548,33.551009905058955],[-117.63213999692223,33.55114315607652],[-117.6321459671512,33.551276287371614]]},"properties":{"BASE_THIK":null,"BASE_TYPE":"NS","BIKELANETYPE":"0","DIST":"5","SHLTYPE":"CG","FEDCLS":"LOC","Inactive":"N","KEYNUM":"220735","LANES":"2","YEARMAIN":1502928000000,"LIMITS":"HYDRANGEA ST.TO 54' S/O AVENDALE BLVD.","LASTTYPEMNT":"SC","MEDIANTYPE":"0","GIS_MILES":0.280000001,"MPAHCLS":"L","OBJECTID":3271,"PAVE_THIK":0.65000000000000002,"PAVE_TYPE":"AC","PAVE_W":"","PAVE_WFT":36.299999999999997,"ROADNAME":"SKLAR STREET","SERVICE_AREA":"LADERA RANCH","TRACTNO":"TR 16156","STATECLS":"M","STATUS":"M","THMSCOR":"F2","THMSPGE":"952","TRACT_ACCEPT_DATE":1098144000000,"Property_ID":"A1062","Current_OM_Inspector":"Nick Nelson","Day_Swept":"1/3 Wed.","Time_Swept":"12pm - 4pm","Road_Closed":"0","Charge_Number":"ER19500","STREETLIGHT_INSEPCT_STATUS":"Complete","SECONDARY_ISLAND_INFO":null,"LAFCO_ISLAND_NUMBER":null}},{"type":"Feature","id":1848,"geometry":{"type":"LineString","coordinates":[[-117.63446269175252,33.548791124005938],[-117.63454443425547,33.548837087898498],[-117.63507848241481,33.549137382490024]]},"properties":{"BASE_THIK":null,"BASE_TYPE":"NS","BIKELANETYPE":"0","DIST":"5","SHLTYPE":"CG","FEDCLS":"LOC","Inactive":"N","KEYNUM":"100","LANES":"2","YEARMAIN":1502928000000,"LIMITS":"STRAWFLOWER ST. TO 30' NW/O OF SELLAS ROAD SOUTH","LASTTYPEMNT":"SC","MEDIANTYPE":"0","GIS_MILES":0.0399999991,"MPAHCLS":"L","OBJECTID":1848,"PAVE_THIK":0.55000000000000004,"PAVE_TYPE":"AC","PAVE_W":null,"PAVE_WFT":36.299999999999997,"ROADNAME":"ABELIA STREET","SERVICE_AREA":"LADERA RANCH","TRACTNO":"TR 16157","STATECLS":"M","STATUS":"M","THMSCOR":"F1","THMSPGE":"952","TRACT_ACCEPT_DATE":1098144000000,"Property_ID":"A0500","Current_OM_Inspector":"Nick Nelson","Day_Swept":"1/3 Wed.","Time_Swept":"12pm - 4pm","Road_Closed":"0","Charge_Number":"ER19500","STREETLIGHT_INSEPCT_STATUS":"Complete","SECONDARY_ISLAND_INFO":null,"LAFCO_ISLAND_NUMBER":null}},{"type":"Feature","id":1945,"geometry":{"type":"LineString","coordinates":[[-117.63713756088241,33.551096665652459],[-117.63542006170451,33.551209734065083],[-117.63376725248591,33.551318469253978]]},"properties":{"BASE_THIK":null,"BASE_TYPE":"NS","BIKELANETYPE":"0","DIST":"5","SHLTYPE":"CG","FEDCLS":"LOC","Inactive":"N","KEYNUM":"20400","LANES":"2","YEARMAIN":1626048000000,"LIMITS":"DAISY STREET NORTH TO 30' W/O SELLAS ROAD SOUTH","LASTTYPEMNT":"OL","MEDIANTYPE":"PLNT","GIS_MILES":0.200000003,"MPAHCLS":"L","OBJECTID":1945,"PAVE_THIK":0.69999999999999996,"PAVE_TYPE":"AC","PAVE_W":"","PAVE_WFT":85.900000000000006,"ROADNAME":"AVENDALE BOULEVARD","SERVICE_AREA":"LADERA RANCH","TRACTNO":"TR 16157","STATECLS":"M","STATUS":"M","THMSCOR":"F1","THMSPGE":"952","TRACT_ACCEPT_DATE":1098144000000,"Property_ID":"A0981","Current_OM_Inspector":"Nick Nelson","Day_Swept":"1/3 Wed.","Time_Swept":"5am - 8am","Road_Closed":"0","Charge_Number":"ER19500","STREETLIGHT_INSEPCT_STATUS":"Complete","SECONDARY_ISLAND_INFO":null,"LAFCO_ISLAND_NUMBER":null}},{"type":"Feature","id":2269,"geometry":{"type":"LineString","coordinates":[[-117.63713756088241,33.551096665652459],[-117.63715626126644,33.551183184122849],[-117.63718131761274,33.551268080115641],[-117.63721259231171,33.551350887381545],[-117.63724991360252,33.55143115114258],[-117.63729307651641,33.551508430589692],[-117.63734184400242,33.551582301303718],[-117.63739594822923,33.551652357586256],[-117.6374550920561,33.55171821468781],[-117.63751895066481,33.551779510920781],[-117.63758717334349,33.551835909645902],[-117.6376593854128,33.551887101121054],[-117.63773519028364,33.551932804202345],[-117.6378141716352,33.551972767888202],[-117.63789589570145,33.552006772697816],[-117.63797991365334,33.552034631876587],[-117.6380657640638,33.55205619242173],[-117.63815297544186,33.552071335922612],[-117.63824106882213,33.552079979211037],[-117.63832956039525,33.552082074818017],[-117.63845752756505,33.552089113273873]]},"properties":{"BASE_THIK":null,"BASE_TYPE":"NS","BIKELANETYPE":"0","DIST":"5","SHLTYPE":"CG","FEDCLS":"LOC","Inactive":"N","KEYNUM":"70700","LANES":"2","YEARMAIN":1659398400000,"LIMITS":"SIENNA PKWY. TO AVENDALE BLVD.","LASTTYPEMNT":"OL","MEDIANTYPE":"0","GIS_MILES":0.109999999,"MPAHCLS":"L","OBJECTID":2269,"PAVE_THIK":0.75,"PAVE_TYPE":"AC","PAVE_W":"","PAVE_WFT":40.299999999999997,"ROADNAME":"DAISY STREET NORTH","SERVICE_AREA":"LADERA RANCH","TRACTNO":"TR 16157","STATECLS":"M","STATUS":"M","THMSCOR":"F1","THMSPGE":"952","TRACT_ACCEPT_DATE":1098144000000,"Property_ID":"A1497","Current_OM_Inspector":"Nick Nelson","Day_Swept":"1/3 Wed.","Time_Swept":"5am - 8am","Road_Closed":"0","Charge_Number":"ER19500","STREETLIGHT_INSEPCT_STATUS":"Complete","SECONDARY_ISLAND_INFO":null,"LAFCO_ISLAND_NUMBER":null}},{"type":"Feature","id":6872,"geometry":{"type":"LineString","coordinates":[[-117.63811578921536,33.549965396330464],[-117.63800186950833,33.549997857365078],[-117.6379136007001,33.550025478452994],[-117.63782749155946,33.550059235273068],[-117.63774396800004,33.550098960857071],[-117.63766344314665,33.550144458714051],[-117.63758631529188,33.550195503802179],[-117.63751296592608,33.550251843641895],[-117.63744375785038,33.550313199564677],[-117.6373879611015,33.550369277580792],[-117.63733694887141,33.550429740573264],[-117.63729106449816,33.550494181595667],[-117.63725061680671,33.550562166927421],[-117.63721587803042,33.550633238992958],[-117.63718708197878,33.550706919441431],[-117.63716442246374,33.550782712366264],[-117.63714805199525,33.550860107642862],[-117.63713808075485,33.550938584361965],[-117.63713457585398,33.551017614335692],[-117.63713756088241,33.551096665652459]]},"properties":{"BASE_THIK":null,"BASE_TYPE":"NS","BIKELANETYPE":"0","DIST":"5","SHLTYPE":"CG","FEDCLS":"LOC","Inactive":"N","KEYNUM":"70710","LANES":"2","YEARMAIN":1659398400000,"LIMITS":"AVENDALE BLVD. TO SIENNA PKWY.","LASTTYPEMNT":"OL","MEDIANTYPE":"0","GIS_MILES":0.100000001,"MPAHCLS":"L","OBJECTID":6872,"PAVE_THIK":0.75,"PAVE_TYPE":"AC","PAVE_W":"","PAVE_WFT":40.299999999999997,"ROADNAME":"DAISY STREET SOUTH","SERVICE_AREA":"LADERA RANCH","TRACTNO":"TR 16157","STATECLS":"M","STATUS":"M","THMSCOR":"F1","THMSPGE":"952","TRACT_ACCEPT_DATE":1098144000000,"Property_ID":"A1497","Current_OM_Inspector":"Nick Nelson","Day_Swept":"1/3 Wed.","Time_Swept":"5am - 8am","Road_Closed":"0","Charge_Number":"ER19500","STREETLIGHT_INSEPCT_STATUS":"Complete","SECONDARY_ISLAND_INFO":null,"LAFCO_ISLAND_NUMBER":null}},{"type":"Feature","id":2468,"geometry":{"type":"MultiLineString","coordinates":[[[-117.63669094346781,33.549770336518826],[-117.63614556383014,33.549377035290235],[-117.63536964266788,33.548817497315085]],[[-117.63744375785038,33.550313199564677],[-117.63712483881416,33.550083212005362],[-117.63669267004555,33.549768659042499]]]},"properties":{"BASE_THIK":null,"BASE_TYPE":"NS","BIKELANETYPE":"0","DIST":"5","SHLTYPE":"CG","FEDCLS":"LOC","Inactive":"N","KEYNUM":"101975","LANES":"2","YEARMAIN":1502928000000,"LIMITS":"DAISY ST. SOUTH TO STRAWFLOWER ST.","LASTTYPEMNT":"SC","MEDIANTYPE":"0","GIS_MILES":0.159999996,"MPAHCLS":"L","OBJECTID":2468,"PAVE_THIK":0.69999999999999996,"PAVE_TYPE":"AC","PAVE_W":"","PAVE_WFT":36.299999999999997,"ROADNAME":"GILLY FLOWER STREET","SERVICE_AREA":"LADERA RANCH","TRACTNO":"TR 16157","STATECLS":"M","STATUS":"M","THMSCOR":"F1","THMSPGE":"952","TRACT_ACCEPT_DATE":1098144000000,"Property_ID":"A0508","Current_OM_Inspector":"Nick Nelson","Day_Swept":"1/3 Wed.","Time_Swept":"8am - 12pm","Road_Closed":"0","Charge_Number":"ER19500","STREETLIGHT_INSEPCT_STATUS":"Complete","SECONDARY_ISLAND_INFO":null,"LAFCO_ISLAND_NUMBER":null}},{"type":"Feature","id":3218,"geometry":{"type":"LineString","coordinates":[[-117.63782640714078,33.547402267537059],[-117.63772307295143,33.54736456820892],[-117.63761776045804,33.547332811748653],[-117.63751081113404,33.547307101125867],[-117.63740257176018,33.547287519706686],[-117.63729339330021,33.547274130983418],[-117.63718362976286,33.547266978368704],[-117.63707363705392,33.54726608505473],[-117.63696377182228,33.547271453938052],[-117.6368543903035,33.547283067610181],[-117.6367458471647,33.54730088841405],[-117.63663849435457,33.5473248585661],[-117.6365326799622,33.547354900343649],[-117.63642874708839,33.547390916336909],[-117.63630108034886,33.547441920809739],[-117.63617480863984,33.547496287234438],[-117.63602834887024,33.547564232411652],[-117.6358842287741,33.547637008844042],[-117.63574260766526,33.547714536082793],[-117.63560364209506,33.547796728427443],[-117.6354674856794,33.547883495020606],[-117.6353342889288,33.547974739948408],[-117.63520419908217,33.548070362346529],[-117.63510543717594,33.548148052081991],[-117.63500890116323,33.548228490924423],[-117.63491466754229,33.54831161513151]]},"properties":{"BASE_THIK":null,"BASE_TYPE":"NS","BIKELANETYPE":"0","DIST":"5","SHLTYPE":"CG","FEDCLS":"LOC","Inactive":"N","KEYNUM":"213520","LANES":"2","YEARMAIN":1475280000000,"LIMITS":"71' W/O SIENNA PKWY. TO 49' S/O HYDRANGEA ST.","LASTTYPEMNT":"SS","MEDIANTYPE":"0","GIS_MILES":0.189999998,"MPAHCLS":"L","OBJECTID":3218,"PAVE_THIK":0.59999999999999998,"PAVE_TYPE":"AC","PAVE_W":"V","PAVE_WFT":38.5,"ROADNAME":"SELLAS ROAD SOUTH","SERVICE_AREA":"LADERA RANCH","TRACTNO":"TR 16157","STATECLS":"M","STATUS":"M","THMSCOR":"F1","THMSPGE":"952","TRACT_ACCEPT_DATE":1098144000000,"Property_ID":"A1033","Current_OM_Inspector":"Nick Nelson","Day_Swept":"1/3 Wed.","Time_Swept":"12pm - 4pm","Road_Closed":"0","Charge_Number":"ER19500","STREETLIGHT_INSEPCT_STATUS":"Complete","SECONDARY_ISLAND_INFO":null,"LAFCO_ISLAND_NUMBER":null}},{"type":"Feature","id":3246,"geometry":{"type":"LineString","coordinates":[[-117.63822481402005,33.547259488247335],[-117.63815551796365,33.547336191335233],[-117.63809051129311,33.547415484073269],[-117.63802993350133,33.547497198997931],[-117.63795982870118,33.547603795542344],[-117.63789725854041,33.547713629967774],[-117.63784243249066,33.547826329346954],[-117.63779553939787,33.547941510161031],[-117.63775673787745,33.548058783816444],[-117.63772615835239,33.548177749408943],[-117.63770390537836,33.548298004517513],[-117.63769005543229,33.548419141622183],[-117.63768465474419,33.548540747226703],[-117.63768772159303,33.54866241084973],[-117.63769662638474,33.548762600052363],[-117.63771127542194,33.548862314955031],[-117.63773163489286,33.548961324192689],[-117.6377576591841,33.549059399236249],[-117.63778524524571,33.549144886096165],[-117.63781713406802,33.549229316877927],[-117.6378890678604,33.549406608685132],[-117.63811578921536,33.549965396330464],[-117.63812863411181,33.549997052915366],[-117.63819889589553,33.55018093033523],[-117.63826126338164,33.55036679382868],[-117.63831565626167,33.550554404446835],[-117.63836200393001,33.550743524032953],[-117.63840024861385,33.55093390887545],[-117.63843034011893,33.551125317881997],[-117.63845224108459,33.551317504405233],[-117.638465921715,33.551510223515599],[-117.63847136621125,33.551703230125426],[-117.63846856733089,33.55189627544361],[-117.63845752756505,33.552089113273873],[-117.63844055227395,33.552262357257042],[-117.63841692665046,33.552435054102261],[-117.63838667256786,33.55260702412081],[-117.63834982378735,33.552778090195773],[-117.63830641728707,33.552948074271491],[-117.63825649762671,33.553116800911909],[-117.63820011798144,33.553284094584306],[-117.63813733478686,33.553449781521842],[-117.63811620646376,33.553501700441615],[-117.63803815710868,33.553680130957389],[-117.63795265633206,33.553856151236033],[-117.63785981048754,33.554029543665905],[-117.63775973568011,33.554200094132852],[-117.63765255449319,33.554367589351209],[-117.63753840041032,33.554531824028629],[-117.63741741447068,33.554692593689516],[-117.63728974641735,33.554849699171214],[-117.63724248359438,33.554905708878358]]},"properties":{"BASE_THIK":null,"BASE_TYPE":"NS","BIKELANETYPE":"0","DIST":"5","SHLTYPE":"CG","FEDCLS":"LOC","Inactive":"N","KEYNUM":"217689","LANES":"2","YEARMAIN":1600300800000,"LIMITS":"87' S/O SELLAS ROAD NORTH TO 105' S/O SELLAS ROAD SOUTH","LASTTYPEMNT":"OL","MEDIANTYPE":"PLNT","GIS_MILES":0.550000012,"MPAHCLS":"L","OBJECTID":3246,"PAVE_THIK":0.75,"PAVE_TYPE":"AC","PAVE_W":"V","PAVE_WFT":36.600000000000001,"ROADNAME":"SIENNA PARKWAY","SERVICE_AREA":"LADERA RANCH","TRACTNO":"TR 16157","STATECLS":"M","STATUS":"M","THMSCOR":"F1","THMSPGE":"952","TRACT_ACCEPT_DATE":1098144000000,"Property_ID":"A1049","Current_OM_Inspector":"Nick Nelson","Day_Swept":"1/3 Wed.","Time_Swept":"5am - 8am","Road_Closed":"0","Charge_Number":"ER19500","STREETLIGHT_INSEPCT_STATUS":"Complete","SECONDARY_ISLAND_INFO":null,"LAFCO_ISLAND_NUMBER":null}},{"type":"Feature","id":3328,"geometry":{"type":"LineString","coordinates":[[-117.63570435731452,33.54852903019259],[-117.6355890160779,33.548620753171086],[-117.63547738649311,33.548716958895682],[-117.63536964266788,33.548817497315085],[-117.63526822441777,33.548920097696673],[-117.63517111611408,33.549026786389199],[-117.63507848241481,33.549137382490024]]},"properties":{"BASE_THIK":null,"BASE_TYPE":"NS","BIKELANETYPE":"0","DIST":"5","SHLTYPE":"CG","FEDCLS":"LOC","Inactive":"N","KEYNUM":"226100","LANES":"2","YEARMAIN":1502928000000,"LIMITS":"TRISTANIA ST. TO ABELIA ST.","LASTTYPEMNT":"SC","MEDIANTYPE":"0","GIS_MILES":0.0599999987,"MPAHCLS":"L","OBJECTID":3328,"PAVE_THIK":0.55000000000000004,"PAVE_TYPE":"AC","PAVE_W":"","PAVE_WFT":36.200000000000003,"ROADNAME":"STRAWFLOWER STREET","SERVICE_AREA":"LADERA RANCH","TRACTNO":"TR 16157","STATECLS":"M","STATUS":"M","THMSCOR":"F1","THMSPGE":"952","TRACT_ACCEPT_DATE":1098144000000,"Property_ID":"A1107","Current_OM_Inspector":"Nick Nelson","Day_Swept":"1/3 Wed.","Time_Swept":"12pm - 4pm","Road_Closed":"0","Charge_Number":"ER19500","STREETLIGHT_INSEPCT_STATUS":"Complete","SECONDARY_ISLAND_INFO":null,"LAFCO_ISLAND_NUMBER":null}},{"type":"Feature","id":3401,"geometry":{"type":"LineString","coordinates":[[-117.63520419908217,33.548070362346529],[-117.63570435731452,33.54852903019259]]},"properties":{"BASE_THIK":null,"BASE_TYPE":"NS","BIKELANETYPE":"0","DIST":"5","SHLTYPE":"CG","FEDCLS":"LOC","Inactive":"N","KEYNUM":"237130","LANES":"2","YEARMAIN":1502928000000,"LIMITS":"STRAWFLOWER ST. TO SELLAS RD. SOUTH","LASTTYPEMNT":"SC","MEDIANTYPE":"0","GIS_MILES":0.0399999991,"MPAHCLS":"L","OBJECTID":3401,"PAVE_THIK":0.55000000000000004,"PAVE_TYPE":"AC","PAVE_W":"","PAVE_WFT":36.5,"ROADNAME":"TRISTANIA STREET","SERVICE_AREA":"LADERA RANCH","TRACTNO":"TR 16157","STATECLS":"M","STATUS":"M","THMSCOR":"F1","THMSPGE":"952","TRACT_ACCEPT_DATE":1098144000000,"Property_ID":"A1170","Current_OM_Inspector":"Nick Nelson","Day_Swept":"1/3 Wed.","Time_Swept":"12pm - 4pm","Road_Closed":"0","Charge_Number":"ER19500","STREETLIGHT_INSEPCT_STATUS":"Complete","SECONDARY_ISLAND_INFO":null,"LAFCO_ISLAND_NUMBER":null}},{"type":"Feature","id":3549,"geometry":{"type":"LineString","coordinates":[[-117.63768772159303,33.54866241084973],[-117.63750176737909,33.548670228810195],[-117.63742532306355,33.548675878925053],[-117.6373494303959,33.548686647405646],[-117.63727443168784,33.548702485681041],[-117.6372006652189,33.548723322313151],[-117.63712846371062,33.548749063318944],[-117.63699316466399,33.548805814108043],[-117.63686080538227,33.548869118962727],[-117.63673170312458,33.548938826144173],[-117.63660616734312,33.54901476856746],[-117.63648449894137,33.549096764202091],[-117.6363669895529,33.549184616508292],[-117.63625392084232,33.549278114908134],[-117.63614556383014,33.549377035290235],[-117.63605512238873,33.549467171328025],[-117.6359697478352,33.549562120499928],[-117.63588969591167,33.54966159838277],[-117.63581520641615,33.549765306987481],[-117.63574650248422,33.549872935651742],[-117.63568378992062,33.549984161970571],[-117.63562725658277,33.550098652762095],[-117.63557707181801,33.550216065065626],[-117.63553338595638,33.55033604716899],[-117.6354963298602,33.550458239662092],[-117.63546601453217,33.550582276513552],[-117.63544253078277,33.550707786167159],[-117.6354302719358,33.550808237649015],[-117.63542285708776,33.550909162371276],[-117.63542030339018,33.551010326881674],[-117.63542006170451,33.551209734065083]]},"properties":{"BASE_THIK":null,"BASE_TYPE":"NS","BIKELANETYPE":"0","DIST":"5","SHLTYPE":"CG","FEDCLS":"LOC","Inactive":"N","KEYNUM":"240000","LANES":"2","YEARMAIN":1502928000000,"LIMITS":"SIENNA PKWY. TO AVENDALE BLVD.","LASTTYPEMNT":"SC","MEDIANTYPE":"0","GIS_MILES":0.239999995,"MPAHCLS":"L","OBJECTID":3549,"PAVE_THIK":0.59999999999999998,"PAVE_TYPE":"AC","PAVE_W":"","PAVE_WFT":36.700000000000003,"ROADNAME":"ZINNIA STREET","SERVICE_AREA":"LADERA RANCH","TRACTNO":"TR 16157","STATECLS":"M","STATUS":"M","THMSCOR":"F1","THMSPGE":"952","TRACT_ACCEPT_DATE":1098144000000,"Property_ID":"A1269","Current_OM_Inspector":"Nick Nelson","Day_Swept":"1/3 Wed.","Time_Swept":"8am - 12pm","Road_Closed":"0","Charge_Number":"ER19500","STREETLIGHT_INSEPCT_STATUS":"Complete","SECONDARY_ISLAND_INFO":null,"LAFCO_ISLAND_NUMBER":null}},{"type":"Feature","id":2247,"geometry":{"type":"LineString","coordinates":[[-117.64340826850092,33.5527330387402],[-117.64503808698484,33.552808649584385],[-117.64512735655802,33.552813806347011],[-117.64536205814615,33.552830057524098]]},"properties":{"BASE_THIK":null,"BASE_TYPE":"NS","BIKELANETYPE":"0","DIST":"5","SHLTYPE":"CG","FEDCLS":"LOC","Inactive":"N","KEYNUM":"67500","LANES":"2","YEARMAIN":1502928000000,"LIMITS":"ONEILL DR. TO UNIVERSITY AVE.","LASTTYPEMNT":"SC","MEDIANTYPE":"0","GIS_MILES":0.109999999,"MPAHCLS":"L","OBJECTID":2247,"PAVE_THIK":0.69999999999999996,"PAVE_TYPE":"AC","PAVE_W":"V","PAVE_WFT":40,"ROADNAME":"CREIGHTON PLACE","SERVICE_AREA":"LADERA RANCH","TRACTNO":"TR 16203","STATECLS":"M","STATUS":"M","THMSCOR":"E1","THMSPGE":"952","TRACT_ACCEPT_DATE":1153180800000,"Property_ID":"A1483","Current_OM_Inspector":"Nick Nelson","Day_Swept":"1/3 Wed.","Time_Swept":"8am - 12pm","Road_Closed":"0","Charge_Number":"ER19500","STREETLIGHT_INSEPCT_STATUS":"Complete","SECONDARY_ISLAND_INFO":null,"LAFCO_ISLAND_NUMBER":null}},{"type":"Feature","id":4131,"geometry":{"type":"LineString","coordinates":[[-117.64529954218169,33.554878636473113],[-117.6446921630483,33.554815576004806],[-117.64457324288421,33.554800759905554],[-117.64445504284269,33.554781004591987],[-117.64433776797759,33.554756344335686],[-117.64422162173769,33.554726821917349],[-117.64363069197451,33.554563033958011],[-117.6435260859166,33.554537031834251],[-117.64342029921232,33.554516350659512],[-117.64331360233845,33.554501043311689],[-117.64320626809891,33.554491148928797],[-117.64309857092724,33.554486692808915],[-117.64299078618492,33.55448768634551],[-117.64252453996731,33.554503289733034],[-117.64241288886326,33.554504171720865],[-117.64230134278233,33.554499250464445],[-117.64219020315353,33.554488539262394],[-117.64207977030757,33.554472067059422],[-117.64207972278525,33.554472058573538],[-117.64196907499806,33.554449518056494],[-117.64185983506701,33.554420923560734],[-117.64175233396483,33.554386361721228],[-117.64164689739593,33.554345937252648]]},"properties":{"BASE_THIK":null,"BASE_TYPE":"NS","BIKELANETYPE":"0","DIST":"5","SHLTYPE":"CG","FEDCLS":"LOC","Inactive":"N","KEYNUM":"77800","LANES":"2","YEARMAIN":1492992000000,"LIMITS":"ONEILL DR. TO 140' SE/O POTTERS BEND","LASTTYPEMNT":"MM&MS","MEDIANTYPE":"PLNT","GIS_MILES":0.219999999,"MPAHCLS":"L","OBJECTID":4131,"PAVE_THIK":0.69999999999999996,"PAVE_TYPE":"AC","PAVE_W":"V","PAVE_WFT":58,"ROADNAME":"DORRANCE DRIVE","SERVICE_AREA":"LADERA RANCH","TRACTNO":"TR 16203","STATECLS":"M","STATUS":"M","THMSCOR":"E1","THMSPGE":"952","TRACT_ACCEPT_DATE":1153180800000,"Property_ID":"A1532","Current_OM_Inspector":"Nick Nelson","Day_Swept":"1/3 Wed.","Time_Swept":"8am - 12pm","Road_Closed":"0","Charge_Number":"ER19500","STREETLIGHT_INSEPCT_STATUS":"Complete","SECONDARY_ISLAND_INFO":null,"LAFCO_ISLAND_NUMBER":null}},{"type":"Feature","id":2390,"geometry":{"type":"MultiLineString","coordinates":[[[-117.64510777848936,33.54765544907675],[-117.64519136323146,33.547605012979119],[-117.64526394602413,33.547558901908758],[-117.64533420745842,33.547509325468248],[-117.64540198222576,33.547456400299247]],[[-117.64334390350687,33.548229746904767],[-117.64461686170588,33.547866806051886],[-117.64471917895924,33.547834976060528],[-117.64481968676331,33.54779782569036],[-117.64491810867679,33.547755457121475],[-117.64501417399551,33.547707986886337],[-117.64510761849695,33.547655545549276]]]},"properties":{"BASE_THIK":null,"BASE_TYPE":"NS","BIKELANETYPE":"0","DIST":"5","SHLTYPE":"CG","FEDCLS":"LOC","Inactive":"N","KEYNUM":"89800","LANES":"2","YEARMAIN":1502928000000,"LIMITS":"84' SW/O O'NEILL DR. TO UNIVERSITY DR.","LASTTYPEMNT":"SC","MEDIANTYPE":"0","GIS_MILES":0.129999995,"MPAHCLS":"L","OBJECTID":2390,"PAVE_THIK":0.69999999999999996,"PAVE_TYPE":"AC","PAVE_W":"V","PAVE_WFT":35.899999999999999,"ROADNAME":"ETON PLACE","SERVICE_AREA":"LADERA RANCH","TRACTNO":"TR 16203","STATECLS":"M","STATUS":"M","THMSCOR":"E2","THMSPGE":"952","TRACT_ACCEPT_DATE":1153180800000,"Property_ID":"A1585","Current_OM_Inspector":"Nick Nelson","Day_Swept":"1/3 Wed.","Time_Swept":"8am - 12pm","Road_Closed":"0","Charge_Number":"ER19500","STREETLIGHT_INSEPCT_STATUS":"Complete","SECONDARY_ISLAND_INFO":null,"LAFCO_ISLAND_NUMBER":null}},{"type":"Feature","id":3588,"geometry":{"type":"LineString","coordinates":[[-117.64134493746278,33.545203551644427],[-117.64152516987171,33.545246214669127],[-117.64170365724344,33.545295672863944],[-117.64188014348265,33.545351855265807],[-117.64205437536521,33.545414681263665],[-117.64222610290157,33.545484060714202],[-117.64239507969549,33.545559894071125],[-117.64256106329748,33.545642072528032],[-117.64272381555269,33.545730478174498],[-117.64288310294269,33.545824984165279],[-117.64303869692043,33.545925454902289],[-117.64319037423822,33.546031746229183],[-117.64333791726803,33.546143705638173],[-117.64454880985895,33.547116312972896],[-117.64466839981785,33.547215753286153],[-117.64478424619126,33.547319530701493],[-117.64489619178107,33.547427504397781],[-117.64500408468233,33.547539527859747],[-117.64510777848936,33.54765544907675],[-117.6452076953146,33.547774747089889],[-117.64530236777938,33.547898248151888],[-117.64539161929129,33.548025721896344],[-117.64547528336955,33.548156930546632],[-117.64555320395569,33.548291629359397],[-117.64562523570449,33.548429567081101],[-117.64569124425522,33.548570486416658],[-117.64575110648221,33.548714124509388],[-117.64580471072451,33.548860213431318],[-117.64585195699419,33.549008480682943],[-117.64589275716283,33.549158649701525],[-117.64592703512592,33.549310440376964],[-117.64595103539166,33.549448626963979],[-117.64596913304131,33.54958770974747],[-117.64598129528261,33.54972743671506],[-117.64598750007812,33.549867554687133],[-117.64598773618498,33.550007809775593],[-117.64598200317536,33.550147947843897],[-117.64597031143728,33.550287714967524],[-117.64595268215567,33.550426857894095],[-117.64592914727407,33.550565124502263],[-117.64589974943675,33.550702264258518],[-117.64586454191139,33.55083802867118],[-117.64547337093906,33.552232594271359],[-117.64543552312929,33.552379937956509],[-117.64540431551207,33.552528829537486],[-117.64537981077625,33.552678969925722],[-117.64536205814615,33.552830057524098],[-117.64535327351274,33.552944175307992],[-117.64534839108661,33.553058526522683],[-117.64534741656328,33.553172977772959],[-117.64535608566793,33.554158850600146],[-117.64535480671429,33.554303420385637],[-117.64534850223393,33.554447858303533],[-117.64533717984975,33.5545919897096],[-117.64532085325202,33.554735640330229],[-117.64529954218169,33.554878636473113],[-117.64527242165025,33.555025202502001],[-117.64524015594688,33.555170722426531],[-117.64520278510706,33.555315015684791],[-117.64499133758659,33.556076471660653],[-117.6449460082773,33.55625094656159],[-117.64490686453952,33.556426912481946],[-117.64487395513923,33.556604150200023],[-117.64484732107563,33.556782438909686],[-117.64482699552993,33.556961556495438],[-117.64481300382405,33.557141279809187],[-117.64480536338918,33.557321384948175],[-117.64480408374389,33.557501647533989],[-117.64481328002653,33.558325741064124],[-117.64481342079215,33.558342908067786]]},"properties":{"BASE_THIK":null,"BASE_TYPE":"NS","BIKELANETYPE":"0","DIST":"5","SHLTYPE":"CG","FEDCLS":"LOC","Inactive":"N","KEYNUM":"175360","LANES":"4","YEARMAIN":1469923200000,"LIMITS":"46' S/O CECIL PASTURE RD. TO 277'  W/O SIENNA PKWY.","LASTTYPEMNT":"OL","MEDIANTYPE":"PLNT","GIS_MILES":1.02999997,"MPAHCLS":"L","OBJECTID":3588,"PAVE_THIK":0.5,"PAVE_TYPE":"AC","PAVE_W":"V","PAVE_WFT":42.200000000000003,"ROADNAME":"ONEILL DRIVE","SERVICE_AREA":"LADERA RANCH","TRACTNO":"TR 16203","STATECLS":"M","STATUS":"M","THMSCOR":"E1","THMSPGE":"952","TRACT_ACCEPT_DATE":1153180800000,"Property_ID":"A0848","Current_OM_Inspector":"Nick Nelson","Day_Swept":"1/3 Wed.","Time_Swept":"8am - 12pm","Road_Closed":"0","Charge_Number":"ER19500","STREETLIGHT_INSEPCT_STATUS":"Complete","SECONDARY_ISLAND_INFO":null,"LAFCO_ISLAND_NUMBER":null}},{"type":"Feature","id":3412,"geometry":{"type":"LineString","coordinates":[[-117.6432861707131,33.548115974556175],[-117.64331344233204,33.548173669986738],[-117.64334390350687,33.548229746904767],[-117.64336200076926,33.548259903268594],[-117.64341208303379,33.548344072123371],[-117.64345890991399,33.548430094635698],[-117.64350241290428,33.54851784495861],[-117.64353614282149,33.54859252827351],[-117.64356737723418,33.548668289188917],[-117.64369236096431,33.548986284279692],[-117.64372837243458,33.54908396493979],[-117.6437601309165,33.54918310996576],[-117.64379183679411,33.549301074104164],[-117.64381736480934,33.549420527530501],[-117.64383664586924,33.549541146937536],[-117.64384821101866,33.549646649402526],[-117.64385490950883,33.549752572266115],[-117.64385672715066,33.549858691156885],[-117.64385256575544,33.549984035875823],[-117.64384158310038,33.550108967845567],[-117.64381207440005,33.550336512803028],[-117.64377615698071,33.550563134536432],[-117.64374733262008,33.550720541977867],[-117.64371543675101,33.550877355880061],[-117.64370824824201,33.550910747404352],[-117.64364603797839,33.551196290164746],[-117.64350697396281,33.551834629502423],[-117.6434940992916,33.55189380958975],[-117.64347354357878,33.55199982103877],[-117.64345794885291,33.552106675000687],[-117.6434473489772,33.552214139447308],[-117.64343153058915,33.552424293680147],[-117.64340826850092,33.5527330387402],[-117.64339877185409,33.552859204363799]]},"properties":{"BASE_THIK":null,"BASE_TYPE":"NS","BIKELANETYPE":"0","DIST":"5","SHLTYPE":"CG","FEDCLS":"LOC","Inactive":"N","KEYNUM":"237380","LANES":"2","YEARMAIN":1502928000000,"LIMITS":"46' S/O ETON PL. TO 46' N/O CREIGHTON PL.","LASTTYPEMNT":"SC","MEDIANTYPE":"0","GIS_MILES":0.330000013,"MPAHCLS":"L","OBJECTID":3412,"PAVE_THIK":0.5,"PAVE_TYPE":"","PAVE_W":"","PAVE_WFT":35.899999999999999,"ROADNAME":"UNIVERSITY AVENUE","SERVICE_AREA":"LADERA RANCH","TRACTNO":"TR 16203","STATECLS":"M","STATUS":"M","THMSCOR":"E1","THMSPGE":"952","TRACT_ACCEPT_DATE":1153180800000,"Property_ID":"A1179","Current_OM_Inspector":"Nick Nelson","Day_Swept":"1/3 Wed.","Time_Swept":"8am - 12pm","Road_Closed":"0","Charge_Number":"ER19500","STREETLIGHT_INSEPCT_STATUS":"Complete","SECONDARY_ISLAND_INFO":null,"LAFCO_ISLAND_NUMBER":null}},{"type":"Feature","id":2162,"geometry":{"type":"LineString","coordinates":[[-117.64016956444456,33.55977512954987],[-117.6402089291586,33.559499213992488],[-117.64021420773749,33.559442132001024],[-117.64021378894832,33.559384807994185],[-117.6402076769352,33.559327809218402]]},"properties":{"BASE_THIK":null,"BASE_TYPE":"NS","BIKELANETYPE":"0","DIST":"5","SHLTYPE":"CG","FEDCLS":"LOC","Inactive":"N","KEYNUM":"58250","LANES":"2","YEARMAIN":1502928000000,"LIMITS":"28' S/O ROANOKE DR. TO 166' SOUTH","LASTTYPEMNT":"SC","MEDIANTYPE":"0","GIS_MILES":0.0299999993,"MPAHCLS":"L","OBJECTID":2162,"PAVE_THIK":0.5,"PAVE_TYPE":"AC","PAVE_W":"V","PAVE_WFT":36.100000000000001,"ROADNAME":"CHARDONNAY DRIVE","SERVICE_AREA":"LADERA RANCH","TRACTNO":"TR 16234","STATECLS":"M","STATUS":"M","THMSCOR":"E7","THMSPGE":"922","TRACT_ACCEPT_DATE":1135036800000,"Property_ID":"A1419","Current_OM_Inspector":"Nick Nelson","Day_Swept":"1/3 Tues.","Time_Swept":"12pm - 4pm","Road_Closed":"0","Charge_Number":"ER19500","STREETLIGHT_INSEPCT_STATUS":"Complete","SECONDARY_ISLAND_INFO":null,"LAFCO_ISLAND_NUMBER":null}},{"type":"Feature","id":2320,"geometry":{"type":"LineString","coordinates":[[-117.63845752756505,33.552089113273873],[-117.63870971835985,33.552102978160242],[-117.63895378947468,33.552116395686461],[-117.63907259571019,33.552125428166697],[-117.6391906502201,33.552141541514743],[-117.63930753136478,33.552164678180702],[-117.63942282169538,33.552194755530408],[-117.63953610944472,33.552231666140585],[-117.63964698999798,33.552275278182506],[-117.63975506733783,33.55232543589284],[-117.63985995545877,33.552381960129942],[-117.63996127974583,33.552444649013694],[-117.6400586783125,33.552513278646543],[-117.64013181916634,33.552572432842766],[-117.6402012407204,33.552635910801641],[-117.64026668778173,33.552703479178824],[-117.64032791976757,33.552774889593614],[-117.64038471158975,33.552849879542038],[-117.64043685448209,33.552928173361778],[-117.64048415676783,33.553009483245525],[-117.64063338624867,33.553289942549391],[-117.64080271674621,33.553608159961314],[-117.64084894069236,33.553687769170786],[-117.64089981282564,33.553764491432787],[-117.64095515341188,33.553838055683237],[-117.64101476692969,33.553908202015471],[-117.64107844276111,33.553974682598515],[-117.64114595593585,33.554037262552718],[-117.64121706792602,33.55409572077955],[-117.64129737459496,33.554154908437987],[-117.64138075786668,33.55420967676811],[-117.64146697480565,33.554259866203459],[-117.64155577422052,33.554305330518098],[-117.64164689739593,33.554345937252648]]},"properties":{"BASE_THIK":null,"BASE_TYPE":"NS","BIKELANETYPE":"0","DIST":"5","SHLTYPE":"CG","FEDCLS":"LOC","Inactive":"N","KEYNUM":"77885","LANES":"2","YEARMAIN":1492992000000,"LIMITS":"77' W/O SIENNA PKWY. TO 779' W/O FALABELLA DR.","LASTTYPEMNT":"MM&MS","MEDIANTYPE":"PLNT","GIS_MILES":0.25999999,"MPAHCLS":"L","OBJECTID":2320,"PAVE_THIK":0.5,"PAVE_TYPE":"AC","PAVE_W":"V","PAVE_WFT":57.100000000000001,"ROADNAME":"DORRANCE DRIVE","SERVICE_AREA":"LADERA RANCH","TRACTNO":"TR 16234","STATECLS":"M","STATUS":"M","THMSCOR":"E1","THMSPGE":"952","TRACT_ACCEPT_DATE":1135036800000,"Property_ID":"A1532","Current_OM_Inspector":"Nick Nelson","Day_Swept":"1/3 Wed.","Time_Swept":"5am - 8am","Road_Closed":"0","Charge_Number":"ER19500","STREETLIGHT_INSEPCT_STATUS":"Complete","SECONDARY_ISLAND_INFO":null,"LAFCO_ISLAND_NUMBER":null}},{"type":"Feature","id":2404,"geometry":{"type":"LineString","coordinates":[[-117.63811202799124,33.556031573302548],[-117.63857068623622,33.555746468598691],[-117.63866280211619,33.555686390694589],[-117.63875203045114,33.555622102327497],[-117.63883817894032,33.555553742048716],[-117.6389210619205,33.555481457185159],[-117.63900179527521,33.555404399535774],[-117.63907815863044,33.555323009156304],[-117.63914991981738,33.555237533499302],[-117.6392168606593,33.555148232437858],[-117.63927877763481,33.55505537747549],[-117.6393354824967,33.554959250920724],[-117.6393868028442,33.554860145028748],[-117.63943258264719,33.554758361112874],[-117.63949030456597,33.554617023936501],[-117.63971582807156,33.554064659894209],[-117.63975625581458,33.553981360469109],[-117.63980229996704,33.553901029076428],[-117.63985374380326,33.553824043828861],[-117.63991034518165,33.553750767089092],[-117.6399718376846,33.553681543764206],[-117.64003793187237,33.553616699682209],[-117.64010831664552,33.553556540058416],[-117.6401826607092,33.553501348058802],[-117.64026061413256,33.553451383467191],[-117.64034180999576,33.55340688146245],[-117.64042586611713,33.553368051511548],[-117.64051238685201,33.553335076383604],[-117.64063338624867,33.553289942549391]]},"properties":{"BASE_THIK":null,"BASE_TYPE":"NS","BIKELANETYPE":"0","DIST":"5","SHLTYPE":"CG","FEDCLS":"LOC","Inactive":"N","KEYNUM":"92375","LANES":"2","YEARMAIN":1502928000000,"LIMITS":"DORRANCE DR. TO 107' W/O HANOVERIAN WAY","LASTTYPEMNT":"SC","MEDIANTYPE":"0","GIS_MILES":0.25,"MPAHCLS":"L","OBJECTID":2404,"PAVE_THIK":0.5,"PAVE_TYPE":"AC","PAVE_W":"V","PAVE_WFT":40,"ROADNAME":"FALABELLA DRIVE","SERVICE_AREA":"LADERA RANCH","TRACTNO":"TR 16234","STATECLS":"M","STATUS":"M","THMSCOR":"E1","THMSPGE":"952","TRACT_ACCEPT_DATE":1135036800000,"Property_ID":"A1595","Current_OM_Inspector":"Nick Nelson","Day_Swept":"1/3 Tues.","Time_Swept":"12pm - 4pm","Road_Closed":"0","Charge_Number":"ER19500","STREETLIGHT_INSEPCT_STATUS":"Complete","SECONDARY_ISLAND_INFO":null,"LAFCO_ISLAND_NUMBER":null}},{"type":"Feature","id":3437,"geometry":{"type":"LineString","coordinates":[[-117.63911943887648,33.559831958537544],[-117.63909704067243,33.559765091385422],[-117.6390828162608,33.559696673186501],[-117.63907691136265,33.559627402044889],[-117.63907938461656,33.559557986051821],[-117.63909021280598,33.559489133307927],[-117.63910152377083,33.559422193114422],[-117.63910562778302,33.559372886903674]]},"properties":{"BASE_THIK":null,"BASE_TYPE":"NS","BIKELANETYPE":"0","DIST":"5","SHLTYPE":"CG","FEDCLS":"LOC","Inactive":"N","KEYNUM":"238195","LANES":"2","YEARMAIN":1502928000000,"LIMITS":"28' SE/O ROANOKE DR. TO 197' SOUTH","LASTTYPEMNT":"SC","MEDIANTYPE":"0","GIS_MILES":0.0299999993,"MPAHCLS":"L","OBJECTID":3437,"PAVE_THIK":0.5,"PAVE_TYPE":"AC","PAVE_W":"V","PAVE_WFT":36.200000000000003,"ROADNAME":"VINEYARD DRIVE","SERVICE_AREA":"LADERA RANCH","TRACTNO":"TR 16234","STATECLS":"M","STATUS":"M","THMSCOR":"E7","THMSPGE":"922","TRACT_ACCEPT_DATE":1135036800000,"Property_ID":"A1195","Current_OM_Inspector":"Nick Nelson","Day_Swept":"1/3 Tues.","Time_Swept":"12pm - 4pm","Road_Closed":"0","Charge_Number":"ER19500","STREETLIGHT_INSEPCT_STATUS":"Complete","SECONDARY_ISLAND_INFO":null,"LAFCO_ISLAND_NUMBER":null}},{"type":"Feature","id":2206,"geometry":{"type":"LineString","coordinates":[[-117.64011774229306,33.549592081965528],[-117.64013771429818,33.549650986165517],[-117.64016097208354,33.549708672049277],[-117.64018744181837,33.549764956495643],[-117.64020291544136,33.549794604268868],[-117.64033234370669,33.550033755875631],[-117.64063026498934,33.550584209337352],[-117.64066292013725,33.550648271575113],[-117.64069230200893,33.55071389957682],[-117.64072497165149,33.550799889840576],[-117.64075172275658,33.550887901256779],[-117.64077243166642,33.550977526990025],[-117.64078700265344,33.551068352742668],[-117.64079528358818,33.5511622055351],[-117.64079682852304,33.551256410278626],[-117.64079162953965,33.551350484138439],[-117.64077971328474,33.551443944950528],[-117.64076114083365,33.551536313693006],[-117.64073829775741,33.551619758729629],[-117.64071040742229,33.551701655063347],[-117.64067757369045,33.5517816977165],[-117.640639918833,33.55185958861442],[-117.64059758307464,33.551935037695486],[-117.64055072407153,33.552007763991256],[-117.64049487283089,33.552084280418477],[-117.64043463571862,33.55215739413142],[-117.6403702195701,33.552226854080494],[-117.64030184557021,33.552292421761976],[-117.6400586783125,33.552513278646543]]},"properties":{"BASE_THIK":null,"BASE_TYPE":"","BIKELANETYPE":"0","DIST":"5","SHLTYPE":"CG","FEDCLS":"LOC","Inactive":"N","KEYNUM":"62850","LANES":"2","YEARMAIN":1502928000000,"LIMITS":"52' SW/O DORRANCE DR. TO 69' N/O BRYANT CT.","LASTTYPEMNT":"SC","MEDIANTYPE":"0","GIS_MILES":0.219999999,"MPAHCLS":"L","OBJECTID":2206,"PAVE_THIK":null,"PAVE_TYPE":"","PAVE_W":"V","PAVE_WFT":41.100000000000001,"ROADNAME":"CLYDESDALE DRIVE","SERVICE_AREA":"LADERA RANCH","TRACTNO":"TR 16235","STATECLS":"M","STATUS":"M","THMSCOR":"E1","THMSPGE":"952","TRACT_ACCEPT_DATE":1135036800000,"Property_ID":"A1452","Current_OM_Inspector":"Nick Nelson","Day_Swept":"1/3 Wed.","Time_Swept":"8am - 12pm","Road_Closed":"0","Charge_Number":"ER19500","STREETLIGHT_INSEPCT_STATUS":"Complete","SECONDARY_ISLAND_INFO":null,"LAFCO_ISLAND_NUMBER":null}},{"type":"Feature","id":2968,"geometry":{"type":"LineString","coordinates":[[-117.64064919848941,33.545091918408588],[-117.64082760435657,33.545113956351202],[-117.64100098945792,33.545138208839276],[-117.64117349459906,33.545168084461999],[-117.64134493746278,33.545203551644427]]},"properties":{"BASE_THIK":null,"BASE_TYPE":"NS","BIKELANETYPE":"0","DIST":"5","SHLTYPE":"CG","FEDCLS":"LOC","Inactive":"N","KEYNUM":"175380","LANES":"2","YEARMAIN":1469923200000,"LIMITS":"277' W/ TO 61' W/O SIENNA PKWY.","LASTTYPEMNT":"OL","MEDIANTYPE":"PLNT","GIS_MILES":0.0399999991,"MPAHCLS":"L","OBJECTID":2968,"PAVE_THIK":0.84999999999999998,"PAVE_TYPE":"AC","PAVE_W":"V","PAVE_WFT":42.200000000000003,"ROADNAME":"ONEILL DRIVE","SERVICE_AREA":"LADERA RANCH","TRACTNO":"TR 16235","STATECLS":"M","STATUS":"M","THMSCOR":"E1","THMSPGE":"952","TRACT_ACCEPT_DATE":1135036800000,"Property_ID":"A0848","Current_OM_Inspector":"Nick Nelson","Day_Swept":"1/3 Wed.","Time_Swept":"5am - 8am","Road_Closed":"0","Charge_Number":"ER19500","STREETLIGHT_INSEPCT_STATUS":"Complete","SECONDARY_ISLAND_INFO":null,"LAFCO_ISLAND_NUMBER":null}},{"type":"Feature","id":3247,"geometry":{"type":"LineString","coordinates":[[-117.640481778329,33.544893449115122],[-117.64051720293813,33.544692258152097]]},"properties":{"BASE_THIK":null,"BASE_TYPE":"","BIKELANETYPE":"0","DIST":"5","SHLTYPE":"WC","FEDCLS":"LOC","Inactive":"N","KEYNUM":"217692","LANES":"1","YEARMAIN":1600300800000,"LIMITS":"64' S  TO 138' S/O O'NEILL DR.","LASTTYPEMNT":"OL","MEDIANTYPE":"PLNT","GIS_MILES":0.00999999978,"MPAHCLS":"L","OBJECTID":3247,"PAVE_THIK":null,"PAVE_TYPE":"","PAVE_W":"V","PAVE_WFT":35.899999999999999,"ROADNAME":"SIENNA PARKWAY","SERVICE_AREA":"LADERA RANCH","TRACTNO":"TR 16235","STATECLS":"M","STATUS":"M","THMSCOR":"E1","THMSPGE":"952","TRACT_ACCEPT_DATE":1135036800000,"Property_ID":"A1049","Current_OM_Inspector":"Nick Nelson","Day_Swept":"1/3 Wed.","Time_Swept":"5am - 8am","Road_Closed":"0","Charge_Number":"ER19500","STREETLIGHT_INSEPCT_STATUS":"Complete","SECONDARY_ISLAND_INFO":null,"LAFCO_ISLAND_NUMBER":null}},{"type":"Feature","id":2323,"geometry":{"type":"LineString","coordinates":[[-117.64056830210818,33.557793516834792],[-117.64066432038511,33.557861324776106],[-117.64076381749729,33.557923916717108],[-117.64086651038713,33.557981114591094],[-117.64097210690542,33.55803275567682],[-117.64108030664249,33.558078693061475],[-117.64119214883284,33.558119663324597],[-117.64130584237689,33.558155174112308],[-117.64142112094929,33.558185142241136],[-117.64153771451181,33.558209497511214],[-117.64165534994586,33.5582281828707],[-117.64177375169227,33.558241154549428],[-117.6418539336988,33.558246836951447],[-117.64193425575407,33.558249969250738],[-117.64238905672869,33.558260605321628],[-117.64241702845831,33.558263066233678],[-117.64244435587025,33.558269522726732],[-117.64247047126281,33.558279840673137],[-117.64249483211285,33.558293805727075]]},"properties":{"BASE_THIK":null,"BASE_TYPE":"NS","BIKELANETYPE":"0","DIST":"5","SHLTYPE":"CG","FEDCLS":"LOC","Inactive":"N","KEYNUM":"77996","LANES":"2","YEARMAIN":1502928000000,"LIMITS":"PARLIAMENT PL. TO 188' SW/O TUDOR WAY","LASTTYPEMNT":"SC","MEDIANTYPE":"0","GIS_MILES":0.119999997,"MPAHCLS":"L","OBJECTID":2323,"PAVE_THIK":0.55000000000000004,"PAVE_TYPE":"AC","PAVE_W":"","PAVE_WFT":36.299999999999997,"ROADNAME":"DOWNING STREET","SERVICE_AREA":"LADERA RANCH","TRACTNO":"TR 16236","STATECLS":"M","STATUS":"M","THMSCOR":"E7","THMSPGE":"922","TRACT_ACCEPT_DATE":1099958400000,"Property_ID":"A1534","Current_OM_Inspector":"Nick Nelson","Day_Swept":"1/3 Tues.","Time_Swept":"12pm - 4pm","Road_Closed":"0","Charge_Number":"ER19500","STREETLIGHT_INSEPCT_STATUS":"Complete","SECONDARY_ISLAND_INFO":null,"LAFCO_ISLAND_NUMBER":null}},{"type":"Feature","id":2656,"geometry":{"type":"LineString","coordinates":[[-117.6416882369148,33.559454052691351],[-117.64170807497882,33.559442491729335],[-117.64172585067682,33.559427958003482],[-117.6417411226319,33.559410812391377],[-117.64175351163597,33.559391480624654],[-117.64176271006566,33.55937044271797],[-117.6417684895207,33.55934822105003],[-117.64179543669658,33.559162649012812],[-117.64180347558909,33.559092050292968],[-117.64180714835045,33.5590210903475],[-117.64180644101826,33.558950038938519],[-117.64180135628152,33.558879166175849],[-117.6417686419646,33.558561044865755],[-117.64176348803406,33.55847855031962],[-117.64176489313411,33.558395906875617],[-117.64177375169227,33.558241154549428]]},"properties":{"BASE_THIK":null,"BASE_TYPE":"NS","BIKELANETYPE":"0","DIST":"5","SHLTYPE":"CG","FEDCLS":"LOC","Inactive":"N","KEYNUM":"126185","LANES":"2","YEARMAIN":1502928000000,"LIMITS":"DOWNING ST. TO REGENTS PARK","LASTTYPEMNT":"SC","MEDIANTYPE":"0","GIS_MILES":0.0900000036,"MPAHCLS":"L","OBJECTID":2656,"PAVE_THIK":0.55000000000000004,"PAVE_TYPE":"AC","PAVE_W":"","PAVE_WFT":36.299999999999997,"ROADNAME":"KINGSWAY DRIVE","SERVICE_AREA":"LADERA RANCH","TRACTNO":"TR 16236","STATECLS":"M","STATUS":"M","THMSCOR":"E7","THMSPGE":"922","TRACT_ACCEPT_DATE":1099958400000,"Property_ID":"A0626","Current_OM_Inspector":"Nick Nelson","Day_Swept":"1/3 Tues.","Time_Swept":"12pm - 4pm","Road_Closed":"0","Charge_Number":"ER19500","STREETLIGHT_INSEPCT_STATUS":"Complete","SECONDARY_ISLAND_INFO":null,"LAFCO_ISLAND_NUMBER":null}},{"type":"Feature","id":3020,"geometry":{"type":"LineString","coordinates":[[-117.64249483211285,33.558293805727075],[-117.64251131829677,33.558306109528381],[-117.64252576058361,33.55832075869688],[-117.64253782867191,33.558337418199621],[-117.64254724655916,33.558355707026443],[-117.64255379885415,33.558375206903804],[-117.64255733570299,33.558395471860933],[-117.64255777621638,33.558416038429307],[-117.64255484158396,33.558452240672125],[-117.64255329073005,33.558505981003115],[-117.64255730922794,33.558559593315117],[-117.64265863182808,33.559354815127591]]},"properties":{"BASE_THIK":null,"BASE_TYPE":"NS","BIKELANETYPE":"0","DIST":"5","SHLTYPE":"CG","FEDCLS":"LOC","Inactive":"N","KEYNUM":"184600","LANES":"2","YEARMAIN":1502928000000,"LIMITS":"DOWNING ST. TO END","LASTTYPEMNT":"SC","MEDIANTYPE":"0","GIS_MILES":0.0700000003,"MPAHCLS":"L","OBJECTID":3020,"PAVE_THIK":0.55000000000000004,"PAVE_TYPE":"AC","PAVE_W":"","PAVE_WFT":36.5,"ROADNAME":"PARLIAMENT PLACE","SERVICE_AREA":"LADERA RANCH","TRACTNO":"TR 16236","STATECLS":"M","STATUS":"M","THMSCOR":"E7","THMSPGE":"922","TRACT_ACCEPT_DATE":1099958400000,"Property_ID":"A0887","Current_OM_Inspector":"Nick Nelson","Day_Swept":"1/3 Tues.","Time_Swept":"12pm - 4pm","Road_Closed":"0","Charge_Number":"ER19500","STREETLIGHT_INSEPCT_STATUS":"Complete","SECONDARY_ISLAND_INFO":null,"LAFCO_ISLAND_NUMBER":null}},{"type":"Feature","id":3105,"geometry":{"type":"LineString","coordinates":[[-117.6402076769352,33.559327809218402],[-117.64027305065204,33.559322516846166],[-117.64033858870242,33.559319968119105],[-117.64044436660573,33.559321629409226],[-117.64054978880303,33.559330454659033],[-117.64065437066385,33.559346403298463],[-117.64095765936214,33.559403399131455],[-117.64119176835919,33.559447369105513],[-117.64127786042006,33.559461038561949],[-117.6413645829777,33.559469864375103],[-117.64145166374045,33.559473818833673],[-117.64159214258696,33.559476289687659],[-117.64162526269239,33.559474257219748],[-117.64165759080977,33.559466776234729],[-117.6416882369148,33.559454052691351]]},"properties":{"BASE_THIK":null,"BASE_TYPE":"NS","BIKELANETYPE":"0","DIST":"5","SHLTYPE":"CG","FEDCLS":"LOC","Inactive":"N","KEYNUM":"198400","LANES":"2","YEARMAIN":1475280000000,"LIMITS":"40' W/O CHARDONNAY DR. TO KINGSWAY DR.","LASTTYPEMNT":"SS","MEDIANTYPE":"0","GIS_MILES":0.0900000036,"MPAHCLS":"L","OBJECTID":3105,"PAVE_THIK":0.59999999999999998,"PAVE_TYPE":"AC","PAVE_W":"","PAVE_WFT":36.200000000000003,"ROADNAME":"REGENTS PARK","SERVICE_AREA":"LADERA RANCH","TRACTNO":"TR 16236","STATECLS":"M","STATUS":"M","THMSCOR":"E7","THMSPGE":"922","TRACT_ACCEPT_DATE":1099958400000,"Property_ID":"A0950","Current_OM_Inspector":"Nick Nelson","Day_Swept":"1/3 Tues.","Time_Swept":"12pm - 4pm","Road_Closed":"0","Charge_Number":"ER19500","STREETLIGHT_INSEPCT_STATUS":"Complete","SECONDARY_ISLAND_INFO":null,"LAFCO_ISLAND_NUMBER":null}},{"type":"Feature","id":3408,"geometry":{"type":"LineString","coordinates":[[-117.64108030664249,33.558078693061475],[-117.64103130489208,33.558211466395981],[-117.64100989558108,33.558277517259675],[-117.64099418252097,33.558345149906636],[-117.64098427962011,33.55841387404903],[-117.64098025866737,33.558483191486459],[-117.64098214881176,33.558552599717579],[-117.64100981736954,33.5589416042259],[-117.64101207344277,33.559014058267799],[-117.64100854477321,33.559086461489727],[-117.64099925383415,33.559158352772272],[-117.64095765936214,33.559403399131455]]},"properties":{"BASE_THIK":null,"BASE_TYPE":"NS","BIKELANETYPE":"0","DIST":"5","SHLTYPE":"CG","FEDCLS":"LOC","Inactive":"N","KEYNUM":"237196","LANES":"2","YEARMAIN":1475280000000,"LIMITS":"DOWNING ST. TO REGENTS PARK","LASTTYPEMNT":"SS","MEDIANTYPE":"0","GIS_MILES":0.0900000036,"MPAHCLS":"L","OBJECTID":3408,"PAVE_THIK":0.55000000000000004,"PAVE_TYPE":"AC","PAVE_W":"","PAVE_WFT":36.299999999999997,"ROADNAME":"TUDOR WAY","SERVICE_AREA":"LADERA RANCH","TRACTNO":"TR 16236","STATECLS":"M","STATUS":"M","THMSCOR":"E7","THMSPGE":"922","TRACT_ACCEPT_DATE":1099958400000,"Property_ID":"A1176","Current_OM_Inspector":"Nick Nelson","Day_Swept":"1/3 Tues.","Time_Swept":"12pm - 4pm","Road_Closed":"0","Charge_Number":"ER19500","STREETLIGHT_INSEPCT_STATUS":"Complete","SECONDARY_ISLAND_INFO":null,"LAFCO_ISLAND_NUMBER":null}},{"type":"Feature","id":2161,"geometry":{"type":"LineString","coordinates":[[-117.6402076769352,33.559327809218402],[-117.64019959110222,33.559286431423736],[-117.64018857712534,33.559245735049203],[-117.64017303971848,33.559188309778172],[-117.64016173090297,33.559129904440596],[-117.64015471088537,33.559070829978111],[-117.6401520170392,33.559011400894676],[-117.64014649857617,33.55832891991512],[-117.64014728973993,33.558289938248663],[-117.64015401475122,33.558225066783834],[-117.640166372219,33.55816102909403],[-117.64018426795664,33.558098313264288],[-117.64020756556567,33.558037397304652],[-117.64023608747546,33.55797874550683],[-117.64026961629655,33.557922804905452],[-117.64030789647762,33.55787000187086],[-117.64035063625326,33.557820738859334],[-117.64045602249347,33.557705998037996]]},"properties":{"BASE_THIK":null,"BASE_TYPE":"NS","BIKELANETYPE":"0","DIST":"5","SHLTYPE":"CG","FEDCLS":"LOC","Inactive":"N","KEYNUM":"58200","LANES":"2","YEARMAIN":1502928000000,"LIMITS":"194' S/O ROANOKE DR. TO DOWNING ST.","LASTTYPEMNT":"SC","MEDIANTYPE":"0","GIS_MILES":0.119999997,"MPAHCLS":"L","OBJECTID":2161,"PAVE_THIK":0.5,"PAVE_TYPE":"AC","PAVE_W":"","PAVE_WFT":35.899999999999999,"ROADNAME":"CHARDONNAY DRIVE","SERVICE_AREA":"LADERA RANCH","TRACTNO":"TR 16237","STATECLS":"M","STATUS":"M","THMSCOR":"E7","THMSPGE":"922","TRACT_ACCEPT_DATE":1156204800000,"Property_ID":"A1419","Current_OM_Inspector":"Nick Nelson","Day_Swept":"1/3 Tues.","Time_Swept":"12pm - 4pm","Road_Closed":"0","Charge_Number":"ER19500","STREETLIGHT_INSEPCT_STATUS":"Complete","SECONDARY_ISLAND_INFO":null,"LAFCO_ISLAND_NUMBER":null}},{"type":"Feature","id":2322,"geometry":{"type":"LineString","coordinates":[[-117.64056830210818,33.557793516834792],[-117.64053517385653,33.55776808069848],[-117.64045602249347,33.557705998037996],[-117.64006139891971,33.557396506410626],[-117.64003594333464,33.557380372731743],[-117.64000834735558,33.557368258923724],[-117.63997924113728,33.557360441605638],[-117.63994928932088,33.557357099286101],[-117.63991917585675,33.557358308287057],[-117.63988958838648,33.557364041000945],[-117.63919835698044,33.557548642617128],[-117.63913265073272,33.557568297535013],[-117.63906833169688,33.557592102753205],[-117.63900566172777,33.557619961356174],[-117.63894489596666,33.557651759926308],[-117.6384974923383,33.557905783674698],[-117.63837514187134,33.557975259415784]]},"properties":{"BASE_THIK":null,"BASE_TYPE":"NS","BIKELANETYPE":"0","DIST":"5","SHLTYPE":"CG","FEDCLS":"LOC","Inactive":"N","KEYNUM":"77950","LANES":"2","YEARMAIN":1502928000000,"LIMITS":"46' NW/ CHARDONNAY DR. TO 45' NE/O VINEYARD DR.","LASTTYPEMNT":"SC","MEDIANTYPE":"0","GIS_MILES":0.150000006,"MPAHCLS":"L","OBJECTID":2322,"PAVE_THIK":0.5,"PAVE_TYPE":"AC","PAVE_W":"","PAVE_WFT":36,"ROADNAME":"DOWNING STREET","SERVICE_AREA":"LADERA RANCH","TRACTNO":"TR 16237","STATECLS":"M","STATUS":"M","THMSCOR":"E7","THMSPGE":"922","TRACT_ACCEPT_DATE":1156204800000,"Property_ID":"A1534","Current_OM_Inspector":"Nick Nelson","Day_Swept":"1/3 Tues.","Time_Swept":"12pm - 4pm","Road_Closed":"0","Charge_Number":"ER19500","STREETLIGHT_INSEPCT_STATUS":"Complete","SECONDARY_ISLAND_INFO":null,"LAFCO_ISLAND_NUMBER":null}},{"type":"Feature","id":3208,"geometry":{"type":"LineString","coordinates":[[-117.63893569808472,33.558573572072248],[-117.63908730001181,33.558513794584002],[-117.63923664598353,33.558448585128211],[-117.6393835414443,33.558378028654374],[-117.63945586403753,33.558345903612746],[-117.63953059685944,33.558319873224399],[-117.63960722732965,33.558300116027574],[-117.63968522985205,33.558286767533716],[-117.63976406941988,33.558279919298002],[-117.63984320528523,33.558279618291373],[-117.64014728973993,33.558289938248663]]},"properties":{"BASE_THIK":null,"BASE_TYPE":"NS","BIKELANETYPE":"0","DIST":"5","SHLTYPE":"CG","FEDCLS":"LOC","Inactive":"N","KEYNUM":"211925","LANES":"2","YEARMAIN":1502928000000,"LIMITS":"CHARDONNAY DR. TO VINEYARD DR.","LASTTYPEMNT":"SC","MEDIANTYPE":"0","GIS_MILES":0.0700000003,"MPAHCLS":"L","OBJECTID":3208,"PAVE_THIK":0.5,"PAVE_TYPE":"AC","PAVE_W":"","PAVE_WFT":28.100000000000001,"ROADNAME":"SAUVIGNON DRIVE","SERVICE_AREA":"LADERA RANCH","TRACTNO":"TR 16237","STATECLS":"M","STATUS":"M","THMSCOR":"E7","THMSPGE":"922","TRACT_ACCEPT_DATE":1156204800000,"Property_ID":"A1024","Current_OM_Inspector":"Nick Nelson","Day_Swept":"1/3 Tues.","Time_Swept":"12pm - 4pm","Road_Closed":"0","Charge_Number":"ER19500","STREETLIGHT_INSEPCT_STATUS":"Complete","SECONDARY_ISLAND_INFO":null,"LAFCO_ISLAND_NUMBER":null}},{"type":"Feature","id":3438,"geometry":{"type":"LineString","coordinates":[[-117.6384974923383,33.557905783674698],[-117.63882396831625,33.558353845024357],[-117.63885899705903,33.558406075479091],[-117.63888939727664,33.558460299830088],[-117.63891501037028,33.558516230400457],[-117.63893569808472,33.558573572072248],[-117.6389474597879,33.558615437150458],[-117.63908579725674,33.559172482071453],[-117.63909715765213,33.559227561663882]]},"properties":{"BASE_THIK":null,"BASE_TYPE":"NS","BIKELANETYPE":"0","DIST":"5","SHLTYPE":"CG","FEDCLS":"LOC","Inactive":"N","KEYNUM":"238200","LANES":"2","YEARMAIN":1502928000000,"LIMITS":"DOWNING LN. TO 71' S/O CALDWELL LN.","LASTTYPEMNT":"SC","MEDIANTYPE":"0","GIS_MILES":0.100000001,"MPAHCLS":"L","OBJECTID":3438,"PAVE_THIK":0.5,"PAVE_TYPE":"AC","PAVE_W":"","PAVE_WFT":35.899999999999999,"ROADNAME":"VINEYARD DRIVE","SERVICE_AREA":"LADERA RANCH","TRACTNO":"TR 16237","STATECLS":"M","STATUS":"M","THMSCOR":"E7","THMSPGE":"922","TRACT_ACCEPT_DATE":1156204800000,"Property_ID":"A1195","Current_OM_Inspector":"Nick Nelson","Day_Swept":"1/3 Tues.","Time_Swept":"12pm - 4pm","Road_Closed":"0","Charge_Number":"ER19500","STREETLIGHT_INSEPCT_STATUS":"Complete","SECONDARY_ISLAND_INFO":null,"LAFCO_ISLAND_NUMBER":null}},{"type":"Feature","id":2095,"geometry":{"type":"LineString","coordinates":[[-117.63910152377083,33.559422193114422],[-117.63902523167994,33.559418270842272],[-117.63894885733067,33.559419951950453],[-117.63887281171741,33.559427227392391],[-117.63879750406552,33.559440058016655],[-117.63872333962917,33.559458374777606],[-117.63865071751052,33.559482079107006],[-117.638580028512,33.559511043444395],[-117.63851165303336,33.559545111923569],[-117.63844966176913,33.559576885757167],[-117.63838575214997,33.559604599542922],[-117.63832018974622,33.559628138118846],[-117.6382532469962,33.559647403672628],[-117.63818240098529,33.559663090577509],[-117.63811071173728,33.55967431055825],[-117.63803846061082,33.559681019579827],[-117.63732511424595,33.559725109933183]]},"properties":{"BASE_THIK":null,"BASE_TYPE":"NS","BIKELANETYPE":"0","DIST":"5","SHLTYPE":"CG","FEDCLS":"LOC","Inactive":"N","KEYNUM":"42930","LANES":"2","YEARMAIN":1502928000000,"LIMITS":"FALKNER DR. TO 46' E/O VINEYARD DR.","LASTTYPEMNT":"SC","MEDIANTYPE":"0","GIS_MILES":0.109999999,"MPAHCLS":"L","OBJECTID":2095,"PAVE_THIK":0.55000000000000004,"PAVE_TYPE":"AC","PAVE_W":"","PAVE_WFT":36.200000000000003,"ROADNAME":"CALDWELL LANE","SERVICE_AREA":"LADERA RANCH","TRACTNO":"TR 16238","STATECLS":"M","STATUS":"M","THMSCOR":"F7","THMSPGE":"922","TRACT_ACCEPT_DATE":1131408000000,"Property_ID":"A1368","Current_OM_Inspector":"Nick Nelson","Day_Swept":"1/3 Tues.","Time_Swept":"12pm - 4pm","Road_Closed":"0","Charge_Number":"ER19500","STREETLIGHT_INSEPCT_STATUS":"Complete","SECONDARY_ISLAND_INFO":null,"LAFCO_ISLAND_NUMBER":null}},{"type":"Feature","id":3585,"geometry":{"type":"LineString","coordinates":[[-117.63837514187134,33.557975259415784],[-117.6380179103428,33.558178111179345],[-117.63793979447894,33.558220393028883],[-117.63786007986847,33.558259577513873],[-117.63777888926482,33.55829560429369],[-117.63768155561317,33.558334020999645],[-117.63758263161574,33.558368134424732],[-117.63748230742374,33.558397878996296],[-117.63724013745215,33.558464038412225],[-117.63721620631358,33.558471966492782],[-117.63719371785193,33.558483360480096],[-117.63717317076369,33.55849796770498],[-117.63715502069408,33.558515464242575],[-117.6371396701329,33.558535462095605]]},"properties":{"BASE_THIK":null,"BASE_TYPE":"NS","BIKELANETYPE":"0","DIST":"5","SHLTYPE":"CG","FEDCLS":"LOC","Inactive":"N","KEYNUM":"77995","LANES":"2","YEARMAIN":1502928000000,"LIMITS":"216' W/O MARKHAM LN. TO FALKNER DR.","LASTTYPEMNT":"SC","MEDIANTYPE":"0","GIS_MILES":0.0799999982,"MPAHCLS":"L","OBJECTID":3585,"PAVE_THIK":0.5,"PAVE_TYPE":"AC","PAVE_W":"","PAVE_WFT":36.100000000000001,"ROADNAME":"DOWNING STREET","SERVICE_AREA":"LADERA RANCH","TRACTNO":"TR 16238","STATECLS":"M","STATUS":"M","THMSCOR":"F7","THMSPGE":"922","TRACT_ACCEPT_DATE":1131408000000,"Property_ID":"A1534","Current_OM_Inspector":"Nick Nelson","Day_Swept":"1/3 Tues.","Time_Swept":"12pm - 4pm","Road_Closed":"0","Charge_Number":"ER19500","STREETLIGHT_INSEPCT_STATUS":"Complete","SECONDARY_ISLAND_INFO":null,"LAFCO_ISLAND_NUMBER":null}},{"type":"Feature","id":2406,"geometry":{"type":"LineString","coordinates":[[-117.6371396701329,33.558535462095605],[-117.63713130021745,33.558550998684709],[-117.63712519277446,33.558567555865203],[-117.63712146861083,33.558584806131606],[-117.63712020139151,33.558602408268996],[-117.63712141618242,33.558620014102367],[-117.63717603815908,33.558997808342617],[-117.63718514271723,33.559051820380262],[-117.63719678689301,33.559105342397778],[-117.63727588127422,33.559432402454227],[-117.63729689224664,33.559529160644409],[-117.63731331542627,33.559626802272319],[-117.63732511424595,33.559725109933183],[-117.63733055728031,33.559793591310076],[-117.63733372763038,33.55986221546388],[-117.63734727717888,33.560322286442577],[-117.63735052484057,33.560344440622785],[-117.63735717281592,33.56036582190972],[-117.63736705986977,33.560385911737328],[-117.63737994620881,33.560404222861642],[-117.63739551929717,33.560420311178085],[-117.6374134014366,33.560433786492418],[-117.63743315892681,33.560444321984249],[-117.63779923407432,33.560624153031789],[-117.63783245805989,33.560576743281594]]},"properties":{"BASE_THIK":null,"BASE_TYPE":"NS","BIKELANETYPE":"0","DIST":"5","SHLTYPE":"CG","FEDCLS":"LOC","Inactive":"N","KEYNUM":"92380","LANES":"2","YEARMAIN":1502928000000,"LIMITS":"DOWNING ST. TO END","LASTTYPEMNT":"SC","MEDIANTYPE":"0","GIS_MILES":0.159999996,"MPAHCLS":"L","OBJECTID":2406,"PAVE_THIK":0.5,"PAVE_TYPE":"AC","PAVE_W":"","PAVE_WFT":36.200000000000003,"ROADNAME":"FALKNER DRIVE","SERVICE_AREA":"LADERA RANCH","TRACTNO":"TR 16238","STATECLS":"M","STATUS":"M","THMSCOR":"F7","THMSPGE":"922","TRACT_ACCEPT_DATE":1131408000000,"Property_ID":"A1596","Current_OM_Inspector":"Nick Nelson","Day_Swept":"1/3 Tues.","Time_Swept":"12pm - 4pm","Road_Closed":"0","Charge_Number":"ER19500","STREETLIGHT_INSEPCT_STATUS":"Complete","SECONDARY_ISLAND_INFO":null,"LAFCO_ISLAND_NUMBER":null}},{"type":"Feature","id":2819,"geometry":{"type":"LineString","coordinates":[[-117.63777888926482,33.55829560429369],[-117.63801409006078,33.558674848281818],[-117.63804075571052,33.5587220158665],[-117.63806315929926,33.55877135061219],[-117.63808112636735,33.558822468342832],[-117.63809451700288,33.558874970998012],[-117.6382532469962,33.559647403672628]]},"properties":{"BASE_THIK":null,"BASE_TYPE":"NS","BIKELANETYPE":"0","DIST":"5","SHLTYPE":"CG","FEDCLS":"LOC","Inactive":"N","KEYNUM":"153050","LANES":"2","YEARMAIN":1475280000000,"LIMITS":"DOWNING ST. TO CALDWELL LN.","LASTTYPEMNT":"SS","MEDIANTYPE":"0","GIS_MILES":0.100000001,"MPAHCLS":"L","OBJECTID":2819,"PAVE_THIK":0.5,"PAVE_TYPE":"AC","PAVE_W":"","PAVE_WFT":36.100000000000001,"ROADNAME":"MARKHAM LANE","SERVICE_AREA":"LADERA RANCH","TRACTNO":"TR 16238","STATECLS":"M","STATUS":"M","THMSCOR":"F7","THMSPGE":"922","TRACT_ACCEPT_DATE":1131408000000,"Property_ID":"A0736","Current_OM_Inspector":"Nick Nelson","Day_Swept":"1/3 Tues.","Time_Swept":"12pm - 4pm","Road_Closed":"0","Charge_Number":"ER19500","STREETLIGHT_INSEPCT_STATUS":"Complete","SECONDARY_ISLAND_INFO":null,"LAFCO_ISLAND_NUMBER":null}},{"type":"Feature","id":1950,"geometry":{"type":"LineString","coordinates":[[-117.63872684454654,33.556272725851912],[-117.63872453430997,33.556291527651453],[-117.63872509268741,33.556310462621049],[-117.63872850684668,33.556329095612639],[-117.63873469832635,33.556346998417965],[-117.63874352483887,33.556363759609319],[-117.63889787783917,33.556615525305546],[-117.63891795458666,33.556639701344452],[-117.63894180240852,33.556660166877414],[-117.63896874542124,33.556676341880149],[-117.63899802001886,33.556687767928494],[-117.63902879651484,33.556694121190873],[-117.63906020265648,33.556695221606184],[-117.63909134834603,33.55669103798698],[-117.63932960599229,33.556645531633244],[-117.63945604921467,33.556618320451683],[-117.63958105858526,33.556585139219791],[-117.63970435239455,33.556546062711739],[-117.63979510297852,33.55651666551887],[-117.63988677096448,33.556490267719916],[-117.64014584887551,33.556420588785656],[-117.64016470927153,33.556415513508135],[-117.64023791842172,33.556393412641377],[-117.64030874011267,33.556364562752741],[-117.64037655369771,33.556329216668537],[-117.64044076489172,33.556287684144564],[-117.64050081097919,33.556240329151564],[-117.64055616574559,33.556187566685537],[-117.64060634408878,33.556129859130941],[-117.64072469415486,33.55597396522181],[-117.6410673836581,33.555522454166955],[-117.64101197769428,33.555492974865921]]},"properties":{"BASE_THIK":null,"BASE_TYPE":"NS","BIKELANETYPE":"0","DIST":"5","SHLTYPE":"CG","FEDCLS":"LOC","Inactive":"N","KEYNUM":"21950","LANES":"2","YEARMAIN":1502928000000,"LIMITS":"MARSTON LN. TO END","LASTTYPEMNT":"SC","MEDIANTYPE":"0","GIS_MILES":0.189999998,"MPAHCLS":"L","OBJECTID":1950,"PAVE_THIK":0.45000000000000001,"PAVE_TYPE":"AC","PAVE_W":"V","PAVE_WFT":36,"ROADNAME":"BAINBRIDGE AVENUE","SERVICE_AREA":"LADERA RANCH","TRACTNO":"TR 16240","STATECLS":"M","STATUS":"M","THMSCOR":"E1","THMSPGE":"952","TRACT_ACCEPT_DATE":1098144000000,"Property_ID":"A1057","Current_OM_Inspector":"Nick Nelson","Day_Swept":"1/3 Tues.","Time_Swept":"12pm - 4pm","Road_Closed":"0","Charge_Number":"ER19500","STREETLIGHT_INSEPCT_STATUS":"Complete","SECONDARY_ISLAND_INFO":null,"LAFCO_ISLAND_NUMBER":null}},{"type":"Feature","id":2822,"geometry":{"type":"LineString","coordinates":[[-117.63957854484873,33.555495131091959],[-117.63930859928405,33.555764708730322],[-117.63929343931922,33.555779853481781],[-117.63920671572752,33.555864729710308],[-117.63915342401,33.555913370509018],[-117.63909792863367,33.555959481219944],[-117.63904034960326,33.556002962131998],[-117.63878489481655,33.556186822600246],[-117.63876836881164,33.556200113263237],[-117.63875400833648,33.556215718624941],[-117.63874213420156,33.556233290064306],[-117.63873301167301,33.556252435038424],[-117.63872684454654,33.556272725851912]]},"properties":{"BASE_THIK":null,"BASE_TYPE":"NS","BIKELANETYPE":"0","DIST":"5","SHLTYPE":"CG","FEDCLS":"LOC","Inactive":"N","KEYNUM":"153175","LANES":"2","YEARMAIN":1502928000000,"LIMITS":"BAINBRIDGE AVE. TO WHIDBEY DR.","LASTTYPEMNT":"SC","MEDIANTYPE":"0","GIS_MILES":0.0700000003,"MPAHCLS":"L","OBJECTID":2822,"PAVE_THIK":0.5,"PAVE_TYPE":"AC","PAVE_W":"V","PAVE_WFT":36,"ROADNAME":"MARSTON LANE","SERVICE_AREA":"LADERA RANCH","TRACTNO":"TR 16240","STATECLS":"M","STATUS":"M","THMSCOR":"E1","THMSPGE":"952","TRACT_ACCEPT_DATE":1098144000000,"Property_ID":"A0739","Current_OM_Inspector":"Nick Nelson","Day_Swept":"1/3 Tues.","Time_Swept":"12pm - 4pm","Road_Closed":"0","Charge_Number":"ER19500","STREETLIGHT_INSEPCT_STATUS":"Complete","SECONDARY_ISLAND_INFO":null,"LAFCO_ISLAND_NUMBER":null}},{"type":"Feature","id":3143,"geometry":{"type":"LineString","coordinates":[[-117.63968885933733,33.556111050957135],[-117.63972422857114,33.556064751936255],[-117.6399189805194,33.556169029847865],[-117.63996874528723,33.556198253621204],[-117.64001456999277,33.556233334348228],[-117.64005576905983,33.556273747191725],[-117.64009172611568,33.556318887541529],[-117.6401219032125,33.556368080060004],[-117.64014584887551,33.556420588785656]]},"properties":{"BASE_THIK":null,"BASE_TYPE":"NS","BIKELANETYPE":"0","DIST":"5","SHLTYPE":"CG","FEDCLS":"LOC","Inactive":"N","KEYNUM":"204850","LANES":"2","YEARMAIN":1502928000000,"LIMITS":"BAINBRIDGE AVE. TO END","LASTTYPEMNT":"SC","MEDIANTYPE":"PLNT","GIS_MILES":0.0399999991,"MPAHCLS":"L","OBJECTID":3143,"PAVE_THIK":0.45000000000000001,"PAVE_TYPE":"AC","PAVE_W":"V","PAVE_WFT":42.799999999999997,"ROADNAME":"ROYCROFT COURT","SERVICE_AREA":"LADERA RANCH","TRACTNO":"TR 16240","STATECLS":"M","STATUS":"M","THMSCOR":"E1","THMSPGE":"952","TRACT_ACCEPT_DATE":1098144000000,"Property_ID":"A0986","Current_OM_Inspector":"Nick Nelson","Day_Swept":"1/3 Tues.","Time_Swept":"12pm - 4pm","Road_Closed":"0","Charge_Number":"ER19500","STREETLIGHT_INSEPCT_STATUS":"Complete","SECONDARY_ISLAND_INFO":null,"LAFCO_ISLAND_NUMBER":null}},{"type":"Feature","id":3347,"geometry":{"type":"LineString","coordinates":[[-117.63930859928405,33.555764708730322],[-117.63903480640407,33.555564594034898]]},"properties":{"BASE_THIK":null,"BASE_TYPE":"NS","BIKELANETYPE":"0","DIST":"5","SHLTYPE":"CG","FEDCLS":"LOC","Inactive":"N","KEYNUM":"231300","LANES":"2","YEARMAIN":1502928000000,"LIMITS":"46' SE/O FALABELLA DR. TO MARSTON LN.","LASTTYPEMNT":"SC","MEDIANTYPE":"PLNT","GIS_MILES":0.0199999996,"MPAHCLS":"L","OBJECTID":3347,"PAVE_THIK":0.55000000000000004,"PAVE_TYPE":"AC","PAVE_W":"","PAVE_WFT":37,"ROADNAME":"SYLVANOAK WAY","SERVICE_AREA":"LADERA RANCH","TRACTNO":"TR 16240","STATECLS":"M","STATUS":"M","THMSCOR":"E1","THMSPGE":"952","TRACT_ACCEPT_DATE":1098144000000,"Property_ID":"A1125","Current_OM_Inspector":"Nick Nelson","Day_Swept":"1/3 Tues.","Time_Swept":"12pm - 4pm","Road_Closed":"0","Charge_Number":"ER19500","STREETLIGHT_INSEPCT_STATUS":"Complete","SECONDARY_ISLAND_INFO":null,"LAFCO_ISLAND_NUMBER":null}},{"type":"Feature","id":3491,"geometry":{"type":"LineString","coordinates":[[-117.64072469415486,33.55597396522181],[-117.64055179397972,33.555881998172694],[-117.64050521309152,33.555855423623974],[-117.64046036506835,33.555826018852166],[-117.64041742164635,33.55579389645667],[-117.64035462043869,33.555747510093362],[-117.64028860991407,33.555705817204],[-117.64021974015864,33.555669038906416],[-117.63979979584114,33.555463040762795],[-117.63976819464357,33.555450786476229],[-117.63973496691409,33.555444099083545],[-117.63970108553039,33.555443174385516],[-117.63966754250859,33.555448039456465],[-117.63963531995783,33.55545855185153],[-117.63960536132511,33.555474403777353],[-117.63957854377192,33.555495131103967]]},"properties":{"BASE_THIK":null,"BASE_TYPE":"NS","BIKELANETYPE":"0","DIST":"5","SHLTYPE":"CG","FEDCLS":"LOC","Inactive":"N","KEYNUM":"238790","LANES":"2","YEARMAIN":1502928000000,"LIMITS":"MARSTON LN. TO BAINBRIDGE AVE.","LASTTYPEMNT":"SC","MEDIANTYPE":"0","GIS_MILES":0.0799999982,"MPAHCLS":"L","OBJECTID":3491,"PAVE_THIK":0.5,"PAVE_TYPE":"AC","PAVE_W":"","PAVE_WFT":36,"ROADNAME":"WHIDBEY DRIVE","SERVICE_AREA":"LADERA RANCH","TRACTNO":"TR 16240","STATECLS":"M","STATUS":"M","THMSCOR":"E1","THMSPGE":"952","TRACT_ACCEPT_DATE":1098144000000,"Property_ID":"A1230","Current_OM_Inspector":"Nick Nelson","Day_Swept":"1/3 Tues.","Time_Swept":"12pm - 4pm","Road_Closed":"0","Charge_Number":"ER19500","STREETLIGHT_INSEPCT_STATUS":"Complete","SECONDARY_ISLAND_INFO":null,"LAFCO_ISLAND_NUMBER":null}},{"type":"Feature","id":1926,"geometry":{"type":"LineString","coordinates":[[-117.63682004412441,33.557416732593431],[-117.63684148651947,33.557438625659096],[-117.63686615601981,33.557456805273596],[-117.6368934167934,33.557470802875294],[-117.6369225662207,33.557480257689832],[-117.636952853004,33.557484926028692],[-117.63698349653134,33.557484687570039],[-117.63701370699604,33.557479548459924],[-117.63707902261091,33.557462094645025],[-117.63714281477411,33.557439704354422],[-117.63720471098927,33.557412508329911],[-117.63726434983083,33.557380665375035],[-117.63732138305458,33.557344361427759],[-117.63783778514448,33.556982659805477],[-117.6378860112729,33.556950178929362],[-117.63793532623039,33.556919376303796],[-117.63805811190478,33.556845778903323],[-117.63807828053827,33.556832340168803],[-117.63809582827385,33.55681562340061],[-117.63811022887631,33.55679612991424],[-117.63812105048918,33.556774444295563],[-117.63812796858547,33.556751216869827],[-117.63813077569991,33.556727144199208]]},"properties":{"BASE_THIK":null,"BASE_TYPE":"NS","BIKELANETYPE":"0","DIST":"5","SHLTYPE":"CG","FEDCLS":"LOC","Inactive":"N","KEYNUM":"17800","LANES":"2","YEARMAIN":1475280000000,"LIMITS":"FALABELLA DR. TO HANOVERIAN WY.","LASTTYPEMNT":"SS","MEDIANTYPE":"0","GIS_MILES":0.100000001,"MPAHCLS":"L","OBJECTID":1926,"PAVE_THIK":0.55000000000000004,"PAVE_TYPE":"AC","PAVE_W":"","PAVE_WFT":36,"ROADNAME":"ARDENNES DRIVE","SERVICE_AREA":"LADERA RANCH","TRACTNO":"TR 16241","STATECLS":"M","STATUS":"M","THMSCOR":"F2","THMSPGE":"952","TRACT_ACCEPT_DATE":1156204800000,"Property_ID":"A0861","Current_OM_Inspector":"Nick Nelson","Day_Swept":"1/3 Tues.","Time_Swept":"12pm - 4pm","Road_Closed":"0","Charge_Number":"ER19500","STREETLIGHT_INSEPCT_STATUS":"Complete","SECONDARY_ISLAND_INFO":null,"LAFCO_ISLAND_NUMBER":null}},{"type":"Feature","id":2405,"geometry":{"type":"LineString","coordinates":[[-117.63811202799124,33.556031573302548],[-117.63809061250953,33.556044885024392],[-117.63802177939327,33.556083164199691],[-117.63794986304815,33.556115278565038],[-117.63787541428331,33.556140982155661],[-117.63779900330377,33.556160078107105],[-117.6377469691425,33.556169399870129],[-117.63769450329242,33.556175863907583],[-117.63761947778403,33.556183852258471],[-117.63754551338664,33.556198748854676],[-117.63747324480512,33.556220425865213],[-117.63740329219218,33.556248697274846],[-117.63733625582667,33.556283320480347],[-117.63727271096249,33.556323998372335],[-117.6372132028922,33.556370381884804],[-117.6371582422677,33.556422072990564],[-117.6371083007183,33.5564786281168],[-117.63706380680348,33.556539561951439],[-117.63702514233537,33.55660435160776],[-117.63684156860619,33.556990432884973],[-117.63681831851726,33.557045669885291],[-117.63680084833091,33.557102997761824],[-117.63678934180636,33.557161813514234],[-117.63678391997445,33.557221498492062],[-117.63678463986439,33.557281424901909],[-117.63679149390408,33.557340962410919],[-117.63679469173634,33.557361188747166],[-117.63680059638362,33.557380796550454],[-117.63680909928851,33.557399425329741],[-117.63682004412441,33.557416732593431]]},"properties":{"BASE_THIK":null,"BASE_TYPE":"NS","BIKELANETYPE":"0","DIST":"5","SHLTYPE":"CG","FEDCLS":"LOC","Inactive":"N","KEYNUM":"92378","LANES":"2","YEARMAIN":1502928000000,"LIMITS":"107'  W/O HANOVERIAN WY. TO ARDENNES DR.","LASTTYPEMNT":"SC","MEDIANTYPE":"0","GIS_MILES":0.140000001,"MPAHCLS":"L","OBJECTID":2405,"PAVE_THIK":0.55000000000000004,"PAVE_TYPE":"AC","PAVE_W":"","PAVE_WFT":36,"ROADNAME":"FALABELLA DRIVE","SERVICE_AREA":"LADERA RANCH","TRACTNO":"TR 16241","STATECLS":"M","STATUS":"M","THMSCOR":"F1","THMSPGE":"952","TRACT_ACCEPT_DATE":1156204800000,"Property_ID":"A1595","Current_OM_Inspector":"Nick Nelson","Day_Swept":"1/3 Tues.","Time_Swept":"12pm - 4pm","Road_Closed":"0","Charge_Number":"ER19500","STREETLIGHT_INSEPCT_STATUS":"Complete","SECONDARY_ISLAND_INFO":null,"LAFCO_ISLAND_NUMBER":null}},{"type":"Feature","id":2509,"geometry":{"type":"LineString","coordinates":[[-117.63779900330377,33.556160078107105],[-117.63783719501367,33.556288937961206],[-117.63785451248752,33.55633636213809],[-117.63787701267927,33.556381558253236],[-117.63790441466331,33.556423962011607],[-117.63793637631281,33.556463043982063],[-117.638095637132,33.55663955958024],[-117.6381077134527,33.556654602899194],[-117.6381174487003,33.556671257145524],[-117.63812463161224,33.556689160908888],[-117.63812910631363,33.556707925663467],[-117.63813077569991,33.556727144199208]]},"properties":{"BASE_THIK":null,"BASE_TYPE":"NS","BIKELANETYPE":"0","DIST":"5","SHLTYPE":"CG","FEDCLS":"LOC","Inactive":"N","KEYNUM":"107500","LANES":"2","YEARMAIN":1475280000000,"LIMITS":"FALABELLA DR. TO ARDENNES DR.","LASTTYPEMNT":"SS","MEDIANTYPE":"0","GIS_MILES":0.0399999991,"MPAHCLS":"L","OBJECTID":2509,"PAVE_THIK":0.55000000000000004,"PAVE_TYPE":"AC","PAVE_W":"","PAVE_WFT":36,"ROADNAME":"HANOVERIAN WAY","SERVICE_AREA":"LADERA RANCH","TRACTNO":"TR 16241","STATECLS":"M","STATUS":"M","THMSCOR":"F1","THMSPGE":"952","TRACT_ACCEPT_DATE":1156204800000,"Property_ID":"A0540","Current_OM_Inspector":"Nick Nelson","Day_Swept":"1/3 Tues.","Time_Swept":"12pm - 4pm","Road_Closed":"0","Charge_Number":"ER19500","STREETLIGHT_INSEPCT_STATUS":"Complete","SECONDARY_ISLAND_INFO":null,"LAFCO_ISLAND_NUMBER":null}},{"type":"Feature","id":1971,"geometry":{"type":"LineString","coordinates":[[-117.63996384599736,33.554785856864555],[-117.64019842191956,33.554261474699629],[-117.64021592388193,33.554235751990639],[-117.64023749766584,33.554213334401737],[-117.64026253028568,33.554194858893958],[-117.64029031047841,33.554180850420202],[-117.6403200489129,33.55417170700953],[-117.64035090061765,33.554167688457781],[-117.64038198898932,33.554168908945869],[-117.64041243070004,33.554175333795513],[-117.64044136079579,33.554186780454586],[-117.64049689663949,33.554215063700752],[-117.6405501066866,33.55424751154866],[-117.64060067923602,33.554283933920843],[-117.64064831803687,33.554324117457298],[-117.64074643712254,33.554409443068174],[-117.64084847460441,33.554490041871745],[-117.64095420298652,33.554565734170311],[-117.64106338654392,33.554636351205353],[-117.64117578184822,33.554701735533861],[-117.64129113831036,33.554761741379295],[-117.64125774707651,33.554809078285977]]},"properties":{"BASE_THIK":null,"BASE_TYPE":"NS","BIKELANETYPE":"0","DIST":"5","SHLTYPE":"CG","FEDCLS":"LOC","Inactive":"N","KEYNUM":"25650","LANES":"2","YEARMAIN":1502928000000,"LIMITS":"DE LEON LN. TO END","LASTTYPEMNT":"SC","MEDIANTYPE":"0","GIS_MILES":0.119999997,"MPAHCLS":"L","OBJECTID":1971,"PAVE_THIK":0.55000000000000004,"PAVE_TYPE":"AC","PAVE_W":"V","PAVE_WFT":36.100000000000001,"ROADNAME":"BAUDIN CIRCLE","SERVICE_AREA":"LADERA RANCH","TRACTNO":"TR 16242","STATECLS":"M","STATUS":"M","THMSCOR":"E1","THMSPGE":"952","TRACT_ACCEPT_DATE":1116288000000,"Property_ID":"A1275","Current_OM_Inspector":"Nick Nelson","Day_Swept":"1/3 Tues.","Time_Swept":"12pm - 4pm","Road_Closed":"0","Charge_Number":"ER19500","STREETLIGHT_INSEPCT_STATUS":"Complete","SECONDARY_ISLAND_INFO":null,"LAFCO_ISLAND_NUMBER":null}},{"type":"Feature","id":2289,"geometry":{"type":"LineString","coordinates":[[-117.63949030456597,33.554617023936501],[-117.63961156742674,33.554650738102573],[-117.63973109122696,33.554690176504856],[-117.63984860591972,33.554735250037915],[-117.63996384599736,33.554785856864555],[-117.64006702835552,33.554837120859979],[-117.64016766572735,33.554893216453856],[-117.64026553203161,33.554954017627793],[-117.64036040741225,33.555019387792314]]},"properties":{"BASE_THIK":null,"BASE_TYPE":"NS","BIKELANETYPE":"0","DIST":"5","SHLTYPE":"CG","FEDCLS":"LOC","Inactive":"N","KEYNUM":"72900","LANES":"2","YEARMAIN":1502928000000,"LIMITS":"44' W/O FALABELLA DR. TO END","LASTTYPEMNT":"SC","MEDIANTYPE":"0","GIS_MILES":0.0599999987,"MPAHCLS":"L","OBJECTID":2289,"PAVE_THIK":0.55000000000000004,"PAVE_TYPE":"AC","PAVE_W":"V","PAVE_WFT":35.899999999999999,"ROADNAME":"DE LEON LANE","SERVICE_AREA":"LADERA RANCH","TRACTNO":"TR 16242","STATECLS":"M","STATUS":"M","THMSCOR":"E1","THMSPGE":"952","TRACT_ACCEPT_DATE":1116288000000,"Property_ID":"A1511","Current_OM_Inspector":"Nick Nelson","Day_Swept":"1/3 Tues.","Time_Swept":"12pm - 4pm","Road_Closed":"0","Charge_Number":"ER19500","STREETLIGHT_INSEPCT_STATUS":"Complete","SECONDARY_ISLAND_INFO":null,"LAFCO_ISLAND_NUMBER":null}},{"type":"Feature","id":3158,"geometry":{"type":"LineString","coordinates":[[-117.64076114083365,33.551536313693006],[-117.6409027339742,33.551560114462752],[-117.64122676633112,33.551614581973062],[-117.64128617047923,33.551622218516812],[-117.6413437932311,33.551625252912842],[-117.64140148262625,33.551624018903894],[-117.64145892291538,33.551618523244024],[-117.64151579971255,33.551608796012431],[-117.64169341311835,33.551571493698333]]},"properties":{"BASE_THIK":null,"BASE_TYPE":"NS","BIKELANETYPE":"0","DIST":"5","SHLTYPE":"CG","FEDCLS":"LOC","Inactive":"N","KEYNUM":"206270","LANES":"2","YEARMAIN":1502928000000,"LIMITS":"44' W/O CLYDESDALE DR. TO ST. JUST AVE.","LASTTYPEMNT":"SC","MEDIANTYPE":"0","GIS_MILES":0.0500000007,"MPAHCLS":"L","OBJECTID":3158,"PAVE_THIK":0.5,"PAVE_TYPE":"AC","PAVE_W":"V","PAVE_WFT":36.299999999999997,"ROADNAME":"SAINT BRIDE WAY","SERVICE_AREA":"LADERA RANCH","TRACTNO":"TR 16243","STATECLS":"M","STATUS":"M","THMSCOR":"E1","THMSPGE":"952","TRACT_ACCEPT_DATE":1099958400000,"Property_ID":"A0998","Current_OM_Inspector":"Nick Nelson","Day_Swept":"1/3 Wed.","Time_Swept":"8am - 12pm","Road_Closed":"0","Charge_Number":"ER19500","STREETLIGHT_INSEPCT_STATUS":"Complete","SECONDARY_ISLAND_INFO":null,"LAFCO_ISLAND_NUMBER":null}},{"type":"Feature","id":3160,"geometry":{"type":"LineString","coordinates":[[-117.64124632705186,33.553035545367713],[-117.64128714449473,33.553213572357315],[-117.64130978504028,33.553293645534652],[-117.64133878637827,33.553371640601334],[-117.6413739609624,33.553447053177635],[-117.64141508132509,33.55351939558431],[-117.64146188154857,33.553588199996348],[-117.64151405898437,33.553653021468286],[-117.64157127621066,33.553713440811613],[-117.64160601304711,33.553748048951483],[-117.64161066949703,33.553752687617973]]},"properties":{"BASE_THIK":null,"BASE_TYPE":"NS","BIKELANETYPE":"0","DIST":"5","SHLTYPE":"CG","FEDCLS":"LOC","Inactive":"N","KEYNUM":"206300","LANES":"2","YEARMAIN":1502928000000,"LIMITS":"ST. IVES WAY TO END","LASTTYPEMNT":"SC","MEDIANTYPE":"0","GIS_MILES":0.0500000007,"MPAHCLS":"L","OBJECTID":3160,"PAVE_THIK":0.5,"PAVE_TYPE":"AC","PAVE_W":"","PAVE_WFT":36.200000000000003,"ROADNAME":"SAINT GILES COURT","SERVICE_AREA":"LADERA RANCH","TRACTNO":"TR 16243","STATECLS":"M","STATUS":"M","THMSCOR":"E1","THMSPGE":"952","TRACT_ACCEPT_DATE":1099958400000,"Property_ID":"A1000","Current_OM_Inspector":"Nick Nelson","Day_Swept":"1/3 Wed.","Time_Swept":"8am - 12pm","Road_Closed":"0","Charge_Number":"ER19500","STREETLIGHT_INSEPCT_STATUS":"Complete","SECONDARY_ISLAND_INFO":null,"LAFCO_ISLAND_NUMBER":null}},{"type":"Feature","id":3161,"geometry":{"type":"LineString","coordinates":[[-117.64217454413983,33.553554739460438],[-117.64205053680277,33.553575536953083],[-117.64197241019694,33.553591153360919],[-117.64189565689722,33.553612520852866],[-117.64182069963833,33.55363952174303],[-117.64174795126293,33.553672007318404],[-117.6416778124478,33.553709798657934],[-117.64161066949703,33.553752687617973],[-117.64156753532691,33.553784936991086],[-117.64152632735372,33.553819613808159],[-117.64121706792602,33.55409572077955]]},"properties":{"BASE_THIK":null,"BASE_TYPE":"NS","BIKELANETYPE":"0","DIST":"5","SHLTYPE":"CG","FEDCLS":"LOC","Inactive":"N","KEYNUM":"206305","LANES":"2","YEARMAIN":1502928000000,"LIMITS":"58' SW/O DORRANCE DR. TO ST. JUST AVE.","LASTTYPEMNT":"SC","MEDIANTYPE":"0","GIS_MILES":0.0700000003,"MPAHCLS":"L","OBJECTID":3161,"PAVE_THIK":0.5,"PAVE_TYPE":"AC","PAVE_W":"V","PAVE_WFT":36.299999999999997,"ROADNAME":"SAINT IVES WAY","SERVICE_AREA":"LADERA RANCH","TRACTNO":"TR 16243","STATECLS":"M","STATUS":"M","THMSCOR":"E1","THMSPGE":"952","TRACT_ACCEPT_DATE":1099958400000,"Property_ID":"A1001","Current_OM_Inspector":"Nick Nelson","Day_Swept":"1/3 Wed.","Time_Swept":"8am - 12pm","Road_Closed":"0","Charge_Number":"ER19500","STREETLIGHT_INSEPCT_STATUS":"Complete","SECONDARY_ISLAND_INFO":null,"LAFCO_ISLAND_NUMBER":null}},{"type":"Feature","id":3164,"geometry":{"type":"LineString","coordinates":[[-117.64159309248325,33.551293072376907],[-117.64165870450383,33.551291490591943],[-117.64166173248513,33.551379760527873],[-117.64166679351268,33.55144449964645],[-117.64167737964642,33.551508567588868],[-117.64169341311835,33.551571493698333],[-117.64171636556222,33.551636763857353],[-117.64174464378138,33.551699909329542],[-117.6417780535551,33.551760496418581],[-117.64181636541807,33.551818108999619],[-117.64185931623635,33.551872351377391],[-117.64190106427372,33.55192424377271],[-117.64193789536318,33.551979734223835],[-117.64196950126659,33.5520383583331],[-117.6419956174752,33.552099625477346],[-117.64201602542342,33.552163022913945],[-117.64203055431777,33.552228020071922],[-117.64203908256647,33.552294072992304],[-117.64204153879689,33.552360628880471],[-117.64203790245293,33.552427130732468],[-117.64202861382503,33.552535266782392],[-117.64202468216303,33.552643729798831],[-117.64202611708069,33.552752254565185],[-117.64203291506934,33.552860575713865],[-117.64204505950636,33.552968428375173],[-117.64206252069583,33.553075548824964],[-117.64208525594123,33.553181675129515],[-117.64217454413983,33.553554739460438],[-117.64225499312641,33.553890990059081],[-117.64217775265961,33.55390394648785]]},"properties":{"BASE_THIK":null,"BASE_TYPE":"NS","BIKELANETYPE":"0","DIST":"5","SHLTYPE":"CG","FEDCLS":"LOC","Inactive":"N","KEYNUM":"206340","LANES":"2","YEARMAIN":1502928000000,"LIMITS":"ST. IVES WY.  N AND S TO ENDS","LASTTYPEMNT":"SC","MEDIANTYPE":"0","GIS_MILES":0.189999998,"MPAHCLS":"L","OBJECTID":3164,"PAVE_THIK":0.5,"PAVE_TYPE":"AC","PAVE_W":"V","PAVE_WFT":28.100000000000001,"ROADNAME":"SAINT JUST AVENUE","SERVICE_AREA":"LADERA RANCH","TRACTNO":"TR 16243","STATECLS":"M","STATUS":"M","THMSCOR":"E1","THMSPGE":"952","TRACT_ACCEPT_DATE":1099958400000,"Property_ID":"A1003","Current_OM_Inspector":"Nick Nelson","Day_Swept":"1/3 Wed.","Time_Swept":"8am - 12pm","Road_Closed":"0","Charge_Number":"ER19500","STREETLIGHT_INSEPCT_STATUS":"Complete","SECONDARY_ISLAND_INFO":null,"LAFCO_ISLAND_NUMBER":null}},{"type":"Feature","id":3167,"geometry":{"type":"LineString","coordinates":[[-117.64110243305599,33.552393774315803],[-117.64104341718173,33.552369714971519],[-117.64109246701997,33.552285378142791],[-117.64112616080651,33.552222674702925],[-117.64115522778444,33.552157696988154],[-117.64117951547847,33.552090785849018],[-117.6411988964838,33.552022292278117],[-117.64125426831276,33.551793388989864],[-117.64127252348503,33.551708104882422],[-117.64128617047923,33.551622218516812]]},"properties":{"BASE_THIK":null,"BASE_TYPE":"NS","BIKELANETYPE":"0","DIST":"5","SHLTYPE":"CG","FEDCLS":"LOC","Inactive":"N","KEYNUM":"206390","LANES":"2","YEARMAIN":1502928000000,"LIMITS":"ST. BRIDE WY. TO END","LASTTYPEMNT":"SC","MEDIANTYPE":"0","GIS_MILES":0.0599999987,"MPAHCLS":"L","OBJECTID":3167,"PAVE_THIK":0.5,"PAVE_TYPE":"AC","PAVE_W":"","PAVE_WFT":36.200000000000003,"ROADNAME":"SAINT STEVEN COURT","SERVICE_AREA":"LADERA RANCH","TRACTNO":"TR 16243","STATECLS":"M","STATUS":"M","THMSCOR":"E1","THMSPGE":"952","TRACT_ACCEPT_DATE":1099958400000,"Property_ID":"A1006","Current_OM_Inspector":"Nick Nelson","Day_Swept":"1/3 Wed.","Time_Swept":"8am - 12pm","Road_Closed":"0","Charge_Number":"ER19500","STREETLIGHT_INSEPCT_STATUS":"Complete","SECONDARY_ISLAND_INFO":null,"LAFCO_ISLAND_NUMBER":null}},{"type":"Feature","id":1850,"geometry":{"type":"LineString","coordinates":[[-117.64055072407153,33.552007763991256],[-117.64041948158929,33.551934786895949],[-117.63998085102776,33.551690884473324],[-117.63991321799378,33.551654995184542],[-117.63984911287515,33.551613128705092],[-117.63978906245357,33.551565629071369],[-117.63973356019139,33.551512886610041],[-117.63968306217659,33.55145533473052],[-117.63963798337493,33.551393446363477],[-117.63959869421996,33.551327730074497],[-117.63956551756901,33.551258725885006],[-117.63953872605011,33.551187000834638],[-117.63951853982167,33.551113144321612],[-117.63950512476336,33.551037763259366],[-117.63949859111295,33.550961477089274],[-117.63949899256053,33.5508849126904],[-117.6395063258072,33.550808699228149],[-117.63952053059226,33.550733462984113],[-117.63954149018835,33.550659822209624],[-117.63956903236068,33.550588382045298],[-117.63960293078237,33.55051972954832],[-117.63964290689428,33.550454428868292],[-117.63968863219402,33.55039301661138],[-117.63973973093547,33.550335997430771],[-117.63979578321641,33.55028383987969],[-117.63985632842912,33.550236972561066],[-117.63992086904527,33.550195780605534],[-117.63998887470454,33.550160602506629],[-117.64005978657266,33.550131727339199],[-117.64013302193374,33.55010939238398],[-117.64019781656611,33.550084805178855],[-117.64033234370669,33.550033755875631]]},"properties":{"BASE_THIK":null,"BASE_TYPE":"NS","BIKELANETYPE":"0","DIST":"5","SHLTYPE":"CG","FEDCLS":"LOC","Inactive":"N","KEYNUM":"175","LANES":"2","YEARMAIN":1502928000000,"LIMITS":"45' NE/O TO 48' SE/O CLYDESDALE DR.","LASTTYPEMNT":"SC","MEDIANTYPE":"0","GIS_MILES":0.189999998,"MPAHCLS":"L","OBJECTID":1850,"PAVE_THIK":0.55000000000000004,"PAVE_TYPE":"AC","PAVE_W":"","PAVE_WFT":35.899999999999999,"ROADNAME":"ABYSSINIAN WAY","SERVICE_AREA":"LADERA RANCH","TRACTNO":"TR 16244","STATECLS":"M","STATUS":"M","THMSCOR":"E1","THMSPGE":"952","TRACT_ACCEPT_DATE":1158019200000,"Property_ID":"A0845","Current_OM_Inspector":"Nick Nelson","Day_Swept":"1/3 Wed.","Time_Swept":"8am - 12pm","Road_Closed":"0","Charge_Number":"ER19500","STREETLIGHT_INSEPCT_STATUS":"Complete","SECONDARY_ISLAND_INFO":null,"LAFCO_ISLAND_NUMBER":null}},{"type":"Feature","id":2231,"geometry":{"type":"LineString","coordinates":[[-117.64158610545182,33.548216976138555],[-117.64166443454336,33.548210064642937],[-117.6417423612226,33.548829365589128],[-117.64174652022838,33.5488896363603],[-117.64174453938813,33.548950017975535],[-117.64173643916769,33.549009886578453],[-117.64172230325767,33.54906862361306],[-117.64170227770877,33.549125622214603],[-117.64167656942283,33.549180293479637],[-117.6416454440151,33.549232072550502],[-117.64160573916308,33.549285041461843],[-117.64156174873386,33.549334508854933],[-117.64151378017394,33.549380129005101],[-117.64146216873273,33.549421583075819],[-117.64140727511955,33.549458581347054],[-117.64134948298259,33.549490865240067],[-117.64128919622769,33.549518209124656],[-117.64122683619537,33.549540421896033],[-117.64116131061566,33.549559342513703],[-117.64109460609794,33.549573558655418],[-117.64102705995106,33.54958299843355],[-117.64095901373977,33.549587614113378],[-117.64087109002766,33.549592582111956],[-117.6407834769002,33.549601481553388],[-117.64069635006021,33.549614294590384],[-117.64059160579099,33.549635228896413],[-117.64048820831614,33.549662035039411],[-117.64038648652824,33.549694627752871],[-117.64018744181837,33.549764956495643]]},"properties":{"BASE_THIK":null,"BASE_TYPE":"NS","BIKELANETYPE":"0","DIST":"5","SHLTYPE":"CG","FEDCLS":"LOC","Inactive":"N","KEYNUM":"66350","LANES":"2","YEARMAIN":1502928000000,"LIMITS":"39' W/O CLYDESDALE DR. TO END","LASTTYPEMNT":"SC","MEDIANTYPE":"0","GIS_MILES":0.170000002,"MPAHCLS":"L","OBJECTID":2231,"PAVE_THIK":0.55000000000000004,"PAVE_TYPE":"AC","PAVE_W":"V","PAVE_WFT":36,"ROADNAME":"COUSTEAU LANE","SERVICE_AREA":"LADERA RANCH","TRACTNO":"TR 16245","STATECLS":"M","STATUS":"M","THMSCOR":"E2","THMSPGE":"952","TRACT_ACCEPT_DATE":1116288000000,"Property_ID":"A1475","Current_OM_Inspector":"Nick Nelson","Day_Swept":"1/3 Tues.","Time_Swept":"12pm - 4pm","Road_Closed":"0","Charge_Number":"ER19500","STREETLIGHT_INSEPCT_STATUS":"Complete","SECONDARY_ISLAND_INFO":null,"LAFCO_ISLAND_NUMBER":null}},{"type":"Feature","id":2682,"geometry":{"type":"LineString","coordinates":[[-117.64176099920763,33.550667578773435],[-117.64178231454078,33.550719568611264],[-117.64146055878568,33.550812067960784],[-117.64143244593821,33.55081802266502],[-117.64140377607355,33.550819979590138],[-117.64137511483617,33.550817900126823],[-117.64134702770033,33.550811825302027],[-117.64132006881353,33.550801874969501],[-117.6412994564039,33.550791015367338],[-117.64128069459893,33.550777202436265],[-117.64126420325231,33.550760745283526],[-117.6412503514091,33.550742012189012],[-117.64123944904732,33.550721422363907],[-117.64116538772493,33.550549696088659],[-117.64108485526897,33.550380907710434],[-117.64099796797503,33.550215300973747],[-117.64090485131561,33.550053115028533],[-117.64084480318395,33.549947332616846],[-117.64078995305478,33.549838763928598],[-117.64074042987289,33.549727664193249],[-117.64069635006021,33.549614294590384],[-117.64066761843954,33.549529527594252],[-117.64064207113464,33.549443747148509],[-117.64061974375741,33.549357072827711],[-117.64056098165264,33.549109409163222],[-117.64054692934994,33.549037690300771],[-117.64053874264651,33.548965067712487],[-117.64053647553008,33.548892020312628],[-117.64054014295132,33.548819029816919],[-117.64054972072516,33.548746577565808],[-117.64055685762364,33.548722852129259],[-117.64056780952095,33.548700628547074],[-117.64058227649932,33.548680515412151],[-117.64059986238048,33.548663063522774],[-117.64062008557504,33.548648750799003],[-117.64064239227069,33.548637969194836],[-117.64096615196277,33.548498800241553]]},"properties":{"BASE_THIK":null,"BASE_TYPE":"NS","BIKELANETYPE":"0","DIST":"5","SHLTYPE":"CG","FEDCLS":"LOC","Inactive":"N","KEYNUM":"132000","LANES":"2","YEARMAIN":1502928000000,"LIMITS":"COUSTEAU LN. N'LY AND S'LY TO ENDS","LASTTYPEMNT":"SC","MEDIANTYPE":"0","GIS_MILES":0.209999993,"MPAHCLS":"L","OBJECTID":2682,"PAVE_THIK":0.5,"PAVE_TYPE":"AC","PAVE_W":"V","PAVE_WFT":36.100000000000001,"ROADNAME":"LA SALLE LANE","SERVICE_AREA":"LADERA RANCH","TRACTNO":"TR 16245","STATECLS":"M","STATUS":"M","THMSCOR":"E2","THMSPGE":"952","TRACT_ACCEPT_DATE":1116288000000,"Property_ID":"A0641","Current_OM_Inspector":"Nick Nelson","Day_Swept":"1/3 Tues.","Time_Swept":"12pm - 4pm","Road_Closed":"0","Charge_Number":"ER19500","STREETLIGHT_INSEPCT_STATUS":"Complete","SECONDARY_ISLAND_INFO":null,"LAFCO_ISLAND_NUMBER":null}},{"type":"Feature","id":3016,"geometry":{"type":"LineString","coordinates":[[-117.64151140605503,33.549947479819664],[-117.64145127112704,33.549969529622388],[-117.64122683619537,33.549540421896033]]},"properties":{"BASE_THIK":null,"BASE_TYPE":"NS","BIKELANETYPE":"0","DIST":"5","SHLTYPE":"CG","FEDCLS":"LOC","Inactive":"N","KEYNUM":"183995","LANES":"2","YEARMAIN":1502928000000,"LIMITS":"COUSTEAU LN. TO END","LASTTYPEMNT":"SC","MEDIANTYPE":"0","GIS_MILES":0.0399999991,"MPAHCLS":"L","OBJECTID":3016,"PAVE_THIK":0.5,"PAVE_TYPE":"AC","PAVE_W":"V","PAVE_WFT":36.100000000000001,"ROADNAME":"PAPETTE CIRCLE","SERVICE_AREA":"LADERA RANCH","TRACTNO":"TR 16245","STATECLS":"M","STATUS":"M","THMSCOR":"E2","THMSPGE":"952","TRACT_ACCEPT_DATE":1116288000000,"Property_ID":"A0883","Current_OM_Inspector":"Nick Nelson","Day_Swept":"1/3 Tues.","Time_Swept":"12pm - 4pm","Road_Closed":"0","Charge_Number":"ER19500","STREETLIGHT_INSEPCT_STATUS":"Complete","SECONDARY_ISLAND_INFO":null,"LAFCO_ISLAND_NUMBER":null}},{"type":"Feature","id":2074,"geometry":{"type":"LineString","coordinates":[[-117.64006643597511,33.549407390708012],[-117.63998308710505,33.549420345713422],[-117.63989901919469,33.549427234309213],[-117.63926882057579,33.549456007451468],[-117.63927238613184,33.549510881049379]]},"properties":{"BASE_THIK":null,"BASE_TYPE":"NS","BIKELANETYPE":"0","DIST":"5","SHLTYPE":"CG","FEDCLS":"LOC","Inactive":"N","KEYNUM":"40450","LANES":"2","YEARMAIN":1502928000000,"LIMITS":"CLYDESDALE DR. TO END","LASTTYPEMNT":"SC","MEDIANTYPE":"0","GIS_MILES":0.0500000007,"MPAHCLS":"L","OBJECTID":2074,"PAVE_THIK":0.5,"PAVE_TYPE":"AC","PAVE_W":"","PAVE_WFT":36,"ROADNAME":"BRYANT COURT","SERVICE_AREA":"LADERA RANCH","TRACTNO":"TR 16246","STATECLS":"M","STATUS":"M","THMSCOR":"E2","THMSPGE":"952","TRACT_ACCEPT_DATE":1131408000000,"Property_ID":"A1353","Current_OM_Inspector":"Nick Nelson","Day_Swept":"1/3 Wed.","Time_Swept":"8am - 12pm","Road_Closed":"0","Charge_Number":"ER19500","STREETLIGHT_INSEPCT_STATUS":"Complete","SECONDARY_ISLAND_INFO":null,"LAFCO_ISLAND_NUMBER":null}},{"type":"Feature","id":2207,"geometry":{"type":"LineString","coordinates":[[-117.64133974875072,33.54758184664886],[-117.64127588204904,33.547543230270641],[-117.64120197765688,33.547621715670665],[-117.64112348167924,33.547695608827951],[-117.64104067894951,33.547764641611082],[-117.64095386992868,33.547828563525179],[-117.64086336961515,33.547887142620858],[-117.64076950640167,33.54794016633587],[-117.64067262088372,33.547987442266418],[-117.64057306462362,33.548028798865339],[-117.64047119887486,33.548064086064564],[-117.64040324363366,33.548088223569067],[-117.64033725126887,33.54811730176921],[-117.64027358042944,33.548151162633602],[-117.64021257714744,33.548189622138501],[-117.6401545729576,33.54823247126793],[-117.64009988309546,33.548279477149592],[-117.64005811775743,33.548322732405303],[-117.64002059938436,33.548369718917066],[-117.63998765963026,33.548420021334572],[-117.63995958967527,33.548473194995658],[-117.63993663765153,33.548528769856993],[-117.6399190064498,33.54858625464918],[-117.63990685192601,33.548645141219446],[-117.63990134281836,33.548704729010176],[-117.63990202314572,33.548764567060161],[-117.63990888561825,33.54882401419249],[-117.63992185670317,33.548882433419017],[-117.64006643597511,33.549407390708012],[-117.64010897610228,33.549561981482299],[-117.64011774229306,33.549592081965528]]},"properties":{"BASE_THIK":null,"BASE_TYPE":"NS","BIKELANETYPE":"0","DIST":"5","SHLTYPE":"CG","FEDCLS":"LOC","Inactive":"N","KEYNUM":"62855","LANES":"2","YEARMAIN":1502928000000,"LIMITS":"69' N/O BRYANT CT. TO END(CDS)","LASTTYPEMNT":"SC","MEDIANTYPE":"0","GIS_MILES":0.180000007,"MPAHCLS":"L","OBJECTID":2207,"PAVE_THIK":0.55000000000000004,"PAVE_TYPE":"AC","PAVE_W":"V","PAVE_WFT":36.100000000000001,"ROADNAME":"CLYDESDALE DRIVE","SERVICE_AREA":"LADERA RANCH","TRACTNO":"TR 16246","STATECLS":"M","STATUS":"M","THMSCOR":"E2","THMSPGE":"952","TRACT_ACCEPT_DATE":1131408000000,"Property_ID":"A1452","Current_OM_Inspector":"Nick Nelson","Day_Swept":"1/3 Wed.","Time_Swept":"8am - 12pm","Road_Closed":"0","Charge_Number":"ER19500","STREETLIGHT_INSEPCT_STATUS":"Complete","SECONDARY_ISLAND_INFO":null,"LAFCO_ISLAND_NUMBER":null}},{"type":"Feature","id":2268,"geometry":{"type":"LineString","coordinates":[[-117.64009988309546,33.548279477149592],[-117.6400261599603,33.548238094583468],[-117.63994924581249,33.54820299712911],[-117.63986967530488,33.548174428759239],[-117.6397880015555,33.548152588061008],[-117.63970479230261,33.548137626855535],[-117.63962062595819,33.548129649142552],[-117.6394633346945,33.548116965160901],[-117.63930675270878,33.54809738183198],[-117.63915118248293,33.548070936986477],[-117.63912311115035,33.548063283110686],[-117.63909664457564,33.548051195846746],[-117.63907247773811,33.54803499259117],[-117.63905124522888,33.548015098821317],[-117.63904770299013,33.548009664039981]]},"properties":{"BASE_THIK":null,"BASE_TYPE":"NS","BIKELANETYPE":"0","DIST":"5","SHLTYPE":"CG","FEDCLS":"LOC","Inactive":"N","KEYNUM":"69669","LANES":"2","YEARMAIN":1502928000000,"LIMITS":"CLYDESDALE DR. TO HALLCREST DR.","LASTTYPEMNT":"SC","MEDIANTYPE":"0","GIS_MILES":0.0599999987,"MPAHCLS":"L","OBJECTID":2268,"PAVE_THIK":0.55000000000000004,"PAVE_TYPE":"AC","PAVE_W":"","PAVE_WFT":36.100000000000001,"ROADNAME":"CURTIS LANE","SERVICE_AREA":"LADERA RANCH","TRACTNO":"TR 16246","STATECLS":"M","STATUS":"M","THMSCOR":"E2","THMSPGE":"952","TRACT_ACCEPT_DATE":1131408000000,"Property_ID":"A1496","Current_OM_Inspector":"Nick Nelson","Day_Swept":"1/3 Wed.","Time_Swept":"8am - 12pm","Road_Closed":"0","Charge_Number":"ER19500","STREETLIGHT_INSEPCT_STATUS":"Complete","SECONDARY_ISLAND_INFO":null,"LAFCO_ISLAND_NUMBER":null}},{"type":"Feature","id":2504,"geometry":{"type":"LineString","coordinates":[[-117.64129763472656,33.546085335499335],[-117.64124651979111,33.546046410701919],[-117.640783884112,33.546488152569445],[-117.64072899225181,33.546545537544276],[-117.64033992193673,33.546991672370552],[-117.64028604885851,33.547046341672498],[-117.6402273220223,33.547095760290858],[-117.64016425112128,33.547139499318931],[-117.64009738355099,33.547177179143468],[-117.6400272996585,33.547208472739371],[-117.63995460770543,33.547233108507918],[-117.63959552911989,33.547341086582094],[-117.63952308939763,33.547363506875456],[-117.63945303314853,33.547392529364615],[-117.63938596064335,33.547427905372942],[-117.63932244658693,33.547469331784242],[-117.63926303519384,33.547516453639965],[-117.63920823552535,33.547568867180665],[-117.63915851712757,33.547626123305562],[-117.63911430600818,33.547687731420595],[-117.63907598098626,33.547753163642099],[-117.63904387044639,33.547821859319868],[-117.63901824952484,33.547893229841058],[-117.6390149256293,33.547913779745372],[-117.63901498580508,33.547934596643017],[-117.639018428452,33.547955126987169],[-117.6390251620259,33.54797482485079],[-117.63903500747278,33.54799316644354],[-117.63904770299013,33.548009664039981]]},"properties":{"BASE_THIK":null,"BASE_TYPE":"NS","BIKELANETYPE":"0","DIST":"5","SHLTYPE":"CG","FEDCLS":"LOC","Inactive":"N","KEYNUM":"107200","LANES":"2","YEARMAIN":1502928000000,"LIMITS":"CURTIS LN. TO END","LASTTYPEMNT":"SC","MEDIANTYPE":"0","GIS_MILES":0.200000003,"MPAHCLS":"L","OBJECTID":2504,"PAVE_THIK":0.55000000000000004,"PAVE_TYPE":"AC","PAVE_W":"","PAVE_WFT":36,"ROADNAME":"HALLCREST DRIVE","SERVICE_AREA":"LADERA RANCH","TRACTNO":"TR 16246","STATECLS":"M","STATUS":"M","THMSCOR":"E2","THMSPGE":"952","TRACT_ACCEPT_DATE":1131408000000,"Property_ID":"A0535","Current_OM_Inspector":"Nick Nelson","Day_Swept":"1/3 Wed.","Time_Swept":"8am - 12pm","Road_Closed":"0","Charge_Number":"ER19500","STREETLIGHT_INSEPCT_STATUS":"Complete","SECONDARY_ISLAND_INFO":null,"LAFCO_ISLAND_NUMBER":null}},{"type":"Feature","id":3659,"geometry":{"type":"LineString","coordinates":[[-117.63891302204952,33.548699953957914],[-117.63907842091709,33.548677159258361],[-117.63924446844811,33.548659706431785],[-117.63941099216207,33.548647613607166],[-117.63957781908377,33.548640893345834],[-117.63974477592309,33.548639552628401],[-117.63981630928001,33.548640156376855],[-117.63986163715681,33.548641621578021],[-117.63990685192601,33.548645141219446]]},"properties":{"BASE_THIK":null,"BASE_TYPE":"NS","BIKELANETYPE":"0","DIST":"5","SHLTYPE":"CG","FEDCLS":"LOC","Inactive":"N","KEYNUM":"231900","LANES":"2","YEARMAIN":1502928000000,"LIMITS":"CLYDESDALE DR. TO END","LASTTYPEMNT":"SC","MEDIANTYPE":"0","GIS_MILES":0.0599999987,"MPAHCLS":"L","OBJECTID":3659,"PAVE_THIK":0.5,"PAVE_TYPE":"AC","PAVE_W":"","PAVE_WFT":36,"ROADNAME":"TALBOTT COURT","SERVICE_AREA":"LADERA RANCH","TRACTNO":"TR 16246","STATECLS":"M","STATUS":"M","THMSCOR":"E2","THMSPGE":"952","TRACT_ACCEPT_DATE":1131408000000,"Property_ID":"A1130","Current_OM_Inspector":"Nick Nelson","Day_Swept":"1/3 Wed.","Time_Swept":"8am - 12pm","Road_Closed":"0","Charge_Number":"ER19500","STREETLIGHT_INSEPCT_STATUS":"Complete","SECONDARY_ISLAND_INFO":null,"LAFCO_ISLAND_NUMBER":null}},{"type":"Feature","id":2142,"geometry":{"type":"LineString","coordinates":[[-117.6441651146889,33.547544831602096],[-117.6440948313528,33.547463774190042],[-117.64402063565687,33.5473862819318],[-117.64394270820256,33.54731254345306],[-117.64385110001761,33.547234305910514],[-117.64375565905306,33.547160792681112],[-117.64365662868825,33.547092191227357],[-117.64353576703915,33.547012891098021],[-117.64348201884157,33.546976062180292],[-117.64342981364604,33.54693707685631],[-117.64305455981204,33.546645915035178]]},"properties":{"BASE_THIK":null,"BASE_TYPE":"NS","BIKELANETYPE":"0","DIST":"5","SHLTYPE":"CG","FEDCLS":"LOC","Inactive":"N","KEYNUM":"56000","LANES":"2","YEARMAIN":1502928000000,"LIMITS":"ELLISTON DR. TO N AND S TO ENDS","LASTTYPEMNT":"SC","MEDIANTYPE":"0","GIS_MILES":0.0900000036,"MPAHCLS":"L","OBJECTID":2142,"PAVE_THIK":0.5,"PAVE_TYPE":"AC","PAVE_W":"","PAVE_WFT":36.200000000000003,"ROADNAME":"CERNER COURT","SERVICE_AREA":"LADERA RANCH","TRACTNO":"TR 16247","STATECLS":"M","STATUS":"M","THMSCOR":"E1","THMSPGE":"952","TRACT_ACCEPT_DATE":1113264000000,"Property_ID":"A1406","Current_OM_Inspector":"Nick Nelson","Day_Swept":"1/3 Wed.","Time_Swept":"8am - 12pm","Road_Closed":"0","Charge_Number":"ER19500","STREETLIGHT_INSEPCT_STATUS":"Complete","SECONDARY_ISLAND_INFO":null,"LAFCO_ISLAND_NUMBER":null}},{"type":"Feature","id":2355,"geometry":{"type":"LineString","coordinates":[[-117.64315696850029,33.547694881061972],[-117.64316877459395,33.547676554604813],[-117.64318340664794,33.547660394596292],[-117.64320047427687,33.547646832187858],[-117.64321952211381,33.547636229226626],[-117.64324004195963,33.54762886860118],[-117.64355980184463,33.54753368523928],[-117.64362041845236,33.547513503964502],[-117.64367937500784,33.547488891334595],[-117.6437363480651,33.547459982378733],[-117.64379102506005,33.547426935696492],[-117.64384310602516,33.547389932587734],[-117.64394270820256,33.54731254345306]]},"properties":{"BASE_THIK":null,"BASE_TYPE":"NS","BIKELANETYPE":"0","DIST":"5","SHLTYPE":"CG","FEDCLS":"LOC","Inactive":"N","KEYNUM":"86250","LANES":"2","YEARMAIN":1502928000000,"LIMITS":"UNIVERSITY AVE. TO CERNER CT.","LASTTYPEMNT":"SC","MEDIANTYPE":"0","GIS_MILES":0.0500000007,"MPAHCLS":"L","OBJECTID":2355,"PAVE_THIK":0.5,"PAVE_TYPE":"AC","PAVE_W":"","PAVE_WFT":36,"ROADNAME":"ELLISTON DRIVE","SERVICE_AREA":"LADERA RANCH","TRACTNO":"TR 16247","STATECLS":"M","STATUS":"M","THMSCOR":"E1","THMSPGE":"952","TRACT_ACCEPT_DATE":1113264000000,"Property_ID":"A1563","Current_OM_Inspector":"Nick Nelson","Day_Swept":"1/3 Wed.","Time_Swept":"8am - 12pm","Road_Closed":"0","Charge_Number":"ER19500","STREETLIGHT_INSEPCT_STATUS":"Complete","SECONDARY_ISLAND_INFO":null,"LAFCO_ISLAND_NUMBER":null}},{"type":"Feature","id":3411,"geometry":{"type":"LineString","coordinates":[[-117.64315696850029,33.547694881061972],[-117.64315063652462,33.547710525966373],[-117.64314701771249,33.54772701114603],[-117.6431462145508,33.547743869730816],[-117.64314824978558,33.54776062427554],[-117.64315306577777,33.547776800281504],[-117.64326838013662,33.548072979765287],[-117.64328600978232,33.548115607556333],[-117.6432861707131,33.548115974556175]]},"properties":{"BASE_THIK":null,"BASE_TYPE":"NS","BIKELANETYPE":"0","DIST":"5","SHLTYPE":"CG","FEDCLS":"LOC","Inactive":"N","KEYNUM":"237335","LANES":"2","YEARMAIN":1502928000000,"LIMITS":"45' SE/O ETON PL. TO ELLISTON DR.","LASTTYPEMNT":"SC","MEDIANTYPE":"0","GIS_MILES":0.0299999993,"MPAHCLS":"L","OBJECTID":3411,"PAVE_THIK":0.5,"PAVE_TYPE":"AC","PAVE_W":"","PAVE_WFT":36.200000000000003,"ROADNAME":"UNIVERSITY AVENUE","SERVICE_AREA":"LADERA RANCH","TRACTNO":"TR 16247","STATECLS":"M","STATUS":"M","THMSCOR":"E1","THMSPGE":"952","TRACT_ACCEPT_DATE":1113264000000,"Property_ID":"A1179","Current_OM_Inspector":"Nick Nelson","Day_Swept":"1/3 Wed.","Time_Swept":"8am - 12pm","Road_Closed":"0","Charge_Number":"ER19500","STREETLIGHT_INSEPCT_STATUS":"Complete","SECONDARY_ISLAND_INFO":null,"LAFCO_ISLAND_NUMBER":null}},{"type":"Feature","id":2508,"geometry":{"type":"LineString","coordinates":[[-117.64476561133013,33.553389262971429],[-117.64337721827069,33.553344090533493]]},"properties":{"BASE_THIK":null,"BASE_TYPE":"NS","BIKELANETYPE":"0","DIST":"5","SHLTYPE":"CG","FEDCLS":"LOC","Inactive":"N","KEYNUM":"107480","LANES":"2","YEARMAIN":1502928000000,"LIMITS":"LONGFIELD LN. TO UNIVERSITY AVE.","LASTTYPEMNT":"SC","MEDIANTYPE":"0","GIS_MILES":0.0799999982,"MPAHCLS":"L","OBJECTID":2508,"PAVE_THIK":0.5,"PAVE_TYPE":"AC","PAVE_W":"","PAVE_WFT":36.200000000000003,"ROADNAME":"HANCEFORD WAY","SERVICE_AREA":"LADERA RANCH","TRACTNO":"TR 16250","STATECLS":"M","STATUS":"M","THMSCOR":"E1","THMSPGE":"952","TRACT_ACCEPT_DATE":1113264000000,"Property_ID":"A0539","Current_OM_Inspector":"Nick Nelson","Day_Swept":"1/3 Wed.","Time_Swept":"8am - 12pm","Road_Closed":"0","Charge_Number":"ER19500","STREETLIGHT_INSEPCT_STATUS":"Complete","SECONDARY_ISLAND_INFO":null,"LAFCO_ISLAND_NUMBER":null}},{"type":"Feature","id":2765,"geometry":{"type":"LineString","coordinates":[[-117.6447711794515,33.553271253043405],[-117.64476561133013,33.553389262971429],[-117.64473253537506,33.554090061758252],[-117.64472947663485,33.554108906420069],[-117.64472333333562,33.554126982289205],[-117.64471427580736,33.55414378819151],[-117.64470255518039,33.554158858164108],[-117.64468849642253,33.554171774374772],[-117.64467248932891,33.554182178706775]]},"properties":{"BASE_THIK":null,"BASE_TYPE":"NS","BIKELANETYPE":"0","DIST":"5","SHLTYPE":"CG","FEDCLS":"LOC","Inactive":"N","KEYNUM":"143794","LANES":"2","YEARMAIN":1502928000000,"LIMITS":"43' S/O HANCEFORD WY. TO MAITLAND RD.","LASTTYPEMNT":"SC","MEDIANTYPE":"0","GIS_MILES":0.0599999987,"MPAHCLS":"L","OBJECTID":2765,"PAVE_THIK":0.55000000000000004,"PAVE_TYPE":"AC","PAVE_W":"","PAVE_WFT":36.200000000000003,"ROADNAME":"LONGFIELD LANE","SERVICE_AREA":"LADERA RANCH","TRACTNO":"TR 16250","STATECLS":"M","STATUS":"M","THMSCOR":"E1","THMSPGE":"952","TRACT_ACCEPT_DATE":1113264000000,"Property_ID":"A0697","Current_OM_Inspector":"Nick Nelson","Day_Swept":"1/3 Wed.","Time_Swept":"8am - 12pm","Road_Closed":"0","Charge_Number":"ER19500","STREETLIGHT_INSEPCT_STATUS":"Complete","SECONDARY_ISLAND_INFO":null,"LAFCO_ISLAND_NUMBER":null}},{"type":"Feature","id":2804,"geometry":{"type":"LineString","coordinates":[[-117.64347336720503,33.553901682894022],[-117.64348826288222,33.553919483802488],[-117.64350595238558,33.553934511610414],[-117.64352592693223,33.553946334090163],[-117.6435476120171,33.553954611205285],[-117.64420609473891,33.554157494371267],[-117.64426766883459,33.554174148077195],[-117.64433021018088,33.55418668981482],[-117.64439344449494,33.554195064580789],[-117.64445709445479,33.554199235646507],[-117.64458551253203,33.554203459370122],[-117.64460816799073,33.554202803343721],[-117.64463050767854,33.554198977310783],[-117.64465209025293,33.554192056858355],[-117.64467248932891,33.554182178706775]]},"properties":{"BASE_THIK":null,"BASE_TYPE":"NS","BIKELANETYPE":"0","DIST":"5","SHLTYPE":"CG","FEDCLS":"LOC","Inactive":"N","KEYNUM":"149400","LANES":"2","YEARMAIN":1502928000000,"LIMITS":"LONGFIELD LN. TO UNIVERSITY AVE.","LASTTYPEMNT":"SC","MEDIANTYPE":"0","GIS_MILES":0.0700000003,"MPAHCLS":"L","OBJECTID":2804,"PAVE_THIK":0.5,"PAVE_TYPE":"AC","PAVE_W":"","PAVE_WFT":36.200000000000003,"ROADNAME":"MAITLAND ROAD","SERVICE_AREA":"LADERA RANCH","TRACTNO":"TR 16250","STATECLS":"M","STATUS":"M","THMSCOR":"E1","THMSPGE":"952","TRACT_ACCEPT_DATE":1113264000000,"Property_ID":"A0726","Current_OM_Inspector":"Nick Nelson","Day_Swept":"1/3 Wed.","Time_Swept":"8am - 12pm","Road_Closed":"0","Charge_Number":"ER19500","STREETLIGHT_INSEPCT_STATUS":"Complete","SECONDARY_ISLAND_INFO":null,"LAFCO_ISLAND_NUMBER":null}},{"type":"Feature","id":3581,"geometry":{"type":"LineString","coordinates":[[-117.64339877185409,33.552859204363799],[-117.64338199426214,33.553082080725275],[-117.64337709264545,33.553169336087045],[-117.64337549988616,33.553256714500407],[-117.64337721827069,33.553344090533493],[-117.64338384790003,33.553450579742162],[-117.64339535164557,33.553556653147822],[-117.64341170532546,33.55366208777545],[-117.64343287456295,33.553766661992789],[-117.64345881485853,33.553870155976256],[-117.64346480347903,33.553886513749937],[-117.64347336720503,33.553901682894022]]},"properties":{"BASE_THIK":null,"BASE_TYPE":"NS","BIKELANETYPE":"0","DIST":"5","SHLTYPE":"CG","FEDCLS":"LOC","Inactive":"N","KEYNUM":"237345","LANES":"2","YEARMAIN":1502928000000,"LIMITS":"46' N  TO 413' N/O CREIGHTON PL.","LASTTYPEMNT":"SC","MEDIANTYPE":"0","GIS_MILES":0.0700000003,"MPAHCLS":"L","OBJECTID":3581,"PAVE_THIK":0.55000000000000004,"PAVE_TYPE":"AC","PAVE_W":"","PAVE_WFT":36.299999999999997,"ROADNAME":"UNIVERSITY AVENUE","SERVICE_AREA":"LADERA RANCH","TRACTNO":"TR 16250","STATECLS":"M","STATUS":"M","THMSCOR":"E1","THMSPGE":"952","TRACT_ACCEPT_DATE":1113264000000,"Property_ID":"A1179","Current_OM_Inspector":"Nick Nelson","Day_Swept":"1/3 Wed.","Time_Swept":"8am - 12pm","Road_Closed":"0","Charge_Number":"ER19500","STREETLIGHT_INSEPCT_STATUS":"Complete","SECONDARY_ISLAND_INFO":null,"LAFCO_ISLAND_NUMBER":null}},{"type":"Feature","id":2382,"geometry":{"type":"LineString","coordinates":[[-117.64357983873734,33.53915590052052],[-117.64353054162957,33.538853151458518],[-117.64351254273014,33.538720991109621],[-117.64350149085234,33.53858806942516],[-117.64349762742269,33.538476633347351],[-117.64349866967476,33.538365135189345],[-117.64350461559081,33.538253790806422],[-117.64351545365983,33.538142815756132]]},"properties":{"BASE_THIK":null,"BASE_TYPE":"NS","BIKELANETYPE":"0","DIST":"5","SHLTYPE":"CG","FEDCLS":"LOC","Inactive":"N","KEYNUM":"88850","LANES":"2","YEARMAIN":1502928000000,"LIMITS":"181' N'LY/O NARROW CANYON RD. TO 179' S/O SIENNA PKWY.","LASTTYPEMNT":"SC","MEDIANTYPE":"0","GIS_MILES":0.0700000003,"MPAHCLS":"L","OBJECTID":2382,"PAVE_THIK":0.69999999999999996,"PAVE_TYPE":"AC","PAVE_W":"V","PAVE_WFT":40.200000000000003,"ROADNAME":"ETHEREAL STREET","SERVICE_AREA":"LADERA RANCH","TRACTNO":"TR 16271","STATECLS":"M","STATUS":"M","THMSCOR":"E2","THMSPGE":"952","TRACT_ACCEPT_DATE":1169510400000,"Property_ID":"A1584","Current_OM_Inspector":"Nick Nelson","Day_Swept":"1/3 Tues.","Time_Swept":"8am - 12pm","Road_Closed":"0","Charge_Number":"ER19500","STREETLIGHT_INSEPCT_STATUS":"Complete","SECONDARY_ISLAND_INFO":null,"LAFCO_ISLAND_NUMBER":null}},{"type":"Feature","id":2902,"geometry":{"type":"LineString","coordinates":[[-117.64679635068383,33.540647107139897],[-117.64682745652796,33.540553686923559],[-117.64686509728158,33.54046270294679],[-117.64690908409733,33.540374611685024],[-117.64695919628915,33.540289855100667],[-117.64701518243928,33.540208858425707],[-117.64716080146118,33.540011624349482],[-117.64730979105056,33.539809868028946],[-117.64735908820529,33.539735371583866],[-117.64740250959595,33.53965730422432],[-117.64743979797829,33.539576128450001],[-117.64747073244226,33.539492325175999],[-117.64749512972071,33.53940639088367],[-117.64751284527522,33.539318834679314],[-117.64752377415235,33.539230175278014],[-117.6475278516054,33.539140937930618],[-117.64752505347806,33.539051651311922],[-117.64751539634746,33.538962844388649],[-117.64749893742598,33.538875043285593],[-117.64747577422233,33.538788768168729],[-117.64744604396381,33.538704530163514],[-117.64740992278338,33.538622828326822],[-117.64736762467621,33.53854414669032],[-117.64731940023178,33.538468951392908],[-117.6472655351494,33.538397687919129],[-117.64720634854562,33.538330778459958],[-117.64714219106358,33.538268619411603],[-117.64707344279577,33.538211579027077],[-117.64700051103216,33.538159995234565],[-117.64692382784729,33.538114173635378],[-117.6468438475405,33.538074385693491],[-117.64676104394448,33.538040867127286],[-117.64667025490917,33.538002164434765],[-117.6465773351833,33.537968900762607],[-117.64612256742593,33.537820920622089],[-117.64603049610315,33.537790971013578],[-117.64588492013971,33.537747118815723],[-117.64573773268947,33.537709023791315],[-117.64558916133967,33.537676744844411],[-117.64543943581739,33.537650331886041],[-117.64528878763433,33.537629825756994],[-117.64513744972881,33.537615258164685],[-117.64498565610569,33.537606651634121],[-117.64483364147442,33.537604019473058],[-117.64468164088622,33.537607365751448],[-117.64362276405524,33.537650224910735],[-117.64362158574914,33.537650272365568]]},"properties":{"BASE_THIK":null,"BASE_TYPE":"NS","BIKELANETYPE":"0","DIST":"5","SHLTYPE":"CG","FEDCLS":"LOC","Inactive":"N","KEYNUM":"165525","LANES":"2","YEARMAIN":1626048000000,"LIMITS":"292' S/O CLARIN ST. TO ETHEREAL ST.","LASTTYPEMNT":"OL","MEDIANTYPE":"0","GIS_MILES":0.389999986,"MPAHCLS":"L","OBJECTID":2902,"PAVE_THIK":0.69999999999999996,"PAVE_TYPE":"AC","PAVE_W":"V","PAVE_WFT":40.100000000000001,"ROADNAME":"NARROW CANYON ROAD","SERVICE_AREA":"LADERA RANCH","TRACTNO":"TR 16271","STATECLS":"M","STATUS":"M","THMSCOR":"E2","THMSPGE":"952","TRACT_ACCEPT_DATE":1169510400000,"Property_ID":"A0811","Current_OM_Inspector":"Nick Nelson","Day_Swept":"1/3 Tues.","Time_Swept":"8am - 12pm","Road_Closed":"0","Charge_Number":"ER19500","STREETLIGHT_INSEPCT_STATUS":"Complete","SECONDARY_ISLAND_INFO":null,"LAFCO_ISLAND_NUMBER":null}},{"type":"Feature","id":1944,"geometry":{"type":"LineString","coordinates":[[-117.64927335370366,33.545372363868005],[-117.64899819532019,33.545441803058999],[-117.64884605956379,33.545476781106103],[-117.64869265177136,33.545505674035617],[-117.6485181066774,33.545534788874193],[-117.64830571103445,33.545571424655591],[-117.64809373399993,33.545610409607299],[-117.64784254940999,33.545658058522179],[-117.64775237511758,33.545680088570379],[-117.64766328835229,33.545706170638667],[-117.64757547109369,33.545736251448609],[-117.64716945733065,33.545885956056296],[-117.64640657723275,33.546167235657897]]},"properties":{"BASE_THIK":null,"BASE_TYPE":"NS","BIKELANETYPE":"0","DIST":"5","SHLTYPE":"CG","FEDCLS":"LOC","Inactive":"N","KEYNUM":"20380","LANES":"2","YEARMAIN":1502928000000,"LIMITS":"TRIAD LN. TO 924 ' SW","LASTTYPEMNT":"SC","MEDIANTYPE":"0","GIS_MILES":0.170000002,"MPAHCLS":"L","OBJECTID":1944,"PAVE_THIK":0.59999999999999998,"PAVE_TYPE":"AC","PAVE_W":"V","PAVE_WFT":36,"ROADNAME":"AURA LANE","SERVICE_AREA":"LADERA RANCH","TRACTNO":"TR 16341","STATECLS":"M","STATUS":"M","THMSCOR":"E2","THMSPGE":"952","TRACT_ACCEPT_DATE":1174953600000,"Property_ID":"A0980","Current_OM_Inspector":"Nick Nelson","Day_Swept":"1/3 Wed.","Time_Swept":"12pm - 4pm","Road_Closed":"0","Charge_Number":"ER19500","STREETLIGHT_INSEPCT_STATUS":"Complete","SECONDARY_ISLAND_INFO":null,"LAFCO_ISLAND_NUMBER":null}},{"type":"Feature","id":2193,"geometry":{"type":"LineString","coordinates":[[-117.64904773340918,33.541177988811519],[-117.64895955544046,33.541211603676302],[-117.64884810438797,33.541249894083194],[-117.64873461505242,33.541281637792437],[-117.64861947163349,33.54130672734086],[-117.64850306393053,33.541325077791875],[-117.64838578602289,33.541336627023014],[-117.64826803493585,33.541341335936238],[-117.6481502092966,33.541339188590278],[-117.64803270798467,33.541330192254634],[-117.6478460696334,33.541310740433836],[-117.64773283899596,33.541302212443263],[-117.64761930377843,33.541300299785178],[-117.64750585014251,33.541305008965004],[-117.64739286397239,33.541316323965638],[-117.64728072956228,33.54133420630194],[-117.6471698283094,33.541358595151607],[-117.64682573934621,33.541445431752422]]},"properties":{"BASE_THIK":null,"BASE_TYPE":"NS","BIKELANETYPE":"0","DIST":"5","SHLTYPE":"CG","FEDCLS":"LOC","Inactive":"N","KEYNUM":"61800","LANES":"2","YEARMAIN":1502928000000,"LIMITS":"NARROW CANYON RD. TO 694' W","LASTTYPEMNT":"SC","MEDIANTYPE":"0","GIS_MILES":0.129999995,"MPAHCLS":"L","OBJECTID":2193,"PAVE_THIK":0.59999999999999998,"PAVE_TYPE":"AC","PAVE_W":"V","PAVE_WFT":29.800000000000001,"ROADNAME":"CLARIN STREET","SERVICE_AREA":"LADERA RANCH","TRACTNO":"TR 16341","STATECLS":"M","STATUS":"M","THMSCOR":"E2","THMSPGE":"952","TRACT_ACCEPT_DATE":1174953600000,"Property_ID":"A1441","Current_OM_Inspector":"Nick Nelson","Day_Swept":"1/3 Wed.","Time_Swept":"12pm - 4pm","Road_Closed":"0","Charge_Number":"ER19500","STREETLIGHT_INSEPCT_STATUS":"Complete","SECONDARY_ISLAND_INFO":null,"LAFCO_ISLAND_NUMBER":null}},{"type":"Feature","id":2380,"geometry":{"type":"LineString","coordinates":[[-117.64357983873734,33.53915590052052],[-117.64365920725173,33.539643315070656],[-117.64378749408746,33.540144319894992],[-117.64382245164857,33.540268984663456],[-117.64386183807386,33.54038864085355],[-117.64390634255163,33.540506489255243],[-117.64395588245385,33.540622311068439],[-117.6441305443725,33.541007938540453],[-117.64417264650854,33.541109263006454],[-117.64420808168251,33.541213107051618],[-117.64423670038421,33.541319032531007],[-117.64425514775549,33.541408512289493],[-117.64426850934319,33.541498891494292],[-117.64427674244786,33.541589881321606],[-117.64427982075902,33.541681190996265],[-117.64427773443938,33.541772528720976],[-117.64427049015617,33.541863602608821]]},"properties":{"BASE_THIK":null,"BASE_TYPE":"NS","BIKELANETYPE":"0","DIST":"5","SHLTYPE":"CG","FEDCLS":"LOC","Inactive":"N","KEYNUM":"88825","LANES":"2","YEARMAIN":1502928000000,"LIMITS":"179' S/O SIENNA PKWY. TO 835' N/O SIENNA PKWY.","LASTTYPEMNT":"SC","MEDIANTYPE":"0","GIS_MILES":0.189999998,"MPAHCLS":"L","OBJECTID":2380,"PAVE_THIK":0.75,"PAVE_TYPE":"AC","PAVE_W":"V","PAVE_WFT":40.200000000000003,"ROADNAME":"ETHEREAL STREET","SERVICE_AREA":"LADERA RANCH","TRACTNO":"TR 16341","STATECLS":"M","STATUS":"M","THMSCOR":"E2","THMSPGE":"952","TRACT_ACCEPT_DATE":1174953600000,"Property_ID":"A1584","Current_OM_Inspector":"Nick Nelson","Day_Swept":"1/3 Tues.","Time_Swept":"8am - 12pm","Road_Closed":"0","Charge_Number":"ER19500","STREETLIGHT_INSEPCT_STATUS":"Complete","SECONDARY_ISLAND_INFO":null,"LAFCO_ISLAND_NUMBER":null}},{"type":"Feature","id":2384,"geometry":{"type":"LineString","coordinates":[[-117.64661694289565,33.546567226352515],[-117.6464667715198,33.546622609533756],[-117.64636563097996,33.546662568055346],[-117.6462670592129,33.546708499514999],[-117.64617140858188,33.546760239722097],[-117.64607902100799,33.546817603721578],[-117.64599022674793,33.546880386455079],[-117.6459053432134,33.546948363493954],[-117.64582467383653,33.547021291841531],[-117.64575704149662,33.547091368324438],[-117.64557434646198,33.547292649740392],[-117.64551955368538,33.547349990417786],[-117.64546205416178,33.54740461647787],[-117.64540198222576,33.547456400299247]]},"properties":{"BASE_THIK":null,"BASE_TYPE":"NS","BIKELANETYPE":"0","DIST":"5","SHLTYPE":"CG","FEDCLS":"LOC","Inactive":"N","KEYNUM":"88880","LANES":"2","YEARMAIN":1502928000000,"LIMITS":"TRIAD LN. TO 84' SW/O  ONEILL DR.","LASTTYPEMNT":"SC","MEDIANTYPE":"0","GIS_MILES":0.0900000036,"MPAHCLS":"L","OBJECTID":2384,"PAVE_THIK":0.69999999999999996,"PAVE_TYPE":"AC","PAVE_W":"V","PAVE_WFT":40,"ROADNAME":"ETON PLACE","SERVICE_AREA":"LADERA RANCH","TRACTNO":"TR 16341","STATECLS":"M","STATUS":"M","THMSCOR":"E2","THMSPGE":"952","TRACT_ACCEPT_DATE":1174953600000,"Property_ID":"A1585","Current_OM_Inspector":"Nick Nelson","Day_Swept":"1/3 Wed.","Time_Swept":"12pm - 4pm","Road_Closed":"0","Charge_Number":"ER19500","STREETLIGHT_INSEPCT_STATUS":"Complete","SECONDARY_ISLAND_INFO":null,"LAFCO_ISLAND_NUMBER":null}},{"type":"Feature","id":2448,"geometry":{"type":"LineString","coordinates":[[-117.64682637560917,33.54696545798086],[-117.6481864445728,33.546463987010434]]},"properties":{"BASE_THIK":null,"BASE_TYPE":"NS","BIKELANETYPE":"0","DIST":"5","SHLTYPE":"CG","FEDCLS":"LOC","Inactive":"N","KEYNUM":"99700","LANES":"2","YEARMAIN":1502928000000,"LIMITS":"NARROW CANYON RD. TO TRIAD LN.","LASTTYPEMNT":"SC","MEDIANTYPE":"0","GIS_MILES":0.0900000036,"MPAHCLS":"L","OBJECTID":2448,"PAVE_THIK":0.59999999999999998,"PAVE_TYPE":"AC","PAVE_W":"V","PAVE_WFT":36,"ROADNAME":"GAIA LANE","SERVICE_AREA":"LADERA RANCH","TRACTNO":"TR 16341","STATECLS":"M","STATUS":"M","THMSCOR":"E2","THMSPGE":"952","TRACT_ACCEPT_DATE":1174953600000,"Property_ID":"A1653","Current_OM_Inspector":"Nick Nelson","Day_Swept":"1/3 Wed.","Time_Swept":"12pm - 4pm","Road_Closed":"0","Charge_Number":"ER19500","STREETLIGHT_INSEPCT_STATUS":"Complete","SECONDARY_ISLAND_INFO":null,"LAFCO_ISLAND_NUMBER":null}},{"type":"Feature","id":2901,"geometry":{"type":"LineString","coordinates":[[-117.64592703512592,33.549310440376964],[-117.64600000637427,33.549294560533077],[-117.64607253599712,33.549276772156709],[-117.64618975801099,33.549243754105397],[-117.64630538080519,33.549205510652236],[-117.64641917157537,33.549162118799707],[-117.64653090120599,33.549113665916494],[-117.64664034473149,33.549060249561578],[-117.64719584352326,33.548772252896185],[-117.64760117997109,33.548562117804977],[-117.64768951021601,33.548514300697896],[-117.64777477156795,33.548461204466761],[-117.64785664890613,33.548403025352023],[-117.64793483961682,33.548339978380191],[-117.64800905471191,33.548272296569053],[-117.64807901989687,33.548200230066499],[-117.6481444765846,33.548124045225968],[-117.64820518285117,33.548044023622026],[-117.64826091432985,33.547960461009687],[-117.64830757811266,33.54787894614239],[-117.64834820398724,33.547794260130956],[-117.64838257776501,33.547706849458734],[-117.64841051821983,33.547617174974071],[-117.64843187804348,33.547525709460622],[-117.64844654462225,33.547432935144755],[-117.64845444063069,33.547339341153133],[-117.64845552443929,33.547245420933926],[-117.648449790334,33.54715166965525],[-117.64843726854627,33.547058581594534],[-117.64841802509375,33.546966647532557],[-117.64839216143213,33.546876352165981],[-117.64835981392038,33.546788171551903],[-117.64832115310168,33.546702570597965],[-117.64827638280443,33.546620000611284],[-117.6481864445728,33.546463987010434],[-117.64806968972802,33.546261474592256],[-117.64801810089899,33.54616666143761],[-117.64797183305305,33.546069141039716],[-117.64793102773065,33.545969211728512],[-117.64789580976156,33.545867179203171],[-117.647866286883,33.545763355596918],[-117.64784254940999,33.545658058522179],[-117.64782627691581,33.545560446222119],[-117.64781526027642,33.545462101985649],[-117.64780953117027,33.545363308602603],[-117.64780910607146,33.545264350154348],[-117.64781398620239,33.545165511196885],[-117.64782415753018,33.545067075942626],[-117.64784660718594,33.544894854378391],[-117.64785130745761,33.54485361310531],[-117.64785681968695,33.54476425854817],[-117.64785603145521,33.544674737599536],[-117.64784894666917,33.54458549395909],[-117.64783560044368,33.544496969952071],[-117.64781605892773,33.544409604336934],[-117.64777807274572,33.544263375057],[-117.64775859909494,33.544176252242899],[-117.64774526694561,33.544087980720853],[-117.64773814160263,33.543998992871693],[-117.64773725796815,33.543909724585042],[-117.64774410962242,33.543642748297586],[-117.6477538052937,33.543264262896393],[-117.64775190715257,33.543160998572766],[-117.64774336231258,33.543058070883667],[-117.64772820625353,33.542955907204458],[-117.64770650190628,33.542854931738212],[-117.6476783393914,33.542755563754284],[-117.64764383564504,33.542658215847467],[-117.6476031339333,33.542563292224827],[-117.64755640325745,33.542471187027317],[-117.64750383765215,33.542382282693261],[-117.64744565537983,33.542296948370385],[-117.64738209802432,33.542215538383054],[-117.64731342948792,33.542138390761046],[-117.6472099076003,33.542025409860514],[-117.64712201963117,33.541929541118343],[-117.64705963968241,33.541857623360833],[-117.64700214756552,33.541781741358029],[-117.64694979451463,33.541702226705823],[-117.64690280930672,33.541619426874355],[-117.64686139726192,33.541533703689645],[-117.64682573934621,33.541445431752422],[-117.64682369810825,33.541442808880454],[-117.6468221036894,33.541439892729173],[-117.64680282471814,33.541382196248087],[-117.64678623085186,33.541323670986323],[-117.64678464345006,33.541317467863976],[-117.64676648819517,33.541234641303177],[-117.64675388885098,33.541150789594909],[-117.64674690135179,33.541066284995573],[-117.64674555671832,33.54098150266006],[-117.64674986092002,33.540896818976265],[-117.64675979484856,33.540812609894111],[-117.64677531440266,33.54072924925655],[-117.64679635068383,33.540647107139897]]},"properties":{"BASE_THIK":null,"BASE_TYPE":"NS","BIKELANETYPE":"0","DIST":"5","SHLTYPE":"CG","FEDCLS":"LOC","Inactive":"N","KEYNUM":"165500","LANES":"2","YEARMAIN":1626048000000,"LIMITS":"46' SW/O ONEILL DR. TO 292' S/O CLARIN ST.","LASTTYPEMNT":"OL","MEDIANTYPE":"0","GIS_MILES":0.689999998,"MPAHCLS":"L","OBJECTID":2901,"PAVE_THIK":0.84999999999999998,"PAVE_TYPE":"AC","PAVE_W":"V","PAVE_WFT":40,"ROADNAME":"NARROW CANYON ROAD","SERVICE_AREA":"LADERA RANCH","TRACTNO":"TR 16341","STATECLS":"M","STATUS":"M","THMSCOR":"E2","THMSPGE":"952","TRACT_ACCEPT_DATE":1174953600000,"Property_ID":"A0811","Current_OM_Inspector":"Nick Nelson","Day_Swept":"1/3 Tues.","Time_Swept":"8am - 12pm","Road_Closed":"0","Charge_Number":"ER19500","STREETLIGHT_INSEPCT_STATUS":"Complete","SECONDARY_ISLAND_INFO":null,"LAFCO_ISLAND_NUMBER":null}},{"type":"Feature","id":3250,"geometry":{"type":"LineString","coordinates":[[-117.64365920725173,33.539643315070656],[-117.64263902779238,33.539669351837858],[-117.64251692607868,33.539675384829543],[-117.64239543163126,33.539687222461033],[-117.64227493794542,33.539704827871724],[-117.64215583494256,33.539728142601462],[-117.6420385079945,33.539757092913014],[-117.64192333676098,33.539791584395125],[-117.64181069415663,33.539831504678965],[-117.64170094636543,33.539876724339464],[-117.64159444641027,33.539927098770654],[-117.64151670740172,33.539968270678848],[-117.64144115078832,33.540012199936413],[-117.64136027782473,33.540061392352726]]},"properties":{"BASE_THIK":null,"BASE_TYPE":"NS","BIKELANETYPE":"0","DIST":"5","SHLTYPE":"CG","FEDCLS":"LOC","Inactive":"N","KEYNUM":"217698","LANES":"2","YEARMAIN":1600300800000,"LIMITS":"733'  E TO ETHEREAL ST.","LASTTYPEMNT":"OL","MEDIANTYPE":"PLNT","GIS_MILES":0.140000001,"MPAHCLS":"L","OBJECTID":3250,"PAVE_THIK":0.80000000000000004,"PAVE_TYPE":"AC","PAVE_W":"V","PAVE_WFT":44.219999999999999,"ROADNAME":"SIENNA PARKWAY","SERVICE_AREA":"LADERA RANCH","TRACTNO":"TR 16341","STATECLS":"M","STATUS":"M","THMSCOR":"E3","THMSPGE":"952","TRACT_ACCEPT_DATE":1174953600000,"Property_ID":"A1049","Current_OM_Inspector":"Nick Nelson","Day_Swept":"1/3 Wed.","Time_Swept":"5am - 8am","Road_Closed":"0","Charge_Number":"ER19500","STREETLIGHT_INSEPCT_STATUS":"Complete","SECONDARY_ISLAND_INFO":null,"LAFCO_ISLAND_NUMBER":null}},{"type":"Feature","id":3297,"geometry":{"type":"LineString","coordinates":[[-117.64423670038421,33.541319032531007],[-117.64356774646775,33.541490487756789],[-117.64341843132242,33.541532227502231],[-117.64327182180827,33.541580225345776],[-117.64312829393873,33.541634360768192],[-117.64298821157064,33.54169449354977],[-117.64285193299402,33.541760471812402],[-117.64271980544855,33.541832125768401],[-117.64259216631538,33.541909274921032],[-117.64246933977245,33.541991720887808],[-117.64235164120167,33.542079253663118]]},"properties":{"BASE_THIK":null,"BASE_TYPE":"NS","BIKELANETYPE":"0","DIST":"5","SHLTYPE":"CG","FEDCLS":"LOC","Inactive":"N","KEYNUM":"221980","LANES":"2","YEARMAIN":1502928000000,"LIMITS":"ETHEREAL ST. TO 21' NE/O LODEN PASS","LASTTYPEMNT":"SC","MEDIANTYPE":"0","GIS_MILES":0.119999997,"MPAHCLS":"L","OBJECTID":3297,"PAVE_THIK":0.59999999999999998,"PAVE_TYPE":"AC","PAVE_W":"","PAVE_WFT":36.200000000000003,"ROADNAME":"SOL STREET","SERVICE_AREA":"LADERA RANCH","TRACTNO":"TR 16341","STATECLS":"M","STATUS":"M","THMSCOR":"E3","THMSPGE":"952","TRACT_ACCEPT_DATE":1174953600000,"Property_ID":"A1075","Current_OM_Inspector":"Nick Nelson","Day_Swept":"1/3 Wed.","Time_Swept":"12pm - 4pm","Road_Closed":"0","Charge_Number":"ER19500","STREETLIGHT_INSEPCT_STATUS":"Complete","SECONDARY_ISLAND_INFO":null,"LAFCO_ISLAND_NUMBER":null}},{"type":"Feature","id":3399,"geometry":{"type":"LineString","coordinates":[[-117.64567706200128,33.545379746334888],[-117.64589347381242,33.545568895774082],[-117.64604050217366,33.545697403452614],[-117.64610939377559,33.545760744923683],[-117.64617426957743,33.545828193608685],[-117.64623488516435,33.545899495399659],[-117.64629101217157,33.545974381672323],[-117.64634243914472,33.546052570298144],[-117.64638897233641,33.5461337667072],[-117.64640657723275,33.546167235657897],[-117.64661694289565,33.546567226352515],[-117.64682637560917,33.54696545798086],[-117.64701220840048,33.547318826866118]]},"properties":{"BASE_THIK":null,"BASE_TYPE":"NS","BIKELANETYPE":"0","DIST":"5","SHLTYPE":"CG","FEDCLS":"LOC","Inactive":"N","KEYNUM":"237075","LANES":"2","YEARMAIN":1502928000000,"LIMITS":"125' NW/O VALMONT WAY TO 159' NW/O GAIA LN.","LASTTYPEMNT":"SC","MEDIANTYPE":"0","GIS_MILES":0.159999996,"MPAHCLS":"L","OBJECTID":3399,"PAVE_THIK":0.59999999999999998,"PAVE_TYPE":"AC","PAVE_W":"V","PAVE_WFT":36,"ROADNAME":"TRIAD LANE","SERVICE_AREA":"LADERA RANCH","TRACTNO":"TR 16341","STATECLS":"M","STATUS":"M","THMSCOR":"E2","THMSPGE":"952","TRACT_ACCEPT_DATE":1174953600000,"Property_ID":"A1168","Current_OM_Inspector":"Nick Nelson","Day_Swept":"1/3 Wed.","Time_Swept":"12pm - 4pm","Road_Closed":"0","Charge_Number":"ER19500","STREETLIGHT_INSEPCT_STATUS":"Complete","SECONDARY_ISLAND_INFO":null,"LAFCO_ISLAND_NUMBER":null}},{"type":"Feature","id":2407,"geometry":{"type":"LineString","coordinates":[[-117.64838233365261,33.544943615220724],[-117.64839151017932,33.544998040626638],[-117.64862699473338,33.544970192744273],[-117.64869284946101,33.544960193892003],[-117.64875781596538,33.544945490983856],[-117.64882155868139,33.54492615996331],[-117.64888374836502,33.544902300678999],[-117.64894406379402,33.544874036368931]]},"properties":{"BASE_THIK":null,"BASE_TYPE":"NS","BIKELANETYPE":"0","DIST":"5","SHLTYPE":"CG","FEDCLS":"LOC","Inactive":"N","KEYNUM":"92385","LANES":"2","YEARMAIN":1502928000000,"LIMITS":"FOLIATE WAY TO END","LASTTYPEMNT":"SC","MEDIANTYPE":"0","GIS_MILES":0.0399999991,"MPAHCLS":"L","OBJECTID":2407,"PAVE_THIK":0.5,"PAVE_TYPE":"AC","PAVE_W":"","PAVE_WFT":28.100000000000001,"ROADNAME":"FALLOW LANE","SERVICE_AREA":"LADERA RANCH","TRACTNO":"TR 16342","STATECLS":"M","STATUS":"M","THMSCOR":"F3","THMSPGE":"952","TRACT_ACCEPT_DATE":1190678400000,"Property_ID":"A1597","Current_OM_Inspector":"Nick Nelson","Day_Swept":"1/3 Wed.","Time_Swept":"12pm - 4pm","Road_Closed":"0","Charge_Number":"ER19500","STREETLIGHT_INSEPCT_STATUS":"Complete","SECONDARY_ISLAND_INFO":null,"LAFCO_ISLAND_NUMBER":null}},{"type":"Feature","id":2427,"geometry":{"type":"LineString","coordinates":[[-117.64893485697088,33.547673057705126],[-117.64898676493003,33.547706692740256],[-117.64926491462201,33.547405665357267],[-117.64930729872874,33.54735758871896],[-117.6493442853817,33.547305245972026],[-117.6493754483991,33.54724924024017],[-117.64940042870244,33.547190216854133],[-117.64941893845406,33.547128855915837],[-117.64943076437383,33.54706586446185],[-117.64943577019658,33.547001968316479],[-117.64943389824229,33.546937903728441],[-117.64942517008072,33.546874408887312],[-117.64940968628284,33.546812215417745],[-117.64938762526201,33.546752039949205],[-117.64935924121819,33.546694575858581],[-117.64932215088704,33.54662258219183],[-117.64929142019753,33.546547652855537],[-117.64926727903168,33.546470348361311],[-117.64924990797834,33.546391246988236],[-117.64923943698236,33.546310940456998],[-117.64923594437235,33.546230029503526],[-117.64923945627494,33.546149119385142],[-117.6492499464192,33.546068815352932],[-117.64926733633324,33.545989718124119],[-117.64929149593117,33.545912419388394],[-117.64931176929328,33.545847421060721],[-117.64932582300534,33.545780800605996],[-117.64933353181713,33.545713151762456],[-117.6493348270258,33.545645077433633],[-117.64932969708811,33.54557718431505],[-117.64931818772334,33.545510077487279],[-117.64929911216335,33.545440132835864],[-117.64927335370366,33.545372363868005]]},"properties":{"BASE_THIK":null,"BASE_TYPE":"NS","BIKELANETYPE":"0","DIST":"5","SHLTYPE":"CG","FEDCLS":"LOC","Inactive":"N","KEYNUM":"96100","LANES":"2","YEARMAIN":1502928000000,"LIMITS":"52' N/O AURA LN. TO END","LASTTYPEMNT":"SC","MEDIANTYPE":"0","GIS_MILES":0.170000002,"MPAHCLS":"L","OBJECTID":2427,"PAVE_THIK":0.5,"PAVE_TYPE":"AC","PAVE_W":"V","PAVE_WFT":36.600000000000001,"ROADNAME":"FOLIATE WAY","SERVICE_AREA":"LADERA RANCH","TRACTNO":"TR 16342","STATECLS":"M","STATUS":"M","THMSCOR":"D2","THMSPGE":"952","TRACT_ACCEPT_DATE":1190678400000,"Property_ID":"A1613","Current_OM_Inspector":"Nick Nelson","Day_Swept":"1/3 Wed.","Time_Swept":"12pm - 4pm","Road_Closed":"0","Charge_Number":"ER19500","STREETLIGHT_INSEPCT_STATUS":"Complete","SECONDARY_ISLAND_INFO":null,"LAFCO_ISLAND_NUMBER":null}},{"type":"Feature","id":2428,"geometry":{"type":"LineString","coordinates":[[-117.64857291661833,33.543905673449849],[-117.64857747087851,33.544191980675727],[-117.64858221122806,33.544255007976346],[-117.64859347459571,33.544317201610163],[-117.64861113905594,33.544377888333443],[-117.64863501339161,33.544436411214726],[-117.64866483916398,33.544492136746044],[-117.64870029351017,33.544544461700639],[-117.64894406379402,33.544874036368931],[-117.64917847662292,33.545190961861699],[-117.64921268830889,33.545241940860961],[-117.64923262691302,33.545277327688765],[-117.64925026148991,33.545313917266718],[-117.64927335370366,33.545372363868005]]},"properties":{"BASE_THIK":null,"BASE_TYPE":"NS","BIKELANETYPE":"0","DIST":"5","SHLTYPE":"CG","FEDCLS":"LOC","Inactive":"N","KEYNUM":"96200","LANES":"2","YEARMAIN":1502928000000,"LIMITS":"51' SW/O AURA LN. TO END","LASTTYPEMNT":"SC","MEDIANTYPE":"0","GIS_MILES":0.109999999,"MPAHCLS":"L","OBJECTID":2428,"PAVE_THIK":0.5,"PAVE_TYPE":"AC","PAVE_W":"V","PAVE_WFT":29.800000000000001,"ROADNAME":"FOLIATE WAY","SERVICE_AREA":"LADERA RANCH","TRACTNO":"TR 16342","STATECLS":"M","STATUS":"M","THMSCOR":"D2","THMSPGE":"952","TRACT_ACCEPT_DATE":1190678400000,"Property_ID":"A1613","Current_OM_Inspector":"Nick Nelson","Day_Swept":"1/3 Wed.","Time_Swept":"12pm - 4pm","Road_Closed":"0","Charge_Number":"ER19500","STREETLIGHT_INSEPCT_STATUS":"Complete","SECONDARY_ISLAND_INFO":null,"LAFCO_ISLAND_NUMBER":null}},{"type":"Feature","id":2450,"geometry":{"type":"LineString","coordinates":[[-117.64793422631283,33.542032203752633],[-117.64793101736623,33.541977326248563],[-117.64807819199567,33.541968723065125],[-117.64822495623444,33.541954771558586],[-117.64837111578929,33.54193549019859],[-117.64851647716746,33.541910904510686],[-117.6486608479329,33.541881047042544],[-117.64880403696093,33.541845957320845],[-117.64886324547722,33.541832291544246],[-117.64892319686611,33.54182238029707],[-117.64898365329083,33.541816262898834],[-117.64932881277736,33.541792155949437]]},"properties":{"BASE_THIK":null,"BASE_TYPE":"NS","BIKELANETYPE":"0","DIST":"5","SHLTYPE":"CG","FEDCLS":"LOC","Inactive":"N","KEYNUM":"99900","LANES":"2","YEARMAIN":1502928000000,"LIMITS":"SNOW BUSH ST. TO END","LASTTYPEMNT":"SC","MEDIANTYPE":"0","GIS_MILES":0.0900000036,"MPAHCLS":"L","OBJECTID":2450,"PAVE_THIK":0.5,"PAVE_TYPE":"AC","PAVE_W":"","PAVE_WFT":35.899999999999999,"ROADNAME":"GARDENIA STREET","SERVICE_AREA":"LADERA RANCH","TRACTNO":"TR 16346","STATECLS":"M","STATUS":"M","THMSCOR":"D3","THMSPGE":"952","TRACT_ACCEPT_DATE":1192492800000,"Property_ID":"A1658","Current_OM_Inspector":"Nick Nelson","Day_Swept":"1/3 Wed.","Time_Swept":"12pm - 4pm","Road_Closed":"0","Charge_Number":"ER19500","STREETLIGHT_INSEPCT_STATUS":"Complete","SECONDARY_ISLAND_INFO":null,"LAFCO_ISLAND_NUMBER":null}},{"type":"Feature","id":2496,"geometry":{"type":"LineString","coordinates":[[-117.64866185222034,33.542872280573036],[-117.64833496723499,33.542791685167536],[-117.64831641326775,33.542844388671192]]},"properties":{"BASE_THIK":null,"BASE_TYPE":"NS","BIKELANETYPE":"0","DIST":"5","SHLTYPE":"CG","FEDCLS":"LOC","Inactive":"N","KEYNUM":"105900","LANES":"2","YEARMAIN":1502928000000,"LIMITS":"SNOW BUSH ST. TO END","LASTTYPEMNT":"SC","MEDIANTYPE":"0","GIS_MILES":0.0199999996,"MPAHCLS":"L","OBJECTID":2496,"PAVE_THIK":0.5,"PAVE_TYPE":"AC","PAVE_W":"V","PAVE_WFT":40.799999999999997,"ROADNAME":"GREVILLEA COURT","SERVICE_AREA":"LADERA RANCH","TRACTNO":"TR 16346","STATECLS":"M","STATUS":"M","THMSCOR":"F3","THMSPGE":"952","TRACT_ACCEPT_DATE":1192492800000,"Property_ID":"A0529","Current_OM_Inspector":"Nick Nelson","Day_Swept":"1/3 Wed.","Time_Swept":"12pm - 4pm","Road_Closed":"0","Charge_Number":"ER19500","STREETLIGHT_INSEPCT_STATUS":"Complete","SECONDARY_ISLAND_INFO":null,"LAFCO_ISLAND_NUMBER":null}},{"type":"Feature","id":3295,"geometry":{"type":"LineString","coordinates":[[-117.64910348563339,33.541280537469795],[-117.64925791469564,33.541564585294253],[-117.64928409990362,33.541618529130844],[-117.64930477266226,33.541674816249028],[-117.6493197266922,33.541732884998041],[-117.64932881277736,33.541792155949437],[-117.64933130528358,33.541855404817575],[-117.64932712372874,33.541918564508101],[-117.6493163146089,33.541980932727867],[-117.64929899811416,33.542041815984341],[-117.64927536679228,33.542100537296776],[-117.6492456834076,33.542156443723805],[-117.64921027801935,33.542208913623661],[-117.64912493492639,33.542325279570576],[-117.64908161241569,33.54237856218883],[-117.64903335821873,33.542427423316717],[-117.64884143010288,33.542604489922141],[-117.6487953689857,33.542650500303083],[-117.64875401144478,33.542700780870682],[-117.6487177512705,33.54275485287296],[-117.64868693371811,33.542812201457366],[-117.64866185222034,33.542872280573036],[-117.64864533839315,33.542927594224444],[-117.64863436614851,33.54298426799587],[-117.64862904269323,33.543041748143267],[-117.64862942004136,33.543099473043689],[-117.64865012185857,33.543457443947936]]},"properties":{"BASE_THIK":null,"BASE_TYPE":"NS","BIKELANETYPE":"0","DIST":"5","SHLTYPE":"CG","FEDCLS":"LOC","Inactive":"N","KEYNUM":"221990","LANES":"2","YEARMAIN":1502928000000,"LIMITS":"41' N/O CLARIN ST. TO END","LASTTYPEMNT":"SC","MEDIANTYPE":"0","GIS_MILES":0.159999996,"MPAHCLS":"L","OBJECTID":3295,"PAVE_THIK":0.55000000000000004,"PAVE_TYPE":"AC","PAVE_W":"","PAVE_WFT":36,"ROADNAME":"SNOW BUSH STREET","SERVICE_AREA":"LADERA RANCH","TRACTNO":"TR 16346","STATECLS":"M","STATUS":"M","THMSCOR":"D3","THMSPGE":"952","TRACT_ACCEPT_DATE":1192492800000,"Property_ID":"A1077","Current_OM_Inspector":"Nick Nelson","Day_Swept":"1/3 Wed.","Time_Swept":"12pm - 4pm","Road_Closed":"0","Charge_Number":"ER19500","STREETLIGHT_INSEPCT_STATUS":"Complete","SECONDARY_ISLAND_INFO":null,"LAFCO_ISLAND_NUMBER":null}},{"type":"Feature","id":2762,"geometry":{"type":"LineString","coordinates":[[-117.64222586682369,33.542010770964659],[-117.64228095584353,33.542050591722294],[-117.64233385286416,33.542093281276678],[-117.64246507028436,33.542220604767508],[-117.64250667287502,33.542267517092917],[-117.64254473135657,33.542317347744181],[-117.64257904169425,33.542369829574881],[-117.64260941994733,33.542424681225384],[-117.64264335979345,33.542495352438813],[-117.6426714364179,33.54256855105028],[-117.64269346360454,33.542643791575337],[-117.64270929525964,33.542720574986681],[-117.64271882638091,33.542798392023947],[-117.6427219937539,33.542876726571308],[-117.6427187763712,33.54295505908059],[-117.64270872700646,33.543030915725332],[-117.64269296952787,33.543105795109348],[-117.64267159419127,33.543179268337582],[-117.64264472343059,33.543250914569192],[-117.6426125111565,33.543320323427992],[-117.64257514187487,33.54338709735309],[-117.64253282962991,33.543450853875967],[-117.64248581677823,33.54351122781123],[-117.64242951304102,33.543574738303235],[-117.64236879736603,33.543634045134446],[-117.64232080128249,33.543679166990565],[-117.64227405514865,33.543725582558046],[-117.64208235632795,33.543922176983344],[-117.6420711228666,33.543934944686441],[-117.64206213275996,33.543949380159376],[-117.64205562891387,33.543965093366637],[-117.64205178705733,33.543981659749306],[-117.64205071099437,33.543998631696297],[-117.64205242979941,33.544015550638512],[-117.64205689703162,33.544031959438975]]},"properties":{"BASE_THIK":null,"BASE_TYPE":"NS","BIKELANETYPE":"0","DIST":"5","SHLTYPE":"CG","FEDCLS":"LOC","Inactive":"N","KEYNUM":"143500","LANES":"2","YEARMAIN":1502928000000,"LIMITS":"41' SE/O SOL ST. TO MOCHA LN.","LASTTYPEMNT":"SC","MEDIANTYPE":"0","GIS_MILES":0.159999996,"MPAHCLS":"L","OBJECTID":2762,"PAVE_THIK":0.55000000000000004,"PAVE_TYPE":"AC","PAVE_W":"V","PAVE_WFT":30,"ROADNAME":"LODEN PASS","SERVICE_AREA":"LADERA RANCH","TRACTNO":"TR 16349","STATECLS":"M","STATUS":"M","THMSCOR":"E2","THMSPGE":"952","TRACT_ACCEPT_DATE":1169510400000,"Property_ID":"A0693","Current_OM_Inspector":"Nick Nelson","Day_Swept":"1/3 Wed.","Time_Swept":"12pm - 4pm","Road_Closed":"0","Charge_Number":"ER19500","STREETLIGHT_INSEPCT_STATUS":"Complete","SECONDARY_ISLAND_INFO":null,"LAFCO_ISLAND_NUMBER":null}},{"type":"Feature","id":2878,"geometry":{"type":"LineString","coordinates":[[-117.64307869386589,33.544459325029209],[-117.64302023479016,33.544417740324789],[-117.64295860752331,33.544381013888007],[-117.64289421487356,33.544349385770225],[-117.64282747772418,33.544323062699171],[-117.64275883228258,33.544302216727736],[-117.64268872722917,33.544286984109362],[-117.64247825003845,33.544248770993171],[-117.64240504351858,33.544232695934163],[-117.6423334378531,33.544210554779184],[-117.64226393475379,33.544182502662309],[-117.64219702120064,33.54414873613333],[-117.64213316602974,33.544109491780588],[-117.64210240416926,33.544088453384177],[-117.64208787576969,33.5440771485749],[-117.64207525732415,33.544063745293982],[-117.64206484864258,33.544048561998721],[-117.64205689703162,33.544031959438975]]},"properties":{"BASE_THIK":null,"BASE_TYPE":"NS","BIKELANETYPE":"0","DIST":"5","SHLTYPE":"CG","FEDCLS":"LOC","Inactive":"N","KEYNUM":"160380","LANES":"2","YEARMAIN":1502928000000,"LIMITS":"LODEN PASS TO END","LASTTYPEMNT":"SC","MEDIANTYPE":"0","GIS_MILES":0.0700000003,"MPAHCLS":"L","OBJECTID":2878,"PAVE_THIK":0.5,"PAVE_TYPE":"AC","PAVE_W":"","PAVE_WFT":36,"ROADNAME":"MOCHA LANE","SERVICE_AREA":"LADERA RANCH","TRACTNO":"TR 16349","STATECLS":"M","STATUS":"M","THMSCOR":"E2","THMSPGE":"952","TRACT_ACCEPT_DATE":1169510400000,"Property_ID":"A0785","Current_OM_Inspector":"Nick Nelson","Day_Swept":"1/3 Wed.","Time_Swept":"12pm - 4pm","Road_Closed":"0","Charge_Number":"ER19500","STREETLIGHT_INSEPCT_STATUS":"Complete","SECONDARY_ISLAND_INFO":null,"LAFCO_ISLAND_NUMBER":null}},{"type":"Feature","id":3022,"geometry":{"type":"LineString","coordinates":[[-117.64260941994733,33.542424681225384],[-117.64281085471217,33.542350695756085],[-117.64290073391406,33.542321140011424],[-117.64299225569614,33.5422971488385],[-117.64308507589858,33.542278812454065],[-117.64317884547893,33.542266199810527],[-117.64327321182468,33.542259358336658],[-117.64336782007925,33.542258313759234],[-117.64346231447638,33.5422630700063]]},"properties":{"BASE_THIK":null,"BASE_TYPE":"NS","BIKELANETYPE":"0","DIST":"5","SHLTYPE":"CG","FEDCLS":"LOC","Inactive":"N","KEYNUM":"185210","LANES":"2","YEARMAIN":1502928000000,"LIMITS":"LODEN PASS TO END","LASTTYPEMNT":"SC","MEDIANTYPE":"0","GIS_MILES":0.0500000007,"MPAHCLS":"L","OBJECTID":3022,"PAVE_THIK":0.5,"PAVE_TYPE":"AC","PAVE_W":"","PAVE_WFT":36.100000000000001,"ROADNAME":"PATINA LANE","SERVICE_AREA":"LADERA RANCH","TRACTNO":"TR 16349","STATECLS":"M","STATUS":"M","THMSCOR":"E2","THMSPGE":"952","TRACT_ACCEPT_DATE":1169510400000,"Property_ID":"A0889","Current_OM_Inspector":"Nick Nelson","Day_Swept":"1/3 Wed.","Time_Swept":"12pm - 4pm","Road_Closed":"0","Charge_Number":"ER19500","STREETLIGHT_INSEPCT_STATUS":"Complete","SECONDARY_ISLAND_INFO":null,"LAFCO_ISLAND_NUMBER":null}},{"type":"Feature","id":3331,"geometry":{"type":"LineString","coordinates":[[-117.64346699434073,33.542998387216201],[-117.64334422083331,33.543006687582356],[-117.64322117364122,33.543007959871893],[-117.64309825475232,33.543002199928317],[-117.64297586573527,33.542989426569015],[-117.6427187763712,33.54295505908059]]},"properties":{"BASE_THIK":null,"BASE_TYPE":"NS","BIKELANETYPE":"0","DIST":"5","SHLTYPE":"CG","FEDCLS":"LOC","Inactive":"N","KEYNUM":"228415","LANES":"2","YEARMAIN":1502928000000,"LIMITS":"LODEN PASS TO END","LASTTYPEMNT":"SC","MEDIANTYPE":"0","GIS_MILES":0.0399999991,"MPAHCLS":"L","OBJECTID":3331,"PAVE_THIK":0.5,"PAVE_TYPE":"AC","PAVE_W":"","PAVE_WFT":36,"ROADNAME":"SUGARCANE LANE","SERVICE_AREA":"LADERA RANCH","TRACTNO":"TR 16349","STATECLS":"M","STATUS":"M","THMSCOR":"E2","THMSPGE":"952","TRACT_ACCEPT_DATE":1169510400000,"Property_ID":"A1111","Current_OM_Inspector":"Nick Nelson","Day_Swept":"1/3 Wed.","Time_Swept":"12pm - 4pm","Road_Closed":"0","Charge_Number":"ER19500","STREETLIGHT_INSEPCT_STATUS":"Complete","SECONDARY_ISLAND_INFO":null,"LAFCO_ISLAND_NUMBER":null}},{"type":"Feature","id":3350,"geometry":{"type":"LineString","coordinates":[[-117.64346380624019,33.543761057486741],[-117.64339601050493,33.54373608712644],[-117.6433265042308,33.543716372703571],[-117.64325569423063,33.543702029604553],[-117.64318399494783,33.543693141778029],[-117.64308998468877,33.543682653992875],[-117.64299659852485,33.54366758923814],[-117.64279776014419,33.543630456557423],[-117.64272294125067,33.543613450177517],[-117.64264982399996,33.543590191814822],[-117.64257892981705,33.543560847332955],[-117.64251076427344,33.543525625997788],[-117.64248581677823,33.54351122781123]]},"properties":{"BASE_THIK":null,"BASE_TYPE":"NS","BIKELANETYPE":"0","DIST":"5","SHLTYPE":"CG","FEDCLS":"LOC","Inactive":"N","KEYNUM":"231600","LANES":"2","YEARMAIN":1502928000000,"LIMITS":"LODEN PASS TO END","LASTTYPEMNT":"SC","MEDIANTYPE":"0","GIS_MILES":0.0599999987,"MPAHCLS":"L","OBJECTID":3350,"PAVE_THIK":0.5,"PAVE_TYPE":"AC","PAVE_W":"","PAVE_WFT":35.109999999999999,"ROADNAME":"TAFFETA LANE","SERVICE_AREA":"LADERA RANCH","TRACTNO":"TR 16349","STATECLS":"M","STATUS":"M","THMSCOR":"E2","THMSPGE":"952","TRACT_ACCEPT_DATE":1169510400000,"Property_ID":"A1128","Current_OM_Inspector":"Nick Nelson","Day_Swept":"1/3 Wed.","Time_Swept":"12pm - 4pm","Road_Closed":"0","Charge_Number":"ER19500","STREETLIGHT_INSEPCT_STATUS":"Complete","SECONDARY_ISLAND_INFO":null,"LAFCO_ISLAND_NUMBER":null}},{"type":"Feature","id":3595,"geometry":{"type":"LineString","coordinates":[[-117.64787691819754,33.539941179330327],[-117.6478946141102,33.539888238417852],[-117.64853624218296,33.540038573215782],[-117.64860186488137,33.540051541314057],[-117.64866822856339,33.540059930105961],[-117.64899961456315,33.540090205170245]]},"properties":{"BASE_THIK":null,"BASE_TYPE":"NS","BIKELANETYPE":"0","DIST":"5","SHLTYPE":"CG","FEDCLS":"LOC","Inactive":"N","KEYNUM":"44500","LANES":"2","YEARMAIN":1502928000000,"LIMITS":"SNOW BUSH ST. TO END","LASTTYPEMNT":"SC","MEDIANTYPE":"0","GIS_MILES":0.0700000003,"MPAHCLS":"L","OBJECTID":3595,"PAVE_THIK":0.5,"PAVE_TYPE":"AC","PAVE_W":"","PAVE_WFT":35.899999999999999,"ROADNAME":"CALLIANDRA STREET","SERVICE_AREA":"LADERA RANCH","TRACTNO":"TR 16351","STATECLS":"M","STATUS":"M","THMSCOR":"D3","THMSPGE":"952","TRACT_ACCEPT_DATE":1185840000000,"Property_ID":"A1370","Current_OM_Inspector":"Nick Nelson","Day_Swept":"1/3 Wed.","Time_Swept":"12pm - 4pm","Road_Closed":"0","Charge_Number":"ER19500","STREETLIGHT_INSEPCT_STATUS":"Complete","SECONDARY_ISLAND_INFO":null,"LAFCO_ISLAND_NUMBER":null}},{"type":"Feature","id":3214,"geometry":{"type":"LineString","coordinates":[[-117.64739073229984,33.54071982625311],[-117.64809609353451,33.540826462358531],[-117.6481776671671,33.540835273769552],[-117.64825969228144,33.540837217765187],[-117.64834159175376,33.540832280667615],[-117.64889942312212,33.540775058365398]]},"properties":{"BASE_THIK":null,"BASE_TYPE":"NS","BIKELANETYPE":"0","DIST":"5","SHLTYPE":"CG","FEDCLS":"LOC","Inactive":"N","KEYNUM":"212500","LANES":"2","YEARMAIN":1502928000000,"LIMITS":"SNOW BUSH STREET TO END","LASTTYPEMNT":"SC","MEDIANTYPE":"0","GIS_MILES":0.0900000036,"MPAHCLS":"L","OBJECTID":3214,"PAVE_THIK":0.5,"PAVE_TYPE":"AC","PAVE_W":"","PAVE_WFT":35.899999999999999,"ROADNAME":"SEA GRAPE ROAD","SERVICE_AREA":"LADERA RANCH","TRACTNO":"TR 16351","STATECLS":"M","STATUS":"M","THMSCOR":"E3","THMSPGE":"952","TRACT_ACCEPT_DATE":1185840000000,"Property_ID":"A1030","Current_OM_Inspector":"Nick Nelson","Day_Swept":"1/3 Wed.","Time_Swept":"12pm - 4pm","Road_Closed":"0","Charge_Number":"ER19500","STREETLIGHT_INSEPCT_STATUS":"Complete","SECONDARY_ISLAND_INFO":null,"LAFCO_ISLAND_NUMBER":null}},{"type":"Feature","id":3296,"geometry":{"type":"LineString","coordinates":[[-117.64899255936768,33.541075226236202],[-117.64896008568422,33.54100331435496],[-117.64893362626069,33.540928978914636],[-117.64891335978493,33.540852721923208],[-117.64889942312212,33.540775058365398],[-117.64889277187521,33.540706814160103],[-117.64889119687962,33.540638264688695],[-117.6488947067989,33.540569787020019],[-117.6489032823261,33.54050175782794],[-117.64891687628999,33.540434551319422],[-117.64899961456315,33.540090205170245],[-117.64902826143803,33.539971040791976],[-117.64903752381598,33.539903703131372],[-117.64903983050453,33.539835770581234],[-117.64903515717168,33.539767959725616],[-117.64902355311391,33.539700985864862],[-117.64900514073619,33.53963555547034],[-117.64898011426084,33.539572358732201],[-117.64894873767872,33.539512062278952],[-117.64891134196458,33.539455302145548],[-117.64886832158574,33.53940267706421],[-117.64882013034114,33.53935474214871],[-117.64876727657438,33.539312003038773],[-117.64871031781148,33.539274910566348],[-117.64864985487992,33.539243856000056],[-117.64858652557075,33.539219166917846],[-117.64820575135458,33.539062055589334],[-117.64817674079222,33.539111358963019]]},"properties":{"BASE_THIK":null,"BASE_TYPE":"NS","BIKELANETYPE":"0","DIST":"5","SHLTYPE":"EC","FEDCLS":"LOC","Inactive":"N","KEYNUM":"221995","LANES":"2","YEARMAIN":1502928000000,"LIMITS":"41' SE/O CLARIN ST. TO END","LASTTYPEMNT":"SC","MEDIANTYPE":"0","GIS_MILES":0.170000002,"MPAHCLS":"L","OBJECTID":3296,"PAVE_THIK":0.5,"PAVE_TYPE":"AC","PAVE_W":"V","PAVE_WFT":28.899999999999999,"ROADNAME":"SNOW BUSH STREET","SERVICE_AREA":"LADERA RANCH","TRACTNO":"TR 16351","STATECLS":"M","STATUS":"M","THMSCOR":"D3","THMSPGE":"952","TRACT_ACCEPT_DATE":1185840000000,"Property_ID":"A1077","Current_OM_Inspector":"Nick Nelson","Day_Swept":"1/3 Wed.","Time_Swept":"12pm - 4pm","Road_Closed":"0","Charge_Number":"ER19500","STREETLIGHT_INSEPCT_STATUS":"Complete","SECONDARY_ISLAND_INFO":null,"LAFCO_ISLAND_NUMBER":null}},{"type":"Feature","id":2216,"geometry":{"type":"LineString","coordinates":[[-117.64691827029002,33.537427419831751],[-117.64683519689663,33.537436159797267],[-117.6467516798829,33.537437735901065],[-117.64666833588214,33.537432136506261],[-117.64658578025025,33.53741940295501],[-117.64650462252233,33.53739962926327],[-117.64565877545495,33.537152493147126],[-117.64567552682176,33.537112288124781]]},"properties":{"BASE_THIK":null,"BASE_TYPE":"NS","BIKELANETYPE":"0","DIST":"5","SHLTYPE":"CG","FEDCLS":"LOC","Inactive":"N","KEYNUM":"64888","LANES":"2","YEARMAIN":1550188800000,"LIMITS":"EPONA WAY TO END","LASTTYPEMNT":"OL","MEDIANTYPE":"0","GIS_MILES":0.0799999982,"MPAHCLS":"L","OBJECTID":2216,"PAVE_THIK":0.5,"PAVE_TYPE":"AC","PAVE_W":"","PAVE_WFT":36,"ROADNAME":"COPIOUS LANE","SERVICE_AREA":"LADERA RANCH","TRACTNO":"TR 16354","STATECLS":"M","STATUS":"M","THMSCOR":"E3","THMSPGE":"952","TRACT_ACCEPT_DATE":1179187200000,"Property_ID":"A1461","Current_OM_Inspector":"Nick Nelson","Day_Swept":"1/3 Wed.","Time_Swept":"12pm - 4pm","Road_Closed":"0","Charge_Number":"ER19500","STREETLIGHT_INSEPCT_STATUS":"Complete","SECONDARY_ISLAND_INFO":null,"LAFCO_ISLAND_NUMBER":null}},{"type":"Feature","id":2366,"geometry":{"type":"LineString","coordinates":[[-117.64691164626569,33.534877962707327],[-117.64692829460922,33.534862137439518],[-117.6472256996439,33.535081533827757],[-117.64729597815861,33.535135685247077],[-117.64736381091566,33.535192870585341],[-117.64742906704522,33.535252979514787],[-117.64744121263745,33.535265916905288],[-117.64745098879516,33.535280726301764],[-117.64745811242042,33.535296978853772],[-117.64746237722731,33.535314203919967],[-117.6474636597156,33.535331902696967],[-117.64746192274697,33.535349562663662],[-117.64745721662057,33.535366672422796],[-117.64744967761636,33.535382736510044],[-117.64743952404883,33.535397289741638],[-117.64742704994492,33.535409910685154],[-117.64726278524189,33.535561433841742],[-117.64718514035144,33.535637148605659],[-117.64711218366845,33.535717390595281],[-117.64704417866712,33.535801870026411],[-117.64698137093924,33.535890281811874],[-117.64693391443822,33.535966204076686],[-117.64686112995254,33.536089875927892],[-117.64682836961192,33.53614995833022],[-117.64680068388202,33.536212541357848],[-117.64677826196863,33.536277197314945],[-117.64676125710434,33.536343484339142],[-117.64674978550133,33.53641094942131],[-117.64674392555715,33.536479131501366],[-117.64674371731897,33.536547564619255],[-117.64674916220991,33.5366157810993],[-117.64676051230403,33.536683155306058],[-117.64691827029002,33.537427419831751],[-117.64692771097954,33.537471811769379],[-117.64693681040995,33.537530279001444],[-117.64694002704445,33.537589362587333],[-117.64693732873964,33.537648472112878],[-117.64692874245931,33.537707016904697],[-117.64691435400499,33.537764411932713],[-117.64689430715853,33.537820083656293],[-117.64686880224531,33.537873475755525],[-117.64683809413243,33.537924054690492],[-117.6468261011848,33.537942237081914],[-117.64676104502104,33.538040867115221]]},"properties":{"BASE_THIK":null,"BASE_TYPE":"NS","BIKELANETYPE":"0","DIST":"5","SHLTYPE":"CG","FEDCLS":"LOC","Inactive":"N","KEYNUM":"87470","LANES":"2","YEARMAIN":1550188800000,"LIMITS":"41' SW/O NARROW CANYON RD. TO END","LASTTYPEMNT":"OL","MEDIANTYPE":"0","GIS_MILES":0.25,"MPAHCLS":"L","OBJECTID":2366,"PAVE_THIK":0.5,"PAVE_TYPE":"AC","PAVE_W":"V","PAVE_WFT":29.800000000000001,"ROADNAME":"EPONA WAY","SERVICE_AREA":"LADERA RANCH","TRACTNO":"TR 16354","STATECLS":"M","STATUS":"M","THMSCOR":"E3","THMSPGE":"952","TRACT_ACCEPT_DATE":1179187200000,"Property_ID":"A1574","Current_OM_Inspector":"Nick Nelson","Day_Swept":"1/3 Wed.","Time_Swept":"12pm - 4pm","Road_Closed":"0","Charge_Number":"ER19500","STREETLIGHT_INSEPCT_STATUS":"Complete","SECONDARY_ISLAND_INFO":null,"LAFCO_ISLAND_NUMBER":null}},{"type":"Feature","id":2449,"geometry":{"type":"LineString","coordinates":[[-117.64588840306199,33.53625667740306],[-117.64587896952209,33.536284486586609],[-117.64594898957563,33.536303797366202],[-117.64601716844884,33.536328844428994],[-117.64608303709721,33.536359455460783],[-117.64614614236973,33.536395419869415],[-117.6462060501263,33.536436490233541],[-117.6462690114441,33.536479056177512],[-117.64633531589564,33.536516200582632],[-117.64640449776887,33.536547662552451],[-117.64647607114114,33.536573221103012],[-117.64654953329236,33.53659269671509],[-117.64662436823589,33.536605952595025],[-117.64670005034284,33.536612895635614],[-117.64674916220991,33.5366157810993]]},"properties":{"BASE_THIK":null,"BASE_TYPE":"NS","BIKELANETYPE":"0","DIST":"5","SHLTYPE":"CG","FEDCLS":"LOC","Inactive":"N","KEYNUM":"99790","LANES":"2","YEARMAIN":1550188800000,"LIMITS":"EPONA WAY TO END","LASTTYPEMNT":"OL","MEDIANTYPE":"0","GIS_MILES":0.0599999987,"MPAHCLS":"L","OBJECTID":2449,"PAVE_THIK":0.5,"PAVE_TYPE":"AC","PAVE_W":"","PAVE_WFT":35.899999999999999,"ROADNAME":"GALORA LANE","SERVICE_AREA":"LADERA RANCH","TRACTNO":"TR 16354","STATECLS":"M","STATUS":"M","THMSCOR":"E3","THMSPGE":"952","TRACT_ACCEPT_DATE":1179187200000,"Property_ID":"A1656","Current_OM_Inspector":"Nick Nelson","Day_Swept":"1/3 Wed.","Time_Swept":"12pm - 4pm","Road_Closed":"0","Charge_Number":"ER19500","STREETLIGHT_INSEPCT_STATUS":"Complete","SECONDARY_ISLAND_INFO":null,"LAFCO_ISLAND_NUMBER":null}},{"type":"Feature","id":2594,"geometry":{"type":"LineString","coordinates":[[-117.64628123660957,33.535461060760788],[-117.64667619105569,33.535739024583748],[-117.64672432112604,33.535770391633228],[-117.64677446660887,33.53579842422171],[-117.64682639685475,33.535822993410342],[-117.64698137093924,33.535890281811874]]},"properties":{"BASE_THIK":null,"BASE_TYPE":"NS","BIKELANETYPE":"0","DIST":"5","SHLTYPE":"CG","FEDCLS":"LOC","Inactive":"N","KEYNUM":"117050","LANES":"2","YEARMAIN":1550188800000,"LIMITS":"EPONA WAY TO END","LASTTYPEMNT":"OL","MEDIANTYPE":"0","GIS_MILES":0.0500000007,"MPAHCLS":"L","OBJECTID":2594,"PAVE_THIK":0.5,"PAVE_TYPE":"AC","PAVE_W":"","PAVE_WFT":35.799999999999997,"ROADNAME":"ILLUMINATA LANE","SERVICE_AREA":"LADERA RANCH","TRACTNO":"TR 16354","STATECLS":"M","STATUS":"M","THMSCOR":"E3","THMSPGE":"952","TRACT_ACCEPT_DATE":1179187200000,"Property_ID":"A0586","Current_OM_Inspector":"Nick Nelson","Day_Swept":"1/3 Wed.","Time_Swept":"12pm - 4pm","Road_Closed":"0","Charge_Number":"ER19500","STREETLIGHT_INSEPCT_STATUS":"Complete","SECONDARY_ISLAND_INFO":null,"LAFCO_ISLAND_NUMBER":null}},{"type":"Feature","id":2192,"geometry":{"type":"LineString","coordinates":[[-117.64386675107893,33.535467055315358],[-117.64389424832717,33.535460169797595],[-117.64392251445585,33.535458040247001],[-117.64395073296114,33.535460728178414],[-117.64503981333593,33.535658427167355],[-117.64503134375362,33.535691118196503]]},"properties":{"BASE_THIK":null,"BASE_TYPE":"NS","BIKELANETYPE":"0","DIST":"5","SHLTYPE":"CG","FEDCLS":"LOC","Inactive":"N","KEYNUM":"61760","LANES":"2","YEARMAIN":1502928000000,"LIMITS":"ETHEREAL ST. TO END","LASTTYPEMNT":"SC","MEDIANTYPE":"0","GIS_MILES":0.0700000003,"MPAHCLS":"L","OBJECTID":2192,"PAVE_THIK":0.5,"PAVE_TYPE":"AC","PAVE_W":"","PAVE_WFT":36.100000000000001,"ROADNAME":"CITRUS LANE","SERVICE_AREA":"LADERA RANCH","TRACTNO":"TR 16355","STATECLS":"M","STATUS":"M","THMSCOR":"E3","THMSPGE":"952","TRACT_ACCEPT_DATE":1158019200000,"Property_ID":"A1440","Current_OM_Inspector":"Nick Nelson","Day_Swept":"1/3 Wed.","Time_Swept":"12pm - 4pm","Road_Closed":"0","Charge_Number":"ER19500","STREETLIGHT_INSEPCT_STATUS":"Complete","SECONDARY_ISLAND_INFO":null,"LAFCO_ISLAND_NUMBER":null}},{"type":"Feature","id":2381,"geometry":{"type":"LineString","coordinates":[[-117.64386675107893,33.535467055315358],[-117.64384661088569,33.53547533662438],[-117.64382813553402,33.535486863499237],[-117.64381184340854,33.535501312516871],[-117.64379819163655,33.535518278264256],[-117.6437875632618,33.535537284713513],[-117.64357556475264,33.536046184047031],[-117.64357389202489,33.536050198272456],[-117.64338284974119,33.536508741665848],[-117.64336400657798,33.536560239422727],[-117.64335013243803,33.536613292151252],[-117.64334135239797,33.536667421576333],[-117.64333774561061,33.53672213971636],[-117.6433393445915,33.536776953282413],[-117.64334573691337,33.536828271168332],[-117.64335666780281,33.536878817215161],[-117.64337205063327,33.536928190849025],[-117.64339722426517,33.536998159046284],[-117.64341914018148,33.537062825526085],[-117.64343888019371,33.537128189070309],[-117.6434585104993,33.537193486192066],[-117.64348053666362,33.537258245221629],[-117.64348088256772,33.537259206185482]]},"properties":{"BASE_THIK":null,"BASE_TYPE":"NS","BIKELANETYPE":"0","DIST":"5","SHLTYPE":"CG","FEDCLS":"LOC","Inactive":"N","KEYNUM":"88835","LANES":"2","YEARMAIN":1502928000000,"LIMITS":"CITRUS LN. TO 181' N'LY/O MELODY LN.","LASTTYPEMNT":"SC","MEDIANTYPE":"0","GIS_MILES":0.129999995,"MPAHCLS":"L","OBJECTID":2381,"PAVE_THIK":0.55000000000000004,"PAVE_TYPE":"AC","PAVE_W":"","PAVE_WFT":29.899999999999999,"ROADNAME":"ETHEREAL STREET","SERVICE_AREA":"LADERA RANCH","TRACTNO":"TR 16355","STATECLS":"M","STATUS":"M","THMSCOR":"E3","THMSPGE":"952","TRACT_ACCEPT_DATE":1158019200000,"Property_ID":"A1584","Current_OM_Inspector":"Nick Nelson","Day_Swept":"1/3 Wed.","Time_Swept":"12pm - 4pm","Road_Closed":"0","Charge_Number":"ER19500","STREETLIGHT_INSEPCT_STATUS":"Complete","SECONDARY_ISLAND_INFO":null,"LAFCO_ISLAND_NUMBER":null}},{"type":"Feature","id":2383,"geometry":{"type":"LineString","coordinates":[[-117.64351545365983,33.538142815756132],[-117.6435334271722,33.538018847061792],[-117.64355738134735,33.537895893892589],[-117.64358726000728,33.537774244601579],[-117.64362299307979,33.53765418448392],[-117.64348088256772,33.537259206185482],[-117.64348053666362,33.537258245221629]]},"properties":{"BASE_THIK":null,"BASE_TYPE":"NS","BIKELANETYPE":"0","DIST":"5","SHLTYPE":"WC","FEDCLS":"LOC","Inactive":"N","KEYNUM":"88840","LANES":"1","YEARMAIN":1502928000000,"LIMITS":"181' N'LY TO 208' N'LY/O MELODY LN.","LASTTYPEMNT":"SC","MEDIANTYPE":"0","GIS_MILES":0.0599999987,"MPAHCLS":"L","OBJECTID":2383,"PAVE_THIK":0.59999999999999998,"PAVE_TYPE":"AC","PAVE_W":"H","PAVE_WFT":15.1,"ROADNAME":"ETHEREAL STREET (W1/2)","SERVICE_AREA":"LADERA RANCH","TRACTNO":"TR 16355","STATECLS":"M","STATUS":"M","THMSCOR":"E3","THMSPGE":"952","TRACT_ACCEPT_DATE":1158019200000,"Property_ID":"A1584","Current_OM_Inspector":"Nick Nelson","Day_Swept":"1/3 Tues.","Time_Swept":"8am - 12pm","Road_Closed":"0","Charge_Number":"ER19500","STREETLIGHT_INSEPCT_STATUS":"Complete","SECONDARY_ISLAND_INFO":null,"LAFCO_ISLAND_NUMBER":null}},{"type":"Feature","id":2779,"geometry":{"type":"LineString","coordinates":[[-117.64402875692872,33.536818213347146],[-117.64402777232763,33.53682270409417],[-117.64397158869285,33.537059803536941],[-117.64397077848473,33.537082031793183],[-117.64397368121753,33.537104084592443],[-117.64398021582794,33.537125346075918],[-117.64399019982677,33.537145222483552],[-117.64400335439529,33.537163158735666],[-117.64401931217166,33.537178653934468],[-117.64403762751012,33.537191275352384],[-117.64405778892628,33.53720067051664],[-117.64407923338116,33.537206577052629],[-117.64410136200496,33.537208830011132],[-117.64412355682134,33.53720736647476],[-117.6443588528855,33.537197811687989],[-117.64438128849,33.537195729948344],[-117.64440308606032,33.537190024169085],[-117.64442366422699,33.537180846530752],[-117.64444247414362,33.537168441812867],[-117.6444590141253,33.53715314086535],[-117.64447284302928,33.537135351784322],[-117.64454168281107,33.53701913498741],[-117.644543506644,33.537016156029871]]},"properties":{"BASE_THIK":null,"BASE_TYPE":"NS","BIKELANETYPE":"0","DIST":"5","SHLTYPE":"CG","FEDCLS":"LOC","Inactive":"N","KEYNUM":"145950","LANES":"2","YEARMAIN":1550188800000,"LIMITS":"MELODY LN. E AND W TO ENDS","LASTTYPEMNT":"OL","MEDIANTYPE":"PLNT","GIS_MILES":0.0599999987,"MPAHCLS":"L","OBJECTID":2779,"PAVE_THIK":0.5,"PAVE_TYPE":"AC","PAVE_W":"","PAVE_WFT":39.200000000000003,"ROADNAME":"LULLABY CIRCLE","SERVICE_AREA":"LADERA RANCH","TRACTNO":"TR 16355","STATECLS":"M","STATUS":"M","THMSCOR":"E3","THMSPGE":"952","TRACT_ACCEPT_DATE":1158019200000,"Property_ID":"A0708","Current_OM_Inspector":"Nick Nelson","Day_Swept":"1/3 Wed.","Time_Swept":"12pm - 4pm","Road_Closed":"0","Charge_Number":"ER19500","STREETLIGHT_INSEPCT_STATUS":"Complete","SECONDARY_ISLAND_INFO":null,"LAFCO_ISLAND_NUMBER":null}},{"type":"Feature","id":2858,"geometry":{"type":"LineString","coordinates":[[-117.6433393445915,33.536776953282413],[-117.64347506591636,33.5367694703287],[-117.64358564998004,33.536766474140926],[-117.64369622558922,33.536769767609741],[-117.64380643529807,33.536779340088707],[-117.64391592284363,33.536795160633908],[-117.64402433429733,33.536817178103981],[-117.64402875692872,33.536818213347146],[-117.64411987944021,33.536842125367535],[-117.64420965106036,33.536870693759759],[-117.64429783401881,33.536903842857171],[-117.64438419475293,33.536941484860606],[-117.64453831986246,33.537013728098366],[-117.644543506644,33.537016156029871],[-117.64474449205706,33.537110328632799]]},"properties":{"BASE_THIK":null,"BASE_TYPE":"NS","BIKELANETYPE":"0","DIST":"5","SHLTYPE":"CG","FEDCLS":"LOC","Inactive":"N","KEYNUM":"157100","LANES":"2","YEARMAIN":1550188800000,"LIMITS":"ETHEREAL ST. TO END","LASTTYPEMNT":"OL","MEDIANTYPE":"0","GIS_MILES":0.0900000036,"MPAHCLS":"L","OBJECTID":2858,"PAVE_THIK":0.5,"PAVE_TYPE":"AC","PAVE_W":"V","PAVE_WFT":36.299999999999997,"ROADNAME":"MELODY LANE","SERVICE_AREA":"LADERA RANCH","TRACTNO":"TR 16355","STATECLS":"M","STATUS":"M","THMSCOR":"E3","THMSPGE":"952","TRACT_ACCEPT_DATE":1158019200000,"Property_ID":"A0766","Current_OM_Inspector":"Nick Nelson","Day_Swept":"1/3 Wed.","Time_Swept":"12pm - 4pm","Road_Closed":"0","Charge_Number":"ER19500","STREETLIGHT_INSEPCT_STATUS":"Complete","SECONDARY_ISLAND_INFO":null,"LAFCO_ISLAND_NUMBER":null}},{"type":"Feature","id":3354,"geometry":{"type":"LineString","coordinates":[[-117.64487274283016,33.536360356961147],[-117.64481160063799,33.536326379779275],[-117.64474802650454,33.536297205370879],[-117.64468239699002,33.536273006540881],[-117.64461510082903,33.536253926622983],[-117.64454653662801,33.53624007863074],[-117.64385169257186,33.536124456488714],[-117.64379608081816,33.536113503809787],[-117.64374122148115,33.536099253144307],[-117.6435787203376,33.536051760100754]]},"properties":{"BASE_THIK":null,"BASE_TYPE":"NS","BIKELANETYPE":"0","DIST":"5","SHLTYPE":"CG","FEDCLS":"LOC","Inactive":"N","KEYNUM":"232600","LANES":"2","YEARMAIN":1502928000000,"LIMITS":"ETHEREAL ST. TO END","LASTTYPEMNT":"SC","MEDIANTYPE":"0","GIS_MILES":0.0799999982,"MPAHCLS":"L","OBJECTID":3354,"PAVE_THIK":0.5,"PAVE_TYPE":"AC","PAVE_W":"","PAVE_WFT":36.100000000000001,"ROADNAME":"TANGO LANE","SERVICE_AREA":"LADERA RANCH","TRACTNO":"TR 16355","STATECLS":"M","STATUS":"M","THMSCOR":"E3","THMSPGE":"952","TRACT_ACCEPT_DATE":1158019200000,"Property_ID":"A1135","Current_OM_Inspector":"Nick Nelson","Day_Swept":"1/3 Wed.","Time_Swept":"12pm - 4pm","Road_Closed":"0","Charge_Number":"ER19500","STREETLIGHT_INSEPCT_STATUS":"Complete","SECONDARY_ISLAND_INFO":null,"LAFCO_ISLAND_NUMBER":null}}]}